step,q_t,repair_rate,corruption_rate,empirical_mu,entropy_mean,answer_changed_rate,hidden_shift_mean,n_examples,hazard_mu
1,0.0,0.0,0.0,-0.05000000000000001,0.70703125,0.0,0.0,6,-0.05
2,0.0,0.0,0.0,-0.05000000000000001,0.22428385416666666,0.0,54.403727213541664,6,-0.05
