repeat,task_id,step,latency_ms
0,gsm8k_test_00215_ffc8fac5,1,0.0676
0,gsm8k_test_00215_ffc8fac5,2,0.466
0,gsm8k_test_00255_f62f9313,1,0.0343
0,gsm8k_test_00255_f62f9313,2,0.1623
0,gsm8k_test_01106_a7b8cc0f,1,0.0349
0,gsm8k_test_01106_a7b8cc0f,2,0.1846
0,gsm8k_test_00073_61963453,1,0.0333
0,gsm8k_test_00073_61963453,2,0.2511
0,gsm8k_test_00500_347dd970,1,0.0319
0,gsm8k_test_00500_347dd970,2,0.2961
0,gsm8k_test_00339_e85f8fac,1,0.0208
0,gsm8k_test_00339_e85f8fac,2,0.1248
0,gsm8k_test_00508_b698b79e,1,0.0321
0,gsm8k_test_00508_b698b79e,2,0.1488
0,gsm8k_test_00658_4cfceb7f,1,0.029
0,gsm8k_test_00658_4cfceb7f,2,0.2133
0,gsm8k_test_00369_a962d6e4,1,0.0233
0,gsm8k_test_00369_a962d6e4,2,0.1218
0,gsm8k_test_01131_1821fbe3,1,0.0193
0,gsm8k_test_01131_1821fbe3,2,0.1009
0,gsm8k_test_01115_de408347,1,0.0171
0,gsm8k_test_01115_de408347,2,0.0897
0,gsm8k_test_00857_9ac256be,1,0.0192
0,gsm8k_test_00857_9ac256be,2,0.1322
0,gsm8k_test_01088_a5a07975,1,0.0157
0,gsm8k_test_01088_a5a07975,2,0.1466
0,gsm8k_test_00244_41946f32,1,0.0191
0,gsm8k_test_00244_41946f32,2,0.1697
0,gsm8k_test_01017_8f65effa,1,0.0159
0,gsm8k_test_01017_8f65effa,2,0.1446
0,gsm8k_test_00844_e5790a05,1,0.0159
0,gsm8k_test_00844_e5790a05,2,0.0793
0,gsm8k_test_00483_6ac6556f,1,0.0147
0,gsm8k_test_00483_6ac6556f,2,0.0671
0,gsm8k_test_00907_31c0f791,1,0.0145
0,gsm8k_test_00907_31c0f791,2,0.0972
0,gsm8k_test_00257_a7b9c6ad,1,0.0147
0,gsm8k_test_00257_a7b9c6ad,2,0.0724
0,gsm8k_test_01032_528db496,1,0.0141
0,gsm8k_test_01032_528db496,2,0.1666
0,gsm8k_test_01212_942edef3,1,0.0148
0,gsm8k_test_01212_942edef3,2,0.0771
0,gsm8k_test_00493_ff7f7a50,1,0.016
0,gsm8k_test_00493_ff7f7a50,2,0.0693
0,gsm8k_test_00476_530143bc,1,0.0143
0,gsm8k_test_00476_530143bc,2,0.0955
0,gsm8k_test_01061_46437934,1,0.0144
0,gsm8k_test_01061_46437934,2,0.064
0,gsm8k_test_00524_2ca46751,1,0.0143
0,gsm8k_test_00524_2ca46751,2,0.1
0,gsm8k_test_00881_9c3e1462,1,0.0155
0,gsm8k_test_00881_9c3e1462,2,0.0812
0,gsm8k_test_00879_22a8d3e2,1,0.0144
0,gsm8k_test_00879_22a8d3e2,2,0.0852
0,gsm8k_test_00773_2a63721b,1,0.0142
0,gsm8k_test_00773_2a63721b,2,0.0781
0,gsm8k_test_00435_2db4b8f3,1,0.0144
0,gsm8k_test_00435_2db4b8f3,2,0.1128
0,gsm8k_test_00418_9dc873fd,1,0.0147
0,gsm8k_test_00418_9dc873fd,2,0.0885
0,gsm8k_test_00431_5a59e693,1,0.0143
0,gsm8k_test_00431_5a59e693,2,0.0656
0,gsm8k_test_00274_8ad9c225,1,0.0165
0,gsm8k_test_00274_8ad9c225,2,0.0953
0,gsm8k_test_00510_fa7b7d0d,1,0.0142
0,gsm8k_test_00510_fa7b7d0d,2,0.0974
0,gsm8k_test_01031_1e5fbd2e,1,0.0147
0,gsm8k_test_01031_1e5fbd2e,2,0.0742
0,gsm8k_test_00085_bebacd2d,1,0.0154
0,gsm8k_test_00085_bebacd2d,2,0.0836
0,gsm8k_test_00477_acf3bbda,1,0.0165
0,gsm8k_test_00477_acf3bbda,2,0.0674
0,gsm8k_test_00450_9d1539f5,1,0.0141
0,gsm8k_test_00450_9d1539f5,2,0.0681
0,gsm8k_test_00120_3ea258aa,1,0.0141
0,gsm8k_test_00120_3ea258aa,2,0.0822
0,gsm8k_test_01179_74219b79,1,0.0143
0,gsm8k_test_01179_74219b79,2,0.0667
0,gsm8k_test_00902_a6cf7cc1,1,0.014
0,gsm8k_test_00902_a6cf7cc1,2,0.0681
0,gsm8k_test_01051_51548cd5,1,0.014
0,gsm8k_test_01051_51548cd5,2,0.0808
0,gsm8k_test_00249_3c77f17a,1,0.0142
0,gsm8k_test_00249_3c77f17a,2,0.0689
0,gsm8k_test_00347_22e2357c,1,0.0143
0,gsm8k_test_00347_22e2357c,2,0.0919
0,gsm8k_test_01086_87c2dae5,1,0.0146
0,gsm8k_test_01086_87c2dae5,2,0.0788
0,gsm8k_test_00323_e8fd8c2c,1,0.0141
0,gsm8k_test_00323_e8fd8c2c,2,0.0836
0,gsm8k_test_00604_67b9756f,1,0.0141
0,gsm8k_test_00604_67b9756f,2,0.0861
0,gsm8k_test_00011_eb5fcd08,1,0.0149
0,gsm8k_test_00011_eb5fcd08,2,0.0768
0,gsm8k_test_01078_626c598e,1,0.0142
0,gsm8k_test_01078_626c598e,2,0.0794
0,gsm8k_test_00848_2343423f,1,0.015
0,gsm8k_test_00848_2343423f,2,0.1031
0,gsm8k_test_00241_c3ad555a,1,0.0142
0,gsm8k_test_00241_c3ad555a,2,0.0629
0,gsm8k_test_00757_56918e68,1,0.0183
0,gsm8k_test_00757_56918e68,2,0.0749
0,gsm8k_test_00743_f7828584,1,0.0151
0,gsm8k_test_00743_f7828584,2,0.0793
0,gsm8k_test_00904_017cd46a,1,0.0144
0,gsm8k_test_00904_017cd46a,2,0.1139
0,gsm8k_test_00331_796ada94,1,0.0165
0,gsm8k_test_00331_796ada94,2,0.1031
0,gsm8k_test_00663_5181789e,1,0.0146
0,gsm8k_test_00663_5181789e,2,0.0759
0,gsm8k_test_00761_3e0b56bd,1,0.021
0,gsm8k_test_00761_3e0b56bd,2,0.079
0,gsm8k_test_00281_03fb10d6,1,0.0141
0,gsm8k_test_00281_03fb10d6,2,0.1507
0,gsm8k_test_00277_cc59173f,1,0.0168
0,gsm8k_test_00277_cc59173f,2,0.1261
0,gsm8k_test_00146_7d6e6c59,1,0.0145
0,gsm8k_test_00146_7d6e6c59,2,0.0842
0,gsm8k_test_00433_84c4dcad,1,0.0153
0,gsm8k_test_00433_84c4dcad,2,0.0781
0,gsm8k_test_00854_91656af4,1,0.0165
0,gsm8k_test_00854_91656af4,2,0.0741
0,gsm8k_test_00020_ff69618a,1,0.0142
0,gsm8k_test_00020_ff69618a,2,0.0882
0,gsm8k_test_00910_1943aa9b,1,0.0141
0,gsm8k_test_00910_1943aa9b,2,0.085
0,gsm8k_test_00268_52b4e246,1,0.0141
0,gsm8k_test_00268_52b4e246,2,0.0755
0,gsm8k_test_00548_34620e87,1,0.0139
0,gsm8k_test_00548_34620e87,2,0.0686
0,gsm8k_test_00080_80005895,1,0.016
0,gsm8k_test_00080_80005895,2,0.0977
0,gsm8k_test_00343_ed40523b,1,0.0147
0,gsm8k_test_00343_ed40523b,2,0.0823
0,gsm8k_test_00577_edd373a6,1,0.0139
0,gsm8k_test_00577_edd373a6,2,0.0664
0,gsm8k_test_00559_4bf74031,1,0.0141
0,gsm8k_test_00559_4bf74031,2,0.0644
0,gsm8k_test_01021_381bd36c,1,0.0139
0,gsm8k_test_01021_381bd36c,2,0.0889
0,gsm8k_test_00301_1bab74b7,1,0.0166
0,gsm8k_test_00301_1bab74b7,2,0.0877
0,gsm8k_test_00473_8db92231,1,0.0154
0,gsm8k_test_00473_8db92231,2,0.0868
0,gsm8k_test_00217_c9e36708,1,0.0141
0,gsm8k_test_00217_c9e36708,2,0.0986
0,gsm8k_test_00309_9807d6af,1,0.0141
0,gsm8k_test_00309_9807d6af,2,0.064
0,gsm8k_test_00815_66561af1,1,0.014
0,gsm8k_test_00815_66561af1,2,0.112
0,gsm8k_test_00620_864f5666,1,0.0151
0,gsm8k_test_00620_864f5666,2,0.0845
0,gsm8k_test_00537_0a6cb6b4,1,0.0143
0,gsm8k_test_00537_0a6cb6b4,2,0.0776
0,gsm8k_test_01140_9022fd81,1,0.0143
0,gsm8k_test_01140_9022fd81,2,0.0814
0,gsm8k_test_00460_6ef4718b,1,0.0153
0,gsm8k_test_00460_6ef4718b,2,0.0852
0,gsm8k_test_01307_36cb7728,1,0.0144
0,gsm8k_test_01307_36cb7728,2,0.0673
0,gsm8k_test_00049_2c2c57ad,1,0.014
0,gsm8k_test_00049_2c2c57ad,2,0.12
0,gsm8k_test_00870_ff9fb8f2,1,0.016
0,gsm8k_test_00870_ff9fb8f2,2,0.0826
0,gsm8k_test_00816_52b20c27,1,0.0198
0,gsm8k_test_00816_52b20c27,2,0.0893
0,gsm8k_test_00936_a1f79cfc,1,0.0152
0,gsm8k_test_00936_a1f79cfc,2,0.089
0,gsm8k_test_00828_2f7755e1,1,0.0149
0,gsm8k_test_00828_2f7755e1,2,0.0887
0,gsm8k_test_01244_b58f9541,1,0.0148
0,gsm8k_test_01244_b58f9541,2,0.0944
0,gsm8k_test_01151_92815c9d,1,0.0146
0,gsm8k_test_01151_92815c9d,2,0.0982
0,gsm8k_test_01134_36c6bd38,1,0.0155
0,gsm8k_test_01134_36c6bd38,2,0.0647
0,gsm8k_test_00502_52aedfd3,1,0.0141
0,gsm8k_test_00502_52aedfd3,2,0.0742
0,gsm8k_test_00764_4e686855,1,0.0143
0,gsm8k_test_00764_4e686855,2,0.071
0,gsm8k_test_00865_a9462d35,1,0.0145
0,gsm8k_test_00865_a9462d35,2,0.1552
0,gsm8k_test_00488_74ec858e,1,0.0146
0,gsm8k_test_00488_74ec858e,2,0.0695
0,gsm8k_test_00457_2c6abaf1,1,0.0141
0,gsm8k_test_00457_2c6abaf1,2,0.0725
0,gsm8k_test_01239_e15c4625,1,0.0139
0,gsm8k_test_01239_e15c4625,2,0.0738
0,gsm8k_test_00489_a289e9a6,1,0.0139
0,gsm8k_test_00489_a289e9a6,2,0.1253
0,gsm8k_test_00751_f1f9462a,1,0.0144
0,gsm8k_test_00751_f1f9462a,2,0.0666
0,gsm8k_test_00132_77a67df7,1,0.0144
0,gsm8k_test_00132_77a67df7,2,0.1301
0,gsm8k_test_00335_60add6c9,1,0.0146
0,gsm8k_test_00335_60add6c9,2,0.0873
0,gsm8k_test_00003_2bcc778b,1,0.0143
0,gsm8k_test_00003_2bcc778b,2,0.0729
0,gsm8k_test_00054_0deb5903,1,0.0143
0,gsm8k_test_00054_0deb5903,2,0.0902
1,gsm8k_test_00215_ffc8fac5,1,0.0156
1,gsm8k_test_00215_ffc8fac5,2,0.0846
1,gsm8k_test_00255_f62f9313,1,0.0147
1,gsm8k_test_00255_f62f9313,2,0.0629
1,gsm8k_test_01106_a7b8cc0f,1,0.0288
1,gsm8k_test_01106_a7b8cc0f,2,0.1713
1,gsm8k_test_00073_61963453,1,0.04
1,gsm8k_test_00073_61963453,2,0.2492
1,gsm8k_test_00500_347dd970,1,0.0222
1,gsm8k_test_00500_347dd970,2,0.2253
1,gsm8k_test_00339_e85f8fac,1,0.019
1,gsm8k_test_00339_e85f8fac,2,0.1099
1,gsm8k_test_00508_b698b79e,1,0.0183
1,gsm8k_test_00508_b698b79e,2,0.1214
1,gsm8k_test_00658_4cfceb7f,1,0.0185
1,gsm8k_test_00658_4cfceb7f,2,0.1563
1,gsm8k_test_00369_a962d6e4,1,0.0185
1,gsm8k_test_00369_a962d6e4,2,0.0965
1,gsm8k_test_01131_1821fbe3,1,0.0149
1,gsm8k_test_01131_1821fbe3,2,0.176
1,gsm8k_test_01115_de408347,1,0.0185
1,gsm8k_test_01115_de408347,2,0.0953
1,gsm8k_test_00857_9ac256be,1,0.0153
1,gsm8k_test_00857_9ac256be,2,0.1135
1,gsm8k_test_01088_a5a07975,1,0.015
1,gsm8k_test_01088_a5a07975,2,0.0917
1,gsm8k_test_00244_41946f32,1,0.0143
1,gsm8k_test_00244_41946f32,2,0.1441
1,gsm8k_test_01017_8f65effa,1,0.0144
1,gsm8k_test_01017_8f65effa,2,0.0966
1,gsm8k_test_00844_e5790a05,1,0.0152
1,gsm8k_test_00844_e5790a05,2,0.0774
1,gsm8k_test_00483_6ac6556f,1,0.0139
1,gsm8k_test_00483_6ac6556f,2,0.1327
1,gsm8k_test_00907_31c0f791,1,0.0401
1,gsm8k_test_00907_31c0f791,2,0.2593
1,gsm8k_test_00257_a7b9c6ad,1,0.0287
1,gsm8k_test_00257_a7b9c6ad,2,0.1442
1,gsm8k_test_01032_528db496,1,0.0292
1,gsm8k_test_01032_528db496,2,0.359
1,gsm8k_test_01212_942edef3,1,0.0377
1,gsm8k_test_01212_942edef3,2,0.2563
1,gsm8k_test_00493_ff7f7a50,1,0.0329
1,gsm8k_test_00493_ff7f7a50,2,0.1519
1,gsm8k_test_00476_530143bc,1,0.0318
1,gsm8k_test_00476_530143bc,2,0.2276
1,gsm8k_test_01061_46437934,1,0.0322
1,gsm8k_test_01061_46437934,2,0.1535
1,gsm8k_test_00524_2ca46751,1,0.03
1,gsm8k_test_00524_2ca46751,2,0.2327
1,gsm8k_test_00881_9c3e1462,1,0.0341
1,gsm8k_test_00881_9c3e1462,2,0.1745
1,gsm8k_test_00879_22a8d3e2,1,0.0305
1,gsm8k_test_00879_22a8d3e2,2,0.1804
1,gsm8k_test_00773_2a63721b,1,0.029
1,gsm8k_test_00773_2a63721b,2,0.1944
1,gsm8k_test_00435_2db4b8f3,1,0.0298
1,gsm8k_test_00435_2db4b8f3,2,0.245
1,gsm8k_test_00418_9dc873fd,1,0.0294
1,gsm8k_test_00418_9dc873fd,2,0.231
1,gsm8k_test_00431_5a59e693,1,0.0317
1,gsm8k_test_00431_5a59e693,2,0.1507
1,gsm8k_test_00274_8ad9c225,1,0.0289
1,gsm8k_test_00274_8ad9c225,2,0.2224
1,gsm8k_test_00510_fa7b7d0d,1,0.0322
1,gsm8k_test_00510_fa7b7d0d,2,0.2189
1,gsm8k_test_01031_1e5fbd2e,1,0.0312
1,gsm8k_test_01031_1e5fbd2e,2,0.1599
1,gsm8k_test_00085_bebacd2d,1,0.0828
1,gsm8k_test_00085_bebacd2d,2,0.2167
1,gsm8k_test_00477_acf3bbda,1,0.0328
1,gsm8k_test_00477_acf3bbda,2,0.1565
1,gsm8k_test_00450_9d1539f5,1,0.0308
1,gsm8k_test_00450_9d1539f5,2,0.1538
1,gsm8k_test_00120_3ea258aa,1,0.031
1,gsm8k_test_00120_3ea258aa,2,0.1798
1,gsm8k_test_01179_74219b79,1,0.0319
1,gsm8k_test_01179_74219b79,2,0.1484
1,gsm8k_test_00902_a6cf7cc1,1,0.0307
1,gsm8k_test_00902_a6cf7cc1,2,0.1554
1,gsm8k_test_01051_51548cd5,1,0.0328
1,gsm8k_test_01051_51548cd5,2,0.15
1,gsm8k_test_00249_3c77f17a,1,0.0307
1,gsm8k_test_00249_3c77f17a,2,0.1944
1,gsm8k_test_00347_22e2357c,1,0.031
1,gsm8k_test_00347_22e2357c,2,0.2114
1,gsm8k_test_01086_87c2dae5,1,0.0306
1,gsm8k_test_01086_87c2dae5,2,0.1812
1,gsm8k_test_00323_e8fd8c2c,1,0.0307
1,gsm8k_test_00323_e8fd8c2c,2,0.2053
1,gsm8k_test_00604_67b9756f,1,0.0286
1,gsm8k_test_00604_67b9756f,2,0.1937
1,gsm8k_test_00011_eb5fcd08,1,0.0324
1,gsm8k_test_00011_eb5fcd08,2,0.1753
1,gsm8k_test_01078_626c598e,1,0.0288
1,gsm8k_test_01078_626c598e,2,0.1521
1,gsm8k_test_00848_2343423f,1,0.0294
1,gsm8k_test_00848_2343423f,2,0.2869
1,gsm8k_test_00241_c3ad555a,1,0.0379
1,gsm8k_test_00241_c3ad555a,2,0.1603
1,gsm8k_test_00757_56918e68,1,0.0295
1,gsm8k_test_00757_56918e68,2,0.17
1,gsm8k_test_00743_f7828584,1,0.0302
1,gsm8k_test_00743_f7828584,2,0.1728
1,gsm8k_test_00904_017cd46a,1,0.0296
1,gsm8k_test_00904_017cd46a,2,0.2872
1,gsm8k_test_00331_796ada94,1,0.0287
1,gsm8k_test_00331_796ada94,2,0.2083
1,gsm8k_test_00663_5181789e,1,0.0265
1,gsm8k_test_00663_5181789e,2,0.1697
1,gsm8k_test_00761_3e0b56bd,1,0.025
1,gsm8k_test_00761_3e0b56bd,2,0.1646
1,gsm8k_test_00281_03fb10d6,1,0.0249
1,gsm8k_test_00281_03fb10d6,2,0.2623
1,gsm8k_test_00277_cc59173f,1,0.0244
1,gsm8k_test_00277_cc59173f,2,0.2505
1,gsm8k_test_00146_7d6e6c59,1,0.025
1,gsm8k_test_00146_7d6e6c59,2,0.1672
1,gsm8k_test_00433_84c4dcad,1,0.0288
1,gsm8k_test_00433_84c4dcad,2,0.1694
1,gsm8k_test_00854_91656af4,1,0.0281
1,gsm8k_test_00854_91656af4,2,0.2012
1,gsm8k_test_00020_ff69618a,1,0.0291
1,gsm8k_test_00020_ff69618a,2,0.2018
1,gsm8k_test_00910_1943aa9b,1,0.0282
1,gsm8k_test_00910_1943aa9b,2,0.2398
1,gsm8k_test_00268_52b4e246,1,0.0333
1,gsm8k_test_00268_52b4e246,2,0.244
1,gsm8k_test_00548_34620e87,1,0.0294
1,gsm8k_test_00548_34620e87,2,0.1473
1,gsm8k_test_00080_80005895,1,0.0287
1,gsm8k_test_00080_80005895,2,0.2145
1,gsm8k_test_00343_ed40523b,1,0.0276
1,gsm8k_test_00343_ed40523b,2,0.182
1,gsm8k_test_00577_edd373a6,1,0.0281
1,gsm8k_test_00577_edd373a6,2,0.1503
1,gsm8k_test_00559_4bf74031,1,0.0293
1,gsm8k_test_00559_4bf74031,2,0.1353
1,gsm8k_test_01021_381bd36c,1,0.0274
1,gsm8k_test_01021_381bd36c,2,0.2053
1,gsm8k_test_00301_1bab74b7,1,0.0296
1,gsm8k_test_00301_1bab74b7,2,0.1679
1,gsm8k_test_00473_8db92231,1,0.0297
1,gsm8k_test_00473_8db92231,2,0.14
1,gsm8k_test_00217_c9e36708,1,0.0302
1,gsm8k_test_00217_c9e36708,2,0.2215
1,gsm8k_test_00309_9807d6af,1,0.028
1,gsm8k_test_00309_9807d6af,2,0.1361
1,gsm8k_test_00815_66561af1,1,0.028
1,gsm8k_test_00815_66561af1,2,0.2081
1,gsm8k_test_00620_864f5666,1,0.0343
1,gsm8k_test_00620_864f5666,2,0.1925
1,gsm8k_test_00537_0a6cb6b4,1,0.028
1,gsm8k_test_00537_0a6cb6b4,2,0.1683
1,gsm8k_test_01140_9022fd81,1,0.028
1,gsm8k_test_01140_9022fd81,2,0.2128
1,gsm8k_test_00460_6ef4718b,1,0.0315
1,gsm8k_test_00460_6ef4718b,2,0.1831
1,gsm8k_test_01307_36cb7728,1,0.0308
1,gsm8k_test_01307_36cb7728,2,0.1552
1,gsm8k_test_00049_2c2c57ad,1,0.0328
1,gsm8k_test_00049_2c2c57ad,2,0.2316
1,gsm8k_test_00870_ff9fb8f2,1,0.0285
1,gsm8k_test_00870_ff9fb8f2,2,0.1749
1,gsm8k_test_00816_52b20c27,1,0.0283
1,gsm8k_test_00816_52b20c27,2,0.1548
1,gsm8k_test_00936_a1f79cfc,1,0.026
1,gsm8k_test_00936_a1f79cfc,2,0.1734
1,gsm8k_test_00828_2f7755e1,1,0.0257
1,gsm8k_test_00828_2f7755e1,2,0.1884
1,gsm8k_test_01244_b58f9541,1,0.0255
1,gsm8k_test_01244_b58f9541,2,0.188
1,gsm8k_test_01151_92815c9d,1,0.025
1,gsm8k_test_01151_92815c9d,2,0.1555
1,gsm8k_test_01134_36c6bd38,1,0.0258
1,gsm8k_test_01134_36c6bd38,2,0.1225
1,gsm8k_test_00502_52aedfd3,1,0.0247
1,gsm8k_test_00502_52aedfd3,2,0.1415
1,gsm8k_test_00764_4e686855,1,0.0242
1,gsm8k_test_00764_4e686855,2,0.1364
1,gsm8k_test_00865_a9462d35,1,0.025
1,gsm8k_test_00865_a9462d35,2,0.3298
1,gsm8k_test_00488_74ec858e,1,0.0243
1,gsm8k_test_00488_74ec858e,2,0.1348
1,gsm8k_test_00457_2c6abaf1,1,0.0245
1,gsm8k_test_00457_2c6abaf1,2,0.1429
1,gsm8k_test_01239_e15c4625,1,0.0356
1,gsm8k_test_01239_e15c4625,2,0.1749
1,gsm8k_test_00489_a289e9a6,1,0.03
1,gsm8k_test_00489_a289e9a6,2,0.2761
1,gsm8k_test_00751_f1f9462a,1,0.0339
1,gsm8k_test_00751_f1f9462a,2,0.146
1,gsm8k_test_00132_77a67df7,1,0.028
1,gsm8k_test_00132_77a67df7,2,0.3029
1,gsm8k_test_00335_60add6c9,1,0.0317
1,gsm8k_test_00335_60add6c9,2,0.1984
1,gsm8k_test_00003_2bcc778b,1,0.0272
1,gsm8k_test_00003_2bcc778b,2,0.164
1,gsm8k_test_00054_0deb5903,1,0.0299
1,gsm8k_test_00054_0deb5903,2,0.2129
2,gsm8k_test_00215_ffc8fac5,1,0.0291
2,gsm8k_test_00215_ffc8fac5,2,0.1829
2,gsm8k_test_00255_f62f9313,1,0.0282
2,gsm8k_test_00255_f62f9313,2,0.1379
2,gsm8k_test_01106_a7b8cc0f,1,0.0291
2,gsm8k_test_01106_a7b8cc0f,2,0.1975
2,gsm8k_test_00073_61963453,1,0.0316
2,gsm8k_test_00073_61963453,2,0.2151
2,gsm8k_test_00500_347dd970,1,0.0284
2,gsm8k_test_00500_347dd970,2,0.31
2,gsm8k_test_00339_e85f8fac,1,0.0295
2,gsm8k_test_00339_e85f8fac,2,0.1635
2,gsm8k_test_00508_b698b79e,1,0.0272
2,gsm8k_test_00508_b698b79e,2,0.2111
2,gsm8k_test_00658_4cfceb7f,1,0.0323
2,gsm8k_test_00658_4cfceb7f,2,0.2242
2,gsm8k_test_00369_a962d6e4,1,0.03
2,gsm8k_test_00369_a962d6e4,2,0.1644
2,gsm8k_test_01131_1821fbe3,1,0.0299
2,gsm8k_test_01131_1821fbe3,2,0.2245
2,gsm8k_test_01115_de408347,1,0.0304
2,gsm8k_test_01115_de408347,2,0.1663
2,gsm8k_test_00857_9ac256be,1,0.0282
2,gsm8k_test_00857_9ac256be,2,0.1936
2,gsm8k_test_01088_a5a07975,1,0.0278
2,gsm8k_test_01088_a5a07975,2,0.188
2,gsm8k_test_00244_41946f32,1,0.0276
2,gsm8k_test_00244_41946f32,2,0.3379
2,gsm8k_test_01017_8f65effa,1,0.0285
2,gsm8k_test_01017_8f65effa,2,0.2169
2,gsm8k_test_00844_e5790a05,1,0.0294
2,gsm8k_test_00844_e5790a05,2,0.1708
2,gsm8k_test_00483_6ac6556f,1,0.0309
2,gsm8k_test_00483_6ac6556f,2,0.1466
2,gsm8k_test_00907_31c0f791,1,0.0278
2,gsm8k_test_00907_31c0f791,2,0.2082
2,gsm8k_test_00257_a7b9c6ad,1,0.0277
2,gsm8k_test_00257_a7b9c6ad,2,0.1561
2,gsm8k_test_01032_528db496,1,0.0302
2,gsm8k_test_01032_528db496,2,0.373
2,gsm8k_test_01212_942edef3,1,0.0423
2,gsm8k_test_01212_942edef3,2,0.1772
2,gsm8k_test_00493_ff7f7a50,1,0.0342
2,gsm8k_test_00493_ff7f7a50,2,0.1359
2,gsm8k_test_00476_530143bc,1,0.0299
2,gsm8k_test_00476_530143bc,2,0.1774
2,gsm8k_test_01061_46437934,1,0.029
2,gsm8k_test_01061_46437934,2,0.133
2,gsm8k_test_00524_2ca46751,1,0.029
2,gsm8k_test_00524_2ca46751,2,0.1883
2,gsm8k_test_00881_9c3e1462,1,0.0298
2,gsm8k_test_00881_9c3e1462,2,0.1562
2,gsm8k_test_00879_22a8d3e2,1,0.0292
2,gsm8k_test_00879_22a8d3e2,2,0.1779
2,gsm8k_test_00773_2a63721b,1,0.0344
2,gsm8k_test_00773_2a63721b,2,0.1391
2,gsm8k_test_00435_2db4b8f3,1,0.0394
2,gsm8k_test_00435_2db4b8f3,2,0.2623
2,gsm8k_test_00418_9dc873fd,1,0.0377
2,gsm8k_test_00418_9dc873fd,2,0.2282
2,gsm8k_test_00431_5a59e693,1,0.0316
2,gsm8k_test_00431_5a59e693,2,0.1946
2,gsm8k_test_00274_8ad9c225,1,0.0332
2,gsm8k_test_00274_8ad9c225,2,0.239
2,gsm8k_test_00510_fa7b7d0d,1,0.0364
2,gsm8k_test_00510_fa7b7d0d,2,0.2042
2,gsm8k_test_01031_1e5fbd2e,1,0.029
2,gsm8k_test_01031_1e5fbd2e,2,0.18
2,gsm8k_test_00085_bebacd2d,1,0.0347
2,gsm8k_test_00085_bebacd2d,2,0.2325
2,gsm8k_test_00477_acf3bbda,1,0.0216
2,gsm8k_test_00477_acf3bbda,2,0.1066
2,gsm8k_test_00450_9d1539f5,1,0.0187
2,gsm8k_test_00450_9d1539f5,2,0.0955
2,gsm8k_test_00120_3ea258aa,1,0.018
2,gsm8k_test_00120_3ea258aa,2,0.083
2,gsm8k_test_01179_74219b79,1,0.0201
2,gsm8k_test_01179_74219b79,2,0.0741
2,gsm8k_test_00902_a6cf7cc1,1,0.016
2,gsm8k_test_00902_a6cf7cc1,2,0.0667
2,gsm8k_test_01051_51548cd5,1,0.0138
2,gsm8k_test_01051_51548cd5,2,0.0634
2,gsm8k_test_00249_3c77f17a,1,0.0136
2,gsm8k_test_00249_3c77f17a,2,0.0673
2,gsm8k_test_00347_22e2357c,1,0.0139
2,gsm8k_test_00347_22e2357c,2,0.0877
2,gsm8k_test_01086_87c2dae5,1,0.0137
2,gsm8k_test_01086_87c2dae5,2,0.0769
2,gsm8k_test_00323_e8fd8c2c,1,0.014
2,gsm8k_test_00323_e8fd8c2c,2,0.0821
2,gsm8k_test_00604_67b9756f,1,0.0139
2,gsm8k_test_00604_67b9756f,2,0.0747
2,gsm8k_test_00011_eb5fcd08,1,0.0137
2,gsm8k_test_00011_eb5fcd08,2,0.0719
2,gsm8k_test_01078_626c598e,1,0.0136
2,gsm8k_test_01078_626c598e,2,0.0781
2,gsm8k_test_00848_2343423f,1,0.0141
2,gsm8k_test_00848_2343423f,2,0.0927
2,gsm8k_test_00241_c3ad555a,1,0.0134
2,gsm8k_test_00241_c3ad555a,2,0.0614
2,gsm8k_test_00757_56918e68,1,0.0136
2,gsm8k_test_00757_56918e68,2,0.0755
2,gsm8k_test_00743_f7828584,1,0.017
2,gsm8k_test_00743_f7828584,2,0.0767
2,gsm8k_test_00904_017cd46a,1,0.0138
2,gsm8k_test_00904_017cd46a,2,0.1089
2,gsm8k_test_00331_796ada94,1,0.0139
2,gsm8k_test_00331_796ada94,2,0.0956
2,gsm8k_test_00663_5181789e,1,0.0135
2,gsm8k_test_00663_5181789e,2,0.0722
2,gsm8k_test_00761_3e0b56bd,1,0.0136
2,gsm8k_test_00761_3e0b56bd,2,0.0751
2,gsm8k_test_00281_03fb10d6,1,0.0195
2,gsm8k_test_00281_03fb10d6,2,0.13
2,gsm8k_test_00277_cc59173f,1,0.0142
2,gsm8k_test_00277_cc59173f,2,0.1189
2,gsm8k_test_00146_7d6e6c59,1,0.0139
2,gsm8k_test_00146_7d6e6c59,2,0.0776
2,gsm8k_test_00433_84c4dcad,1,0.0145
2,gsm8k_test_00433_84c4dcad,2,0.0746
2,gsm8k_test_00854_91656af4,1,0.014
2,gsm8k_test_00854_91656af4,2,0.0772
2,gsm8k_test_00020_ff69618a,1,0.0139
2,gsm8k_test_00020_ff69618a,2,0.0849
2,gsm8k_test_00910_1943aa9b,1,0.0135
2,gsm8k_test_00910_1943aa9b,2,0.0812
2,gsm8k_test_00268_52b4e246,1,0.0135
2,gsm8k_test_00268_52b4e246,2,0.0701
2,gsm8k_test_00548_34620e87,1,0.0204
2,gsm8k_test_00548_34620e87,2,0.0734
2,gsm8k_test_00080_80005895,1,0.0139
2,gsm8k_test_00080_80005895,2,0.0986
2,gsm8k_test_00343_ed40523b,1,0.0138
2,gsm8k_test_00343_ed40523b,2,0.082
2,gsm8k_test_00577_edd373a6,1,0.0137
2,gsm8k_test_00577_edd373a6,2,0.0655
2,gsm8k_test_00559_4bf74031,1,0.0136
2,gsm8k_test_00559_4bf74031,2,0.0708
2,gsm8k_test_01021_381bd36c,1,0.0135
2,gsm8k_test_01021_381bd36c,2,0.0833
2,gsm8k_test_00301_1bab74b7,1,0.0134
2,gsm8k_test_00301_1bab74b7,2,0.0735
2,gsm8k_test_00473_8db92231,1,0.0157
2,gsm8k_test_00473_8db92231,2,0.0653
2,gsm8k_test_00217_c9e36708,1,0.0134
2,gsm8k_test_00217_c9e36708,2,0.0973
2,gsm8k_test_00309_9807d6af,1,0.0137
2,gsm8k_test_00309_9807d6af,2,0.0656
2,gsm8k_test_00815_66561af1,1,0.0156
2,gsm8k_test_00815_66561af1,2,0.0946
2,gsm8k_test_00620_864f5666,1,0.0137
2,gsm8k_test_00620_864f5666,2,0.0778
2,gsm8k_test_00537_0a6cb6b4,1,0.0148
2,gsm8k_test_00537_0a6cb6b4,2,0.1233
2,gsm8k_test_01140_9022fd81,1,0.0178
2,gsm8k_test_01140_9022fd81,2,0.0846
2,gsm8k_test_00460_6ef4718b,1,0.0164
2,gsm8k_test_00460_6ef4718b,2,0.0874
2,gsm8k_test_01307_36cb7728,1,0.0177
2,gsm8k_test_01307_36cb7728,2,0.0725
2,gsm8k_test_00049_2c2c57ad,1,0.0134
2,gsm8k_test_00049_2c2c57ad,2,0.1149
2,gsm8k_test_00870_ff9fb8f2,1,0.0166
2,gsm8k_test_00870_ff9fb8f2,2,0.0786
2,gsm8k_test_00816_52b20c27,1,0.016
2,gsm8k_test_00816_52b20c27,2,0.0712
2,gsm8k_test_00936_a1f79cfc,1,0.0136
2,gsm8k_test_00936_a1f79cfc,2,0.0825
2,gsm8k_test_00828_2f7755e1,1,0.0137
2,gsm8k_test_00828_2f7755e1,2,0.0794
2,gsm8k_test_01244_b58f9541,1,0.0134
2,gsm8k_test_01244_b58f9541,2,0.0874
2,gsm8k_test_01151_92815c9d,1,0.0136
2,gsm8k_test_01151_92815c9d,2,0.0735
2,gsm8k_test_01134_36c6bd38,1,0.0136
2,gsm8k_test_01134_36c6bd38,2,0.0605
2,gsm8k_test_00502_52aedfd3,1,0.0136
2,gsm8k_test_00502_52aedfd3,2,0.0717
2,gsm8k_test_00764_4e686855,1,0.0136
2,gsm8k_test_00764_4e686855,2,0.068
2,gsm8k_test_00865_a9462d35,1,0.0139
2,gsm8k_test_00865_a9462d35,2,0.148
2,gsm8k_test_00488_74ec858e,1,0.0139
2,gsm8k_test_00488_74ec858e,2,0.0662
2,gsm8k_test_00457_2c6abaf1,1,0.0197
2,gsm8k_test_00457_2c6abaf1,2,0.077
2,gsm8k_test_01239_e15c4625,1,0.0161
2,gsm8k_test_01239_e15c4625,2,0.0736
2,gsm8k_test_00489_a289e9a6,1,0.0137
2,gsm8k_test_00489_a289e9a6,2,0.1211
2,gsm8k_test_00751_f1f9462a,1,0.0138
2,gsm8k_test_00751_f1f9462a,2,0.0684
2,gsm8k_test_00132_77a67df7,1,0.0133
2,gsm8k_test_00132_77a67df7,2,0.1438
2,gsm8k_test_00335_60add6c9,1,0.0164
2,gsm8k_test_00335_60add6c9,2,0.0889
2,gsm8k_test_00003_2bcc778b,1,0.014
2,gsm8k_test_00003_2bcc778b,2,0.0747
2,gsm8k_test_00054_0deb5903,1,0.0139
2,gsm8k_test_00054_0deb5903,2,0.0818
3,gsm8k_test_00215_ffc8fac5,1,0.0145
3,gsm8k_test_00215_ffc8fac5,2,0.087
3,gsm8k_test_00255_f62f9313,1,0.0139
3,gsm8k_test_00255_f62f9313,2,0.0609
3,gsm8k_test_01106_a7b8cc0f,1,0.0135
3,gsm8k_test_01106_a7b8cc0f,2,0.0874
3,gsm8k_test_00073_61963453,1,0.0138
3,gsm8k_test_00073_61963453,2,0.0923
3,gsm8k_test_00500_347dd970,1,0.0136
3,gsm8k_test_00500_347dd970,2,0.1244
3,gsm8k_test_00339_e85f8fac,1,0.014
3,gsm8k_test_00339_e85f8fac,2,0.0697
3,gsm8k_test_00508_b698b79e,1,0.0136
3,gsm8k_test_00508_b698b79e,2,0.0738
3,gsm8k_test_00658_4cfceb7f,1,0.0139
3,gsm8k_test_00658_4cfceb7f,2,0.0937
3,gsm8k_test_00369_a962d6e4,1,0.0139
3,gsm8k_test_00369_a962d6e4,2,0.0745
3,gsm8k_test_01131_1821fbe3,1,0.0138
3,gsm8k_test_01131_1821fbe3,2,0.091
3,gsm8k_test_01115_de408347,1,0.0138
3,gsm8k_test_01115_de408347,2,0.0689
3,gsm8k_test_00857_9ac256be,1,0.0135
3,gsm8k_test_00857_9ac256be,2,0.0825
3,gsm8k_test_01088_a5a07975,1,0.0134
3,gsm8k_test_01088_a5a07975,2,0.0978
3,gsm8k_test_00244_41946f32,1,0.0137
3,gsm8k_test_00244_41946f32,2,0.1329
3,gsm8k_test_01017_8f65effa,1,0.0137
3,gsm8k_test_01017_8f65effa,2,0.0871
3,gsm8k_test_00844_e5790a05,1,0.0136
3,gsm8k_test_00844_e5790a05,2,0.0692
3,gsm8k_test_00483_6ac6556f,1,0.0139
3,gsm8k_test_00483_6ac6556f,2,0.0617
3,gsm8k_test_00907_31c0f791,1,0.0138
3,gsm8k_test_00907_31c0f791,2,0.3094
3,gsm8k_test_00257_a7b9c6ad,1,0.0427
3,gsm8k_test_00257_a7b9c6ad,2,0.2887
3,gsm8k_test_01032_528db496,1,0.0559
3,gsm8k_test_01032_528db496,2,0.4414
3,gsm8k_test_01212_942edef3,1,0.0427
3,gsm8k_test_01212_942edef3,2,0.2661
3,gsm8k_test_00493_ff7f7a50,1,0.053
3,gsm8k_test_00493_ff7f7a50,2,0.2669
3,gsm8k_test_00476_530143bc,1,0.0434
3,gsm8k_test_00476_530143bc,2,0.2876
3,gsm8k_test_01061_46437934,1,0.0436
3,gsm8k_test_01061_46437934,2,0.2429
3,gsm8k_test_00524_2ca46751,1,0.0421
3,gsm8k_test_00524_2ca46751,2,0.3221
3,gsm8k_test_00881_9c3e1462,1,0.0397
3,gsm8k_test_00881_9c3e1462,2,0.3271
3,gsm8k_test_00879_22a8d3e2,1,0.0485
3,gsm8k_test_00879_22a8d3e2,2,0.2747
3,gsm8k_test_00773_2a63721b,1,0.0553
3,gsm8k_test_00773_2a63721b,2,0.2892
3,gsm8k_test_00435_2db4b8f3,1,0.0579
3,gsm8k_test_00435_2db4b8f3,2,0.3491
3,gsm8k_test_00418_9dc873fd,1,0.0535
3,gsm8k_test_00418_9dc873fd,2,0.2895
3,gsm8k_test_00431_5a59e693,1,0.0277
3,gsm8k_test_00431_5a59e693,2,0.3227
3,gsm8k_test_00274_8ad9c225,1,0.0531
3,gsm8k_test_00274_8ad9c225,2,0.3243
3,gsm8k_test_00510_fa7b7d0d,1,0.0427
3,gsm8k_test_00510_fa7b7d0d,2,0.3327
3,gsm8k_test_01031_1e5fbd2e,1,0.039
3,gsm8k_test_01031_1e5fbd2e,2,0.2458
3,gsm8k_test_00085_bebacd2d,1,0.0423
3,gsm8k_test_00085_bebacd2d,2,0.2646
3,gsm8k_test_00477_acf3bbda,1,0.1314
3,gsm8k_test_00477_acf3bbda,2,0.2254
3,gsm8k_test_00450_9d1539f5,1,0.0385
3,gsm8k_test_00450_9d1539f5,2,0.2572
3,gsm8k_test_00120_3ea258aa,1,0.043
3,gsm8k_test_00120_3ea258aa,2,0.2853
3,gsm8k_test_01179_74219b79,1,0.0552
3,gsm8k_test_01179_74219b79,2,0.2224
3,gsm8k_test_00902_a6cf7cc1,1,0.0426
3,gsm8k_test_00902_a6cf7cc1,2,0.3031
3,gsm8k_test_01051_51548cd5,1,0.0353
3,gsm8k_test_01051_51548cd5,2,0.148
3,gsm8k_test_00249_3c77f17a,1,0.0294
3,gsm8k_test_00249_3c77f17a,2,0.1346
3,gsm8k_test_00347_22e2357c,1,0.0282
3,gsm8k_test_00347_22e2357c,2,0.1744
3,gsm8k_test_01086_87c2dae5,1,0.0274
3,gsm8k_test_01086_87c2dae5,2,0.1464
3,gsm8k_test_00323_e8fd8c2c,1,0.0261
3,gsm8k_test_00323_e8fd8c2c,2,0.1627
3,gsm8k_test_00604_67b9756f,1,0.0255
3,gsm8k_test_00604_67b9756f,2,0.143
3,gsm8k_test_00011_eb5fcd08,1,0.0315
3,gsm8k_test_00011_eb5fcd08,2,0.1471
3,gsm8k_test_01078_626c598e,1,0.0273
3,gsm8k_test_01078_626c598e,2,0.1466
3,gsm8k_test_00848_2343423f,1,0.0315
3,gsm8k_test_00848_2343423f,2,0.1905
3,gsm8k_test_00241_c3ad555a,1,0.0296
3,gsm8k_test_00241_c3ad555a,2,0.1266
3,gsm8k_test_00757_56918e68,1,0.0284
3,gsm8k_test_00757_56918e68,2,0.1415
3,gsm8k_test_00743_f7828584,1,0.0295
3,gsm8k_test_00743_f7828584,2,0.1474
3,gsm8k_test_00904_017cd46a,1,0.0291
3,gsm8k_test_00904_017cd46a,2,0.2161
3,gsm8k_test_00331_796ada94,1,0.0289
3,gsm8k_test_00331_796ada94,2,0.1797
3,gsm8k_test_00663_5181789e,1,0.0275
3,gsm8k_test_00663_5181789e,2,0.1557
3,gsm8k_test_00761_3e0b56bd,1,0.0381
3,gsm8k_test_00761_3e0b56bd,2,0.1638
3,gsm8k_test_00281_03fb10d6,1,0.0277
3,gsm8k_test_00281_03fb10d6,2,0.2555
3,gsm8k_test_00277_cc59173f,1,0.0278
3,gsm8k_test_00277_cc59173f,2,0.2393
3,gsm8k_test_00146_7d6e6c59,1,0.028
3,gsm8k_test_00146_7d6e6c59,2,0.1513
3,gsm8k_test_00433_84c4dcad,1,0.0286
3,gsm8k_test_00433_84c4dcad,2,0.1549
3,gsm8k_test_00854_91656af4,1,0.0268
3,gsm8k_test_00854_91656af4,2,0.141
3,gsm8k_test_00020_ff69618a,1,0.0298
3,gsm8k_test_00020_ff69618a,2,0.1685
3,gsm8k_test_00910_1943aa9b,1,0.0305
3,gsm8k_test_00910_1943aa9b,2,0.2061
3,gsm8k_test_00268_52b4e246,1,0.0307
3,gsm8k_test_00268_52b4e246,2,0.151
3,gsm8k_test_00548_34620e87,1,0.0271
3,gsm8k_test_00548_34620e87,2,0.1276
3,gsm8k_test_00080_80005895,1,0.0256
3,gsm8k_test_00080_80005895,2,0.187
3,gsm8k_test_00343_ed40523b,1,0.0272
3,gsm8k_test_00343_ed40523b,2,0.1707
3,gsm8k_test_00577_edd373a6,1,0.0258
3,gsm8k_test_00577_edd373a6,2,0.1202
3,gsm8k_test_00559_4bf74031,1,0.0261
3,gsm8k_test_00559_4bf74031,2,0.1195
3,gsm8k_test_01021_381bd36c,1,0.0263
3,gsm8k_test_01021_381bd36c,2,0.1619
3,gsm8k_test_00301_1bab74b7,1,0.0263
3,gsm8k_test_00301_1bab74b7,2,0.2031
3,gsm8k_test_00473_8db92231,1,0.0345
3,gsm8k_test_00473_8db92231,2,0.1363
3,gsm8k_test_00217_c9e36708,1,0.0265
3,gsm8k_test_00217_c9e36708,2,0.1818
3,gsm8k_test_00309_9807d6af,1,0.0255
3,gsm8k_test_00309_9807d6af,2,0.1206
3,gsm8k_test_00815_66561af1,1,0.0257
3,gsm8k_test_00815_66561af1,2,0.17
3,gsm8k_test_00620_864f5666,1,0.026
3,gsm8k_test_00620_864f5666,2,0.1531
3,gsm8k_test_00537_0a6cb6b4,1,0.0266
3,gsm8k_test_00537_0a6cb6b4,2,0.1341
3,gsm8k_test_01140_9022fd81,1,0.0268
3,gsm8k_test_01140_9022fd81,2,0.135
3,gsm8k_test_00460_6ef4718b,1,0.0275
3,gsm8k_test_00460_6ef4718b,2,0.1502
3,gsm8k_test_01307_36cb7728,1,0.0245
3,gsm8k_test_01307_36cb7728,2,0.1437
3,gsm8k_test_00049_2c2c57ad,1,0.0391
3,gsm8k_test_00049_2c2c57ad,2,0.2262
3,gsm8k_test_00870_ff9fb8f2,1,0.0301
3,gsm8k_test_00870_ff9fb8f2,2,0.154
3,gsm8k_test_00816_52b20c27,1,0.0283
3,gsm8k_test_00816_52b20c27,2,0.1431
3,gsm8k_test_00936_a1f79cfc,1,0.0291
3,gsm8k_test_00936_a1f79cfc,2,0.1641
3,gsm8k_test_00828_2f7755e1,1,0.0279
3,gsm8k_test_00828_2f7755e1,2,0.1592
3,gsm8k_test_01244_b58f9541,1,0.0284
3,gsm8k_test_01244_b58f9541,2,0.1827
3,gsm8k_test_01151_92815c9d,1,0.0297
3,gsm8k_test_01151_92815c9d,2,0.1487
3,gsm8k_test_01134_36c6bd38,1,0.0283
3,gsm8k_test_01134_36c6bd38,2,0.1845
3,gsm8k_test_00502_52aedfd3,1,0.0308
3,gsm8k_test_00502_52aedfd3,2,0.1448
3,gsm8k_test_00764_4e686855,1,0.0281
3,gsm8k_test_00764_4e686855,2,0.1374
3,gsm8k_test_00865_a9462d35,1,0.0294
3,gsm8k_test_00865_a9462d35,2,0.3052
3,gsm8k_test_00488_74ec858e,1,0.0313
3,gsm8k_test_00488_74ec858e,2,0.131
3,gsm8k_test_00457_2c6abaf1,1,0.0331
3,gsm8k_test_00457_2c6abaf1,2,0.1374
3,gsm8k_test_01239_e15c4625,1,0.0272
3,gsm8k_test_01239_e15c4625,2,0.1389
3,gsm8k_test_00489_a289e9a6,1,0.027
3,gsm8k_test_00489_a289e9a6,2,0.2312
3,gsm8k_test_00751_f1f9462a,1,0.0321
3,gsm8k_test_00751_f1f9462a,2,0.1563
3,gsm8k_test_00132_77a67df7,1,0.03
3,gsm8k_test_00132_77a67df7,2,0.2581
3,gsm8k_test_00335_60add6c9,1,0.0291
3,gsm8k_test_00335_60add6c9,2,0.1769
3,gsm8k_test_00003_2bcc778b,1,0.0272
3,gsm8k_test_00003_2bcc778b,2,0.1349
3,gsm8k_test_00054_0deb5903,1,0.0264
3,gsm8k_test_00054_0deb5903,2,0.1599
4,gsm8k_test_00215_ffc8fac5,1,0.0305
4,gsm8k_test_00215_ffc8fac5,2,0.1575
4,gsm8k_test_00255_f62f9313,1,0.0265
4,gsm8k_test_00255_f62f9313,2,0.1239
4,gsm8k_test_01106_a7b8cc0f,1,0.0261
4,gsm8k_test_01106_a7b8cc0f,2,0.1661
4,gsm8k_test_00073_61963453,1,0.0332
4,gsm8k_test_00073_61963453,2,0.1955
4,gsm8k_test_00500_347dd970,1,0.028
4,gsm8k_test_00500_347dd970,2,0.2551
4,gsm8k_test_00339_e85f8fac,1,0.0275
4,gsm8k_test_00339_e85f8fac,2,0.1403
4,gsm8k_test_00508_b698b79e,1,0.0307
4,gsm8k_test_00508_b698b79e,2,0.1348
4,gsm8k_test_00658_4cfceb7f,1,0.0274
4,gsm8k_test_00658_4cfceb7f,2,0.1771
4,gsm8k_test_00369_a962d6e4,1,0.03
4,gsm8k_test_00369_a962d6e4,2,0.1421
4,gsm8k_test_01131_1821fbe3,1,0.027
4,gsm8k_test_01131_1821fbe3,2,0.1618
4,gsm8k_test_01115_de408347,1,0.0276
4,gsm8k_test_01115_de408347,2,0.1661
4,gsm8k_test_00857_9ac256be,1,0.0362
4,gsm8k_test_00857_9ac256be,2,0.1714
4,gsm8k_test_01088_a5a07975,1,0.0311
4,gsm8k_test_01088_a5a07975,2,0.1676
4,gsm8k_test_00244_41946f32,1,0.0273
4,gsm8k_test_00244_41946f32,2,0.2503
4,gsm8k_test_01017_8f65effa,1,0.0296
4,gsm8k_test_01017_8f65effa,2,0.1709
4,gsm8k_test_00844_e5790a05,1,0.0276
4,gsm8k_test_00844_e5790a05,2,0.1386
4,gsm8k_test_00483_6ac6556f,1,0.0271
4,gsm8k_test_00483_6ac6556f,2,0.1157
4,gsm8k_test_00907_31c0f791,1,0.024
4,gsm8k_test_00907_31c0f791,2,0.1636
4,gsm8k_test_00257_a7b9c6ad,1,0.0253
4,gsm8k_test_00257_a7b9c6ad,2,0.1776
4,gsm8k_test_01032_528db496,1,0.0271
4,gsm8k_test_01032_528db496,2,0.2324
4,gsm8k_test_01212_942edef3,1,0.0236
4,gsm8k_test_01212_942edef3,2,0.1241
4,gsm8k_test_00493_ff7f7a50,1,0.024
4,gsm8k_test_00493_ff7f7a50,2,0.112
4,gsm8k_test_00476_530143bc,1,0.0226
4,gsm8k_test_00476_530143bc,2,0.1416
4,gsm8k_test_01061_46437934,1,0.0225
4,gsm8k_test_01061_46437934,2,0.1008
4,gsm8k_test_00524_2ca46751,1,0.0257
4,gsm8k_test_00524_2ca46751,2,0.1475
4,gsm8k_test_00881_9c3e1462,1,0.0225
4,gsm8k_test_00881_9c3e1462,2,0.1191
4,gsm8k_test_00879_22a8d3e2,1,0.0254
4,gsm8k_test_00879_22a8d3e2,2,0.169
4,gsm8k_test_00773_2a63721b,1,0.0288
4,gsm8k_test_00773_2a63721b,2,0.157
4,gsm8k_test_00435_2db4b8f3,1,0.0401
4,gsm8k_test_00435_2db4b8f3,2,0.209
4,gsm8k_test_00418_9dc873fd,1,0.0302
4,gsm8k_test_00418_9dc873fd,2,0.1692
4,gsm8k_test_00431_5a59e693,1,0.029
4,gsm8k_test_00431_5a59e693,2,0.1413
4,gsm8k_test_00274_8ad9c225,1,0.0287
4,gsm8k_test_00274_8ad9c225,2,0.1788
4,gsm8k_test_00510_fa7b7d0d,1,0.0284
4,gsm8k_test_00510_fa7b7d0d,2,0.1542
4,gsm8k_test_01031_1e5fbd2e,1,0.036
4,gsm8k_test_01031_1e5fbd2e,2,0.1512
4,gsm8k_test_00085_bebacd2d,1,0.0302
4,gsm8k_test_00085_bebacd2d,2,0.1681
4,gsm8k_test_00477_acf3bbda,1,0.0282
4,gsm8k_test_00477_acf3bbda,2,0.2001
4,gsm8k_test_00450_9d1539f5,1,0.0317
4,gsm8k_test_00450_9d1539f5,2,0.1311
4,gsm8k_test_00120_3ea258aa,1,0.0287
4,gsm8k_test_00120_3ea258aa,2,0.1545
4,gsm8k_test_01179_74219b79,1,0.0333
4,gsm8k_test_01179_74219b79,2,0.1256
4,gsm8k_test_00902_a6cf7cc1,1,0.0285
4,gsm8k_test_00902_a6cf7cc1,2,0.1279
4,gsm8k_test_01051_51548cd5,1,0.0281
4,gsm8k_test_01051_51548cd5,2,0.1288
4,gsm8k_test_00249_3c77f17a,1,0.0281
4,gsm8k_test_00249_3c77f17a,2,0.1351
4,gsm8k_test_00347_22e2357c,1,0.0285
4,gsm8k_test_00347_22e2357c,2,0.1764
4,gsm8k_test_01086_87c2dae5,1,0.029
4,gsm8k_test_01086_87c2dae5,2,0.1535
4,gsm8k_test_00323_e8fd8c2c,1,0.0287
4,gsm8k_test_00323_e8fd8c2c,2,0.1827
4,gsm8k_test_00604_67b9756f,1,0.0289
4,gsm8k_test_00604_67b9756f,2,0.166
4,gsm8k_test_00011_eb5fcd08,1,0.029
4,gsm8k_test_00011_eb5fcd08,2,0.1467
4,gsm8k_test_01078_626c598e,1,0.0274
4,gsm8k_test_01078_626c598e,2,0.1338
4,gsm8k_test_00848_2343423f,1,0.0304
4,gsm8k_test_00848_2343423f,2,0.1876
4,gsm8k_test_00241_c3ad555a,1,0.0285
4,gsm8k_test_00241_c3ad555a,2,0.1317
4,gsm8k_test_00757_56918e68,1,0.0265
4,gsm8k_test_00757_56918e68,2,0.1357
4,gsm8k_test_00743_f7828584,1,0.0356
4,gsm8k_test_00743_f7828584,2,0.1423
4,gsm8k_test_00904_017cd46a,1,0.0843
4,gsm8k_test_00904_017cd46a,2,0.2494
4,gsm8k_test_00331_796ada94,1,0.0306
4,gsm8k_test_00331_796ada94,2,0.2008
4,gsm8k_test_00663_5181789e,1,0.0298
4,gsm8k_test_00663_5181789e,2,0.1475
4,gsm8k_test_00761_3e0b56bd,1,0.0286
4,gsm8k_test_00761_3e0b56bd,2,0.1405
4,gsm8k_test_00281_03fb10d6,1,0.0286
4,gsm8k_test_00281_03fb10d6,2,0.2421
4,gsm8k_test_00277_cc59173f,1,0.0282
4,gsm8k_test_00277_cc59173f,2,0.2326
4,gsm8k_test_00146_7d6e6c59,1,0.0284
4,gsm8k_test_00146_7d6e6c59,2,0.1582
4,gsm8k_test_00433_84c4dcad,1,0.0313
4,gsm8k_test_00433_84c4dcad,2,0.1791
4,gsm8k_test_00854_91656af4,1,0.0329
4,gsm8k_test_00854_91656af4,2,0.1496
4,gsm8k_test_00020_ff69618a,1,0.0267
4,gsm8k_test_00020_ff69618a,2,0.1691
4,gsm8k_test_00910_1943aa9b,1,0.0265
4,gsm8k_test_00910_1943aa9b,2,0.1581
4,gsm8k_test_00268_52b4e246,1,0.0231
4,gsm8k_test_00268_52b4e246,2,0.1419
4,gsm8k_test_00548_34620e87,1,0.0287
4,gsm8k_test_00548_34620e87,2,0.1161
4,gsm8k_test_00080_80005895,1,0.0259
4,gsm8k_test_00080_80005895,2,0.1745
4,gsm8k_test_00343_ed40523b,1,0.0252
4,gsm8k_test_00343_ed40523b,2,0.1601
4,gsm8k_test_00577_edd373a6,1,0.0268
4,gsm8k_test_00577_edd373a6,2,0.2011
4,gsm8k_test_00559_4bf74031,1,0.0361
4,gsm8k_test_00559_4bf74031,2,0.1393
4,gsm8k_test_01021_381bd36c,1,0.0283
4,gsm8k_test_01021_381bd36c,2,0.1613
4,gsm8k_test_00301_1bab74b7,1,0.0304
4,gsm8k_test_00301_1bab74b7,2,0.1456
4,gsm8k_test_00473_8db92231,1,0.0281
4,gsm8k_test_00473_8db92231,2,0.1261
4,gsm8k_test_00217_c9e36708,1,0.0327
4,gsm8k_test_00217_c9e36708,2,0.1917
4,gsm8k_test_00309_9807d6af,1,0.0284
4,gsm8k_test_00309_9807d6af,2,0.129
4,gsm8k_test_00815_66561af1,1,0.0284
4,gsm8k_test_00815_66561af1,2,0.1881
4,gsm8k_test_00620_864f5666,1,0.0278
4,gsm8k_test_00620_864f5666,2,0.1828
4,gsm8k_test_00537_0a6cb6b4,1,0.0302
4,gsm8k_test_00537_0a6cb6b4,2,0.1475
4,gsm8k_test_01140_9022fd81,1,0.0278
4,gsm8k_test_01140_9022fd81,2,0.1391
4,gsm8k_test_00460_6ef4718b,1,0.0319
4,gsm8k_test_00460_6ef4718b,2,0.1579
4,gsm8k_test_01307_36cb7728,1,0.0289
4,gsm8k_test_01307_36cb7728,2,0.1408
4,gsm8k_test_00049_2c2c57ad,1,0.0325
4,gsm8k_test_00049_2c2c57ad,2,0.2063
4,gsm8k_test_00870_ff9fb8f2,1,0.029
4,gsm8k_test_00870_ff9fb8f2,2,0.1486
4,gsm8k_test_00816_52b20c27,1,0.0278
4,gsm8k_test_00816_52b20c27,2,0.1481
4,gsm8k_test_00936_a1f79cfc,1,0.0281
4,gsm8k_test_00936_a1f79cfc,2,0.2216
4,gsm8k_test_00828_2f7755e1,1,0.0374
4,gsm8k_test_00828_2f7755e1,2,0.1752
4,gsm8k_test_01244_b58f9541,1,0.0286
4,gsm8k_test_01244_b58f9541,2,0.1883
4,gsm8k_test_01151_92815c9d,1,0.0292
4,gsm8k_test_01151_92815c9d,2,0.1709
4,gsm8k_test_01134_36c6bd38,1,0.03
4,gsm8k_test_01134_36c6bd38,2,0.1233
4,gsm8k_test_00502_52aedfd3,1,0.0276
4,gsm8k_test_00502_52aedfd3,2,0.1435
4,gsm8k_test_00764_4e686855,1,0.0266
4,gsm8k_test_00764_4e686855,2,0.134
4,gsm8k_test_00865_a9462d35,1,0.0255
4,gsm8k_test_00865_a9462d35,2,0.3031
4,gsm8k_test_00488_74ec858e,1,0.0289
4,gsm8k_test_00488_74ec858e,2,0.1418
4,gsm8k_test_00457_2c6abaf1,1,0.0239
4,gsm8k_test_00457_2c6abaf1,2,0.1244
4,gsm8k_test_01239_e15c4625,1,0.0228
4,gsm8k_test_01239_e15c4625,2,0.1395
4,gsm8k_test_00489_a289e9a6,1,0.0261
4,gsm8k_test_00489_a289e9a6,2,0.1957
4,gsm8k_test_00751_f1f9462a,1,0.0241
4,gsm8k_test_00751_f1f9462a,2,0.1175
4,gsm8k_test_00132_77a67df7,1,0.0263
4,gsm8k_test_00132_77a67df7,2,0.2524
4,gsm8k_test_00335_60add6c9,1,0.0284
4,gsm8k_test_00335_60add6c9,2,0.1632
4,gsm8k_test_00003_2bcc778b,1,0.0262
4,gsm8k_test_00003_2bcc778b,2,0.139
4,gsm8k_test_00054_0deb5903,1,0.0266
4,gsm8k_test_00054_0deb5903,2,0.246
5,gsm8k_test_00215_ffc8fac5,1,0.0316
5,gsm8k_test_00215_ffc8fac5,2,0.1707
5,gsm8k_test_00255_f62f9313,1,0.0298
5,gsm8k_test_00255_f62f9313,2,0.1308
5,gsm8k_test_01106_a7b8cc0f,1,0.0298
5,gsm8k_test_01106_a7b8cc0f,2,0.1985
5,gsm8k_test_00073_61963453,1,0.0306
5,gsm8k_test_00073_61963453,2,0.1942
5,gsm8k_test_00500_347dd970,1,0.0307
5,gsm8k_test_00500_347dd970,2,0.2694
5,gsm8k_test_00339_e85f8fac,1,0.0331
5,gsm8k_test_00339_e85f8fac,2,0.152
5,gsm8k_test_00508_b698b79e,1,0.0285
5,gsm8k_test_00508_b698b79e,2,0.1809
5,gsm8k_test_00658_4cfceb7f,1,0.0338
5,gsm8k_test_00658_4cfceb7f,2,0.2021
5,gsm8k_test_00369_a962d6e4,1,0.0294
5,gsm8k_test_00369_a962d6e4,2,0.1499
5,gsm8k_test_01131_1821fbe3,1,0.0287
5,gsm8k_test_01131_1821fbe3,2,0.1879
5,gsm8k_test_01115_de408347,1,0.0279
5,gsm8k_test_01115_de408347,2,0.1447
5,gsm8k_test_00857_9ac256be,1,0.0273
5,gsm8k_test_00857_9ac256be,2,0.1712
5,gsm8k_test_01088_a5a07975,1,0.0275
5,gsm8k_test_01088_a5a07975,2,0.1767
5,gsm8k_test_00244_41946f32,1,0.0317
5,gsm8k_test_00244_41946f32,2,0.2663
5,gsm8k_test_01017_8f65effa,1,0.0371
5,gsm8k_test_01017_8f65effa,2,0.2247
5,gsm8k_test_00844_e5790a05,1,0.032
5,gsm8k_test_00844_e5790a05,2,0.1588
5,gsm8k_test_00483_6ac6556f,1,0.0293
5,gsm8k_test_00483_6ac6556f,2,0.1293
5,gsm8k_test_00907_31c0f791,1,0.029
5,gsm8k_test_00907_31c0f791,2,0.1898
5,gsm8k_test_00257_a7b9c6ad,1,0.0326
5,gsm8k_test_00257_a7b9c6ad,2,0.1441
5,gsm8k_test_01032_528db496,1,0.0287
5,gsm8k_test_01032_528db496,2,0.3135
5,gsm8k_test_01212_942edef3,1,0.0294
5,gsm8k_test_01212_942edef3,2,0.1566
5,gsm8k_test_00493_ff7f7a50,1,0.0359
5,gsm8k_test_00493_ff7f7a50,2,0.1376
5,gsm8k_test_00476_530143bc,1,0.0352
5,gsm8k_test_00476_530143bc,2,0.1855
5,gsm8k_test_01061_46437934,1,0.0313
5,gsm8k_test_01061_46437934,2,0.1431
5,gsm8k_test_00524_2ca46751,1,0.0287
5,gsm8k_test_00524_2ca46751,2,0.1929
5,gsm8k_test_00881_9c3e1462,1,0.0279
5,gsm8k_test_00881_9c3e1462,2,0.1448
5,gsm8k_test_00879_22a8d3e2,1,0.0284
5,gsm8k_test_00879_22a8d3e2,2,0.155
5,gsm8k_test_00773_2a63721b,1,0.0339
5,gsm8k_test_00773_2a63721b,2,0.1544
5,gsm8k_test_00435_2db4b8f3,1,0.0279
5,gsm8k_test_00435_2db4b8f3,2,0.2701
5,gsm8k_test_00418_9dc873fd,1,0.0424
5,gsm8k_test_00418_9dc873fd,2,0.2007
5,gsm8k_test_00431_5a59e693,1,0.0295
5,gsm8k_test_00431_5a59e693,2,0.1272
5,gsm8k_test_00274_8ad9c225,1,0.0342
5,gsm8k_test_00274_8ad9c225,2,0.1884
5,gsm8k_test_00510_fa7b7d0d,1,0.0292
5,gsm8k_test_00510_fa7b7d0d,2,0.1659
5,gsm8k_test_01031_1e5fbd2e,1,0.0293
5,gsm8k_test_01031_1e5fbd2e,2,0.1409
5,gsm8k_test_00085_bebacd2d,1,0.0301
5,gsm8k_test_00085_bebacd2d,2,0.1658
5,gsm8k_test_00477_acf3bbda,1,0.0289
5,gsm8k_test_00477_acf3bbda,2,0.1268
5,gsm8k_test_00450_9d1539f5,1,0.0284
5,gsm8k_test_00450_9d1539f5,2,0.1541
5,gsm8k_test_00120_3ea258aa,1,0.0272
5,gsm8k_test_00120_3ea258aa,2,0.1566
5,gsm8k_test_01179_74219b79,1,0.0286
5,gsm8k_test_01179_74219b79,2,0.1262
5,gsm8k_test_00902_a6cf7cc1,1,0.0331
5,gsm8k_test_00902_a6cf7cc1,2,0.1346
5,gsm8k_test_01051_51548cd5,1,0.0324
5,gsm8k_test_01051_51548cd5,2,0.127
5,gsm8k_test_00249_3c77f17a,1,0.0294
5,gsm8k_test_00249_3c77f17a,2,0.1397
5,gsm8k_test_00347_22e2357c,1,0.0279
5,gsm8k_test_00347_22e2357c,2,0.1694
5,gsm8k_test_01086_87c2dae5,1,0.0277
5,gsm8k_test_01086_87c2dae5,2,0.1547
5,gsm8k_test_00323_e8fd8c2c,1,0.0279
5,gsm8k_test_00323_e8fd8c2c,2,0.1641
5,gsm8k_test_00604_67b9756f,1,0.028
5,gsm8k_test_00604_67b9756f,2,0.2318
5,gsm8k_test_00011_eb5fcd08,1,0.0305
5,gsm8k_test_00011_eb5fcd08,2,0.1532
5,gsm8k_test_01078_626c598e,1,0.028
5,gsm8k_test_01078_626c598e,2,0.1318
5,gsm8k_test_00848_2343423f,1,0.0282
5,gsm8k_test_00848_2343423f,2,0.187
5,gsm8k_test_00241_c3ad555a,1,0.0282
5,gsm8k_test_00241_c3ad555a,2,0.1237
5,gsm8k_test_00757_56918e68,1,0.0277
5,gsm8k_test_00757_56918e68,2,0.1437
5,gsm8k_test_00743_f7828584,1,0.0321
5,gsm8k_test_00743_f7828584,2,0.1505
5,gsm8k_test_00904_017cd46a,1,0.0288
5,gsm8k_test_00904_017cd46a,2,0.2206
5,gsm8k_test_00331_796ada94,1,0.0274
5,gsm8k_test_00331_796ada94,2,0.2161
5,gsm8k_test_00663_5181789e,1,0.0329
5,gsm8k_test_00663_5181789e,2,0.167
5,gsm8k_test_00761_3e0b56bd,1,0.028
5,gsm8k_test_00761_3e0b56bd,2,0.1419
5,gsm8k_test_00281_03fb10d6,1,0.0302
5,gsm8k_test_00281_03fb10d6,2,0.2552
5,gsm8k_test_00277_cc59173f,1,0.0282
5,gsm8k_test_00277_cc59173f,2,0.2394
5,gsm8k_test_00146_7d6e6c59,1,0.0287
5,gsm8k_test_00146_7d6e6c59,2,0.157
5,gsm8k_test_00433_84c4dcad,1,0.0278
5,gsm8k_test_00433_84c4dcad,2,0.1435
5,gsm8k_test_00854_91656af4,1,0.0276
5,gsm8k_test_00854_91656af4,2,0.2027
5,gsm8k_test_00020_ff69618a,1,0.0461
5,gsm8k_test_00020_ff69618a,2,0.2015
5,gsm8k_test_00910_1943aa9b,1,0.0295
5,gsm8k_test_00910_1943aa9b,2,0.1683
5,gsm8k_test_00268_52b4e246,1,0.0328
5,gsm8k_test_00268_52b4e246,2,0.1588
5,gsm8k_test_00548_34620e87,1,0.0332
5,gsm8k_test_00548_34620e87,2,0.1363
5,gsm8k_test_00080_80005895,1,0.0278
5,gsm8k_test_00080_80005895,2,0.175
5,gsm8k_test_00343_ed40523b,1,0.0312
5,gsm8k_test_00343_ed40523b,2,0.1662
5,gsm8k_test_00577_edd373a6,1,0.0278
5,gsm8k_test_00577_edd373a6,2,0.135
5,gsm8k_test_00559_4bf74031,1,0.0263
5,gsm8k_test_00559_4bf74031,2,0.1547
5,gsm8k_test_01021_381bd36c,1,0.0305
5,gsm8k_test_01021_381bd36c,2,0.1847
5,gsm8k_test_00301_1bab74b7,1,0.0283
5,gsm8k_test_00301_1bab74b7,2,0.1515
5,gsm8k_test_00473_8db92231,1,0.0266
5,gsm8k_test_00473_8db92231,2,0.1362
5,gsm8k_test_00217_c9e36708,1,0.0317
5,gsm8k_test_00217_c9e36708,2,0.1851
5,gsm8k_test_00309_9807d6af,1,0.0283
5,gsm8k_test_00309_9807d6af,2,0.1309
5,gsm8k_test_00815_66561af1,1,0.0301
5,gsm8k_test_00815_66561af1,2,0.1952
5,gsm8k_test_00620_864f5666,1,0.0291
5,gsm8k_test_00620_864f5666,2,0.165
5,gsm8k_test_00537_0a6cb6b4,1,0.0269
5,gsm8k_test_00537_0a6cb6b4,2,0.207
5,gsm8k_test_01140_9022fd81,1,0.036
5,gsm8k_test_01140_9022fd81,2,0.1625
5,gsm8k_test_00460_6ef4718b,1,0.0302
5,gsm8k_test_00460_6ef4718b,2,0.1611
5,gsm8k_test_01307_36cb7728,1,0.0284
5,gsm8k_test_01307_36cb7728,2,0.1331
5,gsm8k_test_00049_2c2c57ad,1,0.027
5,gsm8k_test_00049_2c2c57ad,2,0.1936
5,gsm8k_test_00870_ff9fb8f2,1,0.0303
5,gsm8k_test_00870_ff9fb8f2,2,0.161
5,gsm8k_test_00816_52b20c27,1,0.0284
5,gsm8k_test_00816_52b20c27,2,0.1417
5,gsm8k_test_00936_a1f79cfc,1,0.0313
5,gsm8k_test_00936_a1f79cfc,2,0.1711
5,gsm8k_test_00828_2f7755e1,1,0.0309
5,gsm8k_test_00828_2f7755e1,2,0.1875
5,gsm8k_test_01244_b58f9541,1,0.0275
5,gsm8k_test_01244_b58f9541,2,0.1817
5,gsm8k_test_01151_92815c9d,1,0.0284
5,gsm8k_test_01151_92815c9d,2,0.1541
5,gsm8k_test_01134_36c6bd38,1,0.0346
5,gsm8k_test_01134_36c6bd38,2,0.1382
5,gsm8k_test_00502_52aedfd3,1,0.028
5,gsm8k_test_00502_52aedfd3,2,0.1415
5,gsm8k_test_00764_4e686855,1,0.0278
5,gsm8k_test_00764_4e686855,2,0.1363
5,gsm8k_test_00865_a9462d35,1,0.0278
5,gsm8k_test_00865_a9462d35,2,0.3056
5,gsm8k_test_00488_74ec858e,1,0.0285
5,gsm8k_test_00488_74ec858e,2,0.1361
5,gsm8k_test_00457_2c6abaf1,1,0.0279
5,gsm8k_test_00457_2c6abaf1,2,0.2344
5,gsm8k_test_01239_e15c4625,1,0.0309
5,gsm8k_test_01239_e15c4625,2,0.1712
5,gsm8k_test_00489_a289e9a6,1,0.0285
5,gsm8k_test_00489_a289e9a6,2,0.2379
5,gsm8k_test_00751_f1f9462a,1,0.0338
5,gsm8k_test_00751_f1f9462a,2,0.1321
5,gsm8k_test_00132_77a67df7,1,0.0271
5,gsm8k_test_00132_77a67df7,2,0.2683
5,gsm8k_test_00335_60add6c9,1,0.0281
5,gsm8k_test_00335_60add6c9,2,0.1766
5,gsm8k_test_00003_2bcc778b,1,0.0267
5,gsm8k_test_00003_2bcc778b,2,0.1468
5,gsm8k_test_00054_0deb5903,1,0.0305
5,gsm8k_test_00054_0deb5903,2,0.1868
6,gsm8k_test_00215_ffc8fac5,1,0.0298
6,gsm8k_test_00215_ffc8fac5,2,0.1546
6,gsm8k_test_00255_f62f9313,1,0.028
6,gsm8k_test_00255_f62f9313,2,0.1284
6,gsm8k_test_01106_a7b8cc0f,1,0.0281
6,gsm8k_test_01106_a7b8cc0f,2,0.1773
6,gsm8k_test_00073_61963453,1,0.0267
6,gsm8k_test_00073_61963453,2,0.1965
6,gsm8k_test_00500_347dd970,1,0.0281
6,gsm8k_test_00500_347dd970,2,0.2678
6,gsm8k_test_00339_e85f8fac,1,0.0291
6,gsm8k_test_00339_e85f8fac,2,0.1469
6,gsm8k_test_00508_b698b79e,1,0.0267
6,gsm8k_test_00508_b698b79e,2,0.1353
6,gsm8k_test_00658_4cfceb7f,1,0.027
6,gsm8k_test_00658_4cfceb7f,2,0.271
6,gsm8k_test_00369_a962d6e4,1,0.0325
6,gsm8k_test_00369_a962d6e4,2,0.1651
6,gsm8k_test_01131_1821fbe3,1,0.0308
6,gsm8k_test_01131_1821fbe3,2,0.1877
6,gsm8k_test_01115_de408347,1,0.0281
6,gsm8k_test_01115_de408347,2,0.1508
6,gsm8k_test_00857_9ac256be,1,0.0283
6,gsm8k_test_00857_9ac256be,2,0.1744
6,gsm8k_test_01088_a5a07975,1,0.0276
6,gsm8k_test_01088_a5a07975,2,0.176
6,gsm8k_test_00244_41946f32,1,0.0275
6,gsm8k_test_00244_41946f32,2,0.2745
6,gsm8k_test_01017_8f65effa,1,0.0287
6,gsm8k_test_01017_8f65effa,2,0.1849
6,gsm8k_test_00844_e5790a05,1,0.0272
6,gsm8k_test_00844_e5790a05,2,0.1491
6,gsm8k_test_00483_6ac6556f,1,0.0288
6,gsm8k_test_00483_6ac6556f,2,0.1244
6,gsm8k_test_00907_31c0f791,1,0.0268
6,gsm8k_test_00907_31c0f791,2,0.1869
6,gsm8k_test_00257_a7b9c6ad,1,0.0342
6,gsm8k_test_00257_a7b9c6ad,2,0.1472
6,gsm8k_test_01032_528db496,1,0.0281
6,gsm8k_test_01032_528db496,2,0.2943
6,gsm8k_test_01212_942edef3,1,0.0325
6,gsm8k_test_01212_942edef3,2,0.1488
6,gsm8k_test_00493_ff7f7a50,1,0.0283
6,gsm8k_test_00493_ff7f7a50,2,0.1199
6,gsm8k_test_00476_530143bc,1,0.0744
6,gsm8k_test_00476_530143bc,2,0.2144
6,gsm8k_test_01061_46437934,1,0.0325
6,gsm8k_test_01061_46437934,2,0.1419
6,gsm8k_test_00524_2ca46751,1,0.0337
6,gsm8k_test_00524_2ca46751,2,0.2016
6,gsm8k_test_00881_9c3e1462,1,0.0293
6,gsm8k_test_00881_9c3e1462,2,0.1459
6,gsm8k_test_00879_22a8d3e2,1,0.0314
6,gsm8k_test_00879_22a8d3e2,2,0.1516
6,gsm8k_test_00773_2a63721b,1,0.0281
6,gsm8k_test_00773_2a63721b,2,0.1462
6,gsm8k_test_00435_2db4b8f3,1,0.0278
6,gsm8k_test_00435_2db4b8f3,2,0.2179
6,gsm8k_test_00418_9dc873fd,1,0.0309
6,gsm8k_test_00418_9dc873fd,2,0.1959
6,gsm8k_test_00431_5a59e693,1,0.0286
6,gsm8k_test_00431_5a59e693,2,0.1253
6,gsm8k_test_00274_8ad9c225,1,0.027
6,gsm8k_test_00274_8ad9c225,2,0.1956
6,gsm8k_test_00510_fa7b7d0d,1,0.028
6,gsm8k_test_00510_fa7b7d0d,2,0.1765
6,gsm8k_test_01031_1e5fbd2e,1,0.0271
6,gsm8k_test_01031_1e5fbd2e,2,0.138
6,gsm8k_test_00085_bebacd2d,1,0.0283
6,gsm8k_test_00085_bebacd2d,2,0.1565
6,gsm8k_test_00477_acf3bbda,1,0.0277
6,gsm8k_test_00477_acf3bbda,2,0.1284
6,gsm8k_test_00450_9d1539f5,1,0.0273
6,gsm8k_test_00450_9d1539f5,2,0.1233
6,gsm8k_test_00120_3ea258aa,1,0.0291
6,gsm8k_test_00120_3ea258aa,2,0.1447
6,gsm8k_test_01179_74219b79,1,0.0454
6,gsm8k_test_01179_74219b79,2,0.1699
6,gsm8k_test_00902_a6cf7cc1,1,0.0323
6,gsm8k_test_00902_a6cf7cc1,2,0.1646
6,gsm8k_test_01051_51548cd5,1,0.0318
6,gsm8k_test_01051_51548cd5,2,0.1496
6,gsm8k_test_00249_3c77f17a,1,0.0338
6,gsm8k_test_00249_3c77f17a,2,0.1587
6,gsm8k_test_00347_22e2357c,1,0.0346
6,gsm8k_test_00347_22e2357c,2,0.2003
6,gsm8k_test_01086_87c2dae5,1,0.0289
6,gsm8k_test_01086_87c2dae5,2,0.1821
6,gsm8k_test_00323_e8fd8c2c,1,0.028
6,gsm8k_test_00323_e8fd8c2c,2,0.2101
6,gsm8k_test_00604_67b9756f,1,0.0291
6,gsm8k_test_00604_67b9756f,2,0.1693
6,gsm8k_test_00011_eb5fcd08,1,0.0345
6,gsm8k_test_00011_eb5fcd08,2,0.1707
6,gsm8k_test_01078_626c598e,1,0.0292
6,gsm8k_test_01078_626c598e,2,0.1481
6,gsm8k_test_00848_2343423f,1,0.0275
6,gsm8k_test_00848_2343423f,2,0.2237
6,gsm8k_test_00241_c3ad555a,1,0.0306
6,gsm8k_test_00241_c3ad555a,2,0.1506
6,gsm8k_test_00757_56918e68,1,0.0304
6,gsm8k_test_00757_56918e68,2,0.1645
6,gsm8k_test_00743_f7828584,1,0.0278
6,gsm8k_test_00743_f7828584,2,0.1672
6,gsm8k_test_00904_017cd46a,1,0.0712
6,gsm8k_test_00904_017cd46a,2,0.276
6,gsm8k_test_00331_796ada94,1,0.0322
6,gsm8k_test_00331_796ada94,2,0.2123
6,gsm8k_test_00663_5181789e,1,0.0277
6,gsm8k_test_00663_5181789e,2,0.1642
6,gsm8k_test_00761_3e0b56bd,1,0.0281
6,gsm8k_test_00761_3e0b56bd,2,0.1653
6,gsm8k_test_00281_03fb10d6,1,0.0302
6,gsm8k_test_00281_03fb10d6,2,0.3143
6,gsm8k_test_00277_cc59173f,1,0.031
6,gsm8k_test_00277_cc59173f,2,0.2804
6,gsm8k_test_00146_7d6e6c59,1,0.0284
6,gsm8k_test_00146_7d6e6c59,2,0.2015
6,gsm8k_test_00433_84c4dcad,1,0.0277
6,gsm8k_test_00433_84c4dcad,2,0.1756
6,gsm8k_test_00854_91656af4,1,0.0298
6,gsm8k_test_00854_91656af4,2,0.1609
6,gsm8k_test_00020_ff69618a,1,0.0273
6,gsm8k_test_00020_ff69618a,2,0.1978
6,gsm8k_test_00910_1943aa9b,1,0.028
6,gsm8k_test_00910_1943aa9b,2,0.1917
6,gsm8k_test_00268_52b4e246,1,0.0291
6,gsm8k_test_00268_52b4e246,2,0.1619
6,gsm8k_test_00548_34620e87,1,0.0286
6,gsm8k_test_00548_34620e87,2,0.1461
6,gsm8k_test_00080_80005895,1,0.0281
6,gsm8k_test_00080_80005895,2,0.2545
6,gsm8k_test_00343_ed40523b,1,0.0336
6,gsm8k_test_00343_ed40523b,2,0.2039
6,gsm8k_test_00577_edd373a6,1,0.032
6,gsm8k_test_00577_edd373a6,2,0.1481
6,gsm8k_test_00559_4bf74031,1,0.0299
6,gsm8k_test_00559_4bf74031,2,0.1395
6,gsm8k_test_01021_381bd36c,1,0.0288
6,gsm8k_test_01021_381bd36c,2,0.1985
6,gsm8k_test_00301_1bab74b7,1,0.0302
6,gsm8k_test_00301_1bab74b7,2,0.1797
6,gsm8k_test_00473_8db92231,1,0.0314
6,gsm8k_test_00473_8db92231,2,0.1467
6,gsm8k_test_00217_c9e36708,1,0.0299
6,gsm8k_test_00217_c9e36708,2,0.2664
6,gsm8k_test_00309_9807d6af,1,0.034
6,gsm8k_test_00309_9807d6af,2,0.1442
6,gsm8k_test_00815_66561af1,1,0.0298
6,gsm8k_test_00815_66561af1,2,0.2122
6,gsm8k_test_00620_864f5666,1,0.0358
6,gsm8k_test_00620_864f5666,2,0.203
6,gsm8k_test_00537_0a6cb6b4,1,0.029
6,gsm8k_test_00537_0a6cb6b4,2,0.1599
6,gsm8k_test_01140_9022fd81,1,0.0283
6,gsm8k_test_01140_9022fd81,2,0.164
6,gsm8k_test_00460_6ef4718b,1,0.0305
6,gsm8k_test_00460_6ef4718b,2,0.1818
6,gsm8k_test_01307_36cb7728,1,0.0278
6,gsm8k_test_01307_36cb7728,2,0.1429
6,gsm8k_test_00049_2c2c57ad,1,0.0278
6,gsm8k_test_00049_2c2c57ad,2,0.2898
6,gsm8k_test_00870_ff9fb8f2,1,0.0342
6,gsm8k_test_00870_ff9fb8f2,2,0.1824
6,gsm8k_test_00816_52b20c27,1,0.0306
6,gsm8k_test_00816_52b20c27,2,0.1781
6,gsm8k_test_00936_a1f79cfc,1,0.032
6,gsm8k_test_00936_a1f79cfc,2,0.1895
6,gsm8k_test_00828_2f7755e1,1,0.0283
6,gsm8k_test_00828_2f7755e1,2,0.1907
6,gsm8k_test_01244_b58f9541,1,0.0285
6,gsm8k_test_01244_b58f9541,2,0.2066
6,gsm8k_test_01151_92815c9d,1,0.0288
6,gsm8k_test_01151_92815c9d,2,0.1658
6,gsm8k_test_01134_36c6bd38,1,0.0274
6,gsm8k_test_01134_36c6bd38,2,0.1534
6,gsm8k_test_00502_52aedfd3,1,0.0278
6,gsm8k_test_00502_52aedfd3,2,0.1605
6,gsm8k_test_00764_4e686855,1,0.0298
6,gsm8k_test_00764_4e686855,2,0.156
6,gsm8k_test_00865_a9462d35,1,0.0282
6,gsm8k_test_00865_a9462d35,2,0.3544
6,gsm8k_test_00488_74ec858e,1,0.0268
6,gsm8k_test_00488_74ec858e,2,0.141
6,gsm8k_test_00457_2c6abaf1,1,0.0252
6,gsm8k_test_00457_2c6abaf1,2,0.1467
6,gsm8k_test_01239_e15c4625,1,0.0259
6,gsm8k_test_01239_e15c4625,2,0.1503
6,gsm8k_test_00489_a289e9a6,1,0.0251
6,gsm8k_test_00489_a289e9a6,2,0.2472
6,gsm8k_test_00751_f1f9462a,1,0.0245
6,gsm8k_test_00751_f1f9462a,2,0.1503
6,gsm8k_test_00132_77a67df7,1,0.0272
6,gsm8k_test_00132_77a67df7,2,0.2785
6,gsm8k_test_00335_60add6c9,1,0.0266
6,gsm8k_test_00335_60add6c9,2,0.1802
6,gsm8k_test_00003_2bcc778b,1,0.0266
6,gsm8k_test_00003_2bcc778b,2,0.1459
6,gsm8k_test_00054_0deb5903,1,0.0264
6,gsm8k_test_00054_0deb5903,2,0.1728
7,gsm8k_test_00215_ffc8fac5,1,0.0281
7,gsm8k_test_00215_ffc8fac5,2,0.1877
7,gsm8k_test_00255_f62f9313,1,0.0301
7,gsm8k_test_00255_f62f9313,2,0.1399
7,gsm8k_test_01106_a7b8cc0f,1,0.0306
7,gsm8k_test_01106_a7b8cc0f,2,0.2291
7,gsm8k_test_00073_61963453,1,0.0296
7,gsm8k_test_00073_61963453,2,0.2092
7,gsm8k_test_00500_347dd970,1,0.0293
7,gsm8k_test_00500_347dd970,2,0.2981
7,gsm8k_test_00339_e85f8fac,1,0.0275
7,gsm8k_test_00339_e85f8fac,2,0.1641
7,gsm8k_test_00508_b698b79e,1,0.0277
7,gsm8k_test_00508_b698b79e,2,0.1511
7,gsm8k_test_00658_4cfceb7f,1,0.0307
7,gsm8k_test_00658_4cfceb7f,2,0.2176
7,gsm8k_test_00369_a962d6e4,1,0.0271
7,gsm8k_test_00369_a962d6e4,2,0.1627
7,gsm8k_test_01131_1821fbe3,1,0.0272
7,gsm8k_test_01131_1821fbe3,2,0.2478
7,gsm8k_test_01115_de408347,1,0.0298
7,gsm8k_test_01115_de408347,2,0.1673
7,gsm8k_test_00857_9ac256be,1,0.0296
7,gsm8k_test_00857_9ac256be,2,0.1912
7,gsm8k_test_01088_a5a07975,1,0.0342
7,gsm8k_test_01088_a5a07975,2,0.2003
7,gsm8k_test_00244_41946f32,1,0.0273
7,gsm8k_test_00244_41946f32,2,0.3116
7,gsm8k_test_01017_8f65effa,1,0.0287
7,gsm8k_test_01017_8f65effa,2,0.2062
7,gsm8k_test_00844_e5790a05,1,0.0272
7,gsm8k_test_00844_e5790a05,2,0.1627
7,gsm8k_test_00483_6ac6556f,1,0.0455
7,gsm8k_test_00483_6ac6556f,2,0.1303
7,gsm8k_test_00907_31c0f791,1,0.029
7,gsm8k_test_00907_31c0f791,2,0.2137
7,gsm8k_test_00257_a7b9c6ad,1,0.0273
7,gsm8k_test_00257_a7b9c6ad,2,0.1338
7,gsm8k_test_01032_528db496,1,0.0275
7,gsm8k_test_01032_528db496,2,0.3439
7,gsm8k_test_01212_942edef3,1,0.0296
7,gsm8k_test_01212_942edef3,2,0.1597
7,gsm8k_test_00493_ff7f7a50,1,0.029
7,gsm8k_test_00493_ff7f7a50,2,0.134
7,gsm8k_test_00476_530143bc,1,0.0271
7,gsm8k_test_00476_530143bc,2,0.1948
7,gsm8k_test_01061_46437934,1,0.0273
7,gsm8k_test_01061_46437934,2,0.1873
7,gsm8k_test_00524_2ca46751,1,0.0314
7,gsm8k_test_00524_2ca46751,2,0.214
7,gsm8k_test_00881_9c3e1462,1,0.0292
7,gsm8k_test_00881_9c3e1462,2,0.1614
7,gsm8k_test_00879_22a8d3e2,1,0.0277
7,gsm8k_test_00879_22a8d3e2,2,0.1742
7,gsm8k_test_00773_2a63721b,1,0.0285
7,gsm8k_test_00773_2a63721b,2,0.162
7,gsm8k_test_00435_2db4b8f3,1,0.0268
7,gsm8k_test_00435_2db4b8f3,2,0.2284
7,gsm8k_test_00418_9dc873fd,1,0.028
7,gsm8k_test_00418_9dc873fd,2,0.1859
7,gsm8k_test_00431_5a59e693,1,0.0965
7,gsm8k_test_00431_5a59e693,2,0.1429
7,gsm8k_test_00274_8ad9c225,1,0.0288
7,gsm8k_test_00274_8ad9c225,2,0.1246
7,gsm8k_test_00510_fa7b7d0d,1,0.0156
7,gsm8k_test_00510_fa7b7d0d,2,0.0903
7,gsm8k_test_01031_1e5fbd2e,1,0.0132
7,gsm8k_test_01031_1e5fbd2e,2,0.071
7,gsm8k_test_00085_bebacd2d,1,0.017
7,gsm8k_test_00085_bebacd2d,2,0.0809
7,gsm8k_test_00477_acf3bbda,1,0.0137
7,gsm8k_test_00477_acf3bbda,2,0.0629
7,gsm8k_test_00450_9d1539f5,1,0.0151
7,gsm8k_test_00450_9d1539f5,2,0.0628
7,gsm8k_test_00120_3ea258aa,1,0.013
7,gsm8k_test_00120_3ea258aa,2,0.0728
7,gsm8k_test_01179_74219b79,1,0.019
7,gsm8k_test_01179_74219b79,2,0.0696
7,gsm8k_test_00902_a6cf7cc1,1,0.013
7,gsm8k_test_00902_a6cf7cc1,2,0.0655
7,gsm8k_test_01051_51548cd5,1,0.0131
7,gsm8k_test_01051_51548cd5,2,0.0612
7,gsm8k_test_00249_3c77f17a,1,0.013
7,gsm8k_test_00249_3c77f17a,2,0.0661
7,gsm8k_test_00347_22e2357c,1,0.0146
7,gsm8k_test_00347_22e2357c,2,0.0844
7,gsm8k_test_01086_87c2dae5,1,0.0131
7,gsm8k_test_01086_87c2dae5,2,0.0725
7,gsm8k_test_00323_e8fd8c2c,1,0.0127
7,gsm8k_test_00323_e8fd8c2c,2,0.0774
7,gsm8k_test_00604_67b9756f,1,0.0131
7,gsm8k_test_00604_67b9756f,2,0.072
7,gsm8k_test_00011_eb5fcd08,1,0.0131
7,gsm8k_test_00011_eb5fcd08,2,0.0735
7,gsm8k_test_01078_626c598e,1,0.0128
7,gsm8k_test_01078_626c598e,2,0.0652
7,gsm8k_test_00848_2343423f,1,0.0131
7,gsm8k_test_00848_2343423f,2,0.0905
7,gsm8k_test_00241_c3ad555a,1,0.013
7,gsm8k_test_00241_c3ad555a,2,0.0627
7,gsm8k_test_00757_56918e68,1,0.0132
7,gsm8k_test_00757_56918e68,2,0.0646
7,gsm8k_test_00743_f7828584,1,0.0141
7,gsm8k_test_00743_f7828584,2,0.0805
7,gsm8k_test_00904_017cd46a,1,0.0141
7,gsm8k_test_00904_017cd46a,2,0.1143
7,gsm8k_test_00331_796ada94,1,0.0137
7,gsm8k_test_00331_796ada94,2,0.0903
7,gsm8k_test_00663_5181789e,1,0.0128
7,gsm8k_test_00663_5181789e,2,0.0679
7,gsm8k_test_00761_3e0b56bd,1,0.0129
7,gsm8k_test_00761_3e0b56bd,2,0.0671
7,gsm8k_test_00281_03fb10d6,1,0.0126
7,gsm8k_test_00281_03fb10d6,2,0.1185
7,gsm8k_test_00277_cc59173f,1,0.0132
7,gsm8k_test_00277_cc59173f,2,0.1124
7,gsm8k_test_00146_7d6e6c59,1,0.0128
7,gsm8k_test_00146_7d6e6c59,2,0.0894
7,gsm8k_test_00433_84c4dcad,1,0.0139
7,gsm8k_test_00433_84c4dcad,2,0.0719
7,gsm8k_test_00854_91656af4,1,0.013
7,gsm8k_test_00854_91656af4,2,0.0754
7,gsm8k_test_00020_ff69618a,1,0.0135
7,gsm8k_test_00020_ff69618a,2,0.0824
7,gsm8k_test_00910_1943aa9b,1,0.0131
7,gsm8k_test_00910_1943aa9b,2,0.0795
7,gsm8k_test_00268_52b4e246,1,0.0129
7,gsm8k_test_00268_52b4e246,2,0.0711
7,gsm8k_test_00548_34620e87,1,0.0131
7,gsm8k_test_00548_34620e87,2,0.0629
7,gsm8k_test_00080_80005895,1,0.0131
7,gsm8k_test_00080_80005895,2,0.0862
7,gsm8k_test_00343_ed40523b,1,0.0129
7,gsm8k_test_00343_ed40523b,2,0.0839
7,gsm8k_test_00577_edd373a6,1,0.0134
7,gsm8k_test_00577_edd373a6,2,0.066
7,gsm8k_test_00559_4bf74031,1,0.0132
7,gsm8k_test_00559_4bf74031,2,0.0628
7,gsm8k_test_01021_381bd36c,1,0.0127
7,gsm8k_test_01021_381bd36c,2,0.079
7,gsm8k_test_00301_1bab74b7,1,0.0129
7,gsm8k_test_00301_1bab74b7,2,0.071
7,gsm8k_test_00473_8db92231,1,0.0132
7,gsm8k_test_00473_8db92231,2,0.0577
7,gsm8k_test_00217_c9e36708,1,0.0129
7,gsm8k_test_00217_c9e36708,2,0.0905
7,gsm8k_test_00309_9807d6af,1,0.013
7,gsm8k_test_00309_9807d6af,2,0.0593
7,gsm8k_test_00815_66561af1,1,0.0127
7,gsm8k_test_00815_66561af1,2,0.0882
7,gsm8k_test_00620_864f5666,1,0.013
7,gsm8k_test_00620_864f5666,2,0.0766
7,gsm8k_test_00537_0a6cb6b4,1,0.0144
7,gsm8k_test_00537_0a6cb6b4,2,0.0694
7,gsm8k_test_01140_9022fd81,1,0.0127
7,gsm8k_test_01140_9022fd81,2,0.0649
7,gsm8k_test_00460_6ef4718b,1,0.0136
7,gsm8k_test_00460_6ef4718b,2,0.077
7,gsm8k_test_01307_36cb7728,1,0.0131
7,gsm8k_test_01307_36cb7728,2,0.061
7,gsm8k_test_00049_2c2c57ad,1,0.0126
7,gsm8k_test_00049_2c2c57ad,2,0.0916
7,gsm8k_test_00870_ff9fb8f2,1,0.0129
7,gsm8k_test_00870_ff9fb8f2,2,0.0703
7,gsm8k_test_00816_52b20c27,1,0.0129
7,gsm8k_test_00816_52b20c27,2,0.0642
7,gsm8k_test_00936_a1f79cfc,1,0.0131
7,gsm8k_test_00936_a1f79cfc,2,0.08
7,gsm8k_test_00828_2f7755e1,1,0.0132
7,gsm8k_test_00828_2f7755e1,2,0.0758
7,gsm8k_test_01244_b58f9541,1,0.0129
7,gsm8k_test_01244_b58f9541,2,0.0824
7,gsm8k_test_01151_92815c9d,1,0.0128
7,gsm8k_test_01151_92815c9d,2,0.0695
7,gsm8k_test_01134_36c6bd38,1,0.0129
7,gsm8k_test_01134_36c6bd38,2,0.0578
7,gsm8k_test_00502_52aedfd3,1,0.0128
7,gsm8k_test_00502_52aedfd3,2,0.0656
7,gsm8k_test_00764_4e686855,1,0.0128
7,gsm8k_test_00764_4e686855,2,0.072
7,gsm8k_test_00865_a9462d35,1,0.0176
7,gsm8k_test_00865_a9462d35,2,0.1466
7,gsm8k_test_00488_74ec858e,1,0.0133
7,gsm8k_test_00488_74ec858e,2,0.0698
7,gsm8k_test_00457_2c6abaf1,1,0.0126
7,gsm8k_test_00457_2c6abaf1,2,0.0725
7,gsm8k_test_01239_e15c4625,1,0.0127
7,gsm8k_test_01239_e15c4625,2,0.0876
7,gsm8k_test_00489_a289e9a6,1,0.0132
7,gsm8k_test_00489_a289e9a6,2,0.1159
7,gsm8k_test_00751_f1f9462a,1,0.0136
7,gsm8k_test_00751_f1f9462a,2,0.0618
7,gsm8k_test_00132_77a67df7,1,0.0126
7,gsm8k_test_00132_77a67df7,2,0.1245
7,gsm8k_test_00335_60add6c9,1,0.0132
7,gsm8k_test_00335_60add6c9,2,0.0862
7,gsm8k_test_00003_2bcc778b,1,0.0132
7,gsm8k_test_00003_2bcc778b,2,0.0689
7,gsm8k_test_00054_0deb5903,1,0.0128
7,gsm8k_test_00054_0deb5903,2,0.0801
8,gsm8k_test_00215_ffc8fac5,1,0.0145
8,gsm8k_test_00215_ffc8fac5,2,0.0779
8,gsm8k_test_00255_f62f9313,1,0.0151
8,gsm8k_test_00255_f62f9313,2,0.061
8,gsm8k_test_01106_a7b8cc0f,1,0.0128
8,gsm8k_test_01106_a7b8cc0f,2,0.0832
8,gsm8k_test_00073_61963453,1,0.0129
8,gsm8k_test_00073_61963453,2,0.0873
8,gsm8k_test_00500_347dd970,1,0.0129
8,gsm8k_test_00500_347dd970,2,0.1754
8,gsm8k_test_00339_e85f8fac,1,0.0156
8,gsm8k_test_00339_e85f8fac,2,0.0758
8,gsm8k_test_00508_b698b79e,1,0.0133
8,gsm8k_test_00508_b698b79e,2,0.0673
8,gsm8k_test_00658_4cfceb7f,1,0.0131
8,gsm8k_test_00658_4cfceb7f,2,0.0874
8,gsm8k_test_00369_a962d6e4,1,0.0127
8,gsm8k_test_00369_a962d6e4,2,0.0958
8,gsm8k_test_01131_1821fbe3,1,0.0157
8,gsm8k_test_01131_1821fbe3,2,0.0959
8,gsm8k_test_01115_de408347,1,0.0133
8,gsm8k_test_01115_de408347,2,0.0757
8,gsm8k_test_00857_9ac256be,1,0.0131
8,gsm8k_test_00857_9ac256be,2,0.0818
8,gsm8k_test_01088_a5a07975,1,0.0129
8,gsm8k_test_01088_a5a07975,2,0.0824
8,gsm8k_test_00244_41946f32,1,0.0129
8,gsm8k_test_00244_41946f32,2,0.1292
8,gsm8k_test_01017_8f65effa,1,0.0128
8,gsm8k_test_01017_8f65effa,2,0.0867
8,gsm8k_test_00844_e5790a05,1,0.0144
8,gsm8k_test_00844_e5790a05,2,0.0759
8,gsm8k_test_00483_6ac6556f,1,0.0134
8,gsm8k_test_00483_6ac6556f,2,0.0588
8,gsm8k_test_00907_31c0f791,1,0.0129
8,gsm8k_test_00907_31c0f791,2,0.0927
8,gsm8k_test_00257_a7b9c6ad,1,0.0132
8,gsm8k_test_00257_a7b9c6ad,2,0.0583
8,gsm8k_test_01032_528db496,1,0.013
8,gsm8k_test_01032_528db496,2,0.1359
8,gsm8k_test_01212_942edef3,1,0.0153
8,gsm8k_test_01212_942edef3,2,0.0686
8,gsm8k_test_00493_ff7f7a50,1,0.0141
8,gsm8k_test_00493_ff7f7a50,2,0.0664
8,gsm8k_test_00476_530143bc,1,0.0136
8,gsm8k_test_00476_530143bc,2,0.0818
8,gsm8k_test_01061_46437934,1,0.0131
8,gsm8k_test_01061_46437934,2,0.0621
8,gsm8k_test_00524_2ca46751,1,0.0129
8,gsm8k_test_00524_2ca46751,2,0.1012
8,gsm8k_test_00881_9c3e1462,1,0.0133
8,gsm8k_test_00881_9c3e1462,2,0.0701
8,gsm8k_test_00879_22a8d3e2,1,0.0128
8,gsm8k_test_00879_22a8d3e2,2,0.0753
8,gsm8k_test_00773_2a63721b,1,0.0141
8,gsm8k_test_00773_2a63721b,2,0.0746
8,gsm8k_test_00435_2db4b8f3,1,0.013
8,gsm8k_test_00435_2db4b8f3,2,0.0976
8,gsm8k_test_00418_9dc873fd,1,0.0132
8,gsm8k_test_00418_9dc873fd,2,0.0901
8,gsm8k_test_00431_5a59e693,1,0.0132
8,gsm8k_test_00431_5a59e693,2,0.0624
8,gsm8k_test_00274_8ad9c225,1,0.0129
8,gsm8k_test_00274_8ad9c225,2,0.0883
8,gsm8k_test_00510_fa7b7d0d,1,0.0133
8,gsm8k_test_00510_fa7b7d0d,2,0.0806
8,gsm8k_test_01031_1e5fbd2e,1,0.0129
8,gsm8k_test_01031_1e5fbd2e,2,0.0672
8,gsm8k_test_00085_bebacd2d,1,0.0136
8,gsm8k_test_00085_bebacd2d,2,0.0763
8,gsm8k_test_00477_acf3bbda,1,0.0131
8,gsm8k_test_00477_acf3bbda,2,0.0629
8,gsm8k_test_00450_9d1539f5,1,0.0149
8,gsm8k_test_00450_9d1539f5,2,0.065
8,gsm8k_test_00120_3ea258aa,1,0.0129
8,gsm8k_test_00120_3ea258aa,2,0.0743
8,gsm8k_test_01179_74219b79,1,0.0132
8,gsm8k_test_01179_74219b79,2,0.0643
8,gsm8k_test_00902_a6cf7cc1,1,0.0131
8,gsm8k_test_00902_a6cf7cc1,2,0.0653
8,gsm8k_test_01051_51548cd5,1,0.0148
8,gsm8k_test_01051_51548cd5,2,0.0589
8,gsm8k_test_00249_3c77f17a,1,0.0126
8,gsm8k_test_00249_3c77f17a,2,0.0685
8,gsm8k_test_00347_22e2357c,1,0.0129
8,gsm8k_test_00347_22e2357c,2,0.1
8,gsm8k_test_01086_87c2dae5,1,0.0132
8,gsm8k_test_01086_87c2dae5,2,0.0727
8,gsm8k_test_00323_e8fd8c2c,1,0.013
8,gsm8k_test_00323_e8fd8c2c,2,0.077
8,gsm8k_test_00604_67b9756f,1,0.0129
8,gsm8k_test_00604_67b9756f,2,0.0697
8,gsm8k_test_00011_eb5fcd08,1,0.0126
8,gsm8k_test_00011_eb5fcd08,2,0.0678
8,gsm8k_test_01078_626c598e,1,0.0131
8,gsm8k_test_01078_626c598e,2,0.0742
8,gsm8k_test_00848_2343423f,1,0.0137
8,gsm8k_test_00848_2343423f,2,0.0877
8,gsm8k_test_00241_c3ad555a,1,0.0148
8,gsm8k_test_00241_c3ad555a,2,0.0583
8,gsm8k_test_00757_56918e68,1,0.0148
8,gsm8k_test_00757_56918e68,2,0.0656
8,gsm8k_test_00743_f7828584,1,0.0137
8,gsm8k_test_00743_f7828584,2,0.0762
8,gsm8k_test_00904_017cd46a,1,0.013
8,gsm8k_test_00904_017cd46a,2,0.1065
8,gsm8k_test_00331_796ada94,1,0.015
8,gsm8k_test_00331_796ada94,2,0.0875
8,gsm8k_test_00663_5181789e,1,0.0126
8,gsm8k_test_00663_5181789e,2,0.0679
8,gsm8k_test_00761_3e0b56bd,1,0.013
8,gsm8k_test_00761_3e0b56bd,2,0.9369
8,gsm8k_test_00281_03fb10d6,1,0.03
8,gsm8k_test_00281_03fb10d6,2,0.2949
8,gsm8k_test_00277_cc59173f,1,0.0321
8,gsm8k_test_00277_cc59173f,2,0.2865
8,gsm8k_test_00146_7d6e6c59,1,0.0313
8,gsm8k_test_00146_7d6e6c59,2,0.1822
8,gsm8k_test_00433_84c4dcad,1,0.0293
8,gsm8k_test_00433_84c4dcad,2,0.1736
8,gsm8k_test_00854_91656af4,1,0.0286
8,gsm8k_test_00854_91656af4,2,0.1659
8,gsm8k_test_00020_ff69618a,1,0.0314
8,gsm8k_test_00020_ff69618a,2,0.1995
8,gsm8k_test_00910_1943aa9b,1,0.0279
8,gsm8k_test_00910_1943aa9b,2,0.1805
8,gsm8k_test_00268_52b4e246,1,0.0252
8,gsm8k_test_00268_52b4e246,2,0.158
8,gsm8k_test_00548_34620e87,1,0.0277
8,gsm8k_test_00548_34620e87,2,0.1495
8,gsm8k_test_00080_80005895,1,0.0259
8,gsm8k_test_00080_80005895,2,0.2028
8,gsm8k_test_00343_ed40523b,1,0.0272
8,gsm8k_test_00343_ed40523b,2,0.1789
8,gsm8k_test_00577_edd373a6,1,0.0287
8,gsm8k_test_00577_edd373a6,2,0.1311
8,gsm8k_test_00559_4bf74031,1,0.0246
8,gsm8k_test_00559_4bf74031,2,0.1208
8,gsm8k_test_01021_381bd36c,1,0.0477
8,gsm8k_test_01021_381bd36c,2,0.1879
8,gsm8k_test_00301_1bab74b7,1,0.0299
8,gsm8k_test_00301_1bab74b7,2,0.1637
8,gsm8k_test_00473_8db92231,1,0.0259
8,gsm8k_test_00473_8db92231,2,0.1392
8,gsm8k_test_00217_c9e36708,1,0.0268
8,gsm8k_test_00217_c9e36708,2,0.2088
8,gsm8k_test_00309_9807d6af,1,0.0267
8,gsm8k_test_00309_9807d6af,2,0.1291
8,gsm8k_test_00815_66561af1,1,0.026
8,gsm8k_test_00815_66561af1,2,0.2162
8,gsm8k_test_00620_864f5666,1,0.0296
8,gsm8k_test_00620_864f5666,2,0.1927
8,gsm8k_test_00537_0a6cb6b4,1,0.0321
8,gsm8k_test_00537_0a6cb6b4,2,0.1504
8,gsm8k_test_01140_9022fd81,1,0.0287
8,gsm8k_test_01140_9022fd81,2,0.1013
8,gsm8k_test_00460_6ef4718b,1,0.0174
8,gsm8k_test_00460_6ef4718b,2,0.0862
8,gsm8k_test_01307_36cb7728,1,0.0159
8,gsm8k_test_01307_36cb7728,2,0.0703
8,gsm8k_test_00049_2c2c57ad,1,0.0143
8,gsm8k_test_00049_2c2c57ad,2,0.0982
8,gsm8k_test_00870_ff9fb8f2,1,0.0139
8,gsm8k_test_00870_ff9fb8f2,2,0.075
8,gsm8k_test_00816_52b20c27,1,0.0134
8,gsm8k_test_00816_52b20c27,2,0.067
8,gsm8k_test_00936_a1f79cfc,1,0.0131
8,gsm8k_test_00936_a1f79cfc,2,0.0782
8,gsm8k_test_00828_2f7755e1,1,0.0132
8,gsm8k_test_00828_2f7755e1,2,0.0773
8,gsm8k_test_01244_b58f9541,1,0.0193
8,gsm8k_test_01244_b58f9541,2,0.1732
8,gsm8k_test_01151_92815c9d,1,0.025
8,gsm8k_test_01151_92815c9d,2,0.1044
8,gsm8k_test_01134_36c6bd38,1,0.0148
8,gsm8k_test_01134_36c6bd38,2,0.0665
8,gsm8k_test_00502_52aedfd3,1,0.0158
8,gsm8k_test_00502_52aedfd3,2,0.0749
8,gsm8k_test_00764_4e686855,1,0.0331
8,gsm8k_test_00764_4e686855,2,0.0743
8,gsm8k_test_00865_a9462d35,1,0.0139
8,gsm8k_test_00865_a9462d35,2,0.149
8,gsm8k_test_00488_74ec858e,1,0.0134
8,gsm8k_test_00488_74ec858e,2,0.0657
8,gsm8k_test_00457_2c6abaf1,1,0.013
8,gsm8k_test_00457_2c6abaf1,2,0.0754
8,gsm8k_test_01239_e15c4625,1,0.0136
8,gsm8k_test_01239_e15c4625,2,0.0769
8,gsm8k_test_00489_a289e9a6,1,0.013
8,gsm8k_test_00489_a289e9a6,2,0.119
8,gsm8k_test_00751_f1f9462a,1,0.0139
8,gsm8k_test_00751_f1f9462a,2,0.0627
8,gsm8k_test_00132_77a67df7,1,0.0132
8,gsm8k_test_00132_77a67df7,2,0.1249
8,gsm8k_test_00335_60add6c9,1,0.0152
8,gsm8k_test_00335_60add6c9,2,0.0828
8,gsm8k_test_00003_2bcc778b,1,0.013
8,gsm8k_test_00003_2bcc778b,2,0.0679
8,gsm8k_test_00054_0deb5903,1,0.0127
8,gsm8k_test_00054_0deb5903,2,0.0782
9,gsm8k_test_00215_ffc8fac5,1,0.0144
9,gsm8k_test_00215_ffc8fac5,2,0.0738
9,gsm8k_test_00255_f62f9313,1,0.0135
9,gsm8k_test_00255_f62f9313,2,0.0578
9,gsm8k_test_01106_a7b8cc0f,1,0.0131
9,gsm8k_test_01106_a7b8cc0f,2,0.0819
9,gsm8k_test_00073_61963453,1,0.0243
9,gsm8k_test_00073_61963453,2,0.0911
9,gsm8k_test_00500_347dd970,1,0.0132
9,gsm8k_test_00500_347dd970,2,0.1356
9,gsm8k_test_00339_e85f8fac,1,0.0135
9,gsm8k_test_00339_e85f8fac,2,0.069
9,gsm8k_test_00508_b698b79e,1,0.0131
9,gsm8k_test_00508_b698b79e,2,0.0657
9,gsm8k_test_00658_4cfceb7f,1,0.0131
9,gsm8k_test_00658_4cfceb7f,2,0.2127
9,gsm8k_test_00369_a962d6e4,1,0.0182
9,gsm8k_test_00369_a962d6e4,2,0.1087
9,gsm8k_test_01131_1821fbe3,1,0.0168
9,gsm8k_test_01131_1821fbe3,2,0.1424
9,gsm8k_test_01115_de408347,1,0.0173
9,gsm8k_test_01115_de408347,2,0.113
9,gsm8k_test_00857_9ac256be,1,0.0191
9,gsm8k_test_00857_9ac256be,2,0.0873
9,gsm8k_test_01088_a5a07975,1,0.0133
9,gsm8k_test_01088_a5a07975,2,0.0877
9,gsm8k_test_00244_41946f32,1,0.0151
9,gsm8k_test_00244_41946f32,2,0.1484
9,gsm8k_test_01017_8f65effa,1,0.016
9,gsm8k_test_01017_8f65effa,2,0.0963
9,gsm8k_test_00844_e5790a05,1,0.0169
9,gsm8k_test_00844_e5790a05,2,0.0771
9,gsm8k_test_00483_6ac6556f,1,0.013
9,gsm8k_test_00483_6ac6556f,2,0.059
9,gsm8k_test_00907_31c0f791,1,0.0128
9,gsm8k_test_00907_31c0f791,2,0.0895
9,gsm8k_test_00257_a7b9c6ad,1,0.0143
9,gsm8k_test_00257_a7b9c6ad,2,0.0625
9,gsm8k_test_01032_528db496,1,0.0151
9,gsm8k_test_01032_528db496,2,0.1367
9,gsm8k_test_01212_942edef3,1,0.0129
9,gsm8k_test_01212_942edef3,2,0.0691
9,gsm8k_test_00493_ff7f7a50,1,0.0194
9,gsm8k_test_00493_ff7f7a50,2,0.072
9,gsm8k_test_00476_530143bc,1,0.0153
9,gsm8k_test_00476_530143bc,2,0.0873
9,gsm8k_test_01061_46437934,1,0.0131
9,gsm8k_test_01061_46437934,2,0.0584
9,gsm8k_test_00524_2ca46751,1,0.0129
9,gsm8k_test_00524_2ca46751,2,0.0908
9,gsm8k_test_00881_9c3e1462,1,0.0129
9,gsm8k_test_00881_9c3e1462,2,0.0762
9,gsm8k_test_00879_22a8d3e2,1,0.014
9,gsm8k_test_00879_22a8d3e2,2,0.0765
9,gsm8k_test_00773_2a63721b,1,0.0132
9,gsm8k_test_00773_2a63721b,2,0.073
9,gsm8k_test_00435_2db4b8f3,1,0.0129
9,gsm8k_test_00435_2db4b8f3,2,0.1072
9,gsm8k_test_00418_9dc873fd,1,0.0137
9,gsm8k_test_00418_9dc873fd,2,0.084
9,gsm8k_test_00431_5a59e693,1,0.0131
9,gsm8k_test_00431_5a59e693,2,0.0592
9,gsm8k_test_00274_8ad9c225,1,0.0131
9,gsm8k_test_00274_8ad9c225,2,0.0857
9,gsm8k_test_00510_fa7b7d0d,1,0.0188
9,gsm8k_test_00510_fa7b7d0d,2,0.1028
9,gsm8k_test_01031_1e5fbd2e,1,0.0137
9,gsm8k_test_01031_1e5fbd2e,2,0.0688
9,gsm8k_test_00085_bebacd2d,1,0.0323
9,gsm8k_test_00085_bebacd2d,2,0.0871
9,gsm8k_test_00477_acf3bbda,1,0.0153
9,gsm8k_test_00477_acf3bbda,2,0.0817
9,gsm8k_test_00450_9d1539f5,1,0.0139
9,gsm8k_test_00450_9d1539f5,2,0.0653
9,gsm8k_test_00120_3ea258aa,1,0.0131
9,gsm8k_test_00120_3ea258aa,2,0.0736
9,gsm8k_test_01179_74219b79,1,0.0131
9,gsm8k_test_01179_74219b79,2,0.0658
9,gsm8k_test_00902_a6cf7cc1,1,0.014
9,gsm8k_test_00902_a6cf7cc1,2,0.092
9,gsm8k_test_01051_51548cd5,1,0.0181
9,gsm8k_test_01051_51548cd5,2,0.0673
9,gsm8k_test_00249_3c77f17a,1,0.0128
9,gsm8k_test_00249_3c77f17a,2,0.0647
9,gsm8k_test_00347_22e2357c,1,0.0128
9,gsm8k_test_00347_22e2357c,2,0.0815
9,gsm8k_test_01086_87c2dae5,1,0.0131
9,gsm8k_test_01086_87c2dae5,2,0.075
9,gsm8k_test_00323_e8fd8c2c,1,0.0128
9,gsm8k_test_00323_e8fd8c2c,2,0.081
9,gsm8k_test_00604_67b9756f,1,0.013
9,gsm8k_test_00604_67b9756f,2,0.0705
9,gsm8k_test_00011_eb5fcd08,1,0.013
9,gsm8k_test_00011_eb5fcd08,2,0.0706
9,gsm8k_test_01078_626c598e,1,0.013
9,gsm8k_test_01078_626c598e,2,0.0618
9,gsm8k_test_00848_2343423f,1,0.0129
9,gsm8k_test_00848_2343423f,2,0.0891
9,gsm8k_test_00241_c3ad555a,1,0.0129
9,gsm8k_test_00241_c3ad555a,2,0.0613
9,gsm8k_test_00757_56918e68,1,0.0131
9,gsm8k_test_00757_56918e68,2,0.0734
9,gsm8k_test_00743_f7828584,1,0.0146
9,gsm8k_test_00743_f7828584,2,0.0718
9,gsm8k_test_00904_017cd46a,1,0.0129
9,gsm8k_test_00904_017cd46a,2,0.111
9,gsm8k_test_00331_796ada94,1,0.0315
9,gsm8k_test_00331_796ada94,2,0.2637
9,gsm8k_test_00663_5181789e,1,0.0225
9,gsm8k_test_00663_5181789e,2,0.1207
9,gsm8k_test_00761_3e0b56bd,1,0.0191
9,gsm8k_test_00761_3e0b56bd,2,0.1517
9,gsm8k_test_00281_03fb10d6,1,0.0287
9,gsm8k_test_00281_03fb10d6,2,0.2726
9,gsm8k_test_00277_cc59173f,1,0.0287
9,gsm8k_test_00277_cc59173f,2,0.2923
9,gsm8k_test_00146_7d6e6c59,1,0.0211
9,gsm8k_test_00146_7d6e6c59,2,0.1113
9,gsm8k_test_00433_84c4dcad,1,0.019
9,gsm8k_test_00433_84c4dcad,2,0.1035
9,gsm8k_test_00854_91656af4,1,0.0168
9,gsm8k_test_00854_91656af4,2,0.0812
9,gsm8k_test_00020_ff69618a,1,0.0264
9,gsm8k_test_00020_ff69618a,2,0.1061
9,gsm8k_test_00910_1943aa9b,1,0.0151
9,gsm8k_test_00910_1943aa9b,2,0.1463
9,gsm8k_test_00268_52b4e246,1,0.0402
9,gsm8k_test_00268_52b4e246,2,0.1616
9,gsm8k_test_00548_34620e87,1,0.035
9,gsm8k_test_00548_34620e87,2,0.1124
9,gsm8k_test_00080_80005895,1,0.0158
9,gsm8k_test_00080_80005895,2,0.0906
9,gsm8k_test_00343_ed40523b,1,0.0187
9,gsm8k_test_00343_ed40523b,2,0.1097
9,gsm8k_test_00577_edd373a6,1,0.0175
9,gsm8k_test_00577_edd373a6,2,0.1296
9,gsm8k_test_00559_4bf74031,1,0.0158
9,gsm8k_test_00559_4bf74031,2,0.0667
9,gsm8k_test_01021_381bd36c,1,0.0132
9,gsm8k_test_01021_381bd36c,2,0.0891
9,gsm8k_test_00301_1bab74b7,1,0.0143
9,gsm8k_test_00301_1bab74b7,2,0.0744
9,gsm8k_test_00473_8db92231,1,0.0128
9,gsm8k_test_00473_8db92231,2,0.0862
9,gsm8k_test_00217_c9e36708,1,0.0137
9,gsm8k_test_00217_c9e36708,2,0.1002
9,gsm8k_test_00309_9807d6af,1,0.0132
9,gsm8k_test_00309_9807d6af,2,0.0628
9,gsm8k_test_00815_66561af1,1,0.0132
9,gsm8k_test_00815_66561af1,2,0.0939
9,gsm8k_test_00620_864f5666,1,0.0135
9,gsm8k_test_00620_864f5666,2,0.0765
9,gsm8k_test_00537_0a6cb6b4,1,0.0131
9,gsm8k_test_00537_0a6cb6b4,2,0.0694
9,gsm8k_test_01140_9022fd81,1,0.013
9,gsm8k_test_01140_9022fd81,2,0.0702
9,gsm8k_test_00460_6ef4718b,1,0.0145
9,gsm8k_test_00460_6ef4718b,2,0.0779
9,gsm8k_test_01307_36cb7728,1,0.0136
9,gsm8k_test_01307_36cb7728,2,0.0651
9,gsm8k_test_00049_2c2c57ad,1,0.0129
9,gsm8k_test_00049_2c2c57ad,2,0.1008
9,gsm8k_test_00870_ff9fb8f2,1,0.0132
9,gsm8k_test_00870_ff9fb8f2,2,0.0724
9,gsm8k_test_00816_52b20c27,1,0.0132
9,gsm8k_test_00816_52b20c27,2,0.0684
9,gsm8k_test_00936_a1f79cfc,1,0.013
9,gsm8k_test_00936_a1f79cfc,2,0.0771
9,gsm8k_test_00828_2f7755e1,1,0.013
9,gsm8k_test_00828_2f7755e1,2,0.076
9,gsm8k_test_01244_b58f9541,1,0.0127
9,gsm8k_test_01244_b58f9541,2,0.0839
9,gsm8k_test_01151_92815c9d,1,0.0184
9,gsm8k_test_01151_92815c9d,2,0.0767
9,gsm8k_test_01134_36c6bd38,1,0.0129
9,gsm8k_test_01134_36c6bd38,2,0.0574
9,gsm8k_test_00502_52aedfd3,1,0.0127
9,gsm8k_test_00502_52aedfd3,2,0.0667
9,gsm8k_test_00764_4e686855,1,0.0129
9,gsm8k_test_00764_4e686855,2,0.0887
9,gsm8k_test_00865_a9462d35,1,0.0135
9,gsm8k_test_00865_a9462d35,2,0.1435
9,gsm8k_test_00488_74ec858e,1,0.0158
9,gsm8k_test_00488_74ec858e,2,0.0708
9,gsm8k_test_00457_2c6abaf1,1,0.0139
9,gsm8k_test_00457_2c6abaf1,2,0.0745
9,gsm8k_test_01239_e15c4625,1,0.0137
9,gsm8k_test_01239_e15c4625,2,0.0826
9,gsm8k_test_00489_a289e9a6,1,0.0133
9,gsm8k_test_00489_a289e9a6,2,0.1177
9,gsm8k_test_00751_f1f9462a,1,0.0135
9,gsm8k_test_00751_f1f9462a,2,0.0657
9,gsm8k_test_00132_77a67df7,1,0.0132
9,gsm8k_test_00132_77a67df7,2,0.1342
9,gsm8k_test_00335_60add6c9,1,0.0154
9,gsm8k_test_00335_60add6c9,2,0.0824
9,gsm8k_test_00003_2bcc778b,1,0.0133
9,gsm8k_test_00003_2bcc778b,2,0.0675
9,gsm8k_test_00054_0deb5903,1,0.013
9,gsm8k_test_00054_0deb5903,2,0.0783
10,gsm8k_test_00215_ffc8fac5,1,0.0142
10,gsm8k_test_00215_ffc8fac5,2,0.0747
10,gsm8k_test_00255_f62f9313,1,0.0132
10,gsm8k_test_00255_f62f9313,2,0.0581
10,gsm8k_test_01106_a7b8cc0f,1,0.0127
10,gsm8k_test_01106_a7b8cc0f,2,0.0886
10,gsm8k_test_00073_61963453,1,0.0133
10,gsm8k_test_00073_61963453,2,0.0858
10,gsm8k_test_00500_347dd970,1,0.0133
10,gsm8k_test_00500_347dd970,2,0.1365
10,gsm8k_test_00339_e85f8fac,1,0.0137
10,gsm8k_test_00339_e85f8fac,2,0.069
10,gsm8k_test_00508_b698b79e,1,0.0132
10,gsm8k_test_00508_b698b79e,2,0.067
10,gsm8k_test_00658_4cfceb7f,1,0.0131
10,gsm8k_test_00658_4cfceb7f,2,0.0873
10,gsm8k_test_00369_a962d6e4,1,0.0129
10,gsm8k_test_00369_a962d6e4,2,0.0699
10,gsm8k_test_01131_1821fbe3,1,0.0134
10,gsm8k_test_01131_1821fbe3,2,0.0814
10,gsm8k_test_01115_de408347,1,0.0133
10,gsm8k_test_01115_de408347,2,0.0655
10,gsm8k_test_00857_9ac256be,1,0.0129
10,gsm8k_test_00857_9ac256be,2,0.08
10,gsm8k_test_01088_a5a07975,1,0.013
10,gsm8k_test_01088_a5a07975,2,0.0786
10,gsm8k_test_00244_41946f32,1,0.013
10,gsm8k_test_00244_41946f32,2,0.1321
10,gsm8k_test_01017_8f65effa,1,0.0131
10,gsm8k_test_01017_8f65effa,2,0.0864
10,gsm8k_test_00844_e5790a05,1,0.0134
10,gsm8k_test_00844_e5790a05,2,0.0695
10,gsm8k_test_00483_6ac6556f,1,0.0133
10,gsm8k_test_00483_6ac6556f,2,0.0595
10,gsm8k_test_00907_31c0f791,1,0.0129
10,gsm8k_test_00907_31c0f791,2,0.0878
10,gsm8k_test_00257_a7b9c6ad,1,0.0156
10,gsm8k_test_00257_a7b9c6ad,2,0.0635
10,gsm8k_test_01032_528db496,1,0.0133
10,gsm8k_test_01032_528db496,2,0.1505
10,gsm8k_test_01212_942edef3,1,0.014
10,gsm8k_test_01212_942edef3,2,0.0723
10,gsm8k_test_00493_ff7f7a50,1,0.0171
10,gsm8k_test_00493_ff7f7a50,2,0.065
10,gsm8k_test_00476_530143bc,1,0.0134
10,gsm8k_test_00476_530143bc,2,0.0863
10,gsm8k_test_01061_46437934,1,0.0132
10,gsm8k_test_01061_46437934,2,0.0638
10,gsm8k_test_00524_2ca46751,1,0.0133
10,gsm8k_test_00524_2ca46751,2,0.0907
10,gsm8k_test_00881_9c3e1462,1,0.013
10,gsm8k_test_00881_9c3e1462,2,0.0697
10,gsm8k_test_00879_22a8d3e2,1,0.013
10,gsm8k_test_00879_22a8d3e2,2,0.0746
10,gsm8k_test_00773_2a63721b,1,0.0127
10,gsm8k_test_00773_2a63721b,2,0.0714
10,gsm8k_test_00435_2db4b8f3,1,0.013
10,gsm8k_test_00435_2db4b8f3,2,0.1813
10,gsm8k_test_00418_9dc873fd,1,0.0189
10,gsm8k_test_00418_9dc873fd,2,0.0896
10,gsm8k_test_00431_5a59e693,1,0.0137
10,gsm8k_test_00431_5a59e693,2,0.063
10,gsm8k_test_00274_8ad9c225,1,0.0131
10,gsm8k_test_00274_8ad9c225,2,0.0904
10,gsm8k_test_00510_fa7b7d0d,1,0.013
10,gsm8k_test_00510_fa7b7d0d,2,0.0806
10,gsm8k_test_01031_1e5fbd2e,1,0.0133
10,gsm8k_test_01031_1e5fbd2e,2,0.0655
10,gsm8k_test_00085_bebacd2d,1,0.014
10,gsm8k_test_00085_bebacd2d,2,0.0805
10,gsm8k_test_00477_acf3bbda,1,0.0128
10,gsm8k_test_00477_acf3bbda,2,0.0602
10,gsm8k_test_00450_9d1539f5,1,0.0128
10,gsm8k_test_00450_9d1539f5,2,0.0601
10,gsm8k_test_00120_3ea258aa,1,0.0126
10,gsm8k_test_00120_3ea258aa,2,0.0957
10,gsm8k_test_01179_74219b79,1,0.0132
10,gsm8k_test_01179_74219b79,2,0.0604
10,gsm8k_test_00902_a6cf7cc1,1,0.0129
10,gsm8k_test_00902_a6cf7cc1,2,0.0604
10,gsm8k_test_01051_51548cd5,1,0.0128
10,gsm8k_test_01051_51548cd5,2,0.0594
10,gsm8k_test_00249_3c77f17a,1,0.0128
10,gsm8k_test_00249_3c77f17a,2,0.0616
10,gsm8k_test_00347_22e2357c,1,0.0129
10,gsm8k_test_00347_22e2357c,2,0.0812
10,gsm8k_test_01086_87c2dae5,1,0.013
10,gsm8k_test_01086_87c2dae5,2,0.0721
10,gsm8k_test_00323_e8fd8c2c,1,0.0128
10,gsm8k_test_00323_e8fd8c2c,2,0.0765
10,gsm8k_test_00604_67b9756f,1,0.0131
10,gsm8k_test_00604_67b9756f,2,0.0705
10,gsm8k_test_00011_eb5fcd08,1,0.0134
10,gsm8k_test_00011_eb5fcd08,2,0.0732
10,gsm8k_test_01078_626c598e,1,0.0132
10,gsm8k_test_01078_626c598e,2,0.061
10,gsm8k_test_00848_2343423f,1,0.0132
10,gsm8k_test_00848_2343423f,2,0.0872
10,gsm8k_test_00241_c3ad555a,1,0.0127
10,gsm8k_test_00241_c3ad555a,2,0.0574
10,gsm8k_test_00757_56918e68,1,0.0124
10,gsm8k_test_00757_56918e68,2,0.0686
10,gsm8k_test_00743_f7828584,1,0.0142
10,gsm8k_test_00743_f7828584,2,0.0729
10,gsm8k_test_00904_017cd46a,1,0.0132
10,gsm8k_test_00904_017cd46a,2,0.1034
10,gsm8k_test_00331_796ada94,1,0.013
10,gsm8k_test_00331_796ada94,2,0.1093
10,gsm8k_test_00663_5181789e,1,0.0133
10,gsm8k_test_00663_5181789e,2,0.0696
10,gsm8k_test_00761_3e0b56bd,1,0.0138
10,gsm8k_test_00761_3e0b56bd,2,0.0697
10,gsm8k_test_00281_03fb10d6,1,0.0128
10,gsm8k_test_00281_03fb10d6,2,0.1402
10,gsm8k_test_00277_cc59173f,1,0.0136
10,gsm8k_test_00277_cc59173f,2,0.1152
10,gsm8k_test_00146_7d6e6c59,1,0.0131
10,gsm8k_test_00146_7d6e6c59,2,0.0751
10,gsm8k_test_00433_84c4dcad,1,0.0139
10,gsm8k_test_00433_84c4dcad,2,0.076
10,gsm8k_test_00854_91656af4,1,0.0133
10,gsm8k_test_00854_91656af4,2,0.1283
10,gsm8k_test_00020_ff69618a,1,0.0143
10,gsm8k_test_00020_ff69618a,2,0.0907
10,gsm8k_test_00910_1943aa9b,1,0.0134
10,gsm8k_test_00910_1943aa9b,2,0.1304
10,gsm8k_test_00268_52b4e246,1,0.0269
10,gsm8k_test_00268_52b4e246,2,0.1712
10,gsm8k_test_00548_34620e87,1,0.0268
10,gsm8k_test_00548_34620e87,2,0.1487
10,gsm8k_test_00080_80005895,1,0.0275
10,gsm8k_test_00080_80005895,2,0.3135
10,gsm8k_test_00343_ed40523b,1,0.0345
10,gsm8k_test_00343_ed40523b,2,0.2084
10,gsm8k_test_00577_edd373a6,1,0.0284
10,gsm8k_test_00577_edd373a6,2,0.1476
10,gsm8k_test_00559_4bf74031,1,0.0358
10,gsm8k_test_00559_4bf74031,2,0.155
10,gsm8k_test_01021_381bd36c,1,0.0342
10,gsm8k_test_01021_381bd36c,2,0.2089
10,gsm8k_test_00301_1bab74b7,1,0.031
10,gsm8k_test_00301_1bab74b7,2,0.167
10,gsm8k_test_00473_8db92231,1,0.0297
10,gsm8k_test_00473_8db92231,2,0.1589
10,gsm8k_test_00217_c9e36708,1,0.0269
10,gsm8k_test_00217_c9e36708,2,0.2166
10,gsm8k_test_00309_9807d6af,1,0.0281
10,gsm8k_test_00309_9807d6af,2,0.1679
10,gsm8k_test_00815_66561af1,1,0.026
10,gsm8k_test_00815_66561af1,2,0.1542
10,gsm8k_test_00620_864f5666,1,0.0183
10,gsm8k_test_00620_864f5666,2,0.1261
10,gsm8k_test_00537_0a6cb6b4,1,0.0177
10,gsm8k_test_00537_0a6cb6b4,2,0.1086
10,gsm8k_test_01140_9022fd81,1,0.0192
10,gsm8k_test_01140_9022fd81,2,0.0994
10,gsm8k_test_00460_6ef4718b,1,0.0277
10,gsm8k_test_00460_6ef4718b,2,0.1186
10,gsm8k_test_01307_36cb7728,1,0.0175
10,gsm8k_test_01307_36cb7728,2,0.093
10,gsm8k_test_00049_2c2c57ad,1,0.0168
10,gsm8k_test_00049_2c2c57ad,2,0.1542
10,gsm8k_test_00870_ff9fb8f2,1,0.0167
10,gsm8k_test_00870_ff9fb8f2,2,0.1132
10,gsm8k_test_00816_52b20c27,1,0.0168
10,gsm8k_test_00816_52b20c27,2,0.1029
10,gsm8k_test_00936_a1f79cfc,1,0.017
10,gsm8k_test_00936_a1f79cfc,2,0.1197
10,gsm8k_test_00828_2f7755e1,1,0.0339
10,gsm8k_test_00828_2f7755e1,2,0.0892
10,gsm8k_test_01244_b58f9541,1,0.0138
10,gsm8k_test_01244_b58f9541,2,0.0854
10,gsm8k_test_01151_92815c9d,1,0.0137
10,gsm8k_test_01151_92815c9d,2,0.0722
10,gsm8k_test_01134_36c6bd38,1,0.0129
10,gsm8k_test_01134_36c6bd38,2,0.0592
10,gsm8k_test_00502_52aedfd3,1,0.0127
10,gsm8k_test_00502_52aedfd3,2,0.0672
10,gsm8k_test_00764_4e686855,1,0.013
10,gsm8k_test_00764_4e686855,2,0.0665
10,gsm8k_test_00865_a9462d35,1,0.0133
10,gsm8k_test_00865_a9462d35,2,0.1452
10,gsm8k_test_00488_74ec858e,1,0.0132
10,gsm8k_test_00488_74ec858e,2,0.0687
10,gsm8k_test_00457_2c6abaf1,1,0.0132
10,gsm8k_test_00457_2c6abaf1,2,0.0702
10,gsm8k_test_01239_e15c4625,1,0.0131
10,gsm8k_test_01239_e15c4625,2,0.0697
10,gsm8k_test_00489_a289e9a6,1,0.0128
10,gsm8k_test_00489_a289e9a6,2,0.1138
10,gsm8k_test_00751_f1f9462a,1,0.0134
10,gsm8k_test_00751_f1f9462a,2,0.0617
10,gsm8k_test_00132_77a67df7,1,0.0127
10,gsm8k_test_00132_77a67df7,2,0.1192
10,gsm8k_test_00335_60add6c9,1,0.013
10,gsm8k_test_00335_60add6c9,2,0.0795
10,gsm8k_test_00003_2bcc778b,1,0.013
10,gsm8k_test_00003_2bcc778b,2,0.0664
10,gsm8k_test_00054_0deb5903,1,0.0134
10,gsm8k_test_00054_0deb5903,2,0.0787
11,gsm8k_test_00215_ffc8fac5,1,0.0139
11,gsm8k_test_00215_ffc8fac5,2,0.0897
11,gsm8k_test_00255_f62f9313,1,0.0134
11,gsm8k_test_00255_f62f9313,2,0.0598
11,gsm8k_test_01106_a7b8cc0f,1,0.0132
11,gsm8k_test_01106_a7b8cc0f,2,0.0869
11,gsm8k_test_00073_61963453,1,0.0131
11,gsm8k_test_00073_61963453,2,0.0859
11,gsm8k_test_00500_347dd970,1,0.0132
11,gsm8k_test_00500_347dd970,2,0.1194
11,gsm8k_test_00339_e85f8fac,1,0.0133
11,gsm8k_test_00339_e85f8fac,2,0.0702
11,gsm8k_test_00508_b698b79e,1,0.013
11,gsm8k_test_00508_b698b79e,2,0.0704
11,gsm8k_test_00658_4cfceb7f,1,0.0133
11,gsm8k_test_00658_4cfceb7f,2,0.0891
11,gsm8k_test_00369_a962d6e4,1,0.0133
11,gsm8k_test_00369_a962d6e4,2,0.0709
11,gsm8k_test_01131_1821fbe3,1,0.0147
11,gsm8k_test_01131_1821fbe3,2,0.0847
11,gsm8k_test_01115_de408347,1,0.0148
11,gsm8k_test_01115_de408347,2,0.0703
11,gsm8k_test_00857_9ac256be,1,0.0148
11,gsm8k_test_00857_9ac256be,2,0.0799
11,gsm8k_test_01088_a5a07975,1,0.013
11,gsm8k_test_01088_a5a07975,2,0.079
11,gsm8k_test_00244_41946f32,1,0.0149
11,gsm8k_test_00244_41946f32,2,0.2426
11,gsm8k_test_01017_8f65effa,1,0.028
11,gsm8k_test_01017_8f65effa,2,0.2715
11,gsm8k_test_00844_e5790a05,1,0.0312
11,gsm8k_test_00844_e5790a05,2,0.1783
11,gsm8k_test_00483_6ac6556f,1,0.0297
11,gsm8k_test_00483_6ac6556f,2,0.1399
11,gsm8k_test_00907_31c0f791,1,0.0321
11,gsm8k_test_00907_31c0f791,2,0.2242
11,gsm8k_test_00257_a7b9c6ad,1,0.0296
11,gsm8k_test_00257_a7b9c6ad,2,0.1458
11,gsm8k_test_01032_528db496,1,0.0287
11,gsm8k_test_01032_528db496,2,0.2474
11,gsm8k_test_01212_942edef3,1,0.0181
11,gsm8k_test_01212_942edef3,2,0.1132
11,gsm8k_test_00493_ff7f7a50,1,0.0292
11,gsm8k_test_00493_ff7f7a50,2,0.1379
11,gsm8k_test_00476_530143bc,1,0.0265
11,gsm8k_test_00476_530143bc,2,0.2001
11,gsm8k_test_01061_46437934,1,0.0292
11,gsm8k_test_01061_46437934,2,0.0997
11,gsm8k_test_00524_2ca46751,1,0.0175
11,gsm8k_test_00524_2ca46751,2,0.1865
11,gsm8k_test_00881_9c3e1462,1,0.0282
11,gsm8k_test_00881_9c3e1462,2,0.1694
11,gsm8k_test_00879_22a8d3e2,1,0.0331
11,gsm8k_test_00879_22a8d3e2,2,0.1339
11,gsm8k_test_00773_2a63721b,1,0.018
11,gsm8k_test_00773_2a63721b,2,0.1086
11,gsm8k_test_00435_2db4b8f3,1,0.0173
11,gsm8k_test_00435_2db4b8f3,2,0.1856
11,gsm8k_test_00418_9dc873fd,1,0.0215
11,gsm8k_test_00418_9dc873fd,2,0.0952
11,gsm8k_test_00431_5a59e693,1,0.0249
11,gsm8k_test_00431_5a59e693,2,0.0636
11,gsm8k_test_00274_8ad9c225,1,0.0209
11,gsm8k_test_00274_8ad9c225,2,0.0913
11,gsm8k_test_00510_fa7b7d0d,1,0.0136
11,gsm8k_test_00510_fa7b7d0d,2,0.1071
11,gsm8k_test_01031_1e5fbd2e,1,0.014
11,gsm8k_test_01031_1e5fbd2e,2,0.0676
11,gsm8k_test_00085_bebacd2d,1,0.0144
11,gsm8k_test_00085_bebacd2d,2,0.0979
11,gsm8k_test_00477_acf3bbda,1,0.0139
11,gsm8k_test_00477_acf3bbda,2,0.0639
11,gsm8k_test_00450_9d1539f5,1,0.0155
11,gsm8k_test_00450_9d1539f5,2,0.1114
11,gsm8k_test_00120_3ea258aa,1,0.0286
11,gsm8k_test_00120_3ea258aa,2,0.1428
11,gsm8k_test_01179_74219b79,1,0.0157
11,gsm8k_test_01179_74219b79,2,0.0664
11,gsm8k_test_00902_a6cf7cc1,1,0.0135
11,gsm8k_test_00902_a6cf7cc1,2,0.0637
11,gsm8k_test_01051_51548cd5,1,0.0132
11,gsm8k_test_01051_51548cd5,2,0.0791
11,gsm8k_test_00249_3c77f17a,1,0.0133
11,gsm8k_test_00249_3c77f17a,2,0.0623
11,gsm8k_test_00347_22e2357c,1,0.013
11,gsm8k_test_00347_22e2357c,2,0.0807
11,gsm8k_test_01086_87c2dae5,1,0.0128
11,gsm8k_test_01086_87c2dae5,2,0.0721
11,gsm8k_test_00323_e8fd8c2c,1,0.0128
11,gsm8k_test_00323_e8fd8c2c,2,0.0773
11,gsm8k_test_00604_67b9756f,1,0.0131
11,gsm8k_test_00604_67b9756f,2,0.0769
11,gsm8k_test_00011_eb5fcd08,1,0.0265
11,gsm8k_test_00011_eb5fcd08,2,0.1218
11,gsm8k_test_01078_626c598e,1,0.0178
11,gsm8k_test_01078_626c598e,2,0.0889
11,gsm8k_test_00848_2343423f,1,0.0134
11,gsm8k_test_00848_2343423f,2,0.089
11,gsm8k_test_00241_c3ad555a,1,0.0133
11,gsm8k_test_00241_c3ad555a,2,0.059
11,gsm8k_test_00757_56918e68,1,0.0127
11,gsm8k_test_00757_56918e68,2,0.0659
11,gsm8k_test_00743_f7828584,1,0.0145
11,gsm8k_test_00743_f7828584,2,0.0706
11,gsm8k_test_00904_017cd46a,1,0.0132
11,gsm8k_test_00904_017cd46a,2,0.1056
11,gsm8k_test_00331_796ada94,1,0.0152
11,gsm8k_test_00331_796ada94,2,0.0891
11,gsm8k_test_00663_5181789e,1,0.0132
11,gsm8k_test_00663_5181789e,2,0.0704
11,gsm8k_test_00761_3e0b56bd,1,0.0132
11,gsm8k_test_00761_3e0b56bd,2,0.0667
11,gsm8k_test_00281_03fb10d6,1,0.0129
11,gsm8k_test_00281_03fb10d6,2,0.1402
11,gsm8k_test_00277_cc59173f,1,0.027
11,gsm8k_test_00277_cc59173f,2,0.2745
11,gsm8k_test_00146_7d6e6c59,1,0.1275
11,gsm8k_test_00146_7d6e6c59,2,0.1979
11,gsm8k_test_00433_84c4dcad,1,0.0308
11,gsm8k_test_00433_84c4dcad,2,0.1691
11,gsm8k_test_00854_91656af4,1,0.0273
11,gsm8k_test_00854_91656af4,2,0.1719
11,gsm8k_test_00020_ff69618a,1,0.0361
11,gsm8k_test_00020_ff69618a,2,0.2398
11,gsm8k_test_00910_1943aa9b,1,0.0334
11,gsm8k_test_00910_1943aa9b,2,0.4751
11,gsm8k_test_00268_52b4e246,1,0.0594
11,gsm8k_test_00268_52b4e246,2,0.3185
11,gsm8k_test_00548_34620e87,1,0.0504
11,gsm8k_test_00548_34620e87,2,0.2522
11,gsm8k_test_00080_80005895,1,0.0515
11,gsm8k_test_00080_80005895,2,0.4014
11,gsm8k_test_00343_ed40523b,1,0.0231
11,gsm8k_test_00343_ed40523b,2,0.1732
11,gsm8k_test_00577_edd373a6,1,0.0279
11,gsm8k_test_00577_edd373a6,2,0.1194
11,gsm8k_test_00559_4bf74031,1,0.0292
11,gsm8k_test_00559_4bf74031,2,0.1211
11,gsm8k_test_01021_381bd36c,1,0.0246
11,gsm8k_test_01021_381bd36c,2,0.1595
11,gsm8k_test_00301_1bab74b7,1,0.0247
11,gsm8k_test_00301_1bab74b7,2,0.1362
11,gsm8k_test_00473_8db92231,1,0.0243
11,gsm8k_test_00473_8db92231,2,0.1223
11,gsm8k_test_00217_c9e36708,1,0.0245
11,gsm8k_test_00217_c9e36708,2,0.2008
11,gsm8k_test_00309_9807d6af,1,0.0272
11,gsm8k_test_00309_9807d6af,2,0.1161
11,gsm8k_test_00815_66561af1,1,0.0265
11,gsm8k_test_00815_66561af1,2,0.1824
11,gsm8k_test_00620_864f5666,1,0.0255
11,gsm8k_test_00620_864f5666,2,0.2179
11,gsm8k_test_00537_0a6cb6b4,1,0.0332
11,gsm8k_test_00537_0a6cb6b4,2,0.2292
11,gsm8k_test_01140_9022fd81,1,0.0364
11,gsm8k_test_01140_9022fd81,2,0.1505
11,gsm8k_test_00460_6ef4718b,1,0.032
11,gsm8k_test_00460_6ef4718b,2,0.2141
11,gsm8k_test_01307_36cb7728,1,0.0399
11,gsm8k_test_01307_36cb7728,2,0.14
11,gsm8k_test_00049_2c2c57ad,1,0.0207
11,gsm8k_test_00049_2c2c57ad,2,0.1741
11,gsm8k_test_00870_ff9fb8f2,1,0.0194
11,gsm8k_test_00870_ff9fb8f2,2,0.0887
11,gsm8k_test_00816_52b20c27,1,0.0149
11,gsm8k_test_00816_52b20c27,2,0.0755
11,gsm8k_test_00936_a1f79cfc,1,0.0145
11,gsm8k_test_00936_a1f79cfc,2,0.0857
11,gsm8k_test_00828_2f7755e1,1,0.0164
11,gsm8k_test_00828_2f7755e1,2,0.085
11,gsm8k_test_01244_b58f9541,1,0.0145
11,gsm8k_test_01244_b58f9541,2,0.0918
11,gsm8k_test_01151_92815c9d,1,0.014
11,gsm8k_test_01151_92815c9d,2,0.0978
11,gsm8k_test_01134_36c6bd38,1,0.014
11,gsm8k_test_01134_36c6bd38,2,0.066
11,gsm8k_test_00502_52aedfd3,1,0.0137
11,gsm8k_test_00502_52aedfd3,2,0.1762
11,gsm8k_test_00764_4e686855,1,0.0302
11,gsm8k_test_00764_4e686855,2,0.1303
11,gsm8k_test_00865_a9462d35,1,0.027
11,gsm8k_test_00865_a9462d35,2,0.1908
11,gsm8k_test_00488_74ec858e,1,0.0165
11,gsm8k_test_00488_74ec858e,2,0.0705
11,gsm8k_test_00457_2c6abaf1,1,0.0136
11,gsm8k_test_00457_2c6abaf1,2,0.0722
11,gsm8k_test_01239_e15c4625,1,0.0137
11,gsm8k_test_01239_e15c4625,2,0.0884
11,gsm8k_test_00489_a289e9a6,1,0.0145
11,gsm8k_test_00489_a289e9a6,2,0.1354
11,gsm8k_test_00751_f1f9462a,1,0.0145
11,gsm8k_test_00751_f1f9462a,2,0.0647
11,gsm8k_test_00132_77a67df7,1,0.0137
11,gsm8k_test_00132_77a67df7,2,0.1305
11,gsm8k_test_00335_60add6c9,1,0.014
11,gsm8k_test_00335_60add6c9,2,0.643
11,gsm8k_test_00003_2bcc778b,1,0.0196
11,gsm8k_test_00003_2bcc778b,2,0.1043
11,gsm8k_test_00054_0deb5903,1,0.0164
11,gsm8k_test_00054_0deb5903,2,0.087
12,gsm8k_test_00215_ffc8fac5,1,0.0155
12,gsm8k_test_00215_ffc8fac5,2,0.0806
12,gsm8k_test_00255_f62f9313,1,0.0145
12,gsm8k_test_00255_f62f9313,2,0.0718
12,gsm8k_test_01106_a7b8cc0f,1,0.0136
12,gsm8k_test_01106_a7b8cc0f,2,0.0881
12,gsm8k_test_00073_61963453,1,0.0218
12,gsm8k_test_00073_61963453,2,0.1645
12,gsm8k_test_00500_347dd970,1,0.0155
12,gsm8k_test_00500_347dd970,2,0.1395
12,gsm8k_test_00339_e85f8fac,1,0.0142
12,gsm8k_test_00339_e85f8fac,2,0.0729
12,gsm8k_test_00508_b698b79e,1,0.0139
12,gsm8k_test_00508_b698b79e,2,0.0693
12,gsm8k_test_00658_4cfceb7f,1,0.0138
12,gsm8k_test_00658_4cfceb7f,2,0.0957
12,gsm8k_test_00369_a962d6e4,1,0.014
12,gsm8k_test_00369_a962d6e4,2,0.0762
12,gsm8k_test_01131_1821fbe3,1,0.0136
12,gsm8k_test_01131_1821fbe3,2,0.1095
12,gsm8k_test_01115_de408347,1,0.014
12,gsm8k_test_01115_de408347,2,0.0722
12,gsm8k_test_00857_9ac256be,1,0.0135
12,gsm8k_test_00857_9ac256be,2,0.0871
12,gsm8k_test_01088_a5a07975,1,0.0141
12,gsm8k_test_01088_a5a07975,2,0.5565
12,gsm8k_test_00244_41946f32,1,0.0161
12,gsm8k_test_00244_41946f32,2,0.1374
12,gsm8k_test_01017_8f65effa,1,0.0145
12,gsm8k_test_01017_8f65effa,2,0.0888
12,gsm8k_test_00844_e5790a05,1,0.0139
12,gsm8k_test_00844_e5790a05,2,0.0861
12,gsm8k_test_00483_6ac6556f,1,0.0145
12,gsm8k_test_00483_6ac6556f,2,0.0658
12,gsm8k_test_00907_31c0f791,1,0.0134
12,gsm8k_test_00907_31c0f791,2,0.1029
12,gsm8k_test_00257_a7b9c6ad,1,0.0283
12,gsm8k_test_00257_a7b9c6ad,2,0.162
12,gsm8k_test_01032_528db496,1,0.0292
12,gsm8k_test_01032_528db496,2,0.3752
12,gsm8k_test_01212_942edef3,1,0.0239
12,gsm8k_test_01212_942edef3,2,0.128
12,gsm8k_test_00493_ff7f7a50,1,0.0196
12,gsm8k_test_00493_ff7f7a50,2,0.0981
12,gsm8k_test_00476_530143bc,1,0.0184
12,gsm8k_test_00476_530143bc,2,0.14
12,gsm8k_test_01061_46437934,1,0.0196
12,gsm8k_test_01061_46437934,2,0.183
12,gsm8k_test_00524_2ca46751,1,0.0159
12,gsm8k_test_00524_2ca46751,2,0.1105
12,gsm8k_test_00881_9c3e1462,1,0.0147
12,gsm8k_test_00881_9c3e1462,2,0.078
12,gsm8k_test_00879_22a8d3e2,1,0.0143
12,gsm8k_test_00879_22a8d3e2,2,0.0901
12,gsm8k_test_00773_2a63721b,1,0.0137
12,gsm8k_test_00773_2a63721b,2,0.0821
12,gsm8k_test_00435_2db4b8f3,1,0.0141
12,gsm8k_test_00435_2db4b8f3,2,0.1055
12,gsm8k_test_00418_9dc873fd,1,0.0168
12,gsm8k_test_00418_9dc873fd,2,0.0912
12,gsm8k_test_00431_5a59e693,1,0.0141
12,gsm8k_test_00431_5a59e693,2,0.189
12,gsm8k_test_00274_8ad9c225,1,0.0321
12,gsm8k_test_00274_8ad9c225,2,0.1956
12,gsm8k_test_00510_fa7b7d0d,1,0.0195
12,gsm8k_test_00510_fa7b7d0d,2,0.1427
12,gsm8k_test_01031_1e5fbd2e,1,0.0198
12,gsm8k_test_01031_1e5fbd2e,2,0.1072
12,gsm8k_test_00085_bebacd2d,1,0.0186
12,gsm8k_test_00085_bebacd2d,2,0.1262
12,gsm8k_test_00477_acf3bbda,1,0.0177
12,gsm8k_test_00477_acf3bbda,2,0.0942
12,gsm8k_test_00450_9d1539f5,1,0.0175
12,gsm8k_test_00450_9d1539f5,2,0.1006
12,gsm8k_test_00120_3ea258aa,1,0.0182
12,gsm8k_test_00120_3ea258aa,2,0.119
12,gsm8k_test_01179_74219b79,1,0.0175
12,gsm8k_test_01179_74219b79,2,0.0939
12,gsm8k_test_00902_a6cf7cc1,1,0.0196
12,gsm8k_test_00902_a6cf7cc1,2,0.1466
12,gsm8k_test_01051_51548cd5,1,0.0402
12,gsm8k_test_01051_51548cd5,2,0.1692
12,gsm8k_test_00249_3c77f17a,1,0.0378
12,gsm8k_test_00249_3c77f17a,2,0.1609
12,gsm8k_test_00347_22e2357c,1,0.0224
12,gsm8k_test_00347_22e2357c,2,0.1367
12,gsm8k_test_01086_87c2dae5,1,0.0176
12,gsm8k_test_01086_87c2dae5,2,0.1184
12,gsm8k_test_00323_e8fd8c2c,1,0.0174
12,gsm8k_test_00323_e8fd8c2c,2,0.133
12,gsm8k_test_00604_67b9756f,1,0.0148
12,gsm8k_test_00604_67b9756f,2,0.0779
12,gsm8k_test_00011_eb5fcd08,1,0.0137
12,gsm8k_test_00011_eb5fcd08,2,0.0762
12,gsm8k_test_01078_626c598e,1,0.0137
12,gsm8k_test_01078_626c598e,2,0.0643
12,gsm8k_test_00848_2343423f,1,0.0136
12,gsm8k_test_00848_2343423f,2,0.1056
12,gsm8k_test_00241_c3ad555a,1,0.0164
12,gsm8k_test_00241_c3ad555a,2,0.0653
12,gsm8k_test_00757_56918e68,1,0.0138
12,gsm8k_test_00757_56918e68,2,0.0695
12,gsm8k_test_00743_f7828584,1,0.0153
12,gsm8k_test_00743_f7828584,2,0.0753
12,gsm8k_test_00904_017cd46a,1,0.0144
12,gsm8k_test_00904_017cd46a,2,0.114
12,gsm8k_test_00331_796ada94,1,0.0142
12,gsm8k_test_00331_796ada94,2,0.1136
12,gsm8k_test_00663_5181789e,1,0.0146
12,gsm8k_test_00663_5181789e,2,0.0887
12,gsm8k_test_00761_3e0b56bd,1,0.0141
12,gsm8k_test_00761_3e0b56bd,2,0.0747
12,gsm8k_test_00281_03fb10d6,1,0.0138
12,gsm8k_test_00281_03fb10d6,2,0.127
12,gsm8k_test_00277_cc59173f,1,0.0139
12,gsm8k_test_00277_cc59173f,2,0.1306
12,gsm8k_test_00146_7d6e6c59,1,0.0143
12,gsm8k_test_00146_7d6e6c59,2,0.0807
12,gsm8k_test_00433_84c4dcad,1,0.015
12,gsm8k_test_00433_84c4dcad,2,0.1681
12,gsm8k_test_00854_91656af4,1,0.0302
12,gsm8k_test_00854_91656af4,2,0.1651
12,gsm8k_test_00020_ff69618a,1,0.03
12,gsm8k_test_00020_ff69618a,2,0.2193
12,gsm8k_test_00910_1943aa9b,1,0.0203
12,gsm8k_test_00910_1943aa9b,2,0.1399
12,gsm8k_test_00268_52b4e246,1,0.0181
12,gsm8k_test_00268_52b4e246,2,0.1259
12,gsm8k_test_00548_34620e87,1,0.0186
12,gsm8k_test_00548_34620e87,2,0.0993
12,gsm8k_test_00080_80005895,1,0.0164
12,gsm8k_test_00080_80005895,2,0.1006
12,gsm8k_test_00343_ed40523b,1,0.0144
12,gsm8k_test_00343_ed40523b,2,0.2277
12,gsm8k_test_00577_edd373a6,1,0.0152
12,gsm8k_test_00577_edd373a6,2,0.0696
12,gsm8k_test_00559_4bf74031,1,0.0136
12,gsm8k_test_00559_4bf74031,2,0.0622
12,gsm8k_test_01021_381bd36c,1,0.0136
12,gsm8k_test_01021_381bd36c,2,0.1481
12,gsm8k_test_00301_1bab74b7,1,0.0356
12,gsm8k_test_00301_1bab74b7,2,0.1464
12,gsm8k_test_00473_8db92231,1,0.0148
12,gsm8k_test_00473_8db92231,2,0.0684
12,gsm8k_test_00217_c9e36708,1,0.0139
12,gsm8k_test_00217_c9e36708,2,0.1048
12,gsm8k_test_00309_9807d6af,1,0.0144
12,gsm8k_test_00309_9807d6af,2,0.0684
12,gsm8k_test_00815_66561af1,1,0.0136
12,gsm8k_test_00815_66561af1,2,0.0965
12,gsm8k_test_00620_864f5666,1,0.0137
12,gsm8k_test_00620_864f5666,2,0.0784
12,gsm8k_test_00537_0a6cb6b4,1,0.0141
12,gsm8k_test_00537_0a6cb6b4,2,0.0837
12,gsm8k_test_01140_9022fd81,1,0.0187
12,gsm8k_test_01140_9022fd81,2,0.0721
12,gsm8k_test_00460_6ef4718b,1,0.0193
12,gsm8k_test_00460_6ef4718b,2,0.0804
12,gsm8k_test_01307_36cb7728,1,0.017
12,gsm8k_test_01307_36cb7728,2,0.0664
12,gsm8k_test_00049_2c2c57ad,1,0.0137
12,gsm8k_test_00049_2c2c57ad,2,0.1024
12,gsm8k_test_00870_ff9fb8f2,1,0.0138
12,gsm8k_test_00870_ff9fb8f2,2,0.0782
12,gsm8k_test_00816_52b20c27,1,0.0139
12,gsm8k_test_00816_52b20c27,2,0.068
12,gsm8k_test_00936_a1f79cfc,1,0.0135
12,gsm8k_test_00936_a1f79cfc,2,0.0807
12,gsm8k_test_00828_2f7755e1,1,0.0158
12,gsm8k_test_00828_2f7755e1,2,0.1843
12,gsm8k_test_01244_b58f9541,1,0.0146
12,gsm8k_test_01244_b58f9541,2,0.0926
12,gsm8k_test_01151_92815c9d,1,0.0136
12,gsm8k_test_01151_92815c9d,2,0.0772
12,gsm8k_test_01134_36c6bd38,1,0.0136
12,gsm8k_test_01134_36c6bd38,2,0.0612
12,gsm8k_test_00502_52aedfd3,1,0.0135
12,gsm8k_test_00502_52aedfd3,2,0.0729
12,gsm8k_test_00764_4e686855,1,0.0135
12,gsm8k_test_00764_4e686855,2,0.0714
12,gsm8k_test_00865_a9462d35,1,0.0145
12,gsm8k_test_00865_a9462d35,2,0.1605
12,gsm8k_test_00488_74ec858e,1,0.0165
12,gsm8k_test_00488_74ec858e,2,0.0706
12,gsm8k_test_00457_2c6abaf1,1,0.014
12,gsm8k_test_00457_2c6abaf1,2,0.0719
12,gsm8k_test_01239_e15c4625,1,0.0145
12,gsm8k_test_01239_e15c4625,2,0.08
12,gsm8k_test_00489_a289e9a6,1,0.0141
12,gsm8k_test_00489_a289e9a6,2,0.1423
12,gsm8k_test_00751_f1f9462a,1,0.0165
12,gsm8k_test_00751_f1f9462a,2,0.0706
12,gsm8k_test_00132_77a67df7,1,0.014
12,gsm8k_test_00132_77a67df7,2,0.1311
12,gsm8k_test_00335_60add6c9,1,0.0139
12,gsm8k_test_00335_60add6c9,2,0.0969
12,gsm8k_test_00003_2bcc778b,1,0.0141
12,gsm8k_test_00003_2bcc778b,2,0.0738
12,gsm8k_test_00054_0deb5903,1,0.0139
12,gsm8k_test_00054_0deb5903,2,0.0843
13,gsm8k_test_00215_ffc8fac5,1,0.0174
13,gsm8k_test_00215_ffc8fac5,2,0.084
13,gsm8k_test_00255_f62f9313,1,0.0142
13,gsm8k_test_00255_f62f9313,2,0.0617
13,gsm8k_test_01106_a7b8cc0f,1,0.0135
13,gsm8k_test_01106_a7b8cc0f,2,0.0855
13,gsm8k_test_00073_61963453,1,0.0136
13,gsm8k_test_00073_61963453,2,0.0897
13,gsm8k_test_00500_347dd970,1,0.0138
13,gsm8k_test_00500_347dd970,2,0.1338
13,gsm8k_test_00339_e85f8fac,1,0.0143
13,gsm8k_test_00339_e85f8fac,2,0.0823
13,gsm8k_test_00508_b698b79e,1,0.0136
13,gsm8k_test_00508_b698b79e,2,0.0707
13,gsm8k_test_00658_4cfceb7f,1,0.0234
13,gsm8k_test_00658_4cfceb7f,2,0.2774
13,gsm8k_test_00369_a962d6e4,1,0.0462
13,gsm8k_test_00369_a962d6e4,2,0.1981
13,gsm8k_test_01131_1821fbe3,1,0.0367
13,gsm8k_test_01131_1821fbe3,2,0.2317
13,gsm8k_test_01115_de408347,1,0.0334
13,gsm8k_test_01115_de408347,2,0.4832
13,gsm8k_test_00857_9ac256be,1,0.0216
13,gsm8k_test_00857_9ac256be,2,0.1688
13,gsm8k_test_01088_a5a07975,1,0.0203
13,gsm8k_test_01088_a5a07975,2,0.1785
13,gsm8k_test_00244_41946f32,1,0.0219
13,gsm8k_test_00244_41946f32,2,0.1596
13,gsm8k_test_01017_8f65effa,1,0.0341
13,gsm8k_test_01017_8f65effa,2,0.5456
13,gsm8k_test_00844_e5790a05,1,0.0174
13,gsm8k_test_00844_e5790a05,2,0.08
13,gsm8k_test_00483_6ac6556f,1,0.0158
13,gsm8k_test_00483_6ac6556f,2,0.0666
13,gsm8k_test_00907_31c0f791,1,0.0149
13,gsm8k_test_00907_31c0f791,2,0.0954
13,gsm8k_test_00257_a7b9c6ad,1,0.0144
13,gsm8k_test_00257_a7b9c6ad,2,0.0641
13,gsm8k_test_01032_528db496,1,0.0135
13,gsm8k_test_01032_528db496,2,0.3534
13,gsm8k_test_01212_942edef3,1,0.0311
13,gsm8k_test_01212_942edef3,2,0.1266
13,gsm8k_test_00493_ff7f7a50,1,0.0172
13,gsm8k_test_00493_ff7f7a50,2,0.0802
13,gsm8k_test_00476_530143bc,1,0.021
13,gsm8k_test_00476_530143bc,2,0.2298
13,gsm8k_test_01061_46437934,1,0.0242
13,gsm8k_test_01061_46437934,2,0.0759
13,gsm8k_test_00524_2ca46751,1,0.0143
13,gsm8k_test_00524_2ca46751,2,0.1014
13,gsm8k_test_00881_9c3e1462,1,0.0164
13,gsm8k_test_00881_9c3e1462,2,0.1117
13,gsm8k_test_00879_22a8d3e2,1,0.0272
13,gsm8k_test_00879_22a8d3e2,2,0.1754
13,gsm8k_test_00773_2a63721b,1,0.0283
13,gsm8k_test_00773_2a63721b,2,0.1706
13,gsm8k_test_00435_2db4b8f3,1,0.0338
13,gsm8k_test_00435_2db4b8f3,2,0.2549
13,gsm8k_test_00418_9dc873fd,1,0.0301
13,gsm8k_test_00418_9dc873fd,2,0.228
13,gsm8k_test_00431_5a59e693,1,0.0304
13,gsm8k_test_00431_5a59e693,2,0.1196
13,gsm8k_test_00274_8ad9c225,1,0.0192
13,gsm8k_test_00274_8ad9c225,2,0.1541
13,gsm8k_test_00510_fa7b7d0d,1,0.0184
13,gsm8k_test_00510_fa7b7d0d,2,0.1336
13,gsm8k_test_01031_1e5fbd2e,1,0.0179
13,gsm8k_test_01031_1e5fbd2e,2,0.1032
13,gsm8k_test_00085_bebacd2d,1,0.0186
13,gsm8k_test_00085_bebacd2d,2,0.12
13,gsm8k_test_00477_acf3bbda,1,0.0178
13,gsm8k_test_00477_acf3bbda,2,0.0921
13,gsm8k_test_00450_9d1539f5,1,0.0177
13,gsm8k_test_00450_9d1539f5,2,0.0915
13,gsm8k_test_00120_3ea258aa,1,0.0174
13,gsm8k_test_00120_3ea258aa,2,0.1157
13,gsm8k_test_01179_74219b79,1,0.0176
13,gsm8k_test_01179_74219b79,2,0.0908
13,gsm8k_test_00902_a6cf7cc1,1,0.0172
13,gsm8k_test_00902_a6cf7cc1,2,0.0967
13,gsm8k_test_01051_51548cd5,1,0.0146
13,gsm8k_test_01051_51548cd5,2,0.0698
13,gsm8k_test_00249_3c77f17a,1,0.016
13,gsm8k_test_00249_3c77f17a,2,0.0874
13,gsm8k_test_00347_22e2357c,1,0.0143
13,gsm8k_test_00347_22e2357c,2,0.1842
13,gsm8k_test_01086_87c2dae5,1,0.0158
13,gsm8k_test_01086_87c2dae5,2,0.0832
13,gsm8k_test_00323_e8fd8c2c,1,0.0137
13,gsm8k_test_00323_e8fd8c2c,2,0.0855
13,gsm8k_test_00604_67b9756f,1,0.014
13,gsm8k_test_00604_67b9756f,2,0.0808
13,gsm8k_test_00011_eb5fcd08,1,0.0139
13,gsm8k_test_00011_eb5fcd08,2,0.1133
13,gsm8k_test_01078_626c598e,1,0.0307
13,gsm8k_test_01078_626c598e,2,0.1692
13,gsm8k_test_00848_2343423f,1,0.0158
13,gsm8k_test_00848_2343423f,2,0.1001
13,gsm8k_test_00241_c3ad555a,1,0.0142
13,gsm8k_test_00241_c3ad555a,2,0.0832
13,gsm8k_test_00757_56918e68,1,0.0146
13,gsm8k_test_00757_56918e68,2,0.0735
13,gsm8k_test_00743_f7828584,1,0.0153
13,gsm8k_test_00743_f7828584,2,0.0755
13,gsm8k_test_00904_017cd46a,1,0.0141
13,gsm8k_test_00904_017cd46a,2,0.1182
13,gsm8k_test_00331_796ada94,1,0.0144
13,gsm8k_test_00331_796ada94,2,0.1106
13,gsm8k_test_00663_5181789e,1,0.014
13,gsm8k_test_00663_5181789e,2,0.0734
13,gsm8k_test_00761_3e0b56bd,1,0.015
13,gsm8k_test_00761_3e0b56bd,2,0.0729
13,gsm8k_test_00281_03fb10d6,1,0.0139
13,gsm8k_test_00281_03fb10d6,2,0.1257
13,gsm8k_test_00277_cc59173f,1,0.0137
13,gsm8k_test_00277_cc59173f,2,0.1303
13,gsm8k_test_00146_7d6e6c59,1,0.0179
13,gsm8k_test_00146_7d6e6c59,2,0.0845
13,gsm8k_test_00433_84c4dcad,1,0.0151
13,gsm8k_test_00433_84c4dcad,2,0.0791
13,gsm8k_test_00854_91656af4,1,0.0143
13,gsm8k_test_00854_91656af4,2,0.0762
13,gsm8k_test_00020_ff69618a,1,0.0164
13,gsm8k_test_00020_ff69618a,2,0.0973
13,gsm8k_test_00910_1943aa9b,1,0.0289
13,gsm8k_test_00910_1943aa9b,2,0.0893
13,gsm8k_test_00268_52b4e246,1,0.0205
13,gsm8k_test_00268_52b4e246,2,0.1109
13,gsm8k_test_00548_34620e87,1,0.0176
13,gsm8k_test_00548_34620e87,2,0.1148
13,gsm8k_test_00080_80005895,1,0.0163
13,gsm8k_test_00080_80005895,2,0.099
13,gsm8k_test_00343_ed40523b,1,0.0138
13,gsm8k_test_00343_ed40523b,2,0.081
13,gsm8k_test_00577_edd373a6,1,0.0138
13,gsm8k_test_00577_edd373a6,2,0.0747
13,gsm8k_test_00559_4bf74031,1,0.014
13,gsm8k_test_00559_4bf74031,2,0.0631
13,gsm8k_test_01021_381bd36c,1,0.0137
13,gsm8k_test_01021_381bd36c,2,0.1174
13,gsm8k_test_00301_1bab74b7,1,0.0143
13,gsm8k_test_00301_1bab74b7,2,0.1527
13,gsm8k_test_00473_8db92231,1,0.0346
13,gsm8k_test_00473_8db92231,2,0.1496
13,gsm8k_test_00217_c9e36708,1,0.0233
13,gsm8k_test_00217_c9e36708,2,0.1604
13,gsm8k_test_00309_9807d6af,1,0.0174
13,gsm8k_test_00309_9807d6af,2,0.0896
13,gsm8k_test_00815_66561af1,1,0.0197
13,gsm8k_test_00815_66561af1,2,0.1534
13,gsm8k_test_00620_864f5666,1,0.0175
13,gsm8k_test_00620_864f5666,2,0.1236
13,gsm8k_test_00537_0a6cb6b4,1,0.0251
13,gsm8k_test_00537_0a6cb6b4,2,0.1761
13,gsm8k_test_01140_9022fd81,1,0.0286
13,gsm8k_test_01140_9022fd81,2,0.1319
13,gsm8k_test_00460_6ef4718b,1,0.0286
13,gsm8k_test_00460_6ef4718b,2,0.1568
13,gsm8k_test_01307_36cb7728,1,0.0156
13,gsm8k_test_01307_36cb7728,2,0.0708
13,gsm8k_test_00049_2c2c57ad,1,0.014
13,gsm8k_test_00049_2c2c57ad,2,0.0992
13,gsm8k_test_00870_ff9fb8f2,1,0.0139
13,gsm8k_test_00870_ff9fb8f2,2,0.0796
13,gsm8k_test_00816_52b20c27,1,0.0139
13,gsm8k_test_00816_52b20c27,2,0.0709
13,gsm8k_test_00936_a1f79cfc,1,0.014
13,gsm8k_test_00936_a1f79cfc,2,0.0808
13,gsm8k_test_00828_2f7755e1,1,0.0138
13,gsm8k_test_00828_2f7755e1,2,0.0839
13,gsm8k_test_01244_b58f9541,1,0.0137
13,gsm8k_test_01244_b58f9541,2,0.1041
13,gsm8k_test_01151_92815c9d,1,0.0134
13,gsm8k_test_01151_92815c9d,2,0.0772
13,gsm8k_test_01134_36c6bd38,1,0.0141
13,gsm8k_test_01134_36c6bd38,2,0.0619
13,gsm8k_test_00502_52aedfd3,1,0.0135
13,gsm8k_test_00502_52aedfd3,2,0.0738
13,gsm8k_test_00764_4e686855,1,0.0158
13,gsm8k_test_00764_4e686855,2,0.0717
13,gsm8k_test_00865_a9462d35,1,0.0142
13,gsm8k_test_00865_a9462d35,2,0.1612
13,gsm8k_test_00488_74ec858e,1,0.0168
13,gsm8k_test_00488_74ec858e,2,0.0696
13,gsm8k_test_00457_2c6abaf1,1,0.0156
13,gsm8k_test_00457_2c6abaf1,2,0.0717
13,gsm8k_test_01239_e15c4625,1,0.0132
13,gsm8k_test_01239_e15c4625,2,0.0765
13,gsm8k_test_00489_a289e9a6,1,0.0136
13,gsm8k_test_00489_a289e9a6,2,0.1407
13,gsm8k_test_00751_f1f9462a,1,0.014
13,gsm8k_test_00751_f1f9462a,2,0.069
13,gsm8k_test_00132_77a67df7,1,0.0136
13,gsm8k_test_00132_77a67df7,2,0.1292
13,gsm8k_test_00335_60add6c9,1,0.0161
13,gsm8k_test_00335_60add6c9,2,0.0866
13,gsm8k_test_00003_2bcc778b,1,0.0139
13,gsm8k_test_00003_2bcc778b,2,0.0706
13,gsm8k_test_00054_0deb5903,1,0.0139
13,gsm8k_test_00054_0deb5903,2,0.082
14,gsm8k_test_00215_ffc8fac5,1,0.015
14,gsm8k_test_00215_ffc8fac5,2,0.0774
14,gsm8k_test_00255_f62f9313,1,0.0137
14,gsm8k_test_00255_f62f9313,2,0.0602
14,gsm8k_test_01106_a7b8cc0f,1,0.0133
14,gsm8k_test_01106_a7b8cc0f,2,0.0859
14,gsm8k_test_00073_61963453,1,0.0139
14,gsm8k_test_00073_61963453,2,0.0896
14,gsm8k_test_00500_347dd970,1,0.0137
14,gsm8k_test_00500_347dd970,2,0.1381
14,gsm8k_test_00339_e85f8fac,1,0.0149
14,gsm8k_test_00339_e85f8fac,2,0.0716
14,gsm8k_test_00508_b698b79e,1,0.0135
14,gsm8k_test_00508_b698b79e,2,0.0691
14,gsm8k_test_00658_4cfceb7f,1,0.0134
14,gsm8k_test_00658_4cfceb7f,2,0.1058
14,gsm8k_test_00369_a962d6e4,1,0.0432
14,gsm8k_test_00369_a962d6e4,2,0.2315
14,gsm8k_test_01131_1821fbe3,1,0.0198
14,gsm8k_test_01131_1821fbe3,2,0.1427
14,gsm8k_test_01115_de408347,1,0.0173
14,gsm8k_test_01115_de408347,2,0.1034
14,gsm8k_test_00857_9ac256be,1,0.0176
14,gsm8k_test_00857_9ac256be,2,0.1379
14,gsm8k_test_01088_a5a07975,1,0.0183
14,gsm8k_test_01088_a5a07975,2,0.1312
14,gsm8k_test_00244_41946f32,1,0.0173
14,gsm8k_test_00244_41946f32,2,0.2305
14,gsm8k_test_01017_8f65effa,1,0.0179
14,gsm8k_test_01017_8f65effa,2,0.1457
14,gsm8k_test_00844_e5790a05,1,0.0177
14,gsm8k_test_00844_e5790a05,2,0.1485
14,gsm8k_test_00483_6ac6556f,1,0.0377
14,gsm8k_test_00483_6ac6556f,2,0.1659
14,gsm8k_test_00907_31c0f791,1,0.0385
14,gsm8k_test_00907_31c0f791,2,0.3182
14,gsm8k_test_00257_a7b9c6ad,1,0.0364
14,gsm8k_test_00257_a7b9c6ad,2,0.164
14,gsm8k_test_01032_528db496,1,0.0317
14,gsm8k_test_01032_528db496,2,0.3797
14,gsm8k_test_01212_942edef3,1,0.0324
14,gsm8k_test_01212_942edef3,2,0.1723
14,gsm8k_test_00493_ff7f7a50,1,0.0376
14,gsm8k_test_00493_ff7f7a50,2,0.1653
14,gsm8k_test_00476_530143bc,1,0.0296
14,gsm8k_test_00476_530143bc,2,0.2348
14,gsm8k_test_01061_46437934,1,0.0269
14,gsm8k_test_01061_46437934,2,0.1669
14,gsm8k_test_00524_2ca46751,1,0.0409
14,gsm8k_test_00524_2ca46751,2,0.2147
14,gsm8k_test_00881_9c3e1462,1,0.0417
14,gsm8k_test_00881_9c3e1462,2,0.1799
14,gsm8k_test_00879_22a8d3e2,1,0.029
14,gsm8k_test_00879_22a8d3e2,2,0.1777
14,gsm8k_test_00773_2a63721b,1,0.0283
14,gsm8k_test_00773_2a63721b,2,0.1608
14,gsm8k_test_00435_2db4b8f3,1,0.0284
14,gsm8k_test_00435_2db4b8f3,2,0.2608
14,gsm8k_test_00418_9dc873fd,1,0.0468
14,gsm8k_test_00418_9dc873fd,2,0.2508
14,gsm8k_test_00431_5a59e693,1,0.0306
14,gsm8k_test_00431_5a59e693,2,0.1566
14,gsm8k_test_00274_8ad9c225,1,0.0338
14,gsm8k_test_00274_8ad9c225,2,0.2165
14,gsm8k_test_00510_fa7b7d0d,1,0.0306
14,gsm8k_test_00510_fa7b7d0d,2,0.2282
14,gsm8k_test_01031_1e5fbd2e,1,0.0287
14,gsm8k_test_01031_1e5fbd2e,2,0.1228
14,gsm8k_test_00085_bebacd2d,1,0.0196
14,gsm8k_test_00085_bebacd2d,2,0.1279
14,gsm8k_test_00477_acf3bbda,1,0.0162
14,gsm8k_test_00477_acf3bbda,2,0.0722
14,gsm8k_test_00450_9d1539f5,1,0.0148
14,gsm8k_test_00450_9d1539f5,2,0.0673
14,gsm8k_test_00120_3ea258aa,1,0.014
14,gsm8k_test_00120_3ea258aa,2,0.077
14,gsm8k_test_01179_74219b79,1,0.0141
14,gsm8k_test_01179_74219b79,2,0.0645
14,gsm8k_test_00902_a6cf7cc1,1,0.0149
14,gsm8k_test_00902_a6cf7cc1,2,0.0673
14,gsm8k_test_01051_51548cd5,1,0.0136
14,gsm8k_test_01051_51548cd5,2,0.063
14,gsm8k_test_00249_3c77f17a,1,0.0138
14,gsm8k_test_00249_3c77f17a,2,0.066
14,gsm8k_test_00347_22e2357c,1,0.0134
14,gsm8k_test_00347_22e2357c,2,0.1009
14,gsm8k_test_01086_87c2dae5,1,0.0143
14,gsm8k_test_01086_87c2dae5,2,0.0797
14,gsm8k_test_00323_e8fd8c2c,1,0.0154
14,gsm8k_test_00323_e8fd8c2c,2,0.0869
14,gsm8k_test_00604_67b9756f,1,0.0142
14,gsm8k_test_00604_67b9756f,2,0.0776
14,gsm8k_test_00011_eb5fcd08,1,0.0137
14,gsm8k_test_00011_eb5fcd08,2,0.0734
14,gsm8k_test_01078_626c598e,1,0.0135
14,gsm8k_test_01078_626c598e,2,0.0711
14,gsm8k_test_00848_2343423f,1,0.0143
14,gsm8k_test_00848_2343423f,2,0.0961
14,gsm8k_test_00241_c3ad555a,1,0.0134
14,gsm8k_test_00241_c3ad555a,2,0.0696
14,gsm8k_test_00757_56918e68,1,0.0163
14,gsm8k_test_00757_56918e68,2,0.0692
14,gsm8k_test_00743_f7828584,1,0.0153
14,gsm8k_test_00743_f7828584,2,0.0744
14,gsm8k_test_00904_017cd46a,1,0.0139
14,gsm8k_test_00904_017cd46a,2,0.1136
14,gsm8k_test_00331_796ada94,1,0.014
14,gsm8k_test_00331_796ada94,2,0.1189
14,gsm8k_test_00663_5181789e,1,0.0165
14,gsm8k_test_00663_5181789e,2,0.1201
14,gsm8k_test_00761_3e0b56bd,1,0.0143
14,gsm8k_test_00761_3e0b56bd,2,0.0763
14,gsm8k_test_00281_03fb10d6,1,0.0139
14,gsm8k_test_00281_03fb10d6,2,0.1243
14,gsm8k_test_00277_cc59173f,1,0.014
14,gsm8k_test_00277_cc59173f,2,0.1192
14,gsm8k_test_00146_7d6e6c59,1,0.0139
14,gsm8k_test_00146_7d6e6c59,2,0.0799
14,gsm8k_test_00433_84c4dcad,1,0.0145
14,gsm8k_test_00433_84c4dcad,2,0.0779
14,gsm8k_test_00854_91656af4,1,0.0141
14,gsm8k_test_00854_91656af4,2,0.0735
14,gsm8k_test_00020_ff69618a,1,0.0142
14,gsm8k_test_00020_ff69618a,2,0.0854
14,gsm8k_test_00910_1943aa9b,1,0.0134
14,gsm8k_test_00910_1943aa9b,2,0.0823
14,gsm8k_test_00268_52b4e246,1,0.014
14,gsm8k_test_00268_52b4e246,2,0.0817
14,gsm8k_test_00548_34620e87,1,0.0142
14,gsm8k_test_00548_34620e87,2,0.0693
14,gsm8k_test_00080_80005895,1,0.015
14,gsm8k_test_00080_80005895,2,0.0916
14,gsm8k_test_00343_ed40523b,1,0.0137
14,gsm8k_test_00343_ed40523b,2,0.0814
14,gsm8k_test_00577_edd373a6,1,0.0141
14,gsm8k_test_00577_edd373a6,2,0.0639
14,gsm8k_test_00559_4bf74031,1,0.0161
14,gsm8k_test_00559_4bf74031,2,0.061
14,gsm8k_test_01021_381bd36c,1,0.0134
14,gsm8k_test_01021_381bd36c,2,0.0907
14,gsm8k_test_00301_1bab74b7,1,0.0139
14,gsm8k_test_00301_1bab74b7,2,0.0897
14,gsm8k_test_00473_8db92231,1,0.0137
14,gsm8k_test_00473_8db92231,2,0.0631
14,gsm8k_test_00217_c9e36708,1,0.0165
14,gsm8k_test_00217_c9e36708,2,0.1001
14,gsm8k_test_00309_9807d6af,1,0.0136
14,gsm8k_test_00309_9807d6af,2,0.0634
14,gsm8k_test_00815_66561af1,1,0.0137
14,gsm8k_test_00815_66561af1,2,0.0943
14,gsm8k_test_00620_864f5666,1,0.0138
14,gsm8k_test_00620_864f5666,2,0.0808
14,gsm8k_test_00537_0a6cb6b4,1,0.0138
14,gsm8k_test_00537_0a6cb6b4,2,0.0748
14,gsm8k_test_01140_9022fd81,1,0.014
14,gsm8k_test_01140_9022fd81,2,0.0697
14,gsm8k_test_00460_6ef4718b,1,0.0151
14,gsm8k_test_00460_6ef4718b,2,0.0825
14,gsm8k_test_01307_36cb7728,1,0.0161
14,gsm8k_test_01307_36cb7728,2,0.0675
14,gsm8k_test_00049_2c2c57ad,1,0.0138
14,gsm8k_test_00049_2c2c57ad,2,0.1
14,gsm8k_test_00870_ff9fb8f2,1,0.014
14,gsm8k_test_00870_ff9fb8f2,2,0.084
14,gsm8k_test_00816_52b20c27,1,0.014
14,gsm8k_test_00816_52b20c27,2,0.0685
14,gsm8k_test_00936_a1f79cfc,1,0.0162
14,gsm8k_test_00936_a1f79cfc,2,0.0843
14,gsm8k_test_00828_2f7755e1,1,0.0159
14,gsm8k_test_00828_2f7755e1,2,0.0924
14,gsm8k_test_01244_b58f9541,1,0.0141
14,gsm8k_test_01244_b58f9541,2,0.0888
14,gsm8k_test_01151_92815c9d,1,0.0138
14,gsm8k_test_01151_92815c9d,2,0.0991
14,gsm8k_test_01134_36c6bd38,1,0.014
14,gsm8k_test_01134_36c6bd38,2,0.0632
14,gsm8k_test_00502_52aedfd3,1,0.0136
14,gsm8k_test_00502_52aedfd3,2,0.0709
14,gsm8k_test_00764_4e686855,1,0.0138
14,gsm8k_test_00764_4e686855,2,0.0721
14,gsm8k_test_00865_a9462d35,1,0.0139
14,gsm8k_test_00865_a9462d35,2,0.1587
14,gsm8k_test_00488_74ec858e,1,0.0141
14,gsm8k_test_00488_74ec858e,2,0.0765
14,gsm8k_test_00457_2c6abaf1,1,0.0144
14,gsm8k_test_00457_2c6abaf1,2,0.0746
14,gsm8k_test_01239_e15c4625,1,0.0133
14,gsm8k_test_01239_e15c4625,2,0.0721
14,gsm8k_test_00489_a289e9a6,1,0.0134
14,gsm8k_test_00489_a289e9a6,2,0.1312
14,gsm8k_test_00751_f1f9462a,1,0.1057
14,gsm8k_test_00751_f1f9462a,2,0.1067
14,gsm8k_test_00132_77a67df7,1,0.0175
14,gsm8k_test_00132_77a67df7,2,0.2126
14,gsm8k_test_00335_60add6c9,1,0.0177
14,gsm8k_test_00335_60add6c9,2,0.1305
14,gsm8k_test_00003_2bcc778b,1,0.0173
14,gsm8k_test_00003_2bcc778b,2,0.1061
14,gsm8k_test_00054_0deb5903,1,0.0144
14,gsm8k_test_00054_0deb5903,2,0.0892
15,gsm8k_test_00215_ffc8fac5,1,0.0151
15,gsm8k_test_00215_ffc8fac5,2,0.0794
15,gsm8k_test_00255_f62f9313,1,0.014
15,gsm8k_test_00255_f62f9313,2,0.062
15,gsm8k_test_01106_a7b8cc0f,1,0.0138
15,gsm8k_test_01106_a7b8cc0f,2,0.087
15,gsm8k_test_00073_61963453,1,0.0138
15,gsm8k_test_00073_61963453,2,0.0907
15,gsm8k_test_00500_347dd970,1,0.0139
15,gsm8k_test_00500_347dd970,2,0.1915
15,gsm8k_test_00339_e85f8fac,1,0.0291
15,gsm8k_test_00339_e85f8fac,2,0.1558
15,gsm8k_test_00508_b698b79e,1,0.0278
15,gsm8k_test_00508_b698b79e,2,0.2629
15,gsm8k_test_00658_4cfceb7f,1,0.0315
15,gsm8k_test_00658_4cfceb7f,2,0.2219
15,gsm8k_test_00369_a962d6e4,1,0.0383
15,gsm8k_test_00369_a962d6e4,2,0.1649
15,gsm8k_test_01131_1821fbe3,1,0.0449
15,gsm8k_test_01131_1821fbe3,2,0.2372
15,gsm8k_test_01115_de408347,1,0.0313
15,gsm8k_test_01115_de408347,2,0.1661
15,gsm8k_test_00857_9ac256be,1,0.0313
15,gsm8k_test_00857_9ac256be,2,0.3085
15,gsm8k_test_01088_a5a07975,1,0.0304
15,gsm8k_test_01088_a5a07975,2,0.2105
15,gsm8k_test_00244_41946f32,1,0.0311
15,gsm8k_test_00244_41946f32,2,0.3663
15,gsm8k_test_01017_8f65effa,1,0.048
15,gsm8k_test_01017_8f65effa,2,0.2227
15,gsm8k_test_00844_e5790a05,1,0.0326
15,gsm8k_test_00844_e5790a05,2,0.1637
15,gsm8k_test_00483_6ac6556f,1,0.0363
15,gsm8k_test_00483_6ac6556f,2,0.1559
15,gsm8k_test_00907_31c0f791,1,0.0299
15,gsm8k_test_00907_31c0f791,2,0.2448
15,gsm8k_test_00257_a7b9c6ad,1,0.0278
15,gsm8k_test_00257_a7b9c6ad,2,0.1634
15,gsm8k_test_01032_528db496,1,0.0294
15,gsm8k_test_01032_528db496,2,0.3764
15,gsm8k_test_01212_942edef3,1,0.0321
15,gsm8k_test_01212_942edef3,2,0.1447
15,gsm8k_test_00493_ff7f7a50,1,0.0203
15,gsm8k_test_00493_ff7f7a50,2,0.0978
15,gsm8k_test_00476_530143bc,1,0.0187
15,gsm8k_test_00476_530143bc,2,0.1485
15,gsm8k_test_01061_46437934,1,0.0182
15,gsm8k_test_01061_46437934,2,0.0916
15,gsm8k_test_00524_2ca46751,1,0.0202
15,gsm8k_test_00524_2ca46751,2,0.1494
15,gsm8k_test_00881_9c3e1462,1,0.0176
15,gsm8k_test_00881_9c3e1462,2,0.1149
15,gsm8k_test_00879_22a8d3e2,1,0.0178
15,gsm8k_test_00879_22a8d3e2,2,0.1142
15,gsm8k_test_00773_2a63721b,1,0.0196
15,gsm8k_test_00773_2a63721b,2,0.1165
15,gsm8k_test_00435_2db4b8f3,1,0.0174
15,gsm8k_test_00435_2db4b8f3,2,0.202
15,gsm8k_test_00418_9dc873fd,1,0.0295
15,gsm8k_test_00418_9dc873fd,2,0.2076
15,gsm8k_test_00431_5a59e693,1,0.0241
15,gsm8k_test_00431_5a59e693,2,0.105
15,gsm8k_test_00274_8ad9c225,1,0.0203
15,gsm8k_test_00274_8ad9c225,2,0.1497
15,gsm8k_test_00510_fa7b7d0d,1,0.0202
15,gsm8k_test_00510_fa7b7d0d,2,0.135
15,gsm8k_test_01031_1e5fbd2e,1,0.0177
15,gsm8k_test_01031_1e5fbd2e,2,0.1037
15,gsm8k_test_00085_bebacd2d,1,0.0189
15,gsm8k_test_00085_bebacd2d,2,0.1243
15,gsm8k_test_00477_acf3bbda,1,0.018
15,gsm8k_test_00477_acf3bbda,2,0.0965
15,gsm8k_test_00450_9d1539f5,1,0.0174
15,gsm8k_test_00450_9d1539f5,2,0.0987
15,gsm8k_test_00120_3ea258aa,1,0.0175
15,gsm8k_test_00120_3ea258aa,2,0.1128
15,gsm8k_test_01179_74219b79,1,0.0174
15,gsm8k_test_01179_74219b79,2,0.1101
15,gsm8k_test_00902_a6cf7cc1,1,0.0197
15,gsm8k_test_00902_a6cf7cc1,2,0.0967
15,gsm8k_test_01051_51548cd5,1,0.0173
15,gsm8k_test_01051_51548cd5,2,0.096
15,gsm8k_test_00249_3c77f17a,1,0.0174
15,gsm8k_test_00249_3c77f17a,2,0.0948
15,gsm8k_test_00347_22e2357c,1,0.0153
15,gsm8k_test_00347_22e2357c,2,0.0936
15,gsm8k_test_01086_87c2dae5,1,0.014
15,gsm8k_test_01086_87c2dae5,2,0.0798
15,gsm8k_test_00323_e8fd8c2c,1,0.016
15,gsm8k_test_00323_e8fd8c2c,2,0.0946
15,gsm8k_test_00604_67b9756f,1,0.0139
15,gsm8k_test_00604_67b9756f,2,0.0743
15,gsm8k_test_00011_eb5fcd08,1,0.014
15,gsm8k_test_00011_eb5fcd08,2,0.073
15,gsm8k_test_01078_626c598e,1,0.0136
15,gsm8k_test_01078_626c598e,2,0.0746
15,gsm8k_test_00848_2343423f,1,0.014
15,gsm8k_test_00848_2343423f,2,0.106
15,gsm8k_test_00241_c3ad555a,1,0.015
15,gsm8k_test_00241_c3ad555a,2,0.0643
15,gsm8k_test_00757_56918e68,1,0.0135
15,gsm8k_test_00757_56918e68,2,0.0692
15,gsm8k_test_00743_f7828584,1,0.0147
15,gsm8k_test_00743_f7828584,2,0.0796
15,gsm8k_test_00904_017cd46a,1,0.0141
15,gsm8k_test_00904_017cd46a,2,0.1103
15,gsm8k_test_00331_796ada94,1,0.014
15,gsm8k_test_00331_796ada94,2,0.0897
15,gsm8k_test_00663_5181789e,1,0.0137
15,gsm8k_test_00663_5181789e,2,0.0725
15,gsm8k_test_00761_3e0b56bd,1,0.0135
15,gsm8k_test_00761_3e0b56bd,2,0.0768
15,gsm8k_test_00281_03fb10d6,1,0.0144
15,gsm8k_test_00281_03fb10d6,2,0.1297
15,gsm8k_test_00277_cc59173f,1,0.0142
15,gsm8k_test_00277_cc59173f,2,0.1366
15,gsm8k_test_00146_7d6e6c59,1,0.0144
15,gsm8k_test_00146_7d6e6c59,2,0.0774
15,gsm8k_test_00433_84c4dcad,1,0.0146
15,gsm8k_test_00433_84c4dcad,2,0.0754
15,gsm8k_test_00854_91656af4,1,0.0141
15,gsm8k_test_00854_91656af4,2,0.0705
15,gsm8k_test_00020_ff69618a,1,0.0139
15,gsm8k_test_00020_ff69618a,2,0.0848
15,gsm8k_test_00910_1943aa9b,1,0.0139
15,gsm8k_test_00910_1943aa9b,2,0.0967
15,gsm8k_test_00268_52b4e246,1,0.0162
15,gsm8k_test_00268_52b4e246,2,0.0731
15,gsm8k_test_00548_34620e87,1,0.0137
15,gsm8k_test_00548_34620e87,2,0.0678
15,gsm8k_test_00080_80005895,1,0.0138
15,gsm8k_test_00080_80005895,2,0.0881
15,gsm8k_test_00343_ed40523b,1,0.0136
15,gsm8k_test_00343_ed40523b,2,0.0879
15,gsm8k_test_00577_edd373a6,1,0.0141
15,gsm8k_test_00577_edd373a6,2,0.063
15,gsm8k_test_00559_4bf74031,1,0.0135
15,gsm8k_test_00559_4bf74031,2,0.0629
15,gsm8k_test_01021_381bd36c,1,0.0132
15,gsm8k_test_01021_381bd36c,2,0.083
15,gsm8k_test_00301_1bab74b7,1,0.0137
15,gsm8k_test_00301_1bab74b7,2,0.0712
15,gsm8k_test_00473_8db92231,1,0.0135
15,gsm8k_test_00473_8db92231,2,0.061
15,gsm8k_test_00217_c9e36708,1,0.025
15,gsm8k_test_00217_c9e36708,2,0.1397
15,gsm8k_test_00309_9807d6af,1,0.0151
15,gsm8k_test_00309_9807d6af,2,0.2832
15,gsm8k_test_00815_66561af1,1,0.0223
15,gsm8k_test_00815_66561af1,2,0.1579
15,gsm8k_test_00620_864f5666,1,0.0181
15,gsm8k_test_00620_864f5666,2,0.1479
15,gsm8k_test_00537_0a6cb6b4,1,0.0349
15,gsm8k_test_00537_0a6cb6b4,2,0.211
15,gsm8k_test_01140_9022fd81,1,0.0439
15,gsm8k_test_01140_9022fd81,2,0.1976
15,gsm8k_test_00460_6ef4718b,1,0.0393
15,gsm8k_test_00460_6ef4718b,2,0.1948
15,gsm8k_test_01307_36cb7728,1,0.0206
15,gsm8k_test_01307_36cb7728,2,0.1384
15,gsm8k_test_00049_2c2c57ad,1,0.0198
15,gsm8k_test_00049_2c2c57ad,2,0.2083
15,gsm8k_test_00870_ff9fb8f2,1,0.0169
15,gsm8k_test_00870_ff9fb8f2,2,0.0892
15,gsm8k_test_00816_52b20c27,1,0.0336
15,gsm8k_test_00816_52b20c27,2,0.1847
15,gsm8k_test_00936_a1f79cfc,1,0.0458
15,gsm8k_test_00936_a1f79cfc,2,0.2593
15,gsm8k_test_00828_2f7755e1,1,0.0403
15,gsm8k_test_00828_2f7755e1,2,0.2035
15,gsm8k_test_01244_b58f9541,1,0.0408
15,gsm8k_test_01244_b58f9541,2,0.2403
15,gsm8k_test_01151_92815c9d,1,0.0378
15,gsm8k_test_01151_92815c9d,2,0.1176
15,gsm8k_test_01134_36c6bd38,1,0.0172
15,gsm8k_test_01134_36c6bd38,2,0.0696
15,gsm8k_test_00502_52aedfd3,1,0.026
15,gsm8k_test_00502_52aedfd3,2,0.2136
15,gsm8k_test_00764_4e686855,1,0.0436
15,gsm8k_test_00764_4e686855,2,0.1286
15,gsm8k_test_00865_a9462d35,1,0.0189
15,gsm8k_test_00865_a9462d35,2,0.3093
15,gsm8k_test_00488_74ec858e,1,0.0318
15,gsm8k_test_00488_74ec858e,2,0.1841
15,gsm8k_test_00457_2c6abaf1,1,0.0236
15,gsm8k_test_00457_2c6abaf1,2,0.1496
15,gsm8k_test_01239_e15c4625,1,0.022
15,gsm8k_test_01239_e15c4625,2,0.1003
15,gsm8k_test_00489_a289e9a6,1,0.0199
15,gsm8k_test_00489_a289e9a6,2,0.1365
15,gsm8k_test_00751_f1f9462a,1,0.0151
15,gsm8k_test_00751_f1f9462a,2,0.0692
15,gsm8k_test_00132_77a67df7,1,0.051
15,gsm8k_test_00132_77a67df7,2,0.1525
15,gsm8k_test_00335_60add6c9,1,0.0155
15,gsm8k_test_00335_60add6c9,2,0.1041
15,gsm8k_test_00003_2bcc778b,1,0.0149
15,gsm8k_test_00003_2bcc778b,2,0.0751
15,gsm8k_test_00054_0deb5903,1,0.014
15,gsm8k_test_00054_0deb5903,2,0.1266
16,gsm8k_test_00215_ffc8fac5,1,0.016
16,gsm8k_test_00215_ffc8fac5,2,0.0814
16,gsm8k_test_00255_f62f9313,1,0.0145
16,gsm8k_test_00255_f62f9313,2,0.0627
16,gsm8k_test_01106_a7b8cc0f,1,0.0162
16,gsm8k_test_01106_a7b8cc0f,2,0.0876
16,gsm8k_test_00073_61963453,1,0.0137
16,gsm8k_test_00073_61963453,2,0.0905
16,gsm8k_test_00500_347dd970,1,0.0138
16,gsm8k_test_00500_347dd970,2,0.1346
16,gsm8k_test_00339_e85f8fac,1,0.0145
16,gsm8k_test_00339_e85f8fac,2,0.0737
16,gsm8k_test_00508_b698b79e,1,0.016
16,gsm8k_test_00508_b698b79e,2,0.0722
16,gsm8k_test_00658_4cfceb7f,1,0.0153
16,gsm8k_test_00658_4cfceb7f,2,0.0953
16,gsm8k_test_00369_a962d6e4,1,0.0138
16,gsm8k_test_00369_a962d6e4,2,0.0852
16,gsm8k_test_01131_1821fbe3,1,0.014
16,gsm8k_test_01131_1821fbe3,2,0.0871
16,gsm8k_test_01115_de408347,1,0.0138
16,gsm8k_test_01115_de408347,2,0.0704
16,gsm8k_test_00857_9ac256be,1,0.0137
16,gsm8k_test_00857_9ac256be,2,0.0926
16,gsm8k_test_01088_a5a07975,1,0.0144
16,gsm8k_test_01088_a5a07975,2,0.0908
16,gsm8k_test_00244_41946f32,1,0.0138
16,gsm8k_test_00244_41946f32,2,0.1432
16,gsm8k_test_01017_8f65effa,1,0.0144
16,gsm8k_test_01017_8f65effa,2,0.0947
16,gsm8k_test_00844_e5790a05,1,0.0189
16,gsm8k_test_00844_e5790a05,2,0.0958
16,gsm8k_test_00483_6ac6556f,1,0.015
16,gsm8k_test_00483_6ac6556f,2,0.0872
16,gsm8k_test_00907_31c0f791,1,0.0286
16,gsm8k_test_00907_31c0f791,2,0.1209
16,gsm8k_test_00257_a7b9c6ad,1,0.0146
16,gsm8k_test_00257_a7b9c6ad,2,0.0669
16,gsm8k_test_01032_528db496,1,0.0137
16,gsm8k_test_01032_528db496,2,0.1462
16,gsm8k_test_01212_942edef3,1,0.0137
16,gsm8k_test_01212_942edef3,2,0.0733
16,gsm8k_test_00493_ff7f7a50,1,0.0151
16,gsm8k_test_00493_ff7f7a50,2,0.0636
16,gsm8k_test_00476_530143bc,1,0.0135
16,gsm8k_test_00476_530143bc,2,0.0857
16,gsm8k_test_01061_46437934,1,0.0137
16,gsm8k_test_01061_46437934,2,0.0599
16,gsm8k_test_00524_2ca46751,1,0.0136
16,gsm8k_test_00524_2ca46751,2,0.0924
16,gsm8k_test_00881_9c3e1462,1,0.0136
16,gsm8k_test_00881_9c3e1462,2,0.0716
16,gsm8k_test_00879_22a8d3e2,1,0.014
16,gsm8k_test_00879_22a8d3e2,2,0.0766
16,gsm8k_test_00773_2a63721b,1,0.0134
16,gsm8k_test_00773_2a63721b,2,0.0718
16,gsm8k_test_00435_2db4b8f3,1,0.0134
16,gsm8k_test_00435_2db4b8f3,2,0.1023
16,gsm8k_test_00418_9dc873fd,1,0.0137
16,gsm8k_test_00418_9dc873fd,2,0.1045
16,gsm8k_test_00431_5a59e693,1,0.014
16,gsm8k_test_00431_5a59e693,2,0.063
16,gsm8k_test_00274_8ad9c225,1,0.0135
16,gsm8k_test_00274_8ad9c225,2,0.0902
16,gsm8k_test_00510_fa7b7d0d,1,0.0136
16,gsm8k_test_00510_fa7b7d0d,2,0.0977
16,gsm8k_test_01031_1e5fbd2e,1,0.0141
16,gsm8k_test_01031_1e5fbd2e,2,0.0708
16,gsm8k_test_00085_bebacd2d,1,0.0147
16,gsm8k_test_00085_bebacd2d,2,0.0804
16,gsm8k_test_00477_acf3bbda,1,0.0135
16,gsm8k_test_00477_acf3bbda,2,0.0636
16,gsm8k_test_00450_9d1539f5,1,0.0137
16,gsm8k_test_00450_9d1539f5,2,0.0646
16,gsm8k_test_00120_3ea258aa,1,0.0137
16,gsm8k_test_00120_3ea258aa,2,0.0749
16,gsm8k_test_01179_74219b79,1,0.0137
16,gsm8k_test_01179_74219b79,2,0.062
16,gsm8k_test_00902_a6cf7cc1,1,0.0131
16,gsm8k_test_00902_a6cf7cc1,2,0.064
16,gsm8k_test_01051_51548cd5,1,0.0157
16,gsm8k_test_01051_51548cd5,2,0.0746
16,gsm8k_test_00249_3c77f17a,1,0.0159
16,gsm8k_test_00249_3c77f17a,2,0.07
16,gsm8k_test_00347_22e2357c,1,0.0138
16,gsm8k_test_00347_22e2357c,2,0.0858
16,gsm8k_test_01086_87c2dae5,1,0.0137
16,gsm8k_test_01086_87c2dae5,2,0.0801
16,gsm8k_test_00323_e8fd8c2c,1,0.0136
16,gsm8k_test_00323_e8fd8c2c,2,0.0834
16,gsm8k_test_00604_67b9756f,1,0.0135
16,gsm8k_test_00604_67b9756f,2,0.079
16,gsm8k_test_00011_eb5fcd08,1,0.0313
16,gsm8k_test_00011_eb5fcd08,2,0.0754
16,gsm8k_test_01078_626c598e,1,0.0137
16,gsm8k_test_01078_626c598e,2,0.0649
16,gsm8k_test_00848_2343423f,1,0.0138
16,gsm8k_test_00848_2343423f,2,0.0908
16,gsm8k_test_00241_c3ad555a,1,0.0136
16,gsm8k_test_00241_c3ad555a,2,0.0602
16,gsm8k_test_00757_56918e68,1,0.0134
16,gsm8k_test_00757_56918e68,2,0.0762
16,gsm8k_test_00743_f7828584,1,0.0156
16,gsm8k_test_00743_f7828584,2,0.0773
16,gsm8k_test_00904_017cd46a,1,0.0139
16,gsm8k_test_00904_017cd46a,2,0.109
16,gsm8k_test_00331_796ada94,1,0.0158
16,gsm8k_test_00331_796ada94,2,0.0941
16,gsm8k_test_00663_5181789e,1,0.0134
16,gsm8k_test_00663_5181789e,2,0.0723
16,gsm8k_test_00761_3e0b56bd,1,0.0136
16,gsm8k_test_00761_3e0b56bd,2,0.0714
16,gsm8k_test_00281_03fb10d6,1,0.0137
16,gsm8k_test_00281_03fb10d6,2,0.2561
16,gsm8k_test_00277_cc59173f,1,0.0168
16,gsm8k_test_00277_cc59173f,2,0.1251
16,gsm8k_test_00146_7d6e6c59,1,0.0141
16,gsm8k_test_00146_7d6e6c59,2,0.0801
16,gsm8k_test_00433_84c4dcad,1,0.0151
16,gsm8k_test_00433_84c4dcad,2,0.079
16,gsm8k_test_00854_91656af4,1,0.0143
16,gsm8k_test_00854_91656af4,2,0.0918
16,gsm8k_test_00020_ff69618a,1,0.0138
16,gsm8k_test_00020_ff69618a,2,0.0863
16,gsm8k_test_00910_1943aa9b,1,0.0136
16,gsm8k_test_00910_1943aa9b,2,0.082
16,gsm8k_test_00268_52b4e246,1,0.0136
16,gsm8k_test_00268_52b4e246,2,0.0778
16,gsm8k_test_00548_34620e87,1,0.0141
16,gsm8k_test_00548_34620e87,2,0.0699
16,gsm8k_test_00080_80005895,1,0.0136
16,gsm8k_test_00080_80005895,2,0.0912
16,gsm8k_test_00343_ed40523b,1,0.0136
16,gsm8k_test_00343_ed40523b,2,0.1026
16,gsm8k_test_00577_edd373a6,1,0.0139
16,gsm8k_test_00577_edd373a6,2,0.0631
16,gsm8k_test_00559_4bf74031,1,0.0135
16,gsm8k_test_00559_4bf74031,2,0.0598
16,gsm8k_test_01021_381bd36c,1,0.0135
16,gsm8k_test_01021_381bd36c,2,0.0861
16,gsm8k_test_00301_1bab74b7,1,0.0136
16,gsm8k_test_00301_1bab74b7,2,0.0709
16,gsm8k_test_00473_8db92231,1,0.0135
16,gsm8k_test_00473_8db92231,2,0.063
16,gsm8k_test_00217_c9e36708,1,0.0132
16,gsm8k_test_00217_c9e36708,2,0.0994
16,gsm8k_test_00309_9807d6af,1,0.0139
16,gsm8k_test_00309_9807d6af,2,0.064
16,gsm8k_test_00815_66561af1,1,0.0156
16,gsm8k_test_00815_66561af1,2,0.0973
16,gsm8k_test_00620_864f5666,1,0.0139
16,gsm8k_test_00620_864f5666,2,0.079
16,gsm8k_test_00537_0a6cb6b4,1,0.0139
16,gsm8k_test_00537_0a6cb6b4,2,0.0713
16,gsm8k_test_01140_9022fd81,1,0.0136
16,gsm8k_test_01140_9022fd81,2,0.0774
16,gsm8k_test_00460_6ef4718b,1,0.0148
16,gsm8k_test_00460_6ef4718b,2,0.0778
16,gsm8k_test_01307_36cb7728,1,0.0137
16,gsm8k_test_01307_36cb7728,2,0.0705
16,gsm8k_test_00049_2c2c57ad,1,0.0138
16,gsm8k_test_00049_2c2c57ad,2,0.1041
16,gsm8k_test_00870_ff9fb8f2,1,0.0179
16,gsm8k_test_00870_ff9fb8f2,2,0.0827
16,gsm8k_test_00816_52b20c27,1,0.0147
16,gsm8k_test_00816_52b20c27,2,0.0785
16,gsm8k_test_00936_a1f79cfc,1,0.0138
16,gsm8k_test_00936_a1f79cfc,2,0.0802
16,gsm8k_test_00828_2f7755e1,1,0.0136
16,gsm8k_test_00828_2f7755e1,2,0.083
16,gsm8k_test_01244_b58f9541,1,0.0137
16,gsm8k_test_01244_b58f9541,2,0.0914
16,gsm8k_test_01151_92815c9d,1,0.0158
16,gsm8k_test_01151_92815c9d,2,0.0741
16,gsm8k_test_01134_36c6bd38,1,0.0141
16,gsm8k_test_01134_36c6bd38,2,0.0641
16,gsm8k_test_00502_52aedfd3,1,0.0139
16,gsm8k_test_00502_52aedfd3,2,0.0691
16,gsm8k_test_00764_4e686855,1,0.0144
16,gsm8k_test_00764_4e686855,2,0.0826
16,gsm8k_test_00865_a9462d35,1,0.0171
16,gsm8k_test_00865_a9462d35,2,0.1567
16,gsm8k_test_00488_74ec858e,1,0.016
16,gsm8k_test_00488_74ec858e,2,0.0731
16,gsm8k_test_00457_2c6abaf1,1,0.0156
16,gsm8k_test_00457_2c6abaf1,2,0.0995
16,gsm8k_test_01239_e15c4625,1,0.0152
16,gsm8k_test_01239_e15c4625,2,0.1052
16,gsm8k_test_00489_a289e9a6,1,0.0364
16,gsm8k_test_00489_a289e9a6,2,0.2241
16,gsm8k_test_00751_f1f9462a,1,0.0186
16,gsm8k_test_00751_f1f9462a,2,0.1803
16,gsm8k_test_00132_77a67df7,1,0.0368
16,gsm8k_test_00132_77a67df7,2,0.3602
16,gsm8k_test_00335_60add6c9,1,0.0341
16,gsm8k_test_00335_60add6c9,2,0.2419
16,gsm8k_test_00003_2bcc778b,1,0.039
16,gsm8k_test_00003_2bcc778b,2,0.1695
16,gsm8k_test_00054_0deb5903,1,0.0323
16,gsm8k_test_00054_0deb5903,2,0.1786
17,gsm8k_test_00215_ffc8fac5,1,0.0283
17,gsm8k_test_00215_ffc8fac5,2,0.1628
17,gsm8k_test_00255_f62f9313,1,0.0315
17,gsm8k_test_00255_f62f9313,2,0.0899
17,gsm8k_test_01106_a7b8cc0f,1,0.0165
17,gsm8k_test_01106_a7b8cc0f,2,0.094
17,gsm8k_test_00073_61963453,1,0.0183
17,gsm8k_test_00073_61963453,2,0.1289
17,gsm8k_test_00500_347dd970,1,0.0405
17,gsm8k_test_00500_347dd970,2,0.1604
17,gsm8k_test_00339_e85f8fac,1,0.0183
17,gsm8k_test_00339_e85f8fac,2,0.0759
17,gsm8k_test_00508_b698b79e,1,0.0142
17,gsm8k_test_00508_b698b79e,2,0.0738
17,gsm8k_test_00658_4cfceb7f,1,0.0139
17,gsm8k_test_00658_4cfceb7f,2,0.093
17,gsm8k_test_00369_a962d6e4,1,0.014
17,gsm8k_test_00369_a962d6e4,2,0.0724
17,gsm8k_test_01131_1821fbe3,1,0.0161
17,gsm8k_test_01131_1821fbe3,2,0.1899
17,gsm8k_test_01115_de408347,1,0.0268
17,gsm8k_test_01115_de408347,2,0.1574
17,gsm8k_test_00857_9ac256be,1,0.0271
17,gsm8k_test_00857_9ac256be,2,0.2046
17,gsm8k_test_01088_a5a07975,1,0.0259
17,gsm8k_test_01088_a5a07975,2,0.1677
17,gsm8k_test_00244_41946f32,1,0.0253
17,gsm8k_test_00244_41946f32,2,0.3158
17,gsm8k_test_01017_8f65effa,1,0.0328
17,gsm8k_test_01017_8f65effa,2,0.2319
17,gsm8k_test_00844_e5790a05,1,0.039
17,gsm8k_test_00844_e5790a05,2,0.1312
17,gsm8k_test_00483_6ac6556f,1,0.0171
17,gsm8k_test_00483_6ac6556f,2,0.1334
17,gsm8k_test_00907_31c0f791,1,0.039
17,gsm8k_test_00907_31c0f791,2,0.2203
17,gsm8k_test_00257_a7b9c6ad,1,0.0358
17,gsm8k_test_00257_a7b9c6ad,2,0.1433
17,gsm8k_test_01032_528db496,1,0.0265
17,gsm8k_test_01032_528db496,2,0.1931
17,gsm8k_test_01212_942edef3,1,0.0191
17,gsm8k_test_01212_942edef3,2,0.0834
17,gsm8k_test_00493_ff7f7a50,1,0.0161
17,gsm8k_test_00493_ff7f7a50,2,0.0695
17,gsm8k_test_00476_530143bc,1,0.0147
17,gsm8k_test_00476_530143bc,2,0.094
17,gsm8k_test_01061_46437934,1,0.0141
17,gsm8k_test_01061_46437934,2,0.0894
17,gsm8k_test_00524_2ca46751,1,0.018
17,gsm8k_test_00524_2ca46751,2,0.1187
17,gsm8k_test_00881_9c3e1462,1,0.0146
17,gsm8k_test_00881_9c3e1462,2,0.076
17,gsm8k_test_00879_22a8d3e2,1,0.0136
17,gsm8k_test_00879_22a8d3e2,2,0.0769
17,gsm8k_test_00773_2a63721b,1,0.0136
17,gsm8k_test_00773_2a63721b,2,0.0733
17,gsm8k_test_00435_2db4b8f3,1,0.0135
17,gsm8k_test_00435_2db4b8f3,2,0.1037
17,gsm8k_test_00418_9dc873fd,1,0.014
17,gsm8k_test_00418_9dc873fd,2,0.2163
17,gsm8k_test_00431_5a59e693,1,0.0369
17,gsm8k_test_00431_5a59e693,2,0.1604
17,gsm8k_test_00274_8ad9c225,1,0.0277
17,gsm8k_test_00274_8ad9c225,2,0.2202
17,gsm8k_test_00510_fa7b7d0d,1,0.0258
17,gsm8k_test_00510_fa7b7d0d,2,0.199
17,gsm8k_test_01031_1e5fbd2e,1,0.0275
17,gsm8k_test_01031_1e5fbd2e,2,0.1513
17,gsm8k_test_00085_bebacd2d,1,0.0282
17,gsm8k_test_00085_bebacd2d,2,0.1767
17,gsm8k_test_00477_acf3bbda,1,0.0273
17,gsm8k_test_00477_acf3bbda,2,0.1368
17,gsm8k_test_00450_9d1539f5,1,0.0287
17,gsm8k_test_00450_9d1539f5,2,0.1391
17,gsm8k_test_00120_3ea258aa,1,0.0269
17,gsm8k_test_00120_3ea258aa,2,0.2013
17,gsm8k_test_01179_74219b79,1,0.0301
17,gsm8k_test_01179_74219b79,2,0.1588
17,gsm8k_test_00902_a6cf7cc1,1,0.029
17,gsm8k_test_00902_a6cf7cc1,2,0.146
17,gsm8k_test_01051_51548cd5,1,0.0277
17,gsm8k_test_01051_51548cd5,2,0.1406
17,gsm8k_test_00249_3c77f17a,1,0.0274
17,gsm8k_test_00249_3c77f17a,2,0.1473
17,gsm8k_test_00347_22e2357c,1,0.028
17,gsm8k_test_00347_22e2357c,2,0.1923
17,gsm8k_test_01086_87c2dae5,1,0.0275
17,gsm8k_test_01086_87c2dae5,2,0.1699
17,gsm8k_test_00323_e8fd8c2c,1,0.026
17,gsm8k_test_00323_e8fd8c2c,2,0.1871
17,gsm8k_test_00604_67b9756f,1,0.0295
17,gsm8k_test_00604_67b9756f,2,0.1871
17,gsm8k_test_00011_eb5fcd08,1,0.0293
17,gsm8k_test_00011_eb5fcd08,2,0.1696
17,gsm8k_test_01078_626c598e,1,0.0277
17,gsm8k_test_01078_626c598e,2,0.1592
17,gsm8k_test_00848_2343423f,1,0.0277
17,gsm8k_test_00848_2343423f,2,0.2187
17,gsm8k_test_00241_c3ad555a,1,0.0298
17,gsm8k_test_00241_c3ad555a,2,0.1355
17,gsm8k_test_00757_56918e68,1,0.0268
17,gsm8k_test_00757_56918e68,2,0.1531
17,gsm8k_test_00743_f7828584,1,0.0308
17,gsm8k_test_00743_f7828584,2,0.1664
17,gsm8k_test_00904_017cd46a,1,0.0283
17,gsm8k_test_00904_017cd46a,2,0.2915
17,gsm8k_test_00331_796ada94,1,0.0259
17,gsm8k_test_00331_796ada94,2,0.2085
17,gsm8k_test_00663_5181789e,1,0.0278
17,gsm8k_test_00663_5181789e,2,0.164
17,gsm8k_test_00761_3e0b56bd,1,0.0304
17,gsm8k_test_00761_3e0b56bd,2,0.1531
17,gsm8k_test_00281_03fb10d6,1,0.0269
17,gsm8k_test_00281_03fb10d6,2,0.2886
17,gsm8k_test_00277_cc59173f,1,0.027
17,gsm8k_test_00277_cc59173f,2,0.2756
17,gsm8k_test_00146_7d6e6c59,1,0.0285
17,gsm8k_test_00146_7d6e6c59,2,0.1766
17,gsm8k_test_00433_84c4dcad,1,0.0286
17,gsm8k_test_00433_84c4dcad,2,0.2284
17,gsm8k_test_00854_91656af4,1,0.0329
17,gsm8k_test_00854_91656af4,2,0.1681
17,gsm8k_test_00020_ff69618a,1,0.03
17,gsm8k_test_00020_ff69618a,2,0.1946
17,gsm8k_test_00910_1943aa9b,1,0.0303
17,gsm8k_test_00910_1943aa9b,2,0.2046
17,gsm8k_test_00268_52b4e246,1,0.03
17,gsm8k_test_00268_52b4e246,2,0.1603
17,gsm8k_test_00548_34620e87,1,0.028
17,gsm8k_test_00548_34620e87,2,0.1466
17,gsm8k_test_00080_80005895,1,0.0274
17,gsm8k_test_00080_80005895,2,0.24
17,gsm8k_test_00343_ed40523b,1,0.0298
17,gsm8k_test_00343_ed40523b,2,0.1853
17,gsm8k_test_00577_edd373a6,1,0.0322
17,gsm8k_test_00577_edd373a6,2,0.1581
17,gsm8k_test_00559_4bf74031,1,0.0283
17,gsm8k_test_00559_4bf74031,2,0.1368
17,gsm8k_test_01021_381bd36c,1,0.0282
17,gsm8k_test_01021_381bd36c,2,0.1922
17,gsm8k_test_00301_1bab74b7,1,0.0288
17,gsm8k_test_00301_1bab74b7,2,0.1613
17,gsm8k_test_00473_8db92231,1,0.0267
17,gsm8k_test_00473_8db92231,2,0.1393
17,gsm8k_test_00217_c9e36708,1,0.0291
17,gsm8k_test_00217_c9e36708,2,0.2169
17,gsm8k_test_00309_9807d6af,1,0.0276
17,gsm8k_test_00309_9807d6af,2,0.1995
17,gsm8k_test_00815_66561af1,1,0.0291
17,gsm8k_test_00815_66561af1,2,0.2249
17,gsm8k_test_00620_864f5666,1,0.0294
17,gsm8k_test_00620_864f5666,2,0.183
17,gsm8k_test_00537_0a6cb6b4,1,0.0279
17,gsm8k_test_00537_0a6cb6b4,2,0.1504
17,gsm8k_test_01140_9022fd81,1,0.0265
17,gsm8k_test_01140_9022fd81,2,0.1411
17,gsm8k_test_00460_6ef4718b,1,0.0263
17,gsm8k_test_00460_6ef4718b,2,0.1587
17,gsm8k_test_01307_36cb7728,1,0.026
17,gsm8k_test_01307_36cb7728,2,0.1312
17,gsm8k_test_00049_2c2c57ad,1,0.0252
17,gsm8k_test_00049_2c2c57ad,2,0.2092
17,gsm8k_test_00870_ff9fb8f2,1,0.0245
17,gsm8k_test_00870_ff9fb8f2,2,0.1557
17,gsm8k_test_00816_52b20c27,1,0.0246
17,gsm8k_test_00816_52b20c27,2,0.1387
17,gsm8k_test_00936_a1f79cfc,1,0.0246
17,gsm8k_test_00936_a1f79cfc,2,0.1756
17,gsm8k_test_00828_2f7755e1,1,0.0289
17,gsm8k_test_00828_2f7755e1,2,0.1808
17,gsm8k_test_01244_b58f9541,1,0.0278
17,gsm8k_test_01244_b58f9541,2,0.2071
17,gsm8k_test_01151_92815c9d,1,0.028
17,gsm8k_test_01151_92815c9d,2,0.1628
17,gsm8k_test_01134_36c6bd38,1,0.0248
17,gsm8k_test_01134_36c6bd38,2,0.1199
17,gsm8k_test_00502_52aedfd3,1,0.0245
17,gsm8k_test_00502_52aedfd3,2,0.1423
17,gsm8k_test_00764_4e686855,1,0.0242
17,gsm8k_test_00764_4e686855,2,0.1586
17,gsm8k_test_00865_a9462d35,1,0.0248
17,gsm8k_test_00865_a9462d35,2,0.3352
17,gsm8k_test_00488_74ec858e,1,0.0254
17,gsm8k_test_00488_74ec858e,2,0.1359
17,gsm8k_test_00457_2c6abaf1,1,0.0243
17,gsm8k_test_00457_2c6abaf1,2,0.1445
17,gsm8k_test_01239_e15c4625,1,0.0282
17,gsm8k_test_01239_e15c4625,2,0.1621
17,gsm8k_test_00489_a289e9a6,1,0.0274
17,gsm8k_test_00489_a289e9a6,2,0.2754
17,gsm8k_test_00751_f1f9462a,1,0.0282
17,gsm8k_test_00751_f1f9462a,2,0.1497
17,gsm8k_test_00132_77a67df7,1,0.0271
17,gsm8k_test_00132_77a67df7,2,0.3699
17,gsm8k_test_00335_60add6c9,1,0.0317
17,gsm8k_test_00335_60add6c9,2,0.2292
17,gsm8k_test_00003_2bcc778b,1,0.0317
17,gsm8k_test_00003_2bcc778b,2,0.1841
17,gsm8k_test_00054_0deb5903,1,0.0286
17,gsm8k_test_00054_0deb5903,2,0.2013
18,gsm8k_test_00215_ffc8fac5,1,0.0295
18,gsm8k_test_00215_ffc8fac5,2,0.181
18,gsm8k_test_00255_f62f9313,1,0.0281
18,gsm8k_test_00255_f62f9313,2,0.1349
18,gsm8k_test_01106_a7b8cc0f,1,0.0282
18,gsm8k_test_01106_a7b8cc0f,2,0.1989
18,gsm8k_test_00073_61963453,1,0.0303
18,gsm8k_test_00073_61963453,2,0.2323
18,gsm8k_test_00500_347dd970,1,0.0289
18,gsm8k_test_00500_347dd970,2,0.3112
18,gsm8k_test_00339_e85f8fac,1,0.029
18,gsm8k_test_00339_e85f8fac,2,0.166
18,gsm8k_test_00508_b698b79e,1,0.0286
18,gsm8k_test_00508_b698b79e,2,0.1603
18,gsm8k_test_00658_4cfceb7f,1,0.028
18,gsm8k_test_00658_4cfceb7f,2,0.2165
18,gsm8k_test_00369_a962d6e4,1,0.0278
18,gsm8k_test_00369_a962d6e4,2,0.1586
18,gsm8k_test_01131_1821fbe3,1,0.0285
18,gsm8k_test_01131_1821fbe3,2,0.1965
18,gsm8k_test_01115_de408347,1,0.0299
18,gsm8k_test_01115_de408347,2,0.2102
18,gsm8k_test_00857_9ac256be,1,0.0322
18,gsm8k_test_00857_9ac256be,2,0.203
18,gsm8k_test_01088_a5a07975,1,0.0317
18,gsm8k_test_01088_a5a07975,2,0.1996
18,gsm8k_test_00244_41946f32,1,0.0276
18,gsm8k_test_00244_41946f32,2,0.3196
18,gsm8k_test_01017_8f65effa,1,0.0286
18,gsm8k_test_01017_8f65effa,2,0.2074
18,gsm8k_test_00844_e5790a05,1,0.0283
18,gsm8k_test_00844_e5790a05,2,0.1565
18,gsm8k_test_00483_6ac6556f,1,0.0279
18,gsm8k_test_00483_6ac6556f,2,0.1527
18,gsm8k_test_00907_31c0f791,1,0.0304
18,gsm8k_test_00907_31c0f791,2,0.258
18,gsm8k_test_00257_a7b9c6ad,1,0.0344
18,gsm8k_test_00257_a7b9c6ad,2,0.1542
18,gsm8k_test_01032_528db496,1,0.0299
18,gsm8k_test_01032_528db496,2,0.3712
18,gsm8k_test_01212_942edef3,1,0.0296
18,gsm8k_test_01212_942edef3,2,0.1717
18,gsm8k_test_00493_ff7f7a50,1,0.0312
18,gsm8k_test_00493_ff7f7a50,2,0.1403
18,gsm8k_test_00476_530143bc,1,0.0286
18,gsm8k_test_00476_530143bc,2,0.2045
18,gsm8k_test_01061_46437934,1,0.0305
18,gsm8k_test_01061_46437934,2,0.1412
18,gsm8k_test_00524_2ca46751,1,0.0278
18,gsm8k_test_00524_2ca46751,2,0.2399
18,gsm8k_test_00881_9c3e1462,1,0.0325
18,gsm8k_test_00881_9c3e1462,2,0.1766
18,gsm8k_test_00879_22a8d3e2,1,0.0283
18,gsm8k_test_00879_22a8d3e2,2,0.1728
18,gsm8k_test_00773_2a63721b,1,0.0285
18,gsm8k_test_00773_2a63721b,2,0.1705
18,gsm8k_test_00435_2db4b8f3,1,0.026
18,gsm8k_test_00435_2db4b8f3,2,0.2351
18,gsm8k_test_00418_9dc873fd,1,0.0276
18,gsm8k_test_00418_9dc873fd,2,0.2045
18,gsm8k_test_00431_5a59e693,1,0.0293
18,gsm8k_test_00431_5a59e693,2,0.1495
18,gsm8k_test_00274_8ad9c225,1,0.0277
18,gsm8k_test_00274_8ad9c225,2,0.2308
18,gsm8k_test_00510_fa7b7d0d,1,0.0294
18,gsm8k_test_00510_fa7b7d0d,2,0.2033
18,gsm8k_test_01031_1e5fbd2e,1,0.0272
18,gsm8k_test_01031_1e5fbd2e,2,0.1583
18,gsm8k_test_00085_bebacd2d,1,0.0283
18,gsm8k_test_00085_bebacd2d,2,0.1773
18,gsm8k_test_00477_acf3bbda,1,0.0277
18,gsm8k_test_00477_acf3bbda,2,0.1398
18,gsm8k_test_00450_9d1539f5,1,0.0275
18,gsm8k_test_00450_9d1539f5,2,0.1343
18,gsm8k_test_00120_3ea258aa,1,0.0269
18,gsm8k_test_00120_3ea258aa,2,0.1638
18,gsm8k_test_01179_74219b79,1,0.0265
18,gsm8k_test_01179_74219b79,2,0.1341
18,gsm8k_test_00902_a6cf7cc1,1,0.0749
18,gsm8k_test_00902_a6cf7cc1,2,0.1536
18,gsm8k_test_01051_51548cd5,1,0.0281
18,gsm8k_test_01051_51548cd5,2,0.135
18,gsm8k_test_00249_3c77f17a,1,0.027
18,gsm8k_test_00249_3c77f17a,2,0.1351
18,gsm8k_test_00347_22e2357c,1,0.0275
18,gsm8k_test_00347_22e2357c,2,0.182
18,gsm8k_test_01086_87c2dae5,1,0.0274
18,gsm8k_test_01086_87c2dae5,2,0.1603
18,gsm8k_test_00323_e8fd8c2c,1,0.0263
18,gsm8k_test_00323_e8fd8c2c,2,0.172
18,gsm8k_test_00604_67b9756f,1,0.0268
18,gsm8k_test_00604_67b9756f,2,0.1555
18,gsm8k_test_00011_eb5fcd08,1,0.0268
18,gsm8k_test_00011_eb5fcd08,2,0.1716
18,gsm8k_test_01078_626c598e,1,0.0292
18,gsm8k_test_01078_626c598e,2,0.1751
18,gsm8k_test_00848_2343423f,1,0.032
18,gsm8k_test_00848_2343423f,2,0.2196
18,gsm8k_test_00241_c3ad555a,1,0.028
18,gsm8k_test_00241_c3ad555a,2,0.1349
18,gsm8k_test_00757_56918e68,1,0.0293
18,gsm8k_test_00757_56918e68,2,0.1548
18,gsm8k_test_00743_f7828584,1,0.0295
18,gsm8k_test_00743_f7828584,2,0.1638
18,gsm8k_test_00904_017cd46a,1,0.0332
18,gsm8k_test_00904_017cd46a,2,0.2606
18,gsm8k_test_00331_796ada94,1,0.0318
18,gsm8k_test_00331_796ada94,2,0.2112
18,gsm8k_test_00663_5181789e,1,0.0372
18,gsm8k_test_00663_5181789e,2,0.2568
18,gsm8k_test_00761_3e0b56bd,1,0.0396
18,gsm8k_test_00761_3e0b56bd,2,0.1649
18,gsm8k_test_00281_03fb10d6,1,0.0216
18,gsm8k_test_00281_03fb10d6,2,0.2163
18,gsm8k_test_00277_cc59173f,1,0.0196
18,gsm8k_test_00277_cc59173f,2,0.2218
18,gsm8k_test_00146_7d6e6c59,1,0.0239
18,gsm8k_test_00146_7d6e6c59,2,0.1352
18,gsm8k_test_00433_84c4dcad,1,0.0205
18,gsm8k_test_00433_84c4dcad,2,0.1246
18,gsm8k_test_00854_91656af4,1,0.0186
18,gsm8k_test_00854_91656af4,2,0.1293
18,gsm8k_test_00020_ff69618a,1,0.0193
18,gsm8k_test_00020_ff69618a,2,0.1651
18,gsm8k_test_00910_1943aa9b,1,0.0155
18,gsm8k_test_00910_1943aa9b,2,0.1334
18,gsm8k_test_00268_52b4e246,1,0.0162
18,gsm8k_test_00268_52b4e246,2,0.0962
18,gsm8k_test_00548_34620e87,1,0.0149
18,gsm8k_test_00548_34620e87,2,0.1106
18,gsm8k_test_00080_80005895,1,0.0171
18,gsm8k_test_00080_80005895,2,0.1026
18,gsm8k_test_00343_ed40523b,1,0.0287
18,gsm8k_test_00343_ed40523b,2,0.1637
18,gsm8k_test_00577_edd373a6,1,0.0156
18,gsm8k_test_00577_edd373a6,2,0.0792
18,gsm8k_test_00559_4bf74031,1,0.0153
18,gsm8k_test_00559_4bf74031,2,0.065
18,gsm8k_test_01021_381bd36c,1,0.0139
18,gsm8k_test_01021_381bd36c,2,0.087
18,gsm8k_test_00301_1bab74b7,1,0.0169
18,gsm8k_test_00301_1bab74b7,2,0.0801
18,gsm8k_test_00473_8db92231,1,0.0146
18,gsm8k_test_00473_8db92231,2,0.0637
18,gsm8k_test_00217_c9e36708,1,0.0141
18,gsm8k_test_00217_c9e36708,2,0.097
18,gsm8k_test_00309_9807d6af,1,0.0159
18,gsm8k_test_00309_9807d6af,2,0.0677
18,gsm8k_test_00815_66561af1,1,0.0139
18,gsm8k_test_00815_66561af1,2,0.0923
18,gsm8k_test_00620_864f5666,1,0.014
18,gsm8k_test_00620_864f5666,2,0.1108
18,gsm8k_test_00537_0a6cb6b4,1,0.0147
18,gsm8k_test_00537_0a6cb6b4,2,0.0791
18,gsm8k_test_01140_9022fd81,1,0.0161
18,gsm8k_test_01140_9022fd81,2,0.0714
18,gsm8k_test_00460_6ef4718b,1,0.0189
18,gsm8k_test_00460_6ef4718b,2,0.0891
18,gsm8k_test_01307_36cb7728,1,0.0143
18,gsm8k_test_01307_36cb7728,2,0.0876
18,gsm8k_test_00049_2c2c57ad,1,0.0279
18,gsm8k_test_00049_2c2c57ad,2,0.1957
18,gsm8k_test_00870_ff9fb8f2,1,0.026
18,gsm8k_test_00870_ff9fb8f2,2,0.142
18,gsm8k_test_00816_52b20c27,1,0.0276
18,gsm8k_test_00816_52b20c27,2,0.154
18,gsm8k_test_00936_a1f79cfc,1,0.0397
18,gsm8k_test_00936_a1f79cfc,2,0.1902
18,gsm8k_test_00828_2f7755e1,1,0.0293
18,gsm8k_test_00828_2f7755e1,2,0.1927
18,gsm8k_test_01244_b58f9541,1,0.0355
18,gsm8k_test_01244_b58f9541,2,0.2122
18,gsm8k_test_01151_92815c9d,1,0.033
18,gsm8k_test_01151_92815c9d,2,0.1467
18,gsm8k_test_01134_36c6bd38,1,0.0276
18,gsm8k_test_01134_36c6bd38,2,0.1121
18,gsm8k_test_00502_52aedfd3,1,0.0257
18,gsm8k_test_00502_52aedfd3,2,0.1342
18,gsm8k_test_00764_4e686855,1,0.0264
18,gsm8k_test_00764_4e686855,2,0.1305
18,gsm8k_test_00865_a9462d35,1,0.0263
18,gsm8k_test_00865_a9462d35,2,0.2622
18,gsm8k_test_00488_74ec858e,1,0.0276
18,gsm8k_test_00488_74ec858e,2,0.1256
18,gsm8k_test_00457_2c6abaf1,1,0.028
18,gsm8k_test_00457_2c6abaf1,2,0.1461
18,gsm8k_test_01239_e15c4625,1,0.0266
18,gsm8k_test_01239_e15c4625,2,0.1533
18,gsm8k_test_00489_a289e9a6,1,0.03
18,gsm8k_test_00489_a289e9a6,2,0.2402
18,gsm8k_test_00751_f1f9462a,1,0.0327
18,gsm8k_test_00751_f1f9462a,2,0.1239
18,gsm8k_test_00132_77a67df7,1,0.0274
18,gsm8k_test_00132_77a67df7,2,0.2379
18,gsm8k_test_00335_60add6c9,1,0.0329
18,gsm8k_test_00335_60add6c9,2,0.1815
18,gsm8k_test_00003_2bcc778b,1,0.0286
18,gsm8k_test_00003_2bcc778b,2,0.1472
18,gsm8k_test_00054_0deb5903,1,0.0272
18,gsm8k_test_00054_0deb5903,2,0.1592
19,gsm8k_test_00215_ffc8fac5,1,0.0313
19,gsm8k_test_00215_ffc8fac5,2,0.1438
19,gsm8k_test_00255_f62f9313,1,0.0271
19,gsm8k_test_00255_f62f9313,2,0.1667
19,gsm8k_test_01106_a7b8cc0f,1,0.0298
19,gsm8k_test_01106_a7b8cc0f,2,0.2541
19,gsm8k_test_00073_61963453,1,0.0324
19,gsm8k_test_00073_61963453,2,0.2481
19,gsm8k_test_00500_347dd970,1,0.0333
19,gsm8k_test_00500_347dd970,2,0.3102
19,gsm8k_test_00339_e85f8fac,1,0.0345
19,gsm8k_test_00339_e85f8fac,2,0.1866
19,gsm8k_test_00508_b698b79e,1,0.032
19,gsm8k_test_00508_b698b79e,2,0.1818
19,gsm8k_test_00658_4cfceb7f,1,0.0347
19,gsm8k_test_00658_4cfceb7f,2,0.2355
19,gsm8k_test_00369_a962d6e4,1,0.0315
19,gsm8k_test_00369_a962d6e4,2,0.1763
19,gsm8k_test_01131_1821fbe3,1,0.0305
19,gsm8k_test_01131_1821fbe3,2,0.2251
19,gsm8k_test_01115_de408347,1,0.053
19,gsm8k_test_01115_de408347,2,0.2561
19,gsm8k_test_00857_9ac256be,1,0.0247
19,gsm8k_test_00857_9ac256be,2,0.1156
19,gsm8k_test_01088_a5a07975,1,0.0163
19,gsm8k_test_01088_a5a07975,2,0.1321
19,gsm8k_test_00244_41946f32,1,0.0158
19,gsm8k_test_00244_41946f32,2,0.2449
19,gsm8k_test_01017_8f65effa,1,0.0166
19,gsm8k_test_01017_8f65effa,2,0.1013
19,gsm8k_test_00844_e5790a05,1,0.0146
19,gsm8k_test_00844_e5790a05,2,0.0768
19,gsm8k_test_00483_6ac6556f,1,0.0142
19,gsm8k_test_00483_6ac6556f,2,0.0724
19,gsm8k_test_00907_31c0f791,1,0.0312
19,gsm8k_test_00907_31c0f791,2,0.2154
19,gsm8k_test_00257_a7b9c6ad,1,0.028
19,gsm8k_test_00257_a7b9c6ad,2,0.1406
19,gsm8k_test_01032_528db496,1,0.0435
19,gsm8k_test_01032_528db496,2,0.3569
19,gsm8k_test_01212_942edef3,1,0.0303
19,gsm8k_test_01212_942edef3,2,0.1449
19,gsm8k_test_00493_ff7f7a50,1,0.0272
19,gsm8k_test_00493_ff7f7a50,2,0.1205
19,gsm8k_test_00476_530143bc,1,0.0327
19,gsm8k_test_00476_530143bc,2,0.1772
19,gsm8k_test_01061_46437934,1,0.0556
19,gsm8k_test_01061_46437934,2,0.1253
19,gsm8k_test_00524_2ca46751,1,0.0263
19,gsm8k_test_00524_2ca46751,2,0.181
19,gsm8k_test_00881_9c3e1462,1,0.027
19,gsm8k_test_00881_9c3e1462,2,0.1455
19,gsm8k_test_00879_22a8d3e2,1,0.026
19,gsm8k_test_00879_22a8d3e2,2,0.1447
19,gsm8k_test_00773_2a63721b,1,0.0261
19,gsm8k_test_00773_2a63721b,2,0.1377
19,gsm8k_test_00435_2db4b8f3,1,0.0265
19,gsm8k_test_00435_2db4b8f3,2,0.1915
19,gsm8k_test_00418_9dc873fd,1,0.0255
19,gsm8k_test_00418_9dc873fd,2,0.1619
19,gsm8k_test_00431_5a59e693,1,0.0255
19,gsm8k_test_00431_5a59e693,2,0.1319
19,gsm8k_test_00274_8ad9c225,1,0.0294
19,gsm8k_test_00274_8ad9c225,2,0.1681
19,gsm8k_test_00510_fa7b7d0d,1,0.0266
19,gsm8k_test_00510_fa7b7d0d,2,0.1655
19,gsm8k_test_01031_1e5fbd2e,1,0.0256
19,gsm8k_test_01031_1e5fbd2e,2,0.1545
19,gsm8k_test_00085_bebacd2d,1,0.0277
19,gsm8k_test_00085_bebacd2d,2,0.1508
19,gsm8k_test_00477_acf3bbda,1,0.0263
19,gsm8k_test_00477_acf3bbda,2,0.1259
19,gsm8k_test_00450_9d1539f5,1,0.0267
19,gsm8k_test_00450_9d1539f5,2,0.1232
19,gsm8k_test_00120_3ea258aa,1,0.0295
19,gsm8k_test_00120_3ea258aa,2,0.1621
19,gsm8k_test_01179_74219b79,1,0.0264
19,gsm8k_test_01179_74219b79,2,0.1318
19,gsm8k_test_00902_a6cf7cc1,1,0.0273
19,gsm8k_test_00902_a6cf7cc1,2,0.1267
19,gsm8k_test_01051_51548cd5,1,0.0414
19,gsm8k_test_01051_51548cd5,2,0.1443
19,gsm8k_test_00249_3c77f17a,1,0.0333
19,gsm8k_test_00249_3c77f17a,2,0.1358
19,gsm8k_test_00347_22e2357c,1,0.0271
19,gsm8k_test_00347_22e2357c,2,0.2082
19,gsm8k_test_01086_87c2dae5,1,0.0289
19,gsm8k_test_01086_87c2dae5,2,0.1535
19,gsm8k_test_00323_e8fd8c2c,1,0.0301
19,gsm8k_test_00323_e8fd8c2c,2,0.1569
19,gsm8k_test_00604_67b9756f,1,0.0289
19,gsm8k_test_00604_67b9756f,2,0.134
19,gsm8k_test_00011_eb5fcd08,1,0.0249
19,gsm8k_test_00011_eb5fcd08,2,0.13
19,gsm8k_test_01078_626c598e,1,0.0259
19,gsm8k_test_01078_626c598e,2,0.1179
19,gsm8k_test_00848_2343423f,1,0.0309
19,gsm8k_test_00848_2343423f,2,0.1729
19,gsm8k_test_00241_c3ad555a,1,0.0263
19,gsm8k_test_00241_c3ad555a,2,0.1118
19,gsm8k_test_00757_56918e68,1,0.024
19,gsm8k_test_00757_56918e68,2,0.1217
19,gsm8k_test_00743_f7828584,1,0.0316
19,gsm8k_test_00743_f7828584,2,0.1643
19,gsm8k_test_00904_017cd46a,1,0.0297
19,gsm8k_test_00904_017cd46a,2,0.3277
19,gsm8k_test_00331_796ada94,1,0.0362
19,gsm8k_test_00331_796ada94,2,0.239
19,gsm8k_test_00663_5181789e,1,0.035
19,gsm8k_test_00663_5181789e,2,0.1978
19,gsm8k_test_00761_3e0b56bd,1,0.0313
19,gsm8k_test_00761_3e0b56bd,2,0.1701
19,gsm8k_test_00281_03fb10d6,1,0.03
19,gsm8k_test_00281_03fb10d6,2,0.3069
19,gsm8k_test_00277_cc59173f,1,0.0306
19,gsm8k_test_00277_cc59173f,2,0.356
19,gsm8k_test_00146_7d6e6c59,1,0.0331
19,gsm8k_test_00146_7d6e6c59,2,0.2129
19,gsm8k_test_00433_84c4dcad,1,0.0349
19,gsm8k_test_00433_84c4dcad,2,0.2
19,gsm8k_test_00854_91656af4,1,0.0301
19,gsm8k_test_00854_91656af4,2,0.1676
19,gsm8k_test_00020_ff69618a,1,0.0302
19,gsm8k_test_00020_ff69618a,2,0.228
19,gsm8k_test_00910_1943aa9b,1,0.0384
19,gsm8k_test_00910_1943aa9b,2,0.2081
19,gsm8k_test_00268_52b4e246,1,0.0418
19,gsm8k_test_00268_52b4e246,2,0.1978
19,gsm8k_test_00548_34620e87,1,0.0297
19,gsm8k_test_00548_34620e87,2,0.1654
19,gsm8k_test_00080_80005895,1,0.0301
19,gsm8k_test_00080_80005895,2,0.2487
19,gsm8k_test_00343_ed40523b,1,0.0294
19,gsm8k_test_00343_ed40523b,2,0.1976
19,gsm8k_test_00577_edd373a6,1,0.0283
19,gsm8k_test_00577_edd373a6,2,0.1357
19,gsm8k_test_00559_4bf74031,1,0.0266
19,gsm8k_test_00559_4bf74031,2,0.1321
19,gsm8k_test_01021_381bd36c,1,0.0264
19,gsm8k_test_01021_381bd36c,2,0.1886
19,gsm8k_test_00301_1bab74b7,1,0.0262
19,gsm8k_test_00301_1bab74b7,2,0.1563
19,gsm8k_test_00473_8db92231,1,0.0263
19,gsm8k_test_00473_8db92231,2,0.1121
19,gsm8k_test_00217_c9e36708,1,0.0189
19,gsm8k_test_00217_c9e36708,2,0.2088
19,gsm8k_test_00309_9807d6af,1,0.0291
19,gsm8k_test_00309_9807d6af,2,0.1387
19,gsm8k_test_00815_66561af1,1,0.0285
19,gsm8k_test_00815_66561af1,2,0.225
19,gsm8k_test_00620_864f5666,1,0.0326
19,gsm8k_test_00620_864f5666,2,0.1976
19,gsm8k_test_00537_0a6cb6b4,1,0.0306
19,gsm8k_test_00537_0a6cb6b4,2,0.1465
19,gsm8k_test_01140_9022fd81,1,0.0207
19,gsm8k_test_01140_9022fd81,2,0.1128
19,gsm8k_test_00460_6ef4718b,1,0.0189
19,gsm8k_test_00460_6ef4718b,2,0.089
19,gsm8k_test_01307_36cb7728,1,0.0155
19,gsm8k_test_01307_36cb7728,2,0.071
19,gsm8k_test_00049_2c2c57ad,1,0.0147
19,gsm8k_test_00049_2c2c57ad,2,0.1467
19,gsm8k_test_00870_ff9fb8f2,1,0.0256
19,gsm8k_test_00870_ff9fb8f2,2,0.148
19,gsm8k_test_00816_52b20c27,1,0.0296
19,gsm8k_test_00816_52b20c27,2,0.1436
19,gsm8k_test_00936_a1f79cfc,1,0.0261
19,gsm8k_test_00936_a1f79cfc,2,0.1775
19,gsm8k_test_00828_2f7755e1,1,0.03
19,gsm8k_test_00828_2f7755e1,2,0.2501
19,gsm8k_test_01244_b58f9541,1,0.0436
19,gsm8k_test_01244_b58f9541,2,0.2999
19,gsm8k_test_01151_92815c9d,1,0.0887
19,gsm8k_test_01151_92815c9d,2,0.2148
19,gsm8k_test_01134_36c6bd38,1,0.034
19,gsm8k_test_01134_36c6bd38,2,0.1591
19,gsm8k_test_00502_52aedfd3,1,0.0332
19,gsm8k_test_00502_52aedfd3,2,0.183
19,gsm8k_test_00764_4e686855,1,0.0339
19,gsm8k_test_00764_4e686855,2,0.1754
19,gsm8k_test_00865_a9462d35,1,0.0348
19,gsm8k_test_00865_a9462d35,2,0.4222
19,gsm8k_test_00488_74ec858e,1,0.0382
19,gsm8k_test_00488_74ec858e,2,0.2002
19,gsm8k_test_00457_2c6abaf1,1,0.0352
19,gsm8k_test_00457_2c6abaf1,2,0.1934
19,gsm8k_test_01239_e15c4625,1,0.032
19,gsm8k_test_01239_e15c4625,2,0.1837
19,gsm8k_test_00489_a289e9a6,1,0.03
19,gsm8k_test_00489_a289e9a6,2,0.3287
19,gsm8k_test_00751_f1f9462a,1,0.0331
19,gsm8k_test_00751_f1f9462a,2,0.1821
19,gsm8k_test_00132_77a67df7,1,0.0319
19,gsm8k_test_00132_77a67df7,2,0.3468
19,gsm8k_test_00335_60add6c9,1,0.0318
19,gsm8k_test_00335_60add6c9,2,0.2677
19,gsm8k_test_00003_2bcc778b,1,0.0415
19,gsm8k_test_00003_2bcc778b,2,0.1922
19,gsm8k_test_00054_0deb5903,1,0.0337
19,gsm8k_test_00054_0deb5903,2,0.2172
