run_id,brier,auc,n,scope
mistral_small_24b_2409__arc_test_00000_398537ec__temp0.10__seed7,0.12432008220288757,,8,per_run_oof
mistral_small_24b_2409__arc_test_00000_398537ec__temp0.60__seed7,0.20597481014991406,,8,per_run_oof
mistral_small_24b_2409__arc_test_00000_398537ec__temp1.00__seed7,0.1863335268667169,,8,per_run_oof
mistral_small_24b_2409__arc_test_00001_d4bf1bf9__temp0.10__seed7,0.12618433694475914,1.0,8,per_run_oof
mistral_small_24b_2409__arc_test_00001_d4bf1bf9__temp0.60__seed7,0.2905901759297979,0.9166666666666667,8,per_run_oof
mistral_small_24b_2409__arc_test_00001_d4bf1bf9__temp1.00__seed7,0.08517338870014939,1.0,8,per_run_oof
mistral_small_24b_2409__arc_test_00002_eef48f5d__temp0.10__seed7,0.15669688480350563,1.0,8,per_run_oof
mistral_small_24b_2409__arc_test_00002_eef48f5d__temp0.60__seed7,0.17176618693330914,0.8666666666666667,8,per_run_oof
mistral_small_24b_2409__arc_test_00002_eef48f5d__temp1.00__seed7,0.06804550113902377,1.0,8,per_run_oof
mistral_small_24b_2409__arc_test_00003_c16c54fb__temp0.10__seed7,0.11615627461052513,1.0,8,per_run_oof
mistral_small_24b_2409__arc_test_00003_c16c54fb__temp0.60__seed7,0.16442406131530657,0.8571428571428571,8,per_run_oof
mistral_small_24b_2409__arc_test_00003_c16c54fb__temp1.00__seed7,0.1487737199496399,1.0,8,per_run_oof
mistral_small_24b_2409__arc_test_00004_89613a4b__temp0.10__seed7,0.08942171788741238,,8,per_run_oof
mistral_small_24b_2409__arc_test_00004_89613a4b__temp0.60__seed7,0.10021399181146917,,8,per_run_oof
mistral_small_24b_2409__arc_test_00004_89613a4b__temp1.00__seed7,0.11791890242808789,1.0,8,per_run_oof
mistral_small_24b_2409__arc_test_00005_2943784f__temp0.10__seed7,0.1696342202661853,,8,per_run_oof
mistral_small_24b_2409__arc_test_00005_2943784f__temp0.60__seed7,0.21457673993900375,,8,per_run_oof
mistral_small_24b_2409__arc_test_00005_2943784f__temp1.00__seed7,0.12174379186269006,,8,per_run_oof
mistral_small_24b_2409__arc_test_00006_73fea8aa__temp0.10__seed7,0.18991057742023199,1.0,8,per_run_oof
mistral_small_24b_2409__arc_test_00006_73fea8aa__temp0.60__seed7,0.32063997934997124,,8,per_run_oof
mistral_small_24b_2409__arc_test_00006_73fea8aa__temp1.00__seed7,0.1757887826482408,1.0,8,per_run_oof
mistral_small_24b_2409__arc_test_00007_55ae159f__temp0.10__seed7,0.43625989320861586,,8,per_run_oof
mistral_small_24b_2409__arc_test_00007_55ae159f__temp0.60__seed7,0.27731474905701203,,8,per_run_oof
mistral_small_24b_2409__arc_test_00007_55ae159f__temp1.00__seed7,0.23273786210163105,,8,per_run_oof
mistral_small_24b_2409__arc_test_00008_3926edfe__temp0.10__seed7,0.2630939280444679,,8,per_run_oof
mistral_small_24b_2409__arc_test_00008_3926edfe__temp0.60__seed7,0.22256112159266286,0.8,8,per_run_oof
mistral_small_24b_2409__arc_test_00008_3926edfe__temp1.00__seed7,0.34572796765710073,,8,per_run_oof
mistral_small_24b_2409__arc_test_00009_0cb3f159__temp0.10__seed7,0.14317402791125217,,8,per_run_oof
mistral_small_24b_2409__arc_test_00009_0cb3f159__temp0.60__seed7,0.2720616652500037,,8,per_run_oof
mistral_small_24b_2409__arc_test_00009_0cb3f159__temp1.00__seed7,0.24753429268154387,,8,per_run_oof
mistral_small_24b_2409__arc_test_00010_38aa3c95__temp0.10__seed7,0.12902353168455297,,8,per_run_oof
mistral_small_24b_2409__arc_test_00010_38aa3c95__temp0.60__seed7,0.16913418028520583,,8,per_run_oof
mistral_small_24b_2409__arc_test_00010_38aa3c95__temp1.00__seed7,0.1734808081415251,,8,per_run_oof
mistral_small_24b_2409__arc_test_00011_0a8e7a55__temp0.10__seed7,0.13697834713156543,0.9375,8,per_run_oof
mistral_small_24b_2409__arc_test_00011_0a8e7a55__temp0.60__seed7,0.11538609819407422,1.0,8,per_run_oof
mistral_small_24b_2409__arc_test_00011_0a8e7a55__temp1.00__seed7,0.18125055113341915,0.8666666666666667,8,per_run_oof
mistral_small_24b_2409__arc_test_00012_90d98cc0__temp0.10__seed7,0.13571811339641587,,8,per_run_oof
mistral_small_24b_2409__arc_test_00012_90d98cc0__temp0.60__seed7,0.12071547792491732,,8,per_run_oof
mistral_small_24b_2409__arc_test_00012_90d98cc0__temp1.00__seed7,0.12273552524209005,1.0,8,per_run_oof
mistral_small_24b_2409__arc_test_00013_6647a8fe__temp0.10__seed7,0.2213375675426511,,8,per_run_oof
mistral_small_24b_2409__arc_test_00013_6647a8fe__temp0.60__seed7,0.13838966714838052,,8,per_run_oof
mistral_small_24b_2409__arc_test_00013_6647a8fe__temp1.00__seed7,0.17034996746678605,,8,per_run_oof
mistral_small_24b_2409__arc_test_00014_7f872561__temp0.10__seed7,0.22371156195375247,,8,per_run_oof
mistral_small_24b_2409__arc_test_00014_7f872561__temp0.60__seed7,0.17502538462906733,1.0,8,per_run_oof
mistral_small_24b_2409__arc_test_00014_7f872561__temp1.00__seed7,0.20101679296935088,,8,per_run_oof
mistral_small_24b_2409__arc_test_00015_495befc7__temp0.10__seed7,0.11867368918030144,,8,per_run_oof
mistral_small_24b_2409__arc_test_00015_495befc7__temp0.60__seed7,0.10516444756194024,,8,per_run_oof
mistral_small_24b_2409__arc_test_00015_495befc7__temp1.00__seed7,0.0964772930694724,,8,per_run_oof
mistral_small_24b_2409__arc_test_00016_75d83e3f__temp0.10__seed7,0.12591388240022575,,8,per_run_oof
mistral_small_24b_2409__arc_test_00016_75d83e3f__temp0.60__seed7,0.1420016353451609,,8,per_run_oof
mistral_small_24b_2409__arc_test_00016_75d83e3f__temp1.00__seed7,0.1577672489108692,,8,per_run_oof
mistral_small_24b_2409__arc_test_00017_dac51f3a__temp0.10__seed7,0.14626669626179564,1.0,8,per_run_oof
mistral_small_24b_2409__arc_test_00017_dac51f3a__temp0.60__seed7,0.12502980002628405,0.9166666666666667,8,per_run_oof
mistral_small_24b_2409__arc_test_00017_dac51f3a__temp1.00__seed7,0.1376818703673927,0.8571428571428571,8,per_run_oof
mistral_small_24b_2409__arc_test_00018_9925db26__temp0.10__seed7,0.08314255931119698,,8,per_run_oof
mistral_small_24b_2409__arc_test_00018_9925db26__temp0.60__seed7,0.1299519456084145,,8,per_run_oof
mistral_small_24b_2409__arc_test_00018_9925db26__temp1.00__seed7,0.06527022942826632,,8,per_run_oof
mistral_small_24b_2409__arc_test_00019_1a50b7f7__temp0.10__seed7,0.12407493627410995,,8,per_run_oof
mistral_small_24b_2409__arc_test_00019_1a50b7f7__temp0.60__seed7,0.13506877791779193,,8,per_run_oof
mistral_small_24b_2409__arc_test_00019_1a50b7f7__temp1.00__seed7,0.19010768240797304,1.0,8,per_run_oof
mistral_small_24b_2409__arc_test_00020_d3e511bf__temp0.10__seed7,0.14935423824146388,1.0,8,per_run_oof
mistral_small_24b_2409__arc_test_00020_d3e511bf__temp0.60__seed7,0.1503527840236007,1.0,8,per_run_oof
mistral_small_24b_2409__arc_test_00020_d3e511bf__temp1.00__seed7,0.1489098478896287,1.0,8,per_run_oof
mistral_small_24b_2409__arc_test_00021_ce0d3229__temp0.10__seed7,0.338893071034159,,8,per_run_oof
mistral_small_24b_2409__arc_test_00021_ce0d3229__temp0.60__seed7,0.3467537049761467,,8,per_run_oof
mistral_small_24b_2409__arc_test_00021_ce0d3229__temp1.00__seed7,0.18666170956181508,,8,per_run_oof
mistral_small_24b_2409__arc_test_00022_51e7e2c1__temp0.10__seed7,0.15968969037682115,,8,per_run_oof
mistral_small_24b_2409__arc_test_00022_51e7e2c1__temp0.60__seed7,0.12179046540417361,1.0,8,per_run_oof
mistral_small_24b_2409__arc_test_00022_51e7e2c1__temp1.00__seed7,0.16357181661839493,1.0,8,per_run_oof
mistral_small_24b_2409__arc_test_00023_56ce0db0__temp0.10__seed7,0.41570001668419493,,8,per_run_oof
mistral_small_24b_2409__arc_test_00023_56ce0db0__temp0.60__seed7,0.20361013398003483,0.8666666666666667,8,per_run_oof
mistral_small_24b_2409__arc_test_00023_56ce0db0__temp1.00__seed7,0.20213352358318598,,8,per_run_oof
mistral_small_24b_2409__arc_test_00024_75e3f15b__temp0.10__seed7,0.07666484521653706,,8,per_run_oof
mistral_small_24b_2409__arc_test_00024_75e3f15b__temp0.60__seed7,0.16528644172634926,1.0,8,per_run_oof
mistral_small_24b_2409__arc_test_00024_75e3f15b__temp1.00__seed7,0.17703106288804477,,8,per_run_oof
mistral_small_24b_2409__arc_test_00025_aa1dfcf3__temp0.10__seed7,0.17933007066228634,1.0,8,per_run_oof
mistral_small_24b_2409__arc_test_00025_aa1dfcf3__temp0.60__seed7,0.2143632756572818,,8,per_run_oof
mistral_small_24b_2409__arc_test_00025_aa1dfcf3__temp1.00__seed7,0.16079946097460773,1.0,8,per_run_oof
mistral_small_24b_2409__arc_test_00026_653ac6a4__temp0.10__seed7,0.13157942675094825,,8,per_run_oof
mistral_small_24b_2409__arc_test_00026_653ac6a4__temp0.60__seed7,0.2007516622055494,1.0,8,per_run_oof
mistral_small_24b_2409__arc_test_00026_653ac6a4__temp1.00__seed7,0.12789120107357152,1.0,8,per_run_oof
mistral_small_24b_2409__arc_test_00027_4de7cd96__temp0.10__seed7,0.3641244296461656,0.1333333333333333,8,per_run_oof
mistral_small_24b_2409__arc_test_00027_4de7cd96__temp0.60__seed7,0.31593728447517494,0.3125,8,per_run_oof
mistral_small_24b_2409__arc_test_00027_4de7cd96__temp1.00__seed7,0.4219257779904415,,8,per_run_oof
mistral_small_24b_2409__arc_test_00028_de472a7b__temp0.10__seed7,0.09141446182081231,,8,per_run_oof
mistral_small_24b_2409__arc_test_00028_de472a7b__temp0.60__seed7,0.10315164797874744,,8,per_run_oof
mistral_small_24b_2409__arc_test_00028_de472a7b__temp1.00__seed7,0.1250318265719199,,8,per_run_oof
mistral_small_24b_2409__arc_test_00029_9ab7fc82__temp0.10__seed7,0.20160173160020542,0.8666666666666667,8,per_run_oof
mistral_small_24b_2409__arc_test_00029_9ab7fc82__temp0.60__seed7,0.24668971996602782,,8,per_run_oof
mistral_small_24b_2409__arc_test_00029_9ab7fc82__temp1.00__seed7,0.16866731063884013,0.9375,8,per_run_oof
mistral_small_24b_2409__arc_test_00030_1a7be7be__temp0.10__seed7,0.2007222147416216,0.75,8,per_run_oof
mistral_small_24b_2409__arc_test_00030_1a7be7be__temp0.60__seed7,0.1590040549220186,0.8571428571428571,8,per_run_oof
mistral_small_24b_2409__arc_test_00030_1a7be7be__temp1.00__seed7,0.16994085027247696,,8,per_run_oof
mistral_small_24b_2409__arc_test_00031_16af4104__temp0.10__seed7,0.11522134988012703,,8,per_run_oof
mistral_small_24b_2409__arc_test_00031_16af4104__temp0.60__seed7,0.1493254501785552,,8,per_run_oof
mistral_small_24b_2409__arc_test_00031_16af4104__temp1.00__seed7,0.12908516222485933,,8,per_run_oof
mistral_small_24b_2409__arc_test_00032_d2b2ae1f__temp0.10__seed7,0.187664712506231,,8,per_run_oof
mistral_small_24b_2409__arc_test_00032_d2b2ae1f__temp0.60__seed7,0.14766485319959843,1.0,8,per_run_oof
mistral_small_24b_2409__arc_test_00032_d2b2ae1f__temp1.00__seed7,0.1808767513738933,,8,per_run_oof
mistral_small_24b_2409__arc_test_00033_936f56a6__temp0.10__seed7,0.23959990303058,1.0,8,per_run_oof
mistral_small_24b_2409__arc_test_00033_936f56a6__temp0.60__seed7,0.15683423788499362,1.0,8,per_run_oof
mistral_small_24b_2409__arc_test_00033_936f56a6__temp1.00__seed7,0.21075476166243626,1.0,8,per_run_oof
mistral_small_24b_2409__arc_test_00034_485f96ab__temp0.10__seed7,0.06945248386764273,,8,per_run_oof
mistral_small_24b_2409__arc_test_00034_485f96ab__temp0.60__seed7,0.1412959480576351,,8,per_run_oof
mistral_small_24b_2409__arc_test_00034_485f96ab__temp1.00__seed7,0.10856487036885805,,8,per_run_oof
mistral_small_24b_2409__arc_test_00035_aad2d50d__temp0.10__seed7,0.18671107073278215,,8,per_run_oof
mistral_small_24b_2409__arc_test_00035_aad2d50d__temp0.60__seed7,0.17863733334064036,0.875,8,per_run_oof
mistral_small_24b_2409__arc_test_00035_aad2d50d__temp1.00__seed7,0.14428924003393043,0.9166666666666667,8,per_run_oof
mistral_small_24b_2409__arc_test_00036_99d6267d__temp0.10__seed7,0.11397201879158339,1.0,8,per_run_oof
mistral_small_24b_2409__arc_test_00036_99d6267d__temp0.60__seed7,0.13279702749002248,,8,per_run_oof
mistral_small_24b_2409__arc_test_00036_99d6267d__temp1.00__seed7,0.1920330216143356,0.9375,8,per_run_oof
mistral_small_24b_2409__arc_test_00037_10f2fddf__temp0.10__seed7,0.15188439868891965,0.8571428571428571,8,per_run_oof
mistral_small_24b_2409__arc_test_00037_10f2fddf__temp0.60__seed7,0.15997996941175557,0.8333333333333334,8,per_run_oof
mistral_small_24b_2409__arc_test_00037_10f2fddf__temp1.00__seed7,0.11608408253766642,1.0,8,per_run_oof
mistral_small_24b_2409__arc_test_00038_715b0bef__temp0.10__seed7,0.1196888119867707,1.0,8,per_run_oof
mistral_small_24b_2409__arc_test_00038_715b0bef__temp0.60__seed7,0.07389886092102235,,8,per_run_oof
mistral_small_24b_2409__arc_test_00038_715b0bef__temp1.00__seed7,0.1541181532064306,1.0,8,per_run_oof
mistral_small_24b_2409__arc_test_00039_3e277a72__temp0.10__seed7,0.20042540201949094,1.0,8,per_run_oof
mistral_small_24b_2409__arc_test_00039_3e277a72__temp0.60__seed7,0.24940421211289004,,8,per_run_oof
mistral_small_24b_2409__arc_test_00039_3e277a72__temp1.00__seed7,0.1242375549522617,,8,per_run_oof
mistral_small_24b_2409__arc_test_00040_aeb16c3b__temp0.10__seed7,0.1541485692997415,,8,per_run_oof
mistral_small_24b_2409__arc_test_00040_aeb16c3b__temp0.60__seed7,0.15678794409561267,,8,per_run_oof
mistral_small_24b_2409__arc_test_00040_aeb16c3b__temp1.00__seed7,0.11256384779857036,1.0,8,per_run_oof
mistral_small_24b_2409__arc_test_00041_57e4090f__temp0.10__seed7,0.20511678372332096,0.8125,8,per_run_oof
mistral_small_24b_2409__arc_test_00041_57e4090f__temp0.60__seed7,0.2805292156920251,0.6,8,per_run_oof
mistral_small_24b_2409__arc_test_00041_57e4090f__temp1.00__seed7,0.29549142317254684,0.6666666666666666,8,per_run_oof
mistral_small_24b_2409__arc_test_00042_eaad77d4__temp0.10__seed7,0.12502441642626316,,8,per_run_oof
mistral_small_24b_2409__arc_test_00042_eaad77d4__temp0.60__seed7,0.25984406222359235,,8,per_run_oof
mistral_small_24b_2409__arc_test_00042_eaad77d4__temp1.00__seed7,0.12727891149389867,1.0,8,per_run_oof
mistral_small_24b_2409__arc_test_00043_90dea090__temp0.10__seed7,0.16758709214333392,,8,per_run_oof
mistral_small_24b_2409__arc_test_00043_90dea090__temp0.60__seed7,0.11718182355443885,,8,per_run_oof
mistral_small_24b_2409__arc_test_00043_90dea090__temp1.00__seed7,0.20172385948565888,,8,per_run_oof
mistral_small_24b_2409__arc_test_00044_64e186ec__temp0.10__seed7,0.3593679170179346,,8,per_run_oof
mistral_small_24b_2409__arc_test_00044_64e186ec__temp0.60__seed7,0.36132356054246995,,8,per_run_oof
mistral_small_24b_2409__arc_test_00044_64e186ec__temp1.00__seed7,0.24205835404630105,,8,per_run_oof
mistral_small_24b_2409__arc_test_00045_a364fb0e__temp0.10__seed7,0.2290756451791093,,8,per_run_oof
mistral_small_24b_2409__arc_test_00045_a364fb0e__temp0.60__seed7,0.1561709356951406,1.0,8,per_run_oof
mistral_small_24b_2409__arc_test_00045_a364fb0e__temp1.00__seed7,0.25742397427037894,,8,per_run_oof
mistral_small_24b_2409__arc_test_00046_3eac725f__temp0.10__seed7,0.15594182640912185,,8,per_run_oof
mistral_small_24b_2409__arc_test_00046_3eac725f__temp0.60__seed7,0.08908061871356118,,8,per_run_oof
mistral_small_24b_2409__arc_test_00046_3eac725f__temp1.00__seed7,0.13720825563128972,1.0,8,per_run_oof
mistral_small_24b_2409__arc_test_00047_e5e078eb__temp0.10__seed7,0.15909405737621166,1.0,8,per_run_oof
mistral_small_24b_2409__arc_test_00047_e5e078eb__temp0.60__seed7,0.14433648238001962,,8,per_run_oof
mistral_small_24b_2409__arc_test_00047_e5e078eb__temp1.00__seed7,0.10172317154799726,1.0,8,per_run_oof
mistral_small_24b_2409__arc_test_00048_e95d73f4__temp0.10__seed7,0.21604999393467925,0.7333333333333334,8,per_run_oof
mistral_small_24b_2409__arc_test_00048_e95d73f4__temp0.60__seed7,0.37332530860398416,0.25,8,per_run_oof
mistral_small_24b_2409__arc_test_00048_e95d73f4__temp1.00__seed7,0.2505298499536416,0.2857142857142857,8,per_run_oof
mistral_small_24b_2409__arc_test_00049_d116647f__temp0.10__seed7,0.1742720995559404,1.0,8,per_run_oof
mistral_small_24b_2409__arc_test_00049_d116647f__temp0.60__seed7,0.1459904215468999,1.0,8,per_run_oof
mistral_small_24b_2409__arc_test_00049_d116647f__temp1.00__seed7,0.10072210695442185,1.0,8,per_run_oof
mistral_small_24b_2409__arc_test_00050_b8e70b73__temp0.10__seed7,0.4218412959999339,,8,per_run_oof
mistral_small_24b_2409__arc_test_00050_b8e70b73__temp0.60__seed7,0.38429769258852153,,8,per_run_oof
mistral_small_24b_2409__arc_test_00050_b8e70b73__temp1.00__seed7,0.5378967201017513,,8,per_run_oof
mistral_small_24b_2409__arc_test_00051_5eb63cf4__temp0.10__seed7,0.10739702092082923,,8,per_run_oof
mistral_small_24b_2409__arc_test_00051_5eb63cf4__temp0.60__seed7,0.09970864010147804,1.0,8,per_run_oof
mistral_small_24b_2409__arc_test_00051_5eb63cf4__temp1.00__seed7,0.1501040905747242,1.0,8,per_run_oof
mistral_small_24b_2409__arc_test_00052_ec5a8597__temp0.10__seed7,0.2669311511291539,,8,per_run_oof
mistral_small_24b_2409__arc_test_00052_ec5a8597__temp0.60__seed7,0.13357595648198378,,8,per_run_oof
mistral_small_24b_2409__arc_test_00052_ec5a8597__temp1.00__seed7,0.1232601249258341,,8,per_run_oof
mistral_small_24b_2409__arc_test_00053_c9b0a942__temp0.10__seed7,0.11757405847857959,,8,per_run_oof
mistral_small_24b_2409__arc_test_00053_c9b0a942__temp0.60__seed7,0.08611517906401446,,8,per_run_oof
mistral_small_24b_2409__arc_test_00053_c9b0a942__temp1.00__seed7,0.0923675869278543,,8,per_run_oof
mistral_small_24b_2409__arc_test_00054_a5d562be__temp0.10__seed7,0.17629588427263126,,8,per_run_oof
mistral_small_24b_2409__arc_test_00054_a5d562be__temp0.60__seed7,0.17768990723110634,,8,per_run_oof
mistral_small_24b_2409__arc_test_00054_a5d562be__temp1.00__seed7,0.19440430133920936,,8,per_run_oof
mistral_small_24b_2409__arc_test_00055_6b308877__temp0.10__seed7,0.18291793093537326,,8,per_run_oof
mistral_small_24b_2409__arc_test_00055_6b308877__temp0.60__seed7,0.19792728497504875,,8,per_run_oof
mistral_small_24b_2409__arc_test_00055_6b308877__temp1.00__seed7,0.19879385148038864,,8,per_run_oof
mistral_small_24b_2409__arc_test_00056_9af0a219__temp0.10__seed7,0.410126060057257,,8,per_run_oof
mistral_small_24b_2409__arc_test_00056_9af0a219__temp0.60__seed7,0.16670176397498948,0.9333333333333333,8,per_run_oof
mistral_small_24b_2409__arc_test_00056_9af0a219__temp1.00__seed7,0.3393548264752002,0.25,8,per_run_oof
mistral_small_24b_2409__arc_test_00057_f156a7fc__temp0.10__seed7,0.21099938645439315,,8,per_run_oof
mistral_small_24b_2409__arc_test_00057_f156a7fc__temp0.60__seed7,0.16412899592763325,1.0,8,per_run_oof
mistral_small_24b_2409__arc_test_00057_f156a7fc__temp1.00__seed7,0.20344074786501876,1.0,8,per_run_oof
mistral_small_24b_2409__arc_test_00058_25585c43__temp0.10__seed7,0.24276123196383914,,8,per_run_oof
mistral_small_24b_2409__arc_test_00058_25585c43__temp0.60__seed7,0.1363487119795602,,8,per_run_oof
mistral_small_24b_2409__arc_test_00058_25585c43__temp1.00__seed7,0.17385552962702655,,8,per_run_oof
mistral_small_24b_2409__arc_test_00059_9f3bba93__temp0.10__seed7,0.14825441679730225,0.8333333333333334,8,per_run_oof
mistral_small_24b_2409__arc_test_00059_9f3bba93__temp0.60__seed7,0.17824037477767368,,8,per_run_oof
mistral_small_24b_2409__arc_test_00059_9f3bba93__temp1.00__seed7,0.23318850948096945,0.5833333333333334,8,per_run_oof
mistral_small_24b_2409__arc_test_00060_27a26900__temp0.10__seed7,0.10284402725239811,,8,per_run_oof
mistral_small_24b_2409__arc_test_00060_27a26900__temp0.60__seed7,0.08353618946347319,,8,per_run_oof
mistral_small_24b_2409__arc_test_00060_27a26900__temp1.00__seed7,0.11606350410073138,,8,per_run_oof
mistral_small_24b_2409__arc_test_00061_e952a7cb__temp0.10__seed7,0.0897339597139196,,8,per_run_oof
mistral_small_24b_2409__arc_test_00061_e952a7cb__temp0.60__seed7,0.07587094396629303,,8,per_run_oof
mistral_small_24b_2409__arc_test_00061_e952a7cb__temp1.00__seed7,0.11499704855625172,,8,per_run_oof
mistral_small_24b_2409__arc_test_00062_9c6ccfe2__temp0.10__seed7,0.16696337894714663,,8,per_run_oof
mistral_small_24b_2409__arc_test_00062_9c6ccfe2__temp0.60__seed7,0.13651349580561115,,8,per_run_oof
mistral_small_24b_2409__arc_test_00062_9c6ccfe2__temp1.00__seed7,0.11052110853414068,1.0,8,per_run_oof
mistral_small_24b_2409__arc_test_00063_0bbf7904__temp0.10__seed7,0.2709073985055771,,8,per_run_oof
mistral_small_24b_2409__arc_test_00063_0bbf7904__temp0.60__seed7,0.16851523402451338,1.0,8,per_run_oof
mistral_small_24b_2409__arc_test_00063_0bbf7904__temp1.00__seed7,0.28989407151373797,0.2857142857142857,8,per_run_oof
mistral_small_24b_2409__arc_test_00064_30e8911f__temp0.10__seed7,0.42514032404929003,,8,per_run_oof
mistral_small_24b_2409__arc_test_00064_30e8911f__temp0.60__seed7,0.36513979707834593,,8,per_run_oof
mistral_small_24b_2409__arc_test_00064_30e8911f__temp1.00__seed7,0.2878305011904945,0.1428571428571429,8,per_run_oof
mistral_small_24b_2409__arc_test_00065_0c30043d__temp0.10__seed7,0.07525005653487274,,8,per_run_oof
mistral_small_24b_2409__arc_test_00065_0c30043d__temp0.60__seed7,0.10410153926315277,,8,per_run_oof
mistral_small_24b_2409__arc_test_00065_0c30043d__temp1.00__seed7,0.06870619884789056,,8,per_run_oof
mistral_small_24b_2409__arc_test_00066_a4f22ec7__temp0.10__seed7,0.19242668899338827,1.0,8,per_run_oof
mistral_small_24b_2409__arc_test_00066_a4f22ec7__temp0.60__seed7,0.195639201388351,0.9166666666666667,8,per_run_oof
mistral_small_24b_2409__arc_test_00066_a4f22ec7__temp1.00__seed7,0.10493492202458922,1.0,8,per_run_oof
mistral_small_24b_2409__arc_test_00067_39a5e863__temp0.10__seed7,0.15576469184235436,,8,per_run_oof
mistral_small_24b_2409__arc_test_00067_39a5e863__temp0.60__seed7,0.141267643062829,,8,per_run_oof
mistral_small_24b_2409__arc_test_00067_39a5e863__temp1.00__seed7,0.14573580662867824,,8,per_run_oof
mistral_small_24b_2409__arc_test_00068_169f201a__temp0.10__seed7,0.17658134506892872,,8,per_run_oof
mistral_small_24b_2409__arc_test_00068_169f201a__temp0.60__seed7,0.12014052045351331,1.0,8,per_run_oof
mistral_small_24b_2409__arc_test_00068_169f201a__temp1.00__seed7,0.2343784161443579,1.0,8,per_run_oof
mistral_small_24b_2409__arc_test_00069_c44c4bd5__temp0.10__seed7,0.13770251770845318,0.8571428571428571,8,per_run_oof
mistral_small_24b_2409__arc_test_00069_c44c4bd5__temp0.60__seed7,0.18275520711379414,,8,per_run_oof
mistral_small_24b_2409__arc_test_00069_c44c4bd5__temp1.00__seed7,0.15915080605821194,1.0,8,per_run_oof
mistral_small_24b_2409__arc_test_00070_7f98502f__temp0.10__seed7,0.27714146033924864,,8,per_run_oof
mistral_small_24b_2409__arc_test_00070_7f98502f__temp0.60__seed7,0.1524231359929017,,8,per_run_oof
mistral_small_24b_2409__arc_test_00070_7f98502f__temp1.00__seed7,0.1727228513876421,,8,per_run_oof
mistral_small_24b_2409__arc_test_00071_78c9064f__temp0.10__seed7,0.08607534805622861,,8,per_run_oof
mistral_small_24b_2409__arc_test_00071_78c9064f__temp0.60__seed7,0.09253978273858152,,8,per_run_oof
mistral_small_24b_2409__arc_test_00071_78c9064f__temp1.00__seed7,0.07833443663043732,,8,per_run_oof
mistral_small_24b_2409__arc_test_00072_25b05898__temp0.10__seed7,0.10239614696929111,,8,per_run_oof
mistral_small_24b_2409__arc_test_00072_25b05898__temp0.60__seed7,0.1087636116775654,,8,per_run_oof
mistral_small_24b_2409__arc_test_00072_25b05898__temp1.00__seed7,0.08244556998220909,,8,per_run_oof
mistral_small_24b_2409__arc_test_00073_ed2fea3a__temp0.10__seed7,0.11586163236995634,,8,per_run_oof
mistral_small_24b_2409__arc_test_00073_ed2fea3a__temp0.60__seed7,0.11998768493946373,,8,per_run_oof
mistral_small_24b_2409__arc_test_00073_ed2fea3a__temp1.00__seed7,0.10528631447260067,1.0,8,per_run_oof
mistral_small_24b_2409__arc_test_00074_86e6443b__temp0.10__seed7,0.14375100104696248,,8,per_run_oof
mistral_small_24b_2409__arc_test_00074_86e6443b__temp0.60__seed7,0.10676968833734626,1.0,8,per_run_oof
mistral_small_24b_2409__arc_test_00074_86e6443b__temp1.00__seed7,0.12944587645517336,,8,per_run_oof
mistral_small_24b_2409__arc_test_00075_fc461c98__temp0.10__seed7,0.1937606220286629,1.0,8,per_run_oof
mistral_small_24b_2409__arc_test_00075_fc461c98__temp0.60__seed7,0.10370964270127228,,8,per_run_oof
mistral_small_24b_2409__arc_test_00075_fc461c98__temp1.00__seed7,0.16400160241326692,0.8333333333333334,8,per_run_oof
mistral_small_24b_2409__arc_test_00076_e201619a__temp0.10__seed7,0.34386417423056215,,8,per_run_oof
mistral_small_24b_2409__arc_test_00076_e201619a__temp0.60__seed7,0.19459110821880377,,8,per_run_oof
mistral_small_24b_2409__arc_test_00076_e201619a__temp1.00__seed7,0.2278559295848769,1.0,8,per_run_oof
mistral_small_24b_2409__arc_test_00077_cbb70e60__temp0.10__seed7,0.1573718710986176,,8,per_run_oof
mistral_small_24b_2409__arc_test_00077_cbb70e60__temp0.60__seed7,0.14430000994334002,,8,per_run_oof
mistral_small_24b_2409__arc_test_00077_cbb70e60__temp1.00__seed7,0.12914505637251403,,8,per_run_oof
mistral_small_24b_2409__arc_test_00078_9d260e71__temp0.10__seed7,0.24781037656328517,1.0,8,per_run_oof
mistral_small_24b_2409__arc_test_00078_9d260e71__temp0.60__seed7,0.1774249943411201,1.0,8,per_run_oof
mistral_small_24b_2409__arc_test_00078_9d260e71__temp1.00__seed7,0.1929336486759245,1.0,8,per_run_oof
mistral_small_24b_2409__arc_test_00079_73a6dca6__temp0.10__seed7,0.22131254675945747,1.0,8,per_run_oof
mistral_small_24b_2409__arc_test_00079_73a6dca6__temp0.60__seed7,0.181475480749154,0.9166666666666667,8,per_run_oof
mistral_small_24b_2409__arc_test_00079_73a6dca6__temp1.00__seed7,0.4198746901656357,,8,per_run_oof
mistral_small_24b_2409__arc_test_00080_a44020c4__temp0.10__seed7,0.1652544317481436,,8,per_run_oof
mistral_small_24b_2409__arc_test_00080_a44020c4__temp0.60__seed7,0.14322805022436574,0.9333333333333333,8,per_run_oof
mistral_small_24b_2409__arc_test_00080_a44020c4__temp1.00__seed7,0.20611455613141474,0.8,8,per_run_oof
mistral_small_24b_2409__arc_test_00081_e1b4d5ef__temp0.10__seed7,0.20772323516414135,,8,per_run_oof
mistral_small_24b_2409__arc_test_00081_e1b4d5ef__temp0.60__seed7,0.33993438517419206,,8,per_run_oof
mistral_small_24b_2409__arc_test_00081_e1b4d5ef__temp1.00__seed7,0.1924137515781594,0.8571428571428571,8,per_run_oof
mistral_small_24b_2409__arc_test_00082_02dec4b3__temp0.10__seed7,0.2517887079874462,,8,per_run_oof
mistral_small_24b_2409__arc_test_00082_02dec4b3__temp0.60__seed7,0.3441755564970847,,8,per_run_oof
mistral_small_24b_2409__arc_test_00082_02dec4b3__temp1.00__seed7,0.1984837979329091,0.9166666666666667,8,per_run_oof
mistral_small_24b_2409__arc_test_00083_4aac759c__temp0.10__seed7,0.20892864336975422,0.7142857142857143,8,per_run_oof
mistral_small_24b_2409__arc_test_00083_4aac759c__temp0.60__seed7,0.20811869147859813,,8,per_run_oof
mistral_small_24b_2409__arc_test_00083_4aac759c__temp1.00__seed7,0.44574975884809753,0.0,8,per_run_oof
mistral_small_24b_2409__arc_test_00084_12ae98c6__temp0.10__seed7,0.2807148039749041,1.0,8,per_run_oof
mistral_small_24b_2409__arc_test_00084_12ae98c6__temp0.60__seed7,0.16295680199003726,,8,per_run_oof
mistral_small_24b_2409__arc_test_00084_12ae98c6__temp1.00__seed7,0.20552813284444643,,8,per_run_oof
mistral_small_24b_2409__arc_test_00085_63d1eedd__temp0.10__seed7,0.14375692103722318,,8,per_run_oof
mistral_small_24b_2409__arc_test_00085_63d1eedd__temp0.60__seed7,0.14579492915138376,,8,per_run_oof
mistral_small_24b_2409__arc_test_00085_63d1eedd__temp1.00__seed7,0.1864277503881877,,8,per_run_oof
mistral_small_24b_2409__arc_test_00086_9f0f396a__temp0.10__seed7,0.15231321148721938,,8,per_run_oof
mistral_small_24b_2409__arc_test_00086_9f0f396a__temp0.60__seed7,0.11232127289842977,1.0,8,per_run_oof
mistral_small_24b_2409__arc_test_00086_9f0f396a__temp1.00__seed7,0.17257849002953446,1.0,8,per_run_oof
mistral_small_24b_2409__arc_test_00087_1238aced__temp0.10__seed7,0.4217787756211079,,8,per_run_oof
mistral_small_24b_2409__arc_test_00087_1238aced__temp0.60__seed7,0.2365728125387058,,8,per_run_oof
mistral_small_24b_2409__arc_test_00087_1238aced__temp1.00__seed7,0.18058259848497854,,8,per_run_oof
mistral_small_24b_2409__arc_test_00088_09b7c1fe__temp0.10__seed7,0.16209408854456003,,8,per_run_oof
mistral_small_24b_2409__arc_test_00088_09b7c1fe__temp0.60__seed7,0.19598481026001544,,8,per_run_oof
mistral_small_24b_2409__arc_test_00088_09b7c1fe__temp1.00__seed7,0.16605012166643787,1.0,8,per_run_oof
mistral_small_24b_2409__arc_test_00089_f6eda772__temp0.10__seed7,0.12120424508009173,1.0,8,per_run_oof
mistral_small_24b_2409__arc_test_00089_f6eda772__temp0.60__seed7,0.285533141668098,1.0,8,per_run_oof
mistral_small_24b_2409__arc_test_00089_f6eda772__temp1.00__seed7,0.1997656539096829,1.0,8,per_run_oof
mistral_small_24b_2409__arc_test_00090_d52bf241__temp0.10__seed7,0.19805473849885558,,8,per_run_oof
mistral_small_24b_2409__arc_test_00090_d52bf241__temp0.60__seed7,0.19726657431634023,1.0,8,per_run_oof
mistral_small_24b_2409__arc_test_00090_d52bf241__temp1.00__seed7,0.1483039897963542,1.0,8,per_run_oof
mistral_small_24b_2409__arc_test_00091_eec80c32__temp0.10__seed7,0.21801026435711918,1.0,8,per_run_oof
mistral_small_24b_2409__arc_test_00091_eec80c32__temp0.60__seed7,0.18532424286632615,,8,per_run_oof
mistral_small_24b_2409__arc_test_00091_eec80c32__temp1.00__seed7,0.21655794120852256,0.8333333333333334,8,per_run_oof
mistral_small_24b_2409__arc_test_00092_25cc90e9__temp0.10__seed7,0.2984036800511327,0.33333333333333337,8,per_run_oof
mistral_small_24b_2409__arc_test_00092_25cc90e9__temp0.60__seed7,0.22887522331757648,,8,per_run_oof
mistral_small_24b_2409__arc_test_00092_25cc90e9__temp1.00__seed7,0.17055159536061204,,8,per_run_oof
mistral_small_24b_2409__arc_test_00093_ffa047d0__temp0.10__seed7,0.18433126783561501,1.0,8,per_run_oof
mistral_small_24b_2409__arc_test_00093_ffa047d0__temp0.60__seed7,0.1337164449168075,1.0,8,per_run_oof
mistral_small_24b_2409__arc_test_00093_ffa047d0__temp1.00__seed7,0.117005176015295,,8,per_run_oof
mistral_small_24b_2409__arc_test_00094_2b05164d__temp0.10__seed7,0.13626735347901225,,8,per_run_oof
mistral_small_24b_2409__arc_test_00094_2b05164d__temp0.60__seed7,0.22997399291829151,,8,per_run_oof
mistral_small_24b_2409__arc_test_00094_2b05164d__temp1.00__seed7,0.10638376422702306,,8,per_run_oof
mistral_small_24b_2409__arc_test_00095_722bf474__temp0.10__seed7,0.09224603474350487,,8,per_run_oof
mistral_small_24b_2409__arc_test_00095_722bf474__temp0.60__seed7,0.11995765525082411,,8,per_run_oof
mistral_small_24b_2409__arc_test_00095_722bf474__temp1.00__seed7,0.11720486524542753,1.0,8,per_run_oof
mistral_small_24b_2409__arc_test_00096_a416b353__temp0.10__seed7,0.18706448435277273,1.0,8,per_run_oof
mistral_small_24b_2409__arc_test_00096_a416b353__temp0.60__seed7,0.19979832297676575,1.0,8,per_run_oof
mistral_small_24b_2409__arc_test_00096_a416b353__temp1.00__seed7,0.1642100062694592,,8,per_run_oof
mistral_small_24b_2409__arc_test_00097_d48ca1a8__temp0.10__seed7,0.08633752429334116,,8,per_run_oof
mistral_small_24b_2409__arc_test_00097_d48ca1a8__temp0.60__seed7,0.081238724027296,,8,per_run_oof
mistral_small_24b_2409__arc_test_00097_d48ca1a8__temp1.00__seed7,0.07328005407818725,,8,per_run_oof
mistral_small_24b_2409__arc_test_00098_f974ffda__temp0.10__seed7,0.19868396774442404,,8,per_run_oof
mistral_small_24b_2409__arc_test_00098_f974ffda__temp0.60__seed7,0.17206588326662325,0.8571428571428571,8,per_run_oof
mistral_small_24b_2409__arc_test_00098_f974ffda__temp1.00__seed7,0.2347103920576235,,8,per_run_oof
mistral_small_24b_2409__arc_test_00099_4d9d0c52__temp0.10__seed7,0.14841785378371086,,8,per_run_oof
mistral_small_24b_2409__arc_test_00099_4d9d0c52__temp0.60__seed7,0.15010596675477972,,8,per_run_oof
mistral_small_24b_2409__arc_test_00099_4d9d0c52__temp1.00__seed7,0.12955079687376808,,8,per_run_oof
mistral_small_24b_2409__arc_test_00100_ce179d3c__temp0.10__seed7,0.16668349933867144,0.9166666666666667,8,per_run_oof
mistral_small_24b_2409__arc_test_00100_ce179d3c__temp0.60__seed7,0.33526402343349015,,8,per_run_oof
mistral_small_24b_2409__arc_test_00100_ce179d3c__temp1.00__seed7,0.16422355217058088,0.9166666666666667,8,per_run_oof
mistral_small_24b_2409__arc_test_00101_d427e017__temp0.10__seed7,0.14015168447136628,0.9333333333333333,8,per_run_oof
mistral_small_24b_2409__arc_test_00101_d427e017__temp0.60__seed7,0.23581032598683158,1.0,8,per_run_oof
mistral_small_24b_2409__arc_test_00101_d427e017__temp1.00__seed7,0.18461101161946913,1.0,8,per_run_oof
mistral_small_24b_2409__arc_test_00102_4c432e78__temp0.10__seed7,0.24711873694391762,0.9333333333333333,8,per_run_oof
mistral_small_24b_2409__arc_test_00102_4c432e78__temp0.60__seed7,0.383146800235099,0.1333333333333333,8,per_run_oof
mistral_small_24b_2409__arc_test_00102_4c432e78__temp1.00__seed7,0.2049863403872157,0.7333333333333334,8,per_run_oof
mistral_small_24b_2409__arc_test_00103_58df92c7__temp0.10__seed7,0.12087987825091802,1.0,8,per_run_oof
mistral_small_24b_2409__arc_test_00103_58df92c7__temp0.60__seed7,0.13940751165265902,1.0,8,per_run_oof
mistral_small_24b_2409__arc_test_00103_58df92c7__temp1.00__seed7,0.07775309080314394,,8,per_run_oof
mistral_small_24b_2409__arc_test_00104_a0fbbd6b__temp0.10__seed7,0.157234847085102,,8,per_run_oof
mistral_small_24b_2409__arc_test_00104_a0fbbd6b__temp0.60__seed7,0.10437005811852025,,8,per_run_oof
mistral_small_24b_2409__arc_test_00104_a0fbbd6b__temp1.00__seed7,0.14801949722567442,0.9333333333333333,8,per_run_oof
mistral_small_24b_2409__arc_test_00105_2d55a679__temp0.10__seed7,0.1798084699616883,1.0,8,per_run_oof
mistral_small_24b_2409__arc_test_00105_2d55a679__temp0.60__seed7,0.23483203726213395,,8,per_run_oof
mistral_small_24b_2409__arc_test_00105_2d55a679__temp1.00__seed7,0.19116453948906476,1.0,8,per_run_oof
mistral_small_24b_2409__arc_test_00106_2a02de88__temp0.10__seed7,0.24175885847714434,1.0,8,per_run_oof
mistral_small_24b_2409__arc_test_00106_2a02de88__temp0.60__seed7,0.2262399035079234,1.0,8,per_run_oof
mistral_small_24b_2409__arc_test_00106_2a02de88__temp1.00__seed7,0.14914520857603433,1.0,8,per_run_oof
mistral_small_24b_2409__arc_test_00107_1ad2fb25__temp0.10__seed7,0.07293402691310813,,8,per_run_oof
mistral_small_24b_2409__arc_test_00107_1ad2fb25__temp0.60__seed7,0.07882241780181506,,8,per_run_oof
mistral_small_24b_2409__arc_test_00107_1ad2fb25__temp1.00__seed7,0.09364911376812524,,8,per_run_oof
mistral_small_24b_2409__arc_test_00108_b35bbe2a__temp0.10__seed7,0.19155746021924722,1.0,8,per_run_oof
mistral_small_24b_2409__arc_test_00108_b35bbe2a__temp0.60__seed7,0.14678557559890337,1.0,8,per_run_oof
mistral_small_24b_2409__arc_test_00108_b35bbe2a__temp1.00__seed7,0.2645259875740576,,8,per_run_oof
mistral_small_24b_2409__arc_test_00109_70bcbd08__temp0.10__seed7,0.3882460244675879,,8,per_run_oof
mistral_small_24b_2409__arc_test_00109_70bcbd08__temp0.60__seed7,0.18901096359532363,0.8571428571428571,8,per_run_oof
mistral_small_24b_2409__arc_test_00109_70bcbd08__temp1.00__seed7,0.16272126811013998,0.8571428571428571,8,per_run_oof
mistral_small_24b_2409__arc_test_00110_f0d7582a__temp0.10__seed7,0.1629006943489259,1.0,8,per_run_oof
mistral_small_24b_2409__arc_test_00110_f0d7582a__temp0.60__seed7,0.18590467822044313,,8,per_run_oof
mistral_small_24b_2409__arc_test_00110_f0d7582a__temp1.00__seed7,0.30305443158597756,1.0,8,per_run_oof
mistral_small_24b_2409__arc_test_00111_fc89f3f2__temp0.10__seed7,0.14110555606880992,,8,per_run_oof
mistral_small_24b_2409__arc_test_00111_fc89f3f2__temp0.60__seed7,0.13298145130155847,,8,per_run_oof
mistral_small_24b_2409__arc_test_00111_fc89f3f2__temp1.00__seed7,0.11467912483734718,,8,per_run_oof
mistral_small_24b_2409__arc_test_00112_4bcd3ac1__temp0.10__seed7,0.0886407081936347,,8,per_run_oof
mistral_small_24b_2409__arc_test_00112_4bcd3ac1__temp0.60__seed7,0.11736764443570061,,8,per_run_oof
mistral_small_24b_2409__arc_test_00112_4bcd3ac1__temp1.00__seed7,0.08837990653412028,,8,per_run_oof
mistral_small_24b_2409__arc_test_00113_32901c5f__temp0.10__seed7,0.23144699800664112,1.0,8,per_run_oof
mistral_small_24b_2409__arc_test_00113_32901c5f__temp0.60__seed7,0.10699332486327152,1.0,8,per_run_oof
mistral_small_24b_2409__arc_test_00113_32901c5f__temp1.00__seed7,0.09805545412322407,,8,per_run_oof
mistral_small_24b_2409__arc_test_00114_43d0cf66__temp0.10__seed7,0.1340462125929584,,8,per_run_oof
mistral_small_24b_2409__arc_test_00114_43d0cf66__temp0.60__seed7,0.18566814386379543,,8,per_run_oof
mistral_small_24b_2409__arc_test_00114_43d0cf66__temp1.00__seed7,0.15881802524208116,,8,per_run_oof
mistral_small_24b_2409__arc_test_00115_56efbf0d__temp0.10__seed7,0.1580230274501774,,8,per_run_oof
mistral_small_24b_2409__arc_test_00115_56efbf0d__temp0.60__seed7,0.19113052848792422,,8,per_run_oof
mistral_small_24b_2409__arc_test_00115_56efbf0d__temp1.00__seed7,0.20001010987745213,,8,per_run_oof
mistral_small_24b_2409__arc_test_00116_08d3d129__temp0.10__seed7,0.38546380582570516,,8,per_run_oof
mistral_small_24b_2409__arc_test_00116_08d3d129__temp0.60__seed7,0.1159771255502036,,8,per_run_oof
mistral_small_24b_2409__arc_test_00116_08d3d129__temp1.00__seed7,0.07374738388539619,,8,per_run_oof
mistral_small_24b_2409__arc_test_00117_da3420e1__temp0.10__seed7,0.26040130435169845,0.5625,8,per_run_oof
mistral_small_24b_2409__arc_test_00117_da3420e1__temp0.60__seed7,0.28392153997505043,0.5625,8,per_run_oof
mistral_small_24b_2409__arc_test_00117_da3420e1__temp1.00__seed7,0.24564987145178346,0.6,8,per_run_oof
mistral_small_24b_2409__arc_test_00118_3edfe427__temp0.10__seed7,0.16143240194954214,1.0,8,per_run_oof
mistral_small_24b_2409__arc_test_00118_3edfe427__temp0.60__seed7,0.17079386493705145,1.0,8,per_run_oof
mistral_small_24b_2409__arc_test_00118_3edfe427__temp1.00__seed7,0.12214110838869119,1.0,8,per_run_oof
mistral_small_24b_2409__arc_test_00119_c47d514f__temp0.10__seed7,0.18840168510272384,,8,per_run_oof
mistral_small_24b_2409__arc_test_00119_c47d514f__temp0.60__seed7,0.13959180814701302,1.0,8,per_run_oof
mistral_small_24b_2409__arc_test_00119_c47d514f__temp1.00__seed7,0.2141869311056777,0.9166666666666667,8,per_run_oof
mistral_small_24b_2409__arc_test_00120_b6152894__temp0.10__seed7,0.5078626485386777,0.0,8,per_run_oof
mistral_small_24b_2409__arc_test_00120_b6152894__temp0.60__seed7,0.4529379570130396,0.1428571428571429,8,per_run_oof
mistral_small_24b_2409__arc_test_00120_b6152894__temp1.00__seed7,0.39924318521407165,,8,per_run_oof
mistral_small_24b_2409__arc_test_00121_817d2f09__temp0.10__seed7,0.19586672682608475,0.6666666666666667,8,per_run_oof
mistral_small_24b_2409__arc_test_00121_817d2f09__temp0.60__seed7,0.291745062329827,0.4375,8,per_run_oof
mistral_small_24b_2409__arc_test_00121_817d2f09__temp1.00__seed7,0.2736011700482288,0.4666666666666667,8,per_run_oof
mistral_small_24b_2409__arc_test_00122_e254ba57__temp0.10__seed7,0.07319700077424526,,8,per_run_oof
mistral_small_24b_2409__arc_test_00122_e254ba57__temp0.60__seed7,0.1575405312916185,,8,per_run_oof
mistral_small_24b_2409__arc_test_00122_e254ba57__temp1.00__seed7,0.1561462581298174,,8,per_run_oof
mistral_small_24b_2409__arc_test_00123_79966ff1__temp0.10__seed7,0.22767928406274535,,8,per_run_oof
mistral_small_24b_2409__arc_test_00123_79966ff1__temp0.60__seed7,0.22053483458999518,,8,per_run_oof
mistral_small_24b_2409__arc_test_00123_79966ff1__temp1.00__seed7,0.16088756052919279,,8,per_run_oof
mistral_small_24b_2409__arc_test_00124_fa94e97d__temp0.10__seed7,0.16930857174509908,1.0,8,per_run_oof
mistral_small_24b_2409__arc_test_00124_fa94e97d__temp0.60__seed7,0.24422011278599642,,8,per_run_oof
mistral_small_24b_2409__arc_test_00124_fa94e97d__temp1.00__seed7,0.17728200465943106,,8,per_run_oof
mistral_small_24b_2409__arc_test_00125_37e8898b__temp0.10__seed7,0.13626989647662757,,8,per_run_oof
mistral_small_24b_2409__arc_test_00125_37e8898b__temp0.60__seed7,0.1754590315408019,1.0,8,per_run_oof
mistral_small_24b_2409__arc_test_00125_37e8898b__temp1.00__seed7,0.20453046363154875,,8,per_run_oof
mistral_small_24b_2409__arc_test_00126_455c64d7__temp0.10__seed7,0.14839878877849447,0.8571428571428571,8,per_run_oof
mistral_small_24b_2409__arc_test_00126_455c64d7__temp0.60__seed7,0.1162569223031259,0.8571428571428571,8,per_run_oof
mistral_small_24b_2409__arc_test_00126_455c64d7__temp1.00__seed7,0.13610656679100636,1.0,8,per_run_oof
mistral_small_24b_2409__arc_test_00127_9cf81ecf__temp0.10__seed7,0.3354834900496907,,8,per_run_oof
mistral_small_24b_2409__arc_test_00127_9cf81ecf__temp0.60__seed7,0.10588983644863766,,8,per_run_oof
mistral_small_24b_2409__arc_test_00127_9cf81ecf__temp1.00__seed7,0.16959538887268072,1.0,8,per_run_oof
mistral_small_24b_2409__arc_test_00128_ddc460f2__temp0.10__seed7,0.16763121622557883,,8,per_run_oof
mistral_small_24b_2409__arc_test_00128_ddc460f2__temp0.60__seed7,0.14395605640878853,,8,per_run_oof
mistral_small_24b_2409__arc_test_00128_ddc460f2__temp1.00__seed7,0.16259565323783032,,8,per_run_oof
mistral_small_24b_2409__arc_test_00129_fde0c41b__temp0.10__seed7,0.1393674043955095,,8,per_run_oof
mistral_small_24b_2409__arc_test_00129_fde0c41b__temp0.60__seed7,0.11496024593020886,,8,per_run_oof
mistral_small_24b_2409__arc_test_00129_fde0c41b__temp1.00__seed7,0.15834907567702877,1.0,8,per_run_oof
mistral_small_24b_2409__arc_test_00130_b78a68c2__temp0.10__seed7,0.1748162887756106,,8,per_run_oof
mistral_small_24b_2409__arc_test_00130_b78a68c2__temp0.60__seed7,0.2246650133150141,1.0,8,per_run_oof
mistral_small_24b_2409__arc_test_00130_b78a68c2__temp1.00__seed7,0.20414893486936636,,8,per_run_oof
mistral_small_24b_2409__arc_test_00131_1e04f7f3__temp0.10__seed7,0.2517295811212602,,8,per_run_oof
mistral_small_24b_2409__arc_test_00131_1e04f7f3__temp0.60__seed7,0.25354496596933224,,8,per_run_oof
mistral_small_24b_2409__arc_test_00131_1e04f7f3__temp1.00__seed7,0.19133545375233252,1.0,8,per_run_oof
mistral_small_24b_2409__arc_test_00132_3856b48c__temp0.10__seed7,0.09375614946669684,,8,per_run_oof
mistral_small_24b_2409__arc_test_00132_3856b48c__temp0.60__seed7,0.0985101782831378,,8,per_run_oof
mistral_small_24b_2409__arc_test_00132_3856b48c__temp1.00__seed7,0.0864260434491142,,8,per_run_oof
mistral_small_24b_2409__arc_test_00133_fa32a5b7__temp0.10__seed7,0.35808254828129743,,8,per_run_oof
mistral_small_24b_2409__arc_test_00133_fa32a5b7__temp0.60__seed7,0.26448836505443907,,8,per_run_oof
mistral_small_24b_2409__arc_test_00133_fa32a5b7__temp1.00__seed7,0.35397539505769043,,8,per_run_oof
mistral_small_24b_2409__arc_test_00134_19415ae4__temp0.10__seed7,0.14629012052054363,,8,per_run_oof
mistral_small_24b_2409__arc_test_00134_19415ae4__temp0.60__seed7,0.21389542181119742,,8,per_run_oof
mistral_small_24b_2409__arc_test_00134_19415ae4__temp1.00__seed7,0.1385645485055334,1.0,8,per_run_oof
mistral_small_24b_2409__arc_test_00135_f4ce879e__temp0.10__seed7,0.17739260377330693,,8,per_run_oof
mistral_small_24b_2409__arc_test_00135_f4ce879e__temp0.60__seed7,0.2110105695882493,,8,per_run_oof
mistral_small_24b_2409__arc_test_00135_f4ce879e__temp1.00__seed7,0.1709457573376768,1.0,8,per_run_oof
mistral_small_24b_2409__arc_test_00136_35b5670f__temp0.10__seed7,0.3462767785713804,0.25,8,per_run_oof
mistral_small_24b_2409__arc_test_00136_35b5670f__temp0.60__seed7,0.14877003522395285,0.9166666666666667,8,per_run_oof
mistral_small_24b_2409__arc_test_00136_35b5670f__temp1.00__seed7,0.29574766768564476,,8,per_run_oof
mistral_small_24b_2409__arc_test_00137_308a8747__temp0.10__seed7,0.2140169509549617,,8,per_run_oof
mistral_small_24b_2409__arc_test_00137_308a8747__temp0.60__seed7,0.2441702918559011,0.9166666666666667,8,per_run_oof
mistral_small_24b_2409__arc_test_00137_308a8747__temp1.00__seed7,0.2521533055260262,0.0,8,per_run_oof
mistral_small_24b_2409__arc_test_00138_7b80c598__temp0.10__seed7,0.08293709547440889,,8,per_run_oof
mistral_small_24b_2409__arc_test_00138_7b80c598__temp0.60__seed7,0.09184708186050988,,8,per_run_oof
mistral_small_24b_2409__arc_test_00138_7b80c598__temp1.00__seed7,0.055186251510103645,,8,per_run_oof
mistral_small_24b_2409__arc_test_00139_889893b5__temp0.10__seed7,0.18087892324794208,1.0,8,per_run_oof
mistral_small_24b_2409__arc_test_00139_889893b5__temp0.60__seed7,0.17318104085175084,1.0,8,per_run_oof
mistral_small_24b_2409__arc_test_00139_889893b5__temp1.00__seed7,0.08969784133123099,1.0,8,per_run_oof
mistral_small_24b_2409__arc_test_00140_af156b8d__temp0.10__seed7,0.12221752125070712,,8,per_run_oof
mistral_small_24b_2409__arc_test_00140_af156b8d__temp0.60__seed7,0.15324809666834516,,8,per_run_oof
mistral_small_24b_2409__arc_test_00140_af156b8d__temp1.00__seed7,0.1123186350948556,,8,per_run_oof
mistral_small_24b_2409__arc_test_00141_38c02509__temp0.10__seed7,0.16994368238511448,0.9166666666666667,8,per_run_oof
mistral_small_24b_2409__arc_test_00141_38c02509__temp0.60__seed7,0.20493804564362428,0.8571428571428571,8,per_run_oof
mistral_small_24b_2409__arc_test_00141_38c02509__temp1.00__seed7,0.2190422203098381,,8,per_run_oof
mistral_small_24b_2409__arc_test_00142_8f55df16__temp0.10__seed7,0.24197849778996067,0.8571428571428571,8,per_run_oof
mistral_small_24b_2409__arc_test_00142_8f55df16__temp0.60__seed7,0.16493527868737135,1.0,8,per_run_oof
mistral_small_24b_2409__arc_test_00142_8f55df16__temp1.00__seed7,0.14801814380498718,0.9166666666666667,8,per_run_oof
mistral_small_24b_2409__arc_test_00143_f01860a1__temp0.10__seed7,0.17891604698686778,1.0,8,per_run_oof
mistral_small_24b_2409__arc_test_00143_f01860a1__temp0.60__seed7,0.2217688675529682,0.8571428571428571,8,per_run_oof
mistral_small_24b_2409__arc_test_00143_f01860a1__temp1.00__seed7,0.10330675240437799,1.0,8,per_run_oof
mistral_small_24b_2409__arc_test_00144_27670959__temp0.10__seed7,0.12129209487111346,0.9333333333333333,8,per_run_oof
mistral_small_24b_2409__arc_test_00144_27670959__temp0.60__seed7,0.1764309098354549,1.0,8,per_run_oof
mistral_small_24b_2409__arc_test_00144_27670959__temp1.00__seed7,0.2121761051815431,0.9166666666666667,8,per_run_oof
mistral_small_24b_2409__arc_test_00145_75096f81__temp0.10__seed7,0.1619426350758924,,8,per_run_oof
mistral_small_24b_2409__arc_test_00145_75096f81__temp0.60__seed7,0.15028329109606758,,8,per_run_oof
mistral_small_24b_2409__arc_test_00145_75096f81__temp1.00__seed7,0.13065473418089735,,8,per_run_oof
mistral_small_24b_2409__arc_test_00146_2b88c50d__temp0.10__seed7,0.07985951448675715,,8,per_run_oof
mistral_small_24b_2409__arc_test_00146_2b88c50d__temp0.60__seed7,0.08493302775851909,,8,per_run_oof
mistral_small_24b_2409__arc_test_00146_2b88c50d__temp1.00__seed7,0.10224160706295869,,8,per_run_oof
mistral_small_24b_2409__arc_test_00147_e6a31c8f__temp0.10__seed7,0.1619792461302308,,8,per_run_oof
mistral_small_24b_2409__arc_test_00147_e6a31c8f__temp0.60__seed7,0.17825904397996925,1.0,8,per_run_oof
mistral_small_24b_2409__arc_test_00147_e6a31c8f__temp1.00__seed7,0.14911216553453055,1.0,8,per_run_oof
mistral_small_24b_2409__arc_test_00148_58c7396e__temp0.10__seed7,0.10943220635782354,,8,per_run_oof
mistral_small_24b_2409__arc_test_00148_58c7396e__temp0.60__seed7,0.14012171951138466,,8,per_run_oof
mistral_small_24b_2409__arc_test_00148_58c7396e__temp1.00__seed7,0.21075959419007784,,8,per_run_oof
mistral_small_24b_2409__arc_test_00149_8c977ff0__temp0.10__seed7,0.18475761487765727,,8,per_run_oof
mistral_small_24b_2409__arc_test_00149_8c977ff0__temp0.60__seed7,0.4113133576778319,0.08333333333333331,8,per_run_oof
mistral_small_24b_2409__arc_test_00149_8c977ff0__temp1.00__seed7,0.1604625452740578,,8,per_run_oof
mistral_small_24b_2409__arc_test_00150_9a244739__temp0.10__seed7,0.08987745790058686,,8,per_run_oof
mistral_small_24b_2409__arc_test_00150_9a244739__temp0.60__seed7,0.07448333569884288,,8,per_run_oof
mistral_small_24b_2409__arc_test_00150_9a244739__temp1.00__seed7,0.24318488303552613,1.0,8,per_run_oof
mistral_small_24b_2409__arc_test_00151_80fd0076__temp0.10__seed7,0.22901519487201633,0.33333333333333337,8,per_run_oof
mistral_small_24b_2409__arc_test_00151_80fd0076__temp0.60__seed7,0.20765873722619582,,8,per_run_oof
mistral_small_24b_2409__arc_test_00151_80fd0076__temp1.00__seed7,0.28797823986214527,0.1333333333333333,8,per_run_oof
mistral_small_24b_2409__arc_test_00152_5e9217b5__temp0.10__seed7,0.2428702061819619,,8,per_run_oof
mistral_small_24b_2409__arc_test_00152_5e9217b5__temp0.60__seed7,0.13067802722804098,,8,per_run_oof
mistral_small_24b_2409__arc_test_00152_5e9217b5__temp1.00__seed7,0.0896540433810812,,8,per_run_oof
mistral_small_24b_2409__arc_test_00153_2d4afb75__temp0.10__seed7,0.28353431133568635,,8,per_run_oof
mistral_small_24b_2409__arc_test_00153_2d4afb75__temp0.60__seed7,0.252497625372235,,8,per_run_oof
mistral_small_24b_2409__arc_test_00153_2d4afb75__temp1.00__seed7,0.12227713538058846,,8,per_run_oof
mistral_small_24b_2409__arc_test_00154_224d0261__temp0.10__seed7,0.08066087310302089,,8,per_run_oof
mistral_small_24b_2409__arc_test_00154_224d0261__temp0.60__seed7,0.08082298543702476,,8,per_run_oof
mistral_small_24b_2409__arc_test_00154_224d0261__temp1.00__seed7,0.20116468421759737,,8,per_run_oof
mistral_small_24b_2409__arc_test_00155_ca1b941c__temp0.10__seed7,0.15404773604745708,0.8571428571428571,8,per_run_oof
mistral_small_24b_2409__arc_test_00155_ca1b941c__temp0.60__seed7,0.13493789154993743,,8,per_run_oof
mistral_small_24b_2409__arc_test_00155_ca1b941c__temp1.00__seed7,0.11124927312981774,,8,per_run_oof
mistral_small_24b_2409__arc_test_00156_ee094300__temp0.10__seed7,0.19907921236932444,1.0,8,per_run_oof
mistral_small_24b_2409__arc_test_00156_ee094300__temp0.60__seed7,0.15029410534793672,1.0,8,per_run_oof
mistral_small_24b_2409__arc_test_00156_ee094300__temp1.00__seed7,0.3630790659156339,,8,per_run_oof
mistral_small_24b_2409__arc_test_00157_f89a1068__temp0.10__seed7,0.20356648683268375,0.8571428571428571,8,per_run_oof
mistral_small_24b_2409__arc_test_00157_f89a1068__temp0.60__seed7,0.2724031809196773,,8,per_run_oof
mistral_small_24b_2409__arc_test_00157_f89a1068__temp1.00__seed7,0.1535440572150103,,8,per_run_oof
mistral_small_24b_2409__arc_test_00158_ec72f274__temp0.10__seed7,0.12045303727936062,1.0,8,per_run_oof
mistral_small_24b_2409__arc_test_00158_ec72f274__temp0.60__seed7,0.09034892650137306,1.0,8,per_run_oof
mistral_small_24b_2409__arc_test_00158_ec72f274__temp1.00__seed7,0.18730516694413854,,8,per_run_oof
mistral_small_24b_2409__arc_test_00159_33a9d07e__temp0.10__seed7,0.16248318637371706,,8,per_run_oof
mistral_small_24b_2409__arc_test_00159_33a9d07e__temp0.60__seed7,0.11854003519979908,,8,per_run_oof
mistral_small_24b_2409__arc_test_00159_33a9d07e__temp1.00__seed7,0.23343516304546424,,8,per_run_oof
mistral_small_24b_2409__arc_test_00160_c1c6d9ce__temp0.10__seed7,0.19509952083836393,0.4285714285714286,8,per_run_oof
mistral_small_24b_2409__arc_test_00160_c1c6d9ce__temp0.60__seed7,0.3120667787600767,0.1428571428571429,8,per_run_oof
mistral_small_24b_2409__arc_test_00160_c1c6d9ce__temp1.00__seed7,0.1910687103683712,1.0,8,per_run_oof
mistral_small_24b_2409__arc_test_00161_7109ff3c__temp0.10__seed7,0.1172956247707655,,8,per_run_oof
mistral_small_24b_2409__arc_test_00161_7109ff3c__temp0.60__seed7,0.17896174325698994,,8,per_run_oof
mistral_small_24b_2409__arc_test_00161_7109ff3c__temp1.00__seed7,0.35790719702881224,,8,per_run_oof
mistral_small_24b_2409__arc_test_00162_ac76e6c7__temp0.10__seed7,0.20648708410199373,,8,per_run_oof
mistral_small_24b_2409__arc_test_00162_ac76e6c7__temp0.60__seed7,0.1423628850180582,,8,per_run_oof
mistral_small_24b_2409__arc_test_00162_ac76e6c7__temp1.00__seed7,0.17871511651782968,,8,per_run_oof
mistral_small_24b_2409__arc_test_00163_a8dc8e64__temp0.10__seed7,0.17374759451820868,,8,per_run_oof
mistral_small_24b_2409__arc_test_00163_a8dc8e64__temp0.60__seed7,0.19611629083132237,,8,per_run_oof
mistral_small_24b_2409__arc_test_00163_a8dc8e64__temp1.00__seed7,0.12310012147629708,,8,per_run_oof
mistral_small_24b_2409__arc_test_00164_c6cd4e9d__temp0.10__seed7,0.2274465331256672,,8,per_run_oof
mistral_small_24b_2409__arc_test_00164_c6cd4e9d__temp0.60__seed7,0.18209433963264124,,8,per_run_oof
mistral_small_24b_2409__arc_test_00164_c6cd4e9d__temp1.00__seed7,0.17386401717274064,1.0,8,per_run_oof
mistral_small_24b_2409__arc_test_00165_5ab82acf__temp0.10__seed7,0.4885395505712518,,8,per_run_oof
mistral_small_24b_2409__arc_test_00165_5ab82acf__temp0.60__seed7,0.4684636934550124,,8,per_run_oof
mistral_small_24b_2409__arc_test_00165_5ab82acf__temp1.00__seed7,0.40066810843522416,,8,per_run_oof
mistral_small_24b_2409__arc_test_00166_ef208ee6__temp0.10__seed7,0.1194960737711076,1.0,8,per_run_oof
mistral_small_24b_2409__arc_test_00166_ef208ee6__temp0.60__seed7,0.12862204600580404,,8,per_run_oof
mistral_small_24b_2409__arc_test_00166_ef208ee6__temp1.00__seed7,0.149673617148961,,8,per_run_oof
mistral_small_24b_2409__arc_test_00167_35cdcebc__temp0.10__seed7,0.06081119842133087,,8,per_run_oof
mistral_small_24b_2409__arc_test_00167_35cdcebc__temp0.60__seed7,0.07690086919362912,,8,per_run_oof
mistral_small_24b_2409__arc_test_00167_35cdcebc__temp1.00__seed7,0.08200676109182839,,8,per_run_oof
mistral_small_24b_2409__arc_test_00168_b255fa40__temp0.10__seed7,0.18345966602428362,,8,per_run_oof
mistral_small_24b_2409__arc_test_00168_b255fa40__temp0.60__seed7,0.23523760601010302,,8,per_run_oof
mistral_small_24b_2409__arc_test_00168_b255fa40__temp1.00__seed7,0.3076366870915706,,8,per_run_oof
mistral_small_24b_2409__arc_test_00169_a1607bcb__temp0.10__seed7,0.13904151103287807,,8,per_run_oof
mistral_small_24b_2409__arc_test_00169_a1607bcb__temp0.60__seed7,0.21933111514763415,,8,per_run_oof
mistral_small_24b_2409__arc_test_00169_a1607bcb__temp1.00__seed7,0.21548584801010667,1.0,8,per_run_oof
mistral_small_24b_2409__arc_test_00170_f44cfa7e__temp0.10__seed7,0.1028910433228791,,8,per_run_oof
mistral_small_24b_2409__arc_test_00170_f44cfa7e__temp0.60__seed7,0.10244835329827537,,8,per_run_oof
mistral_small_24b_2409__arc_test_00170_f44cfa7e__temp1.00__seed7,0.10691648101061148,,8,per_run_oof
mistral_small_24b_2409__arc_test_00171_612c4710__temp0.10__seed7,0.12921586251678246,1.0,8,per_run_oof
mistral_small_24b_2409__arc_test_00171_612c4710__temp0.60__seed7,0.1601854597183998,1.0,8,per_run_oof
mistral_small_24b_2409__arc_test_00171_612c4710__temp1.00__seed7,0.1303773926672102,1.0,8,per_run_oof
mistral_small_24b_2409__arc_test_00172_c90d6043__temp0.10__seed7,0.5537417660253425,,8,per_run_oof
mistral_small_24b_2409__arc_test_00172_c90d6043__temp0.60__seed7,0.4349372831474383,,8,per_run_oof
mistral_small_24b_2409__arc_test_00172_c90d6043__temp1.00__seed7,0.087295639777448,,8,per_run_oof
mistral_small_24b_2409__arc_test_00173_627098d1__temp0.10__seed7,0.19007391136518303,0.9166666666666667,8,per_run_oof
mistral_small_24b_2409__arc_test_00173_627098d1__temp0.60__seed7,0.10084059130310728,1.0,8,per_run_oof
mistral_small_24b_2409__arc_test_00173_627098d1__temp1.00__seed7,0.16536334382572984,1.0,8,per_run_oof
mistral_small_24b_2409__arc_test_00174_5f5df804__temp0.10__seed7,0.2065722311419816,,8,per_run_oof
mistral_small_24b_2409__arc_test_00174_5f5df804__temp0.60__seed7,0.2067816994044112,,8,per_run_oof
mistral_small_24b_2409__arc_test_00174_5f5df804__temp1.00__seed7,0.3118233924298265,1.0,8,per_run_oof
mistral_small_24b_2409__arc_test_00175_eb8d450c__temp0.10__seed7,0.1446473638481614,,8,per_run_oof
mistral_small_24b_2409__arc_test_00175_eb8d450c__temp0.60__seed7,0.16195366284626517,,8,per_run_oof
mistral_small_24b_2409__arc_test_00175_eb8d450c__temp1.00__seed7,0.18908040307400453,0.8571428571428571,8,per_run_oof
mistral_small_24b_2409__arc_test_00176_9044ff73__temp0.10__seed7,0.21807785451014577,0.9166666666666667,8,per_run_oof
mistral_small_24b_2409__arc_test_00176_9044ff73__temp0.60__seed7,0.15494111059102567,1.0,8,per_run_oof
mistral_small_24b_2409__arc_test_00176_9044ff73__temp1.00__seed7,0.21519095362610385,,8,per_run_oof
mistral_small_24b_2409__arc_test_00177_ecdb4f07__temp0.10__seed7,0.12838041763326216,1.0,8,per_run_oof
mistral_small_24b_2409__arc_test_00177_ecdb4f07__temp0.60__seed7,0.11151855626768518,1.0,8,per_run_oof
mistral_small_24b_2409__arc_test_00177_ecdb4f07__temp1.00__seed7,0.09962723765945376,1.0,8,per_run_oof
mistral_small_24b_2409__arc_test_00178_b35de25d__temp0.10__seed7,0.1108624570684091,,8,per_run_oof
mistral_small_24b_2409__arc_test_00178_b35de25d__temp0.60__seed7,0.06142376455323047,,8,per_run_oof
mistral_small_24b_2409__arc_test_00178_b35de25d__temp1.00__seed7,0.09121251964588159,,8,per_run_oof
mistral_small_24b_2409__arc_test_00179_9aae52b3__temp0.10__seed7,0.13640510530502406,,8,per_run_oof
mistral_small_24b_2409__arc_test_00179_9aae52b3__temp0.60__seed7,0.2065179755035511,,8,per_run_oof
mistral_small_24b_2409__arc_test_00179_9aae52b3__temp1.00__seed7,0.17171571505121735,,8,per_run_oof
mistral_small_24b_2409__arc_test_00180_5b3b7513__temp0.10__seed7,0.08946616505647528,,8,per_run_oof
mistral_small_24b_2409__arc_test_00180_5b3b7513__temp0.60__seed7,0.12336981607132361,,8,per_run_oof
mistral_small_24b_2409__arc_test_00180_5b3b7513__temp1.00__seed7,0.127496119645067,1.0,8,per_run_oof
mistral_small_24b_2409__arc_test_00181_676f95f8__temp0.10__seed7,0.24860752970205932,1.0,8,per_run_oof
mistral_small_24b_2409__arc_test_00181_676f95f8__temp0.60__seed7,0.18444336720194004,1.0,8,per_run_oof
mistral_small_24b_2409__arc_test_00181_676f95f8__temp1.00__seed7,0.2208864214653749,,8,per_run_oof
mistral_small_24b_2409__arc_test_00182_8e34a240__temp0.10__seed7,0.3538014816736223,,8,per_run_oof
mistral_small_24b_2409__arc_test_00182_8e34a240__temp0.60__seed7,0.3793565770043354,0.1428571428571429,8,per_run_oof
mistral_small_24b_2409__arc_test_00182_8e34a240__temp1.00__seed7,0.1786320411196588,0.8666666666666667,8,per_run_oof
mistral_small_24b_2409__arc_test_00183_bde98ede__temp0.10__seed7,0.14289395049849307,1.0,8,per_run_oof
mistral_small_24b_2409__arc_test_00183_bde98ede__temp0.60__seed7,0.06327561933299704,,8,per_run_oof
mistral_small_24b_2409__arc_test_00183_bde98ede__temp1.00__seed7,0.1303583115013018,1.0,8,per_run_oof
mistral_small_24b_2409__arc_test_00184_6aa6fe3b__temp0.10__seed7,0.1959179727979387,,8,per_run_oof
mistral_small_24b_2409__arc_test_00184_6aa6fe3b__temp0.60__seed7,0.11703271530473841,,8,per_run_oof
mistral_small_24b_2409__arc_test_00184_6aa6fe3b__temp1.00__seed7,0.15336169795304827,0.75,8,per_run_oof
mistral_small_24b_2409__arc_test_00185_3532a91b__temp0.10__seed7,0.19201691541112964,0.8666666666666667,8,per_run_oof
mistral_small_24b_2409__arc_test_00185_3532a91b__temp0.60__seed7,0.17495211477890785,,8,per_run_oof
mistral_small_24b_2409__arc_test_00185_3532a91b__temp1.00__seed7,0.2859744056486347,0.5833333333333334,8,per_run_oof
mistral_small_24b_2409__arc_test_00186_b155986b__temp0.10__seed7,0.2350083581533951,0.9333333333333333,8,per_run_oof
mistral_small_24b_2409__arc_test_00186_b155986b__temp0.60__seed7,0.1777534879243681,1.0,8,per_run_oof
mistral_small_24b_2409__arc_test_00186_b155986b__temp1.00__seed7,0.24451378054445844,1.0,8,per_run_oof
mistral_small_24b_2409__arc_test_00187_8b14d075__temp0.10__seed7,0.1407201608481568,1.0,8,per_run_oof
mistral_small_24b_2409__arc_test_00187_8b14d075__temp0.60__seed7,0.18841056568478354,1.0,8,per_run_oof
mistral_small_24b_2409__arc_test_00187_8b14d075__temp1.00__seed7,0.174937257026602,,8,per_run_oof
mistral_small_24b_2409__arc_test_00188_cba61eb1__temp0.10__seed7,0.13906234167788234,,8,per_run_oof
mistral_small_24b_2409__arc_test_00188_cba61eb1__temp0.60__seed7,0.2897318222674265,,8,per_run_oof
mistral_small_24b_2409__arc_test_00188_cba61eb1__temp1.00__seed7,0.14277460870739564,,8,per_run_oof
mistral_small_24b_2409__arc_test_00189_40e3fa22__temp0.10__seed7,0.16277610573630308,0.9166666666666667,8,per_run_oof
mistral_small_24b_2409__arc_test_00189_40e3fa22__temp0.60__seed7,0.16557074918855658,0.9166666666666667,8,per_run_oof
mistral_small_24b_2409__arc_test_00189_40e3fa22__temp1.00__seed7,0.1564060048429048,1.0,8,per_run_oof
mistral_small_24b_2409__arc_test_00190_7dd0fb1b__temp0.10__seed7,0.18793485729188203,0.8571428571428571,8,per_run_oof
mistral_small_24b_2409__arc_test_00190_7dd0fb1b__temp0.60__seed7,0.1583705041467702,,8,per_run_oof
mistral_small_24b_2409__arc_test_00190_7dd0fb1b__temp1.00__seed7,0.15264332209251844,,8,per_run_oof
mistral_small_24b_2409__arc_test_00191_ff19377e__temp0.10__seed7,0.19992995189268054,0.9166666666666667,8,per_run_oof
mistral_small_24b_2409__arc_test_00191_ff19377e__temp0.60__seed7,0.20699263663245748,0.9166666666666667,8,per_run_oof
mistral_small_24b_2409__arc_test_00191_ff19377e__temp1.00__seed7,0.23954673909206636,1.0,8,per_run_oof
mistral_small_24b_2409__arc_test_00192_07e59469__temp0.10__seed7,0.32996478850400823,0.3333333333333333,8,per_run_oof
mistral_small_24b_2409__arc_test_00192_07e59469__temp0.60__seed7,0.18662167427683124,0.9333333333333333,8,per_run_oof
mistral_small_24b_2409__arc_test_00192_07e59469__temp1.00__seed7,0.34284856441138367,0.1428571428571429,8,per_run_oof
mistral_small_24b_2409__arc_test_00193_4793d226__temp0.10__seed7,0.22992695028175955,,8,per_run_oof
mistral_small_24b_2409__arc_test_00193_4793d226__temp0.60__seed7,0.14549838933830214,1.0,8,per_run_oof
mistral_small_24b_2409__arc_test_00193_4793d226__temp1.00__seed7,0.12629979862260318,,8,per_run_oof
mistral_small_24b_2409__arc_test_00194_538d24a9__temp0.10__seed7,0.07458649794153965,,8,per_run_oof
mistral_small_24b_2409__arc_test_00194_538d24a9__temp0.60__seed7,0.133678584365162,,8,per_run_oof
mistral_small_24b_2409__arc_test_00194_538d24a9__temp1.00__seed7,0.0996215812081312,,8,per_run_oof
mistral_small_24b_2409__arc_test_00195_21dd34ee__temp0.10__seed7,0.28639575478969115,0.6666666666666667,8,per_run_oof
mistral_small_24b_2409__arc_test_00195_21dd34ee__temp0.60__seed7,0.1610766993409991,0.8666666666666667,8,per_run_oof
mistral_small_24b_2409__arc_test_00195_21dd34ee__temp1.00__seed7,0.1902179162412875,1.0,8,per_run_oof
mistral_small_24b_2409__arc_test_00196_6dcd8a63__temp0.10__seed7,0.17211485019939338,0.8571428571428571,8,per_run_oof
mistral_small_24b_2409__arc_test_00196_6dcd8a63__temp0.60__seed7,0.17417730620628896,1.0,8,per_run_oof
mistral_small_24b_2409__arc_test_00196_6dcd8a63__temp1.00__seed7,0.16372703110854003,1.0,8,per_run_oof
mistral_small_24b_2409__arc_test_00197_69e8335d__temp0.10__seed7,0.08175928347603034,,8,per_run_oof
mistral_small_24b_2409__arc_test_00197_69e8335d__temp0.60__seed7,0.15346541934583027,1.0,8,per_run_oof
mistral_small_24b_2409__arc_test_00197_69e8335d__temp1.00__seed7,0.2062378467301681,0.8571428571428571,8,per_run_oof
mistral_small_24b_2409__arc_test_00198_f407d662__temp0.10__seed7,0.09373624933058664,1.0,8,per_run_oof
mistral_small_24b_2409__arc_test_00198_f407d662__temp0.60__seed7,0.13277099929206354,1.0,8,per_run_oof
mistral_small_24b_2409__arc_test_00198_f407d662__temp1.00__seed7,0.16274691908937572,0.8666666666666667,8,per_run_oof
mistral_small_24b_2409__arc_test_00199_989978c5__temp0.10__seed7,0.23691923432644157,1.0,8,per_run_oof
mistral_small_24b_2409__arc_test_00199_989978c5__temp0.60__seed7,0.21494754674782693,1.0,8,per_run_oof
mistral_small_24b_2409__arc_test_00199_989978c5__temp1.00__seed7,0.3657466010429001,0.375,8,per_run_oof
mistral_small_24b_2409__arc_test_00200_baff531a__temp0.10__seed7,0.22527360003986635,,8,per_run_oof
mistral_small_24b_2409__arc_test_00200_baff531a__temp0.60__seed7,0.1551879162667079,,8,per_run_oof
mistral_small_24b_2409__arc_test_00200_baff531a__temp1.00__seed7,0.13852700105881666,,8,per_run_oof
mistral_small_24b_2409__arc_test_00201_ee325462__temp0.10__seed7,0.1429245513228385,1.0,8,per_run_oof
mistral_small_24b_2409__arc_test_00201_ee325462__temp0.60__seed7,0.19424771728161325,0.8333333333333333,8,per_run_oof
mistral_small_24b_2409__arc_test_00201_ee325462__temp1.00__seed7,0.2699550130778403,,8,per_run_oof
mistral_small_24b_2409__arc_test_00202_46459f16__temp0.10__seed7,0.1721369553705597,,8,per_run_oof
mistral_small_24b_2409__arc_test_00202_46459f16__temp0.60__seed7,0.15987448017136058,,8,per_run_oof
mistral_small_24b_2409__arc_test_00202_46459f16__temp1.00__seed7,0.08661160459549685,,8,per_run_oof
mistral_small_24b_2409__arc_test_00203_0b706945__temp0.10__seed7,0.21164718702960608,,8,per_run_oof
mistral_small_24b_2409__arc_test_00203_0b706945__temp0.60__seed7,0.1706004011014333,,8,per_run_oof
mistral_small_24b_2409__arc_test_00203_0b706945__temp1.00__seed7,0.10763367388259146,,8,per_run_oof
mistral_small_24b_2409__arc_test_00204_71e57156__temp0.10__seed7,0.2506663548219256,,8,per_run_oof
mistral_small_24b_2409__arc_test_00204_71e57156__temp0.60__seed7,0.1791781315375554,,8,per_run_oof
mistral_small_24b_2409__arc_test_00204_71e57156__temp1.00__seed7,0.30611599427118485,,8,per_run_oof
mistral_small_24b_2409__arc_test_00205_79bd34ae__temp0.10__seed7,0.07465699829696176,,8,per_run_oof
mistral_small_24b_2409__arc_test_00205_79bd34ae__temp0.60__seed7,0.09385306043895451,,8,per_run_oof
mistral_small_24b_2409__arc_test_00205_79bd34ae__temp1.00__seed7,0.18454786506555945,0.8571428571428571,8,per_run_oof
mistral_small_24b_2409__arc_test_00206_9aa565bd__temp0.10__seed7,0.0777005890476275,,8,per_run_oof
mistral_small_24b_2409__arc_test_00206_9aa565bd__temp0.60__seed7,0.1915424226504816,0.41666666666666663,8,per_run_oof
mistral_small_24b_2409__arc_test_00206_9aa565bd__temp1.00__seed7,0.11118093124995869,1.0,8,per_run_oof
mistral_small_24b_2409__arc_test_00207_426a6b0b__temp0.10__seed7,0.17986252026847466,,8,per_run_oof
mistral_small_24b_2409__arc_test_00207_426a6b0b__temp0.60__seed7,0.12559457090422602,,8,per_run_oof
mistral_small_24b_2409__arc_test_00207_426a6b0b__temp1.00__seed7,0.21896653938235933,,8,per_run_oof
mistral_small_24b_2409__arc_test_00208_e7e8e33f__temp0.10__seed7,0.36722733891295933,,8,per_run_oof
mistral_small_24b_2409__arc_test_00208_e7e8e33f__temp0.60__seed7,0.38197749922495894,,8,per_run_oof
mistral_small_24b_2409__arc_test_00208_e7e8e33f__temp1.00__seed7,0.2401291385741989,0.6875,8,per_run_oof
mistral_small_24b_2409__arc_test_00209_0c33d577__temp0.10__seed7,0.15454255665393124,0.8571428571428571,8,per_run_oof
mistral_small_24b_2409__arc_test_00209_0c33d577__temp0.60__seed7,0.1817509298263784,1.0,8,per_run_oof
mistral_small_24b_2409__arc_test_00209_0c33d577__temp1.00__seed7,0.2475633687369494,0.9166666666666667,8,per_run_oof
mistral_small_24b_2409__arc_test_00210_3822e3fd__temp0.10__seed7,0.3047587211635174,,8,per_run_oof
mistral_small_24b_2409__arc_test_00210_3822e3fd__temp0.60__seed7,0.3627084843960473,,8,per_run_oof
mistral_small_24b_2409__arc_test_00210_3822e3fd__temp1.00__seed7,0.23520027128349577,,8,per_run_oof
mistral_small_24b_2409__arc_test_00211_313873fb__temp0.10__seed7,0.15339954121611268,1.0,8,per_run_oof
mistral_small_24b_2409__arc_test_00211_313873fb__temp0.60__seed7,0.2041351385940822,1.0,8,per_run_oof
mistral_small_24b_2409__arc_test_00211_313873fb__temp1.00__seed7,0.3242006457832095,1.0,8,per_run_oof
mistral_small_24b_2409__arc_test_00212_d175ae79__temp0.10__seed7,0.156116732673259,0.7142857142857143,8,per_run_oof
mistral_small_24b_2409__arc_test_00212_d175ae79__temp0.60__seed7,0.13633828886739027,,8,per_run_oof
mistral_small_24b_2409__arc_test_00212_d175ae79__temp1.00__seed7,0.3995318374307471,0.2857142857142857,8,per_run_oof
mistral_small_24b_2409__arc_test_00213_5e4158c2__temp0.10__seed7,0.08813563304443088,,8,per_run_oof
mistral_small_24b_2409__arc_test_00213_5e4158c2__temp0.60__seed7,0.08258076954061755,,8,per_run_oof
mistral_small_24b_2409__arc_test_00213_5e4158c2__temp1.00__seed7,0.21475039279378383,,8,per_run_oof
mistral_small_24b_2409__arc_test_00214_209b3efe__temp0.10__seed7,0.1729114280887512,0.8666666666666667,8,per_run_oof
mistral_small_24b_2409__arc_test_00214_209b3efe__temp0.60__seed7,0.43138606239179816,,8,per_run_oof
mistral_small_24b_2409__arc_test_00214_209b3efe__temp1.00__seed7,0.4266224851307714,,8,per_run_oof
mistral_small_24b_2409__arc_test_00215_be1ebc8b__temp0.10__seed7,0.06994744852130215,,8,per_run_oof
mistral_small_24b_2409__arc_test_00215_be1ebc8b__temp0.60__seed7,0.10676167487647381,,8,per_run_oof
mistral_small_24b_2409__arc_test_00215_be1ebc8b__temp1.00__seed7,0.07833455086906349,,8,per_run_oof
mistral_small_24b_2409__arc_test_00216_ab4703bf__temp0.10__seed7,0.14298699830105838,0.8571428571428571,8,per_run_oof
mistral_small_24b_2409__arc_test_00216_ab4703bf__temp0.60__seed7,0.256452079222076,0.41666666666666663,8,per_run_oof
mistral_small_24b_2409__arc_test_00216_ab4703bf__temp1.00__seed7,0.341595281584367,0.6666666666666667,8,per_run_oof
mistral_small_24b_2409__arc_test_00217_bf4df470__temp0.10__seed7,0.06641109832837033,,8,per_run_oof
mistral_small_24b_2409__arc_test_00217_bf4df470__temp0.60__seed7,0.07903452279263169,,8,per_run_oof
mistral_small_24b_2409__arc_test_00217_bf4df470__temp1.00__seed7,0.08061325775459457,,8,per_run_oof
mistral_small_24b_2409__arc_test_00218_46fcf61c__temp0.10__seed7,0.11882464684811947,,8,per_run_oof
mistral_small_24b_2409__arc_test_00218_46fcf61c__temp0.60__seed7,0.08702438933271159,,8,per_run_oof
mistral_small_24b_2409__arc_test_00218_46fcf61c__temp1.00__seed7,0.14478087356101793,1.0,8,per_run_oof
mistral_small_24b_2409__arc_test_00219_c870c797__temp0.10__seed7,0.21809926402274607,,8,per_run_oof
mistral_small_24b_2409__arc_test_00219_c870c797__temp0.60__seed7,0.14873523458163554,,8,per_run_oof
mistral_small_24b_2409__arc_test_00219_c870c797__temp1.00__seed7,0.11307789422922188,,8,per_run_oof
mistral_small_24b_2409__arc_test_00220_097cf44e__temp0.10__seed7,0.21591986717558365,0.4285714285714286,8,per_run_oof
mistral_small_24b_2409__arc_test_00220_097cf44e__temp0.60__seed7,0.21172291697728232,0.8125,8,per_run_oof
mistral_small_24b_2409__arc_test_00220_097cf44e__temp1.00__seed7,0.17296532248170018,1.0,8,per_run_oof
mistral_small_24b_2409__arc_test_00221_5bd5f5b6__temp0.10__seed7,0.18156928653914683,,8,per_run_oof
mistral_small_24b_2409__arc_test_00221_5bd5f5b6__temp0.60__seed7,0.08033008663656377,,8,per_run_oof
mistral_small_24b_2409__arc_test_00221_5bd5f5b6__temp1.00__seed7,0.13227914415248793,,8,per_run_oof
mistral_small_24b_2409__arc_test_00222_a684f4f8__temp0.10__seed7,0.09226078320430825,,8,per_run_oof
mistral_small_24b_2409__arc_test_00222_a684f4f8__temp0.60__seed7,0.1443031029609158,0.8571428571428571,8,per_run_oof
mistral_small_24b_2409__arc_test_00222_a684f4f8__temp1.00__seed7,0.18829566404132525,0.9166666666666667,8,per_run_oof
mistral_small_24b_2409__arc_test_00223_6e7d642d__temp0.10__seed7,0.25400754421972715,,8,per_run_oof
mistral_small_24b_2409__arc_test_00223_6e7d642d__temp0.60__seed7,0.3106411329525339,,8,per_run_oof
mistral_small_24b_2409__arc_test_00223_6e7d642d__temp1.00__seed7,0.2117765488596103,,8,per_run_oof
mistral_small_24b_2409__arc_test_00224_582d24d6__temp0.10__seed7,0.24547738678274497,,8,per_run_oof
mistral_small_24b_2409__arc_test_00224_582d24d6__temp0.60__seed7,0.41212081880555096,0.16666666666666663,8,per_run_oof
mistral_small_24b_2409__arc_test_00224_582d24d6__temp1.00__seed7,0.2142525577242269,,8,per_run_oof
mistral_small_24b_2409__arc_test_00225_da3fac34__temp0.10__seed7,0.11100645936476658,1.0,8,per_run_oof
mistral_small_24b_2409__arc_test_00225_da3fac34__temp0.60__seed7,0.11782977260884547,1.0,8,per_run_oof
mistral_small_24b_2409__arc_test_00225_da3fac34__temp1.00__seed7,0.2401888802955558,,8,per_run_oof
mistral_small_24b_2409__arc_test_00226_73745ecc__temp0.10__seed7,0.13553232615407954,1.0,8,per_run_oof
mistral_small_24b_2409__arc_test_00226_73745ecc__temp0.60__seed7,0.14079968700143136,1.0,8,per_run_oof
mistral_small_24b_2409__arc_test_00226_73745ecc__temp1.00__seed7,0.16251451414477824,0.7333333333333334,8,per_run_oof
mistral_small_24b_2409__arc_test_00227_01644897__temp0.10__seed7,0.23735100178460514,1.0,8,per_run_oof
mistral_small_24b_2409__arc_test_00227_01644897__temp0.60__seed7,0.23817228448718347,1.0,8,per_run_oof
mistral_small_24b_2409__arc_test_00227_01644897__temp1.00__seed7,0.2232831102013566,0.8571428571428571,8,per_run_oof
mistral_small_24b_2409__arc_test_00228_74062832__temp0.10__seed7,0.26910152075074245,0.6666666666666666,8,per_run_oof
mistral_small_24b_2409__arc_test_00228_74062832__temp0.60__seed7,0.17415192608793872,0.875,8,per_run_oof
mistral_small_24b_2409__arc_test_00228_74062832__temp1.00__seed7,0.25005439757659786,0.5625,8,per_run_oof
mistral_small_24b_2409__arc_test_00229_791d4ee9__temp0.10__seed7,0.29715802793446006,1.0,8,per_run_oof
mistral_small_24b_2409__arc_test_00229_791d4ee9__temp0.60__seed7,0.22997977577733425,1.0,8,per_run_oof
mistral_small_24b_2409__arc_test_00229_791d4ee9__temp1.00__seed7,0.14600049426336842,,8,per_run_oof
mistral_small_24b_2409__arc_test_00230_c727a8e3__temp0.10__seed7,0.22712183398408575,,8,per_run_oof
mistral_small_24b_2409__arc_test_00230_c727a8e3__temp0.60__seed7,0.20048709183324015,,8,per_run_oof
mistral_small_24b_2409__arc_test_00230_c727a8e3__temp1.00__seed7,0.2511476313495292,1.0,8,per_run_oof
mistral_small_24b_2409__arc_test_00231_c3b445e1__temp0.10__seed7,0.22718863304772713,0.8666666666666667,8,per_run_oof
mistral_small_24b_2409__arc_test_00231_c3b445e1__temp0.60__seed7,0.19417719160973557,0.8125,8,per_run_oof
mistral_small_24b_2409__arc_test_00231_c3b445e1__temp1.00__seed7,0.35657188182892563,0.6666666666666667,8,per_run_oof
mistral_small_24b_2409__arc_test_00232_9c0acfca__temp0.10__seed7,0.16516696414676707,1.0,8,per_run_oof
mistral_small_24b_2409__arc_test_00232_9c0acfca__temp0.60__seed7,0.20559482359523185,,8,per_run_oof
mistral_small_24b_2409__arc_test_00232_9c0acfca__temp1.00__seed7,0.1302173295762546,,8,per_run_oof
mistral_small_24b_2409__arc_test_00233_1a5e4054__temp0.10__seed7,0.12600587749314068,,8,per_run_oof
mistral_small_24b_2409__arc_test_00233_1a5e4054__temp0.60__seed7,0.13321119025508835,,8,per_run_oof
mistral_small_24b_2409__arc_test_00233_1a5e4054__temp1.00__seed7,0.08394428915978322,,8,per_run_oof
mistral_small_24b_2409__arc_test_00234_34339fc0__temp0.10__seed7,0.17129079587983198,1.0,8,per_run_oof
mistral_small_24b_2409__arc_test_00234_34339fc0__temp0.60__seed7,0.20177024828703943,,8,per_run_oof
mistral_small_24b_2409__arc_test_00234_34339fc0__temp1.00__seed7,0.281046979014542,,8,per_run_oof
mistral_small_24b_2409__arc_test_00235_f711fc61__temp0.10__seed7,0.28425040872288515,1.0,8,per_run_oof
mistral_small_24b_2409__arc_test_00235_f711fc61__temp0.60__seed7,0.24787356704671581,,8,per_run_oof
mistral_small_24b_2409__arc_test_00235_f711fc61__temp1.00__seed7,0.15212170300389677,,8,per_run_oof
mistral_small_24b_2409__arc_test_00236_512aedd1__temp0.10__seed7,0.16500909209234899,,8,per_run_oof
mistral_small_24b_2409__arc_test_00236_512aedd1__temp0.60__seed7,0.27467163106998704,,8,per_run_oof
mistral_small_24b_2409__arc_test_00236_512aedd1__temp1.00__seed7,0.1683359052767463,1.0,8,per_run_oof
mistral_small_24b_2409__arc_test_00237_397f6822__temp0.10__seed7,0.07556726180245792,,8,per_run_oof
mistral_small_24b_2409__arc_test_00237_397f6822__temp0.60__seed7,0.14528731500190079,,8,per_run_oof
mistral_small_24b_2409__arc_test_00237_397f6822__temp1.00__seed7,0.18213024888627966,1.0,8,per_run_oof
mistral_small_24b_2409__arc_test_00238_694f40e1__temp0.10__seed7,0.0711293357618949,,8,per_run_oof
mistral_small_24b_2409__arc_test_00238_694f40e1__temp0.60__seed7,0.12997987498975996,,8,per_run_oof
mistral_small_24b_2409__arc_test_00238_694f40e1__temp1.00__seed7,0.08760085748358407,,8,per_run_oof
mistral_small_24b_2409__arc_test_00239_e856ec75__temp0.10__seed7,0.19358533925563198,0.8571428571428571,8,per_run_oof
mistral_small_24b_2409__arc_test_00239_e856ec75__temp0.60__seed7,0.38354417011795716,,8,per_run_oof
mistral_small_24b_2409__arc_test_00239_e856ec75__temp1.00__seed7,0.26550933395867055,,8,per_run_oof
mistral_small_24b_2409__arc_test_00240_6adb9c73__temp0.10__seed7,0.27732602985293586,1.0,8,per_run_oof
mistral_small_24b_2409__arc_test_00240_6adb9c73__temp0.60__seed7,0.18187840669789077,1.0,8,per_run_oof
mistral_small_24b_2409__arc_test_00240_6adb9c73__temp1.00__seed7,0.15701534860029998,0.9166666666666667,8,per_run_oof
mistral_small_24b_2409__arc_test_00241_aea7337b__temp0.10__seed7,0.2713628230031018,,8,per_run_oof
mistral_small_24b_2409__arc_test_00241_aea7337b__temp0.60__seed7,0.1777483139673386,,8,per_run_oof
mistral_small_24b_2409__arc_test_00241_aea7337b__temp1.00__seed7,0.2608075053441654,0.1428571428571429,8,per_run_oof
mistral_small_24b_2409__arc_test_00242_ee3950c7__temp0.10__seed7,0.17996814914977766,1.0,8,per_run_oof
mistral_small_24b_2409__arc_test_00242_ee3950c7__temp0.60__seed7,0.09739128517981051,1.0,8,per_run_oof
mistral_small_24b_2409__arc_test_00242_ee3950c7__temp1.00__seed7,0.11353779605337593,1.0,8,per_run_oof
mistral_small_24b_2409__arc_test_00243_090c01fc__temp0.10__seed7,0.1861963997922666,1.0,8,per_run_oof
mistral_small_24b_2409__arc_test_00243_090c01fc__temp0.60__seed7,0.15672099716315518,1.0,8,per_run_oof
mistral_small_24b_2409__arc_test_00243_090c01fc__temp1.00__seed7,0.1194089825500409,1.0,8,per_run_oof
mistral_small_24b_2409__arc_test_00244_eac3cb67__temp0.10__seed7,0.08787495778412643,,8,per_run_oof
mistral_small_24b_2409__arc_test_00244_eac3cb67__temp0.60__seed7,0.07327483048211982,,8,per_run_oof
mistral_small_24b_2409__arc_test_00244_eac3cb67__temp1.00__seed7,0.06695820157571433,,8,per_run_oof
mistral_small_24b_2409__arc_test_00245_e7db20d6__temp0.10__seed7,0.1511049451984554,,8,per_run_oof
mistral_small_24b_2409__arc_test_00245_e7db20d6__temp0.60__seed7,0.0969593033153685,,8,per_run_oof
mistral_small_24b_2409__arc_test_00245_e7db20d6__temp1.00__seed7,0.1290729383658039,,8,per_run_oof
mistral_small_24b_2409__arc_test_00246_a4dca82a__temp0.10__seed7,0.139490729330204,,8,per_run_oof
mistral_small_24b_2409__arc_test_00246_a4dca82a__temp0.60__seed7,0.18962910052387333,0.8125,8,per_run_oof
mistral_small_24b_2409__arc_test_00246_a4dca82a__temp1.00__seed7,0.19298870642897525,1.0,8,per_run_oof
mistral_small_24b_2409__arc_test_00247_26a37da4__temp0.10__seed7,0.14786571743909524,0.9166666666666667,8,per_run_oof
mistral_small_24b_2409__arc_test_00247_26a37da4__temp0.60__seed7,0.31577670797357477,,8,per_run_oof
mistral_small_24b_2409__arc_test_00247_26a37da4__temp1.00__seed7,0.13998664251413762,0.9166666666666667,8,per_run_oof
mistral_small_24b_2409__arc_test_00248_e837902f__temp0.10__seed7,0.25604967522431143,,8,per_run_oof
mistral_small_24b_2409__arc_test_00248_e837902f__temp0.60__seed7,0.2166858252270295,,8,per_run_oof
mistral_small_24b_2409__arc_test_00248_e837902f__temp1.00__seed7,0.11788026533035217,,8,per_run_oof
mistral_small_24b_2409__arc_test_00249_d6f66ee0__temp0.10__seed7,0.13491107131880833,,8,per_run_oof
mistral_small_24b_2409__arc_test_00249_d6f66ee0__temp0.60__seed7,0.1239461686522578,,8,per_run_oof
mistral_small_24b_2409__arc_test_00249_d6f66ee0__temp1.00__seed7,0.09127242056614851,,8,per_run_oof
mistral_small_24b_2409__arc_test_00250_f494c296__temp0.10__seed7,0.1313317404731979,,8,per_run_oof
mistral_small_24b_2409__arc_test_00250_f494c296__temp0.60__seed7,0.12855014237814427,,8,per_run_oof
mistral_small_24b_2409__arc_test_00250_f494c296__temp1.00__seed7,0.1325128793291756,1.0,8,per_run_oof
mistral_small_24b_2409__arc_test_00251_80eac29b__temp0.10__seed7,0.10588390030509169,,8,per_run_oof
mistral_small_24b_2409__arc_test_00251_80eac29b__temp0.60__seed7,0.1667981724239643,,8,per_run_oof
mistral_small_24b_2409__arc_test_00251_80eac29b__temp1.00__seed7,0.12512935812152015,1.0,8,per_run_oof
mistral_small_24b_2409__arc_test_00252_e5585101__temp0.10__seed7,0.15409067664315676,1.0,8,per_run_oof
mistral_small_24b_2409__arc_test_00252_e5585101__temp0.60__seed7,0.05978888648978949,1.0,8,per_run_oof
mistral_small_24b_2409__arc_test_00252_e5585101__temp1.00__seed7,0.24763395042336858,1.0,8,per_run_oof
mistral_small_24b_2409__arc_test_00253_8b812a8a__temp0.10__seed7,0.19937981731490123,,8,per_run_oof
mistral_small_24b_2409__arc_test_00253_8b812a8a__temp0.60__seed7,0.13622902593868946,,8,per_run_oof
mistral_small_24b_2409__arc_test_00253_8b812a8a__temp1.00__seed7,0.228457317138563,,8,per_run_oof
mistral_small_24b_2409__arc_test_00254_992b459f__temp0.10__seed7,0.16032298066183173,0.8571428571428571,8,per_run_oof
mistral_small_24b_2409__arc_test_00254_992b459f__temp0.60__seed7,0.37841616270500544,,8,per_run_oof
mistral_small_24b_2409__arc_test_00254_992b459f__temp1.00__seed7,0.13148007686253638,0.8571428571428571,8,per_run_oof
mistral_small_24b_2409__arc_test_00255_ab08e434__temp0.10__seed7,0.1630927737948802,0.8571428571428571,8,per_run_oof
mistral_small_24b_2409__arc_test_00255_ab08e434__temp0.60__seed7,0.17617073696183655,1.0,8,per_run_oof
mistral_small_24b_2409__arc_test_00255_ab08e434__temp1.00__seed7,0.06918731156274169,1.0,8,per_run_oof
mistral_small_24b_2409__arc_test_00256_73563be9__temp0.10__seed7,0.1757316946385712,1.0,8,per_run_oof
mistral_small_24b_2409__arc_test_00256_73563be9__temp0.60__seed7,0.3116824661680031,1.0,8,per_run_oof
mistral_small_24b_2409__arc_test_00256_73563be9__temp1.00__seed7,0.18976453876402657,0.8666666666666667,8,per_run_oof
mistral_small_24b_2409__arc_test_00257_01acf152__temp0.10__seed7,0.1856683658554614,,8,per_run_oof
mistral_small_24b_2409__arc_test_00257_01acf152__temp0.60__seed7,0.16804381549187103,,8,per_run_oof
mistral_small_24b_2409__arc_test_00257_01acf152__temp1.00__seed7,0.14489950245698632,,8,per_run_oof
mistral_small_24b_2409__arc_test_00258_6a879ef1__temp0.10__seed7,0.26621157776442916,,8,per_run_oof
mistral_small_24b_2409__arc_test_00258_6a879ef1__temp0.60__seed7,0.3565943010981223,,8,per_run_oof
mistral_small_24b_2409__arc_test_00258_6a879ef1__temp1.00__seed7,0.26348143529847834,,8,per_run_oof
mistral_small_24b_2409__arc_test_00259_6493bd62__temp0.10__seed7,0.13475775634427106,1.0,8,per_run_oof
mistral_small_24b_2409__arc_test_00259_6493bd62__temp0.60__seed7,0.23071214509614107,1.0,8,per_run_oof
mistral_small_24b_2409__arc_test_00259_6493bd62__temp1.00__seed7,0.14464791007069297,,8,per_run_oof
mistral_small_24b_2409__arc_test_00260_9c369e3f__temp0.10__seed7,0.15123145273217864,,8,per_run_oof
mistral_small_24b_2409__arc_test_00260_9c369e3f__temp0.60__seed7,0.1582077994726973,1.0,8,per_run_oof
mistral_small_24b_2409__arc_test_00260_9c369e3f__temp1.00__seed7,0.2122932994355508,0.9166666666666667,8,per_run_oof
mistral_small_24b_2409__arc_test_00261_bd91b0d2__temp0.10__seed7,0.08987705685814394,,8,per_run_oof
mistral_small_24b_2409__arc_test_00261_bd91b0d2__temp0.60__seed7,0.0653157864911556,,8,per_run_oof
mistral_small_24b_2409__arc_test_00261_bd91b0d2__temp1.00__seed7,0.10583074104644671,1.0,8,per_run_oof
mistral_small_24b_2409__arc_test_00262_378e4c2d__temp0.10__seed7,0.22318814503612677,0.8333333333333334,8,per_run_oof
mistral_small_24b_2409__arc_test_00262_378e4c2d__temp0.60__seed7,0.1891213122481212,0.8333333333333334,8,per_run_oof
mistral_small_24b_2409__arc_test_00262_378e4c2d__temp1.00__seed7,0.1246633771931191,,8,per_run_oof
mistral_small_24b_2409__arc_test_00263_1ca9e9de__temp0.10__seed7,0.12918207804394277,1.0,8,per_run_oof
mistral_small_24b_2409__arc_test_00263_1ca9e9de__temp0.60__seed7,0.15285913164993048,,8,per_run_oof
mistral_small_24b_2409__arc_test_00263_1ca9e9de__temp1.00__seed7,0.2608980847514927,1.0,8,per_run_oof
mistral_small_24b_2409__arc_test_00264_dda0b59d__temp0.10__seed7,0.23800593312994345,0.4285714285714286,8,per_run_oof
mistral_small_24b_2409__arc_test_00264_dda0b59d__temp0.60__seed7,0.16776605647795848,,8,per_run_oof
mistral_small_24b_2409__arc_test_00264_dda0b59d__temp1.00__seed7,0.14211644870300416,1.0,8,per_run_oof
mistral_small_24b_2409__arc_test_00265_1d1eed16__temp0.10__seed7,0.20334453096271388,,8,per_run_oof
mistral_small_24b_2409__arc_test_00265_1d1eed16__temp0.60__seed7,0.12373076364337737,1.0,8,per_run_oof
mistral_small_24b_2409__arc_test_00265_1d1eed16__temp1.00__seed7,0.08683877843307822,1.0,8,per_run_oof
mistral_small_24b_2409__arc_test_00266_d59e88fe__temp0.10__seed7,0.19800584593919485,,8,per_run_oof
mistral_small_24b_2409__arc_test_00266_d59e88fe__temp0.60__seed7,0.2077360934138361,,8,per_run_oof
mistral_small_24b_2409__arc_test_00266_d59e88fe__temp1.00__seed7,0.2545748745700479,,8,per_run_oof
mistral_small_24b_2409__arc_test_00267_0f835ed5__temp0.10__seed7,0.3405333909929641,,8,per_run_oof
mistral_small_24b_2409__arc_test_00267_0f835ed5__temp0.60__seed7,0.29167070041762433,,8,per_run_oof
mistral_small_24b_2409__arc_test_00267_0f835ed5__temp1.00__seed7,0.32455539473857653,,8,per_run_oof
mistral_small_24b_2409__arc_test_00268_5b12089f__temp0.10__seed7,0.194623492381787,,8,per_run_oof
mistral_small_24b_2409__arc_test_00268_5b12089f__temp0.60__seed7,0.13410476075630345,,8,per_run_oof
mistral_small_24b_2409__arc_test_00268_5b12089f__temp1.00__seed7,0.24134308483009165,,8,per_run_oof
mistral_small_24b_2409__arc_test_00269_7ee8bce6__temp0.10__seed7,0.18938271978559296,1.0,8,per_run_oof
mistral_small_24b_2409__arc_test_00269_7ee8bce6__temp0.60__seed7,0.12000998724719214,1.0,8,per_run_oof
mistral_small_24b_2409__arc_test_00269_7ee8bce6__temp1.00__seed7,0.1514204476835186,1.0,8,per_run_oof
mistral_small_24b_2409__arc_test_00270_9797a61e__temp0.10__seed7,0.16668484841031617,1.0,8,per_run_oof
mistral_small_24b_2409__arc_test_00270_9797a61e__temp0.60__seed7,0.1380505733712179,,8,per_run_oof
mistral_small_24b_2409__arc_test_00270_9797a61e__temp1.00__seed7,0.19506619338306797,0.5,8,per_run_oof
mistral_small_24b_2409__arc_test_00271_dc9048d3__temp0.10__seed7,0.14089315822226764,,8,per_run_oof
mistral_small_24b_2409__arc_test_00271_dc9048d3__temp0.60__seed7,0.10972083793016957,,8,per_run_oof
mistral_small_24b_2409__arc_test_00271_dc9048d3__temp1.00__seed7,0.10677205900228635,,8,per_run_oof
mistral_small_24b_2409__arc_test_00272_ee17c4c8__temp0.10__seed7,0.09101609287000431,1.0,8,per_run_oof
mistral_small_24b_2409__arc_test_00272_ee17c4c8__temp0.60__seed7,0.24617399521126987,1.0,8,per_run_oof
mistral_small_24b_2409__arc_test_00272_ee17c4c8__temp1.00__seed7,0.14397348532712737,,8,per_run_oof
mistral_small_24b_2409__arc_test_00273_b997fd4e__temp0.10__seed7,0.24807476974385329,,8,per_run_oof
mistral_small_24b_2409__arc_test_00273_b997fd4e__temp0.60__seed7,0.15357888420370336,1.0,8,per_run_oof
mistral_small_24b_2409__arc_test_00273_b997fd4e__temp1.00__seed7,0.16573604284364668,0.8571428571428571,8,per_run_oof
mistral_small_24b_2409__arc_test_00274_a74e5699__temp0.10__seed7,0.08560603834812919,1.0,8,per_run_oof
mistral_small_24b_2409__arc_test_00274_a74e5699__temp0.60__seed7,0.24208085038002963,,8,per_run_oof
mistral_small_24b_2409__arc_test_00274_a74e5699__temp1.00__seed7,0.12715238550379113,1.0,8,per_run_oof
mistral_small_24b_2409__arc_test_00275_596151c2__temp0.10__seed7,0.1685906404303159,,8,per_run_oof
mistral_small_24b_2409__arc_test_00275_596151c2__temp0.60__seed7,0.1784472904897049,,8,per_run_oof
mistral_small_24b_2409__arc_test_00275_596151c2__temp1.00__seed7,0.21390646855047046,,8,per_run_oof
mistral_small_24b_2409__arc_test_00276_c2cefe09__temp0.10__seed7,0.10712492196660961,1.0,8,per_run_oof
mistral_small_24b_2409__arc_test_00276_c2cefe09__temp0.60__seed7,0.155520007327195,1.0,8,per_run_oof
mistral_small_24b_2409__arc_test_00276_c2cefe09__temp1.00__seed7,0.07794032475049377,,8,per_run_oof
mistral_small_24b_2409__arc_test_00277_9faf8219__temp0.10__seed7,0.1288747719347887,1.0,8,per_run_oof
mistral_small_24b_2409__arc_test_00277_9faf8219__temp0.60__seed7,0.13880395140622134,1.0,8,per_run_oof
mistral_small_24b_2409__arc_test_00277_9faf8219__temp1.00__seed7,0.17719771109470148,0.9166666666666667,8,per_run_oof
mistral_small_24b_2409__arc_test_00278_8fc1e732__temp0.10__seed7,0.2164296384924861,,8,per_run_oof
mistral_small_24b_2409__arc_test_00278_8fc1e732__temp0.60__seed7,0.13647551753150794,1.0,8,per_run_oof
mistral_small_24b_2409__arc_test_00278_8fc1e732__temp1.00__seed7,0.12497197617221457,1.0,8,per_run_oof
mistral_small_24b_2409__arc_test_00279_890033b7__temp0.10__seed7,0.1471875405578321,1.0,8,per_run_oof
mistral_small_24b_2409__arc_test_00279_890033b7__temp0.60__seed7,0.11446953434455509,1.0,8,per_run_oof
mistral_small_24b_2409__arc_test_00279_890033b7__temp1.00__seed7,0.16391847801317372,,8,per_run_oof
mistral_small_24b_2409__arc_test_00280_6086acb4__temp0.10__seed7,0.15734725840386649,,8,per_run_oof
mistral_small_24b_2409__arc_test_00280_6086acb4__temp0.60__seed7,0.2541872904230583,,8,per_run_oof
mistral_small_24b_2409__arc_test_00280_6086acb4__temp1.00__seed7,0.34314429302382676,0.25,8,per_run_oof
mistral_small_24b_2409__arc_test_00281_3edf5f7c__temp0.10__seed7,0.16867282854405505,,8,per_run_oof
mistral_small_24b_2409__arc_test_00281_3edf5f7c__temp0.60__seed7,0.12431943815177757,,8,per_run_oof
mistral_small_24b_2409__arc_test_00281_3edf5f7c__temp1.00__seed7,0.08027756077804778,,8,per_run_oof
mistral_small_24b_2409__arc_test_00282_18a50a3d__temp0.10__seed7,0.08748784230601726,,8,per_run_oof
mistral_small_24b_2409__arc_test_00282_18a50a3d__temp0.60__seed7,0.08372678443356169,,8,per_run_oof
mistral_small_24b_2409__arc_test_00282_18a50a3d__temp1.00__seed7,0.11846560670723305,1.0,8,per_run_oof
mistral_small_24b_2409__arc_test_00283_9f2902d5__temp0.10__seed7,0.05927055615288439,,8,per_run_oof
mistral_small_24b_2409__arc_test_00283_9f2902d5__temp0.60__seed7,0.07162299413324386,,8,per_run_oof
mistral_small_24b_2409__arc_test_00283_9f2902d5__temp1.00__seed7,0.08143058394652256,,8,per_run_oof
mistral_small_24b_2409__arc_test_00284_10cb5673__temp0.10__seed7,0.1068429464619998,1.0,8,per_run_oof
mistral_small_24b_2409__arc_test_00284_10cb5673__temp0.60__seed7,0.40894722894496094,0.2857142857142857,8,per_run_oof
mistral_small_24b_2409__arc_test_00284_10cb5673__temp1.00__seed7,0.17375715705048916,0.5833333333333334,8,per_run_oof
mistral_small_24b_2409__arc_test_00285_d40e9f15__temp0.10__seed7,0.06997082283580805,,8,per_run_oof
mistral_small_24b_2409__arc_test_00285_d40e9f15__temp0.60__seed7,0.16842399504986388,,8,per_run_oof
mistral_small_24b_2409__arc_test_00285_d40e9f15__temp1.00__seed7,0.06893823819364817,,8,per_run_oof
mistral_small_24b_2409__arc_test_00286_0773fa77__temp0.10__seed7,0.07647646547665451,,8,per_run_oof
mistral_small_24b_2409__arc_test_00286_0773fa77__temp0.60__seed7,0.08515685724484483,,8,per_run_oof
mistral_small_24b_2409__arc_test_00286_0773fa77__temp1.00__seed7,0.15241922433542127,,8,per_run_oof
mistral_small_24b_2409__arc_test_00287_19839f07__temp0.10__seed7,0.07746366141395128,,8,per_run_oof
mistral_small_24b_2409__arc_test_00287_19839f07__temp0.60__seed7,0.27978735824135803,1.0,8,per_run_oof
mistral_small_24b_2409__arc_test_00287_19839f07__temp1.00__seed7,0.15409048750979068,,8,per_run_oof
mistral_small_24b_2409__arc_test_00288_e90a5f0c__temp0.10__seed7,0.14356513015806505,,8,per_run_oof
mistral_small_24b_2409__arc_test_00288_e90a5f0c__temp0.60__seed7,0.05474676797458773,,8,per_run_oof
mistral_small_24b_2409__arc_test_00288_e90a5f0c__temp1.00__seed7,0.26178468107564734,0.16666666666666663,8,per_run_oof
mistral_small_24b_2409__arc_test_00289_a783fa79__temp0.10__seed7,0.1348182416545385,,8,per_run_oof
mistral_small_24b_2409__arc_test_00289_a783fa79__temp0.60__seed7,0.2126178861775217,,8,per_run_oof
mistral_small_24b_2409__arc_test_00289_a783fa79__temp1.00__seed7,0.19559002197853456,1.0,8,per_run_oof
mistral_small_24b_2409__arc_test_00290_cda60f09__temp0.10__seed7,0.23219465403852732,0.6,8,per_run_oof
mistral_small_24b_2409__arc_test_00290_cda60f09__temp0.60__seed7,0.25922666752505286,0.0,8,per_run_oof
mistral_small_24b_2409__arc_test_00290_cda60f09__temp1.00__seed7,0.1411217746747919,,8,per_run_oof
mistral_small_24b_2409__arc_test_00291_3092c86e__temp0.10__seed7,0.20055117574095654,1.0,8,per_run_oof
mistral_small_24b_2409__arc_test_00291_3092c86e__temp0.60__seed7,0.16979531521529853,1.0,8,per_run_oof
mistral_small_24b_2409__arc_test_00291_3092c86e__temp1.00__seed7,0.11053096690842457,1.0,8,per_run_oof
mistral_small_24b_2409__arc_test_00292_73ead151__temp0.10__seed7,0.3042835708207909,1.0,8,per_run_oof
mistral_small_24b_2409__arc_test_00292_73ead151__temp0.60__seed7,0.22679212560827602,,8,per_run_oof
mistral_small_24b_2409__arc_test_00292_73ead151__temp1.00__seed7,0.17630779457131535,,8,per_run_oof
mistral_small_24b_2409__arc_test_00293_970b4fd6__temp0.10__seed7,0.2508562065944872,,8,per_run_oof
mistral_small_24b_2409__arc_test_00293_970b4fd6__temp0.60__seed7,0.15824146895178165,,8,per_run_oof
mistral_small_24b_2409__arc_test_00293_970b4fd6__temp1.00__seed7,0.17426327919127477,,8,per_run_oof
mistral_small_24b_2409__arc_test_00294_062a3bf2__temp0.10__seed7,0.15339938716986687,,8,per_run_oof
mistral_small_24b_2409__arc_test_00294_062a3bf2__temp0.60__seed7,0.11441879899507704,,8,per_run_oof
mistral_small_24b_2409__arc_test_00294_062a3bf2__temp1.00__seed7,0.18472215531606168,,8,per_run_oof
mistral_small_24b_2409__arc_test_00295_f0549092__temp0.10__seed7,0.06243349296146414,,8,per_run_oof
mistral_small_24b_2409__arc_test_00295_f0549092__temp0.60__seed7,0.1734317853420942,,8,per_run_oof
mistral_small_24b_2409__arc_test_00295_f0549092__temp1.00__seed7,0.15675483429794476,,8,per_run_oof
mistral_small_24b_2409__arc_test_00296_629ab988__temp0.10__seed7,0.18875928801048458,,8,per_run_oof
mistral_small_24b_2409__arc_test_00296_629ab988__temp0.60__seed7,0.20058874841835594,,8,per_run_oof
mistral_small_24b_2409__arc_test_00296_629ab988__temp1.00__seed7,0.2446887179110476,,8,per_run_oof
mistral_small_24b_2409__arc_test_00297_8696a932__temp0.10__seed7,0.1023868151901616,,8,per_run_oof
mistral_small_24b_2409__arc_test_00297_8696a932__temp0.60__seed7,0.1457294500934126,,8,per_run_oof
mistral_small_24b_2409__arc_test_00297_8696a932__temp1.00__seed7,0.15878810826808848,1.0,8,per_run_oof
mistral_small_24b_2409__arc_test_00298_3258495d__temp0.10__seed7,0.09235761011451352,,8,per_run_oof
mistral_small_24b_2409__arc_test_00298_3258495d__temp0.60__seed7,0.2149136188070161,0.8666666666666667,8,per_run_oof
mistral_small_24b_2409__arc_test_00298_3258495d__temp1.00__seed7,0.09330806258181545,,8,per_run_oof
mistral_small_24b_2409__arc_test_00299_511f7585__temp0.10__seed7,0.5881050969855359,0.0,8,per_run_oof
mistral_small_24b_2409__arc_test_00299_511f7585__temp0.60__seed7,0.17820464320115453,,8,per_run_oof
mistral_small_24b_2409__arc_test_00299_511f7585__temp1.00__seed7,0.2891245771847696,0.1428571428571429,8,per_run_oof
mistral_small_24b_2409__arc_test_00300_2adf3ed7__temp0.10__seed7,0.21581534287245008,1.0,8,per_run_oof
mistral_small_24b_2409__arc_test_00300_2adf3ed7__temp0.60__seed7,0.1585249029192872,,8,per_run_oof
mistral_small_24b_2409__arc_test_00300_2adf3ed7__temp1.00__seed7,0.2905064246707114,,8,per_run_oof
mistral_small_24b_2409__arc_test_00301_71f149ab__temp0.10__seed7,0.20736631238783695,0.8125,8,per_run_oof
mistral_small_24b_2409__arc_test_00301_71f149ab__temp0.60__seed7,0.1025431594329034,1.0,8,per_run_oof
mistral_small_24b_2409__arc_test_00301_71f149ab__temp1.00__seed7,0.17068878342945182,0.8571428571428571,8,per_run_oof
mistral_small_24b_2409__arc_test_00302_067ef958__temp0.10__seed7,0.10631967389601968,1.0,8,per_run_oof
mistral_small_24b_2409__arc_test_00302_067ef958__temp0.60__seed7,0.15619163783570517,,8,per_run_oof
mistral_small_24b_2409__arc_test_00302_067ef958__temp1.00__seed7,0.1296982745448741,1.0,8,per_run_oof
mistral_small_24b_2409__arc_test_00303_5f214f65__temp0.10__seed7,0.25975162495850734,,8,per_run_oof
mistral_small_24b_2409__arc_test_00303_5f214f65__temp0.60__seed7,0.30130442233559135,,8,per_run_oof
mistral_small_24b_2409__arc_test_00303_5f214f65__temp1.00__seed7,0.2825733329563568,,8,per_run_oof
mistral_small_24b_2409__arc_test_00304_68a61690__temp0.10__seed7,0.09786046412224336,,8,per_run_oof
mistral_small_24b_2409__arc_test_00304_68a61690__temp0.60__seed7,0.09270883774075675,,8,per_run_oof
mistral_small_24b_2409__arc_test_00304_68a61690__temp1.00__seed7,0.20363928995649305,,8,per_run_oof
mistral_small_24b_2409__arc_test_00305_b8a94dee__temp0.10__seed7,0.25709532645656774,1.0,8,per_run_oof
mistral_small_24b_2409__arc_test_00305_b8a94dee__temp0.60__seed7,0.1562629433570864,,8,per_run_oof
mistral_small_24b_2409__arc_test_00305_b8a94dee__temp1.00__seed7,0.27538339772600484,1.0,8,per_run_oof
mistral_small_24b_2409__arc_test_00306_569880d5__temp0.10__seed7,0.08259393836202425,,8,per_run_oof
mistral_small_24b_2409__arc_test_00306_569880d5__temp0.60__seed7,0.09607259495388751,,8,per_run_oof
mistral_small_24b_2409__arc_test_00306_569880d5__temp1.00__seed7,0.10772738327725262,,8,per_run_oof
mistral_small_24b_2409__arc_test_00307_342fce9a__temp0.10__seed7,0.07770124676143202,,8,per_run_oof
mistral_small_24b_2409__arc_test_00307_342fce9a__temp0.60__seed7,0.0767418060832389,,8,per_run_oof
mistral_small_24b_2409__arc_test_00307_342fce9a__temp1.00__seed7,0.08774293255729511,,8,per_run_oof
mistral_small_24b_2409__arc_test_00308_7c35de8f__temp0.10__seed7,0.14819403247132631,1.0,8,per_run_oof
mistral_small_24b_2409__arc_test_00308_7c35de8f__temp0.60__seed7,0.2021286839145736,0.8333333333333334,8,per_run_oof
mistral_small_24b_2409__arc_test_00308_7c35de8f__temp1.00__seed7,0.10556964235892348,1.0,8,per_run_oof
mistral_small_24b_2409__arc_test_00309_2326f22b__temp0.10__seed7,0.1688939194024548,0.9375,8,per_run_oof
mistral_small_24b_2409__arc_test_00309_2326f22b__temp0.60__seed7,0.17640621316561944,1.0,8,per_run_oof
mistral_small_24b_2409__arc_test_00309_2326f22b__temp1.00__seed7,0.2415225333968239,0.4285714285714286,8,per_run_oof
mistral_small_24b_2409__arc_test_00310_d803e449__temp0.10__seed7,0.36181877770978266,,8,per_run_oof
mistral_small_24b_2409__arc_test_00310_d803e449__temp0.60__seed7,0.5215805493211384,,8,per_run_oof
mistral_small_24b_2409__arc_test_00310_d803e449__temp1.00__seed7,0.26999027995800284,0.8571428571428571,8,per_run_oof
mistral_small_24b_2409__arc_test_00311_22e258f1__temp0.10__seed7,0.15389088214463512,1.0,8,per_run_oof
mistral_small_24b_2409__arc_test_00311_22e258f1__temp0.60__seed7,0.15408061992249691,1.0,8,per_run_oof
mistral_small_24b_2409__arc_test_00311_22e258f1__temp1.00__seed7,0.15801287027205985,1.0,8,per_run_oof
mistral_small_24b_2409__arc_test_00312_46de9ba7__temp0.10__seed7,0.2517909996981834,,8,per_run_oof
mistral_small_24b_2409__arc_test_00312_46de9ba7__temp0.60__seed7,0.18588020014257153,,8,per_run_oof
mistral_small_24b_2409__arc_test_00312_46de9ba7__temp1.00__seed7,0.20614454706224053,1.0,8,per_run_oof
mistral_small_24b_2409__arc_test_00313_6a647b21__temp0.10__seed7,0.14327148955922658,1.0,8,per_run_oof
mistral_small_24b_2409__arc_test_00313_6a647b21__temp0.60__seed7,0.155337020007742,0.9166666666666667,8,per_run_oof
mistral_small_24b_2409__arc_test_00313_6a647b21__temp1.00__seed7,0.09886553780642837,1.0,8,per_run_oof
mistral_small_24b_2409__arc_test_00314_c9337b20__temp0.10__seed7,0.0986839852246652,,8,per_run_oof
mistral_small_24b_2409__arc_test_00314_c9337b20__temp0.60__seed7,0.11596463788720601,,8,per_run_oof
mistral_small_24b_2409__arc_test_00314_c9337b20__temp1.00__seed7,0.14564090812196723,,8,per_run_oof
mistral_small_24b_2409__arc_test_00315_04264bf6__temp0.10__seed7,0.14307103278345124,,8,per_run_oof
mistral_small_24b_2409__arc_test_00315_04264bf6__temp0.60__seed7,0.11890275102293778,,8,per_run_oof
mistral_small_24b_2409__arc_test_00315_04264bf6__temp1.00__seed7,0.16992613387303251,,8,per_run_oof
mistral_small_24b_2409__arc_test_00316_3de47e95__temp0.10__seed7,0.13390196394753787,1.0,8,per_run_oof
mistral_small_24b_2409__arc_test_00316_3de47e95__temp0.60__seed7,0.09546875738071792,1.0,8,per_run_oof
mistral_small_24b_2409__arc_test_00316_3de47e95__temp1.00__seed7,0.10345079140761962,,8,per_run_oof
mistral_small_24b_2409__arc_test_00317_6f9be3d9__temp0.10__seed7,0.3154352090372687,,8,per_run_oof
mistral_small_24b_2409__arc_test_00317_6f9be3d9__temp0.60__seed7,0.17630257434368307,0.9333333333333333,8,per_run_oof
mistral_small_24b_2409__arc_test_00317_6f9be3d9__temp1.00__seed7,0.38180558218305055,,8,per_run_oof
mistral_small_24b_2409__arc_test_00318_3f0be9a6__temp0.10__seed7,0.08210122312104859,,8,per_run_oof
mistral_small_24b_2409__arc_test_00318_3f0be9a6__temp0.60__seed7,0.14029400209210102,,8,per_run_oof
mistral_small_24b_2409__arc_test_00318_3f0be9a6__temp1.00__seed7,0.13730181164569477,,8,per_run_oof
mistral_small_24b_2409__arc_test_00319_9b046cae__temp0.10__seed7,0.13349165416021835,,8,per_run_oof
mistral_small_24b_2409__arc_test_00319_9b046cae__temp0.60__seed7,0.14904779065626492,,8,per_run_oof
mistral_small_24b_2409__arc_test_00319_9b046cae__temp1.00__seed7,0.10989342400499723,1.0,8,per_run_oof
mistral_small_24b_2409__arc_test_00320_46d19bd1__temp0.10__seed7,0.17522142737152496,,8,per_run_oof
mistral_small_24b_2409__arc_test_00320_46d19bd1__temp0.60__seed7,0.2407030781384421,,8,per_run_oof
mistral_small_24b_2409__arc_test_00320_46d19bd1__temp1.00__seed7,0.15665427543701463,1.0,8,per_run_oof
mistral_small_24b_2409__arc_test_00321_443c5c74__temp0.10__seed7,0.1413323277254711,0.8571428571428571,8,per_run_oof
mistral_small_24b_2409__arc_test_00321_443c5c74__temp0.60__seed7,0.3518428217893119,,8,per_run_oof
mistral_small_24b_2409__arc_test_00321_443c5c74__temp1.00__seed7,0.18749618701237503,0.8333333333333334,8,per_run_oof
mistral_small_24b_2409__arc_test_00322_a862010b__temp0.10__seed7,0.3475805847816816,,8,per_run_oof
mistral_small_24b_2409__arc_test_00322_a862010b__temp0.60__seed7,0.3930780102044581,0.1333333333333333,8,per_run_oof
mistral_small_24b_2409__arc_test_00322_a862010b__temp1.00__seed7,0.2070922688660013,1.0,8,per_run_oof
mistral_small_24b_2409__arc_test_00323_1d6a50b8__temp0.10__seed7,0.09231000952937757,,8,per_run_oof
mistral_small_24b_2409__arc_test_00323_1d6a50b8__temp0.60__seed7,0.10470355501525894,,8,per_run_oof
mistral_small_24b_2409__arc_test_00323_1d6a50b8__temp1.00__seed7,0.08017829299085832,,8,per_run_oof
mistral_small_24b_2409__arc_test_00324_f52c20ae__temp0.10__seed7,0.15221847513634007,1.0,8,per_run_oof
mistral_small_24b_2409__arc_test_00324_f52c20ae__temp0.60__seed7,0.2154783144573249,0.6875,8,per_run_oof
mistral_small_24b_2409__arc_test_00324_f52c20ae__temp1.00__seed7,0.313177297361384,,8,per_run_oof
mistral_small_24b_2409__arc_test_00325_3a2e8dd5__temp0.10__seed7,0.25614611039939905,,8,per_run_oof
mistral_small_24b_2409__arc_test_00325_3a2e8dd5__temp0.60__seed7,0.33425901620437065,,8,per_run_oof
mistral_small_24b_2409__arc_test_00325_3a2e8dd5__temp1.00__seed7,0.1592612317206654,,8,per_run_oof
mistral_small_24b_2409__arc_test_00326_e67c5fe9__temp0.10__seed7,0.2365392629844978,,8,per_run_oof
mistral_small_24b_2409__arc_test_00326_e67c5fe9__temp0.60__seed7,0.3514031168516366,,8,per_run_oof
mistral_small_24b_2409__arc_test_00326_e67c5fe9__temp1.00__seed7,0.24933340401455983,0.33333333333333337,8,per_run_oof
mistral_small_24b_2409__arc_test_00327_5805f8ad__temp0.10__seed7,0.2196365828953098,0.5833333333333333,8,per_run_oof
mistral_small_24b_2409__arc_test_00327_5805f8ad__temp0.60__seed7,0.3298143877348425,0.25,8,per_run_oof
mistral_small_24b_2409__arc_test_00327_5805f8ad__temp1.00__seed7,0.40422535135874244,0.0,8,per_run_oof
mistral_small_24b_2409__arc_test_00328_5d8bd275__temp0.10__seed7,0.23726138900704513,,8,per_run_oof
mistral_small_24b_2409__arc_test_00328_5d8bd275__temp0.60__seed7,0.10854658577090745,1.0,8,per_run_oof
mistral_small_24b_2409__arc_test_00328_5d8bd275__temp1.00__seed7,0.1634889466434678,,8,per_run_oof
mistral_small_24b_2409__arc_test_00329_a05816f6__temp0.10__seed7,0.10989911621055742,1.0,8,per_run_oof
mistral_small_24b_2409__arc_test_00329_a05816f6__temp0.60__seed7,0.15488464013334594,,8,per_run_oof
mistral_small_24b_2409__arc_test_00329_a05816f6__temp1.00__seed7,0.11536050099379538,1.0,8,per_run_oof
mistral_small_24b_2409__arc_test_00330_f3d05923__temp0.10__seed7,0.11006634193283751,1.0,8,per_run_oof
mistral_small_24b_2409__arc_test_00330_f3d05923__temp0.60__seed7,0.11211650028486171,0.9166666666666667,8,per_run_oof
mistral_small_24b_2409__arc_test_00330_f3d05923__temp1.00__seed7,0.13493413839650426,,8,per_run_oof
mistral_small_24b_2409__arc_test_00331_921d7c59__temp0.10__seed7,0.17962775076363016,1.0,8,per_run_oof
mistral_small_24b_2409__arc_test_00331_921d7c59__temp0.60__seed7,0.1930845540833266,1.0,8,per_run_oof
mistral_small_24b_2409__arc_test_00331_921d7c59__temp1.00__seed7,0.16883827377815144,1.0,8,per_run_oof
mistral_small_24b_2409__arc_test_00332_1ef5ad04__temp0.10__seed7,0.07264429447553042,,8,per_run_oof
mistral_small_24b_2409__arc_test_00332_1ef5ad04__temp0.60__seed7,0.09408366359555798,,8,per_run_oof
mistral_small_24b_2409__arc_test_00332_1ef5ad04__temp1.00__seed7,0.08895013561111992,,8,per_run_oof
mistral_small_24b_2409__arc_test_00333_eb9e5ddb__temp0.10__seed7,0.16271286137947155,,8,per_run_oof
mistral_small_24b_2409__arc_test_00333_eb9e5ddb__temp0.60__seed7,0.16378764976049198,,8,per_run_oof
mistral_small_24b_2409__arc_test_00333_eb9e5ddb__temp1.00__seed7,0.11985990380946829,,8,per_run_oof
mistral_small_24b_2409__arc_test_00334_39cea5b1__temp0.10__seed7,0.18189577804020382,0.875,8,per_run_oof
mistral_small_24b_2409__arc_test_00334_39cea5b1__temp0.60__seed7,0.15930880371295303,0.9375,8,per_run_oof
mistral_small_24b_2409__arc_test_00334_39cea5b1__temp1.00__seed7,0.14889622260012741,,8,per_run_oof
mistral_small_24b_2409__arc_test_00335_d093b0cc__temp0.10__seed7,0.124613285292064,,8,per_run_oof
mistral_small_24b_2409__arc_test_00335_d093b0cc__temp0.60__seed7,0.26554857469462284,0.41666666666666663,8,per_run_oof
mistral_small_24b_2409__arc_test_00335_d093b0cc__temp1.00__seed7,0.21947396565601845,0.75,8,per_run_oof
mistral_small_24b_2409__arc_test_00336_9c0a7cb1__temp0.10__seed7,0.11098110428446883,,8,per_run_oof
mistral_small_24b_2409__arc_test_00336_9c0a7cb1__temp0.60__seed7,0.0831111443521871,,8,per_run_oof
mistral_small_24b_2409__arc_test_00336_9c0a7cb1__temp1.00__seed7,0.29415163898106794,,8,per_run_oof
mistral_small_24b_2409__arc_test_00337_bfd04e06__temp0.10__seed7,0.4743066014408425,,8,per_run_oof
mistral_small_24b_2409__arc_test_00337_bfd04e06__temp0.60__seed7,0.32885884474708704,0.8333333333333333,8,per_run_oof
mistral_small_24b_2409__arc_test_00337_bfd04e06__temp1.00__seed7,0.308214818863657,,8,per_run_oof
mistral_small_24b_2409__arc_test_00338_e8c12e79__temp0.10__seed7,0.20666066050532922,0.5833333333333334,8,per_run_oof
mistral_small_24b_2409__arc_test_00338_e8c12e79__temp0.60__seed7,0.17871590153400435,0.8571428571428571,8,per_run_oof
mistral_small_24b_2409__arc_test_00338_e8c12e79__temp1.00__seed7,0.2135796815136759,0.8333333333333334,8,per_run_oof
mistral_small_24b_2409__arc_test_00339_73c46b12__temp0.10__seed7,0.1578095466328679,1.0,8,per_run_oof
mistral_small_24b_2409__arc_test_00339_73c46b12__temp0.60__seed7,0.2578897705685445,,8,per_run_oof
mistral_small_24b_2409__arc_test_00339_73c46b12__temp1.00__seed7,0.09578774049192079,,8,per_run_oof
mistral_small_24b_2409__arc_test_00340_261864e1__temp0.10__seed7,0.21319152878864311,1.0,8,per_run_oof
mistral_small_24b_2409__arc_test_00340_261864e1__temp0.60__seed7,0.14400664441421826,0.8571428571428571,8,per_run_oof
mistral_small_24b_2409__arc_test_00340_261864e1__temp1.00__seed7,0.20785155844517444,,8,per_run_oof
mistral_small_24b_2409__arc_test_00341_7ea29d45__temp0.10__seed7,0.11419908629570807,1.0,8,per_run_oof
mistral_small_24b_2409__arc_test_00341_7ea29d45__temp0.60__seed7,0.20375920730791336,1.0,8,per_run_oof
mistral_small_24b_2409__arc_test_00341_7ea29d45__temp1.00__seed7,0.1474550188056224,,8,per_run_oof
mistral_small_24b_2409__arc_test_00342_80337fed__temp0.10__seed7,0.23316850635643188,1.0,8,per_run_oof
mistral_small_24b_2409__arc_test_00342_80337fed__temp0.60__seed7,0.10602001998245786,1.0,8,per_run_oof
mistral_small_24b_2409__arc_test_00342_80337fed__temp1.00__seed7,0.2883672689842031,1.0,8,per_run_oof
mistral_small_24b_2409__arc_test_00343_7abc93de__temp0.10__seed7,0.2104036739257666,,8,per_run_oof
mistral_small_24b_2409__arc_test_00343_7abc93de__temp0.60__seed7,0.14950100871180735,,8,per_run_oof
mistral_small_24b_2409__arc_test_00343_7abc93de__temp1.00__seed7,0.17889760949338213,0.8333333333333333,8,per_run_oof
mistral_small_24b_2409__arc_test_00344_84bb146b__temp0.10__seed7,0.06833334976529248,,8,per_run_oof
mistral_small_24b_2409__arc_test_00344_84bb146b__temp0.60__seed7,0.0699239490869728,,8,per_run_oof
mistral_small_24b_2409__arc_test_00344_84bb146b__temp1.00__seed7,0.08757042604926629,,8,per_run_oof
mistral_small_24b_2409__arc_test_00345_8d933cd2__temp0.10__seed7,0.11928622345841705,,8,per_run_oof
mistral_small_24b_2409__arc_test_00345_8d933cd2__temp0.60__seed7,0.19791588963838463,0.6666666666666667,8,per_run_oof
mistral_small_24b_2409__arc_test_00345_8d933cd2__temp1.00__seed7,0.10967983941214769,,8,per_run_oof
mistral_small_24b_2409__arc_test_00346_08326f7e__temp0.10__seed7,0.18160020304058422,0.8333333333333334,8,per_run_oof
mistral_small_24b_2409__arc_test_00346_08326f7e__temp0.60__seed7,0.16519439252300575,0.8571428571428571,8,per_run_oof
mistral_small_24b_2409__arc_test_00346_08326f7e__temp1.00__seed7,0.3380430351116989,0.4,8,per_run_oof
mistral_small_24b_2409__arc_test_00347_700060bd__temp0.10__seed7,0.10257866147244032,1.0,8,per_run_oof
mistral_small_24b_2409__arc_test_00347_700060bd__temp0.60__seed7,0.1768570836664713,1.0,8,per_run_oof
mistral_small_24b_2409__arc_test_00347_700060bd__temp1.00__seed7,0.2492390943379183,1.0,8,per_run_oof
mistral_small_24b_2409__arc_test_00348_1581a6bc__temp0.10__seed7,0.2178114381584092,,8,per_run_oof
mistral_small_24b_2409__arc_test_00348_1581a6bc__temp0.60__seed7,0.22846569001794603,1.0,8,per_run_oof
mistral_small_24b_2409__arc_test_00348_1581a6bc__temp1.00__seed7,0.374549910382147,0.0625,8,per_run_oof
mistral_small_24b_2409__arc_test_00349_2d015f04__temp0.10__seed7,0.2988293135125457,,8,per_run_oof
mistral_small_24b_2409__arc_test_00349_2d015f04__temp0.60__seed7,0.1915254624273739,,8,per_run_oof
mistral_small_24b_2409__arc_test_00349_2d015f04__temp1.00__seed7,0.16802253542659296,0.9166666666666667,8,per_run_oof
mistral_small_24b_2409__arc_test_00350_54e913b1__temp0.10__seed7,0.10540149438434654,,8,per_run_oof
mistral_small_24b_2409__arc_test_00350_54e913b1__temp0.60__seed7,0.12331550481538212,,8,per_run_oof
mistral_small_24b_2409__arc_test_00350_54e913b1__temp1.00__seed7,0.10690803717353134,,8,per_run_oof
mistral_small_24b_2409__arc_test_00351_3ff214fc__temp0.10__seed7,0.2277709771599406,0.8333333333333333,8,per_run_oof
mistral_small_24b_2409__arc_test_00351_3ff214fc__temp0.60__seed7,0.2084610884964188,0.9166666666666667,8,per_run_oof
mistral_small_24b_2409__arc_test_00351_3ff214fc__temp1.00__seed7,0.3640676683082722,0.08333333333333331,8,per_run_oof
mistral_small_24b_2409__arc_test_00352_6fea005d__temp0.10__seed7,0.12186377488752739,1.0,8,per_run_oof
mistral_small_24b_2409__arc_test_00352_6fea005d__temp0.60__seed7,0.08926520142537825,,8,per_run_oof
mistral_small_24b_2409__arc_test_00352_6fea005d__temp1.00__seed7,0.09945115712001158,,8,per_run_oof
mistral_small_24b_2409__arc_test_00353_3038599a__temp0.10__seed7,0.11772964449278041,1.0,8,per_run_oof
mistral_small_24b_2409__arc_test_00353_3038599a__temp0.60__seed7,0.10561076438254227,1.0,8,per_run_oof
mistral_small_24b_2409__arc_test_00353_3038599a__temp1.00__seed7,0.13210541702883757,1.0,8,per_run_oof
mistral_small_24b_2409__arc_test_00354_d732b729__temp0.10__seed7,0.28545613096416445,,8,per_run_oof
mistral_small_24b_2409__arc_test_00354_d732b729__temp0.60__seed7,0.3348803222233539,,8,per_run_oof
mistral_small_24b_2409__arc_test_00354_d732b729__temp1.00__seed7,0.3455337459760632,,8,per_run_oof
mistral_small_24b_2409__arc_test_00355_86e261d3__temp0.10__seed7,0.15135974166701271,1.0,8,per_run_oof
mistral_small_24b_2409__arc_test_00355_86e261d3__temp0.60__seed7,0.1781355266677856,0.8571428571428571,8,per_run_oof
mistral_small_24b_2409__arc_test_00355_86e261d3__temp1.00__seed7,0.1718432040357473,1.0,8,per_run_oof
mistral_small_24b_2409__arc_test_00356_c3cf20a2__temp0.10__seed7,0.12749085781782904,1.0,8,per_run_oof
mistral_small_24b_2409__arc_test_00356_c3cf20a2__temp0.60__seed7,0.11452945228017629,,8,per_run_oof
mistral_small_24b_2409__arc_test_00356_c3cf20a2__temp1.00__seed7,0.15246565376971521,,8,per_run_oof
mistral_small_24b_2409__arc_test_00357_c9520544__temp0.10__seed7,0.1826106196077989,1.0,8,per_run_oof
mistral_small_24b_2409__arc_test_00357_c9520544__temp0.60__seed7,0.21136766125460046,1.0,8,per_run_oof
mistral_small_24b_2409__arc_test_00357_c9520544__temp1.00__seed7,0.13094826282732416,,8,per_run_oof
mistral_small_24b_2409__arc_test_00358_1fa0a666__temp0.10__seed7,0.06883345553611517,,8,per_run_oof
mistral_small_24b_2409__arc_test_00358_1fa0a666__temp0.60__seed7,0.09852295830749945,,8,per_run_oof
mistral_small_24b_2409__arc_test_00358_1fa0a666__temp1.00__seed7,0.17785664240250465,,8,per_run_oof
mistral_small_24b_2409__arc_test_00359_50cdd935__temp0.10__seed7,0.2523898055486373,,8,per_run_oof
mistral_small_24b_2409__arc_test_00359_50cdd935__temp0.60__seed7,0.2484254509882974,,8,per_run_oof
mistral_small_24b_2409__arc_test_00359_50cdd935__temp1.00__seed7,0.2887322939072758,0.1428571428571429,8,per_run_oof
mistral_small_24b_2409__arc_test_00360_963eb34a__temp0.10__seed7,0.0869478764320743,1.0,8,per_run_oof
mistral_small_24b_2409__arc_test_00360_963eb34a__temp0.60__seed7,0.12178368928168534,1.0,8,per_run_oof
mistral_small_24b_2409__arc_test_00360_963eb34a__temp1.00__seed7,0.10805003636913652,1.0,8,per_run_oof
mistral_small_24b_2409__arc_test_00361_9680c5e6__temp0.10__seed7,0.2428851757710348,0.6000000000000001,8,per_run_oof
mistral_small_24b_2409__arc_test_00361_9680c5e6__temp0.60__seed7,0.2156642963114407,0.9166666666666667,8,per_run_oof
mistral_small_24b_2409__arc_test_00361_9680c5e6__temp1.00__seed7,0.1322611318416314,1.0,8,per_run_oof
mistral_small_24b_2409__arc_test_00362_8989fa13__temp0.10__seed7,0.20495979369593736,1.0,8,per_run_oof
mistral_small_24b_2409__arc_test_00362_8989fa13__temp0.60__seed7,0.3151519688762182,1.0,8,per_run_oof
mistral_small_24b_2409__arc_test_00362_8989fa13__temp1.00__seed7,0.19134390945275825,1.0,8,per_run_oof
mistral_small_24b_2409__arc_test_00363_d09e73e1__temp0.10__seed7,0.22634668781639972,,8,per_run_oof
mistral_small_24b_2409__arc_test_00363_d09e73e1__temp0.60__seed7,0.1241254401943579,,8,per_run_oof
mistral_small_24b_2409__arc_test_00363_d09e73e1__temp1.00__seed7,0.15994729748155148,1.0,8,per_run_oof
mistral_small_24b_2409__arc_test_00364_f961994a__temp0.10__seed7,0.32354093312109244,0.16666666666666663,8,per_run_oof
mistral_small_24b_2409__arc_test_00364_f961994a__temp0.60__seed7,0.18401943308771476,0.8666666666666667,8,per_run_oof
mistral_small_24b_2409__arc_test_00364_f961994a__temp1.00__seed7,0.12088432861796419,0.8571428571428571,8,per_run_oof
mistral_small_24b_2409__arc_test_00365_fc1a2043__temp0.10__seed7,0.1672924962523027,1.0,8,per_run_oof
mistral_small_24b_2409__arc_test_00365_fc1a2043__temp0.60__seed7,0.18955811082749674,1.0,8,per_run_oof
mistral_small_24b_2409__arc_test_00365_fc1a2043__temp1.00__seed7,0.23734293779613752,1.0,8,per_run_oof
mistral_small_24b_2409__arc_test_00366_749ea83e__temp0.10__seed7,0.17051879487564103,1.0,8,per_run_oof
mistral_small_24b_2409__arc_test_00366_749ea83e__temp0.60__seed7,0.24186748936168984,1.0,8,per_run_oof
mistral_small_24b_2409__arc_test_00366_749ea83e__temp1.00__seed7,0.1509651242539954,1.0,8,per_run_oof
mistral_small_24b_2409__arc_test_00367_5cb0240d__temp0.10__seed7,0.06460124254248154,,8,per_run_oof
mistral_small_24b_2409__arc_test_00367_5cb0240d__temp0.60__seed7,0.08391584703151486,,8,per_run_oof
mistral_small_24b_2409__arc_test_00367_5cb0240d__temp1.00__seed7,0.09102416825808086,,8,per_run_oof
mistral_small_24b_2409__arc_test_00368_90e92ee8__temp0.10__seed7,0.08845652301423235,,8,per_run_oof
mistral_small_24b_2409__arc_test_00368_90e92ee8__temp0.60__seed7,0.10360008000713555,,8,per_run_oof
mistral_small_24b_2409__arc_test_00368_90e92ee8__temp1.00__seed7,0.13191917987037824,1.0,8,per_run_oof
mistral_small_24b_2409__arc_test_00369_14f62ec1__temp0.10__seed7,0.18568662749029152,,8,per_run_oof
mistral_small_24b_2409__arc_test_00369_14f62ec1__temp0.60__seed7,0.11670703148045145,,8,per_run_oof
mistral_small_24b_2409__arc_test_00369_14f62ec1__temp1.00__seed7,0.17919641282683135,,8,per_run_oof
mistral_small_24b_2409__arc_test_00370_541784ff__temp0.10__seed7,0.1975024573835418,,8,per_run_oof
mistral_small_24b_2409__arc_test_00370_541784ff__temp0.60__seed7,0.29626784513331017,,8,per_run_oof
mistral_small_24b_2409__arc_test_00370_541784ff__temp1.00__seed7,0.24986032164917676,,8,per_run_oof
mistral_small_24b_2409__arc_test_00371_61d05f33__temp0.10__seed7,0.14327883197623495,,8,per_run_oof
mistral_small_24b_2409__arc_test_00371_61d05f33__temp0.60__seed7,0.16071806297777233,,8,per_run_oof
mistral_small_24b_2409__arc_test_00371_61d05f33__temp1.00__seed7,0.10282369703770812,,8,per_run_oof
mistral_small_24b_2409__arc_test_00372_d190f034__temp0.10__seed7,0.47275305054440514,,8,per_run_oof
mistral_small_24b_2409__arc_test_00372_d190f034__temp0.60__seed7,0.4305487267633883,,8,per_run_oof
mistral_small_24b_2409__arc_test_00372_d190f034__temp1.00__seed7,0.41309674563779475,,8,per_run_oof
mistral_small_24b_2409__arc_test_00373_5814041d__temp0.10__seed7,0.21367359209688302,,8,per_run_oof
mistral_small_24b_2409__arc_test_00373_5814041d__temp0.60__seed7,0.28151660499607956,,8,per_run_oof
mistral_small_24b_2409__arc_test_00373_5814041d__temp1.00__seed7,0.10268770561092375,,8,per_run_oof
mistral_small_24b_2409__arc_test_00374_eeef776d__temp0.10__seed7,0.15540105901257642,1.0,8,per_run_oof
mistral_small_24b_2409__arc_test_00374_eeef776d__temp0.60__seed7,0.15499904546107945,1.0,8,per_run_oof
mistral_small_24b_2409__arc_test_00374_eeef776d__temp1.00__seed7,0.16019451543803287,1.0,8,per_run_oof
mistral_small_24b_2409__arc_test_00375_a3ec4d7e__temp0.10__seed7,0.19403546770312152,0.8125,8,per_run_oof
mistral_small_24b_2409__arc_test_00375_a3ec4d7e__temp0.60__seed7,0.06896936196226004,1.0,8,per_run_oof
mistral_small_24b_2409__arc_test_00375_a3ec4d7e__temp1.00__seed7,0.09578960207757725,1.0,8,per_run_oof
mistral_small_24b_2409__arc_test_00376_f1c08288__temp0.10__seed7,0.22172651961220619,,8,per_run_oof
mistral_small_24b_2409__arc_test_00376_f1c08288__temp0.60__seed7,0.12522066157896888,1.0,8,per_run_oof
mistral_small_24b_2409__arc_test_00376_f1c08288__temp1.00__seed7,0.12419433690228375,1.0,8,per_run_oof
mistral_small_24b_2409__arc_test_00377_48873156__temp0.10__seed7,0.06614692047984304,,8,per_run_oof
mistral_small_24b_2409__arc_test_00377_48873156__temp0.60__seed7,0.0738940503424847,,8,per_run_oof
mistral_small_24b_2409__arc_test_00377_48873156__temp1.00__seed7,0.08026718606162422,,8,per_run_oof
mistral_small_24b_2409__arc_test_00378_eb3c1b7c__temp0.10__seed7,0.16415554870963714,,8,per_run_oof
mistral_small_24b_2409__arc_test_00378_eb3c1b7c__temp0.60__seed7,0.11037054638765156,,8,per_run_oof
mistral_small_24b_2409__arc_test_00378_eb3c1b7c__temp1.00__seed7,0.13496635112698868,,8,per_run_oof
mistral_small_24b_2409__arc_test_00379_2cc6079d__temp0.10__seed7,0.17666281751622087,1.0,8,per_run_oof
mistral_small_24b_2409__arc_test_00379_2cc6079d__temp0.60__seed7,0.06863153249705843,,8,per_run_oof
mistral_small_24b_2409__arc_test_00379_2cc6079d__temp1.00__seed7,0.1031947733666686,1.0,8,per_run_oof
mistral_small_24b_2409__arc_test_00380_89cc3cdf__temp0.10__seed7,0.15085499634154734,,8,per_run_oof
mistral_small_24b_2409__arc_test_00380_89cc3cdf__temp0.60__seed7,0.16557560667638843,,8,per_run_oof
mistral_small_24b_2409__arc_test_00380_89cc3cdf__temp1.00__seed7,0.22700120840478089,,8,per_run_oof
mistral_small_24b_2409__arc_test_00381_93afedf3__temp0.10__seed7,0.1796237039389128,0.8333333333333333,8,per_run_oof
mistral_small_24b_2409__arc_test_00381_93afedf3__temp0.60__seed7,0.18634812558555253,,8,per_run_oof
mistral_small_24b_2409__arc_test_00381_93afedf3__temp1.00__seed7,0.15647532717300489,1.0,8,per_run_oof
mistral_small_24b_2409__arc_test_00382_1003b882__temp0.10__seed7,0.09260464841733804,,8,per_run_oof
mistral_small_24b_2409__arc_test_00382_1003b882__temp0.60__seed7,0.0905409430363143,,8,per_run_oof
mistral_small_24b_2409__arc_test_00382_1003b882__temp1.00__seed7,0.10273847395836336,,8,per_run_oof
mistral_small_24b_2409__arc_test_00383_6a698269__temp0.10__seed7,0.17040478007749255,1.0,8,per_run_oof
mistral_small_24b_2409__arc_test_00383_6a698269__temp0.60__seed7,0.13808757108178948,1.0,8,per_run_oof
mistral_small_24b_2409__arc_test_00383_6a698269__temp1.00__seed7,0.21676203723542348,0.8125,8,per_run_oof
mistral_small_24b_2409__arc_test_00384_5fee9f1d__temp0.10__seed7,0.13524111156450938,1.0,8,per_run_oof
mistral_small_24b_2409__arc_test_00384_5fee9f1d__temp0.60__seed7,0.2025173618799988,0.75,8,per_run_oof
mistral_small_24b_2409__arc_test_00384_5fee9f1d__temp1.00__seed7,0.16418191211801694,,8,per_run_oof
mistral_small_24b_2409__arc_test_00385_21b81e4d__temp0.10__seed7,0.12859906692754314,1.0,8,per_run_oof
mistral_small_24b_2409__arc_test_00385_21b81e4d__temp0.60__seed7,0.14177835094741081,0.9375,8,per_run_oof
mistral_small_24b_2409__arc_test_00385_21b81e4d__temp1.00__seed7,0.13867601727423473,0.9333333333333333,8,per_run_oof
mistral_small_24b_2409__arc_test_00386_510d3831__temp0.10__seed7,0.09987135674887589,,8,per_run_oof
mistral_small_24b_2409__arc_test_00386_510d3831__temp0.60__seed7,0.1309571858452247,,8,per_run_oof
mistral_small_24b_2409__arc_test_00386_510d3831__temp1.00__seed7,0.10819868260708294,,8,per_run_oof
mistral_small_24b_2409__arc_test_00387_b2f54c38__temp0.10__seed7,0.21798844384989918,,8,per_run_oof
mistral_small_24b_2409__arc_test_00387_b2f54c38__temp0.60__seed7,0.16428478094315552,,8,per_run_oof
mistral_small_24b_2409__arc_test_00387_b2f54c38__temp1.00__seed7,0.12499956247676765,1.0,8,per_run_oof
mistral_small_24b_2409__arc_test_00388_2ad5430d__temp0.10__seed7,0.25497454155939064,,8,per_run_oof
mistral_small_24b_2409__arc_test_00388_2ad5430d__temp0.60__seed7,0.21194083033594846,,8,per_run_oof
mistral_small_24b_2409__arc_test_00388_2ad5430d__temp1.00__seed7,0.19649061349369168,,8,per_run_oof
mistral_small_24b_2409__arc_test_00389_ea18f85c__temp0.10__seed7,0.183776543769018,,8,per_run_oof
mistral_small_24b_2409__arc_test_00389_ea18f85c__temp0.60__seed7,0.10585131890811142,1.0,8,per_run_oof
mistral_small_24b_2409__arc_test_00389_ea18f85c__temp1.00__seed7,0.16115583323091776,0.8571428571428571,8,per_run_oof
mistral_small_24b_2409__arc_test_00390_c123b71e__temp0.10__seed7,0.41401799038946174,0.0,8,per_run_oof
mistral_small_24b_2409__arc_test_00390_c123b71e__temp0.60__seed7,0.10538828990175078,,8,per_run_oof
mistral_small_24b_2409__arc_test_00390_c123b71e__temp1.00__seed7,0.2086592153812921,0.8571428571428571,8,per_run_oof
mistral_small_24b_2409__arc_test_00391_d0bb2364__temp0.10__seed7,0.13342184308143437,,8,per_run_oof
mistral_small_24b_2409__arc_test_00391_d0bb2364__temp0.60__seed7,0.1314313047019194,,8,per_run_oof
mistral_small_24b_2409__arc_test_00391_d0bb2364__temp1.00__seed7,0.09945748269311912,1.0,8,per_run_oof
mistral_small_24b_2409__arc_test_00392_5c6cca71__temp0.10__seed7,0.1585414270102371,0.8,8,per_run_oof
mistral_small_24b_2409__arc_test_00392_5c6cca71__temp0.60__seed7,0.30907055389389015,,8,per_run_oof
mistral_small_24b_2409__arc_test_00392_5c6cca71__temp1.00__seed7,0.2256906903013846,0.9166666666666667,8,per_run_oof
mistral_small_24b_2409__arc_test_00393_365cb767__temp0.10__seed7,0.2547134258388136,,8,per_run_oof
mistral_small_24b_2409__arc_test_00393_365cb767__temp0.60__seed7,0.13821393629894385,,8,per_run_oof
mistral_small_24b_2409__arc_test_00393_365cb767__temp1.00__seed7,0.18905852478832375,,8,per_run_oof
mistral_small_24b_2409__arc_test_00394_c1006e24__temp0.10__seed7,0.2263512016579038,,8,per_run_oof
mistral_small_24b_2409__arc_test_00394_c1006e24__temp0.60__seed7,0.21159824807685718,0.8333333333333334,8,per_run_oof
mistral_small_24b_2409__arc_test_00394_c1006e24__temp1.00__seed7,0.1374803026634931,1.0,8,per_run_oof
mistral_small_24b_2409__arc_test_00395_19220aa4__temp0.10__seed7,0.17424570843628007,,8,per_run_oof
mistral_small_24b_2409__arc_test_00395_19220aa4__temp0.60__seed7,0.25327388626296377,,8,per_run_oof
mistral_small_24b_2409__arc_test_00395_19220aa4__temp1.00__seed7,0.31354764852015493,0.4375,8,per_run_oof
mistral_small_24b_2409__arc_test_00396_199e30ec__temp0.10__seed7,0.05512538492217913,,8,per_run_oof
mistral_small_24b_2409__arc_test_00396_199e30ec__temp0.60__seed7,0.14870962019111936,,8,per_run_oof
mistral_small_24b_2409__arc_test_00396_199e30ec__temp1.00__seed7,0.05658819150201298,,8,per_run_oof
mistral_small_24b_2409__arc_test_00397_6ed7da59__temp0.10__seed7,0.1436996361867967,1.0,8,per_run_oof
mistral_small_24b_2409__arc_test_00397_6ed7da59__temp0.60__seed7,0.2882621833206137,1.0,8,per_run_oof
mistral_small_24b_2409__arc_test_00397_6ed7da59__temp1.00__seed7,0.1755615454250405,,8,per_run_oof
mistral_small_24b_2409__arc_test_00398_615e437d__temp0.10__seed7,0.2874644879087552,1.0,8,per_run_oof
mistral_small_24b_2409__arc_test_00398_615e437d__temp0.60__seed7,0.12319763991127136,1.0,8,per_run_oof
mistral_small_24b_2409__arc_test_00398_615e437d__temp1.00__seed7,0.11401491302350167,0.9166666666666667,8,per_run_oof
mistral_small_24b_2409__arc_test_00399_8bb72554__temp0.10__seed7,0.14401948846894286,,8,per_run_oof
mistral_small_24b_2409__arc_test_00399_8bb72554__temp0.60__seed7,0.17661949754620496,,8,per_run_oof
mistral_small_24b_2409__arc_test_00399_8bb72554__temp1.00__seed7,0.16719089698761264,,8,per_run_oof
mistral_small_24b_2409__arc_test_00400_bfe816dd__temp0.10__seed7,0.26673604821705493,,8,per_run_oof
mistral_small_24b_2409__arc_test_00400_bfe816dd__temp0.60__seed7,0.322079373360311,,8,per_run_oof
mistral_small_24b_2409__arc_test_00400_bfe816dd__temp1.00__seed7,0.4333531125236804,,8,per_run_oof
mistral_small_24b_2409__arc_test_00401_4e35eaf6__temp0.10__seed7,0.12921876072191496,1.0,8,per_run_oof
mistral_small_24b_2409__arc_test_00401_4e35eaf6__temp0.60__seed7,0.14796336053193967,,8,per_run_oof
mistral_small_24b_2409__arc_test_00401_4e35eaf6__temp1.00__seed7,0.18035901053489195,,8,per_run_oof
mistral_small_24b_2409__arc_test_00402_e0792da4__temp0.10__seed7,0.08911355481496647,,8,per_run_oof
mistral_small_24b_2409__arc_test_00402_e0792da4__temp0.60__seed7,0.2535238064368624,1.0,8,per_run_oof
mistral_small_24b_2409__arc_test_00402_e0792da4__temp1.00__seed7,0.09123718126040574,,8,per_run_oof
mistral_small_24b_2409__arc_test_00403_9558705a__temp0.10__seed7,0.07853088904415323,,8,per_run_oof
mistral_small_24b_2409__arc_test_00403_9558705a__temp0.60__seed7,0.06247592694397294,,8,per_run_oof
mistral_small_24b_2409__arc_test_00403_9558705a__temp1.00__seed7,0.09366643718522996,,8,per_run_oof
mistral_small_24b_2409__arc_test_00404_8769cf53__temp0.10__seed7,0.16385109047086044,0.8333333333333333,8,per_run_oof
mistral_small_24b_2409__arc_test_00404_8769cf53__temp0.60__seed7,0.11239905736155241,,8,per_run_oof
mistral_small_24b_2409__arc_test_00404_8769cf53__temp1.00__seed7,0.18092733462224858,,8,per_run_oof
mistral_small_24b_2409__arc_test_00405_0f969551__temp0.10__seed7,0.13009003012825476,,8,per_run_oof
mistral_small_24b_2409__arc_test_00405_0f969551__temp0.60__seed7,0.16447971613783358,,8,per_run_oof
mistral_small_24b_2409__arc_test_00405_0f969551__temp1.00__seed7,0.1659365466885105,,8,per_run_oof
mistral_small_24b_2409__arc_test_00406_7424fa6b__temp0.10__seed7,0.08513013353042875,,8,per_run_oof
mistral_small_24b_2409__arc_test_00406_7424fa6b__temp0.60__seed7,0.07006220250351605,,8,per_run_oof
mistral_small_24b_2409__arc_test_00406_7424fa6b__temp1.00__seed7,0.19462279527668436,1.0,8,per_run_oof
mistral_small_24b_2409__arc_test_00407_86df5880__temp0.10__seed7,0.22674048291705534,,8,per_run_oof
mistral_small_24b_2409__arc_test_00407_86df5880__temp0.60__seed7,0.10366244871114699,,8,per_run_oof
mistral_small_24b_2409__arc_test_00407_86df5880__temp1.00__seed7,0.18981971978659046,,8,per_run_oof
mistral_small_24b_2409__arc_test_00408_4c2fa905__temp0.10__seed7,0.3955305788398082,,8,per_run_oof
mistral_small_24b_2409__arc_test_00408_4c2fa905__temp0.60__seed7,0.4058063534270873,,8,per_run_oof
mistral_small_24b_2409__arc_test_00408_4c2fa905__temp1.00__seed7,0.39844487210755175,,8,per_run_oof
mistral_small_24b_2409__arc_test_00409_e083d145__temp0.10__seed7,0.13546934179449863,0.9333333333333333,8,per_run_oof
mistral_small_24b_2409__arc_test_00409_e083d145__temp0.60__seed7,0.2578094211826292,,8,per_run_oof
mistral_small_24b_2409__arc_test_00409_e083d145__temp1.00__seed7,0.2736671061618463,,8,per_run_oof
mistral_small_24b_2409__arc_test_00410_c7538370__temp0.10__seed7,0.34249762195472483,0.0,8,per_run_oof
mistral_small_24b_2409__arc_test_00410_c7538370__temp0.60__seed7,0.2045308680922,1.0,8,per_run_oof
mistral_small_24b_2409__arc_test_00410_c7538370__temp1.00__seed7,0.10148200125509556,,8,per_run_oof
mistral_small_24b_2409__arc_test_00411_bfdfc9d1__temp0.10__seed7,0.17430241072892239,,8,per_run_oof
mistral_small_24b_2409__arc_test_00411_bfdfc9d1__temp0.60__seed7,0.14751548678743423,0.8571428571428571,8,per_run_oof
mistral_small_24b_2409__arc_test_00411_bfdfc9d1__temp1.00__seed7,0.11818816565070657,1.0,8,per_run_oof
mistral_small_24b_2409__arc_test_00412_1998b3aa__temp0.10__seed7,0.1798818706566495,,8,per_run_oof
mistral_small_24b_2409__arc_test_00412_1998b3aa__temp0.60__seed7,0.14808749267238586,1.0,8,per_run_oof
mistral_small_24b_2409__arc_test_00412_1998b3aa__temp1.00__seed7,0.08783528672808433,,8,per_run_oof
mistral_small_24b_2409__arc_test_00413_302e6269__temp0.10__seed7,0.15757596816239836,,8,per_run_oof
mistral_small_24b_2409__arc_test_00413_302e6269__temp0.60__seed7,0.09040890335542437,,8,per_run_oof
mistral_small_24b_2409__arc_test_00413_302e6269__temp1.00__seed7,0.08542334185618061,,8,per_run_oof
mistral_small_24b_2409__arc_test_00414_526ea1cc__temp0.10__seed7,0.2264630597712538,0.5,8,per_run_oof
mistral_small_24b_2409__arc_test_00414_526ea1cc__temp0.60__seed7,0.07735600552536596,,8,per_run_oof
mistral_small_24b_2409__arc_test_00414_526ea1cc__temp1.00__seed7,0.16078885720101127,0.8571428571428571,8,per_run_oof
mistral_small_24b_2409__arc_test_00415_8541da3f__temp0.10__seed7,0.24800583151086047,,8,per_run_oof
mistral_small_24b_2409__arc_test_00415_8541da3f__temp0.60__seed7,0.3757443117257707,0.0,8,per_run_oof
mistral_small_24b_2409__arc_test_00415_8541da3f__temp1.00__seed7,0.19454414644369233,,8,per_run_oof
mistral_small_24b_2409__arc_test_00416_1c8c83d8__temp0.10__seed7,0.32395255125433203,0.0,8,per_run_oof
mistral_small_24b_2409__arc_test_00416_1c8c83d8__temp0.60__seed7,0.28532010823912035,,8,per_run_oof
mistral_small_24b_2409__arc_test_00416_1c8c83d8__temp1.00__seed7,0.22496678008139942,,8,per_run_oof
mistral_small_24b_2409__arc_test_00417_d4feaa19__temp0.10__seed7,0.23907402276673814,,8,per_run_oof
mistral_small_24b_2409__arc_test_00417_d4feaa19__temp0.60__seed7,0.1788313398193542,,8,per_run_oof
mistral_small_24b_2409__arc_test_00417_d4feaa19__temp1.00__seed7,0.18187199430085277,,8,per_run_oof
mistral_small_24b_2409__arc_test_00418_9c8ca325__temp0.10__seed7,0.23412657568413858,0.5625,8,per_run_oof
mistral_small_24b_2409__arc_test_00418_9c8ca325__temp0.60__seed7,0.23209475895255371,0.6000000000000001,8,per_run_oof
mistral_small_24b_2409__arc_test_00418_9c8ca325__temp1.00__seed7,0.1738913958287902,0.75,8,per_run_oof
mistral_small_24b_2409__arc_test_00419_9e662f9b__temp0.10__seed7,0.2062266245776814,0.5714285714285714,8,per_run_oof
mistral_small_24b_2409__arc_test_00419_9e662f9b__temp0.60__seed7,0.16514822576111401,,8,per_run_oof
mistral_small_24b_2409__arc_test_00419_9e662f9b__temp1.00__seed7,0.17662157902035577,0.8571428571428571,8,per_run_oof
mistral_small_24b_2409__arc_test_00420_d643f074__temp0.10__seed7,0.18060711881485011,1.0,8,per_run_oof
mistral_small_24b_2409__arc_test_00420_d643f074__temp0.60__seed7,0.11928626974803026,1.0,8,per_run_oof
mistral_small_24b_2409__arc_test_00420_d643f074__temp1.00__seed7,0.23357269302784328,,8,per_run_oof
mistral_small_24b_2409__arc_test_00421_dde0e2e8__temp0.10__seed7,0.11056047426918345,,8,per_run_oof
mistral_small_24b_2409__arc_test_00421_dde0e2e8__temp0.60__seed7,0.16311846763993887,,8,per_run_oof
mistral_small_24b_2409__arc_test_00421_dde0e2e8__temp1.00__seed7,0.20981596314741205,,8,per_run_oof
mistral_small_24b_2409__arc_test_00422_6dc84e52__temp0.10__seed7,0.17538143223623576,,8,per_run_oof
mistral_small_24b_2409__arc_test_00422_6dc84e52__temp0.60__seed7,0.17901433884986614,,8,per_run_oof
mistral_small_24b_2409__arc_test_00422_6dc84e52__temp1.00__seed7,0.11349367188229796,,8,per_run_oof
mistral_small_24b_2409__arc_test_00423_e5103000__temp0.10__seed7,0.19115059169706416,,8,per_run_oof
mistral_small_24b_2409__arc_test_00423_e5103000__temp0.60__seed7,0.22627092218241374,0.8571428571428571,8,per_run_oof
mistral_small_24b_2409__arc_test_00423_e5103000__temp1.00__seed7,0.3037462068685856,0.1428571428571429,8,per_run_oof
mistral_small_24b_2409__arc_test_00424_67b41086__temp0.10__seed7,0.1071990258145881,1.0,8,per_run_oof
mistral_small_24b_2409__arc_test_00424_67b41086__temp0.60__seed7,0.17558455806587003,1.0,8,per_run_oof
mistral_small_24b_2409__arc_test_00424_67b41086__temp1.00__seed7,0.11422118223837836,1.0,8,per_run_oof
mistral_small_24b_2409__arc_test_00425_e3b3f101__temp0.10__seed7,0.27561801120318163,0.7142857142857143,8,per_run_oof
mistral_small_24b_2409__arc_test_00425_e3b3f101__temp0.60__seed7,0.2580940656484536,1.0,8,per_run_oof
mistral_small_24b_2409__arc_test_00425_e3b3f101__temp1.00__seed7,0.24238228473143503,,8,per_run_oof
mistral_small_24b_2409__arc_test_00426_8ace8de5__temp0.10__seed7,0.13549936100914028,,8,per_run_oof
mistral_small_24b_2409__arc_test_00426_8ace8de5__temp0.60__seed7,0.19339063105143572,1.0,8,per_run_oof
mistral_small_24b_2409__arc_test_00426_8ace8de5__temp1.00__seed7,0.11120300265096292,,8,per_run_oof
mistral_small_24b_2409__arc_test_00427_87d4709d__temp0.10__seed7,0.14588596870282827,,8,per_run_oof
mistral_small_24b_2409__arc_test_00427_87d4709d__temp0.60__seed7,0.20547670056412237,,8,per_run_oof
mistral_small_24b_2409__arc_test_00427_87d4709d__temp1.00__seed7,0.19819508652865112,,8,per_run_oof
mistral_small_24b_2409__arc_test_00428_7287612b__temp0.10__seed7,0.10466864292999127,,8,per_run_oof
mistral_small_24b_2409__arc_test_00428_7287612b__temp0.60__seed7,0.17770390203220737,,8,per_run_oof
mistral_small_24b_2409__arc_test_00428_7287612b__temp1.00__seed7,0.08281194492119734,,8,per_run_oof
mistral_small_24b_2409__arc_test_00429_ecc4d8f9__temp0.10__seed7,0.18469934677719102,,8,per_run_oof
mistral_small_24b_2409__arc_test_00429_ecc4d8f9__temp0.60__seed7,0.12595169666090533,0.9375,8,per_run_oof
mistral_small_24b_2409__arc_test_00429_ecc4d8f9__temp1.00__seed7,0.15432561486638943,1.0,8,per_run_oof
mistral_small_24b_2409__arc_test_00430_1f117cb5__temp0.10__seed7,0.15757292582447752,0.8571428571428571,8,per_run_oof
mistral_small_24b_2409__arc_test_00430_1f117cb5__temp0.60__seed7,0.2625075003998241,,8,per_run_oof
mistral_small_24b_2409__arc_test_00430_1f117cb5__temp1.00__seed7,0.23123205240169073,0.7333333333333333,8,per_run_oof
mistral_small_24b_2409__arc_test_00431_ed38e3fb__temp0.10__seed7,0.09771199974894407,1.0,8,per_run_oof
mistral_small_24b_2409__arc_test_00431_ed38e3fb__temp0.60__seed7,0.23719028962583572,0.9166666666666667,8,per_run_oof
mistral_small_24b_2409__arc_test_00431_ed38e3fb__temp1.00__seed7,0.2539106540818846,,8,per_run_oof
mistral_small_24b_2409__arc_test_00432_b2081734__temp0.10__seed7,0.23516334786116277,,8,per_run_oof
mistral_small_24b_2409__arc_test_00432_b2081734__temp0.60__seed7,0.12832317192953357,,8,per_run_oof
mistral_small_24b_2409__arc_test_00432_b2081734__temp1.00__seed7,0.17841134123384547,,8,per_run_oof
mistral_small_24b_2409__arc_test_00433_8f97d596__temp0.10__seed7,0.15576173093160156,,8,per_run_oof
mistral_small_24b_2409__arc_test_00433_8f97d596__temp0.60__seed7,0.16380560032984132,,8,per_run_oof
mistral_small_24b_2409__arc_test_00433_8f97d596__temp1.00__seed7,0.16482239799979032,,8,per_run_oof
mistral_small_24b_2409__arc_test_00434_5dc9b930__temp0.10__seed7,0.2940980551976683,,8,per_run_oof
mistral_small_24b_2409__arc_test_00434_5dc9b930__temp0.60__seed7,0.19555638261902314,,8,per_run_oof
mistral_small_24b_2409__arc_test_00434_5dc9b930__temp1.00__seed7,0.3406357721614484,,8,per_run_oof
mistral_small_24b_2409__arc_test_00435_5a5808a0__temp0.10__seed7,0.18677025086686333,,8,per_run_oof
mistral_small_24b_2409__arc_test_00435_5a5808a0__temp0.60__seed7,0.14299184141438048,,8,per_run_oof
mistral_small_24b_2409__arc_test_00435_5a5808a0__temp1.00__seed7,0.06930949424757771,,8,per_run_oof
mistral_small_24b_2409__arc_test_00436_1db7d473__temp0.10__seed7,0.15644704024173012,1.0,8,per_run_oof
mistral_small_24b_2409__arc_test_00436_1db7d473__temp0.60__seed7,0.219962828100986,1.0,8,per_run_oof
mistral_small_24b_2409__arc_test_00436_1db7d473__temp1.00__seed7,0.15949420997567199,0.9166666666666667,8,per_run_oof
mistral_small_24b_2409__arc_test_00437_68fe5af1__temp0.10__seed7,0.25690657898564045,0.2857142857142857,8,per_run_oof
mistral_small_24b_2409__arc_test_00437_68fe5af1__temp0.60__seed7,0.12131024605762669,1.0,8,per_run_oof
mistral_small_24b_2409__arc_test_00437_68fe5af1__temp1.00__seed7,0.2533824463800728,0.9333333333333333,8,per_run_oof
mistral_small_24b_2409__arc_test_00438_e1530cd1__temp0.10__seed7,0.19430173028618603,,8,per_run_oof
mistral_small_24b_2409__arc_test_00438_e1530cd1__temp0.60__seed7,0.08697339607816205,,8,per_run_oof
mistral_small_24b_2409__arc_test_00438_e1530cd1__temp1.00__seed7,0.14698182335411736,,8,per_run_oof
mistral_small_24b_2409__arc_test_00439_7f2749ab__temp0.10__seed7,0.2097026588070327,0.8666666666666667,8,per_run_oof
mistral_small_24b_2409__arc_test_00439_7f2749ab__temp0.60__seed7,0.17584790788931937,0.8666666666666667,8,per_run_oof
mistral_small_24b_2409__arc_test_00439_7f2749ab__temp1.00__seed7,0.3395234719964978,0.16666666666666663,8,per_run_oof
mistral_small_24b_2409__arc_test_00440_9fd46dcf__temp0.10__seed7,0.13489047297481055,,8,per_run_oof
mistral_small_24b_2409__arc_test_00440_9fd46dcf__temp0.60__seed7,0.22755787727773522,,8,per_run_oof
mistral_small_24b_2409__arc_test_00440_9fd46dcf__temp1.00__seed7,0.0791345952029717,,8,per_run_oof
mistral_small_24b_2409__arc_test_00441_fd113834__temp0.10__seed7,0.13949008832423274,,8,per_run_oof
mistral_small_24b_2409__arc_test_00441_fd113834__temp0.60__seed7,0.19333005712020984,,8,per_run_oof
mistral_small_24b_2409__arc_test_00441_fd113834__temp1.00__seed7,0.2408562387500961,,8,per_run_oof
mistral_small_24b_2409__arc_test_00442_69416ff4__temp0.10__seed7,0.16055726280990618,1.0,8,per_run_oof
mistral_small_24b_2409__arc_test_00442_69416ff4__temp0.60__seed7,0.14222682644150803,1.0,8,per_run_oof
mistral_small_24b_2409__arc_test_00442_69416ff4__temp1.00__seed7,0.12088653247687534,1.0,8,per_run_oof
mistral_small_24b_2409__arc_test_00443_0f84df40__temp0.10__seed7,0.19147709516311168,,8,per_run_oof
mistral_small_24b_2409__arc_test_00443_0f84df40__temp0.60__seed7,0.16206574935672452,,8,per_run_oof
mistral_small_24b_2409__arc_test_00443_0f84df40__temp1.00__seed7,0.18886057284807828,,8,per_run_oof
mistral_small_24b_2409__arc_test_00444_6650d6a2__temp0.10__seed7,0.09859778928036957,,8,per_run_oof
mistral_small_24b_2409__arc_test_00444_6650d6a2__temp0.60__seed7,0.10560331265346043,1.0,8,per_run_oof
mistral_small_24b_2409__arc_test_00444_6650d6a2__temp1.00__seed7,0.1746025927205538,,8,per_run_oof
mistral_small_24b_2409__arc_test_00445_579013e4__temp0.10__seed7,0.1125554946075163,1.0,8,per_run_oof
mistral_small_24b_2409__arc_test_00445_579013e4__temp0.60__seed7,0.15296438398353795,1.0,8,per_run_oof
mistral_small_24b_2409__arc_test_00445_579013e4__temp1.00__seed7,0.14978778789283093,1.0,8,per_run_oof
mistral_small_24b_2409__arc_test_00446_83c6cc68__temp0.10__seed7,0.16842061202193417,0.75,8,per_run_oof
mistral_small_24b_2409__arc_test_00446_83c6cc68__temp0.60__seed7,0.08050433585573644,,8,per_run_oof
mistral_small_24b_2409__arc_test_00446_83c6cc68__temp1.00__seed7,0.09526010493723082,,8,per_run_oof
mistral_small_24b_2409__arc_test_00447_3639fb8d__temp0.10__seed7,0.27858284164549796,,8,per_run_oof
mistral_small_24b_2409__arc_test_00447_3639fb8d__temp0.60__seed7,0.17388989369830768,0.9166666666666667,8,per_run_oof
mistral_small_24b_2409__arc_test_00447_3639fb8d__temp1.00__seed7,0.1214721978468477,1.0,8,per_run_oof
mistral_small_24b_2409__arc_test_00448_de7139db__temp0.10__seed7,0.101029599080238,,8,per_run_oof
mistral_small_24b_2409__arc_test_00448_de7139db__temp0.60__seed7,0.08079031877753633,,8,per_run_oof
mistral_small_24b_2409__arc_test_00448_de7139db__temp1.00__seed7,0.10886093399313883,,8,per_run_oof
mistral_small_24b_2409__arc_test_00449_d9f61263__temp0.10__seed7,0.37317067864297104,0.08333333333333331,8,per_run_oof
mistral_small_24b_2409__arc_test_00449_d9f61263__temp0.60__seed7,0.16163016048477014,1.0,8,per_run_oof
mistral_small_24b_2409__arc_test_00449_d9f61263__temp1.00__seed7,0.2505330249312266,0.75,8,per_run_oof
mistral_small_24b_2409__arc_test_00450_0952139a__temp0.10__seed7,0.23421857383705819,0.2857142857142857,8,per_run_oof
mistral_small_24b_2409__arc_test_00450_0952139a__temp0.60__seed7,0.2709548472679141,1.0,8,per_run_oof
mistral_small_24b_2409__arc_test_00450_0952139a__temp1.00__seed7,0.16969618924267715,1.0,8,per_run_oof
mistral_small_24b_2409__arc_test_00451_8e4556d1__temp0.10__seed7,0.08922087605110815,,8,per_run_oof
mistral_small_24b_2409__arc_test_00451_8e4556d1__temp0.60__seed7,0.07955992764535165,,8,per_run_oof
mistral_small_24b_2409__arc_test_00451_8e4556d1__temp1.00__seed7,0.16600293681756764,,8,per_run_oof
mistral_small_24b_2409__arc_test_00452_47a47cff__temp0.10__seed7,0.17030481317822285,,8,per_run_oof
mistral_small_24b_2409__arc_test_00452_47a47cff__temp0.60__seed7,0.13719499754309297,,8,per_run_oof
mistral_small_24b_2409__arc_test_00452_47a47cff__temp1.00__seed7,0.12892724716560178,,8,per_run_oof
mistral_small_24b_2409__arc_test_00453_40ed6bb4__temp0.10__seed7,0.24827629743195517,0.9375,8,per_run_oof
mistral_small_24b_2409__arc_test_00453_40ed6bb4__temp0.60__seed7,0.19914580069997695,1.0,8,per_run_oof
mistral_small_24b_2409__arc_test_00453_40ed6bb4__temp1.00__seed7,0.23410904042898922,0.75,8,per_run_oof
mistral_small_24b_2409__arc_test_00454_2e61fff0__temp0.10__seed7,0.2171787732990322,0.7142857142857143,8,per_run_oof
mistral_small_24b_2409__arc_test_00454_2e61fff0__temp0.60__seed7,0.3220011910113987,,8,per_run_oof
mistral_small_24b_2409__arc_test_00454_2e61fff0__temp1.00__seed7,0.30821957239520037,,8,per_run_oof
mistral_small_24b_2409__arc_test_00455_2cdb2af4__temp0.10__seed7,0.10531143697500023,1.0,8,per_run_oof
mistral_small_24b_2409__arc_test_00455_2cdb2af4__temp0.60__seed7,0.17493807399939795,,8,per_run_oof
mistral_small_24b_2409__arc_test_00455_2cdb2af4__temp1.00__seed7,0.13177640459719056,1.0,8,per_run_oof
mistral_small_24b_2409__arc_test_00456_92cff282__temp0.10__seed7,0.1543673564399517,,8,per_run_oof
mistral_small_24b_2409__arc_test_00456_92cff282__temp0.60__seed7,0.1453416322428774,,8,per_run_oof
mistral_small_24b_2409__arc_test_00456_92cff282__temp1.00__seed7,0.1243981699216335,,8,per_run_oof
mistral_small_24b_2409__arc_test_00457_f210958e__temp0.10__seed7,0.2232299650818244,,8,per_run_oof
mistral_small_24b_2409__arc_test_00457_f210958e__temp0.60__seed7,0.2936461282052777,,8,per_run_oof
mistral_small_24b_2409__arc_test_00457_f210958e__temp1.00__seed7,0.18516055075166288,,8,per_run_oof
mistral_small_24b_2409__arc_test_00458_8bc2e6c0__temp0.10__seed7,0.1975143845035896,,8,per_run_oof
mistral_small_24b_2409__arc_test_00458_8bc2e6c0__temp0.60__seed7,0.1689505874230982,1.0,8,per_run_oof
mistral_small_24b_2409__arc_test_00458_8bc2e6c0__temp1.00__seed7,0.13841698839140176,1.0,8,per_run_oof
mistral_small_24b_2409__arc_test_00459_96b9cbbc__temp0.10__seed7,0.12801953861352855,,8,per_run_oof
mistral_small_24b_2409__arc_test_00459_96b9cbbc__temp0.60__seed7,0.10891544948048967,,8,per_run_oof
mistral_small_24b_2409__arc_test_00459_96b9cbbc__temp1.00__seed7,0.09709135092887178,,8,per_run_oof
mistral_small_24b_2409__arc_test_00460_84e47e98__temp0.10__seed7,0.13152923131182326,0.9166666666666667,8,per_run_oof
mistral_small_24b_2409__arc_test_00460_84e47e98__temp0.60__seed7,0.08989728521011306,1.0,8,per_run_oof
mistral_small_24b_2409__arc_test_00460_84e47e98__temp1.00__seed7,0.2070563751715613,0.9166666666666667,8,per_run_oof
mistral_small_24b_2409__arc_test_00461_9ce2c221__temp0.10__seed7,0.15309879476027427,0.8571428571428571,8,per_run_oof
mistral_small_24b_2409__arc_test_00461_9ce2c221__temp0.60__seed7,0.28229683862883703,,8,per_run_oof
mistral_small_24b_2409__arc_test_00461_9ce2c221__temp1.00__seed7,0.1790019843779217,1.0,8,per_run_oof
mistral_small_24b_2409__arc_test_00462_3543ccc3__temp0.10__seed7,0.19890118767508863,0.5714285714285714,8,per_run_oof
mistral_small_24b_2409__arc_test_00462_3543ccc3__temp0.60__seed7,0.3376073983318535,0.2857142857142857,8,per_run_oof
mistral_small_24b_2409__arc_test_00462_3543ccc3__temp1.00__seed7,0.14866726722367823,,8,per_run_oof
mistral_small_24b_2409__arc_test_00463_936f56a6__temp0.10__seed7,0.22243810479047726,,8,per_run_oof
mistral_small_24b_2409__arc_test_00463_936f56a6__temp0.60__seed7,0.19480080488972445,,8,per_run_oof
mistral_small_24b_2409__arc_test_00463_936f56a6__temp1.00__seed7,0.27833032521109946,,8,per_run_oof
mistral_small_24b_2409__arc_test_00464_1c6f5ced__temp0.10__seed7,0.2773195827659066,,8,per_run_oof
mistral_small_24b_2409__arc_test_00464_1c6f5ced__temp0.60__seed7,0.16774741635990081,0.9166666666666667,8,per_run_oof
mistral_small_24b_2409__arc_test_00464_1c6f5ced__temp1.00__seed7,0.5985341730632304,0.0,8,per_run_oof
mistral_small_24b_2409__arc_test_00465_c79235f3__temp0.10__seed7,0.1034494587631288,1.0,8,per_run_oof
mistral_small_24b_2409__arc_test_00465_c79235f3__temp0.60__seed7,0.07874806597593291,,8,per_run_oof
mistral_small_24b_2409__arc_test_00465_c79235f3__temp1.00__seed7,0.159615185879212,,8,per_run_oof
mistral_small_24b_2409__arc_test_00466_fdbf98ae__temp0.10__seed7,0.08444707899918039,,8,per_run_oof
mistral_small_24b_2409__arc_test_00466_fdbf98ae__temp0.60__seed7,0.08642458849691875,,8,per_run_oof
mistral_small_24b_2409__arc_test_00466_fdbf98ae__temp1.00__seed7,0.14627892699086287,,8,per_run_oof
mistral_small_24b_2409__arc_test_00467_824e4f06__temp0.10__seed7,0.12572127252846363,1.0,8,per_run_oof
mistral_small_24b_2409__arc_test_00467_824e4f06__temp0.60__seed7,0.2648551007838023,1.0,8,per_run_oof
mistral_small_24b_2409__arc_test_00467_824e4f06__temp1.00__seed7,0.2097701517608926,1.0,8,per_run_oof
mistral_small_24b_2409__arc_test_00468_237145d7__temp0.10__seed7,0.09108603646090617,,8,per_run_oof
mistral_small_24b_2409__arc_test_00468_237145d7__temp0.60__seed7,0.07083676557084176,,8,per_run_oof
mistral_small_24b_2409__arc_test_00468_237145d7__temp1.00__seed7,0.07143397224943887,,8,per_run_oof
mistral_small_24b_2409__arc_test_00469_ea59a9ff__temp0.10__seed7,0.17375102821132138,,8,per_run_oof
mistral_small_24b_2409__arc_test_00469_ea59a9ff__temp0.60__seed7,0.21015823689921487,,8,per_run_oof
mistral_small_24b_2409__arc_test_00469_ea59a9ff__temp1.00__seed7,0.1620317547415071,,8,per_run_oof
mistral_small_24b_2409__arc_test_00470_f33f9574__temp0.10__seed7,0.15487177050074888,,8,per_run_oof
mistral_small_24b_2409__arc_test_00470_f33f9574__temp0.60__seed7,0.5221146851641886,,8,per_run_oof
mistral_small_24b_2409__arc_test_00470_f33f9574__temp1.00__seed7,0.07717961197517334,,8,per_run_oof
mistral_small_24b_2409__arc_test_00471_70514a76__temp0.10__seed7,0.22413777656034753,,8,per_run_oof
mistral_small_24b_2409__arc_test_00471_70514a76__temp0.60__seed7,0.4287576378055842,,8,per_run_oof
mistral_small_24b_2409__arc_test_00471_70514a76__temp1.00__seed7,0.2217885422894374,,8,per_run_oof
mistral_small_24b_2409__arc_test_00472_b2b2fb94__temp0.10__seed7,0.09010180466178508,,8,per_run_oof
mistral_small_24b_2409__arc_test_00472_b2b2fb94__temp0.60__seed7,0.08553742773091208,,8,per_run_oof
mistral_small_24b_2409__arc_test_00472_b2b2fb94__temp1.00__seed7,0.1436228560573104,0.9166666666666667,8,per_run_oof
mistral_small_24b_2409__arc_test_00473_b5136afa__temp0.10__seed7,0.16316117106625902,1.0,8,per_run_oof
mistral_small_24b_2409__arc_test_00473_b5136afa__temp0.60__seed7,0.15982853204857386,0.8571428571428571,8,per_run_oof
mistral_small_24b_2409__arc_test_00473_b5136afa__temp1.00__seed7,0.09993332915534596,1.0,8,per_run_oof
mistral_small_24b_2409__arc_test_00474_a7c577b2__temp0.10__seed7,0.30177502642076337,0.42857142857142855,8,per_run_oof
mistral_small_24b_2409__arc_test_00474_a7c577b2__temp0.60__seed7,0.15745955480989582,0.9166666666666667,8,per_run_oof
mistral_small_24b_2409__arc_test_00474_a7c577b2__temp1.00__seed7,0.2700658091690451,0.75,8,per_run_oof
mistral_small_24b_2409__arc_test_00475_f8b88a76__temp0.10__seed7,0.15229106299638207,1.0,8,per_run_oof
mistral_small_24b_2409__arc_test_00475_f8b88a76__temp0.60__seed7,0.09912225008367534,1.0,8,per_run_oof
mistral_small_24b_2409__arc_test_00475_f8b88a76__temp1.00__seed7,0.17241114840753582,0.8571428571428571,8,per_run_oof
mistral_small_24b_2409__arc_test_00476_fb07057b__temp0.10__seed7,0.14665291137754222,0.8571428571428571,8,per_run_oof
mistral_small_24b_2409__arc_test_00476_fb07057b__temp0.60__seed7,0.17277301424630928,1.0,8,per_run_oof
mistral_small_24b_2409__arc_test_00476_fb07057b__temp1.00__seed7,0.1280475138661851,,8,per_run_oof
mistral_small_24b_2409__arc_test_00477_a81f16b5__temp0.10__seed7,0.3326807074777031,1.0,8,per_run_oof
mistral_small_24b_2409__arc_test_00477_a81f16b5__temp0.60__seed7,0.11643430254731231,1.0,8,per_run_oof
mistral_small_24b_2409__arc_test_00477_a81f16b5__temp1.00__seed7,0.21817953672510976,,8,per_run_oof
mistral_small_24b_2409__arc_test_00478_4c9725ae__temp0.10__seed7,0.12861915402585783,,8,per_run_oof
mistral_small_24b_2409__arc_test_00478_4c9725ae__temp0.60__seed7,0.10150501752033028,,8,per_run_oof
mistral_small_24b_2409__arc_test_00478_4c9725ae__temp1.00__seed7,0.1618312750440977,1.0,8,per_run_oof
mistral_small_24b_2409__arc_test_00479_cb276647__temp0.10__seed7,0.1931282638551387,1.0,8,per_run_oof
mistral_small_24b_2409__arc_test_00479_cb276647__temp0.60__seed7,0.11581224589679055,1.0,8,per_run_oof
mistral_small_24b_2409__arc_test_00479_cb276647__temp1.00__seed7,0.1296277280901923,1.0,8,per_run_oof
mistral_small_24b_2409__arc_test_00480_99c4d43c__temp0.10__seed7,0.21100428415837696,,8,per_run_oof
mistral_small_24b_2409__arc_test_00480_99c4d43c__temp0.60__seed7,0.1222251962657422,,8,per_run_oof
mistral_small_24b_2409__arc_test_00480_99c4d43c__temp1.00__seed7,0.14956793786261102,1.0,8,per_run_oof
mistral_small_24b_2409__arc_test_00481_f0c655bc__temp0.10__seed7,0.0916624092702151,,8,per_run_oof
mistral_small_24b_2409__arc_test_00481_f0c655bc__temp0.60__seed7,0.11869086442611759,,8,per_run_oof
mistral_small_24b_2409__arc_test_00481_f0c655bc__temp1.00__seed7,0.2098938390757727,0.8,8,per_run_oof
mistral_small_24b_2409__arc_test_00482_783ef923__temp0.10__seed7,0.1498959082037074,1.0,8,per_run_oof
mistral_small_24b_2409__arc_test_00482_783ef923__temp0.60__seed7,0.2577356677459322,,8,per_run_oof
mistral_small_24b_2409__arc_test_00482_783ef923__temp1.00__seed7,0.17156487597690662,1.0,8,per_run_oof
mistral_small_24b_2409__arc_test_00483_9384181a__temp0.10__seed7,0.07075740561761379,,8,per_run_oof
mistral_small_24b_2409__arc_test_00483_9384181a__temp0.60__seed7,0.1453735496910799,1.0,8,per_run_oof
mistral_small_24b_2409__arc_test_00483_9384181a__temp1.00__seed7,0.15132619210174708,1.0,8,per_run_oof
mistral_small_24b_2409__arc_test_00484_a5597afb__temp0.10__seed7,0.1790825420657015,,8,per_run_oof
mistral_small_24b_2409__arc_test_00484_a5597afb__temp0.60__seed7,0.23202653462217593,,8,per_run_oof
mistral_small_24b_2409__arc_test_00484_a5597afb__temp1.00__seed7,0.14155398247584078,,8,per_run_oof
mistral_small_24b_2409__arc_test_00485_4b8d4e29__temp0.10__seed7,0.11913966174040484,1.0,8,per_run_oof
mistral_small_24b_2409__arc_test_00485_4b8d4e29__temp0.60__seed7,0.16236068231491363,,8,per_run_oof
mistral_small_24b_2409__arc_test_00485_4b8d4e29__temp1.00__seed7,0.14931021102599173,,8,per_run_oof
mistral_small_24b_2409__arc_test_00486_605c0abe__temp0.10__seed7,0.26138744375543527,,8,per_run_oof
mistral_small_24b_2409__arc_test_00486_605c0abe__temp0.60__seed7,0.17116248742083995,,8,per_run_oof
mistral_small_24b_2409__arc_test_00486_605c0abe__temp1.00__seed7,0.19481989262990573,,8,per_run_oof
mistral_small_24b_2409__arc_test_00487_b2bdd1ce__temp0.10__seed7,0.08457580126649573,1.0,8,per_run_oof
mistral_small_24b_2409__arc_test_00487_b2bdd1ce__temp0.60__seed7,0.13578059718061208,1.0,8,per_run_oof
mistral_small_24b_2409__arc_test_00487_b2bdd1ce__temp1.00__seed7,0.07395381839785148,1.0,8,per_run_oof
mistral_small_24b_2409__arc_test_00488_5463da3a__temp0.10__seed7,0.17375310406327338,0.8666666666666667,8,per_run_oof
mistral_small_24b_2409__arc_test_00488_5463da3a__temp0.60__seed7,0.31620695521060666,0.7142857142857143,8,per_run_oof
mistral_small_24b_2409__arc_test_00488_5463da3a__temp1.00__seed7,0.18858739174495193,0.9166666666666667,8,per_run_oof
mistral_small_24b_2409__arc_test_00489_c703c0a9__temp0.10__seed7,0.06252426192531169,,8,per_run_oof
mistral_small_24b_2409__arc_test_00489_c703c0a9__temp0.60__seed7,0.18717368480905167,,8,per_run_oof
mistral_small_24b_2409__arc_test_00489_c703c0a9__temp1.00__seed7,0.07119636319466982,,8,per_run_oof
mistral_small_24b_2409__arc_test_00490_4f08600f__temp0.10__seed7,0.13337217967907106,,8,per_run_oof
mistral_small_24b_2409__arc_test_00490_4f08600f__temp0.60__seed7,0.09461814945587725,,8,per_run_oof
mistral_small_24b_2409__arc_test_00490_4f08600f__temp1.00__seed7,0.07510360988788162,,8,per_run_oof
mistral_small_24b_2409__arc_test_00491_ded1fb77__temp0.10__seed7,0.27246158070255017,,8,per_run_oof
mistral_small_24b_2409__arc_test_00491_ded1fb77__temp0.60__seed7,0.23579134926398412,0.1428571428571429,8,per_run_oof
mistral_small_24b_2409__arc_test_00491_ded1fb77__temp1.00__seed7,0.31804953602138797,0.4166666666666667,8,per_run_oof
mistral_small_24b_2409__arc_test_00492_6cb78bde__temp0.10__seed7,0.1586313649315999,,8,per_run_oof
mistral_small_24b_2409__arc_test_00492_6cb78bde__temp0.60__seed7,0.1732076537586419,,8,per_run_oof
mistral_small_24b_2409__arc_test_00492_6cb78bde__temp1.00__seed7,0.11072505878661064,,8,per_run_oof
mistral_small_24b_2409__arc_test_00493_955ed165__temp0.10__seed7,0.14359085270951338,,8,per_run_oof
mistral_small_24b_2409__arc_test_00493_955ed165__temp0.60__seed7,0.16168771657478737,,8,per_run_oof
mistral_small_24b_2409__arc_test_00493_955ed165__temp1.00__seed7,0.26211715872449615,1.0,8,per_run_oof
mistral_small_24b_2409__arc_test_00494_7d9bb2d6__temp0.10__seed7,0.2770090598205772,1.0,8,per_run_oof
mistral_small_24b_2409__arc_test_00494_7d9bb2d6__temp0.60__seed7,0.32380022429137145,,8,per_run_oof
mistral_small_24b_2409__arc_test_00494_7d9bb2d6__temp1.00__seed7,0.15758456072701968,,8,per_run_oof
mistral_small_24b_2409__arc_test_00495_e38f696f__temp0.10__seed7,0.16725291961962208,,8,per_run_oof
mistral_small_24b_2409__arc_test_00495_e38f696f__temp0.60__seed7,0.1607963856184442,,8,per_run_oof
mistral_small_24b_2409__arc_test_00495_e38f696f__temp1.00__seed7,0.2796900750312974,,8,per_run_oof
mistral_small_24b_2409__arc_test_00496_4f83df33__temp0.10__seed7,0.35462065964488754,,8,per_run_oof
mistral_small_24b_2409__arc_test_00496_4f83df33__temp0.60__seed7,0.3390917984441493,,8,per_run_oof
mistral_small_24b_2409__arc_test_00496_4f83df33__temp1.00__seed7,0.49767749784253623,,8,per_run_oof
mistral_small_24b_2409__arc_test_00497_703134ee__temp0.10__seed7,0.26613898730065544,,8,per_run_oof
mistral_small_24b_2409__arc_test_00497_703134ee__temp0.60__seed7,0.19112445133414946,,8,per_run_oof
mistral_small_24b_2409__arc_test_00497_703134ee__temp1.00__seed7,0.1976140226070528,,8,per_run_oof
mistral_small_24b_2409__arc_test_00498_84afdcdc__temp0.10__seed7,0.17891072066924063,,8,per_run_oof
mistral_small_24b_2409__arc_test_00498_84afdcdc__temp0.60__seed7,0.213538177546125,1.0,8,per_run_oof
mistral_small_24b_2409__arc_test_00498_84afdcdc__temp1.00__seed7,0.10313209378655033,1.0,8,per_run_oof
mistral_small_24b_2409__arc_test_00499_c2a68a4a__temp0.10__seed7,0.10621456271833002,,8,per_run_oof
mistral_small_24b_2409__arc_test_00499_c2a68a4a__temp0.60__seed7,0.11156635465580435,,8,per_run_oof
mistral_small_24b_2409__arc_test_00499_c2a68a4a__temp1.00__seed7,0.13210282035569282,,8,per_run_oof
__pooled__,0.1814089670965448,0.7761629616970755,12000,pooled_oof
