detector,mean_stop_step,mean_stop_utility,mean_oracle_utility,mean_oracle_gap,false_early_rate,false_late_rate,mean_false_late_severity
oracle,2.4744444444444444,0.6162777777777777,0.6162777777777777,0.0,0.0,0.0,0.0
verifier_first_correct,5.264444444444444,0.47677777777777774,0.6162777777777777,0.13949999999999999,0.0,0.31,2.79
first_answer,1.0,0.23666666666666666,0.6162777777777777,0.37961111111111107,0.4533333333333333,0.0,0.0
hazard_drift,3.6044444444444443,0.2042222222222222,0.6162777777777777,0.41205555555555556,0.20444444444444446,0.7333333333333333,1.7644444444444445
e_process,3.0,0.17222222222222222,0.6162777777777777,0.44405555555555554,0.22,0.6877777777777778,1.2344444444444445
entropy_plateau,5.438888888888889,0.1313888888888889,0.6162777777777777,0.48488888888888887,0.13666666666666666,0.8577777777777778,3.35
empirical_bernstein,9.0,-0.0977777777777778,0.6162777777777777,0.7140555555555556,0.02,0.9611111111111111,6.545555555555556
answer_stability,9.946666666666667,-0.12511111111111112,0.6162777777777777,0.7413888888888889,0.0,0.98,7.472222222222222
never_stop,10.0,-0.12999999999999998,0.6162777777777777,0.7462777777777777,0.0,0.98,7.525555555555556
