detector,mean_stop_step,mean_stop_utility,mean_oracle_utility,mean_oracle_gap,false_early_rate,false_late_rate,mean_false_late_severity
oracle,1.7916666666666667,0.7104166666666667,0.7104166666666667,0.0,0.0,0.0,0.0
verifier_first_correct,4.041666666666667,0.5979166666666667,0.7104166666666667,0.1125,0.0,0.25,2.25
hazard_drift,3.6666666666666665,0.34583333333333327,0.7104166666666667,0.3645833333333333,0.125,0.75,2.0416666666666665
first_answer,1.0,0.3125,0.7104166666666667,0.3979166666666667,0.4375,0.0,0.0
entropy_plateau,5.354166666666667,0.24062499999999998,0.7104166666666667,0.46979166666666666,0.041666666666666664,0.9583333333333334,3.6041666666666665
answer_stability,10.0,0.008333333333333352,0.7104166666666667,0.7020833333333333,0.0,1.0,8.208333333333334
never_stop,10.0,0.008333333333333352,0.7104166666666667,0.7020833333333333,0.0,1.0,8.208333333333334
empirical_bernstein,9.0,-0.0666666666666667,0.7104166666666667,0.7770833333333332,0.0,1.0,7.208333333333333
