detector,mean_stop_step,mean_stop_utility,mean_oracle_utility,mean_oracle_gap,false_early_rate,false_late_rate,mean_false_late_severity
oracle,2.4744444444444444,0.6162777777777777,0.6162777777777777,0.0,0.0,0.0,0.0
empirical_bernstein,9.0,-0.0977777777777778,0.6162777777777777,0.7140555555555556,0.02,0.9611111111111111,6.545555555555556
never_stop,10.0,-0.12999999999999998,0.6162777777777777,0.7462777777777777,0.0,0.98,7.525555555555556
