detector,mean_stop_step,mean_stop_utility,mean_oracle_utility,mean_oracle_gap,false_early_rate,false_late_rate,mean_false_late_severity
oracle,1.7916666666666667,0.7104166666666667,0.7104166666666667,0.0,0.0,0.0,0.0
never_stop,10.0,0.008333333333333352,0.7104166666666667,0.7020833333333333,0.0,1.0,8.208333333333334
empirical_bernstein,9.0,-0.0666666666666667,0.7104166666666667,0.7770833333333332,0.0,1.0,7.208333333333333
