step,q_t,n_repairs,n_corruptions,repair_rate,corruption_rate,hazard_mu,entropy_mean,confidence_mean,answer_changed_rate,hidden_shift_mean,n_transitions
1,0.23666666666666666,127,96,0.1848617176128093,0.4507042253521127,-0.015555555555555572,0.37835517035590277,50.044444444444444,0.0,0.0,900
2,0.27111111111111114,126,125,0.19207317073170732,0.5122950819672131,-0.048888888888888885,0.367904052734375,50.0,0.7111111111111111,12.579644573529562,900
3,0.2722222222222222,112,130,0.17099236641221374,0.5306122448979592,-0.06999999999999998,0.35727552625868053,50.266666666666666,0.7,11.726114346848593,900
4,0.25222222222222224,139,119,0.2065378900445765,0.5242290748898678,-0.027777777777777776,0.3506669108072917,50.05555555555556,0.7055555555555556,11.777262180116441,900
5,0.27444444444444444,132,126,0.20214395099540583,0.5101214574898786,-0.04333333333333335,0.34311631944444443,50.1,0.72,11.56364337603251,900
6,0.2811111111111111,130,109,0.2009273570324575,0.4308300395256917,-0.026666666666666644,0.3360076226128472,50.272222222222226,0.7266666666666667,11.126437284681533,900
7,0.30444444444444446,107,109,0.17092651757188498,0.3978102189781022,-0.05222222222222225,0.3315348307291667,50.15555555555556,0.6877777777777778,10.790918946199946,900
8,0.3022222222222222,116,116,0.18471337579617833,0.4264705882352941,-0.05,0.3264181179470486,50.21111111111111,0.6433333333333333,10.50601623263624,900
9,0.3022222222222222,116,100,0.18471337579617833,0.36764705882352944,-0.032222222222222235,0.3260141330295139,50.166666666666664,0.6411111111111111,10.217231624590026,900
