step,q_t,repair_rate,corruption_rate,empirical_mu,empirical_variance,entropy_mean,answer_changed_rate,hidden_shift_mean,confidence_mean,n_examples,hazard_mu,delta_t,eb_upper_bound,eb_stop_signal
1,0.3125,0.16666666666666666,0.14583333333333334,-0.029166666666666688,0.3187056737588652,0.3600819905598958,0.0,0.0,50.0,48,0.019010416666666655,0.007599088773175335,0.9998858761971783,0
2,0.3333333333333333,0.2708333333333333,0.16666666666666666,0.05416666666666669,0.43572695035461,0.3476003011067708,0.7083333333333334,11.92159366607666,50.0,48,0.075,0.0033773727880779263,1.2539110243262968,0
3,0.4375,0.1875,0.2708333333333333,-0.13333333333333336,0.4609929078014184,0.3376363118489583,0.6458333333333334,10.683110299209753,50.0,48,-0.06302083333333333,0.0018997721932938337,1.1633577639483188,0
4,0.3541666666666667,0.14583333333333334,0.1875,-0.09166666666666667,0.33865248226950356,0.3240407307942708,0.7083333333333334,10.390413244565329,50.0,48,-0.022222222222222227,0.0012158542037080534,1.2166866020697804,0
5,0.3125,0.125,0.125,-0.05000000000000002,0.25531914893617014,0.3030039469401042,0.6666666666666666,10.279009570678076,50.0,48,-0.0031250000000000028,0.0008443431970194816,1.2668591627874448,0
6,0.3125,0.125,0.0625,0.012499999999999989,0.1875,0.2944488525390625,0.625,8.831846105555693,50.0,48,0.016406249999999997,0.0006203337774020681,1.3304325512235144,0
7,0.375,0.08333333333333333,0.10416666666666667,-0.07083333333333333,0.19104609929078017,0.3041127522786458,0.5625,7.7346761499842005,50.0,48,-0.036979166666666674,0.00047494304832345843,1.2869637314817979,0
8,0.3541666666666667,0.10416666666666667,0.125,-0.07083333333333332,0.23359929078014183,0.29360071818033856,0.4791666666666667,7.210206260283788,50.0,48,-0.026996527777777786,0.0003752636431197696,1.3482287804229558,0
9,0.3333333333333333,0.16666666666666666,0.041666666666666664,0.07500000000000002,0.1968085106382979,0.2954915364583333,0.5416666666666666,8.156025583545366,50.0,48,0.047222222222222235,0.00030396355092701335,1.4992796746105985,0
