run_id,brier,auc,n,scope
internlm3_8b_instruct__arc_test_00000_398537ec__temp0.10__seed7,0.18524169295268644,,8,per_run_oof
internlm3_8b_instruct__arc_test_00000_398537ec__temp0.60__seed7,0.2172027667330924,,8,per_run_oof
internlm3_8b_instruct__arc_test_00000_398537ec__temp1.00__seed7,0.2947622496962134,,8,per_run_oof
internlm3_8b_instruct__arc_test_00001_d4bf1bf9__temp0.10__seed7,0.19531802764225417,,8,per_run_oof
internlm3_8b_instruct__arc_test_00001_d4bf1bf9__temp0.60__seed7,0.1348440436801251,,8,per_run_oof
internlm3_8b_instruct__arc_test_00001_d4bf1bf9__temp1.00__seed7,0.17854369105054538,,8,per_run_oof
internlm3_8b_instruct__arc_test_00002_eef48f5d__temp0.10__seed7,0.20404587877372088,,8,per_run_oof
internlm3_8b_instruct__arc_test_00002_eef48f5d__temp0.60__seed7,0.2311309382465499,,8,per_run_oof
internlm3_8b_instruct__arc_test_00002_eef48f5d__temp1.00__seed7,0.2566912574684529,,8,per_run_oof
internlm3_8b_instruct__arc_test_00003_c16c54fb__temp0.10__seed7,0.19568600100946157,,8,per_run_oof
internlm3_8b_instruct__arc_test_00003_c16c54fb__temp0.60__seed7,0.255811164833878,,8,per_run_oof
internlm3_8b_instruct__arc_test_00003_c16c54fb__temp1.00__seed7,0.15563793953315597,,8,per_run_oof
internlm3_8b_instruct__arc_test_00004_89613a4b__temp0.10__seed7,0.07669238185795176,,8,per_run_oof
internlm3_8b_instruct__arc_test_00004_89613a4b__temp0.60__seed7,0.16341652959101505,,8,per_run_oof
internlm3_8b_instruct__arc_test_00004_89613a4b__temp1.00__seed7,0.17215931894304617,,8,per_run_oof
internlm3_8b_instruct__arc_test_00005_2943784f__temp0.10__seed7,0.2129825123501429,,8,per_run_oof
internlm3_8b_instruct__arc_test_00005_2943784f__temp0.60__seed7,0.17704499567442117,,8,per_run_oof
internlm3_8b_instruct__arc_test_00005_2943784f__temp1.00__seed7,0.2176485789612194,,8,per_run_oof
internlm3_8b_instruct__arc_test_00006_73fea8aa__temp0.10__seed7,0.2862071175142597,,8,per_run_oof
internlm3_8b_instruct__arc_test_00006_73fea8aa__temp0.60__seed7,0.3593135106693653,,8,per_run_oof
internlm3_8b_instruct__arc_test_00006_73fea8aa__temp1.00__seed7,0.25419456627590586,,8,per_run_oof
internlm3_8b_instruct__arc_test_00007_55ae159f__temp0.10__seed7,0.3086933225300599,,8,per_run_oof
internlm3_8b_instruct__arc_test_00007_55ae159f__temp0.60__seed7,0.3314150913576598,,8,per_run_oof
internlm3_8b_instruct__arc_test_00007_55ae159f__temp1.00__seed7,0.30737429058921606,,8,per_run_oof
internlm3_8b_instruct__arc_test_00008_3926edfe__temp0.10__seed7,0.2918888211682158,,8,per_run_oof
internlm3_8b_instruct__arc_test_00008_3926edfe__temp0.60__seed7,0.2355215841363768,,8,per_run_oof
internlm3_8b_instruct__arc_test_00008_3926edfe__temp1.00__seed7,0.3180884540903827,0.14285714285714285,8,per_run_oof
internlm3_8b_instruct__arc_test_00009_0cb3f159__temp0.10__seed7,0.2086801525541277,,8,per_run_oof
internlm3_8b_instruct__arc_test_00009_0cb3f159__temp0.60__seed7,0.24330577901848072,,8,per_run_oof
internlm3_8b_instruct__arc_test_00009_0cb3f159__temp1.00__seed7,0.19778152912932812,,8,per_run_oof
internlm3_8b_instruct__arc_test_00010_38aa3c95__temp0.10__seed7,0.2410300838363303,,8,per_run_oof
internlm3_8b_instruct__arc_test_00010_38aa3c95__temp0.60__seed7,0.12012043731320911,,8,per_run_oof
internlm3_8b_instruct__arc_test_00010_38aa3c95__temp1.00__seed7,0.2699388039899058,,8,per_run_oof
internlm3_8b_instruct__arc_test_00011_0a8e7a55__temp0.10__seed7,0.2927150745822445,,8,per_run_oof
internlm3_8b_instruct__arc_test_00011_0a8e7a55__temp0.60__seed7,0.21658181657215334,,8,per_run_oof
internlm3_8b_instruct__arc_test_00011_0a8e7a55__temp1.00__seed7,0.234330801261805,,8,per_run_oof
internlm3_8b_instruct__arc_test_00012_90d98cc0__temp0.10__seed7,0.31753145384966697,,8,per_run_oof
internlm3_8b_instruct__arc_test_00012_90d98cc0__temp0.60__seed7,0.35619464513258037,,8,per_run_oof
internlm3_8b_instruct__arc_test_00012_90d98cc0__temp1.00__seed7,0.2739561594382607,,8,per_run_oof
internlm3_8b_instruct__arc_test_00013_6647a8fe__temp0.10__seed7,0.27607721232723553,,8,per_run_oof
internlm3_8b_instruct__arc_test_00013_6647a8fe__temp0.60__seed7,0.22512858351571424,,8,per_run_oof
internlm3_8b_instruct__arc_test_00013_6647a8fe__temp1.00__seed7,0.2928808393214584,,8,per_run_oof
internlm3_8b_instruct__arc_test_00014_7f872561__temp0.10__seed7,0.3289393717672706,,8,per_run_oof
internlm3_8b_instruct__arc_test_00014_7f872561__temp0.60__seed7,0.20555705039118627,,8,per_run_oof
internlm3_8b_instruct__arc_test_00014_7f872561__temp1.00__seed7,0.28971843868404323,,8,per_run_oof
internlm3_8b_instruct__arc_test_00015_495befc7__temp0.10__seed7,0.22159644823452077,,8,per_run_oof
internlm3_8b_instruct__arc_test_00015_495befc7__temp0.60__seed7,0.2637136632032579,,8,per_run_oof
internlm3_8b_instruct__arc_test_00015_495befc7__temp1.00__seed7,0.18936028591285323,,8,per_run_oof
internlm3_8b_instruct__arc_test_00016_75d83e3f__temp0.10__seed7,0.2708513135279539,,8,per_run_oof
internlm3_8b_instruct__arc_test_00016_75d83e3f__temp0.60__seed7,0.22610793568666462,,8,per_run_oof
internlm3_8b_instruct__arc_test_00016_75d83e3f__temp1.00__seed7,0.22810303012428917,,8,per_run_oof
internlm3_8b_instruct__arc_test_00017_dac51f3a__temp0.10__seed7,0.2977587899345271,,8,per_run_oof
internlm3_8b_instruct__arc_test_00017_dac51f3a__temp0.60__seed7,0.19352216352709223,,8,per_run_oof
internlm3_8b_instruct__arc_test_00017_dac51f3a__temp1.00__seed7,0.19903341508948008,,8,per_run_oof
internlm3_8b_instruct__arc_test_00018_9925db26__temp0.10__seed7,0.12124445617043184,,8,per_run_oof
internlm3_8b_instruct__arc_test_00018_9925db26__temp0.60__seed7,0.25654626447812484,,8,per_run_oof
internlm3_8b_instruct__arc_test_00018_9925db26__temp1.00__seed7,0.22706366515609125,,8,per_run_oof
internlm3_8b_instruct__arc_test_00019_1a50b7f7__temp0.10__seed7,0.19774580728862223,,8,per_run_oof
internlm3_8b_instruct__arc_test_00019_1a50b7f7__temp0.60__seed7,0.21449887140613172,,8,per_run_oof
internlm3_8b_instruct__arc_test_00019_1a50b7f7__temp1.00__seed7,0.2125471404279562,,8,per_run_oof
internlm3_8b_instruct__arc_test_00020_d3e511bf__temp0.10__seed7,0.2755163619040254,,8,per_run_oof
internlm3_8b_instruct__arc_test_00020_d3e511bf__temp0.60__seed7,0.40756864173976726,,8,per_run_oof
internlm3_8b_instruct__arc_test_00020_d3e511bf__temp1.00__seed7,0.1833591040392662,,8,per_run_oof
internlm3_8b_instruct__arc_test_00021_ce0d3229__temp0.10__seed7,0.22966900137186175,,8,per_run_oof
internlm3_8b_instruct__arc_test_00021_ce0d3229__temp0.60__seed7,0.2534058983792685,,8,per_run_oof
internlm3_8b_instruct__arc_test_00021_ce0d3229__temp1.00__seed7,0.20030932165205279,,8,per_run_oof
internlm3_8b_instruct__arc_test_00022_51e7e2c1__temp0.10__seed7,0.2516247415516916,,8,per_run_oof
internlm3_8b_instruct__arc_test_00022_51e7e2c1__temp0.60__seed7,0.2767379350939586,,8,per_run_oof
internlm3_8b_instruct__arc_test_00022_51e7e2c1__temp1.00__seed7,0.28307248859205525,,8,per_run_oof
internlm3_8b_instruct__arc_test_00023_56ce0db0__temp0.10__seed7,0.19085025713973147,,8,per_run_oof
internlm3_8b_instruct__arc_test_00023_56ce0db0__temp0.60__seed7,0.22659427379314678,,8,per_run_oof
internlm3_8b_instruct__arc_test_00023_56ce0db0__temp1.00__seed7,0.21152611808228483,,8,per_run_oof
internlm3_8b_instruct__arc_test_00024_75e3f15b__temp0.10__seed7,0.1829844556749854,,8,per_run_oof
internlm3_8b_instruct__arc_test_00024_75e3f15b__temp0.60__seed7,0.17749408946467776,,8,per_run_oof
internlm3_8b_instruct__arc_test_00024_75e3f15b__temp1.00__seed7,0.19244833561462868,,8,per_run_oof
internlm3_8b_instruct__arc_test_00025_aa1dfcf3__temp0.10__seed7,0.20084166949867727,,8,per_run_oof
internlm3_8b_instruct__arc_test_00025_aa1dfcf3__temp0.60__seed7,0.22207290778016936,,8,per_run_oof
internlm3_8b_instruct__arc_test_00025_aa1dfcf3__temp1.00__seed7,0.31985345051449166,,8,per_run_oof
internlm3_8b_instruct__arc_test_00026_653ac6a4__temp0.10__seed7,0.23267702293721665,,8,per_run_oof
internlm3_8b_instruct__arc_test_00026_653ac6a4__temp0.60__seed7,0.2463290692639667,0.8571428571428571,8,per_run_oof
internlm3_8b_instruct__arc_test_00026_653ac6a4__temp1.00__seed7,0.2927062061301212,0.8571428571428571,8,per_run_oof
internlm3_8b_instruct__arc_test_00027_4de7cd96__temp0.10__seed7,0.3010561895107569,,8,per_run_oof
internlm3_8b_instruct__arc_test_00027_4de7cd96__temp0.60__seed7,0.29181799959728827,,8,per_run_oof
internlm3_8b_instruct__arc_test_00027_4de7cd96__temp1.00__seed7,0.234176943828049,,8,per_run_oof
internlm3_8b_instruct__arc_test_00028_de472a7b__temp0.10__seed7,0.12680669294315963,,8,per_run_oof
internlm3_8b_instruct__arc_test_00028_de472a7b__temp0.60__seed7,0.12047237732397459,,8,per_run_oof
internlm3_8b_instruct__arc_test_00028_de472a7b__temp1.00__seed7,0.18125182982093493,,8,per_run_oof
internlm3_8b_instruct__arc_test_00029_9ab7fc82__temp0.10__seed7,0.2870774844034269,,8,per_run_oof
internlm3_8b_instruct__arc_test_00029_9ab7fc82__temp0.60__seed7,0.27974700343008185,,8,per_run_oof
internlm3_8b_instruct__arc_test_00029_9ab7fc82__temp1.00__seed7,0.21083964580486364,,8,per_run_oof
internlm3_8b_instruct__arc_test_00030_1a7be7be__temp0.10__seed7,0.1250161195075093,,8,per_run_oof
internlm3_8b_instruct__arc_test_00030_1a7be7be__temp0.60__seed7,0.12851793191181982,,8,per_run_oof
internlm3_8b_instruct__arc_test_00030_1a7be7be__temp1.00__seed7,0.2140972770587816,,8,per_run_oof
internlm3_8b_instruct__arc_test_00031_16af4104__temp0.10__seed7,0.17259352880179954,,8,per_run_oof
internlm3_8b_instruct__arc_test_00031_16af4104__temp0.60__seed7,0.18396491761503983,,8,per_run_oof
internlm3_8b_instruct__arc_test_00031_16af4104__temp1.00__seed7,0.3094339566772323,,8,per_run_oof
internlm3_8b_instruct__arc_test_00032_d2b2ae1f__temp0.10__seed7,0.21059511091425479,,8,per_run_oof
internlm3_8b_instruct__arc_test_00032_d2b2ae1f__temp0.60__seed7,0.21676766160991706,,8,per_run_oof
internlm3_8b_instruct__arc_test_00032_d2b2ae1f__temp1.00__seed7,0.3593389889314559,0.14285714285714285,8,per_run_oof
internlm3_8b_instruct__arc_test_00033_936f56a6__temp0.10__seed7,0.22863138128471522,,8,per_run_oof
internlm3_8b_instruct__arc_test_00033_936f56a6__temp0.60__seed7,0.15488091687252528,,8,per_run_oof
internlm3_8b_instruct__arc_test_00033_936f56a6__temp1.00__seed7,0.30502906638179045,,8,per_run_oof
internlm3_8b_instruct__arc_test_00034_485f96ab__temp0.10__seed7,0.26451748327658176,,8,per_run_oof
internlm3_8b_instruct__arc_test_00034_485f96ab__temp0.60__seed7,0.2391132045306557,,8,per_run_oof
internlm3_8b_instruct__arc_test_00034_485f96ab__temp1.00__seed7,0.2015235117542602,,8,per_run_oof
internlm3_8b_instruct__arc_test_00035_aad2d50d__temp0.10__seed7,0.23529582266512497,,8,per_run_oof
internlm3_8b_instruct__arc_test_00035_aad2d50d__temp0.60__seed7,0.21900189329691983,,8,per_run_oof
internlm3_8b_instruct__arc_test_00035_aad2d50d__temp1.00__seed7,0.21562925265528274,,8,per_run_oof
internlm3_8b_instruct__arc_test_00036_99d6267d__temp0.10__seed7,0.2870787866253536,,8,per_run_oof
internlm3_8b_instruct__arc_test_00036_99d6267d__temp0.60__seed7,0.14660752548015804,,8,per_run_oof
internlm3_8b_instruct__arc_test_00036_99d6267d__temp1.00__seed7,0.26811710108318554,,8,per_run_oof
internlm3_8b_instruct__arc_test_00037_10f2fddf__temp0.10__seed7,0.30830348801197277,,8,per_run_oof
internlm3_8b_instruct__arc_test_00037_10f2fddf__temp0.60__seed7,0.300359187247267,,8,per_run_oof
internlm3_8b_instruct__arc_test_00037_10f2fddf__temp1.00__seed7,0.300351120769414,,8,per_run_oof
internlm3_8b_instruct__arc_test_00038_715b0bef__temp0.10__seed7,0.20499920680927858,,8,per_run_oof
internlm3_8b_instruct__arc_test_00038_715b0bef__temp0.60__seed7,0.25097698286137515,,8,per_run_oof
internlm3_8b_instruct__arc_test_00038_715b0bef__temp1.00__seed7,0.17723092756499398,,8,per_run_oof
internlm3_8b_instruct__arc_test_00039_3e277a72__temp0.10__seed7,0.14738138834509917,,8,per_run_oof
internlm3_8b_instruct__arc_test_00039_3e277a72__temp0.60__seed7,0.1718062471587787,,8,per_run_oof
internlm3_8b_instruct__arc_test_00039_3e277a72__temp1.00__seed7,0.2521180650617153,,8,per_run_oof
internlm3_8b_instruct__arc_test_00040_aeb16c3b__temp0.10__seed7,0.22775979821838474,,8,per_run_oof
internlm3_8b_instruct__arc_test_00040_aeb16c3b__temp0.60__seed7,0.17873436707203919,,8,per_run_oof
internlm3_8b_instruct__arc_test_00040_aeb16c3b__temp1.00__seed7,0.2592385116372723,,8,per_run_oof
internlm3_8b_instruct__arc_test_00041_57e4090f__temp0.10__seed7,0.26155526793712497,0.8,8,per_run_oof
internlm3_8b_instruct__arc_test_00041_57e4090f__temp0.60__seed7,0.3287403888765982,0.0,8,per_run_oof
internlm3_8b_instruct__arc_test_00041_57e4090f__temp1.00__seed7,0.3802086345815931,0.0,8,per_run_oof
internlm3_8b_instruct__arc_test_00042_eaad77d4__temp0.10__seed7,0.17316478737769567,,8,per_run_oof
internlm3_8b_instruct__arc_test_00042_eaad77d4__temp0.60__seed7,0.12757207397551457,,8,per_run_oof
internlm3_8b_instruct__arc_test_00042_eaad77d4__temp1.00__seed7,0.18490249481578397,,8,per_run_oof
internlm3_8b_instruct__arc_test_00043_90dea090__temp0.10__seed7,0.2144275410474496,,8,per_run_oof
internlm3_8b_instruct__arc_test_00043_90dea090__temp0.60__seed7,0.21072782322589312,,8,per_run_oof
internlm3_8b_instruct__arc_test_00043_90dea090__temp1.00__seed7,0.2014559008716148,,8,per_run_oof
internlm3_8b_instruct__arc_test_00044_64e186ec__temp0.10__seed7,0.17128653930946333,,8,per_run_oof
internlm3_8b_instruct__arc_test_00044_64e186ec__temp0.60__seed7,0.20425257279799766,,8,per_run_oof
internlm3_8b_instruct__arc_test_00044_64e186ec__temp1.00__seed7,0.21944994013923955,,8,per_run_oof
internlm3_8b_instruct__arc_test_00045_a364fb0e__temp0.10__seed7,0.17736818516169284,,8,per_run_oof
internlm3_8b_instruct__arc_test_00045_a364fb0e__temp0.60__seed7,0.27523389819958677,,8,per_run_oof
internlm3_8b_instruct__arc_test_00045_a364fb0e__temp1.00__seed7,0.23364260643489912,,8,per_run_oof
internlm3_8b_instruct__arc_test_00046_3eac725f__temp0.10__seed7,0.13778466490892735,,8,per_run_oof
internlm3_8b_instruct__arc_test_00046_3eac725f__temp0.60__seed7,0.11930030907957791,,8,per_run_oof
internlm3_8b_instruct__arc_test_00046_3eac725f__temp1.00__seed7,0.1917341241633953,,8,per_run_oof
internlm3_8b_instruct__arc_test_00047_e5e078eb__temp0.10__seed7,0.21977602099096105,,8,per_run_oof
internlm3_8b_instruct__arc_test_00047_e5e078eb__temp0.60__seed7,0.263715304875759,,8,per_run_oof
internlm3_8b_instruct__arc_test_00047_e5e078eb__temp1.00__seed7,0.27434759538307907,,8,per_run_oof
internlm3_8b_instruct__arc_test_00048_e95d73f4__temp0.10__seed7,0.2530991526207155,,8,per_run_oof
internlm3_8b_instruct__arc_test_00048_e95d73f4__temp0.60__seed7,0.24681969684164656,,8,per_run_oof
internlm3_8b_instruct__arc_test_00048_e95d73f4__temp1.00__seed7,0.23175196869348214,,8,per_run_oof
internlm3_8b_instruct__arc_test_00049_d116647f__temp0.10__seed7,0.18580454175216154,,8,per_run_oof
internlm3_8b_instruct__arc_test_00049_d116647f__temp0.60__seed7,0.14646290076122992,,8,per_run_oof
internlm3_8b_instruct__arc_test_00049_d116647f__temp1.00__seed7,0.2621276602867264,,8,per_run_oof
internlm3_8b_instruct__arc_test_00050_b8e70b73__temp0.10__seed7,0.18929950333133838,,8,per_run_oof
internlm3_8b_instruct__arc_test_00050_b8e70b73__temp0.60__seed7,0.11995512340400694,,8,per_run_oof
internlm3_8b_instruct__arc_test_00050_b8e70b73__temp1.00__seed7,0.12974669159408322,,8,per_run_oof
internlm3_8b_instruct__arc_test_00051_5eb63cf4__temp0.10__seed7,0.18817252403864954,,8,per_run_oof
internlm3_8b_instruct__arc_test_00051_5eb63cf4__temp0.60__seed7,0.23837294100139356,,8,per_run_oof
internlm3_8b_instruct__arc_test_00051_5eb63cf4__temp1.00__seed7,0.26884342760754815,,8,per_run_oof
internlm3_8b_instruct__arc_test_00052_ec5a8597__temp0.10__seed7,0.31562630950072734,,8,per_run_oof
internlm3_8b_instruct__arc_test_00052_ec5a8597__temp0.60__seed7,0.18605591602915017,,8,per_run_oof
internlm3_8b_instruct__arc_test_00052_ec5a8597__temp1.00__seed7,0.29101967441781534,,8,per_run_oof
internlm3_8b_instruct__arc_test_00053_c9b0a942__temp0.10__seed7,0.2154863855290805,,8,per_run_oof
internlm3_8b_instruct__arc_test_00053_c9b0a942__temp0.60__seed7,0.19094561456621933,,8,per_run_oof
internlm3_8b_instruct__arc_test_00053_c9b0a942__temp1.00__seed7,0.20578553719157527,,8,per_run_oof
internlm3_8b_instruct__arc_test_00054_a5d562be__temp0.10__seed7,0.21182907037454807,,8,per_run_oof
internlm3_8b_instruct__arc_test_00054_a5d562be__temp0.60__seed7,0.2864755534992095,,8,per_run_oof
internlm3_8b_instruct__arc_test_00054_a5d562be__temp1.00__seed7,0.33895756665357946,,8,per_run_oof
internlm3_8b_instruct__arc_test_00055_6b308877__temp0.10__seed7,0.1944198098382121,,8,per_run_oof
internlm3_8b_instruct__arc_test_00055_6b308877__temp0.60__seed7,0.19981526612507522,,8,per_run_oof
internlm3_8b_instruct__arc_test_00055_6b308877__temp1.00__seed7,0.29360646810041413,,8,per_run_oof
internlm3_8b_instruct__arc_test_00056_9af0a219__temp0.10__seed7,0.26167905774203404,,8,per_run_oof
internlm3_8b_instruct__arc_test_00056_9af0a219__temp0.60__seed7,0.24701757079489803,,8,per_run_oof
internlm3_8b_instruct__arc_test_00056_9af0a219__temp1.00__seed7,0.2031027372102615,,8,per_run_oof
internlm3_8b_instruct__arc_test_00057_f156a7fc__temp0.10__seed7,0.19386490476451204,,8,per_run_oof
internlm3_8b_instruct__arc_test_00057_f156a7fc__temp0.60__seed7,0.23948989210534827,,8,per_run_oof
internlm3_8b_instruct__arc_test_00057_f156a7fc__temp1.00__seed7,0.2607047999697355,,8,per_run_oof
internlm3_8b_instruct__arc_test_00058_25585c43__temp0.10__seed7,0.23137742498601827,,8,per_run_oof
internlm3_8b_instruct__arc_test_00058_25585c43__temp0.60__seed7,0.2645200896663504,,8,per_run_oof
internlm3_8b_instruct__arc_test_00058_25585c43__temp1.00__seed7,0.32812826006950113,,8,per_run_oof
internlm3_8b_instruct__arc_test_00059_9f3bba93__temp0.10__seed7,0.4100117391918226,,8,per_run_oof
internlm3_8b_instruct__arc_test_00059_9f3bba93__temp0.60__seed7,0.32778774248735393,,8,per_run_oof
internlm3_8b_instruct__arc_test_00059_9f3bba93__temp1.00__seed7,0.3965106607309872,,8,per_run_oof
internlm3_8b_instruct__arc_test_00060_27a26900__temp0.10__seed7,0.21751969430782098,,8,per_run_oof
internlm3_8b_instruct__arc_test_00060_27a26900__temp0.60__seed7,0.17231475819451206,,8,per_run_oof
internlm3_8b_instruct__arc_test_00060_27a26900__temp1.00__seed7,0.2349976408410855,,8,per_run_oof
internlm3_8b_instruct__arc_test_00061_e952a7cb__temp0.10__seed7,0.20452823780357549,,8,per_run_oof
internlm3_8b_instruct__arc_test_00061_e952a7cb__temp0.60__seed7,0.17756757340273985,,8,per_run_oof
internlm3_8b_instruct__arc_test_00061_e952a7cb__temp1.00__seed7,0.18364068852871357,,8,per_run_oof
internlm3_8b_instruct__arc_test_00062_9c6ccfe2__temp0.10__seed7,0.22777754196247968,,8,per_run_oof
internlm3_8b_instruct__arc_test_00062_9c6ccfe2__temp0.60__seed7,0.25268999298522216,,8,per_run_oof
internlm3_8b_instruct__arc_test_00062_9c6ccfe2__temp1.00__seed7,0.2309635145916233,,8,per_run_oof
internlm3_8b_instruct__arc_test_00063_0bbf7904__temp0.10__seed7,0.20956493478899757,,8,per_run_oof
internlm3_8b_instruct__arc_test_00063_0bbf7904__temp0.60__seed7,0.22963465223953483,,8,per_run_oof
internlm3_8b_instruct__arc_test_00063_0bbf7904__temp1.00__seed7,0.2292285889329857,,8,per_run_oof
internlm3_8b_instruct__arc_test_00064_30e8911f__temp0.10__seed7,0.17153595273299416,,8,per_run_oof
internlm3_8b_instruct__arc_test_00064_30e8911f__temp0.60__seed7,0.23314353920255257,,8,per_run_oof
internlm3_8b_instruct__arc_test_00064_30e8911f__temp1.00__seed7,0.1447250677389303,,8,per_run_oof
internlm3_8b_instruct__arc_test_00065_0c30043d__temp0.10__seed7,0.1718078772229576,,8,per_run_oof
internlm3_8b_instruct__arc_test_00065_0c30043d__temp0.60__seed7,0.19183821906813128,,8,per_run_oof
internlm3_8b_instruct__arc_test_00065_0c30043d__temp1.00__seed7,0.29511425532999835,,8,per_run_oof
internlm3_8b_instruct__arc_test_00066_a4f22ec7__temp0.10__seed7,0.21403709484512057,,8,per_run_oof
internlm3_8b_instruct__arc_test_00066_a4f22ec7__temp0.60__seed7,0.2656081428622935,,8,per_run_oof
internlm3_8b_instruct__arc_test_00066_a4f22ec7__temp1.00__seed7,0.24591498643726473,,8,per_run_oof
internlm3_8b_instruct__arc_test_00067_39a5e863__temp0.10__seed7,0.3113995020851117,,8,per_run_oof
internlm3_8b_instruct__arc_test_00067_39a5e863__temp0.60__seed7,0.17169887948615906,,8,per_run_oof
internlm3_8b_instruct__arc_test_00067_39a5e863__temp1.00__seed7,0.31655536511601434,,8,per_run_oof
internlm3_8b_instruct__arc_test_00068_169f201a__temp0.10__seed7,0.16454591797397772,,8,per_run_oof
internlm3_8b_instruct__arc_test_00068_169f201a__temp0.60__seed7,0.26906004316841736,,8,per_run_oof
internlm3_8b_instruct__arc_test_00068_169f201a__temp1.00__seed7,0.19525457971094384,,8,per_run_oof
internlm3_8b_instruct__arc_test_00069_c44c4bd5__temp0.10__seed7,0.23287858162823522,,8,per_run_oof
internlm3_8b_instruct__arc_test_00069_c44c4bd5__temp0.60__seed7,0.23707994293914353,,8,per_run_oof
internlm3_8b_instruct__arc_test_00069_c44c4bd5__temp1.00__seed7,0.258319849060482,,8,per_run_oof
internlm3_8b_instruct__arc_test_00070_7f98502f__temp0.10__seed7,0.33137258639608586,,8,per_run_oof
internlm3_8b_instruct__arc_test_00070_7f98502f__temp0.60__seed7,0.3289892425362724,,8,per_run_oof
internlm3_8b_instruct__arc_test_00070_7f98502f__temp1.00__seed7,0.2971609738855272,,8,per_run_oof
internlm3_8b_instruct__arc_test_00071_78c9064f__temp0.10__seed7,0.2869253693073583,,8,per_run_oof
internlm3_8b_instruct__arc_test_00071_78c9064f__temp0.60__seed7,0.23848731597286926,,8,per_run_oof
internlm3_8b_instruct__arc_test_00071_78c9064f__temp1.00__seed7,0.29978937295148106,,8,per_run_oof
internlm3_8b_instruct__arc_test_00072_25b05898__temp0.10__seed7,0.2141010908145352,,8,per_run_oof
internlm3_8b_instruct__arc_test_00072_25b05898__temp0.60__seed7,0.2295242331169246,,8,per_run_oof
internlm3_8b_instruct__arc_test_00072_25b05898__temp1.00__seed7,0.13817818984225227,,8,per_run_oof
internlm3_8b_instruct__arc_test_00073_ed2fea3a__temp0.10__seed7,0.1929808307457091,,8,per_run_oof
internlm3_8b_instruct__arc_test_00073_ed2fea3a__temp0.60__seed7,0.12142307707689248,,8,per_run_oof
internlm3_8b_instruct__arc_test_00073_ed2fea3a__temp1.00__seed7,0.18469155825515443,,8,per_run_oof
internlm3_8b_instruct__arc_test_00074_86e6443b__temp0.10__seed7,0.19923388862004993,,8,per_run_oof
internlm3_8b_instruct__arc_test_00074_86e6443b__temp0.60__seed7,0.28921580182923884,,8,per_run_oof
internlm3_8b_instruct__arc_test_00074_86e6443b__temp1.00__seed7,0.3077530695392138,,8,per_run_oof
internlm3_8b_instruct__arc_test_00075_fc461c98__temp0.10__seed7,0.1711139874922703,,8,per_run_oof
internlm3_8b_instruct__arc_test_00075_fc461c98__temp0.60__seed7,0.21750601430371097,,8,per_run_oof
internlm3_8b_instruct__arc_test_00075_fc461c98__temp1.00__seed7,0.18164908564147628,,8,per_run_oof
internlm3_8b_instruct__arc_test_00076_e201619a__temp0.10__seed7,0.2733034819434421,0.1428571428571429,8,per_run_oof
internlm3_8b_instruct__arc_test_00076_e201619a__temp0.60__seed7,0.19327462316523292,,8,per_run_oof
internlm3_8b_instruct__arc_test_00076_e201619a__temp1.00__seed7,0.29822903983436017,1.0,8,per_run_oof
internlm3_8b_instruct__arc_test_00077_cbb70e60__temp0.10__seed7,0.20832587870677155,,8,per_run_oof
internlm3_8b_instruct__arc_test_00077_cbb70e60__temp0.60__seed7,0.15875988136478814,,8,per_run_oof
internlm3_8b_instruct__arc_test_00077_cbb70e60__temp1.00__seed7,0.19555767216803652,,8,per_run_oof
internlm3_8b_instruct__arc_test_00078_9d260e71__temp0.10__seed7,0.17112071169183013,,8,per_run_oof
internlm3_8b_instruct__arc_test_00078_9d260e71__temp0.60__seed7,0.20031443566059126,,8,per_run_oof
internlm3_8b_instruct__arc_test_00078_9d260e71__temp1.00__seed7,0.22877467164694587,,8,per_run_oof
internlm3_8b_instruct__arc_test_00079_73a6dca6__temp0.10__seed7,0.35134274214105876,,8,per_run_oof
internlm3_8b_instruct__arc_test_00079_73a6dca6__temp0.60__seed7,0.23025735547717124,,8,per_run_oof
internlm3_8b_instruct__arc_test_00079_73a6dca6__temp1.00__seed7,0.3701894969973549,0.0,8,per_run_oof
internlm3_8b_instruct__arc_test_00080_a44020c4__temp0.10__seed7,0.19368479551777276,,8,per_run_oof
internlm3_8b_instruct__arc_test_00080_a44020c4__temp0.60__seed7,0.20014181251396657,,8,per_run_oof
internlm3_8b_instruct__arc_test_00080_a44020c4__temp1.00__seed7,0.23162794631475134,,8,per_run_oof
internlm3_8b_instruct__arc_test_00081_e1b4d5ef__temp0.10__seed7,0.3191576466306831,,8,per_run_oof
internlm3_8b_instruct__arc_test_00081_e1b4d5ef__temp0.60__seed7,0.3024310188185293,,8,per_run_oof
internlm3_8b_instruct__arc_test_00081_e1b4d5ef__temp1.00__seed7,0.36439657470889075,,8,per_run_oof
internlm3_8b_instruct__arc_test_00082_02dec4b3__temp0.10__seed7,0.18763475091264115,,8,per_run_oof
internlm3_8b_instruct__arc_test_00082_02dec4b3__temp0.60__seed7,0.22763648734213907,,8,per_run_oof
internlm3_8b_instruct__arc_test_00082_02dec4b3__temp1.00__seed7,0.19887387654971644,,8,per_run_oof
internlm3_8b_instruct__arc_test_00083_4aac759c__temp0.10__seed7,0.2237979072866974,,8,per_run_oof
internlm3_8b_instruct__arc_test_00083_4aac759c__temp0.60__seed7,0.27489980738988307,,8,per_run_oof
internlm3_8b_instruct__arc_test_00083_4aac759c__temp1.00__seed7,0.26298457838567246,,8,per_run_oof
internlm3_8b_instruct__arc_test_00084_12ae98c6__temp0.10__seed7,0.21818163706359528,,8,per_run_oof
internlm3_8b_instruct__arc_test_00084_12ae98c6__temp0.60__seed7,0.16620374196929327,,8,per_run_oof
internlm3_8b_instruct__arc_test_00084_12ae98c6__temp1.00__seed7,0.39362490091402413,,8,per_run_oof
internlm3_8b_instruct__arc_test_00085_63d1eedd__temp0.10__seed7,0.22056901237289445,,8,per_run_oof
internlm3_8b_instruct__arc_test_00085_63d1eedd__temp0.60__seed7,0.1602868584551415,,8,per_run_oof
internlm3_8b_instruct__arc_test_00085_63d1eedd__temp1.00__seed7,0.18602589642784212,,8,per_run_oof
internlm3_8b_instruct__arc_test_00086_9f0f396a__temp0.10__seed7,0.1996976793571515,,8,per_run_oof
internlm3_8b_instruct__arc_test_00086_9f0f396a__temp0.60__seed7,0.1948104576466233,,8,per_run_oof
internlm3_8b_instruct__arc_test_00086_9f0f396a__temp1.00__seed7,0.2902660381819324,,8,per_run_oof
internlm3_8b_instruct__arc_test_00087_1238aced__temp0.10__seed7,0.20168194998078254,,8,per_run_oof
internlm3_8b_instruct__arc_test_00087_1238aced__temp0.60__seed7,0.29810383968695825,,8,per_run_oof
internlm3_8b_instruct__arc_test_00087_1238aced__temp1.00__seed7,0.16697564998030523,,8,per_run_oof
internlm3_8b_instruct__arc_test_00088_09b7c1fe__temp0.10__seed7,0.20334004417690693,,8,per_run_oof
internlm3_8b_instruct__arc_test_00088_09b7c1fe__temp0.60__seed7,0.31099215495790056,,8,per_run_oof
internlm3_8b_instruct__arc_test_00088_09b7c1fe__temp1.00__seed7,0.18061153157266924,,8,per_run_oof
internlm3_8b_instruct__arc_test_00089_f6eda772__temp0.10__seed7,0.19321182598281827,,8,per_run_oof
internlm3_8b_instruct__arc_test_00089_f6eda772__temp0.60__seed7,0.19981223234313658,,8,per_run_oof
internlm3_8b_instruct__arc_test_00089_f6eda772__temp1.00__seed7,0.17550397057083894,,8,per_run_oof
internlm3_8b_instruct__arc_test_00090_d52bf241__temp0.10__seed7,0.2750864788498626,,8,per_run_oof
internlm3_8b_instruct__arc_test_00090_d52bf241__temp0.60__seed7,0.2973326488276547,,8,per_run_oof
internlm3_8b_instruct__arc_test_00090_d52bf241__temp1.00__seed7,0.40908822578019044,,8,per_run_oof
internlm3_8b_instruct__arc_test_00091_eec80c32__temp0.10__seed7,0.21271989909652902,,8,per_run_oof
internlm3_8b_instruct__arc_test_00091_eec80c32__temp0.60__seed7,0.23000791208295096,,8,per_run_oof
internlm3_8b_instruct__arc_test_00091_eec80c32__temp1.00__seed7,0.25142900260922574,,8,per_run_oof
internlm3_8b_instruct__arc_test_00092_25cc90e9__temp0.10__seed7,0.1856271137169926,,8,per_run_oof
internlm3_8b_instruct__arc_test_00092_25cc90e9__temp0.60__seed7,0.20897602023387862,,8,per_run_oof
internlm3_8b_instruct__arc_test_00092_25cc90e9__temp1.00__seed7,0.2677753335894759,,8,per_run_oof
internlm3_8b_instruct__arc_test_00093_ffa047d0__temp0.10__seed7,0.2870509604435502,,8,per_run_oof
internlm3_8b_instruct__arc_test_00093_ffa047d0__temp0.60__seed7,0.15918791320904685,,8,per_run_oof
internlm3_8b_instruct__arc_test_00093_ffa047d0__temp1.00__seed7,0.21221337084412603,,8,per_run_oof
internlm3_8b_instruct__arc_test_00094_2b05164d__temp0.10__seed7,0.18503380547471115,,8,per_run_oof
internlm3_8b_instruct__arc_test_00094_2b05164d__temp0.60__seed7,0.1845650796575523,,8,per_run_oof
internlm3_8b_instruct__arc_test_00094_2b05164d__temp1.00__seed7,0.2872848502209554,,8,per_run_oof
internlm3_8b_instruct__arc_test_00095_722bf474__temp0.10__seed7,0.17628949069205266,,8,per_run_oof
internlm3_8b_instruct__arc_test_00095_722bf474__temp0.60__seed7,0.16706551133575334,,8,per_run_oof
internlm3_8b_instruct__arc_test_00095_722bf474__temp1.00__seed7,0.19086041681273228,,8,per_run_oof
internlm3_8b_instruct__arc_test_00096_a416b353__temp0.10__seed7,0.19628659175818552,,8,per_run_oof
internlm3_8b_instruct__arc_test_00096_a416b353__temp0.60__seed7,0.25624570702163124,,8,per_run_oof
internlm3_8b_instruct__arc_test_00096_a416b353__temp1.00__seed7,0.260516656498925,,8,per_run_oof
internlm3_8b_instruct__arc_test_00097_d48ca1a8__temp0.10__seed7,0.17088721689000413,,8,per_run_oof
internlm3_8b_instruct__arc_test_00097_d48ca1a8__temp0.60__seed7,0.15144355908306142,,8,per_run_oof
internlm3_8b_instruct__arc_test_00097_d48ca1a8__temp1.00__seed7,0.27149423990145916,0.5625,8,per_run_oof
internlm3_8b_instruct__arc_test_00098_f974ffda__temp0.10__seed7,0.2811106225274313,,8,per_run_oof
internlm3_8b_instruct__arc_test_00098_f974ffda__temp0.60__seed7,0.24458188300579792,,8,per_run_oof
internlm3_8b_instruct__arc_test_00098_f974ffda__temp1.00__seed7,0.2665015981096715,,8,per_run_oof
internlm3_8b_instruct__arc_test_00099_4d9d0c52__temp0.10__seed7,0.15845088627099935,,8,per_run_oof
internlm3_8b_instruct__arc_test_00099_4d9d0c52__temp0.60__seed7,0.16143802114277045,,8,per_run_oof
internlm3_8b_instruct__arc_test_00099_4d9d0c52__temp1.00__seed7,0.2672778199580153,,8,per_run_oof
internlm3_8b_instruct__arc_test_00100_ce179d3c__temp0.10__seed7,0.28911254894697797,,8,per_run_oof
internlm3_8b_instruct__arc_test_00100_ce179d3c__temp0.60__seed7,0.2778188541364126,,8,per_run_oof
internlm3_8b_instruct__arc_test_00100_ce179d3c__temp1.00__seed7,0.2675119090140159,,8,per_run_oof
internlm3_8b_instruct__arc_test_00101_d427e017__temp0.10__seed7,0.23997764928564191,,8,per_run_oof
internlm3_8b_instruct__arc_test_00101_d427e017__temp0.60__seed7,0.25372183236694534,,8,per_run_oof
internlm3_8b_instruct__arc_test_00101_d427e017__temp1.00__seed7,0.15474041697273566,,8,per_run_oof
internlm3_8b_instruct__arc_test_00102_4c432e78__temp0.10__seed7,0.2121127919700007,0.8333333333333334,8,per_run_oof
internlm3_8b_instruct__arc_test_00102_4c432e78__temp0.60__seed7,0.17708427454963294,,8,per_run_oof
internlm3_8b_instruct__arc_test_00102_4c432e78__temp1.00__seed7,0.3278351786035029,0.8333333333333334,8,per_run_oof
internlm3_8b_instruct__arc_test_00103_58df92c7__temp0.10__seed7,0.16267552943997887,,8,per_run_oof
internlm3_8b_instruct__arc_test_00103_58df92c7__temp0.60__seed7,0.12650002697943707,,8,per_run_oof
internlm3_8b_instruct__arc_test_00103_58df92c7__temp1.00__seed7,0.18036040918758187,,8,per_run_oof
internlm3_8b_instruct__arc_test_00104_a0fbbd6b__temp0.10__seed7,0.17811445141392807,,8,per_run_oof
internlm3_8b_instruct__arc_test_00104_a0fbbd6b__temp0.60__seed7,0.09472779077739105,,8,per_run_oof
internlm3_8b_instruct__arc_test_00104_a0fbbd6b__temp1.00__seed7,0.29539392653057783,,8,per_run_oof
internlm3_8b_instruct__arc_test_00105_2d55a679__temp0.10__seed7,0.25852404795024253,,8,per_run_oof
internlm3_8b_instruct__arc_test_00105_2d55a679__temp0.60__seed7,0.3323262465675978,,8,per_run_oof
internlm3_8b_instruct__arc_test_00105_2d55a679__temp1.00__seed7,0.23874119744698089,,8,per_run_oof
internlm3_8b_instruct__arc_test_00106_2a02de88__temp0.10__seed7,0.23179540532621634,,8,per_run_oof
internlm3_8b_instruct__arc_test_00106_2a02de88__temp0.60__seed7,0.2723761433570949,,8,per_run_oof
internlm3_8b_instruct__arc_test_00106_2a02de88__temp1.00__seed7,0.20917639092935172,,8,per_run_oof
internlm3_8b_instruct__arc_test_00107_1ad2fb25__temp0.10__seed7,0.18714723436933434,,8,per_run_oof
internlm3_8b_instruct__arc_test_00107_1ad2fb25__temp0.60__seed7,0.20567446659018782,,8,per_run_oof
internlm3_8b_instruct__arc_test_00107_1ad2fb25__temp1.00__seed7,0.22868461817942323,,8,per_run_oof
internlm3_8b_instruct__arc_test_00108_b35bbe2a__temp0.10__seed7,0.1535409135751967,,8,per_run_oof
internlm3_8b_instruct__arc_test_00108_b35bbe2a__temp0.60__seed7,0.18079681571855763,,8,per_run_oof
internlm3_8b_instruct__arc_test_00108_b35bbe2a__temp1.00__seed7,0.274572129923424,,8,per_run_oof
internlm3_8b_instruct__arc_test_00109_70bcbd08__temp0.10__seed7,0.17743892056031882,,8,per_run_oof
internlm3_8b_instruct__arc_test_00109_70bcbd08__temp0.60__seed7,0.20704121534839756,,8,per_run_oof
internlm3_8b_instruct__arc_test_00109_70bcbd08__temp1.00__seed7,0.31185962357312763,,8,per_run_oof
internlm3_8b_instruct__arc_test_00110_f0d7582a__temp0.10__seed7,0.2556455363367524,,8,per_run_oof
internlm3_8b_instruct__arc_test_00110_f0d7582a__temp0.60__seed7,0.24740533843718215,,8,per_run_oof
internlm3_8b_instruct__arc_test_00110_f0d7582a__temp1.00__seed7,0.2410522387631537,,8,per_run_oof
internlm3_8b_instruct__arc_test_00111_fc89f3f2__temp0.10__seed7,0.21675919576837968,,8,per_run_oof
internlm3_8b_instruct__arc_test_00111_fc89f3f2__temp0.60__seed7,0.16036880651954272,,8,per_run_oof
internlm3_8b_instruct__arc_test_00111_fc89f3f2__temp1.00__seed7,0.3044019276762764,,8,per_run_oof
internlm3_8b_instruct__arc_test_00112_4bcd3ac1__temp0.10__seed7,0.1923297420308044,,8,per_run_oof
internlm3_8b_instruct__arc_test_00112_4bcd3ac1__temp0.60__seed7,0.19553072785951453,,8,per_run_oof
internlm3_8b_instruct__arc_test_00112_4bcd3ac1__temp1.00__seed7,0.18643560392673056,,8,per_run_oof
internlm3_8b_instruct__arc_test_00113_32901c5f__temp0.10__seed7,0.18920271188252924,,8,per_run_oof
internlm3_8b_instruct__arc_test_00113_32901c5f__temp0.60__seed7,0.17006628702462015,,8,per_run_oof
internlm3_8b_instruct__arc_test_00113_32901c5f__temp1.00__seed7,0.2202494229483533,,8,per_run_oof
internlm3_8b_instruct__arc_test_00114_43d0cf66__temp0.10__seed7,0.19507176609834934,,8,per_run_oof
internlm3_8b_instruct__arc_test_00114_43d0cf66__temp0.60__seed7,0.15724309754571517,,8,per_run_oof
internlm3_8b_instruct__arc_test_00114_43d0cf66__temp1.00__seed7,0.22043826705253422,,8,per_run_oof
internlm3_8b_instruct__arc_test_00115_56efbf0d__temp0.10__seed7,0.31373564796261755,,8,per_run_oof
internlm3_8b_instruct__arc_test_00115_56efbf0d__temp0.60__seed7,0.18203666560312237,,8,per_run_oof
internlm3_8b_instruct__arc_test_00115_56efbf0d__temp1.00__seed7,0.30995605635614215,,8,per_run_oof
internlm3_8b_instruct__arc_test_00116_08d3d129__temp0.10__seed7,0.29016994864837214,,8,per_run_oof
internlm3_8b_instruct__arc_test_00116_08d3d129__temp0.60__seed7,0.25875560371444006,,8,per_run_oof
internlm3_8b_instruct__arc_test_00116_08d3d129__temp1.00__seed7,0.231928521874606,,8,per_run_oof
internlm3_8b_instruct__arc_test_00117_da3420e1__temp0.10__seed7,0.182704150098634,,8,per_run_oof
internlm3_8b_instruct__arc_test_00117_da3420e1__temp0.60__seed7,0.12002896571062073,,8,per_run_oof
internlm3_8b_instruct__arc_test_00117_da3420e1__temp1.00__seed7,0.31705937864075784,0.42857142857142855,8,per_run_oof
internlm3_8b_instruct__arc_test_00118_3edfe427__temp0.10__seed7,0.21606576054258603,,8,per_run_oof
internlm3_8b_instruct__arc_test_00118_3edfe427__temp0.60__seed7,0.23646161637956042,,8,per_run_oof
internlm3_8b_instruct__arc_test_00118_3edfe427__temp1.00__seed7,0.19938054438205371,,8,per_run_oof
internlm3_8b_instruct__arc_test_00119_c47d514f__temp0.10__seed7,0.16172768729976972,,8,per_run_oof
internlm3_8b_instruct__arc_test_00119_c47d514f__temp0.60__seed7,0.18748493903094887,,8,per_run_oof
internlm3_8b_instruct__arc_test_00119_c47d514f__temp1.00__seed7,0.2527659228966726,,8,per_run_oof
internlm3_8b_instruct__arc_test_00120_b6152894__temp0.10__seed7,0.16279041049481258,,8,per_run_oof
internlm3_8b_instruct__arc_test_00120_b6152894__temp0.60__seed7,0.2833567259871091,,8,per_run_oof
internlm3_8b_instruct__arc_test_00120_b6152894__temp1.00__seed7,0.21296374380845687,,8,per_run_oof
internlm3_8b_instruct__arc_test_00121_817d2f09__temp0.10__seed7,0.2030522684042672,,8,per_run_oof
internlm3_8b_instruct__arc_test_00121_817d2f09__temp0.60__seed7,0.1813856389448909,,8,per_run_oof
internlm3_8b_instruct__arc_test_00121_817d2f09__temp1.00__seed7,0.21149296961567848,,8,per_run_oof
internlm3_8b_instruct__arc_test_00122_e254ba57__temp0.10__seed7,0.2357901234381289,,8,per_run_oof
internlm3_8b_instruct__arc_test_00122_e254ba57__temp0.60__seed7,0.17162594782762863,,8,per_run_oof
internlm3_8b_instruct__arc_test_00122_e254ba57__temp1.00__seed7,0.2917006429030917,,8,per_run_oof
internlm3_8b_instruct__arc_test_00123_79966ff1__temp0.10__seed7,0.1375951652908477,,8,per_run_oof
internlm3_8b_instruct__arc_test_00123_79966ff1__temp0.60__seed7,0.17143054625144874,,8,per_run_oof
internlm3_8b_instruct__arc_test_00123_79966ff1__temp1.00__seed7,0.22325394451763406,,8,per_run_oof
internlm3_8b_instruct__arc_test_00124_fa94e97d__temp0.10__seed7,0.23017013520888624,,8,per_run_oof
internlm3_8b_instruct__arc_test_00124_fa94e97d__temp0.60__seed7,0.21763387048006932,,8,per_run_oof
internlm3_8b_instruct__arc_test_00124_fa94e97d__temp1.00__seed7,0.21579175538137368,,8,per_run_oof
internlm3_8b_instruct__arc_test_00125_37e8898b__temp0.10__seed7,0.2649601717207568,,8,per_run_oof
internlm3_8b_instruct__arc_test_00125_37e8898b__temp0.60__seed7,0.26302912501485876,,8,per_run_oof
internlm3_8b_instruct__arc_test_00125_37e8898b__temp1.00__seed7,0.2607446519071507,,8,per_run_oof
internlm3_8b_instruct__arc_test_00126_455c64d7__temp0.10__seed7,0.19322706049916477,,8,per_run_oof
internlm3_8b_instruct__arc_test_00126_455c64d7__temp0.60__seed7,0.2005359786011237,,8,per_run_oof
internlm3_8b_instruct__arc_test_00126_455c64d7__temp1.00__seed7,0.2099796620313431,,8,per_run_oof
internlm3_8b_instruct__arc_test_00127_9cf81ecf__temp0.10__seed7,0.2542580777291269,,8,per_run_oof
internlm3_8b_instruct__arc_test_00127_9cf81ecf__temp0.60__seed7,0.2714188601402514,,8,per_run_oof
internlm3_8b_instruct__arc_test_00127_9cf81ecf__temp1.00__seed7,0.2771047773485076,,8,per_run_oof
internlm3_8b_instruct__arc_test_00128_ddc460f2__temp0.10__seed7,0.17021299252840133,,8,per_run_oof
internlm3_8b_instruct__arc_test_00128_ddc460f2__temp0.60__seed7,0.15731159705161557,,8,per_run_oof
internlm3_8b_instruct__arc_test_00128_ddc460f2__temp1.00__seed7,0.18388519837246928,,8,per_run_oof
internlm3_8b_instruct__arc_test_00129_fde0c41b__temp0.10__seed7,0.17395708401953378,,8,per_run_oof
internlm3_8b_instruct__arc_test_00129_fde0c41b__temp0.60__seed7,0.23480205758680137,,8,per_run_oof
internlm3_8b_instruct__arc_test_00129_fde0c41b__temp1.00__seed7,0.2979254237682367,,8,per_run_oof
internlm3_8b_instruct__arc_test_00130_b78a68c2__temp0.10__seed7,0.16425627635938306,,8,per_run_oof
internlm3_8b_instruct__arc_test_00130_b78a68c2__temp0.60__seed7,0.15849047137706263,,8,per_run_oof
internlm3_8b_instruct__arc_test_00130_b78a68c2__temp1.00__seed7,0.2202287896579655,,8,per_run_oof
internlm3_8b_instruct__arc_test_00131_1e04f7f3__temp0.10__seed7,0.24832637678979916,,8,per_run_oof
internlm3_8b_instruct__arc_test_00131_1e04f7f3__temp0.60__seed7,0.16196736131888512,,8,per_run_oof
internlm3_8b_instruct__arc_test_00131_1e04f7f3__temp1.00__seed7,0.286258744190436,,8,per_run_oof
internlm3_8b_instruct__arc_test_00132_3856b48c__temp0.10__seed7,0.19834239588614172,,8,per_run_oof
internlm3_8b_instruct__arc_test_00132_3856b48c__temp0.60__seed7,0.1457643571655287,,8,per_run_oof
internlm3_8b_instruct__arc_test_00132_3856b48c__temp1.00__seed7,0.2190575702726968,,8,per_run_oof
internlm3_8b_instruct__arc_test_00133_fa32a5b7__temp0.10__seed7,0.3750184308172695,,8,per_run_oof
internlm3_8b_instruct__arc_test_00133_fa32a5b7__temp0.60__seed7,0.3276052788756602,,8,per_run_oof
internlm3_8b_instruct__arc_test_00133_fa32a5b7__temp1.00__seed7,0.35635987316881546,,8,per_run_oof
internlm3_8b_instruct__arc_test_00134_19415ae4__temp0.10__seed7,0.19355643155455254,,8,per_run_oof
internlm3_8b_instruct__arc_test_00134_19415ae4__temp0.60__seed7,0.327272241266531,,8,per_run_oof
internlm3_8b_instruct__arc_test_00134_19415ae4__temp1.00__seed7,0.26251422048792855,,8,per_run_oof
internlm3_8b_instruct__arc_test_00135_f4ce879e__temp0.10__seed7,0.2963133533763345,,8,per_run_oof
internlm3_8b_instruct__arc_test_00135_f4ce879e__temp0.60__seed7,0.28414811969956777,,8,per_run_oof
internlm3_8b_instruct__arc_test_00135_f4ce879e__temp1.00__seed7,0.3065660016840699,,8,per_run_oof
internlm3_8b_instruct__arc_test_00136_35b5670f__temp0.10__seed7,0.25097177614180555,,8,per_run_oof
internlm3_8b_instruct__arc_test_00136_35b5670f__temp0.60__seed7,0.2375879616834366,,8,per_run_oof
internlm3_8b_instruct__arc_test_00136_35b5670f__temp1.00__seed7,0.3231010939411093,0.8571428571428571,8,per_run_oof
internlm3_8b_instruct__arc_test_00137_308a8747__temp0.10__seed7,0.3242885050325541,,8,per_run_oof
internlm3_8b_instruct__arc_test_00137_308a8747__temp0.60__seed7,0.2826801282039383,,8,per_run_oof
internlm3_8b_instruct__arc_test_00137_308a8747__temp1.00__seed7,0.2696002771713961,,8,per_run_oof
internlm3_8b_instruct__arc_test_00138_7b80c598__temp0.10__seed7,0.16827156432165674,,8,per_run_oof
internlm3_8b_instruct__arc_test_00138_7b80c598__temp0.60__seed7,0.16829013561831033,,8,per_run_oof
internlm3_8b_instruct__arc_test_00138_7b80c598__temp1.00__seed7,0.21286162238188772,,8,per_run_oof
internlm3_8b_instruct__arc_test_00139_889893b5__temp0.10__seed7,0.12019171489443739,,8,per_run_oof
internlm3_8b_instruct__arc_test_00139_889893b5__temp0.60__seed7,0.1660937036036541,,8,per_run_oof
internlm3_8b_instruct__arc_test_00139_889893b5__temp1.00__seed7,0.2199935970247957,,8,per_run_oof
internlm3_8b_instruct__arc_test_00140_af156b8d__temp0.10__seed7,0.29818874728363765,,8,per_run_oof
internlm3_8b_instruct__arc_test_00140_af156b8d__temp0.60__seed7,0.26780711591032685,,8,per_run_oof
internlm3_8b_instruct__arc_test_00140_af156b8d__temp1.00__seed7,0.3562792126434208,,8,per_run_oof
internlm3_8b_instruct__arc_test_00141_38c02509__temp0.10__seed7,0.37559483510997493,0.7142857142857143,8,per_run_oof
internlm3_8b_instruct__arc_test_00141_38c02509__temp0.60__seed7,0.21091637779734845,,8,per_run_oof
internlm3_8b_instruct__arc_test_00141_38c02509__temp1.00__seed7,0.32554946107678245,0.9166666666666667,8,per_run_oof
internlm3_8b_instruct__arc_test_00142_8f55df16__temp0.10__seed7,0.21706411835954037,,8,per_run_oof
internlm3_8b_instruct__arc_test_00142_8f55df16__temp0.60__seed7,0.3032554602401576,,8,per_run_oof
internlm3_8b_instruct__arc_test_00142_8f55df16__temp1.00__seed7,0.20202956879594675,,8,per_run_oof
internlm3_8b_instruct__arc_test_00143_f01860a1__temp0.10__seed7,0.16128027332301326,,8,per_run_oof
internlm3_8b_instruct__arc_test_00143_f01860a1__temp0.60__seed7,0.25317602848232806,,8,per_run_oof
internlm3_8b_instruct__arc_test_00143_f01860a1__temp1.00__seed7,0.25084489329097703,,8,per_run_oof
internlm3_8b_instruct__arc_test_00144_27670959__temp0.10__seed7,0.2682780862668552,,8,per_run_oof
internlm3_8b_instruct__arc_test_00144_27670959__temp0.60__seed7,0.3112307437091513,,8,per_run_oof
internlm3_8b_instruct__arc_test_00144_27670959__temp1.00__seed7,0.24682282323607646,,8,per_run_oof
internlm3_8b_instruct__arc_test_00145_75096f81__temp0.10__seed7,0.13345465652313282,,8,per_run_oof
internlm3_8b_instruct__arc_test_00145_75096f81__temp0.60__seed7,0.27000200080750825,,8,per_run_oof
internlm3_8b_instruct__arc_test_00145_75096f81__temp1.00__seed7,0.2398806899490481,,8,per_run_oof
internlm3_8b_instruct__arc_test_00146_2b88c50d__temp0.10__seed7,0.1272632820438723,,8,per_run_oof
internlm3_8b_instruct__arc_test_00146_2b88c50d__temp0.60__seed7,0.15545641785596565,,8,per_run_oof
internlm3_8b_instruct__arc_test_00146_2b88c50d__temp1.00__seed7,0.17953136301344444,,8,per_run_oof
internlm3_8b_instruct__arc_test_00147_e6a31c8f__temp0.10__seed7,0.3292613521381931,,8,per_run_oof
internlm3_8b_instruct__arc_test_00147_e6a31c8f__temp0.60__seed7,0.20969663141944142,,8,per_run_oof
internlm3_8b_instruct__arc_test_00147_e6a31c8f__temp1.00__seed7,0.21131355227291476,,8,per_run_oof
internlm3_8b_instruct__arc_test_00148_58c7396e__temp0.10__seed7,0.2182232146283048,,8,per_run_oof
internlm3_8b_instruct__arc_test_00148_58c7396e__temp0.60__seed7,0.23434785780198703,,8,per_run_oof
internlm3_8b_instruct__arc_test_00148_58c7396e__temp1.00__seed7,0.3181069702149751,,8,per_run_oof
internlm3_8b_instruct__arc_test_00149_8c977ff0__temp0.10__seed7,0.1900666068336618,,8,per_run_oof
internlm3_8b_instruct__arc_test_00149_8c977ff0__temp0.60__seed7,0.1715308046707078,,8,per_run_oof
internlm3_8b_instruct__arc_test_00149_8c977ff0__temp1.00__seed7,0.2519272793300317,,8,per_run_oof
internlm3_8b_instruct__arc_test_00150_9a244739__temp0.10__seed7,0.20119921746411376,,8,per_run_oof
internlm3_8b_instruct__arc_test_00150_9a244739__temp0.60__seed7,0.20898052546980245,,8,per_run_oof
internlm3_8b_instruct__arc_test_00150_9a244739__temp1.00__seed7,0.22619199860492525,,8,per_run_oof
internlm3_8b_instruct__arc_test_00151_80fd0076__temp0.10__seed7,0.29306041446204545,,8,per_run_oof
internlm3_8b_instruct__arc_test_00151_80fd0076__temp0.60__seed7,0.22716315909071477,,8,per_run_oof
internlm3_8b_instruct__arc_test_00151_80fd0076__temp1.00__seed7,0.29520373280551077,0.8333333333333334,8,per_run_oof
internlm3_8b_instruct__arc_test_00152_5e9217b5__temp0.10__seed7,0.22338523976924174,,8,per_run_oof
internlm3_8b_instruct__arc_test_00152_5e9217b5__temp0.60__seed7,0.25551854830671206,,8,per_run_oof
internlm3_8b_instruct__arc_test_00152_5e9217b5__temp1.00__seed7,0.2948311396326302,,8,per_run_oof
internlm3_8b_instruct__arc_test_00153_2d4afb75__temp0.10__seed7,0.2220211111146792,,8,per_run_oof
internlm3_8b_instruct__arc_test_00153_2d4afb75__temp0.60__seed7,0.2774427741066942,,8,per_run_oof
internlm3_8b_instruct__arc_test_00153_2d4afb75__temp1.00__seed7,0.39144837749245354,,8,per_run_oof
internlm3_8b_instruct__arc_test_00154_224d0261__temp0.10__seed7,0.25068170370230347,,8,per_run_oof
internlm3_8b_instruct__arc_test_00154_224d0261__temp0.60__seed7,0.2926467102187774,,8,per_run_oof
internlm3_8b_instruct__arc_test_00154_224d0261__temp1.00__seed7,0.29755561883275317,,8,per_run_oof
internlm3_8b_instruct__arc_test_00155_ca1b941c__temp0.10__seed7,0.15137163466121195,,8,per_run_oof
internlm3_8b_instruct__arc_test_00155_ca1b941c__temp0.60__seed7,0.19288644450422548,,8,per_run_oof
internlm3_8b_instruct__arc_test_00155_ca1b941c__temp1.00__seed7,0.21420380598596972,,8,per_run_oof
internlm3_8b_instruct__arc_test_00156_ee094300__temp0.10__seed7,0.18354139531143124,,8,per_run_oof
internlm3_8b_instruct__arc_test_00156_ee094300__temp0.60__seed7,0.200581095922254,,8,per_run_oof
internlm3_8b_instruct__arc_test_00156_ee094300__temp1.00__seed7,0.2834237565590806,,8,per_run_oof
internlm3_8b_instruct__arc_test_00157_f89a1068__temp0.10__seed7,0.22296060243826243,,8,per_run_oof
internlm3_8b_instruct__arc_test_00157_f89a1068__temp0.60__seed7,0.17035522800837183,,8,per_run_oof
internlm3_8b_instruct__arc_test_00157_f89a1068__temp1.00__seed7,0.15162542537482498,,8,per_run_oof
internlm3_8b_instruct__arc_test_00158_ec72f274__temp0.10__seed7,0.2740854364960253,,8,per_run_oof
internlm3_8b_instruct__arc_test_00158_ec72f274__temp0.60__seed7,0.2297538287181271,,8,per_run_oof
internlm3_8b_instruct__arc_test_00158_ec72f274__temp1.00__seed7,0.2803263872335681,,8,per_run_oof
internlm3_8b_instruct__arc_test_00159_33a9d07e__temp0.10__seed7,0.19305534375853764,,8,per_run_oof
internlm3_8b_instruct__arc_test_00159_33a9d07e__temp0.60__seed7,0.186122798347645,,8,per_run_oof
internlm3_8b_instruct__arc_test_00159_33a9d07e__temp1.00__seed7,0.25536487967632004,,8,per_run_oof
internlm3_8b_instruct__arc_test_00160_c1c6d9ce__temp0.10__seed7,0.21528077651382352,,8,per_run_oof
internlm3_8b_instruct__arc_test_00160_c1c6d9ce__temp0.60__seed7,0.20205987783563206,0.1428571428571429,8,per_run_oof
internlm3_8b_instruct__arc_test_00160_c1c6d9ce__temp1.00__seed7,0.26409788520093214,0.1428571428571429,8,per_run_oof
internlm3_8b_instruct__arc_test_00161_7109ff3c__temp0.10__seed7,0.4097845148571232,,8,per_run_oof
internlm3_8b_instruct__arc_test_00161_7109ff3c__temp0.60__seed7,0.2375919025276759,,8,per_run_oof
internlm3_8b_instruct__arc_test_00161_7109ff3c__temp1.00__seed7,0.345415988468618,,8,per_run_oof
internlm3_8b_instruct__arc_test_00162_ac76e6c7__temp0.10__seed7,0.20403666149024685,,8,per_run_oof
internlm3_8b_instruct__arc_test_00162_ac76e6c7__temp0.60__seed7,0.19434765992930955,,8,per_run_oof
internlm3_8b_instruct__arc_test_00162_ac76e6c7__temp1.00__seed7,0.24266557547747347,,8,per_run_oof
internlm3_8b_instruct__arc_test_00163_a8dc8e64__temp0.10__seed7,0.25165618058099504,,8,per_run_oof
internlm3_8b_instruct__arc_test_00163_a8dc8e64__temp0.60__seed7,0.326128060502555,,8,per_run_oof
internlm3_8b_instruct__arc_test_00163_a8dc8e64__temp1.00__seed7,0.2527789240039236,,8,per_run_oof
internlm3_8b_instruct__arc_test_00164_c6cd4e9d__temp0.10__seed7,0.2919164434974547,,8,per_run_oof
internlm3_8b_instruct__arc_test_00164_c6cd4e9d__temp0.60__seed7,0.2774918643189191,,8,per_run_oof
internlm3_8b_instruct__arc_test_00164_c6cd4e9d__temp1.00__seed7,0.2552131395024659,,8,per_run_oof
internlm3_8b_instruct__arc_test_00165_5ab82acf__temp0.10__seed7,0.22523307179863053,,8,per_run_oof
internlm3_8b_instruct__arc_test_00165_5ab82acf__temp0.60__seed7,0.21627158672913382,,8,per_run_oof
internlm3_8b_instruct__arc_test_00165_5ab82acf__temp1.00__seed7,0.2185728881632698,,8,per_run_oof
internlm3_8b_instruct__arc_test_00166_ef208ee6__temp0.10__seed7,0.4093980169195518,,8,per_run_oof
internlm3_8b_instruct__arc_test_00166_ef208ee6__temp0.60__seed7,0.25837801192056803,,8,per_run_oof
internlm3_8b_instruct__arc_test_00166_ef208ee6__temp1.00__seed7,0.3268428450478805,,8,per_run_oof
internlm3_8b_instruct__arc_test_00167_35cdcebc__temp0.10__seed7,0.1363499397190899,,8,per_run_oof
internlm3_8b_instruct__arc_test_00167_35cdcebc__temp0.60__seed7,0.17563000629551853,,8,per_run_oof
internlm3_8b_instruct__arc_test_00167_35cdcebc__temp1.00__seed7,0.2263557959165855,1.0,8,per_run_oof
internlm3_8b_instruct__arc_test_00168_b255fa40__temp0.10__seed7,0.26446116333840386,,8,per_run_oof
internlm3_8b_instruct__arc_test_00168_b255fa40__temp0.60__seed7,0.19508128626547988,,8,per_run_oof
internlm3_8b_instruct__arc_test_00168_b255fa40__temp1.00__seed7,0.22251731114157575,,8,per_run_oof
internlm3_8b_instruct__arc_test_00169_a1607bcb__temp0.10__seed7,0.1933303506283654,,8,per_run_oof
internlm3_8b_instruct__arc_test_00169_a1607bcb__temp0.60__seed7,0.19986019929349355,,8,per_run_oof
internlm3_8b_instruct__arc_test_00169_a1607bcb__temp1.00__seed7,0.2215833403785331,,8,per_run_oof
internlm3_8b_instruct__arc_test_00170_f44cfa7e__temp0.10__seed7,0.2469597337292715,,8,per_run_oof
internlm3_8b_instruct__arc_test_00170_f44cfa7e__temp0.60__seed7,0.20157322960758986,,8,per_run_oof
internlm3_8b_instruct__arc_test_00170_f44cfa7e__temp1.00__seed7,0.2925312511345351,,8,per_run_oof
internlm3_8b_instruct__arc_test_00171_612c4710__temp0.10__seed7,0.23055108715237405,,8,per_run_oof
internlm3_8b_instruct__arc_test_00171_612c4710__temp0.60__seed7,0.25000505328870737,,8,per_run_oof
internlm3_8b_instruct__arc_test_00171_612c4710__temp1.00__seed7,0.24438292564857972,,8,per_run_oof
internlm3_8b_instruct__arc_test_00172_c90d6043__temp0.10__seed7,0.39998136558698594,,8,per_run_oof
internlm3_8b_instruct__arc_test_00172_c90d6043__temp0.60__seed7,0.3809012079615318,,8,per_run_oof
internlm3_8b_instruct__arc_test_00172_c90d6043__temp1.00__seed7,0.17386407623030203,,8,per_run_oof
internlm3_8b_instruct__arc_test_00173_627098d1__temp0.10__seed7,0.18220770099122385,,8,per_run_oof
internlm3_8b_instruct__arc_test_00173_627098d1__temp0.60__seed7,0.1556483927631159,,8,per_run_oof
internlm3_8b_instruct__arc_test_00173_627098d1__temp1.00__seed7,0.16369961619284218,,8,per_run_oof
internlm3_8b_instruct__arc_test_00174_5f5df804__temp0.10__seed7,0.13938540354524986,,8,per_run_oof
internlm3_8b_instruct__arc_test_00174_5f5df804__temp0.60__seed7,0.15960067468975359,,8,per_run_oof
internlm3_8b_instruct__arc_test_00174_5f5df804__temp1.00__seed7,0.2396882546241641,,8,per_run_oof
internlm3_8b_instruct__arc_test_00175_eb8d450c__temp0.10__seed7,0.3641637229049086,,8,per_run_oof
internlm3_8b_instruct__arc_test_00175_eb8d450c__temp0.60__seed7,0.24388161686869345,,8,per_run_oof
internlm3_8b_instruct__arc_test_00175_eb8d450c__temp1.00__seed7,0.32631228349002306,,8,per_run_oof
internlm3_8b_instruct__arc_test_00176_9044ff73__temp0.10__seed7,0.21699339293331665,,8,per_run_oof
internlm3_8b_instruct__arc_test_00176_9044ff73__temp0.60__seed7,0.18691995836480355,,8,per_run_oof
internlm3_8b_instruct__arc_test_00176_9044ff73__temp1.00__seed7,0.2578124108903449,,8,per_run_oof
internlm3_8b_instruct__arc_test_00177_ecdb4f07__temp0.10__seed7,0.1896605357804117,,8,per_run_oof
internlm3_8b_instruct__arc_test_00177_ecdb4f07__temp0.60__seed7,0.1608123085682229,,8,per_run_oof
internlm3_8b_instruct__arc_test_00177_ecdb4f07__temp1.00__seed7,0.1864796441153215,,8,per_run_oof
internlm3_8b_instruct__arc_test_00178_b35de25d__temp0.10__seed7,0.17645147570169567,,8,per_run_oof
internlm3_8b_instruct__arc_test_00178_b35de25d__temp0.60__seed7,0.15102408346712626,,8,per_run_oof
internlm3_8b_instruct__arc_test_00178_b35de25d__temp1.00__seed7,0.17830046179015752,,8,per_run_oof
internlm3_8b_instruct__arc_test_00179_9aae52b3__temp0.10__seed7,0.2055917683686244,,8,per_run_oof
internlm3_8b_instruct__arc_test_00179_9aae52b3__temp0.60__seed7,0.2506648505663053,,8,per_run_oof
internlm3_8b_instruct__arc_test_00179_9aae52b3__temp1.00__seed7,0.21424129028109848,,8,per_run_oof
internlm3_8b_instruct__arc_test_00180_5b3b7513__temp0.10__seed7,0.20415028160050158,,8,per_run_oof
internlm3_8b_instruct__arc_test_00180_5b3b7513__temp0.60__seed7,0.2334216993967065,,8,per_run_oof
internlm3_8b_instruct__arc_test_00180_5b3b7513__temp1.00__seed7,0.24041895635412533,,8,per_run_oof
internlm3_8b_instruct__arc_test_00181_676f95f8__temp0.10__seed7,0.46116022260036016,,8,per_run_oof
internlm3_8b_instruct__arc_test_00181_676f95f8__temp0.60__seed7,0.41559004439662717,,8,per_run_oof
internlm3_8b_instruct__arc_test_00181_676f95f8__temp1.00__seed7,0.4102021231710674,,8,per_run_oof
internlm3_8b_instruct__arc_test_00182_8e34a240__temp0.10__seed7,0.12050981278656288,,8,per_run_oof
internlm3_8b_instruct__arc_test_00182_8e34a240__temp0.60__seed7,0.33340922520394756,,8,per_run_oof
internlm3_8b_instruct__arc_test_00182_8e34a240__temp1.00__seed7,0.226679804967216,0.1428571428571429,8,per_run_oof
internlm3_8b_instruct__arc_test_00183_bde98ede__temp0.10__seed7,0.17310060585147252,,8,per_run_oof
internlm3_8b_instruct__arc_test_00183_bde98ede__temp0.60__seed7,0.17326839920747245,,8,per_run_oof
internlm3_8b_instruct__arc_test_00183_bde98ede__temp1.00__seed7,0.24137397518863635,,8,per_run_oof
internlm3_8b_instruct__arc_test_00184_6aa6fe3b__temp0.10__seed7,0.18205237600219093,,8,per_run_oof
internlm3_8b_instruct__arc_test_00184_6aa6fe3b__temp0.60__seed7,0.18934247686823164,,8,per_run_oof
internlm3_8b_instruct__arc_test_00184_6aa6fe3b__temp1.00__seed7,0.21118685486176003,,8,per_run_oof
internlm3_8b_instruct__arc_test_00185_3532a91b__temp0.10__seed7,0.19184460062253272,,8,per_run_oof
internlm3_8b_instruct__arc_test_00185_3532a91b__temp0.60__seed7,0.2044399309886249,,8,per_run_oof
internlm3_8b_instruct__arc_test_00185_3532a91b__temp1.00__seed7,0.2669621339105492,,8,per_run_oof
internlm3_8b_instruct__arc_test_00186_b155986b__temp0.10__seed7,0.2672831632408587,,8,per_run_oof
internlm3_8b_instruct__arc_test_00186_b155986b__temp0.60__seed7,0.26050423289260655,,8,per_run_oof
internlm3_8b_instruct__arc_test_00186_b155986b__temp1.00__seed7,0.27106868002428003,,8,per_run_oof
internlm3_8b_instruct__arc_test_00187_8b14d075__temp0.10__seed7,0.23156675386478964,,8,per_run_oof
internlm3_8b_instruct__arc_test_00187_8b14d075__temp0.60__seed7,0.2782473544529717,,8,per_run_oof
internlm3_8b_instruct__arc_test_00187_8b14d075__temp1.00__seed7,0.22080372531923173,,8,per_run_oof
internlm3_8b_instruct__arc_test_00188_cba61eb1__temp0.10__seed7,0.20284835793962086,,8,per_run_oof
internlm3_8b_instruct__arc_test_00188_cba61eb1__temp0.60__seed7,0.1576226449063902,,8,per_run_oof
internlm3_8b_instruct__arc_test_00188_cba61eb1__temp1.00__seed7,0.16963729747768358,,8,per_run_oof
internlm3_8b_instruct__arc_test_00189_40e3fa22__temp0.10__seed7,0.18681838872492432,,8,per_run_oof
internlm3_8b_instruct__arc_test_00189_40e3fa22__temp0.60__seed7,0.13801497881939348,,8,per_run_oof
internlm3_8b_instruct__arc_test_00189_40e3fa22__temp1.00__seed7,0.1671937515995105,,8,per_run_oof
internlm3_8b_instruct__arc_test_00190_7dd0fb1b__temp0.10__seed7,0.1592672308932203,,8,per_run_oof
internlm3_8b_instruct__arc_test_00190_7dd0fb1b__temp0.60__seed7,0.17754463777148807,,8,per_run_oof
internlm3_8b_instruct__arc_test_00190_7dd0fb1b__temp1.00__seed7,0.22968602248076853,,8,per_run_oof
internlm3_8b_instruct__arc_test_00191_ff19377e__temp0.10__seed7,0.23640863423082834,,8,per_run_oof
internlm3_8b_instruct__arc_test_00191_ff19377e__temp0.60__seed7,0.3048919564910874,,8,per_run_oof
internlm3_8b_instruct__arc_test_00191_ff19377e__temp1.00__seed7,0.16876271658214614,,8,per_run_oof
internlm3_8b_instruct__arc_test_00192_07e59469__temp0.10__seed7,0.2598673684037422,,8,per_run_oof
internlm3_8b_instruct__arc_test_00192_07e59469__temp0.60__seed7,0.2742889398605487,1.0,8,per_run_oof
internlm3_8b_instruct__arc_test_00192_07e59469__temp1.00__seed7,0.1901634881705499,,8,per_run_oof
internlm3_8b_instruct__arc_test_00193_4793d226__temp0.10__seed7,0.2530611883496451,,8,per_run_oof
internlm3_8b_instruct__arc_test_00193_4793d226__temp0.60__seed7,0.2106003863764292,,8,per_run_oof
internlm3_8b_instruct__arc_test_00193_4793d226__temp1.00__seed7,0.25266828665665986,,8,per_run_oof
internlm3_8b_instruct__arc_test_00194_538d24a9__temp0.10__seed7,0.18203040666478004,,8,per_run_oof
internlm3_8b_instruct__arc_test_00194_538d24a9__temp0.60__seed7,0.25437636108312917,,8,per_run_oof
internlm3_8b_instruct__arc_test_00194_538d24a9__temp1.00__seed7,0.21098326971818254,,8,per_run_oof
internlm3_8b_instruct__arc_test_00195_21dd34ee__temp0.10__seed7,0.19865908873673985,,8,per_run_oof
internlm3_8b_instruct__arc_test_00195_21dd34ee__temp0.60__seed7,0.20741288177428932,,8,per_run_oof
internlm3_8b_instruct__arc_test_00195_21dd34ee__temp1.00__seed7,0.2076973426064478,,8,per_run_oof
internlm3_8b_instruct__arc_test_00196_6dcd8a63__temp0.10__seed7,0.21704140683191872,,8,per_run_oof
internlm3_8b_instruct__arc_test_00196_6dcd8a63__temp0.60__seed7,0.20920495376467313,,8,per_run_oof
internlm3_8b_instruct__arc_test_00196_6dcd8a63__temp1.00__seed7,0.2777128730949069,,8,per_run_oof
internlm3_8b_instruct__arc_test_00197_69e8335d__temp0.10__seed7,0.3765583506133704,,8,per_run_oof
internlm3_8b_instruct__arc_test_00197_69e8335d__temp0.60__seed7,0.2562512933031492,,8,per_run_oof
internlm3_8b_instruct__arc_test_00197_69e8335d__temp1.00__seed7,0.31234569731461814,,8,per_run_oof
internlm3_8b_instruct__arc_test_00198_f407d662__temp0.10__seed7,0.24658966298420976,,8,per_run_oof
internlm3_8b_instruct__arc_test_00198_f407d662__temp0.60__seed7,0.391149876401298,,8,per_run_oof
internlm3_8b_instruct__arc_test_00198_f407d662__temp1.00__seed7,0.1746331874660963,,8,per_run_oof
internlm3_8b_instruct__arc_test_00199_989978c5__temp0.10__seed7,0.26306606321237,,8,per_run_oof
internlm3_8b_instruct__arc_test_00199_989978c5__temp0.60__seed7,0.24153302749708222,,8,per_run_oof
internlm3_8b_instruct__arc_test_00199_989978c5__temp1.00__seed7,0.20473613755104636,,8,per_run_oof
internlm3_8b_instruct__arc_test_00200_baff531a__temp0.10__seed7,0.40404324208837616,,8,per_run_oof
internlm3_8b_instruct__arc_test_00200_baff531a__temp0.60__seed7,0.27308726831076113,,8,per_run_oof
internlm3_8b_instruct__arc_test_00200_baff531a__temp1.00__seed7,0.2856189983952469,,8,per_run_oof
internlm3_8b_instruct__arc_test_00201_ee325462__temp0.10__seed7,0.2290256307603828,,8,per_run_oof
internlm3_8b_instruct__arc_test_00201_ee325462__temp0.60__seed7,0.2328517083266411,,8,per_run_oof
internlm3_8b_instruct__arc_test_00201_ee325462__temp1.00__seed7,0.25303886330549336,,8,per_run_oof
internlm3_8b_instruct__arc_test_00202_46459f16__temp0.10__seed7,0.2238872171862395,,8,per_run_oof
internlm3_8b_instruct__arc_test_00202_46459f16__temp0.60__seed7,0.29673119467078246,,8,per_run_oof
internlm3_8b_instruct__arc_test_00202_46459f16__temp1.00__seed7,0.19617511511319002,,8,per_run_oof
internlm3_8b_instruct__arc_test_00203_0b706945__temp0.10__seed7,0.16263321684801313,,8,per_run_oof
internlm3_8b_instruct__arc_test_00203_0b706945__temp0.60__seed7,0.157058303663558,,8,per_run_oof
internlm3_8b_instruct__arc_test_00203_0b706945__temp1.00__seed7,0.15030080881185065,,8,per_run_oof
internlm3_8b_instruct__arc_test_00204_71e57156__temp0.10__seed7,0.2402748560026829,,8,per_run_oof
internlm3_8b_instruct__arc_test_00204_71e57156__temp0.60__seed7,0.14308534158633873,,8,per_run_oof
internlm3_8b_instruct__arc_test_00204_71e57156__temp1.00__seed7,0.23520990421343718,,8,per_run_oof
internlm3_8b_instruct__arc_test_00205_79bd34ae__temp0.10__seed7,0.11531452497081879,,8,per_run_oof
internlm3_8b_instruct__arc_test_00205_79bd34ae__temp0.60__seed7,0.13325026993938882,,8,per_run_oof
internlm3_8b_instruct__arc_test_00205_79bd34ae__temp1.00__seed7,0.18306669432243228,,8,per_run_oof
internlm3_8b_instruct__arc_test_00206_9aa565bd__temp0.10__seed7,0.3023914844551642,,8,per_run_oof
internlm3_8b_instruct__arc_test_00206_9aa565bd__temp0.60__seed7,0.2672584570373348,,8,per_run_oof
internlm3_8b_instruct__arc_test_00206_9aa565bd__temp1.00__seed7,0.29122344471753403,,8,per_run_oof
internlm3_8b_instruct__arc_test_00207_426a6b0b__temp0.10__seed7,0.24353159068686414,,8,per_run_oof
internlm3_8b_instruct__arc_test_00207_426a6b0b__temp0.60__seed7,0.19636805230415455,,8,per_run_oof
internlm3_8b_instruct__arc_test_00207_426a6b0b__temp1.00__seed7,0.31639365978080203,,8,per_run_oof
internlm3_8b_instruct__arc_test_00208_e7e8e33f__temp0.10__seed7,0.16496000150891293,,8,per_run_oof
internlm3_8b_instruct__arc_test_00208_e7e8e33f__temp0.60__seed7,0.2088861890161304,,8,per_run_oof
internlm3_8b_instruct__arc_test_00208_e7e8e33f__temp1.00__seed7,0.1888182200504228,,8,per_run_oof
internlm3_8b_instruct__arc_test_00209_0c33d577__temp0.10__seed7,0.2974212647264246,,8,per_run_oof
internlm3_8b_instruct__arc_test_00209_0c33d577__temp0.60__seed7,0.25640649448879826,,8,per_run_oof
internlm3_8b_instruct__arc_test_00209_0c33d577__temp1.00__seed7,0.3546731232656143,,8,per_run_oof
internlm3_8b_instruct__arc_test_00210_3822e3fd__temp0.10__seed7,0.37188848256487617,,8,per_run_oof
internlm3_8b_instruct__arc_test_00210_3822e3fd__temp0.60__seed7,0.49460332241713967,1.0,8,per_run_oof
internlm3_8b_instruct__arc_test_00210_3822e3fd__temp1.00__seed7,0.44908758549407696,,8,per_run_oof
internlm3_8b_instruct__arc_test_00211_313873fb__temp0.10__seed7,0.16760994533444717,,8,per_run_oof
internlm3_8b_instruct__arc_test_00211_313873fb__temp0.60__seed7,0.24188979932423627,,8,per_run_oof
internlm3_8b_instruct__arc_test_00211_313873fb__temp1.00__seed7,0.2586926370994611,,8,per_run_oof
internlm3_8b_instruct__arc_test_00212_d175ae79__temp0.10__seed7,0.2273024353989352,,8,per_run_oof
internlm3_8b_instruct__arc_test_00212_d175ae79__temp0.60__seed7,0.2436920085781341,,8,per_run_oof
internlm3_8b_instruct__arc_test_00212_d175ae79__temp1.00__seed7,0.2344634099805606,0.5,8,per_run_oof
internlm3_8b_instruct__arc_test_00213_5e4158c2__temp0.10__seed7,0.20145915324958114,,8,per_run_oof
internlm3_8b_instruct__arc_test_00213_5e4158c2__temp0.60__seed7,0.21192182573953502,,8,per_run_oof
internlm3_8b_instruct__arc_test_00213_5e4158c2__temp1.00__seed7,0.2719954024966078,,8,per_run_oof
internlm3_8b_instruct__arc_test_00214_209b3efe__temp0.10__seed7,0.3321754513432483,0.6666666666666667,8,per_run_oof
internlm3_8b_instruct__arc_test_00214_209b3efe__temp0.60__seed7,0.35895130827933885,0.0,8,per_run_oof
internlm3_8b_instruct__arc_test_00214_209b3efe__temp1.00__seed7,0.35479939397929505,0.0,8,per_run_oof
internlm3_8b_instruct__arc_test_00215_be1ebc8b__temp0.10__seed7,0.23364127662732453,,8,per_run_oof
internlm3_8b_instruct__arc_test_00215_be1ebc8b__temp0.60__seed7,0.17625881969779622,,8,per_run_oof
internlm3_8b_instruct__arc_test_00215_be1ebc8b__temp1.00__seed7,0.3792778776108661,,8,per_run_oof
internlm3_8b_instruct__arc_test_00216_ab4703bf__temp0.10__seed7,0.252484853696894,,8,per_run_oof
internlm3_8b_instruct__arc_test_00216_ab4703bf__temp0.60__seed7,0.2587733407494344,,8,per_run_oof
internlm3_8b_instruct__arc_test_00216_ab4703bf__temp1.00__seed7,0.22174011614346079,,8,per_run_oof
internlm3_8b_instruct__arc_test_00217_bf4df470__temp0.10__seed7,0.18009501522670618,,8,per_run_oof
internlm3_8b_instruct__arc_test_00217_bf4df470__temp0.60__seed7,0.14652770469537052,,8,per_run_oof
internlm3_8b_instruct__arc_test_00217_bf4df470__temp1.00__seed7,0.20259413680760402,,8,per_run_oof
internlm3_8b_instruct__arc_test_00218_46fcf61c__temp0.10__seed7,0.12388430216394039,,8,per_run_oof
internlm3_8b_instruct__arc_test_00218_46fcf61c__temp0.60__seed7,0.16968572785222227,,8,per_run_oof
internlm3_8b_instruct__arc_test_00218_46fcf61c__temp1.00__seed7,0.2231961204112942,,8,per_run_oof
internlm3_8b_instruct__arc_test_00219_c870c797__temp0.10__seed7,0.1827466940436654,,8,per_run_oof
internlm3_8b_instruct__arc_test_00219_c870c797__temp0.60__seed7,0.1958411913719892,,8,per_run_oof
internlm3_8b_instruct__arc_test_00219_c870c797__temp1.00__seed7,0.2588725284242825,,8,per_run_oof
internlm3_8b_instruct__arc_test_00220_097cf44e__temp0.10__seed7,0.20218961205049782,,8,per_run_oof
internlm3_8b_instruct__arc_test_00220_097cf44e__temp0.60__seed7,0.15581492531640018,,8,per_run_oof
internlm3_8b_instruct__arc_test_00220_097cf44e__temp1.00__seed7,0.2980305026463589,,8,per_run_oof
internlm3_8b_instruct__arc_test_00221_5bd5f5b6__temp0.10__seed7,0.20171722353090374,,8,per_run_oof
internlm3_8b_instruct__arc_test_00221_5bd5f5b6__temp0.60__seed7,0.1562151879024563,,8,per_run_oof
internlm3_8b_instruct__arc_test_00221_5bd5f5b6__temp1.00__seed7,0.20406286982458466,,8,per_run_oof
internlm3_8b_instruct__arc_test_00222_a684f4f8__temp0.10__seed7,0.19327771408517264,,8,per_run_oof
internlm3_8b_instruct__arc_test_00222_a684f4f8__temp0.60__seed7,0.2926448745636442,0.8571428571428571,8,per_run_oof
internlm3_8b_instruct__arc_test_00222_a684f4f8__temp1.00__seed7,0.2812528417748213,,8,per_run_oof
internlm3_8b_instruct__arc_test_00223_6e7d642d__temp0.10__seed7,0.17786519737428788,,8,per_run_oof
internlm3_8b_instruct__arc_test_00223_6e7d642d__temp0.60__seed7,0.16139843533679565,,8,per_run_oof
internlm3_8b_instruct__arc_test_00223_6e7d642d__temp1.00__seed7,0.30615867915548595,,8,per_run_oof
internlm3_8b_instruct__arc_test_00224_582d24d6__temp0.10__seed7,0.16503465995865604,,8,per_run_oof
internlm3_8b_instruct__arc_test_00224_582d24d6__temp0.60__seed7,0.4801163605067904,,8,per_run_oof
internlm3_8b_instruct__arc_test_00224_582d24d6__temp1.00__seed7,0.3027576216341465,0.1428571428571429,8,per_run_oof
internlm3_8b_instruct__arc_test_00225_da3fac34__temp0.10__seed7,0.2652482601185445,,8,per_run_oof
internlm3_8b_instruct__arc_test_00225_da3fac34__temp0.60__seed7,0.19410348958040255,,8,per_run_oof
internlm3_8b_instruct__arc_test_00225_da3fac34__temp1.00__seed7,0.22450817476025786,,8,per_run_oof
internlm3_8b_instruct__arc_test_00226_73745ecc__temp0.10__seed7,0.19737037831178522,,8,per_run_oof
internlm3_8b_instruct__arc_test_00226_73745ecc__temp0.60__seed7,0.11508442114488428,,8,per_run_oof
internlm3_8b_instruct__arc_test_00226_73745ecc__temp1.00__seed7,0.20582538186609406,,8,per_run_oof
internlm3_8b_instruct__arc_test_00227_01644897__temp0.10__seed7,0.21595082489037581,,8,per_run_oof
internlm3_8b_instruct__arc_test_00227_01644897__temp0.60__seed7,0.17272913836474205,,8,per_run_oof
internlm3_8b_instruct__arc_test_00227_01644897__temp1.00__seed7,0.201332011793042,,8,per_run_oof
internlm3_8b_instruct__arc_test_00228_74062832__temp0.10__seed7,0.28429533291907916,0.08333333333333333,8,per_run_oof
internlm3_8b_instruct__arc_test_00228_74062832__temp0.60__seed7,0.13021335829044856,,8,per_run_oof
internlm3_8b_instruct__arc_test_00228_74062832__temp1.00__seed7,0.17771143243568915,,8,per_run_oof
internlm3_8b_instruct__arc_test_00229_791d4ee9__temp0.10__seed7,0.11939639644421718,,8,per_run_oof
internlm3_8b_instruct__arc_test_00229_791d4ee9__temp0.60__seed7,0.13318024570619869,,8,per_run_oof
internlm3_8b_instruct__arc_test_00229_791d4ee9__temp1.00__seed7,0.16134877815394882,,8,per_run_oof
internlm3_8b_instruct__arc_test_00230_c727a8e3__temp0.10__seed7,0.17481882536523122,,8,per_run_oof
internlm3_8b_instruct__arc_test_00230_c727a8e3__temp0.60__seed7,0.23045496877700763,,8,per_run_oof
internlm3_8b_instruct__arc_test_00230_c727a8e3__temp1.00__seed7,0.2976514072526358,,8,per_run_oof
internlm3_8b_instruct__arc_test_00231_c3b445e1__temp0.10__seed7,0.1766285729126895,,8,per_run_oof
internlm3_8b_instruct__arc_test_00231_c3b445e1__temp0.60__seed7,0.1942581075498244,,8,per_run_oof
internlm3_8b_instruct__arc_test_00231_c3b445e1__temp1.00__seed7,0.26704692816151776,0.8571428571428571,8,per_run_oof
internlm3_8b_instruct__arc_test_00232_9c0acfca__temp0.10__seed7,0.23271522003974998,,8,per_run_oof
internlm3_8b_instruct__arc_test_00232_9c0acfca__temp0.60__seed7,0.10362497573121343,,8,per_run_oof
internlm3_8b_instruct__arc_test_00232_9c0acfca__temp1.00__seed7,0.17481520079047108,,8,per_run_oof
internlm3_8b_instruct__arc_test_00233_1a5e4054__temp0.10__seed7,0.25429623456866124,,8,per_run_oof
internlm3_8b_instruct__arc_test_00233_1a5e4054__temp0.60__seed7,0.19383069847998602,1.0,8,per_run_oof
internlm3_8b_instruct__arc_test_00233_1a5e4054__temp1.00__seed7,0.1820871676055758,,8,per_run_oof
internlm3_8b_instruct__arc_test_00234_34339fc0__temp0.10__seed7,0.24795200482025048,,8,per_run_oof
internlm3_8b_instruct__arc_test_00234_34339fc0__temp0.60__seed7,0.18784171193821722,,8,per_run_oof
internlm3_8b_instruct__arc_test_00234_34339fc0__temp1.00__seed7,0.3934329648026829,,8,per_run_oof
internlm3_8b_instruct__arc_test_00235_f711fc61__temp0.10__seed7,0.3512053736393082,,8,per_run_oof
internlm3_8b_instruct__arc_test_00235_f711fc61__temp0.60__seed7,0.2988062425245176,,8,per_run_oof
internlm3_8b_instruct__arc_test_00235_f711fc61__temp1.00__seed7,0.3065676632584601,,8,per_run_oof
internlm3_8b_instruct__arc_test_00236_512aedd1__temp0.10__seed7,0.44469257823029007,,8,per_run_oof
internlm3_8b_instruct__arc_test_00236_512aedd1__temp0.60__seed7,0.18360446390680774,,8,per_run_oof
internlm3_8b_instruct__arc_test_00236_512aedd1__temp1.00__seed7,0.24533099564419575,1.0,8,per_run_oof
internlm3_8b_instruct__arc_test_00237_397f6822__temp0.10__seed7,0.25006992156779534,,8,per_run_oof
internlm3_8b_instruct__arc_test_00237_397f6822__temp0.60__seed7,0.14809808691384074,,8,per_run_oof
internlm3_8b_instruct__arc_test_00237_397f6822__temp1.00__seed7,0.20096668569170878,,8,per_run_oof
internlm3_8b_instruct__arc_test_00238_694f40e1__temp0.10__seed7,0.13754853093365865,,8,per_run_oof
internlm3_8b_instruct__arc_test_00238_694f40e1__temp0.60__seed7,0.2500081512307737,,8,per_run_oof
internlm3_8b_instruct__arc_test_00238_694f40e1__temp1.00__seed7,0.28791880246093826,,8,per_run_oof
internlm3_8b_instruct__arc_test_00239_e856ec75__temp0.10__seed7,0.1926135294533531,,8,per_run_oof
internlm3_8b_instruct__arc_test_00239_e856ec75__temp0.60__seed7,0.2134847256023292,,8,per_run_oof
internlm3_8b_instruct__arc_test_00239_e856ec75__temp1.00__seed7,0.2889211374860262,,8,per_run_oof
internlm3_8b_instruct__arc_test_00240_6adb9c73__temp0.10__seed7,0.2567445005143907,,8,per_run_oof
internlm3_8b_instruct__arc_test_00240_6adb9c73__temp0.60__seed7,0.3306567303715282,,8,per_run_oof
internlm3_8b_instruct__arc_test_00240_6adb9c73__temp1.00__seed7,0.3767080430622337,,8,per_run_oof
internlm3_8b_instruct__arc_test_00241_aea7337b__temp0.10__seed7,0.33375577149391655,,8,per_run_oof
internlm3_8b_instruct__arc_test_00241_aea7337b__temp0.60__seed7,0.2403174234807507,0.8571428571428572,8,per_run_oof
internlm3_8b_instruct__arc_test_00241_aea7337b__temp1.00__seed7,0.188858294530532,,8,per_run_oof
internlm3_8b_instruct__arc_test_00242_ee3950c7__temp0.10__seed7,0.21510928770194074,,8,per_run_oof
internlm3_8b_instruct__arc_test_00242_ee3950c7__temp0.60__seed7,0.22624530990388858,,8,per_run_oof
internlm3_8b_instruct__arc_test_00242_ee3950c7__temp1.00__seed7,0.20313133506461595,,8,per_run_oof
internlm3_8b_instruct__arc_test_00243_090c01fc__temp0.10__seed7,0.18909504125360796,,8,per_run_oof
internlm3_8b_instruct__arc_test_00243_090c01fc__temp0.60__seed7,0.2071525076515548,,8,per_run_oof
internlm3_8b_instruct__arc_test_00243_090c01fc__temp1.00__seed7,0.29438974951394736,,8,per_run_oof
internlm3_8b_instruct__arc_test_00244_eac3cb67__temp0.10__seed7,0.21460769723869355,,8,per_run_oof
internlm3_8b_instruct__arc_test_00244_eac3cb67__temp0.60__seed7,0.1938138478624794,,8,per_run_oof
internlm3_8b_instruct__arc_test_00244_eac3cb67__temp1.00__seed7,0.2587153378195389,,8,per_run_oof
internlm3_8b_instruct__arc_test_00245_e7db20d6__temp0.10__seed7,0.2740025795968962,,8,per_run_oof
internlm3_8b_instruct__arc_test_00245_e7db20d6__temp0.60__seed7,0.25085686975252197,,8,per_run_oof
internlm3_8b_instruct__arc_test_00245_e7db20d6__temp1.00__seed7,0.2887799859410615,,8,per_run_oof
internlm3_8b_instruct__arc_test_00246_a4dca82a__temp0.10__seed7,0.18322270271438745,,8,per_run_oof
internlm3_8b_instruct__arc_test_00246_a4dca82a__temp0.60__seed7,0.1915165147529168,,8,per_run_oof
internlm3_8b_instruct__arc_test_00246_a4dca82a__temp1.00__seed7,0.21731084642906096,1.0,8,per_run_oof
internlm3_8b_instruct__arc_test_00247_26a37da4__temp0.10__seed7,0.14096722981534604,,8,per_run_oof
internlm3_8b_instruct__arc_test_00247_26a37da4__temp0.60__seed7,0.11503744570314468,,8,per_run_oof
internlm3_8b_instruct__arc_test_00247_26a37da4__temp1.00__seed7,0.19037760855998198,,8,per_run_oof
internlm3_8b_instruct__arc_test_00248_e837902f__temp0.10__seed7,0.20212416319368307,,8,per_run_oof
internlm3_8b_instruct__arc_test_00248_e837902f__temp0.60__seed7,0.16400818760019503,,8,per_run_oof
internlm3_8b_instruct__arc_test_00248_e837902f__temp1.00__seed7,0.2112728353790801,,8,per_run_oof
internlm3_8b_instruct__arc_test_00249_d6f66ee0__temp0.10__seed7,0.23039290951251623,,8,per_run_oof
internlm3_8b_instruct__arc_test_00249_d6f66ee0__temp0.60__seed7,0.1828871267078549,,8,per_run_oof
internlm3_8b_instruct__arc_test_00249_d6f66ee0__temp1.00__seed7,0.19584143286384464,,8,per_run_oof
internlm3_8b_instruct__arc_test_00250_f494c296__temp0.10__seed7,0.16773302425143283,,8,per_run_oof
internlm3_8b_instruct__arc_test_00250_f494c296__temp0.60__seed7,0.24074093074768219,,8,per_run_oof
internlm3_8b_instruct__arc_test_00250_f494c296__temp1.00__seed7,0.1985929089112401,,8,per_run_oof
internlm3_8b_instruct__arc_test_00251_80eac29b__temp0.10__seed7,0.1857989159114828,,8,per_run_oof
internlm3_8b_instruct__arc_test_00251_80eac29b__temp0.60__seed7,0.17815237835111652,,8,per_run_oof
internlm3_8b_instruct__arc_test_00251_80eac29b__temp1.00__seed7,0.2173179255053493,,8,per_run_oof
internlm3_8b_instruct__arc_test_00252_e5585101__temp0.10__seed7,0.2061216043883152,,8,per_run_oof
internlm3_8b_instruct__arc_test_00252_e5585101__temp0.60__seed7,0.25357086136403467,,8,per_run_oof
internlm3_8b_instruct__arc_test_00252_e5585101__temp1.00__seed7,0.2802825097047772,,8,per_run_oof
internlm3_8b_instruct__arc_test_00253_8b812a8a__temp0.10__seed7,0.18248039700848429,,8,per_run_oof
internlm3_8b_instruct__arc_test_00253_8b812a8a__temp0.60__seed7,0.19280300737341366,,8,per_run_oof
internlm3_8b_instruct__arc_test_00253_8b812a8a__temp1.00__seed7,0.26645079477028316,,8,per_run_oof
internlm3_8b_instruct__arc_test_00254_992b459f__temp0.10__seed7,0.19303230419814088,,8,per_run_oof
internlm3_8b_instruct__arc_test_00254_992b459f__temp0.60__seed7,0.20281777140470184,,8,per_run_oof
internlm3_8b_instruct__arc_test_00254_992b459f__temp1.00__seed7,0.28665192288417785,,8,per_run_oof
internlm3_8b_instruct__arc_test_00255_ab08e434__temp0.10__seed7,0.1828418935670993,,8,per_run_oof
internlm3_8b_instruct__arc_test_00255_ab08e434__temp0.60__seed7,0.21457510319905287,,8,per_run_oof
internlm3_8b_instruct__arc_test_00255_ab08e434__temp1.00__seed7,0.2475809508834163,,8,per_run_oof
internlm3_8b_instruct__arc_test_00256_73563be9__temp0.10__seed7,0.26324132404941725,,8,per_run_oof
internlm3_8b_instruct__arc_test_00256_73563be9__temp0.60__seed7,0.25244675325211374,,8,per_run_oof
internlm3_8b_instruct__arc_test_00256_73563be9__temp1.00__seed7,0.30213526513217814,,8,per_run_oof
internlm3_8b_instruct__arc_test_00257_01acf152__temp0.10__seed7,0.2755166438766211,,8,per_run_oof
internlm3_8b_instruct__arc_test_00257_01acf152__temp0.60__seed7,0.27332470681793986,,8,per_run_oof
internlm3_8b_instruct__arc_test_00257_01acf152__temp1.00__seed7,0.24751088018502046,,8,per_run_oof
internlm3_8b_instruct__arc_test_00258_6a879ef1__temp0.10__seed7,0.5081363072149346,,8,per_run_oof
internlm3_8b_instruct__arc_test_00258_6a879ef1__temp0.60__seed7,0.21866966274867755,,8,per_run_oof
internlm3_8b_instruct__arc_test_00258_6a879ef1__temp1.00__seed7,0.18352594885451026,,8,per_run_oof
internlm3_8b_instruct__arc_test_00259_6493bd62__temp0.10__seed7,0.29797867090101915,,8,per_run_oof
internlm3_8b_instruct__arc_test_00259_6493bd62__temp0.60__seed7,0.23414999509489975,,8,per_run_oof
internlm3_8b_instruct__arc_test_00259_6493bd62__temp1.00__seed7,0.2830774726422177,,8,per_run_oof
internlm3_8b_instruct__arc_test_00260_9c369e3f__temp0.10__seed7,0.1939705441670784,,8,per_run_oof
internlm3_8b_instruct__arc_test_00260_9c369e3f__temp0.60__seed7,0.23968957153229542,,8,per_run_oof
internlm3_8b_instruct__arc_test_00260_9c369e3f__temp1.00__seed7,0.3434506005516088,,8,per_run_oof
internlm3_8b_instruct__arc_test_00261_bd91b0d2__temp0.10__seed7,0.16470499316872847,,8,per_run_oof
internlm3_8b_instruct__arc_test_00261_bd91b0d2__temp0.60__seed7,0.1898550665069077,,8,per_run_oof
internlm3_8b_instruct__arc_test_00261_bd91b0d2__temp1.00__seed7,0.2895657559151099,,8,per_run_oof
internlm3_8b_instruct__arc_test_00262_378e4c2d__temp0.10__seed7,0.17865983670517646,,8,per_run_oof
internlm3_8b_instruct__arc_test_00262_378e4c2d__temp0.60__seed7,0.21964795658488415,,8,per_run_oof
internlm3_8b_instruct__arc_test_00262_378e4c2d__temp1.00__seed7,0.20741717598294238,,8,per_run_oof
internlm3_8b_instruct__arc_test_00263_1ca9e9de__temp0.10__seed7,0.19260169677548988,,8,per_run_oof
internlm3_8b_instruct__arc_test_00263_1ca9e9de__temp0.60__seed7,0.16484341036009278,,8,per_run_oof
internlm3_8b_instruct__arc_test_00263_1ca9e9de__temp1.00__seed7,0.2785103594830599,,8,per_run_oof
internlm3_8b_instruct__arc_test_00264_dda0b59d__temp0.10__seed7,0.232387919612807,,8,per_run_oof
internlm3_8b_instruct__arc_test_00264_dda0b59d__temp0.60__seed7,0.22314838775957468,,8,per_run_oof
internlm3_8b_instruct__arc_test_00264_dda0b59d__temp1.00__seed7,0.31351631626310317,0.8571428571428571,8,per_run_oof
internlm3_8b_instruct__arc_test_00265_1d1eed16__temp0.10__seed7,0.12295657125998441,,8,per_run_oof
internlm3_8b_instruct__arc_test_00265_1d1eed16__temp0.60__seed7,0.19875566919958704,,8,per_run_oof
internlm3_8b_instruct__arc_test_00265_1d1eed16__temp1.00__seed7,0.2427727272114455,,8,per_run_oof
internlm3_8b_instruct__arc_test_00266_d59e88fe__temp0.10__seed7,0.26146513939501065,,8,per_run_oof
internlm3_8b_instruct__arc_test_00266_d59e88fe__temp0.60__seed7,0.2671714682373186,,8,per_run_oof
internlm3_8b_instruct__arc_test_00266_d59e88fe__temp1.00__seed7,0.2797552657181759,,8,per_run_oof
internlm3_8b_instruct__arc_test_00267_0f835ed5__temp0.10__seed7,0.27101072034465684,,8,per_run_oof
internlm3_8b_instruct__arc_test_00267_0f835ed5__temp0.60__seed7,0.35550469397640566,,8,per_run_oof
internlm3_8b_instruct__arc_test_00267_0f835ed5__temp1.00__seed7,0.2904629349584372,0.14285714285714285,8,per_run_oof
internlm3_8b_instruct__arc_test_00268_5b12089f__temp0.10__seed7,0.19800319374754632,,8,per_run_oof
internlm3_8b_instruct__arc_test_00268_5b12089f__temp0.60__seed7,0.19007143837775903,,8,per_run_oof
internlm3_8b_instruct__arc_test_00268_5b12089f__temp1.00__seed7,0.2517839001259127,,8,per_run_oof
internlm3_8b_instruct__arc_test_00269_7ee8bce6__temp0.10__seed7,0.23082926485801294,,8,per_run_oof
internlm3_8b_instruct__arc_test_00269_7ee8bce6__temp0.60__seed7,0.14547019053108373,,8,per_run_oof
internlm3_8b_instruct__arc_test_00269_7ee8bce6__temp1.00__seed7,0.3523185021984194,,8,per_run_oof
internlm3_8b_instruct__arc_test_00270_9797a61e__temp0.10__seed7,0.28454077830912083,,8,per_run_oof
internlm3_8b_instruct__arc_test_00270_9797a61e__temp0.60__seed7,0.255912953402072,,8,per_run_oof
internlm3_8b_instruct__arc_test_00270_9797a61e__temp1.00__seed7,0.2266530359499394,,8,per_run_oof
internlm3_8b_instruct__arc_test_00271_dc9048d3__temp0.10__seed7,0.2138979012685911,,8,per_run_oof
internlm3_8b_instruct__arc_test_00271_dc9048d3__temp0.60__seed7,0.20479758700264555,,8,per_run_oof
internlm3_8b_instruct__arc_test_00271_dc9048d3__temp1.00__seed7,0.23379825223294895,,8,per_run_oof
internlm3_8b_instruct__arc_test_00272_ee17c4c8__temp0.10__seed7,0.18886585549687376,,8,per_run_oof
internlm3_8b_instruct__arc_test_00272_ee17c4c8__temp0.60__seed7,0.31425768769397955,0.5333333333333333,8,per_run_oof
internlm3_8b_instruct__arc_test_00272_ee17c4c8__temp1.00__seed7,0.23223436833988514,,8,per_run_oof
internlm3_8b_instruct__arc_test_00273_b997fd4e__temp0.10__seed7,0.23311099795607307,,8,per_run_oof
internlm3_8b_instruct__arc_test_00273_b997fd4e__temp0.60__seed7,0.3184340046859089,,8,per_run_oof
internlm3_8b_instruct__arc_test_00273_b997fd4e__temp1.00__seed7,0.21324997752499728,,8,per_run_oof
internlm3_8b_instruct__arc_test_00274_a74e5699__temp0.10__seed7,0.18702888391504874,,8,per_run_oof
internlm3_8b_instruct__arc_test_00274_a74e5699__temp0.60__seed7,0.21834220036107546,,8,per_run_oof
internlm3_8b_instruct__arc_test_00274_a74e5699__temp1.00__seed7,0.23275599558280785,,8,per_run_oof
internlm3_8b_instruct__arc_test_00275_596151c2__temp0.10__seed7,0.21191165744939844,,8,per_run_oof
internlm3_8b_instruct__arc_test_00275_596151c2__temp0.60__seed7,0.21312362095744647,,8,per_run_oof
internlm3_8b_instruct__arc_test_00275_596151c2__temp1.00__seed7,0.3243940359846096,,8,per_run_oof
internlm3_8b_instruct__arc_test_00276_c2cefe09__temp0.10__seed7,0.25578067097593427,,8,per_run_oof
internlm3_8b_instruct__arc_test_00276_c2cefe09__temp0.60__seed7,0.24656677287110004,,8,per_run_oof
internlm3_8b_instruct__arc_test_00276_c2cefe09__temp1.00__seed7,0.30515182975777366,,8,per_run_oof
internlm3_8b_instruct__arc_test_00277_9faf8219__temp0.10__seed7,0.21303761464998267,,8,per_run_oof
internlm3_8b_instruct__arc_test_00277_9faf8219__temp0.60__seed7,0.2970660681114262,,8,per_run_oof
internlm3_8b_instruct__arc_test_00277_9faf8219__temp1.00__seed7,0.22630991645669024,,8,per_run_oof
internlm3_8b_instruct__arc_test_00278_8fc1e732__temp0.10__seed7,0.12475360393381958,,8,per_run_oof
internlm3_8b_instruct__arc_test_00278_8fc1e732__temp0.60__seed7,0.1619376242498332,,8,per_run_oof
internlm3_8b_instruct__arc_test_00278_8fc1e732__temp1.00__seed7,0.1803443973544851,,8,per_run_oof
internlm3_8b_instruct__arc_test_00279_890033b7__temp0.10__seed7,0.2564082091275091,,8,per_run_oof
internlm3_8b_instruct__arc_test_00279_890033b7__temp0.60__seed7,0.17918517215722368,,8,per_run_oof
internlm3_8b_instruct__arc_test_00279_890033b7__temp1.00__seed7,0.3343757956937819,,8,per_run_oof
internlm3_8b_instruct__arc_test_00280_6086acb4__temp0.10__seed7,0.2252811204879752,,8,per_run_oof
internlm3_8b_instruct__arc_test_00280_6086acb4__temp0.60__seed7,0.28610970757601223,,8,per_run_oof
internlm3_8b_instruct__arc_test_00280_6086acb4__temp1.00__seed7,0.19872023168170555,,8,per_run_oof
internlm3_8b_instruct__arc_test_00281_3edf5f7c__temp0.10__seed7,0.215697978854561,,8,per_run_oof
internlm3_8b_instruct__arc_test_00281_3edf5f7c__temp0.60__seed7,0.1487844670005159,,8,per_run_oof
internlm3_8b_instruct__arc_test_00281_3edf5f7c__temp1.00__seed7,0.16960390583559157,,8,per_run_oof
internlm3_8b_instruct__arc_test_00282_18a50a3d__temp0.10__seed7,0.16119781054875051,,8,per_run_oof
internlm3_8b_instruct__arc_test_00282_18a50a3d__temp0.60__seed7,0.1769806823445046,,8,per_run_oof
internlm3_8b_instruct__arc_test_00282_18a50a3d__temp1.00__seed7,0.2949078888088721,0.8571428571428571,8,per_run_oof
internlm3_8b_instruct__arc_test_00283_9f2902d5__temp0.10__seed7,0.12076481394397905,,8,per_run_oof
internlm3_8b_instruct__arc_test_00283_9f2902d5__temp0.60__seed7,0.18541947765356614,,8,per_run_oof
internlm3_8b_instruct__arc_test_00283_9f2902d5__temp1.00__seed7,0.15161906436571865,,8,per_run_oof
internlm3_8b_instruct__arc_test_00284_10cb5673__temp0.10__seed7,0.15657951039004225,,8,per_run_oof
internlm3_8b_instruct__arc_test_00284_10cb5673__temp0.60__seed7,0.19779548220365983,,8,per_run_oof
internlm3_8b_instruct__arc_test_00284_10cb5673__temp1.00__seed7,0.25527867371675494,,8,per_run_oof
internlm3_8b_instruct__arc_test_00285_d40e9f15__temp0.10__seed7,0.1998301336349133,,8,per_run_oof
internlm3_8b_instruct__arc_test_00285_d40e9f15__temp0.60__seed7,0.1548758506743483,,8,per_run_oof
internlm3_8b_instruct__arc_test_00285_d40e9f15__temp1.00__seed7,0.22826292194328063,,8,per_run_oof
internlm3_8b_instruct__arc_test_00286_0773fa77__temp0.10__seed7,0.23876110681051738,,8,per_run_oof
internlm3_8b_instruct__arc_test_00286_0773fa77__temp0.60__seed7,0.19276593669105774,,8,per_run_oof
internlm3_8b_instruct__arc_test_00286_0773fa77__temp1.00__seed7,0.18459910679335906,,8,per_run_oof
internlm3_8b_instruct__arc_test_00287_19839f07__temp0.10__seed7,0.20580620511155281,,8,per_run_oof
internlm3_8b_instruct__arc_test_00287_19839f07__temp0.60__seed7,0.211821919308246,,8,per_run_oof
internlm3_8b_instruct__arc_test_00287_19839f07__temp1.00__seed7,0.2073529609048302,,8,per_run_oof
internlm3_8b_instruct__arc_test_00288_e90a5f0c__temp0.10__seed7,0.3074710014242512,,8,per_run_oof
internlm3_8b_instruct__arc_test_00288_e90a5f0c__temp0.60__seed7,0.33984247494798264,,8,per_run_oof
internlm3_8b_instruct__arc_test_00288_e90a5f0c__temp1.00__seed7,0.267638443439945,,8,per_run_oof
internlm3_8b_instruct__arc_test_00289_a783fa79__temp0.10__seed7,0.2459897674172709,,8,per_run_oof
internlm3_8b_instruct__arc_test_00289_a783fa79__temp0.60__seed7,0.29414670287527456,,8,per_run_oof
internlm3_8b_instruct__arc_test_00289_a783fa79__temp1.00__seed7,0.24665446980171013,,8,per_run_oof
internlm3_8b_instruct__arc_test_00290_cda60f09__temp0.10__seed7,0.21415227041176976,,8,per_run_oof
internlm3_8b_instruct__arc_test_00290_cda60f09__temp0.60__seed7,0.16491037004494605,,8,per_run_oof
internlm3_8b_instruct__arc_test_00290_cda60f09__temp1.00__seed7,0.21415207331388136,,8,per_run_oof
internlm3_8b_instruct__arc_test_00291_3092c86e__temp0.10__seed7,0.23659103433100356,,8,per_run_oof
internlm3_8b_instruct__arc_test_00291_3092c86e__temp0.60__seed7,0.20637591926550475,,8,per_run_oof
internlm3_8b_instruct__arc_test_00291_3092c86e__temp1.00__seed7,0.19111131399747386,,8,per_run_oof
internlm3_8b_instruct__arc_test_00292_73ead151__temp0.10__seed7,0.20459281438230015,,8,per_run_oof
internlm3_8b_instruct__arc_test_00292_73ead151__temp0.60__seed7,0.15903398877491054,,8,per_run_oof
internlm3_8b_instruct__arc_test_00292_73ead151__temp1.00__seed7,0.20629296313645792,,8,per_run_oof
internlm3_8b_instruct__arc_test_00293_970b4fd6__temp0.10__seed7,0.21530504494421943,,8,per_run_oof
internlm3_8b_instruct__arc_test_00293_970b4fd6__temp0.60__seed7,0.3086754462560056,,8,per_run_oof
internlm3_8b_instruct__arc_test_00293_970b4fd6__temp1.00__seed7,0.31196806929543597,,8,per_run_oof
internlm3_8b_instruct__arc_test_00294_062a3bf2__temp0.10__seed7,0.2742276906896379,,8,per_run_oof
internlm3_8b_instruct__arc_test_00294_062a3bf2__temp0.60__seed7,0.1681387649690788,,8,per_run_oof
internlm3_8b_instruct__arc_test_00294_062a3bf2__temp1.00__seed7,0.28690416969361066,,8,per_run_oof
internlm3_8b_instruct__arc_test_00295_f0549092__temp0.10__seed7,0.27524660944888324,,8,per_run_oof
internlm3_8b_instruct__arc_test_00295_f0549092__temp0.60__seed7,0.3159643234024836,,8,per_run_oof
internlm3_8b_instruct__arc_test_00295_f0549092__temp1.00__seed7,0.2921915059199489,,8,per_run_oof
internlm3_8b_instruct__arc_test_00296_629ab988__temp0.10__seed7,0.26577529635013514,,8,per_run_oof
internlm3_8b_instruct__arc_test_00296_629ab988__temp0.60__seed7,0.27540420878572636,,8,per_run_oof
internlm3_8b_instruct__arc_test_00296_629ab988__temp1.00__seed7,0.27538857258555316,,8,per_run_oof
internlm3_8b_instruct__arc_test_00297_8696a932__temp0.10__seed7,0.15018848397369403,,8,per_run_oof
internlm3_8b_instruct__arc_test_00297_8696a932__temp0.60__seed7,0.15581065133700994,,8,per_run_oof
internlm3_8b_instruct__arc_test_00297_8696a932__temp1.00__seed7,0.22029267628302246,,8,per_run_oof
internlm3_8b_instruct__arc_test_00298_3258495d__temp0.10__seed7,0.13836650709400156,,8,per_run_oof
internlm3_8b_instruct__arc_test_00298_3258495d__temp0.60__seed7,0.1837141119281874,,8,per_run_oof
internlm3_8b_instruct__arc_test_00298_3258495d__temp1.00__seed7,0.1868825457478578,,8,per_run_oof
internlm3_8b_instruct__arc_test_00299_511f7585__temp0.10__seed7,0.22993510312835388,0.1428571428571429,8,per_run_oof
internlm3_8b_instruct__arc_test_00299_511f7585__temp0.60__seed7,0.23158075300691972,,8,per_run_oof
internlm3_8b_instruct__arc_test_00299_511f7585__temp1.00__seed7,0.17028151505190608,,8,per_run_oof
internlm3_8b_instruct__arc_test_00300_2adf3ed7__temp0.10__seed7,0.2272797729401102,,8,per_run_oof
internlm3_8b_instruct__arc_test_00300_2adf3ed7__temp0.60__seed7,0.20420958897426894,,8,per_run_oof
internlm3_8b_instruct__arc_test_00300_2adf3ed7__temp1.00__seed7,0.1874484812542126,,8,per_run_oof
internlm3_8b_instruct__arc_test_00301_71f149ab__temp0.10__seed7,0.09669896879132452,,8,per_run_oof
internlm3_8b_instruct__arc_test_00301_71f149ab__temp0.60__seed7,0.12576020780614694,,8,per_run_oof
internlm3_8b_instruct__arc_test_00301_71f149ab__temp1.00__seed7,0.23205564504165596,,8,per_run_oof
internlm3_8b_instruct__arc_test_00302_067ef958__temp0.10__seed7,0.20032005099065087,,8,per_run_oof
internlm3_8b_instruct__arc_test_00302_067ef958__temp0.60__seed7,0.23105750709348477,,8,per_run_oof
internlm3_8b_instruct__arc_test_00302_067ef958__temp1.00__seed7,0.38453250879238404,,8,per_run_oof
internlm3_8b_instruct__arc_test_00303_5f214f65__temp0.10__seed7,0.1834377698498838,,8,per_run_oof
internlm3_8b_instruct__arc_test_00303_5f214f65__temp0.60__seed7,0.19478813264682657,,8,per_run_oof
internlm3_8b_instruct__arc_test_00303_5f214f65__temp1.00__seed7,0.06859744577944318,,8,per_run_oof
internlm3_8b_instruct__arc_test_00304_68a61690__temp0.10__seed7,0.2304648029582545,,8,per_run_oof
internlm3_8b_instruct__arc_test_00304_68a61690__temp0.60__seed7,0.24479397089708665,,8,per_run_oof
internlm3_8b_instruct__arc_test_00304_68a61690__temp1.00__seed7,0.13823957780789023,0.8571428571428572,8,per_run_oof
internlm3_8b_instruct__arc_test_00305_b8a94dee__temp0.10__seed7,0.18584099690830147,,8,per_run_oof
internlm3_8b_instruct__arc_test_00305_b8a94dee__temp0.60__seed7,0.18934550756453816,,8,per_run_oof
internlm3_8b_instruct__arc_test_00305_b8a94dee__temp1.00__seed7,0.2947729943178956,,8,per_run_oof
internlm3_8b_instruct__arc_test_00306_569880d5__temp0.10__seed7,0.25274118147137375,,8,per_run_oof
internlm3_8b_instruct__arc_test_00306_569880d5__temp0.60__seed7,0.19912140499114195,,8,per_run_oof
internlm3_8b_instruct__arc_test_00306_569880d5__temp1.00__seed7,0.2764631553383899,,8,per_run_oof
internlm3_8b_instruct__arc_test_00307_342fce9a__temp0.10__seed7,0.18253668421764943,,8,per_run_oof
internlm3_8b_instruct__arc_test_00307_342fce9a__temp0.60__seed7,0.13729308295453468,,8,per_run_oof
internlm3_8b_instruct__arc_test_00307_342fce9a__temp1.00__seed7,0.3885322937242707,,8,per_run_oof
internlm3_8b_instruct__arc_test_00308_7c35de8f__temp0.10__seed7,0.19991362426297798,,8,per_run_oof
internlm3_8b_instruct__arc_test_00308_7c35de8f__temp0.60__seed7,0.21698217392907637,,8,per_run_oof
internlm3_8b_instruct__arc_test_00308_7c35de8f__temp1.00__seed7,0.27635194514920836,,8,per_run_oof
internlm3_8b_instruct__arc_test_00309_2326f22b__temp0.10__seed7,0.33704300868213505,0.1333333333333333,8,per_run_oof
internlm3_8b_instruct__arc_test_00309_2326f22b__temp0.60__seed7,0.25522168949280516,,8,per_run_oof
internlm3_8b_instruct__arc_test_00309_2326f22b__temp1.00__seed7,0.29723783550622945,0.8333333333333334,8,per_run_oof
internlm3_8b_instruct__arc_test_00310_d803e449__temp0.10__seed7,0.1730032311583335,,8,per_run_oof
internlm3_8b_instruct__arc_test_00310_d803e449__temp0.60__seed7,0.20739216172888533,,8,per_run_oof
internlm3_8b_instruct__arc_test_00310_d803e449__temp1.00__seed7,0.3814759398355007,,8,per_run_oof
internlm3_8b_instruct__arc_test_00311_22e258f1__temp0.10__seed7,0.1965008570394631,,8,per_run_oof
internlm3_8b_instruct__arc_test_00311_22e258f1__temp0.60__seed7,0.2814850733570259,,8,per_run_oof
internlm3_8b_instruct__arc_test_00311_22e258f1__temp1.00__seed7,0.2171864472100655,,8,per_run_oof
internlm3_8b_instruct__arc_test_00312_46de9ba7__temp0.10__seed7,0.1313630788422453,,8,per_run_oof
internlm3_8b_instruct__arc_test_00312_46de9ba7__temp0.60__seed7,0.21327140684006435,,8,per_run_oof
internlm3_8b_instruct__arc_test_00312_46de9ba7__temp1.00__seed7,0.31379849241958846,,8,per_run_oof
internlm3_8b_instruct__arc_test_00313_6a647b21__temp0.10__seed7,0.16905658028204643,,8,per_run_oof
internlm3_8b_instruct__arc_test_00313_6a647b21__temp0.60__seed7,0.19746646975138488,,8,per_run_oof
internlm3_8b_instruct__arc_test_00313_6a647b21__temp1.00__seed7,0.24550779962576674,,8,per_run_oof
internlm3_8b_instruct__arc_test_00314_c9337b20__temp0.10__seed7,0.21896185448509692,,8,per_run_oof
internlm3_8b_instruct__arc_test_00314_c9337b20__temp0.60__seed7,0.18088735100611597,,8,per_run_oof
internlm3_8b_instruct__arc_test_00314_c9337b20__temp1.00__seed7,0.16555228772705013,,8,per_run_oof
internlm3_8b_instruct__arc_test_00315_04264bf6__temp0.10__seed7,0.24208763382086773,,8,per_run_oof
internlm3_8b_instruct__arc_test_00315_04264bf6__temp0.60__seed7,0.22316877722706108,,8,per_run_oof
internlm3_8b_instruct__arc_test_00315_04264bf6__temp1.00__seed7,0.3289775691812218,,8,per_run_oof
internlm3_8b_instruct__arc_test_00316_3de47e95__temp0.10__seed7,0.34254695524128953,,8,per_run_oof
internlm3_8b_instruct__arc_test_00316_3de47e95__temp0.60__seed7,0.22284159451332863,,8,per_run_oof
internlm3_8b_instruct__arc_test_00316_3de47e95__temp1.00__seed7,0.28485398373651977,,8,per_run_oof
internlm3_8b_instruct__arc_test_00317_6f9be3d9__temp0.10__seed7,0.2244810013728615,,8,per_run_oof
internlm3_8b_instruct__arc_test_00317_6f9be3d9__temp0.60__seed7,0.36896814260402006,,8,per_run_oof
internlm3_8b_instruct__arc_test_00317_6f9be3d9__temp1.00__seed7,0.2177548805462369,,8,per_run_oof
internlm3_8b_instruct__arc_test_00318_3f0be9a6__temp0.10__seed7,0.13866566241310035,,8,per_run_oof
internlm3_8b_instruct__arc_test_00318_3f0be9a6__temp0.60__seed7,0.14846041982325153,,8,per_run_oof
internlm3_8b_instruct__arc_test_00318_3f0be9a6__temp1.00__seed7,0.19988643887665203,,8,per_run_oof
internlm3_8b_instruct__arc_test_00319_9b046cae__temp0.10__seed7,0.21066904581582513,,8,per_run_oof
internlm3_8b_instruct__arc_test_00319_9b046cae__temp0.60__seed7,0.1484349119087981,,8,per_run_oof
internlm3_8b_instruct__arc_test_00319_9b046cae__temp1.00__seed7,0.40489801204833875,,8,per_run_oof
internlm3_8b_instruct__arc_test_00320_46d19bd1__temp0.10__seed7,0.24356164847755493,,8,per_run_oof
internlm3_8b_instruct__arc_test_00320_46d19bd1__temp0.60__seed7,0.20537892092163712,,8,per_run_oof
internlm3_8b_instruct__arc_test_00320_46d19bd1__temp1.00__seed7,0.2474409446367417,,8,per_run_oof
internlm3_8b_instruct__arc_test_00321_443c5c74__temp0.10__seed7,0.19572768846643712,,8,per_run_oof
internlm3_8b_instruct__arc_test_00321_443c5c74__temp0.60__seed7,0.3769738286375461,,8,per_run_oof
internlm3_8b_instruct__arc_test_00321_443c5c74__temp1.00__seed7,0.20899573642452063,,8,per_run_oof
internlm3_8b_instruct__arc_test_00322_a862010b__temp0.10__seed7,0.28208516821440033,,8,per_run_oof
internlm3_8b_instruct__arc_test_00322_a862010b__temp0.60__seed7,0.22461037455771748,,8,per_run_oof
internlm3_8b_instruct__arc_test_00322_a862010b__temp1.00__seed7,0.1979088492161935,,8,per_run_oof
internlm3_8b_instruct__arc_test_00323_1d6a50b8__temp0.10__seed7,0.14640213785699638,,8,per_run_oof
internlm3_8b_instruct__arc_test_00323_1d6a50b8__temp0.60__seed7,0.14075667124928404,,8,per_run_oof
internlm3_8b_instruct__arc_test_00323_1d6a50b8__temp1.00__seed7,0.2293426061441461,,8,per_run_oof
internlm3_8b_instruct__arc_test_00324_f52c20ae__temp0.10__seed7,0.3405361236808203,,8,per_run_oof
internlm3_8b_instruct__arc_test_00324_f52c20ae__temp0.60__seed7,0.33506739358342363,0.42857142857142855,8,per_run_oof
internlm3_8b_instruct__arc_test_00324_f52c20ae__temp1.00__seed7,0.3213864916699367,,8,per_run_oof
internlm3_8b_instruct__arc_test_00325_3a2e8dd5__temp0.10__seed7,0.22326613284234614,,8,per_run_oof
internlm3_8b_instruct__arc_test_00325_3a2e8dd5__temp0.60__seed7,0.19363402224823245,,8,per_run_oof
internlm3_8b_instruct__arc_test_00325_3a2e8dd5__temp1.00__seed7,0.3209796538479761,,8,per_run_oof
internlm3_8b_instruct__arc_test_00326_e67c5fe9__temp0.10__seed7,0.19609732381365863,,8,per_run_oof
internlm3_8b_instruct__arc_test_00326_e67c5fe9__temp0.60__seed7,0.23617290942219363,,8,per_run_oof
internlm3_8b_instruct__arc_test_00326_e67c5fe9__temp1.00__seed7,0.20197438295165884,,8,per_run_oof
internlm3_8b_instruct__arc_test_00327_5805f8ad__temp0.10__seed7,0.18935935095865414,,8,per_run_oof
internlm3_8b_instruct__arc_test_00327_5805f8ad__temp0.60__seed7,0.20967051972097175,,8,per_run_oof
internlm3_8b_instruct__arc_test_00327_5805f8ad__temp1.00__seed7,0.2858869988779369,0.2857142857142857,8,per_run_oof
internlm3_8b_instruct__arc_test_00328_5d8bd275__temp0.10__seed7,0.3123027999388147,,8,per_run_oof
internlm3_8b_instruct__arc_test_00328_5d8bd275__temp0.60__seed7,0.2586009587220165,,8,per_run_oof
internlm3_8b_instruct__arc_test_00328_5d8bd275__temp1.00__seed7,0.256060020762121,,8,per_run_oof
internlm3_8b_instruct__arc_test_00329_a05816f6__temp0.10__seed7,0.20013184837050918,,8,per_run_oof
internlm3_8b_instruct__arc_test_00329_a05816f6__temp0.60__seed7,0.16444704685428393,,8,per_run_oof
internlm3_8b_instruct__arc_test_00329_a05816f6__temp1.00__seed7,0.32317313811802717,,8,per_run_oof
internlm3_8b_instruct__arc_test_00330_f3d05923__temp0.10__seed7,0.23147545860422308,,8,per_run_oof
internlm3_8b_instruct__arc_test_00330_f3d05923__temp0.60__seed7,0.14636552376389217,,8,per_run_oof
internlm3_8b_instruct__arc_test_00330_f3d05923__temp1.00__seed7,0.20611416891509948,,8,per_run_oof
internlm3_8b_instruct__arc_test_00331_921d7c59__temp0.10__seed7,0.23509989012815807,,8,per_run_oof
internlm3_8b_instruct__arc_test_00331_921d7c59__temp0.60__seed7,0.3293146331064256,,8,per_run_oof
internlm3_8b_instruct__arc_test_00331_921d7c59__temp1.00__seed7,0.3742404600295687,,8,per_run_oof
internlm3_8b_instruct__arc_test_00332_1ef5ad04__temp0.10__seed7,0.1935541981842616,,8,per_run_oof
internlm3_8b_instruct__arc_test_00332_1ef5ad04__temp0.60__seed7,0.22467061902766608,,8,per_run_oof
internlm3_8b_instruct__arc_test_00332_1ef5ad04__temp1.00__seed7,0.21696314550118204,,8,per_run_oof
internlm3_8b_instruct__arc_test_00333_eb9e5ddb__temp0.10__seed7,0.30442618137175836,,8,per_run_oof
internlm3_8b_instruct__arc_test_00333_eb9e5ddb__temp0.60__seed7,0.28676280414235283,,8,per_run_oof
internlm3_8b_instruct__arc_test_00333_eb9e5ddb__temp1.00__seed7,0.22815632535868496,,8,per_run_oof
internlm3_8b_instruct__arc_test_00334_39cea5b1__temp0.10__seed7,0.26731543085310305,,8,per_run_oof
internlm3_8b_instruct__arc_test_00334_39cea5b1__temp0.60__seed7,0.2906422664695191,,8,per_run_oof
internlm3_8b_instruct__arc_test_00334_39cea5b1__temp1.00__seed7,0.23208753145483163,0.0,8,per_run_oof
internlm3_8b_instruct__arc_test_00335_d093b0cc__temp0.10__seed7,0.13578534017174443,,8,per_run_oof
internlm3_8b_instruct__arc_test_00335_d093b0cc__temp0.60__seed7,0.15024337699289556,,8,per_run_oof
internlm3_8b_instruct__arc_test_00335_d093b0cc__temp1.00__seed7,0.1811081594735104,,8,per_run_oof
internlm3_8b_instruct__arc_test_00336_9c0a7cb1__temp0.10__seed7,0.15975720955647943,,8,per_run_oof
internlm3_8b_instruct__arc_test_00336_9c0a7cb1__temp0.60__seed7,0.2021716498113393,,8,per_run_oof
internlm3_8b_instruct__arc_test_00336_9c0a7cb1__temp1.00__seed7,0.20253507729730874,,8,per_run_oof
internlm3_8b_instruct__arc_test_00337_bfd04e06__temp0.10__seed7,0.16534849027278098,,8,per_run_oof
internlm3_8b_instruct__arc_test_00337_bfd04e06__temp0.60__seed7,0.1923403846038912,,8,per_run_oof
internlm3_8b_instruct__arc_test_00337_bfd04e06__temp1.00__seed7,0.39176853657703437,,8,per_run_oof
internlm3_8b_instruct__arc_test_00338_e8c12e79__temp0.10__seed7,0.2277172605338374,,8,per_run_oof
internlm3_8b_instruct__arc_test_00338_e8c12e79__temp0.60__seed7,0.18820592423533497,,8,per_run_oof
internlm3_8b_instruct__arc_test_00338_e8c12e79__temp1.00__seed7,0.22184483699067767,,8,per_run_oof
internlm3_8b_instruct__arc_test_00339_73c46b12__temp0.10__seed7,0.21395405879482737,,8,per_run_oof
internlm3_8b_instruct__arc_test_00339_73c46b12__temp0.60__seed7,0.34869211752115997,,8,per_run_oof
internlm3_8b_instruct__arc_test_00339_73c46b12__temp1.00__seed7,0.31917715345611203,,8,per_run_oof
internlm3_8b_instruct__arc_test_00340_261864e1__temp0.10__seed7,0.23038156974611318,,8,per_run_oof
internlm3_8b_instruct__arc_test_00340_261864e1__temp0.60__seed7,0.32329384933709004,,8,per_run_oof
internlm3_8b_instruct__arc_test_00340_261864e1__temp1.00__seed7,0.30990816059517806,,8,per_run_oof
internlm3_8b_instruct__arc_test_00341_7ea29d45__temp0.10__seed7,0.2929280141817593,,8,per_run_oof
internlm3_8b_instruct__arc_test_00341_7ea29d45__temp0.60__seed7,0.17963133821985988,,8,per_run_oof
internlm3_8b_instruct__arc_test_00341_7ea29d45__temp1.00__seed7,0.1712195065257927,,8,per_run_oof
internlm3_8b_instruct__arc_test_00342_80337fed__temp0.10__seed7,0.16841763346956373,,8,per_run_oof
internlm3_8b_instruct__arc_test_00342_80337fed__temp0.60__seed7,0.2869858401679672,,8,per_run_oof
internlm3_8b_instruct__arc_test_00342_80337fed__temp1.00__seed7,0.19712704862837716,,8,per_run_oof
internlm3_8b_instruct__arc_test_00343_7abc93de__temp0.10__seed7,0.16283057207194976,,8,per_run_oof
internlm3_8b_instruct__arc_test_00343_7abc93de__temp0.60__seed7,0.1259120034729304,,8,per_run_oof
internlm3_8b_instruct__arc_test_00343_7abc93de__temp1.00__seed7,0.3129066000770232,,8,per_run_oof
internlm3_8b_instruct__arc_test_00344_84bb146b__temp0.10__seed7,0.39456978066764004,,8,per_run_oof
internlm3_8b_instruct__arc_test_00344_84bb146b__temp0.60__seed7,0.20634095656690987,,8,per_run_oof
internlm3_8b_instruct__arc_test_00344_84bb146b__temp1.00__seed7,0.3811139356940385,,8,per_run_oof
internlm3_8b_instruct__arc_test_00345_8d933cd2__temp0.10__seed7,0.25216732490755156,,8,per_run_oof
internlm3_8b_instruct__arc_test_00345_8d933cd2__temp0.60__seed7,0.235002745512979,,8,per_run_oof
internlm3_8b_instruct__arc_test_00345_8d933cd2__temp1.00__seed7,0.2677041864177798,,8,per_run_oof
internlm3_8b_instruct__arc_test_00346_08326f7e__temp0.10__seed7,0.17809796095489575,0.9166666666666667,8,per_run_oof
internlm3_8b_instruct__arc_test_00346_08326f7e__temp0.60__seed7,0.13490599246269408,,8,per_run_oof
internlm3_8b_instruct__arc_test_00346_08326f7e__temp1.00__seed7,0.2352974896654152,,8,per_run_oof
internlm3_8b_instruct__arc_test_00347_700060bd__temp0.10__seed7,0.24743619403239991,,8,per_run_oof
internlm3_8b_instruct__arc_test_00347_700060bd__temp0.60__seed7,0.16561772011057374,,8,per_run_oof
internlm3_8b_instruct__arc_test_00347_700060bd__temp1.00__seed7,0.16572202465197688,,8,per_run_oof
internlm3_8b_instruct__arc_test_00348_1581a6bc__temp0.10__seed7,0.24036545099809029,0.8571428571428571,8,per_run_oof
internlm3_8b_instruct__arc_test_00348_1581a6bc__temp0.60__seed7,0.2847270413142326,,8,per_run_oof
internlm3_8b_instruct__arc_test_00348_1581a6bc__temp1.00__seed7,0.2734514911389441,0.8571428571428571,8,per_run_oof
internlm3_8b_instruct__arc_test_00349_2d015f04__temp0.10__seed7,0.22632586798718457,,8,per_run_oof
internlm3_8b_instruct__arc_test_00349_2d015f04__temp0.60__seed7,0.22335988414717473,,8,per_run_oof
internlm3_8b_instruct__arc_test_00349_2d015f04__temp1.00__seed7,0.26223512814270156,,8,per_run_oof
internlm3_8b_instruct__arc_test_00350_54e913b1__temp0.10__seed7,0.1947569059125679,,8,per_run_oof
internlm3_8b_instruct__arc_test_00350_54e913b1__temp0.60__seed7,0.1859021189483711,,8,per_run_oof
internlm3_8b_instruct__arc_test_00350_54e913b1__temp1.00__seed7,0.19793875281395276,,8,per_run_oof
internlm3_8b_instruct__arc_test_00351_3ff214fc__temp0.10__seed7,0.18276263193618947,,8,per_run_oof
internlm3_8b_instruct__arc_test_00351_3ff214fc__temp0.60__seed7,0.18830839504569322,,8,per_run_oof
internlm3_8b_instruct__arc_test_00351_3ff214fc__temp1.00__seed7,0.23683938543135405,,8,per_run_oof
internlm3_8b_instruct__arc_test_00352_6fea005d__temp0.10__seed7,0.1726302146207919,,8,per_run_oof
internlm3_8b_instruct__arc_test_00352_6fea005d__temp0.60__seed7,0.18205503050717406,,8,per_run_oof
internlm3_8b_instruct__arc_test_00352_6fea005d__temp1.00__seed7,0.1524497535922808,,8,per_run_oof
internlm3_8b_instruct__arc_test_00353_3038599a__temp0.10__seed7,0.17317889493932864,,8,per_run_oof
internlm3_8b_instruct__arc_test_00353_3038599a__temp0.60__seed7,0.17241133840473694,,8,per_run_oof
internlm3_8b_instruct__arc_test_00353_3038599a__temp1.00__seed7,0.2317880947481391,,8,per_run_oof
internlm3_8b_instruct__arc_test_00354_d732b729__temp0.10__seed7,0.3544002669725942,,8,per_run_oof
internlm3_8b_instruct__arc_test_00354_d732b729__temp0.60__seed7,0.3020806648160256,,8,per_run_oof
internlm3_8b_instruct__arc_test_00354_d732b729__temp1.00__seed7,0.31817006322669517,0.2857142857142857,8,per_run_oof
internlm3_8b_instruct__arc_test_00355_86e261d3__temp0.10__seed7,0.254021935395113,,8,per_run_oof
internlm3_8b_instruct__arc_test_00355_86e261d3__temp0.60__seed7,0.2927004791741688,,8,per_run_oof
internlm3_8b_instruct__arc_test_00355_86e261d3__temp1.00__seed7,0.2806612090929578,,8,per_run_oof
internlm3_8b_instruct__arc_test_00356_c3cf20a2__temp0.10__seed7,0.23634823192664206,,8,per_run_oof
internlm3_8b_instruct__arc_test_00356_c3cf20a2__temp0.60__seed7,0.2536564243411938,,8,per_run_oof
internlm3_8b_instruct__arc_test_00356_c3cf20a2__temp1.00__seed7,0.2950797748983447,,8,per_run_oof
internlm3_8b_instruct__arc_test_00357_c9520544__temp0.10__seed7,0.2557034233430856,,8,per_run_oof
internlm3_8b_instruct__arc_test_00357_c9520544__temp0.60__seed7,0.18055072858390314,,8,per_run_oof
internlm3_8b_instruct__arc_test_00357_c9520544__temp1.00__seed7,0.18496717497540888,,8,per_run_oof
internlm3_8b_instruct__arc_test_00358_1fa0a666__temp0.10__seed7,0.14890114748321043,,8,per_run_oof
internlm3_8b_instruct__arc_test_00358_1fa0a666__temp0.60__seed7,0.16278386518265245,,8,per_run_oof
internlm3_8b_instruct__arc_test_00358_1fa0a666__temp1.00__seed7,0.2730013866883597,,8,per_run_oof
internlm3_8b_instruct__arc_test_00359_50cdd935__temp0.10__seed7,0.2179681979281841,,8,per_run_oof
internlm3_8b_instruct__arc_test_00359_50cdd935__temp0.60__seed7,0.17108561094445326,,8,per_run_oof
internlm3_8b_instruct__arc_test_00359_50cdd935__temp1.00__seed7,0.367784669778482,,8,per_run_oof
internlm3_8b_instruct__arc_test_00360_963eb34a__temp0.10__seed7,0.18340228749573212,,8,per_run_oof
internlm3_8b_instruct__arc_test_00360_963eb34a__temp0.60__seed7,0.18858262390704747,,8,per_run_oof
internlm3_8b_instruct__arc_test_00360_963eb34a__temp1.00__seed7,0.30027940710651146,,8,per_run_oof
internlm3_8b_instruct__arc_test_00361_9680c5e6__temp0.10__seed7,0.25449744925415263,,8,per_run_oof
internlm3_8b_instruct__arc_test_00361_9680c5e6__temp0.60__seed7,0.3211755767554263,,8,per_run_oof
internlm3_8b_instruct__arc_test_00361_9680c5e6__temp1.00__seed7,0.251962516008772,,8,per_run_oof
internlm3_8b_instruct__arc_test_00362_8989fa13__temp0.10__seed7,0.2432420234007626,,8,per_run_oof
internlm3_8b_instruct__arc_test_00362_8989fa13__temp0.60__seed7,0.3289348876520197,,8,per_run_oof
internlm3_8b_instruct__arc_test_00362_8989fa13__temp1.00__seed7,0.21767840927789428,,8,per_run_oof
internlm3_8b_instruct__arc_test_00363_d09e73e1__temp0.10__seed7,0.25723316225365767,,8,per_run_oof
internlm3_8b_instruct__arc_test_00363_d09e73e1__temp0.60__seed7,0.2989471553074135,,8,per_run_oof
internlm3_8b_instruct__arc_test_00363_d09e73e1__temp1.00__seed7,0.25958205487656605,,8,per_run_oof
internlm3_8b_instruct__arc_test_00364_f961994a__temp0.10__seed7,0.23024899085758804,,8,per_run_oof
internlm3_8b_instruct__arc_test_00364_f961994a__temp0.60__seed7,0.21828084239822163,,8,per_run_oof
internlm3_8b_instruct__arc_test_00364_f961994a__temp1.00__seed7,0.3440946502898429,0.7142857142857143,8,per_run_oof
internlm3_8b_instruct__arc_test_00365_fc1a2043__temp0.10__seed7,0.1501909047063647,,8,per_run_oof
internlm3_8b_instruct__arc_test_00365_fc1a2043__temp0.60__seed7,0.21658525699831138,,8,per_run_oof
internlm3_8b_instruct__arc_test_00365_fc1a2043__temp1.00__seed7,0.1956036963117094,,8,per_run_oof
internlm3_8b_instruct__arc_test_00366_749ea83e__temp0.10__seed7,0.33377712654924696,,8,per_run_oof
internlm3_8b_instruct__arc_test_00366_749ea83e__temp0.60__seed7,0.25219568997555614,,8,per_run_oof
internlm3_8b_instruct__arc_test_00366_749ea83e__temp1.00__seed7,0.38435111557864776,0.5714285714285714,8,per_run_oof
internlm3_8b_instruct__arc_test_00367_5cb0240d__temp0.10__seed7,0.22027119629316874,,8,per_run_oof
internlm3_8b_instruct__arc_test_00367_5cb0240d__temp0.60__seed7,0.22892581788804195,,8,per_run_oof
internlm3_8b_instruct__arc_test_00367_5cb0240d__temp1.00__seed7,0.2681639223736464,,8,per_run_oof
internlm3_8b_instruct__arc_test_00368_90e92ee8__temp0.10__seed7,0.23263653459031547,,8,per_run_oof
internlm3_8b_instruct__arc_test_00368_90e92ee8__temp0.60__seed7,0.3296900889084496,,8,per_run_oof
internlm3_8b_instruct__arc_test_00368_90e92ee8__temp1.00__seed7,0.31459772127013663,,8,per_run_oof
internlm3_8b_instruct__arc_test_00369_14f62ec1__temp0.10__seed7,0.16523139130717027,,8,per_run_oof
internlm3_8b_instruct__arc_test_00369_14f62ec1__temp0.60__seed7,0.23176014384077395,,8,per_run_oof
internlm3_8b_instruct__arc_test_00369_14f62ec1__temp1.00__seed7,0.36903265783348693,,8,per_run_oof
internlm3_8b_instruct__arc_test_00370_541784ff__temp0.10__seed7,0.2524954428541152,,8,per_run_oof
internlm3_8b_instruct__arc_test_00370_541784ff__temp0.60__seed7,0.20444701954692296,,8,per_run_oof
internlm3_8b_instruct__arc_test_00370_541784ff__temp1.00__seed7,0.28164516298256337,,8,per_run_oof
internlm3_8b_instruct__arc_test_00371_61d05f33__temp0.10__seed7,0.2783375696256433,,8,per_run_oof
internlm3_8b_instruct__arc_test_00371_61d05f33__temp0.60__seed7,0.1352871338370762,,8,per_run_oof
internlm3_8b_instruct__arc_test_00371_61d05f33__temp1.00__seed7,0.3037047052445197,,8,per_run_oof
internlm3_8b_instruct__arc_test_00372_d190f034__temp0.10__seed7,0.27424290620979475,,8,per_run_oof
internlm3_8b_instruct__arc_test_00372_d190f034__temp0.60__seed7,0.2204448578255389,,8,per_run_oof
internlm3_8b_instruct__arc_test_00372_d190f034__temp1.00__seed7,0.22894162604268814,0.5833333333333333,8,per_run_oof
internlm3_8b_instruct__arc_test_00373_5814041d__temp0.10__seed7,0.3597592028767976,,8,per_run_oof
internlm3_8b_instruct__arc_test_00373_5814041d__temp0.60__seed7,0.18706685505984452,,8,per_run_oof
internlm3_8b_instruct__arc_test_00373_5814041d__temp1.00__seed7,0.23937218525603415,,8,per_run_oof
internlm3_8b_instruct__arc_test_00374_eeef776d__temp0.10__seed7,0.17811249650767574,,8,per_run_oof
internlm3_8b_instruct__arc_test_00374_eeef776d__temp0.60__seed7,0.24613426297623556,,8,per_run_oof
internlm3_8b_instruct__arc_test_00374_eeef776d__temp1.00__seed7,0.3642927889706906,1.0,8,per_run_oof
internlm3_8b_instruct__arc_test_00375_a3ec4d7e__temp0.10__seed7,0.32727391844392273,,8,per_run_oof
internlm3_8b_instruct__arc_test_00375_a3ec4d7e__temp0.60__seed7,0.3067453884966323,,8,per_run_oof
internlm3_8b_instruct__arc_test_00375_a3ec4d7e__temp1.00__seed7,0.3036619432464422,,8,per_run_oof
internlm3_8b_instruct__arc_test_00376_f1c08288__temp0.10__seed7,0.2060584058412751,,8,per_run_oof
internlm3_8b_instruct__arc_test_00376_f1c08288__temp0.60__seed7,0.16480756061149637,,8,per_run_oof
internlm3_8b_instruct__arc_test_00376_f1c08288__temp1.00__seed7,0.2210371845689848,,8,per_run_oof
internlm3_8b_instruct__arc_test_00377_48873156__temp0.10__seed7,0.1992315605132782,,8,per_run_oof
internlm3_8b_instruct__arc_test_00377_48873156__temp0.60__seed7,0.13602699496113152,,8,per_run_oof
internlm3_8b_instruct__arc_test_00377_48873156__temp1.00__seed7,0.36678603754969613,,8,per_run_oof
internlm3_8b_instruct__arc_test_00378_eb3c1b7c__temp0.10__seed7,0.15018663961532253,,8,per_run_oof
internlm3_8b_instruct__arc_test_00378_eb3c1b7c__temp0.60__seed7,0.18245858295949002,,8,per_run_oof
internlm3_8b_instruct__arc_test_00378_eb3c1b7c__temp1.00__seed7,0.16294360374620806,,8,per_run_oof
internlm3_8b_instruct__arc_test_00379_2cc6079d__temp0.10__seed7,0.12123881188630228,,8,per_run_oof
internlm3_8b_instruct__arc_test_00379_2cc6079d__temp0.60__seed7,0.1359503257044249,,8,per_run_oof
internlm3_8b_instruct__arc_test_00379_2cc6079d__temp1.00__seed7,0.2328127537316956,,8,per_run_oof
internlm3_8b_instruct__arc_test_00380_89cc3cdf__temp0.10__seed7,0.395600365807941,,8,per_run_oof
internlm3_8b_instruct__arc_test_00380_89cc3cdf__temp0.60__seed7,0.3574904838455356,,8,per_run_oof
internlm3_8b_instruct__arc_test_00380_89cc3cdf__temp1.00__seed7,0.2722643732936203,,8,per_run_oof
internlm3_8b_instruct__arc_test_00381_93afedf3__temp0.10__seed7,0.18967594190464898,,8,per_run_oof
internlm3_8b_instruct__arc_test_00381_93afedf3__temp0.60__seed7,0.1848269113119288,,8,per_run_oof
internlm3_8b_instruct__arc_test_00381_93afedf3__temp1.00__seed7,0.2843610981590151,,8,per_run_oof
internlm3_8b_instruct__arc_test_00382_1003b882__temp0.10__seed7,0.2761954470797099,,8,per_run_oof
internlm3_8b_instruct__arc_test_00382_1003b882__temp0.60__seed7,0.2447154330030959,,8,per_run_oof
internlm3_8b_instruct__arc_test_00382_1003b882__temp1.00__seed7,0.22420208410123738,,8,per_run_oof
internlm3_8b_instruct__arc_test_00383_6a698269__temp0.10__seed7,0.2522318635010083,0.1428571428571429,8,per_run_oof
internlm3_8b_instruct__arc_test_00383_6a698269__temp0.60__seed7,0.30103638412083245,,8,per_run_oof
internlm3_8b_instruct__arc_test_00383_6a698269__temp1.00__seed7,0.4077077706774389,,8,per_run_oof
internlm3_8b_instruct__arc_test_00384_5fee9f1d__temp0.10__seed7,0.37431162018858577,,8,per_run_oof
internlm3_8b_instruct__arc_test_00384_5fee9f1d__temp0.60__seed7,0.20418212122852772,,8,per_run_oof
internlm3_8b_instruct__arc_test_00384_5fee9f1d__temp1.00__seed7,0.33402235364831145,,8,per_run_oof
internlm3_8b_instruct__arc_test_00385_21b81e4d__temp0.10__seed7,0.1974310422170173,,8,per_run_oof
internlm3_8b_instruct__arc_test_00385_21b81e4d__temp0.60__seed7,0.25336346415929306,,8,per_run_oof
internlm3_8b_instruct__arc_test_00385_21b81e4d__temp1.00__seed7,0.1793787875398853,,8,per_run_oof
internlm3_8b_instruct__arc_test_00386_510d3831__temp0.10__seed7,0.1835676009166776,,8,per_run_oof
internlm3_8b_instruct__arc_test_00386_510d3831__temp0.60__seed7,0.18640816918673786,,8,per_run_oof
internlm3_8b_instruct__arc_test_00386_510d3831__temp1.00__seed7,0.24242273547365867,,8,per_run_oof
internlm3_8b_instruct__arc_test_00387_b2f54c38__temp0.10__seed7,0.3030081366807159,,8,per_run_oof
internlm3_8b_instruct__arc_test_00387_b2f54c38__temp0.60__seed7,0.3054239378809293,,8,per_run_oof
internlm3_8b_instruct__arc_test_00387_b2f54c38__temp1.00__seed7,0.2702505488020758,,8,per_run_oof
internlm3_8b_instruct__arc_test_00388_2ad5430d__temp0.10__seed7,0.36402179870075274,,8,per_run_oof
internlm3_8b_instruct__arc_test_00388_2ad5430d__temp0.60__seed7,0.24809722536854142,,8,per_run_oof
internlm3_8b_instruct__arc_test_00388_2ad5430d__temp1.00__seed7,0.2762952979076182,,8,per_run_oof
internlm3_8b_instruct__arc_test_00389_ea18f85c__temp0.10__seed7,0.2659441236891131,,8,per_run_oof
internlm3_8b_instruct__arc_test_00389_ea18f85c__temp0.60__seed7,0.3621391059606832,,8,per_run_oof
internlm3_8b_instruct__arc_test_00389_ea18f85c__temp1.00__seed7,0.40456084332258896,,8,per_run_oof
internlm3_8b_instruct__arc_test_00390_c123b71e__temp0.10__seed7,0.32273559223221865,,8,per_run_oof
internlm3_8b_instruct__arc_test_00390_c123b71e__temp0.60__seed7,0.41535105726605265,,8,per_run_oof
internlm3_8b_instruct__arc_test_00390_c123b71e__temp1.00__seed7,0.3348715438463197,,8,per_run_oof
internlm3_8b_instruct__arc_test_00391_d0bb2364__temp0.10__seed7,0.23417052898700394,,8,per_run_oof
internlm3_8b_instruct__arc_test_00391_d0bb2364__temp0.60__seed7,0.26320473782788634,,8,per_run_oof
internlm3_8b_instruct__arc_test_00391_d0bb2364__temp1.00__seed7,0.29556779872529115,,8,per_run_oof
internlm3_8b_instruct__arc_test_00392_5c6cca71__temp0.10__seed7,0.22244723010009734,,8,per_run_oof
internlm3_8b_instruct__arc_test_00392_5c6cca71__temp0.60__seed7,0.22114625359836476,,8,per_run_oof
internlm3_8b_instruct__arc_test_00392_5c6cca71__temp1.00__seed7,0.2666521804910262,,8,per_run_oof
internlm3_8b_instruct__arc_test_00393_365cb767__temp0.10__seed7,0.4023860568245669,,8,per_run_oof
internlm3_8b_instruct__arc_test_00393_365cb767__temp0.60__seed7,0.1740909984681979,,8,per_run_oof
internlm3_8b_instruct__arc_test_00393_365cb767__temp1.00__seed7,0.21384210582972413,,8,per_run_oof
internlm3_8b_instruct__arc_test_00394_c1006e24__temp0.10__seed7,0.13047264014446008,,8,per_run_oof
internlm3_8b_instruct__arc_test_00394_c1006e24__temp0.60__seed7,0.18918900413017886,,8,per_run_oof
internlm3_8b_instruct__arc_test_00394_c1006e24__temp1.00__seed7,0.20178602583116834,,8,per_run_oof
internlm3_8b_instruct__arc_test_00395_19220aa4__temp0.10__seed7,0.2069219456291429,,8,per_run_oof
internlm3_8b_instruct__arc_test_00395_19220aa4__temp0.60__seed7,0.2700131796101828,,8,per_run_oof
internlm3_8b_instruct__arc_test_00395_19220aa4__temp1.00__seed7,0.35079780333785915,,8,per_run_oof
internlm3_8b_instruct__arc_test_00396_199e30ec__temp0.10__seed7,0.20429559118106327,,8,per_run_oof
internlm3_8b_instruct__arc_test_00396_199e30ec__temp0.60__seed7,0.15647528095049273,,8,per_run_oof
internlm3_8b_instruct__arc_test_00396_199e30ec__temp1.00__seed7,0.22112193933926086,,8,per_run_oof
internlm3_8b_instruct__arc_test_00397_6ed7da59__temp0.10__seed7,0.26762441665233155,,8,per_run_oof
internlm3_8b_instruct__arc_test_00397_6ed7da59__temp0.60__seed7,0.18015890758842734,,8,per_run_oof
internlm3_8b_instruct__arc_test_00397_6ed7da59__temp1.00__seed7,0.23156932759262105,,8,per_run_oof
internlm3_8b_instruct__arc_test_00398_615e437d__temp0.10__seed7,0.15525717467749223,1.0,8,per_run_oof
internlm3_8b_instruct__arc_test_00398_615e437d__temp0.60__seed7,0.25523587452453234,0.2857142857142857,8,per_run_oof
internlm3_8b_instruct__arc_test_00398_615e437d__temp1.00__seed7,0.3084776103003116,0.1428571428571429,8,per_run_oof
internlm3_8b_instruct__arc_test_00399_8bb72554__temp0.10__seed7,0.1917552870151154,,8,per_run_oof
internlm3_8b_instruct__arc_test_00399_8bb72554__temp0.60__seed7,0.20865205187308922,,8,per_run_oof
internlm3_8b_instruct__arc_test_00399_8bb72554__temp1.00__seed7,0.388687769813833,,8,per_run_oof
internlm3_8b_instruct__arc_test_00400_bfe816dd__temp0.10__seed7,0.31985237161336144,,8,per_run_oof
internlm3_8b_instruct__arc_test_00400_bfe816dd__temp0.60__seed7,0.06318987007890353,,8,per_run_oof
internlm3_8b_instruct__arc_test_00400_bfe816dd__temp1.00__seed7,0.166564357961312,,8,per_run_oof
internlm3_8b_instruct__arc_test_00401_4e35eaf6__temp0.10__seed7,0.3188470488449866,,8,per_run_oof
internlm3_8b_instruct__arc_test_00401_4e35eaf6__temp0.60__seed7,0.21293042084970065,,8,per_run_oof
internlm3_8b_instruct__arc_test_00401_4e35eaf6__temp1.00__seed7,0.33211193530971617,,8,per_run_oof
internlm3_8b_instruct__arc_test_00402_e0792da4__temp0.10__seed7,0.23003799308571887,,8,per_run_oof
internlm3_8b_instruct__arc_test_00402_e0792da4__temp0.60__seed7,0.09530964609801,,8,per_run_oof
internlm3_8b_instruct__arc_test_00402_e0792da4__temp1.00__seed7,0.25692731004349134,,8,per_run_oof
internlm3_8b_instruct__arc_test_00403_9558705a__temp0.10__seed7,0.23071321460036787,,8,per_run_oof
internlm3_8b_instruct__arc_test_00403_9558705a__temp0.60__seed7,0.26876141460540437,0.5333333333333334,8,per_run_oof
internlm3_8b_instruct__arc_test_00403_9558705a__temp1.00__seed7,0.3785922358702313,,8,per_run_oof
internlm3_8b_instruct__arc_test_00404_8769cf53__temp0.10__seed7,0.24508127018549583,,8,per_run_oof
internlm3_8b_instruct__arc_test_00404_8769cf53__temp0.60__seed7,0.2975864008478575,,8,per_run_oof
internlm3_8b_instruct__arc_test_00404_8769cf53__temp1.00__seed7,0.2799096593135023,,8,per_run_oof
internlm3_8b_instruct__arc_test_00405_0f969551__temp0.10__seed7,0.3021736864780471,,8,per_run_oof
internlm3_8b_instruct__arc_test_00405_0f969551__temp0.60__seed7,0.2821721883067328,,8,per_run_oof
internlm3_8b_instruct__arc_test_00405_0f969551__temp1.00__seed7,0.33946549435694234,,8,per_run_oof
internlm3_8b_instruct__arc_test_00406_7424fa6b__temp0.10__seed7,0.1568159244154896,,8,per_run_oof
internlm3_8b_instruct__arc_test_00406_7424fa6b__temp0.60__seed7,0.2433704544845145,,8,per_run_oof
internlm3_8b_instruct__arc_test_00406_7424fa6b__temp1.00__seed7,0.2622356679013494,,8,per_run_oof
internlm3_8b_instruct__arc_test_00407_86df5880__temp0.10__seed7,0.29035752842320306,,8,per_run_oof
internlm3_8b_instruct__arc_test_00407_86df5880__temp0.60__seed7,0.14937533616004264,,8,per_run_oof
internlm3_8b_instruct__arc_test_00407_86df5880__temp1.00__seed7,0.2290165214648013,,8,per_run_oof
internlm3_8b_instruct__arc_test_00408_4c2fa905__temp0.10__seed7,0.2515509327206672,,8,per_run_oof
internlm3_8b_instruct__arc_test_00408_4c2fa905__temp0.60__seed7,0.33345563243735177,,8,per_run_oof
internlm3_8b_instruct__arc_test_00408_4c2fa905__temp1.00__seed7,0.2727013146797212,,8,per_run_oof
internlm3_8b_instruct__arc_test_00409_e083d145__temp0.10__seed7,0.1946872142997894,,8,per_run_oof
internlm3_8b_instruct__arc_test_00409_e083d145__temp0.60__seed7,0.16658027723183436,,8,per_run_oof
internlm3_8b_instruct__arc_test_00409_e083d145__temp1.00__seed7,0.2562376017008282,,8,per_run_oof
internlm3_8b_instruct__arc_test_00410_c7538370__temp0.10__seed7,0.20706840416671407,,8,per_run_oof
internlm3_8b_instruct__arc_test_00410_c7538370__temp0.60__seed7,0.1803723635716268,,8,per_run_oof
internlm3_8b_instruct__arc_test_00410_c7538370__temp1.00__seed7,0.21393441691017565,,8,per_run_oof
internlm3_8b_instruct__arc_test_00411_bfdfc9d1__temp0.10__seed7,0.18899948088447793,,8,per_run_oof
internlm3_8b_instruct__arc_test_00411_bfdfc9d1__temp0.60__seed7,0.35359033167815135,,8,per_run_oof
internlm3_8b_instruct__arc_test_00411_bfdfc9d1__temp1.00__seed7,0.3574004800075796,0.0,8,per_run_oof
internlm3_8b_instruct__arc_test_00412_1998b3aa__temp0.10__seed7,0.1986764743207453,,8,per_run_oof
internlm3_8b_instruct__arc_test_00412_1998b3aa__temp0.60__seed7,0.15509902417910468,,8,per_run_oof
internlm3_8b_instruct__arc_test_00412_1998b3aa__temp1.00__seed7,0.21643825979396142,,8,per_run_oof
internlm3_8b_instruct__arc_test_00413_302e6269__temp0.10__seed7,0.16192798587618779,,8,per_run_oof
internlm3_8b_instruct__arc_test_00413_302e6269__temp0.60__seed7,0.1702364058966131,,8,per_run_oof
internlm3_8b_instruct__arc_test_00413_302e6269__temp1.00__seed7,0.20747397644685808,,8,per_run_oof
internlm3_8b_instruct__arc_test_00414_526ea1cc__temp0.10__seed7,0.1253532497400851,,8,per_run_oof
internlm3_8b_instruct__arc_test_00414_526ea1cc__temp0.60__seed7,0.15396362513190265,,8,per_run_oof
internlm3_8b_instruct__arc_test_00414_526ea1cc__temp1.00__seed7,0.21430791309035535,,8,per_run_oof
internlm3_8b_instruct__arc_test_00415_8541da3f__temp0.10__seed7,0.5323974285623532,,8,per_run_oof
internlm3_8b_instruct__arc_test_00415_8541da3f__temp0.60__seed7,0.32291450355560436,,8,per_run_oof
internlm3_8b_instruct__arc_test_00415_8541da3f__temp1.00__seed7,0.10629448275219688,,8,per_run_oof
internlm3_8b_instruct__arc_test_00416_1c8c83d8__temp0.10__seed7,0.21905445783389424,,8,per_run_oof
internlm3_8b_instruct__arc_test_00416_1c8c83d8__temp0.60__seed7,0.3314801157392411,,8,per_run_oof
internlm3_8b_instruct__arc_test_00416_1c8c83d8__temp1.00__seed7,0.23305343120847544,,8,per_run_oof
internlm3_8b_instruct__arc_test_00417_d4feaa19__temp0.10__seed7,0.3196419791532934,,8,per_run_oof
internlm3_8b_instruct__arc_test_00417_d4feaa19__temp0.60__seed7,0.2813692108376153,,8,per_run_oof
internlm3_8b_instruct__arc_test_00417_d4feaa19__temp1.00__seed7,0.25294524195111345,,8,per_run_oof
internlm3_8b_instruct__arc_test_00418_9c8ca325__temp0.10__seed7,0.4402066117273371,,8,per_run_oof
internlm3_8b_instruct__arc_test_00418_9c8ca325__temp0.60__seed7,0.2482341490943895,0.6666666666666667,8,per_run_oof
internlm3_8b_instruct__arc_test_00418_9c8ca325__temp1.00__seed7,0.33600575336648897,0.0,8,per_run_oof
internlm3_8b_instruct__arc_test_00419_9e662f9b__temp0.10__seed7,0.16070170287809143,,8,per_run_oof
internlm3_8b_instruct__arc_test_00419_9e662f9b__temp0.60__seed7,0.24764553225732716,,8,per_run_oof
internlm3_8b_instruct__arc_test_00419_9e662f9b__temp1.00__seed7,0.2789956840049147,,8,per_run_oof
internlm3_8b_instruct__arc_test_00420_d643f074__temp0.10__seed7,0.11320018954313213,,8,per_run_oof
internlm3_8b_instruct__arc_test_00420_d643f074__temp0.60__seed7,0.19139702640225348,,8,per_run_oof
internlm3_8b_instruct__arc_test_00420_d643f074__temp1.00__seed7,0.17093572469899976,,8,per_run_oof
internlm3_8b_instruct__arc_test_00421_dde0e2e8__temp0.10__seed7,0.3113984100243935,,8,per_run_oof
internlm3_8b_instruct__arc_test_00421_dde0e2e8__temp0.60__seed7,0.14090374625971042,,8,per_run_oof
internlm3_8b_instruct__arc_test_00421_dde0e2e8__temp1.00__seed7,0.22929757816045526,,8,per_run_oof
internlm3_8b_instruct__arc_test_00422_6dc84e52__temp0.10__seed7,0.21636245869371967,,8,per_run_oof
internlm3_8b_instruct__arc_test_00422_6dc84e52__temp0.60__seed7,0.20698013261144205,,8,per_run_oof
internlm3_8b_instruct__arc_test_00422_6dc84e52__temp1.00__seed7,0.22147123315045122,,8,per_run_oof
internlm3_8b_instruct__arc_test_00423_e5103000__temp0.10__seed7,0.22117838912259732,,8,per_run_oof
internlm3_8b_instruct__arc_test_00423_e5103000__temp0.60__seed7,0.22999243644309514,,8,per_run_oof
internlm3_8b_instruct__arc_test_00423_e5103000__temp1.00__seed7,0.24672673967627567,,8,per_run_oof
internlm3_8b_instruct__arc_test_00424_67b41086__temp0.10__seed7,0.13266497957903167,,8,per_run_oof
internlm3_8b_instruct__arc_test_00424_67b41086__temp0.60__seed7,0.19699819534501062,,8,per_run_oof
internlm3_8b_instruct__arc_test_00424_67b41086__temp1.00__seed7,0.23392292143151885,,8,per_run_oof
internlm3_8b_instruct__arc_test_00425_e3b3f101__temp0.10__seed7,0.24968400014384678,,8,per_run_oof
internlm3_8b_instruct__arc_test_00425_e3b3f101__temp0.60__seed7,0.2741566039230739,,8,per_run_oof
internlm3_8b_instruct__arc_test_00425_e3b3f101__temp1.00__seed7,0.25184008010336534,,8,per_run_oof
internlm3_8b_instruct__arc_test_00426_8ace8de5__temp0.10__seed7,0.21924717559505022,,8,per_run_oof
internlm3_8b_instruct__arc_test_00426_8ace8de5__temp0.60__seed7,0.24992753371190402,,8,per_run_oof
internlm3_8b_instruct__arc_test_00426_8ace8de5__temp1.00__seed7,0.3154321769895146,,8,per_run_oof
internlm3_8b_instruct__arc_test_00427_87d4709d__temp0.10__seed7,0.21771596556564504,,8,per_run_oof
internlm3_8b_instruct__arc_test_00427_87d4709d__temp0.60__seed7,0.24527804826173932,,8,per_run_oof
internlm3_8b_instruct__arc_test_00427_87d4709d__temp1.00__seed7,0.3724413693655768,,8,per_run_oof
internlm3_8b_instruct__arc_test_00428_7287612b__temp0.10__seed7,0.16913286456452534,,8,per_run_oof
internlm3_8b_instruct__arc_test_00428_7287612b__temp0.60__seed7,0.23128302196631706,,8,per_run_oof
internlm3_8b_instruct__arc_test_00428_7287612b__temp1.00__seed7,0.2232019184886176,,8,per_run_oof
internlm3_8b_instruct__arc_test_00429_ecc4d8f9__temp0.10__seed7,0.22769563915871643,,8,per_run_oof
internlm3_8b_instruct__arc_test_00429_ecc4d8f9__temp0.60__seed7,0.19049164518246525,,8,per_run_oof
internlm3_8b_instruct__arc_test_00429_ecc4d8f9__temp1.00__seed7,0.25975926037915775,,8,per_run_oof
internlm3_8b_instruct__arc_test_00430_1f117cb5__temp0.10__seed7,0.17689096317905126,,8,per_run_oof
internlm3_8b_instruct__arc_test_00430_1f117cb5__temp0.60__seed7,0.24380606238094013,,8,per_run_oof
internlm3_8b_instruct__arc_test_00430_1f117cb5__temp1.00__seed7,0.2866308253824752,,8,per_run_oof
internlm3_8b_instruct__arc_test_00431_ed38e3fb__temp0.10__seed7,0.2959324491190103,,8,per_run_oof
internlm3_8b_instruct__arc_test_00431_ed38e3fb__temp0.60__seed7,0.281771805818041,,8,per_run_oof
internlm3_8b_instruct__arc_test_00431_ed38e3fb__temp1.00__seed7,0.230915293275568,,8,per_run_oof
internlm3_8b_instruct__arc_test_00432_b2081734__temp0.10__seed7,0.1954705762071935,,8,per_run_oof
internlm3_8b_instruct__arc_test_00432_b2081734__temp0.60__seed7,0.15311915149759175,,8,per_run_oof
internlm3_8b_instruct__arc_test_00432_b2081734__temp1.00__seed7,0.20594319611308684,,8,per_run_oof
internlm3_8b_instruct__arc_test_00433_8f97d596__temp0.10__seed7,0.32208804392698565,,8,per_run_oof
internlm3_8b_instruct__arc_test_00433_8f97d596__temp0.60__seed7,0.1886655670892763,,8,per_run_oof
internlm3_8b_instruct__arc_test_00433_8f97d596__temp1.00__seed7,0.2540376590491405,,8,per_run_oof
internlm3_8b_instruct__arc_test_00434_5dc9b930__temp0.10__seed7,0.24476599213425568,,8,per_run_oof
internlm3_8b_instruct__arc_test_00434_5dc9b930__temp0.60__seed7,0.23144188824739614,,8,per_run_oof
internlm3_8b_instruct__arc_test_00434_5dc9b930__temp1.00__seed7,0.20800590163613186,,8,per_run_oof
internlm3_8b_instruct__arc_test_00435_5a5808a0__temp0.10__seed7,0.2893444296776968,,8,per_run_oof
internlm3_8b_instruct__arc_test_00435_5a5808a0__temp0.60__seed7,0.30272913381325534,,8,per_run_oof
internlm3_8b_instruct__arc_test_00435_5a5808a0__temp1.00__seed7,0.2263495240485115,,8,per_run_oof
internlm3_8b_instruct__arc_test_00436_1db7d473__temp0.10__seed7,0.1554558885968383,,8,per_run_oof
internlm3_8b_instruct__arc_test_00436_1db7d473__temp0.60__seed7,0.31084772398142047,,8,per_run_oof
internlm3_8b_instruct__arc_test_00436_1db7d473__temp1.00__seed7,0.25830644936956537,,8,per_run_oof
internlm3_8b_instruct__arc_test_00437_68fe5af1__temp0.10__seed7,0.28962652466251027,,8,per_run_oof
internlm3_8b_instruct__arc_test_00437_68fe5af1__temp0.60__seed7,0.19827981779771006,,8,per_run_oof
internlm3_8b_instruct__arc_test_00437_68fe5af1__temp1.00__seed7,0.4022736471560699,,8,per_run_oof
internlm3_8b_instruct__arc_test_00438_e1530cd1__temp0.10__seed7,0.2469708369224039,0.5833333333333333,8,per_run_oof
internlm3_8b_instruct__arc_test_00438_e1530cd1__temp0.60__seed7,0.36318814024927976,0.5,8,per_run_oof
internlm3_8b_instruct__arc_test_00438_e1530cd1__temp1.00__seed7,0.3527717823608041,0.5333333333333334,8,per_run_oof
internlm3_8b_instruct__arc_test_00439_7f2749ab__temp0.10__seed7,0.29318397435111193,,8,per_run_oof
internlm3_8b_instruct__arc_test_00439_7f2749ab__temp0.60__seed7,0.3032691754406684,,8,per_run_oof
internlm3_8b_instruct__arc_test_00439_7f2749ab__temp1.00__seed7,0.2081000007843636,0.6666666666666666,8,per_run_oof
internlm3_8b_instruct__arc_test_00440_9fd46dcf__temp0.10__seed7,0.22130130420295605,1.0,8,per_run_oof
internlm3_8b_instruct__arc_test_00440_9fd46dcf__temp0.60__seed7,0.23835215848568087,,8,per_run_oof
internlm3_8b_instruct__arc_test_00440_9fd46dcf__temp1.00__seed7,0.28979772736056586,,8,per_run_oof
internlm3_8b_instruct__arc_test_00441_fd113834__temp0.10__seed7,0.1572920271821353,,8,per_run_oof
internlm3_8b_instruct__arc_test_00441_fd113834__temp0.60__seed7,0.21788237340774613,,8,per_run_oof
internlm3_8b_instruct__arc_test_00441_fd113834__temp1.00__seed7,0.2268357184149764,,8,per_run_oof
internlm3_8b_instruct__arc_test_00442_69416ff4__temp0.10__seed7,0.1797322602044386,,8,per_run_oof
internlm3_8b_instruct__arc_test_00442_69416ff4__temp0.60__seed7,0.28851363437314337,,8,per_run_oof
internlm3_8b_instruct__arc_test_00442_69416ff4__temp1.00__seed7,0.25579112304636953,,8,per_run_oof
internlm3_8b_instruct__arc_test_00443_0f84df40__temp0.10__seed7,0.17157205459223365,,8,per_run_oof
internlm3_8b_instruct__arc_test_00443_0f84df40__temp0.60__seed7,0.19343928301974855,,8,per_run_oof
internlm3_8b_instruct__arc_test_00443_0f84df40__temp1.00__seed7,0.2335935575293073,,8,per_run_oof
internlm3_8b_instruct__arc_test_00444_6650d6a2__temp0.10__seed7,0.437948969960775,,8,per_run_oof
internlm3_8b_instruct__arc_test_00444_6650d6a2__temp0.60__seed7,0.2206928505600021,,8,per_run_oof
internlm3_8b_instruct__arc_test_00444_6650d6a2__temp1.00__seed7,0.2535105323209623,,8,per_run_oof
internlm3_8b_instruct__arc_test_00445_579013e4__temp0.10__seed7,0.23062942471177977,,8,per_run_oof
internlm3_8b_instruct__arc_test_00445_579013e4__temp0.60__seed7,0.39422152150292117,,8,per_run_oof
internlm3_8b_instruct__arc_test_00445_579013e4__temp1.00__seed7,0.30226946630903434,,8,per_run_oof
internlm3_8b_instruct__arc_test_00446_83c6cc68__temp0.10__seed7,0.18722081104013782,,8,per_run_oof
internlm3_8b_instruct__arc_test_00446_83c6cc68__temp0.60__seed7,0.18371268693092688,,8,per_run_oof
internlm3_8b_instruct__arc_test_00446_83c6cc68__temp1.00__seed7,0.20227297808041858,,8,per_run_oof
internlm3_8b_instruct__arc_test_00447_3639fb8d__temp0.10__seed7,0.18025880036615785,,8,per_run_oof
internlm3_8b_instruct__arc_test_00447_3639fb8d__temp0.60__seed7,0.2562871618488411,,8,per_run_oof
internlm3_8b_instruct__arc_test_00447_3639fb8d__temp1.00__seed7,0.26367585065363985,,8,per_run_oof
internlm3_8b_instruct__arc_test_00448_de7139db__temp0.10__seed7,0.20646226769473847,,8,per_run_oof
internlm3_8b_instruct__arc_test_00448_de7139db__temp0.60__seed7,0.23617819666098905,,8,per_run_oof
internlm3_8b_instruct__arc_test_00448_de7139db__temp1.00__seed7,0.21123587878190916,,8,per_run_oof
internlm3_8b_instruct__arc_test_00449_d9f61263__temp0.10__seed7,0.2317524875401451,,8,per_run_oof
internlm3_8b_instruct__arc_test_00449_d9f61263__temp0.60__seed7,0.2662163356308426,,8,per_run_oof
internlm3_8b_instruct__arc_test_00449_d9f61263__temp1.00__seed7,0.31157763459000004,0.7142857142857143,8,per_run_oof
internlm3_8b_instruct__arc_test_00450_0952139a__temp0.10__seed7,0.24441232775029334,,8,per_run_oof
internlm3_8b_instruct__arc_test_00450_0952139a__temp0.60__seed7,0.24393379805155685,,8,per_run_oof
internlm3_8b_instruct__arc_test_00450_0952139a__temp1.00__seed7,0.19521635447594718,,8,per_run_oof
internlm3_8b_instruct__arc_test_00451_8e4556d1__temp0.10__seed7,0.196741731304742,,8,per_run_oof
internlm3_8b_instruct__arc_test_00451_8e4556d1__temp0.60__seed7,0.1972458931291558,,8,per_run_oof
internlm3_8b_instruct__arc_test_00451_8e4556d1__temp1.00__seed7,0.28793009578145745,,8,per_run_oof
internlm3_8b_instruct__arc_test_00452_47a47cff__temp0.10__seed7,0.1749088441313661,,8,per_run_oof
internlm3_8b_instruct__arc_test_00452_47a47cff__temp0.60__seed7,0.22153581389597543,,8,per_run_oof
internlm3_8b_instruct__arc_test_00452_47a47cff__temp1.00__seed7,0.28770443503769333,,8,per_run_oof
internlm3_8b_instruct__arc_test_00453_40ed6bb4__temp0.10__seed7,0.27930179978391045,,8,per_run_oof
internlm3_8b_instruct__arc_test_00453_40ed6bb4__temp0.60__seed7,0.18563354131186988,,8,per_run_oof
internlm3_8b_instruct__arc_test_00453_40ed6bb4__temp1.00__seed7,0.28779871177998245,0.14285714285714285,8,per_run_oof
internlm3_8b_instruct__arc_test_00454_2e61fff0__temp0.10__seed7,0.13740783566319992,,8,per_run_oof
internlm3_8b_instruct__arc_test_00454_2e61fff0__temp0.60__seed7,0.12081682874502608,,8,per_run_oof
internlm3_8b_instruct__arc_test_00454_2e61fff0__temp1.00__seed7,0.1794242801484084,,8,per_run_oof
internlm3_8b_instruct__arc_test_00455_2cdb2af4__temp0.10__seed7,0.16369104284309394,,8,per_run_oof
internlm3_8b_instruct__arc_test_00455_2cdb2af4__temp0.60__seed7,0.18563460215570454,,8,per_run_oof
internlm3_8b_instruct__arc_test_00455_2cdb2af4__temp1.00__seed7,0.2796133391961193,,8,per_run_oof
internlm3_8b_instruct__arc_test_00456_92cff282__temp0.10__seed7,0.25440797584019004,,8,per_run_oof
internlm3_8b_instruct__arc_test_00456_92cff282__temp0.60__seed7,0.1763851068301444,,8,per_run_oof
internlm3_8b_instruct__arc_test_00456_92cff282__temp1.00__seed7,0.23203631382254614,,8,per_run_oof
internlm3_8b_instruct__arc_test_00457_f210958e__temp0.10__seed7,0.21814441393488948,,8,per_run_oof
internlm3_8b_instruct__arc_test_00457_f210958e__temp0.60__seed7,0.25915984016549043,,8,per_run_oof
internlm3_8b_instruct__arc_test_00457_f210958e__temp1.00__seed7,0.2882037444803775,,8,per_run_oof
internlm3_8b_instruct__arc_test_00458_8bc2e6c0__temp0.10__seed7,0.19621723904656857,,8,per_run_oof
internlm3_8b_instruct__arc_test_00458_8bc2e6c0__temp0.60__seed7,0.24340819708712302,,8,per_run_oof
internlm3_8b_instruct__arc_test_00458_8bc2e6c0__temp1.00__seed7,0.25023629264820113,,8,per_run_oof
internlm3_8b_instruct__arc_test_00459_96b9cbbc__temp0.10__seed7,0.18718483217460952,,8,per_run_oof
internlm3_8b_instruct__arc_test_00459_96b9cbbc__temp0.60__seed7,0.2162764483967032,,8,per_run_oof
internlm3_8b_instruct__arc_test_00459_96b9cbbc__temp1.00__seed7,0.2599655073749754,,8,per_run_oof
internlm3_8b_instruct__arc_test_00460_84e47e98__temp0.10__seed7,0.22361115742512772,,8,per_run_oof
internlm3_8b_instruct__arc_test_00460_84e47e98__temp0.60__seed7,0.23241193340750396,,8,per_run_oof
internlm3_8b_instruct__arc_test_00460_84e47e98__temp1.00__seed7,0.34644962368885235,,8,per_run_oof
internlm3_8b_instruct__arc_test_00461_9ce2c221__temp0.10__seed7,0.17791470016008898,,8,per_run_oof
internlm3_8b_instruct__arc_test_00461_9ce2c221__temp0.60__seed7,0.18902557106377088,,8,per_run_oof
internlm3_8b_instruct__arc_test_00461_9ce2c221__temp1.00__seed7,0.30263105638389987,0.8333333333333334,8,per_run_oof
internlm3_8b_instruct__arc_test_00462_3543ccc3__temp0.10__seed7,0.23704449696145408,,8,per_run_oof
internlm3_8b_instruct__arc_test_00462_3543ccc3__temp0.60__seed7,0.2155423825664594,,8,per_run_oof
internlm3_8b_instruct__arc_test_00462_3543ccc3__temp1.00__seed7,0.19011269646435158,1.0,8,per_run_oof
internlm3_8b_instruct__arc_test_00463_936f56a6__temp0.10__seed7,0.24503058846077164,,8,per_run_oof
internlm3_8b_instruct__arc_test_00463_936f56a6__temp0.60__seed7,0.21212515368436374,,8,per_run_oof
internlm3_8b_instruct__arc_test_00463_936f56a6__temp1.00__seed7,0.198806692536112,,8,per_run_oof
internlm3_8b_instruct__arc_test_00464_1c6f5ced__temp0.10__seed7,0.23643689917728408,,8,per_run_oof
internlm3_8b_instruct__arc_test_00464_1c6f5ced__temp0.60__seed7,0.29939282445036347,0.42857142857142855,8,per_run_oof
internlm3_8b_instruct__arc_test_00464_1c6f5ced__temp1.00__seed7,0.14314404227345054,,8,per_run_oof
internlm3_8b_instruct__arc_test_00465_c79235f3__temp0.10__seed7,0.22100072496928083,,8,per_run_oof
internlm3_8b_instruct__arc_test_00465_c79235f3__temp0.60__seed7,0.3176689004567864,,8,per_run_oof
internlm3_8b_instruct__arc_test_00465_c79235f3__temp1.00__seed7,0.21568657822444523,,8,per_run_oof
internlm3_8b_instruct__arc_test_00466_fdbf98ae__temp0.10__seed7,0.22551261461388009,,8,per_run_oof
internlm3_8b_instruct__arc_test_00466_fdbf98ae__temp0.60__seed7,0.20620490054341445,,8,per_run_oof
internlm3_8b_instruct__arc_test_00466_fdbf98ae__temp1.00__seed7,0.23139376920319082,,8,per_run_oof
internlm3_8b_instruct__arc_test_00467_824e4f06__temp0.10__seed7,0.22400803891017862,,8,per_run_oof
internlm3_8b_instruct__arc_test_00467_824e4f06__temp0.60__seed7,0.25509884802845567,,8,per_run_oof
internlm3_8b_instruct__arc_test_00467_824e4f06__temp1.00__seed7,0.17308119634079622,,8,per_run_oof
internlm3_8b_instruct__arc_test_00468_237145d7__temp0.10__seed7,0.3577116406048141,,8,per_run_oof
internlm3_8b_instruct__arc_test_00468_237145d7__temp0.60__seed7,0.22787198094355635,,8,per_run_oof
internlm3_8b_instruct__arc_test_00468_237145d7__temp1.00__seed7,0.23558066780256454,,8,per_run_oof
internlm3_8b_instruct__arc_test_00469_ea59a9ff__temp0.10__seed7,0.25581045980329337,,8,per_run_oof
internlm3_8b_instruct__arc_test_00469_ea59a9ff__temp0.60__seed7,0.152438265482408,,8,per_run_oof
internlm3_8b_instruct__arc_test_00469_ea59a9ff__temp1.00__seed7,0.19117784659824916,,8,per_run_oof
internlm3_8b_instruct__arc_test_00470_f33f9574__temp0.10__seed7,0.35773430471365747,0.8571428571428571,8,per_run_oof
internlm3_8b_instruct__arc_test_00470_f33f9574__temp0.60__seed7,0.23596124969445428,,8,per_run_oof
internlm3_8b_instruct__arc_test_00470_f33f9574__temp1.00__seed7,0.36360040862196996,,8,per_run_oof
internlm3_8b_instruct__arc_test_00471_70514a76__temp0.10__seed7,0.30253900803222095,,8,per_run_oof
internlm3_8b_instruct__arc_test_00471_70514a76__temp0.60__seed7,0.25207258843786473,,8,per_run_oof
internlm3_8b_instruct__arc_test_00471_70514a76__temp1.00__seed7,0.3052912517792783,,8,per_run_oof
internlm3_8b_instruct__arc_test_00472_b2b2fb94__temp0.10__seed7,0.2115346939440034,,8,per_run_oof
internlm3_8b_instruct__arc_test_00472_b2b2fb94__temp0.60__seed7,0.1568776105472896,,8,per_run_oof
internlm3_8b_instruct__arc_test_00472_b2b2fb94__temp1.00__seed7,0.3196571105949705,,8,per_run_oof
internlm3_8b_instruct__arc_test_00473_b5136afa__temp0.10__seed7,0.1700107651205746,,8,per_run_oof
internlm3_8b_instruct__arc_test_00473_b5136afa__temp0.60__seed7,0.2028429531272459,,8,per_run_oof
internlm3_8b_instruct__arc_test_00473_b5136afa__temp1.00__seed7,0.26930744389516603,,8,per_run_oof
internlm3_8b_instruct__arc_test_00474_a7c577b2__temp0.10__seed7,0.18368154698398256,,8,per_run_oof
internlm3_8b_instruct__arc_test_00474_a7c577b2__temp0.60__seed7,0.1835658669293301,,8,per_run_oof
internlm3_8b_instruct__arc_test_00474_a7c577b2__temp1.00__seed7,0.43387226242615873,,8,per_run_oof
internlm3_8b_instruct__arc_test_00475_f8b88a76__temp0.10__seed7,0.1377059458707186,,8,per_run_oof
internlm3_8b_instruct__arc_test_00475_f8b88a76__temp0.60__seed7,0.14066095035853105,,8,per_run_oof
internlm3_8b_instruct__arc_test_00475_f8b88a76__temp1.00__seed7,0.1758554092026128,,8,per_run_oof
internlm3_8b_instruct__arc_test_00476_fb07057b__temp0.10__seed7,0.15368413048589188,,8,per_run_oof
internlm3_8b_instruct__arc_test_00476_fb07057b__temp0.60__seed7,0.18896225410561518,,8,per_run_oof
internlm3_8b_instruct__arc_test_00476_fb07057b__temp1.00__seed7,0.1986840271863377,,8,per_run_oof
internlm3_8b_instruct__arc_test_00477_a81f16b5__temp0.10__seed7,0.17285183955589029,,8,per_run_oof
internlm3_8b_instruct__arc_test_00477_a81f16b5__temp0.60__seed7,0.22363076880356525,,8,per_run_oof
internlm3_8b_instruct__arc_test_00477_a81f16b5__temp1.00__seed7,0.14904615078364808,,8,per_run_oof
internlm3_8b_instruct__arc_test_00478_4c9725ae__temp0.10__seed7,0.2697999124345134,,8,per_run_oof
internlm3_8b_instruct__arc_test_00478_4c9725ae__temp0.60__seed7,0.2450910057858624,,8,per_run_oof
internlm3_8b_instruct__arc_test_00478_4c9725ae__temp1.00__seed7,0.25859491868095674,,8,per_run_oof
internlm3_8b_instruct__arc_test_00479_cb276647__temp0.10__seed7,0.13995569345621942,,8,per_run_oof
internlm3_8b_instruct__arc_test_00479_cb276647__temp0.60__seed7,0.22265012964888967,,8,per_run_oof
internlm3_8b_instruct__arc_test_00479_cb276647__temp1.00__seed7,0.23671763900088813,,8,per_run_oof
internlm3_8b_instruct__arc_test_00480_99c4d43c__temp0.10__seed7,0.261036585137177,,8,per_run_oof
internlm3_8b_instruct__arc_test_00480_99c4d43c__temp0.60__seed7,0.2685194563233678,,8,per_run_oof
internlm3_8b_instruct__arc_test_00480_99c4d43c__temp1.00__seed7,0.32535340719254185,,8,per_run_oof
internlm3_8b_instruct__arc_test_00481_f0c655bc__temp0.10__seed7,0.2418108917077359,,8,per_run_oof
internlm3_8b_instruct__arc_test_00481_f0c655bc__temp0.60__seed7,0.2998279795495526,,8,per_run_oof
internlm3_8b_instruct__arc_test_00481_f0c655bc__temp1.00__seed7,0.18411519335837578,1.0,8,per_run_oof
internlm3_8b_instruct__arc_test_00482_783ef923__temp0.10__seed7,0.239362319820691,,8,per_run_oof
internlm3_8b_instruct__arc_test_00482_783ef923__temp0.60__seed7,0.24400554387942558,,8,per_run_oof
internlm3_8b_instruct__arc_test_00482_783ef923__temp1.00__seed7,0.20489842393908242,0.2857142857142857,8,per_run_oof
internlm3_8b_instruct__arc_test_00483_9384181a__temp0.10__seed7,0.12543710380701145,,8,per_run_oof
internlm3_8b_instruct__arc_test_00483_9384181a__temp0.60__seed7,0.23193943190030608,,8,per_run_oof
internlm3_8b_instruct__arc_test_00483_9384181a__temp1.00__seed7,0.23196735950648464,,8,per_run_oof
internlm3_8b_instruct__arc_test_00484_a5597afb__temp0.10__seed7,0.27413858243840394,,8,per_run_oof
internlm3_8b_instruct__arc_test_00484_a5597afb__temp0.60__seed7,0.2588709180858193,,8,per_run_oof
internlm3_8b_instruct__arc_test_00484_a5597afb__temp1.00__seed7,0.27964893397077645,,8,per_run_oof
internlm3_8b_instruct__arc_test_00485_4b8d4e29__temp0.10__seed7,0.15517998234701852,,8,per_run_oof
internlm3_8b_instruct__arc_test_00485_4b8d4e29__temp0.60__seed7,0.2821234652282669,,8,per_run_oof
internlm3_8b_instruct__arc_test_00485_4b8d4e29__temp1.00__seed7,0.2377345134804057,,8,per_run_oof
internlm3_8b_instruct__arc_test_00486_605c0abe__temp0.10__seed7,0.23728061497016414,,8,per_run_oof
internlm3_8b_instruct__arc_test_00486_605c0abe__temp0.60__seed7,0.17444530792779223,,8,per_run_oof
internlm3_8b_instruct__arc_test_00486_605c0abe__temp1.00__seed7,0.2120808565862511,,8,per_run_oof
internlm3_8b_instruct__arc_test_00487_b2bdd1ce__temp0.10__seed7,0.16783913657551125,,8,per_run_oof
internlm3_8b_instruct__arc_test_00487_b2bdd1ce__temp0.60__seed7,0.15744733369063818,,8,per_run_oof
internlm3_8b_instruct__arc_test_00487_b2bdd1ce__temp1.00__seed7,0.22376404348960965,,8,per_run_oof
internlm3_8b_instruct__arc_test_00488_5463da3a__temp0.10__seed7,0.14988662468643302,,8,per_run_oof
internlm3_8b_instruct__arc_test_00488_5463da3a__temp0.60__seed7,0.1742361725941718,,8,per_run_oof
internlm3_8b_instruct__arc_test_00488_5463da3a__temp1.00__seed7,0.17004782525343007,,8,per_run_oof
internlm3_8b_instruct__arc_test_00489_c703c0a9__temp0.10__seed7,0.2552391087938798,,8,per_run_oof
internlm3_8b_instruct__arc_test_00489_c703c0a9__temp0.60__seed7,0.24129132395514113,,8,per_run_oof
internlm3_8b_instruct__arc_test_00489_c703c0a9__temp1.00__seed7,0.3189503564525776,,8,per_run_oof
internlm3_8b_instruct__arc_test_00490_4f08600f__temp0.10__seed7,0.22577950911724487,,8,per_run_oof
internlm3_8b_instruct__arc_test_00490_4f08600f__temp0.60__seed7,0.20086369639922158,,8,per_run_oof
internlm3_8b_instruct__arc_test_00490_4f08600f__temp1.00__seed7,0.2771635616251861,,8,per_run_oof
internlm3_8b_instruct__arc_test_00491_ded1fb77__temp0.10__seed7,0.2507641213931817,,8,per_run_oof
internlm3_8b_instruct__arc_test_00491_ded1fb77__temp0.60__seed7,0.27792176456115836,0.8571428571428571,8,per_run_oof
internlm3_8b_instruct__arc_test_00491_ded1fb77__temp1.00__seed7,0.23144932574837965,,8,per_run_oof
internlm3_8b_instruct__arc_test_00492_6cb78bde__temp0.10__seed7,0.2614736819064575,,8,per_run_oof
internlm3_8b_instruct__arc_test_00492_6cb78bde__temp0.60__seed7,0.24555122228785972,,8,per_run_oof
internlm3_8b_instruct__arc_test_00492_6cb78bde__temp1.00__seed7,0.2943318146446246,,8,per_run_oof
internlm3_8b_instruct__arc_test_00493_955ed165__temp0.10__seed7,0.23837524317725528,,8,per_run_oof
internlm3_8b_instruct__arc_test_00493_955ed165__temp0.60__seed7,0.23066055893331966,,8,per_run_oof
internlm3_8b_instruct__arc_test_00493_955ed165__temp1.00__seed7,0.3296163621878151,,8,per_run_oof
internlm3_8b_instruct__arc_test_00494_7d9bb2d6__temp0.10__seed7,0.23601634791967224,,8,per_run_oof
internlm3_8b_instruct__arc_test_00494_7d9bb2d6__temp0.60__seed7,0.26865389622064784,,8,per_run_oof
internlm3_8b_instruct__arc_test_00494_7d9bb2d6__temp1.00__seed7,0.2479727769932521,,8,per_run_oof
internlm3_8b_instruct__arc_test_00495_e38f696f__temp0.10__seed7,0.3193005745600603,,8,per_run_oof
internlm3_8b_instruct__arc_test_00495_e38f696f__temp0.60__seed7,0.18697067795236566,,8,per_run_oof
internlm3_8b_instruct__arc_test_00495_e38f696f__temp1.00__seed7,0.23091491449554435,,8,per_run_oof
internlm3_8b_instruct__arc_test_00496_4f83df33__temp0.10__seed7,0.278445589758392,,8,per_run_oof
internlm3_8b_instruct__arc_test_00496_4f83df33__temp0.60__seed7,0.33121886151844554,,8,per_run_oof
internlm3_8b_instruct__arc_test_00496_4f83df33__temp1.00__seed7,0.21878294003127385,,8,per_run_oof
internlm3_8b_instruct__arc_test_00497_703134ee__temp0.10__seed7,0.28356921072416974,0.5714285714285714,8,per_run_oof
internlm3_8b_instruct__arc_test_00497_703134ee__temp0.60__seed7,0.32158196028296365,0.1428571428571429,8,per_run_oof
internlm3_8b_instruct__arc_test_00497_703134ee__temp1.00__seed7,0.32962490345945383,,8,per_run_oof
internlm3_8b_instruct__arc_test_00498_84afdcdc__temp0.10__seed7,0.20357027887053664,,8,per_run_oof
internlm3_8b_instruct__arc_test_00498_84afdcdc__temp0.60__seed7,0.2868302421498701,,8,per_run_oof
internlm3_8b_instruct__arc_test_00498_84afdcdc__temp1.00__seed7,0.16956096855472746,0.8571428571428572,8,per_run_oof
internlm3_8b_instruct__arc_test_00499_c2a68a4a__temp0.10__seed7,0.16805624415353818,,8,per_run_oof
internlm3_8b_instruct__arc_test_00499_c2a68a4a__temp0.60__seed7,0.27753362490170774,,8,per_run_oof
internlm3_8b_instruct__arc_test_00499_c2a68a4a__temp1.00__seed7,0.3217234889510735,,8,per_run_oof
__pooled__,0.2354865369875979,0.6098504672897196,12000,pooled_oof
