run_id,brier,auc,n,scope
deepseek_r1_distill_1p5b__math_test_00000_5a6bb412__temp0.10__seed7,0.2806874579934767,,14,per_run_oof
deepseek_r1_distill_1p5b__math_test_00000_5a6bb412__temp0.60__seed7,0.2823227019479457,0.23076923076923073,14,per_run_oof
deepseek_r1_distill_1p5b__math_test_00000_5a6bb412__temp1.00__seed7,0.2723543522795807,0.8461538461538461,14,per_run_oof
deepseek_r1_distill_1p5b__math_test_00001_28176864__temp0.10__seed7,0.2909878535345135,,14,per_run_oof
deepseek_r1_distill_1p5b__math_test_00001_28176864__temp0.60__seed7,0.2851842533269445,,14,per_run_oof
deepseek_r1_distill_1p5b__math_test_00001_28176864__temp1.00__seed7,0.30247206436247,0.625,14,per_run_oof
deepseek_r1_distill_1p5b__math_test_00002_12859ab8__temp0.10__seed7,0.22939289439273827,,14,per_run_oof
deepseek_r1_distill_1p5b__math_test_00002_12859ab8__temp0.60__seed7,0.22989131809426286,0.07692307692307687,14,per_run_oof
deepseek_r1_distill_1p5b__math_test_00002_12859ab8__temp1.00__seed7,0.26170002965969846,,14,per_run_oof
deepseek_r1_distill_1p5b__math_test_00003_b88cddac__temp0.10__seed7,0.20743585452820953,,14,per_run_oof
deepseek_r1_distill_1p5b__math_test_00003_b88cddac__temp0.60__seed7,0.25887639736096035,,14,per_run_oof
deepseek_r1_distill_1p5b__math_test_00003_b88cddac__temp1.00__seed7,0.36124394485501105,,14,per_run_oof
deepseek_r1_distill_1p5b__math_test_00004_d6afb929__temp0.10__seed7,0.2078213798308947,,14,per_run_oof
deepseek_r1_distill_1p5b__math_test_00004_d6afb929__temp0.60__seed7,0.24088226312175468,,14,per_run_oof
deepseek_r1_distill_1p5b__math_test_00004_d6afb929__temp1.00__seed7,0.24876762428713542,,14,per_run_oof
deepseek_r1_distill_1p5b__math_test_00005_82ab404f__temp0.10__seed7,0.3141886156003094,,14,per_run_oof
deepseek_r1_distill_1p5b__math_test_00005_82ab404f__temp0.60__seed7,0.19392515422837395,,14,per_run_oof
deepseek_r1_distill_1p5b__math_test_00005_82ab404f__temp1.00__seed7,0.25295713518106683,,14,per_run_oof
deepseek_r1_distill_1p5b__math_test_00006_27e7448e__temp0.10__seed7,0.24028891105238845,,14,per_run_oof
deepseek_r1_distill_1p5b__math_test_00006_27e7448e__temp0.60__seed7,0.24411948068200026,,14,per_run_oof
deepseek_r1_distill_1p5b__math_test_00006_27e7448e__temp1.00__seed7,0.1891202571560737,,14,per_run_oof
deepseek_r1_distill_1p5b__math_test_00007_8a27500a__temp0.10__seed7,0.3367393669160809,,14,per_run_oof
deepseek_r1_distill_1p5b__math_test_00007_8a27500a__temp0.60__seed7,0.21400272108644042,,14,per_run_oof
deepseek_r1_distill_1p5b__math_test_00007_8a27500a__temp1.00__seed7,0.24452613608752335,,14,per_run_oof
deepseek_r1_distill_1p5b__math_test_00008_e894d48c__temp0.10__seed7,0.2474555650065537,,14,per_run_oof
deepseek_r1_distill_1p5b__math_test_00008_e894d48c__temp0.60__seed7,0.27329679483279434,,14,per_run_oof
deepseek_r1_distill_1p5b__math_test_00008_e894d48c__temp1.00__seed7,0.27155048347261207,,14,per_run_oof
deepseek_r1_distill_1p5b__math_test_00009_99c62e67__temp0.10__seed7,0.312719643205297,,14,per_run_oof
deepseek_r1_distill_1p5b__math_test_00009_99c62e67__temp0.60__seed7,0.3187707377711381,,14,per_run_oof
deepseek_r1_distill_1p5b__math_test_00009_99c62e67__temp1.00__seed7,0.31015382740463565,,14,per_run_oof
deepseek_r1_distill_1p5b__math_test_00010_88e977e0__temp0.10__seed7,0.21226232114460197,,14,per_run_oof
deepseek_r1_distill_1p5b__math_test_00010_88e977e0__temp0.60__seed7,0.238693106661137,,14,per_run_oof
deepseek_r1_distill_1p5b__math_test_00010_88e977e0__temp1.00__seed7,0.2008183825174175,,14,per_run_oof
deepseek_r1_distill_1p5b__math_test_00011_3e051151__temp0.10__seed7,0.2617967279660201,,14,per_run_oof
deepseek_r1_distill_1p5b__math_test_00011_3e051151__temp0.60__seed7,0.24946368931746668,,14,per_run_oof
deepseek_r1_distill_1p5b__math_test_00011_3e051151__temp1.00__seed7,0.24674909772447667,,14,per_run_oof
deepseek_r1_distill_1p5b__math_test_00012_2ce46331__temp0.10__seed7,0.23023578964706484,,14,per_run_oof
deepseek_r1_distill_1p5b__math_test_00012_2ce46331__temp0.60__seed7,0.25572782970552105,,14,per_run_oof
deepseek_r1_distill_1p5b__math_test_00012_2ce46331__temp1.00__seed7,0.21052717179550332,,14,per_run_oof
deepseek_r1_distill_1p5b__math_test_00013_3fae6c79__temp0.10__seed7,0.24837535469532226,,14,per_run_oof
deepseek_r1_distill_1p5b__math_test_00013_3fae6c79__temp0.60__seed7,0.23438105831243064,,14,per_run_oof
deepseek_r1_distill_1p5b__math_test_00013_3fae6c79__temp1.00__seed7,0.24611429205675744,,14,per_run_oof
deepseek_r1_distill_1p5b__math_test_00014_4bed628b__temp0.10__seed7,0.3470845991127169,,14,per_run_oof
deepseek_r1_distill_1p5b__math_test_00014_4bed628b__temp0.60__seed7,0.2992230528367288,0.5,14,per_run_oof
deepseek_r1_distill_1p5b__math_test_00014_4bed628b__temp1.00__seed7,0.3111988885019371,,14,per_run_oof
deepseek_r1_distill_1p5b__math_test_00015_04ca2ad3__temp0.10__seed7,0.190581886106858,,14,per_run_oof
deepseek_r1_distill_1p5b__math_test_00015_04ca2ad3__temp0.60__seed7,0.3105681876024443,,14,per_run_oof
deepseek_r1_distill_1p5b__math_test_00015_04ca2ad3__temp1.00__seed7,0.2958668075607952,,14,per_run_oof
deepseek_r1_distill_1p5b__math_test_00016_da610902__temp0.10__seed7,0.32591227415986906,,14,per_run_oof
deepseek_r1_distill_1p5b__math_test_00016_da610902__temp0.60__seed7,0.22979809416418023,,14,per_run_oof
deepseek_r1_distill_1p5b__math_test_00016_da610902__temp1.00__seed7,0.23907818695651567,,14,per_run_oof
deepseek_r1_distill_1p5b__math_test_00017_c6ed297b__temp0.10__seed7,0.3177355251995614,,14,per_run_oof
deepseek_r1_distill_1p5b__math_test_00017_c6ed297b__temp0.60__seed7,0.2232591533811867,,14,per_run_oof
deepseek_r1_distill_1p5b__math_test_00017_c6ed297b__temp1.00__seed7,0.23023586870603951,0.6153846153846154,14,per_run_oof
deepseek_r1_distill_1p5b__math_test_00018_407dceb0__temp0.10__seed7,0.23227393509687913,0.5,14,per_run_oof
deepseek_r1_distill_1p5b__math_test_00018_407dceb0__temp0.60__seed7,0.26913321587884853,0.2727272727272727,14,per_run_oof
deepseek_r1_distill_1p5b__math_test_00018_407dceb0__temp1.00__seed7,0.26571397964613175,0.4888888888888889,14,per_run_oof
deepseek_r1_distill_1p5b__math_test_00019_646b1b85__temp0.10__seed7,0.2543750188393963,,14,per_run_oof
deepseek_r1_distill_1p5b__math_test_00019_646b1b85__temp0.60__seed7,0.27961185918096637,,14,per_run_oof
deepseek_r1_distill_1p5b__math_test_00019_646b1b85__temp1.00__seed7,0.30668823759663494,,14,per_run_oof
deepseek_r1_distill_1p5b__math_test_00020_f9bb4c02__temp0.10__seed7,0.17920006278522577,,14,per_run_oof
deepseek_r1_distill_1p5b__math_test_00020_f9bb4c02__temp0.60__seed7,0.22106292547224432,,14,per_run_oof
deepseek_r1_distill_1p5b__math_test_00020_f9bb4c02__temp1.00__seed7,0.3061878155011178,,14,per_run_oof
deepseek_r1_distill_1p5b__math_test_00021_b40f659d__temp0.10__seed7,0.2204099258877744,0.3076923076923077,14,per_run_oof
deepseek_r1_distill_1p5b__math_test_00021_b40f659d__temp0.60__seed7,0.18296086006482457,,14,per_run_oof
deepseek_r1_distill_1p5b__math_test_00021_b40f659d__temp1.00__seed7,0.1654382376288938,0.8461538461538461,14,per_run_oof
deepseek_r1_distill_1p5b__math_test_00022_8fba220b__temp0.10__seed7,0.2544371501111736,0.5510204081632653,14,per_run_oof
deepseek_r1_distill_1p5b__math_test_00022_8fba220b__temp0.60__seed7,0.15933425564835657,0.9750000000000001,14,per_run_oof
deepseek_r1_distill_1p5b__math_test_00022_8fba220b__temp1.00__seed7,0.28477021319980006,0.07692307692307687,14,per_run_oof
deepseek_r1_distill_1p5b__math_test_00023_998c2d9c__temp0.10__seed7,0.19483856579308018,,14,per_run_oof
deepseek_r1_distill_1p5b__math_test_00023_998c2d9c__temp0.60__seed7,0.1541715537378575,,14,per_run_oof
deepseek_r1_distill_1p5b__math_test_00023_998c2d9c__temp1.00__seed7,0.17289983765762787,,14,per_run_oof
deepseek_r1_distill_1p5b__math_test_00024_f928c750__temp0.10__seed7,0.22608636066569615,,14,per_run_oof
deepseek_r1_distill_1p5b__math_test_00024_f928c750__temp0.60__seed7,0.2631871555563697,,14,per_run_oof
deepseek_r1_distill_1p5b__math_test_00024_f928c750__temp1.00__seed7,0.27756705077681565,,14,per_run_oof
deepseek_r1_distill_1p5b__math_test_00025_4388bd76__temp0.10__seed7,0.3196945054104557,,14,per_run_oof
deepseek_r1_distill_1p5b__math_test_00025_4388bd76__temp0.60__seed7,0.348661026721689,,14,per_run_oof
deepseek_r1_distill_1p5b__math_test_00025_4388bd76__temp1.00__seed7,0.267710727013151,,14,per_run_oof
deepseek_r1_distill_1p5b__math_test_00026_4945051e__temp0.10__seed7,0.25610315714641047,0.3076923076923077,14,per_run_oof
deepseek_r1_distill_1p5b__math_test_00026_4945051e__temp0.60__seed7,0.26413276519046786,0.33333333333333337,14,per_run_oof
deepseek_r1_distill_1p5b__math_test_00026_4945051e__temp1.00__seed7,0.27978878330310014,,14,per_run_oof
deepseek_r1_distill_1p5b__math_test_00027_9d852676__temp0.10__seed7,0.24598837407668842,,14,per_run_oof
deepseek_r1_distill_1p5b__math_test_00027_9d852676__temp0.60__seed7,0.19896134510357247,,14,per_run_oof
deepseek_r1_distill_1p5b__math_test_00027_9d852676__temp1.00__seed7,0.3174437553861579,,14,per_run_oof
deepseek_r1_distill_1p5b__math_test_00028_a585adcc__temp0.10__seed7,0.2429773094050575,,14,per_run_oof
deepseek_r1_distill_1p5b__math_test_00028_a585adcc__temp0.60__seed7,0.24935766764529715,,14,per_run_oof
deepseek_r1_distill_1p5b__math_test_00028_a585adcc__temp1.00__seed7,0.31455116246930087,,14,per_run_oof
deepseek_r1_distill_1p5b__math_test_00029_1b84e405__temp0.10__seed7,0.25707002761053405,,14,per_run_oof
deepseek_r1_distill_1p5b__math_test_00029_1b84e405__temp0.60__seed7,0.27893483423159876,,14,per_run_oof
deepseek_r1_distill_1p5b__math_test_00029_1b84e405__temp1.00__seed7,0.2558838761584354,,14,per_run_oof
deepseek_r1_distill_1p5b__math_test_00030_a477f137__temp0.10__seed7,0.19522221251239125,,14,per_run_oof
deepseek_r1_distill_1p5b__math_test_00030_a477f137__temp0.60__seed7,0.18205295807388563,,14,per_run_oof
deepseek_r1_distill_1p5b__math_test_00030_a477f137__temp1.00__seed7,0.2760121790023441,,14,per_run_oof
deepseek_r1_distill_1p5b__math_test_00031_1bbccbd2__temp0.10__seed7,0.23344858718621242,,14,per_run_oof
deepseek_r1_distill_1p5b__math_test_00031_1bbccbd2__temp0.60__seed7,0.20434581160843143,,14,per_run_oof
deepseek_r1_distill_1p5b__math_test_00031_1bbccbd2__temp1.00__seed7,0.2008698997002063,,14,per_run_oof
deepseek_r1_distill_1p5b__math_test_00032_f08fb3bb__temp0.10__seed7,0.3798972623745787,,14,per_run_oof
deepseek_r1_distill_1p5b__math_test_00032_f08fb3bb__temp0.60__seed7,0.22763353297394015,0.375,14,per_run_oof
deepseek_r1_distill_1p5b__math_test_00032_f08fb3bb__temp1.00__seed7,0.2555751736057987,0.4166666666666667,14,per_run_oof
deepseek_r1_distill_1p5b__math_test_00033_0f789c1f__temp0.10__seed7,0.2103008122459224,,14,per_run_oof
deepseek_r1_distill_1p5b__math_test_00033_0f789c1f__temp0.60__seed7,0.2309680269095922,0.6222222222222222,14,per_run_oof
deepseek_r1_distill_1p5b__math_test_00033_0f789c1f__temp1.00__seed7,0.24301490530054234,0.725,14,per_run_oof
deepseek_r1_distill_1p5b__math_test_00034_dae3e9e5__temp0.10__seed7,0.2000901173080534,,14,per_run_oof
deepseek_r1_distill_1p5b__math_test_00034_dae3e9e5__temp0.60__seed7,0.14069242403885698,,14,per_run_oof
deepseek_r1_distill_1p5b__math_test_00034_dae3e9e5__temp1.00__seed7,0.1968931272932739,,14,per_run_oof
deepseek_r1_distill_1p5b__math_test_00035_f144cd5e__temp0.10__seed7,0.31036102180840724,,14,per_run_oof
deepseek_r1_distill_1p5b__math_test_00035_f144cd5e__temp0.60__seed7,0.23416015886461966,,14,per_run_oof
deepseek_r1_distill_1p5b__math_test_00035_f144cd5e__temp1.00__seed7,0.20683675274302998,,14,per_run_oof
deepseek_r1_distill_1p5b__math_test_00036_ccf4238b__temp0.10__seed7,0.27502959685511563,,14,per_run_oof
deepseek_r1_distill_1p5b__math_test_00036_ccf4238b__temp0.60__seed7,0.29698866909416727,0.4242424242424242,14,per_run_oof
deepseek_r1_distill_1p5b__math_test_00036_ccf4238b__temp1.00__seed7,0.30027909490399624,1.0,14,per_run_oof
deepseek_r1_distill_1p5b__math_test_00037_2426e280__temp0.10__seed7,0.24826885986934738,,14,per_run_oof
deepseek_r1_distill_1p5b__math_test_00037_2426e280__temp0.60__seed7,0.3035294692542596,,14,per_run_oof
deepseek_r1_distill_1p5b__math_test_00037_2426e280__temp1.00__seed7,0.3900279998265184,,14,per_run_oof
deepseek_r1_distill_1p5b__math_test_00038_0e7cb690__temp0.10__seed7,0.2825743562977024,,14,per_run_oof
deepseek_r1_distill_1p5b__math_test_00038_0e7cb690__temp0.60__seed7,0.25756890915789715,,14,per_run_oof
deepseek_r1_distill_1p5b__math_test_00038_0e7cb690__temp1.00__seed7,0.30623631786581657,,14,per_run_oof
deepseek_r1_distill_1p5b__math_test_00039_8ba6a72a__temp0.10__seed7,0.3252505154191105,0.6923076923076923,14,per_run_oof
deepseek_r1_distill_1p5b__math_test_00039_8ba6a72a__temp0.60__seed7,0.2690911876590404,,14,per_run_oof
deepseek_r1_distill_1p5b__math_test_00039_8ba6a72a__temp1.00__seed7,0.27855400066793207,,14,per_run_oof
deepseek_r1_distill_1p5b__math_test_00040_814d16a0__temp0.10__seed7,0.17005733788831753,,14,per_run_oof
deepseek_r1_distill_1p5b__math_test_00040_814d16a0__temp0.60__seed7,0.14795962838635202,,14,per_run_oof
deepseek_r1_distill_1p5b__math_test_00040_814d16a0__temp1.00__seed7,0.11465636186759003,,14,per_run_oof
deepseek_r1_distill_1p5b__math_test_00041_7ad395c5__temp0.10__seed7,0.26728104823300225,,14,per_run_oof
deepseek_r1_distill_1p5b__math_test_00041_7ad395c5__temp0.60__seed7,0.2525712651849844,,14,per_run_oof
deepseek_r1_distill_1p5b__math_test_00041_7ad395c5__temp1.00__seed7,0.2137065281025841,,14,per_run_oof
deepseek_r1_distill_1p5b__math_test_00042_39c9185d__temp0.10__seed7,0.2706751219886507,,14,per_run_oof
deepseek_r1_distill_1p5b__math_test_00042_39c9185d__temp0.60__seed7,0.1932198765818846,,14,per_run_oof
deepseek_r1_distill_1p5b__math_test_00042_39c9185d__temp1.00__seed7,0.18037801854566426,,14,per_run_oof
deepseek_r1_distill_1p5b__math_test_00043_62275531__temp0.10__seed7,0.22813103936041929,0.125,14,per_run_oof
deepseek_r1_distill_1p5b__math_test_00043_62275531__temp0.60__seed7,0.22216200615546694,,14,per_run_oof
deepseek_r1_distill_1p5b__math_test_00043_62275531__temp1.00__seed7,0.19143931867691685,0.9230769230769231,14,per_run_oof
deepseek_r1_distill_1p5b__math_test_00044_810e3649__temp0.10__seed7,0.22878012996932126,0.15384615384615385,14,per_run_oof
deepseek_r1_distill_1p5b__math_test_00044_810e3649__temp0.60__seed7,0.2151292970653599,,14,per_run_oof
deepseek_r1_distill_1p5b__math_test_00044_810e3649__temp1.00__seed7,0.22531977192173971,,14,per_run_oof
deepseek_r1_distill_1p5b__math_test_00045_152ae8e8__temp0.10__seed7,0.19804711946965128,,14,per_run_oof
deepseek_r1_distill_1p5b__math_test_00045_152ae8e8__temp0.60__seed7,0.27130337998169435,,14,per_run_oof
deepseek_r1_distill_1p5b__math_test_00045_152ae8e8__temp1.00__seed7,0.23869595131316376,,14,per_run_oof
deepseek_r1_distill_1p5b__math_test_00046_3e08e6df__temp0.10__seed7,0.2594735823253535,,14,per_run_oof
deepseek_r1_distill_1p5b__math_test_00046_3e08e6df__temp0.60__seed7,0.255086772684077,0.4545454545454545,14,per_run_oof
deepseek_r1_distill_1p5b__math_test_00046_3e08e6df__temp1.00__seed7,0.21904944694423964,,14,per_run_oof
deepseek_r1_distill_1p5b__math_test_00047_3a39ed4a__temp0.10__seed7,0.24459702816747828,0.3636363636363636,14,per_run_oof
deepseek_r1_distill_1p5b__math_test_00047_3a39ed4a__temp0.60__seed7,0.2744723777871016,0.303030303030303,14,per_run_oof
deepseek_r1_distill_1p5b__math_test_00047_3a39ed4a__temp1.00__seed7,0.22847117969302214,0.5416666666666667,14,per_run_oof
deepseek_r1_distill_1p5b__math_test_00048_6a611c4a__temp0.10__seed7,0.16810064967733843,,14,per_run_oof
deepseek_r1_distill_1p5b__math_test_00048_6a611c4a__temp0.60__seed7,0.27260090319035296,,14,per_run_oof
deepseek_r1_distill_1p5b__math_test_00048_6a611c4a__temp1.00__seed7,0.17187145954615043,,14,per_run_oof
deepseek_r1_distill_1p5b__math_test_00049_e45e9b10__temp0.10__seed7,0.26946205881559765,,14,per_run_oof
deepseek_r1_distill_1p5b__math_test_00049_e45e9b10__temp0.60__seed7,0.2223095844517324,,14,per_run_oof
deepseek_r1_distill_1p5b__math_test_00049_e45e9b10__temp1.00__seed7,0.2992682763052678,,14,per_run_oof
deepseek_r1_distill_1p5b__math_test_00050_f4090aaa__temp0.10__seed7,0.3047203837644409,,14,per_run_oof
deepseek_r1_distill_1p5b__math_test_00050_f4090aaa__temp0.60__seed7,0.29583581285266547,,14,per_run_oof
deepseek_r1_distill_1p5b__math_test_00050_f4090aaa__temp1.00__seed7,0.34355751957221,0.5384615384615384,14,per_run_oof
deepseek_r1_distill_1p5b__math_test_00051_1e5ff908__temp0.10__seed7,0.11445924442741909,,14,per_run_oof
deepseek_r1_distill_1p5b__math_test_00051_1e5ff908__temp0.60__seed7,0.11789131146829283,,14,per_run_oof
deepseek_r1_distill_1p5b__math_test_00051_1e5ff908__temp1.00__seed7,0.1938770709844244,,14,per_run_oof
deepseek_r1_distill_1p5b__math_test_00052_5850e1b9__temp0.10__seed7,0.26444904647392636,,14,per_run_oof
deepseek_r1_distill_1p5b__math_test_00052_5850e1b9__temp0.60__seed7,0.3004742177646865,,14,per_run_oof
deepseek_r1_distill_1p5b__math_test_00052_5850e1b9__temp1.00__seed7,0.28095909802159985,0.3076923076923077,14,per_run_oof
deepseek_r1_distill_1p5b__math_test_00053_f8d21f23__temp0.10__seed7,0.18222791104718655,,14,per_run_oof
deepseek_r1_distill_1p5b__math_test_00053_f8d21f23__temp0.60__seed7,0.1917994918419827,,14,per_run_oof
deepseek_r1_distill_1p5b__math_test_00053_f8d21f23__temp1.00__seed7,0.10864173080614405,,14,per_run_oof
deepseek_r1_distill_1p5b__math_test_00054_ddf4c852__temp0.10__seed7,0.2551289429453893,,14,per_run_oof
deepseek_r1_distill_1p5b__math_test_00054_ddf4c852__temp0.60__seed7,0.18120689164623066,,14,per_run_oof
deepseek_r1_distill_1p5b__math_test_00054_ddf4c852__temp1.00__seed7,0.1840708489882809,,14,per_run_oof
deepseek_r1_distill_1p5b__math_test_00055_24952be5__temp0.10__seed7,0.25748775958637854,,14,per_run_oof
deepseek_r1_distill_1p5b__math_test_00055_24952be5__temp0.60__seed7,0.23575386939374515,,14,per_run_oof
deepseek_r1_distill_1p5b__math_test_00055_24952be5__temp1.00__seed7,0.22486251550314815,,14,per_run_oof
deepseek_r1_distill_1p5b__math_test_00056_a8c223a1__temp0.10__seed7,0.17173768563180689,,14,per_run_oof
deepseek_r1_distill_1p5b__math_test_00056_a8c223a1__temp0.60__seed7,0.18318999089115917,,14,per_run_oof
deepseek_r1_distill_1p5b__math_test_00056_a8c223a1__temp1.00__seed7,0.16401984229961886,,14,per_run_oof
deepseek_r1_distill_1p5b__math_test_00057_8236aaa4__temp0.10__seed7,0.24845041792876574,,14,per_run_oof
deepseek_r1_distill_1p5b__math_test_00057_8236aaa4__temp0.60__seed7,0.29147788657909457,0.07692307692307687,14,per_run_oof
deepseek_r1_distill_1p5b__math_test_00057_8236aaa4__temp1.00__seed7,0.2915015318599848,,14,per_run_oof
deepseek_r1_distill_1p5b__math_test_00058_7afa45ab__temp0.10__seed7,0.29717138534067894,0.9230769230769231,14,per_run_oof
deepseek_r1_distill_1p5b__math_test_00058_7afa45ab__temp0.60__seed7,0.2689019726654494,0.5833333333333333,14,per_run_oof
deepseek_r1_distill_1p5b__math_test_00058_7afa45ab__temp1.00__seed7,0.3021421605764483,0.07692307692307687,14,per_run_oof
deepseek_r1_distill_1p5b__math_test_00059_43a9d185__temp0.10__seed7,0.2627570171883836,,14,per_run_oof
deepseek_r1_distill_1p5b__math_test_00059_43a9d185__temp0.60__seed7,0.2121077182793403,,14,per_run_oof
deepseek_r1_distill_1p5b__math_test_00059_43a9d185__temp1.00__seed7,0.2069089512556181,,14,per_run_oof
deepseek_r1_distill_1p5b__math_test_00060_a67ac75a__temp0.10__seed7,0.2273245261991996,,14,per_run_oof
deepseek_r1_distill_1p5b__math_test_00060_a67ac75a__temp0.60__seed7,0.2222108824404234,,14,per_run_oof
deepseek_r1_distill_1p5b__math_test_00060_a67ac75a__temp1.00__seed7,0.2119083866315899,,14,per_run_oof
deepseek_r1_distill_1p5b__math_test_00061_4943c966__temp0.10__seed7,0.2738925150423799,0.16666666666666669,14,per_run_oof
deepseek_r1_distill_1p5b__math_test_00061_4943c966__temp0.60__seed7,0.23748359015281256,0.8461538461538461,14,per_run_oof
deepseek_r1_distill_1p5b__math_test_00061_4943c966__temp1.00__seed7,0.2639606842418196,0.575,14,per_run_oof
deepseek_r1_distill_1p5b__math_test_00062_ae97d603__temp0.10__seed7,0.34410796554945616,,14,per_run_oof
deepseek_r1_distill_1p5b__math_test_00062_ae97d603__temp0.60__seed7,0.3301192217972621,,14,per_run_oof
deepseek_r1_distill_1p5b__math_test_00062_ae97d603__temp1.00__seed7,0.3010229831408049,,14,per_run_oof
deepseek_r1_distill_1p5b__math_test_00063_7eb01312__temp0.10__seed7,0.22442294779498798,,14,per_run_oof
deepseek_r1_distill_1p5b__math_test_00063_7eb01312__temp0.60__seed7,0.3240175304151417,,14,per_run_oof
deepseek_r1_distill_1p5b__math_test_00063_7eb01312__temp1.00__seed7,0.25348679196587404,,14,per_run_oof
deepseek_r1_distill_1p5b__math_test_00064_56e26e67__temp0.10__seed7,0.13293045085616564,,14,per_run_oof
deepseek_r1_distill_1p5b__math_test_00064_56e26e67__temp0.60__seed7,0.26748050207843416,,14,per_run_oof
deepseek_r1_distill_1p5b__math_test_00064_56e26e67__temp1.00__seed7,0.2627867279617265,,14,per_run_oof
deepseek_r1_distill_1p5b__math_test_00065_1d982f42__temp0.10__seed7,0.2693314754363227,,14,per_run_oof
deepseek_r1_distill_1p5b__math_test_00065_1d982f42__temp0.60__seed7,0.24250161672351375,,14,per_run_oof
deepseek_r1_distill_1p5b__math_test_00065_1d982f42__temp1.00__seed7,0.26638757174369077,,14,per_run_oof
deepseek_r1_distill_1p5b__math_test_00066_c503000c__temp0.10__seed7,0.2649879238142051,,14,per_run_oof
deepseek_r1_distill_1p5b__math_test_00066_c503000c__temp0.60__seed7,0.27097142097571086,,14,per_run_oof
deepseek_r1_distill_1p5b__math_test_00066_c503000c__temp1.00__seed7,0.25334794941699984,,14,per_run_oof
deepseek_r1_distill_1p5b__math_test_00067_b2cca4da__temp0.10__seed7,0.2810407825204982,0.24489795918367346,14,per_run_oof
deepseek_r1_distill_1p5b__math_test_00067_b2cca4da__temp0.60__seed7,0.21359150709978872,0.6666666666666666,14,per_run_oof
deepseek_r1_distill_1p5b__math_test_00067_b2cca4da__temp1.00__seed7,0.24409472296061124,0.5625,14,per_run_oof
deepseek_r1_distill_1p5b__math_test_00068_ea595be8__temp0.10__seed7,0.2500009225852203,0.46153846153846156,14,per_run_oof
deepseek_r1_distill_1p5b__math_test_00068_ea595be8__temp0.60__seed7,0.24667254476076442,0.47916666666666674,14,per_run_oof
deepseek_r1_distill_1p5b__math_test_00068_ea595be8__temp1.00__seed7,0.29804408555557727,0.5,14,per_run_oof
deepseek_r1_distill_1p5b__math_test_00069_c6dad45a__temp0.10__seed7,0.22968543415493287,,14,per_run_oof
deepseek_r1_distill_1p5b__math_test_00069_c6dad45a__temp0.60__seed7,0.25614192091295795,0.4444444444444445,14,per_run_oof
deepseek_r1_distill_1p5b__math_test_00069_c6dad45a__temp1.00__seed7,0.26105482045531536,0.6,14,per_run_oof
deepseek_r1_distill_1p5b__math_test_00070_96016437__temp0.10__seed7,0.2816001120267592,0.4166666666666667,14,per_run_oof
deepseek_r1_distill_1p5b__math_test_00070_96016437__temp0.60__seed7,0.270700340001737,0.6666666666666666,14,per_run_oof
deepseek_r1_distill_1p5b__math_test_00070_96016437__temp1.00__seed7,0.27177393002482547,0.75,14,per_run_oof
deepseek_r1_distill_1p5b__math_test_00071_98672352__temp0.10__seed7,0.22300191670753824,,14,per_run_oof
deepseek_r1_distill_1p5b__math_test_00071_98672352__temp0.60__seed7,0.18669966831622767,,14,per_run_oof
deepseek_r1_distill_1p5b__math_test_00071_98672352__temp1.00__seed7,0.25651097894154584,,14,per_run_oof
deepseek_r1_distill_1p5b__math_test_00072_76de8c53__temp0.10__seed7,0.2700263312015004,,14,per_run_oof
deepseek_r1_distill_1p5b__math_test_00072_76de8c53__temp0.60__seed7,0.21385412738544135,,14,per_run_oof
deepseek_r1_distill_1p5b__math_test_00072_76de8c53__temp1.00__seed7,0.27716317143015734,,14,per_run_oof
deepseek_r1_distill_1p5b__math_test_00073_7f9e23c9__temp0.10__seed7,0.2542810630892565,,14,per_run_oof
deepseek_r1_distill_1p5b__math_test_00073_7f9e23c9__temp0.60__seed7,0.1990859617568887,,14,per_run_oof
deepseek_r1_distill_1p5b__math_test_00073_7f9e23c9__temp1.00__seed7,0.28376544202559645,,14,per_run_oof
deepseek_r1_distill_1p5b__math_test_00074_5b6e5429__temp0.10__seed7,0.2607949904010179,0.5416666666666666,14,per_run_oof
deepseek_r1_distill_1p5b__math_test_00074_5b6e5429__temp0.60__seed7,0.2326726669141823,0.6458333333333333,14,per_run_oof
deepseek_r1_distill_1p5b__math_test_00074_5b6e5429__temp1.00__seed7,0.19482355706845325,0.8181818181818181,14,per_run_oof
deepseek_r1_distill_1p5b__math_test_00075_387f76f4__temp0.10__seed7,0.27053769914771425,0.375,14,per_run_oof
deepseek_r1_distill_1p5b__math_test_00075_387f76f4__temp0.60__seed7,0.26064084876401755,0.696969696969697,14,per_run_oof
deepseek_r1_distill_1p5b__math_test_00075_387f76f4__temp1.00__seed7,0.21619221411292996,0.3076923076923077,14,per_run_oof
deepseek_r1_distill_1p5b__math_test_00076_b45bd200__temp0.10__seed7,0.22762532075238487,,14,per_run_oof
deepseek_r1_distill_1p5b__math_test_00076_b45bd200__temp0.60__seed7,0.2476411432843717,,14,per_run_oof
deepseek_r1_distill_1p5b__math_test_00076_b45bd200__temp1.00__seed7,0.2289207324148224,,14,per_run_oof
deepseek_r1_distill_1p5b__math_test_00077_0fdb870e__temp0.10__seed7,0.19390728114591985,,14,per_run_oof
deepseek_r1_distill_1p5b__math_test_00077_0fdb870e__temp0.60__seed7,0.2507671632891895,0.3076923076923077,14,per_run_oof
deepseek_r1_distill_1p5b__math_test_00077_0fdb870e__temp1.00__seed7,0.1424038518723605,,14,per_run_oof
deepseek_r1_distill_1p5b__math_test_00078_7de927b7__temp0.10__seed7,0.2831944655525758,0.3125,14,per_run_oof
deepseek_r1_distill_1p5b__math_test_00078_7de927b7__temp0.60__seed7,0.22399796734861313,0.2727272727272727,14,per_run_oof
deepseek_r1_distill_1p5b__math_test_00078_7de927b7__temp1.00__seed7,0.22873938351605522,0.6249999999999999,14,per_run_oof
deepseek_r1_distill_1p5b__math_test_00079_3f967fbe__temp0.10__seed7,0.2808052683809797,0.32499999999999996,14,per_run_oof
deepseek_r1_distill_1p5b__math_test_00079_3f967fbe__temp0.60__seed7,0.3205806082352253,,14,per_run_oof
deepseek_r1_distill_1p5b__math_test_00079_3f967fbe__temp1.00__seed7,0.3437797217501722,0.6666666666666667,14,per_run_oof
deepseek_r1_distill_1p5b__math_test_00080_ea7d5602__temp0.10__seed7,0.2592173946509756,,14,per_run_oof
deepseek_r1_distill_1p5b__math_test_00080_ea7d5602__temp0.60__seed7,0.2522639912884786,,14,per_run_oof
deepseek_r1_distill_1p5b__math_test_00080_ea7d5602__temp1.00__seed7,0.2197519090861786,,14,per_run_oof
deepseek_r1_distill_1p5b__math_test_00081_df488277__temp0.10__seed7,0.31126168923085146,,14,per_run_oof
deepseek_r1_distill_1p5b__math_test_00081_df488277__temp0.60__seed7,0.22167694345448652,,14,per_run_oof
deepseek_r1_distill_1p5b__math_test_00081_df488277__temp1.00__seed7,0.17718979168780516,,14,per_run_oof
deepseek_r1_distill_1p5b__math_test_00082_7fd2e8f8__temp0.10__seed7,0.2863951300526791,0.6666666666666666,14,per_run_oof
deepseek_r1_distill_1p5b__math_test_00082_7fd2e8f8__temp0.60__seed7,0.27414433513118025,0.4222222222222223,14,per_run_oof
deepseek_r1_distill_1p5b__math_test_00082_7fd2e8f8__temp1.00__seed7,0.24614059851956713,,14,per_run_oof
deepseek_r1_distill_1p5b__math_test_00083_5465f015__temp0.10__seed7,0.2470349357434308,0.5625,14,per_run_oof
deepseek_r1_distill_1p5b__math_test_00083_5465f015__temp0.60__seed7,0.23500663606372596,0.5416666666666666,14,per_run_oof
deepseek_r1_distill_1p5b__math_test_00083_5465f015__temp1.00__seed7,0.18256933867781977,0.6363636363636364,14,per_run_oof
deepseek_r1_distill_1p5b__math_test_00084_c4267ccc__temp0.10__seed7,0.112888379738925,,14,per_run_oof
deepseek_r1_distill_1p5b__math_test_00084_c4267ccc__temp0.60__seed7,0.1368979327252349,,14,per_run_oof
deepseek_r1_distill_1p5b__math_test_00084_c4267ccc__temp1.00__seed7,0.19804363879000228,,14,per_run_oof
deepseek_r1_distill_1p5b__math_test_00085_ab1a6003__temp0.10__seed7,0.23061805188600568,0.6222222222222222,14,per_run_oof
deepseek_r1_distill_1p5b__math_test_00085_ab1a6003__temp0.60__seed7,0.24689254669774297,0.5416666666666666,14,per_run_oof
deepseek_r1_distill_1p5b__math_test_00085_ab1a6003__temp1.00__seed7,0.27215274440252235,0.7692307692307692,14,per_run_oof
deepseek_r1_distill_1p5b__math_test_00086_3447bc00__temp0.10__seed7,0.19747935605182912,,14,per_run_oof
deepseek_r1_distill_1p5b__math_test_00086_3447bc00__temp0.60__seed7,0.15816580760795612,,14,per_run_oof
deepseek_r1_distill_1p5b__math_test_00086_3447bc00__temp1.00__seed7,0.13319191772806194,,14,per_run_oof
deepseek_r1_distill_1p5b__math_test_00087_649d31a4__temp0.10__seed7,0.28199301079894223,,14,per_run_oof
deepseek_r1_distill_1p5b__math_test_00087_649d31a4__temp0.60__seed7,0.2475231839553858,,14,per_run_oof
deepseek_r1_distill_1p5b__math_test_00087_649d31a4__temp1.00__seed7,0.31508358017795907,,14,per_run_oof
deepseek_r1_distill_1p5b__math_test_00088_207198c5__temp0.10__seed7,0.22178186282448592,,14,per_run_oof
deepseek_r1_distill_1p5b__math_test_00088_207198c5__temp0.60__seed7,0.22021490159944287,,14,per_run_oof
deepseek_r1_distill_1p5b__math_test_00088_207198c5__temp1.00__seed7,0.24790131122425918,,14,per_run_oof
deepseek_r1_distill_1p5b__math_test_00089_962971ae__temp0.10__seed7,0.19894208196312824,0.5833333333333334,14,per_run_oof
deepseek_r1_distill_1p5b__math_test_00089_962971ae__temp0.60__seed7,0.16639015132559248,0.5,14,per_run_oof
deepseek_r1_distill_1p5b__math_test_00089_962971ae__temp1.00__seed7,0.21887369888819183,0.4242424242424242,14,per_run_oof
deepseek_r1_distill_1p5b__math_test_00090_f27fcf39__temp0.10__seed7,0.27665521473519245,,14,per_run_oof
deepseek_r1_distill_1p5b__math_test_00090_f27fcf39__temp0.60__seed7,0.28270951987760873,,14,per_run_oof
deepseek_r1_distill_1p5b__math_test_00090_f27fcf39__temp1.00__seed7,0.2640238748672223,,14,per_run_oof
deepseek_r1_distill_1p5b__math_test_00091_6c78d89b__temp0.10__seed7,0.3971565003424239,,14,per_run_oof
deepseek_r1_distill_1p5b__math_test_00091_6c78d89b__temp0.60__seed7,0.3143404891045344,,14,per_run_oof
deepseek_r1_distill_1p5b__math_test_00091_6c78d89b__temp1.00__seed7,0.39151091668182036,,14,per_run_oof
deepseek_r1_distill_1p5b__math_test_00092_d2ef929c__temp0.10__seed7,0.4014851481068841,,14,per_run_oof
deepseek_r1_distill_1p5b__math_test_00092_d2ef929c__temp0.60__seed7,0.3117488979258149,,14,per_run_oof
deepseek_r1_distill_1p5b__math_test_00092_d2ef929c__temp1.00__seed7,0.28245177501317614,,14,per_run_oof
deepseek_r1_distill_1p5b__math_test_00093_c6ee4fae__temp0.10__seed7,0.2943870081258129,,14,per_run_oof
deepseek_r1_distill_1p5b__math_test_00093_c6ee4fae__temp0.60__seed7,0.2910481757504841,,14,per_run_oof
deepseek_r1_distill_1p5b__math_test_00093_c6ee4fae__temp1.00__seed7,0.35140578574278286,,14,per_run_oof
deepseek_r1_distill_1p5b__math_test_00094_82adbbe7__temp0.10__seed7,0.21807685889643122,,14,per_run_oof
deepseek_r1_distill_1p5b__math_test_00094_82adbbe7__temp0.60__seed7,0.27655729061049017,,14,per_run_oof
deepseek_r1_distill_1p5b__math_test_00094_82adbbe7__temp1.00__seed7,0.24866347438350336,,14,per_run_oof
deepseek_r1_distill_1p5b__math_test_00095_21ca381e__temp0.10__seed7,0.2666251011669261,,14,per_run_oof
deepseek_r1_distill_1p5b__math_test_00095_21ca381e__temp0.60__seed7,0.23269577053472448,,14,per_run_oof
deepseek_r1_distill_1p5b__math_test_00095_21ca381e__temp1.00__seed7,0.21670483556411504,,14,per_run_oof
deepseek_r1_distill_1p5b__math_test_00096_9055d1e9__temp0.10__seed7,0.12753633300897307,,14,per_run_oof
deepseek_r1_distill_1p5b__math_test_00096_9055d1e9__temp0.60__seed7,0.08991586163810679,,14,per_run_oof
deepseek_r1_distill_1p5b__math_test_00096_9055d1e9__temp1.00__seed7,0.12554016284379219,,14,per_run_oof
deepseek_r1_distill_1p5b__math_test_00097_30394417__temp0.10__seed7,0.16513155313420538,,14,per_run_oof
deepseek_r1_distill_1p5b__math_test_00097_30394417__temp0.60__seed7,0.1657197822446823,,14,per_run_oof
deepseek_r1_distill_1p5b__math_test_00097_30394417__temp1.00__seed7,0.14867920086195693,,14,per_run_oof
deepseek_r1_distill_1p5b__math_test_00098_9ceda233__temp0.10__seed7,0.16467499084794035,,14,per_run_oof
deepseek_r1_distill_1p5b__math_test_00098_9ceda233__temp0.60__seed7,0.21466802064758814,,14,per_run_oof
deepseek_r1_distill_1p5b__math_test_00098_9ceda233__temp1.00__seed7,0.1391407668970916,,14,per_run_oof
deepseek_r1_distill_1p5b__math_test_00099_491d2137__temp0.10__seed7,0.322501917868033,,14,per_run_oof
deepseek_r1_distill_1p5b__math_test_00099_491d2137__temp0.60__seed7,0.27462304287530376,,14,per_run_oof
deepseek_r1_distill_1p5b__math_test_00099_491d2137__temp1.00__seed7,0.297292361607319,,14,per_run_oof
deepseek_r1_distill_1p5b__math_test_00100_941d341c__temp0.10__seed7,0.22468065511704952,1.0,14,per_run_oof
deepseek_r1_distill_1p5b__math_test_00100_941d341c__temp0.60__seed7,0.24443973628332186,0.6875,14,per_run_oof
deepseek_r1_distill_1p5b__math_test_00100_941d341c__temp1.00__seed7,0.2445128175928655,0.625,14,per_run_oof
deepseek_r1_distill_1p5b__math_test_00101_75e027f9__temp0.10__seed7,0.24114340008764829,,14,per_run_oof
deepseek_r1_distill_1p5b__math_test_00101_75e027f9__temp0.60__seed7,0.25808049400545446,,14,per_run_oof
deepseek_r1_distill_1p5b__math_test_00101_75e027f9__temp1.00__seed7,0.3057945186060223,,14,per_run_oof
deepseek_r1_distill_1p5b__math_test_00102_129dd488__temp0.10__seed7,0.2975777840931859,,14,per_run_oof
deepseek_r1_distill_1p5b__math_test_00102_129dd488__temp0.60__seed7,0.2513463009874041,,14,per_run_oof
deepseek_r1_distill_1p5b__math_test_00102_129dd488__temp1.00__seed7,0.22087352683453387,,14,per_run_oof
deepseek_r1_distill_1p5b__math_test_00103_7b0f3b51__temp0.10__seed7,0.1744085354532254,,14,per_run_oof
deepseek_r1_distill_1p5b__math_test_00103_7b0f3b51__temp0.60__seed7,0.18013873729383947,,14,per_run_oof
deepseek_r1_distill_1p5b__math_test_00103_7b0f3b51__temp1.00__seed7,0.1708092607364944,,14,per_run_oof
deepseek_r1_distill_1p5b__math_test_00104_d684f1e9__temp0.10__seed7,0.27152030306347885,,14,per_run_oof
deepseek_r1_distill_1p5b__math_test_00104_d684f1e9__temp0.60__seed7,0.27226708977729913,,14,per_run_oof
deepseek_r1_distill_1p5b__math_test_00104_d684f1e9__temp1.00__seed7,0.28865398800065717,,14,per_run_oof
deepseek_r1_distill_1p5b__math_test_00105_6b770d5f__temp0.10__seed7,0.19360983579449434,,14,per_run_oof
deepseek_r1_distill_1p5b__math_test_00105_6b770d5f__temp0.60__seed7,0.21270048060152574,,14,per_run_oof
deepseek_r1_distill_1p5b__math_test_00105_6b770d5f__temp1.00__seed7,0.16793130910319665,,14,per_run_oof
deepseek_r1_distill_1p5b__math_test_00106_6e98540c__temp0.10__seed7,0.23735294570308668,,14,per_run_oof
deepseek_r1_distill_1p5b__math_test_00106_6e98540c__temp0.60__seed7,0.16396944684460263,,14,per_run_oof
deepseek_r1_distill_1p5b__math_test_00106_6e98540c__temp1.00__seed7,0.19924638215758456,,14,per_run_oof
deepseek_r1_distill_1p5b__math_test_00107_fd74cd11__temp0.10__seed7,0.2882719310285903,,14,per_run_oof
deepseek_r1_distill_1p5b__math_test_00107_fd74cd11__temp0.60__seed7,0.25970663626082674,,14,per_run_oof
deepseek_r1_distill_1p5b__math_test_00107_fd74cd11__temp1.00__seed7,0.24662359055569016,,14,per_run_oof
deepseek_r1_distill_1p5b__math_test_00108_611e7552__temp0.10__seed7,0.2951734514767977,0.225,14,per_run_oof
deepseek_r1_distill_1p5b__math_test_00108_611e7552__temp0.60__seed7,0.32492910018429927,0.4583333333333333,14,per_run_oof
deepseek_r1_distill_1p5b__math_test_00108_611e7552__temp1.00__seed7,0.3323747241361622,0.5,14,per_run_oof
deepseek_r1_distill_1p5b__math_test_00109_d90424d8__temp0.10__seed7,0.17283469189295594,,14,per_run_oof
deepseek_r1_distill_1p5b__math_test_00109_d90424d8__temp0.60__seed7,0.28726632919031825,,14,per_run_oof
deepseek_r1_distill_1p5b__math_test_00109_d90424d8__temp1.00__seed7,0.27515669715565355,,14,per_run_oof
deepseek_r1_distill_1p5b__math_test_00110_72b3623f__temp0.10__seed7,0.2746095639085995,,14,per_run_oof
deepseek_r1_distill_1p5b__math_test_00110_72b3623f__temp0.60__seed7,0.3278784308196997,,14,per_run_oof
deepseek_r1_distill_1p5b__math_test_00110_72b3623f__temp1.00__seed7,0.25021203712601475,,14,per_run_oof
deepseek_r1_distill_1p5b__math_test_00111_d752e2e3__temp0.10__seed7,0.18430108438535875,,14,per_run_oof
deepseek_r1_distill_1p5b__math_test_00111_d752e2e3__temp0.60__seed7,0.18508199137902884,,14,per_run_oof
deepseek_r1_distill_1p5b__math_test_00111_d752e2e3__temp1.00__seed7,0.21035810135996405,,14,per_run_oof
deepseek_r1_distill_1p5b__math_test_00112_84e6f7fa__temp0.10__seed7,0.20555950313072965,0.7777777777777777,14,per_run_oof
deepseek_r1_distill_1p5b__math_test_00112_84e6f7fa__temp0.60__seed7,0.2794894436955224,,14,per_run_oof
deepseek_r1_distill_1p5b__math_test_00112_84e6f7fa__temp1.00__seed7,0.25309782510631695,0.125,14,per_run_oof
deepseek_r1_distill_1p5b__math_test_00113_f30e88a0__temp0.10__seed7,0.38079843751890596,,14,per_run_oof
deepseek_r1_distill_1p5b__math_test_00113_f30e88a0__temp0.60__seed7,0.3372496952571055,,14,per_run_oof
deepseek_r1_distill_1p5b__math_test_00113_f30e88a0__temp1.00__seed7,0.20842540428608217,,14,per_run_oof
deepseek_r1_distill_1p5b__math_test_00114_deb9efc8__temp0.10__seed7,0.21180501978827554,,14,per_run_oof
deepseek_r1_distill_1p5b__math_test_00114_deb9efc8__temp0.60__seed7,0.28772752647214783,,14,per_run_oof
deepseek_r1_distill_1p5b__math_test_00114_deb9efc8__temp1.00__seed7,0.26174031362749617,,14,per_run_oof
deepseek_r1_distill_1p5b__math_test_00115_e20c9b7a__temp0.10__seed7,0.19088796410052364,,14,per_run_oof
deepseek_r1_distill_1p5b__math_test_00115_e20c9b7a__temp0.60__seed7,0.24458348638360256,,14,per_run_oof
deepseek_r1_distill_1p5b__math_test_00115_e20c9b7a__temp1.00__seed7,0.16446409936216003,,14,per_run_oof
deepseek_r1_distill_1p5b__math_test_00116_61f50e3d__temp0.10__seed7,0.2842148631866857,,14,per_run_oof
deepseek_r1_distill_1p5b__math_test_00116_61f50e3d__temp0.60__seed7,0.30386117191384115,,14,per_run_oof
deepseek_r1_distill_1p5b__math_test_00116_61f50e3d__temp1.00__seed7,0.2583214137682334,,14,per_run_oof
deepseek_r1_distill_1p5b__math_test_00117_e884ad93__temp0.10__seed7,0.2550704901112058,,14,per_run_oof
deepseek_r1_distill_1p5b__math_test_00117_e884ad93__temp0.60__seed7,0.24369429441061216,,14,per_run_oof
deepseek_r1_distill_1p5b__math_test_00117_e884ad93__temp1.00__seed7,0.2816839990319701,,14,per_run_oof
deepseek_r1_distill_1p5b__math_test_00118_fc8ebbb3__temp0.10__seed7,0.2760390741803954,0.2916666666666667,14,per_run_oof
deepseek_r1_distill_1p5b__math_test_00118_fc8ebbb3__temp0.60__seed7,0.30811404156137245,0.0,14,per_run_oof
deepseek_r1_distill_1p5b__math_test_00118_fc8ebbb3__temp1.00__seed7,0.2628144692682498,,14,per_run_oof
deepseek_r1_distill_1p5b__math_test_00119_a6218ea2__temp0.10__seed7,0.22171185152798586,,14,per_run_oof
deepseek_r1_distill_1p5b__math_test_00119_a6218ea2__temp0.60__seed7,0.3126385956921988,,14,per_run_oof
deepseek_r1_distill_1p5b__math_test_00119_a6218ea2__temp1.00__seed7,0.30687626929292255,,14,per_run_oof
deepseek_r1_distill_1p5b__math_test_00120_8eef5288__temp0.10__seed7,0.2475328124190217,,14,per_run_oof
deepseek_r1_distill_1p5b__math_test_00120_8eef5288__temp0.60__seed7,0.23193143076305892,,14,per_run_oof
deepseek_r1_distill_1p5b__math_test_00120_8eef5288__temp1.00__seed7,0.23640331211614618,0.15384615384615385,14,per_run_oof
deepseek_r1_distill_1p5b__math_test_00121_23cfdf25__temp0.10__seed7,0.27813307381131347,,14,per_run_oof
deepseek_r1_distill_1p5b__math_test_00121_23cfdf25__temp0.60__seed7,0.27540679747024605,,14,per_run_oof
deepseek_r1_distill_1p5b__math_test_00121_23cfdf25__temp1.00__seed7,0.3166752344675085,,14,per_run_oof
deepseek_r1_distill_1p5b__math_test_00122_fdf4300d__temp0.10__seed7,0.20379674200547898,,14,per_run_oof
deepseek_r1_distill_1p5b__math_test_00122_fdf4300d__temp0.60__seed7,0.2964137834753022,,14,per_run_oof
deepseek_r1_distill_1p5b__math_test_00122_fdf4300d__temp1.00__seed7,0.18315752999205945,,14,per_run_oof
deepseek_r1_distill_1p5b__math_test_00123_860f65d4__temp0.10__seed7,0.2070522266634416,,14,per_run_oof
deepseek_r1_distill_1p5b__math_test_00123_860f65d4__temp0.60__seed7,0.19732221471475014,,14,per_run_oof
deepseek_r1_distill_1p5b__math_test_00123_860f65d4__temp1.00__seed7,0.25243637087344506,,14,per_run_oof
deepseek_r1_distill_1p5b__math_test_00124_93bacf2d__temp0.10__seed7,0.25987910610268056,,14,per_run_oof
deepseek_r1_distill_1p5b__math_test_00124_93bacf2d__temp0.60__seed7,0.24482816258077542,,14,per_run_oof
deepseek_r1_distill_1p5b__math_test_00124_93bacf2d__temp1.00__seed7,0.31430618052343345,,14,per_run_oof
deepseek_r1_distill_1p5b__math_test_00125_e5ac5620__temp0.10__seed7,0.25582151231035305,,14,per_run_oof
deepseek_r1_distill_1p5b__math_test_00125_e5ac5620__temp0.60__seed7,0.20479104575315926,,14,per_run_oof
deepseek_r1_distill_1p5b__math_test_00125_e5ac5620__temp1.00__seed7,0.1897745637083937,,14,per_run_oof
deepseek_r1_distill_1p5b__math_test_00126_81f4f6da__temp0.10__seed7,0.20247315501603672,,14,per_run_oof
deepseek_r1_distill_1p5b__math_test_00126_81f4f6da__temp0.60__seed7,0.24126130787470065,0.5384615384615384,14,per_run_oof
deepseek_r1_distill_1p5b__math_test_00126_81f4f6da__temp1.00__seed7,0.25721788142039786,0.6923076923076923,14,per_run_oof
deepseek_r1_distill_1p5b__math_test_00127_831d47a3__temp0.10__seed7,0.28757274407103867,,14,per_run_oof
deepseek_r1_distill_1p5b__math_test_00127_831d47a3__temp0.60__seed7,0.3167984211960962,,14,per_run_oof
deepseek_r1_distill_1p5b__math_test_00127_831d47a3__temp1.00__seed7,0.2614019173991692,,14,per_run_oof
deepseek_r1_distill_1p5b__math_test_00128_34115c3f__temp0.10__seed7,0.17422084332999255,,14,per_run_oof
deepseek_r1_distill_1p5b__math_test_00128_34115c3f__temp0.60__seed7,0.23103262256226725,,14,per_run_oof
deepseek_r1_distill_1p5b__math_test_00128_34115c3f__temp1.00__seed7,0.16248151897112398,,14,per_run_oof
deepseek_r1_distill_1p5b__math_test_00129_13560ab9__temp0.10__seed7,0.10324210770366302,,14,per_run_oof
deepseek_r1_distill_1p5b__math_test_00129_13560ab9__temp0.60__seed7,0.09941183513056685,,14,per_run_oof
deepseek_r1_distill_1p5b__math_test_00129_13560ab9__temp1.00__seed7,0.1409538659734124,,14,per_run_oof
deepseek_r1_distill_1p5b__math_test_00130_587c37e4__temp0.10__seed7,0.19416034702882828,,14,per_run_oof
deepseek_r1_distill_1p5b__math_test_00130_587c37e4__temp0.60__seed7,0.16022008447101369,,14,per_run_oof
deepseek_r1_distill_1p5b__math_test_00130_587c37e4__temp1.00__seed7,0.12245942118647309,,14,per_run_oof
deepseek_r1_distill_1p5b__math_test_00131_e4690c90__temp0.10__seed7,0.20872182643566042,,14,per_run_oof
deepseek_r1_distill_1p5b__math_test_00131_e4690c90__temp0.60__seed7,0.1853830730097057,,14,per_run_oof
deepseek_r1_distill_1p5b__math_test_00131_e4690c90__temp1.00__seed7,0.15008547950185144,,14,per_run_oof
deepseek_r1_distill_1p5b__math_test_00132_9804c9ed__temp0.10__seed7,0.2532041691383827,,14,per_run_oof
deepseek_r1_distill_1p5b__math_test_00132_9804c9ed__temp0.60__seed7,0.2872609198212692,,14,per_run_oof
deepseek_r1_distill_1p5b__math_test_00132_9804c9ed__temp1.00__seed7,0.2603075404768941,,14,per_run_oof
deepseek_r1_distill_1p5b__math_test_00133_efc15efb__temp0.10__seed7,0.30070281011380195,,14,per_run_oof
deepseek_r1_distill_1p5b__math_test_00133_efc15efb__temp0.60__seed7,0.2747626405718439,0.07692307692307687,14,per_run_oof
deepseek_r1_distill_1p5b__math_test_00133_efc15efb__temp1.00__seed7,0.2380624364670906,,14,per_run_oof
deepseek_r1_distill_1p5b__math_test_00134_729aab2d__temp0.10__seed7,0.2138662613178412,,14,per_run_oof
deepseek_r1_distill_1p5b__math_test_00134_729aab2d__temp0.60__seed7,0.27545729586010437,,14,per_run_oof
deepseek_r1_distill_1p5b__math_test_00134_729aab2d__temp1.00__seed7,0.30037771743129327,,14,per_run_oof
deepseek_r1_distill_1p5b__math_test_00135_cc85526c__temp0.10__seed7,0.2990020364776181,,14,per_run_oof
deepseek_r1_distill_1p5b__math_test_00135_cc85526c__temp0.60__seed7,0.29918286188319415,,14,per_run_oof
deepseek_r1_distill_1p5b__math_test_00135_cc85526c__temp1.00__seed7,0.32058856735833785,,14,per_run_oof
deepseek_r1_distill_1p5b__math_test_00136_8e69a186__temp0.10__seed7,0.1797642204064258,,14,per_run_oof
deepseek_r1_distill_1p5b__math_test_00136_8e69a186__temp0.60__seed7,0.19835781542156747,,14,per_run_oof
deepseek_r1_distill_1p5b__math_test_00136_8e69a186__temp1.00__seed7,0.17064689588733686,,14,per_run_oof
deepseek_r1_distill_1p5b__math_test_00137_66c4d3d6__temp0.10__seed7,0.23971564535129722,,14,per_run_oof
deepseek_r1_distill_1p5b__math_test_00137_66c4d3d6__temp0.60__seed7,0.2180513451524912,,14,per_run_oof
deepseek_r1_distill_1p5b__math_test_00137_66c4d3d6__temp1.00__seed7,0.18747783196165033,,14,per_run_oof
deepseek_r1_distill_1p5b__math_test_00138_3cca3484__temp0.10__seed7,0.2015841570687671,,14,per_run_oof
deepseek_r1_distill_1p5b__math_test_00138_3cca3484__temp0.60__seed7,0.22848301553374936,,14,per_run_oof
deepseek_r1_distill_1p5b__math_test_00138_3cca3484__temp1.00__seed7,0.23413260508544134,,14,per_run_oof
deepseek_r1_distill_1p5b__math_test_00139_55101384__temp0.10__seed7,0.2584598723785788,,14,per_run_oof
deepseek_r1_distill_1p5b__math_test_00139_55101384__temp0.60__seed7,0.27238091191738906,,14,per_run_oof
deepseek_r1_distill_1p5b__math_test_00139_55101384__temp1.00__seed7,0.28148909160980573,0.625,14,per_run_oof
deepseek_r1_distill_1p5b__math_test_00140_9c2a8a8c__temp0.10__seed7,0.4345558141982075,,14,per_run_oof
deepseek_r1_distill_1p5b__math_test_00140_9c2a8a8c__temp0.60__seed7,0.29468785502977396,,14,per_run_oof
deepseek_r1_distill_1p5b__math_test_00140_9c2a8a8c__temp1.00__seed7,0.2860834313093731,,14,per_run_oof
deepseek_r1_distill_1p5b__math_test_00141_fa53302b__temp0.10__seed7,0.21263343074480862,,14,per_run_oof
deepseek_r1_distill_1p5b__math_test_00141_fa53302b__temp0.60__seed7,0.22210489452913676,,14,per_run_oof
deepseek_r1_distill_1p5b__math_test_00141_fa53302b__temp1.00__seed7,0.28711593162640314,,14,per_run_oof
deepseek_r1_distill_1p5b__math_test_00142_a535d7ed__temp0.10__seed7,0.24743000912415566,0.9,14,per_run_oof
deepseek_r1_distill_1p5b__math_test_00142_a535d7ed__temp0.60__seed7,0.2900866297377741,0.25,14,per_run_oof
deepseek_r1_distill_1p5b__math_test_00142_a535d7ed__temp1.00__seed7,0.29402871825708876,0.45454545454545453,14,per_run_oof
deepseek_r1_distill_1p5b__math_test_00143_f0361309__temp0.10__seed7,0.3123634411537083,,14,per_run_oof
deepseek_r1_distill_1p5b__math_test_00143_f0361309__temp0.60__seed7,0.32781654912492914,,14,per_run_oof
deepseek_r1_distill_1p5b__math_test_00143_f0361309__temp1.00__seed7,0.26418511297602465,,14,per_run_oof
deepseek_r1_distill_1p5b__math_test_00144_3287fa74__temp0.10__seed7,0.24100514944254195,0.625,14,per_run_oof
deepseek_r1_distill_1p5b__math_test_00144_3287fa74__temp0.60__seed7,0.2813967489100072,0.5499999999999999,14,per_run_oof
deepseek_r1_distill_1p5b__math_test_00144_3287fa74__temp1.00__seed7,0.24165619236999802,0.693877551020408,14,per_run_oof
deepseek_r1_distill_1p5b__math_test_00145_bb1c005f__temp0.10__seed7,0.3111411385498265,,14,per_run_oof
deepseek_r1_distill_1p5b__math_test_00145_bb1c005f__temp0.60__seed7,0.27011318132619755,,14,per_run_oof
deepseek_r1_distill_1p5b__math_test_00145_bb1c005f__temp1.00__seed7,0.2486290611267186,,14,per_run_oof
deepseek_r1_distill_1p5b__math_test_00146_faf5031d__temp0.10__seed7,0.1898663212934178,,14,per_run_oof
deepseek_r1_distill_1p5b__math_test_00146_faf5031d__temp0.60__seed7,0.16580140148440314,,14,per_run_oof
deepseek_r1_distill_1p5b__math_test_00146_faf5031d__temp1.00__seed7,0.17604850253039067,,14,per_run_oof
deepseek_r1_distill_1p5b__math_test_00147_390c3a01__temp0.10__seed7,0.26183243882389007,0.15384615384615385,14,per_run_oof
deepseek_r1_distill_1p5b__math_test_00147_390c3a01__temp0.60__seed7,0.278504475695,0.41666666666666663,14,per_run_oof
deepseek_r1_distill_1p5b__math_test_00147_390c3a01__temp1.00__seed7,0.22146702303825666,0.7692307692307692,14,per_run_oof
deepseek_r1_distill_1p5b__math_test_00148_c9dddba4__temp0.10__seed7,0.24294375343008529,0.7000000000000001,14,per_run_oof
deepseek_r1_distill_1p5b__math_test_00148_c9dddba4__temp0.60__seed7,0.2698470587513796,0.4242424242424242,14,per_run_oof
deepseek_r1_distill_1p5b__math_test_00148_c9dddba4__temp1.00__seed7,0.2351124553711966,0.6666666666666666,14,per_run_oof
deepseek_r1_distill_1p5b__math_test_00149_805d659b__temp0.10__seed7,0.18185938519380704,,14,per_run_oof
deepseek_r1_distill_1p5b__math_test_00149_805d659b__temp0.60__seed7,0.18323372330708557,,14,per_run_oof
deepseek_r1_distill_1p5b__math_test_00149_805d659b__temp1.00__seed7,0.2776832269283166,,14,per_run_oof
deepseek_r1_distill_1p5b__math_test_00150_f0a2fdf6__temp0.10__seed7,0.21778867610456673,,14,per_run_oof
deepseek_r1_distill_1p5b__math_test_00150_f0a2fdf6__temp0.60__seed7,0.24749012788020855,,14,per_run_oof
deepseek_r1_distill_1p5b__math_test_00150_f0a2fdf6__temp1.00__seed7,0.22973578739065934,,14,per_run_oof
deepseek_r1_distill_1p5b__math_test_00151_3228d9fb__temp0.10__seed7,0.16627511419850488,,14,per_run_oof
deepseek_r1_distill_1p5b__math_test_00151_3228d9fb__temp0.60__seed7,0.1554752529744871,,14,per_run_oof
deepseek_r1_distill_1p5b__math_test_00151_3228d9fb__temp1.00__seed7,0.1313476626750741,,14,per_run_oof
deepseek_r1_distill_1p5b__math_test_00152_df146136__temp0.10__seed7,0.2586697234403947,,14,per_run_oof
deepseek_r1_distill_1p5b__math_test_00152_df146136__temp0.60__seed7,0.15666547151797344,,14,per_run_oof
deepseek_r1_distill_1p5b__math_test_00152_df146136__temp1.00__seed7,0.1668464331855287,,14,per_run_oof
deepseek_r1_distill_1p5b__math_test_00153_e0a74423__temp0.10__seed7,0.2662250565890623,,14,per_run_oof
deepseek_r1_distill_1p5b__math_test_00153_e0a74423__temp0.60__seed7,0.3368927031400562,,14,per_run_oof
deepseek_r1_distill_1p5b__math_test_00153_e0a74423__temp1.00__seed7,0.34747557972804144,,14,per_run_oof
deepseek_r1_distill_1p5b__math_test_00154_7dc5f86e__temp0.10__seed7,0.24544992444023633,0.575,14,per_run_oof
deepseek_r1_distill_1p5b__math_test_00154_7dc5f86e__temp0.60__seed7,0.2713435130342781,0.2708333333333333,14,per_run_oof
deepseek_r1_distill_1p5b__math_test_00154_7dc5f86e__temp1.00__seed7,0.2701940877631205,0.625,14,per_run_oof
deepseek_r1_distill_1p5b__math_test_00155_ee27b543__temp0.10__seed7,0.2627730791936063,,14,per_run_oof
deepseek_r1_distill_1p5b__math_test_00155_ee27b543__temp0.60__seed7,0.25517716378357286,,14,per_run_oof
deepseek_r1_distill_1p5b__math_test_00155_ee27b543__temp1.00__seed7,0.23594028419775717,,14,per_run_oof
deepseek_r1_distill_1p5b__math_test_00156_95b47adc__temp0.10__seed7,0.19698494311957887,0.9166666666666666,14,per_run_oof
deepseek_r1_distill_1p5b__math_test_00156_95b47adc__temp0.60__seed7,0.18927506658042856,,14,per_run_oof
deepseek_r1_distill_1p5b__math_test_00156_95b47adc__temp1.00__seed7,0.1640834431014653,,14,per_run_oof
deepseek_r1_distill_1p5b__math_test_00157_37701db8__temp0.10__seed7,0.1779425391021252,,14,per_run_oof
deepseek_r1_distill_1p5b__math_test_00157_37701db8__temp0.60__seed7,0.17044700811485808,,14,per_run_oof
deepseek_r1_distill_1p5b__math_test_00157_37701db8__temp1.00__seed7,0.21236779601626438,,14,per_run_oof
deepseek_r1_distill_1p5b__math_test_00158_15e70720__temp0.10__seed7,0.23281393492237998,0.33333333333333337,14,per_run_oof
deepseek_r1_distill_1p5b__math_test_00158_15e70720__temp0.60__seed7,0.2641365802378762,0.46153846153846156,14,per_run_oof
deepseek_r1_distill_1p5b__math_test_00158_15e70720__temp1.00__seed7,0.29321366779688346,,14,per_run_oof
deepseek_r1_distill_1p5b__math_test_00159_7acc030c__temp0.10__seed7,0.25511328662452687,,14,per_run_oof
deepseek_r1_distill_1p5b__math_test_00159_7acc030c__temp0.60__seed7,0.1934285006307581,,14,per_run_oof
deepseek_r1_distill_1p5b__math_test_00159_7acc030c__temp1.00__seed7,0.2129752839067482,,14,per_run_oof
deepseek_r1_distill_1p5b__math_test_00160_e84fb95f__temp0.10__seed7,0.2824982531347359,,14,per_run_oof
deepseek_r1_distill_1p5b__math_test_00160_e84fb95f__temp0.60__seed7,0.3266813194680624,,14,per_run_oof
deepseek_r1_distill_1p5b__math_test_00160_e84fb95f__temp1.00__seed7,0.342545111482822,,14,per_run_oof
deepseek_r1_distill_1p5b__math_test_00161_643e7dc4__temp0.10__seed7,0.26401171512755267,,14,per_run_oof
deepseek_r1_distill_1p5b__math_test_00161_643e7dc4__temp0.60__seed7,0.3243086607872995,,14,per_run_oof
deepseek_r1_distill_1p5b__math_test_00161_643e7dc4__temp1.00__seed7,0.2779717214357232,,14,per_run_oof
deepseek_r1_distill_1p5b__math_test_00162_45ed500c__temp0.10__seed7,0.3031605744644276,,14,per_run_oof
deepseek_r1_distill_1p5b__math_test_00162_45ed500c__temp0.60__seed7,0.27183421580304257,,14,per_run_oof
deepseek_r1_distill_1p5b__math_test_00162_45ed500c__temp1.00__seed7,0.18331985645692503,,14,per_run_oof
deepseek_r1_distill_1p5b__math_test_00163_6f88c8c4__temp0.10__seed7,0.21862729030941988,,14,per_run_oof
deepseek_r1_distill_1p5b__math_test_00163_6f88c8c4__temp0.60__seed7,0.22290922571303154,0.15384615384615385,14,per_run_oof
deepseek_r1_distill_1p5b__math_test_00163_6f88c8c4__temp1.00__seed7,0.2147649775731114,0.7692307692307692,14,per_run_oof
deepseek_r1_distill_1p5b__math_test_00164_a06c5428__temp0.10__seed7,0.16243702203981636,,14,per_run_oof
deepseek_r1_distill_1p5b__math_test_00164_a06c5428__temp0.60__seed7,0.1683112462070347,,14,per_run_oof
deepseek_r1_distill_1p5b__math_test_00164_a06c5428__temp1.00__seed7,0.1883928304744585,,14,per_run_oof
deepseek_r1_distill_1p5b__math_test_00165_2bb09b99__temp0.10__seed7,0.23887877089639814,,14,per_run_oof
deepseek_r1_distill_1p5b__math_test_00165_2bb09b99__temp0.60__seed7,0.24868740442940357,,14,per_run_oof
deepseek_r1_distill_1p5b__math_test_00165_2bb09b99__temp1.00__seed7,0.21443694840921793,,14,per_run_oof
deepseek_r1_distill_1p5b__math_test_00166_e1652a94__temp0.10__seed7,0.2676793092821355,,14,per_run_oof
deepseek_r1_distill_1p5b__math_test_00166_e1652a94__temp0.60__seed7,0.13433731404240762,,14,per_run_oof
deepseek_r1_distill_1p5b__math_test_00166_e1652a94__temp1.00__seed7,0.2680737036512385,,14,per_run_oof
deepseek_r1_distill_1p5b__math_test_00167_87ffe725__temp0.10__seed7,0.26575832854028053,,14,per_run_oof
deepseek_r1_distill_1p5b__math_test_00167_87ffe725__temp0.60__seed7,0.2318063355444814,,14,per_run_oof
deepseek_r1_distill_1p5b__math_test_00167_87ffe725__temp1.00__seed7,0.2469576677904112,,14,per_run_oof
deepseek_r1_distill_1p5b__math_test_00168_0f3086b8__temp0.10__seed7,0.24047975228021556,,14,per_run_oof
deepseek_r1_distill_1p5b__math_test_00168_0f3086b8__temp0.60__seed7,0.28366088017447877,,14,per_run_oof
deepseek_r1_distill_1p5b__math_test_00168_0f3086b8__temp1.00__seed7,0.2664249824312052,,14,per_run_oof
deepseek_r1_distill_1p5b__math_test_00169_1a29884e__temp0.10__seed7,0.20097829680135212,,14,per_run_oof
deepseek_r1_distill_1p5b__math_test_00169_1a29884e__temp0.60__seed7,0.21386908642912655,,14,per_run_oof
deepseek_r1_distill_1p5b__math_test_00169_1a29884e__temp1.00__seed7,0.21694988609915475,,14,per_run_oof
deepseek_r1_distill_1p5b__math_test_00170_7682a602__temp0.10__seed7,0.29803412383469885,,14,per_run_oof
deepseek_r1_distill_1p5b__math_test_00170_7682a602__temp0.60__seed7,0.21757556088655652,,14,per_run_oof
deepseek_r1_distill_1p5b__math_test_00170_7682a602__temp1.00__seed7,0.19417739008173784,,14,per_run_oof
deepseek_r1_distill_1p5b__math_test_00171_dae831e4__temp0.10__seed7,0.3038042222347203,,14,per_run_oof
deepseek_r1_distill_1p5b__math_test_00171_dae831e4__temp0.60__seed7,0.2980468757523531,,14,per_run_oof
deepseek_r1_distill_1p5b__math_test_00171_dae831e4__temp1.00__seed7,0.22307893050037525,,14,per_run_oof
deepseek_r1_distill_1p5b__math_test_00172_6af9182b__temp0.10__seed7,0.2387361297132471,,14,per_run_oof
deepseek_r1_distill_1p5b__math_test_00172_6af9182b__temp0.60__seed7,0.28941760009834594,,14,per_run_oof
deepseek_r1_distill_1p5b__math_test_00172_6af9182b__temp1.00__seed7,0.23409263920661236,,14,per_run_oof
deepseek_r1_distill_1p5b__math_test_00173_f7741471__temp0.10__seed7,0.2831230310125293,,14,per_run_oof
deepseek_r1_distill_1p5b__math_test_00173_f7741471__temp0.60__seed7,0.22446221219919962,,14,per_run_oof
deepseek_r1_distill_1p5b__math_test_00173_f7741471__temp1.00__seed7,0.15564623411167508,,14,per_run_oof
deepseek_r1_distill_1p5b__math_test_00174_660b0932__temp0.10__seed7,0.21148284450444593,,14,per_run_oof
deepseek_r1_distill_1p5b__math_test_00174_660b0932__temp0.60__seed7,0.23610361506417846,,14,per_run_oof
deepseek_r1_distill_1p5b__math_test_00174_660b0932__temp1.00__seed7,0.2305401145115685,,14,per_run_oof
deepseek_r1_distill_1p5b__math_test_00175_ad581760__temp0.10__seed7,0.26165715930116046,,14,per_run_oof
deepseek_r1_distill_1p5b__math_test_00175_ad581760__temp0.60__seed7,0.12220024932088062,,14,per_run_oof
deepseek_r1_distill_1p5b__math_test_00175_ad581760__temp1.00__seed7,0.10806469331509024,,14,per_run_oof
deepseek_r1_distill_1p5b__math_test_00176_3ab8fbcf__temp0.10__seed7,0.22192728675967258,,14,per_run_oof
deepseek_r1_distill_1p5b__math_test_00176_3ab8fbcf__temp0.60__seed7,0.25884200029516174,,14,per_run_oof
deepseek_r1_distill_1p5b__math_test_00176_3ab8fbcf__temp1.00__seed7,0.25472156414874186,,14,per_run_oof
deepseek_r1_distill_1p5b__math_test_00177_88f25299__temp0.10__seed7,0.29613957501922133,,14,per_run_oof
deepseek_r1_distill_1p5b__math_test_00177_88f25299__temp0.60__seed7,0.34698578118972684,,14,per_run_oof
deepseek_r1_distill_1p5b__math_test_00177_88f25299__temp1.00__seed7,0.24044934738573995,,14,per_run_oof
deepseek_r1_distill_1p5b__math_test_00178_af59f7e2__temp0.10__seed7,0.29812467134141674,0.425,14,per_run_oof
deepseek_r1_distill_1p5b__math_test_00178_af59f7e2__temp0.60__seed7,0.2697565985372109,0.37777777777777777,14,per_run_oof
deepseek_r1_distill_1p5b__math_test_00178_af59f7e2__temp1.00__seed7,0.19823055341143028,0.875,14,per_run_oof
deepseek_r1_distill_1p5b__math_test_00179_50c278d5__temp0.10__seed7,0.23346916780383456,0.6363636363636364,14,per_run_oof
deepseek_r1_distill_1p5b__math_test_00179_50c278d5__temp0.60__seed7,0.21675971606378006,0.8,14,per_run_oof
deepseek_r1_distill_1p5b__math_test_00179_50c278d5__temp1.00__seed7,0.27246542315510414,0.55,14,per_run_oof
deepseek_r1_distill_1p5b__math_test_00180_409f8858__temp0.10__seed7,0.22909560588854055,0.7333333333333334,14,per_run_oof
deepseek_r1_distill_1p5b__math_test_00180_409f8858__temp0.60__seed7,0.25227948855776383,0.5333333333333333,14,per_run_oof
deepseek_r1_distill_1p5b__math_test_00180_409f8858__temp1.00__seed7,0.236108902799458,0.7083333333333334,14,per_run_oof
deepseek_r1_distill_1p5b__math_test_00181_40a8a07f__temp0.10__seed7,0.3153957173681207,0.1818181818181818,14,per_run_oof
deepseek_r1_distill_1p5b__math_test_00181_40a8a07f__temp0.60__seed7,0.2786317699956721,0.4444444444444444,14,per_run_oof
deepseek_r1_distill_1p5b__math_test_00181_40a8a07f__temp1.00__seed7,0.2953225307095969,0.375,14,per_run_oof
deepseek_r1_distill_1p5b__math_test_00182_5eec73ff__temp0.10__seed7,0.27164924818902736,,14,per_run_oof
deepseek_r1_distill_1p5b__math_test_00182_5eec73ff__temp0.60__seed7,0.27031198124043343,,14,per_run_oof
deepseek_r1_distill_1p5b__math_test_00182_5eec73ff__temp1.00__seed7,0.25802228898966817,,14,per_run_oof
deepseek_r1_distill_1p5b__math_test_00183_8feeefff__temp0.10__seed7,0.22351077540721373,,14,per_run_oof
deepseek_r1_distill_1p5b__math_test_00183_8feeefff__temp0.60__seed7,0.2414833606396883,,14,per_run_oof
deepseek_r1_distill_1p5b__math_test_00183_8feeefff__temp1.00__seed7,0.23619028311161713,,14,per_run_oof
deepseek_r1_distill_1p5b__math_test_00184_78e3c175__temp0.10__seed7,0.23862894179202682,,14,per_run_oof
deepseek_r1_distill_1p5b__math_test_00184_78e3c175__temp0.60__seed7,0.2878507635921096,,14,per_run_oof
deepseek_r1_distill_1p5b__math_test_00184_78e3c175__temp1.00__seed7,0.2594707215724559,,14,per_run_oof
deepseek_r1_distill_1p5b__math_test_00185_b9d67ef5__temp0.10__seed7,0.10746273091221628,,14,per_run_oof
deepseek_r1_distill_1p5b__math_test_00185_b9d67ef5__temp0.60__seed7,0.1125942815553351,,14,per_run_oof
deepseek_r1_distill_1p5b__math_test_00185_b9d67ef5__temp1.00__seed7,0.08550157272521267,,14,per_run_oof
deepseek_r1_distill_1p5b__math_test_00186_ac02199f__temp0.10__seed7,0.21186472828891537,,14,per_run_oof
deepseek_r1_distill_1p5b__math_test_00186_ac02199f__temp0.60__seed7,0.20793985772004184,,14,per_run_oof
deepseek_r1_distill_1p5b__math_test_00186_ac02199f__temp1.00__seed7,0.23308001650689977,,14,per_run_oof
deepseek_r1_distill_1p5b__math_test_00187_b2db12b1__temp0.10__seed7,0.2336536153905046,,14,per_run_oof
deepseek_r1_distill_1p5b__math_test_00187_b2db12b1__temp0.60__seed7,0.2526439077727381,,14,per_run_oof
deepseek_r1_distill_1p5b__math_test_00187_b2db12b1__temp1.00__seed7,0.2865771719341567,,14,per_run_oof
deepseek_r1_distill_1p5b__math_test_00188_c57b9f68__temp0.10__seed7,0.2384746270854503,0.5416666666666666,14,per_run_oof
deepseek_r1_distill_1p5b__math_test_00188_c57b9f68__temp0.60__seed7,0.17503776940978888,,14,per_run_oof
deepseek_r1_distill_1p5b__math_test_00188_c57b9f68__temp1.00__seed7,0.2630367211335694,,14,per_run_oof
deepseek_r1_distill_1p5b__math_test_00189_d2f49b7f__temp0.10__seed7,0.16954609060449397,,14,per_run_oof
deepseek_r1_distill_1p5b__math_test_00189_d2f49b7f__temp0.60__seed7,0.2284813451839764,,14,per_run_oof
deepseek_r1_distill_1p5b__math_test_00189_d2f49b7f__temp1.00__seed7,0.1888871101757084,,14,per_run_oof
deepseek_r1_distill_1p5b__math_test_00190_ad0c55dc__temp0.10__seed7,0.20532385112956394,,14,per_run_oof
deepseek_r1_distill_1p5b__math_test_00190_ad0c55dc__temp0.60__seed7,0.15653629282696488,,14,per_run_oof
deepseek_r1_distill_1p5b__math_test_00190_ad0c55dc__temp1.00__seed7,0.10503369800323417,,14,per_run_oof
deepseek_r1_distill_1p5b__math_test_00191_b20822d9__temp0.10__seed7,0.19431319877837044,,14,per_run_oof
deepseek_r1_distill_1p5b__math_test_00191_b20822d9__temp0.60__seed7,0.1572812189447424,,14,per_run_oof
deepseek_r1_distill_1p5b__math_test_00191_b20822d9__temp1.00__seed7,0.1677152321167099,,14,per_run_oof
deepseek_r1_distill_1p5b__math_test_00192_a6795966__temp0.10__seed7,0.23862825947009986,0.6041666666666667,14,per_run_oof
deepseek_r1_distill_1p5b__math_test_00192_a6795966__temp0.60__seed7,0.28124915647654164,0.3939393939393939,14,per_run_oof
deepseek_r1_distill_1p5b__math_test_00192_a6795966__temp1.00__seed7,0.2504475394403976,0.725,14,per_run_oof
deepseek_r1_distill_1p5b__math_test_00193_027d8061__temp0.10__seed7,0.24723364609887377,,14,per_run_oof
deepseek_r1_distill_1p5b__math_test_00193_027d8061__temp0.60__seed7,0.16195820787040197,,14,per_run_oof
deepseek_r1_distill_1p5b__math_test_00193_027d8061__temp1.00__seed7,0.15720513177157205,,14,per_run_oof
deepseek_r1_distill_1p5b__math_test_00194_f51f6dd0__temp0.10__seed7,0.20956238741469752,,14,per_run_oof
deepseek_r1_distill_1p5b__math_test_00194_f51f6dd0__temp0.60__seed7,0.2046509726999572,,14,per_run_oof
deepseek_r1_distill_1p5b__math_test_00194_f51f6dd0__temp1.00__seed7,0.2193650421332579,,14,per_run_oof
deepseek_r1_distill_1p5b__math_test_00195_7cc2d650__temp0.10__seed7,0.24757461124415517,,14,per_run_oof
deepseek_r1_distill_1p5b__math_test_00195_7cc2d650__temp0.60__seed7,0.212850879722475,,14,per_run_oof
deepseek_r1_distill_1p5b__math_test_00195_7cc2d650__temp1.00__seed7,0.23617762381808857,,14,per_run_oof
deepseek_r1_distill_1p5b__math_test_00196_4e15c27d__temp0.10__seed7,0.27301794760135173,,14,per_run_oof
deepseek_r1_distill_1p5b__math_test_00196_4e15c27d__temp0.60__seed7,0.23442630570670087,,14,per_run_oof
deepseek_r1_distill_1p5b__math_test_00196_4e15c27d__temp1.00__seed7,0.28236414426374423,,14,per_run_oof
deepseek_r1_distill_1p5b__math_test_00197_ed195676__temp0.10__seed7,0.16531010916341146,,14,per_run_oof
deepseek_r1_distill_1p5b__math_test_00197_ed195676__temp0.60__seed7,0.13851786196090274,,14,per_run_oof
deepseek_r1_distill_1p5b__math_test_00197_ed195676__temp1.00__seed7,0.1853472218361362,,14,per_run_oof
deepseek_r1_distill_1p5b__math_test_00198_85b6e7ea__temp0.10__seed7,0.2071167159217683,,14,per_run_oof
deepseek_r1_distill_1p5b__math_test_00198_85b6e7ea__temp0.60__seed7,0.2307792689482196,,14,per_run_oof
deepseek_r1_distill_1p5b__math_test_00198_85b6e7ea__temp1.00__seed7,0.32266593117341785,,14,per_run_oof
deepseek_r1_distill_1p5b__math_test_00199_c19f27fd__temp0.10__seed7,0.19814802756584463,,14,per_run_oof
deepseek_r1_distill_1p5b__math_test_00199_c19f27fd__temp0.60__seed7,0.15054802868299547,,14,per_run_oof
deepseek_r1_distill_1p5b__math_test_00199_c19f27fd__temp1.00__seed7,0.1368977513869398,,14,per_run_oof
deepseek_r1_distill_1p5b__math_test_00200_bd1fc1ea__temp0.10__seed7,0.280927326162803,,14,per_run_oof
deepseek_r1_distill_1p5b__math_test_00200_bd1fc1ea__temp0.60__seed7,0.2112856524585709,,14,per_run_oof
deepseek_r1_distill_1p5b__math_test_00200_bd1fc1ea__temp1.00__seed7,0.21866172657150187,,14,per_run_oof
deepseek_r1_distill_1p5b__math_test_00201_464f6898__temp0.10__seed7,0.2557561187647407,,14,per_run_oof
deepseek_r1_distill_1p5b__math_test_00201_464f6898__temp0.60__seed7,0.1129785883911228,,14,per_run_oof
deepseek_r1_distill_1p5b__math_test_00201_464f6898__temp1.00__seed7,0.08368016112141412,,14,per_run_oof
deepseek_r1_distill_1p5b__math_test_00202_8904dc37__temp0.10__seed7,0.22648815385515778,,14,per_run_oof
deepseek_r1_distill_1p5b__math_test_00202_8904dc37__temp0.60__seed7,0.20492521267844904,,14,per_run_oof
deepseek_r1_distill_1p5b__math_test_00202_8904dc37__temp1.00__seed7,0.2728460012950867,,14,per_run_oof
deepseek_r1_distill_1p5b__math_test_00203_d026abb8__temp0.10__seed7,0.2882935496943448,0.3846153846153846,14,per_run_oof
deepseek_r1_distill_1p5b__math_test_00203_d026abb8__temp0.60__seed7,0.28278625234920424,1.0,14,per_run_oof
deepseek_r1_distill_1p5b__math_test_00203_d026abb8__temp1.00__seed7,0.2672615439274089,,14,per_run_oof
deepseek_r1_distill_1p5b__math_test_00204_75f78286__temp0.10__seed7,0.1378999024956406,,14,per_run_oof
deepseek_r1_distill_1p5b__math_test_00204_75f78286__temp0.60__seed7,0.1803119884330602,,14,per_run_oof
deepseek_r1_distill_1p5b__math_test_00204_75f78286__temp1.00__seed7,0.21407206823678132,,14,per_run_oof
deepseek_r1_distill_1p5b__math_test_00205_35364df7__temp0.10__seed7,0.15133742329898925,,14,per_run_oof
deepseek_r1_distill_1p5b__math_test_00205_35364df7__temp0.60__seed7,0.18559489143925673,,14,per_run_oof
deepseek_r1_distill_1p5b__math_test_00205_35364df7__temp1.00__seed7,0.16985450619271764,,14,per_run_oof
deepseek_r1_distill_1p5b__math_test_00206_a6788c30__temp0.10__seed7,0.2132651927600646,,14,per_run_oof
deepseek_r1_distill_1p5b__math_test_00206_a6788c30__temp0.60__seed7,0.16822207311645693,,14,per_run_oof
deepseek_r1_distill_1p5b__math_test_00206_a6788c30__temp1.00__seed7,0.20111206601202167,,14,per_run_oof
deepseek_r1_distill_1p5b__math_test_00207_627fc1ba__temp0.10__seed7,0.21794994559042882,,14,per_run_oof
deepseek_r1_distill_1p5b__math_test_00207_627fc1ba__temp0.60__seed7,0.2181475650693278,,14,per_run_oof
deepseek_r1_distill_1p5b__math_test_00207_627fc1ba__temp1.00__seed7,0.16993543569300743,,14,per_run_oof
deepseek_r1_distill_1p5b__math_test_00208_43f47031__temp0.10__seed7,0.2568153055016699,,14,per_run_oof
deepseek_r1_distill_1p5b__math_test_00208_43f47031__temp0.60__seed7,0.26777469111030083,,14,per_run_oof
deepseek_r1_distill_1p5b__math_test_00208_43f47031__temp1.00__seed7,0.2697595838649851,0.23076923076923073,14,per_run_oof
deepseek_r1_distill_1p5b__math_test_00209_877944fa__temp0.10__seed7,0.17921191049939686,,14,per_run_oof
deepseek_r1_distill_1p5b__math_test_00209_877944fa__temp0.60__seed7,0.2799224770997497,,14,per_run_oof
deepseek_r1_distill_1p5b__math_test_00209_877944fa__temp1.00__seed7,0.22010081732829942,,14,per_run_oof
deepseek_r1_distill_1p5b__math_test_00210_51592ad6__temp0.10__seed7,0.31326199537787774,0.3076923076923077,14,per_run_oof
deepseek_r1_distill_1p5b__math_test_00210_51592ad6__temp0.60__seed7,0.31671563097767697,0.5,14,per_run_oof
deepseek_r1_distill_1p5b__math_test_00210_51592ad6__temp1.00__seed7,0.3671502952557086,,14,per_run_oof
deepseek_r1_distill_1p5b__math_test_00211_4c873421__temp0.10__seed7,0.28462427132350554,0.2916666666666667,14,per_run_oof
deepseek_r1_distill_1p5b__math_test_00211_4c873421__temp0.60__seed7,0.2695606305997663,0.3333333333333333,14,per_run_oof
deepseek_r1_distill_1p5b__math_test_00211_4c873421__temp1.00__seed7,0.2948327314088162,0.35,14,per_run_oof
deepseek_r1_distill_1p5b__math_test_00212_a1acafa6__temp0.10__seed7,0.22886166571940764,,14,per_run_oof
deepseek_r1_distill_1p5b__math_test_00212_a1acafa6__temp0.60__seed7,0.21878231778438612,,14,per_run_oof
deepseek_r1_distill_1p5b__math_test_00212_a1acafa6__temp1.00__seed7,0.1558005999921756,,14,per_run_oof
deepseek_r1_distill_1p5b__math_test_00213_4bf84a38__temp0.10__seed7,0.24717966393291757,0.6326530612244898,14,per_run_oof
deepseek_r1_distill_1p5b__math_test_00213_4bf84a38__temp0.60__seed7,0.2436812863036702,0.5454545454545454,14,per_run_oof
deepseek_r1_distill_1p5b__math_test_00213_4bf84a38__temp1.00__seed7,0.20145645997585074,0.625,14,per_run_oof
deepseek_r1_distill_1p5b__math_test_00214_dd220dbb__temp0.10__seed7,0.27150964785258036,0.6153846153846154,14,per_run_oof
deepseek_r1_distill_1p5b__math_test_00214_dd220dbb__temp0.60__seed7,0.30232645461682356,0.75,14,per_run_oof
deepseek_r1_distill_1p5b__math_test_00214_dd220dbb__temp1.00__seed7,0.25726106373486884,,14,per_run_oof
deepseek_r1_distill_1p5b__math_test_00215_d650ba63__temp0.10__seed7,0.2827526883473254,,14,per_run_oof
deepseek_r1_distill_1p5b__math_test_00215_d650ba63__temp0.60__seed7,0.29767554909352184,0.41666666666666663,14,per_run_oof
deepseek_r1_distill_1p5b__math_test_00215_d650ba63__temp1.00__seed7,0.3202878453769347,0.15384615384615385,14,per_run_oof
deepseek_r1_distill_1p5b__math_test_00216_bb0c5189__temp0.10__seed7,0.2949283556866756,,14,per_run_oof
deepseek_r1_distill_1p5b__math_test_00216_bb0c5189__temp0.60__seed7,0.2716470809974136,,14,per_run_oof
deepseek_r1_distill_1p5b__math_test_00216_bb0c5189__temp1.00__seed7,0.291806784044732,,14,per_run_oof
deepseek_r1_distill_1p5b__math_test_00217_f16ba217__temp0.10__seed7,0.18275879192218616,,14,per_run_oof
deepseek_r1_distill_1p5b__math_test_00217_f16ba217__temp0.60__seed7,0.13122369668604708,,14,per_run_oof
deepseek_r1_distill_1p5b__math_test_00217_f16ba217__temp1.00__seed7,0.15416884588466734,,14,per_run_oof
deepseek_r1_distill_1p5b__math_test_00218_9ebeec12__temp0.10__seed7,0.21605363179987977,0.8979591836734694,14,per_run_oof
deepseek_r1_distill_1p5b__math_test_00218_9ebeec12__temp0.60__seed7,0.24723997143196869,0.5,14,per_run_oof
deepseek_r1_distill_1p5b__math_test_00218_9ebeec12__temp1.00__seed7,0.2577840454062193,0.48888888888888893,14,per_run_oof
deepseek_r1_distill_1p5b__math_test_00219_9ce0114c__temp0.10__seed7,0.3245244193168828,,14,per_run_oof
deepseek_r1_distill_1p5b__math_test_00219_9ce0114c__temp0.60__seed7,0.22314565641807851,,14,per_run_oof
deepseek_r1_distill_1p5b__math_test_00219_9ce0114c__temp1.00__seed7,0.20845159202133395,,14,per_run_oof
deepseek_r1_distill_1p5b__math_test_00220_c9d4415d__temp0.10__seed7,0.3029348574502748,,14,per_run_oof
deepseek_r1_distill_1p5b__math_test_00220_c9d4415d__temp0.60__seed7,0.33249275189388033,,14,per_run_oof
deepseek_r1_distill_1p5b__math_test_00220_c9d4415d__temp1.00__seed7,0.33396316976041,,14,per_run_oof
deepseek_r1_distill_1p5b__math_test_00221_6ddce785__temp0.10__seed7,0.27470944633090316,,14,per_run_oof
deepseek_r1_distill_1p5b__math_test_00221_6ddce785__temp0.60__seed7,0.2724856918014814,,14,per_run_oof
deepseek_r1_distill_1p5b__math_test_00221_6ddce785__temp1.00__seed7,0.26597504272352573,,14,per_run_oof
deepseek_r1_distill_1p5b__math_test_00222_67d6eb88__temp0.10__seed7,0.3152261096748354,,14,per_run_oof
deepseek_r1_distill_1p5b__math_test_00222_67d6eb88__temp0.60__seed7,0.2580639371193141,,14,per_run_oof
deepseek_r1_distill_1p5b__math_test_00222_67d6eb88__temp1.00__seed7,0.23636468386214723,,14,per_run_oof
deepseek_r1_distill_1p5b__math_test_00223_e0d9f4b1__temp0.10__seed7,0.21189196118171444,,14,per_run_oof
deepseek_r1_distill_1p5b__math_test_00223_e0d9f4b1__temp0.60__seed7,0.2379740170351729,,14,per_run_oof
deepseek_r1_distill_1p5b__math_test_00223_e0d9f4b1__temp1.00__seed7,0.31066102904622805,,14,per_run_oof
deepseek_r1_distill_1p5b__math_test_00224_a4838f9f__temp0.10__seed7,0.2880956280905928,,14,per_run_oof
deepseek_r1_distill_1p5b__math_test_00224_a4838f9f__temp0.60__seed7,0.3112411576135289,,14,per_run_oof
deepseek_r1_distill_1p5b__math_test_00224_a4838f9f__temp1.00__seed7,0.26846515421268397,0.7692307692307692,14,per_run_oof
deepseek_r1_distill_1p5b__math_test_00225_aa62338d__temp0.10__seed7,0.23272856883987023,0.675,14,per_run_oof
deepseek_r1_distill_1p5b__math_test_00225_aa62338d__temp0.60__seed7,0.2675208480977069,,14,per_run_oof
deepseek_r1_distill_1p5b__math_test_00225_aa62338d__temp1.00__seed7,0.2558610923068036,0.0,14,per_run_oof
deepseek_r1_distill_1p5b__math_test_00226_4db0af17__temp0.10__seed7,0.229143535945735,,14,per_run_oof
deepseek_r1_distill_1p5b__math_test_00226_4db0af17__temp0.60__seed7,0.19660349705097022,,14,per_run_oof
deepseek_r1_distill_1p5b__math_test_00226_4db0af17__temp1.00__seed7,0.24208096677216845,,14,per_run_oof
deepseek_r1_distill_1p5b__math_test_00227_bd91686d__temp0.10__seed7,0.13795821110279255,,14,per_run_oof
deepseek_r1_distill_1p5b__math_test_00227_bd91686d__temp0.60__seed7,0.16342548828250053,,14,per_run_oof
deepseek_r1_distill_1p5b__math_test_00227_bd91686d__temp1.00__seed7,0.37791633536284397,,14,per_run_oof
deepseek_r1_distill_1p5b__math_test_00228_f8913fbd__temp0.10__seed7,0.1676832949827852,,14,per_run_oof
deepseek_r1_distill_1p5b__math_test_00228_f8913fbd__temp0.60__seed7,0.18684394944942165,0.46153846153846156,14,per_run_oof
deepseek_r1_distill_1p5b__math_test_00228_f8913fbd__temp1.00__seed7,0.19555333680780268,0.6153846153846154,14,per_run_oof
deepseek_r1_distill_1p5b__math_test_00229_3671f9fa__temp0.10__seed7,0.20704185755965412,,14,per_run_oof
deepseek_r1_distill_1p5b__math_test_00229_3671f9fa__temp0.60__seed7,0.11956912567298339,,14,per_run_oof
deepseek_r1_distill_1p5b__math_test_00229_3671f9fa__temp1.00__seed7,0.07993646533315528,,14,per_run_oof
deepseek_r1_distill_1p5b__math_test_00230_5de9111d__temp0.10__seed7,0.1898858542274496,,14,per_run_oof
deepseek_r1_distill_1p5b__math_test_00230_5de9111d__temp0.60__seed7,0.2802774380647312,0.8333333333333334,14,per_run_oof
deepseek_r1_distill_1p5b__math_test_00230_5de9111d__temp1.00__seed7,0.24031349116773118,,14,per_run_oof
deepseek_r1_distill_1p5b__math_test_00231_f1b686d3__temp0.10__seed7,0.251589946576745,,14,per_run_oof
deepseek_r1_distill_1p5b__math_test_00231_f1b686d3__temp0.60__seed7,0.27030701705430416,,14,per_run_oof
deepseek_r1_distill_1p5b__math_test_00231_f1b686d3__temp1.00__seed7,0.28039405004707124,,14,per_run_oof
deepseek_r1_distill_1p5b__math_test_00232_99f94cd0__temp0.10__seed7,0.23894331667843158,0.16666666666666663,14,per_run_oof
deepseek_r1_distill_1p5b__math_test_00232_99f94cd0__temp0.60__seed7,0.30704375953585783,,14,per_run_oof
deepseek_r1_distill_1p5b__math_test_00232_99f94cd0__temp1.00__seed7,0.3421651866180237,,14,per_run_oof
deepseek_r1_distill_1p5b__math_test_00233_05e64b69__temp0.10__seed7,0.32125951299013883,,14,per_run_oof
deepseek_r1_distill_1p5b__math_test_00233_05e64b69__temp0.60__seed7,0.30635721034526003,,14,per_run_oof
deepseek_r1_distill_1p5b__math_test_00233_05e64b69__temp1.00__seed7,0.2175434249345358,,14,per_run_oof
deepseek_r1_distill_1p5b__math_test_00234_03dfd5f4__temp0.10__seed7,0.2020388424433788,,14,per_run_oof
deepseek_r1_distill_1p5b__math_test_00234_03dfd5f4__temp0.60__seed7,0.21504400324610415,,14,per_run_oof
deepseek_r1_distill_1p5b__math_test_00234_03dfd5f4__temp1.00__seed7,0.15695321582503396,,14,per_run_oof
deepseek_r1_distill_1p5b__math_test_00235_13c2c9be__temp0.10__seed7,0.26465924717475403,,14,per_run_oof
deepseek_r1_distill_1p5b__math_test_00235_13c2c9be__temp0.60__seed7,0.22529504255789193,,14,per_run_oof
deepseek_r1_distill_1p5b__math_test_00235_13c2c9be__temp1.00__seed7,0.21856932985060773,,14,per_run_oof
deepseek_r1_distill_1p5b__math_test_00236_d5de6a08__temp0.10__seed7,0.272242518685721,,14,per_run_oof
deepseek_r1_distill_1p5b__math_test_00236_d5de6a08__temp0.60__seed7,0.24976592985575155,,14,per_run_oof
deepseek_r1_distill_1p5b__math_test_00236_d5de6a08__temp1.00__seed7,0.33196537107809726,,14,per_run_oof
deepseek_r1_distill_1p5b__math_test_00237_4bcd0b41__temp0.10__seed7,0.2234811004140724,,14,per_run_oof
deepseek_r1_distill_1p5b__math_test_00237_4bcd0b41__temp0.60__seed7,0.1837068328948804,,14,per_run_oof
deepseek_r1_distill_1p5b__math_test_00237_4bcd0b41__temp1.00__seed7,0.21116449812438756,,14,per_run_oof
deepseek_r1_distill_1p5b__math_test_00238_c8c67f45__temp0.10__seed7,0.2404033215206438,,14,per_run_oof
deepseek_r1_distill_1p5b__math_test_00238_c8c67f45__temp0.60__seed7,0.23495781694466575,,14,per_run_oof
deepseek_r1_distill_1p5b__math_test_00238_c8c67f45__temp1.00__seed7,0.28046155302985715,,14,per_run_oof
deepseek_r1_distill_1p5b__math_test_00239_9b20bddf__temp0.10__seed7,0.29397713074352566,1.0,14,per_run_oof
deepseek_r1_distill_1p5b__math_test_00239_9b20bddf__temp0.60__seed7,0.28508623495046403,0.47500000000000003,14,per_run_oof
deepseek_r1_distill_1p5b__math_test_00239_9b20bddf__temp1.00__seed7,0.3334000671855183,0.15384615384615385,14,per_run_oof
deepseek_r1_distill_1p5b__math_test_00240_52c92561__temp0.10__seed7,0.22073534531479486,,14,per_run_oof
deepseek_r1_distill_1p5b__math_test_00240_52c92561__temp0.60__seed7,0.19843131881745799,,14,per_run_oof
deepseek_r1_distill_1p5b__math_test_00240_52c92561__temp1.00__seed7,0.22054912495339396,,14,per_run_oof
deepseek_r1_distill_1p5b__math_test_00241_5a34024d__temp0.10__seed7,0.20037123625424244,0.3076923076923077,14,per_run_oof
deepseek_r1_distill_1p5b__math_test_00241_5a34024d__temp0.60__seed7,0.20502430808191585,0.8461538461538461,14,per_run_oof
deepseek_r1_distill_1p5b__math_test_00241_5a34024d__temp1.00__seed7,0.17306561621170055,0.7692307692307692,14,per_run_oof
deepseek_r1_distill_1p5b__math_test_00242_277ad5c0__temp0.10__seed7,0.2971127199503228,,14,per_run_oof
deepseek_r1_distill_1p5b__math_test_00242_277ad5c0__temp0.60__seed7,0.2919803889133041,,14,per_run_oof
deepseek_r1_distill_1p5b__math_test_00242_277ad5c0__temp1.00__seed7,0.3837203600508743,,14,per_run_oof
deepseek_r1_distill_1p5b__math_test_00243_869ecc6c__temp0.10__seed7,0.23445797488104078,0.1515151515151515,14,per_run_oof
deepseek_r1_distill_1p5b__math_test_00243_869ecc6c__temp0.60__seed7,0.20802418408403986,0.8181818181818181,14,per_run_oof
deepseek_r1_distill_1p5b__math_test_00243_869ecc6c__temp1.00__seed7,0.2427563944719992,0.07692307692307687,14,per_run_oof
deepseek_r1_distill_1p5b__math_test_00244_1b6efbf5__temp0.10__seed7,0.2918917968107085,,14,per_run_oof
deepseek_r1_distill_1p5b__math_test_00244_1b6efbf5__temp0.60__seed7,0.2543357301368788,,14,per_run_oof
deepseek_r1_distill_1p5b__math_test_00244_1b6efbf5__temp1.00__seed7,0.2591170018473848,,14,per_run_oof
deepseek_r1_distill_1p5b__math_test_00245_373bfa07__temp0.10__seed7,0.24082733834435577,,14,per_run_oof
deepseek_r1_distill_1p5b__math_test_00245_373bfa07__temp0.60__seed7,0.19651565892087577,,14,per_run_oof
deepseek_r1_distill_1p5b__math_test_00245_373bfa07__temp1.00__seed7,0.14630552368842303,,14,per_run_oof
deepseek_r1_distill_1p5b__math_test_00246_08e34813__temp0.10__seed7,0.2453493886750451,0.6000000000000001,14,per_run_oof
deepseek_r1_distill_1p5b__math_test_00246_08e34813__temp0.60__seed7,0.28066792208616054,0.35416666666666663,14,per_run_oof
deepseek_r1_distill_1p5b__math_test_00246_08e34813__temp1.00__seed7,0.3213999497056341,0.46153846153846156,14,per_run_oof
deepseek_r1_distill_1p5b__math_test_00247_24a6a2d8__temp0.10__seed7,0.36488018177425935,,14,per_run_oof
deepseek_r1_distill_1p5b__math_test_00247_24a6a2d8__temp0.60__seed7,0.20480896242358668,,14,per_run_oof
deepseek_r1_distill_1p5b__math_test_00247_24a6a2d8__temp1.00__seed7,0.1424908778589765,,14,per_run_oof
deepseek_r1_distill_1p5b__math_test_00248_740b47e0__temp0.10__seed7,0.19939356869355243,0.5384615384615384,14,per_run_oof
deepseek_r1_distill_1p5b__math_test_00248_740b47e0__temp0.60__seed7,0.19776330248620852,0.9333333333333332,14,per_run_oof
deepseek_r1_distill_1p5b__math_test_00248_740b47e0__temp1.00__seed7,0.21007500088621642,0.75,14,per_run_oof
deepseek_r1_distill_1p5b__math_test_00249_89ab90f1__temp0.10__seed7,0.2143947307329645,0.8,14,per_run_oof
deepseek_r1_distill_1p5b__math_test_00249_89ab90f1__temp0.60__seed7,0.24876481073644016,,14,per_run_oof
deepseek_r1_distill_1p5b__math_test_00249_89ab90f1__temp1.00__seed7,0.26717445841384174,0.47500000000000003,14,per_run_oof
deepseek_r1_distill_1p5b__math_test_00250_893f6d22__temp0.10__seed7,0.29618071402455426,,14,per_run_oof
deepseek_r1_distill_1p5b__math_test_00250_893f6d22__temp0.60__seed7,0.2937255495791405,,14,per_run_oof
deepseek_r1_distill_1p5b__math_test_00250_893f6d22__temp1.00__seed7,0.3080997675205421,,14,per_run_oof
deepseek_r1_distill_1p5b__math_test_00251_3dd2446e__temp0.10__seed7,0.3300848790090361,,14,per_run_oof
deepseek_r1_distill_1p5b__math_test_00251_3dd2446e__temp0.60__seed7,0.3253724167823383,0.3076923076923077,14,per_run_oof
deepseek_r1_distill_1p5b__math_test_00251_3dd2446e__temp1.00__seed7,0.2887275635487104,,14,per_run_oof
deepseek_r1_distill_1p5b__math_test_00252_b3e21c72__temp0.10__seed7,0.2998450051124342,,14,per_run_oof
deepseek_r1_distill_1p5b__math_test_00252_b3e21c72__temp0.60__seed7,0.26924516404692855,,14,per_run_oof
deepseek_r1_distill_1p5b__math_test_00252_b3e21c72__temp1.00__seed7,0.25185230085479066,,14,per_run_oof
deepseek_r1_distill_1p5b__math_test_00253_d4df8de3__temp0.10__seed7,0.16396097559244596,,14,per_run_oof
deepseek_r1_distill_1p5b__math_test_00253_d4df8de3__temp0.60__seed7,0.1366378684623482,,14,per_run_oof
deepseek_r1_distill_1p5b__math_test_00253_d4df8de3__temp1.00__seed7,0.3021831291762257,,14,per_run_oof
deepseek_r1_distill_1p5b__math_test_00254_a92a5bc3__temp0.10__seed7,0.23408971669991002,,14,per_run_oof
deepseek_r1_distill_1p5b__math_test_00254_a92a5bc3__temp0.60__seed7,0.1504088912661654,,14,per_run_oof
deepseek_r1_distill_1p5b__math_test_00254_a92a5bc3__temp1.00__seed7,0.20442983269746628,,14,per_run_oof
deepseek_r1_distill_1p5b__math_test_00255_5f3fe168__temp0.10__seed7,0.28025161652541897,,14,per_run_oof
deepseek_r1_distill_1p5b__math_test_00255_5f3fe168__temp0.60__seed7,0.28652197780556293,0.0,14,per_run_oof
deepseek_r1_distill_1p5b__math_test_00255_5f3fe168__temp1.00__seed7,0.280302030123396,0.5757575757575757,14,per_run_oof
deepseek_r1_distill_1p5b__math_test_00256_d959374f__temp0.10__seed7,0.2619960041035375,0.3846153846153846,14,per_run_oof
deepseek_r1_distill_1p5b__math_test_00256_d959374f__temp0.60__seed7,0.2668108095904947,0.5833333333333333,14,per_run_oof
deepseek_r1_distill_1p5b__math_test_00256_d959374f__temp1.00__seed7,0.2344506192111727,0.606060606060606,14,per_run_oof
deepseek_r1_distill_1p5b__math_test_00257_20ddae87__temp0.10__seed7,0.21078466484699662,,14,per_run_oof
deepseek_r1_distill_1p5b__math_test_00257_20ddae87__temp0.60__seed7,0.214197404874827,,14,per_run_oof
deepseek_r1_distill_1p5b__math_test_00257_20ddae87__temp1.00__seed7,0.3087150354351466,,14,per_run_oof
deepseek_r1_distill_1p5b__math_test_00258_44fb0c1c__temp0.10__seed7,0.13204330110036802,,14,per_run_oof
deepseek_r1_distill_1p5b__math_test_00258_44fb0c1c__temp0.60__seed7,0.11128024127934356,,14,per_run_oof
deepseek_r1_distill_1p5b__math_test_00258_44fb0c1c__temp1.00__seed7,0.13810360254893067,,14,per_run_oof
deepseek_r1_distill_1p5b__math_test_00259_2ab6b817__temp0.10__seed7,0.2315648630627167,,14,per_run_oof
deepseek_r1_distill_1p5b__math_test_00259_2ab6b817__temp0.60__seed7,0.3600672746640233,,14,per_run_oof
deepseek_r1_distill_1p5b__math_test_00259_2ab6b817__temp1.00__seed7,0.3284501063700391,,14,per_run_oof
deepseek_r1_distill_1p5b__math_test_00260_efa62d11__temp0.10__seed7,0.2605205187753254,,14,per_run_oof
deepseek_r1_distill_1p5b__math_test_00260_efa62d11__temp0.60__seed7,0.24266447091264634,0.3076923076923077,14,per_run_oof
deepseek_r1_distill_1p5b__math_test_00260_efa62d11__temp1.00__seed7,0.3212837188427852,,14,per_run_oof
deepseek_r1_distill_1p5b__math_test_00261_4f02172b__temp0.10__seed7,0.17946962540935676,,14,per_run_oof
deepseek_r1_distill_1p5b__math_test_00261_4f02172b__temp0.60__seed7,0.19141611348712387,,14,per_run_oof
deepseek_r1_distill_1p5b__math_test_00261_4f02172b__temp1.00__seed7,0.25654656174140655,,14,per_run_oof
deepseek_r1_distill_1p5b__math_test_00262_5be48d75__temp0.10__seed7,0.24507597721148344,0.8461538461538461,14,per_run_oof
deepseek_r1_distill_1p5b__math_test_00262_5be48d75__temp0.60__seed7,0.2641102496602189,0.5757575757575757,14,per_run_oof
deepseek_r1_distill_1p5b__math_test_00262_5be48d75__temp1.00__seed7,0.27360978624507226,,14,per_run_oof
deepseek_r1_distill_1p5b__math_test_00263_10d94c24__temp0.10__seed7,0.18680242850742337,,14,per_run_oof
deepseek_r1_distill_1p5b__math_test_00263_10d94c24__temp0.60__seed7,0.23875068997083287,,14,per_run_oof
deepseek_r1_distill_1p5b__math_test_00263_10d94c24__temp1.00__seed7,0.198210432045343,,14,per_run_oof
deepseek_r1_distill_1p5b__math_test_00264_ca7f6fd1__temp0.10__seed7,0.21556543331146866,,14,per_run_oof
deepseek_r1_distill_1p5b__math_test_00264_ca7f6fd1__temp0.60__seed7,0.22979969175421108,,14,per_run_oof
deepseek_r1_distill_1p5b__math_test_00264_ca7f6fd1__temp1.00__seed7,0.24124147912604824,,14,per_run_oof
deepseek_r1_distill_1p5b__math_test_00265_3b8ec9e0__temp0.10__seed7,0.22031382656286766,,14,per_run_oof
deepseek_r1_distill_1p5b__math_test_00265_3b8ec9e0__temp0.60__seed7,0.25804043193821513,,14,per_run_oof
deepseek_r1_distill_1p5b__math_test_00265_3b8ec9e0__temp1.00__seed7,0.2129733409252075,,14,per_run_oof
deepseek_r1_distill_1p5b__math_test_00266_dbf10789__temp0.10__seed7,0.3544624256691113,,14,per_run_oof
deepseek_r1_distill_1p5b__math_test_00266_dbf10789__temp0.60__seed7,0.1877177536702146,,14,per_run_oof
deepseek_r1_distill_1p5b__math_test_00266_dbf10789__temp1.00__seed7,0.22635551200253018,,14,per_run_oof
deepseek_r1_distill_1p5b__math_test_00267_a33fc5f4__temp0.10__seed7,0.2741492106409707,,14,per_run_oof
deepseek_r1_distill_1p5b__math_test_00267_a33fc5f4__temp0.60__seed7,0.21363445534368214,0.7692307692307692,14,per_run_oof
deepseek_r1_distill_1p5b__math_test_00267_a33fc5f4__temp1.00__seed7,0.2229142607425114,0.7692307692307692,14,per_run_oof
deepseek_r1_distill_1p5b__math_test_00268_64a42184__temp0.10__seed7,0.23289665105563934,,14,per_run_oof
deepseek_r1_distill_1p5b__math_test_00268_64a42184__temp0.60__seed7,0.2278523468498865,,14,per_run_oof
deepseek_r1_distill_1p5b__math_test_00268_64a42184__temp1.00__seed7,0.22064182466801951,,14,per_run_oof
deepseek_r1_distill_1p5b__math_test_00269_3a892d62__temp0.10__seed7,0.28244736776171797,,14,per_run_oof
deepseek_r1_distill_1p5b__math_test_00269_3a892d62__temp0.60__seed7,0.253073308086292,,14,per_run_oof
deepseek_r1_distill_1p5b__math_test_00269_3a892d62__temp1.00__seed7,0.23381651455360303,0.15384615384615385,14,per_run_oof
deepseek_r1_distill_1p5b__math_test_00270_d6fa4f7c__temp0.10__seed7,0.26529782669231144,,14,per_run_oof
deepseek_r1_distill_1p5b__math_test_00270_d6fa4f7c__temp0.60__seed7,0.3381663729353752,,14,per_run_oof
deepseek_r1_distill_1p5b__math_test_00270_d6fa4f7c__temp1.00__seed7,0.2993913469975368,,14,per_run_oof
deepseek_r1_distill_1p5b__math_test_00271_0cd3b758__temp0.10__seed7,0.27904515749194353,,14,per_run_oof
deepseek_r1_distill_1p5b__math_test_00271_0cd3b758__temp0.60__seed7,0.26171278376404056,,14,per_run_oof
deepseek_r1_distill_1p5b__math_test_00271_0cd3b758__temp1.00__seed7,0.3799590643501278,,14,per_run_oof
deepseek_r1_distill_1p5b__math_test_00272_84359c4d__temp0.10__seed7,0.23042588189292515,,14,per_run_oof
deepseek_r1_distill_1p5b__math_test_00272_84359c4d__temp0.60__seed7,0.2676229489452033,0.5833333333333333,14,per_run_oof
deepseek_r1_distill_1p5b__math_test_00272_84359c4d__temp1.00__seed7,0.25442921296898285,,14,per_run_oof
deepseek_r1_distill_1p5b__math_test_00273_a9e9a1de__temp0.10__seed7,0.26875370716882496,0.3846153846153846,14,per_run_oof
deepseek_r1_distill_1p5b__math_test_00273_a9e9a1de__temp0.60__seed7,0.27225504572727666,0.3333333333333333,14,per_run_oof
deepseek_r1_distill_1p5b__math_test_00273_a9e9a1de__temp1.00__seed7,0.21710190511323518,0.7916666666666666,14,per_run_oof
deepseek_r1_distill_1p5b__math_test_00274_75abc690__temp0.10__seed7,0.2456361996559794,,14,per_run_oof
deepseek_r1_distill_1p5b__math_test_00274_75abc690__temp0.60__seed7,0.27096486561168304,,14,per_run_oof
deepseek_r1_distill_1p5b__math_test_00274_75abc690__temp1.00__seed7,0.2662551561689757,,14,per_run_oof
deepseek_r1_distill_1p5b__math_test_00275_4384cd3d__temp0.10__seed7,0.20879864400591538,,14,per_run_oof
deepseek_r1_distill_1p5b__math_test_00275_4384cd3d__temp0.60__seed7,0.2077680592431395,,14,per_run_oof
deepseek_r1_distill_1p5b__math_test_00275_4384cd3d__temp1.00__seed7,0.2052464315726775,,14,per_run_oof
deepseek_r1_distill_1p5b__math_test_00276_845d624e__temp0.10__seed7,0.25606583023039786,,14,per_run_oof
deepseek_r1_distill_1p5b__math_test_00276_845d624e__temp0.60__seed7,0.3152787317391842,,14,per_run_oof
deepseek_r1_distill_1p5b__math_test_00276_845d624e__temp1.00__seed7,0.26767858054652705,,14,per_run_oof
deepseek_r1_distill_1p5b__math_test_00277_c86dc9b8__temp0.10__seed7,0.32585583825975356,0.325,14,per_run_oof
deepseek_r1_distill_1p5b__math_test_00277_c86dc9b8__temp0.60__seed7,0.2399103623129038,0.07692307692307687,14,per_run_oof
deepseek_r1_distill_1p5b__math_test_00277_c86dc9b8__temp1.00__seed7,0.1792860448090576,,14,per_run_oof
deepseek_r1_distill_1p5b__math_test_00278_f57d1ab7__temp0.10__seed7,0.27027633877988994,,14,per_run_oof
deepseek_r1_distill_1p5b__math_test_00278_f57d1ab7__temp0.60__seed7,0.22524512370419486,,14,per_run_oof
deepseek_r1_distill_1p5b__math_test_00278_f57d1ab7__temp1.00__seed7,0.2515375811242306,,14,per_run_oof
deepseek_r1_distill_1p5b__math_test_00279_c9a3fe90__temp0.10__seed7,0.2269202763976878,,14,per_run_oof
deepseek_r1_distill_1p5b__math_test_00279_c9a3fe90__temp0.60__seed7,0.21858474212801118,,14,per_run_oof
deepseek_r1_distill_1p5b__math_test_00279_c9a3fe90__temp1.00__seed7,0.21713535078467844,,14,per_run_oof
deepseek_r1_distill_1p5b__math_test_00280_fa6589e1__temp0.10__seed7,0.30838918883456545,,14,per_run_oof
deepseek_r1_distill_1p5b__math_test_00280_fa6589e1__temp0.60__seed7,0.31926278604221847,,14,per_run_oof
deepseek_r1_distill_1p5b__math_test_00280_fa6589e1__temp1.00__seed7,0.43696068647814823,,14,per_run_oof
deepseek_r1_distill_1p5b__math_test_00281_c1845e7d__temp0.10__seed7,0.24973270150950538,,14,per_run_oof
deepseek_r1_distill_1p5b__math_test_00281_c1845e7d__temp0.60__seed7,0.26738501865221914,,14,per_run_oof
deepseek_r1_distill_1p5b__math_test_00281_c1845e7d__temp1.00__seed7,0.22409597713655563,,14,per_run_oof
deepseek_r1_distill_1p5b__math_test_00282_92f3a353__temp0.10__seed7,0.2299290075443439,,14,per_run_oof
deepseek_r1_distill_1p5b__math_test_00282_92f3a353__temp0.60__seed7,0.20269396011049703,,14,per_run_oof
deepseek_r1_distill_1p5b__math_test_00282_92f3a353__temp1.00__seed7,0.12072561863027352,,14,per_run_oof
deepseek_r1_distill_1p5b__math_test_00283_7135627a__temp0.10__seed7,0.15398098332778823,,14,per_run_oof
deepseek_r1_distill_1p5b__math_test_00283_7135627a__temp0.60__seed7,0.19566695343239854,,14,per_run_oof
deepseek_r1_distill_1p5b__math_test_00283_7135627a__temp1.00__seed7,0.15255758425374508,,14,per_run_oof
deepseek_r1_distill_1p5b__math_test_00284_d7b7add8__temp0.10__seed7,0.2856813659225397,,14,per_run_oof
deepseek_r1_distill_1p5b__math_test_00284_d7b7add8__temp0.60__seed7,0.18649749975692775,,14,per_run_oof
deepseek_r1_distill_1p5b__math_test_00284_d7b7add8__temp1.00__seed7,0.19277777646267089,,14,per_run_oof
deepseek_r1_distill_1p5b__math_test_00285_2a685be2__temp0.10__seed7,0.2600142554842598,,14,per_run_oof
deepseek_r1_distill_1p5b__math_test_00285_2a685be2__temp0.60__seed7,0.23178390154941678,,14,per_run_oof
deepseek_r1_distill_1p5b__math_test_00285_2a685be2__temp1.00__seed7,0.2533368542265266,,14,per_run_oof
deepseek_r1_distill_1p5b__math_test_00286_2378497f__temp0.10__seed7,0.18093485952185842,,14,per_run_oof
deepseek_r1_distill_1p5b__math_test_00286_2378497f__temp0.60__seed7,0.2248298764091016,,14,per_run_oof
deepseek_r1_distill_1p5b__math_test_00286_2378497f__temp1.00__seed7,0.24469783329021091,,14,per_run_oof
deepseek_r1_distill_1p5b__math_test_00287_ab35a62d__temp0.10__seed7,0.2913578244318586,,14,per_run_oof
deepseek_r1_distill_1p5b__math_test_00287_ab35a62d__temp0.60__seed7,0.38225644112480384,,14,per_run_oof
deepseek_r1_distill_1p5b__math_test_00287_ab35a62d__temp1.00__seed7,0.4327091665178381,,14,per_run_oof
deepseek_r1_distill_1p5b__math_test_00288_99b25b6b__temp0.10__seed7,0.21934518335584044,,14,per_run_oof
deepseek_r1_distill_1p5b__math_test_00288_99b25b6b__temp0.60__seed7,0.24637154293799274,,14,per_run_oof
deepseek_r1_distill_1p5b__math_test_00288_99b25b6b__temp1.00__seed7,0.21134788561178736,,14,per_run_oof
deepseek_r1_distill_1p5b__math_test_00289_65b47d19__temp0.10__seed7,0.2606925187663924,,14,per_run_oof
deepseek_r1_distill_1p5b__math_test_00289_65b47d19__temp0.60__seed7,0.1817324489197158,,14,per_run_oof
deepseek_r1_distill_1p5b__math_test_00289_65b47d19__temp1.00__seed7,0.19681801129920434,,14,per_run_oof
deepseek_r1_distill_1p5b__math_test_00290_1a809667__temp0.10__seed7,0.2566574481557454,,14,per_run_oof
deepseek_r1_distill_1p5b__math_test_00290_1a809667__temp0.60__seed7,0.19804171552692468,,14,per_run_oof
deepseek_r1_distill_1p5b__math_test_00290_1a809667__temp1.00__seed7,0.17527344351161142,,14,per_run_oof
deepseek_r1_distill_1p5b__math_test_00291_f0f80e1a__temp0.10__seed7,0.2736255633031851,,14,per_run_oof
deepseek_r1_distill_1p5b__math_test_00291_f0f80e1a__temp0.60__seed7,0.28447969910823256,,14,per_run_oof
deepseek_r1_distill_1p5b__math_test_00291_f0f80e1a__temp1.00__seed7,0.2539430714214669,,14,per_run_oof
deepseek_r1_distill_1p5b__math_test_00292_9f87e110__temp0.10__seed7,0.24585382994114408,,14,per_run_oof
deepseek_r1_distill_1p5b__math_test_00292_9f87e110__temp0.60__seed7,0.18183473494995175,,14,per_run_oof
deepseek_r1_distill_1p5b__math_test_00292_9f87e110__temp1.00__seed7,0.13348878313188442,,14,per_run_oof
deepseek_r1_distill_1p5b__math_test_00293_9a549464__temp0.10__seed7,0.283950357783243,,14,per_run_oof
deepseek_r1_distill_1p5b__math_test_00293_9a549464__temp0.60__seed7,0.2265496788375763,,14,per_run_oof
deepseek_r1_distill_1p5b__math_test_00293_9a549464__temp1.00__seed7,0.21390640481691833,,14,per_run_oof
deepseek_r1_distill_1p5b__math_test_00294_bbfa98b4__temp0.10__seed7,0.248651800954875,,14,per_run_oof
deepseek_r1_distill_1p5b__math_test_00294_bbfa98b4__temp0.60__seed7,0.27743059293299377,,14,per_run_oof
deepseek_r1_distill_1p5b__math_test_00294_bbfa98b4__temp1.00__seed7,0.3173128715973707,,14,per_run_oof
deepseek_r1_distill_1p5b__math_test_00295_5384a318__temp0.10__seed7,0.25366451687512714,,14,per_run_oof
deepseek_r1_distill_1p5b__math_test_00295_5384a318__temp0.60__seed7,0.25170369837026735,,14,per_run_oof
deepseek_r1_distill_1p5b__math_test_00295_5384a318__temp1.00__seed7,0.27428931237105353,,14,per_run_oof
deepseek_r1_distill_1p5b__math_test_00296_dd695c69__temp0.10__seed7,0.28352586292332654,,14,per_run_oof
deepseek_r1_distill_1p5b__math_test_00296_dd695c69__temp0.60__seed7,0.18412588011329592,,14,per_run_oof
deepseek_r1_distill_1p5b__math_test_00296_dd695c69__temp1.00__seed7,0.21338047977118627,,14,per_run_oof
deepseek_r1_distill_1p5b__math_test_00297_96f3b4cd__temp0.10__seed7,0.2401901723748947,,14,per_run_oof
deepseek_r1_distill_1p5b__math_test_00297_96f3b4cd__temp0.60__seed7,0.16746938839868655,,14,per_run_oof
deepseek_r1_distill_1p5b__math_test_00297_96f3b4cd__temp1.00__seed7,0.14316976824419983,,14,per_run_oof
deepseek_r1_distill_1p5b__math_test_00298_cd93bf6b__temp0.10__seed7,0.23634529504473778,,14,per_run_oof
deepseek_r1_distill_1p5b__math_test_00298_cd93bf6b__temp0.60__seed7,0.18216838423450724,,14,per_run_oof
deepseek_r1_distill_1p5b__math_test_00298_cd93bf6b__temp1.00__seed7,0.21171003131249733,,14,per_run_oof
deepseek_r1_distill_1p5b__math_test_00299_9edbd238__temp0.10__seed7,0.21481581452011358,,14,per_run_oof
deepseek_r1_distill_1p5b__math_test_00299_9edbd238__temp0.60__seed7,0.2192943843698527,,14,per_run_oof
deepseek_r1_distill_1p5b__math_test_00299_9edbd238__temp1.00__seed7,0.2597259627577851,0.23076923076923073,14,per_run_oof
deepseek_r1_distill_1p5b__math_test_00300_7b4fb29f__temp0.10__seed7,0.2602991220633578,,14,per_run_oof
deepseek_r1_distill_1p5b__math_test_00300_7b4fb29f__temp0.60__seed7,0.2951054555441975,,14,per_run_oof
deepseek_r1_distill_1p5b__math_test_00300_7b4fb29f__temp1.00__seed7,0.2931013382520299,,14,per_run_oof
deepseek_r1_distill_1p5b__math_test_00301_fe74163c__temp0.10__seed7,0.22772652999100831,,14,per_run_oof
deepseek_r1_distill_1p5b__math_test_00301_fe74163c__temp0.60__seed7,0.2282914289344884,,14,per_run_oof
deepseek_r1_distill_1p5b__math_test_00301_fe74163c__temp1.00__seed7,0.16178505159052806,,14,per_run_oof
deepseek_r1_distill_1p5b__math_test_00302_555caaf5__temp0.10__seed7,0.24328677563678597,,14,per_run_oof
deepseek_r1_distill_1p5b__math_test_00302_555caaf5__temp0.60__seed7,0.16566610535200363,,14,per_run_oof
deepseek_r1_distill_1p5b__math_test_00302_555caaf5__temp1.00__seed7,0.21543293609609987,,14,per_run_oof
deepseek_r1_distill_1p5b__math_test_00303_0a6043f3__temp0.10__seed7,0.16347192067584856,,14,per_run_oof
deepseek_r1_distill_1p5b__math_test_00303_0a6043f3__temp0.60__seed7,0.17516175054249836,,14,per_run_oof
deepseek_r1_distill_1p5b__math_test_00303_0a6043f3__temp1.00__seed7,0.1960823441001978,,14,per_run_oof
deepseek_r1_distill_1p5b__math_test_00304_782cacd3__temp0.10__seed7,0.23907227230376546,,14,per_run_oof
deepseek_r1_distill_1p5b__math_test_00304_782cacd3__temp0.60__seed7,0.2752573810032723,,14,per_run_oof
deepseek_r1_distill_1p5b__math_test_00304_782cacd3__temp1.00__seed7,0.2943844668550441,,14,per_run_oof
deepseek_r1_distill_1p5b__math_test_00305_c8d180e8__temp0.10__seed7,0.28698410113325273,,14,per_run_oof
deepseek_r1_distill_1p5b__math_test_00305_c8d180e8__temp0.60__seed7,0.24959411116837157,,14,per_run_oof
deepseek_r1_distill_1p5b__math_test_00305_c8d180e8__temp1.00__seed7,0.26741754523286776,,14,per_run_oof
deepseek_r1_distill_1p5b__math_test_00306_15a3ec97__temp0.10__seed7,0.20085348473553832,,14,per_run_oof
deepseek_r1_distill_1p5b__math_test_00306_15a3ec97__temp0.60__seed7,0.1311349483178282,,14,per_run_oof
deepseek_r1_distill_1p5b__math_test_00306_15a3ec97__temp1.00__seed7,0.1135444167996362,,14,per_run_oof
deepseek_r1_distill_1p5b__math_test_00307_ac0e3789__temp0.10__seed7,0.2931388095978319,,14,per_run_oof
deepseek_r1_distill_1p5b__math_test_00307_ac0e3789__temp0.60__seed7,0.36238986640544896,,14,per_run_oof
deepseek_r1_distill_1p5b__math_test_00307_ac0e3789__temp1.00__seed7,0.3761982101963378,,14,per_run_oof
deepseek_r1_distill_1p5b__math_test_00308_35ec1d7b__temp0.10__seed7,0.18188207588323904,,14,per_run_oof
deepseek_r1_distill_1p5b__math_test_00308_35ec1d7b__temp0.60__seed7,0.16149564399437785,,14,per_run_oof
deepseek_r1_distill_1p5b__math_test_00308_35ec1d7b__temp1.00__seed7,0.12890118899437902,,14,per_run_oof
deepseek_r1_distill_1p5b__math_test_00309_7be0b9c6__temp0.10__seed7,0.1823516305630622,,14,per_run_oof
deepseek_r1_distill_1p5b__math_test_00309_7be0b9c6__temp0.60__seed7,0.1724712470191682,,14,per_run_oof
deepseek_r1_distill_1p5b__math_test_00309_7be0b9c6__temp1.00__seed7,0.1931974751515463,,14,per_run_oof
deepseek_r1_distill_1p5b__math_test_00310_2974ae8d__temp0.10__seed7,0.3178190483046827,0.3076923076923077,14,per_run_oof
deepseek_r1_distill_1p5b__math_test_00310_2974ae8d__temp0.60__seed7,0.2641798807235517,0.3939393939393939,14,per_run_oof
deepseek_r1_distill_1p5b__math_test_00310_2974ae8d__temp1.00__seed7,0.3038835521361444,,14,per_run_oof
deepseek_r1_distill_1p5b__math_test_00311_db5088ff__temp0.10__seed7,0.16625339626114943,,14,per_run_oof
deepseek_r1_distill_1p5b__math_test_00311_db5088ff__temp0.60__seed7,0.25884202577188414,,14,per_run_oof
deepseek_r1_distill_1p5b__math_test_00311_db5088ff__temp1.00__seed7,0.2648385070523835,,14,per_run_oof
deepseek_r1_distill_1p5b__math_test_00312_74f8cf90__temp0.10__seed7,0.25625938664517695,,14,per_run_oof
deepseek_r1_distill_1p5b__math_test_00312_74f8cf90__temp0.60__seed7,0.26244651954151904,0.5333333333333334,14,per_run_oof
deepseek_r1_distill_1p5b__math_test_00312_74f8cf90__temp1.00__seed7,0.24970046221152895,,14,per_run_oof
deepseek_r1_distill_1p5b__math_test_00313_eb9feec2__temp0.10__seed7,0.19246952680137536,,14,per_run_oof
deepseek_r1_distill_1p5b__math_test_00313_eb9feec2__temp0.60__seed7,0.1361889720758969,,14,per_run_oof
deepseek_r1_distill_1p5b__math_test_00313_eb9feec2__temp1.00__seed7,0.19151852527242524,,14,per_run_oof
deepseek_r1_distill_1p5b__math_test_00314_1f87cb3d__temp0.10__seed7,0.17034217568820825,,14,per_run_oof
deepseek_r1_distill_1p5b__math_test_00314_1f87cb3d__temp0.60__seed7,0.2590820578567367,,14,per_run_oof
deepseek_r1_distill_1p5b__math_test_00314_1f87cb3d__temp1.00__seed7,0.29169218323333884,,14,per_run_oof
deepseek_r1_distill_1p5b__math_test_00315_df923cac__temp0.10__seed7,0.19100150165439875,,14,per_run_oof
deepseek_r1_distill_1p5b__math_test_00315_df923cac__temp0.60__seed7,0.27010521721273345,,14,per_run_oof
deepseek_r1_distill_1p5b__math_test_00315_df923cac__temp1.00__seed7,0.3054678249618609,,14,per_run_oof
deepseek_r1_distill_1p5b__math_test_00316_d871c684__temp0.10__seed7,0.27483824706170984,,14,per_run_oof
deepseek_r1_distill_1p5b__math_test_00316_d871c684__temp0.60__seed7,0.24999027338276608,,14,per_run_oof
deepseek_r1_distill_1p5b__math_test_00316_d871c684__temp1.00__seed7,0.2674607853669476,,14,per_run_oof
deepseek_r1_distill_1p5b__math_test_00317_e0ee33c8__temp0.10__seed7,0.18718341153305126,,14,per_run_oof
deepseek_r1_distill_1p5b__math_test_00317_e0ee33c8__temp0.60__seed7,0.23833085919192087,,14,per_run_oof
deepseek_r1_distill_1p5b__math_test_00317_e0ee33c8__temp1.00__seed7,0.16315337965058746,,14,per_run_oof
deepseek_r1_distill_1p5b__math_test_00318_126e857a__temp0.10__seed7,0.263171406599897,,14,per_run_oof
deepseek_r1_distill_1p5b__math_test_00318_126e857a__temp0.60__seed7,0.30063977758838417,,14,per_run_oof
deepseek_r1_distill_1p5b__math_test_00318_126e857a__temp1.00__seed7,0.24091901172716818,,14,per_run_oof
deepseek_r1_distill_1p5b__math_test_00319_dde9f260__temp0.10__seed7,0.329048127753896,0.7083333333333333,14,per_run_oof
deepseek_r1_distill_1p5b__math_test_00319_dde9f260__temp0.60__seed7,0.2679808999419084,0.0,14,per_run_oof
deepseek_r1_distill_1p5b__math_test_00319_dde9f260__temp1.00__seed7,0.2920869413830651,0.25,14,per_run_oof
deepseek_r1_distill_1p5b__math_test_00320_e8f73851__temp0.10__seed7,0.252105177280077,,14,per_run_oof
deepseek_r1_distill_1p5b__math_test_00320_e8f73851__temp0.60__seed7,0.23187405830486968,0.6666666666666667,14,per_run_oof
deepseek_r1_distill_1p5b__math_test_00320_e8f73851__temp1.00__seed7,0.23560387908574326,,14,per_run_oof
deepseek_r1_distill_1p5b__math_test_00321_bf799ecc__temp0.10__seed7,0.21422324045696245,,14,per_run_oof
deepseek_r1_distill_1p5b__math_test_00321_bf799ecc__temp0.60__seed7,0.27929148054545333,0.33333333333333337,14,per_run_oof
deepseek_r1_distill_1p5b__math_test_00321_bf799ecc__temp1.00__seed7,0.26784553860623717,0.5454545454545454,14,per_run_oof
deepseek_r1_distill_1p5b__math_test_00322_ee8eb9c1__temp0.10__seed7,0.2582886546716459,,14,per_run_oof
deepseek_r1_distill_1p5b__math_test_00322_ee8eb9c1__temp0.60__seed7,0.242934280267926,0.5111111111111111,14,per_run_oof
deepseek_r1_distill_1p5b__math_test_00322_ee8eb9c1__temp1.00__seed7,0.20130777917537637,0.33333333333333326,14,per_run_oof
deepseek_r1_distill_1p5b__math_test_00323_372c2d59__temp0.10__seed7,0.21748849707442633,,14,per_run_oof
deepseek_r1_distill_1p5b__math_test_00323_372c2d59__temp0.60__seed7,0.20381808175954036,,14,per_run_oof
deepseek_r1_distill_1p5b__math_test_00323_372c2d59__temp1.00__seed7,0.17775239779445437,,14,per_run_oof
deepseek_r1_distill_1p5b__math_test_00324_5d4902ec__temp0.10__seed7,0.2366998921334443,,14,per_run_oof
deepseek_r1_distill_1p5b__math_test_00324_5d4902ec__temp0.60__seed7,0.056881779795104455,,14,per_run_oof
deepseek_r1_distill_1p5b__math_test_00324_5d4902ec__temp1.00__seed7,0.26715481432365745,,14,per_run_oof
deepseek_r1_distill_1p5b__math_test_00325_bf36a20b__temp0.10__seed7,0.46606351191869894,,14,per_run_oof
deepseek_r1_distill_1p5b__math_test_00325_bf36a20b__temp0.60__seed7,0.31325747733820103,0.3333333333333333,14,per_run_oof
deepseek_r1_distill_1p5b__math_test_00325_bf36a20b__temp1.00__seed7,0.2570645516896768,,14,per_run_oof
deepseek_r1_distill_1p5b__math_test_00326_2b3c488f__temp0.10__seed7,0.1456859863708637,,14,per_run_oof
deepseek_r1_distill_1p5b__math_test_00326_2b3c488f__temp0.60__seed7,0.1338326187622664,,14,per_run_oof
deepseek_r1_distill_1p5b__math_test_00326_2b3c488f__temp1.00__seed7,0.10323458081503865,,14,per_run_oof
deepseek_r1_distill_1p5b__math_test_00327_39c0048d__temp0.10__seed7,0.17144675857190328,,14,per_run_oof
deepseek_r1_distill_1p5b__math_test_00327_39c0048d__temp0.60__seed7,0.10009141703135946,,14,per_run_oof
deepseek_r1_distill_1p5b__math_test_00327_39c0048d__temp1.00__seed7,0.08612319488417794,,14,per_run_oof
deepseek_r1_distill_1p5b__math_test_00328_fd5fbe30__temp0.10__seed7,0.23985599660479034,,14,per_run_oof
deepseek_r1_distill_1p5b__math_test_00328_fd5fbe30__temp0.60__seed7,0.25245948085259984,,14,per_run_oof
deepseek_r1_distill_1p5b__math_test_00328_fd5fbe30__temp1.00__seed7,0.24119841252806126,,14,per_run_oof
deepseek_r1_distill_1p5b__math_test_00329_a0de4994__temp0.10__seed7,0.23089274452874972,0.7333333333333334,14,per_run_oof
deepseek_r1_distill_1p5b__math_test_00329_a0de4994__temp0.60__seed7,0.2552860416653084,0.5111111111111111,14,per_run_oof
deepseek_r1_distill_1p5b__math_test_00329_a0de4994__temp1.00__seed7,0.2506880417750922,0.47916666666666663,14,per_run_oof
deepseek_r1_distill_1p5b__math_test_00330_45cea026__temp0.10__seed7,0.2374892020645413,,14,per_run_oof
deepseek_r1_distill_1p5b__math_test_00330_45cea026__temp0.60__seed7,0.2081961478124535,,14,per_run_oof
deepseek_r1_distill_1p5b__math_test_00330_45cea026__temp1.00__seed7,0.21136641194069683,,14,per_run_oof
deepseek_r1_distill_1p5b__math_test_00331_023902bd__temp0.10__seed7,0.2992718121665299,,14,per_run_oof
deepseek_r1_distill_1p5b__math_test_00331_023902bd__temp0.60__seed7,0.27671495964666626,,14,per_run_oof
deepseek_r1_distill_1p5b__math_test_00331_023902bd__temp1.00__seed7,0.2459948059237655,,14,per_run_oof
deepseek_r1_distill_1p5b__math_test_00332_5bacfa8c__temp0.10__seed7,0.30564557936500875,,14,per_run_oof
deepseek_r1_distill_1p5b__math_test_00332_5bacfa8c__temp0.60__seed7,0.2771059791626291,,14,per_run_oof
deepseek_r1_distill_1p5b__math_test_00332_5bacfa8c__temp1.00__seed7,0.33290712707287284,,14,per_run_oof
deepseek_r1_distill_1p5b__math_test_00333_a31e71a6__temp0.10__seed7,0.3012971070222048,,14,per_run_oof
deepseek_r1_distill_1p5b__math_test_00333_a31e71a6__temp0.60__seed7,0.24520011503640457,,14,per_run_oof
deepseek_r1_distill_1p5b__math_test_00333_a31e71a6__temp1.00__seed7,0.24102422896382633,,14,per_run_oof
deepseek_r1_distill_1p5b__math_test_00334_18dac264__temp0.10__seed7,0.21879501766906614,,14,per_run_oof
deepseek_r1_distill_1p5b__math_test_00334_18dac264__temp0.60__seed7,0.25574020491582233,,14,per_run_oof
deepseek_r1_distill_1p5b__math_test_00334_18dac264__temp1.00__seed7,0.25314077742254076,,14,per_run_oof
deepseek_r1_distill_1p5b__math_test_00335_fde40de4__temp0.10__seed7,0.23857355310048134,,14,per_run_oof
deepseek_r1_distill_1p5b__math_test_00335_fde40de4__temp0.60__seed7,0.2697018968986295,,14,per_run_oof
deepseek_r1_distill_1p5b__math_test_00335_fde40de4__temp1.00__seed7,0.27534631227939155,,14,per_run_oof
deepseek_r1_distill_1p5b__math_test_00336_0b4ea1e7__temp0.10__seed7,0.2235905615502831,,14,per_run_oof
deepseek_r1_distill_1p5b__math_test_00336_0b4ea1e7__temp0.60__seed7,0.13637987536893267,,14,per_run_oof
deepseek_r1_distill_1p5b__math_test_00336_0b4ea1e7__temp1.00__seed7,0.20919123904476905,,14,per_run_oof
deepseek_r1_distill_1p5b__math_test_00337_d02b019a__temp0.10__seed7,0.28468412537417903,,14,per_run_oof
deepseek_r1_distill_1p5b__math_test_00337_d02b019a__temp0.60__seed7,0.21322169621448034,,14,per_run_oof
deepseek_r1_distill_1p5b__math_test_00337_d02b019a__temp1.00__seed7,0.130556369466834,,14,per_run_oof
deepseek_r1_distill_1p5b__math_test_00338_6b6d2c6b__temp0.10__seed7,0.2326720221445581,0.625,14,per_run_oof
deepseek_r1_distill_1p5b__math_test_00338_6b6d2c6b__temp0.60__seed7,0.28475140130029103,,14,per_run_oof
deepseek_r1_distill_1p5b__math_test_00338_6b6d2c6b__temp1.00__seed7,0.2625124704560646,0.55,14,per_run_oof
deepseek_r1_distill_1p5b__math_test_00339_5722cb6d__temp0.10__seed7,0.18192365419253767,,14,per_run_oof
deepseek_r1_distill_1p5b__math_test_00339_5722cb6d__temp0.60__seed7,0.23618826936753207,,14,per_run_oof
deepseek_r1_distill_1p5b__math_test_00339_5722cb6d__temp1.00__seed7,0.1631242404804029,,14,per_run_oof
deepseek_r1_distill_1p5b__math_test_00340_c7e6fae6__temp0.10__seed7,0.20686008283787974,,14,per_run_oof
deepseek_r1_distill_1p5b__math_test_00340_c7e6fae6__temp0.60__seed7,0.19669757887542008,,14,per_run_oof
deepseek_r1_distill_1p5b__math_test_00340_c7e6fae6__temp1.00__seed7,0.22267651437270122,,14,per_run_oof
deepseek_r1_distill_1p5b__math_test_00341_0734d253__temp0.10__seed7,0.2666898602917615,,14,per_run_oof
deepseek_r1_distill_1p5b__math_test_00341_0734d253__temp0.60__seed7,0.23639480348164096,,14,per_run_oof
deepseek_r1_distill_1p5b__math_test_00341_0734d253__temp1.00__seed7,0.20264259035530668,,14,per_run_oof
deepseek_r1_distill_1p5b__math_test_00342_1bb3298f__temp0.10__seed7,0.10024330704100935,,14,per_run_oof
deepseek_r1_distill_1p5b__math_test_00342_1bb3298f__temp0.60__seed7,0.16036318696150892,,14,per_run_oof
deepseek_r1_distill_1p5b__math_test_00342_1bb3298f__temp1.00__seed7,0.17803717084516896,,14,per_run_oof
deepseek_r1_distill_1p5b__math_test_00343_e54f9ee1__temp0.10__seed7,0.26597010937474724,,14,per_run_oof
deepseek_r1_distill_1p5b__math_test_00343_e54f9ee1__temp0.60__seed7,0.28841480887265397,,14,per_run_oof
deepseek_r1_distill_1p5b__math_test_00343_e54f9ee1__temp1.00__seed7,0.3017944205416078,,14,per_run_oof
deepseek_r1_distill_1p5b__math_test_00344_64925ab7__temp0.10__seed7,0.2561484770114479,,14,per_run_oof
deepseek_r1_distill_1p5b__math_test_00344_64925ab7__temp0.60__seed7,0.3205016717878588,,14,per_run_oof
deepseek_r1_distill_1p5b__math_test_00344_64925ab7__temp1.00__seed7,0.32318263488403504,,14,per_run_oof
deepseek_r1_distill_1p5b__math_test_00345_6af61995__temp0.10__seed7,0.17546400264625747,,14,per_run_oof
deepseek_r1_distill_1p5b__math_test_00345_6af61995__temp0.60__seed7,0.234888366597601,,14,per_run_oof
deepseek_r1_distill_1p5b__math_test_00345_6af61995__temp1.00__seed7,0.3170052810754974,,14,per_run_oof
deepseek_r1_distill_1p5b__math_test_00346_baa6122d__temp0.10__seed7,0.2548172997156977,0.5,14,per_run_oof
deepseek_r1_distill_1p5b__math_test_00346_baa6122d__temp0.60__seed7,0.24640321347809405,0.6122448979591837,14,per_run_oof
deepseek_r1_distill_1p5b__math_test_00346_baa6122d__temp1.00__seed7,0.2702241800243077,,14,per_run_oof
deepseek_r1_distill_1p5b__math_test_00347_a2f7bec0__temp0.10__seed7,0.241510030218856,,14,per_run_oof
deepseek_r1_distill_1p5b__math_test_00347_a2f7bec0__temp0.60__seed7,0.2536410833289598,,14,per_run_oof
deepseek_r1_distill_1p5b__math_test_00347_a2f7bec0__temp1.00__seed7,0.2750180204617377,,14,per_run_oof
deepseek_r1_distill_1p5b__math_test_00348_86ddc3d0__temp0.10__seed7,0.25574485478693365,,14,per_run_oof
deepseek_r1_distill_1p5b__math_test_00348_86ddc3d0__temp0.60__seed7,0.2161676536976391,,14,per_run_oof
deepseek_r1_distill_1p5b__math_test_00348_86ddc3d0__temp1.00__seed7,0.23314632266990679,,14,per_run_oof
deepseek_r1_distill_1p5b__math_test_00349_b9d9a1ba__temp0.10__seed7,0.26240386007718863,,14,per_run_oof
deepseek_r1_distill_1p5b__math_test_00349_b9d9a1ba__temp0.60__seed7,0.2921270273783581,,14,per_run_oof
deepseek_r1_distill_1p5b__math_test_00349_b9d9a1ba__temp1.00__seed7,0.2588182820840343,,14,per_run_oof
deepseek_r1_distill_1p5b__math_test_00350_02aacf73__temp0.10__seed7,0.12182822157330966,0.9090909090909091,14,per_run_oof
deepseek_r1_distill_1p5b__math_test_00350_02aacf73__temp0.60__seed7,0.22752013312707503,0.5416666666666666,14,per_run_oof
deepseek_r1_distill_1p5b__math_test_00350_02aacf73__temp1.00__seed7,0.22334729505304932,0.6923076923076923,14,per_run_oof
deepseek_r1_distill_1p5b__math_test_00351_67aec9c5__temp0.10__seed7,0.23014335819039292,0.7500000000000001,14,per_run_oof
deepseek_r1_distill_1p5b__math_test_00351_67aec9c5__temp0.60__seed7,0.23947130898879626,0.6363636363636362,14,per_run_oof
deepseek_r1_distill_1p5b__math_test_00351_67aec9c5__temp1.00__seed7,0.2803875776459739,0.3076923076923077,14,per_run_oof
deepseek_r1_distill_1p5b__math_test_00352_e74ba0fa__temp0.10__seed7,0.16450236432253737,,14,per_run_oof
deepseek_r1_distill_1p5b__math_test_00352_e74ba0fa__temp0.60__seed7,0.17272652926585957,,14,per_run_oof
deepseek_r1_distill_1p5b__math_test_00352_e74ba0fa__temp1.00__seed7,0.18413414029386319,,14,per_run_oof
deepseek_r1_distill_1p5b__math_test_00353_8c1deb6e__temp0.10__seed7,0.19471457360906586,,14,per_run_oof
deepseek_r1_distill_1p5b__math_test_00353_8c1deb6e__temp0.60__seed7,0.21787120255416914,,14,per_run_oof
deepseek_r1_distill_1p5b__math_test_00353_8c1deb6e__temp1.00__seed7,0.15385412361979803,,14,per_run_oof
deepseek_r1_distill_1p5b__math_test_00354_47b050a9__temp0.10__seed7,0.25796430844660706,,14,per_run_oof
deepseek_r1_distill_1p5b__math_test_00354_47b050a9__temp0.60__seed7,0.18876407938865716,,14,per_run_oof
deepseek_r1_distill_1p5b__math_test_00354_47b050a9__temp1.00__seed7,0.14219233479287485,,14,per_run_oof
deepseek_r1_distill_1p5b__math_test_00355_ec1c2c36__temp0.10__seed7,0.23935604085837212,0.45000000000000007,14,per_run_oof
deepseek_r1_distill_1p5b__math_test_00355_ec1c2c36__temp0.60__seed7,0.22702671046059036,0.5757575757575758,14,per_run_oof
deepseek_r1_distill_1p5b__math_test_00355_ec1c2c36__temp1.00__seed7,0.22891927975640988,0.575,14,per_run_oof
deepseek_r1_distill_1p5b__math_test_00356_f8a2ffc1__temp0.10__seed7,0.20925338833442422,,14,per_run_oof
deepseek_r1_distill_1p5b__math_test_00356_f8a2ffc1__temp0.60__seed7,0.25535412681752523,,14,per_run_oof
deepseek_r1_distill_1p5b__math_test_00356_f8a2ffc1__temp1.00__seed7,0.2532690413588787,,14,per_run_oof
deepseek_r1_distill_1p5b__math_test_00357_8a63afe5__temp0.10__seed7,0.24653170837286636,,14,per_run_oof
deepseek_r1_distill_1p5b__math_test_00357_8a63afe5__temp0.60__seed7,0.2526538072813022,,14,per_run_oof
deepseek_r1_distill_1p5b__math_test_00357_8a63afe5__temp1.00__seed7,0.2743693906510083,,14,per_run_oof
deepseek_r1_distill_1p5b__math_test_00358_76dfcccb__temp0.10__seed7,0.18974833578987654,,14,per_run_oof
deepseek_r1_distill_1p5b__math_test_00358_76dfcccb__temp0.60__seed7,0.16660578621566338,,14,per_run_oof
deepseek_r1_distill_1p5b__math_test_00358_76dfcccb__temp1.00__seed7,0.2009114061203792,,14,per_run_oof
deepseek_r1_distill_1p5b__math_test_00359_f093fce4__temp0.10__seed7,0.2329416260584998,0.7692307692307692,14,per_run_oof
deepseek_r1_distill_1p5b__math_test_00359_f093fce4__temp0.60__seed7,0.25893629125311346,0.27499999999999997,14,per_run_oof
deepseek_r1_distill_1p5b__math_test_00359_f093fce4__temp1.00__seed7,0.281117998905279,0.5,14,per_run_oof
deepseek_r1_distill_1p5b__math_test_00360_e7cc4a6f__temp0.10__seed7,0.2110216090260915,,14,per_run_oof
deepseek_r1_distill_1p5b__math_test_00360_e7cc4a6f__temp0.60__seed7,0.22873891355871875,,14,per_run_oof
deepseek_r1_distill_1p5b__math_test_00360_e7cc4a6f__temp1.00__seed7,0.24377474392177925,,14,per_run_oof
deepseek_r1_distill_1p5b__math_test_00361_e7fdc3ec__temp0.10__seed7,0.3117563850400143,,14,per_run_oof
deepseek_r1_distill_1p5b__math_test_00361_e7fdc3ec__temp0.60__seed7,0.3517136469589604,,14,per_run_oof
deepseek_r1_distill_1p5b__math_test_00361_e7fdc3ec__temp1.00__seed7,0.2802211422439925,,14,per_run_oof
deepseek_r1_distill_1p5b__math_test_00362_a3ec21a8__temp0.10__seed7,0.23727034895907087,,14,per_run_oof
deepseek_r1_distill_1p5b__math_test_00362_a3ec21a8__temp0.60__seed7,0.14608087640605993,,14,per_run_oof
deepseek_r1_distill_1p5b__math_test_00362_a3ec21a8__temp1.00__seed7,0.18908920053282197,,14,per_run_oof
deepseek_r1_distill_1p5b__math_test_00363_76d22eff__temp0.10__seed7,0.1877503862466594,,14,per_run_oof
deepseek_r1_distill_1p5b__math_test_00363_76d22eff__temp0.60__seed7,0.21652078548903275,,14,per_run_oof
deepseek_r1_distill_1p5b__math_test_00363_76d22eff__temp1.00__seed7,0.20122858836647975,,14,per_run_oof
deepseek_r1_distill_1p5b__math_test_00364_48ea1907__temp0.10__seed7,0.12434174664243167,,14,per_run_oof
deepseek_r1_distill_1p5b__math_test_00364_48ea1907__temp0.60__seed7,0.1321171718021275,,14,per_run_oof
deepseek_r1_distill_1p5b__math_test_00364_48ea1907__temp1.00__seed7,0.14632896087441208,,14,per_run_oof
deepseek_r1_distill_1p5b__math_test_00365_ee443bc9__temp0.10__seed7,0.18281120201955375,,14,per_run_oof
deepseek_r1_distill_1p5b__math_test_00365_ee443bc9__temp0.60__seed7,0.12086873244270928,,14,per_run_oof
deepseek_r1_distill_1p5b__math_test_00365_ee443bc9__temp1.00__seed7,0.11090004075077434,,14,per_run_oof
deepseek_r1_distill_1p5b__math_test_00366_e4373bdd__temp0.10__seed7,0.22481961381433194,,14,per_run_oof
deepseek_r1_distill_1p5b__math_test_00366_e4373bdd__temp0.60__seed7,0.19445368411453473,,14,per_run_oof
deepseek_r1_distill_1p5b__math_test_00366_e4373bdd__temp1.00__seed7,0.21837246798467985,,14,per_run_oof
deepseek_r1_distill_1p5b__math_test_00367_f645536a__temp0.10__seed7,0.2685925934953796,,14,per_run_oof
deepseek_r1_distill_1p5b__math_test_00367_f645536a__temp0.60__seed7,0.26843084234707,,14,per_run_oof
deepseek_r1_distill_1p5b__math_test_00367_f645536a__temp1.00__seed7,0.3028255347249168,,14,per_run_oof
deepseek_r1_distill_1p5b__math_test_00368_3ac511d2__temp0.10__seed7,0.22995106865396048,,14,per_run_oof
deepseek_r1_distill_1p5b__math_test_00368_3ac511d2__temp0.60__seed7,0.18856379901403078,,14,per_run_oof
deepseek_r1_distill_1p5b__math_test_00368_3ac511d2__temp1.00__seed7,0.2024123467417608,,14,per_run_oof
deepseek_r1_distill_1p5b__math_test_00369_598cca5b__temp0.10__seed7,0.18163668822986087,,14,per_run_oof
deepseek_r1_distill_1p5b__math_test_00369_598cca5b__temp0.60__seed7,0.17450704838713404,,14,per_run_oof
deepseek_r1_distill_1p5b__math_test_00369_598cca5b__temp1.00__seed7,0.16901258561722063,,14,per_run_oof
deepseek_r1_distill_1p5b__math_test_00370_ca991c57__temp0.10__seed7,0.1911247037652153,,14,per_run_oof
deepseek_r1_distill_1p5b__math_test_00370_ca991c57__temp0.60__seed7,0.22392524825890242,0.46153846153846156,14,per_run_oof
deepseek_r1_distill_1p5b__math_test_00370_ca991c57__temp1.00__seed7,0.322519371666648,,14,per_run_oof
deepseek_r1_distill_1p5b__math_test_00371_2bd6f928__temp0.10__seed7,0.25953569847748564,,14,per_run_oof
deepseek_r1_distill_1p5b__math_test_00371_2bd6f928__temp0.60__seed7,0.2390054333481397,0.5384615384615384,14,per_run_oof
deepseek_r1_distill_1p5b__math_test_00371_2bd6f928__temp1.00__seed7,0.26738656765827645,,14,per_run_oof
deepseek_r1_distill_1p5b__math_test_00372_b7f23143__temp0.10__seed7,0.2642229454037473,,14,per_run_oof
deepseek_r1_distill_1p5b__math_test_00372_b7f23143__temp0.60__seed7,0.2106745329508472,,14,per_run_oof
deepseek_r1_distill_1p5b__math_test_00372_b7f23143__temp1.00__seed7,0.23791834630680286,,14,per_run_oof
deepseek_r1_distill_1p5b__math_test_00373_00badbcf__temp0.10__seed7,0.15755352462955102,,14,per_run_oof
deepseek_r1_distill_1p5b__math_test_00373_00badbcf__temp0.60__seed7,0.25112570401512835,,14,per_run_oof
deepseek_r1_distill_1p5b__math_test_00373_00badbcf__temp1.00__seed7,0.20302520286476197,,14,per_run_oof
deepseek_r1_distill_1p5b__math_test_00374_6b1b63ff__temp0.10__seed7,0.24714735550947564,0.25,14,per_run_oof
deepseek_r1_distill_1p5b__math_test_00374_6b1b63ff__temp0.60__seed7,0.25653586040183346,0.5,14,per_run_oof
deepseek_r1_distill_1p5b__math_test_00374_6b1b63ff__temp1.00__seed7,0.2742080410300972,0.4444444444444444,14,per_run_oof
deepseek_r1_distill_1p5b__math_test_00375_150bb464__temp0.10__seed7,0.3481395596371251,,14,per_run_oof
deepseek_r1_distill_1p5b__math_test_00375_150bb464__temp0.60__seed7,0.30835592420631475,,14,per_run_oof
deepseek_r1_distill_1p5b__math_test_00375_150bb464__temp1.00__seed7,0.30836746341292914,0.45833333333333337,14,per_run_oof
deepseek_r1_distill_1p5b__math_test_00376_61c1faed__temp0.10__seed7,0.2780857041891077,,14,per_run_oof
deepseek_r1_distill_1p5b__math_test_00376_61c1faed__temp0.60__seed7,0.303385312629293,,14,per_run_oof
deepseek_r1_distill_1p5b__math_test_00376_61c1faed__temp1.00__seed7,0.19374275806987376,,14,per_run_oof
deepseek_r1_distill_1p5b__math_test_00377_5a155369__temp0.10__seed7,0.2552171135978575,,14,per_run_oof
deepseek_r1_distill_1p5b__math_test_00377_5a155369__temp0.60__seed7,0.2550001276221026,,14,per_run_oof
deepseek_r1_distill_1p5b__math_test_00377_5a155369__temp1.00__seed7,0.24202410205106492,0.46153846153846156,14,per_run_oof
deepseek_r1_distill_1p5b__math_test_00378_679ad820__temp0.10__seed7,0.21301324024139623,,14,per_run_oof
deepseek_r1_distill_1p5b__math_test_00378_679ad820__temp0.60__seed7,0.1934874356125749,,14,per_run_oof
deepseek_r1_distill_1p5b__math_test_00378_679ad820__temp1.00__seed7,0.24816768877149523,,14,per_run_oof
deepseek_r1_distill_1p5b__math_test_00379_47fb8717__temp0.10__seed7,0.22034976300202216,,14,per_run_oof
deepseek_r1_distill_1p5b__math_test_00379_47fb8717__temp0.60__seed7,0.20691422045854682,,14,per_run_oof
deepseek_r1_distill_1p5b__math_test_00379_47fb8717__temp1.00__seed7,0.20584971161700222,,14,per_run_oof
deepseek_r1_distill_1p5b__math_test_00380_5f1641b4__temp0.10__seed7,0.1336503045291489,,14,per_run_oof
deepseek_r1_distill_1p5b__math_test_00380_5f1641b4__temp0.60__seed7,0.12646697866373488,,14,per_run_oof
deepseek_r1_distill_1p5b__math_test_00380_5f1641b4__temp1.00__seed7,0.13724283767703813,,14,per_run_oof
deepseek_r1_distill_1p5b__math_test_00381_8df788ff__temp0.10__seed7,0.18685244305848753,,14,per_run_oof
deepseek_r1_distill_1p5b__math_test_00381_8df788ff__temp0.60__seed7,0.19423275296903705,,14,per_run_oof
deepseek_r1_distill_1p5b__math_test_00381_8df788ff__temp1.00__seed7,0.16755115618897937,,14,per_run_oof
deepseek_r1_distill_1p5b__math_test_00382_38d763f6__temp0.10__seed7,0.11578822091372734,,14,per_run_oof
deepseek_r1_distill_1p5b__math_test_00382_38d763f6__temp0.60__seed7,0.1891522584891648,,14,per_run_oof
deepseek_r1_distill_1p5b__math_test_00382_38d763f6__temp1.00__seed7,0.18432120652465342,,14,per_run_oof
deepseek_r1_distill_1p5b__math_test_00383_08527b10__temp0.10__seed7,0.2244409269317932,,14,per_run_oof
deepseek_r1_distill_1p5b__math_test_00383_08527b10__temp0.60__seed7,0.19149947772393047,,14,per_run_oof
deepseek_r1_distill_1p5b__math_test_00383_08527b10__temp1.00__seed7,0.2583360854744244,,14,per_run_oof
deepseek_r1_distill_1p5b__math_test_00384_b0468733__temp0.10__seed7,0.2483884448551502,0.8333333333333334,14,per_run_oof
deepseek_r1_distill_1p5b__math_test_00384_b0468733__temp0.60__seed7,0.2993895178031664,0.8333333333333334,14,per_run_oof
deepseek_r1_distill_1p5b__math_test_00384_b0468733__temp1.00__seed7,0.31682967684215413,0.7692307692307692,14,per_run_oof
deepseek_r1_distill_1p5b__math_test_00385_30dafe73__temp0.10__seed7,0.2688534569130063,,14,per_run_oof
deepseek_r1_distill_1p5b__math_test_00385_30dafe73__temp0.60__seed7,0.26264064673618287,,14,per_run_oof
deepseek_r1_distill_1p5b__math_test_00385_30dafe73__temp1.00__seed7,0.2662206371445509,,14,per_run_oof
deepseek_r1_distill_1p5b__math_test_00386_07310b54__temp0.10__seed7,0.31515040603967964,,14,per_run_oof
deepseek_r1_distill_1p5b__math_test_00386_07310b54__temp0.60__seed7,0.18190059021670538,,14,per_run_oof
deepseek_r1_distill_1p5b__math_test_00386_07310b54__temp1.00__seed7,0.18547126568988956,,14,per_run_oof
deepseek_r1_distill_1p5b__math_test_00387_17210adf__temp0.10__seed7,0.24189437046669687,,14,per_run_oof
deepseek_r1_distill_1p5b__math_test_00387_17210adf__temp0.60__seed7,0.2209250126329565,,14,per_run_oof
deepseek_r1_distill_1p5b__math_test_00387_17210adf__temp1.00__seed7,0.16007957104634787,,14,per_run_oof
deepseek_r1_distill_1p5b__math_test_00388_11e6a957__temp0.10__seed7,0.2314262276629859,0.7083333333333333,14,per_run_oof
deepseek_r1_distill_1p5b__math_test_00388_11e6a957__temp0.60__seed7,0.29190533832002596,0.5,14,per_run_oof
deepseek_r1_distill_1p5b__math_test_00388_11e6a957__temp1.00__seed7,0.3439097024927081,0.8461538461538461,14,per_run_oof
deepseek_r1_distill_1p5b__math_test_00389_a5faa9e5__temp0.10__seed7,0.2830456364006782,,14,per_run_oof
deepseek_r1_distill_1p5b__math_test_00389_a5faa9e5__temp0.60__seed7,0.2940604807817496,,14,per_run_oof
deepseek_r1_distill_1p5b__math_test_00389_a5faa9e5__temp1.00__seed7,0.31597837368112847,,14,per_run_oof
deepseek_r1_distill_1p5b__math_test_00390_ea31a6ca__temp0.10__seed7,0.16639485687238503,,14,per_run_oof
deepseek_r1_distill_1p5b__math_test_00390_ea31a6ca__temp0.60__seed7,0.15355727439029637,,14,per_run_oof
deepseek_r1_distill_1p5b__math_test_00390_ea31a6ca__temp1.00__seed7,0.18974321405123162,,14,per_run_oof
deepseek_r1_distill_1p5b__math_test_00391_da45406a__temp0.10__seed7,0.3302987157704473,,14,per_run_oof
deepseek_r1_distill_1p5b__math_test_00391_da45406a__temp0.60__seed7,0.3033424300698079,,14,per_run_oof
deepseek_r1_distill_1p5b__math_test_00391_da45406a__temp1.00__seed7,0.22926536652368612,,14,per_run_oof
deepseek_r1_distill_1p5b__math_test_00392_5ec89a77__temp0.10__seed7,0.2825390166000518,,14,per_run_oof
deepseek_r1_distill_1p5b__math_test_00392_5ec89a77__temp0.60__seed7,0.2709029055182047,,14,per_run_oof
deepseek_r1_distill_1p5b__math_test_00392_5ec89a77__temp1.00__seed7,0.25059272113037273,,14,per_run_oof
deepseek_r1_distill_1p5b__math_test_00393_b3a1a15f__temp0.10__seed7,0.22859266012827664,,14,per_run_oof
deepseek_r1_distill_1p5b__math_test_00393_b3a1a15f__temp0.60__seed7,0.2291894369462619,0.85,14,per_run_oof
deepseek_r1_distill_1p5b__math_test_00393_b3a1a15f__temp1.00__seed7,0.25531871950862023,0.5416666666666667,14,per_run_oof
deepseek_r1_distill_1p5b__math_test_00394_372e8efa__temp0.10__seed7,0.2763480619247569,,14,per_run_oof
deepseek_r1_distill_1p5b__math_test_00394_372e8efa__temp0.60__seed7,0.2520982752020997,,14,per_run_oof
deepseek_r1_distill_1p5b__math_test_00394_372e8efa__temp1.00__seed7,0.24716355540061316,,14,per_run_oof
deepseek_r1_distill_1p5b__math_test_00395_71129ef0__temp0.10__seed7,0.22619373182815186,,14,per_run_oof
deepseek_r1_distill_1p5b__math_test_00395_71129ef0__temp0.60__seed7,0.2802267319679944,,14,per_run_oof
deepseek_r1_distill_1p5b__math_test_00395_71129ef0__temp1.00__seed7,0.25638719810648836,,14,per_run_oof
deepseek_r1_distill_1p5b__math_test_00396_ba3bcd56__temp0.10__seed7,0.23937399869577267,0.07692307692307687,14,per_run_oof
deepseek_r1_distill_1p5b__math_test_00396_ba3bcd56__temp0.60__seed7,0.2667577640020385,0.15384615384615385,14,per_run_oof
deepseek_r1_distill_1p5b__math_test_00396_ba3bcd56__temp1.00__seed7,0.23111087000811015,0.15384615384615385,14,per_run_oof
deepseek_r1_distill_1p5b__math_test_00397_92c7504a__temp0.10__seed7,0.2592458137691786,,14,per_run_oof
deepseek_r1_distill_1p5b__math_test_00397_92c7504a__temp0.60__seed7,0.20982911305067792,,14,per_run_oof
deepseek_r1_distill_1p5b__math_test_00397_92c7504a__temp1.00__seed7,0.17171680678649484,,14,per_run_oof
deepseek_r1_distill_1p5b__math_test_00398_23079a25__temp0.10__seed7,0.2166969331726245,,14,per_run_oof
deepseek_r1_distill_1p5b__math_test_00398_23079a25__temp0.60__seed7,0.23125648915379743,,14,per_run_oof
deepseek_r1_distill_1p5b__math_test_00398_23079a25__temp1.00__seed7,0.144042429721332,,14,per_run_oof
deepseek_r1_distill_1p5b__math_test_00399_efffa141__temp0.10__seed7,0.2244768866961909,,14,per_run_oof
deepseek_r1_distill_1p5b__math_test_00399_efffa141__temp0.60__seed7,0.2647781923602024,0.375,14,per_run_oof
deepseek_r1_distill_1p5b__math_test_00399_efffa141__temp1.00__seed7,0.26259298726829894,,14,per_run_oof
deepseek_r1_distill_1p5b__math_test_00400_8f10146b__temp0.10__seed7,0.29313388138383756,,14,per_run_oof
deepseek_r1_distill_1p5b__math_test_00400_8f10146b__temp0.60__seed7,0.2594499195058896,0.9230769230769231,14,per_run_oof
deepseek_r1_distill_1p5b__math_test_00400_8f10146b__temp1.00__seed7,0.2102768574960863,,14,per_run_oof
deepseek_r1_distill_1p5b__math_test_00401_62859aeb__temp0.10__seed7,0.20003578482819231,,14,per_run_oof
deepseek_r1_distill_1p5b__math_test_00401_62859aeb__temp0.60__seed7,0.17795268402328443,,14,per_run_oof
deepseek_r1_distill_1p5b__math_test_00401_62859aeb__temp1.00__seed7,0.167803944686329,,14,per_run_oof
deepseek_r1_distill_1p5b__math_test_00402_d12fb851__temp0.10__seed7,0.23142679532555063,,14,per_run_oof
deepseek_r1_distill_1p5b__math_test_00402_d12fb851__temp0.60__seed7,0.27339753407773676,,14,per_run_oof
deepseek_r1_distill_1p5b__math_test_00402_d12fb851__temp1.00__seed7,0.3318510658144006,,14,per_run_oof
deepseek_r1_distill_1p5b__math_test_00403_11b3b101__temp0.10__seed7,0.2228705203088795,,14,per_run_oof
deepseek_r1_distill_1p5b__math_test_00403_11b3b101__temp0.60__seed7,0.23098450847315305,,14,per_run_oof
deepseek_r1_distill_1p5b__math_test_00403_11b3b101__temp1.00__seed7,0.23824756145174145,,14,per_run_oof
deepseek_r1_distill_1p5b__math_test_00404_da55437b__temp0.10__seed7,0.14266550874495895,,14,per_run_oof
deepseek_r1_distill_1p5b__math_test_00404_da55437b__temp0.60__seed7,0.17448903440308336,,14,per_run_oof
deepseek_r1_distill_1p5b__math_test_00404_da55437b__temp1.00__seed7,0.23564468931061322,,14,per_run_oof
deepseek_r1_distill_1p5b__math_test_00405_668162f1__temp0.10__seed7,0.3227627990008573,,14,per_run_oof
deepseek_r1_distill_1p5b__math_test_00405_668162f1__temp0.60__seed7,0.29035203679913707,,14,per_run_oof
deepseek_r1_distill_1p5b__math_test_00405_668162f1__temp1.00__seed7,0.25772603143650924,,14,per_run_oof
deepseek_r1_distill_1p5b__math_test_00406_895adc35__temp0.10__seed7,0.22309649307365492,,14,per_run_oof
deepseek_r1_distill_1p5b__math_test_00406_895adc35__temp0.60__seed7,0.23364952691192295,,14,per_run_oof
deepseek_r1_distill_1p5b__math_test_00406_895adc35__temp1.00__seed7,0.21230994845486376,,14,per_run_oof
deepseek_r1_distill_1p5b__math_test_00407_21645a77__temp0.10__seed7,0.18658220399884215,,14,per_run_oof
deepseek_r1_distill_1p5b__math_test_00407_21645a77__temp0.60__seed7,0.20426256932250939,,14,per_run_oof
deepseek_r1_distill_1p5b__math_test_00407_21645a77__temp1.00__seed7,0.10698314952929974,,14,per_run_oof
deepseek_r1_distill_1p5b__math_test_00408_72a21fce__temp0.10__seed7,0.24541030206471484,0.6326530612244897,14,per_run_oof
deepseek_r1_distill_1p5b__math_test_00408_72a21fce__temp0.60__seed7,0.3835567292928516,0.5384615384615384,14,per_run_oof
deepseek_r1_distill_1p5b__math_test_00408_72a21fce__temp1.00__seed7,0.38355689580717156,0.20833333333333331,14,per_run_oof
deepseek_r1_distill_1p5b__math_test_00409_2cbb5151__temp0.10__seed7,0.24812713601714426,,14,per_run_oof
deepseek_r1_distill_1p5b__math_test_00409_2cbb5151__temp0.60__seed7,0.19656254093991313,,14,per_run_oof
deepseek_r1_distill_1p5b__math_test_00409_2cbb5151__temp1.00__seed7,0.23784005784386766,,14,per_run_oof
deepseek_r1_distill_1p5b__math_test_00410_6885282d__temp0.10__seed7,0.11479056950305874,,14,per_run_oof
deepseek_r1_distill_1p5b__math_test_00410_6885282d__temp0.60__seed7,0.15444447101151018,,14,per_run_oof
deepseek_r1_distill_1p5b__math_test_00410_6885282d__temp1.00__seed7,0.22352711846427423,,14,per_run_oof
deepseek_r1_distill_1p5b__math_test_00411_6f5d00d6__temp0.10__seed7,0.25173186003555387,,14,per_run_oof
deepseek_r1_distill_1p5b__math_test_00411_6f5d00d6__temp0.60__seed7,0.23875318777153315,,14,per_run_oof
deepseek_r1_distill_1p5b__math_test_00411_6f5d00d6__temp1.00__seed7,0.2825669635969704,,14,per_run_oof
deepseek_r1_distill_1p5b__math_test_00412_403b3454__temp0.10__seed7,0.27104031176605275,,14,per_run_oof
deepseek_r1_distill_1p5b__math_test_00412_403b3454__temp0.60__seed7,0.21108470877896118,,14,per_run_oof
deepseek_r1_distill_1p5b__math_test_00412_403b3454__temp1.00__seed7,0.2680354074490193,,14,per_run_oof
deepseek_r1_distill_1p5b__math_test_00413_a79cadf3__temp0.10__seed7,0.31100284015718643,,14,per_run_oof
deepseek_r1_distill_1p5b__math_test_00413_a79cadf3__temp0.60__seed7,0.3556192914580437,,14,per_run_oof
deepseek_r1_distill_1p5b__math_test_00413_a79cadf3__temp1.00__seed7,0.3280817990894658,,14,per_run_oof
deepseek_r1_distill_1p5b__math_test_00414_f8b3d5f2__temp0.10__seed7,0.18234753195661516,,14,per_run_oof
deepseek_r1_distill_1p5b__math_test_00414_f8b3d5f2__temp0.60__seed7,0.16727996628993583,,14,per_run_oof
deepseek_r1_distill_1p5b__math_test_00414_f8b3d5f2__temp1.00__seed7,0.17056469772861302,,14,per_run_oof
deepseek_r1_distill_1p5b__math_test_00415_df5709ae__temp0.10__seed7,0.20210382415966974,,14,per_run_oof
deepseek_r1_distill_1p5b__math_test_00415_df5709ae__temp0.60__seed7,0.22815986906283864,,14,per_run_oof
deepseek_r1_distill_1p5b__math_test_00415_df5709ae__temp1.00__seed7,0.24357674705645024,,14,per_run_oof
deepseek_r1_distill_1p5b__math_test_00416_29223b4f__temp0.10__seed7,0.291968469083631,,14,per_run_oof
deepseek_r1_distill_1p5b__math_test_00416_29223b4f__temp0.60__seed7,0.16674891706695869,,14,per_run_oof
deepseek_r1_distill_1p5b__math_test_00416_29223b4f__temp1.00__seed7,0.16640228557292472,,14,per_run_oof
deepseek_r1_distill_1p5b__math_test_00417_f378f07d__temp0.10__seed7,0.20967135445379143,0.7083333333333334,14,per_run_oof
deepseek_r1_distill_1p5b__math_test_00417_f378f07d__temp0.60__seed7,0.2988274966417333,0.11111111111111112,14,per_run_oof
deepseek_r1_distill_1p5b__math_test_00417_f378f07d__temp1.00__seed7,0.25877551289773504,0.5918367346938775,14,per_run_oof
deepseek_r1_distill_1p5b__math_test_00418_452dc872__temp0.10__seed7,0.2296270152436511,0.41666666666666663,14,per_run_oof
deepseek_r1_distill_1p5b__math_test_00418_452dc872__temp0.60__seed7,0.25216171412964605,0.25,14,per_run_oof
deepseek_r1_distill_1p5b__math_test_00418_452dc872__temp1.00__seed7,0.255592615456757,0.47500000000000003,14,per_run_oof
deepseek_r1_distill_1p5b__math_test_00419_dadaee3f__temp0.10__seed7,0.24901682241937495,0.6041666666666667,14,per_run_oof
deepseek_r1_distill_1p5b__math_test_00419_dadaee3f__temp0.60__seed7,0.32464182258393065,0.41666666666666663,14,per_run_oof
deepseek_r1_distill_1p5b__math_test_00419_dadaee3f__temp1.00__seed7,0.28122644306218036,0.5208333333333333,14,per_run_oof
deepseek_r1_distill_1p5b__math_test_00420_ecd5f88d__temp0.10__seed7,0.2643427361743059,0.2222222222222222,14,per_run_oof
deepseek_r1_distill_1p5b__math_test_00420_ecd5f88d__temp0.60__seed7,0.23024568176608265,0.5384615384615384,14,per_run_oof
deepseek_r1_distill_1p5b__math_test_00420_ecd5f88d__temp1.00__seed7,0.2937496227417364,0.5,14,per_run_oof
deepseek_r1_distill_1p5b__math_test_00421_c2187615__temp0.10__seed7,0.259615558719893,0.6249999999999999,14,per_run_oof
deepseek_r1_distill_1p5b__math_test_00421_c2187615__temp0.60__seed7,0.2340293496520883,0.5625,14,per_run_oof
deepseek_r1_distill_1p5b__math_test_00421_c2187615__temp1.00__seed7,0.27510806774996793,0.5333333333333334,14,per_run_oof
deepseek_r1_distill_1p5b__math_test_00422_fec8190b__temp0.10__seed7,0.27016563873923854,,14,per_run_oof
deepseek_r1_distill_1p5b__math_test_00422_fec8190b__temp0.60__seed7,0.2647003926322706,,14,per_run_oof
deepseek_r1_distill_1p5b__math_test_00422_fec8190b__temp1.00__seed7,0.16497084584720148,,14,per_run_oof
deepseek_r1_distill_1p5b__math_test_00423_19a18675__temp0.10__seed7,0.16684063722010692,,14,per_run_oof
deepseek_r1_distill_1p5b__math_test_00423_19a18675__temp0.60__seed7,0.16141439158484064,,14,per_run_oof
deepseek_r1_distill_1p5b__math_test_00423_19a18675__temp1.00__seed7,0.14358198801615712,,14,per_run_oof
deepseek_r1_distill_1p5b__math_test_00424_4db9759a__temp0.10__seed7,0.3475851429312602,,14,per_run_oof
deepseek_r1_distill_1p5b__math_test_00424_4db9759a__temp0.60__seed7,0.23135597687204473,,14,per_run_oof
deepseek_r1_distill_1p5b__math_test_00424_4db9759a__temp1.00__seed7,0.30982131293544507,,14,per_run_oof
deepseek_r1_distill_1p5b__math_test_00425_88cd35aa__temp0.10__seed7,0.14022778175069575,,14,per_run_oof
deepseek_r1_distill_1p5b__math_test_00425_88cd35aa__temp0.60__seed7,0.1785146582485056,,14,per_run_oof
deepseek_r1_distill_1p5b__math_test_00425_88cd35aa__temp1.00__seed7,0.14762698931933577,,14,per_run_oof
deepseek_r1_distill_1p5b__math_test_00426_206b8557__temp0.10__seed7,0.1769254861496027,0.8484848484848485,14,per_run_oof
deepseek_r1_distill_1p5b__math_test_00426_206b8557__temp0.60__seed7,0.22181969214151848,0.6530612244897959,14,per_run_oof
deepseek_r1_distill_1p5b__math_test_00426_206b8557__temp1.00__seed7,0.2508383306341348,0.625,14,per_run_oof
deepseek_r1_distill_1p5b__math_test_00427_f158b2bb__temp0.10__seed7,0.28388401512256806,,14,per_run_oof
deepseek_r1_distill_1p5b__math_test_00427_f158b2bb__temp0.60__seed7,0.1776424151866676,,14,per_run_oof
deepseek_r1_distill_1p5b__math_test_00427_f158b2bb__temp1.00__seed7,0.17694510530602212,,14,per_run_oof
deepseek_r1_distill_1p5b__math_test_00428_ecc1932f__temp0.10__seed7,0.15598204337576144,,14,per_run_oof
deepseek_r1_distill_1p5b__math_test_00428_ecc1932f__temp0.60__seed7,0.19044311553263277,,14,per_run_oof
deepseek_r1_distill_1p5b__math_test_00428_ecc1932f__temp1.00__seed7,0.13456007229598882,,14,per_run_oof
deepseek_r1_distill_1p5b__math_test_00429_0ed0c936__temp0.10__seed7,0.3140191324812919,,14,per_run_oof
deepseek_r1_distill_1p5b__math_test_00429_0ed0c936__temp0.60__seed7,0.25337136938650345,,14,per_run_oof
deepseek_r1_distill_1p5b__math_test_00429_0ed0c936__temp1.00__seed7,0.3100675704530976,0.15384615384615385,14,per_run_oof
deepseek_r1_distill_1p5b__math_test_00430_28f71d47__temp0.10__seed7,0.24837909020431148,0.6153846153846154,14,per_run_oof
deepseek_r1_distill_1p5b__math_test_00430_28f71d47__temp0.60__seed7,0.22564422906987278,0.625,14,per_run_oof
deepseek_r1_distill_1p5b__math_test_00430_28f71d47__temp1.00__seed7,0.23333602055201924,0.3846153846153846,14,per_run_oof
deepseek_r1_distill_1p5b__math_test_00431_a332c76b__temp0.10__seed7,0.244573066658464,,14,per_run_oof
deepseek_r1_distill_1p5b__math_test_00431_a332c76b__temp0.60__seed7,0.2599733129884352,,14,per_run_oof
deepseek_r1_distill_1p5b__math_test_00431_a332c76b__temp1.00__seed7,0.1417686006213468,,14,per_run_oof
deepseek_r1_distill_1p5b__math_test_00432_f6edb398__temp0.10__seed7,0.24256083581925553,,14,per_run_oof
deepseek_r1_distill_1p5b__math_test_00432_f6edb398__temp0.60__seed7,0.28259614818488016,,14,per_run_oof
deepseek_r1_distill_1p5b__math_test_00432_f6edb398__temp1.00__seed7,0.2994122524620497,0.5384615384615384,14,per_run_oof
deepseek_r1_distill_1p5b__math_test_00433_25f606a1__temp0.10__seed7,0.22192097004609712,0.3846153846153846,14,per_run_oof
deepseek_r1_distill_1p5b__math_test_00433_25f606a1__temp0.60__seed7,0.24181841259422393,,14,per_run_oof
deepseek_r1_distill_1p5b__math_test_00433_25f606a1__temp1.00__seed7,0.25361800005352114,0.8461538461538461,14,per_run_oof
deepseek_r1_distill_1p5b__math_test_00434_ad11ec3c__temp0.10__seed7,0.28339734653396087,,14,per_run_oof
deepseek_r1_distill_1p5b__math_test_00434_ad11ec3c__temp0.60__seed7,0.2503039124072005,,14,per_run_oof
deepseek_r1_distill_1p5b__math_test_00434_ad11ec3c__temp1.00__seed7,0.25807424374529747,,14,per_run_oof
deepseek_r1_distill_1p5b__math_test_00435_c222bfff__temp0.10__seed7,0.23923925194253465,,14,per_run_oof
deepseek_r1_distill_1p5b__math_test_00435_c222bfff__temp0.60__seed7,0.24124283592457943,0.8461538461538461,14,per_run_oof
deepseek_r1_distill_1p5b__math_test_00435_c222bfff__temp1.00__seed7,0.2554190805421201,0.42500000000000004,14,per_run_oof
deepseek_r1_distill_1p5b__math_test_00436_c183974b__temp0.10__seed7,0.2282784502173474,,14,per_run_oof
deepseek_r1_distill_1p5b__math_test_00436_c183974b__temp0.60__seed7,0.21926549835250536,,14,per_run_oof
deepseek_r1_distill_1p5b__math_test_00436_c183974b__temp1.00__seed7,0.191135808518786,,14,per_run_oof
deepseek_r1_distill_1p5b__math_test_00437_07c4cf7f__temp0.10__seed7,0.24161079949708625,0.375,14,per_run_oof
deepseek_r1_distill_1p5b__math_test_00437_07c4cf7f__temp0.60__seed7,0.2454864288204846,0.5102040816326531,14,per_run_oof
deepseek_r1_distill_1p5b__math_test_00437_07c4cf7f__temp1.00__seed7,0.19354324944088147,,14,per_run_oof
deepseek_r1_distill_1p5b__math_test_00438_ea332f2c__temp0.10__seed7,0.22972368455707054,,14,per_run_oof
deepseek_r1_distill_1p5b__math_test_00438_ea332f2c__temp0.60__seed7,0.24532604090762233,,14,per_run_oof
deepseek_r1_distill_1p5b__math_test_00438_ea332f2c__temp1.00__seed7,0.3087725757211869,,14,per_run_oof
deepseek_r1_distill_1p5b__math_test_00439_fe7d8b6b__temp0.10__seed7,0.27015137446032267,0.12121212121212122,14,per_run_oof
deepseek_r1_distill_1p5b__math_test_00439_fe7d8b6b__temp0.60__seed7,0.32442764293394083,,14,per_run_oof
deepseek_r1_distill_1p5b__math_test_00439_fe7d8b6b__temp1.00__seed7,0.29669956494080907,,14,per_run_oof
deepseek_r1_distill_1p5b__math_test_00440_941bd991__temp0.10__seed7,0.29083050123276094,,14,per_run_oof
deepseek_r1_distill_1p5b__math_test_00440_941bd991__temp0.60__seed7,0.28059690744723137,,14,per_run_oof
deepseek_r1_distill_1p5b__math_test_00440_941bd991__temp1.00__seed7,0.2505367590884419,,14,per_run_oof
deepseek_r1_distill_1p5b__math_test_00441_d2f5328b__temp0.10__seed7,0.2768192314064195,,14,per_run_oof
deepseek_r1_distill_1p5b__math_test_00441_d2f5328b__temp0.60__seed7,0.21907333831921713,,14,per_run_oof
deepseek_r1_distill_1p5b__math_test_00441_d2f5328b__temp1.00__seed7,0.2252663272273728,,14,per_run_oof
deepseek_r1_distill_1p5b__math_test_00442_2d9f4473__temp0.10__seed7,0.23439284976195288,,14,per_run_oof
deepseek_r1_distill_1p5b__math_test_00442_2d9f4473__temp0.60__seed7,0.20413135455097917,,14,per_run_oof
deepseek_r1_distill_1p5b__math_test_00442_2d9f4473__temp1.00__seed7,0.11456680821685751,,14,per_run_oof
deepseek_r1_distill_1p5b__math_test_00443_e86eb3e6__temp0.10__seed7,0.15834574226562723,,14,per_run_oof
deepseek_r1_distill_1p5b__math_test_00443_e86eb3e6__temp0.60__seed7,0.20746700699539153,,14,per_run_oof
deepseek_r1_distill_1p5b__math_test_00443_e86eb3e6__temp1.00__seed7,0.245096341863057,,14,per_run_oof
deepseek_r1_distill_1p5b__math_test_00444_8230401f__temp0.10__seed7,0.2519670850167234,,14,per_run_oof
deepseek_r1_distill_1p5b__math_test_00444_8230401f__temp0.60__seed7,0.25198990208708777,,14,per_run_oof
deepseek_r1_distill_1p5b__math_test_00444_8230401f__temp1.00__seed7,0.2906864223246043,,14,per_run_oof
deepseek_r1_distill_1p5b__math_test_00445_295567c6__temp0.10__seed7,0.22638396285847415,,14,per_run_oof
deepseek_r1_distill_1p5b__math_test_00445_295567c6__temp0.60__seed7,0.21000128415609862,,14,per_run_oof
deepseek_r1_distill_1p5b__math_test_00445_295567c6__temp1.00__seed7,0.19480404128626283,,14,per_run_oof
deepseek_r1_distill_1p5b__math_test_00446_54f3a4b2__temp0.10__seed7,0.2586471561751299,0.5384615384615384,14,per_run_oof
deepseek_r1_distill_1p5b__math_test_00446_54f3a4b2__temp0.60__seed7,0.26667982873190976,0.33333333333333337,14,per_run_oof
deepseek_r1_distill_1p5b__math_test_00446_54f3a4b2__temp1.00__seed7,0.2859035878277764,0.21212121212121207,14,per_run_oof
deepseek_r1_distill_1p5b__math_test_00447_716decc2__temp0.10__seed7,0.17854172617254946,,14,per_run_oof
deepseek_r1_distill_1p5b__math_test_00447_716decc2__temp0.60__seed7,0.1570051536739699,,14,per_run_oof
deepseek_r1_distill_1p5b__math_test_00447_716decc2__temp1.00__seed7,0.15740709385312757,,14,per_run_oof
deepseek_r1_distill_1p5b__math_test_00448_7dbbd02d__temp0.10__seed7,0.20404184216620389,,14,per_run_oof
deepseek_r1_distill_1p5b__math_test_00448_7dbbd02d__temp0.60__seed7,0.22830220198350298,,14,per_run_oof
deepseek_r1_distill_1p5b__math_test_00448_7dbbd02d__temp1.00__seed7,0.23415847576672605,0.5384615384615384,14,per_run_oof
deepseek_r1_distill_1p5b__math_test_00449_2f12a8b9__temp0.10__seed7,0.19911803788519533,,14,per_run_oof
deepseek_r1_distill_1p5b__math_test_00449_2f12a8b9__temp0.60__seed7,0.1979213840401087,,14,per_run_oof
deepseek_r1_distill_1p5b__math_test_00449_2f12a8b9__temp1.00__seed7,0.2840809036159512,,14,per_run_oof
deepseek_r1_distill_1p5b__math_test_00450_2fb65375__temp0.10__seed7,0.14647682223690509,,14,per_run_oof
deepseek_r1_distill_1p5b__math_test_00450_2fb65375__temp0.60__seed7,0.20747681767663978,,14,per_run_oof
deepseek_r1_distill_1p5b__math_test_00450_2fb65375__temp1.00__seed7,0.21376038426818791,,14,per_run_oof
deepseek_r1_distill_1p5b__math_test_00451_daefed59__temp0.10__seed7,0.21700305866566924,,14,per_run_oof
deepseek_r1_distill_1p5b__math_test_00451_daefed59__temp0.60__seed7,0.2299556001258813,,14,per_run_oof
deepseek_r1_distill_1p5b__math_test_00451_daefed59__temp1.00__seed7,0.26923042638498307,,14,per_run_oof
deepseek_r1_distill_1p5b__math_test_00452_0a6f0014__temp0.10__seed7,0.25471947802066347,0.4242424242424242,14,per_run_oof
deepseek_r1_distill_1p5b__math_test_00452_0a6f0014__temp0.60__seed7,0.26925607469966506,,14,per_run_oof
deepseek_r1_distill_1p5b__math_test_00452_0a6f0014__temp1.00__seed7,0.22629260571091275,,14,per_run_oof
deepseek_r1_distill_1p5b__math_test_00453_e4690c39__temp0.10__seed7,0.19223407519398314,,14,per_run_oof
deepseek_r1_distill_1p5b__math_test_00453_e4690c39__temp0.60__seed7,0.27223700261330686,,14,per_run_oof
deepseek_r1_distill_1p5b__math_test_00453_e4690c39__temp1.00__seed7,0.2580981856110997,0.6153846153846154,14,per_run_oof
deepseek_r1_distill_1p5b__math_test_00454_393f3656__temp0.10__seed7,0.25621770652344095,,14,per_run_oof
deepseek_r1_distill_1p5b__math_test_00454_393f3656__temp0.60__seed7,0.35764972677280843,,14,per_run_oof
deepseek_r1_distill_1p5b__math_test_00454_393f3656__temp1.00__seed7,0.24720811101872073,,14,per_run_oof
deepseek_r1_distill_1p5b__math_test_00455_23844847__temp0.10__seed7,0.2486320065055126,,14,per_run_oof
deepseek_r1_distill_1p5b__math_test_00455_23844847__temp0.60__seed7,0.2828766685727316,,14,per_run_oof
deepseek_r1_distill_1p5b__math_test_00455_23844847__temp1.00__seed7,0.31756242640391424,,14,per_run_oof
deepseek_r1_distill_1p5b__math_test_00456_e4200fbf__temp0.10__seed7,0.14964269825964022,,14,per_run_oof
deepseek_r1_distill_1p5b__math_test_00456_e4200fbf__temp0.60__seed7,0.16914024503217623,,14,per_run_oof
deepseek_r1_distill_1p5b__math_test_00456_e4200fbf__temp1.00__seed7,0.17121359335015188,,14,per_run_oof
deepseek_r1_distill_1p5b__math_test_00457_5330f4b3__temp0.10__seed7,0.3204251179835379,,14,per_run_oof
deepseek_r1_distill_1p5b__math_test_00457_5330f4b3__temp0.60__seed7,0.26651912953159845,,14,per_run_oof
deepseek_r1_distill_1p5b__math_test_00457_5330f4b3__temp1.00__seed7,0.27610711005265015,,14,per_run_oof
deepseek_r1_distill_1p5b__math_test_00458_4085c1eb__temp0.10__seed7,0.19296228168916088,1.0,14,per_run_oof
deepseek_r1_distill_1p5b__math_test_00458_4085c1eb__temp0.60__seed7,0.23921343167865206,,14,per_run_oof
deepseek_r1_distill_1p5b__math_test_00458_4085c1eb__temp1.00__seed7,0.20839947925691873,,14,per_run_oof
deepseek_r1_distill_1p5b__math_test_00459_3b21e715__temp0.10__seed7,0.21984786000935522,,14,per_run_oof
deepseek_r1_distill_1p5b__math_test_00459_3b21e715__temp0.60__seed7,0.1979550155351077,,14,per_run_oof
deepseek_r1_distill_1p5b__math_test_00459_3b21e715__temp1.00__seed7,0.19497782300905517,,14,per_run_oof
deepseek_r1_distill_1p5b__math_test_00460_7d063370__temp0.10__seed7,0.23296671273125086,,14,per_run_oof
deepseek_r1_distill_1p5b__math_test_00460_7d063370__temp0.60__seed7,0.1966605423232123,,14,per_run_oof
deepseek_r1_distill_1p5b__math_test_00460_7d063370__temp1.00__seed7,0.2121796067685426,,14,per_run_oof
deepseek_r1_distill_1p5b__math_test_00461_5e43f1cd__temp0.10__seed7,0.17202646668252036,,14,per_run_oof
deepseek_r1_distill_1p5b__math_test_00461_5e43f1cd__temp0.60__seed7,0.28220499882179323,,14,per_run_oof
deepseek_r1_distill_1p5b__math_test_00461_5e43f1cd__temp1.00__seed7,0.29517861801909423,0.15384615384615385,14,per_run_oof
deepseek_r1_distill_1p5b__math_test_00462_dd3cfaa0__temp0.10__seed7,0.1372522331602171,,14,per_run_oof
deepseek_r1_distill_1p5b__math_test_00462_dd3cfaa0__temp0.60__seed7,0.12030673442161828,,14,per_run_oof
deepseek_r1_distill_1p5b__math_test_00462_dd3cfaa0__temp1.00__seed7,0.13355375491636626,0.23076923076923073,14,per_run_oof
deepseek_r1_distill_1p5b__math_test_00463_bc52d545__temp0.10__seed7,0.292586761252156,,14,per_run_oof
deepseek_r1_distill_1p5b__math_test_00463_bc52d545__temp0.60__seed7,0.26228927258593837,,14,per_run_oof
deepseek_r1_distill_1p5b__math_test_00463_bc52d545__temp1.00__seed7,0.25270045141963343,,14,per_run_oof
deepseek_r1_distill_1p5b__math_test_00464_979fe366__temp0.10__seed7,0.20938727983307817,,14,per_run_oof
deepseek_r1_distill_1p5b__math_test_00464_979fe366__temp0.60__seed7,0.21212635059822801,,14,per_run_oof
deepseek_r1_distill_1p5b__math_test_00464_979fe366__temp1.00__seed7,0.13654967869878792,,14,per_run_oof
deepseek_r1_distill_1p5b__math_test_00465_240ca4d8__temp0.10__seed7,0.2905986917649286,,14,per_run_oof
deepseek_r1_distill_1p5b__math_test_00465_240ca4d8__temp0.60__seed7,0.23365143755424375,,14,per_run_oof
deepseek_r1_distill_1p5b__math_test_00465_240ca4d8__temp1.00__seed7,0.22048717319752145,,14,per_run_oof
deepseek_r1_distill_1p5b__math_test_00466_b3ac660a__temp0.10__seed7,0.21378429310712435,,14,per_run_oof
deepseek_r1_distill_1p5b__math_test_00466_b3ac660a__temp0.60__seed7,0.2362122212325156,,14,per_run_oof
deepseek_r1_distill_1p5b__math_test_00466_b3ac660a__temp1.00__seed7,0.23176102672724275,,14,per_run_oof
deepseek_r1_distill_1p5b__math_test_00467_eaadd0bc__temp0.10__seed7,0.26932857253589504,0.5111111111111111,14,per_run_oof
deepseek_r1_distill_1p5b__math_test_00467_eaadd0bc__temp0.60__seed7,0.21889688638776073,0.888888888888889,14,per_run_oof
deepseek_r1_distill_1p5b__math_test_00467_eaadd0bc__temp1.00__seed7,0.28130295499891295,0.35000000000000003,14,per_run_oof
deepseek_r1_distill_1p5b__math_test_00468_67c8ff7f__temp0.10__seed7,0.26550141475074057,,14,per_run_oof
deepseek_r1_distill_1p5b__math_test_00468_67c8ff7f__temp0.60__seed7,0.2408080619841242,,14,per_run_oof
deepseek_r1_distill_1p5b__math_test_00468_67c8ff7f__temp1.00__seed7,0.2292818030264405,,14,per_run_oof
deepseek_r1_distill_1p5b__math_test_00469_bfdb0295__temp0.10__seed7,0.2017886840530913,,14,per_run_oof
deepseek_r1_distill_1p5b__math_test_00469_bfdb0295__temp0.60__seed7,0.2180080527941714,,14,per_run_oof
deepseek_r1_distill_1p5b__math_test_00469_bfdb0295__temp1.00__seed7,0.1733446066364928,,14,per_run_oof
deepseek_r1_distill_1p5b__math_test_00470_5db3c51e__temp0.10__seed7,0.2078183101187905,,14,per_run_oof
deepseek_r1_distill_1p5b__math_test_00470_5db3c51e__temp0.60__seed7,0.1762086264732885,,14,per_run_oof
deepseek_r1_distill_1p5b__math_test_00470_5db3c51e__temp1.00__seed7,0.22052634676867125,,14,per_run_oof
deepseek_r1_distill_1p5b__math_test_00471_3d41e63d__temp0.10__seed7,0.21433415543664577,,14,per_run_oof
deepseek_r1_distill_1p5b__math_test_00471_3d41e63d__temp0.60__seed7,0.21513904730724767,,14,per_run_oof
deepseek_r1_distill_1p5b__math_test_00471_3d41e63d__temp1.00__seed7,0.19755473414583027,,14,per_run_oof
deepseek_r1_distill_1p5b__math_test_00472_4acb3f94__temp0.10__seed7,0.23500832990899992,,14,per_run_oof
deepseek_r1_distill_1p5b__math_test_00472_4acb3f94__temp0.60__seed7,0.19682190540182903,,14,per_run_oof
deepseek_r1_distill_1p5b__math_test_00472_4acb3f94__temp1.00__seed7,0.2066068583184631,,14,per_run_oof
deepseek_r1_distill_1p5b__math_test_00473_e294330c__temp0.10__seed7,0.25316247966021727,,14,per_run_oof
deepseek_r1_distill_1p5b__math_test_00473_e294330c__temp0.60__seed7,0.2842042352634862,,14,per_run_oof
deepseek_r1_distill_1p5b__math_test_00473_e294330c__temp1.00__seed7,0.27606801512847784,,14,per_run_oof
deepseek_r1_distill_1p5b__math_test_00474_e8b47eda__temp0.10__seed7,0.3147208280118278,,14,per_run_oof
deepseek_r1_distill_1p5b__math_test_00474_e8b47eda__temp0.60__seed7,0.4321059534167319,,14,per_run_oof
deepseek_r1_distill_1p5b__math_test_00474_e8b47eda__temp1.00__seed7,0.3992669397352077,,14,per_run_oof
deepseek_r1_distill_1p5b__math_test_00475_f189eb4d__temp0.10__seed7,0.3180775184857741,,14,per_run_oof
deepseek_r1_distill_1p5b__math_test_00475_f189eb4d__temp0.60__seed7,0.29539417508325094,,14,per_run_oof
deepseek_r1_distill_1p5b__math_test_00475_f189eb4d__temp1.00__seed7,0.32804969036075676,,14,per_run_oof
deepseek_r1_distill_1p5b__math_test_00476_1c3d9d93__temp0.10__seed7,0.22527964167205256,,14,per_run_oof
deepseek_r1_distill_1p5b__math_test_00476_1c3d9d93__temp0.60__seed7,0.16444387037251315,,14,per_run_oof
deepseek_r1_distill_1p5b__math_test_00476_1c3d9d93__temp1.00__seed7,0.10583259572189926,,14,per_run_oof
deepseek_r1_distill_1p5b__math_test_00477_9c19e671__temp0.10__seed7,0.17730531790570964,0.3846153846153846,14,per_run_oof
deepseek_r1_distill_1p5b__math_test_00477_9c19e671__temp0.60__seed7,0.03786050911040726,,14,per_run_oof
deepseek_r1_distill_1p5b__math_test_00477_9c19e671__temp1.00__seed7,0.13890494740289172,0.625,14,per_run_oof
deepseek_r1_distill_1p5b__math_test_00478_bde3ec32__temp0.10__seed7,0.2501565822174535,,14,per_run_oof
deepseek_r1_distill_1p5b__math_test_00478_bde3ec32__temp0.60__seed7,0.21635549840976084,,14,per_run_oof
deepseek_r1_distill_1p5b__math_test_00478_bde3ec32__temp1.00__seed7,0.19729131674563719,,14,per_run_oof
deepseek_r1_distill_1p5b__math_test_00479_aea5556d__temp0.10__seed7,0.2698147680327548,,14,per_run_oof
deepseek_r1_distill_1p5b__math_test_00479_aea5556d__temp0.60__seed7,0.1541314621191042,,14,per_run_oof
deepseek_r1_distill_1p5b__math_test_00479_aea5556d__temp1.00__seed7,0.27170048566777966,,14,per_run_oof
deepseek_r1_distill_1p5b__math_test_00480_fb9447b2__temp0.10__seed7,0.13630948097852882,,14,per_run_oof
deepseek_r1_distill_1p5b__math_test_00480_fb9447b2__temp0.60__seed7,0.20305780427073156,,14,per_run_oof
deepseek_r1_distill_1p5b__math_test_00480_fb9447b2__temp1.00__seed7,0.2363106508346168,,14,per_run_oof
deepseek_r1_distill_1p5b__math_test_00481_47b01624__temp0.10__seed7,0.2765750721311268,0.6153846153846154,14,per_run_oof
deepseek_r1_distill_1p5b__math_test_00481_47b01624__temp0.60__seed7,0.2693581739141803,0.7083333333333333,14,per_run_oof
deepseek_r1_distill_1p5b__math_test_00481_47b01624__temp1.00__seed7,0.2708628733406439,,14,per_run_oof
deepseek_r1_distill_1p5b__math_test_00482_84ec0b89__temp0.10__seed7,0.2160504165540782,,14,per_run_oof
deepseek_r1_distill_1p5b__math_test_00482_84ec0b89__temp0.60__seed7,0.19294113320353248,,14,per_run_oof
deepseek_r1_distill_1p5b__math_test_00482_84ec0b89__temp1.00__seed7,0.18766820995791636,,14,per_run_oof
deepseek_r1_distill_1p5b__math_test_00483_053f5644__temp0.10__seed7,0.238602030760552,0.07692307692307687,14,per_run_oof
deepseek_r1_distill_1p5b__math_test_00483_053f5644__temp0.60__seed7,0.22931577432804964,0.5555555555555556,14,per_run_oof
deepseek_r1_distill_1p5b__math_test_00483_053f5644__temp1.00__seed7,0.2507236234315458,0.39393939393939387,14,per_run_oof
deepseek_r1_distill_1p5b__math_test_00484_f2cd6be7__temp0.10__seed7,0.2874062313118057,,14,per_run_oof
deepseek_r1_distill_1p5b__math_test_00484_f2cd6be7__temp0.60__seed7,0.14765859582006507,,14,per_run_oof
deepseek_r1_distill_1p5b__math_test_00484_f2cd6be7__temp1.00__seed7,0.1955150529698662,,14,per_run_oof
deepseek_r1_distill_1p5b__math_test_00485_25a9bc12__temp0.10__seed7,0.26898089829641186,,14,per_run_oof
deepseek_r1_distill_1p5b__math_test_00485_25a9bc12__temp0.60__seed7,0.28532691225188,,14,per_run_oof
deepseek_r1_distill_1p5b__math_test_00485_25a9bc12__temp1.00__seed7,0.3160206348675665,,14,per_run_oof
deepseek_r1_distill_1p5b__math_test_00486_11e9a1ba__temp0.10__seed7,0.2611402518625553,,14,per_run_oof
deepseek_r1_distill_1p5b__math_test_00486_11e9a1ba__temp0.60__seed7,0.3440390751257916,,14,per_run_oof
deepseek_r1_distill_1p5b__math_test_00486_11e9a1ba__temp1.00__seed7,0.3298741016407594,,14,per_run_oof
deepseek_r1_distill_1p5b__math_test_00487_f5dafb4d__temp0.10__seed7,0.23063030093842654,0.5833333333333333,14,per_run_oof
deepseek_r1_distill_1p5b__math_test_00487_f5dafb4d__temp0.60__seed7,0.17963561921371823,,14,per_run_oof
deepseek_r1_distill_1p5b__math_test_00487_f5dafb4d__temp1.00__seed7,0.17993310258153755,,14,per_run_oof
deepseek_r1_distill_1p5b__math_test_00488_9e69b5fd__temp0.10__seed7,0.17398158349552295,,14,per_run_oof
deepseek_r1_distill_1p5b__math_test_00488_9e69b5fd__temp0.60__seed7,0.17044393735950955,,14,per_run_oof
deepseek_r1_distill_1p5b__math_test_00488_9e69b5fd__temp1.00__seed7,0.2536121955653744,,14,per_run_oof
deepseek_r1_distill_1p5b__math_test_00489_873b5ba3__temp0.10__seed7,0.21104916104685653,0.6923076923076923,14,per_run_oof
deepseek_r1_distill_1p5b__math_test_00489_873b5ba3__temp0.60__seed7,0.23402321573681756,,14,per_run_oof
deepseek_r1_distill_1p5b__math_test_00489_873b5ba3__temp1.00__seed7,0.23187517263656013,,14,per_run_oof
deepseek_r1_distill_1p5b__math_test_00490_548caf2b__temp0.10__seed7,0.12733760501890873,,14,per_run_oof
deepseek_r1_distill_1p5b__math_test_00490_548caf2b__temp0.60__seed7,0.10303310015366828,,14,per_run_oof
deepseek_r1_distill_1p5b__math_test_00490_548caf2b__temp1.00__seed7,0.11520283846785037,,14,per_run_oof
deepseek_r1_distill_1p5b__math_test_00491_323b91c4__temp0.10__seed7,0.2620454892107881,,14,per_run_oof
deepseek_r1_distill_1p5b__math_test_00491_323b91c4__temp0.60__seed7,0.2392779101243901,,14,per_run_oof
deepseek_r1_distill_1p5b__math_test_00491_323b91c4__temp1.00__seed7,0.25855441464708506,,14,per_run_oof
deepseek_r1_distill_1p5b__math_test_00492_c9945122__temp0.10__seed7,0.25835538242770417,0.5384615384615384,14,per_run_oof
deepseek_r1_distill_1p5b__math_test_00492_c9945122__temp0.60__seed7,0.24560159979758373,0.606060606060606,14,per_run_oof
deepseek_r1_distill_1p5b__math_test_00492_c9945122__temp1.00__seed7,0.2659816725551632,0.25,14,per_run_oof
deepseek_r1_distill_1p5b__math_test_00493_3f0c6e0c__temp0.10__seed7,0.30550036432477506,0.4166666666666667,14,per_run_oof
deepseek_r1_distill_1p5b__math_test_00493_3f0c6e0c__temp0.60__seed7,0.30790050963999277,0.375,14,per_run_oof
deepseek_r1_distill_1p5b__math_test_00493_3f0c6e0c__temp1.00__seed7,0.2786593666713998,0.3076923076923077,14,per_run_oof
deepseek_r1_distill_1p5b__math_test_00494_b8d8e1ef__temp0.10__seed7,0.23630645695449903,,14,per_run_oof
deepseek_r1_distill_1p5b__math_test_00494_b8d8e1ef__temp0.60__seed7,0.2865239062662675,,14,per_run_oof
deepseek_r1_distill_1p5b__math_test_00494_b8d8e1ef__temp1.00__seed7,0.3111190818031515,,14,per_run_oof
deepseek_r1_distill_1p5b__math_test_00495_63ae400e__temp0.10__seed7,0.22922287840597838,,14,per_run_oof
deepseek_r1_distill_1p5b__math_test_00495_63ae400e__temp0.60__seed7,0.22577628011339804,,14,per_run_oof
deepseek_r1_distill_1p5b__math_test_00495_63ae400e__temp1.00__seed7,0.19981281496671627,,14,per_run_oof
deepseek_r1_distill_1p5b__math_test_00496_401665a3__temp0.10__seed7,0.21327576609136714,,14,per_run_oof
deepseek_r1_distill_1p5b__math_test_00496_401665a3__temp0.60__seed7,0.22146574702805424,,14,per_run_oof
deepseek_r1_distill_1p5b__math_test_00496_401665a3__temp1.00__seed7,0.22577928792849739,,14,per_run_oof
deepseek_r1_distill_1p5b__math_test_00497_8d507426__temp0.10__seed7,0.2607614571633812,,14,per_run_oof
deepseek_r1_distill_1p5b__math_test_00497_8d507426__temp0.60__seed7,0.27315987663468444,,14,per_run_oof
deepseek_r1_distill_1p5b__math_test_00497_8d507426__temp1.00__seed7,0.2872919815742195,,14,per_run_oof
deepseek_r1_distill_1p5b__math_test_00498_743e3572__temp0.10__seed7,0.21545197639450903,,14,per_run_oof
deepseek_r1_distill_1p5b__math_test_00498_743e3572__temp0.60__seed7,0.27532911410251865,,14,per_run_oof
deepseek_r1_distill_1p5b__math_test_00498_743e3572__temp1.00__seed7,0.27816836668735734,,14,per_run_oof
deepseek_r1_distill_1p5b__math_test_00499_c3a514a9__temp0.10__seed7,0.23559442064899838,0.44999999999999996,14,per_run_oof
deepseek_r1_distill_1p5b__math_test_00499_c3a514a9__temp0.60__seed7,0.25676369865403154,0.23076923076923073,14,per_run_oof
deepseek_r1_distill_1p5b__math_test_00499_c3a514a9__temp1.00__seed7,0.36448617515406145,,14,per_run_oof
__pooled__,0.23833130180786152,0.6079804709127079,21000,pooled_oof
