run_id,brier,auc,n,scope
deepseek_r1_distill_7b__math_test_00000_5a6bb412__temp0.10__seed7,0.21645771000035816,0.75,14,per_run_oof
deepseek_r1_distill_7b__math_test_00000_5a6bb412__temp0.60__seed7,0.18930803401926205,0.6153846153846154,14,per_run_oof
deepseek_r1_distill_7b__math_test_00000_5a6bb412__temp1.00__seed7,0.24193301218435653,,14,per_run_oof
deepseek_r1_distill_7b__math_test_00001_28176864__temp0.10__seed7,0.1962946090777699,,14,per_run_oof
deepseek_r1_distill_7b__math_test_00001_28176864__temp0.60__seed7,0.1780730280460015,,14,per_run_oof
deepseek_r1_distill_7b__math_test_00001_28176864__temp1.00__seed7,0.19027379074700096,,14,per_run_oof
deepseek_r1_distill_7b__math_test_00002_12859ab8__temp0.10__seed7,0.2225768746855375,0.625,14,per_run_oof
deepseek_r1_distill_7b__math_test_00002_12859ab8__temp0.60__seed7,0.2135687401039412,0.6666666666666666,14,per_run_oof
deepseek_r1_distill_7b__math_test_00002_12859ab8__temp1.00__seed7,0.2206467825076417,0.7,14,per_run_oof
deepseek_r1_distill_7b__math_test_00003_b88cddac__temp0.10__seed7,0.20412458770984157,,14,per_run_oof
deepseek_r1_distill_7b__math_test_00003_b88cddac__temp0.60__seed7,0.22010650137934476,,14,per_run_oof
deepseek_r1_distill_7b__math_test_00003_b88cddac__temp1.00__seed7,0.1787480708856905,,14,per_run_oof
deepseek_r1_distill_7b__math_test_00004_d6afb929__temp0.10__seed7,0.26303700563515175,,14,per_run_oof
deepseek_r1_distill_7b__math_test_00004_d6afb929__temp0.60__seed7,0.25041877404856394,,14,per_run_oof
deepseek_r1_distill_7b__math_test_00004_d6afb929__temp1.00__seed7,0.18563008927807648,,14,per_run_oof
deepseek_r1_distill_7b__math_test_00005_82ab404f__temp0.10__seed7,0.23865657155394057,,14,per_run_oof
deepseek_r1_distill_7b__math_test_00005_82ab404f__temp0.60__seed7,0.26915290030856187,,14,per_run_oof
deepseek_r1_distill_7b__math_test_00005_82ab404f__temp1.00__seed7,0.22878818463905995,,14,per_run_oof
deepseek_r1_distill_7b__math_test_00006_27e7448e__temp0.10__seed7,0.22747664685471244,,14,per_run_oof
deepseek_r1_distill_7b__math_test_00006_27e7448e__temp0.60__seed7,0.2001311556336868,,14,per_run_oof
deepseek_r1_distill_7b__math_test_00006_27e7448e__temp1.00__seed7,0.18671380614823332,,14,per_run_oof
deepseek_r1_distill_7b__math_test_00007_8a27500a__temp0.10__seed7,0.2459901245238773,,14,per_run_oof
deepseek_r1_distill_7b__math_test_00007_8a27500a__temp0.60__seed7,0.22767696639691573,,14,per_run_oof
deepseek_r1_distill_7b__math_test_00007_8a27500a__temp1.00__seed7,0.22402925443485347,,14,per_run_oof
deepseek_r1_distill_7b__math_test_00008_e894d48c__temp0.10__seed7,0.3745491772889445,,14,per_run_oof
deepseek_r1_distill_7b__math_test_00008_e894d48c__temp0.60__seed7,0.2636494366306653,,14,per_run_oof
deepseek_r1_distill_7b__math_test_00008_e894d48c__temp1.00__seed7,0.20266327036757723,,14,per_run_oof
deepseek_r1_distill_7b__math_test_00009_99c62e67__temp0.10__seed7,0.17392251606696346,,14,per_run_oof
deepseek_r1_distill_7b__math_test_00009_99c62e67__temp0.60__seed7,0.19361533116181184,,14,per_run_oof
deepseek_r1_distill_7b__math_test_00009_99c62e67__temp1.00__seed7,0.17740517502429307,,14,per_run_oof
deepseek_r1_distill_7b__math_test_00010_88e977e0__temp0.10__seed7,0.200529663779347,,14,per_run_oof
deepseek_r1_distill_7b__math_test_00010_88e977e0__temp0.60__seed7,0.26151649796847376,,14,per_run_oof
deepseek_r1_distill_7b__math_test_00010_88e977e0__temp1.00__seed7,0.24399815133978997,,14,per_run_oof
deepseek_r1_distill_7b__math_test_00011_3e051151__temp0.10__seed7,0.23000933861578574,0.5454545454545454,14,per_run_oof
deepseek_r1_distill_7b__math_test_00011_3e051151__temp0.60__seed7,0.45435263232706724,0.375,14,per_run_oof
deepseek_r1_distill_7b__math_test_00011_3e051151__temp1.00__seed7,0.27974525721593047,0.7083333333333333,14,per_run_oof
deepseek_r1_distill_7b__math_test_00012_2ce46331__temp0.10__seed7,0.2916535527767089,,14,per_run_oof
deepseek_r1_distill_7b__math_test_00012_2ce46331__temp0.60__seed7,0.2115248653753092,,14,per_run_oof
deepseek_r1_distill_7b__math_test_00012_2ce46331__temp1.00__seed7,0.24341273380983358,,14,per_run_oof
deepseek_r1_distill_7b__math_test_00013_3fae6c79__temp0.10__seed7,0.19189917639087195,,14,per_run_oof
deepseek_r1_distill_7b__math_test_00013_3fae6c79__temp0.60__seed7,0.19861816388346182,,14,per_run_oof
deepseek_r1_distill_7b__math_test_00013_3fae6c79__temp1.00__seed7,0.23718735128862029,,14,per_run_oof
deepseek_r1_distill_7b__math_test_00014_4bed628b__temp0.10__seed7,0.20478183749713477,0.15384615384615385,14,per_run_oof
deepseek_r1_distill_7b__math_test_00014_4bed628b__temp0.60__seed7,0.2218366759242493,0.625,14,per_run_oof
deepseek_r1_distill_7b__math_test_00014_4bed628b__temp1.00__seed7,0.21387181663066598,0.625,14,per_run_oof
deepseek_r1_distill_7b__math_test_00015_04ca2ad3__temp0.10__seed7,0.25051189883451996,,14,per_run_oof
deepseek_r1_distill_7b__math_test_00015_04ca2ad3__temp0.60__seed7,0.26551151166931464,,14,per_run_oof
deepseek_r1_distill_7b__math_test_00015_04ca2ad3__temp1.00__seed7,0.21058597654907993,,14,per_run_oof
deepseek_r1_distill_7b__math_test_00016_da610902__temp0.10__seed7,0.23677410283934885,0.6666666666666667,14,per_run_oof
deepseek_r1_distill_7b__math_test_00016_da610902__temp0.60__seed7,0.2872060271749396,0.0,14,per_run_oof
deepseek_r1_distill_7b__math_test_00016_da610902__temp1.00__seed7,0.2576584779776367,0.7333333333333333,14,per_run_oof
deepseek_r1_distill_7b__math_test_00017_c6ed297b__temp0.10__seed7,0.22777870553339327,,14,per_run_oof
deepseek_r1_distill_7b__math_test_00017_c6ed297b__temp0.60__seed7,0.21290251340846394,,14,per_run_oof
deepseek_r1_distill_7b__math_test_00017_c6ed297b__temp1.00__seed7,0.25005514895213776,1.0,14,per_run_oof
deepseek_r1_distill_7b__math_test_00018_407dceb0__temp0.10__seed7,0.2685535559879596,0.48888888888888893,14,per_run_oof
deepseek_r1_distill_7b__math_test_00018_407dceb0__temp0.60__seed7,0.24523662120341863,0.6458333333333334,14,per_run_oof
deepseek_r1_distill_7b__math_test_00018_407dceb0__temp1.00__seed7,0.2646265277583121,0.45454545454545453,14,per_run_oof
deepseek_r1_distill_7b__math_test_00019_646b1b85__temp0.10__seed7,0.2601349175171918,0.39999999999999997,14,per_run_oof
deepseek_r1_distill_7b__math_test_00019_646b1b85__temp0.60__seed7,0.23144759708078763,0.6326530612244898,14,per_run_oof
deepseek_r1_distill_7b__math_test_00019_646b1b85__temp1.00__seed7,0.22058313504468724,0.6,14,per_run_oof
deepseek_r1_distill_7b__math_test_00020_f9bb4c02__temp0.10__seed7,0.31943256372968415,,14,per_run_oof
deepseek_r1_distill_7b__math_test_00020_f9bb4c02__temp0.60__seed7,0.21712614348982845,,14,per_run_oof
deepseek_r1_distill_7b__math_test_00020_f9bb4c02__temp1.00__seed7,0.17113393436230698,,14,per_run_oof
deepseek_r1_distill_7b__math_test_00021_b40f659d__temp0.10__seed7,0.25956679022088336,0.5416666666666666,14,per_run_oof
deepseek_r1_distill_7b__math_test_00021_b40f659d__temp0.60__seed7,0.2338769875040642,0.8333333333333334,14,per_run_oof
deepseek_r1_distill_7b__math_test_00021_b40f659d__temp1.00__seed7,0.24473061176836156,0.5,14,per_run_oof
deepseek_r1_distill_7b__math_test_00022_8fba220b__temp0.10__seed7,0.22954374369527403,0.5151515151515151,14,per_run_oof
deepseek_r1_distill_7b__math_test_00022_8fba220b__temp0.60__seed7,0.23163454730398705,0.5208333333333334,14,per_run_oof
deepseek_r1_distill_7b__math_test_00022_8fba220b__temp1.00__seed7,0.22484655567614434,0.6499999999999999,14,per_run_oof
deepseek_r1_distill_7b__math_test_00023_998c2d9c__temp0.10__seed7,0.27804211170194615,,14,per_run_oof
deepseek_r1_distill_7b__math_test_00023_998c2d9c__temp0.60__seed7,0.2203367991982604,,14,per_run_oof
deepseek_r1_distill_7b__math_test_00023_998c2d9c__temp1.00__seed7,0.24677611610644304,,14,per_run_oof
deepseek_r1_distill_7b__math_test_00024_f928c750__temp0.10__seed7,0.1682617064565863,,14,per_run_oof
deepseek_r1_distill_7b__math_test_00024_f928c750__temp0.60__seed7,0.21030632109250505,,14,per_run_oof
deepseek_r1_distill_7b__math_test_00024_f928c750__temp1.00__seed7,0.21935999302574014,0.7692307692307692,14,per_run_oof
deepseek_r1_distill_7b__math_test_00025_4388bd76__temp0.10__seed7,0.15757431936314029,,14,per_run_oof
deepseek_r1_distill_7b__math_test_00025_4388bd76__temp0.60__seed7,0.2042667881802759,,14,per_run_oof
deepseek_r1_distill_7b__math_test_00025_4388bd76__temp1.00__seed7,0.20392708707345983,,14,per_run_oof
deepseek_r1_distill_7b__math_test_00026_4945051e__temp0.10__seed7,0.2196239837319339,0.8571428571428571,14,per_run_oof
deepseek_r1_distill_7b__math_test_00026_4945051e__temp0.60__seed7,0.2456841754276041,0.6458333333333334,14,per_run_oof
deepseek_r1_distill_7b__math_test_00026_4945051e__temp1.00__seed7,0.22463541906679094,0.875,14,per_run_oof
deepseek_r1_distill_7b__math_test_00027_9d852676__temp0.10__seed7,0.2788160007952017,,14,per_run_oof
deepseek_r1_distill_7b__math_test_00027_9d852676__temp0.60__seed7,0.24557458057943923,,14,per_run_oof
deepseek_r1_distill_7b__math_test_00027_9d852676__temp1.00__seed7,0.21050447966020935,,14,per_run_oof
deepseek_r1_distill_7b__math_test_00028_a585adcc__temp0.10__seed7,0.36909561688631426,,14,per_run_oof
deepseek_r1_distill_7b__math_test_00028_a585adcc__temp0.60__seed7,0.28117576696102586,,14,per_run_oof
deepseek_r1_distill_7b__math_test_00028_a585adcc__temp1.00__seed7,0.2388085517822919,,14,per_run_oof
deepseek_r1_distill_7b__math_test_00029_1b84e405__temp0.10__seed7,0.17285284680972976,,14,per_run_oof
deepseek_r1_distill_7b__math_test_00029_1b84e405__temp0.60__seed7,0.23314842725199725,,14,per_run_oof
deepseek_r1_distill_7b__math_test_00029_1b84e405__temp1.00__seed7,0.15744138248264575,1.0,14,per_run_oof
deepseek_r1_distill_7b__math_test_00030_a477f137__temp0.10__seed7,0.24577657379250484,0.5384615384615384,14,per_run_oof
deepseek_r1_distill_7b__math_test_00030_a477f137__temp0.60__seed7,0.18490535418848048,1.0,14,per_run_oof
deepseek_r1_distill_7b__math_test_00030_a477f137__temp1.00__seed7,0.23000143530157463,0.0,14,per_run_oof
deepseek_r1_distill_7b__math_test_00031_1bbccbd2__temp0.10__seed7,0.21318960244115434,,14,per_run_oof
deepseek_r1_distill_7b__math_test_00031_1bbccbd2__temp0.60__seed7,0.22643701726279813,,14,per_run_oof
deepseek_r1_distill_7b__math_test_00031_1bbccbd2__temp1.00__seed7,0.20378231354738968,,14,per_run_oof
deepseek_r1_distill_7b__math_test_00032_f08fb3bb__temp0.10__seed7,0.2514551567550261,0.5757575757575758,14,per_run_oof
deepseek_r1_distill_7b__math_test_00032_f08fb3bb__temp0.60__seed7,0.23716073374109833,0.5416666666666667,14,per_run_oof
deepseek_r1_distill_7b__math_test_00032_f08fb3bb__temp1.00__seed7,0.2487362552891145,0.48888888888888893,14,per_run_oof
deepseek_r1_distill_7b__math_test_00033_0f789c1f__temp0.10__seed7,0.13227891001397232,0.6923076923076923,14,per_run_oof
deepseek_r1_distill_7b__math_test_00033_0f789c1f__temp0.60__seed7,0.21746374032186896,0.7333333333333334,14,per_run_oof
deepseek_r1_distill_7b__math_test_00033_0f789c1f__temp1.00__seed7,0.38113210127149877,0.3939393939393939,14,per_run_oof
deepseek_r1_distill_7b__math_test_00034_dae3e9e5__temp0.10__seed7,0.27347553701180527,,14,per_run_oof
deepseek_r1_distill_7b__math_test_00034_dae3e9e5__temp0.60__seed7,0.2724724056582218,,14,per_run_oof
deepseek_r1_distill_7b__math_test_00034_dae3e9e5__temp1.00__seed7,0.22037410836620366,,14,per_run_oof
deepseek_r1_distill_7b__math_test_00035_f144cd5e__temp0.10__seed7,0.20924370118805163,,14,per_run_oof
deepseek_r1_distill_7b__math_test_00035_f144cd5e__temp0.60__seed7,0.22208317085567603,,14,per_run_oof
deepseek_r1_distill_7b__math_test_00035_f144cd5e__temp1.00__seed7,0.24066012402676826,,14,per_run_oof
deepseek_r1_distill_7b__math_test_00036_ccf4238b__temp0.10__seed7,0.22858045093423845,0.5,14,per_run_oof
deepseek_r1_distill_7b__math_test_00036_ccf4238b__temp0.60__seed7,0.19641610708177917,,14,per_run_oof
deepseek_r1_distill_7b__math_test_00036_ccf4238b__temp1.00__seed7,0.24513827512794673,0.6363636363636364,14,per_run_oof
deepseek_r1_distill_7b__math_test_00037_2426e280__temp0.10__seed7,0.19990603392379586,,14,per_run_oof
deepseek_r1_distill_7b__math_test_00037_2426e280__temp0.60__seed7,0.17308204566605556,,14,per_run_oof
deepseek_r1_distill_7b__math_test_00037_2426e280__temp1.00__seed7,0.22636100786208088,,14,per_run_oof
deepseek_r1_distill_7b__math_test_00038_0e7cb690__temp0.10__seed7,0.21572479339948264,,14,per_run_oof
deepseek_r1_distill_7b__math_test_00038_0e7cb690__temp0.60__seed7,0.22665811810973288,,14,per_run_oof
deepseek_r1_distill_7b__math_test_00038_0e7cb690__temp1.00__seed7,0.20199410521004918,,14,per_run_oof
deepseek_r1_distill_7b__math_test_00039_8ba6a72a__temp0.10__seed7,0.2536703441442648,0.12121212121212122,14,per_run_oof
deepseek_r1_distill_7b__math_test_00039_8ba6a72a__temp0.60__seed7,0.18497315984336,0.8461538461538461,14,per_run_oof
deepseek_r1_distill_7b__math_test_00039_8ba6a72a__temp1.00__seed7,0.1878058611765951,,14,per_run_oof
deepseek_r1_distill_7b__math_test_00040_814d16a0__temp0.10__seed7,0.23215532248264806,,14,per_run_oof
deepseek_r1_distill_7b__math_test_00040_814d16a0__temp0.60__seed7,0.2373259844017853,,14,per_run_oof
deepseek_r1_distill_7b__math_test_00040_814d16a0__temp1.00__seed7,0.249981437625995,,14,per_run_oof
deepseek_r1_distill_7b__math_test_00041_7ad395c5__temp0.10__seed7,0.2915084666121591,,14,per_run_oof
deepseek_r1_distill_7b__math_test_00041_7ad395c5__temp0.60__seed7,0.25215783568107086,,14,per_run_oof
deepseek_r1_distill_7b__math_test_00041_7ad395c5__temp1.00__seed7,0.24304586552213153,,14,per_run_oof
deepseek_r1_distill_7b__math_test_00042_39c9185d__temp0.10__seed7,0.31509818029877534,,14,per_run_oof
deepseek_r1_distill_7b__math_test_00042_39c9185d__temp0.60__seed7,0.2598552156933636,,14,per_run_oof
deepseek_r1_distill_7b__math_test_00042_39c9185d__temp1.00__seed7,0.2602199391511618,,14,per_run_oof
deepseek_r1_distill_7b__math_test_00043_62275531__temp0.10__seed7,0.24969870935642238,0.6000000000000001,14,per_run_oof
deepseek_r1_distill_7b__math_test_00043_62275531__temp0.60__seed7,0.23186138417435703,0.7575757575757576,14,per_run_oof
deepseek_r1_distill_7b__math_test_00043_62275531__temp1.00__seed7,0.21952952855718008,0.625,14,per_run_oof
deepseek_r1_distill_7b__math_test_00044_810e3649__temp0.10__seed7,0.17949269478879634,,14,per_run_oof
deepseek_r1_distill_7b__math_test_00044_810e3649__temp0.60__seed7,0.21574444480800348,0.6153846153846154,14,per_run_oof
deepseek_r1_distill_7b__math_test_00044_810e3649__temp1.00__seed7,0.23320558527056723,,14,per_run_oof
deepseek_r1_distill_7b__math_test_00045_152ae8e8__temp0.10__seed7,0.291870389198116,,14,per_run_oof
deepseek_r1_distill_7b__math_test_00045_152ae8e8__temp0.60__seed7,0.2465608943613194,,14,per_run_oof
deepseek_r1_distill_7b__math_test_00045_152ae8e8__temp1.00__seed7,0.22631711491151024,,14,per_run_oof
deepseek_r1_distill_7b__math_test_00046_3e08e6df__temp0.10__seed7,0.24157151633395202,0.5416666666666667,14,per_run_oof
deepseek_r1_distill_7b__math_test_00046_3e08e6df__temp0.60__seed7,0.25401920965967584,,14,per_run_oof
deepseek_r1_distill_7b__math_test_00046_3e08e6df__temp1.00__seed7,0.2127280294336002,,14,per_run_oof
deepseek_r1_distill_7b__math_test_00047_3a39ed4a__temp0.10__seed7,0.3146137710760307,0.7575757575757576,14,per_run_oof
deepseek_r1_distill_7b__math_test_00047_3a39ed4a__temp0.60__seed7,0.2443966930699301,0.5714285714285714,14,per_run_oof
deepseek_r1_distill_7b__math_test_00047_3a39ed4a__temp1.00__seed7,0.14546116133349915,0.875,14,per_run_oof
deepseek_r1_distill_7b__math_test_00048_6a611c4a__temp0.10__seed7,0.17876998332808222,,14,per_run_oof
deepseek_r1_distill_7b__math_test_00048_6a611c4a__temp0.60__seed7,0.2128304611697159,,14,per_run_oof
deepseek_r1_distill_7b__math_test_00048_6a611c4a__temp1.00__seed7,0.22019868654452918,,14,per_run_oof
deepseek_r1_distill_7b__math_test_00049_e45e9b10__temp0.10__seed7,0.17969500971235997,,14,per_run_oof
deepseek_r1_distill_7b__math_test_00049_e45e9b10__temp0.60__seed7,0.19721657152414226,,14,per_run_oof
deepseek_r1_distill_7b__math_test_00049_e45e9b10__temp1.00__seed7,0.1681143031857617,,14,per_run_oof
deepseek_r1_distill_7b__math_test_00050_f4090aaa__temp0.10__seed7,0.17894557137392,1.0,14,per_run_oof
deepseek_r1_distill_7b__math_test_00050_f4090aaa__temp0.60__seed7,0.24723941507285543,0.6153846153846154,14,per_run_oof
deepseek_r1_distill_7b__math_test_00050_f4090aaa__temp1.00__seed7,0.1949305209798029,0.9166666666666667,14,per_run_oof
deepseek_r1_distill_7b__math_test_00051_1e5ff908__temp0.10__seed7,0.29034000284052564,,14,per_run_oof
deepseek_r1_distill_7b__math_test_00051_1e5ff908__temp0.60__seed7,0.210531332407319,,14,per_run_oof
deepseek_r1_distill_7b__math_test_00051_1e5ff908__temp1.00__seed7,0.2656019531153671,,14,per_run_oof
deepseek_r1_distill_7b__math_test_00052_5850e1b9__temp0.10__seed7,0.2126264236033264,0.6969696969696969,14,per_run_oof
deepseek_r1_distill_7b__math_test_00052_5850e1b9__temp0.60__seed7,0.18232378382162515,,14,per_run_oof
deepseek_r1_distill_7b__math_test_00052_5850e1b9__temp1.00__seed7,0.1774168403295358,,14,per_run_oof
deepseek_r1_distill_7b__math_test_00053_f8d21f23__temp0.10__seed7,0.172516729604179,,14,per_run_oof
deepseek_r1_distill_7b__math_test_00053_f8d21f23__temp0.60__seed7,0.21818927662209409,,14,per_run_oof
deepseek_r1_distill_7b__math_test_00053_f8d21f23__temp1.00__seed7,0.2665488218779524,,14,per_run_oof
deepseek_r1_distill_7b__math_test_00054_ddf4c852__temp0.10__seed7,0.19056482239454747,,14,per_run_oof
deepseek_r1_distill_7b__math_test_00054_ddf4c852__temp0.60__seed7,0.19904555737728352,,14,per_run_oof
deepseek_r1_distill_7b__math_test_00054_ddf4c852__temp1.00__seed7,0.1979027710652906,,14,per_run_oof
deepseek_r1_distill_7b__math_test_00055_24952be5__temp0.10__seed7,0.3205436581935451,,14,per_run_oof
deepseek_r1_distill_7b__math_test_00055_24952be5__temp0.60__seed7,0.1948049129006625,,14,per_run_oof
deepseek_r1_distill_7b__math_test_00055_24952be5__temp1.00__seed7,0.22565771460552872,0.15384615384615385,14,per_run_oof
deepseek_r1_distill_7b__math_test_00056_a8c223a1__temp0.10__seed7,0.25037678343676356,,14,per_run_oof
deepseek_r1_distill_7b__math_test_00056_a8c223a1__temp0.60__seed7,0.23457654445138815,,14,per_run_oof
deepseek_r1_distill_7b__math_test_00056_a8c223a1__temp1.00__seed7,0.27086393499915223,,14,per_run_oof
deepseek_r1_distill_7b__math_test_00057_8236aaa4__temp0.10__seed7,0.205809919419897,0.7575757575757576,14,per_run_oof
deepseek_r1_distill_7b__math_test_00057_8236aaa4__temp0.60__seed7,0.2468658904853977,0.46666666666666673,14,per_run_oof
deepseek_r1_distill_7b__math_test_00057_8236aaa4__temp1.00__seed7,0.2515217751491437,0.6222222222222222,14,per_run_oof
deepseek_r1_distill_7b__math_test_00058_7afa45ab__temp0.10__seed7,0.2371454470054397,0.5833333333333333,14,per_run_oof
deepseek_r1_distill_7b__math_test_00058_7afa45ab__temp0.60__seed7,0.23263702870457367,0.875,14,per_run_oof
deepseek_r1_distill_7b__math_test_00058_7afa45ab__temp1.00__seed7,0.2642291874824195,0.5151515151515151,14,per_run_oof
deepseek_r1_distill_7b__math_test_00059_43a9d185__temp0.10__seed7,0.19329543314688902,,14,per_run_oof
deepseek_r1_distill_7b__math_test_00059_43a9d185__temp0.60__seed7,0.2320365594786015,,14,per_run_oof
deepseek_r1_distill_7b__math_test_00059_43a9d185__temp1.00__seed7,0.2230969380954406,,14,per_run_oof
deepseek_r1_distill_7b__math_test_00060_a67ac75a__temp0.10__seed7,0.264076713539106,,14,per_run_oof
deepseek_r1_distill_7b__math_test_00060_a67ac75a__temp0.60__seed7,0.18682387964756506,,14,per_run_oof
deepseek_r1_distill_7b__math_test_00060_a67ac75a__temp1.00__seed7,0.23476371067576202,,14,per_run_oof
deepseek_r1_distill_7b__math_test_00061_4943c966__temp0.10__seed7,0.22976236552044654,0.7083333333333334,14,per_run_oof
deepseek_r1_distill_7b__math_test_00061_4943c966__temp0.60__seed7,0.2556289745433226,,14,per_run_oof
deepseek_r1_distill_7b__math_test_00061_4943c966__temp1.00__seed7,0.24896686006863916,0.7111111111111111,14,per_run_oof
deepseek_r1_distill_7b__math_test_00062_ae97d603__temp0.10__seed7,0.25059813164571415,0.6122448979591837,14,per_run_oof
deepseek_r1_distill_7b__math_test_00062_ae97d603__temp0.60__seed7,0.1900966371080999,,14,per_run_oof
deepseek_r1_distill_7b__math_test_00062_ae97d603__temp1.00__seed7,0.17548428690660353,0.8787878787878788,14,per_run_oof
deepseek_r1_distill_7b__math_test_00063_7eb01312__temp0.10__seed7,0.20568514193667833,,14,per_run_oof
deepseek_r1_distill_7b__math_test_00063_7eb01312__temp0.60__seed7,0.21653223502197466,,14,per_run_oof
deepseek_r1_distill_7b__math_test_00063_7eb01312__temp1.00__seed7,0.2402530123043624,,14,per_run_oof
deepseek_r1_distill_7b__math_test_00064_56e26e67__temp0.10__seed7,0.297351092127509,,14,per_run_oof
deepseek_r1_distill_7b__math_test_00064_56e26e67__temp0.60__seed7,0.21925383350706099,,14,per_run_oof
deepseek_r1_distill_7b__math_test_00064_56e26e67__temp1.00__seed7,0.21388175267486376,,14,per_run_oof
deepseek_r1_distill_7b__math_test_00065_1d982f42__temp0.10__seed7,0.2076060341353199,,14,per_run_oof
deepseek_r1_distill_7b__math_test_00065_1d982f42__temp0.60__seed7,0.19870218300563744,,14,per_run_oof
deepseek_r1_distill_7b__math_test_00065_1d982f42__temp1.00__seed7,0.224002930013765,,14,per_run_oof
deepseek_r1_distill_7b__math_test_00066_c503000c__temp0.10__seed7,0.2033780924091406,,14,per_run_oof
deepseek_r1_distill_7b__math_test_00066_c503000c__temp0.60__seed7,0.2017210118265502,,14,per_run_oof
deepseek_r1_distill_7b__math_test_00066_c503000c__temp1.00__seed7,0.21117011005349376,,14,per_run_oof
deepseek_r1_distill_7b__math_test_00067_b2cca4da__temp0.10__seed7,0.17328379399326724,1.0,14,per_run_oof
deepseek_r1_distill_7b__math_test_00067_b2cca4da__temp0.60__seed7,0.19925448226605447,0.8367346938775511,14,per_run_oof
deepseek_r1_distill_7b__math_test_00067_b2cca4da__temp1.00__seed7,0.2664253818054941,0.325,14,per_run_oof
deepseek_r1_distill_7b__math_test_00068_ea595be8__temp0.10__seed7,0.2735462908080221,0.4,14,per_run_oof
deepseek_r1_distill_7b__math_test_00068_ea595be8__temp0.60__seed7,0.23013728061581523,0.44999999999999996,14,per_run_oof
deepseek_r1_distill_7b__math_test_00068_ea595be8__temp1.00__seed7,0.2373252136116899,0.6875,14,per_run_oof
deepseek_r1_distill_7b__math_test_00069_c6dad45a__temp0.10__seed7,0.21681859494964023,0.5,14,per_run_oof
deepseek_r1_distill_7b__math_test_00069_c6dad45a__temp0.60__seed7,0.2417545064398463,0.673469387755102,14,per_run_oof
deepseek_r1_distill_7b__math_test_00069_c6dad45a__temp1.00__seed7,0.19429151084549276,0.7272727272727272,14,per_run_oof
deepseek_r1_distill_7b__math_test_00070_96016437__temp0.10__seed7,0.239814395757292,0.4,14,per_run_oof
deepseek_r1_distill_7b__math_test_00070_96016437__temp0.60__seed7,0.22796429054090875,0.47500000000000003,14,per_run_oof
deepseek_r1_distill_7b__math_test_00070_96016437__temp1.00__seed7,0.19518141066805383,0.9,14,per_run_oof
deepseek_r1_distill_7b__math_test_00071_98672352__temp0.10__seed7,0.23320071045582189,,14,per_run_oof
deepseek_r1_distill_7b__math_test_00071_98672352__temp0.60__seed7,0.18373323487234758,,14,per_run_oof
deepseek_r1_distill_7b__math_test_00071_98672352__temp1.00__seed7,0.20104723166053481,,14,per_run_oof
deepseek_r1_distill_7b__math_test_00072_76de8c53__temp0.10__seed7,0.24176552113676777,,14,per_run_oof
deepseek_r1_distill_7b__math_test_00072_76de8c53__temp0.60__seed7,0.21517388263979503,,14,per_run_oof
deepseek_r1_distill_7b__math_test_00072_76de8c53__temp1.00__seed7,0.21228784284986255,0.7692307692307692,14,per_run_oof
deepseek_r1_distill_7b__math_test_00073_7f9e23c9__temp0.10__seed7,0.2624103185423935,,14,per_run_oof
deepseek_r1_distill_7b__math_test_00073_7f9e23c9__temp0.60__seed7,0.20802012727634187,,14,per_run_oof
deepseek_r1_distill_7b__math_test_00073_7f9e23c9__temp1.00__seed7,0.2693298933991808,,14,per_run_oof
deepseek_r1_distill_7b__math_test_00074_5b6e5429__temp0.10__seed7,0.24092281954462824,0.8461538461538461,14,per_run_oof
deepseek_r1_distill_7b__math_test_00074_5b6e5429__temp0.60__seed7,0.21871729467124984,0.65,14,per_run_oof
deepseek_r1_distill_7b__math_test_00074_5b6e5429__temp1.00__seed7,0.26471905206014046,0.17499999999999996,14,per_run_oof
deepseek_r1_distill_7b__math_test_00075_387f76f4__temp0.10__seed7,0.20484713514440664,,14,per_run_oof
deepseek_r1_distill_7b__math_test_00075_387f76f4__temp0.60__seed7,0.23502547180374353,0.7291666666666667,14,per_run_oof
deepseek_r1_distill_7b__math_test_00075_387f76f4__temp1.00__seed7,0.24497822076962836,0.653061224489796,14,per_run_oof
deepseek_r1_distill_7b__math_test_00076_b45bd200__temp0.10__seed7,0.2743177348852755,,14,per_run_oof
deepseek_r1_distill_7b__math_test_00076_b45bd200__temp0.60__seed7,0.22511136500594983,,14,per_run_oof
deepseek_r1_distill_7b__math_test_00076_b45bd200__temp1.00__seed7,0.260278060416172,,14,per_run_oof
deepseek_r1_distill_7b__math_test_00077_0fdb870e__temp0.10__seed7,0.21598804249202228,0.15384615384615385,14,per_run_oof
deepseek_r1_distill_7b__math_test_00077_0fdb870e__temp0.60__seed7,0.23225617757174497,0.0,14,per_run_oof
deepseek_r1_distill_7b__math_test_00077_0fdb870e__temp1.00__seed7,0.24932797687253502,0.2916666666666667,14,per_run_oof
deepseek_r1_distill_7b__math_test_00078_7de927b7__temp0.10__seed7,0.23830537311413372,0.3846153846153846,14,per_run_oof
deepseek_r1_distill_7b__math_test_00078_7de927b7__temp0.60__seed7,0.2190578932036306,0.3846153846153846,14,per_run_oof
deepseek_r1_distill_7b__math_test_00078_7de927b7__temp1.00__seed7,0.2600741231210783,0.4222222222222222,14,per_run_oof
deepseek_r1_distill_7b__math_test_00079_3f967fbe__temp0.10__seed7,0.3189062722657149,0.16666666666666663,14,per_run_oof
deepseek_r1_distill_7b__math_test_00079_3f967fbe__temp0.60__seed7,0.21720189040161242,0.625,14,per_run_oof
deepseek_r1_distill_7b__math_test_00079_3f967fbe__temp1.00__seed7,0.20662998649450515,0.6,14,per_run_oof
deepseek_r1_distill_7b__math_test_00080_ea7d5602__temp0.10__seed7,0.2103846146642759,1.0,14,per_run_oof
deepseek_r1_distill_7b__math_test_00080_ea7d5602__temp0.60__seed7,0.2614502187433751,,14,per_run_oof
deepseek_r1_distill_7b__math_test_00080_ea7d5602__temp1.00__seed7,0.2268031137053292,,14,per_run_oof
deepseek_r1_distill_7b__math_test_00081_df488277__temp0.10__seed7,0.21236443087017975,,14,per_run_oof
deepseek_r1_distill_7b__math_test_00081_df488277__temp0.60__seed7,0.18942953517401895,,14,per_run_oof
deepseek_r1_distill_7b__math_test_00081_df488277__temp1.00__seed7,0.19577989707749616,,14,per_run_oof
deepseek_r1_distill_7b__math_test_00082_7fd2e8f8__temp0.10__seed7,0.23206249251831215,0.75,14,per_run_oof
deepseek_r1_distill_7b__math_test_00082_7fd2e8f8__temp0.60__seed7,0.21253188020773672,0.7777777777777779,14,per_run_oof
deepseek_r1_distill_7b__math_test_00082_7fd2e8f8__temp1.00__seed7,0.2372271484796277,0.7083333333333334,14,per_run_oof
deepseek_r1_distill_7b__math_test_00083_5465f015__temp0.10__seed7,0.22089666385901754,0.46153846153846156,14,per_run_oof
deepseek_r1_distill_7b__math_test_00083_5465f015__temp0.60__seed7,0.24258256018751728,0.07692307692307687,14,per_run_oof
deepseek_r1_distill_7b__math_test_00083_5465f015__temp1.00__seed7,0.2445294451070695,0.8333333333333334,14,per_run_oof
deepseek_r1_distill_7b__math_test_00084_c4267ccc__temp0.10__seed7,0.207866765792985,,14,per_run_oof
deepseek_r1_distill_7b__math_test_00084_c4267ccc__temp0.60__seed7,0.3029384228013278,,14,per_run_oof
deepseek_r1_distill_7b__math_test_00084_c4267ccc__temp1.00__seed7,0.21439878206025867,,14,per_run_oof
deepseek_r1_distill_7b__math_test_00085_ab1a6003__temp0.10__seed7,0.21290547569238058,,14,per_run_oof
deepseek_r1_distill_7b__math_test_00085_ab1a6003__temp0.60__seed7,0.197487340432383,0.6153846153846154,14,per_run_oof
deepseek_r1_distill_7b__math_test_00085_ab1a6003__temp1.00__seed7,0.23173991270760644,0.20833333333333331,14,per_run_oof
deepseek_r1_distill_7b__math_test_00086_3447bc00__temp0.10__seed7,0.3488613214294266,,14,per_run_oof
deepseek_r1_distill_7b__math_test_00086_3447bc00__temp0.60__seed7,0.17942092945888782,,14,per_run_oof
deepseek_r1_distill_7b__math_test_00086_3447bc00__temp1.00__seed7,0.24792123255441192,,14,per_run_oof
deepseek_r1_distill_7b__math_test_00087_649d31a4__temp0.10__seed7,0.2241765436919157,,14,per_run_oof
deepseek_r1_distill_7b__math_test_00087_649d31a4__temp0.60__seed7,0.19235517521694728,1.0,14,per_run_oof
deepseek_r1_distill_7b__math_test_00087_649d31a4__temp1.00__seed7,0.20954446322208345,,14,per_run_oof
deepseek_r1_distill_7b__math_test_00088_207198c5__temp0.10__seed7,0.2366400412420934,,14,per_run_oof
deepseek_r1_distill_7b__math_test_00088_207198c5__temp0.60__seed7,0.299272039797221,,14,per_run_oof
deepseek_r1_distill_7b__math_test_00088_207198c5__temp1.00__seed7,0.26902176227062374,,14,per_run_oof
deepseek_r1_distill_7b__math_test_00089_962971ae__temp0.10__seed7,0.24776501938941053,0.6923076923076923,14,per_run_oof
deepseek_r1_distill_7b__math_test_00089_962971ae__temp0.60__seed7,0.22719904233203336,,14,per_run_oof
deepseek_r1_distill_7b__math_test_00089_962971ae__temp1.00__seed7,0.21751443989930003,0.575,14,per_run_oof
deepseek_r1_distill_7b__math_test_00090_f27fcf39__temp0.10__seed7,0.19163699413344001,,14,per_run_oof
deepseek_r1_distill_7b__math_test_00090_f27fcf39__temp0.60__seed7,0.20628843480182413,,14,per_run_oof
deepseek_r1_distill_7b__math_test_00090_f27fcf39__temp1.00__seed7,0.19424925275528437,,14,per_run_oof
deepseek_r1_distill_7b__math_test_00091_6c78d89b__temp0.10__seed7,0.3237829268403524,,14,per_run_oof
deepseek_r1_distill_7b__math_test_00091_6c78d89b__temp0.60__seed7,0.2874812481242009,0.44897959183673475,14,per_run_oof
deepseek_r1_distill_7b__math_test_00091_6c78d89b__temp1.00__seed7,0.1277381123601426,,14,per_run_oof
deepseek_r1_distill_7b__math_test_00092_d2ef929c__temp0.10__seed7,0.198023023172728,,14,per_run_oof
deepseek_r1_distill_7b__math_test_00092_d2ef929c__temp0.60__seed7,0.20505255131216302,,14,per_run_oof
deepseek_r1_distill_7b__math_test_00092_d2ef929c__temp1.00__seed7,0.19102490845733672,,14,per_run_oof
deepseek_r1_distill_7b__math_test_00093_c6ee4fae__temp0.10__seed7,0.18919001258760337,,14,per_run_oof
deepseek_r1_distill_7b__math_test_00093_c6ee4fae__temp0.60__seed7,0.19537115727673998,,14,per_run_oof
deepseek_r1_distill_7b__math_test_00093_c6ee4fae__temp1.00__seed7,0.14450274156510115,1.0,14,per_run_oof
deepseek_r1_distill_7b__math_test_00094_82adbbe7__temp0.10__seed7,0.24633245106505827,,14,per_run_oof
deepseek_r1_distill_7b__math_test_00094_82adbbe7__temp0.60__seed7,0.23727402842550221,,14,per_run_oof
deepseek_r1_distill_7b__math_test_00094_82adbbe7__temp1.00__seed7,0.2453410136432522,,14,per_run_oof
deepseek_r1_distill_7b__math_test_00095_21ca381e__temp0.10__seed7,0.2574052438431242,,14,per_run_oof
deepseek_r1_distill_7b__math_test_00095_21ca381e__temp0.60__seed7,0.2052274956832536,,14,per_run_oof
deepseek_r1_distill_7b__math_test_00095_21ca381e__temp1.00__seed7,0.2616831783144772,,14,per_run_oof
deepseek_r1_distill_7b__math_test_00096_9055d1e9__temp0.10__seed7,0.23535404606543708,,14,per_run_oof
deepseek_r1_distill_7b__math_test_00096_9055d1e9__temp0.60__seed7,0.22464335461928922,,14,per_run_oof
deepseek_r1_distill_7b__math_test_00096_9055d1e9__temp1.00__seed7,0.23592791867781102,,14,per_run_oof
deepseek_r1_distill_7b__math_test_00097_30394417__temp0.10__seed7,0.19402352514693114,,14,per_run_oof
deepseek_r1_distill_7b__math_test_00097_30394417__temp0.60__seed7,0.19111972892113208,,14,per_run_oof
deepseek_r1_distill_7b__math_test_00097_30394417__temp1.00__seed7,0.21043711164470638,,14,per_run_oof
deepseek_r1_distill_7b__math_test_00098_9ceda233__temp0.10__seed7,0.21825003180922936,,14,per_run_oof
deepseek_r1_distill_7b__math_test_00098_9ceda233__temp0.60__seed7,0.2211368826487197,,14,per_run_oof
deepseek_r1_distill_7b__math_test_00098_9ceda233__temp1.00__seed7,0.2531400985603068,,14,per_run_oof
deepseek_r1_distill_7b__math_test_00099_491d2137__temp0.10__seed7,0.23542785667269156,,14,per_run_oof
deepseek_r1_distill_7b__math_test_00099_491d2137__temp0.60__seed7,0.23585762224943987,,14,per_run_oof
deepseek_r1_distill_7b__math_test_00099_491d2137__temp1.00__seed7,0.2169182113044819,0.9230769230769231,14,per_run_oof
deepseek_r1_distill_7b__math_test_00100_941d341c__temp0.10__seed7,0.1827446044017333,0.8500000000000001,14,per_run_oof
deepseek_r1_distill_7b__math_test_00100_941d341c__temp0.60__seed7,0.26409790903190516,0.3076923076923077,14,per_run_oof
deepseek_r1_distill_7b__math_test_00100_941d341c__temp1.00__seed7,0.3508572294546249,0.41666666666666663,14,per_run_oof
deepseek_r1_distill_7b__math_test_00101_75e027f9__temp0.10__seed7,0.29609497662407913,,14,per_run_oof
deepseek_r1_distill_7b__math_test_00101_75e027f9__temp0.60__seed7,0.24220967169124533,,14,per_run_oof
deepseek_r1_distill_7b__math_test_00101_75e027f9__temp1.00__seed7,0.26654112070205355,,14,per_run_oof
deepseek_r1_distill_7b__math_test_00102_129dd488__temp0.10__seed7,0.2958756395152359,,14,per_run_oof
deepseek_r1_distill_7b__math_test_00102_129dd488__temp0.60__seed7,0.18289840830938012,,14,per_run_oof
deepseek_r1_distill_7b__math_test_00102_129dd488__temp1.00__seed7,0.22666263528248382,,14,per_run_oof
deepseek_r1_distill_7b__math_test_00103_7b0f3b51__temp0.10__seed7,0.21856970389556077,0.25,14,per_run_oof
deepseek_r1_distill_7b__math_test_00103_7b0f3b51__temp0.60__seed7,0.2006833488575072,,14,per_run_oof
deepseek_r1_distill_7b__math_test_00103_7b0f3b51__temp1.00__seed7,0.20370160046836414,,14,per_run_oof
deepseek_r1_distill_7b__math_test_00104_d684f1e9__temp0.10__seed7,0.4335485494218751,,14,per_run_oof
deepseek_r1_distill_7b__math_test_00104_d684f1e9__temp0.60__seed7,0.23728305314569328,,14,per_run_oof
deepseek_r1_distill_7b__math_test_00104_d684f1e9__temp1.00__seed7,0.21139988646024951,1.0,14,per_run_oof
deepseek_r1_distill_7b__math_test_00105_6b770d5f__temp0.10__seed7,0.3193135650640172,,14,per_run_oof
deepseek_r1_distill_7b__math_test_00105_6b770d5f__temp0.60__seed7,0.23410611924092373,,14,per_run_oof
deepseek_r1_distill_7b__math_test_00105_6b770d5f__temp1.00__seed7,0.23659590695391758,,14,per_run_oof
deepseek_r1_distill_7b__math_test_00106_6e98540c__temp0.10__seed7,0.20256261112706758,,14,per_run_oof
deepseek_r1_distill_7b__math_test_00106_6e98540c__temp0.60__seed7,0.1796562940561198,1.0,14,per_run_oof
deepseek_r1_distill_7b__math_test_00106_6e98540c__temp1.00__seed7,0.2155456294700028,,14,per_run_oof
deepseek_r1_distill_7b__math_test_00107_fd74cd11__temp0.10__seed7,0.22686422080421514,1.0,14,per_run_oof
deepseek_r1_distill_7b__math_test_00107_fd74cd11__temp0.60__seed7,0.21708062407805134,,14,per_run_oof
deepseek_r1_distill_7b__math_test_00107_fd74cd11__temp1.00__seed7,0.22304451727560362,,14,per_run_oof
deepseek_r1_distill_7b__math_test_00108_611e7552__temp0.10__seed7,0.2134044943288874,0.7111111111111111,14,per_run_oof
deepseek_r1_distill_7b__math_test_00108_611e7552__temp0.60__seed7,0.23836852827902982,0.5555555555555556,14,per_run_oof
deepseek_r1_distill_7b__math_test_00108_611e7552__temp1.00__seed7,0.2320493563048245,0.6041666666666667,14,per_run_oof
deepseek_r1_distill_7b__math_test_00109_d90424d8__temp0.10__seed7,0.23965511260593378,,14,per_run_oof
deepseek_r1_distill_7b__math_test_00109_d90424d8__temp0.60__seed7,0.21878594433958623,,14,per_run_oof
deepseek_r1_distill_7b__math_test_00109_d90424d8__temp1.00__seed7,0.21353819668526186,,14,per_run_oof
deepseek_r1_distill_7b__math_test_00110_72b3623f__temp0.10__seed7,0.2305271054962215,0.6153846153846154,14,per_run_oof
deepseek_r1_distill_7b__math_test_00110_72b3623f__temp0.60__seed7,0.2007391615136988,0.8461538461538461,14,per_run_oof
deepseek_r1_distill_7b__math_test_00110_72b3623f__temp1.00__seed7,0.22041917955914578,,14,per_run_oof
deepseek_r1_distill_7b__math_test_00111_d752e2e3__temp0.10__seed7,0.2490614115812829,,14,per_run_oof
deepseek_r1_distill_7b__math_test_00111_d752e2e3__temp0.60__seed7,0.22518704044912613,,14,per_run_oof
deepseek_r1_distill_7b__math_test_00111_d752e2e3__temp1.00__seed7,0.23163471251788817,,14,per_run_oof
deepseek_r1_distill_7b__math_test_00112_84e6f7fa__temp0.10__seed7,0.23489669212740852,0.6666666666666667,14,per_run_oof
deepseek_r1_distill_7b__math_test_00112_84e6f7fa__temp0.60__seed7,0.20082353317189386,0.8333333333333334,14,per_run_oof
deepseek_r1_distill_7b__math_test_00112_84e6f7fa__temp1.00__seed7,0.21304189522226769,0.85,14,per_run_oof
deepseek_r1_distill_7b__math_test_00113_f30e88a0__temp0.10__seed7,0.21204549632777075,,14,per_run_oof
deepseek_r1_distill_7b__math_test_00113_f30e88a0__temp0.60__seed7,0.1863176415298169,,14,per_run_oof
deepseek_r1_distill_7b__math_test_00113_f30e88a0__temp1.00__seed7,0.21185026545646085,,14,per_run_oof
deepseek_r1_distill_7b__math_test_00114_deb9efc8__temp0.10__seed7,0.19739094358520085,1.0,14,per_run_oof
deepseek_r1_distill_7b__math_test_00114_deb9efc8__temp0.60__seed7,0.19423751149059457,0.7692307692307692,14,per_run_oof
deepseek_r1_distill_7b__math_test_00114_deb9efc8__temp1.00__seed7,0.19067994101486763,0.9583333333333333,14,per_run_oof
deepseek_r1_distill_7b__math_test_00115_e20c9b7a__temp0.10__seed7,0.18822489739683562,,14,per_run_oof
deepseek_r1_distill_7b__math_test_00115_e20c9b7a__temp0.60__seed7,0.22182033417843058,,14,per_run_oof
deepseek_r1_distill_7b__math_test_00115_e20c9b7a__temp1.00__seed7,0.2051750022403492,,14,per_run_oof
deepseek_r1_distill_7b__math_test_00116_61f50e3d__temp0.10__seed7,0.20302872629991672,,14,per_run_oof
deepseek_r1_distill_7b__math_test_00116_61f50e3d__temp0.60__seed7,0.19729095506923186,,14,per_run_oof
deepseek_r1_distill_7b__math_test_00116_61f50e3d__temp1.00__seed7,0.22598335811066436,,14,per_run_oof
deepseek_r1_distill_7b__math_test_00117_e884ad93__temp0.10__seed7,0.3490326926901456,,14,per_run_oof
deepseek_r1_distill_7b__math_test_00117_e884ad93__temp0.60__seed7,0.2640057603152995,,14,per_run_oof
deepseek_r1_distill_7b__math_test_00117_e884ad93__temp1.00__seed7,0.19666350490481666,,14,per_run_oof
deepseek_r1_distill_7b__math_test_00118_fc8ebbb3__temp0.10__seed7,0.2536163151503116,0.5306122448979592,14,per_run_oof
deepseek_r1_distill_7b__math_test_00118_fc8ebbb3__temp0.60__seed7,0.23001011042533584,0.5757575757575757,14,per_run_oof
deepseek_r1_distill_7b__math_test_00118_fc8ebbb3__temp1.00__seed7,0.23439657301590083,0.4888888888888889,14,per_run_oof
deepseek_r1_distill_7b__math_test_00119_a6218ea2__temp0.10__seed7,0.19459999757411753,,14,per_run_oof
deepseek_r1_distill_7b__math_test_00119_a6218ea2__temp0.60__seed7,0.173101591805752,,14,per_run_oof
deepseek_r1_distill_7b__math_test_00119_a6218ea2__temp1.00__seed7,0.20425224191087343,,14,per_run_oof
deepseek_r1_distill_7b__math_test_00120_8eef5288__temp0.10__seed7,0.18174238140020813,,14,per_run_oof
deepseek_r1_distill_7b__math_test_00120_8eef5288__temp0.60__seed7,0.18941019873540335,,14,per_run_oof
deepseek_r1_distill_7b__math_test_00120_8eef5288__temp1.00__seed7,0.19986063726206177,,14,per_run_oof
deepseek_r1_distill_7b__math_test_00121_23cfdf25__temp0.10__seed7,0.1956872067587525,,14,per_run_oof
deepseek_r1_distill_7b__math_test_00121_23cfdf25__temp0.60__seed7,0.1541912087928344,,14,per_run_oof
deepseek_r1_distill_7b__math_test_00121_23cfdf25__temp1.00__seed7,0.18536728813129372,,14,per_run_oof
deepseek_r1_distill_7b__math_test_00122_fdf4300d__temp0.10__seed7,0.17518151296822546,,14,per_run_oof
deepseek_r1_distill_7b__math_test_00122_fdf4300d__temp0.60__seed7,0.20924853141900773,,14,per_run_oof
deepseek_r1_distill_7b__math_test_00122_fdf4300d__temp1.00__seed7,0.26060960351365464,,14,per_run_oof
deepseek_r1_distill_7b__math_test_00123_860f65d4__temp0.10__seed7,0.17254794258200798,,14,per_run_oof
deepseek_r1_distill_7b__math_test_00123_860f65d4__temp0.60__seed7,0.20044667937707228,,14,per_run_oof
deepseek_r1_distill_7b__math_test_00123_860f65d4__temp1.00__seed7,0.20608593018558666,,14,per_run_oof
deepseek_r1_distill_7b__math_test_00124_93bacf2d__temp0.10__seed7,0.2628066959472669,,14,per_run_oof
deepseek_r1_distill_7b__math_test_00124_93bacf2d__temp0.60__seed7,0.19428247679517294,0.23076923076923073,14,per_run_oof
deepseek_r1_distill_7b__math_test_00124_93bacf2d__temp1.00__seed7,0.19252145338499194,0.6923076923076923,14,per_run_oof
deepseek_r1_distill_7b__math_test_00125_e5ac5620__temp0.10__seed7,0.16393361901979006,,14,per_run_oof
deepseek_r1_distill_7b__math_test_00125_e5ac5620__temp0.60__seed7,0.20706343753132583,,14,per_run_oof
deepseek_r1_distill_7b__math_test_00125_e5ac5620__temp1.00__seed7,0.2169163337826245,,14,per_run_oof
deepseek_r1_distill_7b__math_test_00126_81f4f6da__temp0.10__seed7,0.326266441292314,0.0,14,per_run_oof
deepseek_r1_distill_7b__math_test_00126_81f4f6da__temp0.60__seed7,0.2676102145116768,0.45833333333333337,14,per_run_oof
deepseek_r1_distill_7b__math_test_00126_81f4f6da__temp1.00__seed7,0.23732290965661793,0.6458333333333334,14,per_run_oof
deepseek_r1_distill_7b__math_test_00127_831d47a3__temp0.10__seed7,0.2448327429907133,0.9230769230769231,14,per_run_oof
deepseek_r1_distill_7b__math_test_00127_831d47a3__temp0.60__seed7,0.23897545979116128,0.5384615384615384,14,per_run_oof
deepseek_r1_distill_7b__math_test_00127_831d47a3__temp1.00__seed7,0.21238335263214778,,14,per_run_oof
deepseek_r1_distill_7b__math_test_00128_34115c3f__temp0.10__seed7,0.1872360666698958,,14,per_run_oof
deepseek_r1_distill_7b__math_test_00128_34115c3f__temp0.60__seed7,0.1993423709845322,,14,per_run_oof
deepseek_r1_distill_7b__math_test_00128_34115c3f__temp1.00__seed7,0.2238385559765719,0.5384615384615384,14,per_run_oof
deepseek_r1_distill_7b__math_test_00129_13560ab9__temp0.10__seed7,0.2446431462983997,,14,per_run_oof
deepseek_r1_distill_7b__math_test_00129_13560ab9__temp0.60__seed7,0.20593122930166324,,14,per_run_oof
deepseek_r1_distill_7b__math_test_00129_13560ab9__temp1.00__seed7,0.2601257355276822,,14,per_run_oof
deepseek_r1_distill_7b__math_test_00130_587c37e4__temp0.10__seed7,0.28146185240445754,,14,per_run_oof
deepseek_r1_distill_7b__math_test_00130_587c37e4__temp0.60__seed7,0.22464990352099384,,14,per_run_oof
deepseek_r1_distill_7b__math_test_00130_587c37e4__temp1.00__seed7,0.21804506969775048,,14,per_run_oof
deepseek_r1_distill_7b__math_test_00131_e4690c90__temp0.10__seed7,0.2504320654024857,,14,per_run_oof
deepseek_r1_distill_7b__math_test_00131_e4690c90__temp0.60__seed7,0.23252260920346982,,14,per_run_oof
deepseek_r1_distill_7b__math_test_00131_e4690c90__temp1.00__seed7,0.21228189033090228,,14,per_run_oof
deepseek_r1_distill_7b__math_test_00132_9804c9ed__temp0.10__seed7,0.2059009286902573,,14,per_run_oof
deepseek_r1_distill_7b__math_test_00132_9804c9ed__temp0.60__seed7,0.1987847001950913,0.9230769230769231,14,per_run_oof
deepseek_r1_distill_7b__math_test_00132_9804c9ed__temp1.00__seed7,0.2031415803900792,0.6923076923076923,14,per_run_oof
deepseek_r1_distill_7b__math_test_00133_efc15efb__temp0.10__seed7,0.1673015044884288,,14,per_run_oof
deepseek_r1_distill_7b__math_test_00133_efc15efb__temp0.60__seed7,0.2057040118993668,0.9230769230769231,14,per_run_oof
deepseek_r1_distill_7b__math_test_00133_efc15efb__temp1.00__seed7,0.23522413566531328,0.6363636363636364,14,per_run_oof
deepseek_r1_distill_7b__math_test_00134_729aab2d__temp0.10__seed7,0.20500251955754986,,14,per_run_oof
deepseek_r1_distill_7b__math_test_00134_729aab2d__temp0.60__seed7,0.18163399776792646,,14,per_run_oof
deepseek_r1_distill_7b__math_test_00134_729aab2d__temp1.00__seed7,0.18795696651436583,,14,per_run_oof
deepseek_r1_distill_7b__math_test_00135_cc85526c__temp0.10__seed7,0.194154480036655,,14,per_run_oof
deepseek_r1_distill_7b__math_test_00135_cc85526c__temp0.60__seed7,0.1822146949681856,,14,per_run_oof
deepseek_r1_distill_7b__math_test_00135_cc85526c__temp1.00__seed7,0.17686722933246155,,14,per_run_oof
deepseek_r1_distill_7b__math_test_00136_8e69a186__temp0.10__seed7,0.21592858096153345,,14,per_run_oof
deepseek_r1_distill_7b__math_test_00136_8e69a186__temp0.60__seed7,0.20279120966103728,,14,per_run_oof
deepseek_r1_distill_7b__math_test_00136_8e69a186__temp1.00__seed7,0.21215132647133442,,14,per_run_oof
deepseek_r1_distill_7b__math_test_00137_66c4d3d6__temp0.10__seed7,0.24543555275784554,,14,per_run_oof
deepseek_r1_distill_7b__math_test_00137_66c4d3d6__temp0.60__seed7,0.20985505011214708,,14,per_run_oof
deepseek_r1_distill_7b__math_test_00137_66c4d3d6__temp1.00__seed7,0.21889845685188417,,14,per_run_oof
deepseek_r1_distill_7b__math_test_00138_3cca3484__temp0.10__seed7,0.3306562361093816,,14,per_run_oof
deepseek_r1_distill_7b__math_test_00138_3cca3484__temp0.60__seed7,0.23452752238163482,,14,per_run_oof
deepseek_r1_distill_7b__math_test_00138_3cca3484__temp1.00__seed7,0.22251777697495465,,14,per_run_oof
deepseek_r1_distill_7b__math_test_00139_55101384__temp0.10__seed7,0.2215715265683756,,14,per_run_oof
deepseek_r1_distill_7b__math_test_00139_55101384__temp0.60__seed7,0.2199576777780443,,14,per_run_oof
deepseek_r1_distill_7b__math_test_00139_55101384__temp1.00__seed7,0.2096387476758133,,14,per_run_oof
deepseek_r1_distill_7b__math_test_00140_9c2a8a8c__temp0.10__seed7,0.21502917892022394,,14,per_run_oof
deepseek_r1_distill_7b__math_test_00140_9c2a8a8c__temp0.60__seed7,0.21156340537660315,,14,per_run_oof
deepseek_r1_distill_7b__math_test_00140_9c2a8a8c__temp1.00__seed7,0.2045602676710032,,14,per_run_oof
deepseek_r1_distill_7b__math_test_00141_fa53302b__temp0.10__seed7,0.18933392384742678,,14,per_run_oof
deepseek_r1_distill_7b__math_test_00141_fa53302b__temp0.60__seed7,0.17830702944743362,0.9230769230769231,14,per_run_oof
deepseek_r1_distill_7b__math_test_00141_fa53302b__temp1.00__seed7,0.19594355515322137,1.0,14,per_run_oof
deepseek_r1_distill_7b__math_test_00142_a535d7ed__temp0.10__seed7,0.18447188160397923,0.5384615384615384,14,per_run_oof
deepseek_r1_distill_7b__math_test_00142_a535d7ed__temp0.60__seed7,0.2593584662252901,0.3777777777777778,14,per_run_oof
deepseek_r1_distill_7b__math_test_00142_a535d7ed__temp1.00__seed7,0.1758842752812775,0.8958333333333333,14,per_run_oof
deepseek_r1_distill_7b__math_test_00143_f0361309__temp0.10__seed7,0.34057404801376717,,14,per_run_oof
deepseek_r1_distill_7b__math_test_00143_f0361309__temp0.60__seed7,0.27375567644534654,0.875,14,per_run_oof
deepseek_r1_distill_7b__math_test_00143_f0361309__temp1.00__seed7,0.2577169206480278,1.0,14,per_run_oof
deepseek_r1_distill_7b__math_test_00144_3287fa74__temp0.10__seed7,0.19527310411175355,0.979591836734694,14,per_run_oof
deepseek_r1_distill_7b__math_test_00144_3287fa74__temp0.60__seed7,0.24239763087897725,0.46938775510204084,14,per_run_oof
deepseek_r1_distill_7b__math_test_00144_3287fa74__temp1.00__seed7,0.2609101852039404,0.5333333333333332,14,per_run_oof
deepseek_r1_distill_7b__math_test_00145_bb1c005f__temp0.10__seed7,0.1966539810859502,,14,per_run_oof
deepseek_r1_distill_7b__math_test_00145_bb1c005f__temp0.60__seed7,0.18999606558704912,,14,per_run_oof
deepseek_r1_distill_7b__math_test_00145_bb1c005f__temp1.00__seed7,0.21713574752614642,,14,per_run_oof
deepseek_r1_distill_7b__math_test_00146_faf5031d__temp0.10__seed7,0.24967904195006801,,14,per_run_oof
deepseek_r1_distill_7b__math_test_00146_faf5031d__temp0.60__seed7,0.17693806584181107,,14,per_run_oof
deepseek_r1_distill_7b__math_test_00146_faf5031d__temp1.00__seed7,0.23878204444974882,,14,per_run_oof
deepseek_r1_distill_7b__math_test_00147_390c3a01__temp0.10__seed7,0.23307693457141404,0.625,14,per_run_oof
deepseek_r1_distill_7b__math_test_00147_390c3a01__temp0.60__seed7,0.24460750463672207,0.1818181818181818,14,per_run_oof
deepseek_r1_distill_7b__math_test_00147_390c3a01__temp1.00__seed7,0.22296658137958186,0.8181818181818181,14,per_run_oof
deepseek_r1_distill_7b__math_test_00148_c9dddba4__temp0.10__seed7,0.21121916122129472,0.7272727272727272,14,per_run_oof
deepseek_r1_distill_7b__math_test_00148_c9dddba4__temp0.60__seed7,0.20834409454271619,0.6666666666666667,14,per_run_oof
deepseek_r1_distill_7b__math_test_00148_c9dddba4__temp1.00__seed7,0.21971114110274353,,14,per_run_oof
deepseek_r1_distill_7b__math_test_00149_805d659b__temp0.10__seed7,0.2692172373846073,,14,per_run_oof
deepseek_r1_distill_7b__math_test_00149_805d659b__temp0.60__seed7,0.20880328865918404,,14,per_run_oof
deepseek_r1_distill_7b__math_test_00149_805d659b__temp1.00__seed7,0.24465908745803636,0.07692307692307687,14,per_run_oof
deepseek_r1_distill_7b__math_test_00150_f0a2fdf6__temp0.10__seed7,0.2188935866480873,,14,per_run_oof
deepseek_r1_distill_7b__math_test_00150_f0a2fdf6__temp0.60__seed7,0.2251684615579088,,14,per_run_oof
deepseek_r1_distill_7b__math_test_00150_f0a2fdf6__temp1.00__seed7,0.22611162977109614,,14,per_run_oof
deepseek_r1_distill_7b__math_test_00151_3228d9fb__temp0.10__seed7,0.21375657454426336,,14,per_run_oof
deepseek_r1_distill_7b__math_test_00151_3228d9fb__temp0.60__seed7,0.19966466974660532,,14,per_run_oof
deepseek_r1_distill_7b__math_test_00151_3228d9fb__temp1.00__seed7,0.20024781733497887,,14,per_run_oof
deepseek_r1_distill_7b__math_test_00152_df146136__temp0.10__seed7,0.2455558208587079,,14,per_run_oof
deepseek_r1_distill_7b__math_test_00152_df146136__temp0.60__seed7,0.18072263736412592,,14,per_run_oof
deepseek_r1_distill_7b__math_test_00152_df146136__temp1.00__seed7,0.2129008456658587,,14,per_run_oof
deepseek_r1_distill_7b__math_test_00153_e0a74423__temp0.10__seed7,0.1309185967264526,,14,per_run_oof
deepseek_r1_distill_7b__math_test_00153_e0a74423__temp0.60__seed7,0.2053500584885895,1.0,14,per_run_oof
deepseek_r1_distill_7b__math_test_00153_e0a74423__temp1.00__seed7,0.16241906794647312,0.9230769230769231,14,per_run_oof
deepseek_r1_distill_7b__math_test_00154_7dc5f86e__temp0.10__seed7,0.2299233621210113,0.575,14,per_run_oof
deepseek_r1_distill_7b__math_test_00154_7dc5f86e__temp0.60__seed7,0.2354648766846185,0.7083333333333334,14,per_run_oof
deepseek_r1_distill_7b__math_test_00154_7dc5f86e__temp1.00__seed7,0.23374527091217054,0.6,14,per_run_oof
deepseek_r1_distill_7b__math_test_00155_ee27b543__temp0.10__seed7,0.21445075099105626,,14,per_run_oof
deepseek_r1_distill_7b__math_test_00155_ee27b543__temp0.60__seed7,0.2135298679176651,,14,per_run_oof
deepseek_r1_distill_7b__math_test_00155_ee27b543__temp1.00__seed7,0.2066562391713583,0.7692307692307692,14,per_run_oof
deepseek_r1_distill_7b__math_test_00156_95b47adc__temp0.10__seed7,0.251744174585297,0.8461538461538461,14,per_run_oof
deepseek_r1_distill_7b__math_test_00156_95b47adc__temp0.60__seed7,0.23825227892946207,,14,per_run_oof
deepseek_r1_distill_7b__math_test_00156_95b47adc__temp1.00__seed7,0.2381133308262894,,14,per_run_oof
deepseek_r1_distill_7b__math_test_00157_37701db8__temp0.10__seed7,0.2799663284194174,,14,per_run_oof
deepseek_r1_distill_7b__math_test_00157_37701db8__temp0.60__seed7,0.19935596701422692,,14,per_run_oof
deepseek_r1_distill_7b__math_test_00157_37701db8__temp1.00__seed7,0.18274138292247913,,14,per_run_oof
deepseek_r1_distill_7b__math_test_00158_15e70720__temp0.10__seed7,0.1857893081647338,0.23076923076923073,14,per_run_oof
deepseek_r1_distill_7b__math_test_00158_15e70720__temp0.60__seed7,0.19298810709227587,0.9230769230769231,14,per_run_oof
deepseek_r1_distill_7b__math_test_00158_15e70720__temp1.00__seed7,0.21433157764403085,0.6969696969696969,14,per_run_oof
deepseek_r1_distill_7b__math_test_00159_7acc030c__temp0.10__seed7,0.19601146507101055,,14,per_run_oof
deepseek_r1_distill_7b__math_test_00159_7acc030c__temp0.60__seed7,0.22625537809231605,,14,per_run_oof
deepseek_r1_distill_7b__math_test_00159_7acc030c__temp1.00__seed7,0.2683353358813053,,14,per_run_oof
deepseek_r1_distill_7b__math_test_00160_e84fb95f__temp0.10__seed7,0.18691375176749267,,14,per_run_oof
deepseek_r1_distill_7b__math_test_00160_e84fb95f__temp0.60__seed7,0.17925725922020375,,14,per_run_oof
deepseek_r1_distill_7b__math_test_00160_e84fb95f__temp1.00__seed7,0.1497240158268641,,14,per_run_oof
deepseek_r1_distill_7b__math_test_00161_643e7dc4__temp0.10__seed7,0.19723448232517554,,14,per_run_oof
deepseek_r1_distill_7b__math_test_00161_643e7dc4__temp0.60__seed7,0.2538341804268522,,14,per_run_oof
deepseek_r1_distill_7b__math_test_00161_643e7dc4__temp1.00__seed7,0.263493220553632,,14,per_run_oof
deepseek_r1_distill_7b__math_test_00162_45ed500c__temp0.10__seed7,0.31497935946758143,,14,per_run_oof
deepseek_r1_distill_7b__math_test_00162_45ed500c__temp0.60__seed7,0.2165018633036318,0.9166666666666667,14,per_run_oof
deepseek_r1_distill_7b__math_test_00162_45ed500c__temp1.00__seed7,0.2125813704687078,0.9583333333333333,14,per_run_oof
deepseek_r1_distill_7b__math_test_00163_6f88c8c4__temp0.10__seed7,0.30167727712115494,,14,per_run_oof
deepseek_r1_distill_7b__math_test_00163_6f88c8c4__temp0.60__seed7,0.20079054453277348,,14,per_run_oof
deepseek_r1_distill_7b__math_test_00163_6f88c8c4__temp1.00__seed7,0.24079037232898295,0.9230769230769231,14,per_run_oof
deepseek_r1_distill_7b__math_test_00164_a06c5428__temp0.10__seed7,0.20742191366694335,,14,per_run_oof
deepseek_r1_distill_7b__math_test_00164_a06c5428__temp0.60__seed7,0.22741193791824016,,14,per_run_oof
deepseek_r1_distill_7b__math_test_00164_a06c5428__temp1.00__seed7,0.21506251600551093,,14,per_run_oof
deepseek_r1_distill_7b__math_test_00165_2bb09b99__temp0.10__seed7,0.19898419926926886,0.9230769230769231,14,per_run_oof
deepseek_r1_distill_7b__math_test_00165_2bb09b99__temp0.60__seed7,0.19073378786796177,,14,per_run_oof
deepseek_r1_distill_7b__math_test_00165_2bb09b99__temp1.00__seed7,0.19486474765225167,,14,per_run_oof
deepseek_r1_distill_7b__math_test_00166_e1652a94__temp0.10__seed7,0.2716647929305177,,14,per_run_oof
deepseek_r1_distill_7b__math_test_00166_e1652a94__temp0.60__seed7,0.2214588419357966,1.0,14,per_run_oof
deepseek_r1_distill_7b__math_test_00166_e1652a94__temp1.00__seed7,0.22319550249543335,1.0,14,per_run_oof
deepseek_r1_distill_7b__math_test_00167_87ffe725__temp0.10__seed7,0.1927065696193802,,14,per_run_oof
deepseek_r1_distill_7b__math_test_00167_87ffe725__temp0.60__seed7,0.2020776043917773,0.8461538461538461,14,per_run_oof
deepseek_r1_distill_7b__math_test_00167_87ffe725__temp1.00__seed7,0.20303125646914372,0.9090909090909091,14,per_run_oof
deepseek_r1_distill_7b__math_test_00168_0f3086b8__temp0.10__seed7,0.24765957134003264,0.5,14,per_run_oof
deepseek_r1_distill_7b__math_test_00168_0f3086b8__temp0.60__seed7,0.21744348463465074,,14,per_run_oof
deepseek_r1_distill_7b__math_test_00168_0f3086b8__temp1.00__seed7,0.2545466588162137,0.6153846153846154,14,per_run_oof
deepseek_r1_distill_7b__math_test_00169_1a29884e__temp0.10__seed7,0.20469457203706942,,14,per_run_oof
deepseek_r1_distill_7b__math_test_00169_1a29884e__temp0.60__seed7,0.2322093845939381,,14,per_run_oof
deepseek_r1_distill_7b__math_test_00169_1a29884e__temp1.00__seed7,0.21296244828514185,,14,per_run_oof
deepseek_r1_distill_7b__math_test_00170_7682a602__temp0.10__seed7,0.35633233145942206,,14,per_run_oof
deepseek_r1_distill_7b__math_test_00170_7682a602__temp0.60__seed7,0.20167759761407272,,14,per_run_oof
deepseek_r1_distill_7b__math_test_00170_7682a602__temp1.00__seed7,0.20608559053116288,,14,per_run_oof
deepseek_r1_distill_7b__math_test_00171_dae831e4__temp0.10__seed7,0.1641366708555123,,14,per_run_oof
deepseek_r1_distill_7b__math_test_00171_dae831e4__temp0.60__seed7,0.18324975313507044,,14,per_run_oof
deepseek_r1_distill_7b__math_test_00171_dae831e4__temp1.00__seed7,0.20664218231859938,,14,per_run_oof
deepseek_r1_distill_7b__math_test_00172_6af9182b__temp0.10__seed7,0.23595552510415896,0.45833333333333337,14,per_run_oof
deepseek_r1_distill_7b__math_test_00172_6af9182b__temp0.60__seed7,0.26727171328042965,0.5454545454545454,14,per_run_oof
deepseek_r1_distill_7b__math_test_00172_6af9182b__temp1.00__seed7,0.2279582110245271,,14,per_run_oof
deepseek_r1_distill_7b__math_test_00173_f7741471__temp0.10__seed7,0.2868545242099647,,14,per_run_oof
deepseek_r1_distill_7b__math_test_00173_f7741471__temp0.60__seed7,0.21467787808373404,,14,per_run_oof
deepseek_r1_distill_7b__math_test_00173_f7741471__temp1.00__seed7,0.21945238284440585,,14,per_run_oof
deepseek_r1_distill_7b__math_test_00174_660b0932__temp0.10__seed7,0.2164557024654645,,14,per_run_oof
deepseek_r1_distill_7b__math_test_00174_660b0932__temp0.60__seed7,0.22098807453960023,,14,per_run_oof
deepseek_r1_distill_7b__math_test_00174_660b0932__temp1.00__seed7,0.2244602287799003,,14,per_run_oof
deepseek_r1_distill_7b__math_test_00175_ad581760__temp0.10__seed7,0.2530764436250835,,14,per_run_oof
deepseek_r1_distill_7b__math_test_00175_ad581760__temp0.60__seed7,0.22906860510637067,,14,per_run_oof
deepseek_r1_distill_7b__math_test_00175_ad581760__temp1.00__seed7,0.2281662874916731,,14,per_run_oof
deepseek_r1_distill_7b__math_test_00176_3ab8fbcf__temp0.10__seed7,0.4128355510001545,,14,per_run_oof
deepseek_r1_distill_7b__math_test_00176_3ab8fbcf__temp0.60__seed7,0.29335257298800815,,14,per_run_oof
deepseek_r1_distill_7b__math_test_00176_3ab8fbcf__temp1.00__seed7,0.2702637037338427,,14,per_run_oof
deepseek_r1_distill_7b__math_test_00177_88f25299__temp0.10__seed7,0.3431881930443522,,14,per_run_oof
deepseek_r1_distill_7b__math_test_00177_88f25299__temp0.60__seed7,0.2066977732052384,,14,per_run_oof
deepseek_r1_distill_7b__math_test_00177_88f25299__temp1.00__seed7,0.19308176955822318,,14,per_run_oof
deepseek_r1_distill_7b__math_test_00178_af59f7e2__temp0.10__seed7,0.3156885277299343,,14,per_run_oof
deepseek_r1_distill_7b__math_test_00178_af59f7e2__temp0.60__seed7,0.2195039697508096,0.7692307692307692,14,per_run_oof
deepseek_r1_distill_7b__math_test_00178_af59f7e2__temp1.00__seed7,0.20379827064870695,0.8787878787878787,14,per_run_oof
deepseek_r1_distill_7b__math_test_00179_50c278d5__temp0.10__seed7,0.22475187160470564,0.4222222222222223,14,per_run_oof
deepseek_r1_distill_7b__math_test_00179_50c278d5__temp0.60__seed7,0.247114183159729,0.5757575757575757,14,per_run_oof
deepseek_r1_distill_7b__math_test_00179_50c278d5__temp1.00__seed7,0.25659165222262675,0.6666666666666666,14,per_run_oof
deepseek_r1_distill_7b__math_test_00180_409f8858__temp0.10__seed7,0.21448956025237645,0.4,14,per_run_oof
deepseek_r1_distill_7b__math_test_00180_409f8858__temp0.60__seed7,0.27465435739318134,0.2653061224489796,14,per_run_oof
deepseek_r1_distill_7b__math_test_00180_409f8858__temp1.00__seed7,0.2757340901535903,0.5208333333333334,14,per_run_oof
deepseek_r1_distill_7b__math_test_00181_40a8a07f__temp0.10__seed7,0.2155805449470636,0.7916666666666667,14,per_run_oof
deepseek_r1_distill_7b__math_test_00181_40a8a07f__temp0.60__seed7,0.25917264677805757,0.6000000000000001,14,per_run_oof
deepseek_r1_distill_7b__math_test_00181_40a8a07f__temp1.00__seed7,0.3493711471157442,0.2,14,per_run_oof
deepseek_r1_distill_7b__math_test_00182_5eec73ff__temp0.10__seed7,0.18313955215088007,,14,per_run_oof
deepseek_r1_distill_7b__math_test_00182_5eec73ff__temp0.60__seed7,0.17424840188521323,,14,per_run_oof
deepseek_r1_distill_7b__math_test_00182_5eec73ff__temp1.00__seed7,0.19167421295990925,,14,per_run_oof
deepseek_r1_distill_7b__math_test_00183_8feeefff__temp0.10__seed7,0.19568458926742335,,14,per_run_oof
deepseek_r1_distill_7b__math_test_00183_8feeefff__temp0.60__seed7,0.18626337984501365,,14,per_run_oof
deepseek_r1_distill_7b__math_test_00183_8feeefff__temp1.00__seed7,0.19912016204962707,,14,per_run_oof
deepseek_r1_distill_7b__math_test_00184_78e3c175__temp0.10__seed7,0.26077463426140585,0.23076923076923073,14,per_run_oof
deepseek_r1_distill_7b__math_test_00184_78e3c175__temp0.60__seed7,0.1956393177567736,0.9230769230769231,14,per_run_oof
deepseek_r1_distill_7b__math_test_00184_78e3c175__temp1.00__seed7,0.22786179123439562,0.5,14,per_run_oof
deepseek_r1_distill_7b__math_test_00185_b9d67ef5__temp0.10__seed7,0.28155618877547167,,14,per_run_oof
deepseek_r1_distill_7b__math_test_00185_b9d67ef5__temp0.60__seed7,0.2713384178200696,,14,per_run_oof
deepseek_r1_distill_7b__math_test_00185_b9d67ef5__temp1.00__seed7,0.2691881953734931,,14,per_run_oof
deepseek_r1_distill_7b__math_test_00186_ac02199f__temp0.10__seed7,0.26010388058721284,,14,per_run_oof
deepseek_r1_distill_7b__math_test_00186_ac02199f__temp0.60__seed7,0.21848415238571217,,14,per_run_oof
deepseek_r1_distill_7b__math_test_00186_ac02199f__temp1.00__seed7,0.2695806662188757,,14,per_run_oof
deepseek_r1_distill_7b__math_test_00187_b2db12b1__temp0.10__seed7,0.23270892013813668,,14,per_run_oof
deepseek_r1_distill_7b__math_test_00187_b2db12b1__temp0.60__seed7,0.20131455628170575,,14,per_run_oof
deepseek_r1_distill_7b__math_test_00187_b2db12b1__temp1.00__seed7,0.192011775952535,,14,per_run_oof
deepseek_r1_distill_7b__math_test_00188_c57b9f68__temp0.10__seed7,0.2088032676352055,0.9583333333333333,14,per_run_oof
deepseek_r1_distill_7b__math_test_00188_c57b9f68__temp0.60__seed7,0.2708736605801185,0.23076923076923073,14,per_run_oof
deepseek_r1_distill_7b__math_test_00188_c57b9f68__temp1.00__seed7,0.21176865886208476,0.6923076923076923,14,per_run_oof
deepseek_r1_distill_7b__math_test_00189_d2f49b7f__temp0.10__seed7,0.27784937247511055,,14,per_run_oof
deepseek_r1_distill_7b__math_test_00189_d2f49b7f__temp0.60__seed7,0.2564837896184397,,14,per_run_oof
deepseek_r1_distill_7b__math_test_00189_d2f49b7f__temp1.00__seed7,0.2839939194011182,,14,per_run_oof
deepseek_r1_distill_7b__math_test_00190_ad0c55dc__temp0.10__seed7,0.22702537484340718,,14,per_run_oof
deepseek_r1_distill_7b__math_test_00190_ad0c55dc__temp0.60__seed7,0.21676081532377614,,14,per_run_oof
deepseek_r1_distill_7b__math_test_00190_ad0c55dc__temp1.00__seed7,0.21055390828261772,,14,per_run_oof
deepseek_r1_distill_7b__math_test_00191_b20822d9__temp0.10__seed7,0.2459258901469738,,14,per_run_oof
deepseek_r1_distill_7b__math_test_00191_b20822d9__temp0.60__seed7,0.229893290920213,,14,per_run_oof
deepseek_r1_distill_7b__math_test_00191_b20822d9__temp1.00__seed7,0.27252579098955154,,14,per_run_oof
deepseek_r1_distill_7b__math_test_00192_a6795966__temp0.10__seed7,0.2420570522445376,0.5416666666666667,14,per_run_oof
deepseek_r1_distill_7b__math_test_00192_a6795966__temp0.60__seed7,0.25447601747254794,0.41666666666666663,14,per_run_oof
deepseek_r1_distill_7b__math_test_00192_a6795966__temp1.00__seed7,0.2934813432946433,0.5,14,per_run_oof
deepseek_r1_distill_7b__math_test_00193_027d8061__temp0.10__seed7,0.1948795447028022,0.0,14,per_run_oof
deepseek_r1_distill_7b__math_test_00193_027d8061__temp0.60__seed7,0.22419178953967203,0.7083333333333333,14,per_run_oof
deepseek_r1_distill_7b__math_test_00193_027d8061__temp1.00__seed7,0.25484875524007106,,14,per_run_oof
deepseek_r1_distill_7b__math_test_00194_f51f6dd0__temp0.10__seed7,0.2469618231157024,,14,per_run_oof
deepseek_r1_distill_7b__math_test_00194_f51f6dd0__temp0.60__seed7,0.2113888547048186,,14,per_run_oof
deepseek_r1_distill_7b__math_test_00194_f51f6dd0__temp1.00__seed7,0.22621622519388082,,14,per_run_oof
deepseek_r1_distill_7b__math_test_00195_7cc2d650__temp0.10__seed7,0.3195106959337449,,14,per_run_oof
deepseek_r1_distill_7b__math_test_00195_7cc2d650__temp0.60__seed7,0.2599086190484898,,14,per_run_oof
deepseek_r1_distill_7b__math_test_00195_7cc2d650__temp1.00__seed7,0.22630305962726682,,14,per_run_oof
deepseek_r1_distill_7b__math_test_00196_4e15c27d__temp0.10__seed7,0.26277587781260525,0.5833333333333334,14,per_run_oof
deepseek_r1_distill_7b__math_test_00196_4e15c27d__temp0.60__seed7,0.30735200151880687,0.3846153846153846,14,per_run_oof
deepseek_r1_distill_7b__math_test_00196_4e15c27d__temp1.00__seed7,0.20939775734619176,0.9583333333333333,14,per_run_oof
deepseek_r1_distill_7b__math_test_00197_ed195676__temp0.10__seed7,0.28184776241654463,0.15384615384615385,14,per_run_oof
deepseek_r1_distill_7b__math_test_00197_ed195676__temp0.60__seed7,0.22844574515695865,,14,per_run_oof
deepseek_r1_distill_7b__math_test_00197_ed195676__temp1.00__seed7,0.24460039635242695,,14,per_run_oof
deepseek_r1_distill_7b__math_test_00198_85b6e7ea__temp0.10__seed7,0.2000601694232045,,14,per_run_oof
deepseek_r1_distill_7b__math_test_00198_85b6e7ea__temp0.60__seed7,0.21719920964631803,,14,per_run_oof
deepseek_r1_distill_7b__math_test_00198_85b6e7ea__temp1.00__seed7,0.16248160524743835,,14,per_run_oof
deepseek_r1_distill_7b__math_test_00199_c19f27fd__temp0.10__seed7,0.22913276888363873,,14,per_run_oof
deepseek_r1_distill_7b__math_test_00199_c19f27fd__temp0.60__seed7,0.25970564188983875,,14,per_run_oof
deepseek_r1_distill_7b__math_test_00199_c19f27fd__temp1.00__seed7,0.23206773545788145,,14,per_run_oof
deepseek_r1_distill_7b__math_test_00200_bd1fc1ea__temp0.10__seed7,0.26491051190523635,,14,per_run_oof
deepseek_r1_distill_7b__math_test_00200_bd1fc1ea__temp0.60__seed7,0.3845337876933054,,14,per_run_oof
deepseek_r1_distill_7b__math_test_00200_bd1fc1ea__temp1.00__seed7,0.22697309479223607,,14,per_run_oof
deepseek_r1_distill_7b__math_test_00201_464f6898__temp0.10__seed7,0.22582740722247488,,14,per_run_oof
deepseek_r1_distill_7b__math_test_00201_464f6898__temp0.60__seed7,0.2216712326641431,,14,per_run_oof
deepseek_r1_distill_7b__math_test_00201_464f6898__temp1.00__seed7,0.21313672263693814,,14,per_run_oof
deepseek_r1_distill_7b__math_test_00202_8904dc37__temp0.10__seed7,0.179420932108417,,14,per_run_oof
deepseek_r1_distill_7b__math_test_00202_8904dc37__temp0.60__seed7,0.19670435582432394,,14,per_run_oof
deepseek_r1_distill_7b__math_test_00202_8904dc37__temp1.00__seed7,0.18885639968728515,,14,per_run_oof
deepseek_r1_distill_7b__math_test_00203_d026abb8__temp0.10__seed7,0.2190024267982635,0.41666666666666663,14,per_run_oof
deepseek_r1_distill_7b__math_test_00203_d026abb8__temp0.60__seed7,0.22715511369133953,0.7,14,per_run_oof
deepseek_r1_distill_7b__math_test_00203_d026abb8__temp1.00__seed7,0.20552868278029957,0.8500000000000001,14,per_run_oof
deepseek_r1_distill_7b__math_test_00204_75f78286__temp0.10__seed7,0.16985953127517212,,14,per_run_oof
deepseek_r1_distill_7b__math_test_00204_75f78286__temp0.60__seed7,0.19077451404655396,,14,per_run_oof
deepseek_r1_distill_7b__math_test_00204_75f78286__temp1.00__seed7,0.2292064014036242,0.7692307692307692,14,per_run_oof
deepseek_r1_distill_7b__math_test_00205_35364df7__temp0.10__seed7,0.22476479272144342,,14,per_run_oof
deepseek_r1_distill_7b__math_test_00205_35364df7__temp0.60__seed7,0.19651053293742318,,14,per_run_oof
deepseek_r1_distill_7b__math_test_00205_35364df7__temp1.00__seed7,0.22337670230991155,,14,per_run_oof
deepseek_r1_distill_7b__math_test_00206_a6788c30__temp0.10__seed7,0.2648687619674273,,14,per_run_oof
deepseek_r1_distill_7b__math_test_00206_a6788c30__temp0.60__seed7,0.221902666616336,,14,per_run_oof
deepseek_r1_distill_7b__math_test_00206_a6788c30__temp1.00__seed7,0.2608600961012035,,14,per_run_oof
deepseek_r1_distill_7b__math_test_00207_627fc1ba__temp0.10__seed7,0.2545074783137548,,14,per_run_oof
deepseek_r1_distill_7b__math_test_00207_627fc1ba__temp0.60__seed7,0.21712725379282274,,14,per_run_oof
deepseek_r1_distill_7b__math_test_00207_627fc1ba__temp1.00__seed7,0.2427770271618412,,14,per_run_oof
deepseek_r1_distill_7b__math_test_00208_43f47031__temp0.10__seed7,0.2825545713065415,0.7083333333333333,14,per_run_oof
deepseek_r1_distill_7b__math_test_00208_43f47031__temp0.60__seed7,0.2513746621730636,,14,per_run_oof
deepseek_r1_distill_7b__math_test_00208_43f47031__temp1.00__seed7,0.18782478528114613,1.0,14,per_run_oof
deepseek_r1_distill_7b__math_test_00209_877944fa__temp0.10__seed7,0.2497508802945798,,14,per_run_oof
deepseek_r1_distill_7b__math_test_00209_877944fa__temp0.60__seed7,0.21701384105178803,,14,per_run_oof
deepseek_r1_distill_7b__math_test_00209_877944fa__temp1.00__seed7,0.23360481624264567,,14,per_run_oof
deepseek_r1_distill_7b__math_test_00210_51592ad6__temp0.10__seed7,0.20617489594367663,0.7575757575757576,14,per_run_oof
deepseek_r1_distill_7b__math_test_00210_51592ad6__temp0.60__seed7,0.19608444323989552,0.7272727272727273,14,per_run_oof
deepseek_r1_distill_7b__math_test_00210_51592ad6__temp1.00__seed7,0.2064561685186189,0.6444444444444445,14,per_run_oof
deepseek_r1_distill_7b__math_test_00211_4c873421__temp0.10__seed7,0.20827047755611763,0.9583333333333334,14,per_run_oof
deepseek_r1_distill_7b__math_test_00211_4c873421__temp0.60__seed7,0.16729793553175845,1.0,14,per_run_oof
deepseek_r1_distill_7b__math_test_00211_4c873421__temp1.00__seed7,0.20146208682583241,0.7959183673469388,14,per_run_oof
deepseek_r1_distill_7b__math_test_00212_a1acafa6__temp0.10__seed7,0.2536236218604118,,14,per_run_oof
deepseek_r1_distill_7b__math_test_00212_a1acafa6__temp0.60__seed7,0.2517361508956011,,14,per_run_oof
deepseek_r1_distill_7b__math_test_00212_a1acafa6__temp1.00__seed7,0.2269462803687974,,14,per_run_oof
deepseek_r1_distill_7b__math_test_00213_4bf84a38__temp0.10__seed7,0.23369296557202496,0.673469387755102,14,per_run_oof
deepseek_r1_distill_7b__math_test_00213_4bf84a38__temp0.60__seed7,0.26168635770526916,0.6666666666666667,14,per_run_oof
deepseek_r1_distill_7b__math_test_00213_4bf84a38__temp1.00__seed7,0.21957808237298324,0.5714285714285714,14,per_run_oof
deepseek_r1_distill_7b__math_test_00214_dd220dbb__temp0.10__seed7,0.20232209566148834,,14,per_run_oof
deepseek_r1_distill_7b__math_test_00214_dd220dbb__temp0.60__seed7,0.21528566009163191,,14,per_run_oof
deepseek_r1_distill_7b__math_test_00214_dd220dbb__temp1.00__seed7,0.23691282223598117,0.16666666666666669,14,per_run_oof
deepseek_r1_distill_7b__math_test_00215_d650ba63__temp0.10__seed7,0.3048773052823409,,14,per_run_oof
deepseek_r1_distill_7b__math_test_00215_d650ba63__temp0.60__seed7,0.2534394527263873,,14,per_run_oof
deepseek_r1_distill_7b__math_test_00215_d650ba63__temp1.00__seed7,0.23617179745312983,0.5,14,per_run_oof
deepseek_r1_distill_7b__math_test_00216_bb0c5189__temp0.10__seed7,0.282361350053788,,14,per_run_oof
deepseek_r1_distill_7b__math_test_00216_bb0c5189__temp0.60__seed7,0.18623634603265185,,14,per_run_oof
deepseek_r1_distill_7b__math_test_00216_bb0c5189__temp1.00__seed7,0.18619821719191304,,14,per_run_oof
deepseek_r1_distill_7b__math_test_00217_f16ba217__temp0.10__seed7,0.2169308404247325,,14,per_run_oof
deepseek_r1_distill_7b__math_test_00217_f16ba217__temp0.60__seed7,0.20477159052029734,,14,per_run_oof
deepseek_r1_distill_7b__math_test_00217_f16ba217__temp1.00__seed7,0.22710351623435363,,14,per_run_oof
deepseek_r1_distill_7b__math_test_00218_9ebeec12__temp0.10__seed7,0.1699769325221503,0.9230769230769231,14,per_run_oof
deepseek_r1_distill_7b__math_test_00218_9ebeec12__temp0.60__seed7,0.27482404946300215,0.6222222222222222,14,per_run_oof
deepseek_r1_distill_7b__math_test_00218_9ebeec12__temp1.00__seed7,0.24767775129579547,0.625,14,per_run_oof
deepseek_r1_distill_7b__math_test_00219_9ce0114c__temp0.10__seed7,0.181599352133975,,14,per_run_oof
deepseek_r1_distill_7b__math_test_00219_9ce0114c__temp0.60__seed7,0.16108747899847528,,14,per_run_oof
deepseek_r1_distill_7b__math_test_00219_9ce0114c__temp1.00__seed7,0.27980783397849723,,14,per_run_oof
deepseek_r1_distill_7b__math_test_00220_c9d4415d__temp0.10__seed7,0.18965725981305742,0.5416666666666667,14,per_run_oof
deepseek_r1_distill_7b__math_test_00220_c9d4415d__temp0.60__seed7,0.19332821793054697,0.4583333333333333,14,per_run_oof
deepseek_r1_distill_7b__math_test_00220_c9d4415d__temp1.00__seed7,0.19127557320521474,0.7878787878787878,14,per_run_oof
deepseek_r1_distill_7b__math_test_00221_6ddce785__temp0.10__seed7,0.23271237760827632,,14,per_run_oof
deepseek_r1_distill_7b__math_test_00221_6ddce785__temp0.60__seed7,0.23778937067233566,,14,per_run_oof
deepseek_r1_distill_7b__math_test_00221_6ddce785__temp1.00__seed7,0.2697787268316321,,14,per_run_oof
deepseek_r1_distill_7b__math_test_00222_67d6eb88__temp0.10__seed7,0.17116080819628293,,14,per_run_oof
deepseek_r1_distill_7b__math_test_00222_67d6eb88__temp0.60__seed7,0.20884966301216148,,14,per_run_oof
deepseek_r1_distill_7b__math_test_00222_67d6eb88__temp1.00__seed7,0.1944792116766487,,14,per_run_oof
deepseek_r1_distill_7b__math_test_00223_e0d9f4b1__temp0.10__seed7,0.27467837546660756,,14,per_run_oof
deepseek_r1_distill_7b__math_test_00223_e0d9f4b1__temp0.60__seed7,0.20656352328183497,,14,per_run_oof
deepseek_r1_distill_7b__math_test_00223_e0d9f4b1__temp1.00__seed7,0.1884114065905947,,14,per_run_oof
deepseek_r1_distill_7b__math_test_00224_a4838f9f__temp0.10__seed7,0.22791035645877142,0.07692307692307687,14,per_run_oof
deepseek_r1_distill_7b__math_test_00224_a4838f9f__temp0.60__seed7,0.18443880747333816,,14,per_run_oof
deepseek_r1_distill_7b__math_test_00224_a4838f9f__temp1.00__seed7,0.15121150903537953,,14,per_run_oof
deepseek_r1_distill_7b__math_test_00225_aa62338d__temp0.10__seed7,0.23068823283284676,0.875,14,per_run_oof
deepseek_r1_distill_7b__math_test_00225_aa62338d__temp0.60__seed7,0.2606724542735688,0.5416666666666667,14,per_run_oof
deepseek_r1_distill_7b__math_test_00225_aa62338d__temp1.00__seed7,0.23239371380344204,1.0,14,per_run_oof
deepseek_r1_distill_7b__math_test_00226_4db0af17__temp0.10__seed7,0.252402122335473,,14,per_run_oof
deepseek_r1_distill_7b__math_test_00226_4db0af17__temp0.60__seed7,0.20706478945362558,,14,per_run_oof
deepseek_r1_distill_7b__math_test_00226_4db0af17__temp1.00__seed7,0.21988174848392592,,14,per_run_oof
deepseek_r1_distill_7b__math_test_00227_bd91686d__temp0.10__seed7,0.28398322571949736,,14,per_run_oof
deepseek_r1_distill_7b__math_test_00227_bd91686d__temp0.60__seed7,0.2760287230218085,,14,per_run_oof
deepseek_r1_distill_7b__math_test_00227_bd91686d__temp1.00__seed7,0.22820651848833132,,14,per_run_oof
deepseek_r1_distill_7b__math_test_00228_f8913fbd__temp0.10__seed7,0.19522750210084866,,14,per_run_oof
deepseek_r1_distill_7b__math_test_00228_f8913fbd__temp0.60__seed7,0.23214512498097753,0.8461538461538461,14,per_run_oof
deepseek_r1_distill_7b__math_test_00228_f8913fbd__temp1.00__seed7,0.26217739670106616,,14,per_run_oof
deepseek_r1_distill_7b__math_test_00229_3671f9fa__temp0.10__seed7,0.26548708381299624,,14,per_run_oof
deepseek_r1_distill_7b__math_test_00229_3671f9fa__temp0.60__seed7,0.21488503776443152,,14,per_run_oof
deepseek_r1_distill_7b__math_test_00229_3671f9fa__temp1.00__seed7,0.2140778785562781,,14,per_run_oof
deepseek_r1_distill_7b__math_test_00230_5de9111d__temp0.10__seed7,0.2769450764109577,0.375,14,per_run_oof
deepseek_r1_distill_7b__math_test_00230_5de9111d__temp0.60__seed7,0.2468774504219846,0.4583333333333333,14,per_run_oof
deepseek_r1_distill_7b__math_test_00230_5de9111d__temp1.00__seed7,0.2083297428165816,0.07692307692307687,14,per_run_oof
deepseek_r1_distill_7b__math_test_00231_f1b686d3__temp0.10__seed7,0.22864741585635465,,14,per_run_oof
deepseek_r1_distill_7b__math_test_00231_f1b686d3__temp0.60__seed7,0.19104827406030792,,14,per_run_oof
deepseek_r1_distill_7b__math_test_00231_f1b686d3__temp1.00__seed7,0.20957014051397116,,14,per_run_oof
deepseek_r1_distill_7b__math_test_00232_99f94cd0__temp0.10__seed7,0.11484661701803951,1.0,14,per_run_oof
deepseek_r1_distill_7b__math_test_00232_99f94cd0__temp0.60__seed7,0.2560340667142071,,14,per_run_oof
deepseek_r1_distill_7b__math_test_00232_99f94cd0__temp1.00__seed7,0.2699521844578178,0.2727272727272727,14,per_run_oof
deepseek_r1_distill_7b__math_test_00233_05e64b69__temp0.10__seed7,0.2366386544521615,,14,per_run_oof
deepseek_r1_distill_7b__math_test_00233_05e64b69__temp0.60__seed7,0.19446594467088626,,14,per_run_oof
deepseek_r1_distill_7b__math_test_00233_05e64b69__temp1.00__seed7,0.20411818479968838,,14,per_run_oof
deepseek_r1_distill_7b__math_test_00234_03dfd5f4__temp0.10__seed7,0.19931719472890316,,14,per_run_oof
deepseek_r1_distill_7b__math_test_00234_03dfd5f4__temp0.60__seed7,0.19085944523614518,,14,per_run_oof
deepseek_r1_distill_7b__math_test_00234_03dfd5f4__temp1.00__seed7,0.21557658349164208,1.0,14,per_run_oof
deepseek_r1_distill_7b__math_test_00235_13c2c9be__temp0.10__seed7,0.2366835527619575,,14,per_run_oof
deepseek_r1_distill_7b__math_test_00235_13c2c9be__temp0.60__seed7,0.22253405058599943,0.3076923076923077,14,per_run_oof
deepseek_r1_distill_7b__math_test_00235_13c2c9be__temp1.00__seed7,0.21624514241688106,,14,per_run_oof
deepseek_r1_distill_7b__math_test_00236_d5de6a08__temp0.10__seed7,0.21149520584069467,,14,per_run_oof
deepseek_r1_distill_7b__math_test_00236_d5de6a08__temp0.60__seed7,0.30625085226113213,,14,per_run_oof
deepseek_r1_distill_7b__math_test_00236_d5de6a08__temp1.00__seed7,0.23213932234105286,,14,per_run_oof
deepseek_r1_distill_7b__math_test_00237_4bcd0b41__temp0.10__seed7,0.2202794432302446,,14,per_run_oof
deepseek_r1_distill_7b__math_test_00237_4bcd0b41__temp0.60__seed7,0.2097355951920376,,14,per_run_oof
deepseek_r1_distill_7b__math_test_00237_4bcd0b41__temp1.00__seed7,0.2118888682340725,,14,per_run_oof
deepseek_r1_distill_7b__math_test_00238_c8c67f45__temp0.10__seed7,0.2206278667845142,,14,per_run_oof
deepseek_r1_distill_7b__math_test_00238_c8c67f45__temp0.60__seed7,0.19537699054946492,,14,per_run_oof
deepseek_r1_distill_7b__math_test_00238_c8c67f45__temp1.00__seed7,0.18105892809135576,,14,per_run_oof
deepseek_r1_distill_7b__math_test_00239_9b20bddf__temp0.10__seed7,0.06299715211815242,0.9696969696969697,14,per_run_oof
deepseek_r1_distill_7b__math_test_00239_9b20bddf__temp0.60__seed7,0.22416805379159838,0.8333333333333333,14,per_run_oof
deepseek_r1_distill_7b__math_test_00239_9b20bddf__temp1.00__seed7,0.12513682251168132,0.9583333333333334,14,per_run_oof
deepseek_r1_distill_7b__math_test_00240_52c92561__temp0.10__seed7,0.2721532434997502,,14,per_run_oof
deepseek_r1_distill_7b__math_test_00240_52c92561__temp0.60__seed7,0.35963873015118625,,14,per_run_oof
deepseek_r1_distill_7b__math_test_00240_52c92561__temp1.00__seed7,0.2685303721476235,,14,per_run_oof
deepseek_r1_distill_7b__math_test_00241_5a34024d__temp0.10__seed7,0.23029692806056173,0.75,14,per_run_oof
deepseek_r1_distill_7b__math_test_00241_5a34024d__temp0.60__seed7,0.24683585276741574,0.6666666666666667,14,per_run_oof
deepseek_r1_distill_7b__math_test_00241_5a34024d__temp1.00__seed7,0.2355511951041973,0.55,14,per_run_oof
deepseek_r1_distill_7b__math_test_00242_277ad5c0__temp0.10__seed7,0.14533666187964042,,14,per_run_oof
deepseek_r1_distill_7b__math_test_00242_277ad5c0__temp0.60__seed7,0.19300115337051166,,14,per_run_oof
deepseek_r1_distill_7b__math_test_00242_277ad5c0__temp1.00__seed7,0.19139065140544007,,14,per_run_oof
deepseek_r1_distill_7b__math_test_00243_869ecc6c__temp0.10__seed7,0.2166033053928504,0.8571428571428572,14,per_run_oof
deepseek_r1_distill_7b__math_test_00243_869ecc6c__temp0.60__seed7,0.23087673340733886,0.5249999999999999,14,per_run_oof
deepseek_r1_distill_7b__math_test_00243_869ecc6c__temp1.00__seed7,0.2711083346321414,0.3958333333333333,14,per_run_oof
deepseek_r1_distill_7b__math_test_00244_1b6efbf5__temp0.10__seed7,0.20226861384656397,0.6923076923076923,14,per_run_oof
deepseek_r1_distill_7b__math_test_00244_1b6efbf5__temp0.60__seed7,0.1976682155248238,0.6153846153846154,14,per_run_oof
deepseek_r1_distill_7b__math_test_00244_1b6efbf5__temp1.00__seed7,0.23510314617361933,0.46153846153846156,14,per_run_oof
deepseek_r1_distill_7b__math_test_00245_373bfa07__temp0.10__seed7,0.38587179355152645,,14,per_run_oof
deepseek_r1_distill_7b__math_test_00245_373bfa07__temp0.60__seed7,0.2563339079019937,,14,per_run_oof
deepseek_r1_distill_7b__math_test_00245_373bfa07__temp1.00__seed7,0.23467052454344772,,14,per_run_oof
deepseek_r1_distill_7b__math_test_00246_08e34813__temp0.10__seed7,0.2752081112165817,0.6153846153846154,14,per_run_oof
deepseek_r1_distill_7b__math_test_00246_08e34813__temp0.60__seed7,0.36254723301426467,,14,per_run_oof
deepseek_r1_distill_7b__math_test_00246_08e34813__temp1.00__seed7,0.21600600966369424,0.8333333333333334,14,per_run_oof
deepseek_r1_distill_7b__math_test_00247_24a6a2d8__temp0.10__seed7,0.16952738179505408,,14,per_run_oof
deepseek_r1_distill_7b__math_test_00247_24a6a2d8__temp0.60__seed7,0.20498344033268326,,14,per_run_oof
deepseek_r1_distill_7b__math_test_00247_24a6a2d8__temp1.00__seed7,0.25167267841263835,,14,per_run_oof
deepseek_r1_distill_7b__math_test_00248_740b47e0__temp0.10__seed7,0.20494119499790184,0.8958333333333334,14,per_run_oof
deepseek_r1_distill_7b__math_test_00248_740b47e0__temp0.60__seed7,0.20702730414744414,0.9,14,per_run_oof
deepseek_r1_distill_7b__math_test_00248_740b47e0__temp1.00__seed7,0.2911952993079064,0.375,14,per_run_oof
deepseek_r1_distill_7b__math_test_00249_89ab90f1__temp0.10__seed7,0.24169512144274607,0.29166666666666663,14,per_run_oof
deepseek_r1_distill_7b__math_test_00249_89ab90f1__temp0.60__seed7,0.22517578395254903,0.42424242424242425,14,per_run_oof
deepseek_r1_distill_7b__math_test_00249_89ab90f1__temp1.00__seed7,0.1891800651073197,0.5833333333333334,14,per_run_oof
deepseek_r1_distill_7b__math_test_00250_893f6d22__temp0.10__seed7,0.21571648254833756,0.3939393939393939,14,per_run_oof
deepseek_r1_distill_7b__math_test_00250_893f6d22__temp0.60__seed7,0.2484090722248315,0.35,14,per_run_oof
deepseek_r1_distill_7b__math_test_00250_893f6d22__temp1.00__seed7,0.27466126397440155,0.325,14,per_run_oof
deepseek_r1_distill_7b__math_test_00251_3dd2446e__temp0.10__seed7,0.2379295477621562,,14,per_run_oof
deepseek_r1_distill_7b__math_test_00251_3dd2446e__temp0.60__seed7,0.22477204933444092,,14,per_run_oof
deepseek_r1_distill_7b__math_test_00251_3dd2446e__temp1.00__seed7,0.21862814628283941,1.0,14,per_run_oof
deepseek_r1_distill_7b__math_test_00252_b3e21c72__temp0.10__seed7,0.3805283974323425,,14,per_run_oof
deepseek_r1_distill_7b__math_test_00252_b3e21c72__temp0.60__seed7,0.2342658349291987,0.6875,14,per_run_oof
deepseek_r1_distill_7b__math_test_00252_b3e21c72__temp1.00__seed7,0.27212397211286893,,14,per_run_oof
deepseek_r1_distill_7b__math_test_00253_d4df8de3__temp0.10__seed7,0.22336374991579397,,14,per_run_oof
deepseek_r1_distill_7b__math_test_00253_d4df8de3__temp0.60__seed7,0.21100147113915105,,14,per_run_oof
deepseek_r1_distill_7b__math_test_00253_d4df8de3__temp1.00__seed7,0.2271817180442715,,14,per_run_oof
deepseek_r1_distill_7b__math_test_00254_a92a5bc3__temp0.10__seed7,0.1878196892482373,,14,per_run_oof
deepseek_r1_distill_7b__math_test_00254_a92a5bc3__temp0.60__seed7,0.22823111858595202,,14,per_run_oof
deepseek_r1_distill_7b__math_test_00254_a92a5bc3__temp1.00__seed7,0.20728184179217438,0.6153846153846154,14,per_run_oof
deepseek_r1_distill_7b__math_test_00255_5f3fe168__temp0.10__seed7,0.35025741254837317,0.07692307692307687,14,per_run_oof
deepseek_r1_distill_7b__math_test_00255_5f3fe168__temp0.60__seed7,0.23837643259260724,0.7083333333333334,14,per_run_oof
deepseek_r1_distill_7b__math_test_00255_5f3fe168__temp1.00__seed7,0.28897155398198493,0.2857142857142857,14,per_run_oof
deepseek_r1_distill_7b__math_test_00256_d959374f__temp0.10__seed7,0.2567551957505666,0.42424242424242425,14,per_run_oof
deepseek_r1_distill_7b__math_test_00256_d959374f__temp0.60__seed7,0.22967787809369758,0.575,14,per_run_oof
deepseek_r1_distill_7b__math_test_00256_d959374f__temp1.00__seed7,0.20019040161667292,0.8484848484848484,14,per_run_oof
deepseek_r1_distill_7b__math_test_00257_20ddae87__temp0.10__seed7,0.3649734990190309,,14,per_run_oof
deepseek_r1_distill_7b__math_test_00257_20ddae87__temp0.60__seed7,0.19163543524505072,,14,per_run_oof
deepseek_r1_distill_7b__math_test_00257_20ddae87__temp1.00__seed7,0.19240625943642933,,14,per_run_oof
deepseek_r1_distill_7b__math_test_00258_44fb0c1c__temp0.10__seed7,0.18839902723195814,,14,per_run_oof
deepseek_r1_distill_7b__math_test_00258_44fb0c1c__temp0.60__seed7,0.1933197022110534,,14,per_run_oof
deepseek_r1_distill_7b__math_test_00258_44fb0c1c__temp1.00__seed7,0.20690020812520868,,14,per_run_oof
deepseek_r1_distill_7b__math_test_00259_2ab6b817__temp0.10__seed7,0.1555133563261206,,14,per_run_oof
deepseek_r1_distill_7b__math_test_00259_2ab6b817__temp0.60__seed7,0.26360490283894916,,14,per_run_oof
deepseek_r1_distill_7b__math_test_00259_2ab6b817__temp1.00__seed7,0.151816269088783,,14,per_run_oof
deepseek_r1_distill_7b__math_test_00260_efa62d11__temp0.10__seed7,0.24514216911399983,0.35,14,per_run_oof
deepseek_r1_distill_7b__math_test_00260_efa62d11__temp0.60__seed7,0.2291975856066775,0.7777777777777779,14,per_run_oof
deepseek_r1_distill_7b__math_test_00260_efa62d11__temp1.00__seed7,0.19520642272848404,0.9230769230769231,14,per_run_oof
deepseek_r1_distill_7b__math_test_00261_4f02172b__temp0.10__seed7,0.2064576898876023,,14,per_run_oof
deepseek_r1_distill_7b__math_test_00261_4f02172b__temp0.60__seed7,0.18063503162016617,,14,per_run_oof
deepseek_r1_distill_7b__math_test_00261_4f02172b__temp1.00__seed7,0.21269080959576045,,14,per_run_oof
deepseek_r1_distill_7b__math_test_00262_5be48d75__temp0.10__seed7,0.2365139868716784,0.5454545454545454,14,per_run_oof
deepseek_r1_distill_7b__math_test_00262_5be48d75__temp0.60__seed7,0.2432391548379683,0.525,14,per_run_oof
deepseek_r1_distill_7b__math_test_00262_5be48d75__temp1.00__seed7,0.21047340941987056,,14,per_run_oof
deepseek_r1_distill_7b__math_test_00263_10d94c24__temp0.10__seed7,0.3687351904976234,,14,per_run_oof
deepseek_r1_distill_7b__math_test_00263_10d94c24__temp0.60__seed7,0.32187833792356285,,14,per_run_oof
deepseek_r1_distill_7b__math_test_00263_10d94c24__temp1.00__seed7,0.24480290445440175,,14,per_run_oof
deepseek_r1_distill_7b__math_test_00264_ca7f6fd1__temp0.10__seed7,0.20779329748051958,0.9555555555555555,14,per_run_oof
deepseek_r1_distill_7b__math_test_00264_ca7f6fd1__temp0.60__seed7,0.20008873290870013,0.6153846153846154,14,per_run_oof
deepseek_r1_distill_7b__math_test_00264_ca7f6fd1__temp1.00__seed7,0.21768073728936296,0.7272727272727273,14,per_run_oof
deepseek_r1_distill_7b__math_test_00265_3b8ec9e0__temp0.10__seed7,0.23044770346928156,0.4444444444444445,14,per_run_oof
deepseek_r1_distill_7b__math_test_00265_3b8ec9e0__temp0.60__seed7,0.22239440569097296,,14,per_run_oof
deepseek_r1_distill_7b__math_test_00265_3b8ec9e0__temp1.00__seed7,0.18973470276794568,0.9393939393939393,14,per_run_oof
deepseek_r1_distill_7b__math_test_00266_dbf10789__temp0.10__seed7,0.21789535128429022,,14,per_run_oof
deepseek_r1_distill_7b__math_test_00266_dbf10789__temp0.60__seed7,0.2802791095246931,,14,per_run_oof
deepseek_r1_distill_7b__math_test_00266_dbf10789__temp1.00__seed7,0.22183553227940833,,14,per_run_oof
deepseek_r1_distill_7b__math_test_00267_a33fc5f4__temp0.10__seed7,0.3353546069121737,,14,per_run_oof
deepseek_r1_distill_7b__math_test_00267_a33fc5f4__temp0.60__seed7,0.2743220551815554,0.0,14,per_run_oof
deepseek_r1_distill_7b__math_test_00267_a33fc5f4__temp1.00__seed7,0.2188421481435092,0.6969696969696969,14,per_run_oof
deepseek_r1_distill_7b__math_test_00268_64a42184__temp0.10__seed7,0.22721549340856065,,14,per_run_oof
deepseek_r1_distill_7b__math_test_00268_64a42184__temp0.60__seed7,0.2067315590890806,,14,per_run_oof
deepseek_r1_distill_7b__math_test_00268_64a42184__temp1.00__seed7,0.18630540769029333,,14,per_run_oof
deepseek_r1_distill_7b__math_test_00269_3a892d62__temp0.10__seed7,0.25798126045601494,,14,per_run_oof
deepseek_r1_distill_7b__math_test_00269_3a892d62__temp0.60__seed7,0.22697881237432097,0.9166666666666666,14,per_run_oof
deepseek_r1_distill_7b__math_test_00269_3a892d62__temp1.00__seed7,0.24370788497304222,1.0,14,per_run_oof
deepseek_r1_distill_7b__math_test_00270_d6fa4f7c__temp0.10__seed7,0.15286395148442475,,14,per_run_oof
deepseek_r1_distill_7b__math_test_00270_d6fa4f7c__temp0.60__seed7,0.16198869695788762,,14,per_run_oof
deepseek_r1_distill_7b__math_test_00270_d6fa4f7c__temp1.00__seed7,0.18593607997368194,0.8461538461538461,14,per_run_oof
deepseek_r1_distill_7b__math_test_00271_0cd3b758__temp0.10__seed7,0.22944411516308857,1.0,14,per_run_oof
deepseek_r1_distill_7b__math_test_00271_0cd3b758__temp0.60__seed7,0.19493122174049554,,14,per_run_oof
deepseek_r1_distill_7b__math_test_00271_0cd3b758__temp1.00__seed7,0.22736864587107744,,14,per_run_oof
deepseek_r1_distill_7b__math_test_00272_84359c4d__temp0.10__seed7,0.21851475220557495,0.46153846153846156,14,per_run_oof
deepseek_r1_distill_7b__math_test_00272_84359c4d__temp0.60__seed7,0.23926920992750275,0.125,14,per_run_oof
deepseek_r1_distill_7b__math_test_00272_84359c4d__temp1.00__seed7,0.25112331724889425,0.041666666666666685,14,per_run_oof
deepseek_r1_distill_7b__math_test_00273_a9e9a1de__temp0.10__seed7,0.23118276243031066,0.15384615384615385,14,per_run_oof
deepseek_r1_distill_7b__math_test_00273_a9e9a1de__temp0.60__seed7,0.2298928852793878,0.5454545454545454,14,per_run_oof
deepseek_r1_distill_7b__math_test_00273_a9e9a1de__temp1.00__seed7,0.21104836427399754,0.8333333333333334,14,per_run_oof
deepseek_r1_distill_7b__math_test_00274_75abc690__temp0.10__seed7,0.24729756341079231,,14,per_run_oof
deepseek_r1_distill_7b__math_test_00274_75abc690__temp0.60__seed7,0.22428876572264753,,14,per_run_oof
deepseek_r1_distill_7b__math_test_00274_75abc690__temp1.00__seed7,0.2396494200911504,,14,per_run_oof
deepseek_r1_distill_7b__math_test_00275_4384cd3d__temp0.10__seed7,0.36034746335272294,,14,per_run_oof
deepseek_r1_distill_7b__math_test_00275_4384cd3d__temp0.60__seed7,0.3034051391208131,,14,per_run_oof
deepseek_r1_distill_7b__math_test_00275_4384cd3d__temp1.00__seed7,0.2545669620823419,,14,per_run_oof
deepseek_r1_distill_7b__math_test_00276_845d624e__temp0.10__seed7,0.23245433177463837,,14,per_run_oof
deepseek_r1_distill_7b__math_test_00276_845d624e__temp0.60__seed7,0.22176324800373023,,14,per_run_oof
deepseek_r1_distill_7b__math_test_00276_845d624e__temp1.00__seed7,0.2353847151539435,,14,per_run_oof
deepseek_r1_distill_7b__math_test_00277_c86dc9b8__temp0.10__seed7,0.2180801648645006,,14,per_run_oof
deepseek_r1_distill_7b__math_test_00277_c86dc9b8__temp0.60__seed7,0.25327052668599315,0.2121212121212121,14,per_run_oof
deepseek_r1_distill_7b__math_test_00277_c86dc9b8__temp1.00__seed7,0.25508983866597035,0.475,14,per_run_oof
deepseek_r1_distill_7b__math_test_00278_f57d1ab7__temp0.10__seed7,0.5347582528338026,,14,per_run_oof
deepseek_r1_distill_7b__math_test_00278_f57d1ab7__temp0.60__seed7,0.23799869443094798,,14,per_run_oof
deepseek_r1_distill_7b__math_test_00278_f57d1ab7__temp1.00__seed7,0.226978354064645,,14,per_run_oof
deepseek_r1_distill_7b__math_test_00279_c9a3fe90__temp0.10__seed7,0.2109977566378125,,14,per_run_oof
deepseek_r1_distill_7b__math_test_00279_c9a3fe90__temp0.60__seed7,0.18670461158078197,,14,per_run_oof
deepseek_r1_distill_7b__math_test_00279_c9a3fe90__temp1.00__seed7,0.19765805402049758,,14,per_run_oof
deepseek_r1_distill_7b__math_test_00280_fa6589e1__temp0.10__seed7,0.20395342326618318,0.8461538461538461,14,per_run_oof
deepseek_r1_distill_7b__math_test_00280_fa6589e1__temp0.60__seed7,0.18004581633587888,0.3846153846153846,14,per_run_oof
deepseek_r1_distill_7b__math_test_00280_fa6589e1__temp1.00__seed7,0.19630097345053008,0.7692307692307692,14,per_run_oof
deepseek_r1_distill_7b__math_test_00281_c1845e7d__temp0.10__seed7,0.18511825005187693,1.0,14,per_run_oof
deepseek_r1_distill_7b__math_test_00281_c1845e7d__temp0.60__seed7,0.22896839609549485,0.4545454545454545,14,per_run_oof
deepseek_r1_distill_7b__math_test_00281_c1845e7d__temp1.00__seed7,0.21282366857772367,0.75,14,per_run_oof
deepseek_r1_distill_7b__math_test_00282_92f3a353__temp0.10__seed7,0.3122416416231886,,14,per_run_oof
deepseek_r1_distill_7b__math_test_00282_92f3a353__temp0.60__seed7,0.1829233246507175,,14,per_run_oof
deepseek_r1_distill_7b__math_test_00282_92f3a353__temp1.00__seed7,0.21507889889655485,,14,per_run_oof
deepseek_r1_distill_7b__math_test_00283_7135627a__temp0.10__seed7,0.3707071755663595,,14,per_run_oof
deepseek_r1_distill_7b__math_test_00283_7135627a__temp0.60__seed7,0.2366928320720238,,14,per_run_oof
deepseek_r1_distill_7b__math_test_00283_7135627a__temp1.00__seed7,0.26717005233424707,,14,per_run_oof
deepseek_r1_distill_7b__math_test_00284_d7b7add8__temp0.10__seed7,0.24121331241253882,,14,per_run_oof
deepseek_r1_distill_7b__math_test_00284_d7b7add8__temp0.60__seed7,0.1824245318180305,,14,per_run_oof
deepseek_r1_distill_7b__math_test_00284_d7b7add8__temp1.00__seed7,0.2420188787049769,,14,per_run_oof
deepseek_r1_distill_7b__math_test_00285_2a685be2__temp0.10__seed7,0.20464101544221355,1.0,14,per_run_oof
deepseek_r1_distill_7b__math_test_00285_2a685be2__temp0.60__seed7,0.2238619028910713,0.2916666666666667,14,per_run_oof
deepseek_r1_distill_7b__math_test_00285_2a685be2__temp1.00__seed7,0.20793460901335928,0.8461538461538461,14,per_run_oof
deepseek_r1_distill_7b__math_test_00286_2378497f__temp0.10__seed7,0.3041389620070552,,14,per_run_oof
deepseek_r1_distill_7b__math_test_00286_2378497f__temp0.60__seed7,0.21652925828043412,,14,per_run_oof
deepseek_r1_distill_7b__math_test_00286_2378497f__temp1.00__seed7,0.28503714238969047,,14,per_run_oof
deepseek_r1_distill_7b__math_test_00287_ab35a62d__temp0.10__seed7,0.1954794596060339,,14,per_run_oof
deepseek_r1_distill_7b__math_test_00287_ab35a62d__temp0.60__seed7,0.177625000349016,,14,per_run_oof
deepseek_r1_distill_7b__math_test_00287_ab35a62d__temp1.00__seed7,0.1478202788625571,,14,per_run_oof
deepseek_r1_distill_7b__math_test_00288_99b25b6b__temp0.10__seed7,0.27553252742063356,,14,per_run_oof
deepseek_r1_distill_7b__math_test_00288_99b25b6b__temp0.60__seed7,0.22747715456162604,,14,per_run_oof
deepseek_r1_distill_7b__math_test_00288_99b25b6b__temp1.00__seed7,0.22026182961087684,,14,per_run_oof
deepseek_r1_distill_7b__math_test_00289_65b47d19__temp0.10__seed7,0.22209845926780172,,14,per_run_oof
deepseek_r1_distill_7b__math_test_00289_65b47d19__temp0.60__seed7,0.21749737171538525,,14,per_run_oof
deepseek_r1_distill_7b__math_test_00289_65b47d19__temp1.00__seed7,0.232536463458127,,14,per_run_oof
deepseek_r1_distill_7b__math_test_00290_1a809667__temp0.10__seed7,0.24170060681185368,,14,per_run_oof
deepseek_r1_distill_7b__math_test_00290_1a809667__temp0.60__seed7,0.2082245323024796,,14,per_run_oof
deepseek_r1_distill_7b__math_test_00290_1a809667__temp1.00__seed7,0.2491091195582777,,14,per_run_oof
deepseek_r1_distill_7b__math_test_00291_f0f80e1a__temp0.10__seed7,0.26038493801272333,,14,per_run_oof
deepseek_r1_distill_7b__math_test_00291_f0f80e1a__temp0.60__seed7,0.2582331498703739,,14,per_run_oof
deepseek_r1_distill_7b__math_test_00291_f0f80e1a__temp1.00__seed7,0.2203844897587823,,14,per_run_oof
deepseek_r1_distill_7b__math_test_00292_9f87e110__temp0.10__seed7,0.2973598380979007,,14,per_run_oof
deepseek_r1_distill_7b__math_test_00292_9f87e110__temp0.60__seed7,0.3049848448187703,,14,per_run_oof
deepseek_r1_distill_7b__math_test_00292_9f87e110__temp1.00__seed7,0.23343257080369798,,14,per_run_oof
deepseek_r1_distill_7b__math_test_00293_9a549464__temp0.10__seed7,0.19954610562773747,,14,per_run_oof
deepseek_r1_distill_7b__math_test_00293_9a549464__temp0.60__seed7,0.1935239394481604,,14,per_run_oof
deepseek_r1_distill_7b__math_test_00293_9a549464__temp1.00__seed7,0.2200348023035778,0.7692307692307692,14,per_run_oof
deepseek_r1_distill_7b__math_test_00294_bbfa98b4__temp0.10__seed7,0.1665801799814862,,14,per_run_oof
deepseek_r1_distill_7b__math_test_00294_bbfa98b4__temp0.60__seed7,0.18463647201353103,0.6153846153846154,14,per_run_oof
deepseek_r1_distill_7b__math_test_00294_bbfa98b4__temp1.00__seed7,0.18047125473529865,,14,per_run_oof
deepseek_r1_distill_7b__math_test_00295_5384a318__temp0.10__seed7,0.21453546836713375,,14,per_run_oof
deepseek_r1_distill_7b__math_test_00295_5384a318__temp0.60__seed7,0.20214965004542282,,14,per_run_oof
deepseek_r1_distill_7b__math_test_00295_5384a318__temp1.00__seed7,0.19210300444725167,,14,per_run_oof
deepseek_r1_distill_7b__math_test_00296_dd695c69__temp0.10__seed7,0.2205614495699664,,14,per_run_oof
deepseek_r1_distill_7b__math_test_00296_dd695c69__temp0.60__seed7,0.19499021578009781,,14,per_run_oof
deepseek_r1_distill_7b__math_test_00296_dd695c69__temp1.00__seed7,0.22575419781509878,,14,per_run_oof
deepseek_r1_distill_7b__math_test_00297_96f3b4cd__temp0.10__seed7,0.20066539922929696,,14,per_run_oof
deepseek_r1_distill_7b__math_test_00297_96f3b4cd__temp0.60__seed7,0.2131853380613946,,14,per_run_oof
deepseek_r1_distill_7b__math_test_00297_96f3b4cd__temp1.00__seed7,0.2270375720306363,,14,per_run_oof
deepseek_r1_distill_7b__math_test_00298_cd93bf6b__temp0.10__seed7,0.2930627350626219,,14,per_run_oof
deepseek_r1_distill_7b__math_test_00298_cd93bf6b__temp0.60__seed7,0.21195654284604085,,14,per_run_oof
deepseek_r1_distill_7b__math_test_00298_cd93bf6b__temp1.00__seed7,0.2770135765417326,,14,per_run_oof
deepseek_r1_distill_7b__math_test_00299_9edbd238__temp0.10__seed7,0.3225666175833273,,14,per_run_oof
deepseek_r1_distill_7b__math_test_00299_9edbd238__temp0.60__seed7,0.2350019861756392,,14,per_run_oof
deepseek_r1_distill_7b__math_test_00299_9edbd238__temp1.00__seed7,0.20963955048819585,,14,per_run_oof
deepseek_r1_distill_7b__math_test_00300_7b4fb29f__temp0.10__seed7,0.2558630557416879,,14,per_run_oof
deepseek_r1_distill_7b__math_test_00300_7b4fb29f__temp0.60__seed7,0.18536119486974517,,14,per_run_oof
deepseek_r1_distill_7b__math_test_00300_7b4fb29f__temp1.00__seed7,0.21802980861806892,,14,per_run_oof
deepseek_r1_distill_7b__math_test_00301_fe74163c__temp0.10__seed7,0.2319345014888821,,14,per_run_oof
deepseek_r1_distill_7b__math_test_00301_fe74163c__temp0.60__seed7,0.22308205580900822,,14,per_run_oof
deepseek_r1_distill_7b__math_test_00301_fe74163c__temp1.00__seed7,0.22190724010975832,,14,per_run_oof
deepseek_r1_distill_7b__math_test_00302_555caaf5__temp0.10__seed7,0.3333119798429908,,14,per_run_oof
deepseek_r1_distill_7b__math_test_00302_555caaf5__temp0.60__seed7,0.1822180981703355,,14,per_run_oof
deepseek_r1_distill_7b__math_test_00302_555caaf5__temp1.00__seed7,0.20930936861028046,,14,per_run_oof
deepseek_r1_distill_7b__math_test_00303_0a6043f3__temp0.10__seed7,0.19682300132802247,,14,per_run_oof
deepseek_r1_distill_7b__math_test_00303_0a6043f3__temp0.60__seed7,0.18721562245741658,,14,per_run_oof
deepseek_r1_distill_7b__math_test_00303_0a6043f3__temp1.00__seed7,0.213646604223551,,14,per_run_oof
deepseek_r1_distill_7b__math_test_00304_782cacd3__temp0.10__seed7,0.21867300323768948,,14,per_run_oof
deepseek_r1_distill_7b__math_test_00304_782cacd3__temp0.60__seed7,0.2031975911653643,,14,per_run_oof
deepseek_r1_distill_7b__math_test_00304_782cacd3__temp1.00__seed7,0.19395241998883822,,14,per_run_oof
deepseek_r1_distill_7b__math_test_00305_c8d180e8__temp0.10__seed7,0.22675244919632206,,14,per_run_oof
deepseek_r1_distill_7b__math_test_00305_c8d180e8__temp0.60__seed7,0.23476141042688783,,14,per_run_oof
deepseek_r1_distill_7b__math_test_00305_c8d180e8__temp1.00__seed7,0.23553622798912516,0.6153846153846154,14,per_run_oof
deepseek_r1_distill_7b__math_test_00306_15a3ec97__temp0.10__seed7,0.2120335685034184,,14,per_run_oof
deepseek_r1_distill_7b__math_test_00306_15a3ec97__temp0.60__seed7,0.2322898337123269,,14,per_run_oof
deepseek_r1_distill_7b__math_test_00306_15a3ec97__temp1.00__seed7,0.22849271290610587,,14,per_run_oof
deepseek_r1_distill_7b__math_test_00307_ac0e3789__temp0.10__seed7,0.16750186642042814,,14,per_run_oof
deepseek_r1_distill_7b__math_test_00307_ac0e3789__temp0.60__seed7,0.20185592228113972,0.9230769230769231,14,per_run_oof
deepseek_r1_distill_7b__math_test_00307_ac0e3789__temp1.00__seed7,0.20310908059013077,0.46153846153846156,14,per_run_oof
deepseek_r1_distill_7b__math_test_00308_35ec1d7b__temp0.10__seed7,0.3489563710420636,,14,per_run_oof
deepseek_r1_distill_7b__math_test_00308_35ec1d7b__temp0.60__seed7,0.221304184442898,,14,per_run_oof
deepseek_r1_distill_7b__math_test_00308_35ec1d7b__temp1.00__seed7,0.22399446708694204,,14,per_run_oof
deepseek_r1_distill_7b__math_test_00309_7be0b9c6__temp0.10__seed7,0.291065974288448,,14,per_run_oof
deepseek_r1_distill_7b__math_test_00309_7be0b9c6__temp0.60__seed7,0.21566250249096267,,14,per_run_oof
deepseek_r1_distill_7b__math_test_00309_7be0b9c6__temp1.00__seed7,0.2648377990382022,,14,per_run_oof
deepseek_r1_distill_7b__math_test_00310_2974ae8d__temp0.10__seed7,0.2668568317995575,0.5510204081632653,14,per_run_oof
deepseek_r1_distill_7b__math_test_00310_2974ae8d__temp0.60__seed7,0.2154962259277338,0.55,14,per_run_oof
deepseek_r1_distill_7b__math_test_00310_2974ae8d__temp1.00__seed7,0.17591212141782653,0.9230769230769231,14,per_run_oof
deepseek_r1_distill_7b__math_test_00311_db5088ff__temp0.10__seed7,0.24589693932430512,0.3846153846153846,14,per_run_oof
deepseek_r1_distill_7b__math_test_00311_db5088ff__temp0.60__seed7,0.25695236278738526,0.5208333333333334,14,per_run_oof
deepseek_r1_distill_7b__math_test_00311_db5088ff__temp1.00__seed7,0.20482031016304938,0.0,14,per_run_oof
deepseek_r1_distill_7b__math_test_00312_74f8cf90__temp0.10__seed7,0.1966840108887151,0.75,14,per_run_oof
deepseek_r1_distill_7b__math_test_00312_74f8cf90__temp0.60__seed7,0.2169950475963088,0.7333333333333334,14,per_run_oof
deepseek_r1_distill_7b__math_test_00312_74f8cf90__temp1.00__seed7,0.2050457704948003,0.9750000000000001,14,per_run_oof
deepseek_r1_distill_7b__math_test_00313_eb9feec2__temp0.10__seed7,0.2851781294686411,,14,per_run_oof
deepseek_r1_distill_7b__math_test_00313_eb9feec2__temp0.60__seed7,0.19273689787962495,,14,per_run_oof
deepseek_r1_distill_7b__math_test_00313_eb9feec2__temp1.00__seed7,0.20107930456566653,,14,per_run_oof
deepseek_r1_distill_7b__math_test_00314_1f87cb3d__temp0.10__seed7,0.310335480835396,,14,per_run_oof
deepseek_r1_distill_7b__math_test_00314_1f87cb3d__temp0.60__seed7,0.294316797971402,,14,per_run_oof
deepseek_r1_distill_7b__math_test_00314_1f87cb3d__temp1.00__seed7,0.18213591082198316,,14,per_run_oof
deepseek_r1_distill_7b__math_test_00315_df923cac__temp0.10__seed7,0.46546520863562907,,14,per_run_oof
deepseek_r1_distill_7b__math_test_00315_df923cac__temp0.60__seed7,0.31064683368329865,,14,per_run_oof
deepseek_r1_distill_7b__math_test_00315_df923cac__temp1.00__seed7,0.4359005509893175,,14,per_run_oof
deepseek_r1_distill_7b__math_test_00316_d871c684__temp0.10__seed7,0.1789830704287138,,14,per_run_oof
deepseek_r1_distill_7b__math_test_00316_d871c684__temp0.60__seed7,0.174543532775034,,14,per_run_oof
deepseek_r1_distill_7b__math_test_00316_d871c684__temp1.00__seed7,0.1868387552374982,,14,per_run_oof
deepseek_r1_distill_7b__math_test_00317_e0ee33c8__temp0.10__seed7,0.25268072495749916,,14,per_run_oof
deepseek_r1_distill_7b__math_test_00317_e0ee33c8__temp0.60__seed7,0.20547301130286177,,14,per_run_oof
deepseek_r1_distill_7b__math_test_00317_e0ee33c8__temp1.00__seed7,0.24266043213811941,,14,per_run_oof
deepseek_r1_distill_7b__math_test_00318_126e857a__temp0.10__seed7,0.333375036775647,,14,per_run_oof
deepseek_r1_distill_7b__math_test_00318_126e857a__temp0.60__seed7,0.23915827368493864,,14,per_run_oof
deepseek_r1_distill_7b__math_test_00318_126e857a__temp1.00__seed7,0.2470782780138557,,14,per_run_oof
deepseek_r1_distill_7b__math_test_00319_dde9f260__temp0.10__seed7,0.2049139072372028,0.9387755102040816,14,per_run_oof
deepseek_r1_distill_7b__math_test_00319_dde9f260__temp0.60__seed7,0.22875048222246366,0.7083333333333334,14,per_run_oof
deepseek_r1_distill_7b__math_test_00319_dde9f260__temp1.00__seed7,0.2457143194073333,0.7,14,per_run_oof
deepseek_r1_distill_7b__math_test_00320_e8f73851__temp0.10__seed7,0.22638938952213114,0.46153846153846156,14,per_run_oof
deepseek_r1_distill_7b__math_test_00320_e8f73851__temp0.60__seed7,0.21541584650416848,0.25,14,per_run_oof
deepseek_r1_distill_7b__math_test_00320_e8f73851__temp1.00__seed7,0.22599200409797365,0.6666666666666666,14,per_run_oof
deepseek_r1_distill_7b__math_test_00321_bf799ecc__temp0.10__seed7,0.21408836966765585,0.9111111111111112,14,per_run_oof
deepseek_r1_distill_7b__math_test_00321_bf799ecc__temp0.60__seed7,0.2287511736705065,0.6444444444444445,14,per_run_oof
deepseek_r1_distill_7b__math_test_00321_bf799ecc__temp1.00__seed7,0.23619160502372313,0.673469387755102,14,per_run_oof
deepseek_r1_distill_7b__math_test_00322_ee8eb9c1__temp0.10__seed7,0.25025586648371906,0.6666666666666666,14,per_run_oof
deepseek_r1_distill_7b__math_test_00322_ee8eb9c1__temp0.60__seed7,0.2530916172918433,0.525,14,per_run_oof
deepseek_r1_distill_7b__math_test_00322_ee8eb9c1__temp1.00__seed7,0.2250051750455367,,14,per_run_oof
deepseek_r1_distill_7b__math_test_00323_372c2d59__temp0.10__seed7,0.23649590947318028,0.3636363636363636,14,per_run_oof
deepseek_r1_distill_7b__math_test_00323_372c2d59__temp0.60__seed7,0.2153983515814351,1.0,14,per_run_oof
deepseek_r1_distill_7b__math_test_00323_372c2d59__temp1.00__seed7,0.19682183173917092,,14,per_run_oof
deepseek_r1_distill_7b__math_test_00324_5d4902ec__temp0.10__seed7,0.2715198284212715,,14,per_run_oof
deepseek_r1_distill_7b__math_test_00324_5d4902ec__temp0.60__seed7,0.1924634572984749,,14,per_run_oof
deepseek_r1_distill_7b__math_test_00324_5d4902ec__temp1.00__seed7,0.22149926762109354,,14,per_run_oof
deepseek_r1_distill_7b__math_test_00325_bf36a20b__temp0.10__seed7,0.1359343733117899,,14,per_run_oof
deepseek_r1_distill_7b__math_test_00325_bf36a20b__temp0.60__seed7,0.18187869711843782,0.23076923076923073,14,per_run_oof
deepseek_r1_distill_7b__math_test_00325_bf36a20b__temp1.00__seed7,0.203883062918296,,14,per_run_oof
deepseek_r1_distill_7b__math_test_00326_2b3c488f__temp0.10__seed7,0.20421674313574653,,14,per_run_oof
deepseek_r1_distill_7b__math_test_00326_2b3c488f__temp0.60__seed7,0.2971846866372226,,14,per_run_oof
deepseek_r1_distill_7b__math_test_00326_2b3c488f__temp1.00__seed7,0.2191221128989453,0.8461538461538461,14,per_run_oof
deepseek_r1_distill_7b__math_test_00327_39c0048d__temp0.10__seed7,0.18323983346265435,,14,per_run_oof
deepseek_r1_distill_7b__math_test_00327_39c0048d__temp0.60__seed7,0.19023809850439752,,14,per_run_oof
deepseek_r1_distill_7b__math_test_00327_39c0048d__temp1.00__seed7,0.2572286118123977,0.3,14,per_run_oof
deepseek_r1_distill_7b__math_test_00328_fd5fbe30__temp0.10__seed7,0.3138433647914116,,14,per_run_oof
deepseek_r1_distill_7b__math_test_00328_fd5fbe30__temp0.60__seed7,0.29824472083223125,,14,per_run_oof
deepseek_r1_distill_7b__math_test_00328_fd5fbe30__temp1.00__seed7,0.25823611959779186,,14,per_run_oof
deepseek_r1_distill_7b__math_test_00329_a0de4994__temp0.10__seed7,0.26748506531406174,0.4285714285714286,14,per_run_oof
deepseek_r1_distill_7b__math_test_00329_a0de4994__temp0.60__seed7,0.23669327412134322,0.42857142857142855,14,per_run_oof
deepseek_r1_distill_7b__math_test_00329_a0de4994__temp1.00__seed7,0.2855586721491378,0.5208333333333334,14,per_run_oof
deepseek_r1_distill_7b__math_test_00330_45cea026__temp0.10__seed7,0.3067135492428369,0.5208333333333333,14,per_run_oof
deepseek_r1_distill_7b__math_test_00330_45cea026__temp0.60__seed7,0.2836797490176842,0.3846153846153846,14,per_run_oof
deepseek_r1_distill_7b__math_test_00330_45cea026__temp1.00__seed7,0.21169971238408855,0.7692307692307692,14,per_run_oof
deepseek_r1_distill_7b__math_test_00331_023902bd__temp0.10__seed7,0.19713868357524864,,14,per_run_oof
deepseek_r1_distill_7b__math_test_00331_023902bd__temp0.60__seed7,0.1918743670281169,,14,per_run_oof
deepseek_r1_distill_7b__math_test_00331_023902bd__temp1.00__seed7,0.20739344923819672,,14,per_run_oof
deepseek_r1_distill_7b__math_test_00332_5bacfa8c__temp0.10__seed7,0.2015577138499636,,14,per_run_oof
deepseek_r1_distill_7b__math_test_00332_5bacfa8c__temp0.60__seed7,0.19154391737534798,,14,per_run_oof
deepseek_r1_distill_7b__math_test_00332_5bacfa8c__temp1.00__seed7,0.24771450227131914,,14,per_run_oof
deepseek_r1_distill_7b__math_test_00333_a31e71a6__temp0.10__seed7,0.1685528876565539,,14,per_run_oof
deepseek_r1_distill_7b__math_test_00333_a31e71a6__temp0.60__seed7,0.20668911582679267,,14,per_run_oof
deepseek_r1_distill_7b__math_test_00333_a31e71a6__temp1.00__seed7,0.28002484138069234,0.0,14,per_run_oof
deepseek_r1_distill_7b__math_test_00334_18dac264__temp0.10__seed7,0.24000297108336202,,14,per_run_oof
deepseek_r1_distill_7b__math_test_00334_18dac264__temp0.60__seed7,0.19909827182933176,,14,per_run_oof
deepseek_r1_distill_7b__math_test_00334_18dac264__temp1.00__seed7,0.2090431167723251,,14,per_run_oof
deepseek_r1_distill_7b__math_test_00335_fde40de4__temp0.10__seed7,0.22439059023338945,,14,per_run_oof
deepseek_r1_distill_7b__math_test_00335_fde40de4__temp0.60__seed7,0.2129692796897396,,14,per_run_oof
deepseek_r1_distill_7b__math_test_00335_fde40de4__temp1.00__seed7,0.21291734602733015,,14,per_run_oof
deepseek_r1_distill_7b__math_test_00336_0b4ea1e7__temp0.10__seed7,0.28255087228611153,,14,per_run_oof
deepseek_r1_distill_7b__math_test_00336_0b4ea1e7__temp0.60__seed7,0.24750774192145283,,14,per_run_oof
deepseek_r1_distill_7b__math_test_00336_0b4ea1e7__temp1.00__seed7,0.27154449867628566,,14,per_run_oof
deepseek_r1_distill_7b__math_test_00337_d02b019a__temp0.10__seed7,0.2278574489363428,,14,per_run_oof
deepseek_r1_distill_7b__math_test_00337_d02b019a__temp0.60__seed7,0.20954748178323146,,14,per_run_oof
deepseek_r1_distill_7b__math_test_00337_d02b019a__temp1.00__seed7,0.22592807890978464,,14,per_run_oof
deepseek_r1_distill_7b__math_test_00338_6b6d2c6b__temp0.10__seed7,0.21074573427447005,0.9183673469387754,14,per_run_oof
deepseek_r1_distill_7b__math_test_00338_6b6d2c6b__temp0.60__seed7,0.2220150640217295,0.8,14,per_run_oof
deepseek_r1_distill_7b__math_test_00338_6b6d2c6b__temp1.00__seed7,0.2306301185060525,0.6666666666666666,14,per_run_oof
deepseek_r1_distill_7b__math_test_00339_5722cb6d__temp0.10__seed7,0.2209827282300802,,14,per_run_oof
deepseek_r1_distill_7b__math_test_00339_5722cb6d__temp0.60__seed7,0.22687452715259065,,14,per_run_oof
deepseek_r1_distill_7b__math_test_00339_5722cb6d__temp1.00__seed7,0.2548756143483923,,14,per_run_oof
deepseek_r1_distill_7b__math_test_00340_c7e6fae6__temp0.10__seed7,0.25240890253409914,,14,per_run_oof
deepseek_r1_distill_7b__math_test_00340_c7e6fae6__temp0.60__seed7,0.21543356900344032,,14,per_run_oof
deepseek_r1_distill_7b__math_test_00340_c7e6fae6__temp1.00__seed7,0.2254501451686231,,14,per_run_oof
deepseek_r1_distill_7b__math_test_00341_0734d253__temp0.10__seed7,0.20658844322758707,,14,per_run_oof
deepseek_r1_distill_7b__math_test_00341_0734d253__temp0.60__seed7,0.21013238578363155,,14,per_run_oof
deepseek_r1_distill_7b__math_test_00341_0734d253__temp1.00__seed7,0.2106470152685946,,14,per_run_oof
deepseek_r1_distill_7b__math_test_00342_1bb3298f__temp0.10__seed7,0.2737064179121961,,14,per_run_oof
deepseek_r1_distill_7b__math_test_00342_1bb3298f__temp0.60__seed7,0.14528810230344008,,14,per_run_oof
deepseek_r1_distill_7b__math_test_00342_1bb3298f__temp1.00__seed7,0.2656587395867419,,14,per_run_oof
deepseek_r1_distill_7b__math_test_00343_e54f9ee1__temp0.10__seed7,0.162881635771743,,14,per_run_oof
deepseek_r1_distill_7b__math_test_00343_e54f9ee1__temp0.60__seed7,0.19844429722245163,,14,per_run_oof
deepseek_r1_distill_7b__math_test_00343_e54f9ee1__temp1.00__seed7,0.1879000782914573,,14,per_run_oof
deepseek_r1_distill_7b__math_test_00344_64925ab7__temp0.10__seed7,0.18387279140991122,,14,per_run_oof
deepseek_r1_distill_7b__math_test_00344_64925ab7__temp0.60__seed7,0.21981352019843228,,14,per_run_oof
deepseek_r1_distill_7b__math_test_00344_64925ab7__temp1.00__seed7,0.1741203317058524,,14,per_run_oof
deepseek_r1_distill_7b__math_test_00345_6af61995__temp0.10__seed7,0.185792033716496,,14,per_run_oof
deepseek_r1_distill_7b__math_test_00345_6af61995__temp0.60__seed7,0.19185345118850633,,14,per_run_oof
deepseek_r1_distill_7b__math_test_00345_6af61995__temp1.00__seed7,0.15774776308130758,,14,per_run_oof
deepseek_r1_distill_7b__math_test_00346_baa6122d__temp0.10__seed7,0.2212909472907665,0.875,14,per_run_oof
deepseek_r1_distill_7b__math_test_00346_baa6122d__temp0.60__seed7,0.2512603507737951,0.5918367346938775,14,per_run_oof
deepseek_r1_distill_7b__math_test_00346_baa6122d__temp1.00__seed7,0.2364089756835718,0.6666666666666666,14,per_run_oof
deepseek_r1_distill_7b__math_test_00347_a2f7bec0__temp0.10__seed7,0.24244661004831722,,14,per_run_oof
deepseek_r1_distill_7b__math_test_00347_a2f7bec0__temp0.60__seed7,0.19468116744325675,,14,per_run_oof
deepseek_r1_distill_7b__math_test_00347_a2f7bec0__temp1.00__seed7,0.19255597204183375,,14,per_run_oof
deepseek_r1_distill_7b__math_test_00348_86ddc3d0__temp0.10__seed7,0.17179892377570358,,14,per_run_oof
deepseek_r1_distill_7b__math_test_00348_86ddc3d0__temp0.60__seed7,0.19340491411324942,,14,per_run_oof
deepseek_r1_distill_7b__math_test_00348_86ddc3d0__temp1.00__seed7,0.19659234132913336,,14,per_run_oof
deepseek_r1_distill_7b__math_test_00349_b9d9a1ba__temp0.10__seed7,0.22573772328850975,,14,per_run_oof
deepseek_r1_distill_7b__math_test_00349_b9d9a1ba__temp0.60__seed7,0.20606281987781472,,14,per_run_oof
deepseek_r1_distill_7b__math_test_00349_b9d9a1ba__temp1.00__seed7,0.22204796273072053,,14,per_run_oof
deepseek_r1_distill_7b__math_test_00350_02aacf73__temp0.10__seed7,0.19707635574536977,0.625,14,per_run_oof
deepseek_r1_distill_7b__math_test_00350_02aacf73__temp0.60__seed7,0.2837178100642089,0.25,14,per_run_oof
deepseek_r1_distill_7b__math_test_00350_02aacf73__temp1.00__seed7,0.20248589119345417,0.5384615384615384,14,per_run_oof
deepseek_r1_distill_7b__math_test_00351_67aec9c5__temp0.10__seed7,0.22576100104659877,0.7333333333333334,14,per_run_oof
deepseek_r1_distill_7b__math_test_00351_67aec9c5__temp0.60__seed7,0.25615770882898814,0.14999999999999997,14,per_run_oof
deepseek_r1_distill_7b__math_test_00351_67aec9c5__temp1.00__seed7,0.2041184770461324,,14,per_run_oof
deepseek_r1_distill_7b__math_test_00352_e74ba0fa__temp0.10__seed7,0.211100626572463,,14,per_run_oof
deepseek_r1_distill_7b__math_test_00352_e74ba0fa__temp0.60__seed7,0.2369737422491626,,14,per_run_oof
deepseek_r1_distill_7b__math_test_00352_e74ba0fa__temp1.00__seed7,0.24741557417795743,,14,per_run_oof
deepseek_r1_distill_7b__math_test_00353_8c1deb6e__temp0.10__seed7,0.1987790301721721,,14,per_run_oof
deepseek_r1_distill_7b__math_test_00353_8c1deb6e__temp0.60__seed7,0.2647650948751471,,14,per_run_oof
deepseek_r1_distill_7b__math_test_00353_8c1deb6e__temp1.00__seed7,0.21548568187660813,,14,per_run_oof
deepseek_r1_distill_7b__math_test_00354_47b050a9__temp0.10__seed7,0.18906316860980504,,14,per_run_oof
deepseek_r1_distill_7b__math_test_00354_47b050a9__temp0.60__seed7,0.2053792156063177,,14,per_run_oof
deepseek_r1_distill_7b__math_test_00354_47b050a9__temp1.00__seed7,0.2423408915598864,,14,per_run_oof
deepseek_r1_distill_7b__math_test_00355_ec1c2c36__temp0.10__seed7,0.2761872491529884,0.8333333333333334,14,per_run_oof
deepseek_r1_distill_7b__math_test_00355_ec1c2c36__temp0.60__seed7,0.25837655024686473,0.6666666666666666,14,per_run_oof
deepseek_r1_distill_7b__math_test_00355_ec1c2c36__temp1.00__seed7,0.3449117124945735,0.46153846153846156,14,per_run_oof
deepseek_r1_distill_7b__math_test_00356_f8a2ffc1__temp0.10__seed7,0.2681238997670709,,14,per_run_oof
deepseek_r1_distill_7b__math_test_00356_f8a2ffc1__temp0.60__seed7,0.2264868917509653,,14,per_run_oof
deepseek_r1_distill_7b__math_test_00356_f8a2ffc1__temp1.00__seed7,0.2019813356157947,,14,per_run_oof
deepseek_r1_distill_7b__math_test_00357_8a63afe5__temp0.10__seed7,0.21176338194323355,,14,per_run_oof
deepseek_r1_distill_7b__math_test_00357_8a63afe5__temp0.60__seed7,0.182980290530189,,14,per_run_oof
deepseek_r1_distill_7b__math_test_00357_8a63afe5__temp1.00__seed7,0.2431665715900281,0.41666666666666663,14,per_run_oof
deepseek_r1_distill_7b__math_test_00358_76dfcccb__temp0.10__seed7,0.2102996815100826,,14,per_run_oof
deepseek_r1_distill_7b__math_test_00358_76dfcccb__temp0.60__seed7,0.2177361142422271,0.8461538461538461,14,per_run_oof
deepseek_r1_distill_7b__math_test_00358_76dfcccb__temp1.00__seed7,0.24417707771568042,0.46153846153846156,14,per_run_oof
deepseek_r1_distill_7b__math_test_00359_f093fce4__temp0.10__seed7,0.22926838589359294,0.4848484848484848,14,per_run_oof
deepseek_r1_distill_7b__math_test_00359_f093fce4__temp0.60__seed7,0.22199809810118384,0.5757575757575757,14,per_run_oof
deepseek_r1_distill_7b__math_test_00359_f093fce4__temp1.00__seed7,0.2444519932225586,0.7555555555555556,14,per_run_oof
deepseek_r1_distill_7b__math_test_00360_e7cc4a6f__temp0.10__seed7,0.2273304982656704,,14,per_run_oof
deepseek_r1_distill_7b__math_test_00360_e7cc4a6f__temp0.60__seed7,0.2408540395216266,,14,per_run_oof
deepseek_r1_distill_7b__math_test_00360_e7cc4a6f__temp1.00__seed7,0.24463698180629165,,14,per_run_oof
deepseek_r1_distill_7b__math_test_00361_e7fdc3ec__temp0.10__seed7,0.193085993424052,0.7692307692307692,14,per_run_oof
deepseek_r1_distill_7b__math_test_00361_e7fdc3ec__temp0.60__seed7,0.17046542621571384,,14,per_run_oof
deepseek_r1_distill_7b__math_test_00361_e7fdc3ec__temp1.00__seed7,0.19387376347251495,1.0,14,per_run_oof
deepseek_r1_distill_7b__math_test_00362_a3ec21a8__temp0.10__seed7,0.24447454456950662,,14,per_run_oof
deepseek_r1_distill_7b__math_test_00362_a3ec21a8__temp0.60__seed7,0.230953685729659,,14,per_run_oof
deepseek_r1_distill_7b__math_test_00362_a3ec21a8__temp1.00__seed7,0.24840528966524905,,14,per_run_oof
deepseek_r1_distill_7b__math_test_00363_76d22eff__temp0.10__seed7,0.3050819213499831,,14,per_run_oof
deepseek_r1_distill_7b__math_test_00363_76d22eff__temp0.60__seed7,0.23696878200805763,,14,per_run_oof
deepseek_r1_distill_7b__math_test_00363_76d22eff__temp1.00__seed7,0.2235210026962468,,14,per_run_oof
deepseek_r1_distill_7b__math_test_00364_48ea1907__temp0.10__seed7,0.21406326799630054,,14,per_run_oof
deepseek_r1_distill_7b__math_test_00364_48ea1907__temp0.60__seed7,0.20680609655258134,,14,per_run_oof
deepseek_r1_distill_7b__math_test_00364_48ea1907__temp1.00__seed7,0.21546885105608782,,14,per_run_oof
deepseek_r1_distill_7b__math_test_00365_ee443bc9__temp0.10__seed7,0.21770972108093448,,14,per_run_oof
deepseek_r1_distill_7b__math_test_00365_ee443bc9__temp0.60__seed7,0.24752890085341547,,14,per_run_oof
deepseek_r1_distill_7b__math_test_00365_ee443bc9__temp1.00__seed7,0.2607322545170768,,14,per_run_oof
deepseek_r1_distill_7b__math_test_00366_e4373bdd__temp0.10__seed7,0.16685789242371937,,14,per_run_oof
deepseek_r1_distill_7b__math_test_00366_e4373bdd__temp0.60__seed7,0.20147690682831873,,14,per_run_oof
deepseek_r1_distill_7b__math_test_00366_e4373bdd__temp1.00__seed7,0.22694102788350048,,14,per_run_oof
deepseek_r1_distill_7b__math_test_00367_f645536a__temp0.10__seed7,0.18556950075200684,,14,per_run_oof
deepseek_r1_distill_7b__math_test_00367_f645536a__temp0.60__seed7,0.22952594194040682,,14,per_run_oof
deepseek_r1_distill_7b__math_test_00367_f645536a__temp1.00__seed7,0.2224668380134121,,14,per_run_oof
deepseek_r1_distill_7b__math_test_00368_3ac511d2__temp0.10__seed7,0.21906820879075065,0.48484848484848486,14,per_run_oof
deepseek_r1_distill_7b__math_test_00368_3ac511d2__temp0.60__seed7,0.2175314978455665,0.5,14,per_run_oof
deepseek_r1_distill_7b__math_test_00368_3ac511d2__temp1.00__seed7,0.2407124547747955,0.5833333333333334,14,per_run_oof
deepseek_r1_distill_7b__math_test_00369_598cca5b__temp0.10__seed7,0.26095010271532626,,14,per_run_oof
deepseek_r1_distill_7b__math_test_00369_598cca5b__temp0.60__seed7,0.2362438753184088,,14,per_run_oof
deepseek_r1_distill_7b__math_test_00369_598cca5b__temp1.00__seed7,0.2527795313479189,,14,per_run_oof
deepseek_r1_distill_7b__math_test_00370_ca991c57__temp0.10__seed7,0.2024603879321988,,14,per_run_oof
deepseek_r1_distill_7b__math_test_00370_ca991c57__temp0.60__seed7,0.299251333232423,0.4166666666666667,14,per_run_oof
deepseek_r1_distill_7b__math_test_00370_ca991c57__temp1.00__seed7,0.2223588541317462,0.625,14,per_run_oof
deepseek_r1_distill_7b__math_test_00371_2bd6f928__temp0.10__seed7,0.22021444495278233,0.8,14,per_run_oof
deepseek_r1_distill_7b__math_test_00371_2bd6f928__temp0.60__seed7,0.21093298298786436,0.15384615384615385,14,per_run_oof
deepseek_r1_distill_7b__math_test_00371_2bd6f928__temp1.00__seed7,0.19972738368405762,,14,per_run_oof
deepseek_r1_distill_7b__math_test_00372_b7f23143__temp0.10__seed7,0.28871504861434094,0.46153846153846156,14,per_run_oof
deepseek_r1_distill_7b__math_test_00372_b7f23143__temp0.60__seed7,0.23320428510761151,0.6153846153846154,14,per_run_oof
deepseek_r1_distill_7b__math_test_00372_b7f23143__temp1.00__seed7,0.24623145618913783,,14,per_run_oof
deepseek_r1_distill_7b__math_test_00373_00badbcf__temp0.10__seed7,0.30237047745216206,0.25,14,per_run_oof
deepseek_r1_distill_7b__math_test_00373_00badbcf__temp0.60__seed7,0.25482976878446445,0.6326530612244898,14,per_run_oof
deepseek_r1_distill_7b__math_test_00373_00badbcf__temp1.00__seed7,0.24705978138906234,0.25,14,per_run_oof
deepseek_r1_distill_7b__math_test_00374_6b1b63ff__temp0.10__seed7,0.24152326282742842,0.6326530612244898,14,per_run_oof
deepseek_r1_distill_7b__math_test_00374_6b1b63ff__temp0.60__seed7,0.2183795170787834,0.875,14,per_run_oof
deepseek_r1_distill_7b__math_test_00374_6b1b63ff__temp1.00__seed7,0.21761430007258734,0.2916666666666667,14,per_run_oof
deepseek_r1_distill_7b__math_test_00375_150bb464__temp0.10__seed7,0.1678748907803742,,14,per_run_oof
deepseek_r1_distill_7b__math_test_00375_150bb464__temp0.60__seed7,0.19956271388486607,,14,per_run_oof
deepseek_r1_distill_7b__math_test_00375_150bb464__temp1.00__seed7,0.23218440727668743,0.5,14,per_run_oof
deepseek_r1_distill_7b__math_test_00376_61c1faed__temp0.10__seed7,0.21827276211371144,,14,per_run_oof
deepseek_r1_distill_7b__math_test_00376_61c1faed__temp0.60__seed7,0.186752588160881,,14,per_run_oof
deepseek_r1_distill_7b__math_test_00376_61c1faed__temp1.00__seed7,0.24435965970463863,,14,per_run_oof
deepseek_r1_distill_7b__math_test_00377_5a155369__temp0.10__seed7,0.2220735089136929,0.7692307692307692,14,per_run_oof
deepseek_r1_distill_7b__math_test_00377_5a155369__temp0.60__seed7,0.2332319823165961,0.6666666666666667,14,per_run_oof
deepseek_r1_distill_7b__math_test_00377_5a155369__temp1.00__seed7,0.28157412764375156,0.5384615384615384,14,per_run_oof
deepseek_r1_distill_7b__math_test_00378_679ad820__temp0.10__seed7,0.2846382722242507,,14,per_run_oof
deepseek_r1_distill_7b__math_test_00378_679ad820__temp0.60__seed7,0.22095858564200577,,14,per_run_oof
deepseek_r1_distill_7b__math_test_00378_679ad820__temp1.00__seed7,0.19507903966491366,,14,per_run_oof
deepseek_r1_distill_7b__math_test_00379_47fb8717__temp0.10__seed7,0.18436643963814814,,14,per_run_oof
deepseek_r1_distill_7b__math_test_00379_47fb8717__temp0.60__seed7,0.19159100592778744,,14,per_run_oof
deepseek_r1_distill_7b__math_test_00379_47fb8717__temp1.00__seed7,0.22364967823087328,,14,per_run_oof
deepseek_r1_distill_7b__math_test_00380_5f1641b4__temp0.10__seed7,0.21608527927687243,,14,per_run_oof
deepseek_r1_distill_7b__math_test_00380_5f1641b4__temp0.60__seed7,0.2569545275515115,,14,per_run_oof
deepseek_r1_distill_7b__math_test_00380_5f1641b4__temp1.00__seed7,0.293312508176868,,14,per_run_oof
deepseek_r1_distill_7b__math_test_00381_8df788ff__temp0.10__seed7,0.19795079519155476,,14,per_run_oof
deepseek_r1_distill_7b__math_test_00381_8df788ff__temp0.60__seed7,0.19824993907629954,,14,per_run_oof
deepseek_r1_distill_7b__math_test_00381_8df788ff__temp1.00__seed7,0.2498838064561172,,14,per_run_oof
deepseek_r1_distill_7b__math_test_00382_38d763f6__temp0.10__seed7,0.21344850226262896,,14,per_run_oof
deepseek_r1_distill_7b__math_test_00382_38d763f6__temp0.60__seed7,0.22782310483724186,,14,per_run_oof
deepseek_r1_distill_7b__math_test_00382_38d763f6__temp1.00__seed7,0.2754641935585199,,14,per_run_oof
deepseek_r1_distill_7b__math_test_00383_08527b10__temp0.10__seed7,0.1731824995556055,,14,per_run_oof
deepseek_r1_distill_7b__math_test_00383_08527b10__temp0.60__seed7,0.21902098024790329,,14,per_run_oof
deepseek_r1_distill_7b__math_test_00383_08527b10__temp1.00__seed7,0.21816803533607038,,14,per_run_oof
deepseek_r1_distill_7b__math_test_00384_b0468733__temp0.10__seed7,0.19541149769751276,0.5833333333333333,14,per_run_oof
deepseek_r1_distill_7b__math_test_00384_b0468733__temp0.60__seed7,0.2036699987836791,0.8787878787878787,14,per_run_oof
deepseek_r1_distill_7b__math_test_00384_b0468733__temp1.00__seed7,0.19813764966204947,0.606060606060606,14,per_run_oof
deepseek_r1_distill_7b__math_test_00385_30dafe73__temp0.10__seed7,0.2633089854653231,0.4666666666666667,14,per_run_oof
deepseek_r1_distill_7b__math_test_00385_30dafe73__temp0.60__seed7,0.23432813116983134,0.5384615384615384,14,per_run_oof
deepseek_r1_distill_7b__math_test_00385_30dafe73__temp1.00__seed7,0.2207791521741125,0.7500000000000001,14,per_run_oof
deepseek_r1_distill_7b__math_test_00386_07310b54__temp0.10__seed7,0.25805697394499527,,14,per_run_oof
deepseek_r1_distill_7b__math_test_00386_07310b54__temp0.60__seed7,0.22302034584258226,,14,per_run_oof
deepseek_r1_distill_7b__math_test_00386_07310b54__temp1.00__seed7,0.25286305664411046,,14,per_run_oof
deepseek_r1_distill_7b__math_test_00387_17210adf__temp0.10__seed7,0.1943960254048384,,14,per_run_oof
deepseek_r1_distill_7b__math_test_00387_17210adf__temp0.60__seed7,0.16984845131960102,,14,per_run_oof
deepseek_r1_distill_7b__math_test_00387_17210adf__temp1.00__seed7,0.20918946956913637,,14,per_run_oof
deepseek_r1_distill_7b__math_test_00388_11e6a957__temp0.10__seed7,0.36181585874310923,1.0,14,per_run_oof
deepseek_r1_distill_7b__math_test_00388_11e6a957__temp0.60__seed7,0.21393833816703783,0.55,14,per_run_oof
deepseek_r1_distill_7b__math_test_00388_11e6a957__temp1.00__seed7,0.19178502290608798,0.15384615384615385,14,per_run_oof
deepseek_r1_distill_7b__math_test_00389_a5faa9e5__temp0.10__seed7,0.1780353681337197,,14,per_run_oof
deepseek_r1_distill_7b__math_test_00389_a5faa9e5__temp0.60__seed7,0.20688909099153616,0.7916666666666667,14,per_run_oof
deepseek_r1_distill_7b__math_test_00389_a5faa9e5__temp1.00__seed7,0.191775700273722,0.6923076923076923,14,per_run_oof
deepseek_r1_distill_7b__math_test_00390_ea31a6ca__temp0.10__seed7,0.19554016453529074,,14,per_run_oof
deepseek_r1_distill_7b__math_test_00390_ea31a6ca__temp0.60__seed7,0.20136345224232882,,14,per_run_oof
deepseek_r1_distill_7b__math_test_00390_ea31a6ca__temp1.00__seed7,0.2084306890064849,,14,per_run_oof
deepseek_r1_distill_7b__math_test_00391_da45406a__temp0.10__seed7,0.2315407719602706,,14,per_run_oof
deepseek_r1_distill_7b__math_test_00391_da45406a__temp0.60__seed7,0.19663923817462667,,14,per_run_oof
deepseek_r1_distill_7b__math_test_00391_da45406a__temp1.00__seed7,0.22338190594121218,1.0,14,per_run_oof
deepseek_r1_distill_7b__math_test_00392_5ec89a77__temp0.10__seed7,0.2321592933185479,,14,per_run_oof
deepseek_r1_distill_7b__math_test_00392_5ec89a77__temp0.60__seed7,0.16166961281050002,,14,per_run_oof
deepseek_r1_distill_7b__math_test_00392_5ec89a77__temp1.00__seed7,0.16499557267480433,,14,per_run_oof
deepseek_r1_distill_7b__math_test_00393_b3a1a15f__temp0.10__seed7,0.16588794798377807,,14,per_run_oof
deepseek_r1_distill_7b__math_test_00393_b3a1a15f__temp0.60__seed7,0.19370392626600857,0.7692307692307692,14,per_run_oof
deepseek_r1_distill_7b__math_test_00393_b3a1a15f__temp1.00__seed7,0.21717010146740273,,14,per_run_oof
deepseek_r1_distill_7b__math_test_00394_372e8efa__temp0.10__seed7,0.20664978293489464,,14,per_run_oof
deepseek_r1_distill_7b__math_test_00394_372e8efa__temp0.60__seed7,0.19750886662352793,0.9583333333333333,14,per_run_oof
deepseek_r1_distill_7b__math_test_00394_372e8efa__temp1.00__seed7,0.1910721570899952,,14,per_run_oof
deepseek_r1_distill_7b__math_test_00395_71129ef0__temp0.10__seed7,0.21322040222024904,,14,per_run_oof
deepseek_r1_distill_7b__math_test_00395_71129ef0__temp0.60__seed7,0.2262575557232272,,14,per_run_oof
deepseek_r1_distill_7b__math_test_00395_71129ef0__temp1.00__seed7,0.2017789911378615,,14,per_run_oof
deepseek_r1_distill_7b__math_test_00396_ba3bcd56__temp0.10__seed7,0.24425202191611592,0.6938775510204082,14,per_run_oof
deepseek_r1_distill_7b__math_test_00396_ba3bcd56__temp0.60__seed7,0.212753985167426,0.20833333333333331,14,per_run_oof
deepseek_r1_distill_7b__math_test_00396_ba3bcd56__temp1.00__seed7,0.20656747021649566,,14,per_run_oof
deepseek_r1_distill_7b__math_test_00397_92c7504a__temp0.10__seed7,0.22668249304764992,0.7555555555555556,14,per_run_oof
deepseek_r1_distill_7b__math_test_00397_92c7504a__temp0.60__seed7,0.23183259669375847,0.3076923076923077,14,per_run_oof
deepseek_r1_distill_7b__math_test_00397_92c7504a__temp1.00__seed7,0.21804230730512253,0.6666666666666667,14,per_run_oof
deepseek_r1_distill_7b__math_test_00398_23079a25__temp0.10__seed7,0.23049671874653987,,14,per_run_oof
deepseek_r1_distill_7b__math_test_00398_23079a25__temp0.60__seed7,0.24277725031080657,,14,per_run_oof
deepseek_r1_distill_7b__math_test_00398_23079a25__temp1.00__seed7,0.23671834434724706,,14,per_run_oof
deepseek_r1_distill_7b__math_test_00399_efffa141__temp0.10__seed7,0.17775363180099962,,14,per_run_oof
deepseek_r1_distill_7b__math_test_00399_efffa141__temp0.60__seed7,0.17004159708162708,,14,per_run_oof
deepseek_r1_distill_7b__math_test_00399_efffa141__temp1.00__seed7,0.18408565897806972,,14,per_run_oof
deepseek_r1_distill_7b__math_test_00400_8f10146b__temp0.10__seed7,0.2005108855827608,,14,per_run_oof
deepseek_r1_distill_7b__math_test_00400_8f10146b__temp0.60__seed7,0.2066579972514724,,14,per_run_oof
deepseek_r1_distill_7b__math_test_00400_8f10146b__temp1.00__seed7,0.2159481400341606,,14,per_run_oof
deepseek_r1_distill_7b__math_test_00401_62859aeb__temp0.10__seed7,0.242972776604858,,14,per_run_oof
deepseek_r1_distill_7b__math_test_00401_62859aeb__temp0.60__seed7,0.22824261116544037,,14,per_run_oof
deepseek_r1_distill_7b__math_test_00401_62859aeb__temp1.00__seed7,0.25825963050810213,,14,per_run_oof
deepseek_r1_distill_7b__math_test_00402_d12fb851__temp0.10__seed7,0.2898408317131925,,14,per_run_oof
deepseek_r1_distill_7b__math_test_00402_d12fb851__temp0.60__seed7,0.2244309495056017,,14,per_run_oof
deepseek_r1_distill_7b__math_test_00402_d12fb851__temp1.00__seed7,0.21643736910680592,,14,per_run_oof
deepseek_r1_distill_7b__math_test_00403_11b3b101__temp0.10__seed7,0.23254546831009487,,14,per_run_oof
deepseek_r1_distill_7b__math_test_00403_11b3b101__temp0.60__seed7,0.2681085946983547,,14,per_run_oof
deepseek_r1_distill_7b__math_test_00403_11b3b101__temp1.00__seed7,0.24647450625468567,,14,per_run_oof
deepseek_r1_distill_7b__math_test_00404_da55437b__temp0.10__seed7,0.2160794655494866,1.0,14,per_run_oof
deepseek_r1_distill_7b__math_test_00404_da55437b__temp0.60__seed7,0.24901231578950775,0.39999999999999997,14,per_run_oof
deepseek_r1_distill_7b__math_test_00404_da55437b__temp1.00__seed7,0.2444881431397226,0.7250000000000001,14,per_run_oof
deepseek_r1_distill_7b__math_test_00405_668162f1__temp0.10__seed7,0.24007061614298886,0.48888888888888893,14,per_run_oof
deepseek_r1_distill_7b__math_test_00405_668162f1__temp0.60__seed7,0.21243512866168343,,14,per_run_oof
deepseek_r1_distill_7b__math_test_00405_668162f1__temp1.00__seed7,0.20369646866389374,0.8461538461538461,14,per_run_oof
deepseek_r1_distill_7b__math_test_00406_895adc35__temp0.10__seed7,0.22830679713377747,,14,per_run_oof
deepseek_r1_distill_7b__math_test_00406_895adc35__temp0.60__seed7,0.18496543039433624,,14,per_run_oof
deepseek_r1_distill_7b__math_test_00406_895adc35__temp1.00__seed7,0.23607759565235073,,14,per_run_oof
deepseek_r1_distill_7b__math_test_00407_21645a77__temp0.10__seed7,0.25709669130378476,,14,per_run_oof
deepseek_r1_distill_7b__math_test_00407_21645a77__temp0.60__seed7,0.25734213956975494,,14,per_run_oof
deepseek_r1_distill_7b__math_test_00407_21645a77__temp1.00__seed7,0.23838976379267915,1.0,14,per_run_oof
deepseek_r1_distill_7b__math_test_00408_72a21fce__temp0.10__seed7,0.26193515960498287,0.5833333333333334,14,per_run_oof
deepseek_r1_distill_7b__math_test_00408_72a21fce__temp0.60__seed7,0.23394523873922135,0.6,14,per_run_oof
deepseek_r1_distill_7b__math_test_00408_72a21fce__temp1.00__seed7,0.18960589847232776,0.8484848484848485,14,per_run_oof
deepseek_r1_distill_7b__math_test_00409_2cbb5151__temp0.10__seed7,0.20693251965300077,,14,per_run_oof
deepseek_r1_distill_7b__math_test_00409_2cbb5151__temp0.60__seed7,0.2012775859735084,,14,per_run_oof
deepseek_r1_distill_7b__math_test_00409_2cbb5151__temp1.00__seed7,0.2055073928418846,,14,per_run_oof
deepseek_r1_distill_7b__math_test_00410_6885282d__temp0.10__seed7,0.24482487279366857,,14,per_run_oof
deepseek_r1_distill_7b__math_test_00410_6885282d__temp0.60__seed7,0.21501338569264558,,14,per_run_oof
deepseek_r1_distill_7b__math_test_00410_6885282d__temp1.00__seed7,0.2221394508584882,,14,per_run_oof
deepseek_r1_distill_7b__math_test_00411_6f5d00d6__temp0.10__seed7,0.2584291889119505,,14,per_run_oof
deepseek_r1_distill_7b__math_test_00411_6f5d00d6__temp0.60__seed7,0.20444338581173613,,14,per_run_oof
deepseek_r1_distill_7b__math_test_00411_6f5d00d6__temp1.00__seed7,0.21521091825612668,,14,per_run_oof
deepseek_r1_distill_7b__math_test_00412_403b3454__temp0.10__seed7,0.18893620597901892,,14,per_run_oof
deepseek_r1_distill_7b__math_test_00412_403b3454__temp0.60__seed7,0.19661171674017108,,14,per_run_oof
deepseek_r1_distill_7b__math_test_00412_403b3454__temp1.00__seed7,0.22465473082483395,,14,per_run_oof
deepseek_r1_distill_7b__math_test_00413_a79cadf3__temp0.10__seed7,0.21856873342416747,0.39393939393939387,14,per_run_oof
deepseek_r1_distill_7b__math_test_00413_a79cadf3__temp0.60__seed7,0.21402449106431012,0.625,14,per_run_oof
deepseek_r1_distill_7b__math_test_00413_a79cadf3__temp1.00__seed7,0.24811522015996287,0.3846153846153846,14,per_run_oof
deepseek_r1_distill_7b__math_test_00414_f8b3d5f2__temp0.10__seed7,0.24997141268911496,,14,per_run_oof
deepseek_r1_distill_7b__math_test_00414_f8b3d5f2__temp0.60__seed7,0.22537924707523976,,14,per_run_oof
deepseek_r1_distill_7b__math_test_00414_f8b3d5f2__temp1.00__seed7,0.25301019761567284,,14,per_run_oof
deepseek_r1_distill_7b__math_test_00415_df5709ae__temp0.10__seed7,0.24292452894197672,,14,per_run_oof
deepseek_r1_distill_7b__math_test_00415_df5709ae__temp0.60__seed7,0.19445401574183535,,14,per_run_oof
deepseek_r1_distill_7b__math_test_00415_df5709ae__temp1.00__seed7,0.21964638641699116,,14,per_run_oof
deepseek_r1_distill_7b__math_test_00416_29223b4f__temp0.10__seed7,0.25181292905678804,,14,per_run_oof
deepseek_r1_distill_7b__math_test_00416_29223b4f__temp0.60__seed7,0.25579233162474,,14,per_run_oof
deepseek_r1_distill_7b__math_test_00416_29223b4f__temp1.00__seed7,0.2487060931147742,,14,per_run_oof
deepseek_r1_distill_7b__math_test_00417_f378f07d__temp0.10__seed7,0.08220734790272369,,14,per_run_oof
deepseek_r1_distill_7b__math_test_00417_f378f07d__temp0.60__seed7,0.2605064545834432,0.33333333333333337,14,per_run_oof
deepseek_r1_distill_7b__math_test_00417_f378f07d__temp1.00__seed7,0.2387730370922751,0.5833333333333334,14,per_run_oof
deepseek_r1_distill_7b__math_test_00418_452dc872__temp0.10__seed7,0.20517316717530085,0.9333333333333332,14,per_run_oof
deepseek_r1_distill_7b__math_test_00418_452dc872__temp0.60__seed7,0.21104357771168022,,14,per_run_oof
deepseek_r1_distill_7b__math_test_00418_452dc872__temp1.00__seed7,0.21760966145486774,0.5833333333333333,14,per_run_oof
deepseek_r1_distill_7b__math_test_00419_dadaee3f__temp0.10__seed7,0.25722803128400323,0.475,14,per_run_oof
deepseek_r1_distill_7b__math_test_00419_dadaee3f__temp0.60__seed7,0.2645249314621854,0.7692307692307692,14,per_run_oof
deepseek_r1_distill_7b__math_test_00419_dadaee3f__temp1.00__seed7,0.2236876448166294,0.6000000000000001,14,per_run_oof
deepseek_r1_distill_7b__math_test_00420_ecd5f88d__temp0.10__seed7,0.2595408533912953,0.4375,14,per_run_oof
deepseek_r1_distill_7b__math_test_00420_ecd5f88d__temp0.60__seed7,0.2388005888737465,0.7878787878787878,14,per_run_oof
deepseek_r1_distill_7b__math_test_00420_ecd5f88d__temp1.00__seed7,0.28470701787166786,0.26666666666666666,14,per_run_oof
deepseek_r1_distill_7b__math_test_00421_c2187615__temp0.10__seed7,0.2470977360312721,0.225,14,per_run_oof
deepseek_r1_distill_7b__math_test_00421_c2187615__temp0.60__seed7,0.2684673716982081,0.3877551020408163,14,per_run_oof
deepseek_r1_distill_7b__math_test_00421_c2187615__temp1.00__seed7,0.26009002470924025,0.375,14,per_run_oof
deepseek_r1_distill_7b__math_test_00422_fec8190b__temp0.10__seed7,0.1970578445082614,,14,per_run_oof
deepseek_r1_distill_7b__math_test_00422_fec8190b__temp0.60__seed7,0.2042888001929726,,14,per_run_oof
deepseek_r1_distill_7b__math_test_00422_fec8190b__temp1.00__seed7,0.2089224676722777,,14,per_run_oof
deepseek_r1_distill_7b__math_test_00423_19a18675__temp0.10__seed7,0.3373044598229651,,14,per_run_oof
deepseek_r1_distill_7b__math_test_00423_19a18675__temp0.60__seed7,0.23733670757851508,,14,per_run_oof
deepseek_r1_distill_7b__math_test_00423_19a18675__temp1.00__seed7,0.19176613571659792,,14,per_run_oof
deepseek_r1_distill_7b__math_test_00424_4db9759a__temp0.10__seed7,0.26216619766067706,,14,per_run_oof
deepseek_r1_distill_7b__math_test_00424_4db9759a__temp0.60__seed7,0.18642520333946644,,14,per_run_oof
deepseek_r1_distill_7b__math_test_00424_4db9759a__temp1.00__seed7,0.21603381272298097,,14,per_run_oof
deepseek_r1_distill_7b__math_test_00425_88cd35aa__temp0.10__seed7,0.19852348503616699,,14,per_run_oof
deepseek_r1_distill_7b__math_test_00425_88cd35aa__temp0.60__seed7,0.2101143863748187,,14,per_run_oof
deepseek_r1_distill_7b__math_test_00425_88cd35aa__temp1.00__seed7,0.1940923453217866,,14,per_run_oof
deepseek_r1_distill_7b__math_test_00426_206b8557__temp0.10__seed7,0.2484748864787582,0.24444444444444446,14,per_run_oof
deepseek_r1_distill_7b__math_test_00426_206b8557__temp0.60__seed7,0.27766687170115345,0.3125,14,per_run_oof
deepseek_r1_distill_7b__math_test_00426_206b8557__temp1.00__seed7,0.2603582759983127,0.5555555555555556,14,per_run_oof
deepseek_r1_distill_7b__math_test_00427_f158b2bb__temp0.10__seed7,0.2244729848697994,,14,per_run_oof
deepseek_r1_distill_7b__math_test_00427_f158b2bb__temp0.60__seed7,0.22680807962528043,,14,per_run_oof
deepseek_r1_distill_7b__math_test_00427_f158b2bb__temp1.00__seed7,0.20515693347510863,,14,per_run_oof
deepseek_r1_distill_7b__math_test_00428_ecc1932f__temp0.10__seed7,0.18946829237143162,,14,per_run_oof
deepseek_r1_distill_7b__math_test_00428_ecc1932f__temp0.60__seed7,0.18452948880766376,,14,per_run_oof
deepseek_r1_distill_7b__math_test_00428_ecc1932f__temp1.00__seed7,0.21636863893891142,,14,per_run_oof
deepseek_r1_distill_7b__math_test_00429_0ed0c936__temp0.10__seed7,0.27327634278620055,,14,per_run_oof
deepseek_r1_distill_7b__math_test_00429_0ed0c936__temp0.60__seed7,0.23683609703575814,0.3846153846153846,14,per_run_oof
deepseek_r1_distill_7b__math_test_00429_0ed0c936__temp1.00__seed7,0.22968997713613945,0.3846153846153846,14,per_run_oof
deepseek_r1_distill_7b__math_test_00430_28f71d47__temp0.10__seed7,0.24865056094240906,0.4166666666666667,14,per_run_oof
deepseek_r1_distill_7b__math_test_00430_28f71d47__temp0.60__seed7,0.22805832192395772,0.5833333333333333,14,per_run_oof
deepseek_r1_distill_7b__math_test_00430_28f71d47__temp1.00__seed7,0.2508037006878544,,14,per_run_oof
deepseek_r1_distill_7b__math_test_00431_a332c76b__temp0.10__seed7,0.21842459584581309,,14,per_run_oof
deepseek_r1_distill_7b__math_test_00431_a332c76b__temp0.60__seed7,0.21074769607446978,,14,per_run_oof
deepseek_r1_distill_7b__math_test_00431_a332c76b__temp1.00__seed7,0.23377396361479105,,14,per_run_oof
deepseek_r1_distill_7b__math_test_00432_f6edb398__temp0.10__seed7,0.3306631992446746,,14,per_run_oof
deepseek_r1_distill_7b__math_test_00432_f6edb398__temp0.60__seed7,0.23633842845186306,0.45833333333333337,14,per_run_oof
deepseek_r1_distill_7b__math_test_00432_f6edb398__temp1.00__seed7,0.2181234356100723,,14,per_run_oof
deepseek_r1_distill_7b__math_test_00433_25f606a1__temp0.10__seed7,0.2517645926904618,0.07692307692307687,14,per_run_oof
deepseek_r1_distill_7b__math_test_00433_25f606a1__temp0.60__seed7,0.23844354032286472,,14,per_run_oof
deepseek_r1_distill_7b__math_test_00433_25f606a1__temp1.00__seed7,0.23375424919926102,0.6000000000000001,14,per_run_oof
deepseek_r1_distill_7b__math_test_00434_ad11ec3c__temp0.10__seed7,0.2249496529361415,0.9090909090909091,14,per_run_oof
deepseek_r1_distill_7b__math_test_00434_ad11ec3c__temp0.60__seed7,0.2112647783603747,,14,per_run_oof
deepseek_r1_distill_7b__math_test_00434_ad11ec3c__temp1.00__seed7,0.20778165605781887,0.15384615384615385,14,per_run_oof
deepseek_r1_distill_7b__math_test_00435_c222bfff__temp0.10__seed7,0.2430140227095381,0.4375,14,per_run_oof
deepseek_r1_distill_7b__math_test_00435_c222bfff__temp0.60__seed7,0.25294480703717775,0.625,14,per_run_oof
deepseek_r1_distill_7b__math_test_00435_c222bfff__temp1.00__seed7,0.2569692636858406,0.3958333333333333,14,per_run_oof
deepseek_r1_distill_7b__math_test_00436_c183974b__temp0.10__seed7,0.20176433466901345,,14,per_run_oof
deepseek_r1_distill_7b__math_test_00436_c183974b__temp0.60__seed7,0.22286624483216114,,14,per_run_oof
deepseek_r1_distill_7b__math_test_00436_c183974b__temp1.00__seed7,0.2571235657118215,,14,per_run_oof
deepseek_r1_distill_7b__math_test_00437_07c4cf7f__temp0.10__seed7,0.26970722765384947,0.31111111111111117,14,per_run_oof
deepseek_r1_distill_7b__math_test_00437_07c4cf7f__temp0.60__seed7,0.2310029603951968,0.7555555555555555,14,per_run_oof
deepseek_r1_distill_7b__math_test_00437_07c4cf7f__temp1.00__seed7,0.2602774073422699,0.5111111111111112,14,per_run_oof
deepseek_r1_distill_7b__math_test_00438_ea332f2c__temp0.10__seed7,0.21052606509754793,,14,per_run_oof
deepseek_r1_distill_7b__math_test_00438_ea332f2c__temp0.60__seed7,0.2088161936179272,,14,per_run_oof
deepseek_r1_distill_7b__math_test_00438_ea332f2c__temp1.00__seed7,0.1711199038698989,,14,per_run_oof
deepseek_r1_distill_7b__math_test_00439_fe7d8b6b__temp0.10__seed7,0.19405952603230422,,14,per_run_oof
deepseek_r1_distill_7b__math_test_00439_fe7d8b6b__temp0.60__seed7,0.19335330988316896,0.8787878787878788,14,per_run_oof
deepseek_r1_distill_7b__math_test_00439_fe7d8b6b__temp1.00__seed7,0.23140043971108598,0.5757575757575758,14,per_run_oof
deepseek_r1_distill_7b__math_test_00440_941bd991__temp0.10__seed7,0.1890774312727093,,14,per_run_oof
deepseek_r1_distill_7b__math_test_00440_941bd991__temp0.60__seed7,0.2150748910741129,0.6749999999999999,14,per_run_oof
deepseek_r1_distill_7b__math_test_00440_941bd991__temp1.00__seed7,0.1908907845211196,1.0,14,per_run_oof
deepseek_r1_distill_7b__math_test_00441_d2f5328b__temp0.10__seed7,0.2083464337933187,,14,per_run_oof
deepseek_r1_distill_7b__math_test_00441_d2f5328b__temp0.60__seed7,0.19998883253312522,,14,per_run_oof
deepseek_r1_distill_7b__math_test_00441_d2f5328b__temp1.00__seed7,0.19902359031255587,,14,per_run_oof
deepseek_r1_distill_7b__math_test_00442_2d9f4473__temp0.10__seed7,0.2080024741769751,,14,per_run_oof
deepseek_r1_distill_7b__math_test_00442_2d9f4473__temp0.60__seed7,0.17390756632864798,,14,per_run_oof
deepseek_r1_distill_7b__math_test_00442_2d9f4473__temp1.00__seed7,0.19305346428306178,,14,per_run_oof
deepseek_r1_distill_7b__math_test_00443_e86eb3e6__temp0.10__seed7,0.22883853183529138,0.8775510204081632,14,per_run_oof
deepseek_r1_distill_7b__math_test_00443_e86eb3e6__temp0.60__seed7,0.209479291883759,,14,per_run_oof
deepseek_r1_distill_7b__math_test_00443_e86eb3e6__temp1.00__seed7,0.24972650085005374,0.653061224489796,14,per_run_oof
deepseek_r1_distill_7b__math_test_00444_8230401f__temp0.10__seed7,0.4326144201982878,,14,per_run_oof
deepseek_r1_distill_7b__math_test_00444_8230401f__temp0.60__seed7,0.20706769231782163,,14,per_run_oof
deepseek_r1_distill_7b__math_test_00444_8230401f__temp1.00__seed7,0.27480201094039536,,14,per_run_oof
deepseek_r1_distill_7b__math_test_00445_295567c6__temp0.10__seed7,0.2480014294030668,,14,per_run_oof
deepseek_r1_distill_7b__math_test_00445_295567c6__temp0.60__seed7,0.248154071459149,,14,per_run_oof
deepseek_r1_distill_7b__math_test_00445_295567c6__temp1.00__seed7,0.25515926284964335,,14,per_run_oof
deepseek_r1_distill_7b__math_test_00446_54f3a4b2__temp0.10__seed7,0.27118529552726206,,14,per_run_oof
deepseek_r1_distill_7b__math_test_00446_54f3a4b2__temp0.60__seed7,0.25540216295134754,0.3555555555555556,14,per_run_oof
deepseek_r1_distill_7b__math_test_00446_54f3a4b2__temp1.00__seed7,0.16018335611906506,0.9111111111111112,14,per_run_oof
deepseek_r1_distill_7b__math_test_00447_716decc2__temp0.10__seed7,0.24694232519816087,0.6326530612244898,14,per_run_oof
deepseek_r1_distill_7b__math_test_00447_716decc2__temp0.60__seed7,0.2291139728453306,,14,per_run_oof
deepseek_r1_distill_7b__math_test_00447_716decc2__temp1.00__seed7,0.23683099253648823,,14,per_run_oof
deepseek_r1_distill_7b__math_test_00448_7dbbd02d__temp0.10__seed7,0.3115949483610891,0.20833333333333331,14,per_run_oof
deepseek_r1_distill_7b__math_test_00448_7dbbd02d__temp0.60__seed7,0.24132330148094508,0.5102040816326531,14,per_run_oof
deepseek_r1_distill_7b__math_test_00448_7dbbd02d__temp1.00__seed7,0.29984825438341395,0.24444444444444444,14,per_run_oof
deepseek_r1_distill_7b__math_test_00449_2f12a8b9__temp0.10__seed7,0.24615510777062166,,14,per_run_oof
deepseek_r1_distill_7b__math_test_00449_2f12a8b9__temp0.60__seed7,0.18750502967951496,,14,per_run_oof
deepseek_r1_distill_7b__math_test_00449_2f12a8b9__temp1.00__seed7,0.14562832870169304,,14,per_run_oof
deepseek_r1_distill_7b__math_test_00450_2fb65375__temp0.10__seed7,0.2772086094803971,,14,per_run_oof
deepseek_r1_distill_7b__math_test_00450_2fb65375__temp0.60__seed7,0.27773753821195685,,14,per_run_oof
deepseek_r1_distill_7b__math_test_00450_2fb65375__temp1.00__seed7,0.23626703531435975,,14,per_run_oof
deepseek_r1_distill_7b__math_test_00451_daefed59__temp0.10__seed7,0.3166272701069984,,14,per_run_oof
deepseek_r1_distill_7b__math_test_00451_daefed59__temp0.60__seed7,0.20087921557267957,0.9230769230769231,14,per_run_oof
deepseek_r1_distill_7b__math_test_00451_daefed59__temp1.00__seed7,0.26481597318303923,,14,per_run_oof
deepseek_r1_distill_7b__math_test_00452_0a6f0014__temp0.10__seed7,0.24446614023180352,0.5208333333333333,14,per_run_oof
deepseek_r1_distill_7b__math_test_00452_0a6f0014__temp0.60__seed7,0.2231840490521792,0.6,14,per_run_oof
deepseek_r1_distill_7b__math_test_00452_0a6f0014__temp1.00__seed7,0.21735529661603983,0.7777777777777778,14,per_run_oof
deepseek_r1_distill_7b__math_test_00453_e4690c39__temp0.10__seed7,0.254387660378077,,14,per_run_oof
deepseek_r1_distill_7b__math_test_00453_e4690c39__temp0.60__seed7,0.26301638849921993,,14,per_run_oof
deepseek_r1_distill_7b__math_test_00453_e4690c39__temp1.00__seed7,0.2757517927630631,,14,per_run_oof
deepseek_r1_distill_7b__math_test_00454_393f3656__temp0.10__seed7,0.2220984213948032,0.5757575757575758,14,per_run_oof
deepseek_r1_distill_7b__math_test_00454_393f3656__temp0.60__seed7,0.22822209217096087,0.7555555555555555,14,per_run_oof
deepseek_r1_distill_7b__math_test_00454_393f3656__temp1.00__seed7,0.2738115583552762,0.26666666666666666,14,per_run_oof
deepseek_r1_distill_7b__math_test_00455_23844847__temp0.10__seed7,0.20020942167723985,,14,per_run_oof
deepseek_r1_distill_7b__math_test_00455_23844847__temp0.60__seed7,0.18627165918509347,,14,per_run_oof
deepseek_r1_distill_7b__math_test_00455_23844847__temp1.00__seed7,0.21875291692721296,,14,per_run_oof
deepseek_r1_distill_7b__math_test_00456_e4200fbf__temp0.10__seed7,0.2583025663546123,,14,per_run_oof
deepseek_r1_distill_7b__math_test_00456_e4200fbf__temp0.60__seed7,0.24414320956725846,,14,per_run_oof
deepseek_r1_distill_7b__math_test_00456_e4200fbf__temp1.00__seed7,0.2574691001996356,,14,per_run_oof
deepseek_r1_distill_7b__math_test_00457_5330f4b3__temp0.10__seed7,0.1702655828660617,,14,per_run_oof
deepseek_r1_distill_7b__math_test_00457_5330f4b3__temp0.60__seed7,0.17188911255904424,,14,per_run_oof
deepseek_r1_distill_7b__math_test_00457_5330f4b3__temp1.00__seed7,0.18306517946358,,14,per_run_oof
deepseek_r1_distill_7b__math_test_00458_4085c1eb__temp0.10__seed7,0.23390567728646433,0.2727272727272727,14,per_run_oof
deepseek_r1_distill_7b__math_test_00458_4085c1eb__temp0.60__seed7,0.21577782972355172,0.8181818181818181,14,per_run_oof
deepseek_r1_distill_7b__math_test_00458_4085c1eb__temp1.00__seed7,0.2591734648234441,0.2727272727272727,14,per_run_oof
deepseek_r1_distill_7b__math_test_00459_3b21e715__temp0.10__seed7,0.19582898521918773,,14,per_run_oof
deepseek_r1_distill_7b__math_test_00459_3b21e715__temp0.60__seed7,0.18489934032328267,,14,per_run_oof
deepseek_r1_distill_7b__math_test_00459_3b21e715__temp1.00__seed7,0.22180106496970672,,14,per_run_oof
deepseek_r1_distill_7b__math_test_00460_7d063370__temp0.10__seed7,0.20286720353500773,,14,per_run_oof
deepseek_r1_distill_7b__math_test_00460_7d063370__temp0.60__seed7,0.20425758937976288,,14,per_run_oof
deepseek_r1_distill_7b__math_test_00460_7d063370__temp1.00__seed7,0.20204544240299138,,14,per_run_oof
deepseek_r1_distill_7b__math_test_00461_5e43f1cd__temp0.10__seed7,0.2815421369992617,0.42222222222222217,14,per_run_oof
deepseek_r1_distill_7b__math_test_00461_5e43f1cd__temp0.60__seed7,0.17784001170810157,0.9,14,per_run_oof
deepseek_r1_distill_7b__math_test_00461_5e43f1cd__temp1.00__seed7,0.1719397319328869,1.0,14,per_run_oof
deepseek_r1_distill_7b__math_test_00462_dd3cfaa0__temp0.10__seed7,0.24312564736654244,0.7708333333333334,14,per_run_oof
deepseek_r1_distill_7b__math_test_00462_dd3cfaa0__temp0.60__seed7,0.19462168792211632,0.6923076923076923,14,per_run_oof
deepseek_r1_distill_7b__math_test_00462_dd3cfaa0__temp1.00__seed7,0.24945242238920934,,14,per_run_oof
deepseek_r1_distill_7b__math_test_00463_bc52d545__temp0.10__seed7,0.18123182466893,,14,per_run_oof
deepseek_r1_distill_7b__math_test_00463_bc52d545__temp0.60__seed7,0.2184306481925892,,14,per_run_oof
deepseek_r1_distill_7b__math_test_00463_bc52d545__temp1.00__seed7,0.20618212625432414,,14,per_run_oof
deepseek_r1_distill_7b__math_test_00464_979fe366__temp0.10__seed7,0.29882450455247817,,14,per_run_oof
deepseek_r1_distill_7b__math_test_00464_979fe366__temp0.60__seed7,0.2577730835009155,,14,per_run_oof
deepseek_r1_distill_7b__math_test_00464_979fe366__temp1.00__seed7,0.18189677756113332,,14,per_run_oof
deepseek_r1_distill_7b__math_test_00465_240ca4d8__temp0.10__seed7,0.369807814444781,,14,per_run_oof
deepseek_r1_distill_7b__math_test_00465_240ca4d8__temp0.60__seed7,0.2263300469723907,,14,per_run_oof
deepseek_r1_distill_7b__math_test_00465_240ca4d8__temp1.00__seed7,0.23716839143847382,,14,per_run_oof
deepseek_r1_distill_7b__math_test_00466_b3ac660a__temp0.10__seed7,0.1928478099006816,,14,per_run_oof
deepseek_r1_distill_7b__math_test_00466_b3ac660a__temp0.60__seed7,0.189795159000135,,14,per_run_oof
deepseek_r1_distill_7b__math_test_00466_b3ac660a__temp1.00__seed7,0.2015782194163125,,14,per_run_oof
deepseek_r1_distill_7b__math_test_00467_eaadd0bc__temp0.10__seed7,0.269737952946384,0.3555555555555556,14,per_run_oof
deepseek_r1_distill_7b__math_test_00467_eaadd0bc__temp0.60__seed7,0.2602809402510288,0.5625000000000001,14,per_run_oof
deepseek_r1_distill_7b__math_test_00467_eaadd0bc__temp1.00__seed7,0.234230224524381,0.75,14,per_run_oof
deepseek_r1_distill_7b__math_test_00468_67c8ff7f__temp0.10__seed7,0.25349820998460576,,14,per_run_oof
deepseek_r1_distill_7b__math_test_00468_67c8ff7f__temp0.60__seed7,0.26277274790536514,,14,per_run_oof
deepseek_r1_distill_7b__math_test_00468_67c8ff7f__temp1.00__seed7,0.2692860458058379,,14,per_run_oof
deepseek_r1_distill_7b__math_test_00469_bfdb0295__temp0.10__seed7,0.24442768436448764,,14,per_run_oof
deepseek_r1_distill_7b__math_test_00469_bfdb0295__temp0.60__seed7,0.18720124929192652,,14,per_run_oof
deepseek_r1_distill_7b__math_test_00469_bfdb0295__temp1.00__seed7,0.23840003035089502,,14,per_run_oof
deepseek_r1_distill_7b__math_test_00470_5db3c51e__temp0.10__seed7,0.2524834646426258,,14,per_run_oof
deepseek_r1_distill_7b__math_test_00470_5db3c51e__temp0.60__seed7,0.27954557329400265,,14,per_run_oof
deepseek_r1_distill_7b__math_test_00470_5db3c51e__temp1.00__seed7,0.29263733282969756,,14,per_run_oof
deepseek_r1_distill_7b__math_test_00471_3d41e63d__temp0.10__seed7,0.23913469364924436,,14,per_run_oof
deepseek_r1_distill_7b__math_test_00471_3d41e63d__temp0.60__seed7,0.22731364891401049,,14,per_run_oof
deepseek_r1_distill_7b__math_test_00471_3d41e63d__temp1.00__seed7,0.2343472917989277,,14,per_run_oof
deepseek_r1_distill_7b__math_test_00472_4acb3f94__temp0.10__seed7,0.20809494864535513,,14,per_run_oof
deepseek_r1_distill_7b__math_test_00472_4acb3f94__temp0.60__seed7,0.22075350985572587,,14,per_run_oof
deepseek_r1_distill_7b__math_test_00472_4acb3f94__temp1.00__seed7,0.22619252227277922,,14,per_run_oof
deepseek_r1_distill_7b__math_test_00473_e294330c__temp0.10__seed7,0.29980166211009257,,14,per_run_oof
deepseek_r1_distill_7b__math_test_00473_e294330c__temp0.60__seed7,0.22537297179467156,0.8,14,per_run_oof
deepseek_r1_distill_7b__math_test_00473_e294330c__temp1.00__seed7,0.2444500989207019,,14,per_run_oof
deepseek_r1_distill_7b__math_test_00474_e8b47eda__temp0.10__seed7,0.29145320466263197,,14,per_run_oof
deepseek_r1_distill_7b__math_test_00474_e8b47eda__temp0.60__seed7,0.2210935743981597,,14,per_run_oof
deepseek_r1_distill_7b__math_test_00474_e8b47eda__temp1.00__seed7,0.13285594261024616,,14,per_run_oof
deepseek_r1_distill_7b__math_test_00475_f189eb4d__temp0.10__seed7,0.22305656713185482,0.6153846153846154,14,per_run_oof
deepseek_r1_distill_7b__math_test_00475_f189eb4d__temp0.60__seed7,0.18125944936871446,,14,per_run_oof
deepseek_r1_distill_7b__math_test_00475_f189eb4d__temp1.00__seed7,0.18879434063708,,14,per_run_oof
deepseek_r1_distill_7b__math_test_00476_1c3d9d93__temp0.10__seed7,0.23277432466760842,0.65,14,per_run_oof
deepseek_r1_distill_7b__math_test_00476_1c3d9d93__temp0.60__seed7,0.28332314563693045,,14,per_run_oof
deepseek_r1_distill_7b__math_test_00476_1c3d9d93__temp1.00__seed7,0.23536949337238558,,14,per_run_oof
deepseek_r1_distill_7b__math_test_00477_9c19e671__temp0.10__seed7,0.32359699533424957,0.6153846153846154,14,per_run_oof
deepseek_r1_distill_7b__math_test_00477_9c19e671__temp0.60__seed7,0.24227083966278598,0.5777777777777778,14,per_run_oof
deepseek_r1_distill_7b__math_test_00477_9c19e671__temp1.00__seed7,0.2541762190776854,0.65,14,per_run_oof
deepseek_r1_distill_7b__math_test_00478_bde3ec32__temp0.10__seed7,0.2360389652985302,,14,per_run_oof
deepseek_r1_distill_7b__math_test_00478_bde3ec32__temp0.60__seed7,0.2194862934838529,,14,per_run_oof
deepseek_r1_distill_7b__math_test_00478_bde3ec32__temp1.00__seed7,0.21912259017710617,,14,per_run_oof
deepseek_r1_distill_7b__math_test_00479_aea5556d__temp0.10__seed7,0.191106374886355,,14,per_run_oof
deepseek_r1_distill_7b__math_test_00479_aea5556d__temp0.60__seed7,0.19502915580340568,,14,per_run_oof
deepseek_r1_distill_7b__math_test_00479_aea5556d__temp1.00__seed7,0.2129755685810565,,14,per_run_oof
deepseek_r1_distill_7b__math_test_00480_fb9447b2__temp0.10__seed7,0.2523361876685977,,14,per_run_oof
deepseek_r1_distill_7b__math_test_00480_fb9447b2__temp0.60__seed7,0.18986951024568796,,14,per_run_oof
deepseek_r1_distill_7b__math_test_00480_fb9447b2__temp1.00__seed7,0.2118628187071894,,14,per_run_oof
deepseek_r1_distill_7b__math_test_00481_47b01624__temp0.10__seed7,0.28871061556554406,0.2916666666666667,14,per_run_oof
deepseek_r1_distill_7b__math_test_00481_47b01624__temp0.60__seed7,0.23621403380447797,0.48484848484848486,14,per_run_oof
deepseek_r1_distill_7b__math_test_00481_47b01624__temp1.00__seed7,0.21537435385706763,0.625,14,per_run_oof
deepseek_r1_distill_7b__math_test_00482_84ec0b89__temp0.10__seed7,0.24757909722680377,,14,per_run_oof
deepseek_r1_distill_7b__math_test_00482_84ec0b89__temp0.60__seed7,0.21858320902596046,,14,per_run_oof
deepseek_r1_distill_7b__math_test_00482_84ec0b89__temp1.00__seed7,0.2662433443134888,,14,per_run_oof
deepseek_r1_distill_7b__math_test_00483_053f5644__temp0.10__seed7,0.2768960651142355,0.20833333333333334,14,per_run_oof
deepseek_r1_distill_7b__math_test_00483_053f5644__temp0.60__seed7,0.33940404626459836,0.4,14,per_run_oof
deepseek_r1_distill_7b__math_test_00483_053f5644__temp1.00__seed7,0.20103472294201172,0.875,14,per_run_oof
deepseek_r1_distill_7b__math_test_00484_f2cd6be7__temp0.10__seed7,0.22848294659107427,,14,per_run_oof
deepseek_r1_distill_7b__math_test_00484_f2cd6be7__temp0.60__seed7,0.21536900152874697,,14,per_run_oof
deepseek_r1_distill_7b__math_test_00484_f2cd6be7__temp1.00__seed7,0.22764118244270412,,14,per_run_oof
deepseek_r1_distill_7b__math_test_00485_25a9bc12__temp0.10__seed7,0.18901549849771906,0.46153846153846156,14,per_run_oof
deepseek_r1_distill_7b__math_test_00485_25a9bc12__temp0.60__seed7,0.16507611303803466,,14,per_run_oof
deepseek_r1_distill_7b__math_test_00485_25a9bc12__temp1.00__seed7,0.167630575192608,,14,per_run_oof
deepseek_r1_distill_7b__math_test_00486_11e9a1ba__temp0.10__seed7,0.22072634261644372,,14,per_run_oof
deepseek_r1_distill_7b__math_test_00486_11e9a1ba__temp0.60__seed7,0.2025908738478258,,14,per_run_oof
deepseek_r1_distill_7b__math_test_00486_11e9a1ba__temp1.00__seed7,0.1994359063773548,,14,per_run_oof
deepseek_r1_distill_7b__math_test_00487_f5dafb4d__temp0.10__seed7,0.23103613491859173,0.07692307692307687,14,per_run_oof
deepseek_r1_distill_7b__math_test_00487_f5dafb4d__temp0.60__seed7,0.22797754656369026,0.5151515151515151,14,per_run_oof
deepseek_r1_distill_7b__math_test_00487_f5dafb4d__temp1.00__seed7,0.1943138585228688,1.0,14,per_run_oof
deepseek_r1_distill_7b__math_test_00488_9e69b5fd__temp0.10__seed7,0.17196835862287374,,14,per_run_oof
deepseek_r1_distill_7b__math_test_00488_9e69b5fd__temp0.60__seed7,0.2233132643137012,,14,per_run_oof
deepseek_r1_distill_7b__math_test_00488_9e69b5fd__temp1.00__seed7,0.2360018681549459,,14,per_run_oof
deepseek_r1_distill_7b__math_test_00489_873b5ba3__temp0.10__seed7,0.3118043850827816,,14,per_run_oof
deepseek_r1_distill_7b__math_test_00489_873b5ba3__temp0.60__seed7,0.2671624535484257,0.0,14,per_run_oof
deepseek_r1_distill_7b__math_test_00489_873b5ba3__temp1.00__seed7,0.27788423223712583,0.23076923076923073,14,per_run_oof
deepseek_r1_distill_7b__math_test_00490_548caf2b__temp0.10__seed7,0.2425073590575641,,14,per_run_oof
deepseek_r1_distill_7b__math_test_00490_548caf2b__temp0.60__seed7,0.25476431136226724,,14,per_run_oof
deepseek_r1_distill_7b__math_test_00490_548caf2b__temp1.00__seed7,0.25590167124310176,,14,per_run_oof
deepseek_r1_distill_7b__math_test_00491_323b91c4__temp0.10__seed7,0.19282676228412354,,14,per_run_oof
deepseek_r1_distill_7b__math_test_00491_323b91c4__temp0.60__seed7,0.19754328974446866,,14,per_run_oof
deepseek_r1_distill_7b__math_test_00491_323b91c4__temp1.00__seed7,0.21283148340682048,,14,per_run_oof
deepseek_r1_distill_7b__math_test_00492_c9945122__temp0.10__seed7,0.297283148428478,0.0,14,per_run_oof
deepseek_r1_distill_7b__math_test_00492_c9945122__temp0.60__seed7,0.22412347530789814,0.46153846153846156,14,per_run_oof
deepseek_r1_distill_7b__math_test_00492_c9945122__temp1.00__seed7,0.23886853305360362,0.41666666666666663,14,per_run_oof
deepseek_r1_distill_7b__math_test_00493_3f0c6e0c__temp0.10__seed7,0.24445948291981004,0.4222222222222223,14,per_run_oof
deepseek_r1_distill_7b__math_test_00493_3f0c6e0c__temp0.60__seed7,0.18101824958710197,0.8125,14,per_run_oof
deepseek_r1_distill_7b__math_test_00493_3f0c6e0c__temp1.00__seed7,0.22890929103728636,0.5714285714285714,14,per_run_oof
deepseek_r1_distill_7b__math_test_00494_b8d8e1ef__temp0.10__seed7,0.22113948017579035,0.3846153846153846,14,per_run_oof
deepseek_r1_distill_7b__math_test_00494_b8d8e1ef__temp0.60__seed7,0.2677413317158898,,14,per_run_oof
deepseek_r1_distill_7b__math_test_00494_b8d8e1ef__temp1.00__seed7,0.1938279692083776,0.8461538461538461,14,per_run_oof
deepseek_r1_distill_7b__math_test_00495_63ae400e__temp0.10__seed7,0.16430283305766916,,14,per_run_oof
deepseek_r1_distill_7b__math_test_00495_63ae400e__temp0.60__seed7,0.17520803515331793,1.0,14,per_run_oof
deepseek_r1_distill_7b__math_test_00495_63ae400e__temp1.00__seed7,0.20410333323173435,,14,per_run_oof
deepseek_r1_distill_7b__math_test_00496_401665a3__temp0.10__seed7,0.21602168553832404,,14,per_run_oof
deepseek_r1_distill_7b__math_test_00496_401665a3__temp0.60__seed7,0.2944684849645339,0.4583333333333333,14,per_run_oof
deepseek_r1_distill_7b__math_test_00496_401665a3__temp1.00__seed7,0.2443856287426698,,14,per_run_oof
deepseek_r1_distill_7b__math_test_00497_8d507426__temp0.10__seed7,0.18701793762848948,0.9500000000000001,14,per_run_oof
deepseek_r1_distill_7b__math_test_00497_8d507426__temp0.60__seed7,0.21965077731503754,0.6923076923076923,14,per_run_oof
deepseek_r1_distill_7b__math_test_00497_8d507426__temp1.00__seed7,0.24341596669976595,0.45454545454545453,14,per_run_oof
deepseek_r1_distill_7b__math_test_00498_743e3572__temp0.10__seed7,0.45386979997710736,,14,per_run_oof
deepseek_r1_distill_7b__math_test_00498_743e3572__temp0.60__seed7,0.1974464971904146,,14,per_run_oof
deepseek_r1_distill_7b__math_test_00498_743e3572__temp1.00__seed7,0.18708320661834815,,14,per_run_oof
deepseek_r1_distill_7b__math_test_00499_c3a514a9__temp0.10__seed7,0.4367325619568899,,14,per_run_oof
deepseek_r1_distill_7b__math_test_00499_c3a514a9__temp0.60__seed7,0.3155119688390367,0.5833333333333334,14,per_run_oof
deepseek_r1_distill_7b__math_test_00499_c3a514a9__temp1.00__seed7,0.2584798493445298,0.6363636363636364,14,per_run_oof
__pooled__,0.22861178855714856,0.6057827105263158,21000,pooled_oof
