phase,temperature,seed,step,requested_batch_size,realized_batch_size,prompt_tokens,generated_tokens,wall_clock_seconds,examples_per_second,tokens_per_second,tokenize_seconds,generation_seconds,forward_seconds,postprocess_seconds,hidden_state_write_seconds,gpu_memory_allocated_gb,gpu_memory_reserved_gb,gpu_max_memory_allocated_gb,gpu_max_memory_reserved_gb,split_count,oom_retry_count
generate,0.1,7,1,6,6,1569,948,38.85286969799972,0.1544287473907983,24.399742087746127,0.0031983469998522196,37.62153154199996,1.2106651589997455,0.01705909399970551,0.0,5.30263614654541,13.423828125,5.39408540725708,13.423828125,1,0
generate,0.1,7,2,6,6,2183,563,30.089626919999773,0.19940426699049432,18.710767052608052,0.0037355839999690943,28.571491953000077,1.4989418790000855,0.015144356999371666,0.0,5.633614540100098,13.423828125,5.735867023468018,13.423828125,1,0
hidden_state_write,0.1,7,0,6,6,0,0,0.030231563000597816,,,0.0,0.0,0.0,0.0,0.030231563000597816,3.862009048461914,13.423828125,5.735867023468018,13.423828125,0,0
generate,0.1,7,1,6,6,1586,701,21.48404008000034,0.27927708092415293,32.628872287971866,0.0028525360003186506,20.393433733000165,1.0807726309994905,0.0066750010000760085,0.0,5.117259979248047,13.423828125,5.218777656555176,13.423828125,1,0
generate,0.1,7,2,6,6,2172,551,19.644331962999786,0.3054316131136979,28.048803137607923,0.0031956299999365,18.346807685000385,1.287073581000186,0.007035385999188293,0.0,5.373119354248047,13.423828125,5.474471569061279,13.423828125,1,0
hidden_state_write,0.1,7,0,6,6,0,0,0.029664255001080164,,,0.0,0.0,0.0,0.0,0.029664255001080164,3.862009048461914,13.423828125,5.474471569061279,13.423828125,0,0
