run_id,brier,auc,n,scope
qwen2p5_7b__arc_test_00000_398537ec__temp0.10__seed7,0.2078439957373968,,8,per_run_oof
qwen2p5_7b__arc_test_00000_398537ec__temp0.60__seed7,0.20488454528525085,,8,per_run_oof
qwen2p5_7b__arc_test_00000_398537ec__temp1.00__seed7,0.21244304604748332,,8,per_run_oof
qwen2p5_7b__arc_test_00001_d4bf1bf9__temp0.10__seed7,0.12415519574229797,,8,per_run_oof
qwen2p5_7b__arc_test_00001_d4bf1bf9__temp0.60__seed7,0.1576615580623326,,8,per_run_oof
qwen2p5_7b__arc_test_00001_d4bf1bf9__temp1.00__seed7,0.19845030937798058,,8,per_run_oof
qwen2p5_7b__arc_test_00002_eef48f5d__temp0.10__seed7,0.20034948340883468,,8,per_run_oof
qwen2p5_7b__arc_test_00002_eef48f5d__temp0.60__seed7,0.23273029774541687,,8,per_run_oof
qwen2p5_7b__arc_test_00002_eef48f5d__temp1.00__seed7,0.22104441292211724,,8,per_run_oof
qwen2p5_7b__arc_test_00003_c16c54fb__temp0.10__seed7,0.2917494654761868,0.33333333333333337,8,per_run_oof
qwen2p5_7b__arc_test_00003_c16c54fb__temp0.60__seed7,0.288425765821291,,8,per_run_oof
qwen2p5_7b__arc_test_00003_c16c54fb__temp1.00__seed7,0.2567415481849013,0.8,8,per_run_oof
qwen2p5_7b__arc_test_00004_89613a4b__temp0.10__seed7,0.12703483274003205,,8,per_run_oof
qwen2p5_7b__arc_test_00004_89613a4b__temp0.60__seed7,0.17179041857857802,,8,per_run_oof
qwen2p5_7b__arc_test_00004_89613a4b__temp1.00__seed7,0.15696807744958105,,8,per_run_oof
qwen2p5_7b__arc_test_00005_2943784f__temp0.10__seed7,0.24469843262644494,,8,per_run_oof
qwen2p5_7b__arc_test_00005_2943784f__temp0.60__seed7,0.3410006662492056,,8,per_run_oof
qwen2p5_7b__arc_test_00005_2943784f__temp1.00__seed7,0.30066104054923126,,8,per_run_oof
qwen2p5_7b__arc_test_00006_73fea8aa__temp0.10__seed7,0.2474539417335484,,8,per_run_oof
qwen2p5_7b__arc_test_00006_73fea8aa__temp0.60__seed7,0.2593600525631039,,8,per_run_oof
qwen2p5_7b__arc_test_00006_73fea8aa__temp1.00__seed7,0.22157079516745265,,8,per_run_oof
qwen2p5_7b__arc_test_00007_55ae159f__temp0.10__seed7,0.3707898116261136,,8,per_run_oof
qwen2p5_7b__arc_test_00007_55ae159f__temp0.60__seed7,0.35191873443079247,,8,per_run_oof
qwen2p5_7b__arc_test_00007_55ae159f__temp1.00__seed7,0.3331584661883871,,8,per_run_oof
qwen2p5_7b__arc_test_00008_3926edfe__temp0.10__seed7,0.19297947860532627,,8,per_run_oof
qwen2p5_7b__arc_test_00008_3926edfe__temp0.60__seed7,0.24914614241586291,,8,per_run_oof
qwen2p5_7b__arc_test_00008_3926edfe__temp1.00__seed7,0.26826881506550637,,8,per_run_oof
qwen2p5_7b__arc_test_00009_0cb3f159__temp0.10__seed7,0.1829916788231405,,8,per_run_oof
qwen2p5_7b__arc_test_00009_0cb3f159__temp0.60__seed7,0.20222589255978018,,8,per_run_oof
qwen2p5_7b__arc_test_00009_0cb3f159__temp1.00__seed7,0.16878687726902208,,8,per_run_oof
qwen2p5_7b__arc_test_00010_38aa3c95__temp0.10__seed7,0.13418299841949283,,8,per_run_oof
qwen2p5_7b__arc_test_00010_38aa3c95__temp0.60__seed7,0.09875508373116243,,8,per_run_oof
qwen2p5_7b__arc_test_00010_38aa3c95__temp1.00__seed7,0.17064736980066247,,8,per_run_oof
qwen2p5_7b__arc_test_00011_0a8e7a55__temp0.10__seed7,0.16075359822863666,,8,per_run_oof
qwen2p5_7b__arc_test_00011_0a8e7a55__temp0.60__seed7,0.18191101874179041,,8,per_run_oof
qwen2p5_7b__arc_test_00011_0a8e7a55__temp1.00__seed7,0.17445187891334368,,8,per_run_oof
qwen2p5_7b__arc_test_00012_90d98cc0__temp0.10__seed7,0.22209954735939022,,8,per_run_oof
qwen2p5_7b__arc_test_00012_90d98cc0__temp0.60__seed7,0.15977931059787104,,8,per_run_oof
qwen2p5_7b__arc_test_00012_90d98cc0__temp1.00__seed7,0.1783016079173366,,8,per_run_oof
qwen2p5_7b__arc_test_00013_6647a8fe__temp0.10__seed7,0.3162830014137116,,8,per_run_oof
qwen2p5_7b__arc_test_00013_6647a8fe__temp0.60__seed7,0.19360736335999762,,8,per_run_oof
qwen2p5_7b__arc_test_00013_6647a8fe__temp1.00__seed7,0.22469888708938462,,8,per_run_oof
qwen2p5_7b__arc_test_00014_7f872561__temp0.10__seed7,0.28414732241462914,,8,per_run_oof
qwen2p5_7b__arc_test_00014_7f872561__temp0.60__seed7,0.27367948356083677,,8,per_run_oof
qwen2p5_7b__arc_test_00014_7f872561__temp1.00__seed7,0.2713522976444997,,8,per_run_oof
qwen2p5_7b__arc_test_00015_495befc7__temp0.10__seed7,0.21998864595945247,,8,per_run_oof
qwen2p5_7b__arc_test_00015_495befc7__temp0.60__seed7,0.1930593519999799,,8,per_run_oof
qwen2p5_7b__arc_test_00015_495befc7__temp1.00__seed7,0.11828347098506636,,8,per_run_oof
qwen2p5_7b__arc_test_00016_75d83e3f__temp0.10__seed7,0.30772027195961227,,8,per_run_oof
qwen2p5_7b__arc_test_00016_75d83e3f__temp0.60__seed7,0.16638554277991224,1.0,8,per_run_oof
qwen2p5_7b__arc_test_00016_75d83e3f__temp1.00__seed7,0.22485777246735628,,8,per_run_oof
qwen2p5_7b__arc_test_00017_dac51f3a__temp0.10__seed7,0.2701108087707722,,8,per_run_oof
qwen2p5_7b__arc_test_00017_dac51f3a__temp0.60__seed7,0.2610412474363128,,8,per_run_oof
qwen2p5_7b__arc_test_00017_dac51f3a__temp1.00__seed7,0.1970760103787692,,8,per_run_oof
qwen2p5_7b__arc_test_00018_9925db26__temp0.10__seed7,0.16359242352168124,,8,per_run_oof
qwen2p5_7b__arc_test_00018_9925db26__temp0.60__seed7,0.20435325470788612,,8,per_run_oof
qwen2p5_7b__arc_test_00018_9925db26__temp1.00__seed7,0.15966636953754682,,8,per_run_oof
qwen2p5_7b__arc_test_00019_1a50b7f7__temp0.10__seed7,0.23072910618013603,,8,per_run_oof
qwen2p5_7b__arc_test_00019_1a50b7f7__temp0.60__seed7,0.17259887311693528,,8,per_run_oof
qwen2p5_7b__arc_test_00019_1a50b7f7__temp1.00__seed7,0.21241489528393764,,8,per_run_oof
qwen2p5_7b__arc_test_00020_d3e511bf__temp0.10__seed7,0.2634227787240253,,8,per_run_oof
qwen2p5_7b__arc_test_00020_d3e511bf__temp0.60__seed7,0.23589443346493744,,8,per_run_oof
qwen2p5_7b__arc_test_00020_d3e511bf__temp1.00__seed7,0.1994389168134666,,8,per_run_oof
qwen2p5_7b__arc_test_00021_ce0d3229__temp0.10__seed7,0.18640010243309366,,8,per_run_oof
qwen2p5_7b__arc_test_00021_ce0d3229__temp0.60__seed7,0.160676408986142,,8,per_run_oof
qwen2p5_7b__arc_test_00021_ce0d3229__temp1.00__seed7,0.21839335848090444,,8,per_run_oof
qwen2p5_7b__arc_test_00022_51e7e2c1__temp0.10__seed7,0.2073920334317318,,8,per_run_oof
qwen2p5_7b__arc_test_00022_51e7e2c1__temp0.60__seed7,0.21720111905919934,,8,per_run_oof
qwen2p5_7b__arc_test_00022_51e7e2c1__temp1.00__seed7,0.17728140479358012,,8,per_run_oof
qwen2p5_7b__arc_test_00023_56ce0db0__temp0.10__seed7,0.2774076937953378,0.75,8,per_run_oof
qwen2p5_7b__arc_test_00023_56ce0db0__temp0.60__seed7,0.23164930347504883,,8,per_run_oof
qwen2p5_7b__arc_test_00023_56ce0db0__temp1.00__seed7,0.1812715265940124,,8,per_run_oof
qwen2p5_7b__arc_test_00024_75e3f15b__temp0.10__seed7,0.18373037360736066,,8,per_run_oof
qwen2p5_7b__arc_test_00024_75e3f15b__temp0.60__seed7,0.18832486642906562,1.0,8,per_run_oof
qwen2p5_7b__arc_test_00024_75e3f15b__temp1.00__seed7,0.22046000403388236,,8,per_run_oof
qwen2p5_7b__arc_test_00025_aa1dfcf3__temp0.10__seed7,0.1923184547470284,,8,per_run_oof
qwen2p5_7b__arc_test_00025_aa1dfcf3__temp0.60__seed7,0.28516380496856364,,8,per_run_oof
qwen2p5_7b__arc_test_00025_aa1dfcf3__temp1.00__seed7,0.18296223088166927,,8,per_run_oof
qwen2p5_7b__arc_test_00026_653ac6a4__temp0.10__seed7,0.22479844401312046,,8,per_run_oof
qwen2p5_7b__arc_test_00026_653ac6a4__temp0.60__seed7,0.40654283243464884,,8,per_run_oof
qwen2p5_7b__arc_test_00026_653ac6a4__temp1.00__seed7,0.35930032988930405,,8,per_run_oof
qwen2p5_7b__arc_test_00027_4de7cd96__temp0.10__seed7,0.35109135151335547,0.8571428571428571,8,per_run_oof
qwen2p5_7b__arc_test_00027_4de7cd96__temp0.60__seed7,0.16493196063039547,,8,per_run_oof
qwen2p5_7b__arc_test_00027_4de7cd96__temp1.00__seed7,0.23731246904064537,0.4285714285714286,8,per_run_oof
qwen2p5_7b__arc_test_00028_de472a7b__temp0.10__seed7,0.18902845613145253,,8,per_run_oof
qwen2p5_7b__arc_test_00028_de472a7b__temp0.60__seed7,0.19835402406121294,,8,per_run_oof
qwen2p5_7b__arc_test_00028_de472a7b__temp1.00__seed7,0.1469171780251281,,8,per_run_oof
qwen2p5_7b__arc_test_00029_9ab7fc82__temp0.10__seed7,0.3628467206097944,,8,per_run_oof
qwen2p5_7b__arc_test_00029_9ab7fc82__temp0.60__seed7,0.30038051682864764,,8,per_run_oof
qwen2p5_7b__arc_test_00029_9ab7fc82__temp1.00__seed7,0.24712956406866238,,8,per_run_oof
qwen2p5_7b__arc_test_00030_1a7be7be__temp0.10__seed7,0.15832511464192858,,8,per_run_oof
qwen2p5_7b__arc_test_00030_1a7be7be__temp0.60__seed7,0.18475719742088617,,8,per_run_oof
qwen2p5_7b__arc_test_00030_1a7be7be__temp1.00__seed7,0.16735031785907148,,8,per_run_oof
qwen2p5_7b__arc_test_00031_16af4104__temp0.10__seed7,0.20764292089482372,,8,per_run_oof
qwen2p5_7b__arc_test_00031_16af4104__temp0.60__seed7,0.16272773376559263,,8,per_run_oof
qwen2p5_7b__arc_test_00031_16af4104__temp1.00__seed7,0.187013107668477,,8,per_run_oof
qwen2p5_7b__arc_test_00032_d2b2ae1f__temp0.10__seed7,0.24589618076790742,,8,per_run_oof
qwen2p5_7b__arc_test_00032_d2b2ae1f__temp0.60__seed7,0.21767171515495348,,8,per_run_oof
qwen2p5_7b__arc_test_00032_d2b2ae1f__temp1.00__seed7,0.18273152521652658,,8,per_run_oof
qwen2p5_7b__arc_test_00033_936f56a6__temp0.10__seed7,0.18761373774217152,,8,per_run_oof
qwen2p5_7b__arc_test_00033_936f56a6__temp0.60__seed7,0.2491210381463244,,8,per_run_oof
qwen2p5_7b__arc_test_00033_936f56a6__temp1.00__seed7,0.18114366560808354,,8,per_run_oof
qwen2p5_7b__arc_test_00034_485f96ab__temp0.10__seed7,0.17577561960362587,,8,per_run_oof
qwen2p5_7b__arc_test_00034_485f96ab__temp0.60__seed7,0.17070143088703799,,8,per_run_oof
qwen2p5_7b__arc_test_00034_485f96ab__temp1.00__seed7,0.17959384111899446,,8,per_run_oof
qwen2p5_7b__arc_test_00035_aad2d50d__temp0.10__seed7,0.28353833275684176,,8,per_run_oof
qwen2p5_7b__arc_test_00035_aad2d50d__temp0.60__seed7,0.2719045040817965,,8,per_run_oof
qwen2p5_7b__arc_test_00035_aad2d50d__temp1.00__seed7,0.3527810501509058,,8,per_run_oof
qwen2p5_7b__arc_test_00036_99d6267d__temp0.10__seed7,0.23617188796786254,0.0,8,per_run_oof
qwen2p5_7b__arc_test_00036_99d6267d__temp0.60__seed7,0.307618816543273,0.6666666666666667,8,per_run_oof
qwen2p5_7b__arc_test_00036_99d6267d__temp1.00__seed7,0.24425786337913824,,8,per_run_oof
qwen2p5_7b__arc_test_00037_10f2fddf__temp0.10__seed7,0.33718786081802254,,8,per_run_oof
qwen2p5_7b__arc_test_00037_10f2fddf__temp0.60__seed7,0.4087243532822783,,8,per_run_oof
qwen2p5_7b__arc_test_00037_10f2fddf__temp1.00__seed7,0.31827323939323754,0.8571428571428571,8,per_run_oof
qwen2p5_7b__arc_test_00038_715b0bef__temp0.10__seed7,0.23740250202695795,,8,per_run_oof
qwen2p5_7b__arc_test_00038_715b0bef__temp0.60__seed7,0.21786796481668153,,8,per_run_oof
qwen2p5_7b__arc_test_00038_715b0bef__temp1.00__seed7,0.2815869148230785,,8,per_run_oof
qwen2p5_7b__arc_test_00039_3e277a72__temp0.10__seed7,0.21095868123824052,,8,per_run_oof
qwen2p5_7b__arc_test_00039_3e277a72__temp0.60__seed7,0.174018275664243,,8,per_run_oof
qwen2p5_7b__arc_test_00039_3e277a72__temp1.00__seed7,0.18895238124329158,,8,per_run_oof
qwen2p5_7b__arc_test_00040_aeb16c3b__temp0.10__seed7,0.2490950786276145,,8,per_run_oof
qwen2p5_7b__arc_test_00040_aeb16c3b__temp0.60__seed7,0.2546207768137123,,8,per_run_oof
qwen2p5_7b__arc_test_00040_aeb16c3b__temp1.00__seed7,0.25733783654504094,,8,per_run_oof
qwen2p5_7b__arc_test_00041_57e4090f__temp0.10__seed7,0.3003395493155839,0.42857142857142855,8,per_run_oof
qwen2p5_7b__arc_test_00041_57e4090f__temp0.60__seed7,0.22804932339913644,,8,per_run_oof
qwen2p5_7b__arc_test_00041_57e4090f__temp1.00__seed7,0.19203846326215787,,8,per_run_oof
qwen2p5_7b__arc_test_00042_eaad77d4__temp0.10__seed7,0.18172989635647252,,8,per_run_oof
qwen2p5_7b__arc_test_00042_eaad77d4__temp0.60__seed7,0.187280280260618,,8,per_run_oof
qwen2p5_7b__arc_test_00042_eaad77d4__temp1.00__seed7,0.18274181557636854,,8,per_run_oof
qwen2p5_7b__arc_test_00043_90dea090__temp0.10__seed7,0.2012680307033963,,8,per_run_oof
qwen2p5_7b__arc_test_00043_90dea090__temp0.60__seed7,0.322435346513727,0.42857142857142855,8,per_run_oof
qwen2p5_7b__arc_test_00043_90dea090__temp1.00__seed7,0.39743487363424823,,8,per_run_oof
qwen2p5_7b__arc_test_00044_64e186ec__temp0.10__seed7,0.2990673991339301,,8,per_run_oof
qwen2p5_7b__arc_test_00044_64e186ec__temp0.60__seed7,0.2240723006421829,0.7142857142857143,8,per_run_oof
qwen2p5_7b__arc_test_00044_64e186ec__temp1.00__seed7,0.33738727260795115,,8,per_run_oof
qwen2p5_7b__arc_test_00045_a364fb0e__temp0.10__seed7,0.21508240475248536,,8,per_run_oof
qwen2p5_7b__arc_test_00045_a364fb0e__temp0.60__seed7,0.2373269959526366,,8,per_run_oof
qwen2p5_7b__arc_test_00045_a364fb0e__temp1.00__seed7,0.22146396485368158,,8,per_run_oof
qwen2p5_7b__arc_test_00046_3eac725f__temp0.10__seed7,0.2628783211759015,,8,per_run_oof
qwen2p5_7b__arc_test_00046_3eac725f__temp0.60__seed7,0.17031156900350475,,8,per_run_oof
qwen2p5_7b__arc_test_00046_3eac725f__temp1.00__seed7,0.17277566092263616,,8,per_run_oof
qwen2p5_7b__arc_test_00047_e5e078eb__temp0.10__seed7,0.2900579813897969,,8,per_run_oof
qwen2p5_7b__arc_test_00047_e5e078eb__temp0.60__seed7,0.25855179829606967,,8,per_run_oof
qwen2p5_7b__arc_test_00047_e5e078eb__temp1.00__seed7,0.3316401600372395,,8,per_run_oof
qwen2p5_7b__arc_test_00048_e95d73f4__temp0.10__seed7,0.19798128648339355,,8,per_run_oof
qwen2p5_7b__arc_test_00048_e95d73f4__temp0.60__seed7,0.3027783457708782,,8,per_run_oof
qwen2p5_7b__arc_test_00048_e95d73f4__temp1.00__seed7,0.27481682762387655,,8,per_run_oof
qwen2p5_7b__arc_test_00049_d116647f__temp0.10__seed7,0.19132955134444962,,8,per_run_oof
qwen2p5_7b__arc_test_00049_d116647f__temp0.60__seed7,0.18945564261137726,,8,per_run_oof
qwen2p5_7b__arc_test_00049_d116647f__temp1.00__seed7,0.131931648081485,,8,per_run_oof
qwen2p5_7b__arc_test_00050_b8e70b73__temp0.10__seed7,0.20860678610782354,,8,per_run_oof
qwen2p5_7b__arc_test_00050_b8e70b73__temp0.60__seed7,0.2428099354386919,,8,per_run_oof
qwen2p5_7b__arc_test_00050_b8e70b73__temp1.00__seed7,0.33655518315655103,,8,per_run_oof
qwen2p5_7b__arc_test_00051_5eb63cf4__temp0.10__seed7,0.14779072690894363,,8,per_run_oof
qwen2p5_7b__arc_test_00051_5eb63cf4__temp0.60__seed7,0.20231896406568167,,8,per_run_oof
qwen2p5_7b__arc_test_00051_5eb63cf4__temp1.00__seed7,0.23418436076085397,,8,per_run_oof
qwen2p5_7b__arc_test_00052_ec5a8597__temp0.10__seed7,0.1592676736695891,,8,per_run_oof
qwen2p5_7b__arc_test_00052_ec5a8597__temp0.60__seed7,0.19793137777732006,,8,per_run_oof
qwen2p5_7b__arc_test_00052_ec5a8597__temp1.00__seed7,0.18329416972158552,,8,per_run_oof
qwen2p5_7b__arc_test_00053_c9b0a942__temp0.10__seed7,0.20421459627671654,,8,per_run_oof
qwen2p5_7b__arc_test_00053_c9b0a942__temp0.60__seed7,0.2624082642253382,,8,per_run_oof
qwen2p5_7b__arc_test_00053_c9b0a942__temp1.00__seed7,0.20767567840165818,,8,per_run_oof
qwen2p5_7b__arc_test_00054_a5d562be__temp0.10__seed7,0.26293046480557114,,8,per_run_oof
qwen2p5_7b__arc_test_00054_a5d562be__temp0.60__seed7,0.21691933695608417,,8,per_run_oof
qwen2p5_7b__arc_test_00054_a5d562be__temp1.00__seed7,0.22861353836034665,,8,per_run_oof
qwen2p5_7b__arc_test_00055_6b308877__temp0.10__seed7,0.2202401083943781,,8,per_run_oof
qwen2p5_7b__arc_test_00055_6b308877__temp0.60__seed7,0.28616761935065554,,8,per_run_oof
qwen2p5_7b__arc_test_00055_6b308877__temp1.00__seed7,0.35862752179218965,,8,per_run_oof
qwen2p5_7b__arc_test_00056_9af0a219__temp0.10__seed7,0.19721817571601052,,8,per_run_oof
qwen2p5_7b__arc_test_00056_9af0a219__temp0.60__seed7,0.21514617635396704,,8,per_run_oof
qwen2p5_7b__arc_test_00056_9af0a219__temp1.00__seed7,0.16643427253501442,,8,per_run_oof
qwen2p5_7b__arc_test_00057_f156a7fc__temp0.10__seed7,0.20162342032729086,,8,per_run_oof
qwen2p5_7b__arc_test_00057_f156a7fc__temp0.60__seed7,0.26196015125493677,,8,per_run_oof
qwen2p5_7b__arc_test_00057_f156a7fc__temp1.00__seed7,0.3009194941792349,,8,per_run_oof
qwen2p5_7b__arc_test_00058_25585c43__temp0.10__seed7,0.2816410317343786,,8,per_run_oof
qwen2p5_7b__arc_test_00058_25585c43__temp0.60__seed7,0.2065835493597274,,8,per_run_oof
qwen2p5_7b__arc_test_00058_25585c43__temp1.00__seed7,0.1783417714055152,,8,per_run_oof
qwen2p5_7b__arc_test_00059_9f3bba93__temp0.10__seed7,0.2432809171005877,,8,per_run_oof
qwen2p5_7b__arc_test_00059_9f3bba93__temp0.60__seed7,0.21691144159762052,,8,per_run_oof
qwen2p5_7b__arc_test_00059_9f3bba93__temp1.00__seed7,0.2996252302818502,,8,per_run_oof
qwen2p5_7b__arc_test_00060_27a26900__temp0.10__seed7,0.3400606611166932,,8,per_run_oof
qwen2p5_7b__arc_test_00060_27a26900__temp0.60__seed7,0.272750675488755,,8,per_run_oof
qwen2p5_7b__arc_test_00060_27a26900__temp1.00__seed7,0.20726182974334667,,8,per_run_oof
qwen2p5_7b__arc_test_00061_e952a7cb__temp0.10__seed7,0.24018447024828485,,8,per_run_oof
qwen2p5_7b__arc_test_00061_e952a7cb__temp0.60__seed7,0.19463677827932124,,8,per_run_oof
qwen2p5_7b__arc_test_00061_e952a7cb__temp1.00__seed7,0.20979129373558505,,8,per_run_oof
qwen2p5_7b__arc_test_00062_9c6ccfe2__temp0.10__seed7,0.22569087874467808,,8,per_run_oof
qwen2p5_7b__arc_test_00062_9c6ccfe2__temp0.60__seed7,0.14841804952544632,,8,per_run_oof
qwen2p5_7b__arc_test_00062_9c6ccfe2__temp1.00__seed7,0.19996239903913193,,8,per_run_oof
qwen2p5_7b__arc_test_00063_0bbf7904__temp0.10__seed7,0.23642866039234367,,8,per_run_oof
qwen2p5_7b__arc_test_00063_0bbf7904__temp0.60__seed7,0.2613518652601005,0.7142857142857143,8,per_run_oof
qwen2p5_7b__arc_test_00063_0bbf7904__temp1.00__seed7,0.29685349436696185,,8,per_run_oof
qwen2p5_7b__arc_test_00064_30e8911f__temp0.10__seed7,0.37788706075159745,,8,per_run_oof
qwen2p5_7b__arc_test_00064_30e8911f__temp0.60__seed7,0.3652757503343174,,8,per_run_oof
qwen2p5_7b__arc_test_00064_30e8911f__temp1.00__seed7,0.255987035252935,,8,per_run_oof
qwen2p5_7b__arc_test_00065_0c30043d__temp0.10__seed7,0.15052231439420516,,8,per_run_oof
qwen2p5_7b__arc_test_00065_0c30043d__temp0.60__seed7,0.14868134669115002,,8,per_run_oof
qwen2p5_7b__arc_test_00065_0c30043d__temp1.00__seed7,0.14423140278377466,,8,per_run_oof
qwen2p5_7b__arc_test_00066_a4f22ec7__temp0.10__seed7,0.17281933713985437,,8,per_run_oof
qwen2p5_7b__arc_test_00066_a4f22ec7__temp0.60__seed7,0.1914522075904158,,8,per_run_oof
qwen2p5_7b__arc_test_00066_a4f22ec7__temp1.00__seed7,0.23503812178242503,,8,per_run_oof
qwen2p5_7b__arc_test_00067_39a5e863__temp0.10__seed7,0.30616959336359234,,8,per_run_oof
qwen2p5_7b__arc_test_00067_39a5e863__temp0.60__seed7,0.1841951836194585,,8,per_run_oof
qwen2p5_7b__arc_test_00067_39a5e863__temp1.00__seed7,0.23844194030571164,,8,per_run_oof
qwen2p5_7b__arc_test_00068_169f201a__temp0.10__seed7,0.1769285998701632,,8,per_run_oof
qwen2p5_7b__arc_test_00068_169f201a__temp0.60__seed7,0.1675944566918395,,8,per_run_oof
qwen2p5_7b__arc_test_00068_169f201a__temp1.00__seed7,0.1635825822737814,,8,per_run_oof
qwen2p5_7b__arc_test_00069_c44c4bd5__temp0.10__seed7,0.272704616245021,,8,per_run_oof
qwen2p5_7b__arc_test_00069_c44c4bd5__temp0.60__seed7,0.2638522248434788,0.7142857142857143,8,per_run_oof
qwen2p5_7b__arc_test_00069_c44c4bd5__temp1.00__seed7,0.21512795116210684,,8,per_run_oof
qwen2p5_7b__arc_test_00070_7f98502f__temp0.10__seed7,0.20984323663647558,,8,per_run_oof
qwen2p5_7b__arc_test_00070_7f98502f__temp0.60__seed7,0.2926625474154047,,8,per_run_oof
qwen2p5_7b__arc_test_00070_7f98502f__temp1.00__seed7,0.23432770897691996,,8,per_run_oof
qwen2p5_7b__arc_test_00071_78c9064f__temp0.10__seed7,0.2712029886131174,,8,per_run_oof
qwen2p5_7b__arc_test_00071_78c9064f__temp0.60__seed7,0.19017104045992575,,8,per_run_oof
qwen2p5_7b__arc_test_00071_78c9064f__temp1.00__seed7,0.28435522069726543,,8,per_run_oof
qwen2p5_7b__arc_test_00072_25b05898__temp0.10__seed7,0.22361120491045863,,8,per_run_oof
qwen2p5_7b__arc_test_00072_25b05898__temp0.60__seed7,0.20427234846933184,,8,per_run_oof
qwen2p5_7b__arc_test_00072_25b05898__temp1.00__seed7,0.19181396625641745,,8,per_run_oof
qwen2p5_7b__arc_test_00073_ed2fea3a__temp0.10__seed7,0.2280968310826638,,8,per_run_oof
qwen2p5_7b__arc_test_00073_ed2fea3a__temp0.60__seed7,0.21126457591781056,,8,per_run_oof
qwen2p5_7b__arc_test_00073_ed2fea3a__temp1.00__seed7,0.22145774459334613,,8,per_run_oof
qwen2p5_7b__arc_test_00074_86e6443b__temp0.10__seed7,0.18488066069432085,,8,per_run_oof
qwen2p5_7b__arc_test_00074_86e6443b__temp0.60__seed7,0.1905951280510166,,8,per_run_oof
qwen2p5_7b__arc_test_00074_86e6443b__temp1.00__seed7,0.1699330734672269,,8,per_run_oof
qwen2p5_7b__arc_test_00075_fc461c98__temp0.10__seed7,0.13725219323067617,,8,per_run_oof
qwen2p5_7b__arc_test_00075_fc461c98__temp0.60__seed7,0.16074832974313966,,8,per_run_oof
qwen2p5_7b__arc_test_00075_fc461c98__temp1.00__seed7,0.20626881238578404,,8,per_run_oof
qwen2p5_7b__arc_test_00076_e201619a__temp0.10__seed7,0.2906224365794269,,8,per_run_oof
qwen2p5_7b__arc_test_00076_e201619a__temp0.60__seed7,0.241391952705711,,8,per_run_oof
qwen2p5_7b__arc_test_00076_e201619a__temp1.00__seed7,0.18958357745187493,0.8571428571428572,8,per_run_oof
qwen2p5_7b__arc_test_00077_cbb70e60__temp0.10__seed7,0.24636831359232828,,8,per_run_oof
qwen2p5_7b__arc_test_00077_cbb70e60__temp0.60__seed7,0.36629734939727565,,8,per_run_oof
qwen2p5_7b__arc_test_00077_cbb70e60__temp1.00__seed7,0.21429361852875584,,8,per_run_oof
qwen2p5_7b__arc_test_00078_9d260e71__temp0.10__seed7,0.21064749158985668,,8,per_run_oof
qwen2p5_7b__arc_test_00078_9d260e71__temp0.60__seed7,0.26981215226775834,,8,per_run_oof
qwen2p5_7b__arc_test_00078_9d260e71__temp1.00__seed7,0.22064917329444594,,8,per_run_oof
qwen2p5_7b__arc_test_00079_73a6dca6__temp0.10__seed7,0.3363072469384334,,8,per_run_oof
qwen2p5_7b__arc_test_00079_73a6dca6__temp0.60__seed7,0.3325298412599257,,8,per_run_oof
qwen2p5_7b__arc_test_00079_73a6dca6__temp1.00__seed7,0.3514787046203701,,8,per_run_oof
qwen2p5_7b__arc_test_00080_a44020c4__temp0.10__seed7,0.2271963131916844,,8,per_run_oof
qwen2p5_7b__arc_test_00080_a44020c4__temp0.60__seed7,0.18034819511393663,,8,per_run_oof
qwen2p5_7b__arc_test_00080_a44020c4__temp1.00__seed7,0.2386249064667363,,8,per_run_oof
qwen2p5_7b__arc_test_00081_e1b4d5ef__temp0.10__seed7,0.23995197919247177,,8,per_run_oof
qwen2p5_7b__arc_test_00081_e1b4d5ef__temp0.60__seed7,0.2579224052314828,,8,per_run_oof
qwen2p5_7b__arc_test_00081_e1b4d5ef__temp1.00__seed7,0.24684310426180056,,8,per_run_oof
qwen2p5_7b__arc_test_00082_02dec4b3__temp0.10__seed7,0.2284560543086328,,8,per_run_oof
qwen2p5_7b__arc_test_00082_02dec4b3__temp0.60__seed7,0.14849555104292267,,8,per_run_oof
qwen2p5_7b__arc_test_00082_02dec4b3__temp1.00__seed7,0.29174377834615756,,8,per_run_oof
qwen2p5_7b__arc_test_00083_4aac759c__temp0.10__seed7,0.2685725118842396,,8,per_run_oof
qwen2p5_7b__arc_test_00083_4aac759c__temp0.60__seed7,0.2273521830610854,,8,per_run_oof
qwen2p5_7b__arc_test_00083_4aac759c__temp1.00__seed7,0.21132963147410377,,8,per_run_oof
qwen2p5_7b__arc_test_00084_12ae98c6__temp0.10__seed7,0.3953500972773595,,8,per_run_oof
qwen2p5_7b__arc_test_00084_12ae98c6__temp0.60__seed7,0.22689213518785273,,8,per_run_oof
qwen2p5_7b__arc_test_00084_12ae98c6__temp1.00__seed7,0.29754909982127087,,8,per_run_oof
qwen2p5_7b__arc_test_00085_63d1eedd__temp0.10__seed7,0.20265762704217521,,8,per_run_oof
qwen2p5_7b__arc_test_00085_63d1eedd__temp0.60__seed7,0.19695301682941008,,8,per_run_oof
qwen2p5_7b__arc_test_00085_63d1eedd__temp1.00__seed7,0.2206807721514228,,8,per_run_oof
qwen2p5_7b__arc_test_00086_9f0f396a__temp0.10__seed7,0.21860051929403607,,8,per_run_oof
qwen2p5_7b__arc_test_00086_9f0f396a__temp0.60__seed7,0.19350456700877933,,8,per_run_oof
qwen2p5_7b__arc_test_00086_9f0f396a__temp1.00__seed7,0.24211548357935414,,8,per_run_oof
qwen2p5_7b__arc_test_00087_1238aced__temp0.10__seed7,0.2515197224722322,,8,per_run_oof
qwen2p5_7b__arc_test_00087_1238aced__temp0.60__seed7,0.19763785140611384,,8,per_run_oof
qwen2p5_7b__arc_test_00087_1238aced__temp1.00__seed7,0.2430477471396062,,8,per_run_oof
qwen2p5_7b__arc_test_00088_09b7c1fe__temp0.10__seed7,0.33175488692593247,,8,per_run_oof
qwen2p5_7b__arc_test_00088_09b7c1fe__temp0.60__seed7,0.2326559360695615,,8,per_run_oof
qwen2p5_7b__arc_test_00088_09b7c1fe__temp1.00__seed7,0.2570194676737482,,8,per_run_oof
qwen2p5_7b__arc_test_00089_f6eda772__temp0.10__seed7,0.17806590834317754,,8,per_run_oof
qwen2p5_7b__arc_test_00089_f6eda772__temp0.60__seed7,0.15182293738206018,,8,per_run_oof
qwen2p5_7b__arc_test_00089_f6eda772__temp1.00__seed7,0.15727507938243682,,8,per_run_oof
qwen2p5_7b__arc_test_00090_d52bf241__temp0.10__seed7,0.2480921404437616,,8,per_run_oof
qwen2p5_7b__arc_test_00090_d52bf241__temp0.60__seed7,0.23370623761001516,,8,per_run_oof
qwen2p5_7b__arc_test_00090_d52bf241__temp1.00__seed7,0.3446425654534269,,8,per_run_oof
qwen2p5_7b__arc_test_00091_eec80c32__temp0.10__seed7,0.3156778179323583,,8,per_run_oof
qwen2p5_7b__arc_test_00091_eec80c32__temp0.60__seed7,0.29483257574183946,,8,per_run_oof
qwen2p5_7b__arc_test_00091_eec80c32__temp1.00__seed7,0.17622777360252434,,8,per_run_oof
qwen2p5_7b__arc_test_00092_25cc90e9__temp0.10__seed7,0.3431468937950689,,8,per_run_oof
qwen2p5_7b__arc_test_00092_25cc90e9__temp0.60__seed7,0.42529559509554304,,8,per_run_oof
qwen2p5_7b__arc_test_00092_25cc90e9__temp1.00__seed7,0.37988298751025706,,8,per_run_oof
qwen2p5_7b__arc_test_00093_ffa047d0__temp0.10__seed7,0.18487315586235234,,8,per_run_oof
qwen2p5_7b__arc_test_00093_ffa047d0__temp0.60__seed7,0.18396754989738734,,8,per_run_oof
qwen2p5_7b__arc_test_00093_ffa047d0__temp1.00__seed7,0.16077876189533358,,8,per_run_oof
qwen2p5_7b__arc_test_00094_2b05164d__temp0.10__seed7,0.21136977041028504,,8,per_run_oof
qwen2p5_7b__arc_test_00094_2b05164d__temp0.60__seed7,0.22424707195810262,,8,per_run_oof
qwen2p5_7b__arc_test_00094_2b05164d__temp1.00__seed7,0.25520476339103687,,8,per_run_oof
qwen2p5_7b__arc_test_00095_722bf474__temp0.10__seed7,0.18223728208564313,,8,per_run_oof
qwen2p5_7b__arc_test_00095_722bf474__temp0.60__seed7,0.16566459476017303,,8,per_run_oof
qwen2p5_7b__arc_test_00095_722bf474__temp1.00__seed7,0.16658122322942814,,8,per_run_oof
qwen2p5_7b__arc_test_00096_a416b353__temp0.10__seed7,0.2418407655431837,,8,per_run_oof
qwen2p5_7b__arc_test_00096_a416b353__temp0.60__seed7,0.21620539948056292,,8,per_run_oof
qwen2p5_7b__arc_test_00096_a416b353__temp1.00__seed7,0.20023411095239896,,8,per_run_oof
qwen2p5_7b__arc_test_00097_d48ca1a8__temp0.10__seed7,0.21899577353261032,,8,per_run_oof
qwen2p5_7b__arc_test_00097_d48ca1a8__temp0.60__seed7,0.30109121509968373,0.2857142857142857,8,per_run_oof
qwen2p5_7b__arc_test_00097_d48ca1a8__temp1.00__seed7,0.22150060966811497,,8,per_run_oof
qwen2p5_7b__arc_test_00098_f974ffda__temp0.10__seed7,0.2271810099462436,,8,per_run_oof
qwen2p5_7b__arc_test_00098_f974ffda__temp0.60__seed7,0.23715010308779216,,8,per_run_oof
qwen2p5_7b__arc_test_00098_f974ffda__temp1.00__seed7,0.2176128038783957,,8,per_run_oof
qwen2p5_7b__arc_test_00099_4d9d0c52__temp0.10__seed7,0.23147912004731605,,8,per_run_oof
qwen2p5_7b__arc_test_00099_4d9d0c52__temp0.60__seed7,0.19674047592421026,,8,per_run_oof
qwen2p5_7b__arc_test_00099_4d9d0c52__temp1.00__seed7,0.15441892476850363,,8,per_run_oof
qwen2p5_7b__arc_test_00100_ce179d3c__temp0.10__seed7,0.23997412342227714,,8,per_run_oof
qwen2p5_7b__arc_test_00100_ce179d3c__temp0.60__seed7,0.21735840571314063,,8,per_run_oof
qwen2p5_7b__arc_test_00100_ce179d3c__temp1.00__seed7,0.29766119999850593,0.14285714285714285,8,per_run_oof
qwen2p5_7b__arc_test_00101_d427e017__temp0.10__seed7,0.24081463720631335,,8,per_run_oof
qwen2p5_7b__arc_test_00101_d427e017__temp0.60__seed7,0.3313612683054953,,8,per_run_oof
qwen2p5_7b__arc_test_00101_d427e017__temp1.00__seed7,0.39393995758537115,0.8571428571428571,8,per_run_oof
qwen2p5_7b__arc_test_00102_4c432e78__temp0.10__seed7,0.19860780744340953,,8,per_run_oof
qwen2p5_7b__arc_test_00102_4c432e78__temp0.60__seed7,0.2127134714669448,,8,per_run_oof
qwen2p5_7b__arc_test_00102_4c432e78__temp1.00__seed7,0.20524788694725749,,8,per_run_oof
qwen2p5_7b__arc_test_00103_58df92c7__temp0.10__seed7,0.23128522393716877,,8,per_run_oof
qwen2p5_7b__arc_test_00103_58df92c7__temp0.60__seed7,0.19844664249649535,,8,per_run_oof
qwen2p5_7b__arc_test_00103_58df92c7__temp1.00__seed7,0.17923210888308932,,8,per_run_oof
qwen2p5_7b__arc_test_00104_a0fbbd6b__temp0.10__seed7,0.1953261135855152,,8,per_run_oof
qwen2p5_7b__arc_test_00104_a0fbbd6b__temp0.60__seed7,0.1707289193052885,,8,per_run_oof
qwen2p5_7b__arc_test_00104_a0fbbd6b__temp1.00__seed7,0.2091370574512586,,8,per_run_oof
qwen2p5_7b__arc_test_00105_2d55a679__temp0.10__seed7,0.31213748430249577,,8,per_run_oof
qwen2p5_7b__arc_test_00105_2d55a679__temp0.60__seed7,0.30799576965511094,,8,per_run_oof
qwen2p5_7b__arc_test_00105_2d55a679__temp1.00__seed7,0.37216725153816843,,8,per_run_oof
qwen2p5_7b__arc_test_00106_2a02de88__temp0.10__seed7,0.23754661458231843,,8,per_run_oof
qwen2p5_7b__arc_test_00106_2a02de88__temp0.60__seed7,0.2379767043976265,,8,per_run_oof
qwen2p5_7b__arc_test_00106_2a02de88__temp1.00__seed7,0.14789218184790287,,8,per_run_oof
qwen2p5_7b__arc_test_00107_1ad2fb25__temp0.10__seed7,0.2541562421286361,,8,per_run_oof
qwen2p5_7b__arc_test_00107_1ad2fb25__temp0.60__seed7,0.19349450463202622,,8,per_run_oof
qwen2p5_7b__arc_test_00107_1ad2fb25__temp1.00__seed7,0.22005654060952998,,8,per_run_oof
qwen2p5_7b__arc_test_00108_b35bbe2a__temp0.10__seed7,0.21488032672741048,0.8571428571428572,8,per_run_oof
qwen2p5_7b__arc_test_00108_b35bbe2a__temp0.60__seed7,0.2421131397039234,,8,per_run_oof
qwen2p5_7b__arc_test_00108_b35bbe2a__temp1.00__seed7,0.2866529851171538,,8,per_run_oof
qwen2p5_7b__arc_test_00109_70bcbd08__temp0.10__seed7,0.20700178948828885,,8,per_run_oof
qwen2p5_7b__arc_test_00109_70bcbd08__temp0.60__seed7,0.1881498066909426,,8,per_run_oof
qwen2p5_7b__arc_test_00109_70bcbd08__temp1.00__seed7,0.22530504386250702,,8,per_run_oof
qwen2p5_7b__arc_test_00110_f0d7582a__temp0.10__seed7,0.17482756262083698,,8,per_run_oof
qwen2p5_7b__arc_test_00110_f0d7582a__temp0.60__seed7,0.17994808528692482,,8,per_run_oof
qwen2p5_7b__arc_test_00110_f0d7582a__temp1.00__seed7,0.18972080277892467,,8,per_run_oof
qwen2p5_7b__arc_test_00111_fc89f3f2__temp0.10__seed7,0.26024328963656557,,8,per_run_oof
qwen2p5_7b__arc_test_00111_fc89f3f2__temp0.60__seed7,0.23380536982231404,,8,per_run_oof
qwen2p5_7b__arc_test_00111_fc89f3f2__temp1.00__seed7,0.22467922979995514,,8,per_run_oof
qwen2p5_7b__arc_test_00112_4bcd3ac1__temp0.10__seed7,0.17997492392403366,,8,per_run_oof
qwen2p5_7b__arc_test_00112_4bcd3ac1__temp0.60__seed7,0.32531689461229113,0.8333333333333333,8,per_run_oof
qwen2p5_7b__arc_test_00112_4bcd3ac1__temp1.00__seed7,0.2502446132535776,0.7142857142857143,8,per_run_oof
qwen2p5_7b__arc_test_00113_32901c5f__temp0.10__seed7,0.20160486915702977,,8,per_run_oof
qwen2p5_7b__arc_test_00113_32901c5f__temp0.60__seed7,0.1882370715369901,,8,per_run_oof
qwen2p5_7b__arc_test_00113_32901c5f__temp1.00__seed7,0.24884729072641792,,8,per_run_oof
qwen2p5_7b__arc_test_00114_43d0cf66__temp0.10__seed7,0.24091764172603575,,8,per_run_oof
qwen2p5_7b__arc_test_00114_43d0cf66__temp0.60__seed7,0.19225857080972217,,8,per_run_oof
qwen2p5_7b__arc_test_00114_43d0cf66__temp1.00__seed7,0.19344005953752463,,8,per_run_oof
qwen2p5_7b__arc_test_00115_56efbf0d__temp0.10__seed7,0.18538570081363953,,8,per_run_oof
qwen2p5_7b__arc_test_00115_56efbf0d__temp0.60__seed7,0.18473298736958105,,8,per_run_oof
qwen2p5_7b__arc_test_00115_56efbf0d__temp1.00__seed7,0.18174959268826402,,8,per_run_oof
qwen2p5_7b__arc_test_00116_08d3d129__temp0.10__seed7,0.14985672852612913,,8,per_run_oof
qwen2p5_7b__arc_test_00116_08d3d129__temp0.60__seed7,0.12814698444080178,,8,per_run_oof
qwen2p5_7b__arc_test_00116_08d3d129__temp1.00__seed7,0.13714811270772703,,8,per_run_oof
qwen2p5_7b__arc_test_00117_da3420e1__temp0.10__seed7,0.23081808162497675,0.8571428571428571,8,per_run_oof
qwen2p5_7b__arc_test_00117_da3420e1__temp0.60__seed7,0.24326704702391988,0.42857142857142855,8,per_run_oof
qwen2p5_7b__arc_test_00117_da3420e1__temp1.00__seed7,0.23322025062222,0.5714285714285714,8,per_run_oof
qwen2p5_7b__arc_test_00118_3edfe427__temp0.10__seed7,0.25239110217071653,,8,per_run_oof
qwen2p5_7b__arc_test_00118_3edfe427__temp0.60__seed7,0.20003617841506527,,8,per_run_oof
qwen2p5_7b__arc_test_00118_3edfe427__temp1.00__seed7,0.2176971713294123,,8,per_run_oof
qwen2p5_7b__arc_test_00119_c47d514f__temp0.10__seed7,0.24486795073943665,,8,per_run_oof
qwen2p5_7b__arc_test_00119_c47d514f__temp0.60__seed7,0.23738113983667303,,8,per_run_oof
qwen2p5_7b__arc_test_00119_c47d514f__temp1.00__seed7,0.273783314065412,,8,per_run_oof
qwen2p5_7b__arc_test_00120_b6152894__temp0.10__seed7,0.2574306169961681,,8,per_run_oof
qwen2p5_7b__arc_test_00120_b6152894__temp0.60__seed7,0.19571264424485424,,8,per_run_oof
qwen2p5_7b__arc_test_00120_b6152894__temp1.00__seed7,0.19853740646479262,,8,per_run_oof
qwen2p5_7b__arc_test_00121_817d2f09__temp0.10__seed7,0.3130150390924617,0.5714285714285714,8,per_run_oof
qwen2p5_7b__arc_test_00121_817d2f09__temp0.60__seed7,0.2868977279152126,0.7142857142857143,8,per_run_oof
qwen2p5_7b__arc_test_00121_817d2f09__temp1.00__seed7,0.22454016753213946,,8,per_run_oof
qwen2p5_7b__arc_test_00122_e254ba57__temp0.10__seed7,0.3467141296020065,,8,per_run_oof
qwen2p5_7b__arc_test_00122_e254ba57__temp0.60__seed7,0.2352453994445025,0.8571428571428571,8,per_run_oof
qwen2p5_7b__arc_test_00122_e254ba57__temp1.00__seed7,0.27430056593504915,,8,per_run_oof
qwen2p5_7b__arc_test_00123_79966ff1__temp0.10__seed7,0.1881501207790903,,8,per_run_oof
qwen2p5_7b__arc_test_00123_79966ff1__temp0.60__seed7,0.1796535843447034,,8,per_run_oof
qwen2p5_7b__arc_test_00123_79966ff1__temp1.00__seed7,0.16232898169135174,,8,per_run_oof
qwen2p5_7b__arc_test_00124_fa94e97d__temp0.10__seed7,0.1904654490090107,,8,per_run_oof
qwen2p5_7b__arc_test_00124_fa94e97d__temp0.60__seed7,0.16274361750497637,,8,per_run_oof
qwen2p5_7b__arc_test_00124_fa94e97d__temp1.00__seed7,0.1715675977149126,,8,per_run_oof
qwen2p5_7b__arc_test_00125_37e8898b__temp0.10__seed7,0.2062751668713496,,8,per_run_oof
qwen2p5_7b__arc_test_00125_37e8898b__temp0.60__seed7,0.15959345967360258,,8,per_run_oof
qwen2p5_7b__arc_test_00125_37e8898b__temp1.00__seed7,0.2269232359454328,,8,per_run_oof
qwen2p5_7b__arc_test_00126_455c64d7__temp0.10__seed7,0.19815309032568335,,8,per_run_oof
qwen2p5_7b__arc_test_00126_455c64d7__temp0.60__seed7,0.16694435445246608,,8,per_run_oof
qwen2p5_7b__arc_test_00126_455c64d7__temp1.00__seed7,0.2088067710780407,,8,per_run_oof
qwen2p5_7b__arc_test_00127_9cf81ecf__temp0.10__seed7,0.19993218793186157,,8,per_run_oof
qwen2p5_7b__arc_test_00127_9cf81ecf__temp0.60__seed7,0.20570638457687335,,8,per_run_oof
qwen2p5_7b__arc_test_00127_9cf81ecf__temp1.00__seed7,0.23429073386999189,,8,per_run_oof
qwen2p5_7b__arc_test_00128_ddc460f2__temp0.10__seed7,0.2058104778925905,,8,per_run_oof
qwen2p5_7b__arc_test_00128_ddc460f2__temp0.60__seed7,0.19997201365009692,,8,per_run_oof
qwen2p5_7b__arc_test_00128_ddc460f2__temp1.00__seed7,0.2362489673657966,,8,per_run_oof
qwen2p5_7b__arc_test_00129_fde0c41b__temp0.10__seed7,0.1886555429725033,,8,per_run_oof
qwen2p5_7b__arc_test_00129_fde0c41b__temp0.60__seed7,0.16918783057294426,,8,per_run_oof
qwen2p5_7b__arc_test_00129_fde0c41b__temp1.00__seed7,0.23399805253390393,,8,per_run_oof
qwen2p5_7b__arc_test_00130_b78a68c2__temp0.10__seed7,0.1796246733016586,,8,per_run_oof
qwen2p5_7b__arc_test_00130_b78a68c2__temp0.60__seed7,0.22537044575525644,,8,per_run_oof
qwen2p5_7b__arc_test_00130_b78a68c2__temp1.00__seed7,0.20193616831086345,,8,per_run_oof
qwen2p5_7b__arc_test_00131_1e04f7f3__temp0.10__seed7,0.2015678220893783,,8,per_run_oof
qwen2p5_7b__arc_test_00131_1e04f7f3__temp0.60__seed7,0.17509737367205377,,8,per_run_oof
qwen2p5_7b__arc_test_00131_1e04f7f3__temp1.00__seed7,0.18254158898947637,,8,per_run_oof
qwen2p5_7b__arc_test_00132_3856b48c__temp0.10__seed7,0.17087650674234756,,8,per_run_oof
qwen2p5_7b__arc_test_00132_3856b48c__temp0.60__seed7,0.16078439162218278,,8,per_run_oof
qwen2p5_7b__arc_test_00132_3856b48c__temp1.00__seed7,0.18577147008974965,,8,per_run_oof
qwen2p5_7b__arc_test_00133_fa32a5b7__temp0.10__seed7,0.2790648754625591,,8,per_run_oof
qwen2p5_7b__arc_test_00133_fa32a5b7__temp0.60__seed7,0.23987197567966928,,8,per_run_oof
qwen2p5_7b__arc_test_00133_fa32a5b7__temp1.00__seed7,0.2796952334509183,,8,per_run_oof
qwen2p5_7b__arc_test_00134_19415ae4__temp0.10__seed7,0.37957221753504516,,8,per_run_oof
qwen2p5_7b__arc_test_00134_19415ae4__temp0.60__seed7,0.3242576951331969,,8,per_run_oof
qwen2p5_7b__arc_test_00134_19415ae4__temp1.00__seed7,0.18367037985761897,,8,per_run_oof
qwen2p5_7b__arc_test_00135_f4ce879e__temp0.10__seed7,0.27442748700049224,,8,per_run_oof
qwen2p5_7b__arc_test_00135_f4ce879e__temp0.60__seed7,0.3094551207510672,,8,per_run_oof
qwen2p5_7b__arc_test_00135_f4ce879e__temp1.00__seed7,0.29270927042454414,,8,per_run_oof
qwen2p5_7b__arc_test_00136_35b5670f__temp0.10__seed7,0.2659213370464782,,8,per_run_oof
qwen2p5_7b__arc_test_00136_35b5670f__temp0.60__seed7,0.24064673197094902,,8,per_run_oof
qwen2p5_7b__arc_test_00136_35b5670f__temp1.00__seed7,0.22743370452373848,,8,per_run_oof
qwen2p5_7b__arc_test_00137_308a8747__temp0.10__seed7,0.30998125497093393,0.25,8,per_run_oof
qwen2p5_7b__arc_test_00137_308a8747__temp0.60__seed7,0.3648585877205712,0.42857142857142855,8,per_run_oof
qwen2p5_7b__arc_test_00137_308a8747__temp1.00__seed7,0.28086202300145735,0.75,8,per_run_oof
qwen2p5_7b__arc_test_00138_7b80c598__temp0.10__seed7,0.15932597273494797,,8,per_run_oof
qwen2p5_7b__arc_test_00138_7b80c598__temp0.60__seed7,0.18232496932397202,,8,per_run_oof
qwen2p5_7b__arc_test_00138_7b80c598__temp1.00__seed7,0.1872109814937942,,8,per_run_oof
qwen2p5_7b__arc_test_00139_889893b5__temp0.10__seed7,0.2097247492927617,,8,per_run_oof
qwen2p5_7b__arc_test_00139_889893b5__temp0.60__seed7,0.1696094573354644,,8,per_run_oof
qwen2p5_7b__arc_test_00139_889893b5__temp1.00__seed7,0.29155546048846115,,8,per_run_oof
qwen2p5_7b__arc_test_00140_af156b8d__temp0.10__seed7,0.23456707361804732,,8,per_run_oof
qwen2p5_7b__arc_test_00140_af156b8d__temp0.60__seed7,0.24433968804230438,,8,per_run_oof
qwen2p5_7b__arc_test_00140_af156b8d__temp1.00__seed7,0.19819780944906057,,8,per_run_oof
qwen2p5_7b__arc_test_00141_38c02509__temp0.10__seed7,0.30462179401016964,,8,per_run_oof
qwen2p5_7b__arc_test_00141_38c02509__temp0.60__seed7,0.4651374247426242,,8,per_run_oof
qwen2p5_7b__arc_test_00141_38c02509__temp1.00__seed7,0.3556296786165935,,8,per_run_oof
qwen2p5_7b__arc_test_00142_8f55df16__temp0.10__seed7,0.2616596640972464,,8,per_run_oof
qwen2p5_7b__arc_test_00142_8f55df16__temp0.60__seed7,0.24621668379576891,,8,per_run_oof
qwen2p5_7b__arc_test_00142_8f55df16__temp1.00__seed7,0.24057811365334256,,8,per_run_oof
qwen2p5_7b__arc_test_00143_f01860a1__temp0.10__seed7,0.16284768671267089,,8,per_run_oof
qwen2p5_7b__arc_test_00143_f01860a1__temp0.60__seed7,0.19824958737827814,,8,per_run_oof
qwen2p5_7b__arc_test_00143_f01860a1__temp1.00__seed7,0.18663100204491548,,8,per_run_oof
qwen2p5_7b__arc_test_00144_27670959__temp0.10__seed7,0.31473502109672313,0.8571428571428571,8,per_run_oof
qwen2p5_7b__arc_test_00144_27670959__temp0.60__seed7,0.2398858675621929,,8,per_run_oof
qwen2p5_7b__arc_test_00144_27670959__temp1.00__seed7,0.18368913893927485,,8,per_run_oof
qwen2p5_7b__arc_test_00145_75096f81__temp0.10__seed7,0.15936394526477154,,8,per_run_oof
qwen2p5_7b__arc_test_00145_75096f81__temp0.60__seed7,0.20936407581669925,,8,per_run_oof
qwen2p5_7b__arc_test_00145_75096f81__temp1.00__seed7,0.2334574478533576,,8,per_run_oof
qwen2p5_7b__arc_test_00146_2b88c50d__temp0.10__seed7,0.1915145624570338,,8,per_run_oof
qwen2p5_7b__arc_test_00146_2b88c50d__temp0.60__seed7,0.16044950456360474,,8,per_run_oof
qwen2p5_7b__arc_test_00146_2b88c50d__temp1.00__seed7,0.1410245534295137,,8,per_run_oof
qwen2p5_7b__arc_test_00147_e6a31c8f__temp0.10__seed7,0.1246413016517795,,8,per_run_oof
qwen2p5_7b__arc_test_00147_e6a31c8f__temp0.60__seed7,0.17458235230854147,,8,per_run_oof
qwen2p5_7b__arc_test_00147_e6a31c8f__temp1.00__seed7,0.16757398330002538,,8,per_run_oof
qwen2p5_7b__arc_test_00148_58c7396e__temp0.10__seed7,0.23718675330118927,,8,per_run_oof
qwen2p5_7b__arc_test_00148_58c7396e__temp0.60__seed7,0.24505737150571194,,8,per_run_oof
qwen2p5_7b__arc_test_00148_58c7396e__temp1.00__seed7,0.2819221572809805,,8,per_run_oof
qwen2p5_7b__arc_test_00149_8c977ff0__temp0.10__seed7,0.24536276311914318,,8,per_run_oof
qwen2p5_7b__arc_test_00149_8c977ff0__temp0.60__seed7,0.26851780008976556,,8,per_run_oof
qwen2p5_7b__arc_test_00149_8c977ff0__temp1.00__seed7,0.2926624230381236,,8,per_run_oof
qwen2p5_7b__arc_test_00150_9a244739__temp0.10__seed7,0.20819685295090729,,8,per_run_oof
qwen2p5_7b__arc_test_00150_9a244739__temp0.60__seed7,0.2824389860572303,,8,per_run_oof
qwen2p5_7b__arc_test_00150_9a244739__temp1.00__seed7,0.20824910766929877,,8,per_run_oof
qwen2p5_7b__arc_test_00151_80fd0076__temp0.10__seed7,0.3899848577864113,,8,per_run_oof
qwen2p5_7b__arc_test_00151_80fd0076__temp0.60__seed7,0.47906414121778795,,8,per_run_oof
qwen2p5_7b__arc_test_00151_80fd0076__temp1.00__seed7,0.16345025034378743,0.4285714285714286,8,per_run_oof
qwen2p5_7b__arc_test_00152_5e9217b5__temp0.10__seed7,0.2632453743618828,,8,per_run_oof
qwen2p5_7b__arc_test_00152_5e9217b5__temp0.60__seed7,0.22564781881814225,,8,per_run_oof
qwen2p5_7b__arc_test_00152_5e9217b5__temp1.00__seed7,0.3223261019286291,,8,per_run_oof
qwen2p5_7b__arc_test_00153_2d4afb75__temp0.10__seed7,0.2538751772968296,,8,per_run_oof
qwen2p5_7b__arc_test_00153_2d4afb75__temp0.60__seed7,0.2448184166872629,,8,per_run_oof
qwen2p5_7b__arc_test_00153_2d4afb75__temp1.00__seed7,0.24488408192026612,,8,per_run_oof
qwen2p5_7b__arc_test_00154_224d0261__temp0.10__seed7,0.18032006952910068,,8,per_run_oof
qwen2p5_7b__arc_test_00154_224d0261__temp0.60__seed7,0.17075626895279594,,8,per_run_oof
qwen2p5_7b__arc_test_00154_224d0261__temp1.00__seed7,0.23660282398446378,,8,per_run_oof
qwen2p5_7b__arc_test_00155_ca1b941c__temp0.10__seed7,0.3500358692936863,,8,per_run_oof
qwen2p5_7b__arc_test_00155_ca1b941c__temp0.60__seed7,0.2719107182121983,,8,per_run_oof
qwen2p5_7b__arc_test_00155_ca1b941c__temp1.00__seed7,0.2134691712620861,,8,per_run_oof
qwen2p5_7b__arc_test_00156_ee094300__temp0.10__seed7,0.24495034372547808,,8,per_run_oof
qwen2p5_7b__arc_test_00156_ee094300__temp0.60__seed7,0.19263669894793115,,8,per_run_oof
qwen2p5_7b__arc_test_00156_ee094300__temp1.00__seed7,0.23123260834263937,,8,per_run_oof
qwen2p5_7b__arc_test_00157_f89a1068__temp0.10__seed7,0.14833444619194652,,8,per_run_oof
qwen2p5_7b__arc_test_00157_f89a1068__temp0.60__seed7,0.1749408899802894,,8,per_run_oof
qwen2p5_7b__arc_test_00157_f89a1068__temp1.00__seed7,0.2068433124723287,,8,per_run_oof
qwen2p5_7b__arc_test_00158_ec72f274__temp0.10__seed7,0.3657350324003029,,8,per_run_oof
qwen2p5_7b__arc_test_00158_ec72f274__temp0.60__seed7,0.20645296014307024,,8,per_run_oof
qwen2p5_7b__arc_test_00158_ec72f274__temp1.00__seed7,0.2573584091672168,,8,per_run_oof
qwen2p5_7b__arc_test_00159_33a9d07e__temp0.10__seed7,0.17551088475812798,,8,per_run_oof
qwen2p5_7b__arc_test_00159_33a9d07e__temp0.60__seed7,0.15611521913577292,,8,per_run_oof
qwen2p5_7b__arc_test_00159_33a9d07e__temp1.00__seed7,0.20227306703177783,,8,per_run_oof
qwen2p5_7b__arc_test_00160_c1c6d9ce__temp0.10__seed7,0.3530140215753056,,8,per_run_oof
qwen2p5_7b__arc_test_00160_c1c6d9ce__temp0.60__seed7,0.2155030215026471,0.5833333333333334,8,per_run_oof
qwen2p5_7b__arc_test_00160_c1c6d9ce__temp1.00__seed7,0.323124620359311,0.8571428571428571,8,per_run_oof
qwen2p5_7b__arc_test_00161_7109ff3c__temp0.10__seed7,0.23436956737970208,0.1428571428571429,8,per_run_oof
qwen2p5_7b__arc_test_00161_7109ff3c__temp0.60__seed7,0.3535349829555906,,8,per_run_oof
qwen2p5_7b__arc_test_00161_7109ff3c__temp1.00__seed7,0.5070219049755762,,8,per_run_oof
qwen2p5_7b__arc_test_00162_ac76e6c7__temp0.10__seed7,0.2495651572152466,,8,per_run_oof
qwen2p5_7b__arc_test_00162_ac76e6c7__temp0.60__seed7,0.25207988758963706,,8,per_run_oof
qwen2p5_7b__arc_test_00162_ac76e6c7__temp1.00__seed7,0.20297059576219587,,8,per_run_oof
qwen2p5_7b__arc_test_00163_a8dc8e64__temp0.10__seed7,0.19877177550867853,,8,per_run_oof
qwen2p5_7b__arc_test_00163_a8dc8e64__temp0.60__seed7,0.2533834190601383,,8,per_run_oof
qwen2p5_7b__arc_test_00163_a8dc8e64__temp1.00__seed7,0.17982170523206428,,8,per_run_oof
qwen2p5_7b__arc_test_00164_c6cd4e9d__temp0.10__seed7,0.23096216296808694,,8,per_run_oof
qwen2p5_7b__arc_test_00164_c6cd4e9d__temp0.60__seed7,0.19164676873956885,,8,per_run_oof
qwen2p5_7b__arc_test_00164_c6cd4e9d__temp1.00__seed7,0.18711950857624882,,8,per_run_oof
qwen2p5_7b__arc_test_00165_5ab82acf__temp0.10__seed7,0.2957253861048843,,8,per_run_oof
qwen2p5_7b__arc_test_00165_5ab82acf__temp0.60__seed7,0.24148678284135494,,8,per_run_oof
qwen2p5_7b__arc_test_00165_5ab82acf__temp1.00__seed7,0.2699015938178199,,8,per_run_oof
qwen2p5_7b__arc_test_00166_ef208ee6__temp0.10__seed7,0.23629147877472673,,8,per_run_oof
qwen2p5_7b__arc_test_00166_ef208ee6__temp0.60__seed7,0.17543024123385617,0.5714285714285714,8,per_run_oof
qwen2p5_7b__arc_test_00166_ef208ee6__temp1.00__seed7,0.26648337545642264,0.8571428571428571,8,per_run_oof
qwen2p5_7b__arc_test_00167_35cdcebc__temp0.10__seed7,0.16679609542211604,,8,per_run_oof
qwen2p5_7b__arc_test_00167_35cdcebc__temp0.60__seed7,0.2056543805070022,,8,per_run_oof
qwen2p5_7b__arc_test_00167_35cdcebc__temp1.00__seed7,0.1954274957307875,,8,per_run_oof
qwen2p5_7b__arc_test_00168_b255fa40__temp0.10__seed7,0.2214163086850033,,8,per_run_oof
qwen2p5_7b__arc_test_00168_b255fa40__temp0.60__seed7,0.2856310375437768,,8,per_run_oof
qwen2p5_7b__arc_test_00168_b255fa40__temp1.00__seed7,0.19790703616226551,,8,per_run_oof
qwen2p5_7b__arc_test_00169_a1607bcb__temp0.10__seed7,0.3219598169627297,,8,per_run_oof
qwen2p5_7b__arc_test_00169_a1607bcb__temp0.60__seed7,0.338448327904884,,8,per_run_oof
qwen2p5_7b__arc_test_00169_a1607bcb__temp1.00__seed7,0.20984711241544052,,8,per_run_oof
qwen2p5_7b__arc_test_00170_f44cfa7e__temp0.10__seed7,0.23367453806093752,,8,per_run_oof
qwen2p5_7b__arc_test_00170_f44cfa7e__temp0.60__seed7,0.3142132171596085,,8,per_run_oof
qwen2p5_7b__arc_test_00170_f44cfa7e__temp1.00__seed7,0.246687614328255,,8,per_run_oof
qwen2p5_7b__arc_test_00171_612c4710__temp0.10__seed7,0.2247806657249503,,8,per_run_oof
qwen2p5_7b__arc_test_00171_612c4710__temp0.60__seed7,0.2675993148818003,,8,per_run_oof
qwen2p5_7b__arc_test_00171_612c4710__temp1.00__seed7,0.19725453129923856,,8,per_run_oof
qwen2p5_7b__arc_test_00172_c90d6043__temp0.10__seed7,0.32347822483550703,0.2,8,per_run_oof
qwen2p5_7b__arc_test_00172_c90d6043__temp0.60__seed7,0.1975981863506477,,8,per_run_oof
qwen2p5_7b__arc_test_00172_c90d6043__temp1.00__seed7,0.17857361778789027,,8,per_run_oof
qwen2p5_7b__arc_test_00173_627098d1__temp0.10__seed7,0.1732760026015688,,8,per_run_oof
qwen2p5_7b__arc_test_00173_627098d1__temp0.60__seed7,0.21451520656794704,,8,per_run_oof
qwen2p5_7b__arc_test_00173_627098d1__temp1.00__seed7,0.17740850648883283,,8,per_run_oof
qwen2p5_7b__arc_test_00174_5f5df804__temp0.10__seed7,0.13399554485481807,,8,per_run_oof
qwen2p5_7b__arc_test_00174_5f5df804__temp0.60__seed7,0.2691487942714009,,8,per_run_oof
qwen2p5_7b__arc_test_00174_5f5df804__temp1.00__seed7,0.1643692801781152,,8,per_run_oof
qwen2p5_7b__arc_test_00175_eb8d450c__temp0.10__seed7,0.23553739443241978,,8,per_run_oof
qwen2p5_7b__arc_test_00175_eb8d450c__temp0.60__seed7,0.23298099347467383,,8,per_run_oof
qwen2p5_7b__arc_test_00175_eb8d450c__temp1.00__seed7,0.21612777725483343,,8,per_run_oof
qwen2p5_7b__arc_test_00176_9044ff73__temp0.10__seed7,0.17599428956212157,,8,per_run_oof
qwen2p5_7b__arc_test_00176_9044ff73__temp0.60__seed7,0.15622660086854226,,8,per_run_oof
qwen2p5_7b__arc_test_00176_9044ff73__temp1.00__seed7,0.2025692710951261,,8,per_run_oof
qwen2p5_7b__arc_test_00177_ecdb4f07__temp0.10__seed7,0.37160390119517683,0.14285714285714285,8,per_run_oof
qwen2p5_7b__arc_test_00177_ecdb4f07__temp0.60__seed7,0.4222913421828659,,8,per_run_oof
qwen2p5_7b__arc_test_00177_ecdb4f07__temp1.00__seed7,0.2780969474592637,,8,per_run_oof
qwen2p5_7b__arc_test_00178_b35de25d__temp0.10__seed7,0.1837512139710435,,8,per_run_oof
qwen2p5_7b__arc_test_00178_b35de25d__temp0.60__seed7,0.1727529726615589,,8,per_run_oof
qwen2p5_7b__arc_test_00178_b35de25d__temp1.00__seed7,0.21450264322767132,,8,per_run_oof
qwen2p5_7b__arc_test_00179_9aae52b3__temp0.10__seed7,0.24995885082946492,,8,per_run_oof
qwen2p5_7b__arc_test_00179_9aae52b3__temp0.60__seed7,0.21553741200926493,,8,per_run_oof
qwen2p5_7b__arc_test_00179_9aae52b3__temp1.00__seed7,0.2442776371585344,,8,per_run_oof
qwen2p5_7b__arc_test_00180_5b3b7513__temp0.10__seed7,0.1952145712442807,,8,per_run_oof
qwen2p5_7b__arc_test_00180_5b3b7513__temp0.60__seed7,0.22420512528271552,,8,per_run_oof
qwen2p5_7b__arc_test_00180_5b3b7513__temp1.00__seed7,0.20385962401932034,,8,per_run_oof
qwen2p5_7b__arc_test_00181_676f95f8__temp0.10__seed7,0.22495227808515383,,8,per_run_oof
qwen2p5_7b__arc_test_00181_676f95f8__temp0.60__seed7,0.2724932638299369,,8,per_run_oof
qwen2p5_7b__arc_test_00181_676f95f8__temp1.00__seed7,0.2824870509240023,,8,per_run_oof
qwen2p5_7b__arc_test_00182_8e34a240__temp0.10__seed7,0.1896899823141661,0.4285714285714286,8,per_run_oof
qwen2p5_7b__arc_test_00182_8e34a240__temp0.60__seed7,0.2681144746601296,0.16666666666666663,8,per_run_oof
qwen2p5_7b__arc_test_00182_8e34a240__temp1.00__seed7,0.32590870658815185,0.46666666666666673,8,per_run_oof
qwen2p5_7b__arc_test_00183_bde98ede__temp0.10__seed7,0.12751055835657701,,8,per_run_oof
qwen2p5_7b__arc_test_00183_bde98ede__temp0.60__seed7,0.14359810293486888,,8,per_run_oof
qwen2p5_7b__arc_test_00183_bde98ede__temp1.00__seed7,0.1494796188353052,,8,per_run_oof
qwen2p5_7b__arc_test_00184_6aa6fe3b__temp0.10__seed7,0.25787917698632395,,8,per_run_oof
qwen2p5_7b__arc_test_00184_6aa6fe3b__temp0.60__seed7,0.2838522956506888,,8,per_run_oof
qwen2p5_7b__arc_test_00184_6aa6fe3b__temp1.00__seed7,0.2831917884466699,,8,per_run_oof
qwen2p5_7b__arc_test_00185_3532a91b__temp0.10__seed7,0.2586508223747234,,8,per_run_oof
qwen2p5_7b__arc_test_00185_3532a91b__temp0.60__seed7,0.2955492109041581,,8,per_run_oof
qwen2p5_7b__arc_test_00185_3532a91b__temp1.00__seed7,0.26425643588413467,0.42857142857142855,8,per_run_oof
qwen2p5_7b__arc_test_00186_b155986b__temp0.10__seed7,0.3294448066312675,,8,per_run_oof
qwen2p5_7b__arc_test_00186_b155986b__temp0.60__seed7,0.25128236078804966,,8,per_run_oof
qwen2p5_7b__arc_test_00186_b155986b__temp1.00__seed7,0.26200371372233444,0.5,8,per_run_oof
qwen2p5_7b__arc_test_00187_8b14d075__temp0.10__seed7,0.20228713357594635,,8,per_run_oof
qwen2p5_7b__arc_test_00187_8b14d075__temp0.60__seed7,0.2797312575701043,,8,per_run_oof
qwen2p5_7b__arc_test_00187_8b14d075__temp1.00__seed7,0.28558374148428434,,8,per_run_oof
qwen2p5_7b__arc_test_00188_cba61eb1__temp0.10__seed7,0.22105305228520578,,8,per_run_oof
qwen2p5_7b__arc_test_00188_cba61eb1__temp0.60__seed7,0.19656843491068846,,8,per_run_oof
qwen2p5_7b__arc_test_00188_cba61eb1__temp1.00__seed7,0.1911272549461818,,8,per_run_oof
qwen2p5_7b__arc_test_00189_40e3fa22__temp0.10__seed7,0.1519010035647833,,8,per_run_oof
qwen2p5_7b__arc_test_00189_40e3fa22__temp0.60__seed7,0.1786593619923052,,8,per_run_oof
qwen2p5_7b__arc_test_00189_40e3fa22__temp1.00__seed7,0.1688724310856267,,8,per_run_oof
qwen2p5_7b__arc_test_00190_7dd0fb1b__temp0.10__seed7,0.23959577561593787,,8,per_run_oof
qwen2p5_7b__arc_test_00190_7dd0fb1b__temp0.60__seed7,0.17785728770794884,,8,per_run_oof
qwen2p5_7b__arc_test_00190_7dd0fb1b__temp1.00__seed7,0.17738425700270688,,8,per_run_oof
qwen2p5_7b__arc_test_00191_ff19377e__temp0.10__seed7,0.2811937542046766,,8,per_run_oof
qwen2p5_7b__arc_test_00191_ff19377e__temp0.60__seed7,0.22969353607702137,,8,per_run_oof
qwen2p5_7b__arc_test_00191_ff19377e__temp1.00__seed7,0.2156630917137623,,8,per_run_oof
qwen2p5_7b__arc_test_00192_07e59469__temp0.10__seed7,0.1979305344594947,0.5833333333333333,8,per_run_oof
qwen2p5_7b__arc_test_00192_07e59469__temp0.60__seed7,0.26311540171756526,0.0,8,per_run_oof
qwen2p5_7b__arc_test_00192_07e59469__temp1.00__seed7,0.29379561665837944,0.8571428571428571,8,per_run_oof
qwen2p5_7b__arc_test_00193_4793d226__temp0.10__seed7,0.4250832783575508,,8,per_run_oof
qwen2p5_7b__arc_test_00193_4793d226__temp0.60__seed7,0.3468551966833635,,8,per_run_oof
qwen2p5_7b__arc_test_00193_4793d226__temp1.00__seed7,0.2141042633091701,,8,per_run_oof
qwen2p5_7b__arc_test_00194_538d24a9__temp0.10__seed7,0.1569511564859566,,8,per_run_oof
qwen2p5_7b__arc_test_00194_538d24a9__temp0.60__seed7,0.15934569012680955,,8,per_run_oof
qwen2p5_7b__arc_test_00194_538d24a9__temp1.00__seed7,0.1429824112820351,,8,per_run_oof
qwen2p5_7b__arc_test_00195_21dd34ee__temp0.10__seed7,0.27428296887920633,,8,per_run_oof
qwen2p5_7b__arc_test_00195_21dd34ee__temp0.60__seed7,0.22108654876121536,0.5714285714285714,8,per_run_oof
qwen2p5_7b__arc_test_00195_21dd34ee__temp1.00__seed7,0.32947633794860104,,8,per_run_oof
qwen2p5_7b__arc_test_00196_6dcd8a63__temp0.10__seed7,0.19794594483031222,,8,per_run_oof
qwen2p5_7b__arc_test_00196_6dcd8a63__temp0.60__seed7,0.18264917503195782,,8,per_run_oof
qwen2p5_7b__arc_test_00196_6dcd8a63__temp1.00__seed7,0.22020606418567643,,8,per_run_oof
qwen2p5_7b__arc_test_00197_69e8335d__temp0.10__seed7,0.1931629359515994,,8,per_run_oof
qwen2p5_7b__arc_test_00197_69e8335d__temp0.60__seed7,0.24250371227647283,,8,per_run_oof
qwen2p5_7b__arc_test_00197_69e8335d__temp1.00__seed7,0.18686540029595727,,8,per_run_oof
qwen2p5_7b__arc_test_00198_f407d662__temp0.10__seed7,0.2934444382997361,,8,per_run_oof
qwen2p5_7b__arc_test_00198_f407d662__temp0.60__seed7,0.21596302434232428,,8,per_run_oof
qwen2p5_7b__arc_test_00198_f407d662__temp1.00__seed7,0.24552497255750216,,8,per_run_oof
qwen2p5_7b__arc_test_00199_989978c5__temp0.10__seed7,0.24186300630696794,,8,per_run_oof
qwen2p5_7b__arc_test_00199_989978c5__temp0.60__seed7,0.2330228296683601,,8,per_run_oof
qwen2p5_7b__arc_test_00199_989978c5__temp1.00__seed7,0.290631945226384,,8,per_run_oof
qwen2p5_7b__arc_test_00200_baff531a__temp0.10__seed7,0.17580928822679248,,8,per_run_oof
qwen2p5_7b__arc_test_00200_baff531a__temp0.60__seed7,0.1724960064234782,,8,per_run_oof
qwen2p5_7b__arc_test_00200_baff531a__temp1.00__seed7,0.2534309350798012,,8,per_run_oof
qwen2p5_7b__arc_test_00201_ee325462__temp0.10__seed7,0.2180621168212573,,8,per_run_oof
qwen2p5_7b__arc_test_00201_ee325462__temp0.60__seed7,0.23866893387308502,,8,per_run_oof
qwen2p5_7b__arc_test_00201_ee325462__temp1.00__seed7,0.2593229639524856,,8,per_run_oof
qwen2p5_7b__arc_test_00202_46459f16__temp0.10__seed7,0.1393048905609863,,8,per_run_oof
qwen2p5_7b__arc_test_00202_46459f16__temp0.60__seed7,0.18682952437388223,,8,per_run_oof
qwen2p5_7b__arc_test_00202_46459f16__temp1.00__seed7,0.153062684915381,,8,per_run_oof
qwen2p5_7b__arc_test_00203_0b706945__temp0.10__seed7,0.15843289864814325,,8,per_run_oof
qwen2p5_7b__arc_test_00203_0b706945__temp0.60__seed7,0.2584687752630331,,8,per_run_oof
qwen2p5_7b__arc_test_00203_0b706945__temp1.00__seed7,0.18472767013983704,,8,per_run_oof
qwen2p5_7b__arc_test_00204_71e57156__temp0.10__seed7,0.1810913195753145,,8,per_run_oof
qwen2p5_7b__arc_test_00204_71e57156__temp0.60__seed7,0.14661953015040297,,8,per_run_oof
qwen2p5_7b__arc_test_00204_71e57156__temp1.00__seed7,0.1463186853689383,,8,per_run_oof
qwen2p5_7b__arc_test_00205_79bd34ae__temp0.10__seed7,0.2491323780269231,,8,per_run_oof
qwen2p5_7b__arc_test_00205_79bd34ae__temp0.60__seed7,0.18312643617016716,,8,per_run_oof
qwen2p5_7b__arc_test_00205_79bd34ae__temp1.00__seed7,0.19832159174466762,,8,per_run_oof
qwen2p5_7b__arc_test_00206_9aa565bd__temp0.10__seed7,0.26895521337035955,,8,per_run_oof
qwen2p5_7b__arc_test_00206_9aa565bd__temp0.60__seed7,0.22935379575769638,,8,per_run_oof
qwen2p5_7b__arc_test_00206_9aa565bd__temp1.00__seed7,0.27131234873454224,,8,per_run_oof
qwen2p5_7b__arc_test_00207_426a6b0b__temp0.10__seed7,0.24124235823475557,,8,per_run_oof
qwen2p5_7b__arc_test_00207_426a6b0b__temp0.60__seed7,0.3116054465454338,,8,per_run_oof
qwen2p5_7b__arc_test_00207_426a6b0b__temp1.00__seed7,0.21829630529019858,,8,per_run_oof
qwen2p5_7b__arc_test_00208_e7e8e33f__temp0.10__seed7,0.2636862071014327,,8,per_run_oof
qwen2p5_7b__arc_test_00208_e7e8e33f__temp0.60__seed7,0.2603075744297722,,8,per_run_oof
qwen2p5_7b__arc_test_00208_e7e8e33f__temp1.00__seed7,0.25140847886304263,,8,per_run_oof
qwen2p5_7b__arc_test_00209_0c33d577__temp0.10__seed7,0.21998777555016646,,8,per_run_oof
qwen2p5_7b__arc_test_00209_0c33d577__temp0.60__seed7,0.18571625488527022,,8,per_run_oof
qwen2p5_7b__arc_test_00209_0c33d577__temp1.00__seed7,0.16369233493287122,,8,per_run_oof
qwen2p5_7b__arc_test_00210_3822e3fd__temp0.10__seed7,0.2693686560189159,,8,per_run_oof
qwen2p5_7b__arc_test_00210_3822e3fd__temp0.60__seed7,0.2056390903162891,,8,per_run_oof
qwen2p5_7b__arc_test_00210_3822e3fd__temp1.00__seed7,0.28657885058023075,,8,per_run_oof
qwen2p5_7b__arc_test_00211_313873fb__temp0.10__seed7,0.37906838683701455,0.8571428571428571,8,per_run_oof
qwen2p5_7b__arc_test_00211_313873fb__temp0.60__seed7,0.24943687689165536,,8,per_run_oof
qwen2p5_7b__arc_test_00211_313873fb__temp1.00__seed7,0.18631381221655308,,8,per_run_oof
qwen2p5_7b__arc_test_00212_d175ae79__temp0.10__seed7,0.21983389228211359,,8,per_run_oof
qwen2p5_7b__arc_test_00212_d175ae79__temp0.60__seed7,0.1906226954053456,,8,per_run_oof
qwen2p5_7b__arc_test_00212_d175ae79__temp1.00__seed7,0.2334398674119718,,8,per_run_oof
qwen2p5_7b__arc_test_00213_5e4158c2__temp0.10__seed7,0.13750299665718588,,8,per_run_oof
qwen2p5_7b__arc_test_00213_5e4158c2__temp0.60__seed7,0.16668592262693757,,8,per_run_oof
qwen2p5_7b__arc_test_00213_5e4158c2__temp1.00__seed7,0.16404707293114507,,8,per_run_oof
qwen2p5_7b__arc_test_00214_209b3efe__temp0.10__seed7,0.25251417837924667,,8,per_run_oof
qwen2p5_7b__arc_test_00214_209b3efe__temp0.60__seed7,0.2107110277723515,,8,per_run_oof
qwen2p5_7b__arc_test_00214_209b3efe__temp1.00__seed7,0.2267729996449996,,8,per_run_oof
qwen2p5_7b__arc_test_00215_be1ebc8b__temp0.10__seed7,0.1624471986031419,,8,per_run_oof
qwen2p5_7b__arc_test_00215_be1ebc8b__temp0.60__seed7,0.20947993331973552,,8,per_run_oof
qwen2p5_7b__arc_test_00215_be1ebc8b__temp1.00__seed7,0.22163103041370513,,8,per_run_oof
qwen2p5_7b__arc_test_00216_ab4703bf__temp0.10__seed7,0.1944725281494005,0.9333333333333333,8,per_run_oof
qwen2p5_7b__arc_test_00216_ab4703bf__temp0.60__seed7,0.19133054767118463,1.0,8,per_run_oof
qwen2p5_7b__arc_test_00216_ab4703bf__temp1.00__seed7,0.21115282699633212,,8,per_run_oof
qwen2p5_7b__arc_test_00217_bf4df470__temp0.10__seed7,0.21418695241703578,,8,per_run_oof
qwen2p5_7b__arc_test_00217_bf4df470__temp0.60__seed7,0.18989192563527288,,8,per_run_oof
qwen2p5_7b__arc_test_00217_bf4df470__temp1.00__seed7,0.18857002788049365,,8,per_run_oof
qwen2p5_7b__arc_test_00218_46fcf61c__temp0.10__seed7,0.16197246955540762,,8,per_run_oof
qwen2p5_7b__arc_test_00218_46fcf61c__temp0.60__seed7,0.21467795611375093,,8,per_run_oof
qwen2p5_7b__arc_test_00218_46fcf61c__temp1.00__seed7,0.16691708119907572,,8,per_run_oof
qwen2p5_7b__arc_test_00219_c870c797__temp0.10__seed7,0.29784962420314975,,8,per_run_oof
qwen2p5_7b__arc_test_00219_c870c797__temp0.60__seed7,0.24864097526519868,,8,per_run_oof
qwen2p5_7b__arc_test_00219_c870c797__temp1.00__seed7,0.2389880520547047,,8,per_run_oof
qwen2p5_7b__arc_test_00220_097cf44e__temp0.10__seed7,0.1858256277079332,,8,per_run_oof
qwen2p5_7b__arc_test_00220_097cf44e__temp0.60__seed7,0.2373337760814326,,8,per_run_oof
qwen2p5_7b__arc_test_00220_097cf44e__temp1.00__seed7,0.25780727072328274,,8,per_run_oof
qwen2p5_7b__arc_test_00221_5bd5f5b6__temp0.10__seed7,0.12476379808755271,,8,per_run_oof
qwen2p5_7b__arc_test_00221_5bd5f5b6__temp0.60__seed7,0.11824000379447686,,8,per_run_oof
qwen2p5_7b__arc_test_00221_5bd5f5b6__temp1.00__seed7,0.11305914961677709,,8,per_run_oof
qwen2p5_7b__arc_test_00222_a684f4f8__temp0.10__seed7,0.2552956774046536,,8,per_run_oof
qwen2p5_7b__arc_test_00222_a684f4f8__temp0.60__seed7,0.203354352302421,,8,per_run_oof
qwen2p5_7b__arc_test_00222_a684f4f8__temp1.00__seed7,0.2876005152152378,,8,per_run_oof
qwen2p5_7b__arc_test_00223_6e7d642d__temp0.10__seed7,0.24000523465156928,,8,per_run_oof
qwen2p5_7b__arc_test_00223_6e7d642d__temp0.60__seed7,0.20970195658358448,,8,per_run_oof
qwen2p5_7b__arc_test_00223_6e7d642d__temp1.00__seed7,0.22336845307370948,,8,per_run_oof
qwen2p5_7b__arc_test_00224_582d24d6__temp0.10__seed7,0.45755736716285234,,8,per_run_oof
qwen2p5_7b__arc_test_00224_582d24d6__temp0.60__seed7,0.1896566619622821,,8,per_run_oof
qwen2p5_7b__arc_test_00224_582d24d6__temp1.00__seed7,0.18410796583199662,,8,per_run_oof
qwen2p5_7b__arc_test_00225_da3fac34__temp0.10__seed7,0.24332591238933854,,8,per_run_oof
qwen2p5_7b__arc_test_00225_da3fac34__temp0.60__seed7,0.22431411775558124,,8,per_run_oof
qwen2p5_7b__arc_test_00225_da3fac34__temp1.00__seed7,0.3043940093277191,,8,per_run_oof
qwen2p5_7b__arc_test_00226_73745ecc__temp0.10__seed7,0.22843768694565134,0.5714285714285714,8,per_run_oof
qwen2p5_7b__arc_test_00226_73745ecc__temp0.60__seed7,0.16174454688939674,,8,per_run_oof
qwen2p5_7b__arc_test_00226_73745ecc__temp1.00__seed7,0.24042520430515874,,8,per_run_oof
qwen2p5_7b__arc_test_00227_01644897__temp0.10__seed7,0.22820087276565104,,8,per_run_oof
qwen2p5_7b__arc_test_00227_01644897__temp0.60__seed7,0.19433062318252464,,8,per_run_oof
qwen2p5_7b__arc_test_00227_01644897__temp1.00__seed7,0.19331414847503603,,8,per_run_oof
qwen2p5_7b__arc_test_00228_74062832__temp0.10__seed7,0.24679751518816298,0.7142857142857143,8,per_run_oof
qwen2p5_7b__arc_test_00228_74062832__temp0.60__seed7,0.24515272987154663,,8,per_run_oof
qwen2p5_7b__arc_test_00228_74062832__temp1.00__seed7,0.21809786907173817,0.8571428571428571,8,per_run_oof
qwen2p5_7b__arc_test_00229_791d4ee9__temp0.10__seed7,0.20928827111843393,,8,per_run_oof
qwen2p5_7b__arc_test_00229_791d4ee9__temp0.60__seed7,0.21292616446214652,,8,per_run_oof
qwen2p5_7b__arc_test_00229_791d4ee9__temp1.00__seed7,0.19586087984307626,,8,per_run_oof
qwen2p5_7b__arc_test_00230_c727a8e3__temp0.10__seed7,0.29186280236558027,,8,per_run_oof
qwen2p5_7b__arc_test_00230_c727a8e3__temp0.60__seed7,0.3790665369401175,,8,per_run_oof
qwen2p5_7b__arc_test_00230_c727a8e3__temp1.00__seed7,0.36374744352806265,,8,per_run_oof
qwen2p5_7b__arc_test_00231_c3b445e1__temp0.10__seed7,0.2747324078469966,0.2857142857142857,8,per_run_oof
qwen2p5_7b__arc_test_00231_c3b445e1__temp0.60__seed7,0.26940108293821274,0.7142857142857143,8,per_run_oof
qwen2p5_7b__arc_test_00231_c3b445e1__temp1.00__seed7,0.269577376973551,0.2857142857142857,8,per_run_oof
qwen2p5_7b__arc_test_00232_9c0acfca__temp0.10__seed7,0.18769166548264682,,8,per_run_oof
qwen2p5_7b__arc_test_00232_9c0acfca__temp0.60__seed7,0.20310654300534575,,8,per_run_oof
qwen2p5_7b__arc_test_00232_9c0acfca__temp1.00__seed7,0.266440931579525,,8,per_run_oof
qwen2p5_7b__arc_test_00233_1a5e4054__temp0.10__seed7,0.21570021465546418,,8,per_run_oof
qwen2p5_7b__arc_test_00233_1a5e4054__temp0.60__seed7,0.20679403738911387,,8,per_run_oof
qwen2p5_7b__arc_test_00233_1a5e4054__temp1.00__seed7,0.23708974174558894,,8,per_run_oof
qwen2p5_7b__arc_test_00234_34339fc0__temp0.10__seed7,0.2710712945075111,,8,per_run_oof
qwen2p5_7b__arc_test_00234_34339fc0__temp0.60__seed7,0.31729540167946846,,8,per_run_oof
qwen2p5_7b__arc_test_00234_34339fc0__temp1.00__seed7,0.27280809412559837,0.6666666666666667,8,per_run_oof
qwen2p5_7b__arc_test_00235_f711fc61__temp0.10__seed7,0.3089649705322337,,8,per_run_oof
qwen2p5_7b__arc_test_00235_f711fc61__temp0.60__seed7,0.30769070128576803,1.0,8,per_run_oof
qwen2p5_7b__arc_test_00235_f711fc61__temp1.00__seed7,0.2527904225016684,,8,per_run_oof
qwen2p5_7b__arc_test_00236_512aedd1__temp0.10__seed7,0.16141690182890828,,8,per_run_oof
qwen2p5_7b__arc_test_00236_512aedd1__temp0.60__seed7,0.2602987815147007,,8,per_run_oof
qwen2p5_7b__arc_test_00236_512aedd1__temp1.00__seed7,0.1859868518011678,,8,per_run_oof
qwen2p5_7b__arc_test_00237_397f6822__temp0.10__seed7,0.22334179633706025,,8,per_run_oof
qwen2p5_7b__arc_test_00237_397f6822__temp0.60__seed7,0.21673693755571732,,8,per_run_oof
qwen2p5_7b__arc_test_00237_397f6822__temp1.00__seed7,0.19851087495209763,,8,per_run_oof
qwen2p5_7b__arc_test_00238_694f40e1__temp0.10__seed7,0.16443761236057147,,8,per_run_oof
qwen2p5_7b__arc_test_00238_694f40e1__temp0.60__seed7,0.18045993657706655,,8,per_run_oof
qwen2p5_7b__arc_test_00238_694f40e1__temp1.00__seed7,0.15543505692356724,,8,per_run_oof
qwen2p5_7b__arc_test_00239_e856ec75__temp0.10__seed7,0.2135927152961521,,8,per_run_oof
qwen2p5_7b__arc_test_00239_e856ec75__temp0.60__seed7,0.27585760591371733,,8,per_run_oof
qwen2p5_7b__arc_test_00239_e856ec75__temp1.00__seed7,0.2824184985076613,,8,per_run_oof
qwen2p5_7b__arc_test_00240_6adb9c73__temp0.10__seed7,0.21767089369411516,0.5833333333333334,8,per_run_oof
qwen2p5_7b__arc_test_00240_6adb9c73__temp0.60__seed7,0.293996198744262,,8,per_run_oof
qwen2p5_7b__arc_test_00240_6adb9c73__temp1.00__seed7,0.31114406628404045,,8,per_run_oof
qwen2p5_7b__arc_test_00241_aea7337b__temp0.10__seed7,0.26561817876404614,,8,per_run_oof
qwen2p5_7b__arc_test_00241_aea7337b__temp0.60__seed7,0.259940856448185,,8,per_run_oof
qwen2p5_7b__arc_test_00241_aea7337b__temp1.00__seed7,0.34889978056231297,,8,per_run_oof
qwen2p5_7b__arc_test_00242_ee3950c7__temp0.10__seed7,0.1961412857758874,,8,per_run_oof
qwen2p5_7b__arc_test_00242_ee3950c7__temp0.60__seed7,0.16667842907902874,,8,per_run_oof
qwen2p5_7b__arc_test_00242_ee3950c7__temp1.00__seed7,0.18624378323032384,,8,per_run_oof
qwen2p5_7b__arc_test_00243_090c01fc__temp0.10__seed7,0.3823154790165758,0.42857142857142855,8,per_run_oof
qwen2p5_7b__arc_test_00243_090c01fc__temp0.60__seed7,0.3944735898786851,0.0,8,per_run_oof
qwen2p5_7b__arc_test_00243_090c01fc__temp1.00__seed7,0.19304727488040302,,8,per_run_oof
qwen2p5_7b__arc_test_00244_eac3cb67__temp0.10__seed7,0.22378081826399465,,8,per_run_oof
qwen2p5_7b__arc_test_00244_eac3cb67__temp0.60__seed7,0.2297188361683827,,8,per_run_oof
qwen2p5_7b__arc_test_00244_eac3cb67__temp1.00__seed7,0.212876883872698,,8,per_run_oof
qwen2p5_7b__arc_test_00245_e7db20d6__temp0.10__seed7,0.19235315269616982,,8,per_run_oof
qwen2p5_7b__arc_test_00245_e7db20d6__temp0.60__seed7,0.21394501683453843,,8,per_run_oof
qwen2p5_7b__arc_test_00245_e7db20d6__temp1.00__seed7,0.24584045273151478,,8,per_run_oof
qwen2p5_7b__arc_test_00246_a4dca82a__temp0.10__seed7,0.190883789081161,,8,per_run_oof
qwen2p5_7b__arc_test_00246_a4dca82a__temp0.60__seed7,0.18760686030446266,,8,per_run_oof
qwen2p5_7b__arc_test_00246_a4dca82a__temp1.00__seed7,0.20438360850388093,,8,per_run_oof
qwen2p5_7b__arc_test_00247_26a37da4__temp0.10__seed7,0.19813934415040932,,8,per_run_oof
qwen2p5_7b__arc_test_00247_26a37da4__temp0.60__seed7,0.1486635175381297,,8,per_run_oof
qwen2p5_7b__arc_test_00247_26a37da4__temp1.00__seed7,0.17830016050121178,,8,per_run_oof
qwen2p5_7b__arc_test_00248_e837902f__temp0.10__seed7,0.38303477081795145,,8,per_run_oof
qwen2p5_7b__arc_test_00248_e837902f__temp0.60__seed7,0.2923295101115997,,8,per_run_oof
qwen2p5_7b__arc_test_00248_e837902f__temp1.00__seed7,0.284303870300018,,8,per_run_oof
qwen2p5_7b__arc_test_00249_d6f66ee0__temp0.10__seed7,0.18389964750606622,,8,per_run_oof
qwen2p5_7b__arc_test_00249_d6f66ee0__temp0.60__seed7,0.16141058108955292,,8,per_run_oof
qwen2p5_7b__arc_test_00249_d6f66ee0__temp1.00__seed7,0.21317637306232284,,8,per_run_oof
qwen2p5_7b__arc_test_00250_f494c296__temp0.10__seed7,0.29850303630144714,,8,per_run_oof
qwen2p5_7b__arc_test_00250_f494c296__temp0.60__seed7,0.22978705431562418,,8,per_run_oof
qwen2p5_7b__arc_test_00250_f494c296__temp1.00__seed7,0.23298579776207606,,8,per_run_oof
qwen2p5_7b__arc_test_00251_80eac29b__temp0.10__seed7,0.15944180047958023,,8,per_run_oof
qwen2p5_7b__arc_test_00251_80eac29b__temp0.60__seed7,0.11003923177195923,,8,per_run_oof
qwen2p5_7b__arc_test_00251_80eac29b__temp1.00__seed7,0.13577609551266848,,8,per_run_oof
qwen2p5_7b__arc_test_00252_e5585101__temp0.10__seed7,0.31380343397378996,,8,per_run_oof
qwen2p5_7b__arc_test_00252_e5585101__temp0.60__seed7,0.2333631443407605,,8,per_run_oof
qwen2p5_7b__arc_test_00252_e5585101__temp1.00__seed7,0.19350508602313077,,8,per_run_oof
qwen2p5_7b__arc_test_00253_8b812a8a__temp0.10__seed7,0.25843462700005637,,8,per_run_oof
qwen2p5_7b__arc_test_00253_8b812a8a__temp0.60__seed7,0.20905357635965582,,8,per_run_oof
qwen2p5_7b__arc_test_00253_8b812a8a__temp1.00__seed7,0.20249277662912457,,8,per_run_oof
qwen2p5_7b__arc_test_00254_992b459f__temp0.10__seed7,0.1782834870981786,,8,per_run_oof
qwen2p5_7b__arc_test_00254_992b459f__temp0.60__seed7,0.1798812808787899,,8,per_run_oof
qwen2p5_7b__arc_test_00254_992b459f__temp1.00__seed7,0.2110810370968746,,8,per_run_oof
qwen2p5_7b__arc_test_00255_ab08e434__temp0.10__seed7,0.19419640850585235,,8,per_run_oof
qwen2p5_7b__arc_test_00255_ab08e434__temp0.60__seed7,0.2813314970812123,,8,per_run_oof
qwen2p5_7b__arc_test_00255_ab08e434__temp1.00__seed7,0.270290337973343,,8,per_run_oof
qwen2p5_7b__arc_test_00256_73563be9__temp0.10__seed7,0.3089830896818246,,8,per_run_oof
qwen2p5_7b__arc_test_00256_73563be9__temp0.60__seed7,0.272982323480653,,8,per_run_oof
qwen2p5_7b__arc_test_00256_73563be9__temp1.00__seed7,0.31731046816142855,0.7142857142857143,8,per_run_oof
qwen2p5_7b__arc_test_00257_01acf152__temp0.10__seed7,0.25664535705951896,,8,per_run_oof
qwen2p5_7b__arc_test_00257_01acf152__temp0.60__seed7,0.26314339297029965,,8,per_run_oof
qwen2p5_7b__arc_test_00257_01acf152__temp1.00__seed7,0.24277426469014773,,8,per_run_oof
qwen2p5_7b__arc_test_00258_6a879ef1__temp0.10__seed7,0.287575747848386,,8,per_run_oof
qwen2p5_7b__arc_test_00258_6a879ef1__temp0.60__seed7,0.19152514079368194,,8,per_run_oof
qwen2p5_7b__arc_test_00258_6a879ef1__temp1.00__seed7,0.2235757112866072,,8,per_run_oof
qwen2p5_7b__arc_test_00259_6493bd62__temp0.10__seed7,0.107140016898853,,8,per_run_oof
qwen2p5_7b__arc_test_00259_6493bd62__temp0.60__seed7,0.12131420063539752,,8,per_run_oof
qwen2p5_7b__arc_test_00259_6493bd62__temp1.00__seed7,0.221117849938952,,8,per_run_oof
qwen2p5_7b__arc_test_00260_9c369e3f__temp0.10__seed7,0.2488015626853462,,8,per_run_oof
qwen2p5_7b__arc_test_00260_9c369e3f__temp0.60__seed7,0.27712481629096186,,8,per_run_oof
qwen2p5_7b__arc_test_00260_9c369e3f__temp1.00__seed7,0.32168319235633563,,8,per_run_oof
qwen2p5_7b__arc_test_00261_bd91b0d2__temp0.10__seed7,0.2300896258999412,,8,per_run_oof
qwen2p5_7b__arc_test_00261_bd91b0d2__temp0.60__seed7,0.17033489832294035,,8,per_run_oof
qwen2p5_7b__arc_test_00261_bd91b0d2__temp1.00__seed7,0.21753385809373926,,8,per_run_oof
qwen2p5_7b__arc_test_00262_378e4c2d__temp0.10__seed7,0.3019438555319325,,8,per_run_oof
qwen2p5_7b__arc_test_00262_378e4c2d__temp0.60__seed7,0.22360090307099728,,8,per_run_oof
qwen2p5_7b__arc_test_00262_378e4c2d__temp1.00__seed7,0.19916909987847603,,8,per_run_oof
qwen2p5_7b__arc_test_00263_1ca9e9de__temp0.10__seed7,0.2104184933068291,,8,per_run_oof
qwen2p5_7b__arc_test_00263_1ca9e9de__temp0.60__seed7,0.22239578378452446,,8,per_run_oof
qwen2p5_7b__arc_test_00263_1ca9e9de__temp1.00__seed7,0.2693024148652299,,8,per_run_oof
qwen2p5_7b__arc_test_00264_dda0b59d__temp0.10__seed7,0.4499098027177363,0.0,8,per_run_oof
qwen2p5_7b__arc_test_00264_dda0b59d__temp0.60__seed7,0.2539164996897879,,8,per_run_oof
qwen2p5_7b__arc_test_00264_dda0b59d__temp1.00__seed7,0.18364365514633024,,8,per_run_oof
qwen2p5_7b__arc_test_00265_1d1eed16__temp0.10__seed7,0.22304584333106417,,8,per_run_oof
qwen2p5_7b__arc_test_00265_1d1eed16__temp0.60__seed7,0.12504663824702433,,8,per_run_oof
qwen2p5_7b__arc_test_00265_1d1eed16__temp1.00__seed7,0.1499535630009096,,8,per_run_oof
qwen2p5_7b__arc_test_00266_d59e88fe__temp0.10__seed7,0.31177665273584054,,8,per_run_oof
qwen2p5_7b__arc_test_00266_d59e88fe__temp0.60__seed7,0.2702133571543334,,8,per_run_oof
qwen2p5_7b__arc_test_00266_d59e88fe__temp1.00__seed7,0.30072492450509636,,8,per_run_oof
qwen2p5_7b__arc_test_00267_0f835ed5__temp0.10__seed7,0.18614896411841086,,8,per_run_oof
qwen2p5_7b__arc_test_00267_0f835ed5__temp0.60__seed7,0.2315890682163809,,8,per_run_oof
qwen2p5_7b__arc_test_00267_0f835ed5__temp1.00__seed7,0.2248085611481967,,8,per_run_oof
qwen2p5_7b__arc_test_00268_5b12089f__temp0.10__seed7,0.11952469387672578,1.0,8,per_run_oof
qwen2p5_7b__arc_test_00268_5b12089f__temp0.60__seed7,0.24721038986827176,,8,per_run_oof
qwen2p5_7b__arc_test_00268_5b12089f__temp1.00__seed7,0.2176397808239191,0.5833333333333333,8,per_run_oof
qwen2p5_7b__arc_test_00269_7ee8bce6__temp0.10__seed7,0.2582279745026284,,8,per_run_oof
qwen2p5_7b__arc_test_00269_7ee8bce6__temp0.60__seed7,0.24986391349994577,,8,per_run_oof
qwen2p5_7b__arc_test_00269_7ee8bce6__temp1.00__seed7,0.26350034676072553,,8,per_run_oof
qwen2p5_7b__arc_test_00270_9797a61e__temp0.10__seed7,0.22412503023729463,,8,per_run_oof
qwen2p5_7b__arc_test_00270_9797a61e__temp0.60__seed7,0.2539560823038167,,8,per_run_oof
qwen2p5_7b__arc_test_00270_9797a61e__temp1.00__seed7,0.24953612149103593,,8,per_run_oof
qwen2p5_7b__arc_test_00271_dc9048d3__temp0.10__seed7,0.17972803502200058,,8,per_run_oof
qwen2p5_7b__arc_test_00271_dc9048d3__temp0.60__seed7,0.21372572042889987,,8,per_run_oof
qwen2p5_7b__arc_test_00271_dc9048d3__temp1.00__seed7,0.2124634493263807,,8,per_run_oof
qwen2p5_7b__arc_test_00272_ee17c4c8__temp0.10__seed7,0.1737375204356233,,8,per_run_oof
qwen2p5_7b__arc_test_00272_ee17c4c8__temp0.60__seed7,0.19929078526844998,,8,per_run_oof
qwen2p5_7b__arc_test_00272_ee17c4c8__temp1.00__seed7,0.18215952333457985,,8,per_run_oof
qwen2p5_7b__arc_test_00273_b997fd4e__temp0.10__seed7,0.30739956954464015,0.8333333333333334,8,per_run_oof
qwen2p5_7b__arc_test_00273_b997fd4e__temp0.60__seed7,0.27235301339318313,,8,per_run_oof
qwen2p5_7b__arc_test_00273_b997fd4e__temp1.00__seed7,0.11683645490258829,,8,per_run_oof
qwen2p5_7b__arc_test_00274_a74e5699__temp0.10__seed7,0.2268691226326594,,8,per_run_oof
qwen2p5_7b__arc_test_00274_a74e5699__temp0.60__seed7,0.3135860169069926,0.2857142857142857,8,per_run_oof
qwen2p5_7b__arc_test_00274_a74e5699__temp1.00__seed7,0.22433166071548216,,8,per_run_oof
qwen2p5_7b__arc_test_00275_596151c2__temp0.10__seed7,0.19365202902094386,,8,per_run_oof
qwen2p5_7b__arc_test_00275_596151c2__temp0.60__seed7,0.24618911286089035,,8,per_run_oof
qwen2p5_7b__arc_test_00275_596151c2__temp1.00__seed7,0.24037574910100845,,8,per_run_oof
qwen2p5_7b__arc_test_00276_c2cefe09__temp0.10__seed7,0.3957037813813807,,8,per_run_oof
qwen2p5_7b__arc_test_00276_c2cefe09__temp0.60__seed7,0.26044472070098634,,8,per_run_oof
qwen2p5_7b__arc_test_00276_c2cefe09__temp1.00__seed7,0.2586238837188859,,8,per_run_oof
qwen2p5_7b__arc_test_00277_9faf8219__temp0.10__seed7,0.18551046256058262,,8,per_run_oof
qwen2p5_7b__arc_test_00277_9faf8219__temp0.60__seed7,0.17757156476396077,,8,per_run_oof
qwen2p5_7b__arc_test_00277_9faf8219__temp1.00__seed7,0.3136576828225902,,8,per_run_oof
qwen2p5_7b__arc_test_00278_8fc1e732__temp0.10__seed7,0.18213138148674207,,8,per_run_oof
qwen2p5_7b__arc_test_00278_8fc1e732__temp0.60__seed7,0.15345976956048646,,8,per_run_oof
qwen2p5_7b__arc_test_00278_8fc1e732__temp1.00__seed7,0.18429790014390396,,8,per_run_oof
qwen2p5_7b__arc_test_00279_890033b7__temp0.10__seed7,0.2725827642908628,,8,per_run_oof
qwen2p5_7b__arc_test_00279_890033b7__temp0.60__seed7,0.37372229095286813,,8,per_run_oof
qwen2p5_7b__arc_test_00279_890033b7__temp1.00__seed7,0.28085879567812194,,8,per_run_oof
qwen2p5_7b__arc_test_00280_6086acb4__temp0.10__seed7,0.2805889972815411,0.4666666666666666,8,per_run_oof
qwen2p5_7b__arc_test_00280_6086acb4__temp0.60__seed7,0.25773586676886096,,8,per_run_oof
qwen2p5_7b__arc_test_00280_6086acb4__temp1.00__seed7,0.40803676076854234,,8,per_run_oof
qwen2p5_7b__arc_test_00281_3edf5f7c__temp0.10__seed7,0.18762661289625954,,8,per_run_oof
qwen2p5_7b__arc_test_00281_3edf5f7c__temp0.60__seed7,0.14090628100114214,,8,per_run_oof
qwen2p5_7b__arc_test_00281_3edf5f7c__temp1.00__seed7,0.11592112087249472,,8,per_run_oof
qwen2p5_7b__arc_test_00282_18a50a3d__temp0.10__seed7,0.17287532289079027,,8,per_run_oof
qwen2p5_7b__arc_test_00282_18a50a3d__temp0.60__seed7,0.25304209900623575,,8,per_run_oof
qwen2p5_7b__arc_test_00282_18a50a3d__temp1.00__seed7,0.26521371066021526,,8,per_run_oof
qwen2p5_7b__arc_test_00283_9f2902d5__temp0.10__seed7,0.15284151484902797,,8,per_run_oof
qwen2p5_7b__arc_test_00283_9f2902d5__temp0.60__seed7,0.16838908158644733,,8,per_run_oof
qwen2p5_7b__arc_test_00283_9f2902d5__temp1.00__seed7,0.1752669326195463,,8,per_run_oof
qwen2p5_7b__arc_test_00284_10cb5673__temp0.10__seed7,0.30247970743921293,,8,per_run_oof
qwen2p5_7b__arc_test_00284_10cb5673__temp0.60__seed7,0.36919723386843784,,8,per_run_oof
qwen2p5_7b__arc_test_00284_10cb5673__temp1.00__seed7,0.35356538936471227,0.14285714285714285,8,per_run_oof
qwen2p5_7b__arc_test_00285_d40e9f15__temp0.10__seed7,0.11094236516637314,,8,per_run_oof
qwen2p5_7b__arc_test_00285_d40e9f15__temp0.60__seed7,0.1746848297747588,,8,per_run_oof
qwen2p5_7b__arc_test_00285_d40e9f15__temp1.00__seed7,0.11931376173806746,,8,per_run_oof
qwen2p5_7b__arc_test_00286_0773fa77__temp0.10__seed7,0.21856335329079093,,8,per_run_oof
qwen2p5_7b__arc_test_00286_0773fa77__temp0.60__seed7,0.132258463848731,,8,per_run_oof
qwen2p5_7b__arc_test_00286_0773fa77__temp1.00__seed7,0.20246512653478893,,8,per_run_oof
qwen2p5_7b__arc_test_00287_19839f07__temp0.10__seed7,0.17334575629771554,,8,per_run_oof
qwen2p5_7b__arc_test_00287_19839f07__temp0.60__seed7,0.1538182570200585,,8,per_run_oof
qwen2p5_7b__arc_test_00287_19839f07__temp1.00__seed7,0.1786214557841626,,8,per_run_oof
qwen2p5_7b__arc_test_00288_e90a5f0c__temp0.10__seed7,0.25507645440485216,,8,per_run_oof
qwen2p5_7b__arc_test_00288_e90a5f0c__temp0.60__seed7,0.2504475602684939,,8,per_run_oof
qwen2p5_7b__arc_test_00288_e90a5f0c__temp1.00__seed7,0.3261200954277436,0.8666666666666667,8,per_run_oof
qwen2p5_7b__arc_test_00289_a783fa79__temp0.10__seed7,0.2437105181038025,,8,per_run_oof
qwen2p5_7b__arc_test_00289_a783fa79__temp0.60__seed7,0.27580964424507826,,8,per_run_oof
qwen2p5_7b__arc_test_00289_a783fa79__temp1.00__seed7,0.3073661729153807,,8,per_run_oof
qwen2p5_7b__arc_test_00290_cda60f09__temp0.10__seed7,0.2461570124989948,,8,per_run_oof
qwen2p5_7b__arc_test_00290_cda60f09__temp0.60__seed7,0.2171085080006827,,8,per_run_oof
qwen2p5_7b__arc_test_00290_cda60f09__temp1.00__seed7,0.23739807569900623,,8,per_run_oof
qwen2p5_7b__arc_test_00291_3092c86e__temp0.10__seed7,0.1930100770197597,,8,per_run_oof
qwen2p5_7b__arc_test_00291_3092c86e__temp0.60__seed7,0.17106468522189075,,8,per_run_oof
qwen2p5_7b__arc_test_00291_3092c86e__temp1.00__seed7,0.19068026576022984,,8,per_run_oof
qwen2p5_7b__arc_test_00292_73ead151__temp0.10__seed7,0.24371283432674856,,8,per_run_oof
qwen2p5_7b__arc_test_00292_73ead151__temp0.60__seed7,0.21888007637866994,,8,per_run_oof
qwen2p5_7b__arc_test_00292_73ead151__temp1.00__seed7,0.16380792790182538,,8,per_run_oof
qwen2p5_7b__arc_test_00293_970b4fd6__temp0.10__seed7,0.20585883234210786,,8,per_run_oof
qwen2p5_7b__arc_test_00293_970b4fd6__temp0.60__seed7,0.22556708173339077,,8,per_run_oof
qwen2p5_7b__arc_test_00293_970b4fd6__temp1.00__seed7,0.24768215596567192,,8,per_run_oof
qwen2p5_7b__arc_test_00294_062a3bf2__temp0.10__seed7,0.24666784240203646,,8,per_run_oof
qwen2p5_7b__arc_test_00294_062a3bf2__temp0.60__seed7,0.3458221809485864,,8,per_run_oof
qwen2p5_7b__arc_test_00294_062a3bf2__temp1.00__seed7,0.2479939198459685,,8,per_run_oof
qwen2p5_7b__arc_test_00295_f0549092__temp0.10__seed7,0.2057290428685548,,8,per_run_oof
qwen2p5_7b__arc_test_00295_f0549092__temp0.60__seed7,0.22118208598955452,,8,per_run_oof
qwen2p5_7b__arc_test_00295_f0549092__temp1.00__seed7,0.288810451394466,0.6666666666666667,8,per_run_oof
qwen2p5_7b__arc_test_00296_629ab988__temp0.10__seed7,0.2065364319512619,,8,per_run_oof
qwen2p5_7b__arc_test_00296_629ab988__temp0.60__seed7,0.26066429664704704,,8,per_run_oof
qwen2p5_7b__arc_test_00296_629ab988__temp1.00__seed7,0.2658217141372456,,8,per_run_oof
qwen2p5_7b__arc_test_00297_8696a932__temp0.10__seed7,0.3351224649168978,,8,per_run_oof
qwen2p5_7b__arc_test_00297_8696a932__temp0.60__seed7,0.24782202032572548,,8,per_run_oof
qwen2p5_7b__arc_test_00297_8696a932__temp1.00__seed7,0.24459786226895888,,8,per_run_oof
qwen2p5_7b__arc_test_00298_3258495d__temp0.10__seed7,0.16703936400760266,,8,per_run_oof
qwen2p5_7b__arc_test_00298_3258495d__temp0.60__seed7,0.15362868281971354,,8,per_run_oof
qwen2p5_7b__arc_test_00298_3258495d__temp1.00__seed7,0.19211863836373644,,8,per_run_oof
qwen2p5_7b__arc_test_00299_511f7585__temp0.10__seed7,0.25578630874282177,,8,per_run_oof
qwen2p5_7b__arc_test_00299_511f7585__temp0.60__seed7,0.186578405651275,0.2857142857142857,8,per_run_oof
qwen2p5_7b__arc_test_00299_511f7585__temp1.00__seed7,0.552316448475231,,8,per_run_oof
qwen2p5_7b__arc_test_00300_2adf3ed7__temp0.10__seed7,0.21839727668512,,8,per_run_oof
qwen2p5_7b__arc_test_00300_2adf3ed7__temp0.60__seed7,0.19509351337803604,,8,per_run_oof
qwen2p5_7b__arc_test_00300_2adf3ed7__temp1.00__seed7,0.2413176510747851,,8,per_run_oof
qwen2p5_7b__arc_test_00301_71f149ab__temp0.10__seed7,0.1768258552051547,,8,per_run_oof
qwen2p5_7b__arc_test_00301_71f149ab__temp0.60__seed7,0.2271849009411957,0.8571428571428571,8,per_run_oof
qwen2p5_7b__arc_test_00301_71f149ab__temp1.00__seed7,0.259685234857689,0.5833333333333334,8,per_run_oof
qwen2p5_7b__arc_test_00302_067ef958__temp0.10__seed7,0.20801134125687992,,8,per_run_oof
qwen2p5_7b__arc_test_00302_067ef958__temp0.60__seed7,0.14285960116680685,,8,per_run_oof
qwen2p5_7b__arc_test_00302_067ef958__temp1.00__seed7,0.28336561655470927,0.8571428571428571,8,per_run_oof
qwen2p5_7b__arc_test_00303_5f214f65__temp0.10__seed7,0.26085312644215736,,8,per_run_oof
qwen2p5_7b__arc_test_00303_5f214f65__temp0.60__seed7,0.257356666003196,,8,per_run_oof
qwen2p5_7b__arc_test_00303_5f214f65__temp1.00__seed7,0.21120499382214747,,8,per_run_oof
qwen2p5_7b__arc_test_00304_68a61690__temp0.10__seed7,0.21934778534285074,,8,per_run_oof
qwen2p5_7b__arc_test_00304_68a61690__temp0.60__seed7,0.1477159410686676,,8,per_run_oof
qwen2p5_7b__arc_test_00304_68a61690__temp1.00__seed7,0.1820217493074116,,8,per_run_oof
qwen2p5_7b__arc_test_00305_b8a94dee__temp0.10__seed7,0.18177066629424363,,8,per_run_oof
qwen2p5_7b__arc_test_00305_b8a94dee__temp0.60__seed7,0.17249895119644698,,8,per_run_oof
qwen2p5_7b__arc_test_00305_b8a94dee__temp1.00__seed7,0.2880975643245932,,8,per_run_oof
qwen2p5_7b__arc_test_00306_569880d5__temp0.10__seed7,0.1830079388964962,,8,per_run_oof
qwen2p5_7b__arc_test_00306_569880d5__temp0.60__seed7,0.16752055222023302,,8,per_run_oof
qwen2p5_7b__arc_test_00306_569880d5__temp1.00__seed7,0.18535078777298813,,8,per_run_oof
qwen2p5_7b__arc_test_00307_342fce9a__temp0.10__seed7,0.1338366657029968,,8,per_run_oof
qwen2p5_7b__arc_test_00307_342fce9a__temp0.60__seed7,0.14973270212215722,,8,per_run_oof
qwen2p5_7b__arc_test_00307_342fce9a__temp1.00__seed7,0.14918135948141414,,8,per_run_oof
qwen2p5_7b__arc_test_00308_7c35de8f__temp0.10__seed7,0.3141291373890082,0.2857142857142857,8,per_run_oof
qwen2p5_7b__arc_test_00308_7c35de8f__temp0.60__seed7,0.35807167922538985,0.0,8,per_run_oof
qwen2p5_7b__arc_test_00308_7c35de8f__temp1.00__seed7,0.27863722085057135,0.5833333333333334,8,per_run_oof
qwen2p5_7b__arc_test_00309_2326f22b__temp0.10__seed7,0.23913292277770132,,8,per_run_oof
qwen2p5_7b__arc_test_00309_2326f22b__temp0.60__seed7,0.1658297722008889,,8,per_run_oof
qwen2p5_7b__arc_test_00309_2326f22b__temp1.00__seed7,0.2811661211765795,0.5333333333333334,8,per_run_oof
qwen2p5_7b__arc_test_00310_d803e449__temp0.10__seed7,0.24800260426928536,,8,per_run_oof
qwen2p5_7b__arc_test_00310_d803e449__temp0.60__seed7,0.1926315440042745,,8,per_run_oof
qwen2p5_7b__arc_test_00310_d803e449__temp1.00__seed7,0.1796941458490362,,8,per_run_oof
qwen2p5_7b__arc_test_00311_22e258f1__temp0.10__seed7,0.2074994172834746,,8,per_run_oof
qwen2p5_7b__arc_test_00311_22e258f1__temp0.60__seed7,0.18858582140602284,,8,per_run_oof
qwen2p5_7b__arc_test_00311_22e258f1__temp1.00__seed7,0.19672061136300387,,8,per_run_oof
qwen2p5_7b__arc_test_00312_46de9ba7__temp0.10__seed7,0.21861788263264595,,8,per_run_oof
qwen2p5_7b__arc_test_00312_46de9ba7__temp0.60__seed7,0.20717832418902093,,8,per_run_oof
qwen2p5_7b__arc_test_00312_46de9ba7__temp1.00__seed7,0.2042626825613996,,8,per_run_oof
qwen2p5_7b__arc_test_00313_6a647b21__temp0.10__seed7,0.19596494310462514,,8,per_run_oof
qwen2p5_7b__arc_test_00313_6a647b21__temp0.60__seed7,0.18242077000383974,,8,per_run_oof
qwen2p5_7b__arc_test_00313_6a647b21__temp1.00__seed7,0.19394243371759345,,8,per_run_oof
qwen2p5_7b__arc_test_00314_c9337b20__temp0.10__seed7,0.23956783155309794,,8,per_run_oof
qwen2p5_7b__arc_test_00314_c9337b20__temp0.60__seed7,0.22371559280070974,,8,per_run_oof
qwen2p5_7b__arc_test_00314_c9337b20__temp1.00__seed7,0.20728968947402215,,8,per_run_oof
qwen2p5_7b__arc_test_00315_04264bf6__temp0.10__seed7,0.34625996748370613,0.7142857142857143,8,per_run_oof
qwen2p5_7b__arc_test_00315_04264bf6__temp0.60__seed7,0.18946479950229672,,8,per_run_oof
qwen2p5_7b__arc_test_00315_04264bf6__temp1.00__seed7,0.1760324813845469,0.8125,8,per_run_oof
qwen2p5_7b__arc_test_00316_3de47e95__temp0.10__seed7,0.19432688938136924,,8,per_run_oof
qwen2p5_7b__arc_test_00316_3de47e95__temp0.60__seed7,0.2522442912443805,,8,per_run_oof
qwen2p5_7b__arc_test_00316_3de47e95__temp1.00__seed7,0.19398287555350938,,8,per_run_oof
qwen2p5_7b__arc_test_00317_6f9be3d9__temp0.10__seed7,0.2630142514226702,,8,per_run_oof
qwen2p5_7b__arc_test_00317_6f9be3d9__temp0.60__seed7,0.20006930993664343,,8,per_run_oof
qwen2p5_7b__arc_test_00317_6f9be3d9__temp1.00__seed7,0.1826918945996177,,8,per_run_oof
qwen2p5_7b__arc_test_00318_3f0be9a6__temp0.10__seed7,0.243980408171588,,8,per_run_oof
qwen2p5_7b__arc_test_00318_3f0be9a6__temp0.60__seed7,0.24968251544980904,,8,per_run_oof
qwen2p5_7b__arc_test_00318_3f0be9a6__temp1.00__seed7,0.16338206018584414,,8,per_run_oof
qwen2p5_7b__arc_test_00319_9b046cae__temp0.10__seed7,0.1612350768066555,,8,per_run_oof
qwen2p5_7b__arc_test_00319_9b046cae__temp0.60__seed7,0.19898452191601845,,8,per_run_oof
qwen2p5_7b__arc_test_00319_9b046cae__temp1.00__seed7,0.20882208058987245,,8,per_run_oof
qwen2p5_7b__arc_test_00320_46d19bd1__temp0.10__seed7,0.1628658012066525,,8,per_run_oof
qwen2p5_7b__arc_test_00320_46d19bd1__temp0.60__seed7,0.20617952410069612,,8,per_run_oof
qwen2p5_7b__arc_test_00320_46d19bd1__temp1.00__seed7,0.167685702561733,,8,per_run_oof
qwen2p5_7b__arc_test_00321_443c5c74__temp0.10__seed7,0.32988379602524304,,8,per_run_oof
qwen2p5_7b__arc_test_00321_443c5c74__temp0.60__seed7,0.32684443027704135,,8,per_run_oof
qwen2p5_7b__arc_test_00321_443c5c74__temp1.00__seed7,0.2652841848826797,,8,per_run_oof
qwen2p5_7b__arc_test_00322_a862010b__temp0.10__seed7,0.26100743638909113,,8,per_run_oof
qwen2p5_7b__arc_test_00322_a862010b__temp0.60__seed7,0.3125384148364355,,8,per_run_oof
qwen2p5_7b__arc_test_00322_a862010b__temp1.00__seed7,0.38288784234948486,,8,per_run_oof
qwen2p5_7b__arc_test_00323_1d6a50b8__temp0.10__seed7,0.25486108231868,,8,per_run_oof
qwen2p5_7b__arc_test_00323_1d6a50b8__temp0.60__seed7,0.16407188603342976,,8,per_run_oof
qwen2p5_7b__arc_test_00323_1d6a50b8__temp1.00__seed7,0.18873597450050966,,8,per_run_oof
qwen2p5_7b__arc_test_00324_f52c20ae__temp0.10__seed7,0.19864268854016887,,8,per_run_oof
qwen2p5_7b__arc_test_00324_f52c20ae__temp0.60__seed7,0.20714593064992246,,8,per_run_oof
qwen2p5_7b__arc_test_00324_f52c20ae__temp1.00__seed7,0.18933386372004715,,8,per_run_oof
qwen2p5_7b__arc_test_00325_3a2e8dd5__temp0.10__seed7,0.30288279979108196,,8,per_run_oof
qwen2p5_7b__arc_test_00325_3a2e8dd5__temp0.60__seed7,0.25321152297313104,,8,per_run_oof
qwen2p5_7b__arc_test_00325_3a2e8dd5__temp1.00__seed7,0.367638225725094,,8,per_run_oof
qwen2p5_7b__arc_test_00326_e67c5fe9__temp0.10__seed7,0.23557955853480395,,8,per_run_oof
qwen2p5_7b__arc_test_00326_e67c5fe9__temp0.60__seed7,0.1807822071744169,,8,per_run_oof
qwen2p5_7b__arc_test_00326_e67c5fe9__temp1.00__seed7,0.1795843185049904,,8,per_run_oof
qwen2p5_7b__arc_test_00327_5805f8ad__temp0.10__seed7,0.2147161355889546,,8,per_run_oof
qwen2p5_7b__arc_test_00327_5805f8ad__temp0.60__seed7,0.2580073337024056,0.8571428571428571,8,per_run_oof
qwen2p5_7b__arc_test_00327_5805f8ad__temp1.00__seed7,0.2867375731116537,0.7142857142857143,8,per_run_oof
qwen2p5_7b__arc_test_00328_5d8bd275__temp0.10__seed7,0.252307099111711,,8,per_run_oof
qwen2p5_7b__arc_test_00328_5d8bd275__temp0.60__seed7,0.2644517171863629,0.1428571428571429,8,per_run_oof
qwen2p5_7b__arc_test_00328_5d8bd275__temp1.00__seed7,0.2753207794202505,,8,per_run_oof
qwen2p5_7b__arc_test_00329_a05816f6__temp0.10__seed7,0.24351934723161106,1.0,8,per_run_oof
qwen2p5_7b__arc_test_00329_a05816f6__temp0.60__seed7,0.16246718805358826,,8,per_run_oof
qwen2p5_7b__arc_test_00329_a05816f6__temp1.00__seed7,0.14855810632296912,,8,per_run_oof
qwen2p5_7b__arc_test_00330_f3d05923__temp0.10__seed7,0.19223596290099787,,8,per_run_oof
qwen2p5_7b__arc_test_00330_f3d05923__temp0.60__seed7,0.14656570109945857,,8,per_run_oof
qwen2p5_7b__arc_test_00330_f3d05923__temp1.00__seed7,0.18174666121047195,,8,per_run_oof
qwen2p5_7b__arc_test_00331_921d7c59__temp0.10__seed7,0.27734101149498447,,8,per_run_oof
qwen2p5_7b__arc_test_00331_921d7c59__temp0.60__seed7,0.21779637687081557,,8,per_run_oof
qwen2p5_7b__arc_test_00331_921d7c59__temp1.00__seed7,0.29472661996816907,,8,per_run_oof
qwen2p5_7b__arc_test_00332_1ef5ad04__temp0.10__seed7,0.18645289918198044,,8,per_run_oof
qwen2p5_7b__arc_test_00332_1ef5ad04__temp0.60__seed7,0.2207211946297615,,8,per_run_oof
qwen2p5_7b__arc_test_00332_1ef5ad04__temp1.00__seed7,0.20284307738393947,,8,per_run_oof
qwen2p5_7b__arc_test_00333_eb9e5ddb__temp0.10__seed7,0.16404908546790536,,8,per_run_oof
qwen2p5_7b__arc_test_00333_eb9e5ddb__temp0.60__seed7,0.25105353690373866,,8,per_run_oof
qwen2p5_7b__arc_test_00333_eb9e5ddb__temp1.00__seed7,0.23970531372140158,,8,per_run_oof
qwen2p5_7b__arc_test_00334_39cea5b1__temp0.10__seed7,0.30785148933020734,,8,per_run_oof
qwen2p5_7b__arc_test_00334_39cea5b1__temp0.60__seed7,0.2899344083444688,,8,per_run_oof
qwen2p5_7b__arc_test_00334_39cea5b1__temp1.00__seed7,0.35245360034731055,,8,per_run_oof
qwen2p5_7b__arc_test_00335_d093b0cc__temp0.10__seed7,0.22162872550603163,,8,per_run_oof
qwen2p5_7b__arc_test_00335_d093b0cc__temp0.60__seed7,0.1715130929948117,,8,per_run_oof
qwen2p5_7b__arc_test_00335_d093b0cc__temp1.00__seed7,0.1343347777885764,,8,per_run_oof
qwen2p5_7b__arc_test_00336_9c0a7cb1__temp0.10__seed7,0.1403620022725894,,8,per_run_oof
qwen2p5_7b__arc_test_00336_9c0a7cb1__temp0.60__seed7,0.18170865551456933,,8,per_run_oof
qwen2p5_7b__arc_test_00336_9c0a7cb1__temp1.00__seed7,0.17008359842711418,,8,per_run_oof
qwen2p5_7b__arc_test_00337_bfd04e06__temp0.10__seed7,0.38809059177274663,,8,per_run_oof
qwen2p5_7b__arc_test_00337_bfd04e06__temp0.60__seed7,0.25587222970552936,,8,per_run_oof
qwen2p5_7b__arc_test_00337_bfd04e06__temp1.00__seed7,0.26166116860881256,0.5714285714285714,8,per_run_oof
qwen2p5_7b__arc_test_00338_e8c12e79__temp0.10__seed7,0.2979450758627188,,8,per_run_oof
qwen2p5_7b__arc_test_00338_e8c12e79__temp0.60__seed7,0.2530995471848817,0.8571428571428571,8,per_run_oof
qwen2p5_7b__arc_test_00338_e8c12e79__temp1.00__seed7,0.17967661064303952,,8,per_run_oof
qwen2p5_7b__arc_test_00339_73c46b12__temp0.10__seed7,0.2186513929141694,,8,per_run_oof
qwen2p5_7b__arc_test_00339_73c46b12__temp0.60__seed7,0.21473175091608382,,8,per_run_oof
qwen2p5_7b__arc_test_00339_73c46b12__temp1.00__seed7,0.17436147901665627,,8,per_run_oof
qwen2p5_7b__arc_test_00340_261864e1__temp0.10__seed7,0.2556673759801401,,8,per_run_oof
qwen2p5_7b__arc_test_00340_261864e1__temp0.60__seed7,0.26712095926299884,,8,per_run_oof
qwen2p5_7b__arc_test_00340_261864e1__temp1.00__seed7,0.2980288337123499,,8,per_run_oof
qwen2p5_7b__arc_test_00341_7ea29d45__temp0.10__seed7,0.17005065011831105,,8,per_run_oof
qwen2p5_7b__arc_test_00341_7ea29d45__temp0.60__seed7,0.21508869547468162,,8,per_run_oof
qwen2p5_7b__arc_test_00341_7ea29d45__temp1.00__seed7,0.21899074157642845,,8,per_run_oof
qwen2p5_7b__arc_test_00342_80337fed__temp0.10__seed7,0.2036205735869122,,8,per_run_oof
qwen2p5_7b__arc_test_00342_80337fed__temp0.60__seed7,0.20306267432560476,,8,per_run_oof
qwen2p5_7b__arc_test_00342_80337fed__temp1.00__seed7,0.20333176026461475,,8,per_run_oof
qwen2p5_7b__arc_test_00343_7abc93de__temp0.10__seed7,0.1340559452691982,,8,per_run_oof
qwen2p5_7b__arc_test_00343_7abc93de__temp0.60__seed7,0.1498555188765049,,8,per_run_oof
qwen2p5_7b__arc_test_00343_7abc93de__temp1.00__seed7,0.20045637327518237,,8,per_run_oof
qwen2p5_7b__arc_test_00344_84bb146b__temp0.10__seed7,0.22467092347174816,,8,per_run_oof
qwen2p5_7b__arc_test_00344_84bb146b__temp0.60__seed7,0.19751446266799302,,8,per_run_oof
qwen2p5_7b__arc_test_00344_84bb146b__temp1.00__seed7,0.24280406398660503,,8,per_run_oof
qwen2p5_7b__arc_test_00345_8d933cd2__temp0.10__seed7,0.3750129956808026,,8,per_run_oof
qwen2p5_7b__arc_test_00345_8d933cd2__temp0.60__seed7,0.3527650342278902,,8,per_run_oof
qwen2p5_7b__arc_test_00345_8d933cd2__temp1.00__seed7,0.3011694972980741,,8,per_run_oof
qwen2p5_7b__arc_test_00346_08326f7e__temp0.10__seed7,0.19566181091394388,,8,per_run_oof
qwen2p5_7b__arc_test_00346_08326f7e__temp0.60__seed7,0.19836466996210256,,8,per_run_oof
qwen2p5_7b__arc_test_00346_08326f7e__temp1.00__seed7,0.21734677834579058,,8,per_run_oof
qwen2p5_7b__arc_test_00347_700060bd__temp0.10__seed7,0.257803821526114,,8,per_run_oof
qwen2p5_7b__arc_test_00347_700060bd__temp0.60__seed7,0.19660544839973337,,8,per_run_oof
qwen2p5_7b__arc_test_00347_700060bd__temp1.00__seed7,0.22445568835158597,,8,per_run_oof
qwen2p5_7b__arc_test_00348_1581a6bc__temp0.10__seed7,0.18470797319701387,,8,per_run_oof
qwen2p5_7b__arc_test_00348_1581a6bc__temp0.60__seed7,0.16764678739579633,,8,per_run_oof
qwen2p5_7b__arc_test_00348_1581a6bc__temp1.00__seed7,0.23577113061382723,1.0,8,per_run_oof
qwen2p5_7b__arc_test_00349_2d015f04__temp0.10__seed7,0.24490204060179363,,8,per_run_oof
qwen2p5_7b__arc_test_00349_2d015f04__temp0.60__seed7,0.21716729733282017,,8,per_run_oof
qwen2p5_7b__arc_test_00349_2d015f04__temp1.00__seed7,0.28930635644354163,,8,per_run_oof
qwen2p5_7b__arc_test_00350_54e913b1__temp0.10__seed7,0.16492341671890698,,8,per_run_oof
qwen2p5_7b__arc_test_00350_54e913b1__temp0.60__seed7,0.2256812667923862,,8,per_run_oof
qwen2p5_7b__arc_test_00350_54e913b1__temp1.00__seed7,0.18917430807304933,,8,per_run_oof
qwen2p5_7b__arc_test_00351_3ff214fc__temp0.10__seed7,0.1900427433675641,,8,per_run_oof
qwen2p5_7b__arc_test_00351_3ff214fc__temp0.60__seed7,0.28554102321701763,,8,per_run_oof
qwen2p5_7b__arc_test_00351_3ff214fc__temp1.00__seed7,0.25036424303920934,,8,per_run_oof
qwen2p5_7b__arc_test_00352_6fea005d__temp0.10__seed7,0.16652003224250095,,8,per_run_oof
qwen2p5_7b__arc_test_00352_6fea005d__temp0.60__seed7,0.13112506172459787,,8,per_run_oof
qwen2p5_7b__arc_test_00352_6fea005d__temp1.00__seed7,0.15991065756382128,,8,per_run_oof
qwen2p5_7b__arc_test_00353_3038599a__temp0.10__seed7,0.22588101481726044,,8,per_run_oof
qwen2p5_7b__arc_test_00353_3038599a__temp0.60__seed7,0.20937174903228492,,8,per_run_oof
qwen2p5_7b__arc_test_00353_3038599a__temp1.00__seed7,0.29697944303256424,,8,per_run_oof
qwen2p5_7b__arc_test_00354_d732b729__temp0.10__seed7,0.35392433411005414,,8,per_run_oof
qwen2p5_7b__arc_test_00354_d732b729__temp0.60__seed7,0.24020569536126646,,8,per_run_oof
qwen2p5_7b__arc_test_00354_d732b729__temp1.00__seed7,0.2510749351694432,,8,per_run_oof
qwen2p5_7b__arc_test_00355_86e261d3__temp0.10__seed7,0.2672663490603675,,8,per_run_oof
qwen2p5_7b__arc_test_00355_86e261d3__temp0.60__seed7,0.32263003419842096,,8,per_run_oof
qwen2p5_7b__arc_test_00355_86e261d3__temp1.00__seed7,0.23405051778656813,,8,per_run_oof
qwen2p5_7b__arc_test_00356_c3cf20a2__temp0.10__seed7,0.2279911636422316,,8,per_run_oof
qwen2p5_7b__arc_test_00356_c3cf20a2__temp0.60__seed7,0.28506803683829207,,8,per_run_oof
qwen2p5_7b__arc_test_00356_c3cf20a2__temp1.00__seed7,0.2129616891992884,,8,per_run_oof
qwen2p5_7b__arc_test_00357_c9520544__temp0.10__seed7,0.13920243147422706,,8,per_run_oof
qwen2p5_7b__arc_test_00357_c9520544__temp0.60__seed7,0.2682599537730619,,8,per_run_oof
qwen2p5_7b__arc_test_00357_c9520544__temp1.00__seed7,0.15926588157544483,,8,per_run_oof
qwen2p5_7b__arc_test_00358_1fa0a666__temp0.10__seed7,0.14709144345242517,,8,per_run_oof
qwen2p5_7b__arc_test_00358_1fa0a666__temp0.60__seed7,0.15056984184212843,,8,per_run_oof
qwen2p5_7b__arc_test_00358_1fa0a666__temp1.00__seed7,0.20066112739137504,,8,per_run_oof
qwen2p5_7b__arc_test_00359_50cdd935__temp0.10__seed7,0.19393895916911627,,8,per_run_oof
qwen2p5_7b__arc_test_00359_50cdd935__temp0.60__seed7,0.18341481990374472,,8,per_run_oof
qwen2p5_7b__arc_test_00359_50cdd935__temp1.00__seed7,0.1710291439413378,,8,per_run_oof
qwen2p5_7b__arc_test_00360_963eb34a__temp0.10__seed7,0.15249128871033168,,8,per_run_oof
qwen2p5_7b__arc_test_00360_963eb34a__temp0.60__seed7,0.1672796376585405,,8,per_run_oof
qwen2p5_7b__arc_test_00360_963eb34a__temp1.00__seed7,0.1867750058814519,,8,per_run_oof
qwen2p5_7b__arc_test_00361_9680c5e6__temp0.10__seed7,0.2525425876374846,,8,per_run_oof
qwen2p5_7b__arc_test_00361_9680c5e6__temp0.60__seed7,0.2494900900786154,,8,per_run_oof
qwen2p5_7b__arc_test_00361_9680c5e6__temp1.00__seed7,0.21379549961308952,,8,per_run_oof
qwen2p5_7b__arc_test_00362_8989fa13__temp0.10__seed7,0.17755530606086273,,8,per_run_oof
qwen2p5_7b__arc_test_00362_8989fa13__temp0.60__seed7,0.23765111502798492,,8,per_run_oof
qwen2p5_7b__arc_test_00362_8989fa13__temp1.00__seed7,0.16593808759109224,,8,per_run_oof
qwen2p5_7b__arc_test_00363_d09e73e1__temp0.10__seed7,0.19618732438328726,,8,per_run_oof
qwen2p5_7b__arc_test_00363_d09e73e1__temp0.60__seed7,0.21113438575374063,,8,per_run_oof
qwen2p5_7b__arc_test_00363_d09e73e1__temp1.00__seed7,0.2547037450158306,,8,per_run_oof
qwen2p5_7b__arc_test_00364_f961994a__temp0.10__seed7,0.23172036777401264,,8,per_run_oof
qwen2p5_7b__arc_test_00364_f961994a__temp0.60__seed7,0.18421981930938555,,8,per_run_oof
qwen2p5_7b__arc_test_00364_f961994a__temp1.00__seed7,0.18484770394521616,,8,per_run_oof
qwen2p5_7b__arc_test_00365_fc1a2043__temp0.10__seed7,0.20664696442384353,,8,per_run_oof
qwen2p5_7b__arc_test_00365_fc1a2043__temp0.60__seed7,0.2870211053125882,,8,per_run_oof
qwen2p5_7b__arc_test_00365_fc1a2043__temp1.00__seed7,0.2007061386623717,,8,per_run_oof
qwen2p5_7b__arc_test_00366_749ea83e__temp0.10__seed7,0.29659498420628644,,8,per_run_oof
qwen2p5_7b__arc_test_00366_749ea83e__temp0.60__seed7,0.2635379943202541,,8,per_run_oof
qwen2p5_7b__arc_test_00366_749ea83e__temp1.00__seed7,0.250565386213391,,8,per_run_oof
qwen2p5_7b__arc_test_00367_5cb0240d__temp0.10__seed7,0.25232480102948107,,8,per_run_oof
qwen2p5_7b__arc_test_00367_5cb0240d__temp0.60__seed7,0.1751051650416883,,8,per_run_oof
qwen2p5_7b__arc_test_00367_5cb0240d__temp1.00__seed7,0.19568007768051215,,8,per_run_oof
qwen2p5_7b__arc_test_00368_90e92ee8__temp0.10__seed7,0.21455869246297807,,8,per_run_oof
qwen2p5_7b__arc_test_00368_90e92ee8__temp0.60__seed7,0.26804063071129314,,8,per_run_oof
qwen2p5_7b__arc_test_00368_90e92ee8__temp1.00__seed7,0.2146226685461479,0.5714285714285714,8,per_run_oof
qwen2p5_7b__arc_test_00369_14f62ec1__temp0.10__seed7,0.18668888012352414,,8,per_run_oof
qwen2p5_7b__arc_test_00369_14f62ec1__temp0.60__seed7,0.2122456899578804,,8,per_run_oof
qwen2p5_7b__arc_test_00369_14f62ec1__temp1.00__seed7,0.15568054677152657,,8,per_run_oof
qwen2p5_7b__arc_test_00370_541784ff__temp0.10__seed7,0.19083729683690193,,8,per_run_oof
qwen2p5_7b__arc_test_00370_541784ff__temp0.60__seed7,0.2065899429396026,,8,per_run_oof
qwen2p5_7b__arc_test_00370_541784ff__temp1.00__seed7,0.29105547421180156,,8,per_run_oof
qwen2p5_7b__arc_test_00371_61d05f33__temp0.10__seed7,0.14078097842972875,,8,per_run_oof
qwen2p5_7b__arc_test_00371_61d05f33__temp0.60__seed7,0.16929892388448017,,8,per_run_oof
qwen2p5_7b__arc_test_00371_61d05f33__temp1.00__seed7,0.18354357604546767,,8,per_run_oof
qwen2p5_7b__arc_test_00372_d190f034__temp0.10__seed7,0.32293171311202107,0.6666666666666666,8,per_run_oof
qwen2p5_7b__arc_test_00372_d190f034__temp0.60__seed7,0.29414306893039155,0.1428571428571429,8,per_run_oof
qwen2p5_7b__arc_test_00372_d190f034__temp1.00__seed7,0.23674467090900791,,8,per_run_oof
qwen2p5_7b__arc_test_00373_5814041d__temp0.10__seed7,0.19315436920485674,,8,per_run_oof
qwen2p5_7b__arc_test_00373_5814041d__temp0.60__seed7,0.23922567592596916,,8,per_run_oof
qwen2p5_7b__arc_test_00373_5814041d__temp1.00__seed7,0.24693053727365558,,8,per_run_oof
qwen2p5_7b__arc_test_00374_eeef776d__temp0.10__seed7,0.30369506673111113,,8,per_run_oof
qwen2p5_7b__arc_test_00374_eeef776d__temp0.60__seed7,0.2259635578704724,,8,per_run_oof
qwen2p5_7b__arc_test_00374_eeef776d__temp1.00__seed7,0.2387681210885489,,8,per_run_oof
qwen2p5_7b__arc_test_00375_a3ec4d7e__temp0.10__seed7,0.26256451736002046,,8,per_run_oof
qwen2p5_7b__arc_test_00375_a3ec4d7e__temp0.60__seed7,0.2690625996868654,,8,per_run_oof
qwen2p5_7b__arc_test_00375_a3ec4d7e__temp1.00__seed7,0.17292190500792615,,8,per_run_oof
qwen2p5_7b__arc_test_00376_f1c08288__temp0.10__seed7,0.17911053861003523,,8,per_run_oof
qwen2p5_7b__arc_test_00376_f1c08288__temp0.60__seed7,0.21425686854427134,,8,per_run_oof
qwen2p5_7b__arc_test_00376_f1c08288__temp1.00__seed7,0.20821483877863795,,8,per_run_oof
qwen2p5_7b__arc_test_00377_48873156__temp0.10__seed7,0.20377534209383302,,8,per_run_oof
qwen2p5_7b__arc_test_00377_48873156__temp0.60__seed7,0.163137339371115,,8,per_run_oof
qwen2p5_7b__arc_test_00377_48873156__temp1.00__seed7,0.20320023261035633,,8,per_run_oof
qwen2p5_7b__arc_test_00378_eb3c1b7c__temp0.10__seed7,0.17674490140955318,,8,per_run_oof
qwen2p5_7b__arc_test_00378_eb3c1b7c__temp0.60__seed7,0.18678098757057415,,8,per_run_oof
qwen2p5_7b__arc_test_00378_eb3c1b7c__temp1.00__seed7,0.18384454111026285,,8,per_run_oof
qwen2p5_7b__arc_test_00379_2cc6079d__temp0.10__seed7,0.2092482412188691,,8,per_run_oof
qwen2p5_7b__arc_test_00379_2cc6079d__temp0.60__seed7,0.19202270722065323,,8,per_run_oof
qwen2p5_7b__arc_test_00379_2cc6079d__temp1.00__seed7,0.1963648196921536,,8,per_run_oof
qwen2p5_7b__arc_test_00380_89cc3cdf__temp0.10__seed7,0.28760803343085795,,8,per_run_oof
qwen2p5_7b__arc_test_00380_89cc3cdf__temp0.60__seed7,0.2745510234708243,,8,per_run_oof
qwen2p5_7b__arc_test_00380_89cc3cdf__temp1.00__seed7,0.32322669435886187,,8,per_run_oof
qwen2p5_7b__arc_test_00381_93afedf3__temp0.10__seed7,0.1781018226817772,,8,per_run_oof
qwen2p5_7b__arc_test_00381_93afedf3__temp0.60__seed7,0.2016529244538938,,8,per_run_oof
qwen2p5_7b__arc_test_00381_93afedf3__temp1.00__seed7,0.16467033745961535,,8,per_run_oof
qwen2p5_7b__arc_test_00382_1003b882__temp0.10__seed7,0.2853424928252728,,8,per_run_oof
qwen2p5_7b__arc_test_00382_1003b882__temp0.60__seed7,0.230533805416402,,8,per_run_oof
qwen2p5_7b__arc_test_00382_1003b882__temp1.00__seed7,0.22734088472149624,,8,per_run_oof
qwen2p5_7b__arc_test_00383_6a698269__temp0.10__seed7,0.29610808813165346,1.0,8,per_run_oof
qwen2p5_7b__arc_test_00383_6a698269__temp0.60__seed7,0.3332147992291107,0.7333333333333334,8,per_run_oof
qwen2p5_7b__arc_test_00383_6a698269__temp1.00__seed7,0.2389603765178131,0.0,8,per_run_oof
qwen2p5_7b__arc_test_00384_5fee9f1d__temp0.10__seed7,0.22479890296422284,,8,per_run_oof
qwen2p5_7b__arc_test_00384_5fee9f1d__temp0.60__seed7,0.30596439618154553,,8,per_run_oof
qwen2p5_7b__arc_test_00384_5fee9f1d__temp1.00__seed7,0.179665585604835,,8,per_run_oof
qwen2p5_7b__arc_test_00385_21b81e4d__temp0.10__seed7,0.16370890981200992,,8,per_run_oof
qwen2p5_7b__arc_test_00385_21b81e4d__temp0.60__seed7,0.23199091417990567,,8,per_run_oof
qwen2p5_7b__arc_test_00385_21b81e4d__temp1.00__seed7,0.18732530444996787,,8,per_run_oof
qwen2p5_7b__arc_test_00386_510d3831__temp0.10__seed7,0.16266658803119416,,8,per_run_oof
qwen2p5_7b__arc_test_00386_510d3831__temp0.60__seed7,0.14845743133270317,,8,per_run_oof
qwen2p5_7b__arc_test_00386_510d3831__temp1.00__seed7,0.1980487107463108,,8,per_run_oof
qwen2p5_7b__arc_test_00387_b2f54c38__temp0.10__seed7,0.2362558420048587,,8,per_run_oof
qwen2p5_7b__arc_test_00387_b2f54c38__temp0.60__seed7,0.2603961237424445,,8,per_run_oof
qwen2p5_7b__arc_test_00387_b2f54c38__temp1.00__seed7,0.32340731485173013,,8,per_run_oof
qwen2p5_7b__arc_test_00388_2ad5430d__temp0.10__seed7,0.27606639972529634,,8,per_run_oof
qwen2p5_7b__arc_test_00388_2ad5430d__temp0.60__seed7,0.2832466689192982,,8,per_run_oof
qwen2p5_7b__arc_test_00388_2ad5430d__temp1.00__seed7,0.23862562609353727,,8,per_run_oof
qwen2p5_7b__arc_test_00389_ea18f85c__temp0.10__seed7,0.2731325880380102,,8,per_run_oof
qwen2p5_7b__arc_test_00389_ea18f85c__temp0.60__seed7,0.22813633064022576,,8,per_run_oof
qwen2p5_7b__arc_test_00389_ea18f85c__temp1.00__seed7,0.19650261884478012,,8,per_run_oof
qwen2p5_7b__arc_test_00390_c123b71e__temp0.10__seed7,0.23838694715096642,,8,per_run_oof
qwen2p5_7b__arc_test_00390_c123b71e__temp0.60__seed7,0.22874289502025272,,8,per_run_oof
qwen2p5_7b__arc_test_00390_c123b71e__temp1.00__seed7,0.2671869138116952,,8,per_run_oof
qwen2p5_7b__arc_test_00391_d0bb2364__temp0.10__seed7,0.21015025507293306,,8,per_run_oof
qwen2p5_7b__arc_test_00391_d0bb2364__temp0.60__seed7,0.2805400768267709,,8,per_run_oof
qwen2p5_7b__arc_test_00391_d0bb2364__temp1.00__seed7,0.20064086257831504,,8,per_run_oof
qwen2p5_7b__arc_test_00392_5c6cca71__temp0.10__seed7,0.27970704519566514,,8,per_run_oof
qwen2p5_7b__arc_test_00392_5c6cca71__temp0.60__seed7,0.2367733892046361,,8,per_run_oof
qwen2p5_7b__arc_test_00392_5c6cca71__temp1.00__seed7,0.23782857858620726,,8,per_run_oof
qwen2p5_7b__arc_test_00393_365cb767__temp0.10__seed7,0.2569271870521229,,8,per_run_oof
qwen2p5_7b__arc_test_00393_365cb767__temp0.60__seed7,0.23640313688684808,,8,per_run_oof
qwen2p5_7b__arc_test_00393_365cb767__temp1.00__seed7,0.22936159354836302,,8,per_run_oof
qwen2p5_7b__arc_test_00394_c1006e24__temp0.10__seed7,0.16886563826010223,,8,per_run_oof
qwen2p5_7b__arc_test_00394_c1006e24__temp0.60__seed7,0.18992182077879588,,8,per_run_oof
qwen2p5_7b__arc_test_00394_c1006e24__temp1.00__seed7,0.19037307956986493,,8,per_run_oof
qwen2p5_7b__arc_test_00395_19220aa4__temp0.10__seed7,0.25413421042586637,,8,per_run_oof
qwen2p5_7b__arc_test_00395_19220aa4__temp0.60__seed7,0.278038863829693,,8,per_run_oof
qwen2p5_7b__arc_test_00395_19220aa4__temp1.00__seed7,0.33107435154407644,,8,per_run_oof
qwen2p5_7b__arc_test_00396_199e30ec__temp0.10__seed7,0.18202067566385177,,8,per_run_oof
qwen2p5_7b__arc_test_00396_199e30ec__temp0.60__seed7,0.19206115544550983,,8,per_run_oof
qwen2p5_7b__arc_test_00396_199e30ec__temp1.00__seed7,0.21686469636202738,,8,per_run_oof
qwen2p5_7b__arc_test_00397_6ed7da59__temp0.10__seed7,0.3790364382740739,0.2857142857142857,8,per_run_oof
qwen2p5_7b__arc_test_00397_6ed7da59__temp0.60__seed7,0.2723213550016466,,8,per_run_oof
qwen2p5_7b__arc_test_00397_6ed7da59__temp1.00__seed7,0.3068035120186918,0.14285714285714285,8,per_run_oof
qwen2p5_7b__arc_test_00398_615e437d__temp0.10__seed7,0.333967938370494,,8,per_run_oof
qwen2p5_7b__arc_test_00398_615e437d__temp0.60__seed7,0.20051238756680287,,8,per_run_oof
qwen2p5_7b__arc_test_00398_615e437d__temp1.00__seed7,0.2738217946158248,,8,per_run_oof
qwen2p5_7b__arc_test_00399_8bb72554__temp0.10__seed7,0.2763570416496348,,8,per_run_oof
qwen2p5_7b__arc_test_00399_8bb72554__temp0.60__seed7,0.24991037084854345,,8,per_run_oof
qwen2p5_7b__arc_test_00399_8bb72554__temp1.00__seed7,0.14721373165311608,,8,per_run_oof
qwen2p5_7b__arc_test_00400_bfe816dd__temp0.10__seed7,0.23355652882574277,,8,per_run_oof
qwen2p5_7b__arc_test_00400_bfe816dd__temp0.60__seed7,0.3122207498247342,,8,per_run_oof
qwen2p5_7b__arc_test_00400_bfe816dd__temp1.00__seed7,0.3086269000421662,0.8571428571428571,8,per_run_oof
qwen2p5_7b__arc_test_00401_4e35eaf6__temp0.10__seed7,0.16407983691636796,,8,per_run_oof
qwen2p5_7b__arc_test_00401_4e35eaf6__temp0.60__seed7,0.24147244375649604,,8,per_run_oof
qwen2p5_7b__arc_test_00401_4e35eaf6__temp1.00__seed7,0.16695392793225117,,8,per_run_oof
qwen2p5_7b__arc_test_00402_e0792da4__temp0.10__seed7,0.25766225261928294,,8,per_run_oof
qwen2p5_7b__arc_test_00402_e0792da4__temp0.60__seed7,0.30881708979765354,,8,per_run_oof
qwen2p5_7b__arc_test_00402_e0792da4__temp1.00__seed7,0.20332397335347624,,8,per_run_oof
qwen2p5_7b__arc_test_00403_9558705a__temp0.10__seed7,0.2345939945011068,,8,per_run_oof
qwen2p5_7b__arc_test_00403_9558705a__temp0.60__seed7,0.3749402412671373,,8,per_run_oof
qwen2p5_7b__arc_test_00403_9558705a__temp1.00__seed7,0.18437832926738063,,8,per_run_oof
qwen2p5_7b__arc_test_00404_8769cf53__temp0.10__seed7,0.30281110359014973,,8,per_run_oof
qwen2p5_7b__arc_test_00404_8769cf53__temp0.60__seed7,0.24897160841302254,,8,per_run_oof
qwen2p5_7b__arc_test_00404_8769cf53__temp1.00__seed7,0.22806771586391983,,8,per_run_oof
qwen2p5_7b__arc_test_00405_0f969551__temp0.10__seed7,0.2311514928296569,,8,per_run_oof
qwen2p5_7b__arc_test_00405_0f969551__temp0.60__seed7,0.18587904155348672,,8,per_run_oof
qwen2p5_7b__arc_test_00405_0f969551__temp1.00__seed7,0.19626081051099356,,8,per_run_oof
qwen2p5_7b__arc_test_00406_7424fa6b__temp0.10__seed7,0.21973895243628205,,8,per_run_oof
qwen2p5_7b__arc_test_00406_7424fa6b__temp0.60__seed7,0.19265607422864447,,8,per_run_oof
qwen2p5_7b__arc_test_00406_7424fa6b__temp1.00__seed7,0.16215765815511993,,8,per_run_oof
qwen2p5_7b__arc_test_00407_86df5880__temp0.10__seed7,0.2211525227500451,,8,per_run_oof
qwen2p5_7b__arc_test_00407_86df5880__temp0.60__seed7,0.2315002023328806,,8,per_run_oof
qwen2p5_7b__arc_test_00407_86df5880__temp1.00__seed7,0.25119588662734466,,8,per_run_oof
qwen2p5_7b__arc_test_00408_4c2fa905__temp0.10__seed7,0.33204753077546273,,8,per_run_oof
qwen2p5_7b__arc_test_00408_4c2fa905__temp0.60__seed7,0.3005978996273586,,8,per_run_oof
qwen2p5_7b__arc_test_00408_4c2fa905__temp1.00__seed7,0.3226238248921908,,8,per_run_oof
qwen2p5_7b__arc_test_00409_e083d145__temp0.10__seed7,0.16885559567186356,,8,per_run_oof
qwen2p5_7b__arc_test_00409_e083d145__temp0.60__seed7,0.18262712322915114,,8,per_run_oof
qwen2p5_7b__arc_test_00409_e083d145__temp1.00__seed7,0.17398342086048924,,8,per_run_oof
qwen2p5_7b__arc_test_00410_c7538370__temp0.10__seed7,0.21367300194958105,,8,per_run_oof
qwen2p5_7b__arc_test_00410_c7538370__temp0.60__seed7,0.19535622863172125,,8,per_run_oof
qwen2p5_7b__arc_test_00410_c7538370__temp1.00__seed7,0.1421215375211503,,8,per_run_oof
qwen2p5_7b__arc_test_00411_bfdfc9d1__temp0.10__seed7,0.2596643679826476,,8,per_run_oof
qwen2p5_7b__arc_test_00411_bfdfc9d1__temp0.60__seed7,0.20357967399564147,,8,per_run_oof
qwen2p5_7b__arc_test_00411_bfdfc9d1__temp1.00__seed7,0.234075292909724,,8,per_run_oof
qwen2p5_7b__arc_test_00412_1998b3aa__temp0.10__seed7,0.24428723698720278,,8,per_run_oof
qwen2p5_7b__arc_test_00412_1998b3aa__temp0.60__seed7,0.18428486854662385,,8,per_run_oof
qwen2p5_7b__arc_test_00412_1998b3aa__temp1.00__seed7,0.15949410263445957,,8,per_run_oof
qwen2p5_7b__arc_test_00413_302e6269__temp0.10__seed7,0.1606042626037056,,8,per_run_oof
qwen2p5_7b__arc_test_00413_302e6269__temp0.60__seed7,0.18161134162089845,,8,per_run_oof
qwen2p5_7b__arc_test_00413_302e6269__temp1.00__seed7,0.16654754275184502,,8,per_run_oof
qwen2p5_7b__arc_test_00414_526ea1cc__temp0.10__seed7,0.17822687045579616,,8,per_run_oof
qwen2p5_7b__arc_test_00414_526ea1cc__temp0.60__seed7,0.15978320263039553,,8,per_run_oof
qwen2p5_7b__arc_test_00414_526ea1cc__temp1.00__seed7,0.13504759213795064,,8,per_run_oof
qwen2p5_7b__arc_test_00415_8541da3f__temp0.10__seed7,0.2263106020415889,,8,per_run_oof
qwen2p5_7b__arc_test_00415_8541da3f__temp0.60__seed7,0.2744046110198034,,8,per_run_oof
qwen2p5_7b__arc_test_00415_8541da3f__temp1.00__seed7,0.24702279270124844,,8,per_run_oof
qwen2p5_7b__arc_test_00416_1c8c83d8__temp0.10__seed7,0.2579079741043785,,8,per_run_oof
qwen2p5_7b__arc_test_00416_1c8c83d8__temp0.60__seed7,0.290090248558156,,8,per_run_oof
qwen2p5_7b__arc_test_00416_1c8c83d8__temp1.00__seed7,0.28766927216083577,0.1428571428571429,8,per_run_oof
qwen2p5_7b__arc_test_00417_d4feaa19__temp0.10__seed7,0.2706143790332622,,8,per_run_oof
qwen2p5_7b__arc_test_00417_d4feaa19__temp0.60__seed7,0.25797938783889707,,8,per_run_oof
qwen2p5_7b__arc_test_00417_d4feaa19__temp1.00__seed7,0.2541367448503451,,8,per_run_oof
qwen2p5_7b__arc_test_00418_9c8ca325__temp0.10__seed7,0.17536076069942175,,8,per_run_oof
qwen2p5_7b__arc_test_00418_9c8ca325__temp0.60__seed7,0.16399471579908736,,8,per_run_oof
qwen2p5_7b__arc_test_00418_9c8ca325__temp1.00__seed7,0.20002462379497732,,8,per_run_oof
qwen2p5_7b__arc_test_00419_9e662f9b__temp0.10__seed7,0.2514503856355076,,8,per_run_oof
qwen2p5_7b__arc_test_00419_9e662f9b__temp0.60__seed7,0.22257878089721062,,8,per_run_oof
qwen2p5_7b__arc_test_00419_9e662f9b__temp1.00__seed7,0.24675171272506213,,8,per_run_oof
qwen2p5_7b__arc_test_00420_d643f074__temp0.10__seed7,0.16007643765040952,,8,per_run_oof
qwen2p5_7b__arc_test_00420_d643f074__temp0.60__seed7,0.1669319631530764,,8,per_run_oof
qwen2p5_7b__arc_test_00420_d643f074__temp1.00__seed7,0.16794766711704368,,8,per_run_oof
qwen2p5_7b__arc_test_00421_dde0e2e8__temp0.10__seed7,0.24436226977342126,,8,per_run_oof
qwen2p5_7b__arc_test_00421_dde0e2e8__temp0.60__seed7,0.24582267717007822,,8,per_run_oof
qwen2p5_7b__arc_test_00421_dde0e2e8__temp1.00__seed7,0.2057590567826127,,8,per_run_oof
qwen2p5_7b__arc_test_00422_6dc84e52__temp0.10__seed7,0.21727632468708863,,8,per_run_oof
qwen2p5_7b__arc_test_00422_6dc84e52__temp0.60__seed7,0.2092877683559124,,8,per_run_oof
qwen2p5_7b__arc_test_00422_6dc84e52__temp1.00__seed7,0.30707669377507657,,8,per_run_oof
qwen2p5_7b__arc_test_00423_e5103000__temp0.10__seed7,0.23332763033388546,,8,per_run_oof
qwen2p5_7b__arc_test_00423_e5103000__temp0.60__seed7,0.2592768070451936,,8,per_run_oof
qwen2p5_7b__arc_test_00423_e5103000__temp1.00__seed7,0.19924769698112704,,8,per_run_oof
qwen2p5_7b__arc_test_00424_67b41086__temp0.10__seed7,0.19115070696361153,,8,per_run_oof
qwen2p5_7b__arc_test_00424_67b41086__temp0.60__seed7,0.19167750458014413,,8,per_run_oof
qwen2p5_7b__arc_test_00424_67b41086__temp1.00__seed7,0.2698893483119428,,8,per_run_oof
qwen2p5_7b__arc_test_00425_e3b3f101__temp0.10__seed7,0.28635026886872295,0.8571428571428571,8,per_run_oof
qwen2p5_7b__arc_test_00425_e3b3f101__temp0.60__seed7,0.25784727793845336,0.5714285714285714,8,per_run_oof
qwen2p5_7b__arc_test_00425_e3b3f101__temp1.00__seed7,0.24227332782329705,,8,per_run_oof
qwen2p5_7b__arc_test_00426_8ace8de5__temp0.10__seed7,0.31125842496277983,,8,per_run_oof
qwen2p5_7b__arc_test_00426_8ace8de5__temp0.60__seed7,0.23516826970809013,0.8571428571428571,8,per_run_oof
qwen2p5_7b__arc_test_00426_8ace8de5__temp1.00__seed7,0.24248675623432145,,8,per_run_oof
qwen2p5_7b__arc_test_00427_87d4709d__temp0.10__seed7,0.1541671349834055,,8,per_run_oof
qwen2p5_7b__arc_test_00427_87d4709d__temp0.60__seed7,0.22752866882251854,,8,per_run_oof
qwen2p5_7b__arc_test_00427_87d4709d__temp1.00__seed7,0.17053196886364547,,8,per_run_oof
qwen2p5_7b__arc_test_00428_7287612b__temp0.10__seed7,0.17135583514718525,,8,per_run_oof
qwen2p5_7b__arc_test_00428_7287612b__temp0.60__seed7,0.20482856763980617,,8,per_run_oof
qwen2p5_7b__arc_test_00428_7287612b__temp1.00__seed7,0.23311100354582615,,8,per_run_oof
qwen2p5_7b__arc_test_00429_ecc4d8f9__temp0.10__seed7,0.2267738087094594,,8,per_run_oof
qwen2p5_7b__arc_test_00429_ecc4d8f9__temp0.60__seed7,0.17912024723715728,,8,per_run_oof
qwen2p5_7b__arc_test_00429_ecc4d8f9__temp1.00__seed7,0.20130647180285394,,8,per_run_oof
qwen2p5_7b__arc_test_00430_1f117cb5__temp0.10__seed7,0.18026758038461527,,8,per_run_oof
qwen2p5_7b__arc_test_00430_1f117cb5__temp0.60__seed7,0.1627119593994383,,8,per_run_oof
qwen2p5_7b__arc_test_00430_1f117cb5__temp1.00__seed7,0.22433423366884106,,8,per_run_oof
qwen2p5_7b__arc_test_00431_ed38e3fb__temp0.10__seed7,0.18737094537529073,,8,per_run_oof
qwen2p5_7b__arc_test_00431_ed38e3fb__temp0.60__seed7,0.22697053849105903,,8,per_run_oof
qwen2p5_7b__arc_test_00431_ed38e3fb__temp1.00__seed7,0.17408955915647734,,8,per_run_oof
qwen2p5_7b__arc_test_00432_b2081734__temp0.10__seed7,0.18631956672230615,,8,per_run_oof
qwen2p5_7b__arc_test_00432_b2081734__temp0.60__seed7,0.18554225519842552,,8,per_run_oof
qwen2p5_7b__arc_test_00432_b2081734__temp1.00__seed7,0.263889722449695,,8,per_run_oof
qwen2p5_7b__arc_test_00433_8f97d596__temp0.10__seed7,0.14520876883885125,,8,per_run_oof
qwen2p5_7b__arc_test_00433_8f97d596__temp0.60__seed7,0.24034963570548026,,8,per_run_oof
qwen2p5_7b__arc_test_00433_8f97d596__temp1.00__seed7,0.17934303624343131,,8,per_run_oof
qwen2p5_7b__arc_test_00434_5dc9b930__temp0.10__seed7,0.3544543945793378,0.2857142857142857,8,per_run_oof
qwen2p5_7b__arc_test_00434_5dc9b930__temp0.60__seed7,0.3033711136556997,0.14285714285714285,8,per_run_oof
qwen2p5_7b__arc_test_00434_5dc9b930__temp1.00__seed7,0.35061897308105805,0.5,8,per_run_oof
qwen2p5_7b__arc_test_00435_5a5808a0__temp0.10__seed7,0.25528997455030356,,8,per_run_oof
qwen2p5_7b__arc_test_00435_5a5808a0__temp0.60__seed7,0.19151068825060213,,8,per_run_oof
qwen2p5_7b__arc_test_00435_5a5808a0__temp1.00__seed7,0.21499786681382452,,8,per_run_oof
qwen2p5_7b__arc_test_00436_1db7d473__temp0.10__seed7,0.2777447703662819,,8,per_run_oof
qwen2p5_7b__arc_test_00436_1db7d473__temp0.60__seed7,0.22148578692482596,,8,per_run_oof
qwen2p5_7b__arc_test_00436_1db7d473__temp1.00__seed7,0.25897074507219264,,8,per_run_oof
qwen2p5_7b__arc_test_00437_68fe5af1__temp0.10__seed7,0.19773550415759208,,8,per_run_oof
qwen2p5_7b__arc_test_00437_68fe5af1__temp0.60__seed7,0.285162437468736,0.7142857142857143,8,per_run_oof
qwen2p5_7b__arc_test_00437_68fe5af1__temp1.00__seed7,0.3268408915322002,0.5714285714285714,8,per_run_oof
qwen2p5_7b__arc_test_00438_e1530cd1__temp0.10__seed7,0.2526486684039142,,8,per_run_oof
qwen2p5_7b__arc_test_00438_e1530cd1__temp0.60__seed7,0.25071906965055263,,8,per_run_oof
qwen2p5_7b__arc_test_00438_e1530cd1__temp1.00__seed7,0.233957620001899,,8,per_run_oof
qwen2p5_7b__arc_test_00439_7f2749ab__temp0.10__seed7,0.221371810387535,,8,per_run_oof
qwen2p5_7b__arc_test_00439_7f2749ab__temp0.60__seed7,0.23746211780906887,,8,per_run_oof
qwen2p5_7b__arc_test_00439_7f2749ab__temp1.00__seed7,0.3314643671889634,,8,per_run_oof
qwen2p5_7b__arc_test_00440_9fd46dcf__temp0.10__seed7,0.23851420932525447,,8,per_run_oof
qwen2p5_7b__arc_test_00440_9fd46dcf__temp0.60__seed7,0.326435278676821,0.7142857142857143,8,per_run_oof
qwen2p5_7b__arc_test_00440_9fd46dcf__temp1.00__seed7,0.24974142273652747,,8,per_run_oof
qwen2p5_7b__arc_test_00441_fd113834__temp0.10__seed7,0.23185536430017445,,8,per_run_oof
qwen2p5_7b__arc_test_00441_fd113834__temp0.60__seed7,0.2479212533840851,,8,per_run_oof
qwen2p5_7b__arc_test_00441_fd113834__temp1.00__seed7,0.2399925626290536,,8,per_run_oof
qwen2p5_7b__arc_test_00442_69416ff4__temp0.10__seed7,0.18187000698143474,,8,per_run_oof
qwen2p5_7b__arc_test_00442_69416ff4__temp0.60__seed7,0.19706849001239093,,8,per_run_oof
qwen2p5_7b__arc_test_00442_69416ff4__temp1.00__seed7,0.23686968948365314,,8,per_run_oof
qwen2p5_7b__arc_test_00443_0f84df40__temp0.10__seed7,0.16697147890955752,,8,per_run_oof
qwen2p5_7b__arc_test_00443_0f84df40__temp0.60__seed7,0.23700380683361544,,8,per_run_oof
qwen2p5_7b__arc_test_00443_0f84df40__temp1.00__seed7,0.2080481200880559,,8,per_run_oof
qwen2p5_7b__arc_test_00444_6650d6a2__temp0.10__seed7,0.24796956980445056,,8,per_run_oof
qwen2p5_7b__arc_test_00444_6650d6a2__temp0.60__seed7,0.26758475438486895,,8,per_run_oof
qwen2p5_7b__arc_test_00444_6650d6a2__temp1.00__seed7,0.22187121733842308,,8,per_run_oof
qwen2p5_7b__arc_test_00445_579013e4__temp0.10__seed7,0.22766063581119184,,8,per_run_oof
qwen2p5_7b__arc_test_00445_579013e4__temp0.60__seed7,0.22675126724756006,,8,per_run_oof
qwen2p5_7b__arc_test_00445_579013e4__temp1.00__seed7,0.22236664492321645,,8,per_run_oof
qwen2p5_7b__arc_test_00446_83c6cc68__temp0.10__seed7,0.18022255422076844,,8,per_run_oof
qwen2p5_7b__arc_test_00446_83c6cc68__temp0.60__seed7,0.16266165330699597,,8,per_run_oof
qwen2p5_7b__arc_test_00446_83c6cc68__temp1.00__seed7,0.2224155655039518,,8,per_run_oof
qwen2p5_7b__arc_test_00447_3639fb8d__temp0.10__seed7,0.17704758977160553,,8,per_run_oof
qwen2p5_7b__arc_test_00447_3639fb8d__temp0.60__seed7,0.19270737247832953,,8,per_run_oof
qwen2p5_7b__arc_test_00447_3639fb8d__temp1.00__seed7,0.22545511498364607,,8,per_run_oof
qwen2p5_7b__arc_test_00448_de7139db__temp0.10__seed7,0.17021991421565097,,8,per_run_oof
qwen2p5_7b__arc_test_00448_de7139db__temp0.60__seed7,0.29132312220390444,,8,per_run_oof
qwen2p5_7b__arc_test_00448_de7139db__temp1.00__seed7,0.19600883868200406,,8,per_run_oof
qwen2p5_7b__arc_test_00449_d9f61263__temp0.10__seed7,0.26999395042132834,,8,per_run_oof
qwen2p5_7b__arc_test_00449_d9f61263__temp0.60__seed7,0.28220502902783884,0.8571428571428571,8,per_run_oof
qwen2p5_7b__arc_test_00449_d9f61263__temp1.00__seed7,0.2942194647339746,,8,per_run_oof
qwen2p5_7b__arc_test_00450_0952139a__temp0.10__seed7,0.3032721287262864,,8,per_run_oof
qwen2p5_7b__arc_test_00450_0952139a__temp0.60__seed7,0.4564092922855901,0.2857142857142857,8,per_run_oof
qwen2p5_7b__arc_test_00450_0952139a__temp1.00__seed7,0.33718496531484093,,8,per_run_oof
qwen2p5_7b__arc_test_00451_8e4556d1__temp0.10__seed7,0.2249879497043349,,8,per_run_oof
qwen2p5_7b__arc_test_00451_8e4556d1__temp0.60__seed7,0.22129483887097073,,8,per_run_oof
qwen2p5_7b__arc_test_00451_8e4556d1__temp1.00__seed7,0.23902949867341583,,8,per_run_oof
qwen2p5_7b__arc_test_00452_47a47cff__temp0.10__seed7,0.258025114206281,,8,per_run_oof
qwen2p5_7b__arc_test_00452_47a47cff__temp0.60__seed7,0.24427541955597337,,8,per_run_oof
qwen2p5_7b__arc_test_00452_47a47cff__temp1.00__seed7,0.2707372923486763,,8,per_run_oof
qwen2p5_7b__arc_test_00453_40ed6bb4__temp0.10__seed7,0.265536492065643,0.2857142857142857,8,per_run_oof
qwen2p5_7b__arc_test_00453_40ed6bb4__temp0.60__seed7,0.23591694124238066,,8,per_run_oof
qwen2p5_7b__arc_test_00453_40ed6bb4__temp1.00__seed7,0.3102451652335495,0.5714285714285714,8,per_run_oof
qwen2p5_7b__arc_test_00454_2e61fff0__temp0.10__seed7,0.11262531668044455,,8,per_run_oof
qwen2p5_7b__arc_test_00454_2e61fff0__temp0.60__seed7,0.18801133072725423,,8,per_run_oof
qwen2p5_7b__arc_test_00454_2e61fff0__temp1.00__seed7,0.15522544273893266,,8,per_run_oof
qwen2p5_7b__arc_test_00455_2cdb2af4__temp0.10__seed7,0.25515036163109195,,8,per_run_oof
qwen2p5_7b__arc_test_00455_2cdb2af4__temp0.60__seed7,0.20348360270553004,,8,per_run_oof
qwen2p5_7b__arc_test_00455_2cdb2af4__temp1.00__seed7,0.1489436458625914,,8,per_run_oof
qwen2p5_7b__arc_test_00456_92cff282__temp0.10__seed7,0.17633395614718922,,8,per_run_oof
qwen2p5_7b__arc_test_00456_92cff282__temp0.60__seed7,0.21147643842764396,,8,per_run_oof
qwen2p5_7b__arc_test_00456_92cff282__temp1.00__seed7,0.16422419448537254,,8,per_run_oof
qwen2p5_7b__arc_test_00457_f210958e__temp0.10__seed7,0.26908658786020745,,8,per_run_oof
qwen2p5_7b__arc_test_00457_f210958e__temp0.60__seed7,0.20814803862971148,,8,per_run_oof
qwen2p5_7b__arc_test_00457_f210958e__temp1.00__seed7,0.23414139263018172,,8,per_run_oof
qwen2p5_7b__arc_test_00458_8bc2e6c0__temp0.10__seed7,0.15959440602695105,,8,per_run_oof
qwen2p5_7b__arc_test_00458_8bc2e6c0__temp0.60__seed7,0.2584921981921435,,8,per_run_oof
qwen2p5_7b__arc_test_00458_8bc2e6c0__temp1.00__seed7,0.29084803722598895,,8,per_run_oof
qwen2p5_7b__arc_test_00459_96b9cbbc__temp0.10__seed7,0.13296005761353047,,8,per_run_oof
qwen2p5_7b__arc_test_00459_96b9cbbc__temp0.60__seed7,0.14194419767080252,,8,per_run_oof
qwen2p5_7b__arc_test_00459_96b9cbbc__temp1.00__seed7,0.17721091076684284,,8,per_run_oof
qwen2p5_7b__arc_test_00460_84e47e98__temp0.10__seed7,0.3080640185013036,0.2857142857142857,8,per_run_oof
qwen2p5_7b__arc_test_00460_84e47e98__temp0.60__seed7,0.26374564811816176,,8,per_run_oof
qwen2p5_7b__arc_test_00460_84e47e98__temp1.00__seed7,0.2474828475601913,,8,per_run_oof
qwen2p5_7b__arc_test_00461_9ce2c221__temp0.10__seed7,0.24464999007692992,0.75,8,per_run_oof
qwen2p5_7b__arc_test_00461_9ce2c221__temp0.60__seed7,0.23424691693191765,0.8571428571428571,8,per_run_oof
qwen2p5_7b__arc_test_00461_9ce2c221__temp1.00__seed7,0.2407720674096348,0.8571428571428571,8,per_run_oof
qwen2p5_7b__arc_test_00462_3543ccc3__temp0.10__seed7,0.3097987319471559,,8,per_run_oof
qwen2p5_7b__arc_test_00462_3543ccc3__temp0.60__seed7,0.26880048318026695,,8,per_run_oof
qwen2p5_7b__arc_test_00462_3543ccc3__temp1.00__seed7,0.3081743838771422,,8,per_run_oof
qwen2p5_7b__arc_test_00463_936f56a6__temp0.10__seed7,0.2051474824861769,,8,per_run_oof
qwen2p5_7b__arc_test_00463_936f56a6__temp0.60__seed7,0.22228457702722346,,8,per_run_oof
qwen2p5_7b__arc_test_00463_936f56a6__temp1.00__seed7,0.21682911366747512,,8,per_run_oof
qwen2p5_7b__arc_test_00464_1c6f5ced__temp0.10__seed7,0.28515709602686307,,8,per_run_oof
qwen2p5_7b__arc_test_00464_1c6f5ced__temp0.60__seed7,0.2632511808940584,,8,per_run_oof
qwen2p5_7b__arc_test_00464_1c6f5ced__temp1.00__seed7,0.20119691337147727,,8,per_run_oof
qwen2p5_7b__arc_test_00465_c79235f3__temp0.10__seed7,0.27279985816691354,,8,per_run_oof
qwen2p5_7b__arc_test_00465_c79235f3__temp0.60__seed7,0.19463282121292452,,8,per_run_oof
qwen2p5_7b__arc_test_00465_c79235f3__temp1.00__seed7,0.30543294731727866,,8,per_run_oof
qwen2p5_7b__arc_test_00466_fdbf98ae__temp0.10__seed7,0.23924039411891657,,8,per_run_oof
qwen2p5_7b__arc_test_00466_fdbf98ae__temp0.60__seed7,0.15373152915408153,,8,per_run_oof
qwen2p5_7b__arc_test_00466_fdbf98ae__temp1.00__seed7,0.22122101920991943,,8,per_run_oof
qwen2p5_7b__arc_test_00467_824e4f06__temp0.10__seed7,0.24030145290789978,,8,per_run_oof
qwen2p5_7b__arc_test_00467_824e4f06__temp0.60__seed7,0.19976652828185665,,8,per_run_oof
qwen2p5_7b__arc_test_00467_824e4f06__temp1.00__seed7,0.18947532050874238,,8,per_run_oof
qwen2p5_7b__arc_test_00468_237145d7__temp0.10__seed7,0.1762694464797155,,8,per_run_oof
qwen2p5_7b__arc_test_00468_237145d7__temp0.60__seed7,0.18103780407356793,,8,per_run_oof
qwen2p5_7b__arc_test_00468_237145d7__temp1.00__seed7,0.17829932840681176,,8,per_run_oof
qwen2p5_7b__arc_test_00469_ea59a9ff__temp0.10__seed7,0.18541778329347494,,8,per_run_oof
qwen2p5_7b__arc_test_00469_ea59a9ff__temp0.60__seed7,0.20419630234452577,,8,per_run_oof
qwen2p5_7b__arc_test_00469_ea59a9ff__temp1.00__seed7,0.165292036521502,,8,per_run_oof
qwen2p5_7b__arc_test_00470_f33f9574__temp0.10__seed7,0.19449130727993927,,8,per_run_oof
qwen2p5_7b__arc_test_00470_f33f9574__temp0.60__seed7,0.2231515578623815,,8,per_run_oof
qwen2p5_7b__arc_test_00470_f33f9574__temp1.00__seed7,0.20363898688985424,,8,per_run_oof
qwen2p5_7b__arc_test_00471_70514a76__temp0.10__seed7,0.2857713415795165,,8,per_run_oof
qwen2p5_7b__arc_test_00471_70514a76__temp0.60__seed7,0.23610897174601456,,8,per_run_oof
qwen2p5_7b__arc_test_00471_70514a76__temp1.00__seed7,0.2537381294951323,,8,per_run_oof
qwen2p5_7b__arc_test_00472_b2b2fb94__temp0.10__seed7,0.2452096394678018,,8,per_run_oof
qwen2p5_7b__arc_test_00472_b2b2fb94__temp0.60__seed7,0.2439794478134879,,8,per_run_oof
qwen2p5_7b__arc_test_00472_b2b2fb94__temp1.00__seed7,0.20524479507170681,,8,per_run_oof
qwen2p5_7b__arc_test_00473_b5136afa__temp0.10__seed7,0.2265118305819841,,8,per_run_oof
qwen2p5_7b__arc_test_00473_b5136afa__temp0.60__seed7,0.19767805255713733,,8,per_run_oof
qwen2p5_7b__arc_test_00473_b5136afa__temp1.00__seed7,0.21607752544607745,,8,per_run_oof
qwen2p5_7b__arc_test_00474_a7c577b2__temp0.10__seed7,0.22113147398114702,0.1428571428571429,8,per_run_oof
qwen2p5_7b__arc_test_00474_a7c577b2__temp0.60__seed7,0.13622947688380313,,8,per_run_oof
qwen2p5_7b__arc_test_00474_a7c577b2__temp1.00__seed7,0.3488270716617348,0.8571428571428571,8,per_run_oof
qwen2p5_7b__arc_test_00475_f8b88a76__temp0.10__seed7,0.1101752780078583,,8,per_run_oof
qwen2p5_7b__arc_test_00475_f8b88a76__temp0.60__seed7,0.14948599182194705,,8,per_run_oof
qwen2p5_7b__arc_test_00475_f8b88a76__temp1.00__seed7,0.13144822010188037,,8,per_run_oof
qwen2p5_7b__arc_test_00476_fb07057b__temp0.10__seed7,0.1976634059643377,,8,per_run_oof
qwen2p5_7b__arc_test_00476_fb07057b__temp0.60__seed7,0.1944658732504349,,8,per_run_oof
qwen2p5_7b__arc_test_00476_fb07057b__temp1.00__seed7,0.18336634688208686,,8,per_run_oof
qwen2p5_7b__arc_test_00477_a81f16b5__temp0.10__seed7,0.1990216286851848,,8,per_run_oof
qwen2p5_7b__arc_test_00477_a81f16b5__temp0.60__seed7,0.22331498167439043,,8,per_run_oof
qwen2p5_7b__arc_test_00477_a81f16b5__temp1.00__seed7,0.21145743229931568,,8,per_run_oof
qwen2p5_7b__arc_test_00478_4c9725ae__temp0.10__seed7,0.1641784298056297,,8,per_run_oof
qwen2p5_7b__arc_test_00478_4c9725ae__temp0.60__seed7,0.18330462286016727,,8,per_run_oof
qwen2p5_7b__arc_test_00478_4c9725ae__temp1.00__seed7,0.1775376698490928,,8,per_run_oof
qwen2p5_7b__arc_test_00479_cb276647__temp0.10__seed7,0.13742052059979257,,8,per_run_oof
qwen2p5_7b__arc_test_00479_cb276647__temp0.60__seed7,0.1384440400522481,,8,per_run_oof
qwen2p5_7b__arc_test_00479_cb276647__temp1.00__seed7,0.14622739247279887,,8,per_run_oof
qwen2p5_7b__arc_test_00480_99c4d43c__temp0.10__seed7,0.27654722208902505,0.8571428571428571,8,per_run_oof
qwen2p5_7b__arc_test_00480_99c4d43c__temp0.60__seed7,0.2187910716275042,,8,per_run_oof
qwen2p5_7b__arc_test_00480_99c4d43c__temp1.00__seed7,0.3086631970997717,0.16666666666666663,8,per_run_oof
qwen2p5_7b__arc_test_00481_f0c655bc__temp0.10__seed7,0.24989168562225736,,8,per_run_oof
qwen2p5_7b__arc_test_00481_f0c655bc__temp0.60__seed7,0.24404777139070094,,8,per_run_oof
qwen2p5_7b__arc_test_00481_f0c655bc__temp1.00__seed7,0.20105975548528623,,8,per_run_oof
qwen2p5_7b__arc_test_00482_783ef923__temp0.10__seed7,0.16471935520705555,,8,per_run_oof
qwen2p5_7b__arc_test_00482_783ef923__temp0.60__seed7,0.1934170240948887,,8,per_run_oof
qwen2p5_7b__arc_test_00482_783ef923__temp1.00__seed7,0.32210943383666535,,8,per_run_oof
qwen2p5_7b__arc_test_00483_9384181a__temp0.10__seed7,0.21671749373735383,,8,per_run_oof
qwen2p5_7b__arc_test_00483_9384181a__temp0.60__seed7,0.19748339958477715,,8,per_run_oof
qwen2p5_7b__arc_test_00483_9384181a__temp1.00__seed7,0.1763826776820961,,8,per_run_oof
qwen2p5_7b__arc_test_00484_a5597afb__temp0.10__seed7,0.26790168042914225,,8,per_run_oof
qwen2p5_7b__arc_test_00484_a5597afb__temp0.60__seed7,0.29305638896014985,,8,per_run_oof
qwen2p5_7b__arc_test_00484_a5597afb__temp1.00__seed7,0.2538845585552203,,8,per_run_oof
qwen2p5_7b__arc_test_00485_4b8d4e29__temp0.10__seed7,0.3011544581466713,,8,per_run_oof
qwen2p5_7b__arc_test_00485_4b8d4e29__temp0.60__seed7,0.20716890413816885,,8,per_run_oof
qwen2p5_7b__arc_test_00485_4b8d4e29__temp1.00__seed7,0.18793779120395127,,8,per_run_oof
qwen2p5_7b__arc_test_00486_605c0abe__temp0.10__seed7,0.25234455129363514,,8,per_run_oof
qwen2p5_7b__arc_test_00486_605c0abe__temp0.60__seed7,0.21296936657884627,,8,per_run_oof
qwen2p5_7b__arc_test_00486_605c0abe__temp1.00__seed7,0.21378629825115947,,8,per_run_oof
qwen2p5_7b__arc_test_00487_b2bdd1ce__temp0.10__seed7,0.20886012621356012,,8,per_run_oof
qwen2p5_7b__arc_test_00487_b2bdd1ce__temp0.60__seed7,0.19018599169842387,,8,per_run_oof
qwen2p5_7b__arc_test_00487_b2bdd1ce__temp1.00__seed7,0.18225277339842288,,8,per_run_oof
qwen2p5_7b__arc_test_00488_5463da3a__temp0.10__seed7,0.28052190010738204,,8,per_run_oof
qwen2p5_7b__arc_test_00488_5463da3a__temp0.60__seed7,0.27683867080536495,0.42857142857142855,8,per_run_oof
qwen2p5_7b__arc_test_00488_5463da3a__temp1.00__seed7,0.22418846208524665,0.75,8,per_run_oof
qwen2p5_7b__arc_test_00489_c703c0a9__temp0.10__seed7,0.1920319015790295,,8,per_run_oof
qwen2p5_7b__arc_test_00489_c703c0a9__temp0.60__seed7,0.17237040166596346,,8,per_run_oof
qwen2p5_7b__arc_test_00489_c703c0a9__temp1.00__seed7,0.210127007310549,,8,per_run_oof
qwen2p5_7b__arc_test_00490_4f08600f__temp0.10__seed7,0.32543811140605594,,8,per_run_oof
qwen2p5_7b__arc_test_00490_4f08600f__temp0.60__seed7,0.23921604850102232,,8,per_run_oof
qwen2p5_7b__arc_test_00490_4f08600f__temp1.00__seed7,0.3775954556331753,,8,per_run_oof
qwen2p5_7b__arc_test_00491_ded1fb77__temp0.10__seed7,0.27238641715765155,,8,per_run_oof
qwen2p5_7b__arc_test_00491_ded1fb77__temp0.60__seed7,0.3071736794790074,,8,per_run_oof
qwen2p5_7b__arc_test_00491_ded1fb77__temp1.00__seed7,0.23540953161268835,,8,per_run_oof
qwen2p5_7b__arc_test_00492_6cb78bde__temp0.10__seed7,0.20983976801576695,,8,per_run_oof
qwen2p5_7b__arc_test_00492_6cb78bde__temp0.60__seed7,0.2231249264370661,,8,per_run_oof
qwen2p5_7b__arc_test_00492_6cb78bde__temp1.00__seed7,0.20445096553712505,,8,per_run_oof
qwen2p5_7b__arc_test_00493_955ed165__temp0.10__seed7,0.2667459918754086,,8,per_run_oof
qwen2p5_7b__arc_test_00493_955ed165__temp0.60__seed7,0.26564423015275596,,8,per_run_oof
qwen2p5_7b__arc_test_00493_955ed165__temp1.00__seed7,0.2917177946630342,,8,per_run_oof
qwen2p5_7b__arc_test_00494_7d9bb2d6__temp0.10__seed7,0.2799367285483882,,8,per_run_oof
qwen2p5_7b__arc_test_00494_7d9bb2d6__temp0.60__seed7,0.27128389724037094,,8,per_run_oof
qwen2p5_7b__arc_test_00494_7d9bb2d6__temp1.00__seed7,0.208389813077988,,8,per_run_oof
qwen2p5_7b__arc_test_00495_e38f696f__temp0.10__seed7,0.24455269245007838,,8,per_run_oof
qwen2p5_7b__arc_test_00495_e38f696f__temp0.60__seed7,0.18278693480884714,,8,per_run_oof
qwen2p5_7b__arc_test_00495_e38f696f__temp1.00__seed7,0.17602560131506356,,8,per_run_oof
qwen2p5_7b__arc_test_00496_4f83df33__temp0.10__seed7,0.23810813232835568,,8,per_run_oof
qwen2p5_7b__arc_test_00496_4f83df33__temp0.60__seed7,0.26280017791411675,,8,per_run_oof
qwen2p5_7b__arc_test_00496_4f83df33__temp1.00__seed7,0.2364515914132143,,8,per_run_oof
qwen2p5_7b__arc_test_00497_703134ee__temp0.10__seed7,0.2597727811927367,,8,per_run_oof
qwen2p5_7b__arc_test_00497_703134ee__temp0.60__seed7,0.28926981580130107,,8,per_run_oof
qwen2p5_7b__arc_test_00497_703134ee__temp1.00__seed7,0.2875119341947377,0.8571428571428571,8,per_run_oof
qwen2p5_7b__arc_test_00498_84afdcdc__temp0.10__seed7,0.28625689607323734,,8,per_run_oof
qwen2p5_7b__arc_test_00498_84afdcdc__temp0.60__seed7,0.24470002161545062,,8,per_run_oof
qwen2p5_7b__arc_test_00498_84afdcdc__temp1.00__seed7,0.26019069679357454,,8,per_run_oof
qwen2p5_7b__arc_test_00499_c2a68a4a__temp0.10__seed7,0.19844073260185222,,8,per_run_oof
qwen2p5_7b__arc_test_00499_c2a68a4a__temp0.60__seed7,0.20696544390339225,,8,per_run_oof
qwen2p5_7b__arc_test_00499_c2a68a4a__temp1.00__seed7,0.21870612526131034,,8,per_run_oof
__pooled__,0.22943522184612836,0.64246224749268,12000,pooled_oof
