[INFO] Scanning and loading 65 dataset cells...
[INFO] Loaded 30888 unique run trajectories (202440 total steps).
[INFO] Parsing mid-layer projections...
[INFO] Computing trajectory velocity, acceleration, and curvature...
[INFO] Using device: cuda
[INFO] Starting nested cross-validation (5 folds) using exhaustive cartesian grid search...
[INFO] --- FOLD 1/5 ---
[INFO] Tuning BiGRU configurations (n_iter=324)...
[INFO] Config 1/324: {'hidden_dim': 64, 'num_layers': 1, 'dropout': 0.1, 'lr': 0.001, 'weight_decay': 1e-05} | Val AUC: 0.8343
[INFO] Config 2/324: {'hidden_dim': 64, 'num_layers': 1, 'dropout': 0.1, 'lr': 0.001, 'weight_decay': 0.0001} | Val AUC: 0.8343
[INFO] Config 3/324: {'hidden_dim': 64, 'num_layers': 1, 'dropout': 0.1, 'lr': 0.001, 'weight_decay': 0.001} | Val AUC: 0.8307
[INFO] Config 4/324: {'hidden_dim': 64, 'num_layers': 1, 'dropout': 0.1, 'lr': 0.003, 'weight_decay': 1e-05} | Val AUC: 0.8515
[INFO] Config 5/324: {'hidden_dim': 64, 'num_layers': 1, 'dropout': 0.1, 'lr': 0.003, 'weight_decay': 0.0001} | Val AUC: 0.8484
[INFO] Config 6/324: {'hidden_dim': 64, 'num_layers': 1, 'dropout': 0.1, 'lr': 0.003, 'weight_decay': 0.001} | Val AUC: 0.8508
[INFO] Config 7/324: {'hidden_dim': 64, 'num_layers': 1, 'dropout': 0.1, 'lr': 0.005, 'weight_decay': 1e-05} | Val AUC: 0.8550
[INFO] Config 8/324: {'hidden_dim': 64, 'num_layers': 1, 'dropout': 0.1, 'lr': 0.005, 'weight_decay': 0.0001} | Val AUC: 0.8533
[INFO] Config 9/324: {'hidden_dim': 64, 'num_layers': 1, 'dropout': 0.1, 'lr': 0.005, 'weight_decay': 0.001} | Val AUC: 0.8542
[INFO] Config 10/324: {'hidden_dim': 64, 'num_layers': 1, 'dropout': 0.3, 'lr': 0.001, 'weight_decay': 1e-05} | Val AUC: 0.8340
[INFO] Config 11/324: {'hidden_dim': 64, 'num_layers': 1, 'dropout': 0.3, 'lr': 0.001, 'weight_decay': 0.0001} | Val AUC: 0.8335
[INFO] Config 12/324: {'hidden_dim': 64, 'num_layers': 1, 'dropout': 0.3, 'lr': 0.001, 'weight_decay': 0.001} | Val AUC: 0.8356
[INFO] Config 13/324: {'hidden_dim': 64, 'num_layers': 1, 'dropout': 0.3, 'lr': 0.003, 'weight_decay': 1e-05} | Val AUC: 0.8528
[INFO] Config 14/324: {'hidden_dim': 64, 'num_layers': 1, 'dropout': 0.3, 'lr': 0.003, 'weight_decay': 0.0001} | Val AUC: 0.8487
[INFO] Config 15/324: {'hidden_dim': 64, 'num_layers': 1, 'dropout': 0.3, 'lr': 0.003, 'weight_decay': 0.001} | Val AUC: 0.8536
[INFO] Config 16/324: {'hidden_dim': 64, 'num_layers': 1, 'dropout': 0.3, 'lr': 0.005, 'weight_decay': 1e-05} | Val AUC: 0.8539
[INFO] Config 17/324: {'hidden_dim': 64, 'num_layers': 1, 'dropout': 0.3, 'lr': 0.005, 'weight_decay': 0.0001} | Val AUC: 0.8550
[INFO] Config 18/324: {'hidden_dim': 64, 'num_layers': 1, 'dropout': 0.3, 'lr': 0.005, 'weight_decay': 0.001} | Val AUC: 0.8558
[INFO] Config 19/324: {'hidden_dim': 64, 'num_layers': 1, 'dropout': 0.5, 'lr': 0.001, 'weight_decay': 1e-05} | Val AUC: 0.8359
[INFO] Config 20/324: {'hidden_dim': 64, 'num_layers': 1, 'dropout': 0.5, 'lr': 0.001, 'weight_decay': 0.0001} | Val AUC: 0.8376
[INFO] Config 21/324: {'hidden_dim': 64, 'num_layers': 1, 'dropout': 0.5, 'lr': 0.001, 'weight_decay': 0.001} | Val AUC: 0.8348
[INFO] Config 22/324: {'hidden_dim': 64, 'num_layers': 1, 'dropout': 0.5, 'lr': 0.003, 'weight_decay': 1e-05} | Val AUC: 0.8509
[INFO] Config 23/324: {'hidden_dim': 64, 'num_layers': 1, 'dropout': 0.5, 'lr': 0.003, 'weight_decay': 0.0001} | Val AUC: 0.8524
[INFO] Config 24/324: {'hidden_dim': 64, 'num_layers': 1, 'dropout': 0.5, 'lr': 0.003, 'weight_decay': 0.001} | Val AUC: 0.8530
[INFO] Config 25/324: {'hidden_dim': 64, 'num_layers': 1, 'dropout': 0.5, 'lr': 0.005, 'weight_decay': 1e-05} | Val AUC: 0.8556
[INFO] Config 26/324: {'hidden_dim': 64, 'num_layers': 1, 'dropout': 0.5, 'lr': 0.005, 'weight_decay': 0.0001} | Val AUC: 0.8549
[INFO] Config 27/324: {'hidden_dim': 64, 'num_layers': 1, 'dropout': 0.5, 'lr': 0.005, 'weight_decay': 0.001} | Val AUC: 0.8544
[INFO] Config 28/324: {'hidden_dim': 64, 'num_layers': 2, 'dropout': 0.1, 'lr': 0.001, 'weight_decay': 1e-05} | Val AUC: 0.8420
[INFO] Config 29/324: {'hidden_dim': 64, 'num_layers': 2, 'dropout': 0.1, 'lr': 0.001, 'weight_decay': 0.0001} | Val AUC: 0.8418
[INFO] Config 30/324: {'hidden_dim': 64, 'num_layers': 2, 'dropout': 0.1, 'lr': 0.001, 'weight_decay': 0.001} | Val AUC: 0.8424
[INFO] Config 31/324: {'hidden_dim': 64, 'num_layers': 2, 'dropout': 0.1, 'lr': 0.003, 'weight_decay': 1e-05} | Val AUC: 0.8535
[INFO] Config 32/324: {'hidden_dim': 64, 'num_layers': 2, 'dropout': 0.1, 'lr': 0.003, 'weight_decay': 0.0001} | Val AUC: 0.8535
[INFO] Config 33/324: {'hidden_dim': 64, 'num_layers': 2, 'dropout': 0.1, 'lr': 0.003, 'weight_decay': 0.001} | Val AUC: 0.8515
[INFO] Config 34/324: {'hidden_dim': 64, 'num_layers': 2, 'dropout': 0.1, 'lr': 0.005, 'weight_decay': 1e-05} | Val AUC: 0.8556
[INFO] Config 35/324: {'hidden_dim': 64, 'num_layers': 2, 'dropout': 0.1, 'lr': 0.005, 'weight_decay': 0.0001} | Val AUC: 0.8547
[INFO] Config 36/324: {'hidden_dim': 64, 'num_layers': 2, 'dropout': 0.1, 'lr': 0.005, 'weight_decay': 0.001} | Val AUC: 0.8531
[INFO] Config 37/324: {'hidden_dim': 64, 'num_layers': 2, 'dropout': 0.3, 'lr': 0.001, 'weight_decay': 1e-05} | Val AUC: 0.8355
[INFO] Config 38/324: {'hidden_dim': 64, 'num_layers': 2, 'dropout': 0.3, 'lr': 0.001, 'weight_decay': 0.0001} | Val AUC: 0.8359
[INFO] Config 39/324: {'hidden_dim': 64, 'num_layers': 2, 'dropout': 0.3, 'lr': 0.001, 'weight_decay': 0.001} | Val AUC: 0.8414
[INFO] Config 40/324: {'hidden_dim': 64, 'num_layers': 2, 'dropout': 0.3, 'lr': 0.003, 'weight_decay': 1e-05} | Val AUC: 0.8480
[INFO] Config 41/324: {'hidden_dim': 64, 'num_layers': 2, 'dropout': 0.3, 'lr': 0.003, 'weight_decay': 0.0001} | Val AUC: 0.8526
[INFO] Config 42/324: {'hidden_dim': 64, 'num_layers': 2, 'dropout': 0.3, 'lr': 0.003, 'weight_decay': 0.001} | Val AUC: 0.8525
[INFO] Config 43/324: {'hidden_dim': 64, 'num_layers': 2, 'dropout': 0.3, 'lr': 0.005, 'weight_decay': 1e-05} | Val AUC: 0.8535
[INFO] Config 44/324: {'hidden_dim': 64, 'num_layers': 2, 'dropout': 0.3, 'lr': 0.005, 'weight_decay': 0.0001} | Val AUC: 0.8535
[INFO] Config 45/324: {'hidden_dim': 64, 'num_layers': 2, 'dropout': 0.3, 'lr': 0.005, 'weight_decay': 0.001} | Val AUC: 0.8524
[INFO] Config 46/324: {'hidden_dim': 64, 'num_layers': 2, 'dropout': 0.5, 'lr': 0.001, 'weight_decay': 1e-05} | Val AUC: 0.8341
[INFO] Config 47/324: {'hidden_dim': 64, 'num_layers': 2, 'dropout': 0.5, 'lr': 0.001, 'weight_decay': 0.0001} | Val AUC: 0.8335
[INFO] Config 48/324: {'hidden_dim': 64, 'num_layers': 2, 'dropout': 0.5, 'lr': 0.001, 'weight_decay': 0.001} | Val AUC: 0.8318
[INFO] Config 49/324: {'hidden_dim': 64, 'num_layers': 2, 'dropout': 0.5, 'lr': 0.003, 'weight_decay': 1e-05} | Val AUC: 0.8441
[INFO] Config 50/324: {'hidden_dim': 64, 'num_layers': 2, 'dropout': 0.5, 'lr': 0.003, 'weight_decay': 0.0001} | Val AUC: 0.8477
[INFO] Config 51/324: {'hidden_dim': 64, 'num_layers': 2, 'dropout': 0.5, 'lr': 0.003, 'weight_decay': 0.001} | Val AUC: 0.8483
[INFO] Config 52/324: {'hidden_dim': 64, 'num_layers': 2, 'dropout': 0.5, 'lr': 0.005, 'weight_decay': 1e-05} | Val AUC: 0.8519
[INFO] Config 53/324: {'hidden_dim': 64, 'num_layers': 2, 'dropout': 0.5, 'lr': 0.005, 'weight_decay': 0.0001} | Val AUC: 0.8476
[INFO] Config 54/324: {'hidden_dim': 64, 'num_layers': 2, 'dropout': 0.5, 'lr': 0.005, 'weight_decay': 0.001} | Val AUC: 0.8521
[INFO] Config 55/324: {'hidden_dim': 64, 'num_layers': 3, 'dropout': 0.1, 'lr': 0.001, 'weight_decay': 1e-05} | Val AUC: 0.8402
[INFO] Config 56/324: {'hidden_dim': 64, 'num_layers': 3, 'dropout': 0.1, 'lr': 0.001, 'weight_decay': 0.0001} | Val AUC: 0.8369
[INFO] Config 57/324: {'hidden_dim': 64, 'num_layers': 3, 'dropout': 0.1, 'lr': 0.001, 'weight_decay': 0.001} | Val AUC: 0.8400
[INFO] Config 58/324: {'hidden_dim': 64, 'num_layers': 3, 'dropout': 0.1, 'lr': 0.003, 'weight_decay': 1e-05} | Val AUC: 0.8498
[INFO] Config 59/324: {'hidden_dim': 64, 'num_layers': 3, 'dropout': 0.1, 'lr': 0.003, 'weight_decay': 0.0001} | Val AUC: 0.8483
[INFO] Config 60/324: {'hidden_dim': 64, 'num_layers': 3, 'dropout': 0.1, 'lr': 0.003, 'weight_decay': 0.001} | Val AUC: 0.8482
[INFO] Config 61/324: {'hidden_dim': 64, 'num_layers': 3, 'dropout': 0.1, 'lr': 0.005, 'weight_decay': 1e-05} | Val AUC: 0.8565
[INFO] Config 62/324: {'hidden_dim': 64, 'num_layers': 3, 'dropout': 0.1, 'lr': 0.005, 'weight_decay': 0.0001} | Val AUC: 0.8523
[INFO] Config 63/324: {'hidden_dim': 64, 'num_layers': 3, 'dropout': 0.1, 'lr': 0.005, 'weight_decay': 0.001} | Val AUC: 0.8529
[INFO] Config 64/324: {'hidden_dim': 64, 'num_layers': 3, 'dropout': 0.3, 'lr': 0.001, 'weight_decay': 1e-05} | Val AUC: 0.8338
[INFO] Config 65/324: {'hidden_dim': 64, 'num_layers': 3, 'dropout': 0.3, 'lr': 0.001, 'weight_decay': 0.0001} | Val AUC: 0.8376
[INFO] Config 66/324: {'hidden_dim': 64, 'num_layers': 3, 'dropout': 0.3, 'lr': 0.001, 'weight_decay': 0.001} | Val AUC: 0.8292
[INFO] Config 67/324: {'hidden_dim': 64, 'num_layers': 3, 'dropout': 0.3, 'lr': 0.003, 'weight_decay': 1e-05} | Val AUC: 0.8485
[INFO] Config 68/324: {'hidden_dim': 64, 'num_layers': 3, 'dropout': 0.3, 'lr': 0.003, 'weight_decay': 0.0001} | Val AUC: 0.8507
[INFO] Config 69/324: {'hidden_dim': 64, 'num_layers': 3, 'dropout': 0.3, 'lr': 0.003, 'weight_decay': 0.001} | Val AUC: 0.8484
[INFO] Config 70/324: {'hidden_dim': 64, 'num_layers': 3, 'dropout': 0.3, 'lr': 0.005, 'weight_decay': 1e-05} | Val AUC: 0.8519
[INFO] Config 71/324: {'hidden_dim': 64, 'num_layers': 3, 'dropout': 0.3, 'lr': 0.005, 'weight_decay': 0.0001} | Val AUC: 0.8499
[INFO] Config 72/324: {'hidden_dim': 64, 'num_layers': 3, 'dropout': 0.3, 'lr': 0.005, 'weight_decay': 0.001} | Val AUC: 0.8516
[INFO] Config 73/324: {'hidden_dim': 64, 'num_layers': 3, 'dropout': 0.5, 'lr': 0.001, 'weight_decay': 1e-05} | Val AUC: 0.8302
[INFO] Config 74/324: {'hidden_dim': 64, 'num_layers': 3, 'dropout': 0.5, 'lr': 0.001, 'weight_decay': 0.0001} | Val AUC: 0.8331
[INFO] Config 75/324: {'hidden_dim': 64, 'num_layers': 3, 'dropout': 0.5, 'lr': 0.001, 'weight_decay': 0.001} | Val AUC: 0.8333
[INFO] Config 76/324: {'hidden_dim': 64, 'num_layers': 3, 'dropout': 0.5, 'lr': 0.003, 'weight_decay': 1e-05} | Val AUC: 0.8440
[INFO] Config 77/324: {'hidden_dim': 64, 'num_layers': 3, 'dropout': 0.5, 'lr': 0.003, 'weight_decay': 0.0001} | Val AUC: 0.8454
[INFO] Config 78/324: {'hidden_dim': 64, 'num_layers': 3, 'dropout': 0.5, 'lr': 0.003, 'weight_decay': 0.001} | Val AUC: 0.8450
[INFO] Config 79/324: {'hidden_dim': 64, 'num_layers': 3, 'dropout': 0.5, 'lr': 0.005, 'weight_decay': 1e-05} | Val AUC: 0.8535
[INFO] Config 80/324: {'hidden_dim': 64, 'num_layers': 3, 'dropout': 0.5, 'lr': 0.005, 'weight_decay': 0.0001} | Val AUC: 0.8470
[INFO] Config 81/324: {'hidden_dim': 64, 'num_layers': 3, 'dropout': 0.5, 'lr': 0.005, 'weight_decay': 0.001} | Val AUC: 0.8466
[INFO] Config 82/324: {'hidden_dim': 128, 'num_layers': 1, 'dropout': 0.1, 'lr': 0.001, 'weight_decay': 1e-05} | Val AUC: 0.8476
[INFO] Config 83/324: {'hidden_dim': 128, 'num_layers': 1, 'dropout': 0.1, 'lr': 0.001, 'weight_decay': 0.0001} | Val AUC: 0.8475
[INFO] Config 84/324: {'hidden_dim': 128, 'num_layers': 1, 'dropout': 0.1, 'lr': 0.001, 'weight_decay': 0.001} | Val AUC: 0.8488
[INFO] Config 85/324: {'hidden_dim': 128, 'num_layers': 1, 'dropout': 0.1, 'lr': 0.003, 'weight_decay': 1e-05} | Val AUC: 0.8569
[INFO] Config 86/324: {'hidden_dim': 128, 'num_layers': 1, 'dropout': 0.1, 'lr': 0.003, 'weight_decay': 0.0001} | Val AUC: 0.8565
[INFO] Config 87/324: {'hidden_dim': 128, 'num_layers': 1, 'dropout': 0.1, 'lr': 0.003, 'weight_decay': 0.001} | Val AUC: 0.8568
[INFO] Config 88/324: {'hidden_dim': 128, 'num_layers': 1, 'dropout': 0.1, 'lr': 0.005, 'weight_decay': 1e-05} | Val AUC: 0.8612
[INFO] Config 89/324: {'hidden_dim': 128, 'num_layers': 1, 'dropout': 0.1, 'lr': 0.005, 'weight_decay': 0.0001} | Val AUC: 0.8617
[INFO] Config 90/324: {'hidden_dim': 128, 'num_layers': 1, 'dropout': 0.1, 'lr': 0.005, 'weight_decay': 0.001} | Val AUC: 0.8591
[INFO] Config 91/324: {'hidden_dim': 128, 'num_layers': 1, 'dropout': 0.3, 'lr': 0.001, 'weight_decay': 1e-05} | Val AUC: 0.8489
[INFO] Config 92/324: {'hidden_dim': 128, 'num_layers': 1, 'dropout': 0.3, 'lr': 0.001, 'weight_decay': 0.0001} | Val AUC: 0.8486
[INFO] Config 93/324: {'hidden_dim': 128, 'num_layers': 1, 'dropout': 0.3, 'lr': 0.001, 'weight_decay': 0.001} | Val AUC: 0.8489
[INFO] Config 94/324: {'hidden_dim': 128, 'num_layers': 1, 'dropout': 0.3, 'lr': 0.003, 'weight_decay': 1e-05} | Val AUC: 0.8570
[INFO] Config 95/324: {'hidden_dim': 128, 'num_layers': 1, 'dropout': 0.3, 'lr': 0.003, 'weight_decay': 0.0001} | Val AUC: 0.8562
[INFO] Config 96/324: {'hidden_dim': 128, 'num_layers': 1, 'dropout': 0.3, 'lr': 0.003, 'weight_decay': 0.001} | Val AUC: 0.8574
[INFO] Config 97/324: {'hidden_dim': 128, 'num_layers': 1, 'dropout': 0.3, 'lr': 0.005, 'weight_decay': 1e-05} | Val AUC: 0.8599
[INFO] Config 98/324: {'hidden_dim': 128, 'num_layers': 1, 'dropout': 0.3, 'lr': 0.005, 'weight_decay': 0.0001} | Val AUC: 0.8592
[INFO] Config 99/324: {'hidden_dim': 128, 'num_layers': 1, 'dropout': 0.3, 'lr': 0.005, 'weight_decay': 0.001} | Val AUC: 0.8600
[INFO] Config 100/324: {'hidden_dim': 128, 'num_layers': 1, 'dropout': 0.5, 'lr': 0.001, 'weight_decay': 1e-05} | Val AUC: 0.8478
[INFO] Config 101/324: {'hidden_dim': 128, 'num_layers': 1, 'dropout': 0.5, 'lr': 0.001, 'weight_decay': 0.0001} | Val AUC: 0.8462
[INFO] Config 102/324: {'hidden_dim': 128, 'num_layers': 1, 'dropout': 0.5, 'lr': 0.001, 'weight_decay': 0.001} | Val AUC: 0.8469
[INFO] Config 103/324: {'hidden_dim': 128, 'num_layers': 1, 'dropout': 0.5, 'lr': 0.003, 'weight_decay': 1e-05} | Val AUC: 0.8571
[INFO] Config 104/324: {'hidden_dim': 128, 'num_layers': 1, 'dropout': 0.5, 'lr': 0.003, 'weight_decay': 0.0001} | Val AUC: 0.8569
[INFO] Config 105/324: {'hidden_dim': 128, 'num_layers': 1, 'dropout': 0.5, 'lr': 0.003, 'weight_decay': 0.001} | Val AUC: 0.8568
[INFO] Config 106/324: {'hidden_dim': 128, 'num_layers': 1, 'dropout': 0.5, 'lr': 0.005, 'weight_decay': 1e-05} | Val AUC: 0.8579
[INFO] Config 107/324: {'hidden_dim': 128, 'num_layers': 1, 'dropout': 0.5, 'lr': 0.005, 'weight_decay': 0.0001} | Val AUC: 0.8594
[INFO] Config 108/324: {'hidden_dim': 128, 'num_layers': 1, 'dropout': 0.5, 'lr': 0.005, 'weight_decay': 0.001} | Val AUC: 0.8604
[INFO] Config 109/324: {'hidden_dim': 128, 'num_layers': 2, 'dropout': 0.1, 'lr': 0.001, 'weight_decay': 1e-05} | Val AUC: 0.8481
[INFO] Config 110/324: {'hidden_dim': 128, 'num_layers': 2, 'dropout': 0.1, 'lr': 0.001, 'weight_decay': 0.0001} | Val AUC: 0.8516
[INFO] Config 111/324: {'hidden_dim': 128, 'num_layers': 2, 'dropout': 0.1, 'lr': 0.001, 'weight_decay': 0.001} | Val AUC: 0.8469
[INFO] Config 112/324: {'hidden_dim': 128, 'num_layers': 2, 'dropout': 0.1, 'lr': 0.003, 'weight_decay': 1e-05} | Val AUC: 0.8553
[INFO] Config 113/324: {'hidden_dim': 128, 'num_layers': 2, 'dropout': 0.1, 'lr': 0.003, 'weight_decay': 0.0001} | Val AUC: 0.8571
[INFO] Config 114/324: {'hidden_dim': 128, 'num_layers': 2, 'dropout': 0.1, 'lr': 0.003, 'weight_decay': 0.001} | Val AUC: 0.8589
[INFO] Config 115/324: {'hidden_dim': 128, 'num_layers': 2, 'dropout': 0.1, 'lr': 0.005, 'weight_decay': 1e-05} | Val AUC: 0.8592
[INFO] Config 116/324: {'hidden_dim': 128, 'num_layers': 2, 'dropout': 0.1, 'lr': 0.005, 'weight_decay': 0.0001} | Val AUC: 0.8546
[INFO] Config 117/324: {'hidden_dim': 128, 'num_layers': 2, 'dropout': 0.1, 'lr': 0.005, 'weight_decay': 0.001} | Val AUC: 0.8575
[INFO] Config 118/324: {'hidden_dim': 128, 'num_layers': 2, 'dropout': 0.3, 'lr': 0.001, 'weight_decay': 1e-05} | Val AUC: 0.8497
[INFO] Config 119/324: {'hidden_dim': 128, 'num_layers': 2, 'dropout': 0.3, 'lr': 0.001, 'weight_decay': 0.0001} | Val AUC: 0.8477
[INFO] Config 120/324: {'hidden_dim': 128, 'num_layers': 2, 'dropout': 0.3, 'lr': 0.001, 'weight_decay': 0.001} | Val AUC: 0.8501
[INFO] Config 121/324: {'hidden_dim': 128, 'num_layers': 2, 'dropout': 0.3, 'lr': 0.003, 'weight_decay': 1e-05} | Val AUC: 0.8571
[INFO] Config 122/324: {'hidden_dim': 128, 'num_layers': 2, 'dropout': 0.3, 'lr': 0.003, 'weight_decay': 0.0001} | Val AUC: 0.8568
[INFO] Config 123/324: {'hidden_dim': 128, 'num_layers': 2, 'dropout': 0.3, 'lr': 0.003, 'weight_decay': 0.001} | Val AUC: 0.8581
[INFO] Config 124/324: {'hidden_dim': 128, 'num_layers': 2, 'dropout': 0.3, 'lr': 0.005, 'weight_decay': 1e-05} | Val AUC: 0.8549
[INFO] Config 125/324: {'hidden_dim': 128, 'num_layers': 2, 'dropout': 0.3, 'lr': 0.005, 'weight_decay': 0.0001} | Val AUC: 0.8589
[INFO] Config 126/324: {'hidden_dim': 128, 'num_layers': 2, 'dropout': 0.3, 'lr': 0.005, 'weight_decay': 0.001} | Val AUC: 0.8585
[INFO] Config 127/324: {'hidden_dim': 128, 'num_layers': 2, 'dropout': 0.5, 'lr': 0.001, 'weight_decay': 1e-05} | Val AUC: 0.8444
[INFO] Config 128/324: {'hidden_dim': 128, 'num_layers': 2, 'dropout': 0.5, 'lr': 0.001, 'weight_decay': 0.0001} | Val AUC: 0.8466
[INFO] Config 129/324: {'hidden_dim': 128, 'num_layers': 2, 'dropout': 0.5, 'lr': 0.001, 'weight_decay': 0.001} | Val AUC: 0.8439
[INFO] Config 130/324: {'hidden_dim': 128, 'num_layers': 2, 'dropout': 0.5, 'lr': 0.003, 'weight_decay': 1e-05} | Val AUC: 0.8549
[INFO] Config 131/324: {'hidden_dim': 128, 'num_layers': 2, 'dropout': 0.5, 'lr': 0.003, 'weight_decay': 0.0001} | Val AUC: 0.8526
[INFO] Config 132/324: {'hidden_dim': 128, 'num_layers': 2, 'dropout': 0.5, 'lr': 0.003, 'weight_decay': 0.001} | Val AUC: 0.8559
[INFO] Config 133/324: {'hidden_dim': 128, 'num_layers': 2, 'dropout': 0.5, 'lr': 0.005, 'weight_decay': 1e-05} | Val AUC: 0.8573
[INFO] Config 134/324: {'hidden_dim': 128, 'num_layers': 2, 'dropout': 0.5, 'lr': 0.005, 'weight_decay': 0.0001} | Val AUC: 0.8557
[INFO] Config 135/324: {'hidden_dim': 128, 'num_layers': 2, 'dropout': 0.5, 'lr': 0.005, 'weight_decay': 0.001} | Val AUC: 0.8566
[INFO] Config 136/324: {'hidden_dim': 128, 'num_layers': 3, 'dropout': 0.1, 'lr': 0.001, 'weight_decay': 1e-05} | Val AUC: 0.8488
[INFO] Config 137/324: {'hidden_dim': 128, 'num_layers': 3, 'dropout': 0.1, 'lr': 0.001, 'weight_decay': 0.0001} | Val AUC: 0.8483
[INFO] Config 138/324: {'hidden_dim': 128, 'num_layers': 3, 'dropout': 0.1, 'lr': 0.001, 'weight_decay': 0.001} | Val AUC: 0.8489
[INFO] Config 139/324: {'hidden_dim': 128, 'num_layers': 3, 'dropout': 0.1, 'lr': 0.003, 'weight_decay': 1e-05} | Val AUC: 0.8569
[INFO] Config 140/324: {'hidden_dim': 128, 'num_layers': 3, 'dropout': 0.1, 'lr': 0.003, 'weight_decay': 0.0001} | Val AUC: 0.8554
[INFO] Config 141/324: {'hidden_dim': 128, 'num_layers': 3, 'dropout': 0.1, 'lr': 0.003, 'weight_decay': 0.001} | Val AUC: 0.8538
[INFO] Config 142/324: {'hidden_dim': 128, 'num_layers': 3, 'dropout': 0.1, 'lr': 0.005, 'weight_decay': 1e-05} | Val AUC: 0.8574
[INFO] Config 143/324: {'hidden_dim': 128, 'num_layers': 3, 'dropout': 0.1, 'lr': 0.005, 'weight_decay': 0.0001} | Val AUC: 0.8550
[INFO] Config 144/324: {'hidden_dim': 128, 'num_layers': 3, 'dropout': 0.1, 'lr': 0.005, 'weight_decay': 0.001} | Val AUC: 0.8577
[INFO] Config 145/324: {'hidden_dim': 128, 'num_layers': 3, 'dropout': 0.3, 'lr': 0.001, 'weight_decay': 1e-05} | Val AUC: 0.8466
[INFO] Config 146/324: {'hidden_dim': 128, 'num_layers': 3, 'dropout': 0.3, 'lr': 0.001, 'weight_decay': 0.0001} | Val AUC: 0.8467
[INFO] Config 147/324: {'hidden_dim': 128, 'num_layers': 3, 'dropout': 0.3, 'lr': 0.001, 'weight_decay': 0.001} | Val AUC: 0.8469
[INFO] Config 148/324: {'hidden_dim': 128, 'num_layers': 3, 'dropout': 0.3, 'lr': 0.003, 'weight_decay': 1e-05} | Val AUC: 0.8539
[INFO] Config 149/324: {'hidden_dim': 128, 'num_layers': 3, 'dropout': 0.3, 'lr': 0.003, 'weight_decay': 0.0001} | Val AUC: 0.8492
[INFO] Config 150/324: {'hidden_dim': 128, 'num_layers': 3, 'dropout': 0.3, 'lr': 0.003, 'weight_decay': 0.001} | Val AUC: 0.8534
[INFO] Config 151/324: {'hidden_dim': 128, 'num_layers': 3, 'dropout': 0.3, 'lr': 0.005, 'weight_decay': 1e-05} | Val AUC: 0.8533
[INFO] Config 152/324: {'hidden_dim': 128, 'num_layers': 3, 'dropout': 0.3, 'lr': 0.005, 'weight_decay': 0.0001} | Val AUC: 0.8546
[INFO] Config 153/324: {'hidden_dim': 128, 'num_layers': 3, 'dropout': 0.3, 'lr': 0.005, 'weight_decay': 0.001} | Val AUC: 0.8550
[INFO] Config 154/324: {'hidden_dim': 128, 'num_layers': 3, 'dropout': 0.5, 'lr': 0.001, 'weight_decay': 1e-05} | Val AUC: 0.8402
[INFO] Config 155/324: {'hidden_dim': 128, 'num_layers': 3, 'dropout': 0.5, 'lr': 0.001, 'weight_decay': 0.0001} | Val AUC: 0.8417
[INFO] Config 156/324: {'hidden_dim': 128, 'num_layers': 3, 'dropout': 0.5, 'lr': 0.001, 'weight_decay': 0.001} | Val AUC: 0.8420
[INFO] Config 157/324: {'hidden_dim': 128, 'num_layers': 3, 'dropout': 0.5, 'lr': 0.003, 'weight_decay': 1e-05} | Val AUC: 0.8485
[INFO] Config 158/324: {'hidden_dim': 128, 'num_layers': 3, 'dropout': 0.5, 'lr': 0.003, 'weight_decay': 0.0001} | Val AUC: 0.8534
[INFO] Config 159/324: {'hidden_dim': 128, 'num_layers': 3, 'dropout': 0.5, 'lr': 0.003, 'weight_decay': 0.001} | Val AUC: 0.8519
[INFO] Config 160/324: {'hidden_dim': 128, 'num_layers': 3, 'dropout': 0.5, 'lr': 0.005, 'weight_decay': 1e-05} | Val AUC: 0.8571
[INFO] Config 161/324: {'hidden_dim': 128, 'num_layers': 3, 'dropout': 0.5, 'lr': 0.005, 'weight_decay': 0.0001} | Val AUC: 0.8508
[INFO] Config 162/324: {'hidden_dim': 128, 'num_layers': 3, 'dropout': 0.5, 'lr': 0.005, 'weight_decay': 0.001} | Val AUC: 0.8495
[INFO] Config 163/324: {'hidden_dim': 256, 'num_layers': 1, 'dropout': 0.1, 'lr': 0.001, 'weight_decay': 1e-05} | Val AUC: 0.8566
[INFO] Config 164/324: {'hidden_dim': 256, 'num_layers': 1, 'dropout': 0.1, 'lr': 0.001, 'weight_decay': 0.0001} | Val AUC: 0.8576
[INFO] Config 165/324: {'hidden_dim': 256, 'num_layers': 1, 'dropout': 0.1, 'lr': 0.001, 'weight_decay': 0.001} | Val AUC: 0.8566
[INFO] Config 166/324: {'hidden_dim': 256, 'num_layers': 1, 'dropout': 0.1, 'lr': 0.003, 'weight_decay': 1e-05} | Val AUC: 0.8610
[INFO] Config 167/324: {'hidden_dim': 256, 'num_layers': 1, 'dropout': 0.1, 'lr': 0.003, 'weight_decay': 0.0001} | Val AUC: 0.8589
[INFO] Config 168/324: {'hidden_dim': 256, 'num_layers': 1, 'dropout': 0.1, 'lr': 0.003, 'weight_decay': 0.001} | Val AUC: 0.8612
[INFO] Config 169/324: {'hidden_dim': 256, 'num_layers': 1, 'dropout': 0.1, 'lr': 0.005, 'weight_decay': 1e-05} | Val AUC: 0.8613
[INFO] Config 170/324: {'hidden_dim': 256, 'num_layers': 1, 'dropout': 0.1, 'lr': 0.005, 'weight_decay': 0.0001} | Val AUC: 0.8609
[INFO] Config 171/324: {'hidden_dim': 256, 'num_layers': 1, 'dropout': 0.1, 'lr': 0.005, 'weight_decay': 0.001} | Val AUC: 0.8609
[INFO] Config 172/324: {'hidden_dim': 256, 'num_layers': 1, 'dropout': 0.3, 'lr': 0.001, 'weight_decay': 1e-05} | Val AUC: 0.8557
[INFO] Config 173/324: {'hidden_dim': 256, 'num_layers': 1, 'dropout': 0.3, 'lr': 0.001, 'weight_decay': 0.0001} | Val AUC: 0.8567
[INFO] Config 174/324: {'hidden_dim': 256, 'num_layers': 1, 'dropout': 0.3, 'lr': 0.001, 'weight_decay': 0.001} | Val AUC: 0.8562
[INFO] Config 175/324: {'hidden_dim': 256, 'num_layers': 1, 'dropout': 0.3, 'lr': 0.003, 'weight_decay': 1e-05} | Val AUC: 0.8603
[INFO] Config 176/324: {'hidden_dim': 256, 'num_layers': 1, 'dropout': 0.3, 'lr': 0.003, 'weight_decay': 0.0001} | Val AUC: 0.8612
[INFO] Config 177/324: {'hidden_dim': 256, 'num_layers': 1, 'dropout': 0.3, 'lr': 0.003, 'weight_decay': 0.001} | Val AUC: 0.8608
[INFO] Config 178/324: {'hidden_dim': 256, 'num_layers': 1, 'dropout': 0.3, 'lr': 0.005, 'weight_decay': 1e-05} | Val AUC: 0.8627
[INFO] Config 179/324: {'hidden_dim': 256, 'num_layers': 1, 'dropout': 0.3, 'lr': 0.005, 'weight_decay': 0.0001} | Val AUC: 0.8620
[INFO] Config 180/324: {'hidden_dim': 256, 'num_layers': 1, 'dropout': 0.3, 'lr': 0.005, 'weight_decay': 0.001} | Val AUC: 0.8598
[INFO] Config 181/324: {'hidden_dim': 256, 'num_layers': 1, 'dropout': 0.5, 'lr': 0.001, 'weight_decay': 1e-05} | Val AUC: 0.8556
[INFO] Config 182/324: {'hidden_dim': 256, 'num_layers': 1, 'dropout': 0.5, 'lr': 0.001, 'weight_decay': 0.0001} | Val AUC: 0.8558
[INFO] Config 183/324: {'hidden_dim': 256, 'num_layers': 1, 'dropout': 0.5, 'lr': 0.001, 'weight_decay': 0.001} | Val AUC: 0.8544
[INFO] Config 184/324: {'hidden_dim': 256, 'num_layers': 1, 'dropout': 0.5, 'lr': 0.003, 'weight_decay': 1e-05} | Val AUC: 0.8614
[INFO] Config 185/324: {'hidden_dim': 256, 'num_layers': 1, 'dropout': 0.5, 'lr': 0.003, 'weight_decay': 0.0001} | Val AUC: 0.8606
[INFO] Config 186/324: {'hidden_dim': 256, 'num_layers': 1, 'dropout': 0.5, 'lr': 0.003, 'weight_decay': 0.001} | Val AUC: 0.8613
[INFO] Config 187/324: {'hidden_dim': 256, 'num_layers': 1, 'dropout': 0.5, 'lr': 0.005, 'weight_decay': 1e-05} | Val AUC: 0.8632
[INFO] Config 188/324: {'hidden_dim': 256, 'num_layers': 1, 'dropout': 0.5, 'lr': 0.005, 'weight_decay': 0.0001} | Val AUC: 0.8612
[INFO] Config 189/324: {'hidden_dim': 256, 'num_layers': 1, 'dropout': 0.5, 'lr': 0.005, 'weight_decay': 0.001} | Val AUC: 0.8625
[INFO] Config 190/324: {'hidden_dim': 256, 'num_layers': 2, 'dropout': 0.1, 'lr': 0.001, 'weight_decay': 1e-05} | Val AUC: 0.8538
[INFO] Config 191/324: {'hidden_dim': 256, 'num_layers': 2, 'dropout': 0.1, 'lr': 0.001, 'weight_decay': 0.0001} | Val AUC: 0.8545
[INFO] Config 192/324: {'hidden_dim': 256, 'num_layers': 2, 'dropout': 0.1, 'lr': 0.001, 'weight_decay': 0.001} | Val AUC: 0.8554
[INFO] Config 193/324: {'hidden_dim': 256, 'num_layers': 2, 'dropout': 0.1, 'lr': 0.003, 'weight_decay': 1e-05} | Val AUC: 0.8597
[INFO] Config 194/324: {'hidden_dim': 256, 'num_layers': 2, 'dropout': 0.1, 'lr': 0.003, 'weight_decay': 0.0001} | Val AUC: 0.8578
[INFO] Config 195/324: {'hidden_dim': 256, 'num_layers': 2, 'dropout': 0.1, 'lr': 0.003, 'weight_decay': 0.001} | Val AUC: 0.8571
[INFO] Config 196/324: {'hidden_dim': 256, 'num_layers': 2, 'dropout': 0.1, 'lr': 0.005, 'weight_decay': 1e-05} | Val AUC: 0.8563
[INFO] Config 197/324: {'hidden_dim': 256, 'num_layers': 2, 'dropout': 0.1, 'lr': 0.005, 'weight_decay': 0.0001} | Val AUC: 0.8575
[INFO] Config 198/324: {'hidden_dim': 256, 'num_layers': 2, 'dropout': 0.1, 'lr': 0.005, 'weight_decay': 0.001} | Val AUC: 0.8574
[INFO] Config 199/324: {'hidden_dim': 256, 'num_layers': 2, 'dropout': 0.3, 'lr': 0.001, 'weight_decay': 1e-05} | Val AUC: 0.8552
[INFO] Config 200/324: {'hidden_dim': 256, 'num_layers': 2, 'dropout': 0.3, 'lr': 0.001, 'weight_decay': 0.0001} | Val AUC: 0.8545
[INFO] Config 201/324: {'hidden_dim': 256, 'num_layers': 2, 'dropout': 0.3, 'lr': 0.001, 'weight_decay': 0.001} | Val AUC: 0.8538
[INFO] Config 202/324: {'hidden_dim': 256, 'num_layers': 2, 'dropout': 0.3, 'lr': 0.003, 'weight_decay': 1e-05} | Val AUC: 0.8595
[INFO] Config 203/324: {'hidden_dim': 256, 'num_layers': 2, 'dropout': 0.3, 'lr': 0.003, 'weight_decay': 0.0001} | Val AUC: 0.8600
[INFO] Config 204/324: {'hidden_dim': 256, 'num_layers': 2, 'dropout': 0.3, 'lr': 0.003, 'weight_decay': 0.001} | Val AUC: 0.8572
[INFO] Config 205/324: {'hidden_dim': 256, 'num_layers': 2, 'dropout': 0.3, 'lr': 0.005, 'weight_decay': 1e-05} | Val AUC: 0.8597
[INFO] Config 206/324: {'hidden_dim': 256, 'num_layers': 2, 'dropout': 0.3, 'lr': 0.005, 'weight_decay': 0.0001} | Val AUC: 0.8572
[INFO] Config 207/324: {'hidden_dim': 256, 'num_layers': 2, 'dropout': 0.3, 'lr': 0.005, 'weight_decay': 0.001} | Val AUC: 0.8555
[INFO] Config 208/324: {'hidden_dim': 256, 'num_layers': 2, 'dropout': 0.5, 'lr': 0.001, 'weight_decay': 1e-05} | Val AUC: 0.8520
[INFO] Config 209/324: {'hidden_dim': 256, 'num_layers': 2, 'dropout': 0.5, 'lr': 0.001, 'weight_decay': 0.0001} | Val AUC: 0.8513
[INFO] Config 210/324: {'hidden_dim': 256, 'num_layers': 2, 'dropout': 0.5, 'lr': 0.001, 'weight_decay': 0.001} | Val AUC: 0.8551
[INFO] Config 211/324: {'hidden_dim': 256, 'num_layers': 2, 'dropout': 0.5, 'lr': 0.003, 'weight_decay': 1e-05} | Val AUC: 0.8573
[INFO] Config 212/324: {'hidden_dim': 256, 'num_layers': 2, 'dropout': 0.5, 'lr': 0.003, 'weight_decay': 0.0001} | Val AUC: 0.8564
[INFO] Config 213/324: {'hidden_dim': 256, 'num_layers': 2, 'dropout': 0.5, 'lr': 0.003, 'weight_decay': 0.001} | Val AUC: 0.8581
[INFO] Config 214/324: {'hidden_dim': 256, 'num_layers': 2, 'dropout': 0.5, 'lr': 0.005, 'weight_decay': 1e-05} | Val AUC: 0.8570
[INFO] Config 215/324: {'hidden_dim': 256, 'num_layers': 2, 'dropout': 0.5, 'lr': 0.005, 'weight_decay': 0.0001} | Val AUC: 0.8553
[INFO] Config 216/324: {'hidden_dim': 256, 'num_layers': 2, 'dropout': 0.5, 'lr': 0.005, 'weight_decay': 0.001} | Val AUC: 0.8527
[INFO] Config 217/324: {'hidden_dim': 256, 'num_layers': 3, 'dropout': 0.1, 'lr': 0.001, 'weight_decay': 1e-05} | Val AUC: 0.8515
[INFO] Config 218/324: {'hidden_dim': 256, 'num_layers': 3, 'dropout': 0.1, 'lr': 0.001, 'weight_decay': 0.0001} | Val AUC: 0.8525
[INFO] Config 219/324: {'hidden_dim': 256, 'num_layers': 3, 'dropout': 0.1, 'lr': 0.001, 'weight_decay': 0.001} | Val AUC: 0.8521
[INFO] Config 220/324: {'hidden_dim': 256, 'num_layers': 3, 'dropout': 0.1, 'lr': 0.003, 'weight_decay': 1e-05} | Val AUC: 0.8550
[INFO] Config 221/324: {'hidden_dim': 256, 'num_layers': 3, 'dropout': 0.1, 'lr': 0.003, 'weight_decay': 0.0001} | Val AUC: 0.8555
[INFO] Config 222/324: {'hidden_dim': 256, 'num_layers': 3, 'dropout': 0.1, 'lr': 0.003, 'weight_decay': 0.001} | Val AUC: 0.8594
[INFO] Config 223/324: {'hidden_dim': 256, 'num_layers': 3, 'dropout': 0.1, 'lr': 0.005, 'weight_decay': 1e-05} | Val AUC: 0.8489
[INFO] Config 224/324: {'hidden_dim': 256, 'num_layers': 3, 'dropout': 0.1, 'lr': 0.005, 'weight_decay': 0.0001} | Val AUC: 0.8549
[INFO] Config 225/324: {'hidden_dim': 256, 'num_layers': 3, 'dropout': 0.1, 'lr': 0.005, 'weight_decay': 0.001} | Val AUC: 0.8499
[INFO] Config 226/324: {'hidden_dim': 256, 'num_layers': 3, 'dropout': 0.3, 'lr': 0.001, 'weight_decay': 1e-05} | Val AUC: 0.8557
[INFO] Config 227/324: {'hidden_dim': 256, 'num_layers': 3, 'dropout': 0.3, 'lr': 0.001, 'weight_decay': 0.0001} | Val AUC: 0.8517
[INFO] Config 228/324: {'hidden_dim': 256, 'num_layers': 3, 'dropout': 0.3, 'lr': 0.001, 'weight_decay': 0.001} | Val AUC: 0.8535
[INFO] Config 229/324: {'hidden_dim': 256, 'num_layers': 3, 'dropout': 0.3, 'lr': 0.003, 'weight_decay': 1e-05} | Val AUC: 0.8578
[INFO] Config 230/324: {'hidden_dim': 256, 'num_layers': 3, 'dropout': 0.3, 'lr': 0.003, 'weight_decay': 0.0001} | Val AUC: 0.8463
[INFO] Config 231/324: {'hidden_dim': 256, 'num_layers': 3, 'dropout': 0.3, 'lr': 0.003, 'weight_decay': 0.001} | Val AUC: 0.8577
[INFO] Config 232/324: {'hidden_dim': 256, 'num_layers': 3, 'dropout': 0.3, 'lr': 0.005, 'weight_decay': 1e-05} | Val AUC: 0.8480
[INFO] Config 233/324: {'hidden_dim': 256, 'num_layers': 3, 'dropout': 0.3, 'lr': 0.005, 'weight_decay': 0.0001} | Val AUC: 0.8568
[INFO] Config 234/324: {'hidden_dim': 256, 'num_layers': 3, 'dropout': 0.3, 'lr': 0.005, 'weight_decay': 0.001} | Val AUC: 0.8486
[INFO] Config 235/324: {'hidden_dim': 256, 'num_layers': 3, 'dropout': 0.5, 'lr': 0.001, 'weight_decay': 1e-05} | Val AUC: 0.8495
[INFO] Config 236/324: {'hidden_dim': 256, 'num_layers': 3, 'dropout': 0.5, 'lr': 0.001, 'weight_decay': 0.0001} | Val AUC: 0.8491
[INFO] Config 237/324: {'hidden_dim': 256, 'num_layers': 3, 'dropout': 0.5, 'lr': 0.001, 'weight_decay': 0.001} | Val AUC: 0.8513
[INFO] Config 238/324: {'hidden_dim': 256, 'num_layers': 3, 'dropout': 0.5, 'lr': 0.003, 'weight_decay': 1e-05} | Val AUC: 0.8574
[INFO] Config 239/324: {'hidden_dim': 256, 'num_layers': 3, 'dropout': 0.5, 'lr': 0.003, 'weight_decay': 0.0001} | Val AUC: 0.8593
[INFO] Config 240/324: {'hidden_dim': 256, 'num_layers': 3, 'dropout': 0.5, 'lr': 0.003, 'weight_decay': 0.001} | Val AUC: 0.8551
[INFO] Config 241/324: {'hidden_dim': 256, 'num_layers': 3, 'dropout': 0.5, 'lr': 0.005, 'weight_decay': 1e-05} | Val AUC: 0.8574
[INFO] Config 242/324: {'hidden_dim': 256, 'num_layers': 3, 'dropout': 0.5, 'lr': 0.005, 'weight_decay': 0.0001} | Val AUC: 0.8535
[INFO] Config 243/324: {'hidden_dim': 256, 'num_layers': 3, 'dropout': 0.5, 'lr': 0.005, 'weight_decay': 0.001} | Val AUC: 0.8538
[INFO] Config 244/324: {'hidden_dim': 512, 'num_layers': 1, 'dropout': 0.1, 'lr': 0.001, 'weight_decay': 1e-05} | Val AUC: 0.8592
[INFO] Config 245/324: {'hidden_dim': 512, 'num_layers': 1, 'dropout': 0.1, 'lr': 0.001, 'weight_decay': 0.0001} | Val AUC: 0.8572
[INFO] Config 246/324: {'hidden_dim': 512, 'num_layers': 1, 'dropout': 0.1, 'lr': 0.001, 'weight_decay': 0.001} | Val AUC: 0.8573
[INFO] Config 247/324: {'hidden_dim': 512, 'num_layers': 1, 'dropout': 0.1, 'lr': 0.003, 'weight_decay': 1e-05} | Val AUC: 0.8601
[INFO] Config 248/324: {'hidden_dim': 512, 'num_layers': 1, 'dropout': 0.1, 'lr': 0.003, 'weight_decay': 0.0001} | Val AUC: 0.8620
[INFO] Config 249/324: {'hidden_dim': 512, 'num_layers': 1, 'dropout': 0.1, 'lr': 0.003, 'weight_decay': 0.001} | Val AUC: 0.8631
[INFO] Config 250/324: {'hidden_dim': 512, 'num_layers': 1, 'dropout': 0.1, 'lr': 0.005, 'weight_decay': 1e-05} | Val AUC: 0.8617
[INFO] Config 251/324: {'hidden_dim': 512, 'num_layers': 1, 'dropout': 0.1, 'lr': 0.005, 'weight_decay': 0.0001} | Val AUC: 0.8604
[INFO] Config 252/324: {'hidden_dim': 512, 'num_layers': 1, 'dropout': 0.1, 'lr': 0.005, 'weight_decay': 0.001} | Val AUC: 0.8609
[INFO] Config 253/324: {'hidden_dim': 512, 'num_layers': 1, 'dropout': 0.3, 'lr': 0.001, 'weight_decay': 1e-05} | Val AUC: 0.8586
[INFO] Config 254/324: {'hidden_dim': 512, 'num_layers': 1, 'dropout': 0.3, 'lr': 0.001, 'weight_decay': 0.0001} | Val AUC: 0.8569
[INFO] Config 255/324: {'hidden_dim': 512, 'num_layers': 1, 'dropout': 0.3, 'lr': 0.001, 'weight_decay': 0.001} | Val AUC: 0.8586
[INFO] Config 256/324: {'hidden_dim': 512, 'num_layers': 1, 'dropout': 0.3, 'lr': 0.003, 'weight_decay': 1e-05} | Val AUC: 0.8627
[INFO] Config 257/324: {'hidden_dim': 512, 'num_layers': 1, 'dropout': 0.3, 'lr': 0.003, 'weight_decay': 0.0001} | Val AUC: 0.8588
[INFO] Config 258/324: {'hidden_dim': 512, 'num_layers': 1, 'dropout': 0.3, 'lr': 0.003, 'weight_decay': 0.001} | Val AUC: 0.8589
[INFO] Config 259/324: {'hidden_dim': 512, 'num_layers': 1, 'dropout': 0.3, 'lr': 0.005, 'weight_decay': 1e-05} | Val AUC: 0.8566
[INFO] Config 260/324: {'hidden_dim': 512, 'num_layers': 1, 'dropout': 0.3, 'lr': 0.005, 'weight_decay': 0.0001} | Val AUC: 0.8596
[INFO] Config 261/324: {'hidden_dim': 512, 'num_layers': 1, 'dropout': 0.3, 'lr': 0.005, 'weight_decay': 0.001} | Val AUC: 0.8541
[INFO] Config 262/324: {'hidden_dim': 512, 'num_layers': 1, 'dropout': 0.5, 'lr': 0.001, 'weight_decay': 1e-05} | Val AUC: 0.8597
[INFO] Config 263/324: {'hidden_dim': 512, 'num_layers': 1, 'dropout': 0.5, 'lr': 0.001, 'weight_decay': 0.0001} | Val AUC: 0.8576
[INFO] Config 264/324: {'hidden_dim': 512, 'num_layers': 1, 'dropout': 0.5, 'lr': 0.001, 'weight_decay': 0.001} | Val AUC: 0.8579
[INFO] Config 265/324: {'hidden_dim': 512, 'num_layers': 1, 'dropout': 0.5, 'lr': 0.003, 'weight_decay': 1e-05} | Val AUC: 0.8600
[INFO] Config 266/324: {'hidden_dim': 512, 'num_layers': 1, 'dropout': 0.5, 'lr': 0.003, 'weight_decay': 0.0001} | Val AUC: 0.8607
[INFO] Config 267/324: {'hidden_dim': 512, 'num_layers': 1, 'dropout': 0.5, 'lr': 0.003, 'weight_decay': 0.001} | Val AUC: 0.8607
[INFO] Config 268/324: {'hidden_dim': 512, 'num_layers': 1, 'dropout': 0.5, 'lr': 0.005, 'weight_decay': 1e-05} | Val AUC: 0.8528
[INFO] Config 269/324: {'hidden_dim': 512, 'num_layers': 1, 'dropout': 0.5, 'lr': 0.005, 'weight_decay': 0.0001} | Val AUC: 0.8594
[INFO] Config 270/324: {'hidden_dim': 512, 'num_layers': 1, 'dropout': 0.5, 'lr': 0.005, 'weight_decay': 0.001} | Val AUC: 0.8588
[INFO] Config 271/324: {'hidden_dim': 512, 'num_layers': 2, 'dropout': 0.1, 'lr': 0.001, 'weight_decay': 1e-05} | Val AUC: 0.8572
[INFO] Config 272/324: {'hidden_dim': 512, 'num_layers': 2, 'dropout': 0.1, 'lr': 0.001, 'weight_decay': 0.0001} | Val AUC: 0.8523
[INFO] Config 273/324: {'hidden_dim': 512, 'num_layers': 2, 'dropout': 0.1, 'lr': 0.001, 'weight_decay': 0.001} | Val AUC: 0.8558
[INFO] Config 274/324: {'hidden_dim': 512, 'num_layers': 2, 'dropout': 0.1, 'lr': 0.003, 'weight_decay': 1e-05} | Val AUC: 0.8573
[INFO] Config 275/324: {'hidden_dim': 512, 'num_layers': 2, 'dropout': 0.1, 'lr': 0.003, 'weight_decay': 0.0001} | Val AUC: 0.8556
[INFO] Config 276/324: {'hidden_dim': 512, 'num_layers': 2, 'dropout': 0.1, 'lr': 0.003, 'weight_decay': 0.001} | Val AUC: 0.8559
[INFO] Config 277/324: {'hidden_dim': 512, 'num_layers': 2, 'dropout': 0.1, 'lr': 0.005, 'weight_decay': 1e-05} | Val AUC: 0.8442
[INFO] Config 278/324: {'hidden_dim': 512, 'num_layers': 2, 'dropout': 0.1, 'lr': 0.005, 'weight_decay': 0.0001} | Val AUC: 0.8457
[INFO] Config 279/324: {'hidden_dim': 512, 'num_layers': 2, 'dropout': 0.1, 'lr': 0.005, 'weight_decay': 0.001} | Val AUC: 0.8462
[INFO] Config 280/324: {'hidden_dim': 512, 'num_layers': 2, 'dropout': 0.3, 'lr': 0.001, 'weight_decay': 1e-05} | Val AUC: 0.8537
[INFO] Config 281/324: {'hidden_dim': 512, 'num_layers': 2, 'dropout': 0.3, 'lr': 0.001, 'weight_decay': 0.0001} | Val AUC: 0.8565
[INFO] Config 282/324: {'hidden_dim': 512, 'num_layers': 2, 'dropout': 0.3, 'lr': 0.001, 'weight_decay': 0.001} | Val AUC: 0.8571
[INFO] Config 283/324: {'hidden_dim': 512, 'num_layers': 2, 'dropout': 0.3, 'lr': 0.003, 'weight_decay': 1e-05} | Val AUC: 0.8420
[INFO] Config 284/324: {'hidden_dim': 512, 'num_layers': 2, 'dropout': 0.3, 'lr': 0.003, 'weight_decay': 0.0001} | Val AUC: 0.8563
[INFO] Config 285/324: {'hidden_dim': 512, 'num_layers': 2, 'dropout': 0.3, 'lr': 0.003, 'weight_decay': 0.001} | Val AUC: 0.8589
[INFO] Config 286/324: {'hidden_dim': 512, 'num_layers': 2, 'dropout': 0.3, 'lr': 0.005, 'weight_decay': 1e-05} | Val AUC: 0.8519
[INFO] Config 287/324: {'hidden_dim': 512, 'num_layers': 2, 'dropout': 0.3, 'lr': 0.005, 'weight_decay': 0.0001} | Val AUC: 0.8465
[INFO] Config 288/324: {'hidden_dim': 512, 'num_layers': 2, 'dropout': 0.3, 'lr': 0.005, 'weight_decay': 0.001} | Val AUC: 0.8597
[INFO] Config 289/324: {'hidden_dim': 512, 'num_layers': 2, 'dropout': 0.5, 'lr': 0.001, 'weight_decay': 1e-05} | Val AUC: 0.8570
[INFO] Config 290/324: {'hidden_dim': 512, 'num_layers': 2, 'dropout': 0.5, 'lr': 0.001, 'weight_decay': 0.0001} | Val AUC: 0.8558
[INFO] Config 291/324: {'hidden_dim': 512, 'num_layers': 2, 'dropout': 0.5, 'lr': 0.001, 'weight_decay': 0.001} | Val AUC: 0.8544
[INFO] Config 292/324: {'hidden_dim': 512, 'num_layers': 2, 'dropout': 0.5, 'lr': 0.003, 'weight_decay': 1e-05} | Val AUC: 0.8528
[INFO] Config 293/324: {'hidden_dim': 512, 'num_layers': 2, 'dropout': 0.5, 'lr': 0.003, 'weight_decay': 0.0001} | Val AUC: 0.8454
[INFO] Config 294/324: {'hidden_dim': 512, 'num_layers': 2, 'dropout': 0.5, 'lr': 0.003, 'weight_decay': 0.001} | Val AUC: 0.8545
[INFO] Config 295/324: {'hidden_dim': 512, 'num_layers': 2, 'dropout': 0.5, 'lr': 0.005, 'weight_decay': 1e-05} | Val AUC: 0.8492
[INFO] Config 296/324: {'hidden_dim': 512, 'num_layers': 2, 'dropout': 0.5, 'lr': 0.005, 'weight_decay': 0.0001} | Val AUC: 0.8511
[INFO] Config 297/324: {'hidden_dim': 512, 'num_layers': 2, 'dropout': 0.5, 'lr': 0.005, 'weight_decay': 0.001} | Val AUC: 0.8538
[INFO] Config 298/324: {'hidden_dim': 512, 'num_layers': 3, 'dropout': 0.1, 'lr': 0.001, 'weight_decay': 1e-05} | Val AUC: 0.8519
[INFO] Config 299/324: {'hidden_dim': 512, 'num_layers': 3, 'dropout': 0.1, 'lr': 0.001, 'weight_decay': 0.0001} | Val AUC: 0.8490
[INFO] Config 300/324: {'hidden_dim': 512, 'num_layers': 3, 'dropout': 0.1, 'lr': 0.001, 'weight_decay': 0.001} | Val AUC: 0.8496
[INFO] Config 301/324: {'hidden_dim': 512, 'num_layers': 3, 'dropout': 0.1, 'lr': 0.003, 'weight_decay': 1e-05} | Val AUC: 0.8407
[INFO] Config 302/324: {'hidden_dim': 512, 'num_layers': 3, 'dropout': 0.1, 'lr': 0.003, 'weight_decay': 0.0001} | Val AUC: 0.8480
[INFO] Config 303/324: {'hidden_dim': 512, 'num_layers': 3, 'dropout': 0.1, 'lr': 0.003, 'weight_decay': 0.001} | Val AUC: 0.8411
[INFO] Config 304/324: {'hidden_dim': 512, 'num_layers': 3, 'dropout': 0.1, 'lr': 0.005, 'weight_decay': 1e-05} | Val AUC: 0.8482
[INFO] Config 305/324: {'hidden_dim': 512, 'num_layers': 3, 'dropout': 0.1, 'lr': 0.005, 'weight_decay': 0.0001} | Val AUC: 0.8162
[INFO] Config 306/324: {'hidden_dim': 512, 'num_layers': 3, 'dropout': 0.1, 'lr': 0.005, 'weight_decay': 0.001} | Val AUC: 0.8351
[INFO] Config 307/324: {'hidden_dim': 512, 'num_layers': 3, 'dropout': 0.3, 'lr': 0.001, 'weight_decay': 1e-05} | Val AUC: 0.8469
[INFO] Config 308/324: {'hidden_dim': 512, 'num_layers': 3, 'dropout': 0.3, 'lr': 0.001, 'weight_decay': 0.0001} | Val AUC: 0.8496
[INFO] Config 309/324: {'hidden_dim': 512, 'num_layers': 3, 'dropout': 0.3, 'lr': 0.001, 'weight_decay': 0.001} | Val AUC: 0.8556
[INFO] Config 310/324: {'hidden_dim': 512, 'num_layers': 3, 'dropout': 0.3, 'lr': 0.003, 'weight_decay': 1e-05} | Val AUC: 0.8326
[INFO] Config 311/324: {'hidden_dim': 512, 'num_layers': 3, 'dropout': 0.3, 'lr': 0.003, 'weight_decay': 0.0001} | Val AUC: 0.8453
[INFO] Config 312/324: {'hidden_dim': 512, 'num_layers': 3, 'dropout': 0.3, 'lr': 0.003, 'weight_decay': 0.001} | Val AUC: 0.8463
[INFO] Config 313/324: {'hidden_dim': 512, 'num_layers': 3, 'dropout': 0.3, 'lr': 0.005, 'weight_decay': 1e-05} | Val AUC: 0.7986
[INFO] Config 314/324: {'hidden_dim': 512, 'num_layers': 3, 'dropout': 0.3, 'lr': 0.005, 'weight_decay': 0.0001} | Val AUC: 0.8473
[INFO] Config 315/324: {'hidden_dim': 512, 'num_layers': 3, 'dropout': 0.3, 'lr': 0.005, 'weight_decay': 0.001} | Val AUC: 0.8115
[INFO] Config 316/324: {'hidden_dim': 512, 'num_layers': 3, 'dropout': 0.5, 'lr': 0.001, 'weight_decay': 1e-05} | Val AUC: 0.8485
[INFO] Config 317/324: {'hidden_dim': 512, 'num_layers': 3, 'dropout': 0.5, 'lr': 0.001, 'weight_decay': 0.0001} | Val AUC: 0.8489
[INFO] Config 318/324: {'hidden_dim': 512, 'num_layers': 3, 'dropout': 0.5, 'lr': 0.001, 'weight_decay': 0.001} | Val AUC: 0.8481
[INFO] Config 319/324: {'hidden_dim': 512, 'num_layers': 3, 'dropout': 0.5, 'lr': 0.003, 'weight_decay': 1e-05} | Val AUC: 0.8552
[INFO] Config 320/324: {'hidden_dim': 512, 'num_layers': 3, 'dropout': 0.5, 'lr': 0.003, 'weight_decay': 0.0001} | Val AUC: 0.8453
[INFO] Config 321/324: {'hidden_dim': 512, 'num_layers': 3, 'dropout': 0.5, 'lr': 0.003, 'weight_decay': 0.001} | Val AUC: 0.8353
[INFO] Config 322/324: {'hidden_dim': 512, 'num_layers': 3, 'dropout': 0.5, 'lr': 0.005, 'weight_decay': 1e-05} | Val AUC: 0.8360
[INFO] Config 323/324: {'hidden_dim': 512, 'num_layers': 3, 'dropout': 0.5, 'lr': 0.005, 'weight_decay': 0.0001} | Val AUC: 0.8264
[INFO] Config 324/324: {'hidden_dim': 512, 'num_layers': 3, 'dropout': 0.5, 'lr': 0.005, 'weight_decay': 0.001} | Val AUC: 0.8141
[INFO] Selected Best BiGRU Config: {'hidden_dim': 256, 'num_layers': 1, 'dropout': 0.5, 'lr': 0.005, 'weight_decay': 1e-05} (Val AUC: 0.8632)
[INFO] Tuning TCN configurations (n_iter=486)...
[INFO] Config 1/486: {'num_channels': [128, 128, 128], 'kernel_size': 2, 'dropout': 0.1, 'lr': 0.001, 'weight_decay': 0.0001} | Val AUC: 0.8355
[INFO] Config 2/486: {'num_channels': [128, 128, 128], 'kernel_size': 2, 'dropout': 0.1, 'lr': 0.001, 'weight_decay': 0.001} | Val AUC: 0.8337
[INFO] Config 3/486: {'num_channels': [128, 128, 128], 'kernel_size': 2, 'dropout': 0.1, 'lr': 0.001, 'weight_decay': 0.01} | Val AUC: 0.8349
[INFO] Config 4/486: {'num_channels': [128, 128, 128], 'kernel_size': 2, 'dropout': 0.1, 'lr': 0.003, 'weight_decay': 0.0001} | Val AUC: 0.8407
[INFO] Config 5/486: {'num_channels': [128, 128, 128], 'kernel_size': 2, 'dropout': 0.1, 'lr': 0.003, 'weight_decay': 0.001} | Val AUC: 0.8405
[INFO] Config 6/486: {'num_channels': [128, 128, 128], 'kernel_size': 2, 'dropout': 0.1, 'lr': 0.003, 'weight_decay': 0.01} | Val AUC: 0.8401
[INFO] Config 7/486: {'num_channels': [128, 128, 128], 'kernel_size': 2, 'dropout': 0.1, 'lr': 0.005, 'weight_decay': 0.0001} | Val AUC: 0.8430
[INFO] Config 8/486: {'num_channels': [128, 128, 128], 'kernel_size': 2, 'dropout': 0.1, 'lr': 0.005, 'weight_decay': 0.001} | Val AUC: 0.8389
[INFO] Config 9/486: {'num_channels': [128, 128, 128], 'kernel_size': 2, 'dropout': 0.1, 'lr': 0.005, 'weight_decay': 0.01} | Val AUC: 0.8385
[INFO] Config 10/486: {'num_channels': [128, 128, 128], 'kernel_size': 2, 'dropout': 0.3, 'lr': 0.001, 'weight_decay': 0.0001} | Val AUC: 0.8248
[INFO] Config 11/486: {'num_channels': [128, 128, 128], 'kernel_size': 2, 'dropout': 0.3, 'lr': 0.001, 'weight_decay': 0.001} | Val AUC: 0.8261
[INFO] Config 12/486: {'num_channels': [128, 128, 128], 'kernel_size': 2, 'dropout': 0.3, 'lr': 0.001, 'weight_decay': 0.01} | Val AUC: 0.8270
[INFO] Config 13/486: {'num_channels': [128, 128, 128], 'kernel_size': 2, 'dropout': 0.3, 'lr': 0.003, 'weight_decay': 0.0001} | Val AUC: 0.8346
[INFO] Config 14/486: {'num_channels': [128, 128, 128], 'kernel_size': 2, 'dropout': 0.3, 'lr': 0.003, 'weight_decay': 0.001} | Val AUC: 0.8351
[INFO] Config 15/486: {'num_channels': [128, 128, 128], 'kernel_size': 2, 'dropout': 0.3, 'lr': 0.003, 'weight_decay': 0.01} | Val AUC: 0.8335
[INFO] Config 16/486: {'num_channels': [128, 128, 128], 'kernel_size': 2, 'dropout': 0.3, 'lr': 0.005, 'weight_decay': 0.0001} | Val AUC: 0.8388
[INFO] Config 17/486: {'num_channels': [128, 128, 128], 'kernel_size': 2, 'dropout': 0.3, 'lr': 0.005, 'weight_decay': 0.001} | Val AUC: 0.8346
[INFO] Config 18/486: {'num_channels': [128, 128, 128], 'kernel_size': 2, 'dropout': 0.3, 'lr': 0.005, 'weight_decay': 0.01} | Val AUC: 0.8376
[INFO] Config 19/486: {'num_channels': [128, 128, 128], 'kernel_size': 2, 'dropout': 0.5, 'lr': 0.001, 'weight_decay': 0.0001} | Val AUC: 0.8139
[INFO] Config 20/486: {'num_channels': [128, 128, 128], 'kernel_size': 2, 'dropout': 0.5, 'lr': 0.001, 'weight_decay': 0.001} | Val AUC: 0.8159
[INFO] Config 21/486: {'num_channels': [128, 128, 128], 'kernel_size': 2, 'dropout': 0.5, 'lr': 0.001, 'weight_decay': 0.01} | Val AUC: 0.8151
[INFO] Config 22/486: {'num_channels': [128, 128, 128], 'kernel_size': 2, 'dropout': 0.5, 'lr': 0.003, 'weight_decay': 0.0001} | Val AUC: 0.8306
[INFO] Config 23/486: {'num_channels': [128, 128, 128], 'kernel_size': 2, 'dropout': 0.5, 'lr': 0.003, 'weight_decay': 0.001} | Val AUC: 0.8291
[INFO] Config 24/486: {'num_channels': [128, 128, 128], 'kernel_size': 2, 'dropout': 0.5, 'lr': 0.003, 'weight_decay': 0.01} | Val AUC: 0.8305
[INFO] Config 25/486: {'num_channels': [128, 128, 128], 'kernel_size': 2, 'dropout': 0.5, 'lr': 0.005, 'weight_decay': 0.0001} | Val AUC: 0.8321
[INFO] Config 26/486: {'num_channels': [128, 128, 128], 'kernel_size': 2, 'dropout': 0.5, 'lr': 0.005, 'weight_decay': 0.001} | Val AUC: 0.8283
[INFO] Config 27/486: {'num_channels': [128, 128, 128], 'kernel_size': 2, 'dropout': 0.5, 'lr': 0.005, 'weight_decay': 0.01} | Val AUC: 0.8338
[INFO] Config 28/486: {'num_channels': [128, 128, 128], 'kernel_size': 3, 'dropout': 0.1, 'lr': 0.001, 'weight_decay': 0.0001} | Val AUC: 0.8350
[INFO] Config 29/486: {'num_channels': [128, 128, 128], 'kernel_size': 3, 'dropout': 0.1, 'lr': 0.001, 'weight_decay': 0.001} | Val AUC: 0.8355
[INFO] Config 30/486: {'num_channels': [128, 128, 128], 'kernel_size': 3, 'dropout': 0.1, 'lr': 0.001, 'weight_decay': 0.01} | Val AUC: 0.8366
[INFO] Config 31/486: {'num_channels': [128, 128, 128], 'kernel_size': 3, 'dropout': 0.1, 'lr': 0.003, 'weight_decay': 0.0001} | Val AUC: 0.8384
[INFO] Config 32/486: {'num_channels': [128, 128, 128], 'kernel_size': 3, 'dropout': 0.1, 'lr': 0.003, 'weight_decay': 0.001} | Val AUC: 0.8394
[INFO] Config 33/486: {'num_channels': [128, 128, 128], 'kernel_size': 3, 'dropout': 0.1, 'lr': 0.003, 'weight_decay': 0.01} | Val AUC: 0.8393
[INFO] Config 34/486: {'num_channels': [128, 128, 128], 'kernel_size': 3, 'dropout': 0.1, 'lr': 0.005, 'weight_decay': 0.0001} | Val AUC: 0.8382
[INFO] Config 35/486: {'num_channels': [128, 128, 128], 'kernel_size': 3, 'dropout': 0.1, 'lr': 0.005, 'weight_decay': 0.001} | Val AUC: 0.8378
[INFO] Config 36/486: {'num_channels': [128, 128, 128], 'kernel_size': 3, 'dropout': 0.1, 'lr': 0.005, 'weight_decay': 0.01} | Val AUC: 0.8400
[INFO] Config 37/486: {'num_channels': [128, 128, 128], 'kernel_size': 3, 'dropout': 0.3, 'lr': 0.001, 'weight_decay': 0.0001} | Val AUC: 0.8298
[INFO] Config 38/486: {'num_channels': [128, 128, 128], 'kernel_size': 3, 'dropout': 0.3, 'lr': 0.001, 'weight_decay': 0.001} | Val AUC: 0.8285
[INFO] Config 39/486: {'num_channels': [128, 128, 128], 'kernel_size': 3, 'dropout': 0.3, 'lr': 0.001, 'weight_decay': 0.01} | Val AUC: 0.8302
[INFO] Config 40/486: {'num_channels': [128, 128, 128], 'kernel_size': 3, 'dropout': 0.3, 'lr': 0.003, 'weight_decay': 0.0001} | Val AUC: 0.8361
[INFO] Config 41/486: {'num_channels': [128, 128, 128], 'kernel_size': 3, 'dropout': 0.3, 'lr': 0.003, 'weight_decay': 0.001} | Val AUC: 0.8359
[INFO] Config 42/486: {'num_channels': [128, 128, 128], 'kernel_size': 3, 'dropout': 0.3, 'lr': 0.003, 'weight_decay': 0.01} | Val AUC: 0.8362
[INFO] Config 43/486: {'num_channels': [128, 128, 128], 'kernel_size': 3, 'dropout': 0.3, 'lr': 0.005, 'weight_decay': 0.0001} | Val AUC: 0.8365
[INFO] Config 44/486: {'num_channels': [128, 128, 128], 'kernel_size': 3, 'dropout': 0.3, 'lr': 0.005, 'weight_decay': 0.001} | Val AUC: 0.8335
[INFO] Config 45/486: {'num_channels': [128, 128, 128], 'kernel_size': 3, 'dropout': 0.3, 'lr': 0.005, 'weight_decay': 0.01} | Val AUC: 0.8356
[INFO] Config 46/486: {'num_channels': [128, 128, 128], 'kernel_size': 3, 'dropout': 0.5, 'lr': 0.001, 'weight_decay': 0.0001} | Val AUC: 0.8194
[INFO] Config 47/486: {'num_channels': [128, 128, 128], 'kernel_size': 3, 'dropout': 0.5, 'lr': 0.001, 'weight_decay': 0.001} | Val AUC: 0.8244
[INFO] Config 48/486: {'num_channels': [128, 128, 128], 'kernel_size': 3, 'dropout': 0.5, 'lr': 0.001, 'weight_decay': 0.01} | Val AUC: 0.8229
[INFO] Config 49/486: {'num_channels': [128, 128, 128], 'kernel_size': 3, 'dropout': 0.5, 'lr': 0.003, 'weight_decay': 0.0001} | Val AUC: 0.8304
[INFO] Config 50/486: {'num_channels': [128, 128, 128], 'kernel_size': 3, 'dropout': 0.5, 'lr': 0.003, 'weight_decay': 0.001} | Val AUC: 0.8309
[INFO] Config 51/486: {'num_channels': [128, 128, 128], 'kernel_size': 3, 'dropout': 0.5, 'lr': 0.003, 'weight_decay': 0.01} | Val AUC: 0.8301
[INFO] Config 52/486: {'num_channels': [128, 128, 128], 'kernel_size': 3, 'dropout': 0.5, 'lr': 0.005, 'weight_decay': 0.0001} | Val AUC: 0.8293
[INFO] Config 53/486: {'num_channels': [128, 128, 128], 'kernel_size': 3, 'dropout': 0.5, 'lr': 0.005, 'weight_decay': 0.001} | Val AUC: 0.8302
[INFO] Config 54/486: {'num_channels': [128, 128, 128], 'kernel_size': 3, 'dropout': 0.5, 'lr': 0.005, 'weight_decay': 0.01} | Val AUC: 0.8289
[INFO] Config 55/486: {'num_channels': [128, 128, 128], 'kernel_size': 5, 'dropout': 0.1, 'lr': 0.001, 'weight_decay': 0.0001} | Val AUC: 0.8349
[INFO] Config 56/486: {'num_channels': [128, 128, 128], 'kernel_size': 5, 'dropout': 0.1, 'lr': 0.001, 'weight_decay': 0.001} | Val AUC: 0.8347
[INFO] Config 57/486: {'num_channels': [128, 128, 128], 'kernel_size': 5, 'dropout': 0.1, 'lr': 0.001, 'weight_decay': 0.01} | Val AUC: 0.8331
[INFO] Config 58/486: {'num_channels': [128, 128, 128], 'kernel_size': 5, 'dropout': 0.1, 'lr': 0.003, 'weight_decay': 0.0001} | Val AUC: 0.8317
[INFO] Config 59/486: {'num_channels': [128, 128, 128], 'kernel_size': 5, 'dropout': 0.1, 'lr': 0.003, 'weight_decay': 0.001} | Val AUC: 0.8367
[INFO] Config 60/486: {'num_channels': [128, 128, 128], 'kernel_size': 5, 'dropout': 0.1, 'lr': 0.003, 'weight_decay': 0.01} | Val AUC: 0.8351
[INFO] Config 61/486: {'num_channels': [128, 128, 128], 'kernel_size': 5, 'dropout': 0.1, 'lr': 0.005, 'weight_decay': 0.0001} | Val AUC: 0.8344
[INFO] Config 62/486: {'num_channels': [128, 128, 128], 'kernel_size': 5, 'dropout': 0.1, 'lr': 0.005, 'weight_decay': 0.001} | Val AUC: 0.8313
[INFO] Config 63/486: {'num_channels': [128, 128, 128], 'kernel_size': 5, 'dropout': 0.1, 'lr': 0.005, 'weight_decay': 0.01} | Val AUC: 0.8305
[INFO] Config 64/486: {'num_channels': [128, 128, 128], 'kernel_size': 5, 'dropout': 0.3, 'lr': 0.001, 'weight_decay': 0.0001} | Val AUC: 0.8316
[INFO] Config 65/486: {'num_channels': [128, 128, 128], 'kernel_size': 5, 'dropout': 0.3, 'lr': 0.001, 'weight_decay': 0.001} | Val AUC: 0.8303
[INFO] Config 66/486: {'num_channels': [128, 128, 128], 'kernel_size': 5, 'dropout': 0.3, 'lr': 0.001, 'weight_decay': 0.01} | Val AUC: 0.8300
[INFO] Config 67/486: {'num_channels': [128, 128, 128], 'kernel_size': 5, 'dropout': 0.3, 'lr': 0.003, 'weight_decay': 0.0001} | Val AUC: 0.8308
[INFO] Config 68/486: {'num_channels': [128, 128, 128], 'kernel_size': 5, 'dropout': 0.3, 'lr': 0.003, 'weight_decay': 0.001} | Val AUC: 0.8250
[INFO] Config 69/486: {'num_channels': [128, 128, 128], 'kernel_size': 5, 'dropout': 0.3, 'lr': 0.003, 'weight_decay': 0.01} | Val AUC: 0.8331
[INFO] Config 70/486: {'num_channels': [128, 128, 128], 'kernel_size': 5, 'dropout': 0.3, 'lr': 0.005, 'weight_decay': 0.0001} | Val AUC: 0.8300
[INFO] Config 71/486: {'num_channels': [128, 128, 128], 'kernel_size': 5, 'dropout': 0.3, 'lr': 0.005, 'weight_decay': 0.001} | Val AUC: 0.8290
[INFO] Config 72/486: {'num_channels': [128, 128, 128], 'kernel_size': 5, 'dropout': 0.3, 'lr': 0.005, 'weight_decay': 0.01} | Val AUC: 0.8294
[INFO] Config 73/486: {'num_channels': [128, 128, 128], 'kernel_size': 5, 'dropout': 0.5, 'lr': 0.001, 'weight_decay': 0.0001} | Val AUC: 0.8261
[INFO] Config 74/486: {'num_channels': [128, 128, 128], 'kernel_size': 5, 'dropout': 0.5, 'lr': 0.001, 'weight_decay': 0.001} | Val AUC: 0.8249
[INFO] Config 75/486: {'num_channels': [128, 128, 128], 'kernel_size': 5, 'dropout': 0.5, 'lr': 0.001, 'weight_decay': 0.01} | Val AUC: 0.8268
[INFO] Config 76/486: {'num_channels': [128, 128, 128], 'kernel_size': 5, 'dropout': 0.5, 'lr': 0.003, 'weight_decay': 0.0001} | Val AUC: 0.8233
[INFO] Config 77/486: {'num_channels': [128, 128, 128], 'kernel_size': 5, 'dropout': 0.5, 'lr': 0.003, 'weight_decay': 0.001} | Val AUC: 0.8238
[INFO] Config 78/486: {'num_channels': [128, 128, 128], 'kernel_size': 5, 'dropout': 0.5, 'lr': 0.003, 'weight_decay': 0.01} | Val AUC: 0.8287
[INFO] Config 79/486: {'num_channels': [128, 128, 128], 'kernel_size': 5, 'dropout': 0.5, 'lr': 0.005, 'weight_decay': 0.0001} | Val AUC: 0.8197
[INFO] Config 80/486: {'num_channels': [128, 128, 128], 'kernel_size': 5, 'dropout': 0.5, 'lr': 0.005, 'weight_decay': 0.001} | Val AUC: 0.8204
[INFO] Config 81/486: {'num_channels': [128, 128, 128], 'kernel_size': 5, 'dropout': 0.5, 'lr': 0.005, 'weight_decay': 0.01} | Val AUC: 0.8214
[INFO] Config 82/486: {'num_channels': [256, 256, 256], 'kernel_size': 2, 'dropout': 0.1, 'lr': 0.001, 'weight_decay': 0.0001} | Val AUC: 0.8413
[INFO] Config 83/486: {'num_channels': [256, 256, 256], 'kernel_size': 2, 'dropout': 0.1, 'lr': 0.001, 'weight_decay': 0.001} | Val AUC: 0.8380
[INFO] Config 84/486: {'num_channels': [256, 256, 256], 'kernel_size': 2, 'dropout': 0.1, 'lr': 0.001, 'weight_decay': 0.01} | Val AUC: 0.8382
[INFO] Config 85/486: {'num_channels': [256, 256, 256], 'kernel_size': 2, 'dropout': 0.1, 'lr': 0.003, 'weight_decay': 0.0001} | Val AUC: 0.8431
[INFO] Config 86/486: {'num_channels': [256, 256, 256], 'kernel_size': 2, 'dropout': 0.1, 'lr': 0.003, 'weight_decay': 0.001} | Val AUC: 0.8423
[INFO] Config 87/486: {'num_channels': [256, 256, 256], 'kernel_size': 2, 'dropout': 0.1, 'lr': 0.003, 'weight_decay': 0.01} | Val AUC: 0.8402
[INFO] Config 88/486: {'num_channels': [256, 256, 256], 'kernel_size': 2, 'dropout': 0.1, 'lr': 0.005, 'weight_decay': 0.0001} | Val AUC: 0.8428
[INFO] Config 89/486: {'num_channels': [256, 256, 256], 'kernel_size': 2, 'dropout': 0.1, 'lr': 0.005, 'weight_decay': 0.001} | Val AUC: 0.8393
[INFO] Config 90/486: {'num_channels': [256, 256, 256], 'kernel_size': 2, 'dropout': 0.1, 'lr': 0.005, 'weight_decay': 0.01} | Val AUC: 0.8412
[INFO] Config 91/486: {'num_channels': [256, 256, 256], 'kernel_size': 2, 'dropout': 0.3, 'lr': 0.001, 'weight_decay': 0.0001} | Val AUC: 0.8318
[INFO] Config 92/486: {'num_channels': [256, 256, 256], 'kernel_size': 2, 'dropout': 0.3, 'lr': 0.001, 'weight_decay': 0.001} | Val AUC: 0.8307
[INFO] Config 93/486: {'num_channels': [256, 256, 256], 'kernel_size': 2, 'dropout': 0.3, 'lr': 0.001, 'weight_decay': 0.01} | Val AUC: 0.8317
[INFO] Config 94/486: {'num_channels': [256, 256, 256], 'kernel_size': 2, 'dropout': 0.3, 'lr': 0.003, 'weight_decay': 0.0001} | Val AUC: 0.8406
[INFO] Config 95/486: {'num_channels': [256, 256, 256], 'kernel_size': 2, 'dropout': 0.3, 'lr': 0.003, 'weight_decay': 0.001} | Val AUC: 0.8391
[INFO] Config 96/486: {'num_channels': [256, 256, 256], 'kernel_size': 2, 'dropout': 0.3, 'lr': 0.003, 'weight_decay': 0.01} | Val AUC: 0.8393
[INFO] Config 97/486: {'num_channels': [256, 256, 256], 'kernel_size': 2, 'dropout': 0.3, 'lr': 0.005, 'weight_decay': 0.0001} | Val AUC: 0.8393
[INFO] Config 98/486: {'num_channels': [256, 256, 256], 'kernel_size': 2, 'dropout': 0.3, 'lr': 0.005, 'weight_decay': 0.001} | Val AUC: 0.8394
[INFO] Config 99/486: {'num_channels': [256, 256, 256], 'kernel_size': 2, 'dropout': 0.3, 'lr': 0.005, 'weight_decay': 0.01} | Val AUC: 0.8382
[INFO] Config 100/486: {'num_channels': [256, 256, 256], 'kernel_size': 2, 'dropout': 0.5, 'lr': 0.001, 'weight_decay': 0.0001} | Val AUC: 0.8249
[INFO] Config 101/486: {'num_channels': [256, 256, 256], 'kernel_size': 2, 'dropout': 0.5, 'lr': 0.001, 'weight_decay': 0.001} | Val AUC: 0.8258
[INFO] Config 102/486: {'num_channels': [256, 256, 256], 'kernel_size': 2, 'dropout': 0.5, 'lr': 0.001, 'weight_decay': 0.01} | Val AUC: 0.8248
[INFO] Config 103/486: {'num_channels': [256, 256, 256], 'kernel_size': 2, 'dropout': 0.5, 'lr': 0.003, 'weight_decay': 0.0001} | Val AUC: 0.8370
[INFO] Config 104/486: {'num_channels': [256, 256, 256], 'kernel_size': 2, 'dropout': 0.5, 'lr': 0.003, 'weight_decay': 0.001} | Val AUC: 0.8352
[INFO] Config 105/486: {'num_channels': [256, 256, 256], 'kernel_size': 2, 'dropout': 0.5, 'lr': 0.003, 'weight_decay': 0.01} | Val AUC: 0.8350
[INFO] Config 106/486: {'num_channels': [256, 256, 256], 'kernel_size': 2, 'dropout': 0.5, 'lr': 0.005, 'weight_decay': 0.0001} | Val AUC: 0.8364
[INFO] Config 107/486: {'num_channels': [256, 256, 256], 'kernel_size': 2, 'dropout': 0.5, 'lr': 0.005, 'weight_decay': 0.001} | Val AUC: 0.8370
[INFO] Config 108/486: {'num_channels': [256, 256, 256], 'kernel_size': 2, 'dropout': 0.5, 'lr': 0.005, 'weight_decay': 0.01} | Val AUC: 0.8357
[INFO] Config 109/486: {'num_channels': [256, 256, 256], 'kernel_size': 3, 'dropout': 0.1, 'lr': 0.001, 'weight_decay': 0.0001} | Val AUC: 0.8400
[INFO] Config 110/486: {'num_channels': [256, 256, 256], 'kernel_size': 3, 'dropout': 0.1, 'lr': 0.001, 'weight_decay': 0.001} | Val AUC: 0.8375
[INFO] Config 111/486: {'num_channels': [256, 256, 256], 'kernel_size': 3, 'dropout': 0.1, 'lr': 0.001, 'weight_decay': 0.01} | Val AUC: 0.8395
[INFO] Config 112/486: {'num_channels': [256, 256, 256], 'kernel_size': 3, 'dropout': 0.1, 'lr': 0.003, 'weight_decay': 0.0001} | Val AUC: 0.8375
[INFO] Config 113/486: {'num_channels': [256, 256, 256], 'kernel_size': 3, 'dropout': 0.1, 'lr': 0.003, 'weight_decay': 0.001} | Val AUC: 0.8358
[INFO] Config 114/486: {'num_channels': [256, 256, 256], 'kernel_size': 3, 'dropout': 0.1, 'lr': 0.003, 'weight_decay': 0.01} | Val AUC: 0.8376
[INFO] Config 115/486: {'num_channels': [256, 256, 256], 'kernel_size': 3, 'dropout': 0.1, 'lr': 0.005, 'weight_decay': 0.0001} | Val AUC: 0.8353
[INFO] Config 116/486: {'num_channels': [256, 256, 256], 'kernel_size': 3, 'dropout': 0.1, 'lr': 0.005, 'weight_decay': 0.001} | Val AUC: 0.8357
[INFO] Config 117/486: {'num_channels': [256, 256, 256], 'kernel_size': 3, 'dropout': 0.1, 'lr': 0.005, 'weight_decay': 0.01} | Val AUC: 0.8367
[INFO] Config 118/486: {'num_channels': [256, 256, 256], 'kernel_size': 3, 'dropout': 0.3, 'lr': 0.001, 'weight_decay': 0.0001} | Val AUC: 0.8338
[INFO] Config 119/486: {'num_channels': [256, 256, 256], 'kernel_size': 3, 'dropout': 0.3, 'lr': 0.001, 'weight_decay': 0.001} | Val AUC: 0.8350
[INFO] Config 120/486: {'num_channels': [256, 256, 256], 'kernel_size': 3, 'dropout': 0.3, 'lr': 0.001, 'weight_decay': 0.01} | Val AUC: 0.8326
[INFO] Config 121/486: {'num_channels': [256, 256, 256], 'kernel_size': 3, 'dropout': 0.3, 'lr': 0.003, 'weight_decay': 0.0001} | Val AUC: 0.8352
[INFO] Config 122/486: {'num_channels': [256, 256, 256], 'kernel_size': 3, 'dropout': 0.3, 'lr': 0.003, 'weight_decay': 0.001} | Val AUC: 0.8360
[INFO] Config 123/486: {'num_channels': [256, 256, 256], 'kernel_size': 3, 'dropout': 0.3, 'lr': 0.003, 'weight_decay': 0.01} | Val AUC: 0.8419
[INFO] Config 124/486: {'num_channels': [256, 256, 256], 'kernel_size': 3, 'dropout': 0.3, 'lr': 0.005, 'weight_decay': 0.0001} | Val AUC: 0.8389
[INFO] Config 125/486: {'num_channels': [256, 256, 256], 'kernel_size': 3, 'dropout': 0.3, 'lr': 0.005, 'weight_decay': 0.001} | Val AUC: 0.8344
[INFO] Config 126/486: {'num_channels': [256, 256, 256], 'kernel_size': 3, 'dropout': 0.3, 'lr': 0.005, 'weight_decay': 0.01} | Val AUC: 0.8334
[INFO] Config 127/486: {'num_channels': [256, 256, 256], 'kernel_size': 3, 'dropout': 0.5, 'lr': 0.001, 'weight_decay': 0.0001} | Val AUC: 0.8272
[INFO] Config 128/486: {'num_channels': [256, 256, 256], 'kernel_size': 3, 'dropout': 0.5, 'lr': 0.001, 'weight_decay': 0.001} | Val AUC: 0.8281
[INFO] Config 129/486: {'num_channels': [256, 256, 256], 'kernel_size': 3, 'dropout': 0.5, 'lr': 0.001, 'weight_decay': 0.01} | Val AUC: 0.8292
[INFO] Config 130/486: {'num_channels': [256, 256, 256], 'kernel_size': 3, 'dropout': 0.5, 'lr': 0.003, 'weight_decay': 0.0001} | Val AUC: 0.8326
[INFO] Config 131/486: {'num_channels': [256, 256, 256], 'kernel_size': 3, 'dropout': 0.5, 'lr': 0.003, 'weight_decay': 0.001} | Val AUC: 0.8308
[INFO] Config 132/486: {'num_channels': [256, 256, 256], 'kernel_size': 3, 'dropout': 0.5, 'lr': 0.003, 'weight_decay': 0.01} | Val AUC: 0.8325
[INFO] Config 133/486: {'num_channels': [256, 256, 256], 'kernel_size': 3, 'dropout': 0.5, 'lr': 0.005, 'weight_decay': 0.0001} | Val AUC: 0.8314
[INFO] Config 134/486: {'num_channels': [256, 256, 256], 'kernel_size': 3, 'dropout': 0.5, 'lr': 0.005, 'weight_decay': 0.001} | Val AUC: 0.8301
[INFO] Config 135/486: {'num_channels': [256, 256, 256], 'kernel_size': 3, 'dropout': 0.5, 'lr': 0.005, 'weight_decay': 0.01} | Val AUC: 0.8296
[INFO] Config 136/486: {'num_channels': [256, 256, 256], 'kernel_size': 5, 'dropout': 0.1, 'lr': 0.001, 'weight_decay': 0.0001} | Val AUC: 0.8360
[INFO] Config 137/486: {'num_channels': [256, 256, 256], 'kernel_size': 5, 'dropout': 0.1, 'lr': 0.001, 'weight_decay': 0.001} | Val AUC: 0.8317
[INFO] Config 138/486: {'num_channels': [256, 256, 256], 'kernel_size': 5, 'dropout': 0.1, 'lr': 0.001, 'weight_decay': 0.01} | Val AUC: 0.8359
[INFO] Config 139/486: {'num_channels': [256, 256, 256], 'kernel_size': 5, 'dropout': 0.1, 'lr': 0.003, 'weight_decay': 0.0001} | Val AUC: 0.8329
[INFO] Config 140/486: {'num_channels': [256, 256, 256], 'kernel_size': 5, 'dropout': 0.1, 'lr': 0.003, 'weight_decay': 0.001} | Val AUC: 0.8336
[INFO] Config 141/486: {'num_channels': [256, 256, 256], 'kernel_size': 5, 'dropout': 0.1, 'lr': 0.003, 'weight_decay': 0.01} | Val AUC: 0.8334
[INFO] Config 142/486: {'num_channels': [256, 256, 256], 'kernel_size': 5, 'dropout': 0.1, 'lr': 0.005, 'weight_decay': 0.0001} | Val AUC: 0.8293
[INFO] Config 143/486: {'num_channels': [256, 256, 256], 'kernel_size': 5, 'dropout': 0.1, 'lr': 0.005, 'weight_decay': 0.001} | Val AUC: 0.8312
[INFO] Config 144/486: {'num_channels': [256, 256, 256], 'kernel_size': 5, 'dropout': 0.1, 'lr': 0.005, 'weight_decay': 0.01} | Val AUC: 0.8309
[INFO] Config 145/486: {'num_channels': [256, 256, 256], 'kernel_size': 5, 'dropout': 0.3, 'lr': 0.001, 'weight_decay': 0.0001} | Val AUC: 0.8313
[INFO] Config 146/486: {'num_channels': [256, 256, 256], 'kernel_size': 5, 'dropout': 0.3, 'lr': 0.001, 'weight_decay': 0.001} | Val AUC: 0.8307
[INFO] Config 147/486: {'num_channels': [256, 256, 256], 'kernel_size': 5, 'dropout': 0.3, 'lr': 0.001, 'weight_decay': 0.01} | Val AUC: 0.8290
[INFO] Config 148/486: {'num_channels': [256, 256, 256], 'kernel_size': 5, 'dropout': 0.3, 'lr': 0.003, 'weight_decay': 0.0001} | Val AUC: 0.8273
[INFO] Config 149/486: {'num_channels': [256, 256, 256], 'kernel_size': 5, 'dropout': 0.3, 'lr': 0.003, 'weight_decay': 0.001} | Val AUC: 0.8308
[INFO] Config 150/486: {'num_channels': [256, 256, 256], 'kernel_size': 5, 'dropout': 0.3, 'lr': 0.003, 'weight_decay': 0.01} | Val AUC: 0.8301
[INFO] Config 151/486: {'num_channels': [256, 256, 256], 'kernel_size': 5, 'dropout': 0.3, 'lr': 0.005, 'weight_decay': 0.0001} | Val AUC: 0.8277
[INFO] Config 152/486: {'num_channels': [256, 256, 256], 'kernel_size': 5, 'dropout': 0.3, 'lr': 0.005, 'weight_decay': 0.001} | Val AUC: 0.8246
[INFO] Config 153/486: {'num_channels': [256, 256, 256], 'kernel_size': 5, 'dropout': 0.3, 'lr': 0.005, 'weight_decay': 0.01} | Val AUC: 0.8237
[INFO] Config 154/486: {'num_channels': [256, 256, 256], 'kernel_size': 5, 'dropout': 0.5, 'lr': 0.001, 'weight_decay': 0.0001} | Val AUC: 0.8268
[INFO] Config 155/486: {'num_channels': [256, 256, 256], 'kernel_size': 5, 'dropout': 0.5, 'lr': 0.001, 'weight_decay': 0.001} | Val AUC: 0.8266
[INFO] Config 156/486: {'num_channels': [256, 256, 256], 'kernel_size': 5, 'dropout': 0.5, 'lr': 0.001, 'weight_decay': 0.01} | Val AUC: 0.8250
[INFO] Config 157/486: {'num_channels': [256, 256, 256], 'kernel_size': 5, 'dropout': 0.5, 'lr': 0.003, 'weight_decay': 0.0001} | Val AUC: 0.8264
[INFO] Config 158/486: {'num_channels': [256, 256, 256], 'kernel_size': 5, 'dropout': 0.5, 'lr': 0.003, 'weight_decay': 0.001} | Val AUC: 0.8241
[INFO] Config 159/486: {'num_channels': [256, 256, 256], 'kernel_size': 5, 'dropout': 0.5, 'lr': 0.003, 'weight_decay': 0.01} | Val AUC: 0.8249
[INFO] Config 160/486: {'num_channels': [256, 256, 256], 'kernel_size': 5, 'dropout': 0.5, 'lr': 0.005, 'weight_decay': 0.0001} | Val AUC: 0.8234
[INFO] Config 161/486: {'num_channels': [256, 256, 256], 'kernel_size': 5, 'dropout': 0.5, 'lr': 0.005, 'weight_decay': 0.001} | Val AUC: 0.8257
[INFO] Config 162/486: {'num_channels': [256, 256, 256], 'kernel_size': 5, 'dropout': 0.5, 'lr': 0.005, 'weight_decay': 0.01} | Val AUC: 0.8238
[INFO] Config 163/486: {'num_channels': [128, 256, 512], 'kernel_size': 2, 'dropout': 0.1, 'lr': 0.001, 'weight_decay': 0.0001} | Val AUC: 0.8345
[INFO] Config 164/486: {'num_channels': [128, 256, 512], 'kernel_size': 2, 'dropout': 0.1, 'lr': 0.001, 'weight_decay': 0.001} | Val AUC: 0.8367
[INFO] Config 165/486: {'num_channels': [128, 256, 512], 'kernel_size': 2, 'dropout': 0.1, 'lr': 0.001, 'weight_decay': 0.01} | Val AUC: 0.8379
[INFO] Config 166/486: {'num_channels': [128, 256, 512], 'kernel_size': 2, 'dropout': 0.1, 'lr': 0.003, 'weight_decay': 0.0001} | Val AUC: 0.8399
[INFO] Config 167/486: {'num_channels': [128, 256, 512], 'kernel_size': 2, 'dropout': 0.1, 'lr': 0.003, 'weight_decay': 0.001} | Val AUC: 0.8398
[INFO] Config 168/486: {'num_channels': [128, 256, 512], 'kernel_size': 2, 'dropout': 0.1, 'lr': 0.003, 'weight_decay': 0.01} | Val AUC: 0.8411
[INFO] Config 169/486: {'num_channels': [128, 256, 512], 'kernel_size': 2, 'dropout': 0.1, 'lr': 0.005, 'weight_decay': 0.0001} | Val AUC: 0.8380
[INFO] Config 170/486: {'num_channels': [128, 256, 512], 'kernel_size': 2, 'dropout': 0.1, 'lr': 0.005, 'weight_decay': 0.001} | Val AUC: 0.8397
[INFO] Config 171/486: {'num_channels': [128, 256, 512], 'kernel_size': 2, 'dropout': 0.1, 'lr': 0.005, 'weight_decay': 0.01} | Val AUC: 0.8399
[INFO] Config 172/486: {'num_channels': [128, 256, 512], 'kernel_size': 2, 'dropout': 0.3, 'lr': 0.001, 'weight_decay': 0.0001} | Val AUC: 0.8278
[INFO] Config 173/486: {'num_channels': [128, 256, 512], 'kernel_size': 2, 'dropout': 0.3, 'lr': 0.001, 'weight_decay': 0.001} | Val AUC: 0.8283
[INFO] Config 174/486: {'num_channels': [128, 256, 512], 'kernel_size': 2, 'dropout': 0.3, 'lr': 0.001, 'weight_decay': 0.01} | Val AUC: 0.8294
[INFO] Config 175/486: {'num_channels': [128, 256, 512], 'kernel_size': 2, 'dropout': 0.3, 'lr': 0.003, 'weight_decay': 0.0001} | Val AUC: 0.8350
[INFO] Config 176/486: {'num_channels': [128, 256, 512], 'kernel_size': 2, 'dropout': 0.3, 'lr': 0.003, 'weight_decay': 0.001} | Val AUC: 0.8346
[INFO] Config 177/486: {'num_channels': [128, 256, 512], 'kernel_size': 2, 'dropout': 0.3, 'lr': 0.003, 'weight_decay': 0.01} | Val AUC: 0.8357
[INFO] Config 178/486: {'num_channels': [128, 256, 512], 'kernel_size': 2, 'dropout': 0.3, 'lr': 0.005, 'weight_decay': 0.0001} | Val AUC: 0.8387
[INFO] Config 179/486: {'num_channels': [128, 256, 512], 'kernel_size': 2, 'dropout': 0.3, 'lr': 0.005, 'weight_decay': 0.001} | Val AUC: 0.8360
[INFO] Config 180/486: {'num_channels': [128, 256, 512], 'kernel_size': 2, 'dropout': 0.3, 'lr': 0.005, 'weight_decay': 0.01} | Val AUC: 0.8367
[INFO] Config 181/486: {'num_channels': [128, 256, 512], 'kernel_size': 2, 'dropout': 0.5, 'lr': 0.001, 'weight_decay': 0.0001} | Val AUC: 0.8173
[INFO] Config 182/486: {'num_channels': [128, 256, 512], 'kernel_size': 2, 'dropout': 0.5, 'lr': 0.001, 'weight_decay': 0.001} | Val AUC: 0.8194
[INFO] Config 183/486: {'num_channels': [128, 256, 512], 'kernel_size': 2, 'dropout': 0.5, 'lr': 0.001, 'weight_decay': 0.01} | Val AUC: 0.8172
[INFO] Config 184/486: {'num_channels': [128, 256, 512], 'kernel_size': 2, 'dropout': 0.5, 'lr': 0.003, 'weight_decay': 0.0001} | Val AUC: 0.8310
[INFO] Config 185/486: {'num_channels': [128, 256, 512], 'kernel_size': 2, 'dropout': 0.5, 'lr': 0.003, 'weight_decay': 0.001} | Val AUC: 0.8297
[INFO] Config 186/486: {'num_channels': [128, 256, 512], 'kernel_size': 2, 'dropout': 0.5, 'lr': 0.003, 'weight_decay': 0.01} | Val AUC: 0.8297
[INFO] Config 187/486: {'num_channels': [128, 256, 512], 'kernel_size': 2, 'dropout': 0.5, 'lr': 0.005, 'weight_decay': 0.0001} | Val AUC: 0.8342
[INFO] Config 188/486: {'num_channels': [128, 256, 512], 'kernel_size': 2, 'dropout': 0.5, 'lr': 0.005, 'weight_decay': 0.001} | Val AUC: 0.8303
[INFO] Config 189/486: {'num_channels': [128, 256, 512], 'kernel_size': 2, 'dropout': 0.5, 'lr': 0.005, 'weight_decay': 0.01} | Val AUC: 0.8321
[INFO] Config 190/486: {'num_channels': [128, 256, 512], 'kernel_size': 3, 'dropout': 0.1, 'lr': 0.001, 'weight_decay': 0.0001} | Val AUC: 0.8359
[INFO] Config 191/486: {'num_channels': [128, 256, 512], 'kernel_size': 3, 'dropout': 0.1, 'lr': 0.001, 'weight_decay': 0.001} | Val AUC: 0.8367
[INFO] Config 192/486: {'num_channels': [128, 256, 512], 'kernel_size': 3, 'dropout': 0.1, 'lr': 0.001, 'weight_decay': 0.01} | Val AUC: 0.8365
[INFO] Config 193/486: {'num_channels': [128, 256, 512], 'kernel_size': 3, 'dropout': 0.1, 'lr': 0.003, 'weight_decay': 0.0001} | Val AUC: 0.8369
[INFO] Config 194/486: {'num_channels': [128, 256, 512], 'kernel_size': 3, 'dropout': 0.1, 'lr': 0.003, 'weight_decay': 0.001} | Val AUC: 0.8383
[INFO] Config 195/486: {'num_channels': [128, 256, 512], 'kernel_size': 3, 'dropout': 0.1, 'lr': 0.003, 'weight_decay': 0.01} | Val AUC: 0.8361
[INFO] Config 196/486: {'num_channels': [128, 256, 512], 'kernel_size': 3, 'dropout': 0.1, 'lr': 0.005, 'weight_decay': 0.0001} | Val AUC: 0.8362
[INFO] Config 197/486: {'num_channels': [128, 256, 512], 'kernel_size': 3, 'dropout': 0.1, 'lr': 0.005, 'weight_decay': 0.001} | Val AUC: 0.8364
[INFO] Config 198/486: {'num_channels': [128, 256, 512], 'kernel_size': 3, 'dropout': 0.1, 'lr': 0.005, 'weight_decay': 0.01} | Val AUC: 0.8326
[INFO] Config 199/486: {'num_channels': [128, 256, 512], 'kernel_size': 3, 'dropout': 0.3, 'lr': 0.001, 'weight_decay': 0.0001} | Val AUC: 0.8313
[INFO] Config 200/486: {'num_channels': [128, 256, 512], 'kernel_size': 3, 'dropout': 0.3, 'lr': 0.001, 'weight_decay': 0.001} | Val AUC: 0.8275
[INFO] Config 201/486: {'num_channels': [128, 256, 512], 'kernel_size': 3, 'dropout': 0.3, 'lr': 0.001, 'weight_decay': 0.01} | Val AUC: 0.8291
[INFO] Config 202/486: {'num_channels': [128, 256, 512], 'kernel_size': 3, 'dropout': 0.3, 'lr': 0.003, 'weight_decay': 0.0001} | Val AUC: 0.8305
[INFO] Config 203/486: {'num_channels': [128, 256, 512], 'kernel_size': 3, 'dropout': 0.3, 'lr': 0.003, 'weight_decay': 0.001} | Val AUC: 0.8329
[INFO] Config 204/486: {'num_channels': [128, 256, 512], 'kernel_size': 3, 'dropout': 0.3, 'lr': 0.003, 'weight_decay': 0.01} | Val AUC: 0.8336
[INFO] Config 205/486: {'num_channels': [128, 256, 512], 'kernel_size': 3, 'dropout': 0.3, 'lr': 0.005, 'weight_decay': 0.0001} | Val AUC: 0.8306
[INFO] Config 206/486: {'num_channels': [128, 256, 512], 'kernel_size': 3, 'dropout': 0.3, 'lr': 0.005, 'weight_decay': 0.001} | Val AUC: 0.8295
[INFO] Config 207/486: {'num_channels': [128, 256, 512], 'kernel_size': 3, 'dropout': 0.3, 'lr': 0.005, 'weight_decay': 0.01} | Val AUC: 0.8315
[INFO] Config 208/486: {'num_channels': [128, 256, 512], 'kernel_size': 3, 'dropout': 0.5, 'lr': 0.001, 'weight_decay': 0.0001} | Val AUC: 0.8208
[INFO] Config 209/486: {'num_channels': [128, 256, 512], 'kernel_size': 3, 'dropout': 0.5, 'lr': 0.001, 'weight_decay': 0.001} | Val AUC: 0.8228
[INFO] Config 210/486: {'num_channels': [128, 256, 512], 'kernel_size': 3, 'dropout': 0.5, 'lr': 0.001, 'weight_decay': 0.01} | Val AUC: 0.8205
[INFO] Config 211/486: {'num_channels': [128, 256, 512], 'kernel_size': 3, 'dropout': 0.5, 'lr': 0.003, 'weight_decay': 0.0001} | Val AUC: 0.8250
[INFO] Config 212/486: {'num_channels': [128, 256, 512], 'kernel_size': 3, 'dropout': 0.5, 'lr': 0.003, 'weight_decay': 0.001} | Val AUC: 0.8238
[INFO] Config 213/486: {'num_channels': [128, 256, 512], 'kernel_size': 3, 'dropout': 0.5, 'lr': 0.003, 'weight_decay': 0.01} | Val AUC: 0.8294
[INFO] Config 214/486: {'num_channels': [128, 256, 512], 'kernel_size': 3, 'dropout': 0.5, 'lr': 0.005, 'weight_decay': 0.0001} | Val AUC: 0.8305
[INFO] Config 215/486: {'num_channels': [128, 256, 512], 'kernel_size': 3, 'dropout': 0.5, 'lr': 0.005, 'weight_decay': 0.001} | Val AUC: 0.8264
[INFO] Config 216/486: {'num_channels': [128, 256, 512], 'kernel_size': 3, 'dropout': 0.5, 'lr': 0.005, 'weight_decay': 0.01} | Val AUC: 0.8295
[INFO] Config 217/486: {'num_channels': [128, 256, 512], 'kernel_size': 5, 'dropout': 0.1, 'lr': 0.001, 'weight_decay': 0.0001} | Val AUC: 0.8293
[INFO] Config 218/486: {'num_channels': [128, 256, 512], 'kernel_size': 5, 'dropout': 0.1, 'lr': 0.001, 'weight_decay': 0.001} | Val AUC: 0.8276
[INFO] Config 219/486: {'num_channels': [128, 256, 512], 'kernel_size': 5, 'dropout': 0.1, 'lr': 0.001, 'weight_decay': 0.01} | Val AUC: 0.8285
[INFO] Config 220/486: {'num_channels': [128, 256, 512], 'kernel_size': 5, 'dropout': 0.1, 'lr': 0.003, 'weight_decay': 0.0001} | Val AUC: 0.8272
[INFO] Config 221/486: {'num_channels': [128, 256, 512], 'kernel_size': 5, 'dropout': 0.1, 'lr': 0.003, 'weight_decay': 0.001} | Val AUC: 0.8308
[INFO] Config 222/486: {'num_channels': [128, 256, 512], 'kernel_size': 5, 'dropout': 0.1, 'lr': 0.003, 'weight_decay': 0.01} | Val AUC: 0.8326
[INFO] Config 223/486: {'num_channels': [128, 256, 512], 'kernel_size': 5, 'dropout': 0.1, 'lr': 0.005, 'weight_decay': 0.0001} | Val AUC: 0.8250
[INFO] Config 224/486: {'num_channels': [128, 256, 512], 'kernel_size': 5, 'dropout': 0.1, 'lr': 0.005, 'weight_decay': 0.001} | Val AUC: 0.8298
[INFO] Config 225/486: {'num_channels': [128, 256, 512], 'kernel_size': 5, 'dropout': 0.1, 'lr': 0.005, 'weight_decay': 0.01} | Val AUC: 0.8291
[INFO] Config 226/486: {'num_channels': [128, 256, 512], 'kernel_size': 5, 'dropout': 0.3, 'lr': 0.001, 'weight_decay': 0.0001} | Val AUC: 0.8278
[INFO] Config 227/486: {'num_channels': [128, 256, 512], 'kernel_size': 5, 'dropout': 0.3, 'lr': 0.001, 'weight_decay': 0.001} | Val AUC: 0.8252
[INFO] Config 228/486: {'num_channels': [128, 256, 512], 'kernel_size': 5, 'dropout': 0.3, 'lr': 0.001, 'weight_decay': 0.01} | Val AUC: 0.8263
[INFO] Config 229/486: {'num_channels': [128, 256, 512], 'kernel_size': 5, 'dropout': 0.3, 'lr': 0.003, 'weight_decay': 0.0001} | Val AUC: 0.8260
[INFO] Config 230/486: {'num_channels': [128, 256, 512], 'kernel_size': 5, 'dropout': 0.3, 'lr': 0.003, 'weight_decay': 0.001} | Val AUC: 0.8317
[INFO] Config 231/486: {'num_channels': [128, 256, 512], 'kernel_size': 5, 'dropout': 0.3, 'lr': 0.003, 'weight_decay': 0.01} | Val AUC: 0.8304
[INFO] Config 232/486: {'num_channels': [128, 256, 512], 'kernel_size': 5, 'dropout': 0.3, 'lr': 0.005, 'weight_decay': 0.0001} | Val AUC: 0.8242
[INFO] Config 233/486: {'num_channels': [128, 256, 512], 'kernel_size': 5, 'dropout': 0.3, 'lr': 0.005, 'weight_decay': 0.001} | Val AUC: 0.8279
[INFO] Config 234/486: {'num_channels': [128, 256, 512], 'kernel_size': 5, 'dropout': 0.3, 'lr': 0.005, 'weight_decay': 0.01} | Val AUC: 0.8211
[INFO] Config 235/486: {'num_channels': [128, 256, 512], 'kernel_size': 5, 'dropout': 0.5, 'lr': 0.001, 'weight_decay': 0.0001} | Val AUC: 0.8167
[INFO] Config 236/486: {'num_channels': [128, 256, 512], 'kernel_size': 5, 'dropout': 0.5, 'lr': 0.001, 'weight_decay': 0.001} | Val AUC: 0.8152
[INFO] Config 237/486: {'num_channels': [128, 256, 512], 'kernel_size': 5, 'dropout': 0.5, 'lr': 0.001, 'weight_decay': 0.01} | Val AUC: 0.8140
[INFO] Config 238/486: {'num_channels': [128, 256, 512], 'kernel_size': 5, 'dropout': 0.5, 'lr': 0.003, 'weight_decay': 0.0001} | Val AUC: 0.8180
[INFO] Config 239/486: {'num_channels': [128, 256, 512], 'kernel_size': 5, 'dropout': 0.5, 'lr': 0.003, 'weight_decay': 0.001} | Val AUC: 0.8177
[INFO] Config 240/486: {'num_channels': [128, 256, 512], 'kernel_size': 5, 'dropout': 0.5, 'lr': 0.003, 'weight_decay': 0.01} | Val AUC: 0.8205
[INFO] Config 241/486: {'num_channels': [128, 256, 512], 'kernel_size': 5, 'dropout': 0.5, 'lr': 0.005, 'weight_decay': 0.0001} | Val AUC: 0.8170
[INFO] Config 242/486: {'num_channels': [128, 256, 512], 'kernel_size': 5, 'dropout': 0.5, 'lr': 0.005, 'weight_decay': 0.001} | Val AUC: 0.8170
[INFO] Config 243/486: {'num_channels': [128, 256, 512], 'kernel_size': 5, 'dropout': 0.5, 'lr': 0.005, 'weight_decay': 0.01} | Val AUC: 0.8169
[INFO] Config 244/486: {'num_channels': [256, 512, 512], 'kernel_size': 2, 'dropout': 0.1, 'lr': 0.001, 'weight_decay': 0.0001} | Val AUC: 0.8383
[INFO] Config 245/486: {'num_channels': [256, 512, 512], 'kernel_size': 2, 'dropout': 0.1, 'lr': 0.001, 'weight_decay': 0.001} | Val AUC: 0.8393
[INFO] Config 246/486: {'num_channels': [256, 512, 512], 'kernel_size': 2, 'dropout': 0.1, 'lr': 0.001, 'weight_decay': 0.01} | Val AUC: 0.8393
[INFO] Config 247/486: {'num_channels': [256, 512, 512], 'kernel_size': 2, 'dropout': 0.1, 'lr': 0.003, 'weight_decay': 0.0001} | Val AUC: 0.8422
[INFO] Config 248/486: {'num_channels': [256, 512, 512], 'kernel_size': 2, 'dropout': 0.1, 'lr': 0.003, 'weight_decay': 0.001} | Val AUC: 0.8401
[INFO] Config 249/486: {'num_channels': [256, 512, 512], 'kernel_size': 2, 'dropout': 0.1, 'lr': 0.003, 'weight_decay': 0.01} | Val AUC: 0.8426
[INFO] Config 250/486: {'num_channels': [256, 512, 512], 'kernel_size': 2, 'dropout': 0.1, 'lr': 0.005, 'weight_decay': 0.0001} | Val AUC: 0.8388
[INFO] Config 251/486: {'num_channels': [256, 512, 512], 'kernel_size': 2, 'dropout': 0.1, 'lr': 0.005, 'weight_decay': 0.001} | Val AUC: 0.8409
[INFO] Config 252/486: {'num_channels': [256, 512, 512], 'kernel_size': 2, 'dropout': 0.1, 'lr': 0.005, 'weight_decay': 0.01} | Val AUC: 0.8393
[INFO] Config 253/486: {'num_channels': [256, 512, 512], 'kernel_size': 2, 'dropout': 0.3, 'lr': 0.001, 'weight_decay': 0.0001} | Val AUC: 0.8345
[INFO] Config 254/486: {'num_channels': [256, 512, 512], 'kernel_size': 2, 'dropout': 0.3, 'lr': 0.001, 'weight_decay': 0.001} | Val AUC: 0.8327
[INFO] Config 255/486: {'num_channels': [256, 512, 512], 'kernel_size': 2, 'dropout': 0.3, 'lr': 0.001, 'weight_decay': 0.01} | Val AUC: 0.8333
[INFO] Config 256/486: {'num_channels': [256, 512, 512], 'kernel_size': 2, 'dropout': 0.3, 'lr': 0.003, 'weight_decay': 0.0001} | Val AUC: 0.8373
[INFO] Config 257/486: {'num_channels': [256, 512, 512], 'kernel_size': 2, 'dropout': 0.3, 'lr': 0.003, 'weight_decay': 0.001} | Val AUC: 0.8388
[INFO] Config 258/486: {'num_channels': [256, 512, 512], 'kernel_size': 2, 'dropout': 0.3, 'lr': 0.003, 'weight_decay': 0.01} | Val AUC: 0.8401
[INFO] Config 259/486: {'num_channels': [256, 512, 512], 'kernel_size': 2, 'dropout': 0.3, 'lr': 0.005, 'weight_decay': 0.0001} | Val AUC: 0.8388
[INFO] Config 260/486: {'num_channels': [256, 512, 512], 'kernel_size': 2, 'dropout': 0.3, 'lr': 0.005, 'weight_decay': 0.001} | Val AUC: 0.8391
[INFO] Config 261/486: {'num_channels': [256, 512, 512], 'kernel_size': 2, 'dropout': 0.3, 'lr': 0.005, 'weight_decay': 0.01} | Val AUC: 0.8387
[INFO] Config 262/486: {'num_channels': [256, 512, 512], 'kernel_size': 2, 'dropout': 0.5, 'lr': 0.001, 'weight_decay': 0.0001} | Val AUC: 0.8252
[INFO] Config 263/486: {'num_channels': [256, 512, 512], 'kernel_size': 2, 'dropout': 0.5, 'lr': 0.001, 'weight_decay': 0.001} | Val AUC: 0.8261
[INFO] Config 264/486: {'num_channels': [256, 512, 512], 'kernel_size': 2, 'dropout': 0.5, 'lr': 0.001, 'weight_decay': 0.01} | Val AUC: 0.8251
[INFO] Config 265/486: {'num_channels': [256, 512, 512], 'kernel_size': 2, 'dropout': 0.5, 'lr': 0.003, 'weight_decay': 0.0001} | Val AUC: 0.8373
[INFO] Config 266/486: {'num_channels': [256, 512, 512], 'kernel_size': 2, 'dropout': 0.5, 'lr': 0.003, 'weight_decay': 0.001} | Val AUC: 0.8352
[INFO] Config 267/486: {'num_channels': [256, 512, 512], 'kernel_size': 2, 'dropout': 0.5, 'lr': 0.003, 'weight_decay': 0.01} | Val AUC: 0.8364
[INFO] Config 268/486: {'num_channels': [256, 512, 512], 'kernel_size': 2, 'dropout': 0.5, 'lr': 0.005, 'weight_decay': 0.0001} | Val AUC: 0.8365
[INFO] Config 269/486: {'num_channels': [256, 512, 512], 'kernel_size': 2, 'dropout': 0.5, 'lr': 0.005, 'weight_decay': 0.001} | Val AUC: 0.8365
[INFO] Config 270/486: {'num_channels': [256, 512, 512], 'kernel_size': 2, 'dropout': 0.5, 'lr': 0.005, 'weight_decay': 0.01} | Val AUC: 0.8385
[INFO] Config 271/486: {'num_channels': [256, 512, 512], 'kernel_size': 3, 'dropout': 0.1, 'lr': 0.001, 'weight_decay': 0.0001} | Val AUC: 0.8357
[INFO] Config 272/486: {'num_channels': [256, 512, 512], 'kernel_size': 3, 'dropout': 0.1, 'lr': 0.001, 'weight_decay': 0.001} | Val AUC: 0.8353
[INFO] Config 273/486: {'num_channels': [256, 512, 512], 'kernel_size': 3, 'dropout': 0.1, 'lr': 0.001, 'weight_decay': 0.01} | Val AUC: 0.8376
[INFO] Config 274/486: {'num_channels': [256, 512, 512], 'kernel_size': 3, 'dropout': 0.1, 'lr': 0.003, 'weight_decay': 0.0001} | Val AUC: 0.8381
[INFO] Config 275/486: {'num_channels': [256, 512, 512], 'kernel_size': 3, 'dropout': 0.1, 'lr': 0.003, 'weight_decay': 0.001} | Val AUC: 0.8353
[INFO] Config 276/486: {'num_channels': [256, 512, 512], 'kernel_size': 3, 'dropout': 0.1, 'lr': 0.003, 'weight_decay': 0.01} | Val AUC: 0.8347
[INFO] Config 277/486: {'num_channels': [256, 512, 512], 'kernel_size': 3, 'dropout': 0.1, 'lr': 0.005, 'weight_decay': 0.0001} | Val AUC: 0.8331
[INFO] Config 278/486: {'num_channels': [256, 512, 512], 'kernel_size': 3, 'dropout': 0.1, 'lr': 0.005, 'weight_decay': 0.001} | Val AUC: 0.8374
[INFO] Config 279/486: {'num_channels': [256, 512, 512], 'kernel_size': 3, 'dropout': 0.1, 'lr': 0.005, 'weight_decay': 0.01} | Val AUC: 0.8347
[INFO] Config 280/486: {'num_channels': [256, 512, 512], 'kernel_size': 3, 'dropout': 0.3, 'lr': 0.001, 'weight_decay': 0.0001} | Val AUC: 0.8311
[INFO] Config 281/486: {'num_channels': [256, 512, 512], 'kernel_size': 3, 'dropout': 0.3, 'lr': 0.001, 'weight_decay': 0.001} | Val AUC: 0.8322
[INFO] Config 282/486: {'num_channels': [256, 512, 512], 'kernel_size': 3, 'dropout': 0.3, 'lr': 0.001, 'weight_decay': 0.01} | Val AUC: 0.8316
[INFO] Config 283/486: {'num_channels': [256, 512, 512], 'kernel_size': 3, 'dropout': 0.3, 'lr': 0.003, 'weight_decay': 0.0001} | Val AUC: 0.8365
[INFO] Config 284/486: {'num_channels': [256, 512, 512], 'kernel_size': 3, 'dropout': 0.3, 'lr': 0.003, 'weight_decay': 0.001} | Val AUC: 0.8350
[INFO] Config 285/486: {'num_channels': [256, 512, 512], 'kernel_size': 3, 'dropout': 0.3, 'lr': 0.003, 'weight_decay': 0.01} | Val AUC: 0.8329
[INFO] Config 286/486: {'num_channels': [256, 512, 512], 'kernel_size': 3, 'dropout': 0.3, 'lr': 0.005, 'weight_decay': 0.0001} | Val AUC: 0.8384
[INFO] Config 287/486: {'num_channels': [256, 512, 512], 'kernel_size': 3, 'dropout': 0.3, 'lr': 0.005, 'weight_decay': 0.001} | Val AUC: 0.8331
[INFO] Config 288/486: {'num_channels': [256, 512, 512], 'kernel_size': 3, 'dropout': 0.3, 'lr': 0.005, 'weight_decay': 0.01} | Val AUC: 0.8354
[INFO] Config 289/486: {'num_channels': [256, 512, 512], 'kernel_size': 3, 'dropout': 0.5, 'lr': 0.001, 'weight_decay': 0.0001} | Val AUC: 0.8275
[INFO] Config 290/486: {'num_channels': [256, 512, 512], 'kernel_size': 3, 'dropout': 0.5, 'lr': 0.001, 'weight_decay': 0.001} | Val AUC: 0.8267
[INFO] Config 291/486: {'num_channels': [256, 512, 512], 'kernel_size': 3, 'dropout': 0.5, 'lr': 0.001, 'weight_decay': 0.01} | Val AUC: 0.8272
[INFO] Config 292/486: {'num_channels': [256, 512, 512], 'kernel_size': 3, 'dropout': 0.5, 'lr': 0.003, 'weight_decay': 0.0001} | Val AUC: 0.8349
[INFO] Config 293/486: {'num_channels': [256, 512, 512], 'kernel_size': 3, 'dropout': 0.5, 'lr': 0.003, 'weight_decay': 0.001} | Val AUC: 0.8301
[INFO] Config 294/486: {'num_channels': [256, 512, 512], 'kernel_size': 3, 'dropout': 0.5, 'lr': 0.003, 'weight_decay': 0.01} | Val AUC: 0.8300
[INFO] Config 295/486: {'num_channels': [256, 512, 512], 'kernel_size': 3, 'dropout': 0.5, 'lr': 0.005, 'weight_decay': 0.0001} | Val AUC: 0.8280
[INFO] Config 296/486: {'num_channels': [256, 512, 512], 'kernel_size': 3, 'dropout': 0.5, 'lr': 0.005, 'weight_decay': 0.001} | Val AUC: 0.8280
[INFO] Config 297/486: {'num_channels': [256, 512, 512], 'kernel_size': 3, 'dropout': 0.5, 'lr': 0.005, 'weight_decay': 0.01} | Val AUC: 0.8290
[INFO] Config 298/486: {'num_channels': [256, 512, 512], 'kernel_size': 5, 'dropout': 0.1, 'lr': 0.001, 'weight_decay': 0.0001} | Val AUC: 0.8310
[INFO] Config 299/486: {'num_channels': [256, 512, 512], 'kernel_size': 5, 'dropout': 0.1, 'lr': 0.001, 'weight_decay': 0.001} | Val AUC: 0.8268
[INFO] Config 300/486: {'num_channels': [256, 512, 512], 'kernel_size': 5, 'dropout': 0.1, 'lr': 0.001, 'weight_decay': 0.01} | Val AUC: 0.8327
[INFO] Config 301/486: {'num_channels': [256, 512, 512], 'kernel_size': 5, 'dropout': 0.1, 'lr': 0.003, 'weight_decay': 0.0001} | Val AUC: 0.8288
[INFO] Config 302/486: {'num_channels': [256, 512, 512], 'kernel_size': 5, 'dropout': 0.1, 'lr': 0.003, 'weight_decay': 0.001} | Val AUC: 0.8277
[INFO] Config 303/486: {'num_channels': [256, 512, 512], 'kernel_size': 5, 'dropout': 0.1, 'lr': 0.003, 'weight_decay': 0.01} | Val AUC: 0.8303
[INFO] Config 304/486: {'num_channels': [256, 512, 512], 'kernel_size': 5, 'dropout': 0.1, 'lr': 0.005, 'weight_decay': 0.0001} | Val AUC: 0.8269
[INFO] Config 305/486: {'num_channels': [256, 512, 512], 'kernel_size': 5, 'dropout': 0.1, 'lr': 0.005, 'weight_decay': 0.001} | Val AUC: 0.8298
[INFO] Config 306/486: {'num_channels': [256, 512, 512], 'kernel_size': 5, 'dropout': 0.1, 'lr': 0.005, 'weight_decay': 0.01} | Val AUC: 0.8293
[INFO] Config 307/486: {'num_channels': [256, 512, 512], 'kernel_size': 5, 'dropout': 0.3, 'lr': 0.001, 'weight_decay': 0.0001} | Val AUC: 0.8271
[INFO] Config 308/486: {'num_channels': [256, 512, 512], 'kernel_size': 5, 'dropout': 0.3, 'lr': 0.001, 'weight_decay': 0.001} | Val AUC: 0.8243
[INFO] Config 309/486: {'num_channels': [256, 512, 512], 'kernel_size': 5, 'dropout': 0.3, 'lr': 0.001, 'weight_decay': 0.01} | Val AUC: 0.8261
[INFO] Config 310/486: {'num_channels': [256, 512, 512], 'kernel_size': 5, 'dropout': 0.3, 'lr': 0.003, 'weight_decay': 0.0001} | Val AUC: 0.8264
[INFO] Config 311/486: {'num_channels': [256, 512, 512], 'kernel_size': 5, 'dropout': 0.3, 'lr': 0.003, 'weight_decay': 0.001} | Val AUC: 0.8270
[INFO] Config 312/486: {'num_channels': [256, 512, 512], 'kernel_size': 5, 'dropout': 0.3, 'lr': 0.003, 'weight_decay': 0.01} | Val AUC: 0.8252
[INFO] Config 313/486: {'num_channels': [256, 512, 512], 'kernel_size': 5, 'dropout': 0.3, 'lr': 0.005, 'weight_decay': 0.0001} | Val AUC: 0.8256
[INFO] Config 314/486: {'num_channels': [256, 512, 512], 'kernel_size': 5, 'dropout': 0.3, 'lr': 0.005, 'weight_decay': 0.001} | Val AUC: 0.8236
[INFO] Config 315/486: {'num_channels': [256, 512, 512], 'kernel_size': 5, 'dropout': 0.3, 'lr': 0.005, 'weight_decay': 0.01} | Val AUC: 0.8264
[INFO] Config 316/486: {'num_channels': [256, 512, 512], 'kernel_size': 5, 'dropout': 0.5, 'lr': 0.001, 'weight_decay': 0.0001} | Val AUC: 0.8190
[INFO] Config 317/486: {'num_channels': [256, 512, 512], 'kernel_size': 5, 'dropout': 0.5, 'lr': 0.001, 'weight_decay': 0.001} | Val AUC: 0.8225
[INFO] Config 318/486: {'num_channels': [256, 512, 512], 'kernel_size': 5, 'dropout': 0.5, 'lr': 0.001, 'weight_decay': 0.01} | Val AUC: 0.8190
[INFO] Config 319/486: {'num_channels': [256, 512, 512], 'kernel_size': 5, 'dropout': 0.5, 'lr': 0.003, 'weight_decay': 0.0001} | Val AUC: 0.8224
[INFO] Config 320/486: {'num_channels': [256, 512, 512], 'kernel_size': 5, 'dropout': 0.5, 'lr': 0.003, 'weight_decay': 0.001} | Val AUC: 0.8219
[INFO] Config 321/486: {'num_channels': [256, 512, 512], 'kernel_size': 5, 'dropout': 0.5, 'lr': 0.003, 'weight_decay': 0.01} | Val AUC: 0.8228
[INFO] Config 322/486: {'num_channels': [256, 512, 512], 'kernel_size': 5, 'dropout': 0.5, 'lr': 0.005, 'weight_decay': 0.0001} | Val AUC: 0.8226
[INFO] Config 323/486: {'num_channels': [256, 512, 512], 'kernel_size': 5, 'dropout': 0.5, 'lr': 0.005, 'weight_decay': 0.001} | Val AUC: 0.8209
[INFO] Config 324/486: {'num_channels': [256, 512, 512], 'kernel_size': 5, 'dropout': 0.5, 'lr': 0.005, 'weight_decay': 0.01} | Val AUC: 0.8201
[INFO] Config 325/486: {'num_channels': [512, 512, 512], 'kernel_size': 2, 'dropout': 0.1, 'lr': 0.001, 'weight_decay': 0.0001} | Val AUC: 0.8418
[INFO] Config 326/486: {'num_channels': [512, 512, 512], 'kernel_size': 2, 'dropout': 0.1, 'lr': 0.001, 'weight_decay': 0.001} | Val AUC: 0.8409
[INFO] Config 327/486: {'num_channels': [512, 512, 512], 'kernel_size': 2, 'dropout': 0.1, 'lr': 0.001, 'weight_decay': 0.01} | Val AUC: 0.8409
[INFO] Config 328/486: {'num_channels': [512, 512, 512], 'kernel_size': 2, 'dropout': 0.1, 'lr': 0.003, 'weight_decay': 0.0001} | Val AUC: 0.8418
[INFO] Config 329/486: {'num_channels': [512, 512, 512], 'kernel_size': 2, 'dropout': 0.1, 'lr': 0.003, 'weight_decay': 0.001} | Val AUC: 0.8412
[INFO] Config 330/486: {'num_channels': [512, 512, 512], 'kernel_size': 2, 'dropout': 0.1, 'lr': 0.003, 'weight_decay': 0.01} | Val AUC: 0.8432
[INFO] Config 331/486: {'num_channels': [512, 512, 512], 'kernel_size': 2, 'dropout': 0.1, 'lr': 0.005, 'weight_decay': 0.0001} | Val AUC: 0.8413
[INFO] Config 332/486: {'num_channels': [512, 512, 512], 'kernel_size': 2, 'dropout': 0.1, 'lr': 0.005, 'weight_decay': 0.001} | Val AUC: 0.8407
[INFO] Config 333/486: {'num_channels': [512, 512, 512], 'kernel_size': 2, 'dropout': 0.1, 'lr': 0.005, 'weight_decay': 0.01} | Val AUC: 0.8413
[INFO] Config 334/486: {'num_channels': [512, 512, 512], 'kernel_size': 2, 'dropout': 0.3, 'lr': 0.001, 'weight_decay': 0.0001} | Val AUC: 0.8367
[INFO] Config 335/486: {'num_channels': [512, 512, 512], 'kernel_size': 2, 'dropout': 0.3, 'lr': 0.001, 'weight_decay': 0.001} | Val AUC: 0.8374
[INFO] Config 336/486: {'num_channels': [512, 512, 512], 'kernel_size': 2, 'dropout': 0.3, 'lr': 0.001, 'weight_decay': 0.01} | Val AUC: 0.8374
[INFO] Config 337/486: {'num_channels': [512, 512, 512], 'kernel_size': 2, 'dropout': 0.3, 'lr': 0.003, 'weight_decay': 0.0001} | Val AUC: 0.8388
[INFO] Config 338/486: {'num_channels': [512, 512, 512], 'kernel_size': 2, 'dropout': 0.3, 'lr': 0.003, 'weight_decay': 0.001} | Val AUC: 0.8381
[INFO] Config 339/486: {'num_channels': [512, 512, 512], 'kernel_size': 2, 'dropout': 0.3, 'lr': 0.003, 'weight_decay': 0.01} | Val AUC: 0.8405
[INFO] Config 340/486: {'num_channels': [512, 512, 512], 'kernel_size': 2, 'dropout': 0.3, 'lr': 0.005, 'weight_decay': 0.0001} | Val AUC: 0.8398
[INFO] Config 341/486: {'num_channels': [512, 512, 512], 'kernel_size': 2, 'dropout': 0.3, 'lr': 0.005, 'weight_decay': 0.001} | Val AUC: 0.8394
[INFO] Config 342/486: {'num_channels': [512, 512, 512], 'kernel_size': 2, 'dropout': 0.3, 'lr': 0.005, 'weight_decay': 0.01} | Val AUC: 0.8396
[INFO] Config 343/486: {'num_channels': [512, 512, 512], 'kernel_size': 2, 'dropout': 0.5, 'lr': 0.001, 'weight_decay': 0.0001} | Val AUC: 0.8295
[INFO] Config 344/486: {'num_channels': [512, 512, 512], 'kernel_size': 2, 'dropout': 0.5, 'lr': 0.001, 'weight_decay': 0.001} | Val AUC: 0.8307
[INFO] Config 345/486: {'num_channels': [512, 512, 512], 'kernel_size': 2, 'dropout': 0.5, 'lr': 0.001, 'weight_decay': 0.01} | Val AUC: 0.8301
[INFO] Config 346/486: {'num_channels': [512, 512, 512], 'kernel_size': 2, 'dropout': 0.5, 'lr': 0.003, 'weight_decay': 0.0001} | Val AUC: 0.8390
[INFO] Config 347/486: {'num_channels': [512, 512, 512], 'kernel_size': 2, 'dropout': 0.5, 'lr': 0.003, 'weight_decay': 0.001} | Val AUC: 0.8380
[INFO] Config 348/486: {'num_channels': [512, 512, 512], 'kernel_size': 2, 'dropout': 0.5, 'lr': 0.003, 'weight_decay': 0.01} | Val AUC: 0.8379
[INFO] Config 349/486: {'num_channels': [512, 512, 512], 'kernel_size': 2, 'dropout': 0.5, 'lr': 0.005, 'weight_decay': 0.0001} | Val AUC: 0.8390
[INFO] Config 350/486: {'num_channels': [512, 512, 512], 'kernel_size': 2, 'dropout': 0.5, 'lr': 0.005, 'weight_decay': 0.001} | Val AUC: 0.8363
[INFO] Config 351/486: {'num_channels': [512, 512, 512], 'kernel_size': 2, 'dropout': 0.5, 'lr': 0.005, 'weight_decay': 0.01} | Val AUC: 0.8368
[INFO] Config 352/486: {'num_channels': [512, 512, 512], 'kernel_size': 3, 'dropout': 0.1, 'lr': 0.001, 'weight_decay': 0.0001} | Val AUC: 0.8388
[INFO] Config 353/486: {'num_channels': [512, 512, 512], 'kernel_size': 3, 'dropout': 0.1, 'lr': 0.001, 'weight_decay': 0.001} | Val AUC: 0.8391
[INFO] Config 354/486: {'num_channels': [512, 512, 512], 'kernel_size': 3, 'dropout': 0.1, 'lr': 0.001, 'weight_decay': 0.01} | Val AUC: 0.8390
[INFO] Config 355/486: {'num_channels': [512, 512, 512], 'kernel_size': 3, 'dropout': 0.1, 'lr': 0.003, 'weight_decay': 0.0001} | Val AUC: 0.8354
[INFO] Config 356/486: {'num_channels': [512, 512, 512], 'kernel_size': 3, 'dropout': 0.1, 'lr': 0.003, 'weight_decay': 0.001} | Val AUC: 0.8391
[INFO] Config 357/486: {'num_channels': [512, 512, 512], 'kernel_size': 3, 'dropout': 0.1, 'lr': 0.003, 'weight_decay': 0.01} | Val AUC: 0.8390
[INFO] Config 358/486: {'num_channels': [512, 512, 512], 'kernel_size': 3, 'dropout': 0.1, 'lr': 0.005, 'weight_decay': 0.0001} | Val AUC: 0.8351
[INFO] Config 359/486: {'num_channels': [512, 512, 512], 'kernel_size': 3, 'dropout': 0.1, 'lr': 0.005, 'weight_decay': 0.001} | Val AUC: 0.8388
[INFO] Config 360/486: {'num_channels': [512, 512, 512], 'kernel_size': 3, 'dropout': 0.1, 'lr': 0.005, 'weight_decay': 0.01} | Val AUC: 0.8379
[INFO] Config 361/486: {'num_channels': [512, 512, 512], 'kernel_size': 3, 'dropout': 0.3, 'lr': 0.001, 'weight_decay': 0.0001} | Val AUC: 0.8345
[INFO] Config 362/486: {'num_channels': [512, 512, 512], 'kernel_size': 3, 'dropout': 0.3, 'lr': 0.001, 'weight_decay': 0.001} | Val AUC: 0.8342
[INFO] Config 363/486: {'num_channels': [512, 512, 512], 'kernel_size': 3, 'dropout': 0.3, 'lr': 0.001, 'weight_decay': 0.01} | Val AUC: 0.8353
[INFO] Config 364/486: {'num_channels': [512, 512, 512], 'kernel_size': 3, 'dropout': 0.3, 'lr': 0.003, 'weight_decay': 0.0001} | Val AUC: 0.8339
[INFO] Config 365/486: {'num_channels': [512, 512, 512], 'kernel_size': 3, 'dropout': 0.3, 'lr': 0.003, 'weight_decay': 0.001} | Val AUC: 0.8360
[INFO] Config 366/486: {'num_channels': [512, 512, 512], 'kernel_size': 3, 'dropout': 0.3, 'lr': 0.003, 'weight_decay': 0.01} | Val AUC: 0.8362
[INFO] Config 367/486: {'num_channels': [512, 512, 512], 'kernel_size': 3, 'dropout': 0.3, 'lr': 0.005, 'weight_decay': 0.0001} | Val AUC: 0.8329
[INFO] Config 368/486: {'num_channels': [512, 512, 512], 'kernel_size': 3, 'dropout': 0.3, 'lr': 0.005, 'weight_decay': 0.001} | Val AUC: 0.8374
[INFO] Config 369/486: {'num_channels': [512, 512, 512], 'kernel_size': 3, 'dropout': 0.3, 'lr': 0.005, 'weight_decay': 0.01} | Val AUC: 0.8332
[INFO] Config 370/486: {'num_channels': [512, 512, 512], 'kernel_size': 3, 'dropout': 0.5, 'lr': 0.001, 'weight_decay': 0.0001} | Val AUC: 0.8311
[INFO] Config 371/486: {'num_channels': [512, 512, 512], 'kernel_size': 3, 'dropout': 0.5, 'lr': 0.001, 'weight_decay': 0.001} | Val AUC: 0.8320
[INFO] Config 372/486: {'num_channels': [512, 512, 512], 'kernel_size': 3, 'dropout': 0.5, 'lr': 0.001, 'weight_decay': 0.01} | Val AUC: 0.8308
[INFO] Config 373/486: {'num_channels': [512, 512, 512], 'kernel_size': 3, 'dropout': 0.5, 'lr': 0.003, 'weight_decay': 0.0001} | Val AUC: 0.8320
[INFO] Config 374/486: {'num_channels': [512, 512, 512], 'kernel_size': 3, 'dropout': 0.5, 'lr': 0.003, 'weight_decay': 0.001} | Val AUC: 0.8348
[INFO] Config 375/486: {'num_channels': [512, 512, 512], 'kernel_size': 3, 'dropout': 0.5, 'lr': 0.003, 'weight_decay': 0.01} | Val AUC: 0.8331
[INFO] Config 376/486: {'num_channels': [512, 512, 512], 'kernel_size': 3, 'dropout': 0.5, 'lr': 0.005, 'weight_decay': 0.0001} | Val AUC: 0.8299
[INFO] Config 377/486: {'num_channels': [512, 512, 512], 'kernel_size': 3, 'dropout': 0.5, 'lr': 0.005, 'weight_decay': 0.001} | Val AUC: 0.8337
[INFO] Config 378/486: {'num_channels': [512, 512, 512], 'kernel_size': 3, 'dropout': 0.5, 'lr': 0.005, 'weight_decay': 0.01} | Val AUC: 0.8299
[INFO] Config 379/486: {'num_channels': [512, 512, 512], 'kernel_size': 5, 'dropout': 0.1, 'lr': 0.001, 'weight_decay': 0.0001} | Val AUC: 0.8331
[INFO] Config 380/486: {'num_channels': [512, 512, 512], 'kernel_size': 5, 'dropout': 0.1, 'lr': 0.001, 'weight_decay': 0.001} | Val AUC: 0.8351
[INFO] Config 381/486: {'num_channels': [512, 512, 512], 'kernel_size': 5, 'dropout': 0.1, 'lr': 0.001, 'weight_decay': 0.01} | Val AUC: 0.8332
[INFO] Config 382/486: {'num_channels': [512, 512, 512], 'kernel_size': 5, 'dropout': 0.1, 'lr': 0.003, 'weight_decay': 0.0001} | Val AUC: 0.8302
[INFO] Config 383/486: {'num_channels': [512, 512, 512], 'kernel_size': 5, 'dropout': 0.1, 'lr': 0.003, 'weight_decay': 0.001} | Val AUC: 0.8298
[INFO] Config 384/486: {'num_channels': [512, 512, 512], 'kernel_size': 5, 'dropout': 0.1, 'lr': 0.003, 'weight_decay': 0.01} | Val AUC: 0.8299
[INFO] Config 385/486: {'num_channels': [512, 512, 512], 'kernel_size': 5, 'dropout': 0.1, 'lr': 0.005, 'weight_decay': 0.0001} | Val AUC: 0.8291
[INFO] Config 386/486: {'num_channels': [512, 512, 512], 'kernel_size': 5, 'dropout': 0.1, 'lr': 0.005, 'weight_decay': 0.001} | Val AUC: 0.8337
[INFO] Config 387/486: {'num_channels': [512, 512, 512], 'kernel_size': 5, 'dropout': 0.1, 'lr': 0.005, 'weight_decay': 0.01} | Val AUC: 0.8311
[INFO] Config 388/486: {'num_channels': [512, 512, 512], 'kernel_size': 5, 'dropout': 0.3, 'lr': 0.001, 'weight_decay': 0.0001} | Val AUC: 0.8292
[INFO] Config 389/486: {'num_channels': [512, 512, 512], 'kernel_size': 5, 'dropout': 0.3, 'lr': 0.001, 'weight_decay': 0.001} | Val AUC: 0.8301
[INFO] Config 390/486: {'num_channels': [512, 512, 512], 'kernel_size': 5, 'dropout': 0.3, 'lr': 0.001, 'weight_decay': 0.01} | Val AUC: 0.8295
[INFO] Config 391/486: {'num_channels': [512, 512, 512], 'kernel_size': 5, 'dropout': 0.3, 'lr': 0.003, 'weight_decay': 0.0001} | Val AUC: 0.8280
[INFO] Config 392/486: {'num_channels': [512, 512, 512], 'kernel_size': 5, 'dropout': 0.3, 'lr': 0.003, 'weight_decay': 0.001} | Val AUC: 0.8295
[INFO] Config 393/486: {'num_channels': [512, 512, 512], 'kernel_size': 5, 'dropout': 0.3, 'lr': 0.003, 'weight_decay': 0.01} | Val AUC: 0.8273
[INFO] Config 394/486: {'num_channels': [512, 512, 512], 'kernel_size': 5, 'dropout': 0.3, 'lr': 0.005, 'weight_decay': 0.0001} | Val AUC: 0.8257
[INFO] Config 395/486: {'num_channels': [512, 512, 512], 'kernel_size': 5, 'dropout': 0.3, 'lr': 0.005, 'weight_decay': 0.001} | Val AUC: 0.8267
[INFO] Config 396/486: {'num_channels': [512, 512, 512], 'kernel_size': 5, 'dropout': 0.3, 'lr': 0.005, 'weight_decay': 0.01} | Val AUC: 0.8276
[INFO] Config 397/486: {'num_channels': [512, 512, 512], 'kernel_size': 5, 'dropout': 0.5, 'lr': 0.001, 'weight_decay': 0.0001} | Val AUC: 0.8258
[INFO] Config 398/486: {'num_channels': [512, 512, 512], 'kernel_size': 5, 'dropout': 0.5, 'lr': 0.001, 'weight_decay': 0.001} | Val AUC: 0.8246
[INFO] Config 399/486: {'num_channels': [512, 512, 512], 'kernel_size': 5, 'dropout': 0.5, 'lr': 0.001, 'weight_decay': 0.01} | Val AUC: 0.8272
[INFO] Config 400/486: {'num_channels': [512, 512, 512], 'kernel_size': 5, 'dropout': 0.5, 'lr': 0.003, 'weight_decay': 0.0001} | Val AUC: 0.8250
[INFO] Config 401/486: {'num_channels': [512, 512, 512], 'kernel_size': 5, 'dropout': 0.5, 'lr': 0.003, 'weight_decay': 0.001} | Val AUC: 0.8249
[INFO] Config 402/486: {'num_channels': [512, 512, 512], 'kernel_size': 5, 'dropout': 0.5, 'lr': 0.003, 'weight_decay': 0.01} | Val AUC: 0.8262
[INFO] Config 403/486: {'num_channels': [512, 512, 512], 'kernel_size': 5, 'dropout': 0.5, 'lr': 0.005, 'weight_decay': 0.0001} | Val AUC: 0.8219
[INFO] Config 404/486: {'num_channels': [512, 512, 512], 'kernel_size': 5, 'dropout': 0.5, 'lr': 0.005, 'weight_decay': 0.001} | Val AUC: 0.8219
[INFO] Config 405/486: {'num_channels': [512, 512, 512], 'kernel_size': 5, 'dropout': 0.5, 'lr': 0.005, 'weight_decay': 0.01} | Val AUC: 0.8205
[INFO] Config 406/486: {'num_channels': [512, 1024, 1024], 'kernel_size': 2, 'dropout': 0.1, 'lr': 0.001, 'weight_decay': 0.0001} | Val AUC: 0.8413
[INFO] Config 407/486: {'num_channels': [512, 1024, 1024], 'kernel_size': 2, 'dropout': 0.1, 'lr': 0.001, 'weight_decay': 0.001} | Val AUC: 0.8390
[INFO] Config 408/486: {'num_channels': [512, 1024, 1024], 'kernel_size': 2, 'dropout': 0.1, 'lr': 0.001, 'weight_decay': 0.01} | Val AUC: 0.8380
[INFO] Config 409/486: {'num_channels': [512, 1024, 1024], 'kernel_size': 2, 'dropout': 0.1, 'lr': 0.003, 'weight_decay': 0.0001} | Val AUC: 0.8407
[INFO] Config 410/486: {'num_channels': [512, 1024, 1024], 'kernel_size': 2, 'dropout': 0.1, 'lr': 0.003, 'weight_decay': 0.001} | Val AUC: 0.8391
[INFO] Config 411/486: {'num_channels': [512, 1024, 1024], 'kernel_size': 2, 'dropout': 0.1, 'lr': 0.003, 'weight_decay': 0.01} | Val AUC: 0.8418
[INFO] Config 412/486: {'num_channels': [512, 1024, 1024], 'kernel_size': 2, 'dropout': 0.1, 'lr': 0.005, 'weight_decay': 0.0001} | Val AUC: 0.8404
[INFO] Config 413/486: {'num_channels': [512, 1024, 1024], 'kernel_size': 2, 'dropout': 0.1, 'lr': 0.005, 'weight_decay': 0.001} | Val AUC: 0.8389
[INFO] Config 414/486: {'num_channels': [512, 1024, 1024], 'kernel_size': 2, 'dropout': 0.1, 'lr': 0.005, 'weight_decay': 0.01} | Val AUC: 0.8407
[INFO] Config 415/486: {'num_channels': [512, 1024, 1024], 'kernel_size': 2, 'dropout': 0.3, 'lr': 0.001, 'weight_decay': 0.0001} | Val AUC: 0.8381
[INFO] Config 416/486: {'num_channels': [512, 1024, 1024], 'kernel_size': 2, 'dropout': 0.3, 'lr': 0.001, 'weight_decay': 0.001} | Val AUC: 0.8356
[INFO] Config 417/486: {'num_channels': [512, 1024, 1024], 'kernel_size': 2, 'dropout': 0.3, 'lr': 0.001, 'weight_decay': 0.01} | Val AUC: 0.8367
[INFO] Config 418/486: {'num_channels': [512, 1024, 1024], 'kernel_size': 2, 'dropout': 0.3, 'lr': 0.003, 'weight_decay': 0.0001} | Val AUC: 0.8380
[INFO] Config 419/486: {'num_channels': [512, 1024, 1024], 'kernel_size': 2, 'dropout': 0.3, 'lr': 0.003, 'weight_decay': 0.001} | Val AUC: 0.8410
[INFO] Config 420/486: {'num_channels': [512, 1024, 1024], 'kernel_size': 2, 'dropout': 0.3, 'lr': 0.003, 'weight_decay': 0.01} | Val AUC: 0.8418
[INFO] Config 421/486: {'num_channels': [512, 1024, 1024], 'kernel_size': 2, 'dropout': 0.3, 'lr': 0.005, 'weight_decay': 0.0001} | Val AUC: 0.8391
[INFO] Config 422/486: {'num_channels': [512, 1024, 1024], 'kernel_size': 2, 'dropout': 0.3, 'lr': 0.005, 'weight_decay': 0.001} | Val AUC: 0.8394
[INFO] Config 423/486: {'num_channels': [512, 1024, 1024], 'kernel_size': 2, 'dropout': 0.3, 'lr': 0.005, 'weight_decay': 0.01} | Val AUC: 0.8357
[INFO] Config 424/486: {'num_channels': [512, 1024, 1024], 'kernel_size': 2, 'dropout': 0.5, 'lr': 0.001, 'weight_decay': 0.0001} | Val AUC: 0.8319
[INFO] Config 425/486: {'num_channels': [512, 1024, 1024], 'kernel_size': 2, 'dropout': 0.5, 'lr': 0.001, 'weight_decay': 0.001} | Val AUC: 0.8305
[INFO] Config 426/486: {'num_channels': [512, 1024, 1024], 'kernel_size': 2, 'dropout': 0.5, 'lr': 0.001, 'weight_decay': 0.01} | Val AUC: 0.8333
[INFO] Config 427/486: {'num_channels': [512, 1024, 1024], 'kernel_size': 2, 'dropout': 0.5, 'lr': 0.003, 'weight_decay': 0.0001} | Val AUC: 0.8388
[INFO] Config 428/486: {'num_channels': [512, 1024, 1024], 'kernel_size': 2, 'dropout': 0.5, 'lr': 0.003, 'weight_decay': 0.001} | Val AUC: 0.8352
[INFO] Config 429/486: {'num_channels': [512, 1024, 1024], 'kernel_size': 2, 'dropout': 0.5, 'lr': 0.003, 'weight_decay': 0.01} | Val AUC: 0.8369
[INFO] Config 430/486: {'num_channels': [512, 1024, 1024], 'kernel_size': 2, 'dropout': 0.5, 'lr': 0.005, 'weight_decay': 0.0001} | Val AUC: 0.8359
[INFO] Config 431/486: {'num_channels': [512, 1024, 1024], 'kernel_size': 2, 'dropout': 0.5, 'lr': 0.005, 'weight_decay': 0.001} | Val AUC: 0.8381
[INFO] Config 432/486: {'num_channels': [512, 1024, 1024], 'kernel_size': 2, 'dropout': 0.5, 'lr': 0.005, 'weight_decay': 0.01} | Val AUC: 0.8360
[INFO] Config 433/486: {'num_channels': [512, 1024, 1024], 'kernel_size': 3, 'dropout': 0.1, 'lr': 0.001, 'weight_decay': 0.0001} | Val AUC: 0.8372
[INFO] Config 434/486: {'num_channels': [512, 1024, 1024], 'kernel_size': 3, 'dropout': 0.1, 'lr': 0.001, 'weight_decay': 0.001} | Val AUC: 0.8349
[INFO] Config 435/486: {'num_channels': [512, 1024, 1024], 'kernel_size': 3, 'dropout': 0.1, 'lr': 0.001, 'weight_decay': 0.01} | Val AUC: 0.8373
[INFO] Config 436/486: {'num_channels': [512, 1024, 1024], 'kernel_size': 3, 'dropout': 0.1, 'lr': 0.003, 'weight_decay': 0.0001} | Val AUC: 0.8351
[INFO] Config 437/486: {'num_channels': [512, 1024, 1024], 'kernel_size': 3, 'dropout': 0.1, 'lr': 0.003, 'weight_decay': 0.001} | Val AUC: 0.8362
[INFO] Config 438/486: {'num_channels': [512, 1024, 1024], 'kernel_size': 3, 'dropout': 0.1, 'lr': 0.003, 'weight_decay': 0.01} | Val AUC: 0.8363
[INFO] Config 439/486: {'num_channels': [512, 1024, 1024], 'kernel_size': 3, 'dropout': 0.1, 'lr': 0.005, 'weight_decay': 0.0001} | Val AUC: 0.8395
[INFO] Config 440/486: {'num_channels': [512, 1024, 1024], 'kernel_size': 3, 'dropout': 0.1, 'lr': 0.005, 'weight_decay': 0.001} | Val AUC: 0.8392
[INFO] Config 441/486: {'num_channels': [512, 1024, 1024], 'kernel_size': 3, 'dropout': 0.1, 'lr': 0.005, 'weight_decay': 0.01} | Val AUC: 0.8314
[INFO] Config 442/486: {'num_channels': [512, 1024, 1024], 'kernel_size': 3, 'dropout': 0.3, 'lr': 0.001, 'weight_decay': 0.0001} | Val AUC: 0.8317
[INFO] Config 443/486: {'num_channels': [512, 1024, 1024], 'kernel_size': 3, 'dropout': 0.3, 'lr': 0.001, 'weight_decay': 0.001} | Val AUC: 0.8298
[INFO] Config 444/486: {'num_channels': [512, 1024, 1024], 'kernel_size': 3, 'dropout': 0.3, 'lr': 0.001, 'weight_decay': 0.01} | Val AUC: 0.8363
[INFO] Config 445/486: {'num_channels': [512, 1024, 1024], 'kernel_size': 3, 'dropout': 0.3, 'lr': 0.003, 'weight_decay': 0.0001} | Val AUC: 0.8355
[INFO] Config 446/486: {'num_channels': [512, 1024, 1024], 'kernel_size': 3, 'dropout': 0.3, 'lr': 0.003, 'weight_decay': 0.001} | Val AUC: 0.8356
[INFO] Config 447/486: {'num_channels': [512, 1024, 1024], 'kernel_size': 3, 'dropout': 0.3, 'lr': 0.003, 'weight_decay': 0.01} | Val AUC: 0.8337
[INFO] Config 448/486: {'num_channels': [512, 1024, 1024], 'kernel_size': 3, 'dropout': 0.3, 'lr': 0.005, 'weight_decay': 0.0001} | Val AUC: 0.8317
[INFO] Config 449/486: {'num_channels': [512, 1024, 1024], 'kernel_size': 3, 'dropout': 0.3, 'lr': 0.005, 'weight_decay': 0.001} | Val AUC: 0.8326
[INFO] Config 450/486: {'num_channels': [512, 1024, 1024], 'kernel_size': 3, 'dropout': 0.3, 'lr': 0.005, 'weight_decay': 0.01} | Val AUC: 0.8381
[INFO] Config 451/486: {'num_channels': [512, 1024, 1024], 'kernel_size': 3, 'dropout': 0.5, 'lr': 0.001, 'weight_decay': 0.0001} | Val AUC: 0.8262
[INFO] Config 452/486: {'num_channels': [512, 1024, 1024], 'kernel_size': 3, 'dropout': 0.5, 'lr': 0.001, 'weight_decay': 0.001} | Val AUC: 0.8275
[INFO] Config 453/486: {'num_channels': [512, 1024, 1024], 'kernel_size': 3, 'dropout': 0.5, 'lr': 0.001, 'weight_decay': 0.01} | Val AUC: 0.8230
[INFO] Config 454/486: {'num_channels': [512, 1024, 1024], 'kernel_size': 3, 'dropout': 0.5, 'lr': 0.003, 'weight_decay': 0.0001} | Val AUC: 0.8329
[INFO] Config 455/486: {'num_channels': [512, 1024, 1024], 'kernel_size': 3, 'dropout': 0.5, 'lr': 0.003, 'weight_decay': 0.001} | Val AUC: 0.8348
[INFO] Config 456/486: {'num_channels': [512, 1024, 1024], 'kernel_size': 3, 'dropout': 0.5, 'lr': 0.003, 'weight_decay': 0.01} | Val AUC: 0.8295
[INFO] Config 457/486: {'num_channels': [512, 1024, 1024], 'kernel_size': 3, 'dropout': 0.5, 'lr': 0.005, 'weight_decay': 0.0001} | Val AUC: 0.8307
[INFO] Config 458/486: {'num_channels': [512, 1024, 1024], 'kernel_size': 3, 'dropout': 0.5, 'lr': 0.005, 'weight_decay': 0.001} | Val AUC: 0.8262
[INFO] Config 459/486: {'num_channels': [512, 1024, 1024], 'kernel_size': 3, 'dropout': 0.5, 'lr': 0.005, 'weight_decay': 0.01} | Val AUC: 0.8336
[INFO] Config 460/486: {'num_channels': [512, 1024, 1024], 'kernel_size': 5, 'dropout': 0.1, 'lr': 0.001, 'weight_decay': 0.0001} | Val AUC: 0.8288
[INFO] Config 461/486: {'num_channels': [512, 1024, 1024], 'kernel_size': 5, 'dropout': 0.1, 'lr': 0.001, 'weight_decay': 0.001} | Val AUC: 0.8281
[INFO] Config 462/486: {'num_channels': [512, 1024, 1024], 'kernel_size': 5, 'dropout': 0.1, 'lr': 0.001, 'weight_decay': 0.01} | Val AUC: 0.8325
[INFO] Config 463/486: {'num_channels': [512, 1024, 1024], 'kernel_size': 5, 'dropout': 0.1, 'lr': 0.003, 'weight_decay': 0.0001} | Val AUC: 0.8274
[INFO] Config 464/486: {'num_channels': [512, 1024, 1024], 'kernel_size': 5, 'dropout': 0.1, 'lr': 0.003, 'weight_decay': 0.001} | Val AUC: 0.8320
[INFO] Config 465/486: {'num_channels': [512, 1024, 1024], 'kernel_size': 5, 'dropout': 0.1, 'lr': 0.003, 'weight_decay': 0.01} | Val AUC: 0.8293
[INFO] Config 466/486: {'num_channels': [512, 1024, 1024], 'kernel_size': 5, 'dropout': 0.1, 'lr': 0.005, 'weight_decay': 0.0001} | Val AUC: 0.8316
[INFO] Config 467/486: {'num_channels': [512, 1024, 1024], 'kernel_size': 5, 'dropout': 0.1, 'lr': 0.005, 'weight_decay': 0.001} | Val AUC: 0.8249
[INFO] Config 468/486: {'num_channels': [512, 1024, 1024], 'kernel_size': 5, 'dropout': 0.1, 'lr': 0.005, 'weight_decay': 0.01} | Val AUC: 0.8278
[INFO] Config 469/486: {'num_channels': [512, 1024, 1024], 'kernel_size': 5, 'dropout': 0.3, 'lr': 0.001, 'weight_decay': 0.0001} | Val AUC: 0.8259
[INFO] Config 470/486: {'num_channels': [512, 1024, 1024], 'kernel_size': 5, 'dropout': 0.3, 'lr': 0.001, 'weight_decay': 0.001} | Val AUC: 0.8300
[INFO] Config 471/486: {'num_channels': [512, 1024, 1024], 'kernel_size': 5, 'dropout': 0.3, 'lr': 0.001, 'weight_decay': 0.01} | Val AUC: 0.8292
[INFO] Config 472/486: {'num_channels': [512, 1024, 1024], 'kernel_size': 5, 'dropout': 0.3, 'lr': 0.003, 'weight_decay': 0.0001} | Val AUC: 0.8279
[INFO] Config 473/486: {'num_channels': [512, 1024, 1024], 'kernel_size': 5, 'dropout': 0.3, 'lr': 0.003, 'weight_decay': 0.001} | Val AUC: 0.8309
[INFO] Config 474/486: {'num_channels': [512, 1024, 1024], 'kernel_size': 5, 'dropout': 0.3, 'lr': 0.003, 'weight_decay': 0.01} | Val AUC: 0.8308
[INFO] Config 475/486: {'num_channels': [512, 1024, 1024], 'kernel_size': 5, 'dropout': 0.3, 'lr': 0.005, 'weight_decay': 0.0001} | Val AUC: 0.8246
[INFO] Config 476/486: {'num_channels': [512, 1024, 1024], 'kernel_size': 5, 'dropout': 0.3, 'lr': 0.005, 'weight_decay': 0.001} | Val AUC: 0.8237
[INFO] Config 477/486: {'num_channels': [512, 1024, 1024], 'kernel_size': 5, 'dropout': 0.3, 'lr': 0.005, 'weight_decay': 0.01} | Val AUC: 0.8221
[INFO] Config 478/486: {'num_channels': [512, 1024, 1024], 'kernel_size': 5, 'dropout': 0.5, 'lr': 0.001, 'weight_decay': 0.0001} | Val AUC: 0.8189
[INFO] Config 479/486: {'num_channels': [512, 1024, 1024], 'kernel_size': 5, 'dropout': 0.5, 'lr': 0.001, 'weight_decay': 0.001} | Val AUC: 0.8214
[INFO] Config 480/486: {'num_channels': [512, 1024, 1024], 'kernel_size': 5, 'dropout': 0.5, 'lr': 0.001, 'weight_decay': 0.01} | Val AUC: 0.8212
[INFO] Config 481/486: {'num_channels': [512, 1024, 1024], 'kernel_size': 5, 'dropout': 0.5, 'lr': 0.003, 'weight_decay': 0.0001} | Val AUC: 0.8278
[INFO] Config 482/486: {'num_channels': [512, 1024, 1024], 'kernel_size': 5, 'dropout': 0.5, 'lr': 0.003, 'weight_decay': 0.001} | Val AUC: 0.8259
[INFO] Config 483/486: {'num_channels': [512, 1024, 1024], 'kernel_size': 5, 'dropout': 0.5, 'lr': 0.003, 'weight_decay': 0.01} | Val AUC: 0.8255
[INFO] Config 484/486: {'num_channels': [512, 1024, 1024], 'kernel_size': 5, 'dropout': 0.5, 'lr': 0.005, 'weight_decay': 0.0001} | Val AUC: 0.8231
[INFO] Config 485/486: {'num_channels': [512, 1024, 1024], 'kernel_size': 5, 'dropout': 0.5, 'lr': 0.005, 'weight_decay': 0.001} | Val AUC: 0.8235
[INFO] Config 486/486: {'num_channels': [512, 1024, 1024], 'kernel_size': 5, 'dropout': 0.5, 'lr': 0.005, 'weight_decay': 0.01} | Val AUC: 0.8208
[INFO] Selected Best TCN Config: {'num_channels': [512, 512, 512], 'kernel_size': 2, 'dropout': 0.1, 'lr': 0.003, 'weight_decay': 0.01} (Val AUC: 0.8432)
[INFO] Tuning BetaLikelihood configurations (n_iter=180)...
[INFO] Config 1/180: {'hidden_dim': 128, 'eta': 0.0, 'lr': 0.001, 'weight_decay': 1e-05} | Val AUC: 0.8093
[INFO] Config 2/180: {'hidden_dim': 128, 'eta': 0.0, 'lr': 0.001, 'weight_decay': 0.0001} | Val AUC: 0.8093
[INFO] Config 3/180: {'hidden_dim': 128, 'eta': 0.0, 'lr': 0.001, 'weight_decay': 0.001} | Val AUC: 0.8127
[INFO] Config 4/180: {'hidden_dim': 128, 'eta': 0.0, 'lr': 0.003, 'weight_decay': 1e-05} | Val AUC: 0.8263
[INFO] Config 5/180: {'hidden_dim': 128, 'eta': 0.0, 'lr': 0.003, 'weight_decay': 0.0001} | Val AUC: 0.8278
[INFO] Config 6/180: {'hidden_dim': 128, 'eta': 0.0, 'lr': 0.003, 'weight_decay': 0.001} | Val AUC: 0.8282
[INFO] Config 7/180: {'hidden_dim': 128, 'eta': 0.0, 'lr': 0.005, 'weight_decay': 1e-05} | Val AUC: 0.8322
[INFO] Config 8/180: {'hidden_dim': 128, 'eta': 0.0, 'lr': 0.005, 'weight_decay': 0.0001} | Val AUC: 0.8351
[INFO] Config 9/180: {'hidden_dim': 128, 'eta': 0.0, 'lr': 0.005, 'weight_decay': 0.001} | Val AUC: 0.8303
[INFO] Config 10/180: {'hidden_dim': 128, 'eta': 0.05, 'lr': 0.001, 'weight_decay': 1e-05} | Val AUC: 0.8119
[INFO] Config 11/180: {'hidden_dim': 128, 'eta': 0.05, 'lr': 0.001, 'weight_decay': 0.0001} | Val AUC: 0.8102
[INFO] Config 12/180: {'hidden_dim': 128, 'eta': 0.05, 'lr': 0.001, 'weight_decay': 0.001} | Val AUC: 0.8087
[INFO] Config 13/180: {'hidden_dim': 128, 'eta': 0.05, 'lr': 0.003, 'weight_decay': 1e-05} | Val AUC: 0.8274
[INFO] Config 14/180: {'hidden_dim': 128, 'eta': 0.05, 'lr': 0.003, 'weight_decay': 0.0001} | Val AUC: 0.8289
[INFO] Config 15/180: {'hidden_dim': 128, 'eta': 0.05, 'lr': 0.003, 'weight_decay': 0.001} | Val AUC: 0.8268
[INFO] Config 16/180: {'hidden_dim': 128, 'eta': 0.05, 'lr': 0.005, 'weight_decay': 1e-05} | Val AUC: 0.8309
[INFO] Config 17/180: {'hidden_dim': 128, 'eta': 0.05, 'lr': 0.005, 'weight_decay': 0.0001} | Val AUC: 0.8336
[INFO] Config 18/180: {'hidden_dim': 128, 'eta': 0.05, 'lr': 0.005, 'weight_decay': 0.001} | Val AUC: 0.8329
[INFO] Config 19/180: {'hidden_dim': 128, 'eta': 0.1, 'lr': 0.001, 'weight_decay': 1e-05} | Val AUC: 0.8106
[INFO] Config 20/180: {'hidden_dim': 128, 'eta': 0.1, 'lr': 0.001, 'weight_decay': 0.0001} | Val AUC: 0.8135
[INFO] Config 21/180: {'hidden_dim': 128, 'eta': 0.1, 'lr': 0.001, 'weight_decay': 0.001} | Val AUC: 0.8062
[INFO] Config 22/180: {'hidden_dim': 128, 'eta': 0.1, 'lr': 0.003, 'weight_decay': 1e-05} | Val AUC: 0.8283
[INFO] Config 23/180: {'hidden_dim': 128, 'eta': 0.1, 'lr': 0.003, 'weight_decay': 0.0001} | Val AUC: 0.8267
[INFO] Config 24/180: {'hidden_dim': 128, 'eta': 0.1, 'lr': 0.003, 'weight_decay': 0.001} | Val AUC: 0.8274
[INFO] Config 25/180: {'hidden_dim': 128, 'eta': 0.1, 'lr': 0.005, 'weight_decay': 1e-05} | Val AUC: 0.8336
[INFO] Config 26/180: {'hidden_dim': 128, 'eta': 0.1, 'lr': 0.005, 'weight_decay': 0.0001} | Val AUC: 0.8305
[INFO] Config 27/180: {'hidden_dim': 128, 'eta': 0.1, 'lr': 0.005, 'weight_decay': 0.001} | Val AUC: 0.8325
[INFO] Config 28/180: {'hidden_dim': 128, 'eta': 0.2, 'lr': 0.001, 'weight_decay': 1e-05} | Val AUC: 0.8136
[INFO] Config 29/180: {'hidden_dim': 128, 'eta': 0.2, 'lr': 0.001, 'weight_decay': 0.0001} | Val AUC: 0.8138
[INFO] Config 30/180: {'hidden_dim': 128, 'eta': 0.2, 'lr': 0.001, 'weight_decay': 0.001} | Val AUC: 0.8099
[INFO] Config 31/180: {'hidden_dim': 128, 'eta': 0.2, 'lr': 0.003, 'weight_decay': 1e-05} | Val AUC: 0.8264
[INFO] Config 32/180: {'hidden_dim': 128, 'eta': 0.2, 'lr': 0.003, 'weight_decay': 0.0001} | Val AUC: 0.8296
[INFO] Config 33/180: {'hidden_dim': 128, 'eta': 0.2, 'lr': 0.003, 'weight_decay': 0.001} | Val AUC: 0.8289
[INFO] Config 34/180: {'hidden_dim': 128, 'eta': 0.2, 'lr': 0.005, 'weight_decay': 1e-05} | Val AUC: 0.8322
[INFO] Config 35/180: {'hidden_dim': 128, 'eta': 0.2, 'lr': 0.005, 'weight_decay': 0.0001} | Val AUC: 0.8321
[INFO] Config 36/180: {'hidden_dim': 128, 'eta': 0.2, 'lr': 0.005, 'weight_decay': 0.001} | Val AUC: 0.8333
[INFO] Config 37/180: {'hidden_dim': 128, 'eta': 0.5, 'lr': 0.001, 'weight_decay': 1e-05} | Val AUC: 0.8126
[INFO] Config 38/180: {'hidden_dim': 128, 'eta': 0.5, 'lr': 0.001, 'weight_decay': 0.0001} | Val AUC: 0.8076
[INFO] Config 39/180: {'hidden_dim': 128, 'eta': 0.5, 'lr': 0.001, 'weight_decay': 0.001} | Val AUC: 0.8065
[INFO] Config 40/180: {'hidden_dim': 128, 'eta': 0.5, 'lr': 0.003, 'weight_decay': 1e-05} | Val AUC: 0.8285
[INFO] Config 41/180: {'hidden_dim': 128, 'eta': 0.5, 'lr': 0.003, 'weight_decay': 0.0001} | Val AUC: 0.8299
[INFO] Config 42/180: {'hidden_dim': 128, 'eta': 0.5, 'lr': 0.003, 'weight_decay': 0.001} | Val AUC: 0.8275
[INFO] Config 43/180: {'hidden_dim': 128, 'eta': 0.5, 'lr': 0.005, 'weight_decay': 1e-05} | Val AUC: 0.8335
[INFO] Config 44/180: {'hidden_dim': 128, 'eta': 0.5, 'lr': 0.005, 'weight_decay': 0.0001} | Val AUC: 0.8349
[INFO] Config 45/180: {'hidden_dim': 128, 'eta': 0.5, 'lr': 0.005, 'weight_decay': 0.001} | Val AUC: 0.8327
[INFO] Config 46/180: {'hidden_dim': 256, 'eta': 0.0, 'lr': 0.001, 'weight_decay': 1e-05} | Val AUC: 0.8174
[INFO] Config 47/180: {'hidden_dim': 256, 'eta': 0.0, 'lr': 0.001, 'weight_decay': 0.0001} | Val AUC: 0.8191
[INFO] Config 48/180: {'hidden_dim': 256, 'eta': 0.0, 'lr': 0.001, 'weight_decay': 0.001} | Val AUC: 0.8188
[INFO] Config 49/180: {'hidden_dim': 256, 'eta': 0.0, 'lr': 0.003, 'weight_decay': 1e-05} | Val AUC: 0.8296
[INFO] Config 50/180: {'hidden_dim': 256, 'eta': 0.0, 'lr': 0.003, 'weight_decay': 0.0001} | Val AUC: 0.8304
[INFO] Config 51/180: {'hidden_dim': 256, 'eta': 0.0, 'lr': 0.003, 'weight_decay': 0.001} | Val AUC: 0.8317
[INFO] Config 52/180: {'hidden_dim': 256, 'eta': 0.0, 'lr': 0.005, 'weight_decay': 1e-05} | Val AUC: 0.8371
[INFO] Config 53/180: {'hidden_dim': 256, 'eta': 0.0, 'lr': 0.005, 'weight_decay': 0.0001} | Val AUC: 0.8335
[INFO] Config 54/180: {'hidden_dim': 256, 'eta': 0.0, 'lr': 0.005, 'weight_decay': 0.001} | Val AUC: 0.8337
[INFO] Config 55/180: {'hidden_dim': 256, 'eta': 0.05, 'lr': 0.001, 'weight_decay': 1e-05} | Val AUC: 0.8184
[INFO] Config 56/180: {'hidden_dim': 256, 'eta': 0.05, 'lr': 0.001, 'weight_decay': 0.0001} | Val AUC: 0.8191
[INFO] Config 57/180: {'hidden_dim': 256, 'eta': 0.05, 'lr': 0.001, 'weight_decay': 0.001} | Val AUC: 0.8202
[INFO] Config 58/180: {'hidden_dim': 256, 'eta': 0.05, 'lr': 0.003, 'weight_decay': 1e-05} | Val AUC: 0.8307
[INFO] Config 59/180: {'hidden_dim': 256, 'eta': 0.05, 'lr': 0.003, 'weight_decay': 0.0001} | Val AUC: 0.8308
[INFO] Config 60/180: {'hidden_dim': 256, 'eta': 0.05, 'lr': 0.003, 'weight_decay': 0.001} | Val AUC: 0.8307
[INFO] Config 61/180: {'hidden_dim': 256, 'eta': 0.05, 'lr': 0.005, 'weight_decay': 1e-05} | Val AUC: 0.8330
[INFO] Config 62/180: {'hidden_dim': 256, 'eta': 0.05, 'lr': 0.005, 'weight_decay': 0.0001} | Val AUC: 0.8339
[INFO] Config 63/180: {'hidden_dim': 256, 'eta': 0.05, 'lr': 0.005, 'weight_decay': 0.001} | Val AUC: 0.8343
[INFO] Config 64/180: {'hidden_dim': 256, 'eta': 0.1, 'lr': 0.001, 'weight_decay': 1e-05} | Val AUC: 0.8211
[INFO] Config 65/180: {'hidden_dim': 256, 'eta': 0.1, 'lr': 0.001, 'weight_decay': 0.0001} | Val AUC: 0.8180
[INFO] Config 66/180: {'hidden_dim': 256, 'eta': 0.1, 'lr': 0.001, 'weight_decay': 0.001} | Val AUC: 0.8180
[INFO] Config 67/180: {'hidden_dim': 256, 'eta': 0.1, 'lr': 0.003, 'weight_decay': 1e-05} | Val AUC: 0.8300
[INFO] Config 68/180: {'hidden_dim': 256, 'eta': 0.1, 'lr': 0.003, 'weight_decay': 0.0001} | Val AUC: 0.8305
[INFO] Config 69/180: {'hidden_dim': 256, 'eta': 0.1, 'lr': 0.003, 'weight_decay': 0.001} | Val AUC: 0.8312
[INFO] Config 70/180: {'hidden_dim': 256, 'eta': 0.1, 'lr': 0.005, 'weight_decay': 1e-05} | Val AUC: 0.8358
[INFO] Config 71/180: {'hidden_dim': 256, 'eta': 0.1, 'lr': 0.005, 'weight_decay': 0.0001} | Val AUC: 0.8342
[INFO] Config 72/180: {'hidden_dim': 256, 'eta': 0.1, 'lr': 0.005, 'weight_decay': 0.001} | Val AUC: 0.8344
[INFO] Config 73/180: {'hidden_dim': 256, 'eta': 0.2, 'lr': 0.001, 'weight_decay': 1e-05} | Val AUC: 0.8178
[INFO] Config 74/180: {'hidden_dim': 256, 'eta': 0.2, 'lr': 0.001, 'weight_decay': 0.0001} | Val AUC: 0.8205
[INFO] Config 75/180: {'hidden_dim': 256, 'eta': 0.2, 'lr': 0.001, 'weight_decay': 0.001} | Val AUC: 0.8168
[INFO] Config 76/180: {'hidden_dim': 256, 'eta': 0.2, 'lr': 0.003, 'weight_decay': 1e-05} | Val AUC: 0.8327
[INFO] Config 77/180: {'hidden_dim': 256, 'eta': 0.2, 'lr': 0.003, 'weight_decay': 0.0001} | Val AUC: 0.8330
[INFO] Config 78/180: {'hidden_dim': 256, 'eta': 0.2, 'lr': 0.003, 'weight_decay': 0.001} | Val AUC: 0.8325
[INFO] Config 79/180: {'hidden_dim': 256, 'eta': 0.2, 'lr': 0.005, 'weight_decay': 1e-05} | Val AUC: 0.8351
[INFO] Config 80/180: {'hidden_dim': 256, 'eta': 0.2, 'lr': 0.005, 'weight_decay': 0.0001} | Val AUC: 0.8329
[INFO] Config 81/180: {'hidden_dim': 256, 'eta': 0.2, 'lr': 0.005, 'weight_decay': 0.001} | Val AUC: 0.8355
[INFO] Config 82/180: {'hidden_dim': 256, 'eta': 0.5, 'lr': 0.001, 'weight_decay': 1e-05} | Val AUC: 0.8174
[INFO] Config 83/180: {'hidden_dim': 256, 'eta': 0.5, 'lr': 0.001, 'weight_decay': 0.0001} | Val AUC: 0.8161
[INFO] Config 84/180: {'hidden_dim': 256, 'eta': 0.5, 'lr': 0.001, 'weight_decay': 0.001} | Val AUC: 0.8162
[INFO] Config 85/180: {'hidden_dim': 256, 'eta': 0.5, 'lr': 0.003, 'weight_decay': 1e-05} | Val AUC: 0.8324
[INFO] Config 86/180: {'hidden_dim': 256, 'eta': 0.5, 'lr': 0.003, 'weight_decay': 0.0001} | Val AUC: 0.8320
[INFO] Config 87/180: {'hidden_dim': 256, 'eta': 0.5, 'lr': 0.003, 'weight_decay': 0.001} | Val AUC: 0.8311
[INFO] Config 88/180: {'hidden_dim': 256, 'eta': 0.5, 'lr': 0.005, 'weight_decay': 1e-05} | Val AUC: 0.8373
[INFO] Config 89/180: {'hidden_dim': 256, 'eta': 0.5, 'lr': 0.005, 'weight_decay': 0.0001} | Val AUC: 0.8364
[INFO] Config 90/180: {'hidden_dim': 256, 'eta': 0.5, 'lr': 0.005, 'weight_decay': 0.001} | Val AUC: 0.8351
[INFO] Config 91/180: {'hidden_dim': 512, 'eta': 0.0, 'lr': 0.001, 'weight_decay': 1e-05} | Val AUC: 0.8238
[INFO] Config 92/180: {'hidden_dim': 512, 'eta': 0.0, 'lr': 0.001, 'weight_decay': 0.0001} | Val AUC: 0.8232
[INFO] Config 93/180: {'hidden_dim': 512, 'eta': 0.0, 'lr': 0.001, 'weight_decay': 0.001} | Val AUC: 0.8223
[INFO] Config 94/180: {'hidden_dim': 512, 'eta': 0.0, 'lr': 0.003, 'weight_decay': 1e-05} | Val AUC: 0.8304
[INFO] Config 95/180: {'hidden_dim': 512, 'eta': 0.0, 'lr': 0.003, 'weight_decay': 0.0001} | Val AUC: 0.8307
[INFO] Config 96/180: {'hidden_dim': 512, 'eta': 0.0, 'lr': 0.003, 'weight_decay': 0.001} | Val AUC: 0.8314
[INFO] Config 97/180: {'hidden_dim': 512, 'eta': 0.0, 'lr': 0.005, 'weight_decay': 1e-05} | Val AUC: 0.8298
[INFO] Config 98/180: {'hidden_dim': 512, 'eta': 0.0, 'lr': 0.005, 'weight_decay': 0.0001} | Val AUC: 0.8324
[INFO] Config 99/180: {'hidden_dim': 512, 'eta': 0.0, 'lr': 0.005, 'weight_decay': 0.001} | Val AUC: 0.8314
[INFO] Config 100/180: {'hidden_dim': 512, 'eta': 0.05, 'lr': 0.001, 'weight_decay': 1e-05} | Val AUC: 0.8215
[INFO] Config 101/180: {'hidden_dim': 512, 'eta': 0.05, 'lr': 0.001, 'weight_decay': 0.0001} | Val AUC: 0.8228
[INFO] Config 102/180: {'hidden_dim': 512, 'eta': 0.05, 'lr': 0.001, 'weight_decay': 0.001} | Val AUC: 0.8225
[INFO] Config 103/180: {'hidden_dim': 512, 'eta': 0.05, 'lr': 0.003, 'weight_decay': 1e-05} | Val AUC: 0.8312
[INFO] Config 104/180: {'hidden_dim': 512, 'eta': 0.05, 'lr': 0.003, 'weight_decay': 0.0001} | Val AUC: 0.8308
[INFO] Config 105/180: {'hidden_dim': 512, 'eta': 0.05, 'lr': 0.003, 'weight_decay': 0.001} | Val AUC: 0.8319
[INFO] Config 106/180: {'hidden_dim': 512, 'eta': 0.05, 'lr': 0.005, 'weight_decay': 1e-05} | Val AUC: 0.8349
[INFO] Config 107/180: {'hidden_dim': 512, 'eta': 0.05, 'lr': 0.005, 'weight_decay': 0.0001} | Val AUC: 0.8308
[INFO] Config 108/180: {'hidden_dim': 512, 'eta': 0.05, 'lr': 0.005, 'weight_decay': 0.001} | Val AUC: 0.8333
[INFO] Config 109/180: {'hidden_dim': 512, 'eta': 0.1, 'lr': 0.001, 'weight_decay': 1e-05} | Val AUC: 0.8215
[INFO] Config 110/180: {'hidden_dim': 512, 'eta': 0.1, 'lr': 0.001, 'weight_decay': 0.0001} | Val AUC: 0.8246
[INFO] Config 111/180: {'hidden_dim': 512, 'eta': 0.1, 'lr': 0.001, 'weight_decay': 0.001} | Val AUC: 0.8239
[INFO] Config 112/180: {'hidden_dim': 512, 'eta': 0.1, 'lr': 0.003, 'weight_decay': 1e-05} | Val AUC: 0.8320
[INFO] Config 113/180: {'hidden_dim': 512, 'eta': 0.1, 'lr': 0.003, 'weight_decay': 0.0001} | Val AUC: 0.8314
[INFO] Config 114/180: {'hidden_dim': 512, 'eta': 0.1, 'lr': 0.003, 'weight_decay': 0.001} | Val AUC: 0.8323
[INFO] Config 115/180: {'hidden_dim': 512, 'eta': 0.1, 'lr': 0.005, 'weight_decay': 1e-05} | Val AUC: 0.8312
[INFO] Config 116/180: {'hidden_dim': 512, 'eta': 0.1, 'lr': 0.005, 'weight_decay': 0.0001} | Val AUC: 0.8338
[INFO] Config 117/180: {'hidden_dim': 512, 'eta': 0.1, 'lr': 0.005, 'weight_decay': 0.001} | Val AUC: 0.8325
[INFO] Config 118/180: {'hidden_dim': 512, 'eta': 0.2, 'lr': 0.001, 'weight_decay': 1e-05} | Val AUC: 0.8213
[INFO] Config 119/180: {'hidden_dim': 512, 'eta': 0.2, 'lr': 0.001, 'weight_decay': 0.0001} | Val AUC: 0.8241
[INFO] Config 120/180: {'hidden_dim': 512, 'eta': 0.2, 'lr': 0.001, 'weight_decay': 0.001} | Val AUC: 0.8238
[INFO] Config 121/180: {'hidden_dim': 512, 'eta': 0.2, 'lr': 0.003, 'weight_decay': 1e-05} | Val AUC: 0.8310
[INFO] Config 122/180: {'hidden_dim': 512, 'eta': 0.2, 'lr': 0.003, 'weight_decay': 0.0001} | Val AUC: 0.8324
[INFO] Config 123/180: {'hidden_dim': 512, 'eta': 0.2, 'lr': 0.003, 'weight_decay': 0.001} | Val AUC: 0.8319
[INFO] Config 124/180: {'hidden_dim': 512, 'eta': 0.2, 'lr': 0.005, 'weight_decay': 1e-05} | Val AUC: 0.8339
[INFO] Config 125/180: {'hidden_dim': 512, 'eta': 0.2, 'lr': 0.005, 'weight_decay': 0.0001} | Val AUC: 0.8346
[INFO] Config 126/180: {'hidden_dim': 512, 'eta': 0.2, 'lr': 0.005, 'weight_decay': 0.001} | Val AUC: 0.8307
[INFO] Config 127/180: {'hidden_dim': 512, 'eta': 0.5, 'lr': 0.001, 'weight_decay': 1e-05} | Val AUC: 0.8232
[INFO] Config 128/180: {'hidden_dim': 512, 'eta': 0.5, 'lr': 0.001, 'weight_decay': 0.0001} | Val AUC: 0.8229
[INFO] Config 129/180: {'hidden_dim': 512, 'eta': 0.5, 'lr': 0.001, 'weight_decay': 0.001} | Val AUC: 0.8226
[INFO] Config 130/180: {'hidden_dim': 512, 'eta': 0.5, 'lr': 0.003, 'weight_decay': 1e-05} | Val AUC: 0.8332
[INFO] Config 131/180: {'hidden_dim': 512, 'eta': 0.5, 'lr': 0.003, 'weight_decay': 0.0001} | Val AUC: 0.8339
[INFO] Config 132/180: {'hidden_dim': 512, 'eta': 0.5, 'lr': 0.003, 'weight_decay': 0.001} | Val AUC: 0.8338
[INFO] Config 133/180: {'hidden_dim': 512, 'eta': 0.5, 'lr': 0.005, 'weight_decay': 1e-05} | Val AUC: 0.8348
[INFO] Config 134/180: {'hidden_dim': 512, 'eta': 0.5, 'lr': 0.005, 'weight_decay': 0.0001} | Val AUC: 0.8337
[INFO] Config 135/180: {'hidden_dim': 512, 'eta': 0.5, 'lr': 0.005, 'weight_decay': 0.001} | Val AUC: 0.8334
[INFO] Config 136/180: {'hidden_dim': 1024, 'eta': 0.0, 'lr': 0.001, 'weight_decay': 1e-05} | Val AUC: 0.8250
[INFO] Config 137/180: {'hidden_dim': 1024, 'eta': 0.0, 'lr': 0.001, 'weight_decay': 0.0001} | Val AUC: 0.8231
[INFO] Config 138/180: {'hidden_dim': 1024, 'eta': 0.0, 'lr': 0.001, 'weight_decay': 0.001} | Val AUC: 0.8255
[INFO] Config 139/180: {'hidden_dim': 1024, 'eta': 0.0, 'lr': 0.003, 'weight_decay': 1e-05} | Val AUC: 0.8211
[INFO] Config 140/180: {'hidden_dim': 1024, 'eta': 0.0, 'lr': 0.003, 'weight_decay': 0.0001} | Val AUC: 0.8151
[INFO] Config 141/180: {'hidden_dim': 1024, 'eta': 0.0, 'lr': 0.003, 'weight_decay': 0.001} | Val AUC: 0.8236
[INFO] Config 142/180: {'hidden_dim': 1024, 'eta': 0.0, 'lr': 0.005, 'weight_decay': 1e-05} | Val AUC: 0.5000
[INFO] Config 143/180: {'hidden_dim': 1024, 'eta': 0.0, 'lr': 0.005, 'weight_decay': 0.0001} | Val AUC: 0.5000
[INFO] Config 144/180: {'hidden_dim': 1024, 'eta': 0.0, 'lr': 0.005, 'weight_decay': 0.001} | Val AUC: 0.5000
[INFO] Config 145/180: {'hidden_dim': 1024, 'eta': 0.05, 'lr': 0.001, 'weight_decay': 1e-05} | Val AUC: 0.8260
[INFO] Config 146/180: {'hidden_dim': 1024, 'eta': 0.05, 'lr': 0.001, 'weight_decay': 0.0001} | Val AUC: 0.8256
[INFO] Config 147/180: {'hidden_dim': 1024, 'eta': 0.05, 'lr': 0.001, 'weight_decay': 0.001} | Val AUC: 0.8242
[INFO] Config 148/180: {'hidden_dim': 1024, 'eta': 0.05, 'lr': 0.003, 'weight_decay': 1e-05} | Val AUC: 0.8130
[INFO] Config 149/180: {'hidden_dim': 1024, 'eta': 0.05, 'lr': 0.003, 'weight_decay': 0.0001} | Val AUC: 0.8253
[INFO] Config 150/180: {'hidden_dim': 1024, 'eta': 0.05, 'lr': 0.003, 'weight_decay': 0.001} | Val AUC: 0.8143
[INFO] Config 151/180: {'hidden_dim': 1024, 'eta': 0.05, 'lr': 0.005, 'weight_decay': 1e-05} | Val AUC: 0.8149
[INFO] Config 152/180: {'hidden_dim': 1024, 'eta': 0.05, 'lr': 0.005, 'weight_decay': 0.0001} | Val AUC: 0.5000
[INFO] Config 153/180: {'hidden_dim': 1024, 'eta': 0.05, 'lr': 0.005, 'weight_decay': 0.001} | Val AUC: 0.5000
[INFO] Config 154/180: {'hidden_dim': 1024, 'eta': 0.1, 'lr': 0.001, 'weight_decay': 1e-05} | Val AUC: 0.8250
[INFO] Config 155/180: {'hidden_dim': 1024, 'eta': 0.1, 'lr': 0.001, 'weight_decay': 0.0001} | Val AUC: 0.8253
[INFO] Config 156/180: {'hidden_dim': 1024, 'eta': 0.1, 'lr': 0.001, 'weight_decay': 0.001} | Val AUC: 0.8237
[INFO] Config 157/180: {'hidden_dim': 1024, 'eta': 0.1, 'lr': 0.003, 'weight_decay': 1e-05} | Val AUC: 0.8286
[INFO] Config 158/180: {'hidden_dim': 1024, 'eta': 0.1, 'lr': 0.003, 'weight_decay': 0.0001} | Val AUC: 0.8236
[INFO] Config 159/180: {'hidden_dim': 1024, 'eta': 0.1, 'lr': 0.003, 'weight_decay': 0.001} | Val AUC: 0.8254
[INFO] Config 160/180: {'hidden_dim': 1024, 'eta': 0.1, 'lr': 0.005, 'weight_decay': 1e-05} | Val AUC: 0.5000
[INFO] Config 161/180: {'hidden_dim': 1024, 'eta': 0.1, 'lr': 0.005, 'weight_decay': 0.0001} | Val AUC: 0.8148
[INFO] Config 162/180: {'hidden_dim': 1024, 'eta': 0.1, 'lr': 0.005, 'weight_decay': 0.001} | Val AUC: 0.5000
[INFO] Config 163/180: {'hidden_dim': 1024, 'eta': 0.2, 'lr': 0.001, 'weight_decay': 1e-05} | Val AUC: 0.8256
[INFO] Config 164/180: {'hidden_dim': 1024, 'eta': 0.2, 'lr': 0.001, 'weight_decay': 0.0001} | Val AUC: 0.8236
[INFO] Config 165/180: {'hidden_dim': 1024, 'eta': 0.2, 'lr': 0.001, 'weight_decay': 0.001} | Val AUC: 0.8252
[INFO] Config 166/180: {'hidden_dim': 1024, 'eta': 0.2, 'lr': 0.003, 'weight_decay': 1e-05} | Val AUC: 0.8309
[INFO] Config 167/180: {'hidden_dim': 1024, 'eta': 0.2, 'lr': 0.003, 'weight_decay': 0.0001} | Val AUC: 0.8140
[INFO] Config 168/180: {'hidden_dim': 1024, 'eta': 0.2, 'lr': 0.003, 'weight_decay': 0.001} | Val AUC: 0.8297
[INFO] Config 169/180: {'hidden_dim': 1024, 'eta': 0.2, 'lr': 0.005, 'weight_decay': 1e-05} | Val AUC: 0.5000
[INFO] Config 170/180: {'hidden_dim': 1024, 'eta': 0.2, 'lr': 0.005, 'weight_decay': 0.0001} | Val AUC: 0.8313
[INFO] Config 171/180: {'hidden_dim': 1024, 'eta': 0.2, 'lr': 0.005, 'weight_decay': 0.001} | Val AUC: 0.7995
[INFO] Config 172/180: {'hidden_dim': 1024, 'eta': 0.5, 'lr': 0.001, 'weight_decay': 1e-05} | Val AUC: 0.8270
[INFO] Config 173/180: {'hidden_dim': 1024, 'eta': 0.5, 'lr': 0.001, 'weight_decay': 0.0001} | Val AUC: 0.8254
[INFO] Config 174/180: {'hidden_dim': 1024, 'eta': 0.5, 'lr': 0.001, 'weight_decay': 0.001} | Val AUC: 0.8244
[INFO] Config 175/180: {'hidden_dim': 1024, 'eta': 0.5, 'lr': 0.003, 'weight_decay': 1e-05} | Val AUC: 0.8324
[INFO] Config 176/180: {'hidden_dim': 1024, 'eta': 0.5, 'lr': 0.003, 'weight_decay': 0.0001} | Val AUC: 0.8312
[INFO] Config 177/180: {'hidden_dim': 1024, 'eta': 0.5, 'lr': 0.003, 'weight_decay': 0.001} | Val AUC: 0.8312
[INFO] Config 178/180: {'hidden_dim': 1024, 'eta': 0.5, 'lr': 0.005, 'weight_decay': 1e-05} | Val AUC: 0.8205
[INFO] Config 179/180: {'hidden_dim': 1024, 'eta': 0.5, 'lr': 0.005, 'weight_decay': 0.0001} | Val AUC: 0.8300
[INFO] Config 180/180: {'hidden_dim': 1024, 'eta': 0.5, 'lr': 0.005, 'weight_decay': 0.001} | Val AUC: 0.8252
[INFO] Selected Best BetaLikelihood Config: {'hidden_dim': 256, 'eta': 0.5, 'lr': 0.005, 'weight_decay': 1e-05} (Val AUC: 0.8373)
[INFO] Saved checkpoint for Fold 1/5 to research/outputs/experiments_v2/advanced_tournament_checkpoint.pth
[INFO] --- FOLD 2/5 ---
[INFO] Tuning BiGRU configurations (n_iter=324)...
[INFO] Config 1/324: {'hidden_dim': 64, 'num_layers': 1, 'dropout': 0.1, 'lr': 0.001, 'weight_decay': 1e-05} | Val AUC: 0.8434
[INFO] Config 2/324: {'hidden_dim': 64, 'num_layers': 1, 'dropout': 0.1, 'lr': 0.001, 'weight_decay': 0.0001} | Val AUC: 0.8424
[INFO] Config 3/324: {'hidden_dim': 64, 'num_layers': 1, 'dropout': 0.1, 'lr': 0.001, 'weight_decay': 0.001} | Val AUC: 0.8450
[INFO] Config 4/324: {'hidden_dim': 64, 'num_layers': 1, 'dropout': 0.1, 'lr': 0.003, 'weight_decay': 1e-05} | Val AUC: 0.8606
[INFO] Config 5/324: {'hidden_dim': 64, 'num_layers': 1, 'dropout': 0.1, 'lr': 0.003, 'weight_decay': 0.0001} | Val AUC: 0.8573
[INFO] Config 6/324: {'hidden_dim': 64, 'num_layers': 1, 'dropout': 0.1, 'lr': 0.003, 'weight_decay': 0.001} | Val AUC: 0.8601
[INFO] Config 7/324: {'hidden_dim': 64, 'num_layers': 1, 'dropout': 0.1, 'lr': 0.005, 'weight_decay': 1e-05} | Val AUC: 0.8644
[INFO] Config 8/324: {'hidden_dim': 64, 'num_layers': 1, 'dropout': 0.1, 'lr': 0.005, 'weight_decay': 0.0001} | Val AUC: 0.8619
[INFO] Config 9/324: {'hidden_dim': 64, 'num_layers': 1, 'dropout': 0.1, 'lr': 0.005, 'weight_decay': 0.001} | Val AUC: 0.8634
[INFO] Config 10/324: {'hidden_dim': 64, 'num_layers': 1, 'dropout': 0.3, 'lr': 0.001, 'weight_decay': 1e-05} | Val AUC: 0.8451
[INFO] Config 11/324: {'hidden_dim': 64, 'num_layers': 1, 'dropout': 0.3, 'lr': 0.001, 'weight_decay': 0.0001} | Val AUC: 0.8426
[INFO] Config 12/324: {'hidden_dim': 64, 'num_layers': 1, 'dropout': 0.3, 'lr': 0.001, 'weight_decay': 0.001} | Val AUC: 0.8458
[INFO] Config 13/324: {'hidden_dim': 64, 'num_layers': 1, 'dropout': 0.3, 'lr': 0.003, 'weight_decay': 1e-05} | Val AUC: 0.8594
[INFO] Config 14/324: {'hidden_dim': 64, 'num_layers': 1, 'dropout': 0.3, 'lr': 0.003, 'weight_decay': 0.0001} | Val AUC: 0.8589
[INFO] Config 15/324: {'hidden_dim': 64, 'num_layers': 1, 'dropout': 0.3, 'lr': 0.003, 'weight_decay': 0.001} | Val AUC: 0.8593
[INFO] Config 16/324: {'hidden_dim': 64, 'num_layers': 1, 'dropout': 0.3, 'lr': 0.005, 'weight_decay': 1e-05} | Val AUC: 0.8635
[INFO] Config 17/324: {'hidden_dim': 64, 'num_layers': 1, 'dropout': 0.3, 'lr': 0.005, 'weight_decay': 0.0001} | Val AUC: 0.8654
[INFO] Config 18/324: {'hidden_dim': 64, 'num_layers': 1, 'dropout': 0.3, 'lr': 0.005, 'weight_decay': 0.001} | Val AUC: 0.8637
[INFO] Config 19/324: {'hidden_dim': 64, 'num_layers': 1, 'dropout': 0.5, 'lr': 0.001, 'weight_decay': 1e-05} | Val AUC: 0.8440
[INFO] Config 20/324: {'hidden_dim': 64, 'num_layers': 1, 'dropout': 0.5, 'lr': 0.001, 'weight_decay': 0.0001} | Val AUC: 0.8423
[INFO] Config 21/324: {'hidden_dim': 64, 'num_layers': 1, 'dropout': 0.5, 'lr': 0.001, 'weight_decay': 0.001} | Val AUC: 0.8382
[INFO] Config 22/324: {'hidden_dim': 64, 'num_layers': 1, 'dropout': 0.5, 'lr': 0.003, 'weight_decay': 1e-05} | Val AUC: 0.8610
[INFO] Config 23/324: {'hidden_dim': 64, 'num_layers': 1, 'dropout': 0.5, 'lr': 0.003, 'weight_decay': 0.0001} | Val AUC: 0.8606
[INFO] Config 24/324: {'hidden_dim': 64, 'num_layers': 1, 'dropout': 0.5, 'lr': 0.003, 'weight_decay': 0.001} | Val AUC: 0.8595
[INFO] Config 25/324: {'hidden_dim': 64, 'num_layers': 1, 'dropout': 0.5, 'lr': 0.005, 'weight_decay': 1e-05} | Val AUC: 0.8648
[INFO] Config 26/324: {'hidden_dim': 64, 'num_layers': 1, 'dropout': 0.5, 'lr': 0.005, 'weight_decay': 0.0001} | Val AUC: 0.8642
[INFO] Config 27/324: {'hidden_dim': 64, 'num_layers': 1, 'dropout': 0.5, 'lr': 0.005, 'weight_decay': 0.001} | Val AUC: 0.8618
[INFO] Config 28/324: {'hidden_dim': 64, 'num_layers': 2, 'dropout': 0.1, 'lr': 0.001, 'weight_decay': 1e-05} | Val AUC: 0.8502
[INFO] Config 29/324: {'hidden_dim': 64, 'num_layers': 2, 'dropout': 0.1, 'lr': 0.001, 'weight_decay': 0.0001} | Val AUC: 0.8509
[INFO] Config 30/324: {'hidden_dim': 64, 'num_layers': 2, 'dropout': 0.1, 'lr': 0.001, 'weight_decay': 0.001} | Val AUC: 0.8487
[INFO] Config 31/324: {'hidden_dim': 64, 'num_layers': 2, 'dropout': 0.1, 'lr': 0.003, 'weight_decay': 1e-05} | Val AUC: 0.8599
[INFO] Config 32/324: {'hidden_dim': 64, 'num_layers': 2, 'dropout': 0.1, 'lr': 0.003, 'weight_decay': 0.0001} | Val AUC: 0.8605
[INFO] Config 33/324: {'hidden_dim': 64, 'num_layers': 2, 'dropout': 0.1, 'lr': 0.003, 'weight_decay': 0.001} | Val AUC: 0.8614
[INFO] Config 34/324: {'hidden_dim': 64, 'num_layers': 2, 'dropout': 0.1, 'lr': 0.005, 'weight_decay': 1e-05} | Val AUC: 0.8616
[INFO] Config 35/324: {'hidden_dim': 64, 'num_layers': 2, 'dropout': 0.1, 'lr': 0.005, 'weight_decay': 0.0001} | Val AUC: 0.8645
[INFO] Config 36/324: {'hidden_dim': 64, 'num_layers': 2, 'dropout': 0.1, 'lr': 0.005, 'weight_decay': 0.001} | Val AUC: 0.8618
[INFO] Config 37/324: {'hidden_dim': 64, 'num_layers': 2, 'dropout': 0.3, 'lr': 0.001, 'weight_decay': 1e-05} | Val AUC: 0.8452
[INFO] Config 38/324: {'hidden_dim': 64, 'num_layers': 2, 'dropout': 0.3, 'lr': 0.001, 'weight_decay': 0.0001} | Val AUC: 0.8463
[INFO] Config 39/324: {'hidden_dim': 64, 'num_layers': 2, 'dropout': 0.3, 'lr': 0.001, 'weight_decay': 0.001} | Val AUC: 0.8434
[INFO] Config 40/324: {'hidden_dim': 64, 'num_layers': 2, 'dropout': 0.3, 'lr': 0.003, 'weight_decay': 1e-05} | Val AUC: 0.8593
[INFO] Config 41/324: {'hidden_dim': 64, 'num_layers': 2, 'dropout': 0.3, 'lr': 0.003, 'weight_decay': 0.0001} | Val AUC: 0.8585
[INFO] Config 42/324: {'hidden_dim': 64, 'num_layers': 2, 'dropout': 0.3, 'lr': 0.003, 'weight_decay': 0.001} | Val AUC: 0.8553
[INFO] Config 43/324: {'hidden_dim': 64, 'num_layers': 2, 'dropout': 0.3, 'lr': 0.005, 'weight_decay': 1e-05} | Val AUC: 0.8635
[INFO] Config 44/324: {'hidden_dim': 64, 'num_layers': 2, 'dropout': 0.3, 'lr': 0.005, 'weight_decay': 0.0001} | Val AUC: 0.8585
[INFO] Config 45/324: {'hidden_dim': 64, 'num_layers': 2, 'dropout': 0.3, 'lr': 0.005, 'weight_decay': 0.001} | Val AUC: 0.8601
[INFO] Config 46/324: {'hidden_dim': 64, 'num_layers': 2, 'dropout': 0.5, 'lr': 0.001, 'weight_decay': 1e-05} | Val AUC: 0.8470
[INFO] Config 47/324: {'hidden_dim': 64, 'num_layers': 2, 'dropout': 0.5, 'lr': 0.001, 'weight_decay': 0.0001} | Val AUC: 0.8419
[INFO] Config 48/324: {'hidden_dim': 64, 'num_layers': 2, 'dropout': 0.5, 'lr': 0.001, 'weight_decay': 0.001} | Val AUC: 0.8408
[INFO] Config 49/324: {'hidden_dim': 64, 'num_layers': 2, 'dropout': 0.5, 'lr': 0.003, 'weight_decay': 1e-05} | Val AUC: 0.8564
[INFO] Config 50/324: {'hidden_dim': 64, 'num_layers': 2, 'dropout': 0.5, 'lr': 0.003, 'weight_decay': 0.0001} | Val AUC: 0.8535
[INFO] Config 51/324: {'hidden_dim': 64, 'num_layers': 2, 'dropout': 0.5, 'lr': 0.003, 'weight_decay': 0.001} | Val AUC: 0.8549
[INFO] Config 52/324: {'hidden_dim': 64, 'num_layers': 2, 'dropout': 0.5, 'lr': 0.005, 'weight_decay': 1e-05} | Val AUC: 0.8607
[INFO] Config 53/324: {'hidden_dim': 64, 'num_layers': 2, 'dropout': 0.5, 'lr': 0.005, 'weight_decay': 0.0001} | Val AUC: 0.8585
[INFO] Config 54/324: {'hidden_dim': 64, 'num_layers': 2, 'dropout': 0.5, 'lr': 0.005, 'weight_decay': 0.001} | Val AUC: 0.8572
[INFO] Config 55/324: {'hidden_dim': 64, 'num_layers': 3, 'dropout': 0.1, 'lr': 0.001, 'weight_decay': 1e-05} | Val AUC: 0.8487
[INFO] Config 56/324: {'hidden_dim': 64, 'num_layers': 3, 'dropout': 0.1, 'lr': 0.001, 'weight_decay': 0.0001} | Val AUC: 0.8484
[INFO] Config 57/324: {'hidden_dim': 64, 'num_layers': 3, 'dropout': 0.1, 'lr': 0.001, 'weight_decay': 0.001} | Val AUC: 0.8474
[INFO] Config 58/324: {'hidden_dim': 64, 'num_layers': 3, 'dropout': 0.1, 'lr': 0.003, 'weight_decay': 1e-05} | Val AUC: 0.8595
[INFO] Config 59/324: {'hidden_dim': 64, 'num_layers': 3, 'dropout': 0.1, 'lr': 0.003, 'weight_decay': 0.0001} | Val AUC: 0.8593
[INFO] Config 60/324: {'hidden_dim': 64, 'num_layers': 3, 'dropout': 0.1, 'lr': 0.003, 'weight_decay': 0.001} | Val AUC: 0.8615
[INFO] Config 61/324: {'hidden_dim': 64, 'num_layers': 3, 'dropout': 0.1, 'lr': 0.005, 'weight_decay': 1e-05} | Val AUC: 0.8611
[INFO] Config 62/324: {'hidden_dim': 64, 'num_layers': 3, 'dropout': 0.1, 'lr': 0.005, 'weight_decay': 0.0001} | Val AUC: 0.8619
[INFO] Config 63/324: {'hidden_dim': 64, 'num_layers': 3, 'dropout': 0.1, 'lr': 0.005, 'weight_decay': 0.001} | Val AUC: 0.8640
[INFO] Config 64/324: {'hidden_dim': 64, 'num_layers': 3, 'dropout': 0.3, 'lr': 0.001, 'weight_decay': 1e-05} | Val AUC: 0.8451
[INFO] Config 65/324: {'hidden_dim': 64, 'num_layers': 3, 'dropout': 0.3, 'lr': 0.001, 'weight_decay': 0.0001} | Val AUC: 0.8426
[INFO] Config 66/324: {'hidden_dim': 64, 'num_layers': 3, 'dropout': 0.3, 'lr': 0.001, 'weight_decay': 0.001} | Val AUC: 0.8422
[INFO] Config 67/324: {'hidden_dim': 64, 'num_layers': 3, 'dropout': 0.3, 'lr': 0.003, 'weight_decay': 1e-05} | Val AUC: 0.8576
[INFO] Config 68/324: {'hidden_dim': 64, 'num_layers': 3, 'dropout': 0.3, 'lr': 0.003, 'weight_decay': 0.0001} | Val AUC: 0.8539
[INFO] Config 69/324: {'hidden_dim': 64, 'num_layers': 3, 'dropout': 0.3, 'lr': 0.003, 'weight_decay': 0.001} | Val AUC: 0.8567
[INFO] Config 70/324: {'hidden_dim': 64, 'num_layers': 3, 'dropout': 0.3, 'lr': 0.005, 'weight_decay': 1e-05} | Val AUC: 0.8612
[INFO] Config 71/324: {'hidden_dim': 64, 'num_layers': 3, 'dropout': 0.3, 'lr': 0.005, 'weight_decay': 0.0001} | Val AUC: 0.8574
[INFO] Config 72/324: {'hidden_dim': 64, 'num_layers': 3, 'dropout': 0.3, 'lr': 0.005, 'weight_decay': 0.001} | Val AUC: 0.8617
[INFO] Config 73/324: {'hidden_dim': 64, 'num_layers': 3, 'dropout': 0.5, 'lr': 0.001, 'weight_decay': 1e-05} | Val AUC: 0.8403
[INFO] Config 74/324: {'hidden_dim': 64, 'num_layers': 3, 'dropout': 0.5, 'lr': 0.001, 'weight_decay': 0.0001} | Val AUC: 0.8364
[INFO] Config 75/324: {'hidden_dim': 64, 'num_layers': 3, 'dropout': 0.5, 'lr': 0.001, 'weight_decay': 0.001} | Val AUC: 0.8365
[INFO] Config 76/324: {'hidden_dim': 64, 'num_layers': 3, 'dropout': 0.5, 'lr': 0.003, 'weight_decay': 1e-05} | Val AUC: 0.8525
[INFO] Config 77/324: {'hidden_dim': 64, 'num_layers': 3, 'dropout': 0.5, 'lr': 0.003, 'weight_decay': 0.0001} | Val AUC: 0.8532
[INFO] Config 78/324: {'hidden_dim': 64, 'num_layers': 3, 'dropout': 0.5, 'lr': 0.003, 'weight_decay': 0.001} | Val AUC: 0.8492
[INFO] Config 79/324: {'hidden_dim': 64, 'num_layers': 3, 'dropout': 0.5, 'lr': 0.005, 'weight_decay': 1e-05} | Val AUC: 0.8541
[INFO] Config 80/324: {'hidden_dim': 64, 'num_layers': 3, 'dropout': 0.5, 'lr': 0.005, 'weight_decay': 0.0001} | Val AUC: 0.8571
[INFO] Config 81/324: {'hidden_dim': 64, 'num_layers': 3, 'dropout': 0.5, 'lr': 0.005, 'weight_decay': 0.001} | Val AUC: 0.8538
[INFO] Config 82/324: {'hidden_dim': 128, 'num_layers': 1, 'dropout': 0.1, 'lr': 0.001, 'weight_decay': 1e-05} | Val AUC: 0.8576
[INFO] Config 83/324: {'hidden_dim': 128, 'num_layers': 1, 'dropout': 0.1, 'lr': 0.001, 'weight_decay': 0.0001} | Val AUC: 0.8544
[INFO] Config 84/324: {'hidden_dim': 128, 'num_layers': 1, 'dropout': 0.1, 'lr': 0.001, 'weight_decay': 0.001} | Val AUC: 0.8575
[INFO] Config 85/324: {'hidden_dim': 128, 'num_layers': 1, 'dropout': 0.1, 'lr': 0.003, 'weight_decay': 1e-05} | Val AUC: 0.8673
[INFO] Config 86/324: {'hidden_dim': 128, 'num_layers': 1, 'dropout': 0.1, 'lr': 0.003, 'weight_decay': 0.0001} | Val AUC: 0.8667
[INFO] Config 87/324: {'hidden_dim': 128, 'num_layers': 1, 'dropout': 0.1, 'lr': 0.003, 'weight_decay': 0.001} | Val AUC: 0.8656
[INFO] Config 88/324: {'hidden_dim': 128, 'num_layers': 1, 'dropout': 0.1, 'lr': 0.005, 'weight_decay': 1e-05} | Val AUC: 0.8666
[INFO] Config 89/324: {'hidden_dim': 128, 'num_layers': 1, 'dropout': 0.1, 'lr': 0.005, 'weight_decay': 0.0001} | Val AUC: 0.8680
[INFO] Config 90/324: {'hidden_dim': 128, 'num_layers': 1, 'dropout': 0.1, 'lr': 0.005, 'weight_decay': 0.001} | Val AUC: 0.8696
[INFO] Config 91/324: {'hidden_dim': 128, 'num_layers': 1, 'dropout': 0.3, 'lr': 0.001, 'weight_decay': 1e-05} | Val AUC: 0.8550
[INFO] Config 92/324: {'hidden_dim': 128, 'num_layers': 1, 'dropout': 0.3, 'lr': 0.001, 'weight_decay': 0.0001} | Val AUC: 0.8557
[INFO] Config 93/324: {'hidden_dim': 128, 'num_layers': 1, 'dropout': 0.3, 'lr': 0.001, 'weight_decay': 0.001} | Val AUC: 0.8536
[INFO] Config 94/324: {'hidden_dim': 128, 'num_layers': 1, 'dropout': 0.3, 'lr': 0.003, 'weight_decay': 1e-05} | Val AUC: 0.8651
[INFO] Config 95/324: {'hidden_dim': 128, 'num_layers': 1, 'dropout': 0.3, 'lr': 0.003, 'weight_decay': 0.0001} | Val AUC: 0.8677
[INFO] Config 96/324: {'hidden_dim': 128, 'num_layers': 1, 'dropout': 0.3, 'lr': 0.003, 'weight_decay': 0.001} | Val AUC: 0.8654
[INFO] Config 97/324: {'hidden_dim': 128, 'num_layers': 1, 'dropout': 0.3, 'lr': 0.005, 'weight_decay': 1e-05} | Val AUC: 0.8700
[INFO] Config 98/324: {'hidden_dim': 128, 'num_layers': 1, 'dropout': 0.3, 'lr': 0.005, 'weight_decay': 0.0001} | Val AUC: 0.8687
[INFO] Config 99/324: {'hidden_dim': 128, 'num_layers': 1, 'dropout': 0.3, 'lr': 0.005, 'weight_decay': 0.001} | Val AUC: 0.8683
[INFO] Config 100/324: {'hidden_dim': 128, 'num_layers': 1, 'dropout': 0.5, 'lr': 0.001, 'weight_decay': 1e-05} | Val AUC: 0.8570
[INFO] Config 101/324: {'hidden_dim': 128, 'num_layers': 1, 'dropout': 0.5, 'lr': 0.001, 'weight_decay': 0.0001} | Val AUC: 0.8578
[INFO] Config 102/324: {'hidden_dim': 128, 'num_layers': 1, 'dropout': 0.5, 'lr': 0.001, 'weight_decay': 0.001} | Val AUC: 0.8587
[INFO] Config 103/324: {'hidden_dim': 128, 'num_layers': 1, 'dropout': 0.5, 'lr': 0.003, 'weight_decay': 1e-05} | Val AUC: 0.8682
[INFO] Config 104/324: {'hidden_dim': 128, 'num_layers': 1, 'dropout': 0.5, 'lr': 0.003, 'weight_decay': 0.0001} | Val AUC: 0.8685
[INFO] Config 105/324: {'hidden_dim': 128, 'num_layers': 1, 'dropout': 0.5, 'lr': 0.003, 'weight_decay': 0.001} | Val AUC: 0.8654
[INFO] Config 106/324: {'hidden_dim': 128, 'num_layers': 1, 'dropout': 0.5, 'lr': 0.005, 'weight_decay': 1e-05} | Val AUC: 0.8673
[INFO] Config 107/324: {'hidden_dim': 128, 'num_layers': 1, 'dropout': 0.5, 'lr': 0.005, 'weight_decay': 0.0001} | Val AUC: 0.8697
[INFO] Config 108/324: {'hidden_dim': 128, 'num_layers': 1, 'dropout': 0.5, 'lr': 0.005, 'weight_decay': 0.001} | Val AUC: 0.8674
[INFO] Config 109/324: {'hidden_dim': 128, 'num_layers': 2, 'dropout': 0.1, 'lr': 0.001, 'weight_decay': 1e-05} | Val AUC: 0.8563
[INFO] Config 110/324: {'hidden_dim': 128, 'num_layers': 2, 'dropout': 0.1, 'lr': 0.001, 'weight_decay': 0.0001} | Val AUC: 0.8593
[INFO] Config 111/324: {'hidden_dim': 128, 'num_layers': 2, 'dropout': 0.1, 'lr': 0.001, 'weight_decay': 0.001} | Val AUC: 0.8619
[INFO] Config 112/324: {'hidden_dim': 128, 'num_layers': 2, 'dropout': 0.1, 'lr': 0.003, 'weight_decay': 1e-05} | Val AUC: 0.8647
[INFO] Config 113/324: {'hidden_dim': 128, 'num_layers': 2, 'dropout': 0.1, 'lr': 0.003, 'weight_decay': 0.0001} | Val AUC: 0.8666
[INFO] Config 114/324: {'hidden_dim': 128, 'num_layers': 2, 'dropout': 0.1, 'lr': 0.003, 'weight_decay': 0.001} | Val AUC: 0.8643
[INFO] Config 115/324: {'hidden_dim': 128, 'num_layers': 2, 'dropout': 0.1, 'lr': 0.005, 'weight_decay': 1e-05} | Val AUC: 0.8668
[INFO] Config 116/324: {'hidden_dim': 128, 'num_layers': 2, 'dropout': 0.1, 'lr': 0.005, 'weight_decay': 0.0001} | Val AUC: 0.8639
[INFO] Config 117/324: {'hidden_dim': 128, 'num_layers': 2, 'dropout': 0.1, 'lr': 0.005, 'weight_decay': 0.001} | Val AUC: 0.8658
[INFO] Config 118/324: {'hidden_dim': 128, 'num_layers': 2, 'dropout': 0.3, 'lr': 0.001, 'weight_decay': 1e-05} | Val AUC: 0.8533
[INFO] Config 119/324: {'hidden_dim': 128, 'num_layers': 2, 'dropout': 0.3, 'lr': 0.001, 'weight_decay': 0.0001} | Val AUC: 0.8572
[INFO] Config 120/324: {'hidden_dim': 128, 'num_layers': 2, 'dropout': 0.3, 'lr': 0.001, 'weight_decay': 0.001} | Val AUC: 0.8557
[INFO] Config 121/324: {'hidden_dim': 128, 'num_layers': 2, 'dropout': 0.3, 'lr': 0.003, 'weight_decay': 1e-05} | Val AUC: 0.8639
[INFO] Config 122/324: {'hidden_dim': 128, 'num_layers': 2, 'dropout': 0.3, 'lr': 0.003, 'weight_decay': 0.0001} | Val AUC: 0.8616
[INFO] Config 123/324: {'hidden_dim': 128, 'num_layers': 2, 'dropout': 0.3, 'lr': 0.003, 'weight_decay': 0.001} | Val AUC: 0.8606
[INFO] Config 124/324: {'hidden_dim': 128, 'num_layers': 2, 'dropout': 0.3, 'lr': 0.005, 'weight_decay': 1e-05} | Val AUC: 0.8641
[INFO] Config 125/324: {'hidden_dim': 128, 'num_layers': 2, 'dropout': 0.3, 'lr': 0.005, 'weight_decay': 0.0001} | Val AUC: 0.8635
[INFO] Config 126/324: {'hidden_dim': 128, 'num_layers': 2, 'dropout': 0.3, 'lr': 0.005, 'weight_decay': 0.001} | Val AUC: 0.8657
[INFO] Config 127/324: {'hidden_dim': 128, 'num_layers': 2, 'dropout': 0.5, 'lr': 0.001, 'weight_decay': 1e-05} | Val AUC: 0.8528
[INFO] Config 128/324: {'hidden_dim': 128, 'num_layers': 2, 'dropout': 0.5, 'lr': 0.001, 'weight_decay': 0.0001} | Val AUC: 0.8530
[INFO] Config 129/324: {'hidden_dim': 128, 'num_layers': 2, 'dropout': 0.5, 'lr': 0.001, 'weight_decay': 0.001} | Val AUC: 0.8529
[INFO] Config 130/324: {'hidden_dim': 128, 'num_layers': 2, 'dropout': 0.5, 'lr': 0.003, 'weight_decay': 1e-05} | Val AUC: 0.8614
[INFO] Config 131/324: {'hidden_dim': 128, 'num_layers': 2, 'dropout': 0.5, 'lr': 0.003, 'weight_decay': 0.0001} | Val AUC: 0.8623
[INFO] Config 132/324: {'hidden_dim': 128, 'num_layers': 2, 'dropout': 0.5, 'lr': 0.003, 'weight_decay': 0.001} | Val AUC: 0.8607
[INFO] Config 133/324: {'hidden_dim': 128, 'num_layers': 2, 'dropout': 0.5, 'lr': 0.005, 'weight_decay': 1e-05} | Val AUC: 0.8623
[INFO] Config 134/324: {'hidden_dim': 128, 'num_layers': 2, 'dropout': 0.5, 'lr': 0.005, 'weight_decay': 0.0001} | Val AUC: 0.8584
[INFO] Config 135/324: {'hidden_dim': 128, 'num_layers': 2, 'dropout': 0.5, 'lr': 0.005, 'weight_decay': 0.001} | Val AUC: 0.8632
[INFO] Config 136/324: {'hidden_dim': 128, 'num_layers': 3, 'dropout': 0.1, 'lr': 0.001, 'weight_decay': 1e-05} | Val AUC: 0.8567
[INFO] Config 137/324: {'hidden_dim': 128, 'num_layers': 3, 'dropout': 0.1, 'lr': 0.001, 'weight_decay': 0.0001} | Val AUC: 0.8562
[INFO] Config 138/324: {'hidden_dim': 128, 'num_layers': 3, 'dropout': 0.1, 'lr': 0.001, 'weight_decay': 0.001} | Val AUC: 0.8552
[INFO] Config 139/324: {'hidden_dim': 128, 'num_layers': 3, 'dropout': 0.1, 'lr': 0.003, 'weight_decay': 1e-05} | Val AUC: 0.8638
[INFO] Config 140/324: {'hidden_dim': 128, 'num_layers': 3, 'dropout': 0.1, 'lr': 0.003, 'weight_decay': 0.0001} | Val AUC: 0.8656
[INFO] Config 141/324: {'hidden_dim': 128, 'num_layers': 3, 'dropout': 0.1, 'lr': 0.003, 'weight_decay': 0.001} | Val AUC: 0.8656
[INFO] Config 142/324: {'hidden_dim': 128, 'num_layers': 3, 'dropout': 0.1, 'lr': 0.005, 'weight_decay': 1e-05} | Val AUC: 0.8669
[INFO] Config 143/324: {'hidden_dim': 128, 'num_layers': 3, 'dropout': 0.1, 'lr': 0.005, 'weight_decay': 0.0001} | Val AUC: 0.8645
[INFO] Config 144/324: {'hidden_dim': 128, 'num_layers': 3, 'dropout': 0.1, 'lr': 0.005, 'weight_decay': 0.001} | Val AUC: 0.8630
[INFO] Config 145/324: {'hidden_dim': 128, 'num_layers': 3, 'dropout': 0.3, 'lr': 0.001, 'weight_decay': 1e-05} | Val AUC: 0.8574
[INFO] Config 146/324: {'hidden_dim': 128, 'num_layers': 3, 'dropout': 0.3, 'lr': 0.001, 'weight_decay': 0.0001} | Val AUC: 0.8526
[INFO] Config 147/324: {'hidden_dim': 128, 'num_layers': 3, 'dropout': 0.3, 'lr': 0.001, 'weight_decay': 0.001} | Val AUC: 0.8561
[INFO] Config 148/324: {'hidden_dim': 128, 'num_layers': 3, 'dropout': 0.3, 'lr': 0.003, 'weight_decay': 1e-05} | Val AUC: 0.8610
[INFO] Config 149/324: {'hidden_dim': 128, 'num_layers': 3, 'dropout': 0.3, 'lr': 0.003, 'weight_decay': 0.0001} | Val AUC: 0.8623
[INFO] Config 150/324: {'hidden_dim': 128, 'num_layers': 3, 'dropout': 0.3, 'lr': 0.003, 'weight_decay': 0.001} | Val AUC: 0.8600
[INFO] Config 151/324: {'hidden_dim': 128, 'num_layers': 3, 'dropout': 0.3, 'lr': 0.005, 'weight_decay': 1e-05} | Val AUC: 0.8676
[INFO] Config 152/324: {'hidden_dim': 128, 'num_layers': 3, 'dropout': 0.3, 'lr': 0.005, 'weight_decay': 0.0001} | Val AUC: 0.8590
[INFO] Config 153/324: {'hidden_dim': 128, 'num_layers': 3, 'dropout': 0.3, 'lr': 0.005, 'weight_decay': 0.001} | Val AUC: 0.8632
[INFO] Config 154/324: {'hidden_dim': 128, 'num_layers': 3, 'dropout': 0.5, 'lr': 0.001, 'weight_decay': 1e-05} | Val AUC: 0.8497
[INFO] Config 155/324: {'hidden_dim': 128, 'num_layers': 3, 'dropout': 0.5, 'lr': 0.001, 'weight_decay': 0.0001} | Val AUC: 0.8504
[INFO] Config 156/324: {'hidden_dim': 128, 'num_layers': 3, 'dropout': 0.5, 'lr': 0.001, 'weight_decay': 0.001} | Val AUC: 0.8512
[INFO] Config 157/324: {'hidden_dim': 128, 'num_layers': 3, 'dropout': 0.5, 'lr': 0.003, 'weight_decay': 1e-05} | Val AUC: 0.8651
[INFO] Config 158/324: {'hidden_dim': 128, 'num_layers': 3, 'dropout': 0.5, 'lr': 0.003, 'weight_decay': 0.0001} | Val AUC: 0.8602
[INFO] Config 159/324: {'hidden_dim': 128, 'num_layers': 3, 'dropout': 0.5, 'lr': 0.003, 'weight_decay': 0.001} | Val AUC: 0.8584
[INFO] Config 160/324: {'hidden_dim': 128, 'num_layers': 3, 'dropout': 0.5, 'lr': 0.005, 'weight_decay': 1e-05} | Val AUC: 0.8620
[INFO] Config 161/324: {'hidden_dim': 128, 'num_layers': 3, 'dropout': 0.5, 'lr': 0.005, 'weight_decay': 0.0001} | Val AUC: 0.8582
[INFO] Config 162/324: {'hidden_dim': 128, 'num_layers': 3, 'dropout': 0.5, 'lr': 0.005, 'weight_decay': 0.001} | Val AUC: 0.8588
[INFO] Config 163/324: {'hidden_dim': 256, 'num_layers': 1, 'dropout': 0.1, 'lr': 0.001, 'weight_decay': 1e-05} | Val AUC: 0.8644
[INFO] Config 164/324: {'hidden_dim': 256, 'num_layers': 1, 'dropout': 0.1, 'lr': 0.001, 'weight_decay': 0.0001} | Val AUC: 0.8639
[INFO] Config 165/324: {'hidden_dim': 256, 'num_layers': 1, 'dropout': 0.1, 'lr': 0.001, 'weight_decay': 0.001} | Val AUC: 0.8647
[INFO] Config 166/324: {'hidden_dim': 256, 'num_layers': 1, 'dropout': 0.1, 'lr': 0.003, 'weight_decay': 1e-05} | Val AUC: 0.8708
[INFO] Config 167/324: {'hidden_dim': 256, 'num_layers': 1, 'dropout': 0.1, 'lr': 0.003, 'weight_decay': 0.0001} | Val AUC: 0.8686
[INFO] Config 168/324: {'hidden_dim': 256, 'num_layers': 1, 'dropout': 0.1, 'lr': 0.003, 'weight_decay': 0.001} | Val AUC: 0.8706
[INFO] Config 169/324: {'hidden_dim': 256, 'num_layers': 1, 'dropout': 0.1, 'lr': 0.005, 'weight_decay': 1e-05} | Val AUC: 0.8714
[INFO] Config 170/324: {'hidden_dim': 256, 'num_layers': 1, 'dropout': 0.1, 'lr': 0.005, 'weight_decay': 0.0001} | Val AUC: 0.8719
[INFO] Config 171/324: {'hidden_dim': 256, 'num_layers': 1, 'dropout': 0.1, 'lr': 0.005, 'weight_decay': 0.001} | Val AUC: 0.8713
[INFO] Config 172/324: {'hidden_dim': 256, 'num_layers': 1, 'dropout': 0.3, 'lr': 0.001, 'weight_decay': 1e-05} | Val AUC: 0.8651
[INFO] Config 173/324: {'hidden_dim': 256, 'num_layers': 1, 'dropout': 0.3, 'lr': 0.001, 'weight_decay': 0.0001} | Val AUC: 0.8648
[INFO] Config 174/324: {'hidden_dim': 256, 'num_layers': 1, 'dropout': 0.3, 'lr': 0.001, 'weight_decay': 0.001} | Val AUC: 0.8654
[INFO] Config 175/324: {'hidden_dim': 256, 'num_layers': 1, 'dropout': 0.3, 'lr': 0.003, 'weight_decay': 1e-05} | Val AUC: 0.8694
[INFO] Config 176/324: {'hidden_dim': 256, 'num_layers': 1, 'dropout': 0.3, 'lr': 0.003, 'weight_decay': 0.0001} | Val AUC: 0.8731
[INFO] Config 177/324: {'hidden_dim': 256, 'num_layers': 1, 'dropout': 0.3, 'lr': 0.003, 'weight_decay': 0.001} | Val AUC: 0.8698
[INFO] Config 178/324: {'hidden_dim': 256, 'num_layers': 1, 'dropout': 0.3, 'lr': 0.005, 'weight_decay': 1e-05} | Val AUC: 0.8707
[INFO] Config 179/324: {'hidden_dim': 256, 'num_layers': 1, 'dropout': 0.3, 'lr': 0.005, 'weight_decay': 0.0001} | Val AUC: 0.8706
[INFO] Config 180/324: {'hidden_dim': 256, 'num_layers': 1, 'dropout': 0.3, 'lr': 0.005, 'weight_decay': 0.001} | Val AUC: 0.8709
[INFO] Config 181/324: {'hidden_dim': 256, 'num_layers': 1, 'dropout': 0.5, 'lr': 0.001, 'weight_decay': 1e-05} | Val AUC: 0.8643
[INFO] Config 182/324: {'hidden_dim': 256, 'num_layers': 1, 'dropout': 0.5, 'lr': 0.001, 'weight_decay': 0.0001} | Val AUC: 0.8665
[INFO] Config 183/324: {'hidden_dim': 256, 'num_layers': 1, 'dropout': 0.5, 'lr': 0.001, 'weight_decay': 0.001} | Val AUC: 0.8652
[INFO] Config 184/324: {'hidden_dim': 256, 'num_layers': 1, 'dropout': 0.5, 'lr': 0.003, 'weight_decay': 1e-05} | Val AUC: 0.8710
[INFO] Config 185/324: {'hidden_dim': 256, 'num_layers': 1, 'dropout': 0.5, 'lr': 0.003, 'weight_decay': 0.0001} | Val AUC: 0.8694
[INFO] Config 186/324: {'hidden_dim': 256, 'num_layers': 1, 'dropout': 0.5, 'lr': 0.003, 'weight_decay': 0.001} | Val AUC: 0.8697
[INFO] Config 187/324: {'hidden_dim': 256, 'num_layers': 1, 'dropout': 0.5, 'lr': 0.005, 'weight_decay': 1e-05} | Val AUC: 0.8708
[INFO] Config 188/324: {'hidden_dim': 256, 'num_layers': 1, 'dropout': 0.5, 'lr': 0.005, 'weight_decay': 0.0001} | Val AUC: 0.8723
[INFO] Config 189/324: {'hidden_dim': 256, 'num_layers': 1, 'dropout': 0.5, 'lr': 0.005, 'weight_decay': 0.001} | Val AUC: 0.8722
[INFO] Config 190/324: {'hidden_dim': 256, 'num_layers': 2, 'dropout': 0.1, 'lr': 0.001, 'weight_decay': 1e-05} | Val AUC: 0.8638
[INFO] Config 191/324: {'hidden_dim': 256, 'num_layers': 2, 'dropout': 0.1, 'lr': 0.001, 'weight_decay': 0.0001} | Val AUC: 0.8628
[INFO] Config 192/324: {'hidden_dim': 256, 'num_layers': 2, 'dropout': 0.1, 'lr': 0.001, 'weight_decay': 0.001} | Val AUC: 0.8648
[INFO] Config 193/324: {'hidden_dim': 256, 'num_layers': 2, 'dropout': 0.1, 'lr': 0.003, 'weight_decay': 1e-05} | Val AUC: 0.8670
[INFO] Config 194/324: {'hidden_dim': 256, 'num_layers': 2, 'dropout': 0.1, 'lr': 0.003, 'weight_decay': 0.0001} | Val AUC: 0.8670
[INFO] Config 195/324: {'hidden_dim': 256, 'num_layers': 2, 'dropout': 0.1, 'lr': 0.003, 'weight_decay': 0.001} | Val AUC: 0.8675
[INFO] Config 196/324: {'hidden_dim': 256, 'num_layers': 2, 'dropout': 0.1, 'lr': 0.005, 'weight_decay': 1e-05} | Val AUC: 0.8686
[INFO] Config 197/324: {'hidden_dim': 256, 'num_layers': 2, 'dropout': 0.1, 'lr': 0.005, 'weight_decay': 0.0001} | Val AUC: 0.8660
[INFO] Config 198/324: {'hidden_dim': 256, 'num_layers': 2, 'dropout': 0.1, 'lr': 0.005, 'weight_decay': 0.001} | Val AUC: 0.8713
[INFO] Config 199/324: {'hidden_dim': 256, 'num_layers': 2, 'dropout': 0.3, 'lr': 0.001, 'weight_decay': 1e-05} | Val AUC: 0.8611
[INFO] Config 200/324: {'hidden_dim': 256, 'num_layers': 2, 'dropout': 0.3, 'lr': 0.001, 'weight_decay': 0.0001} | Val AUC: 0.8641
[INFO] Config 201/324: {'hidden_dim': 256, 'num_layers': 2, 'dropout': 0.3, 'lr': 0.001, 'weight_decay': 0.001} | Val AUC: 0.8637
[INFO] Config 202/324: {'hidden_dim': 256, 'num_layers': 2, 'dropout': 0.3, 'lr': 0.003, 'weight_decay': 1e-05} | Val AUC: 0.8663
[INFO] Config 203/324: {'hidden_dim': 256, 'num_layers': 2, 'dropout': 0.3, 'lr': 0.003, 'weight_decay': 0.0001} | Val AUC: 0.8661
[INFO] Config 204/324: {'hidden_dim': 256, 'num_layers': 2, 'dropout': 0.3, 'lr': 0.003, 'weight_decay': 0.001} | Val AUC: 0.8680
[INFO] Config 205/324: {'hidden_dim': 256, 'num_layers': 2, 'dropout': 0.3, 'lr': 0.005, 'weight_decay': 1e-05} | Val AUC: 0.8679
[INFO] Config 206/324: {'hidden_dim': 256, 'num_layers': 2, 'dropout': 0.3, 'lr': 0.005, 'weight_decay': 0.0001} | Val AUC: 0.8698
[INFO] Config 207/324: {'hidden_dim': 256, 'num_layers': 2, 'dropout': 0.3, 'lr': 0.005, 'weight_decay': 0.001} | Val AUC: 0.8650
[INFO] Config 208/324: {'hidden_dim': 256, 'num_layers': 2, 'dropout': 0.5, 'lr': 0.001, 'weight_decay': 1e-05} | Val AUC: 0.8620
[INFO] Config 209/324: {'hidden_dim': 256, 'num_layers': 2, 'dropout': 0.5, 'lr': 0.001, 'weight_decay': 0.0001} | Val AUC: 0.8606
[INFO] Config 210/324: {'hidden_dim': 256, 'num_layers': 2, 'dropout': 0.5, 'lr': 0.001, 'weight_decay': 0.001} | Val AUC: 0.8616
[INFO] Config 211/324: {'hidden_dim': 256, 'num_layers': 2, 'dropout': 0.5, 'lr': 0.003, 'weight_decay': 1e-05} | Val AUC: 0.8642
[INFO] Config 212/324: {'hidden_dim': 256, 'num_layers': 2, 'dropout': 0.5, 'lr': 0.003, 'weight_decay': 0.0001} | Val AUC: 0.8649
[INFO] Config 213/324: {'hidden_dim': 256, 'num_layers': 2, 'dropout': 0.5, 'lr': 0.003, 'weight_decay': 0.001} | Val AUC: 0.8665
[INFO] Config 214/324: {'hidden_dim': 256, 'num_layers': 2, 'dropout': 0.5, 'lr': 0.005, 'weight_decay': 1e-05} | Val AUC: 0.8705
[INFO] Config 215/324: {'hidden_dim': 256, 'num_layers': 2, 'dropout': 0.5, 'lr': 0.005, 'weight_decay': 0.0001} | Val AUC: 0.8631
[INFO] Config 216/324: {'hidden_dim': 256, 'num_layers': 2, 'dropout': 0.5, 'lr': 0.005, 'weight_decay': 0.001} | Val AUC: 0.8691
[INFO] Config 217/324: {'hidden_dim': 256, 'num_layers': 3, 'dropout': 0.1, 'lr': 0.001, 'weight_decay': 1e-05} | Val AUC: 0.8616
[INFO] Config 218/324: {'hidden_dim': 256, 'num_layers': 3, 'dropout': 0.1, 'lr': 0.001, 'weight_decay': 0.0001} | Val AUC: 0.8622
[INFO] Config 219/324: {'hidden_dim': 256, 'num_layers': 3, 'dropout': 0.1, 'lr': 0.001, 'weight_decay': 0.001} | Val AUC: 0.8625
[INFO] Config 220/324: {'hidden_dim': 256, 'num_layers': 3, 'dropout': 0.1, 'lr': 0.003, 'weight_decay': 1e-05} | Val AUC: 0.8655
[INFO] Config 221/324: {'hidden_dim': 256, 'num_layers': 3, 'dropout': 0.1, 'lr': 0.003, 'weight_decay': 0.0001} | Val AUC: 0.8647
[INFO] Config 222/324: {'hidden_dim': 256, 'num_layers': 3, 'dropout': 0.1, 'lr': 0.003, 'weight_decay': 0.001} | Val AUC: 0.8615
[INFO] Config 223/324: {'hidden_dim': 256, 'num_layers': 3, 'dropout': 0.1, 'lr': 0.005, 'weight_decay': 1e-05} | Val AUC: 0.8610
[INFO] Config 224/324: {'hidden_dim': 256, 'num_layers': 3, 'dropout': 0.1, 'lr': 0.005, 'weight_decay': 0.0001} | Val AUC: 0.8575
[INFO] Config 225/324: {'hidden_dim': 256, 'num_layers': 3, 'dropout': 0.1, 'lr': 0.005, 'weight_decay': 0.001} | Val AUC: 0.8529
[INFO] Config 226/324: {'hidden_dim': 256, 'num_layers': 3, 'dropout': 0.3, 'lr': 0.001, 'weight_decay': 1e-05} | Val AUC: 0.8612
[INFO] Config 227/324: {'hidden_dim': 256, 'num_layers': 3, 'dropout': 0.3, 'lr': 0.001, 'weight_decay': 0.0001} | Val AUC: 0.8587
[INFO] Config 228/324: {'hidden_dim': 256, 'num_layers': 3, 'dropout': 0.3, 'lr': 0.001, 'weight_decay': 0.001} | Val AUC: 0.8619
[INFO] Config 229/324: {'hidden_dim': 256, 'num_layers': 3, 'dropout': 0.3, 'lr': 0.003, 'weight_decay': 1e-05} | Val AUC: 0.8566
[INFO] Config 230/324: {'hidden_dim': 256, 'num_layers': 3, 'dropout': 0.3, 'lr': 0.003, 'weight_decay': 0.0001} | Val AUC: 0.8648
[INFO] Config 231/324: {'hidden_dim': 256, 'num_layers': 3, 'dropout': 0.3, 'lr': 0.003, 'weight_decay': 0.001} | Val AUC: 0.8597
[INFO] Config 232/324: {'hidden_dim': 256, 'num_layers': 3, 'dropout': 0.3, 'lr': 0.005, 'weight_decay': 1e-05} | Val AUC: 0.8578
[INFO] Config 233/324: {'hidden_dim': 256, 'num_layers': 3, 'dropout': 0.3, 'lr': 0.005, 'weight_decay': 0.0001} | Val AUC: 0.8641
[INFO] Config 234/324: {'hidden_dim': 256, 'num_layers': 3, 'dropout': 0.3, 'lr': 0.005, 'weight_decay': 0.001} | Val AUC: 0.8583
[INFO] Config 235/324: {'hidden_dim': 256, 'num_layers': 3, 'dropout': 0.5, 'lr': 0.001, 'weight_decay': 1e-05} | Val AUC: 0.8587
[INFO] Config 236/324: {'hidden_dim': 256, 'num_layers': 3, 'dropout': 0.5, 'lr': 0.001, 'weight_decay': 0.0001} | Val AUC: 0.8593
[INFO] Config 237/324: {'hidden_dim': 256, 'num_layers': 3, 'dropout': 0.5, 'lr': 0.001, 'weight_decay': 0.001} | Val AUC: 0.8591
[INFO] Config 238/324: {'hidden_dim': 256, 'num_layers': 3, 'dropout': 0.5, 'lr': 0.003, 'weight_decay': 1e-05} | Val AUC: 0.8647
[INFO] Config 239/324: {'hidden_dim': 256, 'num_layers': 3, 'dropout': 0.5, 'lr': 0.003, 'weight_decay': 0.0001} | Val AUC: 0.8662
[INFO] Config 240/324: {'hidden_dim': 256, 'num_layers': 3, 'dropout': 0.5, 'lr': 0.003, 'weight_decay': 0.001} | Val AUC: 0.8657
[INFO] Config 241/324: {'hidden_dim': 256, 'num_layers': 3, 'dropout': 0.5, 'lr': 0.005, 'weight_decay': 1e-05} | Val AUC: 0.8627
[INFO] Config 242/324: {'hidden_dim': 256, 'num_layers': 3, 'dropout': 0.5, 'lr': 0.005, 'weight_decay': 0.0001} | Val AUC: 0.8609
[INFO] Config 243/324: {'hidden_dim': 256, 'num_layers': 3, 'dropout': 0.5, 'lr': 0.005, 'weight_decay': 0.001} | Val AUC: 0.8589
[INFO] Config 244/324: {'hidden_dim': 512, 'num_layers': 1, 'dropout': 0.1, 'lr': 0.001, 'weight_decay': 1e-05} | Val AUC: 0.8670
[INFO] Config 245/324: {'hidden_dim': 512, 'num_layers': 1, 'dropout': 0.1, 'lr': 0.001, 'weight_decay': 0.0001} | Val AUC: 0.8671
[INFO] Config 246/324: {'hidden_dim': 512, 'num_layers': 1, 'dropout': 0.1, 'lr': 0.001, 'weight_decay': 0.001} | Val AUC: 0.8676
[INFO] Config 247/324: {'hidden_dim': 512, 'num_layers': 1, 'dropout': 0.1, 'lr': 0.003, 'weight_decay': 1e-05} | Val AUC: 0.8721
[INFO] Config 248/324: {'hidden_dim': 512, 'num_layers': 1, 'dropout': 0.1, 'lr': 0.003, 'weight_decay': 0.0001} | Val AUC: 0.8724
[INFO] Config 249/324: {'hidden_dim': 512, 'num_layers': 1, 'dropout': 0.1, 'lr': 0.003, 'weight_decay': 0.001} | Val AUC: 0.8709
[INFO] Config 250/324: {'hidden_dim': 512, 'num_layers': 1, 'dropout': 0.1, 'lr': 0.005, 'weight_decay': 1e-05} | Val AUC: 0.8658
[INFO] Config 251/324: {'hidden_dim': 512, 'num_layers': 1, 'dropout': 0.1, 'lr': 0.005, 'weight_decay': 0.0001} | Val AUC: 0.8667
[INFO] Config 252/324: {'hidden_dim': 512, 'num_layers': 1, 'dropout': 0.1, 'lr': 0.005, 'weight_decay': 0.001} | Val AUC: 0.8680
[INFO] Config 253/324: {'hidden_dim': 512, 'num_layers': 1, 'dropout': 0.3, 'lr': 0.001, 'weight_decay': 1e-05} | Val AUC: 0.8685
[INFO] Config 254/324: {'hidden_dim': 512, 'num_layers': 1, 'dropout': 0.3, 'lr': 0.001, 'weight_decay': 0.0001} | Val AUC: 0.8673
[INFO] Config 255/324: {'hidden_dim': 512, 'num_layers': 1, 'dropout': 0.3, 'lr': 0.001, 'weight_decay': 0.001} | Val AUC: 0.8682
[INFO] Config 256/324: {'hidden_dim': 512, 'num_layers': 1, 'dropout': 0.3, 'lr': 0.003, 'weight_decay': 1e-05} | Val AUC: 0.8697
[INFO] Config 257/324: {'hidden_dim': 512, 'num_layers': 1, 'dropout': 0.3, 'lr': 0.003, 'weight_decay': 0.0001} | Val AUC: 0.8704
[INFO] Config 258/324: {'hidden_dim': 512, 'num_layers': 1, 'dropout': 0.3, 'lr': 0.003, 'weight_decay': 0.001} | Val AUC: 0.8718
[INFO] Config 259/324: {'hidden_dim': 512, 'num_layers': 1, 'dropout': 0.3, 'lr': 0.005, 'weight_decay': 1e-05} | Val AUC: 0.8617
[INFO] Config 260/324: {'hidden_dim': 512, 'num_layers': 1, 'dropout': 0.3, 'lr': 0.005, 'weight_decay': 0.0001} | Val AUC: 0.8673
[INFO] Config 261/324: {'hidden_dim': 512, 'num_layers': 1, 'dropout': 0.3, 'lr': 0.005, 'weight_decay': 0.001} | Val AUC: 0.8589
[INFO] Config 262/324: {'hidden_dim': 512, 'num_layers': 1, 'dropout': 0.5, 'lr': 0.001, 'weight_decay': 1e-05} | Val AUC: 0.8681
[INFO] Config 263/324: {'hidden_dim': 512, 'num_layers': 1, 'dropout': 0.5, 'lr': 0.001, 'weight_decay': 0.0001} | Val AUC: 0.8680
[INFO] Config 264/324: {'hidden_dim': 512, 'num_layers': 1, 'dropout': 0.5, 'lr': 0.001, 'weight_decay': 0.001} | Val AUC: 0.8662
[INFO] Config 265/324: {'hidden_dim': 512, 'num_layers': 1, 'dropout': 0.5, 'lr': 0.003, 'weight_decay': 1e-05} | Val AUC: 0.8709
[INFO] Config 266/324: {'hidden_dim': 512, 'num_layers': 1, 'dropout': 0.5, 'lr': 0.003, 'weight_decay': 0.0001} | Val AUC: 0.8712
[INFO] Config 267/324: {'hidden_dim': 512, 'num_layers': 1, 'dropout': 0.5, 'lr': 0.003, 'weight_decay': 0.001} | Val AUC: 0.8700
[INFO] Config 268/324: {'hidden_dim': 512, 'num_layers': 1, 'dropout': 0.5, 'lr': 0.005, 'weight_decay': 1e-05} | Val AUC: 0.8607
[INFO] Config 269/324: {'hidden_dim': 512, 'num_layers': 1, 'dropout': 0.5, 'lr': 0.005, 'weight_decay': 0.0001} | Val AUC: 0.8711
[INFO] Config 270/324: {'hidden_dim': 512, 'num_layers': 1, 'dropout': 0.5, 'lr': 0.005, 'weight_decay': 0.001} | Val AUC: 0.8674
[INFO] Config 271/324: {'hidden_dim': 512, 'num_layers': 2, 'dropout': 0.1, 'lr': 0.001, 'weight_decay': 1e-05} | Val AUC: 0.8609
[INFO] Config 272/324: {'hidden_dim': 512, 'num_layers': 2, 'dropout': 0.1, 'lr': 0.001, 'weight_decay': 0.0001} | Val AUC: 0.8654
[INFO] Config 273/324: {'hidden_dim': 512, 'num_layers': 2, 'dropout': 0.1, 'lr': 0.001, 'weight_decay': 0.001} | Val AUC: 0.8656
[INFO] Config 274/324: {'hidden_dim': 512, 'num_layers': 2, 'dropout': 0.1, 'lr': 0.003, 'weight_decay': 1e-05} | Val AUC: 0.8664
[INFO] Config 275/324: {'hidden_dim': 512, 'num_layers': 2, 'dropout': 0.1, 'lr': 0.003, 'weight_decay': 0.0001} | Val AUC: 0.8691
[INFO] Config 276/324: {'hidden_dim': 512, 'num_layers': 2, 'dropout': 0.1, 'lr': 0.003, 'weight_decay': 0.001} | Val AUC: 0.8688
[INFO] Config 277/324: {'hidden_dim': 512, 'num_layers': 2, 'dropout': 0.1, 'lr': 0.005, 'weight_decay': 1e-05} | Val AUC: 0.8490
[INFO] Config 278/324: {'hidden_dim': 512, 'num_layers': 2, 'dropout': 0.1, 'lr': 0.005, 'weight_decay': 0.0001} | Val AUC: 0.8637
[INFO] Config 279/324: {'hidden_dim': 512, 'num_layers': 2, 'dropout': 0.1, 'lr': 0.005, 'weight_decay': 0.001} | Val AUC: 0.8511
[INFO] Config 280/324: {'hidden_dim': 512, 'num_layers': 2, 'dropout': 0.3, 'lr': 0.001, 'weight_decay': 1e-05} | Val AUC: 0.8632
[INFO] Config 281/324: {'hidden_dim': 512, 'num_layers': 2, 'dropout': 0.3, 'lr': 0.001, 'weight_decay': 0.0001} | Val AUC: 0.8636
[INFO] Config 282/324: {'hidden_dim': 512, 'num_layers': 2, 'dropout': 0.3, 'lr': 0.001, 'weight_decay': 0.001} | Val AUC: 0.8647
[INFO] Config 283/324: {'hidden_dim': 512, 'num_layers': 2, 'dropout': 0.3, 'lr': 0.003, 'weight_decay': 1e-05} | Val AUC: 0.8687
[INFO] Config 284/324: {'hidden_dim': 512, 'num_layers': 2, 'dropout': 0.3, 'lr': 0.003, 'weight_decay': 0.0001} | Val AUC: 0.8691
[INFO] Config 285/324: {'hidden_dim': 512, 'num_layers': 2, 'dropout': 0.3, 'lr': 0.003, 'weight_decay': 0.001} | Val AUC: 0.8637
[INFO] Config 286/324: {'hidden_dim': 512, 'num_layers': 2, 'dropout': 0.3, 'lr': 0.005, 'weight_decay': 1e-05} | Val AUC: 0.8688
[INFO] Config 287/324: {'hidden_dim': 512, 'num_layers': 2, 'dropout': 0.3, 'lr': 0.005, 'weight_decay': 0.0001} | Val AUC: 0.8656
[INFO] Config 288/324: {'hidden_dim': 512, 'num_layers': 2, 'dropout': 0.3, 'lr': 0.005, 'weight_decay': 0.001} | Val AUC: 0.8661
[INFO] Config 289/324: {'hidden_dim': 512, 'num_layers': 2, 'dropout': 0.5, 'lr': 0.001, 'weight_decay': 1e-05} | Val AUC: 0.8636
[INFO] Config 290/324: {'hidden_dim': 512, 'num_layers': 2, 'dropout': 0.5, 'lr': 0.001, 'weight_decay': 0.0001} | Val AUC: 0.8634
[INFO] Config 291/324: {'hidden_dim': 512, 'num_layers': 2, 'dropout': 0.5, 'lr': 0.001, 'weight_decay': 0.001} | Val AUC: 0.8616
[INFO] Config 292/324: {'hidden_dim': 512, 'num_layers': 2, 'dropout': 0.5, 'lr': 0.003, 'weight_decay': 1e-05} | Val AUC: 0.8433
[INFO] Config 293/324: {'hidden_dim': 512, 'num_layers': 2, 'dropout': 0.5, 'lr': 0.003, 'weight_decay': 0.0001} | Val AUC: 0.8649
[INFO] Config 294/324: {'hidden_dim': 512, 'num_layers': 2, 'dropout': 0.5, 'lr': 0.003, 'weight_decay': 0.001} | Val AUC: 0.8671
[INFO] Config 295/324: {'hidden_dim': 512, 'num_layers': 2, 'dropout': 0.5, 'lr': 0.005, 'weight_decay': 1e-05} | Val AUC: 0.8630
[INFO] Config 296/324: {'hidden_dim': 512, 'num_layers': 2, 'dropout': 0.5, 'lr': 0.005, 'weight_decay': 0.0001} | Val AUC: 0.8565
[INFO] Config 297/324: {'hidden_dim': 512, 'num_layers': 2, 'dropout': 0.5, 'lr': 0.005, 'weight_decay': 0.001} | Val AUC: 0.8481
[INFO] Config 298/324: {'hidden_dim': 512, 'num_layers': 3, 'dropout': 0.1, 'lr': 0.001, 'weight_decay': 1e-05} | Val AUC: 0.8593
[INFO] Config 299/324: {'hidden_dim': 512, 'num_layers': 3, 'dropout': 0.1, 'lr': 0.001, 'weight_decay': 0.0001} | Val AUC: 0.8587
[INFO] Config 300/324: {'hidden_dim': 512, 'num_layers': 3, 'dropout': 0.1, 'lr': 0.001, 'weight_decay': 0.001} | Val AUC: 0.8645
[INFO] Config 301/324: {'hidden_dim': 512, 'num_layers': 3, 'dropout': 0.1, 'lr': 0.003, 'weight_decay': 1e-05} | Val AUC: 0.8622
[INFO] Config 302/324: {'hidden_dim': 512, 'num_layers': 3, 'dropout': 0.1, 'lr': 0.003, 'weight_decay': 0.0001} | Val AUC: 0.8446
[INFO] Config 303/324: {'hidden_dim': 512, 'num_layers': 3, 'dropout': 0.1, 'lr': 0.003, 'weight_decay': 0.001} | Val AUC: 0.8527
[INFO] Config 304/324: {'hidden_dim': 512, 'num_layers': 3, 'dropout': 0.1, 'lr': 0.005, 'weight_decay': 1e-05} | Val AUC: 0.6517
[INFO] Config 305/324: {'hidden_dim': 512, 'num_layers': 3, 'dropout': 0.1, 'lr': 0.005, 'weight_decay': 0.0001} | Val AUC: 0.8468
[INFO] Config 306/324: {'hidden_dim': 512, 'num_layers': 3, 'dropout': 0.1, 'lr': 0.005, 'weight_decay': 0.001} | Val AUC: 0.8299
[INFO] Config 307/324: {'hidden_dim': 512, 'num_layers': 3, 'dropout': 0.3, 'lr': 0.001, 'weight_decay': 1e-05} | Val AUC: 0.8591
[INFO] Config 308/324: {'hidden_dim': 512, 'num_layers': 3, 'dropout': 0.3, 'lr': 0.001, 'weight_decay': 0.0001} | Val AUC: 0.8612
[INFO] Config 309/324: {'hidden_dim': 512, 'num_layers': 3, 'dropout': 0.3, 'lr': 0.001, 'weight_decay': 0.001} | Val AUC: 0.8624
[INFO] Config 310/324: {'hidden_dim': 512, 'num_layers': 3, 'dropout': 0.3, 'lr': 0.003, 'weight_decay': 1e-05} | Val AUC: 0.8587
[INFO] Config 311/324: {'hidden_dim': 512, 'num_layers': 3, 'dropout': 0.3, 'lr': 0.003, 'weight_decay': 0.0001} | Val AUC: 0.8623
[INFO] Config 312/324: {'hidden_dim': 512, 'num_layers': 3, 'dropout': 0.3, 'lr': 0.003, 'weight_decay': 0.001} | Val AUC: 0.8437
[INFO] Config 313/324: {'hidden_dim': 512, 'num_layers': 3, 'dropout': 0.3, 'lr': 0.005, 'weight_decay': 1e-05} | Val AUC: 0.6885
[INFO] Config 314/324: {'hidden_dim': 512, 'num_layers': 3, 'dropout': 0.3, 'lr': 0.005, 'weight_decay': 0.0001} | Val AUC: 0.8180
[INFO] Config 315/324: {'hidden_dim': 512, 'num_layers': 3, 'dropout': 0.3, 'lr': 0.005, 'weight_decay': 0.001} | Val AUC: 0.8429
[INFO] Config 316/324: {'hidden_dim': 512, 'num_layers': 3, 'dropout': 0.5, 'lr': 0.001, 'weight_decay': 1e-05} | Val AUC: 0.8584
[INFO] Config 317/324: {'hidden_dim': 512, 'num_layers': 3, 'dropout': 0.5, 'lr': 0.001, 'weight_decay': 0.0001} | Val AUC: 0.8611
[INFO] Config 318/324: {'hidden_dim': 512, 'num_layers': 3, 'dropout': 0.5, 'lr': 0.001, 'weight_decay': 0.001} | Val AUC: 0.8548
[INFO] Config 319/324: {'hidden_dim': 512, 'num_layers': 3, 'dropout': 0.5, 'lr': 0.003, 'weight_decay': 1e-05} | Val AUC: 0.8546
[INFO] Config 320/324: {'hidden_dim': 512, 'num_layers': 3, 'dropout': 0.5, 'lr': 0.003, 'weight_decay': 0.0001} | Val AUC: 0.8469
[INFO] Config 321/324: {'hidden_dim': 512, 'num_layers': 3, 'dropout': 0.5, 'lr': 0.003, 'weight_decay': 0.001} | Val AUC: 0.8618
[INFO] Config 322/324: {'hidden_dim': 512, 'num_layers': 3, 'dropout': 0.5, 'lr': 0.005, 'weight_decay': 1e-05} | Val AUC: 0.8562
[INFO] Config 323/324: {'hidden_dim': 512, 'num_layers': 3, 'dropout': 0.5, 'lr': 0.005, 'weight_decay': 0.0001} | Val AUC: 0.8568
[INFO] Config 324/324: {'hidden_dim': 512, 'num_layers': 3, 'dropout': 0.5, 'lr': 0.005, 'weight_decay': 0.001} | Val AUC: 0.8616
[INFO] Selected Best BiGRU Config: {'hidden_dim': 256, 'num_layers': 1, 'dropout': 0.3, 'lr': 0.003, 'weight_decay': 0.0001} (Val AUC: 0.8731)
[INFO] Tuning TCN configurations (n_iter=486)...
[INFO] Config 1/486: {'num_channels': [128, 128, 128], 'kernel_size': 2, 'dropout': 0.1, 'lr': 0.001, 'weight_decay': 0.0001} | Val AUC: 0.8379
[INFO] Config 2/486: {'num_channels': [128, 128, 128], 'kernel_size': 2, 'dropout': 0.1, 'lr': 0.001, 'weight_decay': 0.001} | Val AUC: 0.8343
[INFO] Config 3/486: {'num_channels': [128, 128, 128], 'kernel_size': 2, 'dropout': 0.1, 'lr': 0.001, 'weight_decay': 0.01} | Val AUC: 0.8317
[INFO] Config 4/486: {'num_channels': [128, 128, 128], 'kernel_size': 2, 'dropout': 0.1, 'lr': 0.003, 'weight_decay': 0.0001} | Val AUC: 0.8431
[INFO] Config 5/486: {'num_channels': [128, 128, 128], 'kernel_size': 2, 'dropout': 0.1, 'lr': 0.003, 'weight_decay': 0.001} | Val AUC: 0.8437
[INFO] Config 6/486: {'num_channels': [128, 128, 128], 'kernel_size': 2, 'dropout': 0.1, 'lr': 0.003, 'weight_decay': 0.01} | Val AUC: 0.8411
[INFO] Config 7/486: {'num_channels': [128, 128, 128], 'kernel_size': 2, 'dropout': 0.1, 'lr': 0.005, 'weight_decay': 0.0001} | Val AUC: 0.8423
[INFO] Config 8/486: {'num_channels': [128, 128, 128], 'kernel_size': 2, 'dropout': 0.1, 'lr': 0.005, 'weight_decay': 0.001} | Val AUC: 0.8446
[INFO] Config 9/486: {'num_channels': [128, 128, 128], 'kernel_size': 2, 'dropout': 0.1, 'lr': 0.005, 'weight_decay': 0.01} | Val AUC: 0.8434
[INFO] Config 10/486: {'num_channels': [128, 128, 128], 'kernel_size': 2, 'dropout': 0.3, 'lr': 0.001, 'weight_decay': 0.0001} | Val AUC: 0.8240
[INFO] Config 11/486: {'num_channels': [128, 128, 128], 'kernel_size': 2, 'dropout': 0.3, 'lr': 0.001, 'weight_decay': 0.001} | Val AUC: 0.8281
[INFO] Config 12/486: {'num_channels': [128, 128, 128], 'kernel_size': 2, 'dropout': 0.3, 'lr': 0.001, 'weight_decay': 0.01} | Val AUC: 0.8268
[INFO] Config 13/486: {'num_channels': [128, 128, 128], 'kernel_size': 2, 'dropout': 0.3, 'lr': 0.003, 'weight_decay': 0.0001} | Val AUC: 0.8371
[INFO] Config 14/486: {'num_channels': [128, 128, 128], 'kernel_size': 2, 'dropout': 0.3, 'lr': 0.003, 'weight_decay': 0.001} | Val AUC: 0.8375
[INFO] Config 15/486: {'num_channels': [128, 128, 128], 'kernel_size': 2, 'dropout': 0.3, 'lr': 0.003, 'weight_decay': 0.01} | Val AUC: 0.8381
[INFO] Config 16/486: {'num_channels': [128, 128, 128], 'kernel_size': 2, 'dropout': 0.3, 'lr': 0.005, 'weight_decay': 0.0001} | Val AUC: 0.8396
[INFO] Config 17/486: {'num_channels': [128, 128, 128], 'kernel_size': 2, 'dropout': 0.3, 'lr': 0.005, 'weight_decay': 0.001} | Val AUC: 0.8411
[INFO] Config 18/486: {'num_channels': [128, 128, 128], 'kernel_size': 2, 'dropout': 0.3, 'lr': 0.005, 'weight_decay': 0.01} | Val AUC: 0.8391
[INFO] Config 19/486: {'num_channels': [128, 128, 128], 'kernel_size': 2, 'dropout': 0.5, 'lr': 0.001, 'weight_decay': 0.0001} | Val AUC: 0.8152
[INFO] Config 20/486: {'num_channels': [128, 128, 128], 'kernel_size': 2, 'dropout': 0.5, 'lr': 0.001, 'weight_decay': 0.001} | Val AUC: 0.8197
[INFO] Config 21/486: {'num_channels': [128, 128, 128], 'kernel_size': 2, 'dropout': 0.5, 'lr': 0.001, 'weight_decay': 0.01} | Val AUC: 0.8182
[INFO] Config 22/486: {'num_channels': [128, 128, 128], 'kernel_size': 2, 'dropout': 0.5, 'lr': 0.003, 'weight_decay': 0.0001} | Val AUC: 0.8318
[INFO] Config 23/486: {'num_channels': [128, 128, 128], 'kernel_size': 2, 'dropout': 0.5, 'lr': 0.003, 'weight_decay': 0.001} | Val AUC: 0.8265
[INFO] Config 24/486: {'num_channels': [128, 128, 128], 'kernel_size': 2, 'dropout': 0.5, 'lr': 0.003, 'weight_decay': 0.01} | Val AUC: 0.8314
[INFO] Config 25/486: {'num_channels': [128, 128, 128], 'kernel_size': 2, 'dropout': 0.5, 'lr': 0.005, 'weight_decay': 0.0001} | Val AUC: 0.8345
[INFO] Config 26/486: {'num_channels': [128, 128, 128], 'kernel_size': 2, 'dropout': 0.5, 'lr': 0.005, 'weight_decay': 0.001} | Val AUC: 0.8312
[INFO] Config 27/486: {'num_channels': [128, 128, 128], 'kernel_size': 2, 'dropout': 0.5, 'lr': 0.005, 'weight_decay': 0.01} | Val AUC: 0.8316
[INFO] Config 28/486: {'num_channels': [128, 128, 128], 'kernel_size': 3, 'dropout': 0.1, 'lr': 0.001, 'weight_decay': 0.0001} | Val AUC: 0.8376
[INFO] Config 29/486: {'num_channels': [128, 128, 128], 'kernel_size': 3, 'dropout': 0.1, 'lr': 0.001, 'weight_decay': 0.001} | Val AUC: 0.8361
[INFO] Config 30/486: {'num_channels': [128, 128, 128], 'kernel_size': 3, 'dropout': 0.1, 'lr': 0.001, 'weight_decay': 0.01} | Val AUC: 0.8357
[INFO] Config 31/486: {'num_channels': [128, 128, 128], 'kernel_size': 3, 'dropout': 0.1, 'lr': 0.003, 'weight_decay': 0.0001} | Val AUC: 0.8430
[INFO] Config 32/486: {'num_channels': [128, 128, 128], 'kernel_size': 3, 'dropout': 0.1, 'lr': 0.003, 'weight_decay': 0.001} | Val AUC: 0.8421
[INFO] Config 33/486: {'num_channels': [128, 128, 128], 'kernel_size': 3, 'dropout': 0.1, 'lr': 0.003, 'weight_decay': 0.01} | Val AUC: 0.8409
[INFO] Config 34/486: {'num_channels': [128, 128, 128], 'kernel_size': 3, 'dropout': 0.1, 'lr': 0.005, 'weight_decay': 0.0001} | Val AUC: 0.8419
[INFO] Config 35/486: {'num_channels': [128, 128, 128], 'kernel_size': 3, 'dropout': 0.1, 'lr': 0.005, 'weight_decay': 0.001} | Val AUC: 0.8396
[INFO] Config 36/486: {'num_channels': [128, 128, 128], 'kernel_size': 3, 'dropout': 0.1, 'lr': 0.005, 'weight_decay': 0.01} | Val AUC: 0.8412
[INFO] Config 37/486: {'num_channels': [128, 128, 128], 'kernel_size': 3, 'dropout': 0.3, 'lr': 0.001, 'weight_decay': 0.0001} | Val AUC: 0.8322
[INFO] Config 38/486: {'num_channels': [128, 128, 128], 'kernel_size': 3, 'dropout': 0.3, 'lr': 0.001, 'weight_decay': 0.001} | Val AUC: 0.8328
[INFO] Config 39/486: {'num_channels': [128, 128, 128], 'kernel_size': 3, 'dropout': 0.3, 'lr': 0.001, 'weight_decay': 0.01} | Val AUC: 0.8326
[INFO] Config 40/486: {'num_channels': [128, 128, 128], 'kernel_size': 3, 'dropout': 0.3, 'lr': 0.003, 'weight_decay': 0.0001} | Val AUC: 0.8362
[INFO] Config 41/486: {'num_channels': [128, 128, 128], 'kernel_size': 3, 'dropout': 0.3, 'lr': 0.003, 'weight_decay': 0.001} | Val AUC: 0.8391
[INFO] Config 42/486: {'num_channels': [128, 128, 128], 'kernel_size': 3, 'dropout': 0.3, 'lr': 0.003, 'weight_decay': 0.01} | Val AUC: 0.8395
[INFO] Config 43/486: {'num_channels': [128, 128, 128], 'kernel_size': 3, 'dropout': 0.3, 'lr': 0.005, 'weight_decay': 0.0001} | Val AUC: 0.8363
[INFO] Config 44/486: {'num_channels': [128, 128, 128], 'kernel_size': 3, 'dropout': 0.3, 'lr': 0.005, 'weight_decay': 0.001} | Val AUC: 0.8381
[INFO] Config 45/486: {'num_channels': [128, 128, 128], 'kernel_size': 3, 'dropout': 0.3, 'lr': 0.005, 'weight_decay': 0.01} | Val AUC: 0.8383
[INFO] Config 46/486: {'num_channels': [128, 128, 128], 'kernel_size': 3, 'dropout': 0.5, 'lr': 0.001, 'weight_decay': 0.0001} | Val AUC: 0.8220
[INFO] Config 47/486: {'num_channels': [128, 128, 128], 'kernel_size': 3, 'dropout': 0.5, 'lr': 0.001, 'weight_decay': 0.001} | Val AUC: 0.8228
[INFO] Config 48/486: {'num_channels': [128, 128, 128], 'kernel_size': 3, 'dropout': 0.5, 'lr': 0.001, 'weight_decay': 0.01} | Val AUC: 0.8205
[INFO] Config 49/486: {'num_channels': [128, 128, 128], 'kernel_size': 3, 'dropout': 0.5, 'lr': 0.003, 'weight_decay': 0.0001} | Val AUC: 0.8338
[INFO] Config 50/486: {'num_channels': [128, 128, 128], 'kernel_size': 3, 'dropout': 0.5, 'lr': 0.003, 'weight_decay': 0.001} | Val AUC: 0.8344
[INFO] Config 51/486: {'num_channels': [128, 128, 128], 'kernel_size': 3, 'dropout': 0.5, 'lr': 0.003, 'weight_decay': 0.01} | Val AUC: 0.8355
[INFO] Config 52/486: {'num_channels': [128, 128, 128], 'kernel_size': 3, 'dropout': 0.5, 'lr': 0.005, 'weight_decay': 0.0001} | Val AUC: 0.8329
[INFO] Config 53/486: {'num_channels': [128, 128, 128], 'kernel_size': 3, 'dropout': 0.5, 'lr': 0.005, 'weight_decay': 0.001} | Val AUC: 0.8305
[INFO] Config 54/486: {'num_channels': [128, 128, 128], 'kernel_size': 3, 'dropout': 0.5, 'lr': 0.005, 'weight_decay': 0.01} | Val AUC: 0.8306
[INFO] Config 55/486: {'num_channels': [128, 128, 128], 'kernel_size': 5, 'dropout': 0.1, 'lr': 0.001, 'weight_decay': 0.0001} | Val AUC: 0.8364
[INFO] Config 56/486: {'num_channels': [128, 128, 128], 'kernel_size': 5, 'dropout': 0.1, 'lr': 0.001, 'weight_decay': 0.001} | Val AUC: 0.8374
[INFO] Config 57/486: {'num_channels': [128, 128, 128], 'kernel_size': 5, 'dropout': 0.1, 'lr': 0.001, 'weight_decay': 0.01} | Val AUC: 0.8346
[INFO] Config 58/486: {'num_channels': [128, 128, 128], 'kernel_size': 5, 'dropout': 0.1, 'lr': 0.003, 'weight_decay': 0.0001} | Val AUC: 0.8375
[INFO] Config 59/486: {'num_channels': [128, 128, 128], 'kernel_size': 5, 'dropout': 0.1, 'lr': 0.003, 'weight_decay': 0.001} | Val AUC: 0.8406
[INFO] Config 60/486: {'num_channels': [128, 128, 128], 'kernel_size': 5, 'dropout': 0.1, 'lr': 0.003, 'weight_decay': 0.01} | Val AUC: 0.8366
[INFO] Config 61/486: {'num_channels': [128, 128, 128], 'kernel_size': 5, 'dropout': 0.1, 'lr': 0.005, 'weight_decay': 0.0001} | Val AUC: 0.8337
[INFO] Config 62/486: {'num_channels': [128, 128, 128], 'kernel_size': 5, 'dropout': 0.1, 'lr': 0.005, 'weight_decay': 0.001} | Val AUC: 0.8338
[INFO] Config 63/486: {'num_channels': [128, 128, 128], 'kernel_size': 5, 'dropout': 0.1, 'lr': 0.005, 'weight_decay': 0.01} | Val AUC: 0.8372
[INFO] Config 64/486: {'num_channels': [128, 128, 128], 'kernel_size': 5, 'dropout': 0.3, 'lr': 0.001, 'weight_decay': 0.0001} | Val AUC: 0.8313
[INFO] Config 65/486: {'num_channels': [128, 128, 128], 'kernel_size': 5, 'dropout': 0.3, 'lr': 0.001, 'weight_decay': 0.001} | Val AUC: 0.8322
[INFO] Config 66/486: {'num_channels': [128, 128, 128], 'kernel_size': 5, 'dropout': 0.3, 'lr': 0.001, 'weight_decay': 0.01} | Val AUC: 0.8310
[INFO] Config 67/486: {'num_channels': [128, 128, 128], 'kernel_size': 5, 'dropout': 0.3, 'lr': 0.003, 'weight_decay': 0.0001} | Val AUC: 0.8349
[INFO] Config 68/486: {'num_channels': [128, 128, 128], 'kernel_size': 5, 'dropout': 0.3, 'lr': 0.003, 'weight_decay': 0.001} | Val AUC: 0.8321
[INFO] Config 69/486: {'num_channels': [128, 128, 128], 'kernel_size': 5, 'dropout': 0.3, 'lr': 0.003, 'weight_decay': 0.01} | Val AUC: 0.8313
[INFO] Config 70/486: {'num_channels': [128, 128, 128], 'kernel_size': 5, 'dropout': 0.3, 'lr': 0.005, 'weight_decay': 0.0001} | Val AUC: 0.8323
[INFO] Config 71/486: {'num_channels': [128, 128, 128], 'kernel_size': 5, 'dropout': 0.3, 'lr': 0.005, 'weight_decay': 0.001} | Val AUC: 0.8297
[INFO] Config 72/486: {'num_channels': [128, 128, 128], 'kernel_size': 5, 'dropout': 0.3, 'lr': 0.005, 'weight_decay': 0.01} | Val AUC: 0.8276
[INFO] Config 73/486: {'num_channels': [128, 128, 128], 'kernel_size': 5, 'dropout': 0.5, 'lr': 0.001, 'weight_decay': 0.0001} | Val AUC: 0.8290
[INFO] Config 74/486: {'num_channels': [128, 128, 128], 'kernel_size': 5, 'dropout': 0.5, 'lr': 0.001, 'weight_decay': 0.001} | Val AUC: 0.8262
[INFO] Config 75/486: {'num_channels': [128, 128, 128], 'kernel_size': 5, 'dropout': 0.5, 'lr': 0.001, 'weight_decay': 0.01} | Val AUC: 0.8254
[INFO] Config 76/486: {'num_channels': [128, 128, 128], 'kernel_size': 5, 'dropout': 0.5, 'lr': 0.003, 'weight_decay': 0.0001} | Val AUC: 0.8265
[INFO] Config 77/486: {'num_channels': [128, 128, 128], 'kernel_size': 5, 'dropout': 0.5, 'lr': 0.003, 'weight_decay': 0.001} | Val AUC: 0.8274
[INFO] Config 78/486: {'num_channels': [128, 128, 128], 'kernel_size': 5, 'dropout': 0.5, 'lr': 0.003, 'weight_decay': 0.01} | Val AUC: 0.8271
[INFO] Config 79/486: {'num_channels': [128, 128, 128], 'kernel_size': 5, 'dropout': 0.5, 'lr': 0.005, 'weight_decay': 0.0001} | Val AUC: 0.8214
[INFO] Config 80/486: {'num_channels': [128, 128, 128], 'kernel_size': 5, 'dropout': 0.5, 'lr': 0.005, 'weight_decay': 0.001} | Val AUC: 0.8243
[INFO] Config 81/486: {'num_channels': [128, 128, 128], 'kernel_size': 5, 'dropout': 0.5, 'lr': 0.005, 'weight_decay': 0.01} | Val AUC: 0.8163
[INFO] Config 82/486: {'num_channels': [256, 256, 256], 'kernel_size': 2, 'dropout': 0.1, 'lr': 0.001, 'weight_decay': 0.0001} | Val AUC: 0.8401
[INFO] Config 83/486: {'num_channels': [256, 256, 256], 'kernel_size': 2, 'dropout': 0.1, 'lr': 0.001, 'weight_decay': 0.001} | Val AUC: 0.8413
[INFO] Config 84/486: {'num_channels': [256, 256, 256], 'kernel_size': 2, 'dropout': 0.1, 'lr': 0.001, 'weight_decay': 0.01} | Val AUC: 0.8394
[INFO] Config 85/486: {'num_channels': [256, 256, 256], 'kernel_size': 2, 'dropout': 0.1, 'lr': 0.003, 'weight_decay': 0.0001} | Val AUC: 0.8442
[INFO] Config 86/486: {'num_channels': [256, 256, 256], 'kernel_size': 2, 'dropout': 0.1, 'lr': 0.003, 'weight_decay': 0.001} | Val AUC: 0.8441
[INFO] Config 87/486: {'num_channels': [256, 256, 256], 'kernel_size': 2, 'dropout': 0.1, 'lr': 0.003, 'weight_decay': 0.01} | Val AUC: 0.8457
[INFO] Config 88/486: {'num_channels': [256, 256, 256], 'kernel_size': 2, 'dropout': 0.1, 'lr': 0.005, 'weight_decay': 0.0001} | Val AUC: 0.8431
[INFO] Config 89/486: {'num_channels': [256, 256, 256], 'kernel_size': 2, 'dropout': 0.1, 'lr': 0.005, 'weight_decay': 0.001} | Val AUC: 0.8432
[INFO] Config 90/486: {'num_channels': [256, 256, 256], 'kernel_size': 2, 'dropout': 0.1, 'lr': 0.005, 'weight_decay': 0.01} | Val AUC: 0.8428
[INFO] Config 91/486: {'num_channels': [256, 256, 256], 'kernel_size': 2, 'dropout': 0.3, 'lr': 0.001, 'weight_decay': 0.0001} | Val AUC: 0.8332
[INFO] Config 92/486: {'num_channels': [256, 256, 256], 'kernel_size': 2, 'dropout': 0.3, 'lr': 0.001, 'weight_decay': 0.001} | Val AUC: 0.8341
[INFO] Config 93/486: {'num_channels': [256, 256, 256], 'kernel_size': 2, 'dropout': 0.3, 'lr': 0.001, 'weight_decay': 0.01} | Val AUC: 0.8321
[INFO] Config 94/486: {'num_channels': [256, 256, 256], 'kernel_size': 2, 'dropout': 0.3, 'lr': 0.003, 'weight_decay': 0.0001} | Val AUC: 0.8402
[INFO] Config 95/486: {'num_channels': [256, 256, 256], 'kernel_size': 2, 'dropout': 0.3, 'lr': 0.003, 'weight_decay': 0.001} | Val AUC: 0.8417
[INFO] Config 96/486: {'num_channels': [256, 256, 256], 'kernel_size': 2, 'dropout': 0.3, 'lr': 0.003, 'weight_decay': 0.01} | Val AUC: 0.8423
[INFO] Config 97/486: {'num_channels': [256, 256, 256], 'kernel_size': 2, 'dropout': 0.3, 'lr': 0.005, 'weight_decay': 0.0001} | Val AUC: 0.8388
[INFO] Config 98/486: {'num_channels': [256, 256, 256], 'kernel_size': 2, 'dropout': 0.3, 'lr': 0.005, 'weight_decay': 0.001} | Val AUC: 0.8421
[INFO] Config 99/486: {'num_channels': [256, 256, 256], 'kernel_size': 2, 'dropout': 0.3, 'lr': 0.005, 'weight_decay': 0.01} | Val AUC: 0.8410
[INFO] Config 100/486: {'num_channels': [256, 256, 256], 'kernel_size': 2, 'dropout': 0.5, 'lr': 0.001, 'weight_decay': 0.0001} | Val AUC: 0.8231
[INFO] Config 101/486: {'num_channels': [256, 256, 256], 'kernel_size': 2, 'dropout': 0.5, 'lr': 0.001, 'weight_decay': 0.001} | Val AUC: 0.8239
[INFO] Config 102/486: {'num_channels': [256, 256, 256], 'kernel_size': 2, 'dropout': 0.5, 'lr': 0.001, 'weight_decay': 0.01} | Val AUC: 0.8228
[INFO] Config 103/486: {'num_channels': [256, 256, 256], 'kernel_size': 2, 'dropout': 0.5, 'lr': 0.003, 'weight_decay': 0.0001} | Val AUC: 0.8370
[INFO] Config 104/486: {'num_channels': [256, 256, 256], 'kernel_size': 2, 'dropout': 0.5, 'lr': 0.003, 'weight_decay': 0.001} | Val AUC: 0.8360
[INFO] Config 105/486: {'num_channels': [256, 256, 256], 'kernel_size': 2, 'dropout': 0.5, 'lr': 0.003, 'weight_decay': 0.01} | Val AUC: 0.8382
[INFO] Config 106/486: {'num_channels': [256, 256, 256], 'kernel_size': 2, 'dropout': 0.5, 'lr': 0.005, 'weight_decay': 0.0001} | Val AUC: 0.8380
[INFO] Config 107/486: {'num_channels': [256, 256, 256], 'kernel_size': 2, 'dropout': 0.5, 'lr': 0.005, 'weight_decay': 0.001} | Val AUC: 0.8395
[INFO] Config 108/486: {'num_channels': [256, 256, 256], 'kernel_size': 2, 'dropout': 0.5, 'lr': 0.005, 'weight_decay': 0.01} | Val AUC: 0.8362
[INFO] Config 109/486: {'num_channels': [256, 256, 256], 'kernel_size': 3, 'dropout': 0.1, 'lr': 0.001, 'weight_decay': 0.0001} | Val AUC: 0.8394
[INFO] Config 110/486: {'num_channels': [256, 256, 256], 'kernel_size': 3, 'dropout': 0.1, 'lr': 0.001, 'weight_decay': 0.001} | Val AUC: 0.8401
[INFO] Config 111/486: {'num_channels': [256, 256, 256], 'kernel_size': 3, 'dropout': 0.1, 'lr': 0.001, 'weight_decay': 0.01} | Val AUC: 0.8397
[INFO] Config 112/486: {'num_channels': [256, 256, 256], 'kernel_size': 3, 'dropout': 0.1, 'lr': 0.003, 'weight_decay': 0.0001} | Val AUC: 0.8420
[INFO] Config 113/486: {'num_channels': [256, 256, 256], 'kernel_size': 3, 'dropout': 0.1, 'lr': 0.003, 'weight_decay': 0.001} | Val AUC: 0.8414
[INFO] Config 114/486: {'num_channels': [256, 256, 256], 'kernel_size': 3, 'dropout': 0.1, 'lr': 0.003, 'weight_decay': 0.01} | Val AUC: 0.8424
[INFO] Config 115/486: {'num_channels': [256, 256, 256], 'kernel_size': 3, 'dropout': 0.1, 'lr': 0.005, 'weight_decay': 0.0001} | Val AUC: 0.8399
[INFO] Config 116/486: {'num_channels': [256, 256, 256], 'kernel_size': 3, 'dropout': 0.1, 'lr': 0.005, 'weight_decay': 0.001} | Val AUC: 0.8383
[INFO] Config 117/486: {'num_channels': [256, 256, 256], 'kernel_size': 3, 'dropout': 0.1, 'lr': 0.005, 'weight_decay': 0.01} | Val AUC: 0.8401
[INFO] Config 118/486: {'num_channels': [256, 256, 256], 'kernel_size': 3, 'dropout': 0.3, 'lr': 0.001, 'weight_decay': 0.0001} | Val AUC: 0.8359
[INFO] Config 119/486: {'num_channels': [256, 256, 256], 'kernel_size': 3, 'dropout': 0.3, 'lr': 0.001, 'weight_decay': 0.001} | Val AUC: 0.8336
[INFO] Config 120/486: {'num_channels': [256, 256, 256], 'kernel_size': 3, 'dropout': 0.3, 'lr': 0.001, 'weight_decay': 0.01} | Val AUC: 0.8354
[INFO] Config 121/486: {'num_channels': [256, 256, 256], 'kernel_size': 3, 'dropout': 0.3, 'lr': 0.003, 'weight_decay': 0.0001} | Val AUC: 0.8405
[INFO] Config 122/486: {'num_channels': [256, 256, 256], 'kernel_size': 3, 'dropout': 0.3, 'lr': 0.003, 'weight_decay': 0.001} | Val AUC: 0.8406
[INFO] Config 123/486: {'num_channels': [256, 256, 256], 'kernel_size': 3, 'dropout': 0.3, 'lr': 0.003, 'weight_decay': 0.01} | Val AUC: 0.8418
[INFO] Config 124/486: {'num_channels': [256, 256, 256], 'kernel_size': 3, 'dropout': 0.3, 'lr': 0.005, 'weight_decay': 0.0001} | Val AUC: 0.8393
[INFO] Config 125/486: {'num_channels': [256, 256, 256], 'kernel_size': 3, 'dropout': 0.3, 'lr': 0.005, 'weight_decay': 0.001} | Val AUC: 0.8338
[INFO] Config 126/486: {'num_channels': [256, 256, 256], 'kernel_size': 3, 'dropout': 0.3, 'lr': 0.005, 'weight_decay': 0.01} | Val AUC: 0.8381
[INFO] Config 127/486: {'num_channels': [256, 256, 256], 'kernel_size': 3, 'dropout': 0.5, 'lr': 0.001, 'weight_decay': 0.0001} | Val AUC: 0.8270
[INFO] Config 128/486: {'num_channels': [256, 256, 256], 'kernel_size': 3, 'dropout': 0.5, 'lr': 0.001, 'weight_decay': 0.001} | Val AUC: 0.8276
[INFO] Config 129/486: {'num_channels': [256, 256, 256], 'kernel_size': 3, 'dropout': 0.5, 'lr': 0.001, 'weight_decay': 0.01} | Val AUC: 0.8275
[INFO] Config 130/486: {'num_channels': [256, 256, 256], 'kernel_size': 3, 'dropout': 0.5, 'lr': 0.003, 'weight_decay': 0.0001} | Val AUC: 0.8349
[INFO] Config 131/486: {'num_channels': [256, 256, 256], 'kernel_size': 3, 'dropout': 0.5, 'lr': 0.003, 'weight_decay': 0.001} | Val AUC: 0.8367
[INFO] Config 132/486: {'num_channels': [256, 256, 256], 'kernel_size': 3, 'dropout': 0.5, 'lr': 0.003, 'weight_decay': 0.01} | Val AUC: 0.8382
[INFO] Config 133/486: {'num_channels': [256, 256, 256], 'kernel_size': 3, 'dropout': 0.5, 'lr': 0.005, 'weight_decay': 0.0001} | Val AUC: 0.8341
[INFO] Config 134/486: {'num_channels': [256, 256, 256], 'kernel_size': 3, 'dropout': 0.5, 'lr': 0.005, 'weight_decay': 0.001} | Val AUC: 0.8328
[INFO] Config 135/486: {'num_channels': [256, 256, 256], 'kernel_size': 3, 'dropout': 0.5, 'lr': 0.005, 'weight_decay': 0.01} | Val AUC: 0.8335
[INFO] Config 136/486: {'num_channels': [256, 256, 256], 'kernel_size': 5, 'dropout': 0.1, 'lr': 0.001, 'weight_decay': 0.0001} | Val AUC: 0.8367
[INFO] Config 137/486: {'num_channels': [256, 256, 256], 'kernel_size': 5, 'dropout': 0.1, 'lr': 0.001, 'weight_decay': 0.001} | Val AUC: 0.8343
[INFO] Config 138/486: {'num_channels': [256, 256, 256], 'kernel_size': 5, 'dropout': 0.1, 'lr': 0.001, 'weight_decay': 0.01} | Val AUC: 0.8388
[INFO] Config 139/486: {'num_channels': [256, 256, 256], 'kernel_size': 5, 'dropout': 0.1, 'lr': 0.003, 'weight_decay': 0.0001} | Val AUC: 0.8306
[INFO] Config 140/486: {'num_channels': [256, 256, 256], 'kernel_size': 5, 'dropout': 0.1, 'lr': 0.003, 'weight_decay': 0.001} | Val AUC: 0.8373
[INFO] Config 141/486: {'num_channels': [256, 256, 256], 'kernel_size': 5, 'dropout': 0.1, 'lr': 0.003, 'weight_decay': 0.01} | Val AUC: 0.8367
[INFO] Config 142/486: {'num_channels': [256, 256, 256], 'kernel_size': 5, 'dropout': 0.1, 'lr': 0.005, 'weight_decay': 0.0001} | Val AUC: 0.8336
[INFO] Config 143/486: {'num_channels': [256, 256, 256], 'kernel_size': 5, 'dropout': 0.1, 'lr': 0.005, 'weight_decay': 0.001} | Val AUC: 0.8330
[INFO] Config 144/486: {'num_channels': [256, 256, 256], 'kernel_size': 5, 'dropout': 0.1, 'lr': 0.005, 'weight_decay': 0.01} | Val AUC: 0.8376
[INFO] Config 145/486: {'num_channels': [256, 256, 256], 'kernel_size': 5, 'dropout': 0.3, 'lr': 0.001, 'weight_decay': 0.0001} | Val AUC: 0.8299
[INFO] Config 146/486: {'num_channels': [256, 256, 256], 'kernel_size': 5, 'dropout': 0.3, 'lr': 0.001, 'weight_decay': 0.001} | Val AUC: 0.8321
[INFO] Config 147/486: {'num_channels': [256, 256, 256], 'kernel_size': 5, 'dropout': 0.3, 'lr': 0.001, 'weight_decay': 0.01} | Val AUC: 0.8302
[INFO] Config 148/486: {'num_channels': [256, 256, 256], 'kernel_size': 5, 'dropout': 0.3, 'lr': 0.003, 'weight_decay': 0.0001} | Val AUC: 0.8317
[INFO] Config 149/486: {'num_channels': [256, 256, 256], 'kernel_size': 5, 'dropout': 0.3, 'lr': 0.003, 'weight_decay': 0.001} | Val AUC: 0.8319
[INFO] Config 150/486: {'num_channels': [256, 256, 256], 'kernel_size': 5, 'dropout': 0.3, 'lr': 0.003, 'weight_decay': 0.01} | Val AUC: 0.8320
[INFO] Config 151/486: {'num_channels': [256, 256, 256], 'kernel_size': 5, 'dropout': 0.3, 'lr': 0.005, 'weight_decay': 0.0001} | Val AUC: 0.8241
[INFO] Config 152/486: {'num_channels': [256, 256, 256], 'kernel_size': 5, 'dropout': 0.3, 'lr': 0.005, 'weight_decay': 0.001} | Val AUC: 0.8297
[INFO] Config 153/486: {'num_channels': [256, 256, 256], 'kernel_size': 5, 'dropout': 0.3, 'lr': 0.005, 'weight_decay': 0.01} | Val AUC: 0.8309
[INFO] Config 154/486: {'num_channels': [256, 256, 256], 'kernel_size': 5, 'dropout': 0.5, 'lr': 0.001, 'weight_decay': 0.0001} | Val AUC: 0.8280
[INFO] Config 155/486: {'num_channels': [256, 256, 256], 'kernel_size': 5, 'dropout': 0.5, 'lr': 0.001, 'weight_decay': 0.001} | Val AUC: 0.8281
[INFO] Config 156/486: {'num_channels': [256, 256, 256], 'kernel_size': 5, 'dropout': 0.5, 'lr': 0.001, 'weight_decay': 0.01} | Val AUC: 0.8258
[INFO] Config 157/486: {'num_channels': [256, 256, 256], 'kernel_size': 5, 'dropout': 0.5, 'lr': 0.003, 'weight_decay': 0.0001} | Val AUC: 0.8291
[INFO] Config 158/486: {'num_channels': [256, 256, 256], 'kernel_size': 5, 'dropout': 0.5, 'lr': 0.003, 'weight_decay': 0.001} | Val AUC: 0.8279
[INFO] Config 159/486: {'num_channels': [256, 256, 256], 'kernel_size': 5, 'dropout': 0.5, 'lr': 0.003, 'weight_decay': 0.01} | Val AUC: 0.8251
[INFO] Config 160/486: {'num_channels': [256, 256, 256], 'kernel_size': 5, 'dropout': 0.5, 'lr': 0.005, 'weight_decay': 0.0001} | Val AUC: 0.8259
[INFO] Config 161/486: {'num_channels': [256, 256, 256], 'kernel_size': 5, 'dropout': 0.5, 'lr': 0.005, 'weight_decay': 0.001} | Val AUC: 0.8223
[INFO] Config 162/486: {'num_channels': [256, 256, 256], 'kernel_size': 5, 'dropout': 0.5, 'lr': 0.005, 'weight_decay': 0.01} | Val AUC: 0.8274
[INFO] Config 163/486: {'num_channels': [128, 256, 512], 'kernel_size': 2, 'dropout': 0.1, 'lr': 0.001, 'weight_decay': 0.0001} | Val AUC: 0.8375
[INFO] Config 164/486: {'num_channels': [128, 256, 512], 'kernel_size': 2, 'dropout': 0.1, 'lr': 0.001, 'weight_decay': 0.001} | Val AUC: 0.8405
[INFO] Config 165/486: {'num_channels': [128, 256, 512], 'kernel_size': 2, 'dropout': 0.1, 'lr': 0.001, 'weight_decay': 0.01} | Val AUC: 0.8375
[INFO] Config 166/486: {'num_channels': [128, 256, 512], 'kernel_size': 2, 'dropout': 0.1, 'lr': 0.003, 'weight_decay': 0.0001} | Val AUC: 0.8441
[INFO] Config 167/486: {'num_channels': [128, 256, 512], 'kernel_size': 2, 'dropout': 0.1, 'lr': 0.003, 'weight_decay': 0.001} | Val AUC: 0.8416
[INFO] Config 168/486: {'num_channels': [128, 256, 512], 'kernel_size': 2, 'dropout': 0.1, 'lr': 0.003, 'weight_decay': 0.01} | Val AUC: 0.8425
[INFO] Config 169/486: {'num_channels': [128, 256, 512], 'kernel_size': 2, 'dropout': 0.1, 'lr': 0.005, 'weight_decay': 0.0001} | Val AUC: 0.8429
[INFO] Config 170/486: {'num_channels': [128, 256, 512], 'kernel_size': 2, 'dropout': 0.1, 'lr': 0.005, 'weight_decay': 0.001} | Val AUC: 0.8390
[INFO] Config 171/486: {'num_channels': [128, 256, 512], 'kernel_size': 2, 'dropout': 0.1, 'lr': 0.005, 'weight_decay': 0.01} | Val AUC: 0.8402
[INFO] Config 172/486: {'num_channels': [128, 256, 512], 'kernel_size': 2, 'dropout': 0.3, 'lr': 0.001, 'weight_decay': 0.0001} | Val AUC: 0.8294
[INFO] Config 173/486: {'num_channels': [128, 256, 512], 'kernel_size': 2, 'dropout': 0.3, 'lr': 0.001, 'weight_decay': 0.001} | Val AUC: 0.8272
[INFO] Config 174/486: {'num_channels': [128, 256, 512], 'kernel_size': 2, 'dropout': 0.3, 'lr': 0.001, 'weight_decay': 0.01} | Val AUC: 0.8268
[INFO] Config 175/486: {'num_channels': [128, 256, 512], 'kernel_size': 2, 'dropout': 0.3, 'lr': 0.003, 'weight_decay': 0.0001} | Val AUC: 0.8380
[INFO] Config 176/486: {'num_channels': [128, 256, 512], 'kernel_size': 2, 'dropout': 0.3, 'lr': 0.003, 'weight_decay': 0.001} | Val AUC: 0.8377
[INFO] Config 177/486: {'num_channels': [128, 256, 512], 'kernel_size': 2, 'dropout': 0.3, 'lr': 0.003, 'weight_decay': 0.01} | Val AUC: 0.8389
[INFO] Config 178/486: {'num_channels': [128, 256, 512], 'kernel_size': 2, 'dropout': 0.3, 'lr': 0.005, 'weight_decay': 0.0001} | Val AUC: 0.8367
[INFO] Config 179/486: {'num_channels': [128, 256, 512], 'kernel_size': 2, 'dropout': 0.3, 'lr': 0.005, 'weight_decay': 0.001} | Val AUC: 0.8387
[INFO] Config 180/486: {'num_channels': [128, 256, 512], 'kernel_size': 2, 'dropout': 0.3, 'lr': 0.005, 'weight_decay': 0.01} | Val AUC: 0.8399
[INFO] Config 181/486: {'num_channels': [128, 256, 512], 'kernel_size': 2, 'dropout': 0.5, 'lr': 0.001, 'weight_decay': 0.0001} | Val AUC: 0.8144
[INFO] Config 182/486: {'num_channels': [128, 256, 512], 'kernel_size': 2, 'dropout': 0.5, 'lr': 0.001, 'weight_decay': 0.001} | Val AUC: 0.8178
[INFO] Config 183/486: {'num_channels': [128, 256, 512], 'kernel_size': 2, 'dropout': 0.5, 'lr': 0.001, 'weight_decay': 0.01} | Val AUC: 0.8180
[INFO] Config 184/486: {'num_channels': [128, 256, 512], 'kernel_size': 2, 'dropout': 0.5, 'lr': 0.003, 'weight_decay': 0.0001} | Val AUC: 0.8305
[INFO] Config 185/486: {'num_channels': [128, 256, 512], 'kernel_size': 2, 'dropout': 0.5, 'lr': 0.003, 'weight_decay': 0.001} | Val AUC: 0.8311
[INFO] Config 186/486: {'num_channels': [128, 256, 512], 'kernel_size': 2, 'dropout': 0.5, 'lr': 0.003, 'weight_decay': 0.01} | Val AUC: 0.8313
[INFO] Config 187/486: {'num_channels': [128, 256, 512], 'kernel_size': 2, 'dropout': 0.5, 'lr': 0.005, 'weight_decay': 0.0001} | Val AUC: 0.8341
[INFO] Config 188/486: {'num_channels': [128, 256, 512], 'kernel_size': 2, 'dropout': 0.5, 'lr': 0.005, 'weight_decay': 0.001} | Val AUC: 0.8336
[INFO] Config 189/486: {'num_channels': [128, 256, 512], 'kernel_size': 2, 'dropout': 0.5, 'lr': 0.005, 'weight_decay': 0.01} | Val AUC: 0.8322
[INFO] Config 190/486: {'num_channels': [128, 256, 512], 'kernel_size': 3, 'dropout': 0.1, 'lr': 0.001, 'weight_decay': 0.0001} | Val AUC: 0.8373
[INFO] Config 191/486: {'num_channels': [128, 256, 512], 'kernel_size': 3, 'dropout': 0.1, 'lr': 0.001, 'weight_decay': 0.001} | Val AUC: 0.8379
[INFO] Config 192/486: {'num_channels': [128, 256, 512], 'kernel_size': 3, 'dropout': 0.1, 'lr': 0.001, 'weight_decay': 0.01} | Val AUC: 0.8373
[INFO] Config 193/486: {'num_channels': [128, 256, 512], 'kernel_size': 3, 'dropout': 0.1, 'lr': 0.003, 'weight_decay': 0.0001} | Val AUC: 0.8426
[INFO] Config 194/486: {'num_channels': [128, 256, 512], 'kernel_size': 3, 'dropout': 0.1, 'lr': 0.003, 'weight_decay': 0.001} | Val AUC: 0.8435
[INFO] Config 195/486: {'num_channels': [128, 256, 512], 'kernel_size': 3, 'dropout': 0.1, 'lr': 0.003, 'weight_decay': 0.01} | Val AUC: 0.8399
[INFO] Config 196/486: {'num_channels': [128, 256, 512], 'kernel_size': 3, 'dropout': 0.1, 'lr': 0.005, 'weight_decay': 0.0001} | Val AUC: 0.8361
[INFO] Config 197/486: {'num_channels': [128, 256, 512], 'kernel_size': 3, 'dropout': 0.1, 'lr': 0.005, 'weight_decay': 0.001} | Val AUC: 0.8375
[INFO] Config 198/486: {'num_channels': [128, 256, 512], 'kernel_size': 3, 'dropout': 0.1, 'lr': 0.005, 'weight_decay': 0.01} | Val AUC: 0.8394
[INFO] Config 199/486: {'num_channels': [128, 256, 512], 'kernel_size': 3, 'dropout': 0.3, 'lr': 0.001, 'weight_decay': 0.0001} | Val AUC: 0.8274
[INFO] Config 200/486: {'num_channels': [128, 256, 512], 'kernel_size': 3, 'dropout': 0.3, 'lr': 0.001, 'weight_decay': 0.001} | Val AUC: 0.8298
[INFO] Config 201/486: {'num_channels': [128, 256, 512], 'kernel_size': 3, 'dropout': 0.3, 'lr': 0.001, 'weight_decay': 0.01} | Val AUC: 0.8309
[INFO] Config 202/486: {'num_channels': [128, 256, 512], 'kernel_size': 3, 'dropout': 0.3, 'lr': 0.003, 'weight_decay': 0.0001} | Val AUC: 0.8339
[INFO] Config 203/486: {'num_channels': [128, 256, 512], 'kernel_size': 3, 'dropout': 0.3, 'lr': 0.003, 'weight_decay': 0.001} | Val AUC: 0.8330
[INFO] Config 204/486: {'num_channels': [128, 256, 512], 'kernel_size': 3, 'dropout': 0.3, 'lr': 0.003, 'weight_decay': 0.01} | Val AUC: 0.8378
[INFO] Config 205/486: {'num_channels': [128, 256, 512], 'kernel_size': 3, 'dropout': 0.3, 'lr': 0.005, 'weight_decay': 0.0001} | Val AUC: 0.8373
[INFO] Config 206/486: {'num_channels': [128, 256, 512], 'kernel_size': 3, 'dropout': 0.3, 'lr': 0.005, 'weight_decay': 0.001} | Val AUC: 0.8364
[INFO] Config 207/486: {'num_channels': [128, 256, 512], 'kernel_size': 3, 'dropout': 0.3, 'lr': 0.005, 'weight_decay': 0.01} | Val AUC: 0.8316
[INFO] Config 208/486: {'num_channels': [128, 256, 512], 'kernel_size': 3, 'dropout': 0.5, 'lr': 0.001, 'weight_decay': 0.0001} | Val AUC: 0.8205
[INFO] Config 209/486: {'num_channels': [128, 256, 512], 'kernel_size': 3, 'dropout': 0.5, 'lr': 0.001, 'weight_decay': 0.001} | Val AUC: 0.8220
[INFO] Config 210/486: {'num_channels': [128, 256, 512], 'kernel_size': 3, 'dropout': 0.5, 'lr': 0.001, 'weight_decay': 0.01} | Val AUC: 0.8240
[INFO] Config 211/486: {'num_channels': [128, 256, 512], 'kernel_size': 3, 'dropout': 0.5, 'lr': 0.003, 'weight_decay': 0.0001} | Val AUC: 0.8286
[INFO] Config 212/486: {'num_channels': [128, 256, 512], 'kernel_size': 3, 'dropout': 0.5, 'lr': 0.003, 'weight_decay': 0.001} | Val AUC: 0.8233
[INFO] Config 213/486: {'num_channels': [128, 256, 512], 'kernel_size': 3, 'dropout': 0.5, 'lr': 0.003, 'weight_decay': 0.01} | Val AUC: 0.8251
[INFO] Config 214/486: {'num_channels': [128, 256, 512], 'kernel_size': 3, 'dropout': 0.5, 'lr': 0.005, 'weight_decay': 0.0001} | Val AUC: 0.8292
[INFO] Config 215/486: {'num_channels': [128, 256, 512], 'kernel_size': 3, 'dropout': 0.5, 'lr': 0.005, 'weight_decay': 0.001} | Val AUC: 0.8304
[INFO] Config 216/486: {'num_channels': [128, 256, 512], 'kernel_size': 3, 'dropout': 0.5, 'lr': 0.005, 'weight_decay': 0.01} | Val AUC: 0.8247
[INFO] Config 217/486: {'num_channels': [128, 256, 512], 'kernel_size': 5, 'dropout': 0.1, 'lr': 0.001, 'weight_decay': 0.0001} | Val AUC: 0.8332
[INFO] Config 218/486: {'num_channels': [128, 256, 512], 'kernel_size': 5, 'dropout': 0.1, 'lr': 0.001, 'weight_decay': 0.001} | Val AUC: 0.8326
[INFO] Config 219/486: {'num_channels': [128, 256, 512], 'kernel_size': 5, 'dropout': 0.1, 'lr': 0.001, 'weight_decay': 0.01} | Val AUC: 0.8308
[INFO] Config 220/486: {'num_channels': [128, 256, 512], 'kernel_size': 5, 'dropout': 0.1, 'lr': 0.003, 'weight_decay': 0.0001} | Val AUC: 0.8346
[INFO] Config 221/486: {'num_channels': [128, 256, 512], 'kernel_size': 5, 'dropout': 0.1, 'lr': 0.003, 'weight_decay': 0.001} | Val AUC: 0.8327
[INFO] Config 222/486: {'num_channels': [128, 256, 512], 'kernel_size': 5, 'dropout': 0.1, 'lr': 0.003, 'weight_decay': 0.01} | Val AUC: 0.8325
[INFO] Config 223/486: {'num_channels': [128, 256, 512], 'kernel_size': 5, 'dropout': 0.1, 'lr': 0.005, 'weight_decay': 0.0001} | Val AUC: 0.8285
[INFO] Config 224/486: {'num_channels': [128, 256, 512], 'kernel_size': 5, 'dropout': 0.1, 'lr': 0.005, 'weight_decay': 0.001} | Val AUC: 0.8331
[INFO] Config 225/486: {'num_channels': [128, 256, 512], 'kernel_size': 5, 'dropout': 0.1, 'lr': 0.005, 'weight_decay': 0.01} | Val AUC: 0.8304
[INFO] Config 226/486: {'num_channels': [128, 256, 512], 'kernel_size': 5, 'dropout': 0.3, 'lr': 0.001, 'weight_decay': 0.0001} | Val AUC: 0.8266
[INFO] Config 227/486: {'num_channels': [128, 256, 512], 'kernel_size': 5, 'dropout': 0.3, 'lr': 0.001, 'weight_decay': 0.001} | Val AUC: 0.8252
[INFO] Config 228/486: {'num_channels': [128, 256, 512], 'kernel_size': 5, 'dropout': 0.3, 'lr': 0.001, 'weight_decay': 0.01} | Val AUC: 0.8266
[INFO] Config 229/486: {'num_channels': [128, 256, 512], 'kernel_size': 5, 'dropout': 0.3, 'lr': 0.003, 'weight_decay': 0.0001} | Val AUC: 0.8290
[INFO] Config 230/486: {'num_channels': [128, 256, 512], 'kernel_size': 5, 'dropout': 0.3, 'lr': 0.003, 'weight_decay': 0.001} | Val AUC: 0.8271
[INFO] Config 231/486: {'num_channels': [128, 256, 512], 'kernel_size': 5, 'dropout': 0.3, 'lr': 0.003, 'weight_decay': 0.01} | Val AUC: 0.8258
[INFO] Config 232/486: {'num_channels': [128, 256, 512], 'kernel_size': 5, 'dropout': 0.3, 'lr': 0.005, 'weight_decay': 0.0001} | Val AUC: 0.8273
[INFO] Config 233/486: {'num_channels': [128, 256, 512], 'kernel_size': 5, 'dropout': 0.3, 'lr': 0.005, 'weight_decay': 0.001} | Val AUC: 0.8303
[INFO] Config 234/486: {'num_channels': [128, 256, 512], 'kernel_size': 5, 'dropout': 0.3, 'lr': 0.005, 'weight_decay': 0.01} | Val AUC: 0.8262
[INFO] Config 235/486: {'num_channels': [128, 256, 512], 'kernel_size': 5, 'dropout': 0.5, 'lr': 0.001, 'weight_decay': 0.0001} | Val AUC: 0.8201
[INFO] Config 236/486: {'num_channels': [128, 256, 512], 'kernel_size': 5, 'dropout': 0.5, 'lr': 0.001, 'weight_decay': 0.001} | Val AUC: 0.8207
[INFO] Config 237/486: {'num_channels': [128, 256, 512], 'kernel_size': 5, 'dropout': 0.5, 'lr': 0.001, 'weight_decay': 0.01} | Val AUC: 0.8226
[INFO] Config 238/486: {'num_channels': [128, 256, 512], 'kernel_size': 5, 'dropout': 0.5, 'lr': 0.003, 'weight_decay': 0.0001} | Val AUC: 0.8202
[INFO] Config 239/486: {'num_channels': [128, 256, 512], 'kernel_size': 5, 'dropout': 0.5, 'lr': 0.003, 'weight_decay': 0.001} | Val AUC: 0.8235
[INFO] Config 240/486: {'num_channels': [128, 256, 512], 'kernel_size': 5, 'dropout': 0.5, 'lr': 0.003, 'weight_decay': 0.01} | Val AUC: 0.8224
[INFO] Config 241/486: {'num_channels': [128, 256, 512], 'kernel_size': 5, 'dropout': 0.5, 'lr': 0.005, 'weight_decay': 0.0001} | Val AUC: 0.8198
[INFO] Config 242/486: {'num_channels': [128, 256, 512], 'kernel_size': 5, 'dropout': 0.5, 'lr': 0.005, 'weight_decay': 0.001} | Val AUC: 0.8193
[INFO] Config 243/486: {'num_channels': [128, 256, 512], 'kernel_size': 5, 'dropout': 0.5, 'lr': 0.005, 'weight_decay': 0.01} | Val AUC: 0.8199
[INFO] Config 244/486: {'num_channels': [256, 512, 512], 'kernel_size': 2, 'dropout': 0.1, 'lr': 0.001, 'weight_decay': 0.0001} | Val AUC: 0.8409
[INFO] Config 245/486: {'num_channels': [256, 512, 512], 'kernel_size': 2, 'dropout': 0.1, 'lr': 0.001, 'weight_decay': 0.001} | Val AUC: 0.8423
[INFO] Config 246/486: {'num_channels': [256, 512, 512], 'kernel_size': 2, 'dropout': 0.1, 'lr': 0.001, 'weight_decay': 0.01} | Val AUC: 0.8403
[INFO] Config 247/486: {'num_channels': [256, 512, 512], 'kernel_size': 2, 'dropout': 0.1, 'lr': 0.003, 'weight_decay': 0.0001} | Val AUC: 0.8440
[INFO] Config 248/486: {'num_channels': [256, 512, 512], 'kernel_size': 2, 'dropout': 0.1, 'lr': 0.003, 'weight_decay': 0.001} | Val AUC: 0.8439
[INFO] Config 249/486: {'num_channels': [256, 512, 512], 'kernel_size': 2, 'dropout': 0.1, 'lr': 0.003, 'weight_decay': 0.01} | Val AUC: 0.8444
[INFO] Config 250/486: {'num_channels': [256, 512, 512], 'kernel_size': 2, 'dropout': 0.1, 'lr': 0.005, 'weight_decay': 0.0001} | Val AUC: 0.8435
[INFO] Config 251/486: {'num_channels': [256, 512, 512], 'kernel_size': 2, 'dropout': 0.1, 'lr': 0.005, 'weight_decay': 0.001} | Val AUC: 0.8445
[INFO] Config 252/486: {'num_channels': [256, 512, 512], 'kernel_size': 2, 'dropout': 0.1, 'lr': 0.005, 'weight_decay': 0.01} | Val AUC: 0.8439
[INFO] Config 253/486: {'num_channels': [256, 512, 512], 'kernel_size': 2, 'dropout': 0.3, 'lr': 0.001, 'weight_decay': 0.0001} | Val AUC: 0.8341
[INFO] Config 254/486: {'num_channels': [256, 512, 512], 'kernel_size': 2, 'dropout': 0.3, 'lr': 0.001, 'weight_decay': 0.001} | Val AUC: 0.8338
[INFO] Config 255/486: {'num_channels': [256, 512, 512], 'kernel_size': 2, 'dropout': 0.3, 'lr': 0.001, 'weight_decay': 0.01} | Val AUC: 0.8320
[INFO] Config 256/486: {'num_channels': [256, 512, 512], 'kernel_size': 2, 'dropout': 0.3, 'lr': 0.003, 'weight_decay': 0.0001} | Val AUC: 0.8416
[INFO] Config 257/486: {'num_channels': [256, 512, 512], 'kernel_size': 2, 'dropout': 0.3, 'lr': 0.003, 'weight_decay': 0.001} | Val AUC: 0.8421
[INFO] Config 258/486: {'num_channels': [256, 512, 512], 'kernel_size': 2, 'dropout': 0.3, 'lr': 0.003, 'weight_decay': 0.01} | Val AUC: 0.8419
[INFO] Config 259/486: {'num_channels': [256, 512, 512], 'kernel_size': 2, 'dropout': 0.3, 'lr': 0.005, 'weight_decay': 0.0001} | Val AUC: 0.8410
[INFO] Config 260/486: {'num_channels': [256, 512, 512], 'kernel_size': 2, 'dropout': 0.3, 'lr': 0.005, 'weight_decay': 0.001} | Val AUC: 0.8420
[INFO] Config 261/486: {'num_channels': [256, 512, 512], 'kernel_size': 2, 'dropout': 0.3, 'lr': 0.005, 'weight_decay': 0.01} | Val AUC: 0.8430
[INFO] Config 262/486: {'num_channels': [256, 512, 512], 'kernel_size': 2, 'dropout': 0.5, 'lr': 0.001, 'weight_decay': 0.0001} | Val AUC: 0.8265
[INFO] Config 263/486: {'num_channels': [256, 512, 512], 'kernel_size': 2, 'dropout': 0.5, 'lr': 0.001, 'weight_decay': 0.001} | Val AUC: 0.8274
[INFO] Config 264/486: {'num_channels': [256, 512, 512], 'kernel_size': 2, 'dropout': 0.5, 'lr': 0.001, 'weight_decay': 0.01} | Val AUC: 0.8274
[INFO] Config 265/486: {'num_channels': [256, 512, 512], 'kernel_size': 2, 'dropout': 0.5, 'lr': 0.003, 'weight_decay': 0.0001} | Val AUC: 0.8365
[INFO] Config 266/486: {'num_channels': [256, 512, 512], 'kernel_size': 2, 'dropout': 0.5, 'lr': 0.003, 'weight_decay': 0.001} | Val AUC: 0.8395
[INFO] Config 267/486: {'num_channels': [256, 512, 512], 'kernel_size': 2, 'dropout': 0.5, 'lr': 0.003, 'weight_decay': 0.01} | Val AUC: 0.8342
[INFO] Config 268/486: {'num_channels': [256, 512, 512], 'kernel_size': 2, 'dropout': 0.5, 'lr': 0.005, 'weight_decay': 0.0001} | Val AUC: 0.8379
[INFO] Config 269/486: {'num_channels': [256, 512, 512], 'kernel_size': 2, 'dropout': 0.5, 'lr': 0.005, 'weight_decay': 0.001} | Val AUC: 0.8386
[INFO] Config 270/486: {'num_channels': [256, 512, 512], 'kernel_size': 2, 'dropout': 0.5, 'lr': 0.005, 'weight_decay': 0.01} | Val AUC: 0.8393
[INFO] Config 271/486: {'num_channels': [256, 512, 512], 'kernel_size': 3, 'dropout': 0.1, 'lr': 0.001, 'weight_decay': 0.0001} | Val AUC: 0.8410
[INFO] Config 272/486: {'num_channels': [256, 512, 512], 'kernel_size': 3, 'dropout': 0.1, 'lr': 0.001, 'weight_decay': 0.001} | Val AUC: 0.8397
[INFO] Config 273/486: {'num_channels': [256, 512, 512], 'kernel_size': 3, 'dropout': 0.1, 'lr': 0.001, 'weight_decay': 0.01} | Val AUC: 0.8386
[INFO] Config 274/486: {'num_channels': [256, 512, 512], 'kernel_size': 3, 'dropout': 0.1, 'lr': 0.003, 'weight_decay': 0.0001} | Val AUC: 0.8364
[INFO] Config 275/486: {'num_channels': [256, 512, 512], 'kernel_size': 3, 'dropout': 0.1, 'lr': 0.003, 'weight_decay': 0.001} | Val AUC: 0.8412
[INFO] Config 276/486: {'num_channels': [256, 512, 512], 'kernel_size': 3, 'dropout': 0.1, 'lr': 0.003, 'weight_decay': 0.01} | Val AUC: 0.8415
[INFO] Config 277/486: {'num_channels': [256, 512, 512], 'kernel_size': 3, 'dropout': 0.1, 'lr': 0.005, 'weight_decay': 0.0001} | Val AUC: 0.8380
[INFO] Config 278/486: {'num_channels': [256, 512, 512], 'kernel_size': 3, 'dropout': 0.1, 'lr': 0.005, 'weight_decay': 0.001} | Val AUC: 0.8398
[INFO] Config 279/486: {'num_channels': [256, 512, 512], 'kernel_size': 3, 'dropout': 0.1, 'lr': 0.005, 'weight_decay': 0.01} | Val AUC: 0.8412
[INFO] Config 280/486: {'num_channels': [256, 512, 512], 'kernel_size': 3, 'dropout': 0.3, 'lr': 0.001, 'weight_decay': 0.0001} | Val AUC: 0.8348
[INFO] Config 281/486: {'num_channels': [256, 512, 512], 'kernel_size': 3, 'dropout': 0.3, 'lr': 0.001, 'weight_decay': 0.001} | Val AUC: 0.8324
[INFO] Config 282/486: {'num_channels': [256, 512, 512], 'kernel_size': 3, 'dropout': 0.3, 'lr': 0.001, 'weight_decay': 0.01} | Val AUC: 0.8334
[INFO] Config 283/486: {'num_channels': [256, 512, 512], 'kernel_size': 3, 'dropout': 0.3, 'lr': 0.003, 'weight_decay': 0.0001} | Val AUC: 0.8324
[INFO] Config 284/486: {'num_channels': [256, 512, 512], 'kernel_size': 3, 'dropout': 0.3, 'lr': 0.003, 'weight_decay': 0.001} | Val AUC: 0.8374
[INFO] Config 285/486: {'num_channels': [256, 512, 512], 'kernel_size': 3, 'dropout': 0.3, 'lr': 0.003, 'weight_decay': 0.01} | Val AUC: 0.8376
[INFO] Config 286/486: {'num_channels': [256, 512, 512], 'kernel_size': 3, 'dropout': 0.3, 'lr': 0.005, 'weight_decay': 0.0001} | Val AUC: 0.8351
[INFO] Config 287/486: {'num_channels': [256, 512, 512], 'kernel_size': 3, 'dropout': 0.3, 'lr': 0.005, 'weight_decay': 0.001} | Val AUC: 0.8331
[INFO] Config 288/486: {'num_channels': [256, 512, 512], 'kernel_size': 3, 'dropout': 0.3, 'lr': 0.005, 'weight_decay': 0.01} | Val AUC: 0.8348
[INFO] Config 289/486: {'num_channels': [256, 512, 512], 'kernel_size': 3, 'dropout': 0.5, 'lr': 0.001, 'weight_decay': 0.0001} | Val AUC: 0.8262
[INFO] Config 290/486: {'num_channels': [256, 512, 512], 'kernel_size': 3, 'dropout': 0.5, 'lr': 0.001, 'weight_decay': 0.001} | Val AUC: 0.8282
[INFO] Config 291/486: {'num_channels': [256, 512, 512], 'kernel_size': 3, 'dropout': 0.5, 'lr': 0.001, 'weight_decay': 0.01} | Val AUC: 0.8272
[INFO] Config 292/486: {'num_channels': [256, 512, 512], 'kernel_size': 3, 'dropout': 0.5, 'lr': 0.003, 'weight_decay': 0.0001} | Val AUC: 0.8297
[INFO] Config 293/486: {'num_channels': [256, 512, 512], 'kernel_size': 3, 'dropout': 0.5, 'lr': 0.003, 'weight_decay': 0.001} | Val AUC: 0.8290
[INFO] Config 294/486: {'num_channels': [256, 512, 512], 'kernel_size': 3, 'dropout': 0.5, 'lr': 0.003, 'weight_decay': 0.01} | Val AUC: 0.8318
[INFO] Config 295/486: {'num_channels': [256, 512, 512], 'kernel_size': 3, 'dropout': 0.5, 'lr': 0.005, 'weight_decay': 0.0001} | Val AUC: 0.8310
[INFO] Config 296/486: {'num_channels': [256, 512, 512], 'kernel_size': 3, 'dropout': 0.5, 'lr': 0.005, 'weight_decay': 0.001} | Val AUC: 0.8310
[INFO] Config 297/486: {'num_channels': [256, 512, 512], 'kernel_size': 3, 'dropout': 0.5, 'lr': 0.005, 'weight_decay': 0.01} | Val AUC: 0.8378
[INFO] Config 298/486: {'num_channels': [256, 512, 512], 'kernel_size': 5, 'dropout': 0.1, 'lr': 0.001, 'weight_decay': 0.0001} | Val AUC: 0.8374
[INFO] Config 299/486: {'num_channels': [256, 512, 512], 'kernel_size': 5, 'dropout': 0.1, 'lr': 0.001, 'weight_decay': 0.001} | Val AUC: 0.8324
[INFO] Config 300/486: {'num_channels': [256, 512, 512], 'kernel_size': 5, 'dropout': 0.1, 'lr': 0.001, 'weight_decay': 0.01} | Val AUC: 0.8311
[INFO] Config 301/486: {'num_channels': [256, 512, 512], 'kernel_size': 5, 'dropout': 0.1, 'lr': 0.003, 'weight_decay': 0.0001} | Val AUC: 0.8318
[INFO] Config 302/486: {'num_channels': [256, 512, 512], 'kernel_size': 5, 'dropout': 0.1, 'lr': 0.003, 'weight_decay': 0.001} | Val AUC: 0.8311
[INFO] Config 303/486: {'num_channels': [256, 512, 512], 'kernel_size': 5, 'dropout': 0.1, 'lr': 0.003, 'weight_decay': 0.01} | Val AUC: 0.8382
[INFO] Config 304/486: {'num_channels': [256, 512, 512], 'kernel_size': 5, 'dropout': 0.1, 'lr': 0.005, 'weight_decay': 0.0001} | Val AUC: 0.8354
[INFO] Config 305/486: {'num_channels': [256, 512, 512], 'kernel_size': 5, 'dropout': 0.1, 'lr': 0.005, 'weight_decay': 0.001} | Val AUC: 0.8311
[INFO] Config 306/486: {'num_channels': [256, 512, 512], 'kernel_size': 5, 'dropout': 0.1, 'lr': 0.005, 'weight_decay': 0.01} | Val AUC: 0.8299
[INFO] Config 307/486: {'num_channels': [256, 512, 512], 'kernel_size': 5, 'dropout': 0.3, 'lr': 0.001, 'weight_decay': 0.0001} | Val AUC: 0.8269
[INFO] Config 308/486: {'num_channels': [256, 512, 512], 'kernel_size': 5, 'dropout': 0.3, 'lr': 0.001, 'weight_decay': 0.001} | Val AUC: 0.8257
[INFO] Config 309/486: {'num_channels': [256, 512, 512], 'kernel_size': 5, 'dropout': 0.3, 'lr': 0.001, 'weight_decay': 0.01} | Val AUC: 0.8307
[INFO] Config 310/486: {'num_channels': [256, 512, 512], 'kernel_size': 5, 'dropout': 0.3, 'lr': 0.003, 'weight_decay': 0.0001} | Val AUC: 0.8291
[INFO] Config 311/486: {'num_channels': [256, 512, 512], 'kernel_size': 5, 'dropout': 0.3, 'lr': 0.003, 'weight_decay': 0.001} | Val AUC: 0.8311
[INFO] Config 312/486: {'num_channels': [256, 512, 512], 'kernel_size': 5, 'dropout': 0.3, 'lr': 0.003, 'weight_decay': 0.01} | Val AUC: 0.8284
[INFO] Config 313/486: {'num_channels': [256, 512, 512], 'kernel_size': 5, 'dropout': 0.3, 'lr': 0.005, 'weight_decay': 0.0001} | Val AUC: 0.8280
[INFO] Config 314/486: {'num_channels': [256, 512, 512], 'kernel_size': 5, 'dropout': 0.3, 'lr': 0.005, 'weight_decay': 0.001} | Val AUC: 0.8278
[INFO] Config 315/486: {'num_channels': [256, 512, 512], 'kernel_size': 5, 'dropout': 0.3, 'lr': 0.005, 'weight_decay': 0.01} | Val AUC: 0.8279
[INFO] Config 316/486: {'num_channels': [256, 512, 512], 'kernel_size': 5, 'dropout': 0.5, 'lr': 0.001, 'weight_decay': 0.0001} | Val AUC: 0.8223
[INFO] Config 317/486: {'num_channels': [256, 512, 512], 'kernel_size': 5, 'dropout': 0.5, 'lr': 0.001, 'weight_decay': 0.001} | Val AUC: 0.8220
[INFO] Config 318/486: {'num_channels': [256, 512, 512], 'kernel_size': 5, 'dropout': 0.5, 'lr': 0.001, 'weight_decay': 0.01} | Val AUC: 0.8219
[INFO] Config 319/486: {'num_channels': [256, 512, 512], 'kernel_size': 5, 'dropout': 0.5, 'lr': 0.003, 'weight_decay': 0.0001} | Val AUC: 0.8248
[INFO] Config 320/486: {'num_channels': [256, 512, 512], 'kernel_size': 5, 'dropout': 0.5, 'lr': 0.003, 'weight_decay': 0.001} | Val AUC: 0.8236
[INFO] Config 321/486: {'num_channels': [256, 512, 512], 'kernel_size': 5, 'dropout': 0.5, 'lr': 0.003, 'weight_decay': 0.01} | Val AUC: 0.8260
[INFO] Config 322/486: {'num_channels': [256, 512, 512], 'kernel_size': 5, 'dropout': 0.5, 'lr': 0.005, 'weight_decay': 0.0001} | Val AUC: 0.8223
[INFO] Config 323/486: {'num_channels': [256, 512, 512], 'kernel_size': 5, 'dropout': 0.5, 'lr': 0.005, 'weight_decay': 0.001} | Val AUC: 0.8241
[INFO] Config 324/486: {'num_channels': [256, 512, 512], 'kernel_size': 5, 'dropout': 0.5, 'lr': 0.005, 'weight_decay': 0.01} | Val AUC: 0.8232
[INFO] Config 325/486: {'num_channels': [512, 512, 512], 'kernel_size': 2, 'dropout': 0.1, 'lr': 0.001, 'weight_decay': 0.0001} | Val AUC: 0.8426
[INFO] Config 326/486: {'num_channels': [512, 512, 512], 'kernel_size': 2, 'dropout': 0.1, 'lr': 0.001, 'weight_decay': 0.001} | Val AUC: 0.8409
[INFO] Config 327/486: {'num_channels': [512, 512, 512], 'kernel_size': 2, 'dropout': 0.1, 'lr': 0.001, 'weight_decay': 0.01} | Val AUC: 0.8428
[INFO] Config 328/486: {'num_channels': [512, 512, 512], 'kernel_size': 2, 'dropout': 0.1, 'lr': 0.003, 'weight_decay': 0.0001} | Val AUC: 0.8454
[INFO] Config 329/486: {'num_channels': [512, 512, 512], 'kernel_size': 2, 'dropout': 0.1, 'lr': 0.003, 'weight_decay': 0.001} | Val AUC: 0.8441
[INFO] Config 330/486: {'num_channels': [512, 512, 512], 'kernel_size': 2, 'dropout': 0.1, 'lr': 0.003, 'weight_decay': 0.01} | Val AUC: 0.8460
[INFO] Config 331/486: {'num_channels': [512, 512, 512], 'kernel_size': 2, 'dropout': 0.1, 'lr': 0.005, 'weight_decay': 0.0001} | Val AUC: 0.8421
[INFO] Config 332/486: {'num_channels': [512, 512, 512], 'kernel_size': 2, 'dropout': 0.1, 'lr': 0.005, 'weight_decay': 0.001} | Val AUC: 0.8407
[INFO] Config 333/486: {'num_channels': [512, 512, 512], 'kernel_size': 2, 'dropout': 0.1, 'lr': 0.005, 'weight_decay': 0.01} | Val AUC: 0.8451
[INFO] Config 334/486: {'num_channels': [512, 512, 512], 'kernel_size': 2, 'dropout': 0.3, 'lr': 0.001, 'weight_decay': 0.0001} | Val AUC: 0.8386
[INFO] Config 335/486: {'num_channels': [512, 512, 512], 'kernel_size': 2, 'dropout': 0.3, 'lr': 0.001, 'weight_decay': 0.001} | Val AUC: 0.8383
[INFO] Config 336/486: {'num_channels': [512, 512, 512], 'kernel_size': 2, 'dropout': 0.3, 'lr': 0.001, 'weight_decay': 0.01} | Val AUC: 0.8385
[INFO] Config 337/486: {'num_channels': [512, 512, 512], 'kernel_size': 2, 'dropout': 0.3, 'lr': 0.003, 'weight_decay': 0.0001} | Val AUC: 0.8440
[INFO] Config 338/486: {'num_channels': [512, 512, 512], 'kernel_size': 2, 'dropout': 0.3, 'lr': 0.003, 'weight_decay': 0.001} | Val AUC: 0.8426
[INFO] Config 339/486: {'num_channels': [512, 512, 512], 'kernel_size': 2, 'dropout': 0.3, 'lr': 0.003, 'weight_decay': 0.01} | Val AUC: 0.8403
[INFO] Config 340/486: {'num_channels': [512, 512, 512], 'kernel_size': 2, 'dropout': 0.3, 'lr': 0.005, 'weight_decay': 0.0001} | Val AUC: 0.8409
[INFO] Config 341/486: {'num_channels': [512, 512, 512], 'kernel_size': 2, 'dropout': 0.3, 'lr': 0.005, 'weight_decay': 0.001} | Val AUC: 0.8424
[INFO] Config 342/486: {'num_channels': [512, 512, 512], 'kernel_size': 2, 'dropout': 0.3, 'lr': 0.005, 'weight_decay': 0.01} | Val AUC: 0.8429
[INFO] Config 343/486: {'num_channels': [512, 512, 512], 'kernel_size': 2, 'dropout': 0.5, 'lr': 0.001, 'weight_decay': 0.0001} | Val AUC: 0.8325
[INFO] Config 344/486: {'num_channels': [512, 512, 512], 'kernel_size': 2, 'dropout': 0.5, 'lr': 0.001, 'weight_decay': 0.001} | Val AUC: 0.8322
[INFO] Config 345/486: {'num_channels': [512, 512, 512], 'kernel_size': 2, 'dropout': 0.5, 'lr': 0.001, 'weight_decay': 0.01} | Val AUC: 0.8327
[INFO] Config 346/486: {'num_channels': [512, 512, 512], 'kernel_size': 2, 'dropout': 0.5, 'lr': 0.003, 'weight_decay': 0.0001} | Val AUC: 0.8409
[INFO] Config 347/486: {'num_channels': [512, 512, 512], 'kernel_size': 2, 'dropout': 0.5, 'lr': 0.003, 'weight_decay': 0.001} | Val AUC: 0.8397
[INFO] Config 348/486: {'num_channels': [512, 512, 512], 'kernel_size': 2, 'dropout': 0.5, 'lr': 0.003, 'weight_decay': 0.01} | Val AUC: 0.8407
[INFO] Config 349/486: {'num_channels': [512, 512, 512], 'kernel_size': 2, 'dropout': 0.5, 'lr': 0.005, 'weight_decay': 0.0001} | Val AUC: 0.8393
[INFO] Config 350/486: {'num_channels': [512, 512, 512], 'kernel_size': 2, 'dropout': 0.5, 'lr': 0.005, 'weight_decay': 0.001} | Val AUC: 0.8377
[INFO] Config 351/486: {'num_channels': [512, 512, 512], 'kernel_size': 2, 'dropout': 0.5, 'lr': 0.005, 'weight_decay': 0.01} | Val AUC: 0.8410
[INFO] Config 352/486: {'num_channels': [512, 512, 512], 'kernel_size': 3, 'dropout': 0.1, 'lr': 0.001, 'weight_decay': 0.0001} | Val AUC: 0.8420
[INFO] Config 353/486: {'num_channels': [512, 512, 512], 'kernel_size': 3, 'dropout': 0.1, 'lr': 0.001, 'weight_decay': 0.001} | Val AUC: 0.8418
[INFO] Config 354/486: {'num_channels': [512, 512, 512], 'kernel_size': 3, 'dropout': 0.1, 'lr': 0.001, 'weight_decay': 0.01} | Val AUC: 0.8419
[INFO] Config 355/486: {'num_channels': [512, 512, 512], 'kernel_size': 3, 'dropout': 0.1, 'lr': 0.003, 'weight_decay': 0.0001} | Val AUC: 0.8401
[INFO] Config 356/486: {'num_channels': [512, 512, 512], 'kernel_size': 3, 'dropout': 0.1, 'lr': 0.003, 'weight_decay': 0.001} | Val AUC: 0.8384
[INFO] Config 357/486: {'num_channels': [512, 512, 512], 'kernel_size': 3, 'dropout': 0.1, 'lr': 0.003, 'weight_decay': 0.01} | Val AUC: 0.8377
[INFO] Config 358/486: {'num_channels': [512, 512, 512], 'kernel_size': 3, 'dropout': 0.1, 'lr': 0.005, 'weight_decay': 0.0001} | Val AUC: 0.8375
[INFO] Config 359/486: {'num_channels': [512, 512, 512], 'kernel_size': 3, 'dropout': 0.1, 'lr': 0.005, 'weight_decay': 0.001} | Val AUC: 0.8370
[INFO] Config 360/486: {'num_channels': [512, 512, 512], 'kernel_size': 3, 'dropout': 0.1, 'lr': 0.005, 'weight_decay': 0.01} | Val AUC: 0.8398
[INFO] Config 361/486: {'num_channels': [512, 512, 512], 'kernel_size': 3, 'dropout': 0.3, 'lr': 0.001, 'weight_decay': 0.0001} | Val AUC: 0.8345
[INFO] Config 362/486: {'num_channels': [512, 512, 512], 'kernel_size': 3, 'dropout': 0.3, 'lr': 0.001, 'weight_decay': 0.001} | Val AUC: 0.8391
[INFO] Config 363/486: {'num_channels': [512, 512, 512], 'kernel_size': 3, 'dropout': 0.3, 'lr': 0.001, 'weight_decay': 0.01} | Val AUC: 0.8363
[INFO] Config 364/486: {'num_channels': [512, 512, 512], 'kernel_size': 3, 'dropout': 0.3, 'lr': 0.003, 'weight_decay': 0.0001} | Val AUC: 0.8392
[INFO] Config 365/486: {'num_channels': [512, 512, 512], 'kernel_size': 3, 'dropout': 0.3, 'lr': 0.003, 'weight_decay': 0.001} | Val AUC: 0.8364
[INFO] Config 366/486: {'num_channels': [512, 512, 512], 'kernel_size': 3, 'dropout': 0.3, 'lr': 0.003, 'weight_decay': 0.01} | Val AUC: 0.8376
[INFO] Config 367/486: {'num_channels': [512, 512, 512], 'kernel_size': 3, 'dropout': 0.3, 'lr': 0.005, 'weight_decay': 0.0001} | Val AUC: 0.8384
[INFO] Config 368/486: {'num_channels': [512, 512, 512], 'kernel_size': 3, 'dropout': 0.3, 'lr': 0.005, 'weight_decay': 0.001} | Val AUC: 0.8409
[INFO] Config 369/486: {'num_channels': [512, 512, 512], 'kernel_size': 3, 'dropout': 0.3, 'lr': 0.005, 'weight_decay': 0.01} | Val AUC: 0.8399
[INFO] Config 370/486: {'num_channels': [512, 512, 512], 'kernel_size': 3, 'dropout': 0.5, 'lr': 0.001, 'weight_decay': 0.0001} | Val AUC: 0.8328
[INFO] Config 371/486: {'num_channels': [512, 512, 512], 'kernel_size': 3, 'dropout': 0.5, 'lr': 0.001, 'weight_decay': 0.001} | Val AUC: 0.8328
[INFO] Config 372/486: {'num_channels': [512, 512, 512], 'kernel_size': 3, 'dropout': 0.5, 'lr': 0.001, 'weight_decay': 0.01} | Val AUC: 0.8321
[INFO] Config 373/486: {'num_channels': [512, 512, 512], 'kernel_size': 3, 'dropout': 0.5, 'lr': 0.003, 'weight_decay': 0.0001} | Val AUC: 0.8322
[INFO] Config 374/486: {'num_channels': [512, 512, 512], 'kernel_size': 3, 'dropout': 0.5, 'lr': 0.003, 'weight_decay': 0.001} | Val AUC: 0.8359
[INFO] Config 375/486: {'num_channels': [512, 512, 512], 'kernel_size': 3, 'dropout': 0.5, 'lr': 0.003, 'weight_decay': 0.01} | Val AUC: 0.8383
[INFO] Config 376/486: {'num_channels': [512, 512, 512], 'kernel_size': 3, 'dropout': 0.5, 'lr': 0.005, 'weight_decay': 0.0001} | Val AUC: 0.8329
[INFO] Config 377/486: {'num_channels': [512, 512, 512], 'kernel_size': 3, 'dropout': 0.5, 'lr': 0.005, 'weight_decay': 0.001} | Val AUC: 0.8329
[INFO] Config 378/486: {'num_channels': [512, 512, 512], 'kernel_size': 3, 'dropout': 0.5, 'lr': 0.005, 'weight_decay': 0.01} | Val AUC: 0.8343
[INFO] Config 379/486: {'num_channels': [512, 512, 512], 'kernel_size': 5, 'dropout': 0.1, 'lr': 0.001, 'weight_decay': 0.0001} | Val AUC: 0.8373
[INFO] Config 380/486: {'num_channels': [512, 512, 512], 'kernel_size': 5, 'dropout': 0.1, 'lr': 0.001, 'weight_decay': 0.001} | Val AUC: 0.8335
[INFO] Config 381/486: {'num_channels': [512, 512, 512], 'kernel_size': 5, 'dropout': 0.1, 'lr': 0.001, 'weight_decay': 0.01} | Val AUC: 0.8341
[INFO] Config 382/486: {'num_channels': [512, 512, 512], 'kernel_size': 5, 'dropout': 0.1, 'lr': 0.003, 'weight_decay': 0.0001} | Val AUC: 0.8372
[INFO] Config 383/486: {'num_channels': [512, 512, 512], 'kernel_size': 5, 'dropout': 0.1, 'lr': 0.003, 'weight_decay': 0.001} | Val AUC: 0.8344
[INFO] Config 384/486: {'num_channels': [512, 512, 512], 'kernel_size': 5, 'dropout': 0.1, 'lr': 0.003, 'weight_decay': 0.01} | Val AUC: 0.8408
[INFO] Config 385/486: {'num_channels': [512, 512, 512], 'kernel_size': 5, 'dropout': 0.1, 'lr': 0.005, 'weight_decay': 0.0001} | Val AUC: 0.8341
[INFO] Config 386/486: {'num_channels': [512, 512, 512], 'kernel_size': 5, 'dropout': 0.1, 'lr': 0.005, 'weight_decay': 0.001} | Val AUC: 0.8312
[INFO] Config 387/486: {'num_channels': [512, 512, 512], 'kernel_size': 5, 'dropout': 0.1, 'lr': 0.005, 'weight_decay': 0.01} | Val AUC: 0.8316
[INFO] Config 388/486: {'num_channels': [512, 512, 512], 'kernel_size': 5, 'dropout': 0.3, 'lr': 0.001, 'weight_decay': 0.0001} | Val AUC: 0.8312
[INFO] Config 389/486: {'num_channels': [512, 512, 512], 'kernel_size': 5, 'dropout': 0.3, 'lr': 0.001, 'weight_decay': 0.001} | Val AUC: 0.8303
[INFO] Config 390/486: {'num_channels': [512, 512, 512], 'kernel_size': 5, 'dropout': 0.3, 'lr': 0.001, 'weight_decay': 0.01} | Val AUC: 0.8320
[INFO] Config 391/486: {'num_channels': [512, 512, 512], 'kernel_size': 5, 'dropout': 0.3, 'lr': 0.003, 'weight_decay': 0.0001} | Val AUC: 0.8348
[INFO] Config 392/486: {'num_channels': [512, 512, 512], 'kernel_size': 5, 'dropout': 0.3, 'lr': 0.003, 'weight_decay': 0.001} | Val AUC: 0.8327
[INFO] Config 393/486: {'num_channels': [512, 512, 512], 'kernel_size': 5, 'dropout': 0.3, 'lr': 0.003, 'weight_decay': 0.01} | Val AUC: 0.8320
[INFO] Config 394/486: {'num_channels': [512, 512, 512], 'kernel_size': 5, 'dropout': 0.3, 'lr': 0.005, 'weight_decay': 0.0001} | Val AUC: 0.8313
[INFO] Config 395/486: {'num_channels': [512, 512, 512], 'kernel_size': 5, 'dropout': 0.3, 'lr': 0.005, 'weight_decay': 0.001} | Val AUC: 0.8304
[INFO] Config 396/486: {'num_channels': [512, 512, 512], 'kernel_size': 5, 'dropout': 0.3, 'lr': 0.005, 'weight_decay': 0.01} | Val AUC: 0.8288
[INFO] Config 397/486: {'num_channels': [512, 512, 512], 'kernel_size': 5, 'dropout': 0.5, 'lr': 0.001, 'weight_decay': 0.0001} | Val AUC: 0.8282
[INFO] Config 398/486: {'num_channels': [512, 512, 512], 'kernel_size': 5, 'dropout': 0.5, 'lr': 0.001, 'weight_decay': 0.001} | Val AUC: 0.8274
[INFO] Config 399/486: {'num_channels': [512, 512, 512], 'kernel_size': 5, 'dropout': 0.5, 'lr': 0.001, 'weight_decay': 0.01} | Val AUC: 0.8273
[INFO] Config 400/486: {'num_channels': [512, 512, 512], 'kernel_size': 5, 'dropout': 0.5, 'lr': 0.003, 'weight_decay': 0.0001} | Val AUC: 0.8308
[INFO] Config 401/486: {'num_channels': [512, 512, 512], 'kernel_size': 5, 'dropout': 0.5, 'lr': 0.003, 'weight_decay': 0.001} | Val AUC: 0.8286
[INFO] Config 402/486: {'num_channels': [512, 512, 512], 'kernel_size': 5, 'dropout': 0.5, 'lr': 0.003, 'weight_decay': 0.01} | Val AUC: 0.8285
[INFO] Config 403/486: {'num_channels': [512, 512, 512], 'kernel_size': 5, 'dropout': 0.5, 'lr': 0.005, 'weight_decay': 0.0001} | Val AUC: 0.8288
[INFO] Config 404/486: {'num_channels': [512, 512, 512], 'kernel_size': 5, 'dropout': 0.5, 'lr': 0.005, 'weight_decay': 0.001} | Val AUC: 0.8254
[INFO] Config 405/486: {'num_channels': [512, 512, 512], 'kernel_size': 5, 'dropout': 0.5, 'lr': 0.005, 'weight_decay': 0.01} | Val AUC: 0.8251
[INFO] Config 406/486: {'num_channels': [512, 1024, 1024], 'kernel_size': 2, 'dropout': 0.1, 'lr': 0.001, 'weight_decay': 0.0001} | Val AUC: 0.8427
[INFO] Config 407/486: {'num_channels': [512, 1024, 1024], 'kernel_size': 2, 'dropout': 0.1, 'lr': 0.001, 'weight_decay': 0.001} | Val AUC: 0.8429
[INFO] Config 408/486: {'num_channels': [512, 1024, 1024], 'kernel_size': 2, 'dropout': 0.1, 'lr': 0.001, 'weight_decay': 0.01} | Val AUC: 0.8410
[INFO] Config 409/486: {'num_channels': [512, 1024, 1024], 'kernel_size': 2, 'dropout': 0.1, 'lr': 0.003, 'weight_decay': 0.0001} | Val AUC: 0.8428
[INFO] Config 410/486: {'num_channels': [512, 1024, 1024], 'kernel_size': 2, 'dropout': 0.1, 'lr': 0.003, 'weight_decay': 0.001} | Val AUC: 0.8425
[INFO] Config 411/486: {'num_channels': [512, 1024, 1024], 'kernel_size': 2, 'dropout': 0.1, 'lr': 0.003, 'weight_decay': 0.01} | Val AUC: 0.8451
[INFO] Config 412/486: {'num_channels': [512, 1024, 1024], 'kernel_size': 2, 'dropout': 0.1, 'lr': 0.005, 'weight_decay': 0.0001} | Val AUC: 0.8429
[INFO] Config 413/486: {'num_channels': [512, 1024, 1024], 'kernel_size': 2, 'dropout': 0.1, 'lr': 0.005, 'weight_decay': 0.001} | Val AUC: 0.8427
[INFO] Config 414/486: {'num_channels': [512, 1024, 1024], 'kernel_size': 2, 'dropout': 0.1, 'lr': 0.005, 'weight_decay': 0.01} | Val AUC: 0.8404
[INFO] Config 415/486: {'num_channels': [512, 1024, 1024], 'kernel_size': 2, 'dropout': 0.3, 'lr': 0.001, 'weight_decay': 0.0001} | Val AUC: 0.8386
[INFO] Config 416/486: {'num_channels': [512, 1024, 1024], 'kernel_size': 2, 'dropout': 0.3, 'lr': 0.001, 'weight_decay': 0.001} | Val AUC: 0.8377
[INFO] Config 417/486: {'num_channels': [512, 1024, 1024], 'kernel_size': 2, 'dropout': 0.3, 'lr': 0.001, 'weight_decay': 0.01} | Val AUC: 0.8374
[INFO] Config 418/486: {'num_channels': [512, 1024, 1024], 'kernel_size': 2, 'dropout': 0.3, 'lr': 0.003, 'weight_decay': 0.0001} | Val AUC: 0.8414
[INFO] Config 419/486: {'num_channels': [512, 1024, 1024], 'kernel_size': 2, 'dropout': 0.3, 'lr': 0.003, 'weight_decay': 0.001} | Val AUC: 0.8388
[INFO] Config 420/486: {'num_channels': [512, 1024, 1024], 'kernel_size': 2, 'dropout': 0.3, 'lr': 0.003, 'weight_decay': 0.01} | Val AUC: 0.8400
[INFO] Config 421/486: {'num_channels': [512, 1024, 1024], 'kernel_size': 2, 'dropout': 0.3, 'lr': 0.005, 'weight_decay': 0.0001} | Val AUC: 0.8405
[INFO] Config 422/486: {'num_channels': [512, 1024, 1024], 'kernel_size': 2, 'dropout': 0.3, 'lr': 0.005, 'weight_decay': 0.001} | Val AUC: 0.8417
[INFO] Config 423/486: {'num_channels': [512, 1024, 1024], 'kernel_size': 2, 'dropout': 0.3, 'lr': 0.005, 'weight_decay': 0.01} | Val AUC: 0.8443
[INFO] Config 424/486: {'num_channels': [512, 1024, 1024], 'kernel_size': 2, 'dropout': 0.5, 'lr': 0.001, 'weight_decay': 0.0001} | Val AUC: 0.8356
[INFO] Config 425/486: {'num_channels': [512, 1024, 1024], 'kernel_size': 2, 'dropout': 0.5, 'lr': 0.001, 'weight_decay': 0.001} | Val AUC: 0.8309
[INFO] Config 426/486: {'num_channels': [512, 1024, 1024], 'kernel_size': 2, 'dropout': 0.5, 'lr': 0.001, 'weight_decay': 0.01} | Val AUC: 0.8324
[INFO] Config 427/486: {'num_channels': [512, 1024, 1024], 'kernel_size': 2, 'dropout': 0.5, 'lr': 0.003, 'weight_decay': 0.0001} | Val AUC: 0.8383
[INFO] Config 428/486: {'num_channels': [512, 1024, 1024], 'kernel_size': 2, 'dropout': 0.5, 'lr': 0.003, 'weight_decay': 0.001} | Val AUC: 0.8405
[INFO] Config 429/486: {'num_channels': [512, 1024, 1024], 'kernel_size': 2, 'dropout': 0.5, 'lr': 0.003, 'weight_decay': 0.01} | Val AUC: 0.8362
[INFO] Config 430/486: {'num_channels': [512, 1024, 1024], 'kernel_size': 2, 'dropout': 0.5, 'lr': 0.005, 'weight_decay': 0.0001} | Val AUC: 0.8416
[INFO] Config 431/486: {'num_channels': [512, 1024, 1024], 'kernel_size': 2, 'dropout': 0.5, 'lr': 0.005, 'weight_decay': 0.001} | Val AUC: 0.8400
[INFO] Config 432/486: {'num_channels': [512, 1024, 1024], 'kernel_size': 2, 'dropout': 0.5, 'lr': 0.005, 'weight_decay': 0.01} | Val AUC: 0.8406
[INFO] Config 433/486: {'num_channels': [512, 1024, 1024], 'kernel_size': 3, 'dropout': 0.1, 'lr': 0.001, 'weight_decay': 0.0001} | Val AUC: 0.8348
[INFO] Config 434/486: {'num_channels': [512, 1024, 1024], 'kernel_size': 3, 'dropout': 0.1, 'lr': 0.001, 'weight_decay': 0.001} | Val AUC: 0.8399
[INFO] Config 435/486: {'num_channels': [512, 1024, 1024], 'kernel_size': 3, 'dropout': 0.1, 'lr': 0.001, 'weight_decay': 0.01} | Val AUC: 0.8374
[INFO] Config 436/486: {'num_channels': [512, 1024, 1024], 'kernel_size': 3, 'dropout': 0.1, 'lr': 0.003, 'weight_decay': 0.0001} | Val AUC: 0.8415
[INFO] Config 437/486: {'num_channels': [512, 1024, 1024], 'kernel_size': 3, 'dropout': 0.1, 'lr': 0.003, 'weight_decay': 0.001} | Val AUC: 0.8372
[INFO] Config 438/486: {'num_channels': [512, 1024, 1024], 'kernel_size': 3, 'dropout': 0.1, 'lr': 0.003, 'weight_decay': 0.01} | Val AUC: 0.8425
[INFO] Config 439/486: {'num_channels': [512, 1024, 1024], 'kernel_size': 3, 'dropout': 0.1, 'lr': 0.005, 'weight_decay': 0.0001} | Val AUC: 0.8384
[INFO] Config 440/486: {'num_channels': [512, 1024, 1024], 'kernel_size': 3, 'dropout': 0.1, 'lr': 0.005, 'weight_decay': 0.001} | Val AUC: 0.8422
[INFO] Config 441/486: {'num_channels': [512, 1024, 1024], 'kernel_size': 3, 'dropout': 0.1, 'lr': 0.005, 'weight_decay': 0.01} | Val AUC: 0.8418
[INFO] Config 442/486: {'num_channels': [512, 1024, 1024], 'kernel_size': 3, 'dropout': 0.3, 'lr': 0.001, 'weight_decay': 0.0001} | Val AUC: 0.8362
[INFO] Config 443/486: {'num_channels': [512, 1024, 1024], 'kernel_size': 3, 'dropout': 0.3, 'lr': 0.001, 'weight_decay': 0.001} | Val AUC: 0.8339
[INFO] Config 444/486: {'num_channels': [512, 1024, 1024], 'kernel_size': 3, 'dropout': 0.3, 'lr': 0.001, 'weight_decay': 0.01} | Val AUC: 0.8322
[INFO] Config 445/486: {'num_channels': [512, 1024, 1024], 'kernel_size': 3, 'dropout': 0.3, 'lr': 0.003, 'weight_decay': 0.0001} | Val AUC: 0.8404
[INFO] Config 446/486: {'num_channels': [512, 1024, 1024], 'kernel_size': 3, 'dropout': 0.3, 'lr': 0.003, 'weight_decay': 0.001} | Val AUC: 0.8325
[INFO] Config 447/486: {'num_channels': [512, 1024, 1024], 'kernel_size': 3, 'dropout': 0.3, 'lr': 0.003, 'weight_decay': 0.01} | Val AUC: 0.8382
[INFO] Config 448/486: {'num_channels': [512, 1024, 1024], 'kernel_size': 3, 'dropout': 0.3, 'lr': 0.005, 'weight_decay': 0.0001} | Val AUC: 0.8360
[INFO] Config 449/486: {'num_channels': [512, 1024, 1024], 'kernel_size': 3, 'dropout': 0.3, 'lr': 0.005, 'weight_decay': 0.001} | Val AUC: 0.8332
[INFO] Config 450/486: {'num_channels': [512, 1024, 1024], 'kernel_size': 3, 'dropout': 0.3, 'lr': 0.005, 'weight_decay': 0.01} | Val AUC: 0.8396
[INFO] Config 451/486: {'num_channels': [512, 1024, 1024], 'kernel_size': 3, 'dropout': 0.5, 'lr': 0.001, 'weight_decay': 0.0001} | Val AUC: 0.8274
[INFO] Config 452/486: {'num_channels': [512, 1024, 1024], 'kernel_size': 3, 'dropout': 0.5, 'lr': 0.001, 'weight_decay': 0.001} | Val AUC: 0.8254
[INFO] Config 453/486: {'num_channels': [512, 1024, 1024], 'kernel_size': 3, 'dropout': 0.5, 'lr': 0.001, 'weight_decay': 0.01} | Val AUC: 0.8290
[INFO] Config 454/486: {'num_channels': [512, 1024, 1024], 'kernel_size': 3, 'dropout': 0.5, 'lr': 0.003, 'weight_decay': 0.0001} | Val AUC: 0.8289
[INFO] Config 455/486: {'num_channels': [512, 1024, 1024], 'kernel_size': 3, 'dropout': 0.5, 'lr': 0.003, 'weight_decay': 0.001} | Val AUC: 0.8313
[INFO] Config 456/486: {'num_channels': [512, 1024, 1024], 'kernel_size': 3, 'dropout': 0.5, 'lr': 0.003, 'weight_decay': 0.01} | Val AUC: 0.8332
[INFO] Config 457/486: {'num_channels': [512, 1024, 1024], 'kernel_size': 3, 'dropout': 0.5, 'lr': 0.005, 'weight_decay': 0.0001} | Val AUC: 0.8312
[INFO] Config 458/486: {'num_channels': [512, 1024, 1024], 'kernel_size': 3, 'dropout': 0.5, 'lr': 0.005, 'weight_decay': 0.001} | Val AUC: 0.8366
[INFO] Config 459/486: {'num_channels': [512, 1024, 1024], 'kernel_size': 3, 'dropout': 0.5, 'lr': 0.005, 'weight_decay': 0.01} | Val AUC: 0.8323
[INFO] Config 460/486: {'num_channels': [512, 1024, 1024], 'kernel_size': 5, 'dropout': 0.1, 'lr': 0.001, 'weight_decay': 0.0001} | Val AUC: 0.8325
[INFO] Config 461/486: {'num_channels': [512, 1024, 1024], 'kernel_size': 5, 'dropout': 0.1, 'lr': 0.001, 'weight_decay': 0.001} | Val AUC: 0.8314
[INFO] Config 462/486: {'num_channels': [512, 1024, 1024], 'kernel_size': 5, 'dropout': 0.1, 'lr': 0.001, 'weight_decay': 0.01} | Val AUC: 0.8345
[INFO] Config 463/486: {'num_channels': [512, 1024, 1024], 'kernel_size': 5, 'dropout': 0.1, 'lr': 0.003, 'weight_decay': 0.0001} | Val AUC: 0.8359
[INFO] Config 464/486: {'num_channels': [512, 1024, 1024], 'kernel_size': 5, 'dropout': 0.1, 'lr': 0.003, 'weight_decay': 0.001} | Val AUC: 0.8316
[INFO] Config 465/486: {'num_channels': [512, 1024, 1024], 'kernel_size': 5, 'dropout': 0.1, 'lr': 0.003, 'weight_decay': 0.01} | Val AUC: 0.8354
[INFO] Config 466/486: {'num_channels': [512, 1024, 1024], 'kernel_size': 5, 'dropout': 0.1, 'lr': 0.005, 'weight_decay': 0.0001} | Val AUC: 0.8360
[INFO] Config 467/486: {'num_channels': [512, 1024, 1024], 'kernel_size': 5, 'dropout': 0.1, 'lr': 0.005, 'weight_decay': 0.001} | Val AUC: 0.8306
[INFO] Config 468/486: {'num_channels': [512, 1024, 1024], 'kernel_size': 5, 'dropout': 0.1, 'lr': 0.005, 'weight_decay': 0.01} | Val AUC: 0.8300
[INFO] Config 469/486: {'num_channels': [512, 1024, 1024], 'kernel_size': 5, 'dropout': 0.3, 'lr': 0.001, 'weight_decay': 0.0001} | Val AUC: 0.8307
[INFO] Config 470/486: {'num_channels': [512, 1024, 1024], 'kernel_size': 5, 'dropout': 0.3, 'lr': 0.001, 'weight_decay': 0.001} | Val AUC: 0.8243
[INFO] Config 471/486: {'num_channels': [512, 1024, 1024], 'kernel_size': 5, 'dropout': 0.3, 'lr': 0.001, 'weight_decay': 0.01} | Val AUC: 0.8275
[INFO] Config 472/486: {'num_channels': [512, 1024, 1024], 'kernel_size': 5, 'dropout': 0.3, 'lr': 0.003, 'weight_decay': 0.0001} | Val AUC: 0.8345
[INFO] Config 473/486: {'num_channels': [512, 1024, 1024], 'kernel_size': 5, 'dropout': 0.3, 'lr': 0.003, 'weight_decay': 0.001} | Val AUC: 0.8294
[INFO] Config 474/486: {'num_channels': [512, 1024, 1024], 'kernel_size': 5, 'dropout': 0.3, 'lr': 0.003, 'weight_decay': 0.01} | Val AUC: 0.8277
[INFO] Config 475/486: {'num_channels': [512, 1024, 1024], 'kernel_size': 5, 'dropout': 0.3, 'lr': 0.005, 'weight_decay': 0.0001} | Val AUC: 0.8293
[INFO] Config 476/486: {'num_channels': [512, 1024, 1024], 'kernel_size': 5, 'dropout': 0.3, 'lr': 0.005, 'weight_decay': 0.001} | Val AUC: 0.8305
[INFO] Config 477/486: {'num_channels': [512, 1024, 1024], 'kernel_size': 5, 'dropout': 0.3, 'lr': 0.005, 'weight_decay': 0.01} | Val AUC: 0.8334
[INFO] Config 478/486: {'num_channels': [512, 1024, 1024], 'kernel_size': 5, 'dropout': 0.5, 'lr': 0.001, 'weight_decay': 0.0001} | Val AUC: 0.8225
[INFO] Config 479/486: {'num_channels': [512, 1024, 1024], 'kernel_size': 5, 'dropout': 0.5, 'lr': 0.001, 'weight_decay': 0.001} | Val AUC: 0.8234
[INFO] Config 480/486: {'num_channels': [512, 1024, 1024], 'kernel_size': 5, 'dropout': 0.5, 'lr': 0.001, 'weight_decay': 0.01} | Val AUC: 0.8246
[INFO] Config 481/486: {'num_channels': [512, 1024, 1024], 'kernel_size': 5, 'dropout': 0.5, 'lr': 0.003, 'weight_decay': 0.0001} | Val AUC: 0.8285
[INFO] Config 482/486: {'num_channels': [512, 1024, 1024], 'kernel_size': 5, 'dropout': 0.5, 'lr': 0.003, 'weight_decay': 0.001} | Val AUC: 0.8292
[INFO] Config 483/486: {'num_channels': [512, 1024, 1024], 'kernel_size': 5, 'dropout': 0.5, 'lr': 0.003, 'weight_decay': 0.01} | Val AUC: 0.8308
[INFO] Config 484/486: {'num_channels': [512, 1024, 1024], 'kernel_size': 5, 'dropout': 0.5, 'lr': 0.005, 'weight_decay': 0.0001} | Val AUC: 0.8252
[INFO] Config 485/486: {'num_channels': [512, 1024, 1024], 'kernel_size': 5, 'dropout': 0.5, 'lr': 0.005, 'weight_decay': 0.001} | Val AUC: 0.8234
[INFO] Config 486/486: {'num_channels': [512, 1024, 1024], 'kernel_size': 5, 'dropout': 0.5, 'lr': 0.005, 'weight_decay': 0.01} | Val AUC: 0.8265
[INFO] Selected Best TCN Config: {'num_channels': [512, 512, 512], 'kernel_size': 2, 'dropout': 0.1, 'lr': 0.003, 'weight_decay': 0.01} (Val AUC: 0.8460)
[INFO] Tuning BetaLikelihood configurations (n_iter=180)...
[INFO] Config 1/180: {'hidden_dim': 128, 'eta': 0.0, 'lr': 0.001, 'weight_decay': 1e-05} | Val AUC: 0.8114
[INFO] Config 2/180: {'hidden_dim': 128, 'eta': 0.0, 'lr': 0.001, 'weight_decay': 0.0001} | Val AUC: 0.8134
[INFO] Config 3/180: {'hidden_dim': 128, 'eta': 0.0, 'lr': 0.001, 'weight_decay': 0.001} | Val AUC: 0.8154
[INFO] Config 4/180: {'hidden_dim': 128, 'eta': 0.0, 'lr': 0.003, 'weight_decay': 1e-05} | Val AUC: 0.8266
[INFO] Config 5/180: {'hidden_dim': 128, 'eta': 0.0, 'lr': 0.003, 'weight_decay': 0.0001} | Val AUC: 0.8280
[INFO] Config 6/180: {'hidden_dim': 128, 'eta': 0.0, 'lr': 0.003, 'weight_decay': 0.001} | Val AUC: 0.8278
[INFO] Config 7/180: {'hidden_dim': 128, 'eta': 0.0, 'lr': 0.005, 'weight_decay': 1e-05} | Val AUC: 0.8325
[INFO] Config 8/180: {'hidden_dim': 128, 'eta': 0.0, 'lr': 0.005, 'weight_decay': 0.0001} | Val AUC: 0.8313
[INFO] Config 9/180: {'hidden_dim': 128, 'eta': 0.0, 'lr': 0.005, 'weight_decay': 0.001} | Val AUC: 0.8303
[INFO] Config 10/180: {'hidden_dim': 128, 'eta': 0.05, 'lr': 0.001, 'weight_decay': 1e-05} | Val AUC: 0.8110
[INFO] Config 11/180: {'hidden_dim': 128, 'eta': 0.05, 'lr': 0.001, 'weight_decay': 0.0001} | Val AUC: 0.8113
[INFO] Config 12/180: {'hidden_dim': 128, 'eta': 0.05, 'lr': 0.001, 'weight_decay': 0.001} | Val AUC: 0.8114
[INFO] Config 13/180: {'hidden_dim': 128, 'eta': 0.05, 'lr': 0.003, 'weight_decay': 1e-05} | Val AUC: 0.8305
[INFO] Config 14/180: {'hidden_dim': 128, 'eta': 0.05, 'lr': 0.003, 'weight_decay': 0.0001} | Val AUC: 0.8275
[INFO] Config 15/180: {'hidden_dim': 128, 'eta': 0.05, 'lr': 0.003, 'weight_decay': 0.001} | Val AUC: 0.8273
[INFO] Config 16/180: {'hidden_dim': 128, 'eta': 0.05, 'lr': 0.005, 'weight_decay': 1e-05} | Val AUC: 0.8355
[INFO] Config 17/180: {'hidden_dim': 128, 'eta': 0.05, 'lr': 0.005, 'weight_decay': 0.0001} | Val AUC: 0.8340
[INFO] Config 18/180: {'hidden_dim': 128, 'eta': 0.05, 'lr': 0.005, 'weight_decay': 0.001} | Val AUC: 0.8344
[INFO] Config 19/180: {'hidden_dim': 128, 'eta': 0.1, 'lr': 0.001, 'weight_decay': 1e-05} | Val AUC: 0.8139
[INFO] Config 20/180: {'hidden_dim': 128, 'eta': 0.1, 'lr': 0.001, 'weight_decay': 0.0001} | Val AUC: 0.8154
[INFO] Config 21/180: {'hidden_dim': 128, 'eta': 0.1, 'lr': 0.001, 'weight_decay': 0.001} | Val AUC: 0.8092
[INFO] Config 22/180: {'hidden_dim': 128, 'eta': 0.1, 'lr': 0.003, 'weight_decay': 1e-05} | Val AUC: 0.8287
[INFO] Config 23/180: {'hidden_dim': 128, 'eta': 0.1, 'lr': 0.003, 'weight_decay': 0.0001} | Val AUC: 0.8286
[INFO] Config 24/180: {'hidden_dim': 128, 'eta': 0.1, 'lr': 0.003, 'weight_decay': 0.001} | Val AUC: 0.8296
[INFO] Config 25/180: {'hidden_dim': 128, 'eta': 0.1, 'lr': 0.005, 'weight_decay': 1e-05} | Val AUC: 0.8303
[INFO] Config 26/180: {'hidden_dim': 128, 'eta': 0.1, 'lr': 0.005, 'weight_decay': 0.0001} | Val AUC: 0.8326
[INFO] Config 27/180: {'hidden_dim': 128, 'eta': 0.1, 'lr': 0.005, 'weight_decay': 0.001} | Val AUC: 0.8324
[INFO] Config 28/180: {'hidden_dim': 128, 'eta': 0.2, 'lr': 0.001, 'weight_decay': 1e-05} | Val AUC: 0.8105
[INFO] Config 29/180: {'hidden_dim': 128, 'eta': 0.2, 'lr': 0.001, 'weight_decay': 0.0001} | Val AUC: 0.8139
[INFO] Config 30/180: {'hidden_dim': 128, 'eta': 0.2, 'lr': 0.001, 'weight_decay': 0.001} | Val AUC: 0.8097
[INFO] Config 31/180: {'hidden_dim': 128, 'eta': 0.2, 'lr': 0.003, 'weight_decay': 1e-05} | Val AUC: 0.8317
[INFO] Config 32/180: {'hidden_dim': 128, 'eta': 0.2, 'lr': 0.003, 'weight_decay': 0.0001} | Val AUC: 0.8291
[INFO] Config 33/180: {'hidden_dim': 128, 'eta': 0.2, 'lr': 0.003, 'weight_decay': 0.001} | Val AUC: 0.8281
[INFO] Config 34/180: {'hidden_dim': 128, 'eta': 0.2, 'lr': 0.005, 'weight_decay': 1e-05} | Val AUC: 0.8341
[INFO] Config 35/180: {'hidden_dim': 128, 'eta': 0.2, 'lr': 0.005, 'weight_decay': 0.0001} | Val AUC: 0.8353
[INFO] Config 36/180: {'hidden_dim': 128, 'eta': 0.2, 'lr': 0.005, 'weight_decay': 0.001} | Val AUC: 0.8344
[INFO] Config 37/180: {'hidden_dim': 128, 'eta': 0.5, 'lr': 0.001, 'weight_decay': 1e-05} | Val AUC: 0.8092
[INFO] Config 38/180: {'hidden_dim': 128, 'eta': 0.5, 'lr': 0.001, 'weight_decay': 0.0001} | Val AUC: 0.8097
[INFO] Config 39/180: {'hidden_dim': 128, 'eta': 0.5, 'lr': 0.001, 'weight_decay': 0.001} | Val AUC: 0.8133
[INFO] Config 40/180: {'hidden_dim': 128, 'eta': 0.5, 'lr': 0.003, 'weight_decay': 1e-05} | Val AUC: 0.8303
[INFO] Config 41/180: {'hidden_dim': 128, 'eta': 0.5, 'lr': 0.003, 'weight_decay': 0.0001} | Val AUC: 0.8294
[INFO] Config 42/180: {'hidden_dim': 128, 'eta': 0.5, 'lr': 0.003, 'weight_decay': 0.001} | Val AUC: 0.8307
[INFO] Config 43/180: {'hidden_dim': 128, 'eta': 0.5, 'lr': 0.005, 'weight_decay': 1e-05} | Val AUC: 0.8354
[INFO] Config 44/180: {'hidden_dim': 128, 'eta': 0.5, 'lr': 0.005, 'weight_decay': 0.0001} | Val AUC: 0.8373
[INFO] Config 45/180: {'hidden_dim': 128, 'eta': 0.5, 'lr': 0.005, 'weight_decay': 0.001} | Val AUC: 0.8350
[INFO] Config 46/180: {'hidden_dim': 256, 'eta': 0.0, 'lr': 0.001, 'weight_decay': 1e-05} | Val AUC: 0.8172
[INFO] Config 47/180: {'hidden_dim': 256, 'eta': 0.0, 'lr': 0.001, 'weight_decay': 0.0001} | Val AUC: 0.8197
[INFO] Config 48/180: {'hidden_dim': 256, 'eta': 0.0, 'lr': 0.001, 'weight_decay': 0.001} | Val AUC: 0.8200
[INFO] Config 49/180: {'hidden_dim': 256, 'eta': 0.0, 'lr': 0.003, 'weight_decay': 1e-05} | Val AUC: 0.8328
[INFO] Config 50/180: {'hidden_dim': 256, 'eta': 0.0, 'lr': 0.003, 'weight_decay': 0.0001} | Val AUC: 0.8295
[INFO] Config 51/180: {'hidden_dim': 256, 'eta': 0.0, 'lr': 0.003, 'weight_decay': 0.001} | Val AUC: 0.8313
[INFO] Config 52/180: {'hidden_dim': 256, 'eta': 0.0, 'lr': 0.005, 'weight_decay': 1e-05} | Val AUC: 0.8345
[INFO] Config 53/180: {'hidden_dim': 256, 'eta': 0.0, 'lr': 0.005, 'weight_decay': 0.0001} | Val AUC: 0.8351
[INFO] Config 54/180: {'hidden_dim': 256, 'eta': 0.0, 'lr': 0.005, 'weight_decay': 0.001} | Val AUC: 0.8355
[INFO] Config 55/180: {'hidden_dim': 256, 'eta': 0.05, 'lr': 0.001, 'weight_decay': 1e-05} | Val AUC: 0.8185
[INFO] Config 56/180: {'hidden_dim': 256, 'eta': 0.05, 'lr': 0.001, 'weight_decay': 0.0001} | Val AUC: 0.8194
[INFO] Config 57/180: {'hidden_dim': 256, 'eta': 0.05, 'lr': 0.001, 'weight_decay': 0.001} | Val AUC: 0.8197
[INFO] Config 58/180: {'hidden_dim': 256, 'eta': 0.05, 'lr': 0.003, 'weight_decay': 1e-05} | Val AUC: 0.8321
[INFO] Config 59/180: {'hidden_dim': 256, 'eta': 0.05, 'lr': 0.003, 'weight_decay': 0.0001} | Val AUC: 0.8332
[INFO] Config 60/180: {'hidden_dim': 256, 'eta': 0.05, 'lr': 0.003, 'weight_decay': 0.001} | Val AUC: 0.8328
[INFO] Config 61/180: {'hidden_dim': 256, 'eta': 0.05, 'lr': 0.005, 'weight_decay': 1e-05} | Val AUC: 0.8340
[INFO] Config 62/180: {'hidden_dim': 256, 'eta': 0.05, 'lr': 0.005, 'weight_decay': 0.0001} | Val AUC: 0.8346
[INFO] Config 63/180: {'hidden_dim': 256, 'eta': 0.05, 'lr': 0.005, 'weight_decay': 0.001} | Val AUC: 0.8342
[INFO] Config 64/180: {'hidden_dim': 256, 'eta': 0.1, 'lr': 0.001, 'weight_decay': 1e-05} | Val AUC: 0.8206
[INFO] Config 65/180: {'hidden_dim': 256, 'eta': 0.1, 'lr': 0.001, 'weight_decay': 0.0001} | Val AUC: 0.8214
[INFO] Config 66/180: {'hidden_dim': 256, 'eta': 0.1, 'lr': 0.001, 'weight_decay': 0.001} | Val AUC: 0.8198
[INFO] Config 67/180: {'hidden_dim': 256, 'eta': 0.1, 'lr': 0.003, 'weight_decay': 1e-05} | Val AUC: 0.8331
[INFO] Config 68/180: {'hidden_dim': 256, 'eta': 0.1, 'lr': 0.003, 'weight_decay': 0.0001} | Val AUC: 0.8338
[INFO] Config 69/180: {'hidden_dim': 256, 'eta': 0.1, 'lr': 0.003, 'weight_decay': 0.001} | Val AUC: 0.8324
[INFO] Config 70/180: {'hidden_dim': 256, 'eta': 0.1, 'lr': 0.005, 'weight_decay': 1e-05} | Val AUC: 0.8347
[INFO] Config 71/180: {'hidden_dim': 256, 'eta': 0.1, 'lr': 0.005, 'weight_decay': 0.0001} | Val AUC: 0.8353
[INFO] Config 72/180: {'hidden_dim': 256, 'eta': 0.1, 'lr': 0.005, 'weight_decay': 0.001} | Val AUC: 0.8372
[INFO] Config 73/180: {'hidden_dim': 256, 'eta': 0.2, 'lr': 0.001, 'weight_decay': 1e-05} | Val AUC: 0.8181
[INFO] Config 74/180: {'hidden_dim': 256, 'eta': 0.2, 'lr': 0.001, 'weight_decay': 0.0001} | Val AUC: 0.8191
[INFO] Config 75/180: {'hidden_dim': 256, 'eta': 0.2, 'lr': 0.001, 'weight_decay': 0.001} | Val AUC: 0.8187
[INFO] Config 76/180: {'hidden_dim': 256, 'eta': 0.2, 'lr': 0.003, 'weight_decay': 1e-05} | Val AUC: 0.8323
[INFO] Config 77/180: {'hidden_dim': 256, 'eta': 0.2, 'lr': 0.003, 'weight_decay': 0.0001} | Val AUC: 0.8349
[INFO] Config 78/180: {'hidden_dim': 256, 'eta': 0.2, 'lr': 0.003, 'weight_decay': 0.001} | Val AUC: 0.8338
[INFO] Config 79/180: {'hidden_dim': 256, 'eta': 0.2, 'lr': 0.005, 'weight_decay': 1e-05} | Val AUC: 0.8348
[INFO] Config 80/180: {'hidden_dim': 256, 'eta': 0.2, 'lr': 0.005, 'weight_decay': 0.0001} | Val AUC: 0.8360
[INFO] Config 81/180: {'hidden_dim': 256, 'eta': 0.2, 'lr': 0.005, 'weight_decay': 0.001} | Val AUC: 0.8371
[INFO] Config 82/180: {'hidden_dim': 256, 'eta': 0.5, 'lr': 0.001, 'weight_decay': 1e-05} | Val AUC: 0.8190
[INFO] Config 83/180: {'hidden_dim': 256, 'eta': 0.5, 'lr': 0.001, 'weight_decay': 0.0001} | Val AUC: 0.8196
[INFO] Config 84/180: {'hidden_dim': 256, 'eta': 0.5, 'lr': 0.001, 'weight_decay': 0.001} | Val AUC: 0.8185
[INFO] Config 85/180: {'hidden_dim': 256, 'eta': 0.5, 'lr': 0.003, 'weight_decay': 1e-05} | Val AUC: 0.8347
[INFO] Config 86/180: {'hidden_dim': 256, 'eta': 0.5, 'lr': 0.003, 'weight_decay': 0.0001} | Val AUC: 0.8341
[INFO] Config 87/180: {'hidden_dim': 256, 'eta': 0.5, 'lr': 0.003, 'weight_decay': 0.001} | Val AUC: 0.8326
[INFO] Config 88/180: {'hidden_dim': 256, 'eta': 0.5, 'lr': 0.005, 'weight_decay': 1e-05} | Val AUC: 0.8385
[INFO] Config 89/180: {'hidden_dim': 256, 'eta': 0.5, 'lr': 0.005, 'weight_decay': 0.0001} | Val AUC: 0.8383
[INFO] Config 90/180: {'hidden_dim': 256, 'eta': 0.5, 'lr': 0.005, 'weight_decay': 0.001} | Val AUC: 0.8377
[INFO] Config 91/180: {'hidden_dim': 512, 'eta': 0.0, 'lr': 0.001, 'weight_decay': 1e-05} | Val AUC: 0.8219
[INFO] Config 92/180: {'hidden_dim': 512, 'eta': 0.0, 'lr': 0.001, 'weight_decay': 0.0001} | Val AUC: 0.8236
[INFO] Config 93/180: {'hidden_dim': 512, 'eta': 0.0, 'lr': 0.001, 'weight_decay': 0.001} | Val AUC: 0.8246
[INFO] Config 94/180: {'hidden_dim': 512, 'eta': 0.0, 'lr': 0.003, 'weight_decay': 1e-05} | Val AUC: 0.8331
[INFO] Config 95/180: {'hidden_dim': 512, 'eta': 0.0, 'lr': 0.003, 'weight_decay': 0.0001} | Val AUC: 0.8316
[INFO] Config 96/180: {'hidden_dim': 512, 'eta': 0.0, 'lr': 0.003, 'weight_decay': 0.001} | Val AUC: 0.8326
[INFO] Config 97/180: {'hidden_dim': 512, 'eta': 0.0, 'lr': 0.005, 'weight_decay': 1e-05} | Val AUC: 0.8332
[INFO] Config 98/180: {'hidden_dim': 512, 'eta': 0.0, 'lr': 0.005, 'weight_decay': 0.0001} | Val AUC: 0.8304
[INFO] Config 99/180: {'hidden_dim': 512, 'eta': 0.0, 'lr': 0.005, 'weight_decay': 0.001} | Val AUC: 0.8313
[INFO] Config 100/180: {'hidden_dim': 512, 'eta': 0.05, 'lr': 0.001, 'weight_decay': 1e-05} | Val AUC: 0.8238
[INFO] Config 101/180: {'hidden_dim': 512, 'eta': 0.05, 'lr': 0.001, 'weight_decay': 0.0001} | Val AUC: 0.8219
[INFO] Config 102/180: {'hidden_dim': 512, 'eta': 0.05, 'lr': 0.001, 'weight_decay': 0.001} | Val AUC: 0.8231
[INFO] Config 103/180: {'hidden_dim': 512, 'eta': 0.05, 'lr': 0.003, 'weight_decay': 1e-05} | Val AUC: 0.8327
[INFO] Config 104/180: {'hidden_dim': 512, 'eta': 0.05, 'lr': 0.003, 'weight_decay': 0.0001} | Val AUC: 0.8334
[INFO] Config 105/180: {'hidden_dim': 512, 'eta': 0.05, 'lr': 0.003, 'weight_decay': 0.001} | Val AUC: 0.8319
[INFO] Config 106/180: {'hidden_dim': 512, 'eta': 0.05, 'lr': 0.005, 'weight_decay': 1e-05} | Val AUC: 0.8342
[INFO] Config 107/180: {'hidden_dim': 512, 'eta': 0.05, 'lr': 0.005, 'weight_decay': 0.0001} | Val AUC: 0.8307
[INFO] Config 108/180: {'hidden_dim': 512, 'eta': 0.05, 'lr': 0.005, 'weight_decay': 0.001} | Val AUC: 0.8305
[INFO] Config 109/180: {'hidden_dim': 512, 'eta': 0.1, 'lr': 0.001, 'weight_decay': 1e-05} | Val AUC: 0.8242
[INFO] Config 110/180: {'hidden_dim': 512, 'eta': 0.1, 'lr': 0.001, 'weight_decay': 0.0001} | Val AUC: 0.8235
[INFO] Config 111/180: {'hidden_dim': 512, 'eta': 0.1, 'lr': 0.001, 'weight_decay': 0.001} | Val AUC: 0.8218
[INFO] Config 112/180: {'hidden_dim': 512, 'eta': 0.1, 'lr': 0.003, 'weight_decay': 1e-05} | Val AUC: 0.8340
[INFO] Config 113/180: {'hidden_dim': 512, 'eta': 0.1, 'lr': 0.003, 'weight_decay': 0.0001} | Val AUC: 0.8315
[INFO] Config 114/180: {'hidden_dim': 512, 'eta': 0.1, 'lr': 0.003, 'weight_decay': 0.001} | Val AUC: 0.8329
[INFO] Config 115/180: {'hidden_dim': 512, 'eta': 0.1, 'lr': 0.005, 'weight_decay': 1e-05} | Val AUC: 0.8345
[INFO] Config 116/180: {'hidden_dim': 512, 'eta': 0.1, 'lr': 0.005, 'weight_decay': 0.0001} | Val AUC: 0.8341
[INFO] Config 117/180: {'hidden_dim': 512, 'eta': 0.1, 'lr': 0.005, 'weight_decay': 0.001} | Val AUC: 0.8323
[INFO] Config 118/180: {'hidden_dim': 512, 'eta': 0.2, 'lr': 0.001, 'weight_decay': 1e-05} | Val AUC: 0.8212
[INFO] Config 119/180: {'hidden_dim': 512, 'eta': 0.2, 'lr': 0.001, 'weight_decay': 0.0001} | Val AUC: 0.8231
[INFO] Config 120/180: {'hidden_dim': 512, 'eta': 0.2, 'lr': 0.001, 'weight_decay': 0.001} | Val AUC: 0.8246
[INFO] Config 121/180: {'hidden_dim': 512, 'eta': 0.2, 'lr': 0.003, 'weight_decay': 1e-05} | Val AUC: 0.8330
[INFO] Config 122/180: {'hidden_dim': 512, 'eta': 0.2, 'lr': 0.003, 'weight_decay': 0.0001} | Val AUC: 0.8333
[INFO] Config 123/180: {'hidden_dim': 512, 'eta': 0.2, 'lr': 0.003, 'weight_decay': 0.001} | Val AUC: 0.8327
[INFO] Config 124/180: {'hidden_dim': 512, 'eta': 0.2, 'lr': 0.005, 'weight_decay': 1e-05} | Val AUC: 0.8338
[INFO] Config 125/180: {'hidden_dim': 512, 'eta': 0.2, 'lr': 0.005, 'weight_decay': 0.0001} | Val AUC: 0.8359
[INFO] Config 126/180: {'hidden_dim': 512, 'eta': 0.2, 'lr': 0.005, 'weight_decay': 0.001} | Val AUC: 0.8348
[INFO] Config 127/180: {'hidden_dim': 512, 'eta': 0.5, 'lr': 0.001, 'weight_decay': 1e-05} | Val AUC: 0.8241
[INFO] Config 128/180: {'hidden_dim': 512, 'eta': 0.5, 'lr': 0.001, 'weight_decay': 0.0001} | Val AUC: 0.8247
[INFO] Config 129/180: {'hidden_dim': 512, 'eta': 0.5, 'lr': 0.001, 'weight_decay': 0.001} | Val AUC: 0.8233
[INFO] Config 130/180: {'hidden_dim': 512, 'eta': 0.5, 'lr': 0.003, 'weight_decay': 1e-05} | Val AUC: 0.8351
[INFO] Config 131/180: {'hidden_dim': 512, 'eta': 0.5, 'lr': 0.003, 'weight_decay': 0.0001} | Val AUC: 0.8334
[INFO] Config 132/180: {'hidden_dim': 512, 'eta': 0.5, 'lr': 0.003, 'weight_decay': 0.001} | Val AUC: 0.8360
[INFO] Config 133/180: {'hidden_dim': 512, 'eta': 0.5, 'lr': 0.005, 'weight_decay': 1e-05} | Val AUC: 0.8343
[INFO] Config 134/180: {'hidden_dim': 512, 'eta': 0.5, 'lr': 0.005, 'weight_decay': 0.0001} | Val AUC: 0.8377
[INFO] Config 135/180: {'hidden_dim': 512, 'eta': 0.5, 'lr': 0.005, 'weight_decay': 0.001} | Val AUC: 0.8356
[INFO] Config 136/180: {'hidden_dim': 1024, 'eta': 0.0, 'lr': 0.001, 'weight_decay': 1e-05} | Val AUC: 0.8255
[INFO] Config 137/180: {'hidden_dim': 1024, 'eta': 0.0, 'lr': 0.001, 'weight_decay': 0.0001} | Val AUC: 0.8247
[INFO] Config 138/180: {'hidden_dim': 1024, 'eta': 0.0, 'lr': 0.001, 'weight_decay': 0.001} | Val AUC: 0.8255
[INFO] Config 139/180: {'hidden_dim': 1024, 'eta': 0.0, 'lr': 0.003, 'weight_decay': 1e-05} | Val AUC: 0.8260
[INFO] Config 140/180: {'hidden_dim': 1024, 'eta': 0.0, 'lr': 0.003, 'weight_decay': 0.0001} | Val AUC: 0.7679
[INFO] Config 141/180: {'hidden_dim': 1024, 'eta': 0.0, 'lr': 0.003, 'weight_decay': 0.001} | Val AUC: 0.8155
[INFO] Config 142/180: {'hidden_dim': 1024, 'eta': 0.0, 'lr': 0.005, 'weight_decay': 1e-05} | Val AUC: 0.5000
[INFO] Config 143/180: {'hidden_dim': 1024, 'eta': 0.0, 'lr': 0.005, 'weight_decay': 0.0001} | Val AUC: 0.5000
[INFO] Config 144/180: {'hidden_dim': 1024, 'eta': 0.0, 'lr': 0.005, 'weight_decay': 0.001} | Val AUC: 0.5000
[INFO] Config 145/180: {'hidden_dim': 1024, 'eta': 0.05, 'lr': 0.001, 'weight_decay': 1e-05} | Val AUC: 0.8259
[INFO] Config 146/180: {'hidden_dim': 1024, 'eta': 0.05, 'lr': 0.001, 'weight_decay': 0.0001} | Val AUC: 0.8264
[INFO] Config 147/180: {'hidden_dim': 1024, 'eta': 0.05, 'lr': 0.001, 'weight_decay': 0.001} | Val AUC: 0.8265
[INFO] Config 148/180: {'hidden_dim': 1024, 'eta': 0.05, 'lr': 0.003, 'weight_decay': 1e-05} | Val AUC: 0.8122
[INFO] Config 149/180: {'hidden_dim': 1024, 'eta': 0.05, 'lr': 0.003, 'weight_decay': 0.0001} | Val AUC: 0.8281
[INFO] Config 150/180: {'hidden_dim': 1024, 'eta': 0.05, 'lr': 0.003, 'weight_decay': 0.001} | Val AUC: 0.8295
[INFO] Config 151/180: {'hidden_dim': 1024, 'eta': 0.05, 'lr': 0.005, 'weight_decay': 1e-05} | Val AUC: 0.5000
[INFO] Config 152/180: {'hidden_dim': 1024, 'eta': 0.05, 'lr': 0.005, 'weight_decay': 0.0001} | Val AUC: 0.5000
[INFO] Config 153/180: {'hidden_dim': 1024, 'eta': 0.05, 'lr': 0.005, 'weight_decay': 0.001} | Val AUC: 0.5000
[INFO] Config 154/180: {'hidden_dim': 1024, 'eta': 0.1, 'lr': 0.001, 'weight_decay': 1e-05} | Val AUC: 0.8246
[INFO] Config 155/180: {'hidden_dim': 1024, 'eta': 0.1, 'lr': 0.001, 'weight_decay': 0.0001} | Val AUC: 0.8270
[INFO] Config 156/180: {'hidden_dim': 1024, 'eta': 0.1, 'lr': 0.001, 'weight_decay': 0.001} | Val AUC: 0.8263
[INFO] Config 157/180: {'hidden_dim': 1024, 'eta': 0.1, 'lr': 0.003, 'weight_decay': 1e-05} | Val AUC: 0.8151
[INFO] Config 158/180: {'hidden_dim': 1024, 'eta': 0.1, 'lr': 0.003, 'weight_decay': 0.0001} | Val AUC: 0.8271
[INFO] Config 159/180: {'hidden_dim': 1024, 'eta': 0.1, 'lr': 0.003, 'weight_decay': 0.001} | Val AUC: 0.8307
[INFO] Config 160/180: {'hidden_dim': 1024, 'eta': 0.1, 'lr': 0.005, 'weight_decay': 1e-05} | Val AUC: 0.5000
[INFO] Config 161/180: {'hidden_dim': 1024, 'eta': 0.1, 'lr': 0.005, 'weight_decay': 0.0001} | Val AUC: 0.5000
[INFO] Config 162/180: {'hidden_dim': 1024, 'eta': 0.1, 'lr': 0.005, 'weight_decay': 0.001} | Val AUC: 0.8203
[INFO] Config 163/180: {'hidden_dim': 1024, 'eta': 0.2, 'lr': 0.001, 'weight_decay': 1e-05} | Val AUC: 0.8277
[INFO] Config 164/180: {'hidden_dim': 1024, 'eta': 0.2, 'lr': 0.001, 'weight_decay': 0.0001} | Val AUC: 0.8284
[INFO] Config 165/180: {'hidden_dim': 1024, 'eta': 0.2, 'lr': 0.001, 'weight_decay': 0.001} | Val AUC: 0.8249
[INFO] Config 166/180: {'hidden_dim': 1024, 'eta': 0.2, 'lr': 0.003, 'weight_decay': 1e-05} | Val AUC: 0.8273
[INFO] Config 167/180: {'hidden_dim': 1024, 'eta': 0.2, 'lr': 0.003, 'weight_decay': 0.0001} | Val AUC: 0.8310
[INFO] Config 168/180: {'hidden_dim': 1024, 'eta': 0.2, 'lr': 0.003, 'weight_decay': 0.001} | Val AUC: 0.8292
[INFO] Config 169/180: {'hidden_dim': 1024, 'eta': 0.2, 'lr': 0.005, 'weight_decay': 1e-05} | Val AUC: 0.5224
[INFO] Config 170/180: {'hidden_dim': 1024, 'eta': 0.2, 'lr': 0.005, 'weight_decay': 0.0001} | Val AUC: 0.5000
[INFO] Config 171/180: {'hidden_dim': 1024, 'eta': 0.2, 'lr': 0.005, 'weight_decay': 0.001} | Val AUC: 0.5000
[INFO] Config 172/180: {'hidden_dim': 1024, 'eta': 0.5, 'lr': 0.001, 'weight_decay': 1e-05} | Val AUC: 0.8270
[INFO] Config 173/180: {'hidden_dim': 1024, 'eta': 0.5, 'lr': 0.001, 'weight_decay': 0.0001} | Val AUC: 0.8260
[INFO] Config 174/180: {'hidden_dim': 1024, 'eta': 0.5, 'lr': 0.001, 'weight_decay': 0.001} | Val AUC: 0.8276
[INFO] Config 175/180: {'hidden_dim': 1024, 'eta': 0.5, 'lr': 0.003, 'weight_decay': 1e-05} | Val AUC: 0.8324
[INFO] Config 176/180: {'hidden_dim': 1024, 'eta': 0.5, 'lr': 0.003, 'weight_decay': 0.0001} | Val AUC: 0.8318
[INFO] Config 177/180: {'hidden_dim': 1024, 'eta': 0.5, 'lr': 0.003, 'weight_decay': 0.001} | Val AUC: 0.8343
[INFO] Config 178/180: {'hidden_dim': 1024, 'eta': 0.5, 'lr': 0.005, 'weight_decay': 1e-05} | Val AUC: 0.8324
[INFO] Config 179/180: {'hidden_dim': 1024, 'eta': 0.5, 'lr': 0.005, 'weight_decay': 0.0001} | Val AUC: 0.8186
[INFO] Config 180/180: {'hidden_dim': 1024, 'eta': 0.5, 'lr': 0.005, 'weight_decay': 0.001} | Val AUC: 0.8224
[INFO] Selected Best BetaLikelihood Config: {'hidden_dim': 256, 'eta': 0.5, 'lr': 0.005, 'weight_decay': 1e-05} (Val AUC: 0.8385)
[INFO] Saved checkpoint for Fold 2/5 to research/outputs/experiments_v2/advanced_tournament_checkpoint.pth
[INFO] --- FOLD 3/5 ---
[INFO] Tuning BiGRU configurations (n_iter=324)...
[INFO] Config 1/324: {'hidden_dim': 64, 'num_layers': 1, 'dropout': 0.1, 'lr': 0.001, 'weight_decay': 1e-05} | Val AUC: 0.8312
[INFO] Config 2/324: {'hidden_dim': 64, 'num_layers': 1, 'dropout': 0.1, 'lr': 0.001, 'weight_decay': 0.0001} | Val AUC: 0.8348
[INFO] Config 3/324: {'hidden_dim': 64, 'num_layers': 1, 'dropout': 0.1, 'lr': 0.001, 'weight_decay': 0.001} | Val AUC: 0.8322
[INFO] Config 4/324: {'hidden_dim': 64, 'num_layers': 1, 'dropout': 0.1, 'lr': 0.003, 'weight_decay': 1e-05} | Val AUC: 0.8516
[INFO] Config 5/324: {'hidden_dim': 64, 'num_layers': 1, 'dropout': 0.1, 'lr': 0.003, 'weight_decay': 0.0001} | Val AUC: 0.8531
[INFO] Config 6/324: {'hidden_dim': 64, 'num_layers': 1, 'dropout': 0.1, 'lr': 0.003, 'weight_decay': 0.001} | Val AUC: 0.8498
[INFO] Config 7/324: {'hidden_dim': 64, 'num_layers': 1, 'dropout': 0.1, 'lr': 0.005, 'weight_decay': 1e-05} | Val AUC: 0.8561
[INFO] Config 8/324: {'hidden_dim': 64, 'num_layers': 1, 'dropout': 0.1, 'lr': 0.005, 'weight_decay': 0.0001} | Val AUC: 0.8538
[INFO] Config 9/324: {'hidden_dim': 64, 'num_layers': 1, 'dropout': 0.1, 'lr': 0.005, 'weight_decay': 0.001} | Val AUC: 0.8551
[INFO] Config 10/324: {'hidden_dim': 64, 'num_layers': 1, 'dropout': 0.3, 'lr': 0.001, 'weight_decay': 1e-05} | Val AUC: 0.8320
[INFO] Config 11/324: {'hidden_dim': 64, 'num_layers': 1, 'dropout': 0.3, 'lr': 0.001, 'weight_decay': 0.0001} | Val AUC: 0.8339
[INFO] Config 12/324: {'hidden_dim': 64, 'num_layers': 1, 'dropout': 0.3, 'lr': 0.001, 'weight_decay': 0.001} | Val AUC: 0.8299
[INFO] Config 13/324: {'hidden_dim': 64, 'num_layers': 1, 'dropout': 0.3, 'lr': 0.003, 'weight_decay': 1e-05} | Val AUC: 0.8507
[INFO] Config 14/324: {'hidden_dim': 64, 'num_layers': 1, 'dropout': 0.3, 'lr': 0.003, 'weight_decay': 0.0001} | Val AUC: 0.8543
[INFO] Config 15/324: {'hidden_dim': 64, 'num_layers': 1, 'dropout': 0.3, 'lr': 0.003, 'weight_decay': 0.001} | Val AUC: 0.8511
[INFO] Config 16/324: {'hidden_dim': 64, 'num_layers': 1, 'dropout': 0.3, 'lr': 0.005, 'weight_decay': 1e-05} | Val AUC: 0.8538
[INFO] Config 17/324: {'hidden_dim': 64, 'num_layers': 1, 'dropout': 0.3, 'lr': 0.005, 'weight_decay': 0.0001} | Val AUC: 0.8530
[INFO] Config 18/324: {'hidden_dim': 64, 'num_layers': 1, 'dropout': 0.3, 'lr': 0.005, 'weight_decay': 0.001} | Val AUC: 0.8550
[INFO] Config 19/324: {'hidden_dim': 64, 'num_layers': 1, 'dropout': 0.5, 'lr': 0.001, 'weight_decay': 1e-05} | Val AUC: 0.8344
[INFO] Config 20/324: {'hidden_dim': 64, 'num_layers': 1, 'dropout': 0.5, 'lr': 0.001, 'weight_decay': 0.0001} | Val AUC: 0.8337
[INFO] Config 21/324: {'hidden_dim': 64, 'num_layers': 1, 'dropout': 0.5, 'lr': 0.001, 'weight_decay': 0.001} | Val AUC: 0.8391
[INFO] Config 22/324: {'hidden_dim': 64, 'num_layers': 1, 'dropout': 0.5, 'lr': 0.003, 'weight_decay': 1e-05} | Val AUC: 0.8542
[INFO] Config 23/324: {'hidden_dim': 64, 'num_layers': 1, 'dropout': 0.5, 'lr': 0.003, 'weight_decay': 0.0001} | Val AUC: 0.8531
[INFO] Config 24/324: {'hidden_dim': 64, 'num_layers': 1, 'dropout': 0.5, 'lr': 0.003, 'weight_decay': 0.001} | Val AUC: 0.8520
[INFO] Config 25/324: {'hidden_dim': 64, 'num_layers': 1, 'dropout': 0.5, 'lr': 0.005, 'weight_decay': 1e-05} | Val AUC: 0.8553
[INFO] Config 26/324: {'hidden_dim': 64, 'num_layers': 1, 'dropout': 0.5, 'lr': 0.005, 'weight_decay': 0.0001} | Val AUC: 0.8573
[INFO] Config 27/324: {'hidden_dim': 64, 'num_layers': 1, 'dropout': 0.5, 'lr': 0.005, 'weight_decay': 0.001} | Val AUC: 0.8557
[INFO] Config 28/324: {'hidden_dim': 64, 'num_layers': 2, 'dropout': 0.1, 'lr': 0.001, 'weight_decay': 1e-05} | Val AUC: 0.8408
[INFO] Config 29/324: {'hidden_dim': 64, 'num_layers': 2, 'dropout': 0.1, 'lr': 0.001, 'weight_decay': 0.0001} | Val AUC: 0.8400
[INFO] Config 30/324: {'hidden_dim': 64, 'num_layers': 2, 'dropout': 0.1, 'lr': 0.001, 'weight_decay': 0.001} | Val AUC: 0.8404
[INFO] Config 31/324: {'hidden_dim': 64, 'num_layers': 2, 'dropout': 0.1, 'lr': 0.003, 'weight_decay': 1e-05} | Val AUC: 0.8535
[INFO] Config 32/324: {'hidden_dim': 64, 'num_layers': 2, 'dropout': 0.1, 'lr': 0.003, 'weight_decay': 0.0001} | Val AUC: 0.8558
[INFO] Config 33/324: {'hidden_dim': 64, 'num_layers': 2, 'dropout': 0.1, 'lr': 0.003, 'weight_decay': 0.001} | Val AUC: 0.8517
[INFO] Config 34/324: {'hidden_dim': 64, 'num_layers': 2, 'dropout': 0.1, 'lr': 0.005, 'weight_decay': 1e-05} | Val AUC: 0.8553
[INFO] Config 35/324: {'hidden_dim': 64, 'num_layers': 2, 'dropout': 0.1, 'lr': 0.005, 'weight_decay': 0.0001} | Val AUC: 0.8562
[INFO] Config 36/324: {'hidden_dim': 64, 'num_layers': 2, 'dropout': 0.1, 'lr': 0.005, 'weight_decay': 0.001} | Val AUC: 0.8535
[INFO] Config 37/324: {'hidden_dim': 64, 'num_layers': 2, 'dropout': 0.3, 'lr': 0.001, 'weight_decay': 1e-05} | Val AUC: 0.8374
[INFO] Config 38/324: {'hidden_dim': 64, 'num_layers': 2, 'dropout': 0.3, 'lr': 0.001, 'weight_decay': 0.0001} | Val AUC: 0.8361
[INFO] Config 39/324: {'hidden_dim': 64, 'num_layers': 2, 'dropout': 0.3, 'lr': 0.001, 'weight_decay': 0.001} | Val AUC: 0.8389
[INFO] Config 40/324: {'hidden_dim': 64, 'num_layers': 2, 'dropout': 0.3, 'lr': 0.003, 'weight_decay': 1e-05} | Val AUC: 0.8507
[INFO] Config 41/324: {'hidden_dim': 64, 'num_layers': 2, 'dropout': 0.3, 'lr': 0.003, 'weight_decay': 0.0001} | Val AUC: 0.8534
[INFO] Config 42/324: {'hidden_dim': 64, 'num_layers': 2, 'dropout': 0.3, 'lr': 0.003, 'weight_decay': 0.001} | Val AUC: 0.8529
[INFO] Config 43/324: {'hidden_dim': 64, 'num_layers': 2, 'dropout': 0.3, 'lr': 0.005, 'weight_decay': 1e-05} | Val AUC: 0.8543
[INFO] Config 44/324: {'hidden_dim': 64, 'num_layers': 2, 'dropout': 0.3, 'lr': 0.005, 'weight_decay': 0.0001} | Val AUC: 0.8525
[INFO] Config 45/324: {'hidden_dim': 64, 'num_layers': 2, 'dropout': 0.3, 'lr': 0.005, 'weight_decay': 0.001} | Val AUC: 0.8528
[INFO] Config 46/324: {'hidden_dim': 64, 'num_layers': 2, 'dropout': 0.5, 'lr': 0.001, 'weight_decay': 1e-05} | Val AUC: 0.8326
[INFO] Config 47/324: {'hidden_dim': 64, 'num_layers': 2, 'dropout': 0.5, 'lr': 0.001, 'weight_decay': 0.0001} | Val AUC: 0.8354
[INFO] Config 48/324: {'hidden_dim': 64, 'num_layers': 2, 'dropout': 0.5, 'lr': 0.001, 'weight_decay': 0.001} | Val AUC: 0.8313
[INFO] Config 49/324: {'hidden_dim': 64, 'num_layers': 2, 'dropout': 0.5, 'lr': 0.003, 'weight_decay': 1e-05} | Val AUC: 0.8487
[INFO] Config 50/324: {'hidden_dim': 64, 'num_layers': 2, 'dropout': 0.5, 'lr': 0.003, 'weight_decay': 0.0001} | Val AUC: 0.8473
[INFO] Config 51/324: {'hidden_dim': 64, 'num_layers': 2, 'dropout': 0.5, 'lr': 0.003, 'weight_decay': 0.001} | Val AUC: 0.8466
[INFO] Config 52/324: {'hidden_dim': 64, 'num_layers': 2, 'dropout': 0.5, 'lr': 0.005, 'weight_decay': 1e-05} | Val AUC: 0.8509
[INFO] Config 53/324: {'hidden_dim': 64, 'num_layers': 2, 'dropout': 0.5, 'lr': 0.005, 'weight_decay': 0.0001} | Val AUC: 0.8490
[INFO] Config 54/324: {'hidden_dim': 64, 'num_layers': 2, 'dropout': 0.5, 'lr': 0.005, 'weight_decay': 0.001} | Val AUC: 0.8489
[INFO] Config 55/324: {'hidden_dim': 64, 'num_layers': 3, 'dropout': 0.1, 'lr': 0.001, 'weight_decay': 1e-05} | Val AUC: 0.8364
[INFO] Config 56/324: {'hidden_dim': 64, 'num_layers': 3, 'dropout': 0.1, 'lr': 0.001, 'weight_decay': 0.0001} | Val AUC: 0.8348
[INFO] Config 57/324: {'hidden_dim': 64, 'num_layers': 3, 'dropout': 0.1, 'lr': 0.001, 'weight_decay': 0.001} | Val AUC: 0.8404
[INFO] Config 58/324: {'hidden_dim': 64, 'num_layers': 3, 'dropout': 0.1, 'lr': 0.003, 'weight_decay': 1e-05} | Val AUC: 0.8512
[INFO] Config 59/324: {'hidden_dim': 64, 'num_layers': 3, 'dropout': 0.1, 'lr': 0.003, 'weight_decay': 0.0001} | Val AUC: 0.8536
[INFO] Config 60/324: {'hidden_dim': 64, 'num_layers': 3, 'dropout': 0.1, 'lr': 0.003, 'weight_decay': 0.001} | Val AUC: 0.8513
[INFO] Config 61/324: {'hidden_dim': 64, 'num_layers': 3, 'dropout': 0.1, 'lr': 0.005, 'weight_decay': 1e-05} | Val AUC: 0.8532
[INFO] Config 62/324: {'hidden_dim': 64, 'num_layers': 3, 'dropout': 0.1, 'lr': 0.005, 'weight_decay': 0.0001} | Val AUC: 0.8567
[INFO] Config 63/324: {'hidden_dim': 64, 'num_layers': 3, 'dropout': 0.1, 'lr': 0.005, 'weight_decay': 0.001} | Val AUC: 0.8576
[INFO] Config 64/324: {'hidden_dim': 64, 'num_layers': 3, 'dropout': 0.3, 'lr': 0.001, 'weight_decay': 1e-05} | Val AUC: 0.8346
[INFO] Config 65/324: {'hidden_dim': 64, 'num_layers': 3, 'dropout': 0.3, 'lr': 0.001, 'weight_decay': 0.0001} | Val AUC: 0.8352
[INFO] Config 66/324: {'hidden_dim': 64, 'num_layers': 3, 'dropout': 0.3, 'lr': 0.001, 'weight_decay': 0.001} | Val AUC: 0.8349
[INFO] Config 67/324: {'hidden_dim': 64, 'num_layers': 3, 'dropout': 0.3, 'lr': 0.003, 'weight_decay': 1e-05} | Val AUC: 0.8470
[INFO] Config 68/324: {'hidden_dim': 64, 'num_layers': 3, 'dropout': 0.3, 'lr': 0.003, 'weight_decay': 0.0001} | Val AUC: 0.8486
[INFO] Config 69/324: {'hidden_dim': 64, 'num_layers': 3, 'dropout': 0.3, 'lr': 0.003, 'weight_decay': 0.001} | Val AUC: 0.8487
[INFO] Config 70/324: {'hidden_dim': 64, 'num_layers': 3, 'dropout': 0.3, 'lr': 0.005, 'weight_decay': 1e-05} | Val AUC: 0.8518
[INFO] Config 71/324: {'hidden_dim': 64, 'num_layers': 3, 'dropout': 0.3, 'lr': 0.005, 'weight_decay': 0.0001} | Val AUC: 0.8521
[INFO] Config 72/324: {'hidden_dim': 64, 'num_layers': 3, 'dropout': 0.3, 'lr': 0.005, 'weight_decay': 0.001} | Val AUC: 0.8553
[INFO] Config 73/324: {'hidden_dim': 64, 'num_layers': 3, 'dropout': 0.5, 'lr': 0.001, 'weight_decay': 1e-05} | Val AUC: 0.8320
[INFO] Config 74/324: {'hidden_dim': 64, 'num_layers': 3, 'dropout': 0.5, 'lr': 0.001, 'weight_decay': 0.0001} | Val AUC: 0.8298
[INFO] Config 75/324: {'hidden_dim': 64, 'num_layers': 3, 'dropout': 0.5, 'lr': 0.001, 'weight_decay': 0.001} | Val AUC: 0.8272
[INFO] Config 76/324: {'hidden_dim': 64, 'num_layers': 3, 'dropout': 0.5, 'lr': 0.003, 'weight_decay': 1e-05} | Val AUC: 0.8441
[INFO] Config 77/324: {'hidden_dim': 64, 'num_layers': 3, 'dropout': 0.5, 'lr': 0.003, 'weight_decay': 0.0001} | Val AUC: 0.8472
[INFO] Config 78/324: {'hidden_dim': 64, 'num_layers': 3, 'dropout': 0.5, 'lr': 0.003, 'weight_decay': 0.001} | Val AUC: 0.8438
[INFO] Config 79/324: {'hidden_dim': 64, 'num_layers': 3, 'dropout': 0.5, 'lr': 0.005, 'weight_decay': 1e-05} | Val AUC: 0.8482
[INFO] Config 80/324: {'hidden_dim': 64, 'num_layers': 3, 'dropout': 0.5, 'lr': 0.005, 'weight_decay': 0.0001} | Val AUC: 0.8485
[INFO] Config 81/324: {'hidden_dim': 64, 'num_layers': 3, 'dropout': 0.5, 'lr': 0.005, 'weight_decay': 0.001} | Val AUC: 0.8467
[INFO] Config 82/324: {'hidden_dim': 128, 'num_layers': 1, 'dropout': 0.1, 'lr': 0.001, 'weight_decay': 1e-05} | Val AUC: 0.8483
[INFO] Config 83/324: {'hidden_dim': 128, 'num_layers': 1, 'dropout': 0.1, 'lr': 0.001, 'weight_decay': 0.0001} | Val AUC: 0.8489
[INFO] Config 84/324: {'hidden_dim': 128, 'num_layers': 1, 'dropout': 0.1, 'lr': 0.001, 'weight_decay': 0.001} | Val AUC: 0.8473
[INFO] Config 85/324: {'hidden_dim': 128, 'num_layers': 1, 'dropout': 0.1, 'lr': 0.003, 'weight_decay': 1e-05} | Val AUC: 0.8585
[INFO] Config 86/324: {'hidden_dim': 128, 'num_layers': 1, 'dropout': 0.1, 'lr': 0.003, 'weight_decay': 0.0001} | Val AUC: 0.8603
[INFO] Config 87/324: {'hidden_dim': 128, 'num_layers': 1, 'dropout': 0.1, 'lr': 0.003, 'weight_decay': 0.001} | Val AUC: 0.8602
[INFO] Config 88/324: {'hidden_dim': 128, 'num_layers': 1, 'dropout': 0.1, 'lr': 0.005, 'weight_decay': 1e-05} | Val AUC: 0.8613
[INFO] Config 89/324: {'hidden_dim': 128, 'num_layers': 1, 'dropout': 0.1, 'lr': 0.005, 'weight_decay': 0.0001} | Val AUC: 0.8608
[INFO] Config 90/324: {'hidden_dim': 128, 'num_layers': 1, 'dropout': 0.1, 'lr': 0.005, 'weight_decay': 0.001} | Val AUC: 0.8594
[INFO] Config 91/324: {'hidden_dim': 128, 'num_layers': 1, 'dropout': 0.3, 'lr': 0.001, 'weight_decay': 1e-05} | Val AUC: 0.8490
[INFO] Config 92/324: {'hidden_dim': 128, 'num_layers': 1, 'dropout': 0.3, 'lr': 0.001, 'weight_decay': 0.0001} | Val AUC: 0.8509
[INFO] Config 93/324: {'hidden_dim': 128, 'num_layers': 1, 'dropout': 0.3, 'lr': 0.001, 'weight_decay': 0.001} | Val AUC: 0.8458
[INFO] Config 94/324: {'hidden_dim': 128, 'num_layers': 1, 'dropout': 0.3, 'lr': 0.003, 'weight_decay': 1e-05} | Val AUC: 0.8605
[INFO] Config 95/324: {'hidden_dim': 128, 'num_layers': 1, 'dropout': 0.3, 'lr': 0.003, 'weight_decay': 0.0001} | Val AUC: 0.8613
[INFO] Config 96/324: {'hidden_dim': 128, 'num_layers': 1, 'dropout': 0.3, 'lr': 0.003, 'weight_decay': 0.001} | Val AUC: 0.8577
[INFO] Config 97/324: {'hidden_dim': 128, 'num_layers': 1, 'dropout': 0.3, 'lr': 0.005, 'weight_decay': 1e-05} | Val AUC: 0.8606
[INFO] Config 98/324: {'hidden_dim': 128, 'num_layers': 1, 'dropout': 0.3, 'lr': 0.005, 'weight_decay': 0.0001} | Val AUC: 0.8592
[INFO] Config 99/324: {'hidden_dim': 128, 'num_layers': 1, 'dropout': 0.3, 'lr': 0.005, 'weight_decay': 0.001} | Val AUC: 0.8602
[INFO] Config 100/324: {'hidden_dim': 128, 'num_layers': 1, 'dropout': 0.5, 'lr': 0.001, 'weight_decay': 1e-05} | Val AUC: 0.8456
[INFO] Config 101/324: {'hidden_dim': 128, 'num_layers': 1, 'dropout': 0.5, 'lr': 0.001, 'weight_decay': 0.0001} | Val AUC: 0.8492
[INFO] Config 102/324: {'hidden_dim': 128, 'num_layers': 1, 'dropout': 0.5, 'lr': 0.001, 'weight_decay': 0.001} | Val AUC: 0.8469
[INFO] Config 103/324: {'hidden_dim': 128, 'num_layers': 1, 'dropout': 0.5, 'lr': 0.003, 'weight_decay': 1e-05} | Val AUC: 0.8600
[INFO] Config 104/324: {'hidden_dim': 128, 'num_layers': 1, 'dropout': 0.5, 'lr': 0.003, 'weight_decay': 0.0001} | Val AUC: 0.8591
[INFO] Config 105/324: {'hidden_dim': 128, 'num_layers': 1, 'dropout': 0.5, 'lr': 0.003, 'weight_decay': 0.001} | Val AUC: 0.8589
[INFO] Config 106/324: {'hidden_dim': 128, 'num_layers': 1, 'dropout': 0.5, 'lr': 0.005, 'weight_decay': 1e-05} | Val AUC: 0.8603
[INFO] Config 107/324: {'hidden_dim': 128, 'num_layers': 1, 'dropout': 0.5, 'lr': 0.005, 'weight_decay': 0.0001} | Val AUC: 0.8625
[INFO] Config 108/324: {'hidden_dim': 128, 'num_layers': 1, 'dropout': 0.5, 'lr': 0.005, 'weight_decay': 0.001} | Val AUC: 0.8625
[INFO] Config 109/324: {'hidden_dim': 128, 'num_layers': 2, 'dropout': 0.1, 'lr': 0.001, 'weight_decay': 1e-05} | Val AUC: 0.8506
[INFO] Config 110/324: {'hidden_dim': 128, 'num_layers': 2, 'dropout': 0.1, 'lr': 0.001, 'weight_decay': 0.0001} | Val AUC: 0.8503
[INFO] Config 111/324: {'hidden_dim': 128, 'num_layers': 2, 'dropout': 0.1, 'lr': 0.001, 'weight_decay': 0.001} | Val AUC: 0.8530
[INFO] Config 112/324: {'hidden_dim': 128, 'num_layers': 2, 'dropout': 0.1, 'lr': 0.003, 'weight_decay': 1e-05} | Val AUC: 0.8560
[INFO] Config 113/324: {'hidden_dim': 128, 'num_layers': 2, 'dropout': 0.1, 'lr': 0.003, 'weight_decay': 0.0001} | Val AUC: 0.8547
[INFO] Config 114/324: {'hidden_dim': 128, 'num_layers': 2, 'dropout': 0.1, 'lr': 0.003, 'weight_decay': 0.001} | Val AUC: 0.8596
[INFO] Config 115/324: {'hidden_dim': 128, 'num_layers': 2, 'dropout': 0.1, 'lr': 0.005, 'weight_decay': 1e-05} | Val AUC: 0.8562
[INFO] Config 116/324: {'hidden_dim': 128, 'num_layers': 2, 'dropout': 0.1, 'lr': 0.005, 'weight_decay': 0.0001} | Val AUC: 0.8574
[INFO] Config 117/324: {'hidden_dim': 128, 'num_layers': 2, 'dropout': 0.1, 'lr': 0.005, 'weight_decay': 0.001} | Val AUC: 0.8588
[INFO] Config 118/324: {'hidden_dim': 128, 'num_layers': 2, 'dropout': 0.3, 'lr': 0.001, 'weight_decay': 1e-05} | Val AUC: 0.8487
[INFO] Config 119/324: {'hidden_dim': 128, 'num_layers': 2, 'dropout': 0.3, 'lr': 0.001, 'weight_decay': 0.0001} | Val AUC: 0.8511
[INFO] Config 120/324: {'hidden_dim': 128, 'num_layers': 2, 'dropout': 0.3, 'lr': 0.001, 'weight_decay': 0.001} | Val AUC: 0.8481
[INFO] Config 121/324: {'hidden_dim': 128, 'num_layers': 2, 'dropout': 0.3, 'lr': 0.003, 'weight_decay': 1e-05} | Val AUC: 0.8585
[INFO] Config 122/324: {'hidden_dim': 128, 'num_layers': 2, 'dropout': 0.3, 'lr': 0.003, 'weight_decay': 0.0001} | Val AUC: 0.8568
[INFO] Config 123/324: {'hidden_dim': 128, 'num_layers': 2, 'dropout': 0.3, 'lr': 0.003, 'weight_decay': 0.001} | Val AUC: 0.8544
[INFO] Config 124/324: {'hidden_dim': 128, 'num_layers': 2, 'dropout': 0.3, 'lr': 0.005, 'weight_decay': 1e-05} | Val AUC: 0.8597
[INFO] Config 125/324: {'hidden_dim': 128, 'num_layers': 2, 'dropout': 0.3, 'lr': 0.005, 'weight_decay': 0.0001} | Val AUC: 0.8569
[INFO] Config 126/324: {'hidden_dim': 128, 'num_layers': 2, 'dropout': 0.3, 'lr': 0.005, 'weight_decay': 0.001} | Val AUC: 0.8555
[INFO] Config 127/324: {'hidden_dim': 128, 'num_layers': 2, 'dropout': 0.5, 'lr': 0.001, 'weight_decay': 1e-05} | Val AUC: 0.8455
[INFO] Config 128/324: {'hidden_dim': 128, 'num_layers': 2, 'dropout': 0.5, 'lr': 0.001, 'weight_decay': 0.0001} | Val AUC: 0.8464
[INFO] Config 129/324: {'hidden_dim': 128, 'num_layers': 2, 'dropout': 0.5, 'lr': 0.001, 'weight_decay': 0.001} | Val AUC: 0.8468
[INFO] Config 130/324: {'hidden_dim': 128, 'num_layers': 2, 'dropout': 0.5, 'lr': 0.003, 'weight_decay': 1e-05} | Val AUC: 0.8528
[INFO] Config 131/324: {'hidden_dim': 128, 'num_layers': 2, 'dropout': 0.5, 'lr': 0.003, 'weight_decay': 0.0001} | Val AUC: 0.8547
[INFO] Config 132/324: {'hidden_dim': 128, 'num_layers': 2, 'dropout': 0.5, 'lr': 0.003, 'weight_decay': 0.001} | Val AUC: 0.8514
[INFO] Config 133/324: {'hidden_dim': 128, 'num_layers': 2, 'dropout': 0.5, 'lr': 0.005, 'weight_decay': 1e-05} | Val AUC: 0.8520
[INFO] Config 134/324: {'hidden_dim': 128, 'num_layers': 2, 'dropout': 0.5, 'lr': 0.005, 'weight_decay': 0.0001} | Val AUC: 0.8552
[INFO] Config 135/324: {'hidden_dim': 128, 'num_layers': 2, 'dropout': 0.5, 'lr': 0.005, 'weight_decay': 0.001} | Val AUC: 0.8543
[INFO] Config 136/324: {'hidden_dim': 128, 'num_layers': 3, 'dropout': 0.1, 'lr': 0.001, 'weight_decay': 1e-05} | Val AUC: 0.8491
[INFO] Config 137/324: {'hidden_dim': 128, 'num_layers': 3, 'dropout': 0.1, 'lr': 0.001, 'weight_decay': 0.0001} | Val AUC: 0.8494
[INFO] Config 138/324: {'hidden_dim': 128, 'num_layers': 3, 'dropout': 0.1, 'lr': 0.001, 'weight_decay': 0.001} | Val AUC: 0.8492
[INFO] Config 139/324: {'hidden_dim': 128, 'num_layers': 3, 'dropout': 0.1, 'lr': 0.003, 'weight_decay': 1e-05} | Val AUC: 0.8567
[INFO] Config 140/324: {'hidden_dim': 128, 'num_layers': 3, 'dropout': 0.1, 'lr': 0.003, 'weight_decay': 0.0001} | Val AUC: 0.8540
[INFO] Config 141/324: {'hidden_dim': 128, 'num_layers': 3, 'dropout': 0.1, 'lr': 0.003, 'weight_decay': 0.001} | Val AUC: 0.8543
[INFO] Config 142/324: {'hidden_dim': 128, 'num_layers': 3, 'dropout': 0.1, 'lr': 0.005, 'weight_decay': 1e-05} | Val AUC: 0.8570
[INFO] Config 143/324: {'hidden_dim': 128, 'num_layers': 3, 'dropout': 0.1, 'lr': 0.005, 'weight_decay': 0.0001} | Val AUC: 0.8580
[INFO] Config 144/324: {'hidden_dim': 128, 'num_layers': 3, 'dropout': 0.1, 'lr': 0.005, 'weight_decay': 0.001} | Val AUC: 0.8597
[INFO] Config 145/324: {'hidden_dim': 128, 'num_layers': 3, 'dropout': 0.3, 'lr': 0.001, 'weight_decay': 1e-05} | Val AUC: 0.8455
[INFO] Config 146/324: {'hidden_dim': 128, 'num_layers': 3, 'dropout': 0.3, 'lr': 0.001, 'weight_decay': 0.0001} | Val AUC: 0.8472
[INFO] Config 147/324: {'hidden_dim': 128, 'num_layers': 3, 'dropout': 0.3, 'lr': 0.001, 'weight_decay': 0.001} | Val AUC: 0.8490
[INFO] Config 148/324: {'hidden_dim': 128, 'num_layers': 3, 'dropout': 0.3, 'lr': 0.003, 'weight_decay': 1e-05} | Val AUC: 0.8514
[INFO] Config 149/324: {'hidden_dim': 128, 'num_layers': 3, 'dropout': 0.3, 'lr': 0.003, 'weight_decay': 0.0001} | Val AUC: 0.8547
[INFO] Config 150/324: {'hidden_dim': 128, 'num_layers': 3, 'dropout': 0.3, 'lr': 0.003, 'weight_decay': 0.001} | Val AUC: 0.8564
[INFO] Config 151/324: {'hidden_dim': 128, 'num_layers': 3, 'dropout': 0.3, 'lr': 0.005, 'weight_decay': 1e-05} | Val AUC: 0.8531
[INFO] Config 152/324: {'hidden_dim': 128, 'num_layers': 3, 'dropout': 0.3, 'lr': 0.005, 'weight_decay': 0.0001} | Val AUC: 0.8566
[INFO] Config 153/324: {'hidden_dim': 128, 'num_layers': 3, 'dropout': 0.3, 'lr': 0.005, 'weight_decay': 0.001} | Val AUC: 0.8545
[INFO] Config 154/324: {'hidden_dim': 128, 'num_layers': 3, 'dropout': 0.5, 'lr': 0.001, 'weight_decay': 1e-05} | Val AUC: 0.8424
[INFO] Config 155/324: {'hidden_dim': 128, 'num_layers': 3, 'dropout': 0.5, 'lr': 0.001, 'weight_decay': 0.0001} | Val AUC: 0.8429
[INFO] Config 156/324: {'hidden_dim': 128, 'num_layers': 3, 'dropout': 0.5, 'lr': 0.001, 'weight_decay': 0.001} | Val AUC: 0.8432
[INFO] Config 157/324: {'hidden_dim': 128, 'num_layers': 3, 'dropout': 0.5, 'lr': 0.003, 'weight_decay': 1e-05} | Val AUC: 0.8536
[INFO] Config 158/324: {'hidden_dim': 128, 'num_layers': 3, 'dropout': 0.5, 'lr': 0.003, 'weight_decay': 0.0001} | Val AUC: 0.8558
[INFO] Config 159/324: {'hidden_dim': 128, 'num_layers': 3, 'dropout': 0.5, 'lr': 0.003, 'weight_decay': 0.001} | Val AUC: 0.8516
[INFO] Config 160/324: {'hidden_dim': 128, 'num_layers': 3, 'dropout': 0.5, 'lr': 0.005, 'weight_decay': 1e-05} | Val AUC: 0.8519
[INFO] Config 161/324: {'hidden_dim': 128, 'num_layers': 3, 'dropout': 0.5, 'lr': 0.005, 'weight_decay': 0.0001} | Val AUC: 0.8522
[INFO] Config 162/324: {'hidden_dim': 128, 'num_layers': 3, 'dropout': 0.5, 'lr': 0.005, 'weight_decay': 0.001} | Val AUC: 0.8540
[INFO] Config 163/324: {'hidden_dim': 256, 'num_layers': 1, 'dropout': 0.1, 'lr': 0.001, 'weight_decay': 1e-05} | Val AUC: 0.8577
[INFO] Config 164/324: {'hidden_dim': 256, 'num_layers': 1, 'dropout': 0.1, 'lr': 0.001, 'weight_decay': 0.0001} | Val AUC: 0.8574
[INFO] Config 165/324: {'hidden_dim': 256, 'num_layers': 1, 'dropout': 0.1, 'lr': 0.001, 'weight_decay': 0.001} | Val AUC: 0.8576
[INFO] Config 166/324: {'hidden_dim': 256, 'num_layers': 1, 'dropout': 0.1, 'lr': 0.003, 'weight_decay': 1e-05} | Val AUC: 0.8632
[INFO] Config 167/324: {'hidden_dim': 256, 'num_layers': 1, 'dropout': 0.1, 'lr': 0.003, 'weight_decay': 0.0001} | Val AUC: 0.8617
[INFO] Config 168/324: {'hidden_dim': 256, 'num_layers': 1, 'dropout': 0.1, 'lr': 0.003, 'weight_decay': 0.001} | Val AUC: 0.8619
[INFO] Config 169/324: {'hidden_dim': 256, 'num_layers': 1, 'dropout': 0.1, 'lr': 0.005, 'weight_decay': 1e-05} | Val AUC: 0.8644
[INFO] Config 170/324: {'hidden_dim': 256, 'num_layers': 1, 'dropout': 0.1, 'lr': 0.005, 'weight_decay': 0.0001} | Val AUC: 0.8622
[INFO] Config 171/324: {'hidden_dim': 256, 'num_layers': 1, 'dropout': 0.1, 'lr': 0.005, 'weight_decay': 0.001} | Val AUC: 0.8629
[INFO] Config 172/324: {'hidden_dim': 256, 'num_layers': 1, 'dropout': 0.3, 'lr': 0.001, 'weight_decay': 1e-05} | Val AUC: 0.8554
[INFO] Config 173/324: {'hidden_dim': 256, 'num_layers': 1, 'dropout': 0.3, 'lr': 0.001, 'weight_decay': 0.0001} | Val AUC: 0.8583
[INFO] Config 174/324: {'hidden_dim': 256, 'num_layers': 1, 'dropout': 0.3, 'lr': 0.001, 'weight_decay': 0.001} | Val AUC: 0.8569
[INFO] Config 175/324: {'hidden_dim': 256, 'num_layers': 1, 'dropout': 0.3, 'lr': 0.003, 'weight_decay': 1e-05} | Val AUC: 0.8624
[INFO] Config 176/324: {'hidden_dim': 256, 'num_layers': 1, 'dropout': 0.3, 'lr': 0.003, 'weight_decay': 0.0001} | Val AUC: 0.8631
[INFO] Config 177/324: {'hidden_dim': 256, 'num_layers': 1, 'dropout': 0.3, 'lr': 0.003, 'weight_decay': 0.001} | Val AUC: 0.8601
[INFO] Config 178/324: {'hidden_dim': 256, 'num_layers': 1, 'dropout': 0.3, 'lr': 0.005, 'weight_decay': 1e-05} | Val AUC: 0.8622
[INFO] Config 179/324: {'hidden_dim': 256, 'num_layers': 1, 'dropout': 0.3, 'lr': 0.005, 'weight_decay': 0.0001} | Val AUC: 0.8622
[INFO] Config 180/324: {'hidden_dim': 256, 'num_layers': 1, 'dropout': 0.3, 'lr': 0.005, 'weight_decay': 0.001} | Val AUC: 0.8615
[INFO] Config 181/324: {'hidden_dim': 256, 'num_layers': 1, 'dropout': 0.5, 'lr': 0.001, 'weight_decay': 1e-05} | Val AUC: 0.8576
[INFO] Config 182/324: {'hidden_dim': 256, 'num_layers': 1, 'dropout': 0.5, 'lr': 0.001, 'weight_decay': 0.0001} | Val AUC: 0.8569
[INFO] Config 183/324: {'hidden_dim': 256, 'num_layers': 1, 'dropout': 0.5, 'lr': 0.001, 'weight_decay': 0.001} | Val AUC: 0.8570
[INFO] Config 184/324: {'hidden_dim': 256, 'num_layers': 1, 'dropout': 0.5, 'lr': 0.003, 'weight_decay': 1e-05} | Val AUC: 0.8619
[INFO] Config 185/324: {'hidden_dim': 256, 'num_layers': 1, 'dropout': 0.5, 'lr': 0.003, 'weight_decay': 0.0001} | Val AUC: 0.8626
[INFO] Config 186/324: {'hidden_dim': 256, 'num_layers': 1, 'dropout': 0.5, 'lr': 0.003, 'weight_decay': 0.001} | Val AUC: 0.8638
[INFO] Config 187/324: {'hidden_dim': 256, 'num_layers': 1, 'dropout': 0.5, 'lr': 0.005, 'weight_decay': 1e-05} | Val AUC: 0.8612
[INFO] Config 188/324: {'hidden_dim': 256, 'num_layers': 1, 'dropout': 0.5, 'lr': 0.005, 'weight_decay': 0.0001} | Val AUC: 0.8622
[INFO] Config 189/324: {'hidden_dim': 256, 'num_layers': 1, 'dropout': 0.5, 'lr': 0.005, 'weight_decay': 0.001} | Val AUC: 0.8631
[INFO] Config 190/324: {'hidden_dim': 256, 'num_layers': 2, 'dropout': 0.1, 'lr': 0.001, 'weight_decay': 1e-05} | Val AUC: 0.8574
[INFO] Config 191/324: {'hidden_dim': 256, 'num_layers': 2, 'dropout': 0.1, 'lr': 0.001, 'weight_decay': 0.0001} | Val AUC: 0.8550
[INFO] Config 192/324: {'hidden_dim': 256, 'num_layers': 2, 'dropout': 0.1, 'lr': 0.001, 'weight_decay': 0.001} | Val AUC: 0.8542
[INFO] Config 193/324: {'hidden_dim': 256, 'num_layers': 2, 'dropout': 0.1, 'lr': 0.003, 'weight_decay': 1e-05} | Val AUC: 0.8595
[INFO] Config 194/324: {'hidden_dim': 256, 'num_layers': 2, 'dropout': 0.1, 'lr': 0.003, 'weight_decay': 0.0001} | Val AUC: 0.8587
[INFO] Config 195/324: {'hidden_dim': 256, 'num_layers': 2, 'dropout': 0.1, 'lr': 0.003, 'weight_decay': 0.001} | Val AUC: 0.8601
[INFO] Config 196/324: {'hidden_dim': 256, 'num_layers': 2, 'dropout': 0.1, 'lr': 0.005, 'weight_decay': 1e-05} | Val AUC: 0.8579
[INFO] Config 197/324: {'hidden_dim': 256, 'num_layers': 2, 'dropout': 0.1, 'lr': 0.005, 'weight_decay': 0.0001} | Val AUC: 0.8579
[INFO] Config 198/324: {'hidden_dim': 256, 'num_layers': 2, 'dropout': 0.1, 'lr': 0.005, 'weight_decay': 0.001} | Val AUC: 0.8590
[INFO] Config 199/324: {'hidden_dim': 256, 'num_layers': 2, 'dropout': 0.3, 'lr': 0.001, 'weight_decay': 1e-05} | Val AUC: 0.8531
[INFO] Config 200/324: {'hidden_dim': 256, 'num_layers': 2, 'dropout': 0.3, 'lr': 0.001, 'weight_decay': 0.0001} | Val AUC: 0.8566
[INFO] Config 201/324: {'hidden_dim': 256, 'num_layers': 2, 'dropout': 0.3, 'lr': 0.001, 'weight_decay': 0.001} | Val AUC: 0.8544
[INFO] Config 202/324: {'hidden_dim': 256, 'num_layers': 2, 'dropout': 0.3, 'lr': 0.003, 'weight_decay': 1e-05} | Val AUC: 0.8586
[INFO] Config 203/324: {'hidden_dim': 256, 'num_layers': 2, 'dropout': 0.3, 'lr': 0.003, 'weight_decay': 0.0001} | Val AUC: 0.8555
[INFO] Config 204/324: {'hidden_dim': 256, 'num_layers': 2, 'dropout': 0.3, 'lr': 0.003, 'weight_decay': 0.001} | Val AUC: 0.8562
[INFO] Config 205/324: {'hidden_dim': 256, 'num_layers': 2, 'dropout': 0.3, 'lr': 0.005, 'weight_decay': 1e-05} | Val AUC: 0.8580
[INFO] Config 206/324: {'hidden_dim': 256, 'num_layers': 2, 'dropout': 0.3, 'lr': 0.005, 'weight_decay': 0.0001} | Val AUC: 0.8586
[INFO] Config 207/324: {'hidden_dim': 256, 'num_layers': 2, 'dropout': 0.3, 'lr': 0.005, 'weight_decay': 0.001} | Val AUC: 0.8571
[INFO] Config 208/324: {'hidden_dim': 256, 'num_layers': 2, 'dropout': 0.5, 'lr': 0.001, 'weight_decay': 1e-05} | Val AUC: 0.8520
[INFO] Config 209/324: {'hidden_dim': 256, 'num_layers': 2, 'dropout': 0.5, 'lr': 0.001, 'weight_decay': 0.0001} | Val AUC: 0.8532
[INFO] Config 210/324: {'hidden_dim': 256, 'num_layers': 2, 'dropout': 0.5, 'lr': 0.001, 'weight_decay': 0.001} | Val AUC: 0.8546
[INFO] Config 211/324: {'hidden_dim': 256, 'num_layers': 2, 'dropout': 0.5, 'lr': 0.003, 'weight_decay': 1e-05} | Val AUC: 0.8572
[INFO] Config 212/324: {'hidden_dim': 256, 'num_layers': 2, 'dropout': 0.5, 'lr': 0.003, 'weight_decay': 0.0001} | Val AUC: 0.8588
[INFO] Config 213/324: {'hidden_dim': 256, 'num_layers': 2, 'dropout': 0.5, 'lr': 0.003, 'weight_decay': 0.001} | Val AUC: 0.8586
[INFO] Config 214/324: {'hidden_dim': 256, 'num_layers': 2, 'dropout': 0.5, 'lr': 0.005, 'weight_decay': 1e-05} | Val AUC: 0.8570
[INFO] Config 215/324: {'hidden_dim': 256, 'num_layers': 2, 'dropout': 0.5, 'lr': 0.005, 'weight_decay': 0.0001} | Val AUC: 0.8583
[INFO] Config 216/324: {'hidden_dim': 256, 'num_layers': 2, 'dropout': 0.5, 'lr': 0.005, 'weight_decay': 0.001} | Val AUC: 0.8578
[INFO] Config 217/324: {'hidden_dim': 256, 'num_layers': 3, 'dropout': 0.1, 'lr': 0.001, 'weight_decay': 1e-05} | Val AUC: 0.8529
[INFO] Config 218/324: {'hidden_dim': 256, 'num_layers': 3, 'dropout': 0.1, 'lr': 0.001, 'weight_decay': 0.0001} | Val AUC: 0.8537
[INFO] Config 219/324: {'hidden_dim': 256, 'num_layers': 3, 'dropout': 0.1, 'lr': 0.001, 'weight_decay': 0.001} | Val AUC: 0.8558
[INFO] Config 220/324: {'hidden_dim': 256, 'num_layers': 3, 'dropout': 0.1, 'lr': 0.003, 'weight_decay': 1e-05} | Val AUC: 0.8513
[INFO] Config 221/324: {'hidden_dim': 256, 'num_layers': 3, 'dropout': 0.1, 'lr': 0.003, 'weight_decay': 0.0001} | Val AUC: 0.8563
[INFO] Config 222/324: {'hidden_dim': 256, 'num_layers': 3, 'dropout': 0.1, 'lr': 0.003, 'weight_decay': 0.001} | Val AUC: 0.8562
[INFO] Config 223/324: {'hidden_dim': 256, 'num_layers': 3, 'dropout': 0.1, 'lr': 0.005, 'weight_decay': 1e-05} | Val AUC: 0.8558
[INFO] Config 224/324: {'hidden_dim': 256, 'num_layers': 3, 'dropout': 0.1, 'lr': 0.005, 'weight_decay': 0.0001} | Val AUC: 0.8481
[INFO] Config 225/324: {'hidden_dim': 256, 'num_layers': 3, 'dropout': 0.1, 'lr': 0.005, 'weight_decay': 0.001} | Val AUC: 0.8595
[INFO] Config 226/324: {'hidden_dim': 256, 'num_layers': 3, 'dropout': 0.3, 'lr': 0.001, 'weight_decay': 1e-05} | Val AUC: 0.8520
[INFO] Config 227/324: {'hidden_dim': 256, 'num_layers': 3, 'dropout': 0.3, 'lr': 0.001, 'weight_decay': 0.0001} | Val AUC: 0.8497
[INFO] Config 228/324: {'hidden_dim': 256, 'num_layers': 3, 'dropout': 0.3, 'lr': 0.001, 'weight_decay': 0.001} | Val AUC: 0.8525
[INFO] Config 229/324: {'hidden_dim': 256, 'num_layers': 3, 'dropout': 0.3, 'lr': 0.003, 'weight_decay': 1e-05} | Val AUC: 0.8610
[INFO] Config 230/324: {'hidden_dim': 256, 'num_layers': 3, 'dropout': 0.3, 'lr': 0.003, 'weight_decay': 0.0001} | Val AUC: 0.8593
[INFO] Config 231/324: {'hidden_dim': 256, 'num_layers': 3, 'dropout': 0.3, 'lr': 0.003, 'weight_decay': 0.001} | Val AUC: 0.8566
[INFO] Config 232/324: {'hidden_dim': 256, 'num_layers': 3, 'dropout': 0.3, 'lr': 0.005, 'weight_decay': 1e-05} | Val AUC: 0.8513
[INFO] Config 233/324: {'hidden_dim': 256, 'num_layers': 3, 'dropout': 0.3, 'lr': 0.005, 'weight_decay': 0.0001} | Val AUC: 0.8397
[INFO] Config 234/324: {'hidden_dim': 256, 'num_layers': 3, 'dropout': 0.3, 'lr': 0.005, 'weight_decay': 0.001} | Val AUC: 0.8539
[INFO] Config 235/324: {'hidden_dim': 256, 'num_layers': 3, 'dropout': 0.5, 'lr': 0.001, 'weight_decay': 1e-05} | Val AUC: 0.8481
[INFO] Config 236/324: {'hidden_dim': 256, 'num_layers': 3, 'dropout': 0.5, 'lr': 0.001, 'weight_decay': 0.0001} | Val AUC: 0.8480
[INFO] Config 237/324: {'hidden_dim': 256, 'num_layers': 3, 'dropout': 0.5, 'lr': 0.001, 'weight_decay': 0.001} | Val AUC: 0.8539
[INFO] Config 238/324: {'hidden_dim': 256, 'num_layers': 3, 'dropout': 0.5, 'lr': 0.003, 'weight_decay': 1e-05} | Val AUC: 0.8562
[INFO] Config 239/324: {'hidden_dim': 256, 'num_layers': 3, 'dropout': 0.5, 'lr': 0.003, 'weight_decay': 0.0001} | Val AUC: 0.8464
[INFO] Config 240/324: {'hidden_dim': 256, 'num_layers': 3, 'dropout': 0.5, 'lr': 0.003, 'weight_decay': 0.001} | Val AUC: 0.8552
[INFO] Config 241/324: {'hidden_dim': 256, 'num_layers': 3, 'dropout': 0.5, 'lr': 0.005, 'weight_decay': 1e-05} | Val AUC: 0.8484
[INFO] Config 242/324: {'hidden_dim': 256, 'num_layers': 3, 'dropout': 0.5, 'lr': 0.005, 'weight_decay': 0.0001} | Val AUC: 0.8573
[INFO] Config 243/324: {'hidden_dim': 256, 'num_layers': 3, 'dropout': 0.5, 'lr': 0.005, 'weight_decay': 0.001} | Val AUC: 0.8413
[INFO] Config 244/324: {'hidden_dim': 512, 'num_layers': 1, 'dropout': 0.1, 'lr': 0.001, 'weight_decay': 1e-05} | Val AUC: 0.8578
[INFO] Config 245/324: {'hidden_dim': 512, 'num_layers': 1, 'dropout': 0.1, 'lr': 0.001, 'weight_decay': 0.0001} | Val AUC: 0.8609
[INFO] Config 246/324: {'hidden_dim': 512, 'num_layers': 1, 'dropout': 0.1, 'lr': 0.001, 'weight_decay': 0.001} | Val AUC: 0.8586
[INFO] Config 247/324: {'hidden_dim': 512, 'num_layers': 1, 'dropout': 0.1, 'lr': 0.003, 'weight_decay': 1e-05} | Val AUC: 0.8612
[INFO] Config 248/324: {'hidden_dim': 512, 'num_layers': 1, 'dropout': 0.1, 'lr': 0.003, 'weight_decay': 0.0001} | Val AUC: 0.8630
[INFO] Config 249/324: {'hidden_dim': 512, 'num_layers': 1, 'dropout': 0.1, 'lr': 0.003, 'weight_decay': 0.001} | Val AUC: 0.8602
[INFO] Config 250/324: {'hidden_dim': 512, 'num_layers': 1, 'dropout': 0.1, 'lr': 0.005, 'weight_decay': 1e-05} | Val AUC: 0.8517
[INFO] Config 251/324: {'hidden_dim': 512, 'num_layers': 1, 'dropout': 0.1, 'lr': 0.005, 'weight_decay': 0.0001} | Val AUC: 0.8632
[INFO] Config 252/324: {'hidden_dim': 512, 'num_layers': 1, 'dropout': 0.1, 'lr': 0.005, 'weight_decay': 0.001} | Val AUC: 0.8582
[INFO] Config 253/324: {'hidden_dim': 512, 'num_layers': 1, 'dropout': 0.3, 'lr': 0.001, 'weight_decay': 1e-05} | Val AUC: 0.8577
[INFO] Config 254/324: {'hidden_dim': 512, 'num_layers': 1, 'dropout': 0.3, 'lr': 0.001, 'weight_decay': 0.0001} | Val AUC: 0.8597
[INFO] Config 255/324: {'hidden_dim': 512, 'num_layers': 1, 'dropout': 0.3, 'lr': 0.001, 'weight_decay': 0.001} | Val AUC: 0.8596
[INFO] Config 256/324: {'hidden_dim': 512, 'num_layers': 1, 'dropout': 0.3, 'lr': 0.003, 'weight_decay': 1e-05} | Val AUC: 0.8596
[INFO] Config 257/324: {'hidden_dim': 512, 'num_layers': 1, 'dropout': 0.3, 'lr': 0.003, 'weight_decay': 0.0001} | Val AUC: 0.8597
[INFO] Config 258/324: {'hidden_dim': 512, 'num_layers': 1, 'dropout': 0.3, 'lr': 0.003, 'weight_decay': 0.001} | Val AUC: 0.8599
[INFO] Config 259/324: {'hidden_dim': 512, 'num_layers': 1, 'dropout': 0.3, 'lr': 0.005, 'weight_decay': 1e-05} | Val AUC: 0.8611
[INFO] Config 260/324: {'hidden_dim': 512, 'num_layers': 1, 'dropout': 0.3, 'lr': 0.005, 'weight_decay': 0.0001} | Val AUC: 0.8619
[INFO] Config 261/324: {'hidden_dim': 512, 'num_layers': 1, 'dropout': 0.3, 'lr': 0.005, 'weight_decay': 0.001} | Val AUC: 0.8593
[INFO] Config 262/324: {'hidden_dim': 512, 'num_layers': 1, 'dropout': 0.5, 'lr': 0.001, 'weight_decay': 1e-05} | Val AUC: 0.8594
[INFO] Config 263/324: {'hidden_dim': 512, 'num_layers': 1, 'dropout': 0.5, 'lr': 0.001, 'weight_decay': 0.0001} | Val AUC: 0.8589
[INFO] Config 264/324: {'hidden_dim': 512, 'num_layers': 1, 'dropout': 0.5, 'lr': 0.001, 'weight_decay': 0.001} | Val AUC: 0.8594
[INFO] Config 265/324: {'hidden_dim': 512, 'num_layers': 1, 'dropout': 0.5, 'lr': 0.003, 'weight_decay': 1e-05} | Val AUC: 0.8590
[INFO] Config 266/324: {'hidden_dim': 512, 'num_layers': 1, 'dropout': 0.5, 'lr': 0.003, 'weight_decay': 0.0001} | Val AUC: 0.8617
[INFO] Config 267/324: {'hidden_dim': 512, 'num_layers': 1, 'dropout': 0.5, 'lr': 0.003, 'weight_decay': 0.001} | Val AUC: 0.8609
[INFO] Config 268/324: {'hidden_dim': 512, 'num_layers': 1, 'dropout': 0.5, 'lr': 0.005, 'weight_decay': 1e-05} | Val AUC: 0.8605
[INFO] Config 269/324: {'hidden_dim': 512, 'num_layers': 1, 'dropout': 0.5, 'lr': 0.005, 'weight_decay': 0.0001} | Val AUC: 0.8617
[INFO] Config 270/324: {'hidden_dim': 512, 'num_layers': 1, 'dropout': 0.5, 'lr': 0.005, 'weight_decay': 0.001} | Val AUC: 0.8596
[INFO] Config 271/324: {'hidden_dim': 512, 'num_layers': 2, 'dropout': 0.1, 'lr': 0.001, 'weight_decay': 1e-05} | Val AUC: 0.8577
[INFO] Config 272/324: {'hidden_dim': 512, 'num_layers': 2, 'dropout': 0.1, 'lr': 0.001, 'weight_decay': 0.0001} | Val AUC: 0.8547
[INFO] Config 273/324: {'hidden_dim': 512, 'num_layers': 2, 'dropout': 0.1, 'lr': 0.001, 'weight_decay': 0.001} | Val AUC: 0.8531
[INFO] Config 274/324: {'hidden_dim': 512, 'num_layers': 2, 'dropout': 0.1, 'lr': 0.003, 'weight_decay': 1e-05} | Val AUC: 0.8536
[INFO] Config 275/324: {'hidden_dim': 512, 'num_layers': 2, 'dropout': 0.1, 'lr': 0.003, 'weight_decay': 0.0001} | Val AUC: 0.8542
[INFO] Config 276/324: {'hidden_dim': 512, 'num_layers': 2, 'dropout': 0.1, 'lr': 0.003, 'weight_decay': 0.001} | Val AUC: 0.8429
[INFO] Config 277/324: {'hidden_dim': 512, 'num_layers': 2, 'dropout': 0.1, 'lr': 0.005, 'weight_decay': 1e-05} | Val AUC: 0.8433
[INFO] Config 278/324: {'hidden_dim': 512, 'num_layers': 2, 'dropout': 0.1, 'lr': 0.005, 'weight_decay': 0.0001} | Val AUC: 0.8376
[INFO] Config 279/324: {'hidden_dim': 512, 'num_layers': 2, 'dropout': 0.1, 'lr': 0.005, 'weight_decay': 0.001} | Val AUC: 0.8496
[INFO] Config 280/324: {'hidden_dim': 512, 'num_layers': 2, 'dropout': 0.3, 'lr': 0.001, 'weight_decay': 1e-05} | Val AUC: 0.8509
[INFO] Config 281/324: {'hidden_dim': 512, 'num_layers': 2, 'dropout': 0.3, 'lr': 0.001, 'weight_decay': 0.0001} | Val AUC: 0.8575
[INFO] Config 282/324: {'hidden_dim': 512, 'num_layers': 2, 'dropout': 0.3, 'lr': 0.001, 'weight_decay': 0.001} | Val AUC: 0.8588
[INFO] Config 283/324: {'hidden_dim': 512, 'num_layers': 2, 'dropout': 0.3, 'lr': 0.003, 'weight_decay': 1e-05} | Val AUC: 0.8599
[INFO] Config 284/324: {'hidden_dim': 512, 'num_layers': 2, 'dropout': 0.3, 'lr': 0.003, 'weight_decay': 0.0001} | Val AUC: 0.8566
[INFO] Config 285/324: {'hidden_dim': 512, 'num_layers': 2, 'dropout': 0.3, 'lr': 0.003, 'weight_decay': 0.001} | Val AUC: 0.8581
[INFO] Config 286/324: {'hidden_dim': 512, 'num_layers': 2, 'dropout': 0.3, 'lr': 0.005, 'weight_decay': 1e-05} | Val AUC: 0.8491
[INFO] Config 287/324: {'hidden_dim': 512, 'num_layers': 2, 'dropout': 0.3, 'lr': 0.005, 'weight_decay': 0.0001} | Val AUC: 0.8543
[INFO] Config 288/324: {'hidden_dim': 512, 'num_layers': 2, 'dropout': 0.3, 'lr': 0.005, 'weight_decay': 0.001} | Val AUC: 0.8431
[INFO] Config 289/324: {'hidden_dim': 512, 'num_layers': 2, 'dropout': 0.5, 'lr': 0.001, 'weight_decay': 1e-05} | Val AUC: 0.8522
[INFO] Config 290/324: {'hidden_dim': 512, 'num_layers': 2, 'dropout': 0.5, 'lr': 0.001, 'weight_decay': 0.0001} | Val AUC: 0.8586
[INFO] Config 291/324: {'hidden_dim': 512, 'num_layers': 2, 'dropout': 0.5, 'lr': 0.001, 'weight_decay': 0.001} | Val AUC: 0.8558
[INFO] Config 292/324: {'hidden_dim': 512, 'num_layers': 2, 'dropout': 0.5, 'lr': 0.003, 'weight_decay': 1e-05} | Val AUC: 0.8490
[INFO] Config 293/324: {'hidden_dim': 512, 'num_layers': 2, 'dropout': 0.5, 'lr': 0.003, 'weight_decay': 0.0001} | Val AUC: 0.8533
[INFO] Config 294/324: {'hidden_dim': 512, 'num_layers': 2, 'dropout': 0.5, 'lr': 0.003, 'weight_decay': 0.001} | Val AUC: 0.8513
[INFO] Config 295/324: {'hidden_dim': 512, 'num_layers': 2, 'dropout': 0.5, 'lr': 0.005, 'weight_decay': 1e-05} | Val AUC: 0.8350
[INFO] Config 296/324: {'hidden_dim': 512, 'num_layers': 2, 'dropout': 0.5, 'lr': 0.005, 'weight_decay': 0.0001} | Val AUC: 0.8463
[INFO] Config 297/324: {'hidden_dim': 512, 'num_layers': 2, 'dropout': 0.5, 'lr': 0.005, 'weight_decay': 0.001} | Val AUC: 0.8504
[INFO] Config 298/324: {'hidden_dim': 512, 'num_layers': 3, 'dropout': 0.1, 'lr': 0.001, 'weight_decay': 1e-05} | Val AUC: 0.8515
[INFO] Config 299/324: {'hidden_dim': 512, 'num_layers': 3, 'dropout': 0.1, 'lr': 0.001, 'weight_decay': 0.0001} | Val AUC: 0.8511
[INFO] Config 300/324: {'hidden_dim': 512, 'num_layers': 3, 'dropout': 0.1, 'lr': 0.001, 'weight_decay': 0.001} | Val AUC: 0.8501
[INFO] Config 301/324: {'hidden_dim': 512, 'num_layers': 3, 'dropout': 0.1, 'lr': 0.003, 'weight_decay': 1e-05} | Val AUC: 0.8278
[INFO] Config 302/324: {'hidden_dim': 512, 'num_layers': 3, 'dropout': 0.1, 'lr': 0.003, 'weight_decay': 0.0001} | Val AUC: 0.8364
[INFO] Config 303/324: {'hidden_dim': 512, 'num_layers': 3, 'dropout': 0.1, 'lr': 0.003, 'weight_decay': 0.001} | Val AUC: 0.8300
[INFO] Config 304/324: {'hidden_dim': 512, 'num_layers': 3, 'dropout': 0.1, 'lr': 0.005, 'weight_decay': 1e-05} | Val AUC: 0.7893
[INFO] Config 305/324: {'hidden_dim': 512, 'num_layers': 3, 'dropout': 0.1, 'lr': 0.005, 'weight_decay': 0.0001} | Val AUC: 0.8214
[INFO] Config 306/324: {'hidden_dim': 512, 'num_layers': 3, 'dropout': 0.1, 'lr': 0.005, 'weight_decay': 0.001} | Val AUC: 0.8407
[INFO] Config 307/324: {'hidden_dim': 512, 'num_layers': 3, 'dropout': 0.3, 'lr': 0.001, 'weight_decay': 1e-05} | Val AUC: 0.8527
[INFO] Config 308/324: {'hidden_dim': 512, 'num_layers': 3, 'dropout': 0.3, 'lr': 0.001, 'weight_decay': 0.0001} | Val AUC: 0.8515
[INFO] Config 309/324: {'hidden_dim': 512, 'num_layers': 3, 'dropout': 0.3, 'lr': 0.001, 'weight_decay': 0.001} | Val AUC: 0.8518
[INFO] Config 310/324: {'hidden_dim': 512, 'num_layers': 3, 'dropout': 0.3, 'lr': 0.003, 'weight_decay': 1e-05} | Val AUC: 0.8457
[INFO] Config 311/324: {'hidden_dim': 512, 'num_layers': 3, 'dropout': 0.3, 'lr': 0.003, 'weight_decay': 0.0001} | Val AUC: 0.8442
[INFO] Config 312/324: {'hidden_dim': 512, 'num_layers': 3, 'dropout': 0.3, 'lr': 0.003, 'weight_decay': 0.001} | Val AUC: 0.8472
[INFO] Config 313/324: {'hidden_dim': 512, 'num_layers': 3, 'dropout': 0.3, 'lr': 0.005, 'weight_decay': 1e-05} | Val AUC: 0.8308
[INFO] Config 314/324: {'hidden_dim': 512, 'num_layers': 3, 'dropout': 0.3, 'lr': 0.005, 'weight_decay': 0.0001} | Val AUC: 0.8430
[INFO] Config 315/324: {'hidden_dim': 512, 'num_layers': 3, 'dropout': 0.3, 'lr': 0.005, 'weight_decay': 0.001} | Val AUC: 0.8327
[INFO] Config 316/324: {'hidden_dim': 512, 'num_layers': 3, 'dropout': 0.5, 'lr': 0.001, 'weight_decay': 1e-05} | Val AUC: 0.8474
[INFO] Config 317/324: {'hidden_dim': 512, 'num_layers': 3, 'dropout': 0.5, 'lr': 0.001, 'weight_decay': 0.0001} | Val AUC: 0.8519
[INFO] Config 318/324: {'hidden_dim': 512, 'num_layers': 3, 'dropout': 0.5, 'lr': 0.001, 'weight_decay': 0.001} | Val AUC: 0.8508
[INFO] Config 319/324: {'hidden_dim': 512, 'num_layers': 3, 'dropout': 0.5, 'lr': 0.003, 'weight_decay': 1e-05} | Val AUC: 0.8536
[INFO] Config 320/324: {'hidden_dim': 512, 'num_layers': 3, 'dropout': 0.5, 'lr': 0.003, 'weight_decay': 0.0001} | Val AUC: 0.8513
[INFO] Config 321/324: {'hidden_dim': 512, 'num_layers': 3, 'dropout': 0.5, 'lr': 0.003, 'weight_decay': 0.001} | Val AUC: 0.8523
[INFO] Config 322/324: {'hidden_dim': 512, 'num_layers': 3, 'dropout': 0.5, 'lr': 0.005, 'weight_decay': 1e-05} | Val AUC: 0.8073
[INFO] Config 323/324: {'hidden_dim': 512, 'num_layers': 3, 'dropout': 0.5, 'lr': 0.005, 'weight_decay': 0.0001} | Val AUC: 0.8338
[INFO] Config 324/324: {'hidden_dim': 512, 'num_layers': 3, 'dropout': 0.5, 'lr': 0.005, 'weight_decay': 0.001} | Val AUC: 0.8501
[INFO] Selected Best BiGRU Config: {'hidden_dim': 256, 'num_layers': 1, 'dropout': 0.1, 'lr': 0.005, 'weight_decay': 1e-05} (Val AUC: 0.8644)
[INFO] Tuning TCN configurations (n_iter=486)...
[INFO] Config 1/486: {'num_channels': [128, 128, 128], 'kernel_size': 2, 'dropout': 0.1, 'lr': 0.001, 'weight_decay': 0.0001} | Val AUC: 0.8288
[INFO] Config 2/486: {'num_channels': [128, 128, 128], 'kernel_size': 2, 'dropout': 0.1, 'lr': 0.001, 'weight_decay': 0.001} | Val AUC: 0.8305
[INFO] Config 3/486: {'num_channels': [128, 128, 128], 'kernel_size': 2, 'dropout': 0.1, 'lr': 0.001, 'weight_decay': 0.01} | Val AUC: 0.8292
[INFO] Config 4/486: {'num_channels': [128, 128, 128], 'kernel_size': 2, 'dropout': 0.1, 'lr': 0.003, 'weight_decay': 0.0001} | Val AUC: 0.8368
[INFO] Config 5/486: {'num_channels': [128, 128, 128], 'kernel_size': 2, 'dropout': 0.1, 'lr': 0.003, 'weight_decay': 0.001} | Val AUC: 0.8385
[INFO] Config 6/486: {'num_channels': [128, 128, 128], 'kernel_size': 2, 'dropout': 0.1, 'lr': 0.003, 'weight_decay': 0.01} | Val AUC: 0.8373
[INFO] Config 7/486: {'num_channels': [128, 128, 128], 'kernel_size': 2, 'dropout': 0.1, 'lr': 0.005, 'weight_decay': 0.0001} | Val AUC: 0.8373
[INFO] Config 8/486: {'num_channels': [128, 128, 128], 'kernel_size': 2, 'dropout': 0.1, 'lr': 0.005, 'weight_decay': 0.001} | Val AUC: 0.8373
[INFO] Config 9/486: {'num_channels': [128, 128, 128], 'kernel_size': 2, 'dropout': 0.1, 'lr': 0.005, 'weight_decay': 0.01} | Val AUC: 0.8356
[INFO] Config 10/486: {'num_channels': [128, 128, 128], 'kernel_size': 2, 'dropout': 0.3, 'lr': 0.001, 'weight_decay': 0.0001} | Val AUC: 0.8184
[INFO] Config 11/486: {'num_channels': [128, 128, 128], 'kernel_size': 2, 'dropout': 0.3, 'lr': 0.001, 'weight_decay': 0.001} | Val AUC: 0.8204
[INFO] Config 12/486: {'num_channels': [128, 128, 128], 'kernel_size': 2, 'dropout': 0.3, 'lr': 0.001, 'weight_decay': 0.01} | Val AUC: 0.8199
[INFO] Config 13/486: {'num_channels': [128, 128, 128], 'kernel_size': 2, 'dropout': 0.3, 'lr': 0.003, 'weight_decay': 0.0001} | Val AUC: 0.8322
[INFO] Config 14/486: {'num_channels': [128, 128, 128], 'kernel_size': 2, 'dropout': 0.3, 'lr': 0.003, 'weight_decay': 0.001} | Val AUC: 0.8283
[INFO] Config 15/486: {'num_channels': [128, 128, 128], 'kernel_size': 2, 'dropout': 0.3, 'lr': 0.003, 'weight_decay': 0.01} | Val AUC: 0.8309
[INFO] Config 16/486: {'num_channels': [128, 128, 128], 'kernel_size': 2, 'dropout': 0.3, 'lr': 0.005, 'weight_decay': 0.0001} | Val AUC: 0.8329
[INFO] Config 17/486: {'num_channels': [128, 128, 128], 'kernel_size': 2, 'dropout': 0.3, 'lr': 0.005, 'weight_decay': 0.001} | Val AUC: 0.8324
[INFO] Config 18/486: {'num_channels': [128, 128, 128], 'kernel_size': 2, 'dropout': 0.3, 'lr': 0.005, 'weight_decay': 0.01} | Val AUC: 0.8329
[INFO] Config 19/486: {'num_channels': [128, 128, 128], 'kernel_size': 2, 'dropout': 0.5, 'lr': 0.001, 'weight_decay': 0.0001} | Val AUC: 0.8090
[INFO] Config 20/486: {'num_channels': [128, 128, 128], 'kernel_size': 2, 'dropout': 0.5, 'lr': 0.001, 'weight_decay': 0.001} | Val AUC: 0.8097
[INFO] Config 21/486: {'num_channels': [128, 128, 128], 'kernel_size': 2, 'dropout': 0.5, 'lr': 0.001, 'weight_decay': 0.01} | Val AUC: 0.8096
[INFO] Config 22/486: {'num_channels': [128, 128, 128], 'kernel_size': 2, 'dropout': 0.5, 'lr': 0.003, 'weight_decay': 0.0001} | Val AUC: 0.8248
[INFO] Config 23/486: {'num_channels': [128, 128, 128], 'kernel_size': 2, 'dropout': 0.5, 'lr': 0.003, 'weight_decay': 0.001} | Val AUC: 0.8244
[INFO] Config 24/486: {'num_channels': [128, 128, 128], 'kernel_size': 2, 'dropout': 0.5, 'lr': 0.003, 'weight_decay': 0.01} | Val AUC: 0.8273
[INFO] Config 25/486: {'num_channels': [128, 128, 128], 'kernel_size': 2, 'dropout': 0.5, 'lr': 0.005, 'weight_decay': 0.0001} | Val AUC: 0.8270
[INFO] Config 26/486: {'num_channels': [128, 128, 128], 'kernel_size': 2, 'dropout': 0.5, 'lr': 0.005, 'weight_decay': 0.001} | Val AUC: 0.8267
[INFO] Config 27/486: {'num_channels': [128, 128, 128], 'kernel_size': 2, 'dropout': 0.5, 'lr': 0.005, 'weight_decay': 0.01} | Val AUC: 0.8243
[INFO] Config 28/486: {'num_channels': [128, 128, 128], 'kernel_size': 3, 'dropout': 0.1, 'lr': 0.001, 'weight_decay': 0.0001} | Val AUC: 0.8321
[INFO] Config 29/486: {'num_channels': [128, 128, 128], 'kernel_size': 3, 'dropout': 0.1, 'lr': 0.001, 'weight_decay': 0.001} | Val AUC: 0.8305
[INFO] Config 30/486: {'num_channels': [128, 128, 128], 'kernel_size': 3, 'dropout': 0.1, 'lr': 0.001, 'weight_decay': 0.01} | Val AUC: 0.8310
[INFO] Config 31/486: {'num_channels': [128, 128, 128], 'kernel_size': 3, 'dropout': 0.1, 'lr': 0.003, 'weight_decay': 0.0001} | Val AUC: 0.8364
[INFO] Config 32/486: {'num_channels': [128, 128, 128], 'kernel_size': 3, 'dropout': 0.1, 'lr': 0.003, 'weight_decay': 0.001} | Val AUC: 0.8352
[INFO] Config 33/486: {'num_channels': [128, 128, 128], 'kernel_size': 3, 'dropout': 0.1, 'lr': 0.003, 'weight_decay': 0.01} | Val AUC: 0.8358
[INFO] Config 34/486: {'num_channels': [128, 128, 128], 'kernel_size': 3, 'dropout': 0.1, 'lr': 0.005, 'weight_decay': 0.0001} | Val AUC: 0.8327
[INFO] Config 35/486: {'num_channels': [128, 128, 128], 'kernel_size': 3, 'dropout': 0.1, 'lr': 0.005, 'weight_decay': 0.001} | Val AUC: 0.8358
[INFO] Config 36/486: {'num_channels': [128, 128, 128], 'kernel_size': 3, 'dropout': 0.1, 'lr': 0.005, 'weight_decay': 0.01} | Val AUC: 0.8336
[INFO] Config 37/486: {'num_channels': [128, 128, 128], 'kernel_size': 3, 'dropout': 0.3, 'lr': 0.001, 'weight_decay': 0.0001} | Val AUC: 0.8265
[INFO] Config 38/486: {'num_channels': [128, 128, 128], 'kernel_size': 3, 'dropout': 0.3, 'lr': 0.001, 'weight_decay': 0.001} | Val AUC: 0.8242
[INFO] Config 39/486: {'num_channels': [128, 128, 128], 'kernel_size': 3, 'dropout': 0.3, 'lr': 0.001, 'weight_decay': 0.01} | Val AUC: 0.8257
[INFO] Config 40/486: {'num_channels': [128, 128, 128], 'kernel_size': 3, 'dropout': 0.3, 'lr': 0.003, 'weight_decay': 0.0001} | Val AUC: 0.8327
[INFO] Config 41/486: {'num_channels': [128, 128, 128], 'kernel_size': 3, 'dropout': 0.3, 'lr': 0.003, 'weight_decay': 0.001} | Val AUC: 0.8309
[INFO] Config 42/486: {'num_channels': [128, 128, 128], 'kernel_size': 3, 'dropout': 0.3, 'lr': 0.003, 'weight_decay': 0.01} | Val AUC: 0.8307
[INFO] Config 43/486: {'num_channels': [128, 128, 128], 'kernel_size': 3, 'dropout': 0.3, 'lr': 0.005, 'weight_decay': 0.0001} | Val AUC: 0.8332
[INFO] Config 44/486: {'num_channels': [128, 128, 128], 'kernel_size': 3, 'dropout': 0.3, 'lr': 0.005, 'weight_decay': 0.001} | Val AUC: 0.8312
[INFO] Config 45/486: {'num_channels': [128, 128, 128], 'kernel_size': 3, 'dropout': 0.3, 'lr': 0.005, 'weight_decay': 0.01} | Val AUC: 0.8306
[INFO] Config 46/486: {'num_channels': [128, 128, 128], 'kernel_size': 3, 'dropout': 0.5, 'lr': 0.001, 'weight_decay': 0.0001} | Val AUC: 0.8139
[INFO] Config 47/486: {'num_channels': [128, 128, 128], 'kernel_size': 3, 'dropout': 0.5, 'lr': 0.001, 'weight_decay': 0.001} | Val AUC: 0.8169
[INFO] Config 48/486: {'num_channels': [128, 128, 128], 'kernel_size': 3, 'dropout': 0.5, 'lr': 0.001, 'weight_decay': 0.01} | Val AUC: 0.8170
[INFO] Config 49/486: {'num_channels': [128, 128, 128], 'kernel_size': 3, 'dropout': 0.5, 'lr': 0.003, 'weight_decay': 0.0001} | Val AUC: 0.8275
[INFO] Config 50/486: {'num_channels': [128, 128, 128], 'kernel_size': 3, 'dropout': 0.5, 'lr': 0.003, 'weight_decay': 0.001} | Val AUC: 0.8264
[INFO] Config 51/486: {'num_channels': [128, 128, 128], 'kernel_size': 3, 'dropout': 0.5, 'lr': 0.003, 'weight_decay': 0.01} | Val AUC: 0.8298
[INFO] Config 52/486: {'num_channels': [128, 128, 128], 'kernel_size': 3, 'dropout': 0.5, 'lr': 0.005, 'weight_decay': 0.0001} | Val AUC: 0.8282
[INFO] Config 53/486: {'num_channels': [128, 128, 128], 'kernel_size': 3, 'dropout': 0.5, 'lr': 0.005, 'weight_decay': 0.001} | Val AUC: 0.8252
[INFO] Config 54/486: {'num_channels': [128, 128, 128], 'kernel_size': 3, 'dropout': 0.5, 'lr': 0.005, 'weight_decay': 0.01} | Val AUC: 0.8252
[INFO] Config 55/486: {'num_channels': [128, 128, 128], 'kernel_size': 5, 'dropout': 0.1, 'lr': 0.001, 'weight_decay': 0.0001} | Val AUC: 0.8295
[INFO] Config 56/486: {'num_channels': [128, 128, 128], 'kernel_size': 5, 'dropout': 0.1, 'lr': 0.001, 'weight_decay': 0.001} | Val AUC: 0.8298
[INFO] Config 57/486: {'num_channels': [128, 128, 128], 'kernel_size': 5, 'dropout': 0.1, 'lr': 0.001, 'weight_decay': 0.01} | Val AUC: 0.8299
[INFO] Config 58/486: {'num_channels': [128, 128, 128], 'kernel_size': 5, 'dropout': 0.1, 'lr': 0.003, 'weight_decay': 0.0001} | Val AUC: 0.8287
[INFO] Config 59/486: {'num_channels': [128, 128, 128], 'kernel_size': 5, 'dropout': 0.1, 'lr': 0.003, 'weight_decay': 0.001} | Val AUC: 0.8262
[INFO] Config 60/486: {'num_channels': [128, 128, 128], 'kernel_size': 5, 'dropout': 0.1, 'lr': 0.003, 'weight_decay': 0.01} | Val AUC: 0.8294
[INFO] Config 61/486: {'num_channels': [128, 128, 128], 'kernel_size': 5, 'dropout': 0.1, 'lr': 0.005, 'weight_decay': 0.0001} | Val AUC: 0.8285
[INFO] Config 62/486: {'num_channels': [128, 128, 128], 'kernel_size': 5, 'dropout': 0.1, 'lr': 0.005, 'weight_decay': 0.001} | Val AUC: 0.8292
[INFO] Config 63/486: {'num_channels': [128, 128, 128], 'kernel_size': 5, 'dropout': 0.1, 'lr': 0.005, 'weight_decay': 0.01} | Val AUC: 0.8233
[INFO] Config 64/486: {'num_channels': [128, 128, 128], 'kernel_size': 5, 'dropout': 0.3, 'lr': 0.001, 'weight_decay': 0.0001} | Val AUC: 0.8252
[INFO] Config 65/486: {'num_channels': [128, 128, 128], 'kernel_size': 5, 'dropout': 0.3, 'lr': 0.001, 'weight_decay': 0.001} | Val AUC: 0.8233
[INFO] Config 66/486: {'num_channels': [128, 128, 128], 'kernel_size': 5, 'dropout': 0.3, 'lr': 0.001, 'weight_decay': 0.01} | Val AUC: 0.8252
[INFO] Config 67/486: {'num_channels': [128, 128, 128], 'kernel_size': 5, 'dropout': 0.3, 'lr': 0.003, 'weight_decay': 0.0001} | Val AUC: 0.8262
[INFO] Config 68/486: {'num_channels': [128, 128, 128], 'kernel_size': 5, 'dropout': 0.3, 'lr': 0.003, 'weight_decay': 0.001} | Val AUC: 0.8251
[INFO] Config 69/486: {'num_channels': [128, 128, 128], 'kernel_size': 5, 'dropout': 0.3, 'lr': 0.003, 'weight_decay': 0.01} | Val AUC: 0.8284
[INFO] Config 70/486: {'num_channels': [128, 128, 128], 'kernel_size': 5, 'dropout': 0.3, 'lr': 0.005, 'weight_decay': 0.0001} | Val AUC: 0.8220
[INFO] Config 71/486: {'num_channels': [128, 128, 128], 'kernel_size': 5, 'dropout': 0.3, 'lr': 0.005, 'weight_decay': 0.001} | Val AUC: 0.8220
[INFO] Config 72/486: {'num_channels': [128, 128, 128], 'kernel_size': 5, 'dropout': 0.3, 'lr': 0.005, 'weight_decay': 0.01} | Val AUC: 0.8239
[INFO] Config 73/486: {'num_channels': [128, 128, 128], 'kernel_size': 5, 'dropout': 0.5, 'lr': 0.001, 'weight_decay': 0.0001} | Val AUC: 0.8164
[INFO] Config 74/486: {'num_channels': [128, 128, 128], 'kernel_size': 5, 'dropout': 0.5, 'lr': 0.001, 'weight_decay': 0.001} | Val AUC: 0.8201
[INFO] Config 75/486: {'num_channels': [128, 128, 128], 'kernel_size': 5, 'dropout': 0.5, 'lr': 0.001, 'weight_decay': 0.01} | Val AUC: 0.8167
[INFO] Config 76/486: {'num_channels': [128, 128, 128], 'kernel_size': 5, 'dropout': 0.5, 'lr': 0.003, 'weight_decay': 0.0001} | Val AUC: 0.8206
[INFO] Config 77/486: {'num_channels': [128, 128, 128], 'kernel_size': 5, 'dropout': 0.5, 'lr': 0.003, 'weight_decay': 0.001} | Val AUC: 0.8249
[INFO] Config 78/486: {'num_channels': [128, 128, 128], 'kernel_size': 5, 'dropout': 0.5, 'lr': 0.003, 'weight_decay': 0.01} | Val AUC: 0.8222
[INFO] Config 79/486: {'num_channels': [128, 128, 128], 'kernel_size': 5, 'dropout': 0.5, 'lr': 0.005, 'weight_decay': 0.0001} | Val AUC: 0.8222
[INFO] Config 80/486: {'num_channels': [128, 128, 128], 'kernel_size': 5, 'dropout': 0.5, 'lr': 0.005, 'weight_decay': 0.001} | Val AUC: 0.8120
[INFO] Config 81/486: {'num_channels': [128, 128, 128], 'kernel_size': 5, 'dropout': 0.5, 'lr': 0.005, 'weight_decay': 0.01} | Val AUC: 0.8190
[INFO] Config 82/486: {'num_channels': [256, 256, 256], 'kernel_size': 2, 'dropout': 0.1, 'lr': 0.001, 'weight_decay': 0.0001} | Val AUC: 0.8341
[INFO] Config 83/486: {'num_channels': [256, 256, 256], 'kernel_size': 2, 'dropout': 0.1, 'lr': 0.001, 'weight_decay': 0.001} | Val AUC: 0.8332
[INFO] Config 84/486: {'num_channels': [256, 256, 256], 'kernel_size': 2, 'dropout': 0.1, 'lr': 0.001, 'weight_decay': 0.01} | Val AUC: 0.8352
[INFO] Config 85/486: {'num_channels': [256, 256, 256], 'kernel_size': 2, 'dropout': 0.1, 'lr': 0.003, 'weight_decay': 0.0001} | Val AUC: 0.8374
[INFO] Config 86/486: {'num_channels': [256, 256, 256], 'kernel_size': 2, 'dropout': 0.1, 'lr': 0.003, 'weight_decay': 0.001} | Val AUC: 0.8382
[INFO] Config 87/486: {'num_channels': [256, 256, 256], 'kernel_size': 2, 'dropout': 0.1, 'lr': 0.003, 'weight_decay': 0.01} | Val AUC: 0.8375
[INFO] Config 88/486: {'num_channels': [256, 256, 256], 'kernel_size': 2, 'dropout': 0.1, 'lr': 0.005, 'weight_decay': 0.0001} | Val AUC: 0.8409
[INFO] Config 89/486: {'num_channels': [256, 256, 256], 'kernel_size': 2, 'dropout': 0.1, 'lr': 0.005, 'weight_decay': 0.001} | Val AUC: 0.8377
[INFO] Config 90/486: {'num_channels': [256, 256, 256], 'kernel_size': 2, 'dropout': 0.1, 'lr': 0.005, 'weight_decay': 0.01} | Val AUC: 0.8376
[INFO] Config 91/486: {'num_channels': [256, 256, 256], 'kernel_size': 2, 'dropout': 0.3, 'lr': 0.001, 'weight_decay': 0.0001} | Val AUC: 0.8250
[INFO] Config 92/486: {'num_channels': [256, 256, 256], 'kernel_size': 2, 'dropout': 0.3, 'lr': 0.001, 'weight_decay': 0.001} | Val AUC: 0.8266
[INFO] Config 93/486: {'num_channels': [256, 256, 256], 'kernel_size': 2, 'dropout': 0.3, 'lr': 0.001, 'weight_decay': 0.01} | Val AUC: 0.8282
[INFO] Config 94/486: {'num_channels': [256, 256, 256], 'kernel_size': 2, 'dropout': 0.3, 'lr': 0.003, 'weight_decay': 0.0001} | Val AUC: 0.8348
[INFO] Config 95/486: {'num_channels': [256, 256, 256], 'kernel_size': 2, 'dropout': 0.3, 'lr': 0.003, 'weight_decay': 0.001} | Val AUC: 0.8333
[INFO] Config 96/486: {'num_channels': [256, 256, 256], 'kernel_size': 2, 'dropout': 0.3, 'lr': 0.003, 'weight_decay': 0.01} | Val AUC: 0.8377
[INFO] Config 97/486: {'num_channels': [256, 256, 256], 'kernel_size': 2, 'dropout': 0.3, 'lr': 0.005, 'weight_decay': 0.0001} | Val AUC: 0.8373
[INFO] Config 98/486: {'num_channels': [256, 256, 256], 'kernel_size': 2, 'dropout': 0.3, 'lr': 0.005, 'weight_decay': 0.001} | Val AUC: 0.8345
[INFO] Config 99/486: {'num_channels': [256, 256, 256], 'kernel_size': 2, 'dropout': 0.3, 'lr': 0.005, 'weight_decay': 0.01} | Val AUC: 0.8359
[INFO] Config 100/486: {'num_channels': [256, 256, 256], 'kernel_size': 2, 'dropout': 0.5, 'lr': 0.001, 'weight_decay': 0.0001} | Val AUC: 0.8180
[INFO] Config 101/486: {'num_channels': [256, 256, 256], 'kernel_size': 2, 'dropout': 0.5, 'lr': 0.001, 'weight_decay': 0.001} | Val AUC: 0.8181
[INFO] Config 102/486: {'num_channels': [256, 256, 256], 'kernel_size': 2, 'dropout': 0.5, 'lr': 0.001, 'weight_decay': 0.01} | Val AUC: 0.8172
[INFO] Config 103/486: {'num_channels': [256, 256, 256], 'kernel_size': 2, 'dropout': 0.5, 'lr': 0.003, 'weight_decay': 0.0001} | Val AUC: 0.8308
[INFO] Config 104/486: {'num_channels': [256, 256, 256], 'kernel_size': 2, 'dropout': 0.5, 'lr': 0.003, 'weight_decay': 0.001} | Val AUC: 0.8305
[INFO] Config 105/486: {'num_channels': [256, 256, 256], 'kernel_size': 2, 'dropout': 0.5, 'lr': 0.003, 'weight_decay': 0.01} | Val AUC: 0.8299
[INFO] Config 106/486: {'num_channels': [256, 256, 256], 'kernel_size': 2, 'dropout': 0.5, 'lr': 0.005, 'weight_decay': 0.0001} | Val AUC: 0.8311
[INFO] Config 107/486: {'num_channels': [256, 256, 256], 'kernel_size': 2, 'dropout': 0.5, 'lr': 0.005, 'weight_decay': 0.001} | Val AUC: 0.8323
[INFO] Config 108/486: {'num_channels': [256, 256, 256], 'kernel_size': 2, 'dropout': 0.5, 'lr': 0.005, 'weight_decay': 0.01} | Val AUC: 0.8335
[INFO] Config 109/486: {'num_channels': [256, 256, 256], 'kernel_size': 3, 'dropout': 0.1, 'lr': 0.001, 'weight_decay': 0.0001} | Val AUC: 0.8338
[INFO] Config 110/486: {'num_channels': [256, 256, 256], 'kernel_size': 3, 'dropout': 0.1, 'lr': 0.001, 'weight_decay': 0.001} | Val AUC: 0.8332
[INFO] Config 111/486: {'num_channels': [256, 256, 256], 'kernel_size': 3, 'dropout': 0.1, 'lr': 0.001, 'weight_decay': 0.01} | Val AUC: 0.8335
[INFO] Config 112/486: {'num_channels': [256, 256, 256], 'kernel_size': 3, 'dropout': 0.1, 'lr': 0.003, 'weight_decay': 0.0001} | Val AUC: 0.8329
[INFO] Config 113/486: {'num_channels': [256, 256, 256], 'kernel_size': 3, 'dropout': 0.1, 'lr': 0.003, 'weight_decay': 0.001} | Val AUC: 0.8352
[INFO] Config 114/486: {'num_channels': [256, 256, 256], 'kernel_size': 3, 'dropout': 0.1, 'lr': 0.003, 'weight_decay': 0.01} | Val AUC: 0.8335
[INFO] Config 115/486: {'num_channels': [256, 256, 256], 'kernel_size': 3, 'dropout': 0.1, 'lr': 0.005, 'weight_decay': 0.0001} | Val AUC: 0.8321
[INFO] Config 116/486: {'num_channels': [256, 256, 256], 'kernel_size': 3, 'dropout': 0.1, 'lr': 0.005, 'weight_decay': 0.001} | Val AUC: 0.8335
[INFO] Config 117/486: {'num_channels': [256, 256, 256], 'kernel_size': 3, 'dropout': 0.1, 'lr': 0.005, 'weight_decay': 0.01} | Val AUC: 0.8321
[INFO] Config 118/486: {'num_channels': [256, 256, 256], 'kernel_size': 3, 'dropout': 0.3, 'lr': 0.001, 'weight_decay': 0.0001} | Val AUC: 0.8291
[INFO] Config 119/486: {'num_channels': [256, 256, 256], 'kernel_size': 3, 'dropout': 0.3, 'lr': 0.001, 'weight_decay': 0.001} | Val AUC: 0.8290
[INFO] Config 120/486: {'num_channels': [256, 256, 256], 'kernel_size': 3, 'dropout': 0.3, 'lr': 0.001, 'weight_decay': 0.01} | Val AUC: 0.8286
[INFO] Config 121/486: {'num_channels': [256, 256, 256], 'kernel_size': 3, 'dropout': 0.3, 'lr': 0.003, 'weight_decay': 0.0001} | Val AUC: 0.8313
[INFO] Config 122/486: {'num_channels': [256, 256, 256], 'kernel_size': 3, 'dropout': 0.3, 'lr': 0.003, 'weight_decay': 0.001} | Val AUC: 0.8361
[INFO] Config 123/486: {'num_channels': [256, 256, 256], 'kernel_size': 3, 'dropout': 0.3, 'lr': 0.003, 'weight_decay': 0.01} | Val AUC: 0.8331
[INFO] Config 124/486: {'num_channels': [256, 256, 256], 'kernel_size': 3, 'dropout': 0.3, 'lr': 0.005, 'weight_decay': 0.0001} | Val AUC: 0.8317
[INFO] Config 125/486: {'num_channels': [256, 256, 256], 'kernel_size': 3, 'dropout': 0.3, 'lr': 0.005, 'weight_decay': 0.001} | Val AUC: 0.8284
[INFO] Config 126/486: {'num_channels': [256, 256, 256], 'kernel_size': 3, 'dropout': 0.3, 'lr': 0.005, 'weight_decay': 0.01} | Val AUC: 0.8348
[INFO] Config 127/486: {'num_channels': [256, 256, 256], 'kernel_size': 3, 'dropout': 0.5, 'lr': 0.001, 'weight_decay': 0.0001} | Val AUC: 0.8235
[INFO] Config 128/486: {'num_channels': [256, 256, 256], 'kernel_size': 3, 'dropout': 0.5, 'lr': 0.001, 'weight_decay': 0.001} | Val AUC: 0.8206
[INFO] Config 129/486: {'num_channels': [256, 256, 256], 'kernel_size': 3, 'dropout': 0.5, 'lr': 0.001, 'weight_decay': 0.01} | Val AUC: 0.8215
[INFO] Config 130/486: {'num_channels': [256, 256, 256], 'kernel_size': 3, 'dropout': 0.5, 'lr': 0.003, 'weight_decay': 0.0001} | Val AUC: 0.8275
[INFO] Config 131/486: {'num_channels': [256, 256, 256], 'kernel_size': 3, 'dropout': 0.5, 'lr': 0.003, 'weight_decay': 0.001} | Val AUC: 0.8305
[INFO] Config 132/486: {'num_channels': [256, 256, 256], 'kernel_size': 3, 'dropout': 0.5, 'lr': 0.003, 'weight_decay': 0.01} | Val AUC: 0.8283
[INFO] Config 133/486: {'num_channels': [256, 256, 256], 'kernel_size': 3, 'dropout': 0.5, 'lr': 0.005, 'weight_decay': 0.0001} | Val AUC: 0.8261
[INFO] Config 134/486: {'num_channels': [256, 256, 256], 'kernel_size': 3, 'dropout': 0.5, 'lr': 0.005, 'weight_decay': 0.001} | Val AUC: 0.8249
[INFO] Config 135/486: {'num_channels': [256, 256, 256], 'kernel_size': 3, 'dropout': 0.5, 'lr': 0.005, 'weight_decay': 0.01} | Val AUC: 0.8266
[INFO] Config 136/486: {'num_channels': [256, 256, 256], 'kernel_size': 5, 'dropout': 0.1, 'lr': 0.001, 'weight_decay': 0.0001} | Val AUC: 0.8293
[INFO] Config 137/486: {'num_channels': [256, 256, 256], 'kernel_size': 5, 'dropout': 0.1, 'lr': 0.001, 'weight_decay': 0.001} | Val AUC: 0.8290
[INFO] Config 138/486: {'num_channels': [256, 256, 256], 'kernel_size': 5, 'dropout': 0.1, 'lr': 0.001, 'weight_decay': 0.01} | Val AUC: 0.8280
[INFO] Config 139/486: {'num_channels': [256, 256, 256], 'kernel_size': 5, 'dropout': 0.1, 'lr': 0.003, 'weight_decay': 0.0001} | Val AUC: 0.8310
[INFO] Config 140/486: {'num_channels': [256, 256, 256], 'kernel_size': 5, 'dropout': 0.1, 'lr': 0.003, 'weight_decay': 0.001} | Val AUC: 0.8258
[INFO] Config 141/486: {'num_channels': [256, 256, 256], 'kernel_size': 5, 'dropout': 0.1, 'lr': 0.003, 'weight_decay': 0.01} | Val AUC: 0.8302
[INFO] Config 142/486: {'num_channels': [256, 256, 256], 'kernel_size': 5, 'dropout': 0.1, 'lr': 0.005, 'weight_decay': 0.0001} | Val AUC: 0.8272
[INFO] Config 143/486: {'num_channels': [256, 256, 256], 'kernel_size': 5, 'dropout': 0.1, 'lr': 0.005, 'weight_decay': 0.001} | Val AUC: 0.8261
[INFO] Config 144/486: {'num_channels': [256, 256, 256], 'kernel_size': 5, 'dropout': 0.1, 'lr': 0.005, 'weight_decay': 0.01} | Val AUC: 0.8302
[INFO] Config 145/486: {'num_channels': [256, 256, 256], 'kernel_size': 5, 'dropout': 0.3, 'lr': 0.001, 'weight_decay': 0.0001} | Val AUC: 0.8261
[INFO] Config 146/486: {'num_channels': [256, 256, 256], 'kernel_size': 5, 'dropout': 0.3, 'lr': 0.001, 'weight_decay': 0.001} | Val AUC: 0.8268
[INFO] Config 147/486: {'num_channels': [256, 256, 256], 'kernel_size': 5, 'dropout': 0.3, 'lr': 0.001, 'weight_decay': 0.01} | Val AUC: 0.8236
[INFO] Config 148/486: {'num_channels': [256, 256, 256], 'kernel_size': 5, 'dropout': 0.3, 'lr': 0.003, 'weight_decay': 0.0001} | Val AUC: 0.8275
[INFO] Config 149/486: {'num_channels': [256, 256, 256], 'kernel_size': 5, 'dropout': 0.3, 'lr': 0.003, 'weight_decay': 0.001} | Val AUC: 0.8246
[INFO] Config 150/486: {'num_channels': [256, 256, 256], 'kernel_size': 5, 'dropout': 0.3, 'lr': 0.003, 'weight_decay': 0.01} | Val AUC: 0.8254
[INFO] Config 151/486: {'num_channels': [256, 256, 256], 'kernel_size': 5, 'dropout': 0.3, 'lr': 0.005, 'weight_decay': 0.0001} | Val AUC: 0.8243
[INFO] Config 152/486: {'num_channels': [256, 256, 256], 'kernel_size': 5, 'dropout': 0.3, 'lr': 0.005, 'weight_decay': 0.001} | Val AUC: 0.8259
[INFO] Config 153/486: {'num_channels': [256, 256, 256], 'kernel_size': 5, 'dropout': 0.3, 'lr': 0.005, 'weight_decay': 0.01} | Val AUC: 0.8240
[INFO] Config 154/486: {'num_channels': [256, 256, 256], 'kernel_size': 5, 'dropout': 0.5, 'lr': 0.001, 'weight_decay': 0.0001} | Val AUC: 0.8207
[INFO] Config 155/486: {'num_channels': [256, 256, 256], 'kernel_size': 5, 'dropout': 0.5, 'lr': 0.001, 'weight_decay': 0.001} | Val AUC: 0.8196
[INFO] Config 156/486: {'num_channels': [256, 256, 256], 'kernel_size': 5, 'dropout': 0.5, 'lr': 0.001, 'weight_decay': 0.01} | Val AUC: 0.8211
[INFO] Config 157/486: {'num_channels': [256, 256, 256], 'kernel_size': 5, 'dropout': 0.5, 'lr': 0.003, 'weight_decay': 0.0001} | Val AUC: 0.8214
[INFO] Config 158/486: {'num_channels': [256, 256, 256], 'kernel_size': 5, 'dropout': 0.5, 'lr': 0.003, 'weight_decay': 0.001} | Val AUC: 0.8202
[INFO] Config 159/486: {'num_channels': [256, 256, 256], 'kernel_size': 5, 'dropout': 0.5, 'lr': 0.003, 'weight_decay': 0.01} | Val AUC: 0.8206
[INFO] Config 160/486: {'num_channels': [256, 256, 256], 'kernel_size': 5, 'dropout': 0.5, 'lr': 0.005, 'weight_decay': 0.0001} | Val AUC: 0.8169
[INFO] Config 161/486: {'num_channels': [256, 256, 256], 'kernel_size': 5, 'dropout': 0.5, 'lr': 0.005, 'weight_decay': 0.001} | Val AUC: 0.8180
[INFO] Config 162/486: {'num_channels': [256, 256, 256], 'kernel_size': 5, 'dropout': 0.5, 'lr': 0.005, 'weight_decay': 0.01} | Val AUC: 0.8182
[INFO] Config 163/486: {'num_channels': [128, 256, 512], 'kernel_size': 2, 'dropout': 0.1, 'lr': 0.001, 'weight_decay': 0.0001} | Val AUC: 0.8311
[INFO] Config 164/486: {'num_channels': [128, 256, 512], 'kernel_size': 2, 'dropout': 0.1, 'lr': 0.001, 'weight_decay': 0.001} | Val AUC: 0.8316
[INFO] Config 165/486: {'num_channels': [128, 256, 512], 'kernel_size': 2, 'dropout': 0.1, 'lr': 0.001, 'weight_decay': 0.01} | Val AUC: 0.8315
[INFO] Config 166/486: {'num_channels': [128, 256, 512], 'kernel_size': 2, 'dropout': 0.1, 'lr': 0.003, 'weight_decay': 0.0001} | Val AUC: 0.8363
[INFO] Config 167/486: {'num_channels': [128, 256, 512], 'kernel_size': 2, 'dropout': 0.1, 'lr': 0.003, 'weight_decay': 0.001} | Val AUC: 0.8379
[INFO] Config 168/486: {'num_channels': [128, 256, 512], 'kernel_size': 2, 'dropout': 0.1, 'lr': 0.003, 'weight_decay': 0.01} | Val AUC: 0.8360
[INFO] Config 169/486: {'num_channels': [128, 256, 512], 'kernel_size': 2, 'dropout': 0.1, 'lr': 0.005, 'weight_decay': 0.0001} | Val AUC: 0.8373
[INFO] Config 170/486: {'num_channels': [128, 256, 512], 'kernel_size': 2, 'dropout': 0.1, 'lr': 0.005, 'weight_decay': 0.001} | Val AUC: 0.8374
[INFO] Config 171/486: {'num_channels': [128, 256, 512], 'kernel_size': 2, 'dropout': 0.1, 'lr': 0.005, 'weight_decay': 0.01} | Val AUC: 0.8372
[INFO] Config 172/486: {'num_channels': [128, 256, 512], 'kernel_size': 2, 'dropout': 0.3, 'lr': 0.001, 'weight_decay': 0.0001} | Val AUC: 0.8223
[INFO] Config 173/486: {'num_channels': [128, 256, 512], 'kernel_size': 2, 'dropout': 0.3, 'lr': 0.001, 'weight_decay': 0.001} | Val AUC: 0.8228
[INFO] Config 174/486: {'num_channels': [128, 256, 512], 'kernel_size': 2, 'dropout': 0.3, 'lr': 0.001, 'weight_decay': 0.01} | Val AUC: 0.8229
[INFO] Config 175/486: {'num_channels': [128, 256, 512], 'kernel_size': 2, 'dropout': 0.3, 'lr': 0.003, 'weight_decay': 0.0001} | Val AUC: 0.8332
[INFO] Config 176/486: {'num_channels': [128, 256, 512], 'kernel_size': 2, 'dropout': 0.3, 'lr': 0.003, 'weight_decay': 0.001} | Val AUC: 0.8326
[INFO] Config 177/486: {'num_channels': [128, 256, 512], 'kernel_size': 2, 'dropout': 0.3, 'lr': 0.003, 'weight_decay': 0.01} | Val AUC: 0.8327
[INFO] Config 178/486: {'num_channels': [128, 256, 512], 'kernel_size': 2, 'dropout': 0.3, 'lr': 0.005, 'weight_decay': 0.0001} | Val AUC: 0.8298
[INFO] Config 179/486: {'num_channels': [128, 256, 512], 'kernel_size': 2, 'dropout': 0.3, 'lr': 0.005, 'weight_decay': 0.001} | Val AUC: 0.8312
[INFO] Config 180/486: {'num_channels': [128, 256, 512], 'kernel_size': 2, 'dropout': 0.3, 'lr': 0.005, 'weight_decay': 0.01} | Val AUC: 0.8302
[INFO] Config 181/486: {'num_channels': [128, 256, 512], 'kernel_size': 2, 'dropout': 0.5, 'lr': 0.001, 'weight_decay': 0.0001} | Val AUC: 0.8126
[INFO] Config 182/486: {'num_channels': [128, 256, 512], 'kernel_size': 2, 'dropout': 0.5, 'lr': 0.001, 'weight_decay': 0.001} | Val AUC: 0.8135
[INFO] Config 183/486: {'num_channels': [128, 256, 512], 'kernel_size': 2, 'dropout': 0.5, 'lr': 0.001, 'weight_decay': 0.01} | Val AUC: 0.8115
[INFO] Config 184/486: {'num_channels': [128, 256, 512], 'kernel_size': 2, 'dropout': 0.5, 'lr': 0.003, 'weight_decay': 0.0001} | Val AUC: 0.8243
[INFO] Config 185/486: {'num_channels': [128, 256, 512], 'kernel_size': 2, 'dropout': 0.5, 'lr': 0.003, 'weight_decay': 0.001} | Val AUC: 0.8258
[INFO] Config 186/486: {'num_channels': [128, 256, 512], 'kernel_size': 2, 'dropout': 0.5, 'lr': 0.003, 'weight_decay': 0.01} | Val AUC: 0.8271
[INFO] Config 187/486: {'num_channels': [128, 256, 512], 'kernel_size': 2, 'dropout': 0.5, 'lr': 0.005, 'weight_decay': 0.0001} | Val AUC: 0.8259
[INFO] Config 188/486: {'num_channels': [128, 256, 512], 'kernel_size': 2, 'dropout': 0.5, 'lr': 0.005, 'weight_decay': 0.001} | Val AUC: 0.8276
[INFO] Config 189/486: {'num_channels': [128, 256, 512], 'kernel_size': 2, 'dropout': 0.5, 'lr': 0.005, 'weight_decay': 0.01} | Val AUC: 0.8268
[INFO] Config 190/486: {'num_channels': [128, 256, 512], 'kernel_size': 3, 'dropout': 0.1, 'lr': 0.001, 'weight_decay': 0.0001} | Val AUC: 0.8306
[INFO] Config 191/486: {'num_channels': [128, 256, 512], 'kernel_size': 3, 'dropout': 0.1, 'lr': 0.001, 'weight_decay': 0.001} | Val AUC: 0.8324
[INFO] Config 192/486: {'num_channels': [128, 256, 512], 'kernel_size': 3, 'dropout': 0.1, 'lr': 0.001, 'weight_decay': 0.01} | Val AUC: 0.8311
[INFO] Config 193/486: {'num_channels': [128, 256, 512], 'kernel_size': 3, 'dropout': 0.1, 'lr': 0.003, 'weight_decay': 0.0001} | Val AUC: 0.8312
[INFO] Config 194/486: {'num_channels': [128, 256, 512], 'kernel_size': 3, 'dropout': 0.1, 'lr': 0.003, 'weight_decay': 0.001} | Val AUC: 0.8308
[INFO] Config 195/486: {'num_channels': [128, 256, 512], 'kernel_size': 3, 'dropout': 0.1, 'lr': 0.003, 'weight_decay': 0.01} | Val AUC: 0.8323
[INFO] Config 196/486: {'num_channels': [128, 256, 512], 'kernel_size': 3, 'dropout': 0.1, 'lr': 0.005, 'weight_decay': 0.0001} | Val AUC: 0.8302
[INFO] Config 197/486: {'num_channels': [128, 256, 512], 'kernel_size': 3, 'dropout': 0.1, 'lr': 0.005, 'weight_decay': 0.001} | Val AUC: 0.8343
[INFO] Config 198/486: {'num_channels': [128, 256, 512], 'kernel_size': 3, 'dropout': 0.1, 'lr': 0.005, 'weight_decay': 0.01} | Val AUC: 0.8308
[INFO] Config 199/486: {'num_channels': [128, 256, 512], 'kernel_size': 3, 'dropout': 0.3, 'lr': 0.001, 'weight_decay': 0.0001} | Val AUC: 0.8239
[INFO] Config 200/486: {'num_channels': [128, 256, 512], 'kernel_size': 3, 'dropout': 0.3, 'lr': 0.001, 'weight_decay': 0.001} | Val AUC: 0.8253
[INFO] Config 201/486: {'num_channels': [128, 256, 512], 'kernel_size': 3, 'dropout': 0.3, 'lr': 0.001, 'weight_decay': 0.01} | Val AUC: 0.8243
[INFO] Config 202/486: {'num_channels': [128, 256, 512], 'kernel_size': 3, 'dropout': 0.3, 'lr': 0.003, 'weight_decay': 0.0001} | Val AUC: 0.8316
[INFO] Config 203/486: {'num_channels': [128, 256, 512], 'kernel_size': 3, 'dropout': 0.3, 'lr': 0.003, 'weight_decay': 0.001} | Val AUC: 0.8283
[INFO] Config 204/486: {'num_channels': [128, 256, 512], 'kernel_size': 3, 'dropout': 0.3, 'lr': 0.003, 'weight_decay': 0.01} | Val AUC: 0.8258
[INFO] Config 205/486: {'num_channels': [128, 256, 512], 'kernel_size': 3, 'dropout': 0.3, 'lr': 0.005, 'weight_decay': 0.0001} | Val AUC: 0.8252
[INFO] Config 206/486: {'num_channels': [128, 256, 512], 'kernel_size': 3, 'dropout': 0.3, 'lr': 0.005, 'weight_decay': 0.001} | Val AUC: 0.8274
[INFO] Config 207/486: {'num_channels': [128, 256, 512], 'kernel_size': 3, 'dropout': 0.3, 'lr': 0.005, 'weight_decay': 0.01} | Val AUC: 0.8288
[INFO] Config 208/486: {'num_channels': [128, 256, 512], 'kernel_size': 3, 'dropout': 0.5, 'lr': 0.001, 'weight_decay': 0.0001} | Val AUC: 0.8139
[INFO] Config 209/486: {'num_channels': [128, 256, 512], 'kernel_size': 3, 'dropout': 0.5, 'lr': 0.001, 'weight_decay': 0.001} | Val AUC: 0.8159
[INFO] Config 210/486: {'num_channels': [128, 256, 512], 'kernel_size': 3, 'dropout': 0.5, 'lr': 0.001, 'weight_decay': 0.01} | Val AUC: 0.8141
[INFO] Config 211/486: {'num_channels': [128, 256, 512], 'kernel_size': 3, 'dropout': 0.5, 'lr': 0.003, 'weight_decay': 0.0001} | Val AUC: 0.8229
[INFO] Config 212/486: {'num_channels': [128, 256, 512], 'kernel_size': 3, 'dropout': 0.5, 'lr': 0.003, 'weight_decay': 0.001} | Val AUC: 0.8215
[INFO] Config 213/486: {'num_channels': [128, 256, 512], 'kernel_size': 3, 'dropout': 0.5, 'lr': 0.003, 'weight_decay': 0.01} | Val AUC: 0.8235
[INFO] Config 214/486: {'num_channels': [128, 256, 512], 'kernel_size': 3, 'dropout': 0.5, 'lr': 0.005, 'weight_decay': 0.0001} | Val AUC: 0.8215
[INFO] Config 215/486: {'num_channels': [128, 256, 512], 'kernel_size': 3, 'dropout': 0.5, 'lr': 0.005, 'weight_decay': 0.001} | Val AUC: 0.8220
[INFO] Config 216/486: {'num_channels': [128, 256, 512], 'kernel_size': 3, 'dropout': 0.5, 'lr': 0.005, 'weight_decay': 0.01} | Val AUC: 0.8210
[INFO] Config 217/486: {'num_channels': [128, 256, 512], 'kernel_size': 5, 'dropout': 0.1, 'lr': 0.001, 'weight_decay': 0.0001} | Val AUC: 0.8247
[INFO] Config 218/486: {'num_channels': [128, 256, 512], 'kernel_size': 5, 'dropout': 0.1, 'lr': 0.001, 'weight_decay': 0.001} | Val AUC: 0.8254
[INFO] Config 219/486: {'num_channels': [128, 256, 512], 'kernel_size': 5, 'dropout': 0.1, 'lr': 0.001, 'weight_decay': 0.01} | Val AUC: 0.8267
[INFO] Config 220/486: {'num_channels': [128, 256, 512], 'kernel_size': 5, 'dropout': 0.1, 'lr': 0.003, 'weight_decay': 0.0001} | Val AUC: 0.8278
[INFO] Config 221/486: {'num_channels': [128, 256, 512], 'kernel_size': 5, 'dropout': 0.1, 'lr': 0.003, 'weight_decay': 0.001} | Val AUC: 0.8253
[INFO] Config 222/486: {'num_channels': [128, 256, 512], 'kernel_size': 5, 'dropout': 0.1, 'lr': 0.003, 'weight_decay': 0.01} | Val AUC: 0.8274
[INFO] Config 223/486: {'num_channels': [128, 256, 512], 'kernel_size': 5, 'dropout': 0.1, 'lr': 0.005, 'weight_decay': 0.0001} | Val AUC: 0.8211
[INFO] Config 224/486: {'num_channels': [128, 256, 512], 'kernel_size': 5, 'dropout': 0.1, 'lr': 0.005, 'weight_decay': 0.001} | Val AUC: 0.8222
[INFO] Config 225/486: {'num_channels': [128, 256, 512], 'kernel_size': 5, 'dropout': 0.1, 'lr': 0.005, 'weight_decay': 0.01} | Val AUC: 0.8207
[INFO] Config 226/486: {'num_channels': [128, 256, 512], 'kernel_size': 5, 'dropout': 0.3, 'lr': 0.001, 'weight_decay': 0.0001} | Val AUC: 0.8211
[INFO] Config 227/486: {'num_channels': [128, 256, 512], 'kernel_size': 5, 'dropout': 0.3, 'lr': 0.001, 'weight_decay': 0.001} | Val AUC: 0.8218
[INFO] Config 228/486: {'num_channels': [128, 256, 512], 'kernel_size': 5, 'dropout': 0.3, 'lr': 0.001, 'weight_decay': 0.01} | Val AUC: 0.8196
[INFO] Config 229/486: {'num_channels': [128, 256, 512], 'kernel_size': 5, 'dropout': 0.3, 'lr': 0.003, 'weight_decay': 0.0001} | Val AUC: 0.8212
[INFO] Config 230/486: {'num_channels': [128, 256, 512], 'kernel_size': 5, 'dropout': 0.3, 'lr': 0.003, 'weight_decay': 0.001} | Val AUC: 0.8191
[INFO] Config 231/486: {'num_channels': [128, 256, 512], 'kernel_size': 5, 'dropout': 0.3, 'lr': 0.003, 'weight_decay': 0.01} | Val AUC: 0.8209
[INFO] Config 232/486: {'num_channels': [128, 256, 512], 'kernel_size': 5, 'dropout': 0.3, 'lr': 0.005, 'weight_decay': 0.0001} | Val AUC: 0.8166
[INFO] Config 233/486: {'num_channels': [128, 256, 512], 'kernel_size': 5, 'dropout': 0.3, 'lr': 0.005, 'weight_decay': 0.001} | Val AUC: 0.8176
[INFO] Config 234/486: {'num_channels': [128, 256, 512], 'kernel_size': 5, 'dropout': 0.3, 'lr': 0.005, 'weight_decay': 0.01} | Val AUC: 0.8131
[INFO] Config 235/486: {'num_channels': [128, 256, 512], 'kernel_size': 5, 'dropout': 0.5, 'lr': 0.001, 'weight_decay': 0.0001} | Val AUC: 0.8169
[INFO] Config 236/486: {'num_channels': [128, 256, 512], 'kernel_size': 5, 'dropout': 0.5, 'lr': 0.001, 'weight_decay': 0.001} | Val AUC: 0.8123
[INFO] Config 237/486: {'num_channels': [128, 256, 512], 'kernel_size': 5, 'dropout': 0.5, 'lr': 0.001, 'weight_decay': 0.01} | Val AUC: 0.8126
[INFO] Config 238/486: {'num_channels': [128, 256, 512], 'kernel_size': 5, 'dropout': 0.5, 'lr': 0.003, 'weight_decay': 0.0001} | Val AUC: 0.8165
[INFO] Config 239/486: {'num_channels': [128, 256, 512], 'kernel_size': 5, 'dropout': 0.5, 'lr': 0.003, 'weight_decay': 0.001} | Val AUC: 0.8152
[INFO] Config 240/486: {'num_channels': [128, 256, 512], 'kernel_size': 5, 'dropout': 0.5, 'lr': 0.003, 'weight_decay': 0.01} | Val AUC: 0.8203
[INFO] Config 241/486: {'num_channels': [128, 256, 512], 'kernel_size': 5, 'dropout': 0.5, 'lr': 0.005, 'weight_decay': 0.0001} | Val AUC: 0.8110
[INFO] Config 242/486: {'num_channels': [128, 256, 512], 'kernel_size': 5, 'dropout': 0.5, 'lr': 0.005, 'weight_decay': 0.001} | Val AUC: 0.8114
[INFO] Config 243/486: {'num_channels': [128, 256, 512], 'kernel_size': 5, 'dropout': 0.5, 'lr': 0.005, 'weight_decay': 0.01} | Val AUC: 0.8139
[INFO] Config 244/486: {'num_channels': [256, 512, 512], 'kernel_size': 2, 'dropout': 0.1, 'lr': 0.001, 'weight_decay': 0.0001} | Val AUC: 0.8355
[INFO] Config 245/486: {'num_channels': [256, 512, 512], 'kernel_size': 2, 'dropout': 0.1, 'lr': 0.001, 'weight_decay': 0.001} | Val AUC: 0.8341
[INFO] Config 246/486: {'num_channels': [256, 512, 512], 'kernel_size': 2, 'dropout': 0.1, 'lr': 0.001, 'weight_decay': 0.01} | Val AUC: 0.8355
[INFO] Config 247/486: {'num_channels': [256, 512, 512], 'kernel_size': 2, 'dropout': 0.1, 'lr': 0.003, 'weight_decay': 0.0001} | Val AUC: 0.8402
[INFO] Config 248/486: {'num_channels': [256, 512, 512], 'kernel_size': 2, 'dropout': 0.1, 'lr': 0.003, 'weight_decay': 0.001} | Val AUC: 0.8345
[INFO] Config 249/486: {'num_channels': [256, 512, 512], 'kernel_size': 2, 'dropout': 0.1, 'lr': 0.003, 'weight_decay': 0.01} | Val AUC: 0.8389
[INFO] Config 250/486: {'num_channels': [256, 512, 512], 'kernel_size': 2, 'dropout': 0.1, 'lr': 0.005, 'weight_decay': 0.0001} | Val AUC: 0.8359
[INFO] Config 251/486: {'num_channels': [256, 512, 512], 'kernel_size': 2, 'dropout': 0.1, 'lr': 0.005, 'weight_decay': 0.001} | Val AUC: 0.8377
[INFO] Config 252/486: {'num_channels': [256, 512, 512], 'kernel_size': 2, 'dropout': 0.1, 'lr': 0.005, 'weight_decay': 0.01} | Val AUC: 0.8394
[INFO] Config 253/486: {'num_channels': [256, 512, 512], 'kernel_size': 2, 'dropout': 0.3, 'lr': 0.001, 'weight_decay': 0.0001} | Val AUC: 0.8290
[INFO] Config 254/486: {'num_channels': [256, 512, 512], 'kernel_size': 2, 'dropout': 0.3, 'lr': 0.001, 'weight_decay': 0.001} | Val AUC: 0.8285
[INFO] Config 255/486: {'num_channels': [256, 512, 512], 'kernel_size': 2, 'dropout': 0.3, 'lr': 0.001, 'weight_decay': 0.01} | Val AUC: 0.8263
[INFO] Config 256/486: {'num_channels': [256, 512, 512], 'kernel_size': 2, 'dropout': 0.3, 'lr': 0.003, 'weight_decay': 0.0001} | Val AUC: 0.8353
[INFO] Config 257/486: {'num_channels': [256, 512, 512], 'kernel_size': 2, 'dropout': 0.3, 'lr': 0.003, 'weight_decay': 0.001} | Val AUC: 0.8325
[INFO] Config 258/486: {'num_channels': [256, 512, 512], 'kernel_size': 2, 'dropout': 0.3, 'lr': 0.003, 'weight_decay': 0.01} | Val AUC: 0.8327
[INFO] Config 259/486: {'num_channels': [256, 512, 512], 'kernel_size': 2, 'dropout': 0.3, 'lr': 0.005, 'weight_decay': 0.0001} | Val AUC: 0.8379
[INFO] Config 260/486: {'num_channels': [256, 512, 512], 'kernel_size': 2, 'dropout': 0.3, 'lr': 0.005, 'weight_decay': 0.001} | Val AUC: 0.8335
[INFO] Config 261/486: {'num_channels': [256, 512, 512], 'kernel_size': 2, 'dropout': 0.3, 'lr': 0.005, 'weight_decay': 0.01} | Val AUC: 0.8336
[INFO] Config 262/486: {'num_channels': [256, 512, 512], 'kernel_size': 2, 'dropout': 0.5, 'lr': 0.001, 'weight_decay': 0.0001} | Val AUC: 0.8209
[INFO] Config 263/486: {'num_channels': [256, 512, 512], 'kernel_size': 2, 'dropout': 0.5, 'lr': 0.001, 'weight_decay': 0.001} | Val AUC: 0.8208
[INFO] Config 264/486: {'num_channels': [256, 512, 512], 'kernel_size': 2, 'dropout': 0.5, 'lr': 0.001, 'weight_decay': 0.01} | Val AUC: 0.8192
[INFO] Config 265/486: {'num_channels': [256, 512, 512], 'kernel_size': 2, 'dropout': 0.5, 'lr': 0.003, 'weight_decay': 0.0001} | Val AUC: 0.8314
[INFO] Config 266/486: {'num_channels': [256, 512, 512], 'kernel_size': 2, 'dropout': 0.5, 'lr': 0.003, 'weight_decay': 0.001} | Val AUC: 0.8293
[INFO] Config 267/486: {'num_channels': [256, 512, 512], 'kernel_size': 2, 'dropout': 0.5, 'lr': 0.003, 'weight_decay': 0.01} | Val AUC: 0.8306
[INFO] Config 268/486: {'num_channels': [256, 512, 512], 'kernel_size': 2, 'dropout': 0.5, 'lr': 0.005, 'weight_decay': 0.0001} | Val AUC: 0.8316
[INFO] Config 269/486: {'num_channels': [256, 512, 512], 'kernel_size': 2, 'dropout': 0.5, 'lr': 0.005, 'weight_decay': 0.001} | Val AUC: 0.8327
[INFO] Config 270/486: {'num_channels': [256, 512, 512], 'kernel_size': 2, 'dropout': 0.5, 'lr': 0.005, 'weight_decay': 0.01} | Val AUC: 0.8327
[INFO] Config 271/486: {'num_channels': [256, 512, 512], 'kernel_size': 3, 'dropout': 0.1, 'lr': 0.001, 'weight_decay': 0.0001} | Val AUC: 0.8320
[INFO] Config 272/486: {'num_channels': [256, 512, 512], 'kernel_size': 3, 'dropout': 0.1, 'lr': 0.001, 'weight_decay': 0.001} | Val AUC: 0.8330
[INFO] Config 273/486: {'num_channels': [256, 512, 512], 'kernel_size': 3, 'dropout': 0.1, 'lr': 0.001, 'weight_decay': 0.01} | Val AUC: 0.8302
[INFO] Config 274/486: {'num_channels': [256, 512, 512], 'kernel_size': 3, 'dropout': 0.1, 'lr': 0.003, 'weight_decay': 0.0001} | Val AUC: 0.8302
[INFO] Config 275/486: {'num_channels': [256, 512, 512], 'kernel_size': 3, 'dropout': 0.1, 'lr': 0.003, 'weight_decay': 0.001} | Val AUC: 0.8312
[INFO] Config 276/486: {'num_channels': [256, 512, 512], 'kernel_size': 3, 'dropout': 0.1, 'lr': 0.003, 'weight_decay': 0.01} | Val AUC: 0.8308
[INFO] Config 277/486: {'num_channels': [256, 512, 512], 'kernel_size': 3, 'dropout': 0.1, 'lr': 0.005, 'weight_decay': 0.0001} | Val AUC: 0.8306
[INFO] Config 278/486: {'num_channels': [256, 512, 512], 'kernel_size': 3, 'dropout': 0.1, 'lr': 0.005, 'weight_decay': 0.001} | Val AUC: 0.8314
[INFO] Config 279/486: {'num_channels': [256, 512, 512], 'kernel_size': 3, 'dropout': 0.1, 'lr': 0.005, 'weight_decay': 0.01} | Val AUC: 0.8295
[INFO] Config 280/486: {'num_channels': [256, 512, 512], 'kernel_size': 3, 'dropout': 0.3, 'lr': 0.001, 'weight_decay': 0.0001} | Val AUC: 0.8268
[INFO] Config 281/486: {'num_channels': [256, 512, 512], 'kernel_size': 3, 'dropout': 0.3, 'lr': 0.001, 'weight_decay': 0.001} | Val AUC: 0.8263
[INFO] Config 282/486: {'num_channels': [256, 512, 512], 'kernel_size': 3, 'dropout': 0.3, 'lr': 0.001, 'weight_decay': 0.01} | Val AUC: 0.8272
[INFO] Config 283/486: {'num_channels': [256, 512, 512], 'kernel_size': 3, 'dropout': 0.3, 'lr': 0.003, 'weight_decay': 0.0001} | Val AUC: 0.8316
[INFO] Config 284/486: {'num_channels': [256, 512, 512], 'kernel_size': 3, 'dropout': 0.3, 'lr': 0.003, 'weight_decay': 0.001} | Val AUC: 0.8318
[INFO] Config 285/486: {'num_channels': [256, 512, 512], 'kernel_size': 3, 'dropout': 0.3, 'lr': 0.003, 'weight_decay': 0.01} | Val AUC: 0.8264
[INFO] Config 286/486: {'num_channels': [256, 512, 512], 'kernel_size': 3, 'dropout': 0.3, 'lr': 0.005, 'weight_decay': 0.0001} | Val AUC: 0.8325
[INFO] Config 287/486: {'num_channels': [256, 512, 512], 'kernel_size': 3, 'dropout': 0.3, 'lr': 0.005, 'weight_decay': 0.001} | Val AUC: 0.8299
[INFO] Config 288/486: {'num_channels': [256, 512, 512], 'kernel_size': 3, 'dropout': 0.3, 'lr': 0.005, 'weight_decay': 0.01} | Val AUC: 0.8292
[INFO] Config 289/486: {'num_channels': [256, 512, 512], 'kernel_size': 3, 'dropout': 0.5, 'lr': 0.001, 'weight_decay': 0.0001} | Val AUC: 0.8201
[INFO] Config 290/486: {'num_channels': [256, 512, 512], 'kernel_size': 3, 'dropout': 0.5, 'lr': 0.001, 'weight_decay': 0.001} | Val AUC: 0.8207
[INFO] Config 291/486: {'num_channels': [256, 512, 512], 'kernel_size': 3, 'dropout': 0.5, 'lr': 0.001, 'weight_decay': 0.01} | Val AUC: 0.8216
[INFO] Config 292/486: {'num_channels': [256, 512, 512], 'kernel_size': 3, 'dropout': 0.5, 'lr': 0.003, 'weight_decay': 0.0001} | Val AUC: 0.8229
[INFO] Config 293/486: {'num_channels': [256, 512, 512], 'kernel_size': 3, 'dropout': 0.5, 'lr': 0.003, 'weight_decay': 0.001} | Val AUC: 0.8246
[INFO] Config 294/486: {'num_channels': [256, 512, 512], 'kernel_size': 3, 'dropout': 0.5, 'lr': 0.003, 'weight_decay': 0.01} | Val AUC: 0.8221
[INFO] Config 295/486: {'num_channels': [256, 512, 512], 'kernel_size': 3, 'dropout': 0.5, 'lr': 0.005, 'weight_decay': 0.0001} | Val AUC: 0.8282
[INFO] Config 296/486: {'num_channels': [256, 512, 512], 'kernel_size': 3, 'dropout': 0.5, 'lr': 0.005, 'weight_decay': 0.001} | Val AUC: 0.8255
[INFO] Config 297/486: {'num_channels': [256, 512, 512], 'kernel_size': 3, 'dropout': 0.5, 'lr': 0.005, 'weight_decay': 0.01} | Val AUC: 0.8259
[INFO] Config 298/486: {'num_channels': [256, 512, 512], 'kernel_size': 5, 'dropout': 0.1, 'lr': 0.001, 'weight_decay': 0.0001} | Val AUC: 0.8275
[INFO] Config 299/486: {'num_channels': [256, 512, 512], 'kernel_size': 5, 'dropout': 0.1, 'lr': 0.001, 'weight_decay': 0.001} | Val AUC: 0.8255
[INFO] Config 300/486: {'num_channels': [256, 512, 512], 'kernel_size': 5, 'dropout': 0.1, 'lr': 0.001, 'weight_decay': 0.01} | Val AUC: 0.8268
[INFO] Config 301/486: {'num_channels': [256, 512, 512], 'kernel_size': 5, 'dropout': 0.1, 'lr': 0.003, 'weight_decay': 0.0001} | Val AUC: 0.8268
[INFO] Config 302/486: {'num_channels': [256, 512, 512], 'kernel_size': 5, 'dropout': 0.1, 'lr': 0.003, 'weight_decay': 0.001} | Val AUC: 0.8273
[INFO] Config 303/486: {'num_channels': [256, 512, 512], 'kernel_size': 5, 'dropout': 0.1, 'lr': 0.003, 'weight_decay': 0.01} | Val AUC: 0.8268
[INFO] Config 304/486: {'num_channels': [256, 512, 512], 'kernel_size': 5, 'dropout': 0.1, 'lr': 0.005, 'weight_decay': 0.0001} | Val AUC: 0.8267
[INFO] Config 305/486: {'num_channels': [256, 512, 512], 'kernel_size': 5, 'dropout': 0.1, 'lr': 0.005, 'weight_decay': 0.001} | Val AUC: 0.8219
[INFO] Config 306/486: {'num_channels': [256, 512, 512], 'kernel_size': 5, 'dropout': 0.1, 'lr': 0.005, 'weight_decay': 0.01} | Val AUC: 0.8286
[INFO] Config 307/486: {'num_channels': [256, 512, 512], 'kernel_size': 5, 'dropout': 0.3, 'lr': 0.001, 'weight_decay': 0.0001} | Val AUC: 0.8212
[INFO] Config 308/486: {'num_channels': [256, 512, 512], 'kernel_size': 5, 'dropout': 0.3, 'lr': 0.001, 'weight_decay': 0.001} | Val AUC: 0.8183
[INFO] Config 309/486: {'num_channels': [256, 512, 512], 'kernel_size': 5, 'dropout': 0.3, 'lr': 0.001, 'weight_decay': 0.01} | Val AUC: 0.8185
[INFO] Config 310/486: {'num_channels': [256, 512, 512], 'kernel_size': 5, 'dropout': 0.3, 'lr': 0.003, 'weight_decay': 0.0001} | Val AUC: 0.8223
[INFO] Config 311/486: {'num_channels': [256, 512, 512], 'kernel_size': 5, 'dropout': 0.3, 'lr': 0.003, 'weight_decay': 0.001} | Val AUC: 0.8275
[INFO] Config 312/486: {'num_channels': [256, 512, 512], 'kernel_size': 5, 'dropout': 0.3, 'lr': 0.003, 'weight_decay': 0.01} | Val AUC: 0.8210
[INFO] Config 313/486: {'num_channels': [256, 512, 512], 'kernel_size': 5, 'dropout': 0.3, 'lr': 0.005, 'weight_decay': 0.0001} | Val AUC: 0.8202
[INFO] Config 314/486: {'num_channels': [256, 512, 512], 'kernel_size': 5, 'dropout': 0.3, 'lr': 0.005, 'weight_decay': 0.001} | Val AUC: 0.8201
[INFO] Config 315/486: {'num_channels': [256, 512, 512], 'kernel_size': 5, 'dropout': 0.3, 'lr': 0.005, 'weight_decay': 0.01} | Val AUC: 0.8184
[INFO] Config 316/486: {'num_channels': [256, 512, 512], 'kernel_size': 5, 'dropout': 0.5, 'lr': 0.001, 'weight_decay': 0.0001} | Val AUC: 0.8150
[INFO] Config 317/486: {'num_channels': [256, 512, 512], 'kernel_size': 5, 'dropout': 0.5, 'lr': 0.001, 'weight_decay': 0.001} | Val AUC: 0.8144
[INFO] Config 318/486: {'num_channels': [256, 512, 512], 'kernel_size': 5, 'dropout': 0.5, 'lr': 0.001, 'weight_decay': 0.01} | Val AUC: 0.8152
[INFO] Config 319/486: {'num_channels': [256, 512, 512], 'kernel_size': 5, 'dropout': 0.5, 'lr': 0.003, 'weight_decay': 0.0001} | Val AUC: 0.8199
[INFO] Config 320/486: {'num_channels': [256, 512, 512], 'kernel_size': 5, 'dropout': 0.5, 'lr': 0.003, 'weight_decay': 0.001} | Val AUC: 0.8184
[INFO] Config 321/486: {'num_channels': [256, 512, 512], 'kernel_size': 5, 'dropout': 0.5, 'lr': 0.003, 'weight_decay': 0.01} | Val AUC: 0.8184
[INFO] Config 322/486: {'num_channels': [256, 512, 512], 'kernel_size': 5, 'dropout': 0.5, 'lr': 0.005, 'weight_decay': 0.0001} | Val AUC: 0.8141
[INFO] Config 323/486: {'num_channels': [256, 512, 512], 'kernel_size': 5, 'dropout': 0.5, 'lr': 0.005, 'weight_decay': 0.001} | Val AUC: 0.8162
[INFO] Config 324/486: {'num_channels': [256, 512, 512], 'kernel_size': 5, 'dropout': 0.5, 'lr': 0.005, 'weight_decay': 0.01} | Val AUC: 0.8161
[INFO] Config 325/486: {'num_channels': [512, 512, 512], 'kernel_size': 2, 'dropout': 0.1, 'lr': 0.001, 'weight_decay': 0.0001} | Val AUC: 0.8363
[INFO] Config 326/486: {'num_channels': [512, 512, 512], 'kernel_size': 2, 'dropout': 0.1, 'lr': 0.001, 'weight_decay': 0.001} | Val AUC: 0.8390
[INFO] Config 327/486: {'num_channels': [512, 512, 512], 'kernel_size': 2, 'dropout': 0.1, 'lr': 0.001, 'weight_decay': 0.01} | Val AUC: 0.8367
[INFO] Config 328/486: {'num_channels': [512, 512, 512], 'kernel_size': 2, 'dropout': 0.1, 'lr': 0.003, 'weight_decay': 0.0001} | Val AUC: 0.8379
[INFO] Config 329/486: {'num_channels': [512, 512, 512], 'kernel_size': 2, 'dropout': 0.1, 'lr': 0.003, 'weight_decay': 0.001} | Val AUC: 0.8415
[INFO] Config 330/486: {'num_channels': [512, 512, 512], 'kernel_size': 2, 'dropout': 0.1, 'lr': 0.003, 'weight_decay': 0.01} | Val AUC: 0.8388
[INFO] Config 331/486: {'num_channels': [512, 512, 512], 'kernel_size': 2, 'dropout': 0.1, 'lr': 0.005, 'weight_decay': 0.0001} | Val AUC: 0.8376
[INFO] Config 332/486: {'num_channels': [512, 512, 512], 'kernel_size': 2, 'dropout': 0.1, 'lr': 0.005, 'weight_decay': 0.001} | Val AUC: 0.8381
[INFO] Config 333/486: {'num_channels': [512, 512, 512], 'kernel_size': 2, 'dropout': 0.1, 'lr': 0.005, 'weight_decay': 0.01} | Val AUC: 0.8370
[INFO] Config 334/486: {'num_channels': [512, 512, 512], 'kernel_size': 2, 'dropout': 0.3, 'lr': 0.001, 'weight_decay': 0.0001} | Val AUC: 0.8310
[INFO] Config 335/486: {'num_channels': [512, 512, 512], 'kernel_size': 2, 'dropout': 0.3, 'lr': 0.001, 'weight_decay': 0.001} | Val AUC: 0.8318
[INFO] Config 336/486: {'num_channels': [512, 512, 512], 'kernel_size': 2, 'dropout': 0.3, 'lr': 0.001, 'weight_decay': 0.01} | Val AUC: 0.8301
[INFO] Config 337/486: {'num_channels': [512, 512, 512], 'kernel_size': 2, 'dropout': 0.3, 'lr': 0.003, 'weight_decay': 0.0001} | Val AUC: 0.8364
[INFO] Config 338/486: {'num_channels': [512, 512, 512], 'kernel_size': 2, 'dropout': 0.3, 'lr': 0.003, 'weight_decay': 0.001} | Val AUC: 0.8354
[INFO] Config 339/486: {'num_channels': [512, 512, 512], 'kernel_size': 2, 'dropout': 0.3, 'lr': 0.003, 'weight_decay': 0.01} | Val AUC: 0.8349
[INFO] Config 340/486: {'num_channels': [512, 512, 512], 'kernel_size': 2, 'dropout': 0.3, 'lr': 0.005, 'weight_decay': 0.0001} | Val AUC: 0.8378
[INFO] Config 341/486: {'num_channels': [512, 512, 512], 'kernel_size': 2, 'dropout': 0.3, 'lr': 0.005, 'weight_decay': 0.001} | Val AUC: 0.8366
[INFO] Config 342/486: {'num_channels': [512, 512, 512], 'kernel_size': 2, 'dropout': 0.3, 'lr': 0.005, 'weight_decay': 0.01} | Val AUC: 0.8368
[INFO] Config 343/486: {'num_channels': [512, 512, 512], 'kernel_size': 2, 'dropout': 0.5, 'lr': 0.001, 'weight_decay': 0.0001} | Val AUC: 0.8262
[INFO] Config 344/486: {'num_channels': [512, 512, 512], 'kernel_size': 2, 'dropout': 0.5, 'lr': 0.001, 'weight_decay': 0.001} | Val AUC: 0.8253
[INFO] Config 345/486: {'num_channels': [512, 512, 512], 'kernel_size': 2, 'dropout': 0.5, 'lr': 0.001, 'weight_decay': 0.01} | Val AUC: 0.8243
[INFO] Config 346/486: {'num_channels': [512, 512, 512], 'kernel_size': 2, 'dropout': 0.5, 'lr': 0.003, 'weight_decay': 0.0001} | Val AUC: 0.8338
[INFO] Config 347/486: {'num_channels': [512, 512, 512], 'kernel_size': 2, 'dropout': 0.5, 'lr': 0.003, 'weight_decay': 0.001} | Val AUC: 0.8319
[INFO] Config 348/486: {'num_channels': [512, 512, 512], 'kernel_size': 2, 'dropout': 0.5, 'lr': 0.003, 'weight_decay': 0.01} | Val AUC: 0.8322
[INFO] Config 349/486: {'num_channels': [512, 512, 512], 'kernel_size': 2, 'dropout': 0.5, 'lr': 0.005, 'weight_decay': 0.0001} | Val AUC: 0.8312
[INFO] Config 350/486: {'num_channels': [512, 512, 512], 'kernel_size': 2, 'dropout': 0.5, 'lr': 0.005, 'weight_decay': 0.001} | Val AUC: 0.8340
[INFO] Config 351/486: {'num_channels': [512, 512, 512], 'kernel_size': 2, 'dropout': 0.5, 'lr': 0.005, 'weight_decay': 0.01} | Val AUC: 0.8337
[INFO] Config 352/486: {'num_channels': [512, 512, 512], 'kernel_size': 3, 'dropout': 0.1, 'lr': 0.001, 'weight_decay': 0.0001} | Val AUC: 0.8332
[INFO] Config 353/486: {'num_channels': [512, 512, 512], 'kernel_size': 3, 'dropout': 0.1, 'lr': 0.001, 'weight_decay': 0.001} | Val AUC: 0.8321
[INFO] Config 354/486: {'num_channels': [512, 512, 512], 'kernel_size': 3, 'dropout': 0.1, 'lr': 0.001, 'weight_decay': 0.01} | Val AUC: 0.8319
[INFO] Config 355/486: {'num_channels': [512, 512, 512], 'kernel_size': 3, 'dropout': 0.1, 'lr': 0.003, 'weight_decay': 0.0001} | Val AUC: 0.8323
[INFO] Config 356/486: {'num_channels': [512, 512, 512], 'kernel_size': 3, 'dropout': 0.1, 'lr': 0.003, 'weight_decay': 0.001} | Val AUC: 0.8310
[INFO] Config 357/486: {'num_channels': [512, 512, 512], 'kernel_size': 3, 'dropout': 0.1, 'lr': 0.003, 'weight_decay': 0.01} | Val AUC: 0.8322
[INFO] Config 358/486: {'num_channels': [512, 512, 512], 'kernel_size': 3, 'dropout': 0.1, 'lr': 0.005, 'weight_decay': 0.0001} | Val AUC: 0.8323
[INFO] Config 359/486: {'num_channels': [512, 512, 512], 'kernel_size': 3, 'dropout': 0.1, 'lr': 0.005, 'weight_decay': 0.001} | Val AUC: 0.8287
[INFO] Config 360/486: {'num_channels': [512, 512, 512], 'kernel_size': 3, 'dropout': 0.1, 'lr': 0.005, 'weight_decay': 0.01} | Val AUC: 0.8331
[INFO] Config 361/486: {'num_channels': [512, 512, 512], 'kernel_size': 3, 'dropout': 0.3, 'lr': 0.001, 'weight_decay': 0.0001} | Val AUC: 0.8288
[INFO] Config 362/486: {'num_channels': [512, 512, 512], 'kernel_size': 3, 'dropout': 0.3, 'lr': 0.001, 'weight_decay': 0.001} | Val AUC: 0.8298
[INFO] Config 363/486: {'num_channels': [512, 512, 512], 'kernel_size': 3, 'dropout': 0.3, 'lr': 0.001, 'weight_decay': 0.01} | Val AUC: 0.8277
[INFO] Config 364/486: {'num_channels': [512, 512, 512], 'kernel_size': 3, 'dropout': 0.3, 'lr': 0.003, 'weight_decay': 0.0001} | Val AUC: 0.8311
[INFO] Config 365/486: {'num_channels': [512, 512, 512], 'kernel_size': 3, 'dropout': 0.3, 'lr': 0.003, 'weight_decay': 0.001} | Val AUC: 0.8327
[INFO] Config 366/486: {'num_channels': [512, 512, 512], 'kernel_size': 3, 'dropout': 0.3, 'lr': 0.003, 'weight_decay': 0.01} | Val AUC: 0.8309
[INFO] Config 367/486: {'num_channels': [512, 512, 512], 'kernel_size': 3, 'dropout': 0.3, 'lr': 0.005, 'weight_decay': 0.0001} | Val AUC: 0.8286
[INFO] Config 368/486: {'num_channels': [512, 512, 512], 'kernel_size': 3, 'dropout': 0.3, 'lr': 0.005, 'weight_decay': 0.001} | Val AUC: 0.8272
[INFO] Config 369/486: {'num_channels': [512, 512, 512], 'kernel_size': 3, 'dropout': 0.3, 'lr': 0.005, 'weight_decay': 0.01} | Val AUC: 0.8311
[INFO] Config 370/486: {'num_channels': [512, 512, 512], 'kernel_size': 3, 'dropout': 0.5, 'lr': 0.001, 'weight_decay': 0.0001} | Val AUC: 0.8251
[INFO] Config 371/486: {'num_channels': [512, 512, 512], 'kernel_size': 3, 'dropout': 0.5, 'lr': 0.001, 'weight_decay': 0.001} | Val AUC: 0.8246
[INFO] Config 372/486: {'num_channels': [512, 512, 512], 'kernel_size': 3, 'dropout': 0.5, 'lr': 0.001, 'weight_decay': 0.01} | Val AUC: 0.8250
[INFO] Config 373/486: {'num_channels': [512, 512, 512], 'kernel_size': 3, 'dropout': 0.5, 'lr': 0.003, 'weight_decay': 0.0001} | Val AUC: 0.8298
[INFO] Config 374/486: {'num_channels': [512, 512, 512], 'kernel_size': 3, 'dropout': 0.5, 'lr': 0.003, 'weight_decay': 0.001} | Val AUC: 0.8278
[INFO] Config 375/486: {'num_channels': [512, 512, 512], 'kernel_size': 3, 'dropout': 0.5, 'lr': 0.003, 'weight_decay': 0.01} | Val AUC: 0.8288
[INFO] Config 376/486: {'num_channels': [512, 512, 512], 'kernel_size': 3, 'dropout': 0.5, 'lr': 0.005, 'weight_decay': 0.0001} | Val AUC: 0.8294
[INFO] Config 377/486: {'num_channels': [512, 512, 512], 'kernel_size': 3, 'dropout': 0.5, 'lr': 0.005, 'weight_decay': 0.001} | Val AUC: 0.8242
[INFO] Config 378/486: {'num_channels': [512, 512, 512], 'kernel_size': 3, 'dropout': 0.5, 'lr': 0.005, 'weight_decay': 0.01} | Val AUC: 0.8305
[INFO] Config 379/486: {'num_channels': [512, 512, 512], 'kernel_size': 5, 'dropout': 0.1, 'lr': 0.001, 'weight_decay': 0.0001} | Val AUC: 0.8294
[INFO] Config 380/486: {'num_channels': [512, 512, 512], 'kernel_size': 5, 'dropout': 0.1, 'lr': 0.001, 'weight_decay': 0.001} | Val AUC: 0.8272
[INFO] Config 381/486: {'num_channels': [512, 512, 512], 'kernel_size': 5, 'dropout': 0.1, 'lr': 0.001, 'weight_decay': 0.01} | Val AUC: 0.8250
[INFO] Config 382/486: {'num_channels': [512, 512, 512], 'kernel_size': 5, 'dropout': 0.1, 'lr': 0.003, 'weight_decay': 0.0001} | Val AUC: 0.8292
[INFO] Config 383/486: {'num_channels': [512, 512, 512], 'kernel_size': 5, 'dropout': 0.1, 'lr': 0.003, 'weight_decay': 0.001} | Val AUC: 0.8290
[INFO] Config 384/486: {'num_channels': [512, 512, 512], 'kernel_size': 5, 'dropout': 0.1, 'lr': 0.003, 'weight_decay': 0.01} | Val AUC: 0.8264
[INFO] Config 385/486: {'num_channels': [512, 512, 512], 'kernel_size': 5, 'dropout': 0.1, 'lr': 0.005, 'weight_decay': 0.0001} | Val AUC: 0.8268
[INFO] Config 386/486: {'num_channels': [512, 512, 512], 'kernel_size': 5, 'dropout': 0.1, 'lr': 0.005, 'weight_decay': 0.001} | Val AUC: 0.8292
[INFO] Config 387/486: {'num_channels': [512, 512, 512], 'kernel_size': 5, 'dropout': 0.1, 'lr': 0.005, 'weight_decay': 0.01} | Val AUC: 0.8282
[INFO] Config 388/486: {'num_channels': [512, 512, 512], 'kernel_size': 5, 'dropout': 0.3, 'lr': 0.001, 'weight_decay': 0.0001} | Val AUC: 0.8289
[INFO] Config 389/486: {'num_channels': [512, 512, 512], 'kernel_size': 5, 'dropout': 0.3, 'lr': 0.001, 'weight_decay': 0.001} | Val AUC: 0.8287
[INFO] Config 390/486: {'num_channels': [512, 512, 512], 'kernel_size': 5, 'dropout': 0.3, 'lr': 0.001, 'weight_decay': 0.01} | Val AUC: 0.8225
[INFO] Config 391/486: {'num_channels': [512, 512, 512], 'kernel_size': 5, 'dropout': 0.3, 'lr': 0.003, 'weight_decay': 0.0001} | Val AUC: 0.8220
[INFO] Config 392/486: {'num_channels': [512, 512, 512], 'kernel_size': 5, 'dropout': 0.3, 'lr': 0.003, 'weight_decay': 0.001} | Val AUC: 0.8236
[INFO] Config 393/486: {'num_channels': [512, 512, 512], 'kernel_size': 5, 'dropout': 0.3, 'lr': 0.003, 'weight_decay': 0.01} | Val AUC: 0.8233
[INFO] Config 394/486: {'num_channels': [512, 512, 512], 'kernel_size': 5, 'dropout': 0.3, 'lr': 0.005, 'weight_decay': 0.0001} | Val AUC: 0.8244
[INFO] Config 395/486: {'num_channels': [512, 512, 512], 'kernel_size': 5, 'dropout': 0.3, 'lr': 0.005, 'weight_decay': 0.001} | Val AUC: 0.8172
[INFO] Config 396/486: {'num_channels': [512, 512, 512], 'kernel_size': 5, 'dropout': 0.3, 'lr': 0.005, 'weight_decay': 0.01} | Val AUC: 0.8207
[INFO] Config 397/486: {'num_channels': [512, 512, 512], 'kernel_size': 5, 'dropout': 0.5, 'lr': 0.001, 'weight_decay': 0.0001} | Val AUC: 0.8179
[INFO] Config 398/486: {'num_channels': [512, 512, 512], 'kernel_size': 5, 'dropout': 0.5, 'lr': 0.001, 'weight_decay': 0.001} | Val AUC: 0.8189
[INFO] Config 399/486: {'num_channels': [512, 512, 512], 'kernel_size': 5, 'dropout': 0.5, 'lr': 0.001, 'weight_decay': 0.01} | Val AUC: 0.8193
[INFO] Config 400/486: {'num_channels': [512, 512, 512], 'kernel_size': 5, 'dropout': 0.5, 'lr': 0.003, 'weight_decay': 0.0001} | Val AUC: 0.8187
[INFO] Config 401/486: {'num_channels': [512, 512, 512], 'kernel_size': 5, 'dropout': 0.5, 'lr': 0.003, 'weight_decay': 0.001} | Val AUC: 0.8223
[INFO] Config 402/486: {'num_channels': [512, 512, 512], 'kernel_size': 5, 'dropout': 0.5, 'lr': 0.003, 'weight_decay': 0.01} | Val AUC: 0.8223
[INFO] Config 403/486: {'num_channels': [512, 512, 512], 'kernel_size': 5, 'dropout': 0.5, 'lr': 0.005, 'weight_decay': 0.0001} | Val AUC: 0.8174
[INFO] Config 404/486: {'num_channels': [512, 512, 512], 'kernel_size': 5, 'dropout': 0.5, 'lr': 0.005, 'weight_decay': 0.001} | Val AUC: 0.8183
[INFO] Config 405/486: {'num_channels': [512, 512, 512], 'kernel_size': 5, 'dropout': 0.5, 'lr': 0.005, 'weight_decay': 0.01} | Val AUC: 0.8198
[INFO] Config 406/486: {'num_channels': [512, 1024, 1024], 'kernel_size': 2, 'dropout': 0.1, 'lr': 0.001, 'weight_decay': 0.0001} | Val AUC: 0.8353
[INFO] Config 407/486: {'num_channels': [512, 1024, 1024], 'kernel_size': 2, 'dropout': 0.1, 'lr': 0.001, 'weight_decay': 0.001} | Val AUC: 0.8343
[INFO] Config 408/486: {'num_channels': [512, 1024, 1024], 'kernel_size': 2, 'dropout': 0.1, 'lr': 0.001, 'weight_decay': 0.01} | Val AUC: 0.8384
[INFO] Config 409/486: {'num_channels': [512, 1024, 1024], 'kernel_size': 2, 'dropout': 0.1, 'lr': 0.003, 'weight_decay': 0.0001} | Val AUC: 0.8409
[INFO] Config 410/486: {'num_channels': [512, 1024, 1024], 'kernel_size': 2, 'dropout': 0.1, 'lr': 0.003, 'weight_decay': 0.001} | Val AUC: 0.8365
[INFO] Config 411/486: {'num_channels': [512, 1024, 1024], 'kernel_size': 2, 'dropout': 0.1, 'lr': 0.003, 'weight_decay': 0.01} | Val AUC: 0.8392
[INFO] Config 412/486: {'num_channels': [512, 1024, 1024], 'kernel_size': 2, 'dropout': 0.1, 'lr': 0.005, 'weight_decay': 0.0001} | Val AUC: 0.8382
[INFO] Config 413/486: {'num_channels': [512, 1024, 1024], 'kernel_size': 2, 'dropout': 0.1, 'lr': 0.005, 'weight_decay': 0.001} | Val AUC: 0.8367
[INFO] Config 414/486: {'num_channels': [512, 1024, 1024], 'kernel_size': 2, 'dropout': 0.1, 'lr': 0.005, 'weight_decay': 0.01} | Val AUC: 0.8379
[INFO] Config 415/486: {'num_channels': [512, 1024, 1024], 'kernel_size': 2, 'dropout': 0.3, 'lr': 0.001, 'weight_decay': 0.0001} | Val AUC: 0.8301
[INFO] Config 416/486: {'num_channels': [512, 1024, 1024], 'kernel_size': 2, 'dropout': 0.3, 'lr': 0.001, 'weight_decay': 0.001} | Val AUC: 0.8335
[INFO] Config 417/486: {'num_channels': [512, 1024, 1024], 'kernel_size': 2, 'dropout': 0.3, 'lr': 0.001, 'weight_decay': 0.01} | Val AUC: 0.8321
[INFO] Config 418/486: {'num_channels': [512, 1024, 1024], 'kernel_size': 2, 'dropout': 0.3, 'lr': 0.003, 'weight_decay': 0.0001} | Val AUC: 0.8407
[INFO] Config 419/486: {'num_channels': [512, 1024, 1024], 'kernel_size': 2, 'dropout': 0.3, 'lr': 0.003, 'weight_decay': 0.001} | Val AUC: 0.8365
[INFO] Config 420/486: {'num_channels': [512, 1024, 1024], 'kernel_size': 2, 'dropout': 0.3, 'lr': 0.003, 'weight_decay': 0.01} | Val AUC: 0.8333
[INFO] Config 421/486: {'num_channels': [512, 1024, 1024], 'kernel_size': 2, 'dropout': 0.3, 'lr': 0.005, 'weight_decay': 0.0001} | Val AUC: 0.8385
[INFO] Config 422/486: {'num_channels': [512, 1024, 1024], 'kernel_size': 2, 'dropout': 0.3, 'lr': 0.005, 'weight_decay': 0.001} | Val AUC: 0.8387
[INFO] Config 423/486: {'num_channels': [512, 1024, 1024], 'kernel_size': 2, 'dropout': 0.3, 'lr': 0.005, 'weight_decay': 0.01} | Val AUC: 0.8321
[INFO] Config 424/486: {'num_channels': [512, 1024, 1024], 'kernel_size': 2, 'dropout': 0.5, 'lr': 0.001, 'weight_decay': 0.0001} | Val AUC: 0.8247
[INFO] Config 425/486: {'num_channels': [512, 1024, 1024], 'kernel_size': 2, 'dropout': 0.5, 'lr': 0.001, 'weight_decay': 0.001} | Val AUC: 0.8246
[INFO] Config 426/486: {'num_channels': [512, 1024, 1024], 'kernel_size': 2, 'dropout': 0.5, 'lr': 0.001, 'weight_decay': 0.01} | Val AUC: 0.8259
[INFO] Config 427/486: {'num_channels': [512, 1024, 1024], 'kernel_size': 2, 'dropout': 0.5, 'lr': 0.003, 'weight_decay': 0.0001} | Val AUC: 0.8307
[INFO] Config 428/486: {'num_channels': [512, 1024, 1024], 'kernel_size': 2, 'dropout': 0.5, 'lr': 0.003, 'weight_decay': 0.001} | Val AUC: 0.8302
[INFO] Config 429/486: {'num_channels': [512, 1024, 1024], 'kernel_size': 2, 'dropout': 0.5, 'lr': 0.003, 'weight_decay': 0.01} | Val AUC: 0.8326
[INFO] Config 430/486: {'num_channels': [512, 1024, 1024], 'kernel_size': 2, 'dropout': 0.5, 'lr': 0.005, 'weight_decay': 0.0001} | Val AUC: 0.8307
[INFO] Config 431/486: {'num_channels': [512, 1024, 1024], 'kernel_size': 2, 'dropout': 0.5, 'lr': 0.005, 'weight_decay': 0.001} | Val AUC: 0.8320
[INFO] Config 432/486: {'num_channels': [512, 1024, 1024], 'kernel_size': 2, 'dropout': 0.5, 'lr': 0.005, 'weight_decay': 0.01} | Val AUC: 0.8332
[INFO] Config 433/486: {'num_channels': [512, 1024, 1024], 'kernel_size': 3, 'dropout': 0.1, 'lr': 0.001, 'weight_decay': 0.0001} | Val AUC: 0.8322
[INFO] Config 434/486: {'num_channels': [512, 1024, 1024], 'kernel_size': 3, 'dropout': 0.1, 'lr': 0.001, 'weight_decay': 0.001} | Val AUC: 0.8315
[INFO] Config 435/486: {'num_channels': [512, 1024, 1024], 'kernel_size': 3, 'dropout': 0.1, 'lr': 0.001, 'weight_decay': 0.01} | Val AUC: 0.8280
[INFO] Config 436/486: {'num_channels': [512, 1024, 1024], 'kernel_size': 3, 'dropout': 0.1, 'lr': 0.003, 'weight_decay': 0.0001} | Val AUC: 0.8326
[INFO] Config 437/486: {'num_channels': [512, 1024, 1024], 'kernel_size': 3, 'dropout': 0.1, 'lr': 0.003, 'weight_decay': 0.001} | Val AUC: 0.8296
[INFO] Config 438/486: {'num_channels': [512, 1024, 1024], 'kernel_size': 3, 'dropout': 0.1, 'lr': 0.003, 'weight_decay': 0.01} | Val AUC: 0.8299
[INFO] Config 439/486: {'num_channels': [512, 1024, 1024], 'kernel_size': 3, 'dropout': 0.1, 'lr': 0.005, 'weight_decay': 0.0001} | Val AUC: 0.8301
[INFO] Config 440/486: {'num_channels': [512, 1024, 1024], 'kernel_size': 3, 'dropout': 0.1, 'lr': 0.005, 'weight_decay': 0.001} | Val AUC: 0.8318
[INFO] Config 441/486: {'num_channels': [512, 1024, 1024], 'kernel_size': 3, 'dropout': 0.1, 'lr': 0.005, 'weight_decay': 0.01} | Val AUC: 0.8312
[INFO] Config 442/486: {'num_channels': [512, 1024, 1024], 'kernel_size': 3, 'dropout': 0.3, 'lr': 0.001, 'weight_decay': 0.0001} | Val AUC: 0.8240
[INFO] Config 443/486: {'num_channels': [512, 1024, 1024], 'kernel_size': 3, 'dropout': 0.3, 'lr': 0.001, 'weight_decay': 0.001} | Val AUC: 0.8239
[INFO] Config 444/486: {'num_channels': [512, 1024, 1024], 'kernel_size': 3, 'dropout': 0.3, 'lr': 0.001, 'weight_decay': 0.01} | Val AUC: 0.8225
[INFO] Config 445/486: {'num_channels': [512, 1024, 1024], 'kernel_size': 3, 'dropout': 0.3, 'lr': 0.003, 'weight_decay': 0.0001} | Val AUC: 0.8277
[INFO] Config 446/486: {'num_channels': [512, 1024, 1024], 'kernel_size': 3, 'dropout': 0.3, 'lr': 0.003, 'weight_decay': 0.001} | Val AUC: 0.8313
[INFO] Config 447/486: {'num_channels': [512, 1024, 1024], 'kernel_size': 3, 'dropout': 0.3, 'lr': 0.003, 'weight_decay': 0.01} | Val AUC: 0.8293
[INFO] Config 448/486: {'num_channels': [512, 1024, 1024], 'kernel_size': 3, 'dropout': 0.3, 'lr': 0.005, 'weight_decay': 0.0001} | Val AUC: 0.8264
[INFO] Config 449/486: {'num_channels': [512, 1024, 1024], 'kernel_size': 3, 'dropout': 0.3, 'lr': 0.005, 'weight_decay': 0.001} | Val AUC: 0.8293
[INFO] Config 450/486: {'num_channels': [512, 1024, 1024], 'kernel_size': 3, 'dropout': 0.3, 'lr': 0.005, 'weight_decay': 0.01} | Val AUC: 0.8269
[INFO] Config 451/486: {'num_channels': [512, 1024, 1024], 'kernel_size': 3, 'dropout': 0.5, 'lr': 0.001, 'weight_decay': 0.0001} | Val AUC: 0.8240
[INFO] Config 452/486: {'num_channels': [512, 1024, 1024], 'kernel_size': 3, 'dropout': 0.5, 'lr': 0.001, 'weight_decay': 0.001} | Val AUC: 0.8185
[INFO] Config 453/486: {'num_channels': [512, 1024, 1024], 'kernel_size': 3, 'dropout': 0.5, 'lr': 0.001, 'weight_decay': 0.01} | Val AUC: 0.8190
[INFO] Config 454/486: {'num_channels': [512, 1024, 1024], 'kernel_size': 3, 'dropout': 0.5, 'lr': 0.003, 'weight_decay': 0.0001} | Val AUC: 0.8250
[INFO] Config 455/486: {'num_channels': [512, 1024, 1024], 'kernel_size': 3, 'dropout': 0.5, 'lr': 0.003, 'weight_decay': 0.001} | Val AUC: 0.8265
[INFO] Config 456/486: {'num_channels': [512, 1024, 1024], 'kernel_size': 3, 'dropout': 0.5, 'lr': 0.003, 'weight_decay': 0.01} | Val AUC: 0.8223
[INFO] Config 457/486: {'num_channels': [512, 1024, 1024], 'kernel_size': 3, 'dropout': 0.5, 'lr': 0.005, 'weight_decay': 0.0001} | Val AUC: 0.8227
[INFO] Config 458/486: {'num_channels': [512, 1024, 1024], 'kernel_size': 3, 'dropout': 0.5, 'lr': 0.005, 'weight_decay': 0.001} | Val AUC: 0.8206
[INFO] Config 459/486: {'num_channels': [512, 1024, 1024], 'kernel_size': 3, 'dropout': 0.5, 'lr': 0.005, 'weight_decay': 0.01} | Val AUC: 0.8267
[INFO] Config 460/486: {'num_channels': [512, 1024, 1024], 'kernel_size': 5, 'dropout': 0.1, 'lr': 0.001, 'weight_decay': 0.0001} | Val AUC: 0.8236
[INFO] Config 461/486: {'num_channels': [512, 1024, 1024], 'kernel_size': 5, 'dropout': 0.1, 'lr': 0.001, 'weight_decay': 0.001} | Val AUC: 0.8228
[INFO] Config 462/486: {'num_channels': [512, 1024, 1024], 'kernel_size': 5, 'dropout': 0.1, 'lr': 0.001, 'weight_decay': 0.01} | Val AUC: 0.8230
[INFO] Config 463/486: {'num_channels': [512, 1024, 1024], 'kernel_size': 5, 'dropout': 0.1, 'lr': 0.003, 'weight_decay': 0.0001} | Val AUC: 0.8286
[INFO] Config 464/486: {'num_channels': [512, 1024, 1024], 'kernel_size': 5, 'dropout': 0.1, 'lr': 0.003, 'weight_decay': 0.001} | Val AUC: 0.8288
[INFO] Config 465/486: {'num_channels': [512, 1024, 1024], 'kernel_size': 5, 'dropout': 0.1, 'lr': 0.003, 'weight_decay': 0.01} | Val AUC: 0.8264
[INFO] Config 466/486: {'num_channels': [512, 1024, 1024], 'kernel_size': 5, 'dropout': 0.1, 'lr': 0.005, 'weight_decay': 0.0001} | Val AUC: 0.8227
[INFO] Config 467/486: {'num_channels': [512, 1024, 1024], 'kernel_size': 5, 'dropout': 0.1, 'lr': 0.005, 'weight_decay': 0.001} | Val AUC: 0.8218
[INFO] Config 468/486: {'num_channels': [512, 1024, 1024], 'kernel_size': 5, 'dropout': 0.1, 'lr': 0.005, 'weight_decay': 0.01} | Val AUC: 0.8224
[INFO] Config 469/486: {'num_channels': [512, 1024, 1024], 'kernel_size': 5, 'dropout': 0.3, 'lr': 0.001, 'weight_decay': 0.0001} | Val AUC: 0.8234
[INFO] Config 470/486: {'num_channels': [512, 1024, 1024], 'kernel_size': 5, 'dropout': 0.3, 'lr': 0.001, 'weight_decay': 0.001} | Val AUC: 0.8183
[INFO] Config 471/486: {'num_channels': [512, 1024, 1024], 'kernel_size': 5, 'dropout': 0.3, 'lr': 0.001, 'weight_decay': 0.01} | Val AUC: 0.8198
[INFO] Config 472/486: {'num_channels': [512, 1024, 1024], 'kernel_size': 5, 'dropout': 0.3, 'lr': 0.003, 'weight_decay': 0.0001} | Val AUC: 0.8220
[INFO] Config 473/486: {'num_channels': [512, 1024, 1024], 'kernel_size': 5, 'dropout': 0.3, 'lr': 0.003, 'weight_decay': 0.001} | Val AUC: 0.8246
[INFO] Config 474/486: {'num_channels': [512, 1024, 1024], 'kernel_size': 5, 'dropout': 0.3, 'lr': 0.003, 'weight_decay': 0.01} | Val AUC: 0.8263
[INFO] Config 475/486: {'num_channels': [512, 1024, 1024], 'kernel_size': 5, 'dropout': 0.3, 'lr': 0.005, 'weight_decay': 0.0001} | Val AUC: 0.8244
[INFO] Config 476/486: {'num_channels': [512, 1024, 1024], 'kernel_size': 5, 'dropout': 0.3, 'lr': 0.005, 'weight_decay': 0.001} | Val AUC: 0.8217
[INFO] Config 477/486: {'num_channels': [512, 1024, 1024], 'kernel_size': 5, 'dropout': 0.3, 'lr': 0.005, 'weight_decay': 0.01} | Val AUC: 0.8204
[INFO] Config 478/486: {'num_channels': [512, 1024, 1024], 'kernel_size': 5, 'dropout': 0.5, 'lr': 0.001, 'weight_decay': 0.0001} | Val AUC: 0.8155
[INFO] Config 479/486: {'num_channels': [512, 1024, 1024], 'kernel_size': 5, 'dropout': 0.5, 'lr': 0.001, 'weight_decay': 0.001} | Val AUC: 0.8174
[INFO] Config 480/486: {'num_channels': [512, 1024, 1024], 'kernel_size': 5, 'dropout': 0.5, 'lr': 0.001, 'weight_decay': 0.01} | Val AUC: 0.8168
[INFO] Config 481/486: {'num_channels': [512, 1024, 1024], 'kernel_size': 5, 'dropout': 0.5, 'lr': 0.003, 'weight_decay': 0.0001} | Val AUC: 0.8195
[INFO] Config 482/486: {'num_channels': [512, 1024, 1024], 'kernel_size': 5, 'dropout': 0.5, 'lr': 0.003, 'weight_decay': 0.001} | Val AUC: 0.8206
[INFO] Config 483/486: {'num_channels': [512, 1024, 1024], 'kernel_size': 5, 'dropout': 0.5, 'lr': 0.003, 'weight_decay': 0.01} | Val AUC: 0.8195
[INFO] Config 484/486: {'num_channels': [512, 1024, 1024], 'kernel_size': 5, 'dropout': 0.5, 'lr': 0.005, 'weight_decay': 0.0001} | Val AUC: 0.8197
[INFO] Config 485/486: {'num_channels': [512, 1024, 1024], 'kernel_size': 5, 'dropout': 0.5, 'lr': 0.005, 'weight_decay': 0.001} | Val AUC: 0.8146
[INFO] Config 486/486: {'num_channels': [512, 1024, 1024], 'kernel_size': 5, 'dropout': 0.5, 'lr': 0.005, 'weight_decay': 0.01} | Val AUC: 0.8162
[INFO] Selected Best TCN Config: {'num_channels': [512, 512, 512], 'kernel_size': 2, 'dropout': 0.1, 'lr': 0.003, 'weight_decay': 0.001} (Val AUC: 0.8415)
[INFO] Tuning BetaLikelihood configurations (n_iter=180)...
[INFO] Config 1/180: {'hidden_dim': 128, 'eta': 0.0, 'lr': 0.001, 'weight_decay': 1e-05} | Val AUC: 0.8100
[INFO] Config 2/180: {'hidden_dim': 128, 'eta': 0.0, 'lr': 0.001, 'weight_decay': 0.0001} | Val AUC: 0.8104
[INFO] Config 3/180: {'hidden_dim': 128, 'eta': 0.0, 'lr': 0.001, 'weight_decay': 0.001} | Val AUC: 0.8145
[INFO] Config 4/180: {'hidden_dim': 128, 'eta': 0.0, 'lr': 0.003, 'weight_decay': 1e-05} | Val AUC: 0.8267
[INFO] Config 5/180: {'hidden_dim': 128, 'eta': 0.0, 'lr': 0.003, 'weight_decay': 0.0001} | Val AUC: 0.8264
[INFO] Config 6/180: {'hidden_dim': 128, 'eta': 0.0, 'lr': 0.003, 'weight_decay': 0.001} | Val AUC: 0.8261
[INFO] Config 7/180: {'hidden_dim': 128, 'eta': 0.0, 'lr': 0.005, 'weight_decay': 1e-05} | Val AUC: 0.8302
[INFO] Config 8/180: {'hidden_dim': 128, 'eta': 0.0, 'lr': 0.005, 'weight_decay': 0.0001} | Val AUC: 0.8277
[INFO] Config 9/180: {'hidden_dim': 128, 'eta': 0.0, 'lr': 0.005, 'weight_decay': 0.001} | Val AUC: 0.8320
[INFO] Config 10/180: {'hidden_dim': 128, 'eta': 0.05, 'lr': 0.001, 'weight_decay': 1e-05} | Val AUC: 0.8106
[INFO] Config 11/180: {'hidden_dim': 128, 'eta': 0.05, 'lr': 0.001, 'weight_decay': 0.0001} | Val AUC: 0.8128
[INFO] Config 12/180: {'hidden_dim': 128, 'eta': 0.05, 'lr': 0.001, 'weight_decay': 0.001} | Val AUC: 0.8143
[INFO] Config 13/180: {'hidden_dim': 128, 'eta': 0.05, 'lr': 0.003, 'weight_decay': 1e-05} | Val AUC: 0.8255
[INFO] Config 14/180: {'hidden_dim': 128, 'eta': 0.05, 'lr': 0.003, 'weight_decay': 0.0001} | Val AUC: 0.8286
[INFO] Config 15/180: {'hidden_dim': 128, 'eta': 0.05, 'lr': 0.003, 'weight_decay': 0.001} | Val AUC: 0.8271
[INFO] Config 16/180: {'hidden_dim': 128, 'eta': 0.05, 'lr': 0.005, 'weight_decay': 1e-05} | Val AUC: 0.8292
[INFO] Config 17/180: {'hidden_dim': 128, 'eta': 0.05, 'lr': 0.005, 'weight_decay': 0.0001} | Val AUC: 0.8306
[INFO] Config 18/180: {'hidden_dim': 128, 'eta': 0.05, 'lr': 0.005, 'weight_decay': 0.001} | Val AUC: 0.8300
[INFO] Config 19/180: {'hidden_dim': 128, 'eta': 0.1, 'lr': 0.001, 'weight_decay': 1e-05} | Val AUC: 0.8106
[INFO] Config 20/180: {'hidden_dim': 128, 'eta': 0.1, 'lr': 0.001, 'weight_decay': 0.0001} | Val AUC: 0.8120
[INFO] Config 21/180: {'hidden_dim': 128, 'eta': 0.1, 'lr': 0.001, 'weight_decay': 0.001} | Val AUC: 0.8110
[INFO] Config 22/180: {'hidden_dim': 128, 'eta': 0.1, 'lr': 0.003, 'weight_decay': 1e-05} | Val AUC: 0.8272
[INFO] Config 23/180: {'hidden_dim': 128, 'eta': 0.1, 'lr': 0.003, 'weight_decay': 0.0001} | Val AUC: 0.8264
[INFO] Config 24/180: {'hidden_dim': 128, 'eta': 0.1, 'lr': 0.003, 'weight_decay': 0.001} | Val AUC: 0.8257
[INFO] Config 25/180: {'hidden_dim': 128, 'eta': 0.1, 'lr': 0.005, 'weight_decay': 1e-05} | Val AUC: 0.8306
[INFO] Config 26/180: {'hidden_dim': 128, 'eta': 0.1, 'lr': 0.005, 'weight_decay': 0.0001} | Val AUC: 0.8307
[INFO] Config 27/180: {'hidden_dim': 128, 'eta': 0.1, 'lr': 0.005, 'weight_decay': 0.001} | Val AUC: 0.8316
[INFO] Config 28/180: {'hidden_dim': 128, 'eta': 0.2, 'lr': 0.001, 'weight_decay': 1e-05} | Val AUC: 0.8125
[INFO] Config 29/180: {'hidden_dim': 128, 'eta': 0.2, 'lr': 0.001, 'weight_decay': 0.0001} | Val AUC: 0.8137
[INFO] Config 30/180: {'hidden_dim': 128, 'eta': 0.2, 'lr': 0.001, 'weight_decay': 0.001} | Val AUC: 0.8128
[INFO] Config 31/180: {'hidden_dim': 128, 'eta': 0.2, 'lr': 0.003, 'weight_decay': 1e-05} | Val AUC: 0.8274
[INFO] Config 32/180: {'hidden_dim': 128, 'eta': 0.2, 'lr': 0.003, 'weight_decay': 0.0001} | Val AUC: 0.8272
[INFO] Config 33/180: {'hidden_dim': 128, 'eta': 0.2, 'lr': 0.003, 'weight_decay': 0.001} | Val AUC: 0.8270
[INFO] Config 34/180: {'hidden_dim': 128, 'eta': 0.2, 'lr': 0.005, 'weight_decay': 1e-05} | Val AUC: 0.8321
[INFO] Config 35/180: {'hidden_dim': 128, 'eta': 0.2, 'lr': 0.005, 'weight_decay': 0.0001} | Val AUC: 0.8326
[INFO] Config 36/180: {'hidden_dim': 128, 'eta': 0.2, 'lr': 0.005, 'weight_decay': 0.001} | Val AUC: 0.8319
[INFO] Config 37/180: {'hidden_dim': 128, 'eta': 0.5, 'lr': 0.001, 'weight_decay': 1e-05} | Val AUC: 0.8090
[INFO] Config 38/180: {'hidden_dim': 128, 'eta': 0.5, 'lr': 0.001, 'weight_decay': 0.0001} | Val AUC: 0.8129
[INFO] Config 39/180: {'hidden_dim': 128, 'eta': 0.5, 'lr': 0.001, 'weight_decay': 0.001} | Val AUC: 0.8122
[INFO] Config 40/180: {'hidden_dim': 128, 'eta': 0.5, 'lr': 0.003, 'weight_decay': 1e-05} | Val AUC: 0.8277
[INFO] Config 41/180: {'hidden_dim': 128, 'eta': 0.5, 'lr': 0.003, 'weight_decay': 0.0001} | Val AUC: 0.8291
[INFO] Config 42/180: {'hidden_dim': 128, 'eta': 0.5, 'lr': 0.003, 'weight_decay': 0.001} | Val AUC: 0.8292
[INFO] Config 43/180: {'hidden_dim': 128, 'eta': 0.5, 'lr': 0.005, 'weight_decay': 1e-05} | Val AUC: 0.8330
[INFO] Config 44/180: {'hidden_dim': 128, 'eta': 0.5, 'lr': 0.005, 'weight_decay': 0.0001} | Val AUC: 0.8342
[INFO] Config 45/180: {'hidden_dim': 128, 'eta': 0.5, 'lr': 0.005, 'weight_decay': 0.001} | Val AUC: 0.8331
[INFO] Config 46/180: {'hidden_dim': 256, 'eta': 0.0, 'lr': 0.001, 'weight_decay': 1e-05} | Val AUC: 0.8173
[INFO] Config 47/180: {'hidden_dim': 256, 'eta': 0.0, 'lr': 0.001, 'weight_decay': 0.0001} | Val AUC: 0.8195
[INFO] Config 48/180: {'hidden_dim': 256, 'eta': 0.0, 'lr': 0.001, 'weight_decay': 0.001} | Val AUC: 0.8184
[INFO] Config 49/180: {'hidden_dim': 256, 'eta': 0.0, 'lr': 0.003, 'weight_decay': 1e-05} | Val AUC: 0.8292
[INFO] Config 50/180: {'hidden_dim': 256, 'eta': 0.0, 'lr': 0.003, 'weight_decay': 0.0001} | Val AUC: 0.8295
[INFO] Config 51/180: {'hidden_dim': 256, 'eta': 0.0, 'lr': 0.003, 'weight_decay': 0.001} | Val AUC: 0.8293
[INFO] Config 52/180: {'hidden_dim': 256, 'eta': 0.0, 'lr': 0.005, 'weight_decay': 1e-05} | Val AUC: 0.8337
[INFO] Config 53/180: {'hidden_dim': 256, 'eta': 0.0, 'lr': 0.005, 'weight_decay': 0.0001} | Val AUC: 0.8348
[INFO] Config 54/180: {'hidden_dim': 256, 'eta': 0.0, 'lr': 0.005, 'weight_decay': 0.001} | Val AUC: 0.8307
[INFO] Config 55/180: {'hidden_dim': 256, 'eta': 0.05, 'lr': 0.001, 'weight_decay': 1e-05} | Val AUC: 0.8185
[INFO] Config 56/180: {'hidden_dim': 256, 'eta': 0.05, 'lr': 0.001, 'weight_decay': 0.0001} | Val AUC: 0.8179
[INFO] Config 57/180: {'hidden_dim': 256, 'eta': 0.05, 'lr': 0.001, 'weight_decay': 0.001} | Val AUC: 0.8187
[INFO] Config 58/180: {'hidden_dim': 256, 'eta': 0.05, 'lr': 0.003, 'weight_decay': 1e-05} | Val AUC: 0.8283
[INFO] Config 59/180: {'hidden_dim': 256, 'eta': 0.05, 'lr': 0.003, 'weight_decay': 0.0001} | Val AUC: 0.8296
[INFO] Config 60/180: {'hidden_dim': 256, 'eta': 0.05, 'lr': 0.003, 'weight_decay': 0.001} | Val AUC: 0.8307
[INFO] Config 61/180: {'hidden_dim': 256, 'eta': 0.05, 'lr': 0.005, 'weight_decay': 1e-05} | Val AUC: 0.8321
[INFO] Config 62/180: {'hidden_dim': 256, 'eta': 0.05, 'lr': 0.005, 'weight_decay': 0.0001} | Val AUC: 0.8320
[INFO] Config 63/180: {'hidden_dim': 256, 'eta': 0.05, 'lr': 0.005, 'weight_decay': 0.001} | Val AUC: 0.8344
[INFO] Config 64/180: {'hidden_dim': 256, 'eta': 0.1, 'lr': 0.001, 'weight_decay': 1e-05} | Val AUC: 0.8211
[INFO] Config 65/180: {'hidden_dim': 256, 'eta': 0.1, 'lr': 0.001, 'weight_decay': 0.0001} | Val AUC: 0.8194
[INFO] Config 66/180: {'hidden_dim': 256, 'eta': 0.1, 'lr': 0.001, 'weight_decay': 0.001} | Val AUC: 0.8172
[INFO] Config 67/180: {'hidden_dim': 256, 'eta': 0.1, 'lr': 0.003, 'weight_decay': 1e-05} | Val AUC: 0.8285
[INFO] Config 68/180: {'hidden_dim': 256, 'eta': 0.1, 'lr': 0.003, 'weight_decay': 0.0001} | Val AUC: 0.8312
[INFO] Config 69/180: {'hidden_dim': 256, 'eta': 0.1, 'lr': 0.003, 'weight_decay': 0.001} | Val AUC: 0.8302
[INFO] Config 70/180: {'hidden_dim': 256, 'eta': 0.1, 'lr': 0.005, 'weight_decay': 1e-05} | Val AUC: 0.8332
[INFO] Config 71/180: {'hidden_dim': 256, 'eta': 0.1, 'lr': 0.005, 'weight_decay': 0.0001} | Val AUC: 0.8332
[INFO] Config 72/180: {'hidden_dim': 256, 'eta': 0.1, 'lr': 0.005, 'weight_decay': 0.001} | Val AUC: 0.8335
[INFO] Config 73/180: {'hidden_dim': 256, 'eta': 0.2, 'lr': 0.001, 'weight_decay': 1e-05} | Val AUC: 0.8202
[INFO] Config 74/180: {'hidden_dim': 256, 'eta': 0.2, 'lr': 0.001, 'weight_decay': 0.0001} | Val AUC: 0.8179
[INFO] Config 75/180: {'hidden_dim': 256, 'eta': 0.2, 'lr': 0.001, 'weight_decay': 0.001} | Val AUC: 0.8195
[INFO] Config 76/180: {'hidden_dim': 256, 'eta': 0.2, 'lr': 0.003, 'weight_decay': 1e-05} | Val AUC: 0.8316
[INFO] Config 77/180: {'hidden_dim': 256, 'eta': 0.2, 'lr': 0.003, 'weight_decay': 0.0001} | Val AUC: 0.8310
[INFO] Config 78/180: {'hidden_dim': 256, 'eta': 0.2, 'lr': 0.003, 'weight_decay': 0.001} | Val AUC: 0.8319
[INFO] Config 79/180: {'hidden_dim': 256, 'eta': 0.2, 'lr': 0.005, 'weight_decay': 1e-05} | Val AUC: 0.8336
[INFO] Config 80/180: {'hidden_dim': 256, 'eta': 0.2, 'lr': 0.005, 'weight_decay': 0.0001} | Val AUC: 0.8345
[INFO] Config 81/180: {'hidden_dim': 256, 'eta': 0.2, 'lr': 0.005, 'weight_decay': 0.001} | Val AUC: 0.8344
[INFO] Config 82/180: {'hidden_dim': 256, 'eta': 0.5, 'lr': 0.001, 'weight_decay': 1e-05} | Val AUC: 0.8186
[INFO] Config 83/180: {'hidden_dim': 256, 'eta': 0.5, 'lr': 0.001, 'weight_decay': 0.0001} | Val AUC: 0.8168
[INFO] Config 84/180: {'hidden_dim': 256, 'eta': 0.5, 'lr': 0.001, 'weight_decay': 0.001} | Val AUC: 0.8172
[INFO] Config 85/180: {'hidden_dim': 256, 'eta': 0.5, 'lr': 0.003, 'weight_decay': 1e-05} | Val AUC: 0.8327
[INFO] Config 86/180: {'hidden_dim': 256, 'eta': 0.5, 'lr': 0.003, 'weight_decay': 0.0001} | Val AUC: 0.8320
[INFO] Config 87/180: {'hidden_dim': 256, 'eta': 0.5, 'lr': 0.003, 'weight_decay': 0.001} | Val AUC: 0.8317
[INFO] Config 88/180: {'hidden_dim': 256, 'eta': 0.5, 'lr': 0.005, 'weight_decay': 1e-05} | Val AUC: 0.8347
[INFO] Config 89/180: {'hidden_dim': 256, 'eta': 0.5, 'lr': 0.005, 'weight_decay': 0.0001} | Val AUC: 0.8338
[INFO] Config 90/180: {'hidden_dim': 256, 'eta': 0.5, 'lr': 0.005, 'weight_decay': 0.001} | Val AUC: 0.8350
[INFO] Config 91/180: {'hidden_dim': 512, 'eta': 0.0, 'lr': 0.001, 'weight_decay': 1e-05} | Val AUC: 0.8239
[INFO] Config 92/180: {'hidden_dim': 512, 'eta': 0.0, 'lr': 0.001, 'weight_decay': 0.0001} | Val AUC: 0.8229
[INFO] Config 93/180: {'hidden_dim': 512, 'eta': 0.0, 'lr': 0.001, 'weight_decay': 0.001} | Val AUC: 0.8234
[INFO] Config 94/180: {'hidden_dim': 512, 'eta': 0.0, 'lr': 0.003, 'weight_decay': 1e-05} | Val AUC: 0.8291
[INFO] Config 95/180: {'hidden_dim': 512, 'eta': 0.0, 'lr': 0.003, 'weight_decay': 0.0001} | Val AUC: 0.8294
[INFO] Config 96/180: {'hidden_dim': 512, 'eta': 0.0, 'lr': 0.003, 'weight_decay': 0.001} | Val AUC: 0.8304
[INFO] Config 97/180: {'hidden_dim': 512, 'eta': 0.0, 'lr': 0.005, 'weight_decay': 1e-05} | Val AUC: 0.8308
[INFO] Config 98/180: {'hidden_dim': 512, 'eta': 0.0, 'lr': 0.005, 'weight_decay': 0.0001} | Val AUC: 0.8298
[INFO] Config 99/180: {'hidden_dim': 512, 'eta': 0.0, 'lr': 0.005, 'weight_decay': 0.001} | Val AUC: 0.8302
[INFO] Config 100/180: {'hidden_dim': 512, 'eta': 0.05, 'lr': 0.001, 'weight_decay': 1e-05} | Val AUC: 0.8237
[INFO] Config 101/180: {'hidden_dim': 512, 'eta': 0.05, 'lr': 0.001, 'weight_decay': 0.0001} | Val AUC: 0.8218
[INFO] Config 102/180: {'hidden_dim': 512, 'eta': 0.05, 'lr': 0.001, 'weight_decay': 0.001} | Val AUC: 0.8234
[INFO] Config 103/180: {'hidden_dim': 512, 'eta': 0.05, 'lr': 0.003, 'weight_decay': 1e-05} | Val AUC: 0.8298
[INFO] Config 104/180: {'hidden_dim': 512, 'eta': 0.05, 'lr': 0.003, 'weight_decay': 0.0001} | Val AUC: 0.8321
[INFO] Config 105/180: {'hidden_dim': 512, 'eta': 0.05, 'lr': 0.003, 'weight_decay': 0.001} | Val AUC: 0.8301
[INFO] Config 106/180: {'hidden_dim': 512, 'eta': 0.05, 'lr': 0.005, 'weight_decay': 1e-05} | Val AUC: 0.8297
[INFO] Config 107/180: {'hidden_dim': 512, 'eta': 0.05, 'lr': 0.005, 'weight_decay': 0.0001} | Val AUC: 0.8319
[INFO] Config 108/180: {'hidden_dim': 512, 'eta': 0.05, 'lr': 0.005, 'weight_decay': 0.001} | Val AUC: 0.8298
[INFO] Config 109/180: {'hidden_dim': 512, 'eta': 0.1, 'lr': 0.001, 'weight_decay': 1e-05} | Val AUC: 0.8241
[INFO] Config 110/180: {'hidden_dim': 512, 'eta': 0.1, 'lr': 0.001, 'weight_decay': 0.0001} | Val AUC: 0.8236
[INFO] Config 111/180: {'hidden_dim': 512, 'eta': 0.1, 'lr': 0.001, 'weight_decay': 0.001} | Val AUC: 0.8247
[INFO] Config 112/180: {'hidden_dim': 512, 'eta': 0.1, 'lr': 0.003, 'weight_decay': 1e-05} | Val AUC: 0.8301
[INFO] Config 113/180: {'hidden_dim': 512, 'eta': 0.1, 'lr': 0.003, 'weight_decay': 0.0001} | Val AUC: 0.8313
[INFO] Config 114/180: {'hidden_dim': 512, 'eta': 0.1, 'lr': 0.003, 'weight_decay': 0.001} | Val AUC: 0.8303
[INFO] Config 115/180: {'hidden_dim': 512, 'eta': 0.1, 'lr': 0.005, 'weight_decay': 1e-05} | Val AUC: 0.8301
[INFO] Config 116/180: {'hidden_dim': 512, 'eta': 0.1, 'lr': 0.005, 'weight_decay': 0.0001} | Val AUC: 0.8307
[INFO] Config 117/180: {'hidden_dim': 512, 'eta': 0.1, 'lr': 0.005, 'weight_decay': 0.001} | Val AUC: 0.8309
[INFO] Config 118/180: {'hidden_dim': 512, 'eta': 0.2, 'lr': 0.001, 'weight_decay': 1e-05} | Val AUC: 0.8236
[INFO] Config 119/180: {'hidden_dim': 512, 'eta': 0.2, 'lr': 0.001, 'weight_decay': 0.0001} | Val AUC: 0.8239
[INFO] Config 120/180: {'hidden_dim': 512, 'eta': 0.2, 'lr': 0.001, 'weight_decay': 0.001} | Val AUC: 0.8230
[INFO] Config 121/180: {'hidden_dim': 512, 'eta': 0.2, 'lr': 0.003, 'weight_decay': 1e-05} | Val AUC: 0.8329
[INFO] Config 122/180: {'hidden_dim': 512, 'eta': 0.2, 'lr': 0.003, 'weight_decay': 0.0001} | Val AUC: 0.8301
[INFO] Config 123/180: {'hidden_dim': 512, 'eta': 0.2, 'lr': 0.003, 'weight_decay': 0.001} | Val AUC: 0.8317
[INFO] Config 124/180: {'hidden_dim': 512, 'eta': 0.2, 'lr': 0.005, 'weight_decay': 1e-05} | Val AUC: 0.8305
[INFO] Config 125/180: {'hidden_dim': 512, 'eta': 0.2, 'lr': 0.005, 'weight_decay': 0.0001} | Val AUC: 0.8328
[INFO] Config 126/180: {'hidden_dim': 512, 'eta': 0.2, 'lr': 0.005, 'weight_decay': 0.001} | Val AUC: 0.8295
[INFO] Config 127/180: {'hidden_dim': 512, 'eta': 0.5, 'lr': 0.001, 'weight_decay': 1e-05} | Val AUC: 0.8235
[INFO] Config 128/180: {'hidden_dim': 512, 'eta': 0.5, 'lr': 0.001, 'weight_decay': 0.0001} | Val AUC: 0.8226
[INFO] Config 129/180: {'hidden_dim': 512, 'eta': 0.5, 'lr': 0.001, 'weight_decay': 0.001} | Val AUC: 0.8225
[INFO] Config 130/180: {'hidden_dim': 512, 'eta': 0.5, 'lr': 0.003, 'weight_decay': 1e-05} | Val AUC: 0.8322
[INFO] Config 131/180: {'hidden_dim': 512, 'eta': 0.5, 'lr': 0.003, 'weight_decay': 0.0001} | Val AUC: 0.8330
[INFO] Config 132/180: {'hidden_dim': 512, 'eta': 0.5, 'lr': 0.003, 'weight_decay': 0.001} | Val AUC: 0.8330
[INFO] Config 133/180: {'hidden_dim': 512, 'eta': 0.5, 'lr': 0.005, 'weight_decay': 1e-05} | Val AUC: 0.8361
[INFO] Config 134/180: {'hidden_dim': 512, 'eta': 0.5, 'lr': 0.005, 'weight_decay': 0.0001} | Val AUC: 0.8341
[INFO] Config 135/180: {'hidden_dim': 512, 'eta': 0.5, 'lr': 0.005, 'weight_decay': 0.001} | Val AUC: 0.8325
[INFO] Config 136/180: {'hidden_dim': 1024, 'eta': 0.0, 'lr': 0.001, 'weight_decay': 1e-05} | Val AUC: 0.8243
[INFO] Config 137/180: {'hidden_dim': 1024, 'eta': 0.0, 'lr': 0.001, 'weight_decay': 0.0001} | Val AUC: 0.8240
[INFO] Config 138/180: {'hidden_dim': 1024, 'eta': 0.0, 'lr': 0.001, 'weight_decay': 0.001} | Val AUC: 0.8250
[INFO] Config 139/180: {'hidden_dim': 1024, 'eta': 0.0, 'lr': 0.003, 'weight_decay': 1e-05} | Val AUC: 0.8250
[INFO] Config 140/180: {'hidden_dim': 1024, 'eta': 0.0, 'lr': 0.003, 'weight_decay': 0.0001} | Val AUC: 0.8240
[INFO] Config 141/180: {'hidden_dim': 1024, 'eta': 0.0, 'lr': 0.003, 'weight_decay': 0.001} | Val AUC: 0.8233
[INFO] Config 142/180: {'hidden_dim': 1024, 'eta': 0.0, 'lr': 0.005, 'weight_decay': 1e-05} | Val AUC: 0.5000
[INFO] Config 143/180: {'hidden_dim': 1024, 'eta': 0.0, 'lr': 0.005, 'weight_decay': 0.0001} | Val AUC: 0.5000
[INFO] Config 144/180: {'hidden_dim': 1024, 'eta': 0.0, 'lr': 0.005, 'weight_decay': 0.001} | Val AUC: 0.5308
[INFO] Config 145/180: {'hidden_dim': 1024, 'eta': 0.05, 'lr': 0.001, 'weight_decay': 1e-05} | Val AUC: 0.8258
[INFO] Config 146/180: {'hidden_dim': 1024, 'eta': 0.05, 'lr': 0.001, 'weight_decay': 0.0001} | Val AUC: 0.8243
[INFO] Config 147/180: {'hidden_dim': 1024, 'eta': 0.05, 'lr': 0.001, 'weight_decay': 0.001} | Val AUC: 0.8243
[INFO] Config 148/180: {'hidden_dim': 1024, 'eta': 0.05, 'lr': 0.003, 'weight_decay': 1e-05} | Val AUC: 0.8257
[INFO] Config 149/180: {'hidden_dim': 1024, 'eta': 0.05, 'lr': 0.003, 'weight_decay': 0.0001} | Val AUC: 0.8231
[INFO] Config 150/180: {'hidden_dim': 1024, 'eta': 0.05, 'lr': 0.003, 'weight_decay': 0.001} | Val AUC: 0.8284
[INFO] Config 151/180: {'hidden_dim': 1024, 'eta': 0.05, 'lr': 0.005, 'weight_decay': 1e-05} | Val AUC: 0.5000
[INFO] Config 152/180: {'hidden_dim': 1024, 'eta': 0.05, 'lr': 0.005, 'weight_decay': 0.0001} | Val AUC: 0.8233
[INFO] Config 153/180: {'hidden_dim': 1024, 'eta': 0.05, 'lr': 0.005, 'weight_decay': 0.001} | Val AUC: 0.8238
[INFO] Config 154/180: {'hidden_dim': 1024, 'eta': 0.1, 'lr': 0.001, 'weight_decay': 1e-05} | Val AUC: 0.8257
[INFO] Config 155/180: {'hidden_dim': 1024, 'eta': 0.1, 'lr': 0.001, 'weight_decay': 0.0001} | Val AUC: 0.8256
[INFO] Config 156/180: {'hidden_dim': 1024, 'eta': 0.1, 'lr': 0.001, 'weight_decay': 0.001} | Val AUC: 0.8245
[INFO] Config 157/180: {'hidden_dim': 1024, 'eta': 0.1, 'lr': 0.003, 'weight_decay': 1e-05} | Val AUC: 0.8234
[INFO] Config 158/180: {'hidden_dim': 1024, 'eta': 0.1, 'lr': 0.003, 'weight_decay': 0.0001} | Val AUC: 0.8259
[INFO] Config 159/180: {'hidden_dim': 1024, 'eta': 0.1, 'lr': 0.003, 'weight_decay': 0.001} | Val AUC: 0.8243
[INFO] Config 160/180: {'hidden_dim': 1024, 'eta': 0.1, 'lr': 0.005, 'weight_decay': 1e-05} | Val AUC: 0.5000
[INFO] Config 161/180: {'hidden_dim': 1024, 'eta': 0.1, 'lr': 0.005, 'weight_decay': 0.0001} | Val AUC: 0.8262
[INFO] Config 162/180: {'hidden_dim': 1024, 'eta': 0.1, 'lr': 0.005, 'weight_decay': 0.001} | Val AUC: 0.5000
[INFO] Config 163/180: {'hidden_dim': 1024, 'eta': 0.2, 'lr': 0.001, 'weight_decay': 1e-05} | Val AUC: 0.8264
[INFO] Config 164/180: {'hidden_dim': 1024, 'eta': 0.2, 'lr': 0.001, 'weight_decay': 0.0001} | Val AUC: 0.8242
[INFO] Config 165/180: {'hidden_dim': 1024, 'eta': 0.2, 'lr': 0.001, 'weight_decay': 0.001} | Val AUC: 0.8263
[INFO] Config 166/180: {'hidden_dim': 1024, 'eta': 0.2, 'lr': 0.003, 'weight_decay': 1e-05} | Val AUC: 0.8298
[INFO] Config 167/180: {'hidden_dim': 1024, 'eta': 0.2, 'lr': 0.003, 'weight_decay': 0.0001} | Val AUC: 0.8253
[INFO] Config 168/180: {'hidden_dim': 1024, 'eta': 0.2, 'lr': 0.003, 'weight_decay': 0.001} | Val AUC: 0.8242
[INFO] Config 169/180: {'hidden_dim': 1024, 'eta': 0.2, 'lr': 0.005, 'weight_decay': 1e-05} | Val AUC: 0.8194
[INFO] Config 170/180: {'hidden_dim': 1024, 'eta': 0.2, 'lr': 0.005, 'weight_decay': 0.0001} | Val AUC: 0.5000
[INFO] Config 171/180: {'hidden_dim': 1024, 'eta': 0.2, 'lr': 0.005, 'weight_decay': 0.001} | Val AUC: 0.8186
[INFO] Config 172/180: {'hidden_dim': 1024, 'eta': 0.5, 'lr': 0.001, 'weight_decay': 1e-05} | Val AUC: 0.8259
[INFO] Config 173/180: {'hidden_dim': 1024, 'eta': 0.5, 'lr': 0.001, 'weight_decay': 0.0001} | Val AUC: 0.8258
[INFO] Config 174/180: {'hidden_dim': 1024, 'eta': 0.5, 'lr': 0.001, 'weight_decay': 0.001} | Val AUC: 0.8264
[INFO] Config 175/180: {'hidden_dim': 1024, 'eta': 0.5, 'lr': 0.003, 'weight_decay': 1e-05} | Val AUC: 0.8280
[INFO] Config 176/180: {'hidden_dim': 1024, 'eta': 0.5, 'lr': 0.003, 'weight_decay': 0.0001} | Val AUC: 0.8297
[INFO] Config 177/180: {'hidden_dim': 1024, 'eta': 0.5, 'lr': 0.003, 'weight_decay': 0.001} | Val AUC: 0.8304
[INFO] Config 178/180: {'hidden_dim': 1024, 'eta': 0.5, 'lr': 0.005, 'weight_decay': 1e-05} | Val AUC: 0.8267
[INFO] Config 179/180: {'hidden_dim': 1024, 'eta': 0.5, 'lr': 0.005, 'weight_decay': 0.0001} | Val AUC: 0.8249
[INFO] Config 180/180: {'hidden_dim': 1024, 'eta': 0.5, 'lr': 0.005, 'weight_decay': 0.001} | Val AUC: 0.8293
[INFO] Selected Best BetaLikelihood Config: {'hidden_dim': 512, 'eta': 0.5, 'lr': 0.005, 'weight_decay': 1e-05} (Val AUC: 0.8361)
[INFO] Saved checkpoint for Fold 3/5 to research/outputs/experiments_v2/advanced_tournament_checkpoint.pth
[INFO] --- FOLD 4/5 ---
[INFO] Tuning BiGRU configurations (n_iter=324)...
[INFO] Config 1/324: {'hidden_dim': 64, 'num_layers': 1, 'dropout': 0.1, 'lr': 0.001, 'weight_decay': 1e-05} | Val AUC: 0.8320
[INFO] Config 2/324: {'hidden_dim': 64, 'num_layers': 1, 'dropout': 0.1, 'lr': 0.001, 'weight_decay': 0.0001} | Val AUC: 0.8299
[INFO] Config 3/324: {'hidden_dim': 64, 'num_layers': 1, 'dropout': 0.1, 'lr': 0.001, 'weight_decay': 0.001} | Val AUC: 0.8303
[INFO] Config 4/324: {'hidden_dim': 64, 'num_layers': 1, 'dropout': 0.1, 'lr': 0.003, 'weight_decay': 1e-05} | Val AUC: 0.8522
[INFO] Config 5/324: {'hidden_dim': 64, 'num_layers': 1, 'dropout': 0.1, 'lr': 0.003, 'weight_decay': 0.0001} | Val AUC: 0.8475
[INFO] Config 6/324: {'hidden_dim': 64, 'num_layers': 1, 'dropout': 0.1, 'lr': 0.003, 'weight_decay': 0.001} | Val AUC: 0.8508
[INFO] Config 7/324: {'hidden_dim': 64, 'num_layers': 1, 'dropout': 0.1, 'lr': 0.005, 'weight_decay': 1e-05} | Val AUC: 0.8519
[INFO] Config 8/324: {'hidden_dim': 64, 'num_layers': 1, 'dropout': 0.1, 'lr': 0.005, 'weight_decay': 0.0001} | Val AUC: 0.8525
[INFO] Config 9/324: {'hidden_dim': 64, 'num_layers': 1, 'dropout': 0.1, 'lr': 0.005, 'weight_decay': 0.001} | Val AUC: 0.8549
[INFO] Config 10/324: {'hidden_dim': 64, 'num_layers': 1, 'dropout': 0.3, 'lr': 0.001, 'weight_decay': 1e-05} | Val AUC: 0.8328
[INFO] Config 11/324: {'hidden_dim': 64, 'num_layers': 1, 'dropout': 0.3, 'lr': 0.001, 'weight_decay': 0.0001} | Val AUC: 0.8309
[INFO] Config 12/324: {'hidden_dim': 64, 'num_layers': 1, 'dropout': 0.3, 'lr': 0.001, 'weight_decay': 0.001} | Val AUC: 0.8337
[INFO] Config 13/324: {'hidden_dim': 64, 'num_layers': 1, 'dropout': 0.3, 'lr': 0.003, 'weight_decay': 1e-05} | Val AUC: 0.8516
[INFO] Config 14/324: {'hidden_dim': 64, 'num_layers': 1, 'dropout': 0.3, 'lr': 0.003, 'weight_decay': 0.0001} | Val AUC: 0.8502
[INFO] Config 15/324: {'hidden_dim': 64, 'num_layers': 1, 'dropout': 0.3, 'lr': 0.003, 'weight_decay': 0.001} | Val AUC: 0.8500
[INFO] Config 16/324: {'hidden_dim': 64, 'num_layers': 1, 'dropout': 0.3, 'lr': 0.005, 'weight_decay': 1e-05} | Val AUC: 0.8545
[INFO] Config 17/324: {'hidden_dim': 64, 'num_layers': 1, 'dropout': 0.3, 'lr': 0.005, 'weight_decay': 0.0001} | Val AUC: 0.8545
[INFO] Config 18/324: {'hidden_dim': 64, 'num_layers': 1, 'dropout': 0.3, 'lr': 0.005, 'weight_decay': 0.001} | Val AUC: 0.8545
[INFO] Config 19/324: {'hidden_dim': 64, 'num_layers': 1, 'dropout': 0.5, 'lr': 0.001, 'weight_decay': 1e-05} | Val AUC: 0.8328
[INFO] Config 20/324: {'hidden_dim': 64, 'num_layers': 1, 'dropout': 0.5, 'lr': 0.001, 'weight_decay': 0.0001} | Val AUC: 0.8352
[INFO] Config 21/324: {'hidden_dim': 64, 'num_layers': 1, 'dropout': 0.5, 'lr': 0.001, 'weight_decay': 0.001} | Val AUC: 0.8320
[INFO] Config 22/324: {'hidden_dim': 64, 'num_layers': 1, 'dropout': 0.5, 'lr': 0.003, 'weight_decay': 1e-05} | Val AUC: 0.8510
[INFO] Config 23/324: {'hidden_dim': 64, 'num_layers': 1, 'dropout': 0.5, 'lr': 0.003, 'weight_decay': 0.0001} | Val AUC: 0.8521
[INFO] Config 24/324: {'hidden_dim': 64, 'num_layers': 1, 'dropout': 0.5, 'lr': 0.003, 'weight_decay': 0.001} | Val AUC: 0.8499
[INFO] Config 25/324: {'hidden_dim': 64, 'num_layers': 1, 'dropout': 0.5, 'lr': 0.005, 'weight_decay': 1e-05} | Val AUC: 0.8544
[INFO] Config 26/324: {'hidden_dim': 64, 'num_layers': 1, 'dropout': 0.5, 'lr': 0.005, 'weight_decay': 0.0001} | Val AUC: 0.8509
[INFO] Config 27/324: {'hidden_dim': 64, 'num_layers': 1, 'dropout': 0.5, 'lr': 0.005, 'weight_decay': 0.001} | Val AUC: 0.8580
[INFO] Config 28/324: {'hidden_dim': 64, 'num_layers': 2, 'dropout': 0.1, 'lr': 0.001, 'weight_decay': 1e-05} | Val AUC: 0.8400
[INFO] Config 29/324: {'hidden_dim': 64, 'num_layers': 2, 'dropout': 0.1, 'lr': 0.001, 'weight_decay': 0.0001} | Val AUC: 0.8425
[INFO] Config 30/324: {'hidden_dim': 64, 'num_layers': 2, 'dropout': 0.1, 'lr': 0.001, 'weight_decay': 0.001} | Val AUC: 0.8405
[INFO] Config 31/324: {'hidden_dim': 64, 'num_layers': 2, 'dropout': 0.1, 'lr': 0.003, 'weight_decay': 1e-05} | Val AUC: 0.8497
[INFO] Config 32/324: {'hidden_dim': 64, 'num_layers': 2, 'dropout': 0.1, 'lr': 0.003, 'weight_decay': 0.0001} | Val AUC: 0.8494
[INFO] Config 33/324: {'hidden_dim': 64, 'num_layers': 2, 'dropout': 0.1, 'lr': 0.003, 'weight_decay': 0.001} | Val AUC: 0.8509
[INFO] Config 34/324: {'hidden_dim': 64, 'num_layers': 2, 'dropout': 0.1, 'lr': 0.005, 'weight_decay': 1e-05} | Val AUC: 0.8521
[INFO] Config 35/324: {'hidden_dim': 64, 'num_layers': 2, 'dropout': 0.1, 'lr': 0.005, 'weight_decay': 0.0001} | Val AUC: 0.8544
[INFO] Config 36/324: {'hidden_dim': 64, 'num_layers': 2, 'dropout': 0.1, 'lr': 0.005, 'weight_decay': 0.001} | Val AUC: 0.8521
[INFO] Config 37/324: {'hidden_dim': 64, 'num_layers': 2, 'dropout': 0.3, 'lr': 0.001, 'weight_decay': 1e-05} | Val AUC: 0.8394
[INFO] Config 38/324: {'hidden_dim': 64, 'num_layers': 2, 'dropout': 0.3, 'lr': 0.001, 'weight_decay': 0.0001} | Val AUC: 0.8363
[INFO] Config 39/324: {'hidden_dim': 64, 'num_layers': 2, 'dropout': 0.3, 'lr': 0.001, 'weight_decay': 0.001} | Val AUC: 0.8373
[INFO] Config 40/324: {'hidden_dim': 64, 'num_layers': 2, 'dropout': 0.3, 'lr': 0.003, 'weight_decay': 1e-05} | Val AUC: 0.8482
[INFO] Config 41/324: {'hidden_dim': 64, 'num_layers': 2, 'dropout': 0.3, 'lr': 0.003, 'weight_decay': 0.0001} | Val AUC: 0.8464
[INFO] Config 42/324: {'hidden_dim': 64, 'num_layers': 2, 'dropout': 0.3, 'lr': 0.003, 'weight_decay': 0.001} | Val AUC: 0.8464
[INFO] Config 43/324: {'hidden_dim': 64, 'num_layers': 2, 'dropout': 0.3, 'lr': 0.005, 'weight_decay': 1e-05} | Val AUC: 0.8488
[INFO] Config 44/324: {'hidden_dim': 64, 'num_layers': 2, 'dropout': 0.3, 'lr': 0.005, 'weight_decay': 0.0001} | Val AUC: 0.8494
[INFO] Config 45/324: {'hidden_dim': 64, 'num_layers': 2, 'dropout': 0.3, 'lr': 0.005, 'weight_decay': 0.001} | Val AUC: 0.8483
[INFO] Config 46/324: {'hidden_dim': 64, 'num_layers': 2, 'dropout': 0.5, 'lr': 0.001, 'weight_decay': 1e-05} | Val AUC: 0.8304
[INFO] Config 47/324: {'hidden_dim': 64, 'num_layers': 2, 'dropout': 0.5, 'lr': 0.001, 'weight_decay': 0.0001} | Val AUC: 0.8299
[INFO] Config 48/324: {'hidden_dim': 64, 'num_layers': 2, 'dropout': 0.5, 'lr': 0.001, 'weight_decay': 0.001} | Val AUC: 0.8324
[INFO] Config 49/324: {'hidden_dim': 64, 'num_layers': 2, 'dropout': 0.5, 'lr': 0.003, 'weight_decay': 1e-05} | Val AUC: 0.8468
[INFO] Config 50/324: {'hidden_dim': 64, 'num_layers': 2, 'dropout': 0.5, 'lr': 0.003, 'weight_decay': 0.0001} | Val AUC: 0.8422
[INFO] Config 51/324: {'hidden_dim': 64, 'num_layers': 2, 'dropout': 0.5, 'lr': 0.003, 'weight_decay': 0.001} | Val AUC: 0.8471
[INFO] Config 52/324: {'hidden_dim': 64, 'num_layers': 2, 'dropout': 0.5, 'lr': 0.005, 'weight_decay': 1e-05} | Val AUC: 0.8462
[INFO] Config 53/324: {'hidden_dim': 64, 'num_layers': 2, 'dropout': 0.5, 'lr': 0.005, 'weight_decay': 0.0001} | Val AUC: 0.8478
[INFO] Config 54/324: {'hidden_dim': 64, 'num_layers': 2, 'dropout': 0.5, 'lr': 0.005, 'weight_decay': 0.001} | Val AUC: 0.8443
[INFO] Config 55/324: {'hidden_dim': 64, 'num_layers': 3, 'dropout': 0.1, 'lr': 0.001, 'weight_decay': 1e-05} | Val AUC: 0.8361
[INFO] Config 56/324: {'hidden_dim': 64, 'num_layers': 3, 'dropout': 0.1, 'lr': 0.001, 'weight_decay': 0.0001} | Val AUC: 0.8400
[INFO] Config 57/324: {'hidden_dim': 64, 'num_layers': 3, 'dropout': 0.1, 'lr': 0.001, 'weight_decay': 0.001} | Val AUC: 0.8375
[INFO] Config 58/324: {'hidden_dim': 64, 'num_layers': 3, 'dropout': 0.1, 'lr': 0.003, 'weight_decay': 1e-05} | Val AUC: 0.8488
[INFO] Config 59/324: {'hidden_dim': 64, 'num_layers': 3, 'dropout': 0.1, 'lr': 0.003, 'weight_decay': 0.0001} | Val AUC: 0.8476
[INFO] Config 60/324: {'hidden_dim': 64, 'num_layers': 3, 'dropout': 0.1, 'lr': 0.003, 'weight_decay': 0.001} | Val AUC: 0.8504
[INFO] Config 61/324: {'hidden_dim': 64, 'num_layers': 3, 'dropout': 0.1, 'lr': 0.005, 'weight_decay': 1e-05} | Val AUC: 0.8507
[INFO] Config 62/324: {'hidden_dim': 64, 'num_layers': 3, 'dropout': 0.1, 'lr': 0.005, 'weight_decay': 0.0001} | Val AUC: 0.8489
[INFO] Config 63/324: {'hidden_dim': 64, 'num_layers': 3, 'dropout': 0.1, 'lr': 0.005, 'weight_decay': 0.001} | Val AUC: 0.8508
[INFO] Config 64/324: {'hidden_dim': 64, 'num_layers': 3, 'dropout': 0.3, 'lr': 0.001, 'weight_decay': 1e-05} | Val AUC: 0.8346
[INFO] Config 65/324: {'hidden_dim': 64, 'num_layers': 3, 'dropout': 0.3, 'lr': 0.001, 'weight_decay': 0.0001} | Val AUC: 0.8345
[INFO] Config 66/324: {'hidden_dim': 64, 'num_layers': 3, 'dropout': 0.3, 'lr': 0.001, 'weight_decay': 0.001} | Val AUC: 0.8315
[INFO] Config 67/324: {'hidden_dim': 64, 'num_layers': 3, 'dropout': 0.3, 'lr': 0.003, 'weight_decay': 1e-05} | Val AUC: 0.8487
[INFO] Config 68/324: {'hidden_dim': 64, 'num_layers': 3, 'dropout': 0.3, 'lr': 0.003, 'weight_decay': 0.0001} | Val AUC: 0.8478
[INFO] Config 69/324: {'hidden_dim': 64, 'num_layers': 3, 'dropout': 0.3, 'lr': 0.003, 'weight_decay': 0.001} | Val AUC: 0.8451
[INFO] Config 70/324: {'hidden_dim': 64, 'num_layers': 3, 'dropout': 0.3, 'lr': 0.005, 'weight_decay': 1e-05} | Val AUC: 0.8501
[INFO] Config 71/324: {'hidden_dim': 64, 'num_layers': 3, 'dropout': 0.3, 'lr': 0.005, 'weight_decay': 0.0001} | Val AUC: 0.8475
[INFO] Config 72/324: {'hidden_dim': 64, 'num_layers': 3, 'dropout': 0.3, 'lr': 0.005, 'weight_decay': 0.001} | Val AUC: 0.8506
[INFO] Config 73/324: {'hidden_dim': 64, 'num_layers': 3, 'dropout': 0.5, 'lr': 0.001, 'weight_decay': 1e-05} | Val AUC: 0.8267
[INFO] Config 74/324: {'hidden_dim': 64, 'num_layers': 3, 'dropout': 0.5, 'lr': 0.001, 'weight_decay': 0.0001} | Val AUC: 0.8265
[INFO] Config 75/324: {'hidden_dim': 64, 'num_layers': 3, 'dropout': 0.5, 'lr': 0.001, 'weight_decay': 0.001} | Val AUC: 0.8246
[INFO] Config 76/324: {'hidden_dim': 64, 'num_layers': 3, 'dropout': 0.5, 'lr': 0.003, 'weight_decay': 1e-05} | Val AUC: 0.8417
[INFO] Config 77/324: {'hidden_dim': 64, 'num_layers': 3, 'dropout': 0.5, 'lr': 0.003, 'weight_decay': 0.0001} | Val AUC: 0.8454
[INFO] Config 78/324: {'hidden_dim': 64, 'num_layers': 3, 'dropout': 0.5, 'lr': 0.003, 'weight_decay': 0.001} | Val AUC: 0.8422
[INFO] Config 79/324: {'hidden_dim': 64, 'num_layers': 3, 'dropout': 0.5, 'lr': 0.005, 'weight_decay': 1e-05} | Val AUC: 0.8490
[INFO] Config 80/324: {'hidden_dim': 64, 'num_layers': 3, 'dropout': 0.5, 'lr': 0.005, 'weight_decay': 0.0001} | Val AUC: 0.8449
[INFO] Config 81/324: {'hidden_dim': 64, 'num_layers': 3, 'dropout': 0.5, 'lr': 0.005, 'weight_decay': 0.001} | Val AUC: 0.8475
[INFO] Config 82/324: {'hidden_dim': 128, 'num_layers': 1, 'dropout': 0.1, 'lr': 0.001, 'weight_decay': 1e-05} | Val AUC: 0.8456
[INFO] Config 83/324: {'hidden_dim': 128, 'num_layers': 1, 'dropout': 0.1, 'lr': 0.001, 'weight_decay': 0.0001} | Val AUC: 0.8494
[INFO] Config 84/324: {'hidden_dim': 128, 'num_layers': 1, 'dropout': 0.1, 'lr': 0.001, 'weight_decay': 0.001} | Val AUC: 0.8473
[INFO] Config 85/324: {'hidden_dim': 128, 'num_layers': 1, 'dropout': 0.1, 'lr': 0.003, 'weight_decay': 1e-05} | Val AUC: 0.8564
[INFO] Config 86/324: {'hidden_dim': 128, 'num_layers': 1, 'dropout': 0.1, 'lr': 0.003, 'weight_decay': 0.0001} | Val AUC: 0.8552
[INFO] Config 87/324: {'hidden_dim': 128, 'num_layers': 1, 'dropout': 0.1, 'lr': 0.003, 'weight_decay': 0.001} | Val AUC: 0.8551
[INFO] Config 88/324: {'hidden_dim': 128, 'num_layers': 1, 'dropout': 0.1, 'lr': 0.005, 'weight_decay': 1e-05} | Val AUC: 0.8590
[INFO] Config 89/324: {'hidden_dim': 128, 'num_layers': 1, 'dropout': 0.1, 'lr': 0.005, 'weight_decay': 0.0001} | Val AUC: 0.8580
[INFO] Config 90/324: {'hidden_dim': 128, 'num_layers': 1, 'dropout': 0.1, 'lr': 0.005, 'weight_decay': 0.001} | Val AUC: 0.8595
[INFO] Config 91/324: {'hidden_dim': 128, 'num_layers': 1, 'dropout': 0.3, 'lr': 0.001, 'weight_decay': 1e-05} | Val AUC: 0.8502
[INFO] Config 92/324: {'hidden_dim': 128, 'num_layers': 1, 'dropout': 0.3, 'lr': 0.001, 'weight_decay': 0.0001} | Val AUC: 0.8474
[INFO] Config 93/324: {'hidden_dim': 128, 'num_layers': 1, 'dropout': 0.3, 'lr': 0.001, 'weight_decay': 0.001} | Val AUC: 0.8474
[INFO] Config 94/324: {'hidden_dim': 128, 'num_layers': 1, 'dropout': 0.3, 'lr': 0.003, 'weight_decay': 1e-05} | Val AUC: 0.8569
[INFO] Config 95/324: {'hidden_dim': 128, 'num_layers': 1, 'dropout': 0.3, 'lr': 0.003, 'weight_decay': 0.0001} | Val AUC: 0.8578
[INFO] Config 96/324: {'hidden_dim': 128, 'num_layers': 1, 'dropout': 0.3, 'lr': 0.003, 'weight_decay': 0.001} | Val AUC: 0.8581
[INFO] Config 97/324: {'hidden_dim': 128, 'num_layers': 1, 'dropout': 0.3, 'lr': 0.005, 'weight_decay': 1e-05} | Val AUC: 0.8581
[INFO] Config 98/324: {'hidden_dim': 128, 'num_layers': 1, 'dropout': 0.3, 'lr': 0.005, 'weight_decay': 0.0001} | Val AUC: 0.8597
[INFO] Config 99/324: {'hidden_dim': 128, 'num_layers': 1, 'dropout': 0.3, 'lr': 0.005, 'weight_decay': 0.001} | Val AUC: 0.8602
[INFO] Config 100/324: {'hidden_dim': 128, 'num_layers': 1, 'dropout': 0.5, 'lr': 0.001, 'weight_decay': 1e-05} | Val AUC: 0.8505
[INFO] Config 101/324: {'hidden_dim': 128, 'num_layers': 1, 'dropout': 0.5, 'lr': 0.001, 'weight_decay': 0.0001} | Val AUC: 0.8485
[INFO] Config 102/324: {'hidden_dim': 128, 'num_layers': 1, 'dropout': 0.5, 'lr': 0.001, 'weight_decay': 0.001} | Val AUC: 0.8479
[INFO] Config 103/324: {'hidden_dim': 128, 'num_layers': 1, 'dropout': 0.5, 'lr': 0.003, 'weight_decay': 1e-05} | Val AUC: 0.8555
[INFO] Config 104/324: {'hidden_dim': 128, 'num_layers': 1, 'dropout': 0.5, 'lr': 0.003, 'weight_decay': 0.0001} | Val AUC: 0.8580
[INFO] Config 105/324: {'hidden_dim': 128, 'num_layers': 1, 'dropout': 0.5, 'lr': 0.003, 'weight_decay': 0.001} | Val AUC: 0.8566
[INFO] Config 106/324: {'hidden_dim': 128, 'num_layers': 1, 'dropout': 0.5, 'lr': 0.005, 'weight_decay': 1e-05} | Val AUC: 0.8593
[INFO] Config 107/324: {'hidden_dim': 128, 'num_layers': 1, 'dropout': 0.5, 'lr': 0.005, 'weight_decay': 0.0001} | Val AUC: 0.8593
[INFO] Config 108/324: {'hidden_dim': 128, 'num_layers': 1, 'dropout': 0.5, 'lr': 0.005, 'weight_decay': 0.001} | Val AUC: 0.8597
[INFO] Config 109/324: {'hidden_dim': 128, 'num_layers': 2, 'dropout': 0.1, 'lr': 0.001, 'weight_decay': 1e-05} | Val AUC: 0.8513
[INFO] Config 110/324: {'hidden_dim': 128, 'num_layers': 2, 'dropout': 0.1, 'lr': 0.001, 'weight_decay': 0.0001} | Val AUC: 0.8507
[INFO] Config 111/324: {'hidden_dim': 128, 'num_layers': 2, 'dropout': 0.1, 'lr': 0.001, 'weight_decay': 0.001} | Val AUC: 0.8509
[INFO] Config 112/324: {'hidden_dim': 128, 'num_layers': 2, 'dropout': 0.1, 'lr': 0.003, 'weight_decay': 1e-05} | Val AUC: 0.8530
[INFO] Config 113/324: {'hidden_dim': 128, 'num_layers': 2, 'dropout': 0.1, 'lr': 0.003, 'weight_decay': 0.0001} | Val AUC: 0.8533
[INFO] Config 114/324: {'hidden_dim': 128, 'num_layers': 2, 'dropout': 0.1, 'lr': 0.003, 'weight_decay': 0.001} | Val AUC: 0.8549
[INFO] Config 115/324: {'hidden_dim': 128, 'num_layers': 2, 'dropout': 0.1, 'lr': 0.005, 'weight_decay': 1e-05} | Val AUC: 0.8535
[INFO] Config 116/324: {'hidden_dim': 128, 'num_layers': 2, 'dropout': 0.1, 'lr': 0.005, 'weight_decay': 0.0001} | Val AUC: 0.8529
[INFO] Config 117/324: {'hidden_dim': 128, 'num_layers': 2, 'dropout': 0.1, 'lr': 0.005, 'weight_decay': 0.001} | Val AUC: 0.8535
[INFO] Config 118/324: {'hidden_dim': 128, 'num_layers': 2, 'dropout': 0.3, 'lr': 0.001, 'weight_decay': 1e-05} | Val AUC: 0.8490
[INFO] Config 119/324: {'hidden_dim': 128, 'num_layers': 2, 'dropout': 0.3, 'lr': 0.001, 'weight_decay': 0.0001} | Val AUC: 0.8478
[INFO] Config 120/324: {'hidden_dim': 128, 'num_layers': 2, 'dropout': 0.3, 'lr': 0.001, 'weight_decay': 0.001} | Val AUC: 0.8458
[INFO] Config 121/324: {'hidden_dim': 128, 'num_layers': 2, 'dropout': 0.3, 'lr': 0.003, 'weight_decay': 1e-05} | Val AUC: 0.8519
[INFO] Config 122/324: {'hidden_dim': 128, 'num_layers': 2, 'dropout': 0.3, 'lr': 0.003, 'weight_decay': 0.0001} | Val AUC: 0.8510
[INFO] Config 123/324: {'hidden_dim': 128, 'num_layers': 2, 'dropout': 0.3, 'lr': 0.003, 'weight_decay': 0.001} | Val AUC: 0.8500
[INFO] Config 124/324: {'hidden_dim': 128, 'num_layers': 2, 'dropout': 0.3, 'lr': 0.005, 'weight_decay': 1e-05} | Val AUC: 0.8514
[INFO] Config 125/324: {'hidden_dim': 128, 'num_layers': 2, 'dropout': 0.3, 'lr': 0.005, 'weight_decay': 0.0001} | Val AUC: 0.8514
[INFO] Config 126/324: {'hidden_dim': 128, 'num_layers': 2, 'dropout': 0.3, 'lr': 0.005, 'weight_decay': 0.001} | Val AUC: 0.8528
[INFO] Config 127/324: {'hidden_dim': 128, 'num_layers': 2, 'dropout': 0.5, 'lr': 0.001, 'weight_decay': 1e-05} | Val AUC: 0.8472
[INFO] Config 128/324: {'hidden_dim': 128, 'num_layers': 2, 'dropout': 0.5, 'lr': 0.001, 'weight_decay': 0.0001} | Val AUC: 0.8437
[INFO] Config 129/324: {'hidden_dim': 128, 'num_layers': 2, 'dropout': 0.5, 'lr': 0.001, 'weight_decay': 0.001} | Val AUC: 0.8429
[INFO] Config 130/324: {'hidden_dim': 128, 'num_layers': 2, 'dropout': 0.5, 'lr': 0.003, 'weight_decay': 1e-05} | Val AUC: 0.8520
[INFO] Config 131/324: {'hidden_dim': 128, 'num_layers': 2, 'dropout': 0.5, 'lr': 0.003, 'weight_decay': 0.0001} | Val AUC: 0.8515
[INFO] Config 132/324: {'hidden_dim': 128, 'num_layers': 2, 'dropout': 0.5, 'lr': 0.003, 'weight_decay': 0.001} | Val AUC: 0.8503
[INFO] Config 133/324: {'hidden_dim': 128, 'num_layers': 2, 'dropout': 0.5, 'lr': 0.005, 'weight_decay': 1e-05} | Val AUC: 0.8498
[INFO] Config 134/324: {'hidden_dim': 128, 'num_layers': 2, 'dropout': 0.5, 'lr': 0.005, 'weight_decay': 0.0001} | Val AUC: 0.8511
[INFO] Config 135/324: {'hidden_dim': 128, 'num_layers': 2, 'dropout': 0.5, 'lr': 0.005, 'weight_decay': 0.001} | Val AUC: 0.8527
[INFO] Config 136/324: {'hidden_dim': 128, 'num_layers': 3, 'dropout': 0.1, 'lr': 0.001, 'weight_decay': 1e-05} | Val AUC: 0.8497
[INFO] Config 137/324: {'hidden_dim': 128, 'num_layers': 3, 'dropout': 0.1, 'lr': 0.001, 'weight_decay': 0.0001} | Val AUC: 0.8471
[INFO] Config 138/324: {'hidden_dim': 128, 'num_layers': 3, 'dropout': 0.1, 'lr': 0.001, 'weight_decay': 0.001} | Val AUC: 0.8499
[INFO] Config 139/324: {'hidden_dim': 128, 'num_layers': 3, 'dropout': 0.1, 'lr': 0.003, 'weight_decay': 1e-05} | Val AUC: 0.8525
[INFO] Config 140/324: {'hidden_dim': 128, 'num_layers': 3, 'dropout': 0.1, 'lr': 0.003, 'weight_decay': 0.0001} | Val AUC: 0.8504
[INFO] Config 141/324: {'hidden_dim': 128, 'num_layers': 3, 'dropout': 0.1, 'lr': 0.003, 'weight_decay': 0.001} | Val AUC: 0.8557
[INFO] Config 142/324: {'hidden_dim': 128, 'num_layers': 3, 'dropout': 0.1, 'lr': 0.005, 'weight_decay': 1e-05} | Val AUC: 0.8515
[INFO] Config 143/324: {'hidden_dim': 128, 'num_layers': 3, 'dropout': 0.1, 'lr': 0.005, 'weight_decay': 0.0001} | Val AUC: 0.8509
[INFO] Config 144/324: {'hidden_dim': 128, 'num_layers': 3, 'dropout': 0.1, 'lr': 0.005, 'weight_decay': 0.001} | Val AUC: 0.8516
[INFO] Config 145/324: {'hidden_dim': 128, 'num_layers': 3, 'dropout': 0.3, 'lr': 0.001, 'weight_decay': 1e-05} | Val AUC: 0.8440
[INFO] Config 146/324: {'hidden_dim': 128, 'num_layers': 3, 'dropout': 0.3, 'lr': 0.001, 'weight_decay': 0.0001} | Val AUC: 0.8458
[INFO] Config 147/324: {'hidden_dim': 128, 'num_layers': 3, 'dropout': 0.3, 'lr': 0.001, 'weight_decay': 0.001} | Val AUC: 0.8476
[INFO] Config 148/324: {'hidden_dim': 128, 'num_layers': 3, 'dropout': 0.3, 'lr': 0.003, 'weight_decay': 1e-05} | Val AUC: 0.8524
[INFO] Config 149/324: {'hidden_dim': 128, 'num_layers': 3, 'dropout': 0.3, 'lr': 0.003, 'weight_decay': 0.0001} | Val AUC: 0.8499
[INFO] Config 150/324: {'hidden_dim': 128, 'num_layers': 3, 'dropout': 0.3, 'lr': 0.003, 'weight_decay': 0.001} | Val AUC: 0.8525
[INFO] Config 151/324: {'hidden_dim': 128, 'num_layers': 3, 'dropout': 0.3, 'lr': 0.005, 'weight_decay': 1e-05} | Val AUC: 0.8496
[INFO] Config 152/324: {'hidden_dim': 128, 'num_layers': 3, 'dropout': 0.3, 'lr': 0.005, 'weight_decay': 0.0001} | Val AUC: 0.8487
[INFO] Config 153/324: {'hidden_dim': 128, 'num_layers': 3, 'dropout': 0.3, 'lr': 0.005, 'weight_decay': 0.001} | Val AUC: 0.8507
[INFO] Config 154/324: {'hidden_dim': 128, 'num_layers': 3, 'dropout': 0.5, 'lr': 0.001, 'weight_decay': 1e-05} | Val AUC: 0.8395
[INFO] Config 155/324: {'hidden_dim': 128, 'num_layers': 3, 'dropout': 0.5, 'lr': 0.001, 'weight_decay': 0.0001} | Val AUC: 0.8394
[INFO] Config 156/324: {'hidden_dim': 128, 'num_layers': 3, 'dropout': 0.5, 'lr': 0.001, 'weight_decay': 0.001} | Val AUC: 0.8392
[INFO] Config 157/324: {'hidden_dim': 128, 'num_layers': 3, 'dropout': 0.5, 'lr': 0.003, 'weight_decay': 1e-05} | Val AUC: 0.8471
[INFO] Config 158/324: {'hidden_dim': 128, 'num_layers': 3, 'dropout': 0.5, 'lr': 0.003, 'weight_decay': 0.0001} | Val AUC: 0.8506
[INFO] Config 159/324: {'hidden_dim': 128, 'num_layers': 3, 'dropout': 0.5, 'lr': 0.003, 'weight_decay': 0.001} | Val AUC: 0.8514
[INFO] Config 160/324: {'hidden_dim': 128, 'num_layers': 3, 'dropout': 0.5, 'lr': 0.005, 'weight_decay': 1e-05} | Val AUC: 0.8513
[INFO] Config 161/324: {'hidden_dim': 128, 'num_layers': 3, 'dropout': 0.5, 'lr': 0.005, 'weight_decay': 0.0001} | Val AUC: 0.8445
[INFO] Config 162/324: {'hidden_dim': 128, 'num_layers': 3, 'dropout': 0.5, 'lr': 0.005, 'weight_decay': 0.001} | Val AUC: 0.8490
[INFO] Config 163/324: {'hidden_dim': 256, 'num_layers': 1, 'dropout': 0.1, 'lr': 0.001, 'weight_decay': 1e-05} | Val AUC: 0.8546
[INFO] Config 164/324: {'hidden_dim': 256, 'num_layers': 1, 'dropout': 0.1, 'lr': 0.001, 'weight_decay': 0.0001} | Val AUC: 0.8564
[INFO] Config 165/324: {'hidden_dim': 256, 'num_layers': 1, 'dropout': 0.1, 'lr': 0.001, 'weight_decay': 0.001} | Val AUC: 0.8548
[INFO] Config 166/324: {'hidden_dim': 256, 'num_layers': 1, 'dropout': 0.1, 'lr': 0.003, 'weight_decay': 1e-05} | Val AUC: 0.8607
[INFO] Config 167/324: {'hidden_dim': 256, 'num_layers': 1, 'dropout': 0.1, 'lr': 0.003, 'weight_decay': 0.0001} | Val AUC: 0.8601
[INFO] Config 168/324: {'hidden_dim': 256, 'num_layers': 1, 'dropout': 0.1, 'lr': 0.003, 'weight_decay': 0.001} | Val AUC: 0.8608
[INFO] Config 169/324: {'hidden_dim': 256, 'num_layers': 1, 'dropout': 0.1, 'lr': 0.005, 'weight_decay': 1e-05} | Val AUC: 0.8610
[INFO] Config 170/324: {'hidden_dim': 256, 'num_layers': 1, 'dropout': 0.1, 'lr': 0.005, 'weight_decay': 0.0001} | Val AUC: 0.8574
[INFO] Config 171/324: {'hidden_dim': 256, 'num_layers': 1, 'dropout': 0.1, 'lr': 0.005, 'weight_decay': 0.001} | Val AUC: 0.8588
[INFO] Config 172/324: {'hidden_dim': 256, 'num_layers': 1, 'dropout': 0.3, 'lr': 0.001, 'weight_decay': 1e-05} | Val AUC: 0.8558
[INFO] Config 173/324: {'hidden_dim': 256, 'num_layers': 1, 'dropout': 0.3, 'lr': 0.001, 'weight_decay': 0.0001} | Val AUC: 0.8548
[INFO] Config 174/324: {'hidden_dim': 256, 'num_layers': 1, 'dropout': 0.3, 'lr': 0.001, 'weight_decay': 0.001} | Val AUC: 0.8564
[INFO] Config 175/324: {'hidden_dim': 256, 'num_layers': 1, 'dropout': 0.3, 'lr': 0.003, 'weight_decay': 1e-05} | Val AUC: 0.8597
[INFO] Config 176/324: {'hidden_dim': 256, 'num_layers': 1, 'dropout': 0.3, 'lr': 0.003, 'weight_decay': 0.0001} | Val AUC: 0.8596
[INFO] Config 177/324: {'hidden_dim': 256, 'num_layers': 1, 'dropout': 0.3, 'lr': 0.003, 'weight_decay': 0.001} | Val AUC: 0.8614
[INFO] Config 178/324: {'hidden_dim': 256, 'num_layers': 1, 'dropout': 0.3, 'lr': 0.005, 'weight_decay': 1e-05} | Val AUC: 0.8603
[INFO] Config 179/324: {'hidden_dim': 256, 'num_layers': 1, 'dropout': 0.3, 'lr': 0.005, 'weight_decay': 0.0001} | Val AUC: 0.8617
[INFO] Config 180/324: {'hidden_dim': 256, 'num_layers': 1, 'dropout': 0.3, 'lr': 0.005, 'weight_decay': 0.001} | Val AUC: 0.8606
[INFO] Config 181/324: {'hidden_dim': 256, 'num_layers': 1, 'dropout': 0.5, 'lr': 0.001, 'weight_decay': 1e-05} | Val AUC: 0.8555
[INFO] Config 182/324: {'hidden_dim': 256, 'num_layers': 1, 'dropout': 0.5, 'lr': 0.001, 'weight_decay': 0.0001} | Val AUC: 0.8560
[INFO] Config 183/324: {'hidden_dim': 256, 'num_layers': 1, 'dropout': 0.5, 'lr': 0.001, 'weight_decay': 0.001} | Val AUC: 0.8564
[INFO] Config 184/324: {'hidden_dim': 256, 'num_layers': 1, 'dropout': 0.5, 'lr': 0.003, 'weight_decay': 1e-05} | Val AUC: 0.8606
[INFO] Config 185/324: {'hidden_dim': 256, 'num_layers': 1, 'dropout': 0.5, 'lr': 0.003, 'weight_decay': 0.0001} | Val AUC: 0.8603
[INFO] Config 186/324: {'hidden_dim': 256, 'num_layers': 1, 'dropout': 0.5, 'lr': 0.003, 'weight_decay': 0.001} | Val AUC: 0.8607
[INFO] Config 187/324: {'hidden_dim': 256, 'num_layers': 1, 'dropout': 0.5, 'lr': 0.005, 'weight_decay': 1e-05} | Val AUC: 0.8606
[INFO] Config 188/324: {'hidden_dim': 256, 'num_layers': 1, 'dropout': 0.5, 'lr': 0.005, 'weight_decay': 0.0001} | Val AUC: 0.8613
[INFO] Config 189/324: {'hidden_dim': 256, 'num_layers': 1, 'dropout': 0.5, 'lr': 0.005, 'weight_decay': 0.001} | Val AUC: 0.8584
[INFO] Config 190/324: {'hidden_dim': 256, 'num_layers': 2, 'dropout': 0.1, 'lr': 0.001, 'weight_decay': 1e-05} | Val AUC: 0.8553
[INFO] Config 191/324: {'hidden_dim': 256, 'num_layers': 2, 'dropout': 0.1, 'lr': 0.001, 'weight_decay': 0.0001} | Val AUC: 0.8536
[INFO] Config 192/324: {'hidden_dim': 256, 'num_layers': 2, 'dropout': 0.1, 'lr': 0.001, 'weight_decay': 0.001} | Val AUC: 0.8551
[INFO] Config 193/324: {'hidden_dim': 256, 'num_layers': 2, 'dropout': 0.1, 'lr': 0.003, 'weight_decay': 1e-05} | Val AUC: 0.8572
[INFO] Config 194/324: {'hidden_dim': 256, 'num_layers': 2, 'dropout': 0.1, 'lr': 0.003, 'weight_decay': 0.0001} | Val AUC: 0.8586
[INFO] Config 195/324: {'hidden_dim': 256, 'num_layers': 2, 'dropout': 0.1, 'lr': 0.003, 'weight_decay': 0.001} | Val AUC: 0.8571
[INFO] Config 196/324: {'hidden_dim': 256, 'num_layers': 2, 'dropout': 0.1, 'lr': 0.005, 'weight_decay': 1e-05} | Val AUC: 0.8556
[INFO] Config 197/324: {'hidden_dim': 256, 'num_layers': 2, 'dropout': 0.1, 'lr': 0.005, 'weight_decay': 0.0001} | Val AUC: 0.8528
[INFO] Config 198/324: {'hidden_dim': 256, 'num_layers': 2, 'dropout': 0.1, 'lr': 0.005, 'weight_decay': 0.001} | Val AUC: 0.8605
[INFO] Config 199/324: {'hidden_dim': 256, 'num_layers': 2, 'dropout': 0.3, 'lr': 0.001, 'weight_decay': 1e-05} | Val AUC: 0.8542
[INFO] Config 200/324: {'hidden_dim': 256, 'num_layers': 2, 'dropout': 0.3, 'lr': 0.001, 'weight_decay': 0.0001} | Val AUC: 0.8523
[INFO] Config 201/324: {'hidden_dim': 256, 'num_layers': 2, 'dropout': 0.3, 'lr': 0.001, 'weight_decay': 0.001} | Val AUC: 0.8525
[INFO] Config 202/324: {'hidden_dim': 256, 'num_layers': 2, 'dropout': 0.3, 'lr': 0.003, 'weight_decay': 1e-05} | Val AUC: 0.8565
[INFO] Config 203/324: {'hidden_dim': 256, 'num_layers': 2, 'dropout': 0.3, 'lr': 0.003, 'weight_decay': 0.0001} | Val AUC: 0.8542
[INFO] Config 204/324: {'hidden_dim': 256, 'num_layers': 2, 'dropout': 0.3, 'lr': 0.003, 'weight_decay': 0.001} | Val AUC: 0.8550
[INFO] Config 205/324: {'hidden_dim': 256, 'num_layers': 2, 'dropout': 0.3, 'lr': 0.005, 'weight_decay': 1e-05} | Val AUC: 0.8576
[INFO] Config 206/324: {'hidden_dim': 256, 'num_layers': 2, 'dropout': 0.3, 'lr': 0.005, 'weight_decay': 0.0001} | Val AUC: 0.8544
[INFO] Config 207/324: {'hidden_dim': 256, 'num_layers': 2, 'dropout': 0.3, 'lr': 0.005, 'weight_decay': 0.001} | Val AUC: 0.8528
[INFO] Config 208/324: {'hidden_dim': 256, 'num_layers': 2, 'dropout': 0.5, 'lr': 0.001, 'weight_decay': 1e-05} | Val AUC: 0.8492
[INFO] Config 209/324: {'hidden_dim': 256, 'num_layers': 2, 'dropout': 0.5, 'lr': 0.001, 'weight_decay': 0.0001} | Val AUC: 0.8502
[INFO] Config 210/324: {'hidden_dim': 256, 'num_layers': 2, 'dropout': 0.5, 'lr': 0.001, 'weight_decay': 0.001} | Val AUC: 0.8535
[INFO] Config 211/324: {'hidden_dim': 256, 'num_layers': 2, 'dropout': 0.5, 'lr': 0.003, 'weight_decay': 1e-05} | Val AUC: 0.8527
[INFO] Config 212/324: {'hidden_dim': 256, 'num_layers': 2, 'dropout': 0.5, 'lr': 0.003, 'weight_decay': 0.0001} | Val AUC: 0.8521
[INFO] Config 213/324: {'hidden_dim': 256, 'num_layers': 2, 'dropout': 0.5, 'lr': 0.003, 'weight_decay': 0.001} | Val AUC: 0.8554
[INFO] Config 214/324: {'hidden_dim': 256, 'num_layers': 2, 'dropout': 0.5, 'lr': 0.005, 'weight_decay': 1e-05} | Val AUC: 0.8514
[INFO] Config 215/324: {'hidden_dim': 256, 'num_layers': 2, 'dropout': 0.5, 'lr': 0.005, 'weight_decay': 0.0001} | Val AUC: 0.8558
[INFO] Config 216/324: {'hidden_dim': 256, 'num_layers': 2, 'dropout': 0.5, 'lr': 0.005, 'weight_decay': 0.001} | Val AUC: 0.8533
[INFO] Config 217/324: {'hidden_dim': 256, 'num_layers': 3, 'dropout': 0.1, 'lr': 0.001, 'weight_decay': 1e-05} | Val AUC: 0.8513
[INFO] Config 218/324: {'hidden_dim': 256, 'num_layers': 3, 'dropout': 0.1, 'lr': 0.001, 'weight_decay': 0.0001} | Val AUC: 0.8513
[INFO] Config 219/324: {'hidden_dim': 256, 'num_layers': 3, 'dropout': 0.1, 'lr': 0.001, 'weight_decay': 0.001} | Val AUC: 0.8534
[INFO] Config 220/324: {'hidden_dim': 256, 'num_layers': 3, 'dropout': 0.1, 'lr': 0.003, 'weight_decay': 1e-05} | Val AUC: 0.8527
[INFO] Config 221/324: {'hidden_dim': 256, 'num_layers': 3, 'dropout': 0.1, 'lr': 0.003, 'weight_decay': 0.0001} | Val AUC: 0.8499
[INFO] Config 222/324: {'hidden_dim': 256, 'num_layers': 3, 'dropout': 0.1, 'lr': 0.003, 'weight_decay': 0.001} | Val AUC: 0.8563
[INFO] Config 223/324: {'hidden_dim': 256, 'num_layers': 3, 'dropout': 0.1, 'lr': 0.005, 'weight_decay': 1e-05} | Val AUC: 0.8415
[INFO] Config 224/324: {'hidden_dim': 256, 'num_layers': 3, 'dropout': 0.1, 'lr': 0.005, 'weight_decay': 0.0001} | Val AUC: 0.8421
[INFO] Config 225/324: {'hidden_dim': 256, 'num_layers': 3, 'dropout': 0.1, 'lr': 0.005, 'weight_decay': 0.001} | Val AUC: 0.8491
[INFO] Config 226/324: {'hidden_dim': 256, 'num_layers': 3, 'dropout': 0.3, 'lr': 0.001, 'weight_decay': 1e-05} | Val AUC: 0.8518
[INFO] Config 227/324: {'hidden_dim': 256, 'num_layers': 3, 'dropout': 0.3, 'lr': 0.001, 'weight_decay': 0.0001} | Val AUC: 0.8508
[INFO] Config 228/324: {'hidden_dim': 256, 'num_layers': 3, 'dropout': 0.3, 'lr': 0.001, 'weight_decay': 0.001} | Val AUC: 0.8518
[INFO] Config 229/324: {'hidden_dim': 256, 'num_layers': 3, 'dropout': 0.3, 'lr': 0.003, 'weight_decay': 1e-05} | Val AUC: 0.8528
[INFO] Config 230/324: {'hidden_dim': 256, 'num_layers': 3, 'dropout': 0.3, 'lr': 0.003, 'weight_decay': 0.0001} | Val AUC: 0.8536
[INFO] Config 231/324: {'hidden_dim': 256, 'num_layers': 3, 'dropout': 0.3, 'lr': 0.003, 'weight_decay': 0.001} | Val AUC: 0.8511
[INFO] Config 232/324: {'hidden_dim': 256, 'num_layers': 3, 'dropout': 0.3, 'lr': 0.005, 'weight_decay': 1e-05} | Val AUC: 0.8486
[INFO] Config 233/324: {'hidden_dim': 256, 'num_layers': 3, 'dropout': 0.3, 'lr': 0.005, 'weight_decay': 0.0001} | Val AUC: 0.8543
[INFO] Config 234/324: {'hidden_dim': 256, 'num_layers': 3, 'dropout': 0.3, 'lr': 0.005, 'weight_decay': 0.001} | Val AUC: 0.8527
[INFO] Config 235/324: {'hidden_dim': 256, 'num_layers': 3, 'dropout': 0.5, 'lr': 0.001, 'weight_decay': 1e-05} | Val AUC: 0.8500
[INFO] Config 236/324: {'hidden_dim': 256, 'num_layers': 3, 'dropout': 0.5, 'lr': 0.001, 'weight_decay': 0.0001} | Val AUC: 0.8479
[INFO] Config 237/324: {'hidden_dim': 256, 'num_layers': 3, 'dropout': 0.5, 'lr': 0.001, 'weight_decay': 0.001} | Val AUC: 0.8496
[INFO] Config 238/324: {'hidden_dim': 256, 'num_layers': 3, 'dropout': 0.5, 'lr': 0.003, 'weight_decay': 1e-05} | Val AUC: 0.8523
[INFO] Config 239/324: {'hidden_dim': 256, 'num_layers': 3, 'dropout': 0.5, 'lr': 0.003, 'weight_decay': 0.0001} | Val AUC: 0.8512
[INFO] Config 240/324: {'hidden_dim': 256, 'num_layers': 3, 'dropout': 0.5, 'lr': 0.003, 'weight_decay': 0.001} | Val AUC: 0.8409
[INFO] Config 241/324: {'hidden_dim': 256, 'num_layers': 3, 'dropout': 0.5, 'lr': 0.005, 'weight_decay': 1e-05} | Val AUC: 0.8539
[INFO] Config 242/324: {'hidden_dim': 256, 'num_layers': 3, 'dropout': 0.5, 'lr': 0.005, 'weight_decay': 0.0001} | Val AUC: 0.8471
[INFO] Config 243/324: {'hidden_dim': 256, 'num_layers': 3, 'dropout': 0.5, 'lr': 0.005, 'weight_decay': 0.001} | Val AUC: 0.8558
[INFO] Config 244/324: {'hidden_dim': 512, 'num_layers': 1, 'dropout': 0.1, 'lr': 0.001, 'weight_decay': 1e-05} | Val AUC: 0.8572
[INFO] Config 245/324: {'hidden_dim': 512, 'num_layers': 1, 'dropout': 0.1, 'lr': 0.001, 'weight_decay': 0.0001} | Val AUC: 0.8556
[INFO] Config 246/324: {'hidden_dim': 512, 'num_layers': 1, 'dropout': 0.1, 'lr': 0.001, 'weight_decay': 0.001} | Val AUC: 0.8550
[INFO] Config 247/324: {'hidden_dim': 512, 'num_layers': 1, 'dropout': 0.1, 'lr': 0.003, 'weight_decay': 1e-05} | Val AUC: 0.8604
[INFO] Config 248/324: {'hidden_dim': 512, 'num_layers': 1, 'dropout': 0.1, 'lr': 0.003, 'weight_decay': 0.0001} | Val AUC: 0.8584
[INFO] Config 249/324: {'hidden_dim': 512, 'num_layers': 1, 'dropout': 0.1, 'lr': 0.003, 'weight_decay': 0.001} | Val AUC: 0.8613
[INFO] Config 250/324: {'hidden_dim': 512, 'num_layers': 1, 'dropout': 0.1, 'lr': 0.005, 'weight_decay': 1e-05} | Val AUC: 0.8591
[INFO] Config 251/324: {'hidden_dim': 512, 'num_layers': 1, 'dropout': 0.1, 'lr': 0.005, 'weight_decay': 0.0001} | Val AUC: 0.8571
[INFO] Config 252/324: {'hidden_dim': 512, 'num_layers': 1, 'dropout': 0.1, 'lr': 0.005, 'weight_decay': 0.001} | Val AUC: 0.8576
[INFO] Config 253/324: {'hidden_dim': 512, 'num_layers': 1, 'dropout': 0.3, 'lr': 0.001, 'weight_decay': 1e-05} | Val AUC: 0.8579
[INFO] Config 254/324: {'hidden_dim': 512, 'num_layers': 1, 'dropout': 0.3, 'lr': 0.001, 'weight_decay': 0.0001} | Val AUC: 0.8559
[INFO] Config 255/324: {'hidden_dim': 512, 'num_layers': 1, 'dropout': 0.3, 'lr': 0.001, 'weight_decay': 0.001} | Val AUC: 0.8578
[INFO] Config 256/324: {'hidden_dim': 512, 'num_layers': 1, 'dropout': 0.3, 'lr': 0.003, 'weight_decay': 1e-05} | Val AUC: 0.8620
[INFO] Config 257/324: {'hidden_dim': 512, 'num_layers': 1, 'dropout': 0.3, 'lr': 0.003, 'weight_decay': 0.0001} | Val AUC: 0.8586
[INFO] Config 258/324: {'hidden_dim': 512, 'num_layers': 1, 'dropout': 0.3, 'lr': 0.003, 'weight_decay': 0.001} | Val AUC: 0.8588
[INFO] Config 259/324: {'hidden_dim': 512, 'num_layers': 1, 'dropout': 0.3, 'lr': 0.005, 'weight_decay': 1e-05} | Val AUC: 0.8526
[INFO] Config 260/324: {'hidden_dim': 512, 'num_layers': 1, 'dropout': 0.3, 'lr': 0.005, 'weight_decay': 0.0001} | Val AUC: 0.8589
[INFO] Config 261/324: {'hidden_dim': 512, 'num_layers': 1, 'dropout': 0.3, 'lr': 0.005, 'weight_decay': 0.001} | Val AUC: 0.8515
[INFO] Config 262/324: {'hidden_dim': 512, 'num_layers': 1, 'dropout': 0.5, 'lr': 0.001, 'weight_decay': 1e-05} | Val AUC: 0.8586
[INFO] Config 263/324: {'hidden_dim': 512, 'num_layers': 1, 'dropout': 0.5, 'lr': 0.001, 'weight_decay': 0.0001} | Val AUC: 0.8586
[INFO] Config 264/324: {'hidden_dim': 512, 'num_layers': 1, 'dropout': 0.5, 'lr': 0.001, 'weight_decay': 0.001} | Val AUC: 0.8563
[INFO] Config 265/324: {'hidden_dim': 512, 'num_layers': 1, 'dropout': 0.5, 'lr': 0.003, 'weight_decay': 1e-05} | Val AUC: 0.8583
[INFO] Config 266/324: {'hidden_dim': 512, 'num_layers': 1, 'dropout': 0.5, 'lr': 0.003, 'weight_decay': 0.0001} | Val AUC: 0.8587
[INFO] Config 267/324: {'hidden_dim': 512, 'num_layers': 1, 'dropout': 0.5, 'lr': 0.003, 'weight_decay': 0.001} | Val AUC: 0.8577
[INFO] Config 268/324: {'hidden_dim': 512, 'num_layers': 1, 'dropout': 0.5, 'lr': 0.005, 'weight_decay': 1e-05} | Val AUC: 0.8570
[INFO] Config 269/324: {'hidden_dim': 512, 'num_layers': 1, 'dropout': 0.5, 'lr': 0.005, 'weight_decay': 0.0001} | Val AUC: 0.8583
[INFO] Config 270/324: {'hidden_dim': 512, 'num_layers': 1, 'dropout': 0.5, 'lr': 0.005, 'weight_decay': 0.001} | Val AUC: 0.8592
[INFO] Config 271/324: {'hidden_dim': 512, 'num_layers': 2, 'dropout': 0.1, 'lr': 0.001, 'weight_decay': 1e-05} | Val AUC: 0.8551
[INFO] Config 272/324: {'hidden_dim': 512, 'num_layers': 2, 'dropout': 0.1, 'lr': 0.001, 'weight_decay': 0.0001} | Val AUC: 0.8517
[INFO] Config 273/324: {'hidden_dim': 512, 'num_layers': 2, 'dropout': 0.1, 'lr': 0.001, 'weight_decay': 0.001} | Val AUC: 0.8543
[INFO] Config 274/324: {'hidden_dim': 512, 'num_layers': 2, 'dropout': 0.1, 'lr': 0.003, 'weight_decay': 1e-05} | Val AUC: 0.8580
[INFO] Config 275/324: {'hidden_dim': 512, 'num_layers': 2, 'dropout': 0.1, 'lr': 0.003, 'weight_decay': 0.0001} | Val AUC: 0.8551
[INFO] Config 276/324: {'hidden_dim': 512, 'num_layers': 2, 'dropout': 0.1, 'lr': 0.003, 'weight_decay': 0.001} | Val AUC: 0.8540
[INFO] Config 277/324: {'hidden_dim': 512, 'num_layers': 2, 'dropout': 0.1, 'lr': 0.005, 'weight_decay': 1e-05} | Val AUC: 0.8523
[INFO] Config 278/324: {'hidden_dim': 512, 'num_layers': 2, 'dropout': 0.1, 'lr': 0.005, 'weight_decay': 0.0001} | Val AUC: 0.8469
[INFO] Config 279/324: {'hidden_dim': 512, 'num_layers': 2, 'dropout': 0.1, 'lr': 0.005, 'weight_decay': 0.001} | Val AUC: 0.8531
[INFO] Config 280/324: {'hidden_dim': 512, 'num_layers': 2, 'dropout': 0.3, 'lr': 0.001, 'weight_decay': 1e-05} | Val AUC: 0.8546
[INFO] Config 281/324: {'hidden_dim': 512, 'num_layers': 2, 'dropout': 0.3, 'lr': 0.001, 'weight_decay': 0.0001} | Val AUC: 0.8552
[INFO] Config 282/324: {'hidden_dim': 512, 'num_layers': 2, 'dropout': 0.3, 'lr': 0.001, 'weight_decay': 0.001} | Val AUC: 0.8548
[INFO] Config 283/324: {'hidden_dim': 512, 'num_layers': 2, 'dropout': 0.3, 'lr': 0.003, 'weight_decay': 1e-05} | Val AUC: 0.8570
[INFO] Config 284/324: {'hidden_dim': 512, 'num_layers': 2, 'dropout': 0.3, 'lr': 0.003, 'weight_decay': 0.0001} | Val AUC: 0.8561
[INFO] Config 285/324: {'hidden_dim': 512, 'num_layers': 2, 'dropout': 0.3, 'lr': 0.003, 'weight_decay': 0.001} | Val AUC: 0.8546
[INFO] Config 286/324: {'hidden_dim': 512, 'num_layers': 2, 'dropout': 0.3, 'lr': 0.005, 'weight_decay': 1e-05} | Val AUC: 0.8571
[INFO] Config 287/324: {'hidden_dim': 512, 'num_layers': 2, 'dropout': 0.3, 'lr': 0.005, 'weight_decay': 0.0001} | Val AUC: 0.8485
[INFO] Config 288/324: {'hidden_dim': 512, 'num_layers': 2, 'dropout': 0.3, 'lr': 0.005, 'weight_decay': 0.001} | Val AUC: 0.8516
[INFO] Config 289/324: {'hidden_dim': 512, 'num_layers': 2, 'dropout': 0.5, 'lr': 0.001, 'weight_decay': 1e-05} | Val AUC: 0.8555
[INFO] Config 290/324: {'hidden_dim': 512, 'num_layers': 2, 'dropout': 0.5, 'lr': 0.001, 'weight_decay': 0.0001} | Val AUC: 0.8533
[INFO] Config 291/324: {'hidden_dim': 512, 'num_layers': 2, 'dropout': 0.5, 'lr': 0.001, 'weight_decay': 0.001} | Val AUC: 0.8498
[INFO] Config 292/324: {'hidden_dim': 512, 'num_layers': 2, 'dropout': 0.5, 'lr': 0.003, 'weight_decay': 1e-05} | Val AUC: 0.8570
[INFO] Config 293/324: {'hidden_dim': 512, 'num_layers': 2, 'dropout': 0.5, 'lr': 0.003, 'weight_decay': 0.0001} | Val AUC: 0.8533
[INFO] Config 294/324: {'hidden_dim': 512, 'num_layers': 2, 'dropout': 0.5, 'lr': 0.003, 'weight_decay': 0.001} | Val AUC: 0.8517
[INFO] Config 295/324: {'hidden_dim': 512, 'num_layers': 2, 'dropout': 0.5, 'lr': 0.005, 'weight_decay': 1e-05} | Val AUC: 0.8468
[INFO] Config 296/324: {'hidden_dim': 512, 'num_layers': 2, 'dropout': 0.5, 'lr': 0.005, 'weight_decay': 0.0001} | Val AUC: 0.8500
[INFO] Config 297/324: {'hidden_dim': 512, 'num_layers': 2, 'dropout': 0.5, 'lr': 0.005, 'weight_decay': 0.001} | Val AUC: 0.8404
[INFO] Config 298/324: {'hidden_dim': 512, 'num_layers': 3, 'dropout': 0.1, 'lr': 0.001, 'weight_decay': 1e-05} | Val AUC: 0.8477
[INFO] Config 299/324: {'hidden_dim': 512, 'num_layers': 3, 'dropout': 0.1, 'lr': 0.001, 'weight_decay': 0.0001} | Val AUC: 0.8470
[INFO] Config 300/324: {'hidden_dim': 512, 'num_layers': 3, 'dropout': 0.1, 'lr': 0.001, 'weight_decay': 0.001} | Val AUC: 0.8524
[INFO] Config 301/324: {'hidden_dim': 512, 'num_layers': 3, 'dropout': 0.1, 'lr': 0.003, 'weight_decay': 1e-05} | Val AUC: 0.8269
[INFO] Config 302/324: {'hidden_dim': 512, 'num_layers': 3, 'dropout': 0.1, 'lr': 0.003, 'weight_decay': 0.0001} | Val AUC: 0.8511
[INFO] Config 303/324: {'hidden_dim': 512, 'num_layers': 3, 'dropout': 0.1, 'lr': 0.003, 'weight_decay': 0.001} | Val AUC: 0.8318
[INFO] Config 304/324: {'hidden_dim': 512, 'num_layers': 3, 'dropout': 0.1, 'lr': 0.005, 'weight_decay': 1e-05} | Val AUC: 0.8393
[INFO] Config 305/324: {'hidden_dim': 512, 'num_layers': 3, 'dropout': 0.1, 'lr': 0.005, 'weight_decay': 0.0001} | Val AUC: 0.8283
[INFO] Config 306/324: {'hidden_dim': 512, 'num_layers': 3, 'dropout': 0.1, 'lr': 0.005, 'weight_decay': 0.001} | Val AUC: 0.8053
[INFO] Config 307/324: {'hidden_dim': 512, 'num_layers': 3, 'dropout': 0.3, 'lr': 0.001, 'weight_decay': 1e-05} | Val AUC: 0.8504
[INFO] Config 308/324: {'hidden_dim': 512, 'num_layers': 3, 'dropout': 0.3, 'lr': 0.001, 'weight_decay': 0.0001} | Val AUC: 0.8485
[INFO] Config 309/324: {'hidden_dim': 512, 'num_layers': 3, 'dropout': 0.3, 'lr': 0.001, 'weight_decay': 0.001} | Val AUC: 0.8541
[INFO] Config 310/324: {'hidden_dim': 512, 'num_layers': 3, 'dropout': 0.3, 'lr': 0.003, 'weight_decay': 1e-05} | Val AUC: 0.8421
[INFO] Config 311/324: {'hidden_dim': 512, 'num_layers': 3, 'dropout': 0.3, 'lr': 0.003, 'weight_decay': 0.0001} | Val AUC: 0.8512
[INFO] Config 312/324: {'hidden_dim': 512, 'num_layers': 3, 'dropout': 0.3, 'lr': 0.003, 'weight_decay': 0.001} | Val AUC: 0.8450
[INFO] Config 313/324: {'hidden_dim': 512, 'num_layers': 3, 'dropout': 0.3, 'lr': 0.005, 'weight_decay': 1e-05} | Val AUC: 0.8350
[INFO] Config 314/324: {'hidden_dim': 512, 'num_layers': 3, 'dropout': 0.3, 'lr': 0.005, 'weight_decay': 0.0001} | Val AUC: 0.8100
[INFO] Config 315/324: {'hidden_dim': 512, 'num_layers': 3, 'dropout': 0.3, 'lr': 0.005, 'weight_decay': 0.001} | Val AUC: 0.8449
[INFO] Config 316/324: {'hidden_dim': 512, 'num_layers': 3, 'dropout': 0.5, 'lr': 0.001, 'weight_decay': 1e-05} | Val AUC: 0.8500
[INFO] Config 317/324: {'hidden_dim': 512, 'num_layers': 3, 'dropout': 0.5, 'lr': 0.001, 'weight_decay': 0.0001} | Val AUC: 0.8456
[INFO] Config 318/324: {'hidden_dim': 512, 'num_layers': 3, 'dropout': 0.5, 'lr': 0.001, 'weight_decay': 0.001} | Val AUC: 0.8468
[INFO] Config 319/324: {'hidden_dim': 512, 'num_layers': 3, 'dropout': 0.5, 'lr': 0.003, 'weight_decay': 1e-05} | Val AUC: 0.8468
[INFO] Config 320/324: {'hidden_dim': 512, 'num_layers': 3, 'dropout': 0.5, 'lr': 0.003, 'weight_decay': 0.0001} | Val AUC: 0.8396
[INFO] Config 321/324: {'hidden_dim': 512, 'num_layers': 3, 'dropout': 0.5, 'lr': 0.003, 'weight_decay': 0.001} | Val AUC: 0.8374
[INFO] Config 322/324: {'hidden_dim': 512, 'num_layers': 3, 'dropout': 0.5, 'lr': 0.005, 'weight_decay': 1e-05} | Val AUC: 0.8460
[INFO] Config 323/324: {'hidden_dim': 512, 'num_layers': 3, 'dropout': 0.5, 'lr': 0.005, 'weight_decay': 0.0001} | Val AUC: 0.8493
[INFO] Config 324/324: {'hidden_dim': 512, 'num_layers': 3, 'dropout': 0.5, 'lr': 0.005, 'weight_decay': 0.001} | Val AUC: 0.8348
[INFO] Selected Best BiGRU Config: {'hidden_dim': 512, 'num_layers': 1, 'dropout': 0.3, 'lr': 0.003, 'weight_decay': 1e-05} (Val AUC: 0.8620)
[INFO] Tuning TCN configurations (n_iter=486)...
[INFO] Config 1/486: {'num_channels': [128, 128, 128], 'kernel_size': 2, 'dropout': 0.1, 'lr': 0.001, 'weight_decay': 0.0001} | Val AUC: 0.8236
[INFO] Config 2/486: {'num_channels': [128, 128, 128], 'kernel_size': 2, 'dropout': 0.1, 'lr': 0.001, 'weight_decay': 0.001} | Val AUC: 0.8244
[INFO] Config 3/486: {'num_channels': [128, 128, 128], 'kernel_size': 2, 'dropout': 0.1, 'lr': 0.001, 'weight_decay': 0.01} | Val AUC: 0.8243
[INFO] Config 4/486: {'num_channels': [128, 128, 128], 'kernel_size': 2, 'dropout': 0.1, 'lr': 0.003, 'weight_decay': 0.0001} | Val AUC: 0.8318
[INFO] Config 5/486: {'num_channels': [128, 128, 128], 'kernel_size': 2, 'dropout': 0.1, 'lr': 0.003, 'weight_decay': 0.001} | Val AUC: 0.8329
[INFO] Config 6/486: {'num_channels': [128, 128, 128], 'kernel_size': 2, 'dropout': 0.1, 'lr': 0.003, 'weight_decay': 0.01} | Val AUC: 0.8322
[INFO] Config 7/486: {'num_channels': [128, 128, 128], 'kernel_size': 2, 'dropout': 0.1, 'lr': 0.005, 'weight_decay': 0.0001} | Val AUC: 0.8312
[INFO] Config 8/486: {'num_channels': [128, 128, 128], 'kernel_size': 2, 'dropout': 0.1, 'lr': 0.005, 'weight_decay': 0.001} | Val AUC: 0.8315
[INFO] Config 9/486: {'num_channels': [128, 128, 128], 'kernel_size': 2, 'dropout': 0.1, 'lr': 0.005, 'weight_decay': 0.01} | Val AUC: 0.8306
[INFO] Config 10/486: {'num_channels': [128, 128, 128], 'kernel_size': 2, 'dropout': 0.3, 'lr': 0.001, 'weight_decay': 0.0001} | Val AUC: 0.8150
[INFO] Config 11/486: {'num_channels': [128, 128, 128], 'kernel_size': 2, 'dropout': 0.3, 'lr': 0.001, 'weight_decay': 0.001} | Val AUC: 0.8166
[INFO] Config 12/486: {'num_channels': [128, 128, 128], 'kernel_size': 2, 'dropout': 0.3, 'lr': 0.001, 'weight_decay': 0.01} | Val AUC: 0.8162
[INFO] Config 13/486: {'num_channels': [128, 128, 128], 'kernel_size': 2, 'dropout': 0.3, 'lr': 0.003, 'weight_decay': 0.0001} | Val AUC: 0.8294
[INFO] Config 14/486: {'num_channels': [128, 128, 128], 'kernel_size': 2, 'dropout': 0.3, 'lr': 0.003, 'weight_decay': 0.001} | Val AUC: 0.8253
[INFO] Config 15/486: {'num_channels': [128, 128, 128], 'kernel_size': 2, 'dropout': 0.3, 'lr': 0.003, 'weight_decay': 0.01} | Val AUC: 0.8255
[INFO] Config 16/486: {'num_channels': [128, 128, 128], 'kernel_size': 2, 'dropout': 0.3, 'lr': 0.005, 'weight_decay': 0.0001} | Val AUC: 0.8268
[INFO] Config 17/486: {'num_channels': [128, 128, 128], 'kernel_size': 2, 'dropout': 0.3, 'lr': 0.005, 'weight_decay': 0.001} | Val AUC: 0.8275
[INFO] Config 18/486: {'num_channels': [128, 128, 128], 'kernel_size': 2, 'dropout': 0.3, 'lr': 0.005, 'weight_decay': 0.01} | Val AUC: 0.8284
[INFO] Config 19/486: {'num_channels': [128, 128, 128], 'kernel_size': 2, 'dropout': 0.5, 'lr': 0.001, 'weight_decay': 0.0001} | Val AUC: 0.8025
[INFO] Config 20/486: {'num_channels': [128, 128, 128], 'kernel_size': 2, 'dropout': 0.5, 'lr': 0.001, 'weight_decay': 0.001} | Val AUC: 0.8032
[INFO] Config 21/486: {'num_channels': [128, 128, 128], 'kernel_size': 2, 'dropout': 0.5, 'lr': 0.001, 'weight_decay': 0.01} | Val AUC: 0.8077
[INFO] Config 22/486: {'num_channels': [128, 128, 128], 'kernel_size': 2, 'dropout': 0.5, 'lr': 0.003, 'weight_decay': 0.0001} | Val AUC: 0.8199
[INFO] Config 23/486: {'num_channels': [128, 128, 128], 'kernel_size': 2, 'dropout': 0.5, 'lr': 0.003, 'weight_decay': 0.001} | Val AUC: 0.8214
[INFO] Config 24/486: {'num_channels': [128, 128, 128], 'kernel_size': 2, 'dropout': 0.5, 'lr': 0.003, 'weight_decay': 0.01} | Val AUC: 0.8200
[INFO] Config 25/486: {'num_channels': [128, 128, 128], 'kernel_size': 2, 'dropout': 0.5, 'lr': 0.005, 'weight_decay': 0.0001} | Val AUC: 0.8247
[INFO] Config 26/486: {'num_channels': [128, 128, 128], 'kernel_size': 2, 'dropout': 0.5, 'lr': 0.005, 'weight_decay': 0.001} | Val AUC: 0.8222
[INFO] Config 27/486: {'num_channels': [128, 128, 128], 'kernel_size': 2, 'dropout': 0.5, 'lr': 0.005, 'weight_decay': 0.01} | Val AUC: 0.8208
[INFO] Config 28/486: {'num_channels': [128, 128, 128], 'kernel_size': 3, 'dropout': 0.1, 'lr': 0.001, 'weight_decay': 0.0001} | Val AUC: 0.8257
[INFO] Config 29/486: {'num_channels': [128, 128, 128], 'kernel_size': 3, 'dropout': 0.1, 'lr': 0.001, 'weight_decay': 0.001} | Val AUC: 0.8265
[INFO] Config 30/486: {'num_channels': [128, 128, 128], 'kernel_size': 3, 'dropout': 0.1, 'lr': 0.001, 'weight_decay': 0.01} | Val AUC: 0.8266
[INFO] Config 31/486: {'num_channels': [128, 128, 128], 'kernel_size': 3, 'dropout': 0.1, 'lr': 0.003, 'weight_decay': 0.0001} | Val AUC: 0.8300
[INFO] Config 32/486: {'num_channels': [128, 128, 128], 'kernel_size': 3, 'dropout': 0.1, 'lr': 0.003, 'weight_decay': 0.001} | Val AUC: 0.8285
[INFO] Config 33/486: {'num_channels': [128, 128, 128], 'kernel_size': 3, 'dropout': 0.1, 'lr': 0.003, 'weight_decay': 0.01} | Val AUC: 0.8299
[INFO] Config 34/486: {'num_channels': [128, 128, 128], 'kernel_size': 3, 'dropout': 0.1, 'lr': 0.005, 'weight_decay': 0.0001} | Val AUC: 0.8332
[INFO] Config 35/486: {'num_channels': [128, 128, 128], 'kernel_size': 3, 'dropout': 0.1, 'lr': 0.005, 'weight_decay': 0.001} | Val AUC: 0.8327
[INFO] Config 36/486: {'num_channels': [128, 128, 128], 'kernel_size': 3, 'dropout': 0.1, 'lr': 0.005, 'weight_decay': 0.01} | Val AUC: 0.8249
[INFO] Config 37/486: {'num_channels': [128, 128, 128], 'kernel_size': 3, 'dropout': 0.3, 'lr': 0.001, 'weight_decay': 0.0001} | Val AUC: 0.8191
[INFO] Config 38/486: {'num_channels': [128, 128, 128], 'kernel_size': 3, 'dropout': 0.3, 'lr': 0.001, 'weight_decay': 0.001} | Val AUC: 0.8196
[INFO] Config 39/486: {'num_channels': [128, 128, 128], 'kernel_size': 3, 'dropout': 0.3, 'lr': 0.001, 'weight_decay': 0.01} | Val AUC: 0.8174
[INFO] Config 40/486: {'num_channels': [128, 128, 128], 'kernel_size': 3, 'dropout': 0.3, 'lr': 0.003, 'weight_decay': 0.0001} | Val AUC: 0.8275
[INFO] Config 41/486: {'num_channels': [128, 128, 128], 'kernel_size': 3, 'dropout': 0.3, 'lr': 0.003, 'weight_decay': 0.001} | Val AUC: 0.8284
[INFO] Config 42/486: {'num_channels': [128, 128, 128], 'kernel_size': 3, 'dropout': 0.3, 'lr': 0.003, 'weight_decay': 0.01} | Val AUC: 0.8239
[INFO] Config 43/486: {'num_channels': [128, 128, 128], 'kernel_size': 3, 'dropout': 0.3, 'lr': 0.005, 'weight_decay': 0.0001} | Val AUC: 0.8257
[INFO] Config 44/486: {'num_channels': [128, 128, 128], 'kernel_size': 3, 'dropout': 0.3, 'lr': 0.005, 'weight_decay': 0.001} | Val AUC: 0.8249
[INFO] Config 45/486: {'num_channels': [128, 128, 128], 'kernel_size': 3, 'dropout': 0.3, 'lr': 0.005, 'weight_decay': 0.01} | Val AUC: 0.8259
[INFO] Config 46/486: {'num_channels': [128, 128, 128], 'kernel_size': 3, 'dropout': 0.5, 'lr': 0.001, 'weight_decay': 0.0001} | Val AUC: 0.8114
[INFO] Config 47/486: {'num_channels': [128, 128, 128], 'kernel_size': 3, 'dropout': 0.5, 'lr': 0.001, 'weight_decay': 0.001} | Val AUC: 0.8121
[INFO] Config 48/486: {'num_channels': [128, 128, 128], 'kernel_size': 3, 'dropout': 0.5, 'lr': 0.001, 'weight_decay': 0.01} | Val AUC: 0.8091
[INFO] Config 49/486: {'num_channels': [128, 128, 128], 'kernel_size': 3, 'dropout': 0.5, 'lr': 0.003, 'weight_decay': 0.0001} | Val AUC: 0.8233
[INFO] Config 50/486: {'num_channels': [128, 128, 128], 'kernel_size': 3, 'dropout': 0.5, 'lr': 0.003, 'weight_decay': 0.001} | Val AUC: 0.8192
[INFO] Config 51/486: {'num_channels': [128, 128, 128], 'kernel_size': 3, 'dropout': 0.5, 'lr': 0.003, 'weight_decay': 0.01} | Val AUC: 0.8208
[INFO] Config 52/486: {'num_channels': [128, 128, 128], 'kernel_size': 3, 'dropout': 0.5, 'lr': 0.005, 'weight_decay': 0.0001} | Val AUC: 0.8232
[INFO] Config 53/486: {'num_channels': [128, 128, 128], 'kernel_size': 3, 'dropout': 0.5, 'lr': 0.005, 'weight_decay': 0.001} | Val AUC: 0.8201
[INFO] Config 54/486: {'num_channels': [128, 128, 128], 'kernel_size': 3, 'dropout': 0.5, 'lr': 0.005, 'weight_decay': 0.01} | Val AUC: 0.8206
[INFO] Config 55/486: {'num_channels': [128, 128, 128], 'kernel_size': 5, 'dropout': 0.1, 'lr': 0.001, 'weight_decay': 0.0001} | Val AUC: 0.8264
[INFO] Config 56/486: {'num_channels': [128, 128, 128], 'kernel_size': 5, 'dropout': 0.1, 'lr': 0.001, 'weight_decay': 0.001} | Val AUC: 0.8241
[INFO] Config 57/486: {'num_channels': [128, 128, 128], 'kernel_size': 5, 'dropout': 0.1, 'lr': 0.001, 'weight_decay': 0.01} | Val AUC: 0.8244
[INFO] Config 58/486: {'num_channels': [128, 128, 128], 'kernel_size': 5, 'dropout': 0.1, 'lr': 0.003, 'weight_decay': 0.0001} | Val AUC: 0.8253
[INFO] Config 59/486: {'num_channels': [128, 128, 128], 'kernel_size': 5, 'dropout': 0.1, 'lr': 0.003, 'weight_decay': 0.001} | Val AUC: 0.8251
[INFO] Config 60/486: {'num_channels': [128, 128, 128], 'kernel_size': 5, 'dropout': 0.1, 'lr': 0.003, 'weight_decay': 0.01} | Val AUC: 0.8208
[INFO] Config 61/486: {'num_channels': [128, 128, 128], 'kernel_size': 5, 'dropout': 0.1, 'lr': 0.005, 'weight_decay': 0.0001} | Val AUC: 0.8218
[INFO] Config 62/486: {'num_channels': [128, 128, 128], 'kernel_size': 5, 'dropout': 0.1, 'lr': 0.005, 'weight_decay': 0.001} | Val AUC: 0.8198
[INFO] Config 63/486: {'num_channels': [128, 128, 128], 'kernel_size': 5, 'dropout': 0.1, 'lr': 0.005, 'weight_decay': 0.01} | Val AUC: 0.8165
[INFO] Config 64/486: {'num_channels': [128, 128, 128], 'kernel_size': 5, 'dropout': 0.3, 'lr': 0.001, 'weight_decay': 0.0001} | Val AUC: 0.8186
[INFO] Config 65/486: {'num_channels': [128, 128, 128], 'kernel_size': 5, 'dropout': 0.3, 'lr': 0.001, 'weight_decay': 0.001} | Val AUC: 0.8205
[INFO] Config 66/486: {'num_channels': [128, 128, 128], 'kernel_size': 5, 'dropout': 0.3, 'lr': 0.001, 'weight_decay': 0.01} | Val AUC: 0.8184
[INFO] Config 67/486: {'num_channels': [128, 128, 128], 'kernel_size': 5, 'dropout': 0.3, 'lr': 0.003, 'weight_decay': 0.0001} | Val AUC: 0.8199
[INFO] Config 68/486: {'num_channels': [128, 128, 128], 'kernel_size': 5, 'dropout': 0.3, 'lr': 0.003, 'weight_decay': 0.001} | Val AUC: 0.8225
[INFO] Config 69/486: {'num_channels': [128, 128, 128], 'kernel_size': 5, 'dropout': 0.3, 'lr': 0.003, 'weight_decay': 0.01} | Val AUC: 0.8243
[INFO] Config 70/486: {'num_channels': [128, 128, 128], 'kernel_size': 5, 'dropout': 0.3, 'lr': 0.005, 'weight_decay': 0.0001} | Val AUC: 0.8167
[INFO] Config 71/486: {'num_channels': [128, 128, 128], 'kernel_size': 5, 'dropout': 0.3, 'lr': 0.005, 'weight_decay': 0.001} | Val AUC: 0.8168
[INFO] Config 72/486: {'num_channels': [128, 128, 128], 'kernel_size': 5, 'dropout': 0.3, 'lr': 0.005, 'weight_decay': 0.01} | Val AUC: 0.8134
[INFO] Config 73/486: {'num_channels': [128, 128, 128], 'kernel_size': 5, 'dropout': 0.5, 'lr': 0.001, 'weight_decay': 0.0001} | Val AUC: 0.8164
[INFO] Config 74/486: {'num_channels': [128, 128, 128], 'kernel_size': 5, 'dropout': 0.5, 'lr': 0.001, 'weight_decay': 0.001} | Val AUC: 0.8122
[INFO] Config 75/486: {'num_channels': [128, 128, 128], 'kernel_size': 5, 'dropout': 0.5, 'lr': 0.001, 'weight_decay': 0.01} | Val AUC: 0.8138
[INFO] Config 76/486: {'num_channels': [128, 128, 128], 'kernel_size': 5, 'dropout': 0.5, 'lr': 0.003, 'weight_decay': 0.0001} | Val AUC: 0.8149
[INFO] Config 77/486: {'num_channels': [128, 128, 128], 'kernel_size': 5, 'dropout': 0.5, 'lr': 0.003, 'weight_decay': 0.001} | Val AUC: 0.8127
[INFO] Config 78/486: {'num_channels': [128, 128, 128], 'kernel_size': 5, 'dropout': 0.5, 'lr': 0.003, 'weight_decay': 0.01} | Val AUC: 0.8176
[INFO] Config 79/486: {'num_channels': [128, 128, 128], 'kernel_size': 5, 'dropout': 0.5, 'lr': 0.005, 'weight_decay': 0.0001} | Val AUC: 0.8116
[INFO] Config 80/486: {'num_channels': [128, 128, 128], 'kernel_size': 5, 'dropout': 0.5, 'lr': 0.005, 'weight_decay': 0.001} | Val AUC: 0.8125
[INFO] Config 81/486: {'num_channels': [128, 128, 128], 'kernel_size': 5, 'dropout': 0.5, 'lr': 0.005, 'weight_decay': 0.01} | Val AUC: 0.8136
[INFO] Config 82/486: {'num_channels': [256, 256, 256], 'kernel_size': 2, 'dropout': 0.1, 'lr': 0.001, 'weight_decay': 0.0001} | Val AUC: 0.8307
[INFO] Config 83/486: {'num_channels': [256, 256, 256], 'kernel_size': 2, 'dropout': 0.1, 'lr': 0.001, 'weight_decay': 0.001} | Val AUC: 0.8284
[INFO] Config 84/486: {'num_channels': [256, 256, 256], 'kernel_size': 2, 'dropout': 0.1, 'lr': 0.001, 'weight_decay': 0.01} | Val AUC: 0.8310
[INFO] Config 85/486: {'num_channels': [256, 256, 256], 'kernel_size': 2, 'dropout': 0.1, 'lr': 0.003, 'weight_decay': 0.0001} | Val AUC: 0.8313
[INFO] Config 86/486: {'num_channels': [256, 256, 256], 'kernel_size': 2, 'dropout': 0.1, 'lr': 0.003, 'weight_decay': 0.001} | Val AUC: 0.8339
[INFO] Config 87/486: {'num_channels': [256, 256, 256], 'kernel_size': 2, 'dropout': 0.1, 'lr': 0.003, 'weight_decay': 0.01} | Val AUC: 0.8317
[INFO] Config 88/486: {'num_channels': [256, 256, 256], 'kernel_size': 2, 'dropout': 0.1, 'lr': 0.005, 'weight_decay': 0.0001} | Val AUC: 0.8321
[INFO] Config 89/486: {'num_channels': [256, 256, 256], 'kernel_size': 2, 'dropout': 0.1, 'lr': 0.005, 'weight_decay': 0.001} | Val AUC: 0.8317
[INFO] Config 90/486: {'num_channels': [256, 256, 256], 'kernel_size': 2, 'dropout': 0.1, 'lr': 0.005, 'weight_decay': 0.01} | Val AUC: 0.8324
[INFO] Config 91/486: {'num_channels': [256, 256, 256], 'kernel_size': 2, 'dropout': 0.3, 'lr': 0.001, 'weight_decay': 0.0001} | Val AUC: 0.8227
[INFO] Config 92/486: {'num_channels': [256, 256, 256], 'kernel_size': 2, 'dropout': 0.3, 'lr': 0.001, 'weight_decay': 0.001} | Val AUC: 0.8236
[INFO] Config 93/486: {'num_channels': [256, 256, 256], 'kernel_size': 2, 'dropout': 0.3, 'lr': 0.001, 'weight_decay': 0.01} | Val AUC: 0.8221
[INFO] Config 94/486: {'num_channels': [256, 256, 256], 'kernel_size': 2, 'dropout': 0.3, 'lr': 0.003, 'weight_decay': 0.0001} | Val AUC: 0.8300
[INFO] Config 95/486: {'num_channels': [256, 256, 256], 'kernel_size': 2, 'dropout': 0.3, 'lr': 0.003, 'weight_decay': 0.001} | Val AUC: 0.8312
[INFO] Config 96/486: {'num_channels': [256, 256, 256], 'kernel_size': 2, 'dropout': 0.3, 'lr': 0.003, 'weight_decay': 0.01} | Val AUC: 0.8306
[INFO] Config 97/486: {'num_channels': [256, 256, 256], 'kernel_size': 2, 'dropout': 0.3, 'lr': 0.005, 'weight_decay': 0.0001} | Val AUC: 0.8319
[INFO] Config 98/486: {'num_channels': [256, 256, 256], 'kernel_size': 2, 'dropout': 0.3, 'lr': 0.005, 'weight_decay': 0.001} | Val AUC: 0.8298
[INFO] Config 99/486: {'num_channels': [256, 256, 256], 'kernel_size': 2, 'dropout': 0.3, 'lr': 0.005, 'weight_decay': 0.01} | Val AUC: 0.8317
[INFO] Config 100/486: {'num_channels': [256, 256, 256], 'kernel_size': 2, 'dropout': 0.5, 'lr': 0.001, 'weight_decay': 0.0001} | Val AUC: 0.8134
[INFO] Config 101/486: {'num_channels': [256, 256, 256], 'kernel_size': 2, 'dropout': 0.5, 'lr': 0.001, 'weight_decay': 0.001} | Val AUC: 0.8159
[INFO] Config 102/486: {'num_channels': [256, 256, 256], 'kernel_size': 2, 'dropout': 0.5, 'lr': 0.001, 'weight_decay': 0.01} | Val AUC: 0.8135
[INFO] Config 103/486: {'num_channels': [256, 256, 256], 'kernel_size': 2, 'dropout': 0.5, 'lr': 0.003, 'weight_decay': 0.0001} | Val AUC: 0.8263
[INFO] Config 104/486: {'num_channels': [256, 256, 256], 'kernel_size': 2, 'dropout': 0.5, 'lr': 0.003, 'weight_decay': 0.001} | Val AUC: 0.8277
[INFO] Config 105/486: {'num_channels': [256, 256, 256], 'kernel_size': 2, 'dropout': 0.5, 'lr': 0.003, 'weight_decay': 0.01} | Val AUC: 0.8260
[INFO] Config 106/486: {'num_channels': [256, 256, 256], 'kernel_size': 2, 'dropout': 0.5, 'lr': 0.005, 'weight_decay': 0.0001} | Val AUC: 0.8254
[INFO] Config 107/486: {'num_channels': [256, 256, 256], 'kernel_size': 2, 'dropout': 0.5, 'lr': 0.005, 'weight_decay': 0.001} | Val AUC: 0.8270
[INFO] Config 108/486: {'num_channels': [256, 256, 256], 'kernel_size': 2, 'dropout': 0.5, 'lr': 0.005, 'weight_decay': 0.01} | Val AUC: 0.8252
[INFO] Config 109/486: {'num_channels': [256, 256, 256], 'kernel_size': 3, 'dropout': 0.1, 'lr': 0.001, 'weight_decay': 0.0001} | Val AUC: 0.8284
[INFO] Config 110/486: {'num_channels': [256, 256, 256], 'kernel_size': 3, 'dropout': 0.1, 'lr': 0.001, 'weight_decay': 0.001} | Val AUC: 0.8294
[INFO] Config 111/486: {'num_channels': [256, 256, 256], 'kernel_size': 3, 'dropout': 0.1, 'lr': 0.001, 'weight_decay': 0.01} | Val AUC: 0.8296
[INFO] Config 112/486: {'num_channels': [256, 256, 256], 'kernel_size': 3, 'dropout': 0.1, 'lr': 0.003, 'weight_decay': 0.0001} | Val AUC: 0.8302
[INFO] Config 113/486: {'num_channels': [256, 256, 256], 'kernel_size': 3, 'dropout': 0.1, 'lr': 0.003, 'weight_decay': 0.001} | Val AUC: 0.8303
[INFO] Config 114/486: {'num_channels': [256, 256, 256], 'kernel_size': 3, 'dropout': 0.1, 'lr': 0.003, 'weight_decay': 0.01} | Val AUC: 0.8318
[INFO] Config 115/486: {'num_channels': [256, 256, 256], 'kernel_size': 3, 'dropout': 0.1, 'lr': 0.005, 'weight_decay': 0.0001} | Val AUC: 0.8251
[INFO] Config 116/486: {'num_channels': [256, 256, 256], 'kernel_size': 3, 'dropout': 0.1, 'lr': 0.005, 'weight_decay': 0.001} | Val AUC: 0.8277
[INFO] Config 117/486: {'num_channels': [256, 256, 256], 'kernel_size': 3, 'dropout': 0.1, 'lr': 0.005, 'weight_decay': 0.01} | Val AUC: 0.8291
[INFO] Config 118/486: {'num_channels': [256, 256, 256], 'kernel_size': 3, 'dropout': 0.3, 'lr': 0.001, 'weight_decay': 0.0001} | Val AUC: 0.8226
[INFO] Config 119/486: {'num_channels': [256, 256, 256], 'kernel_size': 3, 'dropout': 0.3, 'lr': 0.001, 'weight_decay': 0.001} | Val AUC: 0.8238
[INFO] Config 120/486: {'num_channels': [256, 256, 256], 'kernel_size': 3, 'dropout': 0.3, 'lr': 0.001, 'weight_decay': 0.01} | Val AUC: 0.8251
[INFO] Config 121/486: {'num_channels': [256, 256, 256], 'kernel_size': 3, 'dropout': 0.3, 'lr': 0.003, 'weight_decay': 0.0001} | Val AUC: 0.8242
[INFO] Config 122/486: {'num_channels': [256, 256, 256], 'kernel_size': 3, 'dropout': 0.3, 'lr': 0.003, 'weight_decay': 0.001} | Val AUC: 0.8268
[INFO] Config 123/486: {'num_channels': [256, 256, 256], 'kernel_size': 3, 'dropout': 0.3, 'lr': 0.003, 'weight_decay': 0.01} | Val AUC: 0.8249
[INFO] Config 124/486: {'num_channels': [256, 256, 256], 'kernel_size': 3, 'dropout': 0.3, 'lr': 0.005, 'weight_decay': 0.0001} | Val AUC: 0.8222
[INFO] Config 125/486: {'num_channels': [256, 256, 256], 'kernel_size': 3, 'dropout': 0.3, 'lr': 0.005, 'weight_decay': 0.001} | Val AUC: 0.8209
[INFO] Config 126/486: {'num_channels': [256, 256, 256], 'kernel_size': 3, 'dropout': 0.3, 'lr': 0.005, 'weight_decay': 0.01} | Val AUC: 0.8246
[INFO] Config 127/486: {'num_channels': [256, 256, 256], 'kernel_size': 3, 'dropout': 0.5, 'lr': 0.001, 'weight_decay': 0.0001} | Val AUC: 0.8164
[INFO] Config 128/486: {'num_channels': [256, 256, 256], 'kernel_size': 3, 'dropout': 0.5, 'lr': 0.001, 'weight_decay': 0.001} | Val AUC: 0.8171
[INFO] Config 129/486: {'num_channels': [256, 256, 256], 'kernel_size': 3, 'dropout': 0.5, 'lr': 0.001, 'weight_decay': 0.01} | Val AUC: 0.8160
[INFO] Config 130/486: {'num_channels': [256, 256, 256], 'kernel_size': 3, 'dropout': 0.5, 'lr': 0.003, 'weight_decay': 0.0001} | Val AUC: 0.8190
[INFO] Config 131/486: {'num_channels': [256, 256, 256], 'kernel_size': 3, 'dropout': 0.5, 'lr': 0.003, 'weight_decay': 0.001} | Val AUC: 0.8202
[INFO] Config 132/486: {'num_channels': [256, 256, 256], 'kernel_size': 3, 'dropout': 0.5, 'lr': 0.003, 'weight_decay': 0.01} | Val AUC: 0.8196
[INFO] Config 133/486: {'num_channels': [256, 256, 256], 'kernel_size': 3, 'dropout': 0.5, 'lr': 0.005, 'weight_decay': 0.0001} | Val AUC: 0.8186
[INFO] Config 134/486: {'num_channels': [256, 256, 256], 'kernel_size': 3, 'dropout': 0.5, 'lr': 0.005, 'weight_decay': 0.001} | Val AUC: 0.8182
[INFO] Config 135/486: {'num_channels': [256, 256, 256], 'kernel_size': 3, 'dropout': 0.5, 'lr': 0.005, 'weight_decay': 0.01} | Val AUC: 0.8201
[INFO] Config 136/486: {'num_channels': [256, 256, 256], 'kernel_size': 5, 'dropout': 0.1, 'lr': 0.001, 'weight_decay': 0.0001} | Val AUC: 0.8271
[INFO] Config 137/486: {'num_channels': [256, 256, 256], 'kernel_size': 5, 'dropout': 0.1, 'lr': 0.001, 'weight_decay': 0.001} | Val AUC: 0.8243
[INFO] Config 138/486: {'num_channels': [256, 256, 256], 'kernel_size': 5, 'dropout': 0.1, 'lr': 0.001, 'weight_decay': 0.01} | Val AUC: 0.8281
[INFO] Config 139/486: {'num_channels': [256, 256, 256], 'kernel_size': 5, 'dropout': 0.1, 'lr': 0.003, 'weight_decay': 0.0001} | Val AUC: 0.8186
[INFO] Config 140/486: {'num_channels': [256, 256, 256], 'kernel_size': 5, 'dropout': 0.1, 'lr': 0.003, 'weight_decay': 0.001} | Val AUC: 0.8210
[INFO] Config 141/486: {'num_channels': [256, 256, 256], 'kernel_size': 5, 'dropout': 0.1, 'lr': 0.003, 'weight_decay': 0.01} | Val AUC: 0.8248
[INFO] Config 142/486: {'num_channels': [256, 256, 256], 'kernel_size': 5, 'dropout': 0.1, 'lr': 0.005, 'weight_decay': 0.0001} | Val AUC: 0.8157
[INFO] Config 143/486: {'num_channels': [256, 256, 256], 'kernel_size': 5, 'dropout': 0.1, 'lr': 0.005, 'weight_decay': 0.001} | Val AUC: 0.8194
[INFO] Config 144/486: {'num_channels': [256, 256, 256], 'kernel_size': 5, 'dropout': 0.1, 'lr': 0.005, 'weight_decay': 0.01} | Val AUC: 0.8139
[INFO] Config 145/486: {'num_channels': [256, 256, 256], 'kernel_size': 5, 'dropout': 0.3, 'lr': 0.001, 'weight_decay': 0.0001} | Val AUC: 0.8217
[INFO] Config 146/486: {'num_channels': [256, 256, 256], 'kernel_size': 5, 'dropout': 0.3, 'lr': 0.001, 'weight_decay': 0.001} | Val AUC: 0.8176
[INFO] Config 147/486: {'num_channels': [256, 256, 256], 'kernel_size': 5, 'dropout': 0.3, 'lr': 0.001, 'weight_decay': 0.01} | Val AUC: 0.8204
[INFO] Config 148/486: {'num_channels': [256, 256, 256], 'kernel_size': 5, 'dropout': 0.3, 'lr': 0.003, 'weight_decay': 0.0001} | Val AUC: 0.8186
[INFO] Config 149/486: {'num_channels': [256, 256, 256], 'kernel_size': 5, 'dropout': 0.3, 'lr': 0.003, 'weight_decay': 0.001} | Val AUC: 0.8141
[INFO] Config 150/486: {'num_channels': [256, 256, 256], 'kernel_size': 5, 'dropout': 0.3, 'lr': 0.003, 'weight_decay': 0.01} | Val AUC: 0.8184
[INFO] Config 151/486: {'num_channels': [256, 256, 256], 'kernel_size': 5, 'dropout': 0.3, 'lr': 0.005, 'weight_decay': 0.0001} | Val AUC: 0.8116
[INFO] Config 152/486: {'num_channels': [256, 256, 256], 'kernel_size': 5, 'dropout': 0.3, 'lr': 0.005, 'weight_decay': 0.001} | Val AUC: 0.8163
[INFO] Config 153/486: {'num_channels': [256, 256, 256], 'kernel_size': 5, 'dropout': 0.3, 'lr': 0.005, 'weight_decay': 0.01} | Val AUC: 0.8130
[INFO] Config 154/486: {'num_channels': [256, 256, 256], 'kernel_size': 5, 'dropout': 0.5, 'lr': 0.001, 'weight_decay': 0.0001} | Val AUC: 0.8137
[INFO] Config 155/486: {'num_channels': [256, 256, 256], 'kernel_size': 5, 'dropout': 0.5, 'lr': 0.001, 'weight_decay': 0.001} | Val AUC: 0.8130
[INFO] Config 156/486: {'num_channels': [256, 256, 256], 'kernel_size': 5, 'dropout': 0.5, 'lr': 0.001, 'weight_decay': 0.01} | Val AUC: 0.8136
[INFO] Config 157/486: {'num_channels': [256, 256, 256], 'kernel_size': 5, 'dropout': 0.5, 'lr': 0.003, 'weight_decay': 0.0001} | Val AUC: 0.8105
[INFO] Config 158/486: {'num_channels': [256, 256, 256], 'kernel_size': 5, 'dropout': 0.5, 'lr': 0.003, 'weight_decay': 0.001} | Val AUC: 0.8128
[INFO] Config 159/486: {'num_channels': [256, 256, 256], 'kernel_size': 5, 'dropout': 0.5, 'lr': 0.003, 'weight_decay': 0.01} | Val AUC: 0.8113
[INFO] Config 160/486: {'num_channels': [256, 256, 256], 'kernel_size': 5, 'dropout': 0.5, 'lr': 0.005, 'weight_decay': 0.0001} | Val AUC: 0.8065
[INFO] Config 161/486: {'num_channels': [256, 256, 256], 'kernel_size': 5, 'dropout': 0.5, 'lr': 0.005, 'weight_decay': 0.001} | Val AUC: 0.8073
[INFO] Config 162/486: {'num_channels': [256, 256, 256], 'kernel_size': 5, 'dropout': 0.5, 'lr': 0.005, 'weight_decay': 0.01} | Val AUC: 0.8102
[INFO] Config 163/486: {'num_channels': [128, 256, 512], 'kernel_size': 2, 'dropout': 0.1, 'lr': 0.001, 'weight_decay': 0.0001} | Val AUC: 0.8268
[INFO] Config 164/486: {'num_channels': [128, 256, 512], 'kernel_size': 2, 'dropout': 0.1, 'lr': 0.001, 'weight_decay': 0.001} | Val AUC: 0.8262
[INFO] Config 165/486: {'num_channels': [128, 256, 512], 'kernel_size': 2, 'dropout': 0.1, 'lr': 0.001, 'weight_decay': 0.01} | Val AUC: 0.8260
[INFO] Config 166/486: {'num_channels': [128, 256, 512], 'kernel_size': 2, 'dropout': 0.1, 'lr': 0.003, 'weight_decay': 0.0001} | Val AUC: 0.8309
[INFO] Config 167/486: {'num_channels': [128, 256, 512], 'kernel_size': 2, 'dropout': 0.1, 'lr': 0.003, 'weight_decay': 0.001} | Val AUC: 0.8332
[INFO] Config 168/486: {'num_channels': [128, 256, 512], 'kernel_size': 2, 'dropout': 0.1, 'lr': 0.003, 'weight_decay': 0.01} | Val AUC: 0.8327
[INFO] Config 169/486: {'num_channels': [128, 256, 512], 'kernel_size': 2, 'dropout': 0.1, 'lr': 0.005, 'weight_decay': 0.0001} | Val AUC: 0.8305
[INFO] Config 170/486: {'num_channels': [128, 256, 512], 'kernel_size': 2, 'dropout': 0.1, 'lr': 0.005, 'weight_decay': 0.001} | Val AUC: 0.8317
[INFO] Config 171/486: {'num_channels': [128, 256, 512], 'kernel_size': 2, 'dropout': 0.1, 'lr': 0.005, 'weight_decay': 0.01} | Val AUC: 0.8266
[INFO] Config 172/486: {'num_channels': [128, 256, 512], 'kernel_size': 2, 'dropout': 0.3, 'lr': 0.001, 'weight_decay': 0.0001} | Val AUC: 0.8165
[INFO] Config 173/486: {'num_channels': [128, 256, 512], 'kernel_size': 2, 'dropout': 0.3, 'lr': 0.001, 'weight_decay': 0.001} | Val AUC: 0.8160
[INFO] Config 174/486: {'num_channels': [128, 256, 512], 'kernel_size': 2, 'dropout': 0.3, 'lr': 0.001, 'weight_decay': 0.01} | Val AUC: 0.8162
[INFO] Config 175/486: {'num_channels': [128, 256, 512], 'kernel_size': 2, 'dropout': 0.3, 'lr': 0.003, 'weight_decay': 0.0001} | Val AUC: 0.8268
[INFO] Config 176/486: {'num_channels': [128, 256, 512], 'kernel_size': 2, 'dropout': 0.3, 'lr': 0.003, 'weight_decay': 0.001} | Val AUC: 0.8241
[INFO] Config 177/486: {'num_channels': [128, 256, 512], 'kernel_size': 2, 'dropout': 0.3, 'lr': 0.003, 'weight_decay': 0.01} | Val AUC: 0.8264
[INFO] Config 178/486: {'num_channels': [128, 256, 512], 'kernel_size': 2, 'dropout': 0.3, 'lr': 0.005, 'weight_decay': 0.0001} | Val AUC: 0.8290
[INFO] Config 179/486: {'num_channels': [128, 256, 512], 'kernel_size': 2, 'dropout': 0.3, 'lr': 0.005, 'weight_decay': 0.001} | Val AUC: 0.8263
[INFO] Config 180/486: {'num_channels': [128, 256, 512], 'kernel_size': 2, 'dropout': 0.3, 'lr': 0.005, 'weight_decay': 0.01} | Val AUC: 0.8257
[INFO] Config 181/486: {'num_channels': [128, 256, 512], 'kernel_size': 2, 'dropout': 0.5, 'lr': 0.001, 'weight_decay': 0.0001} | Val AUC: 0.8083
[INFO] Config 182/486: {'num_channels': [128, 256, 512], 'kernel_size': 2, 'dropout': 0.5, 'lr': 0.001, 'weight_decay': 0.001} | Val AUC: 0.8086
[INFO] Config 183/486: {'num_channels': [128, 256, 512], 'kernel_size': 2, 'dropout': 0.5, 'lr': 0.001, 'weight_decay': 0.01} | Val AUC: 0.8058
[INFO] Config 184/486: {'num_channels': [128, 256, 512], 'kernel_size': 2, 'dropout': 0.5, 'lr': 0.003, 'weight_decay': 0.0001} | Val AUC: 0.8184
[INFO] Config 185/486: {'num_channels': [128, 256, 512], 'kernel_size': 2, 'dropout': 0.5, 'lr': 0.003, 'weight_decay': 0.001} | Val AUC: 0.8202
[INFO] Config 186/486: {'num_channels': [128, 256, 512], 'kernel_size': 2, 'dropout': 0.5, 'lr': 0.003, 'weight_decay': 0.01} | Val AUC: 0.8205
[INFO] Config 187/486: {'num_channels': [128, 256, 512], 'kernel_size': 2, 'dropout': 0.5, 'lr': 0.005, 'weight_decay': 0.0001} | Val AUC: 0.8222
[INFO] Config 188/486: {'num_channels': [128, 256, 512], 'kernel_size': 2, 'dropout': 0.5, 'lr': 0.005, 'weight_decay': 0.001} | Val AUC: 0.8229
[INFO] Config 189/486: {'num_channels': [128, 256, 512], 'kernel_size': 2, 'dropout': 0.5, 'lr': 0.005, 'weight_decay': 0.01} | Val AUC: 0.8202
[INFO] Config 190/486: {'num_channels': [128, 256, 512], 'kernel_size': 3, 'dropout': 0.1, 'lr': 0.001, 'weight_decay': 0.0001} | Val AUC: 0.8285
[INFO] Config 191/486: {'num_channels': [128, 256, 512], 'kernel_size': 3, 'dropout': 0.1, 'lr': 0.001, 'weight_decay': 0.001} | Val AUC: 0.8240
[INFO] Config 192/486: {'num_channels': [128, 256, 512], 'kernel_size': 3, 'dropout': 0.1, 'lr': 0.001, 'weight_decay': 0.01} | Val AUC: 0.8260
[INFO] Config 193/486: {'num_channels': [128, 256, 512], 'kernel_size': 3, 'dropout': 0.1, 'lr': 0.003, 'weight_decay': 0.0001} | Val AUC: 0.8287
[INFO] Config 194/486: {'num_channels': [128, 256, 512], 'kernel_size': 3, 'dropout': 0.1, 'lr': 0.003, 'weight_decay': 0.001} | Val AUC: 0.8270
[INFO] Config 195/486: {'num_channels': [128, 256, 512], 'kernel_size': 3, 'dropout': 0.1, 'lr': 0.003, 'weight_decay': 0.01} | Val AUC: 0.8265
[INFO] Config 196/486: {'num_channels': [128, 256, 512], 'kernel_size': 3, 'dropout': 0.1, 'lr': 0.005, 'weight_decay': 0.0001} | Val AUC: 0.8277
[INFO] Config 197/486: {'num_channels': [128, 256, 512], 'kernel_size': 3, 'dropout': 0.1, 'lr': 0.005, 'weight_decay': 0.001} | Val AUC: 0.8282
[INFO] Config 198/486: {'num_channels': [128, 256, 512], 'kernel_size': 3, 'dropout': 0.1, 'lr': 0.005, 'weight_decay': 0.01} | Val AUC: 0.8255
[INFO] Config 199/486: {'num_channels': [128, 256, 512], 'kernel_size': 3, 'dropout': 0.3, 'lr': 0.001, 'weight_decay': 0.0001} | Val AUC: 0.8185
[INFO] Config 200/486: {'num_channels': [128, 256, 512], 'kernel_size': 3, 'dropout': 0.3, 'lr': 0.001, 'weight_decay': 0.001} | Val AUC: 0.8190
[INFO] Config 201/486: {'num_channels': [128, 256, 512], 'kernel_size': 3, 'dropout': 0.3, 'lr': 0.001, 'weight_decay': 0.01} | Val AUC: 0.8190
[INFO] Config 202/486: {'num_channels': [128, 256, 512], 'kernel_size': 3, 'dropout': 0.3, 'lr': 0.003, 'weight_decay': 0.0001} | Val AUC: 0.8233
[INFO] Config 203/486: {'num_channels': [128, 256, 512], 'kernel_size': 3, 'dropout': 0.3, 'lr': 0.003, 'weight_decay': 0.001} | Val AUC: 0.8206
[INFO] Config 204/486: {'num_channels': [128, 256, 512], 'kernel_size': 3, 'dropout': 0.3, 'lr': 0.003, 'weight_decay': 0.01} | Val AUC: 0.8202
[INFO] Config 205/486: {'num_channels': [128, 256, 512], 'kernel_size': 3, 'dropout': 0.3, 'lr': 0.005, 'weight_decay': 0.0001} | Val AUC: 0.8202
[INFO] Config 206/486: {'num_channels': [128, 256, 512], 'kernel_size': 3, 'dropout': 0.3, 'lr': 0.005, 'weight_decay': 0.001} | Val AUC: 0.8280
[INFO] Config 207/486: {'num_channels': [128, 256, 512], 'kernel_size': 3, 'dropout': 0.3, 'lr': 0.005, 'weight_decay': 0.01} | Val AUC: 0.8209
[INFO] Config 208/486: {'num_channels': [128, 256, 512], 'kernel_size': 3, 'dropout': 0.5, 'lr': 0.001, 'weight_decay': 0.0001} | Val AUC: 0.8086
[INFO] Config 209/486: {'num_channels': [128, 256, 512], 'kernel_size': 3, 'dropout': 0.5, 'lr': 0.001, 'weight_decay': 0.001} | Val AUC: 0.8100
[INFO] Config 210/486: {'num_channels': [128, 256, 512], 'kernel_size': 3, 'dropout': 0.5, 'lr': 0.001, 'weight_decay': 0.01} | Val AUC: 0.8086
[INFO] Config 211/486: {'num_channels': [128, 256, 512], 'kernel_size': 3, 'dropout': 0.5, 'lr': 0.003, 'weight_decay': 0.0001} | Val AUC: 0.8176
[INFO] Config 212/486: {'num_channels': [128, 256, 512], 'kernel_size': 3, 'dropout': 0.5, 'lr': 0.003, 'weight_decay': 0.001} | Val AUC: 0.8133
[INFO] Config 213/486: {'num_channels': [128, 256, 512], 'kernel_size': 3, 'dropout': 0.5, 'lr': 0.003, 'weight_decay': 0.01} | Val AUC: 0.8118
[INFO] Config 214/486: {'num_channels': [128, 256, 512], 'kernel_size': 3, 'dropout': 0.5, 'lr': 0.005, 'weight_decay': 0.0001} | Val AUC: 0.8148
[INFO] Config 215/486: {'num_channels': [128, 256, 512], 'kernel_size': 3, 'dropout': 0.5, 'lr': 0.005, 'weight_decay': 0.001} | Val AUC: 0.8230
[INFO] Config 216/486: {'num_channels': [128, 256, 512], 'kernel_size': 3, 'dropout': 0.5, 'lr': 0.005, 'weight_decay': 0.01} | Val AUC: 0.8133
[INFO] Config 217/486: {'num_channels': [128, 256, 512], 'kernel_size': 5, 'dropout': 0.1, 'lr': 0.001, 'weight_decay': 0.0001} | Val AUC: 0.8187
[INFO] Config 218/486: {'num_channels': [128, 256, 512], 'kernel_size': 5, 'dropout': 0.1, 'lr': 0.001, 'weight_decay': 0.001} | Val AUC: 0.8169
[INFO] Config 219/486: {'num_channels': [128, 256, 512], 'kernel_size': 5, 'dropout': 0.1, 'lr': 0.001, 'weight_decay': 0.01} | Val AUC: 0.8225
[INFO] Config 220/486: {'num_channels': [128, 256, 512], 'kernel_size': 5, 'dropout': 0.1, 'lr': 0.003, 'weight_decay': 0.0001} | Val AUC: 0.8194
[INFO] Config 221/486: {'num_channels': [128, 256, 512], 'kernel_size': 5, 'dropout': 0.1, 'lr': 0.003, 'weight_decay': 0.001} | Val AUC: 0.8189
[INFO] Config 222/486: {'num_channels': [128, 256, 512], 'kernel_size': 5, 'dropout': 0.1, 'lr': 0.003, 'weight_decay': 0.01} | Val AUC: 0.8166
[INFO] Config 223/486: {'num_channels': [128, 256, 512], 'kernel_size': 5, 'dropout': 0.1, 'lr': 0.005, 'weight_decay': 0.0001} | Val AUC: 0.8125
[INFO] Config 224/486: {'num_channels': [128, 256, 512], 'kernel_size': 5, 'dropout': 0.1, 'lr': 0.005, 'weight_decay': 0.001} | Val AUC: 0.8151
[INFO] Config 225/486: {'num_channels': [128, 256, 512], 'kernel_size': 5, 'dropout': 0.1, 'lr': 0.005, 'weight_decay': 0.01} | Val AUC: 0.8146
[INFO] Config 226/486: {'num_channels': [128, 256, 512], 'kernel_size': 5, 'dropout': 0.3, 'lr': 0.001, 'weight_decay': 0.0001} | Val AUC: 0.8175
[INFO] Config 227/486: {'num_channels': [128, 256, 512], 'kernel_size': 5, 'dropout': 0.3, 'lr': 0.001, 'weight_decay': 0.001} | Val AUC: 0.8162
[INFO] Config 228/486: {'num_channels': [128, 256, 512], 'kernel_size': 5, 'dropout': 0.3, 'lr': 0.001, 'weight_decay': 0.01} | Val AUC: 0.8140
[INFO] Config 229/486: {'num_channels': [128, 256, 512], 'kernel_size': 5, 'dropout': 0.3, 'lr': 0.003, 'weight_decay': 0.0001} | Val AUC: 0.8115
[INFO] Config 230/486: {'num_channels': [128, 256, 512], 'kernel_size': 5, 'dropout': 0.3, 'lr': 0.003, 'weight_decay': 0.001} | Val AUC: 0.8134
[INFO] Config 231/486: {'num_channels': [128, 256, 512], 'kernel_size': 5, 'dropout': 0.3, 'lr': 0.003, 'weight_decay': 0.01} | Val AUC: 0.8136
[INFO] Config 232/486: {'num_channels': [128, 256, 512], 'kernel_size': 5, 'dropout': 0.3, 'lr': 0.005, 'weight_decay': 0.0001} | Val AUC: 0.8133
[INFO] Config 233/486: {'num_channels': [128, 256, 512], 'kernel_size': 5, 'dropout': 0.3, 'lr': 0.005, 'weight_decay': 0.001} | Val AUC: 0.8114
[INFO] Config 234/486: {'num_channels': [128, 256, 512], 'kernel_size': 5, 'dropout': 0.3, 'lr': 0.005, 'weight_decay': 0.01} | Val AUC: 0.8075
[INFO] Config 235/486: {'num_channels': [128, 256, 512], 'kernel_size': 5, 'dropout': 0.5, 'lr': 0.001, 'weight_decay': 0.0001} | Val AUC: 0.8047
[INFO] Config 236/486: {'num_channels': [128, 256, 512], 'kernel_size': 5, 'dropout': 0.5, 'lr': 0.001, 'weight_decay': 0.001} | Val AUC: 0.8074
[INFO] Config 237/486: {'num_channels': [128, 256, 512], 'kernel_size': 5, 'dropout': 0.5, 'lr': 0.001, 'weight_decay': 0.01} | Val AUC: 0.8085
[INFO] Config 238/486: {'num_channels': [128, 256, 512], 'kernel_size': 5, 'dropout': 0.5, 'lr': 0.003, 'weight_decay': 0.0001} | Val AUC: 0.8077
[INFO] Config 239/486: {'num_channels': [128, 256, 512], 'kernel_size': 5, 'dropout': 0.5, 'lr': 0.003, 'weight_decay': 0.001} | Val AUC: 0.8126
[INFO] Config 240/486: {'num_channels': [128, 256, 512], 'kernel_size': 5, 'dropout': 0.5, 'lr': 0.003, 'weight_decay': 0.01} | Val AUC: 0.8146
[INFO] Config 241/486: {'num_channels': [128, 256, 512], 'kernel_size': 5, 'dropout': 0.5, 'lr': 0.005, 'weight_decay': 0.0001} | Val AUC: 0.8038
[INFO] Config 242/486: {'num_channels': [128, 256, 512], 'kernel_size': 5, 'dropout': 0.5, 'lr': 0.005, 'weight_decay': 0.001} | Val AUC: 0.8052
[INFO] Config 243/486: {'num_channels': [128, 256, 512], 'kernel_size': 5, 'dropout': 0.5, 'lr': 0.005, 'weight_decay': 0.01} | Val AUC: 0.8045
[INFO] Config 244/486: {'num_channels': [256, 512, 512], 'kernel_size': 2, 'dropout': 0.1, 'lr': 0.001, 'weight_decay': 0.0001} | Val AUC: 0.8305
[INFO] Config 245/486: {'num_channels': [256, 512, 512], 'kernel_size': 2, 'dropout': 0.1, 'lr': 0.001, 'weight_decay': 0.001} | Val AUC: 0.8304
[INFO] Config 246/486: {'num_channels': [256, 512, 512], 'kernel_size': 2, 'dropout': 0.1, 'lr': 0.001, 'weight_decay': 0.01} | Val AUC: 0.8309
[INFO] Config 247/486: {'num_channels': [256, 512, 512], 'kernel_size': 2, 'dropout': 0.1, 'lr': 0.003, 'weight_decay': 0.0001} | Val AUC: 0.8322
[INFO] Config 248/486: {'num_channels': [256, 512, 512], 'kernel_size': 2, 'dropout': 0.1, 'lr': 0.003, 'weight_decay': 0.001} | Val AUC: 0.8328
[INFO] Config 249/486: {'num_channels': [256, 512, 512], 'kernel_size': 2, 'dropout': 0.1, 'lr': 0.003, 'weight_decay': 0.01} | Val AUC: 0.8320
[INFO] Config 250/486: {'num_channels': [256, 512, 512], 'kernel_size': 2, 'dropout': 0.1, 'lr': 0.005, 'weight_decay': 0.0001} | Val AUC: 0.8302
[INFO] Config 251/486: {'num_channels': [256, 512, 512], 'kernel_size': 2, 'dropout': 0.1, 'lr': 0.005, 'weight_decay': 0.001} | Val AUC: 0.8316
[INFO] Config 252/486: {'num_channels': [256, 512, 512], 'kernel_size': 2, 'dropout': 0.1, 'lr': 0.005, 'weight_decay': 0.01} | Val AUC: 0.8328
[INFO] Config 253/486: {'num_channels': [256, 512, 512], 'kernel_size': 2, 'dropout': 0.3, 'lr': 0.001, 'weight_decay': 0.0001} | Val AUC: 0.8234
[INFO] Config 254/486: {'num_channels': [256, 512, 512], 'kernel_size': 2, 'dropout': 0.3, 'lr': 0.001, 'weight_decay': 0.001} | Val AUC: 0.8229
[INFO] Config 255/486: {'num_channels': [256, 512, 512], 'kernel_size': 2, 'dropout': 0.3, 'lr': 0.001, 'weight_decay': 0.01} | Val AUC: 0.8204
[INFO] Config 256/486: {'num_channels': [256, 512, 512], 'kernel_size': 2, 'dropout': 0.3, 'lr': 0.003, 'weight_decay': 0.0001} | Val AUC: 0.8300
[INFO] Config 257/486: {'num_channels': [256, 512, 512], 'kernel_size': 2, 'dropout': 0.3, 'lr': 0.003, 'weight_decay': 0.001} | Val AUC: 0.8299
[INFO] Config 258/486: {'num_channels': [256, 512, 512], 'kernel_size': 2, 'dropout': 0.3, 'lr': 0.003, 'weight_decay': 0.01} | Val AUC: 0.8281
[INFO] Config 259/486: {'num_channels': [256, 512, 512], 'kernel_size': 2, 'dropout': 0.3, 'lr': 0.005, 'weight_decay': 0.0001} | Val AUC: 0.8330
[INFO] Config 260/486: {'num_channels': [256, 512, 512], 'kernel_size': 2, 'dropout': 0.3, 'lr': 0.005, 'weight_decay': 0.001} | Val AUC: 0.8312
[INFO] Config 261/486: {'num_channels': [256, 512, 512], 'kernel_size': 2, 'dropout': 0.3, 'lr': 0.005, 'weight_decay': 0.01} | Val AUC: 0.8309
[INFO] Config 262/486: {'num_channels': [256, 512, 512], 'kernel_size': 2, 'dropout': 0.5, 'lr': 0.001, 'weight_decay': 0.0001} | Val AUC: 0.8136
[INFO] Config 263/486: {'num_channels': [256, 512, 512], 'kernel_size': 2, 'dropout': 0.5, 'lr': 0.001, 'weight_decay': 0.001} | Val AUC: 0.8150
[INFO] Config 264/486: {'num_channels': [256, 512, 512], 'kernel_size': 2, 'dropout': 0.5, 'lr': 0.001, 'weight_decay': 0.01} | Val AUC: 0.8156
[INFO] Config 265/486: {'num_channels': [256, 512, 512], 'kernel_size': 2, 'dropout': 0.5, 'lr': 0.003, 'weight_decay': 0.0001} | Val AUC: 0.8276
[INFO] Config 266/486: {'num_channels': [256, 512, 512], 'kernel_size': 2, 'dropout': 0.5, 'lr': 0.003, 'weight_decay': 0.001} | Val AUC: 0.8263
[INFO] Config 267/486: {'num_channels': [256, 512, 512], 'kernel_size': 2, 'dropout': 0.5, 'lr': 0.003, 'weight_decay': 0.01} | Val AUC: 0.8236
[INFO] Config 268/486: {'num_channels': [256, 512, 512], 'kernel_size': 2, 'dropout': 0.5, 'lr': 0.005, 'weight_decay': 0.0001} | Val AUC: 0.8244
[INFO] Config 269/486: {'num_channels': [256, 512, 512], 'kernel_size': 2, 'dropout': 0.5, 'lr': 0.005, 'weight_decay': 0.001} | Val AUC: 0.8255
[INFO] Config 270/486: {'num_channels': [256, 512, 512], 'kernel_size': 2, 'dropout': 0.5, 'lr': 0.005, 'weight_decay': 0.01} | Val AUC: 0.8271
[INFO] Config 271/486: {'num_channels': [256, 512, 512], 'kernel_size': 3, 'dropout': 0.1, 'lr': 0.001, 'weight_decay': 0.0001} | Val AUC: 0.8248
[INFO] Config 272/486: {'num_channels': [256, 512, 512], 'kernel_size': 3, 'dropout': 0.1, 'lr': 0.001, 'weight_decay': 0.001} | Val AUC: 0.8252
[INFO] Config 273/486: {'num_channels': [256, 512, 512], 'kernel_size': 3, 'dropout': 0.1, 'lr': 0.001, 'weight_decay': 0.01} | Val AUC: 0.8266
[INFO] Config 274/486: {'num_channels': [256, 512, 512], 'kernel_size': 3, 'dropout': 0.1, 'lr': 0.003, 'weight_decay': 0.0001} | Val AUC: 0.8240
[INFO] Config 275/486: {'num_channels': [256, 512, 512], 'kernel_size': 3, 'dropout': 0.1, 'lr': 0.003, 'weight_decay': 0.001} | Val AUC: 0.8262
[INFO] Config 276/486: {'num_channels': [256, 512, 512], 'kernel_size': 3, 'dropout': 0.1, 'lr': 0.003, 'weight_decay': 0.01} | Val AUC: 0.8250
[INFO] Config 277/486: {'num_channels': [256, 512, 512], 'kernel_size': 3, 'dropout': 0.1, 'lr': 0.005, 'weight_decay': 0.0001} | Val AUC: 0.8274
[INFO] Config 278/486: {'num_channels': [256, 512, 512], 'kernel_size': 3, 'dropout': 0.1, 'lr': 0.005, 'weight_decay': 0.001} | Val AUC: 0.8244
[INFO] Config 279/486: {'num_channels': [256, 512, 512], 'kernel_size': 3, 'dropout': 0.1, 'lr': 0.005, 'weight_decay': 0.01} | Val AUC: 0.8258
[INFO] Config 280/486: {'num_channels': [256, 512, 512], 'kernel_size': 3, 'dropout': 0.3, 'lr': 0.001, 'weight_decay': 0.0001} | Val AUC: 0.8201
[INFO] Config 281/486: {'num_channels': [256, 512, 512], 'kernel_size': 3, 'dropout': 0.3, 'lr': 0.001, 'weight_decay': 0.001} | Val AUC: 0.8234
[INFO] Config 282/486: {'num_channels': [256, 512, 512], 'kernel_size': 3, 'dropout': 0.3, 'lr': 0.001, 'weight_decay': 0.01} | Val AUC: 0.8196
[INFO] Config 283/486: {'num_channels': [256, 512, 512], 'kernel_size': 3, 'dropout': 0.3, 'lr': 0.003, 'weight_decay': 0.0001} | Val AUC: 0.8271
[INFO] Config 284/486: {'num_channels': [256, 512, 512], 'kernel_size': 3, 'dropout': 0.3, 'lr': 0.003, 'weight_decay': 0.001} | Val AUC: 0.8220
[INFO] Config 285/486: {'num_channels': [256, 512, 512], 'kernel_size': 3, 'dropout': 0.3, 'lr': 0.003, 'weight_decay': 0.01} | Val AUC: 0.8232
[INFO] Config 286/486: {'num_channels': [256, 512, 512], 'kernel_size': 3, 'dropout': 0.3, 'lr': 0.005, 'weight_decay': 0.0001} | Val AUC: 0.8228
[INFO] Config 287/486: {'num_channels': [256, 512, 512], 'kernel_size': 3, 'dropout': 0.3, 'lr': 0.005, 'weight_decay': 0.001} | Val AUC: 0.8231
[INFO] Config 288/486: {'num_channels': [256, 512, 512], 'kernel_size': 3, 'dropout': 0.3, 'lr': 0.005, 'weight_decay': 0.01} | Val AUC: 0.8220
[INFO] Config 289/486: {'num_channels': [256, 512, 512], 'kernel_size': 3, 'dropout': 0.5, 'lr': 0.001, 'weight_decay': 0.0001} | Val AUC: 0.8131
[INFO] Config 290/486: {'num_channels': [256, 512, 512], 'kernel_size': 3, 'dropout': 0.5, 'lr': 0.001, 'weight_decay': 0.001} | Val AUC: 0.8157
[INFO] Config 291/486: {'num_channels': [256, 512, 512], 'kernel_size': 3, 'dropout': 0.5, 'lr': 0.001, 'weight_decay': 0.01} | Val AUC: 0.8142
[INFO] Config 292/486: {'num_channels': [256, 512, 512], 'kernel_size': 3, 'dropout': 0.5, 'lr': 0.003, 'weight_decay': 0.0001} | Val AUC: 0.8212
[INFO] Config 293/486: {'num_channels': [256, 512, 512], 'kernel_size': 3, 'dropout': 0.5, 'lr': 0.003, 'weight_decay': 0.001} | Val AUC: 0.8173
[INFO] Config 294/486: {'num_channels': [256, 512, 512], 'kernel_size': 3, 'dropout': 0.5, 'lr': 0.003, 'weight_decay': 0.01} | Val AUC: 0.8158
[INFO] Config 295/486: {'num_channels': [256, 512, 512], 'kernel_size': 3, 'dropout': 0.5, 'lr': 0.005, 'weight_decay': 0.0001} | Val AUC: 0.8194
[INFO] Config 296/486: {'num_channels': [256, 512, 512], 'kernel_size': 3, 'dropout': 0.5, 'lr': 0.005, 'weight_decay': 0.001} | Val AUC: 0.8176
[INFO] Config 297/486: {'num_channels': [256, 512, 512], 'kernel_size': 3, 'dropout': 0.5, 'lr': 0.005, 'weight_decay': 0.01} | Val AUC: 0.8226
[INFO] Config 298/486: {'num_channels': [256, 512, 512], 'kernel_size': 5, 'dropout': 0.1, 'lr': 0.001, 'weight_decay': 0.0001} | Val AUC: 0.8178
[INFO] Config 299/486: {'num_channels': [256, 512, 512], 'kernel_size': 5, 'dropout': 0.1, 'lr': 0.001, 'weight_decay': 0.001} | Val AUC: 0.8211
[INFO] Config 300/486: {'num_channels': [256, 512, 512], 'kernel_size': 5, 'dropout': 0.1, 'lr': 0.001, 'weight_decay': 0.01} | Val AUC: 0.8236
[INFO] Config 301/486: {'num_channels': [256, 512, 512], 'kernel_size': 5, 'dropout': 0.1, 'lr': 0.003, 'weight_decay': 0.0001} | Val AUC: 0.8220
[INFO] Config 302/486: {'num_channels': [256, 512, 512], 'kernel_size': 5, 'dropout': 0.1, 'lr': 0.003, 'weight_decay': 0.001} | Val AUC: 0.8175
[INFO] Config 303/486: {'num_channels': [256, 512, 512], 'kernel_size': 5, 'dropout': 0.1, 'lr': 0.003, 'weight_decay': 0.01} | Val AUC: 0.8210
[INFO] Config 304/486: {'num_channels': [256, 512, 512], 'kernel_size': 5, 'dropout': 0.1, 'lr': 0.005, 'weight_decay': 0.0001} | Val AUC: 0.8193
[INFO] Config 305/486: {'num_channels': [256, 512, 512], 'kernel_size': 5, 'dropout': 0.1, 'lr': 0.005, 'weight_decay': 0.001} | Val AUC: 0.8145
[INFO] Config 306/486: {'num_channels': [256, 512, 512], 'kernel_size': 5, 'dropout': 0.1, 'lr': 0.005, 'weight_decay': 0.01} | Val AUC: 0.8151
[INFO] Config 307/486: {'num_channels': [256, 512, 512], 'kernel_size': 5, 'dropout': 0.3, 'lr': 0.001, 'weight_decay': 0.0001} | Val AUC: 0.8121
[INFO] Config 308/486: {'num_channels': [256, 512, 512], 'kernel_size': 5, 'dropout': 0.3, 'lr': 0.001, 'weight_decay': 0.001} | Val AUC: 0.8104
[INFO] Config 309/486: {'num_channels': [256, 512, 512], 'kernel_size': 5, 'dropout': 0.3, 'lr': 0.001, 'weight_decay': 0.01} | Val AUC: 0.8180
[INFO] Config 310/486: {'num_channels': [256, 512, 512], 'kernel_size': 5, 'dropout': 0.3, 'lr': 0.003, 'weight_decay': 0.0001} | Val AUC: 0.8155
[INFO] Config 311/486: {'num_channels': [256, 512, 512], 'kernel_size': 5, 'dropout': 0.3, 'lr': 0.003, 'weight_decay': 0.001} | Val AUC: 0.8167
[INFO] Config 312/486: {'num_channels': [256, 512, 512], 'kernel_size': 5, 'dropout': 0.3, 'lr': 0.003, 'weight_decay': 0.01} | Val AUC: 0.8158
[INFO] Config 313/486: {'num_channels': [256, 512, 512], 'kernel_size': 5, 'dropout': 0.3, 'lr': 0.005, 'weight_decay': 0.0001} | Val AUC: 0.8142
[INFO] Config 314/486: {'num_channels': [256, 512, 512], 'kernel_size': 5, 'dropout': 0.3, 'lr': 0.005, 'weight_decay': 0.001} | Val AUC: 0.8131
[INFO] Config 315/486: {'num_channels': [256, 512, 512], 'kernel_size': 5, 'dropout': 0.3, 'lr': 0.005, 'weight_decay': 0.01} | Val AUC: 0.8100
[INFO] Config 316/486: {'num_channels': [256, 512, 512], 'kernel_size': 5, 'dropout': 0.5, 'lr': 0.001, 'weight_decay': 0.0001} | Val AUC: 0.8084
[INFO] Config 317/486: {'num_channels': [256, 512, 512], 'kernel_size': 5, 'dropout': 0.5, 'lr': 0.001, 'weight_decay': 0.001} | Val AUC: 0.8082
[INFO] Config 318/486: {'num_channels': [256, 512, 512], 'kernel_size': 5, 'dropout': 0.5, 'lr': 0.001, 'weight_decay': 0.01} | Val AUC: 0.8074
[INFO] Config 319/486: {'num_channels': [256, 512, 512], 'kernel_size': 5, 'dropout': 0.5, 'lr': 0.003, 'weight_decay': 0.0001} | Val AUC: 0.8126
[INFO] Config 320/486: {'num_channels': [256, 512, 512], 'kernel_size': 5, 'dropout': 0.5, 'lr': 0.003, 'weight_decay': 0.001} | Val AUC: 0.8105
[INFO] Config 321/486: {'num_channels': [256, 512, 512], 'kernel_size': 5, 'dropout': 0.5, 'lr': 0.003, 'weight_decay': 0.01} | Val AUC: 0.8115
[INFO] Config 322/486: {'num_channels': [256, 512, 512], 'kernel_size': 5, 'dropout': 0.5, 'lr': 0.005, 'weight_decay': 0.0001} | Val AUC: 0.8087
[INFO] Config 323/486: {'num_channels': [256, 512, 512], 'kernel_size': 5, 'dropout': 0.5, 'lr': 0.005, 'weight_decay': 0.001} | Val AUC: 0.8088
[INFO] Config 324/486: {'num_channels': [256, 512, 512], 'kernel_size': 5, 'dropout': 0.5, 'lr': 0.005, 'weight_decay': 0.01} | Val AUC: 0.8088
[INFO] Config 325/486: {'num_channels': [512, 512, 512], 'kernel_size': 2, 'dropout': 0.1, 'lr': 0.001, 'weight_decay': 0.0001} | Val AUC: 0.8316
[INFO] Config 326/486: {'num_channels': [512, 512, 512], 'kernel_size': 2, 'dropout': 0.1, 'lr': 0.001, 'weight_decay': 0.001} | Val AUC: 0.8319
[INFO] Config 327/486: {'num_channels': [512, 512, 512], 'kernel_size': 2, 'dropout': 0.1, 'lr': 0.001, 'weight_decay': 0.01} | Val AUC: 0.8332
[INFO] Config 328/486: {'num_channels': [512, 512, 512], 'kernel_size': 2, 'dropout': 0.1, 'lr': 0.003, 'weight_decay': 0.0001} | Val AUC: 0.8327
[INFO] Config 329/486: {'num_channels': [512, 512, 512], 'kernel_size': 2, 'dropout': 0.1, 'lr': 0.003, 'weight_decay': 0.001} | Val AUC: 0.8315
[INFO] Config 330/486: {'num_channels': [512, 512, 512], 'kernel_size': 2, 'dropout': 0.1, 'lr': 0.003, 'weight_decay': 0.01} | Val AUC: 0.8317
[INFO] Config 331/486: {'num_channels': [512, 512, 512], 'kernel_size': 2, 'dropout': 0.1, 'lr': 0.005, 'weight_decay': 0.0001} | Val AUC: 0.8305
[INFO] Config 332/486: {'num_channels': [512, 512, 512], 'kernel_size': 2, 'dropout': 0.1, 'lr': 0.005, 'weight_decay': 0.001} | Val AUC: 0.8329
[INFO] Config 333/486: {'num_channels': [512, 512, 512], 'kernel_size': 2, 'dropout': 0.1, 'lr': 0.005, 'weight_decay': 0.01} | Val AUC: 0.8304
[INFO] Config 334/486: {'num_channels': [512, 512, 512], 'kernel_size': 2, 'dropout': 0.3, 'lr': 0.001, 'weight_decay': 0.0001} | Val AUC: 0.8279
[INFO] Config 335/486: {'num_channels': [512, 512, 512], 'kernel_size': 2, 'dropout': 0.3, 'lr': 0.001, 'weight_decay': 0.001} | Val AUC: 0.8271
[INFO] Config 336/486: {'num_channels': [512, 512, 512], 'kernel_size': 2, 'dropout': 0.3, 'lr': 0.001, 'weight_decay': 0.01} | Val AUC: 0.8264
[INFO] Config 337/486: {'num_channels': [512, 512, 512], 'kernel_size': 2, 'dropout': 0.3, 'lr': 0.003, 'weight_decay': 0.0001} | Val AUC: 0.8318
[INFO] Config 338/486: {'num_channels': [512, 512, 512], 'kernel_size': 2, 'dropout': 0.3, 'lr': 0.003, 'weight_decay': 0.001} | Val AUC: 0.8316
[INFO] Config 339/486: {'num_channels': [512, 512, 512], 'kernel_size': 2, 'dropout': 0.3, 'lr': 0.003, 'weight_decay': 0.01} | Val AUC: 0.8298
[INFO] Config 340/486: {'num_channels': [512, 512, 512], 'kernel_size': 2, 'dropout': 0.3, 'lr': 0.005, 'weight_decay': 0.0001} | Val AUC: 0.8299
[INFO] Config 341/486: {'num_channels': [512, 512, 512], 'kernel_size': 2, 'dropout': 0.3, 'lr': 0.005, 'weight_decay': 0.001} | Val AUC: 0.8308
[INFO] Config 342/486: {'num_channels': [512, 512, 512], 'kernel_size': 2, 'dropout': 0.3, 'lr': 0.005, 'weight_decay': 0.01} | Val AUC: 0.8307
[INFO] Config 343/486: {'num_channels': [512, 512, 512], 'kernel_size': 2, 'dropout': 0.5, 'lr': 0.001, 'weight_decay': 0.0001} | Val AUC: 0.8202
[INFO] Config 344/486: {'num_channels': [512, 512, 512], 'kernel_size': 2, 'dropout': 0.5, 'lr': 0.001, 'weight_decay': 0.001} | Val AUC: 0.8206
[INFO] Config 345/486: {'num_channels': [512, 512, 512], 'kernel_size': 2, 'dropout': 0.5, 'lr': 0.001, 'weight_decay': 0.01} | Val AUC: 0.8196
[INFO] Config 346/486: {'num_channels': [512, 512, 512], 'kernel_size': 2, 'dropout': 0.5, 'lr': 0.003, 'weight_decay': 0.0001} | Val AUC: 0.8247
[INFO] Config 347/486: {'num_channels': [512, 512, 512], 'kernel_size': 2, 'dropout': 0.5, 'lr': 0.003, 'weight_decay': 0.001} | Val AUC: 0.8296
[INFO] Config 348/486: {'num_channels': [512, 512, 512], 'kernel_size': 2, 'dropout': 0.5, 'lr': 0.003, 'weight_decay': 0.01} | Val AUC: 0.8277
[INFO] Config 349/486: {'num_channels': [512, 512, 512], 'kernel_size': 2, 'dropout': 0.5, 'lr': 0.005, 'weight_decay': 0.0001} | Val AUC: 0.8270
[INFO] Config 350/486: {'num_channels': [512, 512, 512], 'kernel_size': 2, 'dropout': 0.5, 'lr': 0.005, 'weight_decay': 0.001} | Val AUC: 0.8294
[INFO] Config 351/486: {'num_channels': [512, 512, 512], 'kernel_size': 2, 'dropout': 0.5, 'lr': 0.005, 'weight_decay': 0.01} | Val AUC: 0.8315
[INFO] Config 352/486: {'num_channels': [512, 512, 512], 'kernel_size': 3, 'dropout': 0.1, 'lr': 0.001, 'weight_decay': 0.0001} | Val AUC: 0.8293
[INFO] Config 353/486: {'num_channels': [512, 512, 512], 'kernel_size': 3, 'dropout': 0.1, 'lr': 0.001, 'weight_decay': 0.001} | Val AUC: 0.8282
[INFO] Config 354/486: {'num_channels': [512, 512, 512], 'kernel_size': 3, 'dropout': 0.1, 'lr': 0.001, 'weight_decay': 0.01} | Val AUC: 0.8310
[INFO] Config 355/486: {'num_channels': [512, 512, 512], 'kernel_size': 3, 'dropout': 0.1, 'lr': 0.003, 'weight_decay': 0.0001} | Val AUC: 0.8275
[INFO] Config 356/486: {'num_channels': [512, 512, 512], 'kernel_size': 3, 'dropout': 0.1, 'lr': 0.003, 'weight_decay': 0.001} | Val AUC: 0.8253
[INFO] Config 357/486: {'num_channels': [512, 512, 512], 'kernel_size': 3, 'dropout': 0.1, 'lr': 0.003, 'weight_decay': 0.01} | Val AUC: 0.8258
[INFO] Config 358/486: {'num_channels': [512, 512, 512], 'kernel_size': 3, 'dropout': 0.1, 'lr': 0.005, 'weight_decay': 0.0001} | Val AUC: 0.8272
[INFO] Config 359/486: {'num_channels': [512, 512, 512], 'kernel_size': 3, 'dropout': 0.1, 'lr': 0.005, 'weight_decay': 0.001} | Val AUC: 0.8292
[INFO] Config 360/486: {'num_channels': [512, 512, 512], 'kernel_size': 3, 'dropout': 0.1, 'lr': 0.005, 'weight_decay': 0.01} | Val AUC: 0.8272
[INFO] Config 361/486: {'num_channels': [512, 512, 512], 'kernel_size': 3, 'dropout': 0.3, 'lr': 0.001, 'weight_decay': 0.0001} | Val AUC: 0.8238
[INFO] Config 362/486: {'num_channels': [512, 512, 512], 'kernel_size': 3, 'dropout': 0.3, 'lr': 0.001, 'weight_decay': 0.001} | Val AUC: 0.8225
[INFO] Config 363/486: {'num_channels': [512, 512, 512], 'kernel_size': 3, 'dropout': 0.3, 'lr': 0.001, 'weight_decay': 0.01} | Val AUC: 0.8230
[INFO] Config 364/486: {'num_channels': [512, 512, 512], 'kernel_size': 3, 'dropout': 0.3, 'lr': 0.003, 'weight_decay': 0.0001} | Val AUC: 0.8255
[INFO] Config 365/486: {'num_channels': [512, 512, 512], 'kernel_size': 3, 'dropout': 0.3, 'lr': 0.003, 'weight_decay': 0.001} | Val AUC: 0.8235
[INFO] Config 366/486: {'num_channels': [512, 512, 512], 'kernel_size': 3, 'dropout': 0.3, 'lr': 0.003, 'weight_decay': 0.01} | Val AUC: 0.8223
[INFO] Config 367/486: {'num_channels': [512, 512, 512], 'kernel_size': 3, 'dropout': 0.3, 'lr': 0.005, 'weight_decay': 0.0001} | Val AUC: 0.8250
[INFO] Config 368/486: {'num_channels': [512, 512, 512], 'kernel_size': 3, 'dropout': 0.3, 'lr': 0.005, 'weight_decay': 0.001} | Val AUC: 0.8191
[INFO] Config 369/486: {'num_channels': [512, 512, 512], 'kernel_size': 3, 'dropout': 0.3, 'lr': 0.005, 'weight_decay': 0.01} | Val AUC: 0.8219
[INFO] Config 370/486: {'num_channels': [512, 512, 512], 'kernel_size': 3, 'dropout': 0.5, 'lr': 0.001, 'weight_decay': 0.0001} | Val AUC: 0.8205
[INFO] Config 371/486: {'num_channels': [512, 512, 512], 'kernel_size': 3, 'dropout': 0.5, 'lr': 0.001, 'weight_decay': 0.001} | Val AUC: 0.8222
[INFO] Config 372/486: {'num_channels': [512, 512, 512], 'kernel_size': 3, 'dropout': 0.5, 'lr': 0.001, 'weight_decay': 0.01} | Val AUC: 0.8227
[INFO] Config 373/486: {'num_channels': [512, 512, 512], 'kernel_size': 3, 'dropout': 0.5, 'lr': 0.003, 'weight_decay': 0.0001} | Val AUC: 0.8189
[INFO] Config 374/486: {'num_channels': [512, 512, 512], 'kernel_size': 3, 'dropout': 0.5, 'lr': 0.003, 'weight_decay': 0.001} | Val AUC: 0.8274
[INFO] Config 375/486: {'num_channels': [512, 512, 512], 'kernel_size': 3, 'dropout': 0.5, 'lr': 0.003, 'weight_decay': 0.01} | Val AUC: 0.8226
[INFO] Config 376/486: {'num_channels': [512, 512, 512], 'kernel_size': 3, 'dropout': 0.5, 'lr': 0.005, 'weight_decay': 0.0001} | Val AUC: 0.8200
[INFO] Config 377/486: {'num_channels': [512, 512, 512], 'kernel_size': 3, 'dropout': 0.5, 'lr': 0.005, 'weight_decay': 0.001} | Val AUC: 0.8211
[INFO] Config 378/486: {'num_channels': [512, 512, 512], 'kernel_size': 3, 'dropout': 0.5, 'lr': 0.005, 'weight_decay': 0.01} | Val AUC: 0.8196
[INFO] Config 379/486: {'num_channels': [512, 512, 512], 'kernel_size': 5, 'dropout': 0.1, 'lr': 0.001, 'weight_decay': 0.0001} | Val AUC: 0.8245
[INFO] Config 380/486: {'num_channels': [512, 512, 512], 'kernel_size': 5, 'dropout': 0.1, 'lr': 0.001, 'weight_decay': 0.001} | Val AUC: 0.8217
[INFO] Config 381/486: {'num_channels': [512, 512, 512], 'kernel_size': 5, 'dropout': 0.1, 'lr': 0.001, 'weight_decay': 0.01} | Val AUC: 0.8208
[INFO] Config 382/486: {'num_channels': [512, 512, 512], 'kernel_size': 5, 'dropout': 0.1, 'lr': 0.003, 'weight_decay': 0.0001} | Val AUC: 0.8172
[INFO] Config 383/486: {'num_channels': [512, 512, 512], 'kernel_size': 5, 'dropout': 0.1, 'lr': 0.003, 'weight_decay': 0.001} | Val AUC: 0.8195
[INFO] Config 384/486: {'num_channels': [512, 512, 512], 'kernel_size': 5, 'dropout': 0.1, 'lr': 0.003, 'weight_decay': 0.01} | Val AUC: 0.8240
[INFO] Config 385/486: {'num_channels': [512, 512, 512], 'kernel_size': 5, 'dropout': 0.1, 'lr': 0.005, 'weight_decay': 0.0001} | Val AUC: 0.8177
[INFO] Config 386/486: {'num_channels': [512, 512, 512], 'kernel_size': 5, 'dropout': 0.1, 'lr': 0.005, 'weight_decay': 0.001} | Val AUC: 0.8217
[INFO] Config 387/486: {'num_channels': [512, 512, 512], 'kernel_size': 5, 'dropout': 0.1, 'lr': 0.005, 'weight_decay': 0.01} | Val AUC: 0.8161
[INFO] Config 388/486: {'num_channels': [512, 512, 512], 'kernel_size': 5, 'dropout': 0.3, 'lr': 0.001, 'weight_decay': 0.0001} | Val AUC: 0.8150
[INFO] Config 389/486: {'num_channels': [512, 512, 512], 'kernel_size': 5, 'dropout': 0.3, 'lr': 0.001, 'weight_decay': 0.001} | Val AUC: 0.8173
[INFO] Config 390/486: {'num_channels': [512, 512, 512], 'kernel_size': 5, 'dropout': 0.3, 'lr': 0.001, 'weight_decay': 0.01} | Val AUC: 0.8162
[INFO] Config 391/486: {'num_channels': [512, 512, 512], 'kernel_size': 5, 'dropout': 0.3, 'lr': 0.003, 'weight_decay': 0.0001} | Val AUC: 0.8168
[INFO] Config 392/486: {'num_channels': [512, 512, 512], 'kernel_size': 5, 'dropout': 0.3, 'lr': 0.003, 'weight_decay': 0.001} | Val AUC: 0.8140
[INFO] Config 393/486: {'num_channels': [512, 512, 512], 'kernel_size': 5, 'dropout': 0.3, 'lr': 0.003, 'weight_decay': 0.01} | Val AUC: 0.8162
[INFO] Config 394/486: {'num_channels': [512, 512, 512], 'kernel_size': 5, 'dropout': 0.3, 'lr': 0.005, 'weight_decay': 0.0001} | Val AUC: 0.8170
[INFO] Config 395/486: {'num_channels': [512, 512, 512], 'kernel_size': 5, 'dropout': 0.3, 'lr': 0.005, 'weight_decay': 0.001} | Val AUC: 0.8118
[INFO] Config 396/486: {'num_channels': [512, 512, 512], 'kernel_size': 5, 'dropout': 0.3, 'lr': 0.005, 'weight_decay': 0.01} | Val AUC: 0.8225
[INFO] Config 397/486: {'num_channels': [512, 512, 512], 'kernel_size': 5, 'dropout': 0.5, 'lr': 0.001, 'weight_decay': 0.0001} | Val AUC: 0.8097
[INFO] Config 398/486: {'num_channels': [512, 512, 512], 'kernel_size': 5, 'dropout': 0.5, 'lr': 0.001, 'weight_decay': 0.001} | Val AUC: 0.8119
[INFO] Config 399/486: {'num_channels': [512, 512, 512], 'kernel_size': 5, 'dropout': 0.5, 'lr': 0.001, 'weight_decay': 0.01} | Val AUC: 0.8115
[INFO] Config 400/486: {'num_channels': [512, 512, 512], 'kernel_size': 5, 'dropout': 0.5, 'lr': 0.003, 'weight_decay': 0.0001} | Val AUC: 0.8118
[INFO] Config 401/486: {'num_channels': [512, 512, 512], 'kernel_size': 5, 'dropout': 0.5, 'lr': 0.003, 'weight_decay': 0.001} | Val AUC: 0.8147
[INFO] Config 402/486: {'num_channels': [512, 512, 512], 'kernel_size': 5, 'dropout': 0.5, 'lr': 0.003, 'weight_decay': 0.01} | Val AUC: 0.8153
[INFO] Config 403/486: {'num_channels': [512, 512, 512], 'kernel_size': 5, 'dropout': 0.5, 'lr': 0.005, 'weight_decay': 0.0001} | Val AUC: 0.8093
[INFO] Config 404/486: {'num_channels': [512, 512, 512], 'kernel_size': 5, 'dropout': 0.5, 'lr': 0.005, 'weight_decay': 0.001} | Val AUC: 0.8097
[INFO] Config 405/486: {'num_channels': [512, 512, 512], 'kernel_size': 5, 'dropout': 0.5, 'lr': 0.005, 'weight_decay': 0.01} | Val AUC: 0.8101
[INFO] Config 406/486: {'num_channels': [512, 1024, 1024], 'kernel_size': 2, 'dropout': 0.1, 'lr': 0.001, 'weight_decay': 0.0001} | Val AUC: 0.8294
[INFO] Config 407/486: {'num_channels': [512, 1024, 1024], 'kernel_size': 2, 'dropout': 0.1, 'lr': 0.001, 'weight_decay': 0.001} | Val AUC: 0.8305
[INFO] Config 408/486: {'num_channels': [512, 1024, 1024], 'kernel_size': 2, 'dropout': 0.1, 'lr': 0.001, 'weight_decay': 0.01} | Val AUC: 0.8314
[INFO] Config 409/486: {'num_channels': [512, 1024, 1024], 'kernel_size': 2, 'dropout': 0.1, 'lr': 0.003, 'weight_decay': 0.0001} | Val AUC: 0.8318
[INFO] Config 410/486: {'num_channels': [512, 1024, 1024], 'kernel_size': 2, 'dropout': 0.1, 'lr': 0.003, 'weight_decay': 0.001} | Val AUC: 0.8322
[INFO] Config 411/486: {'num_channels': [512, 1024, 1024], 'kernel_size': 2, 'dropout': 0.1, 'lr': 0.003, 'weight_decay': 0.01} | Val AUC: 0.8312
[INFO] Config 412/486: {'num_channels': [512, 1024, 1024], 'kernel_size': 2, 'dropout': 0.1, 'lr': 0.005, 'weight_decay': 0.0001} | Val AUC: 0.8306
[INFO] Config 413/486: {'num_channels': [512, 1024, 1024], 'kernel_size': 2, 'dropout': 0.1, 'lr': 0.005, 'weight_decay': 0.001} | Val AUC: 0.8271
[INFO] Config 414/486: {'num_channels': [512, 1024, 1024], 'kernel_size': 2, 'dropout': 0.1, 'lr': 0.005, 'weight_decay': 0.01} | Val AUC: 0.8314
[INFO] Config 415/486: {'num_channels': [512, 1024, 1024], 'kernel_size': 2, 'dropout': 0.3, 'lr': 0.001, 'weight_decay': 0.0001} | Val AUC: 0.8269
[INFO] Config 416/486: {'num_channels': [512, 1024, 1024], 'kernel_size': 2, 'dropout': 0.3, 'lr': 0.001, 'weight_decay': 0.001} | Val AUC: 0.8251
[INFO] Config 417/486: {'num_channels': [512, 1024, 1024], 'kernel_size': 2, 'dropout': 0.3, 'lr': 0.001, 'weight_decay': 0.01} | Val AUC: 0.8262
[INFO] Config 418/486: {'num_channels': [512, 1024, 1024], 'kernel_size': 2, 'dropout': 0.3, 'lr': 0.003, 'weight_decay': 0.0001} | Val AUC: 0.8275
[INFO] Config 419/486: {'num_channels': [512, 1024, 1024], 'kernel_size': 2, 'dropout': 0.3, 'lr': 0.003, 'weight_decay': 0.001} | Val AUC: 0.8285
[INFO] Config 420/486: {'num_channels': [512, 1024, 1024], 'kernel_size': 2, 'dropout': 0.3, 'lr': 0.003, 'weight_decay': 0.01} | Val AUC: 0.8315
[INFO] Config 421/486: {'num_channels': [512, 1024, 1024], 'kernel_size': 2, 'dropout': 0.3, 'lr': 0.005, 'weight_decay': 0.0001} | Val AUC: 0.8328
[INFO] Config 422/486: {'num_channels': [512, 1024, 1024], 'kernel_size': 2, 'dropout': 0.3, 'lr': 0.005, 'weight_decay': 0.001} | Val AUC: 0.8294
[INFO] Config 423/486: {'num_channels': [512, 1024, 1024], 'kernel_size': 2, 'dropout': 0.3, 'lr': 0.005, 'weight_decay': 0.01} | Val AUC: 0.8329
[INFO] Config 424/486: {'num_channels': [512, 1024, 1024], 'kernel_size': 2, 'dropout': 0.5, 'lr': 0.001, 'weight_decay': 0.0001} | Val AUC: 0.8199
[INFO] Config 425/486: {'num_channels': [512, 1024, 1024], 'kernel_size': 2, 'dropout': 0.5, 'lr': 0.001, 'weight_decay': 0.001} | Val AUC: 0.8204
[INFO] Config 426/486: {'num_channels': [512, 1024, 1024], 'kernel_size': 2, 'dropout': 0.5, 'lr': 0.001, 'weight_decay': 0.01} | Val AUC: 0.8182
[INFO] Config 427/486: {'num_channels': [512, 1024, 1024], 'kernel_size': 2, 'dropout': 0.5, 'lr': 0.003, 'weight_decay': 0.0001} | Val AUC: 0.8277
[INFO] Config 428/486: {'num_channels': [512, 1024, 1024], 'kernel_size': 2, 'dropout': 0.5, 'lr': 0.003, 'weight_decay': 0.001} | Val AUC: 0.8255
[INFO] Config 429/486: {'num_channels': [512, 1024, 1024], 'kernel_size': 2, 'dropout': 0.5, 'lr': 0.003, 'weight_decay': 0.01} | Val AUC: 0.8296
[INFO] Config 430/486: {'num_channels': [512, 1024, 1024], 'kernel_size': 2, 'dropout': 0.5, 'lr': 0.005, 'weight_decay': 0.0001} | Val AUC: 0.8235
[INFO] Config 431/486: {'num_channels': [512, 1024, 1024], 'kernel_size': 2, 'dropout': 0.5, 'lr': 0.005, 'weight_decay': 0.001} | Val AUC: 0.8291
[INFO] Config 432/486: {'num_channels': [512, 1024, 1024], 'kernel_size': 2, 'dropout': 0.5, 'lr': 0.005, 'weight_decay': 0.01} | Val AUC: 0.8296
[INFO] Config 433/486: {'num_channels': [512, 1024, 1024], 'kernel_size': 3, 'dropout': 0.1, 'lr': 0.001, 'weight_decay': 0.0001} | Val AUC: 0.8245
[INFO] Config 434/486: {'num_channels': [512, 1024, 1024], 'kernel_size': 3, 'dropout': 0.1, 'lr': 0.001, 'weight_decay': 0.001} | Val AUC: 0.8234
[INFO] Config 435/486: {'num_channels': [512, 1024, 1024], 'kernel_size': 3, 'dropout': 0.1, 'lr': 0.001, 'weight_decay': 0.01} | Val AUC: 0.8248
[INFO] Config 436/486: {'num_channels': [512, 1024, 1024], 'kernel_size': 3, 'dropout': 0.1, 'lr': 0.003, 'weight_decay': 0.0001} | Val AUC: 0.8235
[INFO] Config 437/486: {'num_channels': [512, 1024, 1024], 'kernel_size': 3, 'dropout': 0.1, 'lr': 0.003, 'weight_decay': 0.001} | Val AUC: 0.8248
[INFO] Config 438/486: {'num_channels': [512, 1024, 1024], 'kernel_size': 3, 'dropout': 0.1, 'lr': 0.003, 'weight_decay': 0.01} | Val AUC: 0.8237
[INFO] Config 439/486: {'num_channels': [512, 1024, 1024], 'kernel_size': 3, 'dropout': 0.1, 'lr': 0.005, 'weight_decay': 0.0001} | Val AUC: 0.8238
[INFO] Config 440/486: {'num_channels': [512, 1024, 1024], 'kernel_size': 3, 'dropout': 0.1, 'lr': 0.005, 'weight_decay': 0.001} | Val AUC: 0.8279
[INFO] Config 441/486: {'num_channels': [512, 1024, 1024], 'kernel_size': 3, 'dropout': 0.1, 'lr': 0.005, 'weight_decay': 0.01} | Val AUC: 0.8246
[INFO] Config 442/486: {'num_channels': [512, 1024, 1024], 'kernel_size': 3, 'dropout': 0.3, 'lr': 0.001, 'weight_decay': 0.0001} | Val AUC: 0.8236
[INFO] Config 443/486: {'num_channels': [512, 1024, 1024], 'kernel_size': 3, 'dropout': 0.3, 'lr': 0.001, 'weight_decay': 0.001} | Val AUC: 0.8163
[INFO] Config 444/486: {'num_channels': [512, 1024, 1024], 'kernel_size': 3, 'dropout': 0.3, 'lr': 0.001, 'weight_decay': 0.01} | Val AUC: 0.8184
[INFO] Config 445/486: {'num_channels': [512, 1024, 1024], 'kernel_size': 3, 'dropout': 0.3, 'lr': 0.003, 'weight_decay': 0.0001} | Val AUC: 0.8270
[INFO] Config 446/486: {'num_channels': [512, 1024, 1024], 'kernel_size': 3, 'dropout': 0.3, 'lr': 0.003, 'weight_decay': 0.001} | Val AUC: 0.8193
[INFO] Config 447/486: {'num_channels': [512, 1024, 1024], 'kernel_size': 3, 'dropout': 0.3, 'lr': 0.003, 'weight_decay': 0.01} | Val AUC: 0.8264
[INFO] Config 448/486: {'num_channels': [512, 1024, 1024], 'kernel_size': 3, 'dropout': 0.3, 'lr': 0.005, 'weight_decay': 0.0001} | Val AUC: 0.8211
[INFO] Config 449/486: {'num_channels': [512, 1024, 1024], 'kernel_size': 3, 'dropout': 0.3, 'lr': 0.005, 'weight_decay': 0.001} | Val AUC: 0.8194
[INFO] Config 450/486: {'num_channels': [512, 1024, 1024], 'kernel_size': 3, 'dropout': 0.3, 'lr': 0.005, 'weight_decay': 0.01} | Val AUC: 0.8224
[INFO] Config 451/486: {'num_channels': [512, 1024, 1024], 'kernel_size': 3, 'dropout': 0.5, 'lr': 0.001, 'weight_decay': 0.0001} | Val AUC: 0.8128
[INFO] Config 452/486: {'num_channels': [512, 1024, 1024], 'kernel_size': 3, 'dropout': 0.5, 'lr': 0.001, 'weight_decay': 0.001} | Val AUC: 0.8154
[INFO] Config 453/486: {'num_channels': [512, 1024, 1024], 'kernel_size': 3, 'dropout': 0.5, 'lr': 0.001, 'weight_decay': 0.01} | Val AUC: 0.8093
[INFO] Config 454/486: {'num_channels': [512, 1024, 1024], 'kernel_size': 3, 'dropout': 0.5, 'lr': 0.003, 'weight_decay': 0.0001} | Val AUC: 0.8158
[INFO] Config 455/486: {'num_channels': [512, 1024, 1024], 'kernel_size': 3, 'dropout': 0.5, 'lr': 0.003, 'weight_decay': 0.001} | Val AUC: 0.8229
[INFO] Config 456/486: {'num_channels': [512, 1024, 1024], 'kernel_size': 3, 'dropout': 0.5, 'lr': 0.003, 'weight_decay': 0.01} | Val AUC: 0.8181
[INFO] Config 457/486: {'num_channels': [512, 1024, 1024], 'kernel_size': 3, 'dropout': 0.5, 'lr': 0.005, 'weight_decay': 0.0001} | Val AUC: 0.8212
[INFO] Config 458/486: {'num_channels': [512, 1024, 1024], 'kernel_size': 3, 'dropout': 0.5, 'lr': 0.005, 'weight_decay': 0.001} | Val AUC: 0.8175
[INFO] Config 459/486: {'num_channels': [512, 1024, 1024], 'kernel_size': 3, 'dropout': 0.5, 'lr': 0.005, 'weight_decay': 0.01} | Val AUC: 0.8180
[INFO] Config 460/486: {'num_channels': [512, 1024, 1024], 'kernel_size': 5, 'dropout': 0.1, 'lr': 0.001, 'weight_decay': 0.0001} | Val AUC: 0.8168
[INFO] Config 461/486: {'num_channels': [512, 1024, 1024], 'kernel_size': 5, 'dropout': 0.1, 'lr': 0.001, 'weight_decay': 0.001} | Val AUC: 0.8154
[INFO] Config 462/486: {'num_channels': [512, 1024, 1024], 'kernel_size': 5, 'dropout': 0.1, 'lr': 0.001, 'weight_decay': 0.01} | Val AUC: 0.8203
[INFO] Config 463/486: {'num_channels': [512, 1024, 1024], 'kernel_size': 5, 'dropout': 0.1, 'lr': 0.003, 'weight_decay': 0.0001} | Val AUC: 0.8237
[INFO] Config 464/486: {'num_channels': [512, 1024, 1024], 'kernel_size': 5, 'dropout': 0.1, 'lr': 0.003, 'weight_decay': 0.001} | Val AUC: 0.8204
[INFO] Config 465/486: {'num_channels': [512, 1024, 1024], 'kernel_size': 5, 'dropout': 0.1, 'lr': 0.003, 'weight_decay': 0.01} | Val AUC: 0.8203
[INFO] Config 466/486: {'num_channels': [512, 1024, 1024], 'kernel_size': 5, 'dropout': 0.1, 'lr': 0.005, 'weight_decay': 0.0001} | Val AUC: 0.8225
[INFO] Config 467/486: {'num_channels': [512, 1024, 1024], 'kernel_size': 5, 'dropout': 0.1, 'lr': 0.005, 'weight_decay': 0.001} | Val AUC: 0.8182
[INFO] Config 468/486: {'num_channels': [512, 1024, 1024], 'kernel_size': 5, 'dropout': 0.1, 'lr': 0.005, 'weight_decay': 0.01} | Val AUC: 0.8171
[INFO] Config 469/486: {'num_channels': [512, 1024, 1024], 'kernel_size': 5, 'dropout': 0.3, 'lr': 0.001, 'weight_decay': 0.0001} | Val AUC: 0.8143
[INFO] Config 470/486: {'num_channels': [512, 1024, 1024], 'kernel_size': 5, 'dropout': 0.3, 'lr': 0.001, 'weight_decay': 0.001} | Val AUC: 0.8135
[INFO] Config 471/486: {'num_channels': [512, 1024, 1024], 'kernel_size': 5, 'dropout': 0.3, 'lr': 0.001, 'weight_decay': 0.01} | Val AUC: 0.8111
[INFO] Config 472/486: {'num_channels': [512, 1024, 1024], 'kernel_size': 5, 'dropout': 0.3, 'lr': 0.003, 'weight_decay': 0.0001} | Val AUC: 0.8146
[INFO] Config 473/486: {'num_channels': [512, 1024, 1024], 'kernel_size': 5, 'dropout': 0.3, 'lr': 0.003, 'weight_decay': 0.001} | Val AUC: 0.8152
[INFO] Config 474/486: {'num_channels': [512, 1024, 1024], 'kernel_size': 5, 'dropout': 0.3, 'lr': 0.003, 'weight_decay': 0.01} | Val AUC: 0.8133
[INFO] Config 475/486: {'num_channels': [512, 1024, 1024], 'kernel_size': 5, 'dropout': 0.3, 'lr': 0.005, 'weight_decay': 0.0001} | Val AUC: 0.8152
[INFO] Config 476/486: {'num_channels': [512, 1024, 1024], 'kernel_size': 5, 'dropout': 0.3, 'lr': 0.005, 'weight_decay': 0.001} | Val AUC: 0.8111
[INFO] Config 477/486: {'num_channels': [512, 1024, 1024], 'kernel_size': 5, 'dropout': 0.3, 'lr': 0.005, 'weight_decay': 0.01} | Val AUC: 0.8108
[INFO] Config 478/486: {'num_channels': [512, 1024, 1024], 'kernel_size': 5, 'dropout': 0.5, 'lr': 0.001, 'weight_decay': 0.0001} | Val AUC: 0.8126
[INFO] Config 479/486: {'num_channels': [512, 1024, 1024], 'kernel_size': 5, 'dropout': 0.5, 'lr': 0.001, 'weight_decay': 0.001} | Val AUC: 0.8095
[INFO] Config 480/486: {'num_channels': [512, 1024, 1024], 'kernel_size': 5, 'dropout': 0.5, 'lr': 0.001, 'weight_decay': 0.01} | Val AUC: 0.8088
[INFO] Config 481/486: {'num_channels': [512, 1024, 1024], 'kernel_size': 5, 'dropout': 0.5, 'lr': 0.003, 'weight_decay': 0.0001} | Val AUC: 0.8142
[INFO] Config 482/486: {'num_channels': [512, 1024, 1024], 'kernel_size': 5, 'dropout': 0.5, 'lr': 0.003, 'weight_decay': 0.001} | Val AUC: 0.8143
[INFO] Config 483/486: {'num_channels': [512, 1024, 1024], 'kernel_size': 5, 'dropout': 0.5, 'lr': 0.003, 'weight_decay': 0.01} | Val AUC: 0.8128
[INFO] Config 484/486: {'num_channels': [512, 1024, 1024], 'kernel_size': 5, 'dropout': 0.5, 'lr': 0.005, 'weight_decay': 0.0001} | Val AUC: 0.8108
[INFO] Config 485/486: {'num_channels': [512, 1024, 1024], 'kernel_size': 5, 'dropout': 0.5, 'lr': 0.005, 'weight_decay': 0.001} | Val AUC: 0.8067
[INFO] Config 486/486: {'num_channels': [512, 1024, 1024], 'kernel_size': 5, 'dropout': 0.5, 'lr': 0.005, 'weight_decay': 0.01} | Val AUC: 0.8111
[INFO] Selected Best TCN Config: {'num_channels': [256, 256, 256], 'kernel_size': 2, 'dropout': 0.1, 'lr': 0.003, 'weight_decay': 0.001} (Val AUC: 0.8339)
[INFO] Tuning BetaLikelihood configurations (n_iter=180)...
[INFO] Config 1/180: {'hidden_dim': 128, 'eta': 0.0, 'lr': 0.001, 'weight_decay': 1e-05} | Val AUC: 0.8040
[INFO] Config 2/180: {'hidden_dim': 128, 'eta': 0.0, 'lr': 0.001, 'weight_decay': 0.0001} | Val AUC: 0.8022
[INFO] Config 3/180: {'hidden_dim': 128, 'eta': 0.0, 'lr': 0.001, 'weight_decay': 0.001} | Val AUC: 0.8032
[INFO] Config 4/180: {'hidden_dim': 128, 'eta': 0.0, 'lr': 0.003, 'weight_decay': 1e-05} | Val AUC: 0.8153
[INFO] Config 5/180: {'hidden_dim': 128, 'eta': 0.0, 'lr': 0.003, 'weight_decay': 0.0001} | Val AUC: 0.8164
[INFO] Config 6/180: {'hidden_dim': 128, 'eta': 0.0, 'lr': 0.003, 'weight_decay': 0.001} | Val AUC: 0.8184
[INFO] Config 7/180: {'hidden_dim': 128, 'eta': 0.0, 'lr': 0.005, 'weight_decay': 1e-05} | Val AUC: 0.8204
[INFO] Config 8/180: {'hidden_dim': 128, 'eta': 0.0, 'lr': 0.005, 'weight_decay': 0.0001} | Val AUC: 0.8219
[INFO] Config 9/180: {'hidden_dim': 128, 'eta': 0.0, 'lr': 0.005, 'weight_decay': 0.001} | Val AUC: 0.8208
[INFO] Config 10/180: {'hidden_dim': 128, 'eta': 0.05, 'lr': 0.001, 'weight_decay': 1e-05} | Val AUC: 0.8043
[INFO] Config 11/180: {'hidden_dim': 128, 'eta': 0.05, 'lr': 0.001, 'weight_decay': 0.0001} | Val AUC: 0.8024
[INFO] Config 12/180: {'hidden_dim': 128, 'eta': 0.05, 'lr': 0.001, 'weight_decay': 0.001} | Val AUC: 0.7984
[INFO] Config 13/180: {'hidden_dim': 128, 'eta': 0.05, 'lr': 0.003, 'weight_decay': 1e-05} | Val AUC: 0.8175
[INFO] Config 14/180: {'hidden_dim': 128, 'eta': 0.05, 'lr': 0.003, 'weight_decay': 0.0001} | Val AUC: 0.8186
[INFO] Config 15/180: {'hidden_dim': 128, 'eta': 0.05, 'lr': 0.003, 'weight_decay': 0.001} | Val AUC: 0.8166
[INFO] Config 16/180: {'hidden_dim': 128, 'eta': 0.05, 'lr': 0.005, 'weight_decay': 1e-05} | Val AUC: 0.8202
[INFO] Config 17/180: {'hidden_dim': 128, 'eta': 0.05, 'lr': 0.005, 'weight_decay': 0.0001} | Val AUC: 0.8178
[INFO] Config 18/180: {'hidden_dim': 128, 'eta': 0.05, 'lr': 0.005, 'weight_decay': 0.001} | Val AUC: 0.8201
[INFO] Config 19/180: {'hidden_dim': 128, 'eta': 0.1, 'lr': 0.001, 'weight_decay': 1e-05} | Val AUC: 0.8030
[INFO] Config 20/180: {'hidden_dim': 128, 'eta': 0.1, 'lr': 0.001, 'weight_decay': 0.0001} | Val AUC: 0.8030
[INFO] Config 21/180: {'hidden_dim': 128, 'eta': 0.1, 'lr': 0.001, 'weight_decay': 0.001} | Val AUC: 0.8024
[INFO] Config 22/180: {'hidden_dim': 128, 'eta': 0.1, 'lr': 0.003, 'weight_decay': 1e-05} | Val AUC: 0.8180
[INFO] Config 23/180: {'hidden_dim': 128, 'eta': 0.1, 'lr': 0.003, 'weight_decay': 0.0001} | Val AUC: 0.8176
[INFO] Config 24/180: {'hidden_dim': 128, 'eta': 0.1, 'lr': 0.003, 'weight_decay': 0.001} | Val AUC: 0.8158
[INFO] Config 25/180: {'hidden_dim': 128, 'eta': 0.1, 'lr': 0.005, 'weight_decay': 1e-05} | Val AUC: 0.8196
[INFO] Config 26/180: {'hidden_dim': 128, 'eta': 0.1, 'lr': 0.005, 'weight_decay': 0.0001} | Val AUC: 0.8230
[INFO] Config 27/180: {'hidden_dim': 128, 'eta': 0.1, 'lr': 0.005, 'weight_decay': 0.001} | Val AUC: 0.8202
[INFO] Config 28/180: {'hidden_dim': 128, 'eta': 0.2, 'lr': 0.001, 'weight_decay': 1e-05} | Val AUC: 0.8030
[INFO] Config 29/180: {'hidden_dim': 128, 'eta': 0.2, 'lr': 0.001, 'weight_decay': 0.0001} | Val AUC: 0.8017
[INFO] Config 30/180: {'hidden_dim': 128, 'eta': 0.2, 'lr': 0.001, 'weight_decay': 0.001} | Val AUC: 0.8029
[INFO] Config 31/180: {'hidden_dim': 128, 'eta': 0.2, 'lr': 0.003, 'weight_decay': 1e-05} | Val AUC: 0.8176
[INFO] Config 32/180: {'hidden_dim': 128, 'eta': 0.2, 'lr': 0.003, 'weight_decay': 0.0001} | Val AUC: 0.8159
[INFO] Config 33/180: {'hidden_dim': 128, 'eta': 0.2, 'lr': 0.003, 'weight_decay': 0.001} | Val AUC: 0.8156
[INFO] Config 34/180: {'hidden_dim': 128, 'eta': 0.2, 'lr': 0.005, 'weight_decay': 1e-05} | Val AUC: 0.8213
[INFO] Config 35/180: {'hidden_dim': 128, 'eta': 0.2, 'lr': 0.005, 'weight_decay': 0.0001} | Val AUC: 0.8210
[INFO] Config 36/180: {'hidden_dim': 128, 'eta': 0.2, 'lr': 0.005, 'weight_decay': 0.001} | Val AUC: 0.8216
[INFO] Config 37/180: {'hidden_dim': 128, 'eta': 0.5, 'lr': 0.001, 'weight_decay': 1e-05} | Val AUC: 0.7967
[INFO] Config 38/180: {'hidden_dim': 128, 'eta': 0.5, 'lr': 0.001, 'weight_decay': 0.0001} | Val AUC: 0.8029
[INFO] Config 39/180: {'hidden_dim': 128, 'eta': 0.5, 'lr': 0.001, 'weight_decay': 0.001} | Val AUC: 0.8001
[INFO] Config 40/180: {'hidden_dim': 128, 'eta': 0.5, 'lr': 0.003, 'weight_decay': 1e-05} | Val AUC: 0.8182
[INFO] Config 41/180: {'hidden_dim': 128, 'eta': 0.5, 'lr': 0.003, 'weight_decay': 0.0001} | Val AUC: 0.8182
[INFO] Config 42/180: {'hidden_dim': 128, 'eta': 0.5, 'lr': 0.003, 'weight_decay': 0.001} | Val AUC: 0.8177
[INFO] Config 43/180: {'hidden_dim': 128, 'eta': 0.5, 'lr': 0.005, 'weight_decay': 1e-05} | Val AUC: 0.8198
[INFO] Config 44/180: {'hidden_dim': 128, 'eta': 0.5, 'lr': 0.005, 'weight_decay': 0.0001} | Val AUC: 0.8217
[INFO] Config 45/180: {'hidden_dim': 128, 'eta': 0.5, 'lr': 0.005, 'weight_decay': 0.001} | Val AUC: 0.8220
[INFO] Config 46/180: {'hidden_dim': 256, 'eta': 0.0, 'lr': 0.001, 'weight_decay': 1e-05} | Val AUC: 0.8084
[INFO] Config 47/180: {'hidden_dim': 256, 'eta': 0.0, 'lr': 0.001, 'weight_decay': 0.0001} | Val AUC: 0.8104
[INFO] Config 48/180: {'hidden_dim': 256, 'eta': 0.0, 'lr': 0.001, 'weight_decay': 0.001} | Val AUC: 0.8072
[INFO] Config 49/180: {'hidden_dim': 256, 'eta': 0.0, 'lr': 0.003, 'weight_decay': 1e-05} | Val AUC: 0.8195
[INFO] Config 50/180: {'hidden_dim': 256, 'eta': 0.0, 'lr': 0.003, 'weight_decay': 0.0001} | Val AUC: 0.8187
[INFO] Config 51/180: {'hidden_dim': 256, 'eta': 0.0, 'lr': 0.003, 'weight_decay': 0.001} | Val AUC: 0.8193
[INFO] Config 52/180: {'hidden_dim': 256, 'eta': 0.0, 'lr': 0.005, 'weight_decay': 1e-05} | Val AUC: 0.8205
[INFO] Config 53/180: {'hidden_dim': 256, 'eta': 0.0, 'lr': 0.005, 'weight_decay': 0.0001} | Val AUC: 0.8221
[INFO] Config 54/180: {'hidden_dim': 256, 'eta': 0.0, 'lr': 0.005, 'weight_decay': 0.001} | Val AUC: 0.8219
[INFO] Config 55/180: {'hidden_dim': 256, 'eta': 0.05, 'lr': 0.001, 'weight_decay': 1e-05} | Val AUC: 0.8083
[INFO] Config 56/180: {'hidden_dim': 256, 'eta': 0.05, 'lr': 0.001, 'weight_decay': 0.0001} | Val AUC: 0.8095
[INFO] Config 57/180: {'hidden_dim': 256, 'eta': 0.05, 'lr': 0.001, 'weight_decay': 0.001} | Val AUC: 0.8087
[INFO] Config 58/180: {'hidden_dim': 256, 'eta': 0.05, 'lr': 0.003, 'weight_decay': 1e-05} | Val AUC: 0.8186
[INFO] Config 59/180: {'hidden_dim': 256, 'eta': 0.05, 'lr': 0.003, 'weight_decay': 0.0001} | Val AUC: 0.8191
[INFO] Config 60/180: {'hidden_dim': 256, 'eta': 0.05, 'lr': 0.003, 'weight_decay': 0.001} | Val AUC: 0.8194
[INFO] Config 61/180: {'hidden_dim': 256, 'eta': 0.05, 'lr': 0.005, 'weight_decay': 1e-05} | Val AUC: 0.8231
[INFO] Config 62/180: {'hidden_dim': 256, 'eta': 0.05, 'lr': 0.005, 'weight_decay': 0.0001} | Val AUC: 0.8228
[INFO] Config 63/180: {'hidden_dim': 256, 'eta': 0.05, 'lr': 0.005, 'weight_decay': 0.001} | Val AUC: 0.8228
[INFO] Config 64/180: {'hidden_dim': 256, 'eta': 0.1, 'lr': 0.001, 'weight_decay': 1e-05} | Val AUC: 0.8080
[INFO] Config 65/180: {'hidden_dim': 256, 'eta': 0.1, 'lr': 0.001, 'weight_decay': 0.0001} | Val AUC: 0.8065
[INFO] Config 66/180: {'hidden_dim': 256, 'eta': 0.1, 'lr': 0.001, 'weight_decay': 0.001} | Val AUC: 0.8095
[INFO] Config 67/180: {'hidden_dim': 256, 'eta': 0.1, 'lr': 0.003, 'weight_decay': 1e-05} | Val AUC: 0.8210
[INFO] Config 68/180: {'hidden_dim': 256, 'eta': 0.1, 'lr': 0.003, 'weight_decay': 0.0001} | Val AUC: 0.8194
[INFO] Config 69/180: {'hidden_dim': 256, 'eta': 0.1, 'lr': 0.003, 'weight_decay': 0.001} | Val AUC: 0.8199
[INFO] Config 70/180: {'hidden_dim': 256, 'eta': 0.1, 'lr': 0.005, 'weight_decay': 1e-05} | Val AUC: 0.8243
[INFO] Config 71/180: {'hidden_dim': 256, 'eta': 0.1, 'lr': 0.005, 'weight_decay': 0.0001} | Val AUC: 0.8254
[INFO] Config 72/180: {'hidden_dim': 256, 'eta': 0.1, 'lr': 0.005, 'weight_decay': 0.001} | Val AUC: 0.8232
[INFO] Config 73/180: {'hidden_dim': 256, 'eta': 0.2, 'lr': 0.001, 'weight_decay': 1e-05} | Val AUC: 0.8092
[INFO] Config 74/180: {'hidden_dim': 256, 'eta': 0.2, 'lr': 0.001, 'weight_decay': 0.0001} | Val AUC: 0.8090
[INFO] Config 75/180: {'hidden_dim': 256, 'eta': 0.2, 'lr': 0.001, 'weight_decay': 0.001} | Val AUC: 0.8081
[INFO] Config 76/180: {'hidden_dim': 256, 'eta': 0.2, 'lr': 0.003, 'weight_decay': 1e-05} | Val AUC: 0.8192
[INFO] Config 77/180: {'hidden_dim': 256, 'eta': 0.2, 'lr': 0.003, 'weight_decay': 0.0001} | Val AUC: 0.8210
[INFO] Config 78/180: {'hidden_dim': 256, 'eta': 0.2, 'lr': 0.003, 'weight_decay': 0.001} | Val AUC: 0.8202
[INFO] Config 79/180: {'hidden_dim': 256, 'eta': 0.2, 'lr': 0.005, 'weight_decay': 1e-05} | Val AUC: 0.8228
[INFO] Config 80/180: {'hidden_dim': 256, 'eta': 0.2, 'lr': 0.005, 'weight_decay': 0.0001} | Val AUC: 0.8245
[INFO] Config 81/180: {'hidden_dim': 256, 'eta': 0.2, 'lr': 0.005, 'weight_decay': 0.001} | Val AUC: 0.8229
[INFO] Config 82/180: {'hidden_dim': 256, 'eta': 0.5, 'lr': 0.001, 'weight_decay': 1e-05} | Val AUC: 0.8090
[INFO] Config 83/180: {'hidden_dim': 256, 'eta': 0.5, 'lr': 0.001, 'weight_decay': 0.0001} | Val AUC: 0.8068
[INFO] Config 84/180: {'hidden_dim': 256, 'eta': 0.5, 'lr': 0.001, 'weight_decay': 0.001} | Val AUC: 0.8076
[INFO] Config 85/180: {'hidden_dim': 256, 'eta': 0.5, 'lr': 0.003, 'weight_decay': 1e-05} | Val AUC: 0.8213
[INFO] Config 86/180: {'hidden_dim': 256, 'eta': 0.5, 'lr': 0.003, 'weight_decay': 0.0001} | Val AUC: 0.8224
[INFO] Config 87/180: {'hidden_dim': 256, 'eta': 0.5, 'lr': 0.003, 'weight_decay': 0.001} | Val AUC: 0.8207
[INFO] Config 88/180: {'hidden_dim': 256, 'eta': 0.5, 'lr': 0.005, 'weight_decay': 1e-05} | Val AUC: 0.8240
[INFO] Config 89/180: {'hidden_dim': 256, 'eta': 0.5, 'lr': 0.005, 'weight_decay': 0.0001} | Val AUC: 0.8241
[INFO] Config 90/180: {'hidden_dim': 256, 'eta': 0.5, 'lr': 0.005, 'weight_decay': 0.001} | Val AUC: 0.8240
[INFO] Config 91/180: {'hidden_dim': 512, 'eta': 0.0, 'lr': 0.001, 'weight_decay': 1e-05} | Val AUC: 0.8122
[INFO] Config 92/180: {'hidden_dim': 512, 'eta': 0.0, 'lr': 0.001, 'weight_decay': 0.0001} | Val AUC: 0.8140
[INFO] Config 93/180: {'hidden_dim': 512, 'eta': 0.0, 'lr': 0.001, 'weight_decay': 0.001} | Val AUC: 0.8121
[INFO] Config 94/180: {'hidden_dim': 512, 'eta': 0.0, 'lr': 0.003, 'weight_decay': 1e-05} | Val AUC: 0.8226
[INFO] Config 95/180: {'hidden_dim': 512, 'eta': 0.0, 'lr': 0.003, 'weight_decay': 0.0001} | Val AUC: 0.8211
[INFO] Config 96/180: {'hidden_dim': 512, 'eta': 0.0, 'lr': 0.003, 'weight_decay': 0.001} | Val AUC: 0.8215
[INFO] Config 97/180: {'hidden_dim': 512, 'eta': 0.0, 'lr': 0.005, 'weight_decay': 1e-05} | Val AUC: 0.8191
[INFO] Config 98/180: {'hidden_dim': 512, 'eta': 0.0, 'lr': 0.005, 'weight_decay': 0.0001} | Val AUC: 0.8215
[INFO] Config 99/180: {'hidden_dim': 512, 'eta': 0.0, 'lr': 0.005, 'weight_decay': 0.001} | Val AUC: 0.8192
[INFO] Config 100/180: {'hidden_dim': 512, 'eta': 0.05, 'lr': 0.001, 'weight_decay': 1e-05} | Val AUC: 0.8118
[INFO] Config 101/180: {'hidden_dim': 512, 'eta': 0.05, 'lr': 0.001, 'weight_decay': 0.0001} | Val AUC: 0.8120
[INFO] Config 102/180: {'hidden_dim': 512, 'eta': 0.05, 'lr': 0.001, 'weight_decay': 0.001} | Val AUC: 0.8121
[INFO] Config 103/180: {'hidden_dim': 512, 'eta': 0.05, 'lr': 0.003, 'weight_decay': 1e-05} | Val AUC: 0.8214
[INFO] Config 104/180: {'hidden_dim': 512, 'eta': 0.05, 'lr': 0.003, 'weight_decay': 0.0001} | Val AUC: 0.8198
[INFO] Config 105/180: {'hidden_dim': 512, 'eta': 0.05, 'lr': 0.003, 'weight_decay': 0.001} | Val AUC: 0.8211
[INFO] Config 106/180: {'hidden_dim': 512, 'eta': 0.05, 'lr': 0.005, 'weight_decay': 1e-05} | Val AUC: 0.8216
[INFO] Config 107/180: {'hidden_dim': 512, 'eta': 0.05, 'lr': 0.005, 'weight_decay': 0.0001} | Val AUC: 0.8233
[INFO] Config 108/180: {'hidden_dim': 512, 'eta': 0.05, 'lr': 0.005, 'weight_decay': 0.001} | Val AUC: 0.8220
[INFO] Config 109/180: {'hidden_dim': 512, 'eta': 0.1, 'lr': 0.001, 'weight_decay': 1e-05} | Val AUC: 0.8125
[INFO] Config 110/180: {'hidden_dim': 512, 'eta': 0.1, 'lr': 0.001, 'weight_decay': 0.0001} | Val AUC: 0.8135
[INFO] Config 111/180: {'hidden_dim': 512, 'eta': 0.1, 'lr': 0.001, 'weight_decay': 0.001} | Val AUC: 0.8135
[INFO] Config 112/180: {'hidden_dim': 512, 'eta': 0.1, 'lr': 0.003, 'weight_decay': 1e-05} | Val AUC: 0.8197
[INFO] Config 113/180: {'hidden_dim': 512, 'eta': 0.1, 'lr': 0.003, 'weight_decay': 0.0001} | Val AUC: 0.8214
[INFO] Config 114/180: {'hidden_dim': 512, 'eta': 0.1, 'lr': 0.003, 'weight_decay': 0.001} | Val AUC: 0.8213
[INFO] Config 115/180: {'hidden_dim': 512, 'eta': 0.1, 'lr': 0.005, 'weight_decay': 1e-05} | Val AUC: 0.8194
[INFO] Config 116/180: {'hidden_dim': 512, 'eta': 0.1, 'lr': 0.005, 'weight_decay': 0.0001} | Val AUC: 0.8213
[INFO] Config 117/180: {'hidden_dim': 512, 'eta': 0.1, 'lr': 0.005, 'weight_decay': 0.001} | Val AUC: 0.8239
[INFO] Config 118/180: {'hidden_dim': 512, 'eta': 0.2, 'lr': 0.001, 'weight_decay': 1e-05} | Val AUC: 0.8149
[INFO] Config 119/180: {'hidden_dim': 512, 'eta': 0.2, 'lr': 0.001, 'weight_decay': 0.0001} | Val AUC: 0.8121
[INFO] Config 120/180: {'hidden_dim': 512, 'eta': 0.2, 'lr': 0.001, 'weight_decay': 0.001} | Val AUC: 0.8140
[INFO] Config 121/180: {'hidden_dim': 512, 'eta': 0.2, 'lr': 0.003, 'weight_decay': 1e-05} | Val AUC: 0.8228
[INFO] Config 122/180: {'hidden_dim': 512, 'eta': 0.2, 'lr': 0.003, 'weight_decay': 0.0001} | Val AUC: 0.8208
[INFO] Config 123/180: {'hidden_dim': 512, 'eta': 0.2, 'lr': 0.003, 'weight_decay': 0.001} | Val AUC: 0.8227
[INFO] Config 124/180: {'hidden_dim': 512, 'eta': 0.2, 'lr': 0.005, 'weight_decay': 1e-05} | Val AUC: 0.8235
[INFO] Config 125/180: {'hidden_dim': 512, 'eta': 0.2, 'lr': 0.005, 'weight_decay': 0.0001} | Val AUC: 0.8215
[INFO] Config 126/180: {'hidden_dim': 512, 'eta': 0.2, 'lr': 0.005, 'weight_decay': 0.001} | Val AUC: 0.8228
[INFO] Config 127/180: {'hidden_dim': 512, 'eta': 0.5, 'lr': 0.001, 'weight_decay': 1e-05} | Val AUC: 0.8106
[INFO] Config 128/180: {'hidden_dim': 512, 'eta': 0.5, 'lr': 0.001, 'weight_decay': 0.0001} | Val AUC: 0.8139
[INFO] Config 129/180: {'hidden_dim': 512, 'eta': 0.5, 'lr': 0.001, 'weight_decay': 0.001} | Val AUC: 0.8127
[INFO] Config 130/180: {'hidden_dim': 512, 'eta': 0.5, 'lr': 0.003, 'weight_decay': 1e-05} | Val AUC: 0.8223
[INFO] Config 131/180: {'hidden_dim': 512, 'eta': 0.5, 'lr': 0.003, 'weight_decay': 0.0001} | Val AUC: 0.8229
[INFO] Config 132/180: {'hidden_dim': 512, 'eta': 0.5, 'lr': 0.003, 'weight_decay': 0.001} | Val AUC: 0.8240
[INFO] Config 133/180: {'hidden_dim': 512, 'eta': 0.5, 'lr': 0.005, 'weight_decay': 1e-05} | Val AUC: 0.8258
[INFO] Config 134/180: {'hidden_dim': 512, 'eta': 0.5, 'lr': 0.005, 'weight_decay': 0.0001} | Val AUC: 0.8239
[INFO] Config 135/180: {'hidden_dim': 512, 'eta': 0.5, 'lr': 0.005, 'weight_decay': 0.001} | Val AUC: 0.8233
[INFO] Config 136/180: {'hidden_dim': 1024, 'eta': 0.0, 'lr': 0.001, 'weight_decay': 1e-05} | Val AUC: 0.8156
[INFO] Config 137/180: {'hidden_dim': 1024, 'eta': 0.0, 'lr': 0.001, 'weight_decay': 0.0001} | Val AUC: 0.8140
[INFO] Config 138/180: {'hidden_dim': 1024, 'eta': 0.0, 'lr': 0.001, 'weight_decay': 0.001} | Val AUC: 0.8147
[INFO] Config 139/180: {'hidden_dim': 1024, 'eta': 0.0, 'lr': 0.003, 'weight_decay': 1e-05} | Val AUC: 0.8162
[INFO] Config 140/180: {'hidden_dim': 1024, 'eta': 0.0, 'lr': 0.003, 'weight_decay': 0.0001} | Val AUC: 0.8148
[INFO] Config 141/180: {'hidden_dim': 1024, 'eta': 0.0, 'lr': 0.003, 'weight_decay': 0.001} | Val AUC: 0.8143
[INFO] Config 142/180: {'hidden_dim': 1024, 'eta': 0.0, 'lr': 0.005, 'weight_decay': 1e-05} | Val AUC: 0.7425
[INFO] Config 143/180: {'hidden_dim': 1024, 'eta': 0.0, 'lr': 0.005, 'weight_decay': 0.0001} | Val AUC: 0.5000
[INFO] Config 144/180: {'hidden_dim': 1024, 'eta': 0.0, 'lr': 0.005, 'weight_decay': 0.001} | Val AUC: 0.5000
[INFO] Config 145/180: {'hidden_dim': 1024, 'eta': 0.05, 'lr': 0.001, 'weight_decay': 1e-05} | Val AUC: 0.8156
[INFO] Config 146/180: {'hidden_dim': 1024, 'eta': 0.05, 'lr': 0.001, 'weight_decay': 0.0001} | Val AUC: 0.8150
[INFO] Config 147/180: {'hidden_dim': 1024, 'eta': 0.05, 'lr': 0.001, 'weight_decay': 0.001} | Val AUC: 0.8145
[INFO] Config 148/180: {'hidden_dim': 1024, 'eta': 0.05, 'lr': 0.003, 'weight_decay': 1e-05} | Val AUC: 0.8132
[INFO] Config 149/180: {'hidden_dim': 1024, 'eta': 0.05, 'lr': 0.003, 'weight_decay': 0.0001} | Val AUC: 0.8133
[INFO] Config 150/180: {'hidden_dim': 1024, 'eta': 0.05, 'lr': 0.003, 'weight_decay': 0.001} | Val AUC: 0.8198
[INFO] Config 151/180: {'hidden_dim': 1024, 'eta': 0.05, 'lr': 0.005, 'weight_decay': 1e-05} | Val AUC: 0.5000
[INFO] Config 152/180: {'hidden_dim': 1024, 'eta': 0.05, 'lr': 0.005, 'weight_decay': 0.0001} | Val AUC: 0.7594
[INFO] Config 153/180: {'hidden_dim': 1024, 'eta': 0.05, 'lr': 0.005, 'weight_decay': 0.001} | Val AUC: 0.5000
[INFO] Config 154/180: {'hidden_dim': 1024, 'eta': 0.1, 'lr': 0.001, 'weight_decay': 1e-05} | Val AUC: 0.8134
[INFO] Config 155/180: {'hidden_dim': 1024, 'eta': 0.1, 'lr': 0.001, 'weight_decay': 0.0001} | Val AUC: 0.8149
[INFO] Config 156/180: {'hidden_dim': 1024, 'eta': 0.1, 'lr': 0.001, 'weight_decay': 0.001} | Val AUC: 0.8149
[INFO] Config 157/180: {'hidden_dim': 1024, 'eta': 0.1, 'lr': 0.003, 'weight_decay': 1e-05} | Val AUC: 0.8137
[INFO] Config 158/180: {'hidden_dim': 1024, 'eta': 0.1, 'lr': 0.003, 'weight_decay': 0.0001} | Val AUC: 0.8169
[INFO] Config 159/180: {'hidden_dim': 1024, 'eta': 0.1, 'lr': 0.003, 'weight_decay': 0.001} | Val AUC: 0.8161
[INFO] Config 160/180: {'hidden_dim': 1024, 'eta': 0.1, 'lr': 0.005, 'weight_decay': 1e-05} | Val AUC: 0.5000
[INFO] Config 161/180: {'hidden_dim': 1024, 'eta': 0.1, 'lr': 0.005, 'weight_decay': 0.0001} | Val AUC: 0.5498
[INFO] Config 162/180: {'hidden_dim': 1024, 'eta': 0.1, 'lr': 0.005, 'weight_decay': 0.001} | Val AUC: 0.8114
[INFO] Config 163/180: {'hidden_dim': 1024, 'eta': 0.2, 'lr': 0.001, 'weight_decay': 1e-05} | Val AUC: 0.8148
[INFO] Config 164/180: {'hidden_dim': 1024, 'eta': 0.2, 'lr': 0.001, 'weight_decay': 0.0001} | Val AUC: 0.8156
[INFO] Config 165/180: {'hidden_dim': 1024, 'eta': 0.2, 'lr': 0.001, 'weight_decay': 0.001} | Val AUC: 0.8157
[INFO] Config 166/180: {'hidden_dim': 1024, 'eta': 0.2, 'lr': 0.003, 'weight_decay': 1e-05} | Val AUC: 0.8182
[INFO] Config 167/180: {'hidden_dim': 1024, 'eta': 0.2, 'lr': 0.003, 'weight_decay': 0.0001} | Val AUC: 0.8189
[INFO] Config 168/180: {'hidden_dim': 1024, 'eta': 0.2, 'lr': 0.003, 'weight_decay': 0.001} | Val AUC: 0.8188
[INFO] Config 169/180: {'hidden_dim': 1024, 'eta': 0.2, 'lr': 0.005, 'weight_decay': 1e-05} | Val AUC: 0.5000
[INFO] Config 170/180: {'hidden_dim': 1024, 'eta': 0.2, 'lr': 0.005, 'weight_decay': 0.0001} | Val AUC: 0.8063
[INFO] Config 171/180: {'hidden_dim': 1024, 'eta': 0.2, 'lr': 0.005, 'weight_decay': 0.001} | Val AUC: 0.8166
[INFO] Config 172/180: {'hidden_dim': 1024, 'eta': 0.5, 'lr': 0.001, 'weight_decay': 1e-05} | Val AUC: 0.8157
[INFO] Config 173/180: {'hidden_dim': 1024, 'eta': 0.5, 'lr': 0.001, 'weight_decay': 0.0001} | Val AUC: 0.8156
[INFO] Config 174/180: {'hidden_dim': 1024, 'eta': 0.5, 'lr': 0.001, 'weight_decay': 0.001} | Val AUC: 0.8162
[INFO] Config 175/180: {'hidden_dim': 1024, 'eta': 0.5, 'lr': 0.003, 'weight_decay': 1e-05} | Val AUC: 0.8199
[INFO] Config 176/180: {'hidden_dim': 1024, 'eta': 0.5, 'lr': 0.003, 'weight_decay': 0.0001} | Val AUC: 0.8220
[INFO] Config 177/180: {'hidden_dim': 1024, 'eta': 0.5, 'lr': 0.003, 'weight_decay': 0.001} | Val AUC: 0.8225
[INFO] Config 178/180: {'hidden_dim': 1024, 'eta': 0.5, 'lr': 0.005, 'weight_decay': 1e-05} | Val AUC: 0.5000
[INFO] Config 179/180: {'hidden_dim': 1024, 'eta': 0.5, 'lr': 0.005, 'weight_decay': 0.0001} | Val AUC: 0.8160
[INFO] Config 180/180: {'hidden_dim': 1024, 'eta': 0.5, 'lr': 0.005, 'weight_decay': 0.001} | Val AUC: 0.7640
[INFO] Selected Best BetaLikelihood Config: {'hidden_dim': 512, 'eta': 0.5, 'lr': 0.005, 'weight_decay': 1e-05} (Val AUC: 0.8258)
[INFO] Saved checkpoint for Fold 4/5 to research/outputs/experiments_v2/advanced_tournament_checkpoint.pth
[INFO] --- FOLD 5/5 ---
[INFO] Tuning BiGRU configurations (n_iter=324)...
[INFO] Config 1/324: {'hidden_dim': 64, 'num_layers': 1, 'dropout': 0.1, 'lr': 0.001, 'weight_decay': 1e-05} | Val AUC: 0.8502
[INFO] Config 2/324: {'hidden_dim': 64, 'num_layers': 1, 'dropout': 0.1, 'lr': 0.001, 'weight_decay': 0.0001} | Val AUC: 0.8466
[INFO] Config 3/324: {'hidden_dim': 64, 'num_layers': 1, 'dropout': 0.1, 'lr': 0.001, 'weight_decay': 0.001} | Val AUC: 0.8463
[INFO] Config 4/324: {'hidden_dim': 64, 'num_layers': 1, 'dropout': 0.1, 'lr': 0.003, 'weight_decay': 1e-05} | Val AUC: 0.8662
[INFO] Config 5/324: {'hidden_dim': 64, 'num_layers': 1, 'dropout': 0.1, 'lr': 0.003, 'weight_decay': 0.0001} | Val AUC: 0.8677
[INFO] Config 6/324: {'hidden_dim': 64, 'num_layers': 1, 'dropout': 0.1, 'lr': 0.003, 'weight_decay': 0.001} | Val AUC: 0.8657
[INFO] Config 7/324: {'hidden_dim': 64, 'num_layers': 1, 'dropout': 0.1, 'lr': 0.005, 'weight_decay': 1e-05} | Val AUC: 0.8708
[INFO] Config 8/324: {'hidden_dim': 64, 'num_layers': 1, 'dropout': 0.1, 'lr': 0.005, 'weight_decay': 0.0001} | Val AUC: 0.8695
[INFO] Config 9/324: {'hidden_dim': 64, 'num_layers': 1, 'dropout': 0.1, 'lr': 0.005, 'weight_decay': 0.001} | Val AUC: 0.8714
[INFO] Config 10/324: {'hidden_dim': 64, 'num_layers': 1, 'dropout': 0.3, 'lr': 0.001, 'weight_decay': 1e-05} | Val AUC: 0.8490
[INFO] Config 11/324: {'hidden_dim': 64, 'num_layers': 1, 'dropout': 0.3, 'lr': 0.001, 'weight_decay': 0.0001} | Val AUC: 0.8475
[INFO] Config 12/324: {'hidden_dim': 64, 'num_layers': 1, 'dropout': 0.3, 'lr': 0.001, 'weight_decay': 0.001} | Val AUC: 0.8517
[INFO] Config 13/324: {'hidden_dim': 64, 'num_layers': 1, 'dropout': 0.3, 'lr': 0.003, 'weight_decay': 1e-05} | Val AUC: 0.8672
[INFO] Config 14/324: {'hidden_dim': 64, 'num_layers': 1, 'dropout': 0.3, 'lr': 0.003, 'weight_decay': 0.0001} | Val AUC: 0.8662
[INFO] Config 15/324: {'hidden_dim': 64, 'num_layers': 1, 'dropout': 0.3, 'lr': 0.003, 'weight_decay': 0.001} | Val AUC: 0.8661
[INFO] Config 16/324: {'hidden_dim': 64, 'num_layers': 1, 'dropout': 0.3, 'lr': 0.005, 'weight_decay': 1e-05} | Val AUC: 0.8704
[INFO] Config 17/324: {'hidden_dim': 64, 'num_layers': 1, 'dropout': 0.3, 'lr': 0.005, 'weight_decay': 0.0001} | Val AUC: 0.8706
[INFO] Config 18/324: {'hidden_dim': 64, 'num_layers': 1, 'dropout': 0.3, 'lr': 0.005, 'weight_decay': 0.001} | Val AUC: 0.8691
[INFO] Config 19/324: {'hidden_dim': 64, 'num_layers': 1, 'dropout': 0.5, 'lr': 0.001, 'weight_decay': 1e-05} | Val AUC: 0.8514
[INFO] Config 20/324: {'hidden_dim': 64, 'num_layers': 1, 'dropout': 0.5, 'lr': 0.001, 'weight_decay': 0.0001} | Val AUC: 0.8460
[INFO] Config 21/324: {'hidden_dim': 64, 'num_layers': 1, 'dropout': 0.5, 'lr': 0.001, 'weight_decay': 0.001} | Val AUC: 0.8531
[INFO] Config 22/324: {'hidden_dim': 64, 'num_layers': 1, 'dropout': 0.5, 'lr': 0.003, 'weight_decay': 1e-05} | Val AUC: 0.8681
[INFO] Config 23/324: {'hidden_dim': 64, 'num_layers': 1, 'dropout': 0.5, 'lr': 0.003, 'weight_decay': 0.0001} | Val AUC: 0.8684
[INFO] Config 24/324: {'hidden_dim': 64, 'num_layers': 1, 'dropout': 0.5, 'lr': 0.003, 'weight_decay': 0.001} | Val AUC: 0.8662
[INFO] Config 25/324: {'hidden_dim': 64, 'num_layers': 1, 'dropout': 0.5, 'lr': 0.005, 'weight_decay': 1e-05} | Val AUC: 0.8699
[INFO] Config 26/324: {'hidden_dim': 64, 'num_layers': 1, 'dropout': 0.5, 'lr': 0.005, 'weight_decay': 0.0001} | Val AUC: 0.8696
[INFO] Config 27/324: {'hidden_dim': 64, 'num_layers': 1, 'dropout': 0.5, 'lr': 0.005, 'weight_decay': 0.001} | Val AUC: 0.8719
[INFO] Config 28/324: {'hidden_dim': 64, 'num_layers': 2, 'dropout': 0.1, 'lr': 0.001, 'weight_decay': 1e-05} | Val AUC: 0.8566
[INFO] Config 29/324: {'hidden_dim': 64, 'num_layers': 2, 'dropout': 0.1, 'lr': 0.001, 'weight_decay': 0.0001} | Val AUC: 0.8589
[INFO] Config 30/324: {'hidden_dim': 64, 'num_layers': 2, 'dropout': 0.1, 'lr': 0.001, 'weight_decay': 0.001} | Val AUC: 0.8548
[INFO] Config 31/324: {'hidden_dim': 64, 'num_layers': 2, 'dropout': 0.1, 'lr': 0.003, 'weight_decay': 1e-05} | Val AUC: 0.8677
[INFO] Config 32/324: {'hidden_dim': 64, 'num_layers': 2, 'dropout': 0.1, 'lr': 0.003, 'weight_decay': 0.0001} | Val AUC: 0.8676
[INFO] Config 33/324: {'hidden_dim': 64, 'num_layers': 2, 'dropout': 0.1, 'lr': 0.003, 'weight_decay': 0.001} | Val AUC: 0.8684
[INFO] Config 34/324: {'hidden_dim': 64, 'num_layers': 2, 'dropout': 0.1, 'lr': 0.005, 'weight_decay': 1e-05} | Val AUC: 0.8659
[INFO] Config 35/324: {'hidden_dim': 64, 'num_layers': 2, 'dropout': 0.1, 'lr': 0.005, 'weight_decay': 0.0001} | Val AUC: 0.8669
[INFO] Config 36/324: {'hidden_dim': 64, 'num_layers': 2, 'dropout': 0.1, 'lr': 0.005, 'weight_decay': 0.001} | Val AUC: 0.8686
[INFO] Config 37/324: {'hidden_dim': 64, 'num_layers': 2, 'dropout': 0.3, 'lr': 0.001, 'weight_decay': 1e-05} | Val AUC: 0.8519
[INFO] Config 38/324: {'hidden_dim': 64, 'num_layers': 2, 'dropout': 0.3, 'lr': 0.001, 'weight_decay': 0.0001} | Val AUC: 0.8515
[INFO] Config 39/324: {'hidden_dim': 64, 'num_layers': 2, 'dropout': 0.3, 'lr': 0.001, 'weight_decay': 0.001} | Val AUC: 0.8531
[INFO] Config 40/324: {'hidden_dim': 64, 'num_layers': 2, 'dropout': 0.3, 'lr': 0.003, 'weight_decay': 1e-05} | Val AUC: 0.8636
[INFO] Config 41/324: {'hidden_dim': 64, 'num_layers': 2, 'dropout': 0.3, 'lr': 0.003, 'weight_decay': 0.0001} | Val AUC: 0.8638
[INFO] Config 42/324: {'hidden_dim': 64, 'num_layers': 2, 'dropout': 0.3, 'lr': 0.003, 'weight_decay': 0.001} | Val AUC: 0.8607
[INFO] Config 43/324: {'hidden_dim': 64, 'num_layers': 2, 'dropout': 0.3, 'lr': 0.005, 'weight_decay': 1e-05} | Val AUC: 0.8647
[INFO] Config 44/324: {'hidden_dim': 64, 'num_layers': 2, 'dropout': 0.3, 'lr': 0.005, 'weight_decay': 0.0001} | Val AUC: 0.8628
[INFO] Config 45/324: {'hidden_dim': 64, 'num_layers': 2, 'dropout': 0.3, 'lr': 0.005, 'weight_decay': 0.001} | Val AUC: 0.8648
[INFO] Config 46/324: {'hidden_dim': 64, 'num_layers': 2, 'dropout': 0.5, 'lr': 0.001, 'weight_decay': 1e-05} | Val AUC: 0.8481
[INFO] Config 47/324: {'hidden_dim': 64, 'num_layers': 2, 'dropout': 0.5, 'lr': 0.001, 'weight_decay': 0.0001} | Val AUC: 0.8463
[INFO] Config 48/324: {'hidden_dim': 64, 'num_layers': 2, 'dropout': 0.5, 'lr': 0.001, 'weight_decay': 0.001} | Val AUC: 0.8466
[INFO] Config 49/324: {'hidden_dim': 64, 'num_layers': 2, 'dropout': 0.5, 'lr': 0.003, 'weight_decay': 1e-05} | Val AUC: 0.8578
[INFO] Config 50/324: {'hidden_dim': 64, 'num_layers': 2, 'dropout': 0.5, 'lr': 0.003, 'weight_decay': 0.0001} | Val AUC: 0.8581
[INFO] Config 51/324: {'hidden_dim': 64, 'num_layers': 2, 'dropout': 0.5, 'lr': 0.003, 'weight_decay': 0.001} | Val AUC: 0.8636
[INFO] Config 52/324: {'hidden_dim': 64, 'num_layers': 2, 'dropout': 0.5, 'lr': 0.005, 'weight_decay': 1e-05} | Val AUC: 0.8657
[INFO] Config 53/324: {'hidden_dim': 64, 'num_layers': 2, 'dropout': 0.5, 'lr': 0.005, 'weight_decay': 0.0001} | Val AUC: 0.8631
[INFO] Config 54/324: {'hidden_dim': 64, 'num_layers': 2, 'dropout': 0.5, 'lr': 0.005, 'weight_decay': 0.001} | Val AUC: 0.8623
[INFO] Config 55/324: {'hidden_dim': 64, 'num_layers': 3, 'dropout': 0.1, 'lr': 0.001, 'weight_decay': 1e-05} | Val AUC: 0.8541
[INFO] Config 56/324: {'hidden_dim': 64, 'num_layers': 3, 'dropout': 0.1, 'lr': 0.001, 'weight_decay': 0.0001} | Val AUC: 0.8548
[INFO] Config 57/324: {'hidden_dim': 64, 'num_layers': 3, 'dropout': 0.1, 'lr': 0.001, 'weight_decay': 0.001} | Val AUC: 0.8502
[INFO] Config 58/324: {'hidden_dim': 64, 'num_layers': 3, 'dropout': 0.1, 'lr': 0.003, 'weight_decay': 1e-05} | Val AUC: 0.8648
[INFO] Config 59/324: {'hidden_dim': 64, 'num_layers': 3, 'dropout': 0.1, 'lr': 0.003, 'weight_decay': 0.0001} | Val AUC: 0.8640
[INFO] Config 60/324: {'hidden_dim': 64, 'num_layers': 3, 'dropout': 0.1, 'lr': 0.003, 'weight_decay': 0.001} | Val AUC: 0.8698
[INFO] Config 61/324: {'hidden_dim': 64, 'num_layers': 3, 'dropout': 0.1, 'lr': 0.005, 'weight_decay': 1e-05} | Val AUC: 0.8670
[INFO] Config 62/324: {'hidden_dim': 64, 'num_layers': 3, 'dropout': 0.1, 'lr': 0.005, 'weight_decay': 0.0001} | Val AUC: 0.8687
[INFO] Config 63/324: {'hidden_dim': 64, 'num_layers': 3, 'dropout': 0.1, 'lr': 0.005, 'weight_decay': 0.001} | Val AUC: 0.8693
[INFO] Config 64/324: {'hidden_dim': 64, 'num_layers': 3, 'dropout': 0.3, 'lr': 0.001, 'weight_decay': 1e-05} | Val AUC: 0.8493
[INFO] Config 65/324: {'hidden_dim': 64, 'num_layers': 3, 'dropout': 0.3, 'lr': 0.001, 'weight_decay': 0.0001} | Val AUC: 0.8491
[INFO] Config 66/324: {'hidden_dim': 64, 'num_layers': 3, 'dropout': 0.3, 'lr': 0.001, 'weight_decay': 0.001} | Val AUC: 0.8510
[INFO] Config 67/324: {'hidden_dim': 64, 'num_layers': 3, 'dropout': 0.3, 'lr': 0.003, 'weight_decay': 1e-05} | Val AUC: 0.8625
[INFO] Config 68/324: {'hidden_dim': 64, 'num_layers': 3, 'dropout': 0.3, 'lr': 0.003, 'weight_decay': 0.0001} | Val AUC: 0.8644
[INFO] Config 69/324: {'hidden_dim': 64, 'num_layers': 3, 'dropout': 0.3, 'lr': 0.003, 'weight_decay': 0.001} | Val AUC: 0.8615
[INFO] Config 70/324: {'hidden_dim': 64, 'num_layers': 3, 'dropout': 0.3, 'lr': 0.005, 'weight_decay': 1e-05} | Val AUC: 0.8599
[INFO] Config 71/324: {'hidden_dim': 64, 'num_layers': 3, 'dropout': 0.3, 'lr': 0.005, 'weight_decay': 0.0001} | Val AUC: 0.8639
[INFO] Config 72/324: {'hidden_dim': 64, 'num_layers': 3, 'dropout': 0.3, 'lr': 0.005, 'weight_decay': 0.001} | Val AUC: 0.8675
[INFO] Config 73/324: {'hidden_dim': 64, 'num_layers': 3, 'dropout': 0.5, 'lr': 0.001, 'weight_decay': 1e-05} | Val AUC: 0.8440
[INFO] Config 74/324: {'hidden_dim': 64, 'num_layers': 3, 'dropout': 0.5, 'lr': 0.001, 'weight_decay': 0.0001} | Val AUC: 0.8458
[INFO] Config 75/324: {'hidden_dim': 64, 'num_layers': 3, 'dropout': 0.5, 'lr': 0.001, 'weight_decay': 0.001} | Val AUC: 0.8420
[INFO] Config 76/324: {'hidden_dim': 64, 'num_layers': 3, 'dropout': 0.5, 'lr': 0.003, 'weight_decay': 1e-05} | Val AUC: 0.8568
[INFO] Config 77/324: {'hidden_dim': 64, 'num_layers': 3, 'dropout': 0.5, 'lr': 0.003, 'weight_decay': 0.0001} | Val AUC: 0.8563
[INFO] Config 78/324: {'hidden_dim': 64, 'num_layers': 3, 'dropout': 0.5, 'lr': 0.003, 'weight_decay': 0.001} | Val AUC: 0.8534
[INFO] Config 79/324: {'hidden_dim': 64, 'num_layers': 3, 'dropout': 0.5, 'lr': 0.005, 'weight_decay': 1e-05} | Val AUC: 0.8653
[INFO] Config 80/324: {'hidden_dim': 64, 'num_layers': 3, 'dropout': 0.5, 'lr': 0.005, 'weight_decay': 0.0001} | Val AUC: 0.8612
[INFO] Config 81/324: {'hidden_dim': 64, 'num_layers': 3, 'dropout': 0.5, 'lr': 0.005, 'weight_decay': 0.001} | Val AUC: 0.8611
[INFO] Config 82/324: {'hidden_dim': 128, 'num_layers': 1, 'dropout': 0.1, 'lr': 0.001, 'weight_decay': 1e-05} | Val AUC: 0.8611
[INFO] Config 83/324: {'hidden_dim': 128, 'num_layers': 1, 'dropout': 0.1, 'lr': 0.001, 'weight_decay': 0.0001} | Val AUC: 0.8650
[INFO] Config 84/324: {'hidden_dim': 128, 'num_layers': 1, 'dropout': 0.1, 'lr': 0.001, 'weight_decay': 0.001} | Val AUC: 0.8633
[INFO] Config 85/324: {'hidden_dim': 128, 'num_layers': 1, 'dropout': 0.1, 'lr': 0.003, 'weight_decay': 1e-05} | Val AUC: 0.8749
[INFO] Config 86/324: {'hidden_dim': 128, 'num_layers': 1, 'dropout': 0.1, 'lr': 0.003, 'weight_decay': 0.0001} | Val AUC: 0.8736
[INFO] Config 87/324: {'hidden_dim': 128, 'num_layers': 1, 'dropout': 0.1, 'lr': 0.003, 'weight_decay': 0.001} | Val AUC: 0.8748
[INFO] Config 88/324: {'hidden_dim': 128, 'num_layers': 1, 'dropout': 0.1, 'lr': 0.005, 'weight_decay': 1e-05} | Val AUC: 0.8743
[INFO] Config 89/324: {'hidden_dim': 128, 'num_layers': 1, 'dropout': 0.1, 'lr': 0.005, 'weight_decay': 0.0001} | Val AUC: 0.8740
[INFO] Config 90/324: {'hidden_dim': 128, 'num_layers': 1, 'dropout': 0.1, 'lr': 0.005, 'weight_decay': 0.001} | Val AUC: 0.8755
[INFO] Config 91/324: {'hidden_dim': 128, 'num_layers': 1, 'dropout': 0.3, 'lr': 0.001, 'weight_decay': 1e-05} | Val AUC: 0.8629
[INFO] Config 92/324: {'hidden_dim': 128, 'num_layers': 1, 'dropout': 0.3, 'lr': 0.001, 'weight_decay': 0.0001} | Val AUC: 0.8633
[INFO] Config 93/324: {'hidden_dim': 128, 'num_layers': 1, 'dropout': 0.3, 'lr': 0.001, 'weight_decay': 0.001} | Val AUC: 0.8659
[INFO] Config 94/324: {'hidden_dim': 128, 'num_layers': 1, 'dropout': 0.3, 'lr': 0.003, 'weight_decay': 1e-05} | Val AUC: 0.8743
[INFO] Config 95/324: {'hidden_dim': 128, 'num_layers': 1, 'dropout': 0.3, 'lr': 0.003, 'weight_decay': 0.0001} | Val AUC: 0.8753
[INFO] Config 96/324: {'hidden_dim': 128, 'num_layers': 1, 'dropout': 0.3, 'lr': 0.003, 'weight_decay': 0.001} | Val AUC: 0.8728
[INFO] Config 97/324: {'hidden_dim': 128, 'num_layers': 1, 'dropout': 0.3, 'lr': 0.005, 'weight_decay': 1e-05} | Val AUC: 0.8745
[INFO] Config 98/324: {'hidden_dim': 128, 'num_layers': 1, 'dropout': 0.3, 'lr': 0.005, 'weight_decay': 0.0001} | Val AUC: 0.8760
[INFO] Config 99/324: {'hidden_dim': 128, 'num_layers': 1, 'dropout': 0.3, 'lr': 0.005, 'weight_decay': 0.001} | Val AUC: 0.8748
[INFO] Config 100/324: {'hidden_dim': 128, 'num_layers': 1, 'dropout': 0.5, 'lr': 0.001, 'weight_decay': 1e-05} | Val AUC: 0.8638
[INFO] Config 101/324: {'hidden_dim': 128, 'num_layers': 1, 'dropout': 0.5, 'lr': 0.001, 'weight_decay': 0.0001} | Val AUC: 0.8649
[INFO] Config 102/324: {'hidden_dim': 128, 'num_layers': 1, 'dropout': 0.5, 'lr': 0.001, 'weight_decay': 0.001} | Val AUC: 0.8654
[INFO] Config 103/324: {'hidden_dim': 128, 'num_layers': 1, 'dropout': 0.5, 'lr': 0.003, 'weight_decay': 1e-05} | Val AUC: 0.8726
[INFO] Config 104/324: {'hidden_dim': 128, 'num_layers': 1, 'dropout': 0.5, 'lr': 0.003, 'weight_decay': 0.0001} | Val AUC: 0.8736
[INFO] Config 105/324: {'hidden_dim': 128, 'num_layers': 1, 'dropout': 0.5, 'lr': 0.003, 'weight_decay': 0.001} | Val AUC: 0.8741
[INFO] Config 106/324: {'hidden_dim': 128, 'num_layers': 1, 'dropout': 0.5, 'lr': 0.005, 'weight_decay': 1e-05} | Val AUC: 0.8735
[INFO] Config 107/324: {'hidden_dim': 128, 'num_layers': 1, 'dropout': 0.5, 'lr': 0.005, 'weight_decay': 0.0001} | Val AUC: 0.8766
[INFO] Config 108/324: {'hidden_dim': 128, 'num_layers': 1, 'dropout': 0.5, 'lr': 0.005, 'weight_decay': 0.001} | Val AUC: 0.8741
[INFO] Config 109/324: {'hidden_dim': 128, 'num_layers': 2, 'dropout': 0.1, 'lr': 0.001, 'weight_decay': 1e-05} | Val AUC: 0.8647
[INFO] Config 110/324: {'hidden_dim': 128, 'num_layers': 2, 'dropout': 0.1, 'lr': 0.001, 'weight_decay': 0.0001} | Val AUC: 0.8669
[INFO] Config 111/324: {'hidden_dim': 128, 'num_layers': 2, 'dropout': 0.1, 'lr': 0.001, 'weight_decay': 0.001} | Val AUC: 0.8665
[INFO] Config 112/324: {'hidden_dim': 128, 'num_layers': 2, 'dropout': 0.1, 'lr': 0.003, 'weight_decay': 1e-05} | Val AUC: 0.8719
[INFO] Config 113/324: {'hidden_dim': 128, 'num_layers': 2, 'dropout': 0.1, 'lr': 0.003, 'weight_decay': 0.0001} | Val AUC: 0.8720
[INFO] Config 114/324: {'hidden_dim': 128, 'num_layers': 2, 'dropout': 0.1, 'lr': 0.003, 'weight_decay': 0.001} | Val AUC: 0.8676
[INFO] Config 115/324: {'hidden_dim': 128, 'num_layers': 2, 'dropout': 0.1, 'lr': 0.005, 'weight_decay': 1e-05} | Val AUC: 0.8680
[INFO] Config 116/324: {'hidden_dim': 128, 'num_layers': 2, 'dropout': 0.1, 'lr': 0.005, 'weight_decay': 0.0001} | Val AUC: 0.8721
[INFO] Config 117/324: {'hidden_dim': 128, 'num_layers': 2, 'dropout': 0.1, 'lr': 0.005, 'weight_decay': 0.001} | Val AUC: 0.8720
[INFO] Config 118/324: {'hidden_dim': 128, 'num_layers': 2, 'dropout': 0.3, 'lr': 0.001, 'weight_decay': 1e-05} | Val AUC: 0.8639
[INFO] Config 119/324: {'hidden_dim': 128, 'num_layers': 2, 'dropout': 0.3, 'lr': 0.001, 'weight_decay': 0.0001} | Val AUC: 0.8648
[INFO] Config 120/324: {'hidden_dim': 128, 'num_layers': 2, 'dropout': 0.3, 'lr': 0.001, 'weight_decay': 0.001} | Val AUC: 0.8622
[INFO] Config 121/324: {'hidden_dim': 128, 'num_layers': 2, 'dropout': 0.3, 'lr': 0.003, 'weight_decay': 1e-05} | Val AUC: 0.8682
[INFO] Config 122/324: {'hidden_dim': 128, 'num_layers': 2, 'dropout': 0.3, 'lr': 0.003, 'weight_decay': 0.0001} | Val AUC: 0.8710
[INFO] Config 123/324: {'hidden_dim': 128, 'num_layers': 2, 'dropout': 0.3, 'lr': 0.003, 'weight_decay': 0.001} | Val AUC: 0.8671
[INFO] Config 124/324: {'hidden_dim': 128, 'num_layers': 2, 'dropout': 0.3, 'lr': 0.005, 'weight_decay': 1e-05} | Val AUC: 0.8695
[INFO] Config 125/324: {'hidden_dim': 128, 'num_layers': 2, 'dropout': 0.3, 'lr': 0.005, 'weight_decay': 0.0001} | Val AUC: 0.8664
[INFO] Config 126/324: {'hidden_dim': 128, 'num_layers': 2, 'dropout': 0.3, 'lr': 0.005, 'weight_decay': 0.001} | Val AUC: 0.8713
[INFO] Config 127/324: {'hidden_dim': 128, 'num_layers': 2, 'dropout': 0.5, 'lr': 0.001, 'weight_decay': 1e-05} | Val AUC: 0.8609
[INFO] Config 128/324: {'hidden_dim': 128, 'num_layers': 2, 'dropout': 0.5, 'lr': 0.001, 'weight_decay': 0.0001} | Val AUC: 0.8601
[INFO] Config 129/324: {'hidden_dim': 128, 'num_layers': 2, 'dropout': 0.5, 'lr': 0.001, 'weight_decay': 0.001} | Val AUC: 0.8583
[INFO] Config 130/324: {'hidden_dim': 128, 'num_layers': 2, 'dropout': 0.5, 'lr': 0.003, 'weight_decay': 1e-05} | Val AUC: 0.8689
[INFO] Config 131/324: {'hidden_dim': 128, 'num_layers': 2, 'dropout': 0.5, 'lr': 0.003, 'weight_decay': 0.0001} | Val AUC: 0.8650
[INFO] Config 132/324: {'hidden_dim': 128, 'num_layers': 2, 'dropout': 0.5, 'lr': 0.003, 'weight_decay': 0.001} | Val AUC: 0.8658
[INFO] Config 133/324: {'hidden_dim': 128, 'num_layers': 2, 'dropout': 0.5, 'lr': 0.005, 'weight_decay': 1e-05} | Val AUC: 0.8665
[INFO] Config 134/324: {'hidden_dim': 128, 'num_layers': 2, 'dropout': 0.5, 'lr': 0.005, 'weight_decay': 0.0001} | Val AUC: 0.8685
[INFO] Config 135/324: {'hidden_dim': 128, 'num_layers': 2, 'dropout': 0.5, 'lr': 0.005, 'weight_decay': 0.001} | Val AUC: 0.8705
[INFO] Config 136/324: {'hidden_dim': 128, 'num_layers': 3, 'dropout': 0.1, 'lr': 0.001, 'weight_decay': 1e-05} | Val AUC: 0.8634
[INFO] Config 137/324: {'hidden_dim': 128, 'num_layers': 3, 'dropout': 0.1, 'lr': 0.001, 'weight_decay': 0.0001} | Val AUC: 0.8655
[INFO] Config 138/324: {'hidden_dim': 128, 'num_layers': 3, 'dropout': 0.1, 'lr': 0.001, 'weight_decay': 0.001} | Val AUC: 0.8655
[INFO] Config 139/324: {'hidden_dim': 128, 'num_layers': 3, 'dropout': 0.1, 'lr': 0.003, 'weight_decay': 1e-05} | Val AUC: 0.8693
[INFO] Config 140/324: {'hidden_dim': 128, 'num_layers': 3, 'dropout': 0.1, 'lr': 0.003, 'weight_decay': 0.0001} | Val AUC: 0.8701
[INFO] Config 141/324: {'hidden_dim': 128, 'num_layers': 3, 'dropout': 0.1, 'lr': 0.003, 'weight_decay': 0.001} | Val AUC: 0.8680
[INFO] Config 142/324: {'hidden_dim': 128, 'num_layers': 3, 'dropout': 0.1, 'lr': 0.005, 'weight_decay': 1e-05} | Val AUC: 0.8717
[INFO] Config 143/324: {'hidden_dim': 128, 'num_layers': 3, 'dropout': 0.1, 'lr': 0.005, 'weight_decay': 0.0001} | Val AUC: 0.8689
[INFO] Config 144/324: {'hidden_dim': 128, 'num_layers': 3, 'dropout': 0.1, 'lr': 0.005, 'weight_decay': 0.001} | Val AUC: 0.8721
[INFO] Config 145/324: {'hidden_dim': 128, 'num_layers': 3, 'dropout': 0.3, 'lr': 0.001, 'weight_decay': 1e-05} | Val AUC: 0.8608
[INFO] Config 146/324: {'hidden_dim': 128, 'num_layers': 3, 'dropout': 0.3, 'lr': 0.001, 'weight_decay': 0.0001} | Val AUC: 0.8595
[INFO] Config 147/324: {'hidden_dim': 128, 'num_layers': 3, 'dropout': 0.3, 'lr': 0.001, 'weight_decay': 0.001} | Val AUC: 0.8628
[INFO] Config 148/324: {'hidden_dim': 128, 'num_layers': 3, 'dropout': 0.3, 'lr': 0.003, 'weight_decay': 1e-05} | Val AUC: 0.8685
[INFO] Config 149/324: {'hidden_dim': 128, 'num_layers': 3, 'dropout': 0.3, 'lr': 0.003, 'weight_decay': 0.0001} | Val AUC: 0.8697
[INFO] Config 150/324: {'hidden_dim': 128, 'num_layers': 3, 'dropout': 0.3, 'lr': 0.003, 'weight_decay': 0.001} | Val AUC: 0.8676
[INFO] Config 151/324: {'hidden_dim': 128, 'num_layers': 3, 'dropout': 0.3, 'lr': 0.005, 'weight_decay': 1e-05} | Val AUC: 0.8642
[INFO] Config 152/324: {'hidden_dim': 128, 'num_layers': 3, 'dropout': 0.3, 'lr': 0.005, 'weight_decay': 0.0001} | Val AUC: 0.8694
[INFO] Config 153/324: {'hidden_dim': 128, 'num_layers': 3, 'dropout': 0.3, 'lr': 0.005, 'weight_decay': 0.001} | Val AUC: 0.8696
[INFO] Config 154/324: {'hidden_dim': 128, 'num_layers': 3, 'dropout': 0.5, 'lr': 0.001, 'weight_decay': 1e-05} | Val AUC: 0.8582
[INFO] Config 155/324: {'hidden_dim': 128, 'num_layers': 3, 'dropout': 0.5, 'lr': 0.001, 'weight_decay': 0.0001} | Val AUC: 0.8592
[INFO] Config 156/324: {'hidden_dim': 128, 'num_layers': 3, 'dropout': 0.5, 'lr': 0.001, 'weight_decay': 0.001} | Val AUC: 0.8574
[INFO] Config 157/324: {'hidden_dim': 128, 'num_layers': 3, 'dropout': 0.5, 'lr': 0.003, 'weight_decay': 1e-05} | Val AUC: 0.8626
[INFO] Config 158/324: {'hidden_dim': 128, 'num_layers': 3, 'dropout': 0.5, 'lr': 0.003, 'weight_decay': 0.0001} | Val AUC: 0.8661
[INFO] Config 159/324: {'hidden_dim': 128, 'num_layers': 3, 'dropout': 0.5, 'lr': 0.003, 'weight_decay': 0.001} | Val AUC: 0.8631
[INFO] Config 160/324: {'hidden_dim': 128, 'num_layers': 3, 'dropout': 0.5, 'lr': 0.005, 'weight_decay': 1e-05} | Val AUC: 0.8698
[INFO] Config 161/324: {'hidden_dim': 128, 'num_layers': 3, 'dropout': 0.5, 'lr': 0.005, 'weight_decay': 0.0001} | Val AUC: 0.8638
[INFO] Config 162/324: {'hidden_dim': 128, 'num_layers': 3, 'dropout': 0.5, 'lr': 0.005, 'weight_decay': 0.001} | Val AUC: 0.8683
[INFO] Config 163/324: {'hidden_dim': 256, 'num_layers': 1, 'dropout': 0.1, 'lr': 0.001, 'weight_decay': 1e-05} | Val AUC: 0.8729
[INFO] Config 164/324: {'hidden_dim': 256, 'num_layers': 1, 'dropout': 0.1, 'lr': 0.001, 'weight_decay': 0.0001} | Val AUC: 0.8728
[INFO] Config 165/324: {'hidden_dim': 256, 'num_layers': 1, 'dropout': 0.1, 'lr': 0.001, 'weight_decay': 0.001} | Val AUC: 0.8719
[INFO] Config 166/324: {'hidden_dim': 256, 'num_layers': 1, 'dropout': 0.1, 'lr': 0.003, 'weight_decay': 1e-05} | Val AUC: 0.8768
[INFO] Config 167/324: {'hidden_dim': 256, 'num_layers': 1, 'dropout': 0.1, 'lr': 0.003, 'weight_decay': 0.0001} | Val AUC: 0.8771
[INFO] Config 168/324: {'hidden_dim': 256, 'num_layers': 1, 'dropout': 0.1, 'lr': 0.003, 'weight_decay': 0.001} | Val AUC: 0.8769
[INFO] Config 169/324: {'hidden_dim': 256, 'num_layers': 1, 'dropout': 0.1, 'lr': 0.005, 'weight_decay': 1e-05} | Val AUC: 0.8778
[INFO] Config 170/324: {'hidden_dim': 256, 'num_layers': 1, 'dropout': 0.1, 'lr': 0.005, 'weight_decay': 0.0001} | Val AUC: 0.8773
[INFO] Config 171/324: {'hidden_dim': 256, 'num_layers': 1, 'dropout': 0.1, 'lr': 0.005, 'weight_decay': 0.001} | Val AUC: 0.8773
[INFO] Config 172/324: {'hidden_dim': 256, 'num_layers': 1, 'dropout': 0.3, 'lr': 0.001, 'weight_decay': 1e-05} | Val AUC: 0.8715
[INFO] Config 173/324: {'hidden_dim': 256, 'num_layers': 1, 'dropout': 0.3, 'lr': 0.001, 'weight_decay': 0.0001} | Val AUC: 0.8725
[INFO] Config 174/324: {'hidden_dim': 256, 'num_layers': 1, 'dropout': 0.3, 'lr': 0.001, 'weight_decay': 0.001} | Val AUC: 0.8731
[INFO] Config 175/324: {'hidden_dim': 256, 'num_layers': 1, 'dropout': 0.3, 'lr': 0.003, 'weight_decay': 1e-05} | Val AUC: 0.8771
[INFO] Config 176/324: {'hidden_dim': 256, 'num_layers': 1, 'dropout': 0.3, 'lr': 0.003, 'weight_decay': 0.0001} | Val AUC: 0.8773
[INFO] Config 177/324: {'hidden_dim': 256, 'num_layers': 1, 'dropout': 0.3, 'lr': 0.003, 'weight_decay': 0.001} | Val AUC: 0.8757
[INFO] Config 178/324: {'hidden_dim': 256, 'num_layers': 1, 'dropout': 0.3, 'lr': 0.005, 'weight_decay': 1e-05} | Val AUC: 0.8739
[INFO] Config 179/324: {'hidden_dim': 256, 'num_layers': 1, 'dropout': 0.3, 'lr': 0.005, 'weight_decay': 0.0001} | Val AUC: 0.8760
[INFO] Config 180/324: {'hidden_dim': 256, 'num_layers': 1, 'dropout': 0.3, 'lr': 0.005, 'weight_decay': 0.001} | Val AUC: 0.8774
[INFO] Config 181/324: {'hidden_dim': 256, 'num_layers': 1, 'dropout': 0.5, 'lr': 0.001, 'weight_decay': 1e-05} | Val AUC: 0.8725
[INFO] Config 182/324: {'hidden_dim': 256, 'num_layers': 1, 'dropout': 0.5, 'lr': 0.001, 'weight_decay': 0.0001} | Val AUC: 0.8710
[INFO] Config 183/324: {'hidden_dim': 256, 'num_layers': 1, 'dropout': 0.5, 'lr': 0.001, 'weight_decay': 0.001} | Val AUC: 0.8736
[INFO] Config 184/324: {'hidden_dim': 256, 'num_layers': 1, 'dropout': 0.5, 'lr': 0.003, 'weight_decay': 1e-05} | Val AUC: 0.8749
[INFO] Config 185/324: {'hidden_dim': 256, 'num_layers': 1, 'dropout': 0.5, 'lr': 0.003, 'weight_decay': 0.0001} | Val AUC: 0.8757
[INFO] Config 186/324: {'hidden_dim': 256, 'num_layers': 1, 'dropout': 0.5, 'lr': 0.003, 'weight_decay': 0.001} | Val AUC: 0.8766
[INFO] Config 187/324: {'hidden_dim': 256, 'num_layers': 1, 'dropout': 0.5, 'lr': 0.005, 'weight_decay': 1e-05} | Val AUC: 0.8768
[INFO] Config 188/324: {'hidden_dim': 256, 'num_layers': 1, 'dropout': 0.5, 'lr': 0.005, 'weight_decay': 0.0001} | Val AUC: 0.8784
[INFO] Config 189/324: {'hidden_dim': 256, 'num_layers': 1, 'dropout': 0.5, 'lr': 0.005, 'weight_decay': 0.001} | Val AUC: 0.8768
[INFO] Config 190/324: {'hidden_dim': 256, 'num_layers': 2, 'dropout': 0.1, 'lr': 0.001, 'weight_decay': 1e-05} | Val AUC: 0.8710
[INFO] Config 191/324: {'hidden_dim': 256, 'num_layers': 2, 'dropout': 0.1, 'lr': 0.001, 'weight_decay': 0.0001} | Val AUC: 0.8716
[INFO] Config 192/324: {'hidden_dim': 256, 'num_layers': 2, 'dropout': 0.1, 'lr': 0.001, 'weight_decay': 0.001} | Val AUC: 0.8710
[INFO] Config 193/324: {'hidden_dim': 256, 'num_layers': 2, 'dropout': 0.1, 'lr': 0.003, 'weight_decay': 1e-05} | Val AUC: 0.8724
[INFO] Config 194/324: {'hidden_dim': 256, 'num_layers': 2, 'dropout': 0.1, 'lr': 0.003, 'weight_decay': 0.0001} | Val AUC: 0.8760
[INFO] Config 195/324: {'hidden_dim': 256, 'num_layers': 2, 'dropout': 0.1, 'lr': 0.003, 'weight_decay': 0.001} | Val AUC: 0.8752
[INFO] Config 196/324: {'hidden_dim': 256, 'num_layers': 2, 'dropout': 0.1, 'lr': 0.005, 'weight_decay': 1e-05} | Val AUC: 0.8702
[INFO] Config 197/324: {'hidden_dim': 256, 'num_layers': 2, 'dropout': 0.1, 'lr': 0.005, 'weight_decay': 0.0001} | Val AUC: 0.8700
[INFO] Config 198/324: {'hidden_dim': 256, 'num_layers': 2, 'dropout': 0.1, 'lr': 0.005, 'weight_decay': 0.001} | Val AUC: 0.8736
[INFO] Config 199/324: {'hidden_dim': 256, 'num_layers': 2, 'dropout': 0.3, 'lr': 0.001, 'weight_decay': 1e-05} | Val AUC: 0.8698
[INFO] Config 200/324: {'hidden_dim': 256, 'num_layers': 2, 'dropout': 0.3, 'lr': 0.001, 'weight_decay': 0.0001} | Val AUC: 0.8697
[INFO] Config 201/324: {'hidden_dim': 256, 'num_layers': 2, 'dropout': 0.3, 'lr': 0.001, 'weight_decay': 0.001} | Val AUC: 0.8696
[INFO] Config 202/324: {'hidden_dim': 256, 'num_layers': 2, 'dropout': 0.3, 'lr': 0.003, 'weight_decay': 1e-05} | Val AUC: 0.8714
[INFO] Config 203/324: {'hidden_dim': 256, 'num_layers': 2, 'dropout': 0.3, 'lr': 0.003, 'weight_decay': 0.0001} | Val AUC: 0.8700
[INFO] Config 204/324: {'hidden_dim': 256, 'num_layers': 2, 'dropout': 0.3, 'lr': 0.003, 'weight_decay': 0.001} | Val AUC: 0.8739
[INFO] Config 205/324: {'hidden_dim': 256, 'num_layers': 2, 'dropout': 0.3, 'lr': 0.005, 'weight_decay': 1e-05} | Val AUC: 0.8710
[INFO] Config 206/324: {'hidden_dim': 256, 'num_layers': 2, 'dropout': 0.3, 'lr': 0.005, 'weight_decay': 0.0001} | Val AUC: 0.8705
[INFO] Config 207/324: {'hidden_dim': 256, 'num_layers': 2, 'dropout': 0.3, 'lr': 0.005, 'weight_decay': 0.001} | Val AUC: 0.8719
[INFO] Config 208/324: {'hidden_dim': 256, 'num_layers': 2, 'dropout': 0.5, 'lr': 0.001, 'weight_decay': 1e-05} | Val AUC: 0.8678
[INFO] Config 209/324: {'hidden_dim': 256, 'num_layers': 2, 'dropout': 0.5, 'lr': 0.001, 'weight_decay': 0.0001} | Val AUC: 0.8669
[INFO] Config 210/324: {'hidden_dim': 256, 'num_layers': 2, 'dropout': 0.5, 'lr': 0.001, 'weight_decay': 0.001} | Val AUC: 0.8662
[INFO] Config 211/324: {'hidden_dim': 256, 'num_layers': 2, 'dropout': 0.5, 'lr': 0.003, 'weight_decay': 1e-05} | Val AUC: 0.8721
[INFO] Config 212/324: {'hidden_dim': 256, 'num_layers': 2, 'dropout': 0.5, 'lr': 0.003, 'weight_decay': 0.0001} | Val AUC: 0.8730
[INFO] Config 213/324: {'hidden_dim': 256, 'num_layers': 2, 'dropout': 0.5, 'lr': 0.003, 'weight_decay': 0.001} | Val AUC: 0.8691
[INFO] Config 214/324: {'hidden_dim': 256, 'num_layers': 2, 'dropout': 0.5, 'lr': 0.005, 'weight_decay': 1e-05} | Val AUC: 0.8695
[INFO] Config 215/324: {'hidden_dim': 256, 'num_layers': 2, 'dropout': 0.5, 'lr': 0.005, 'weight_decay': 0.0001} | Val AUC: 0.8677
[INFO] Config 216/324: {'hidden_dim': 256, 'num_layers': 2, 'dropout': 0.5, 'lr': 0.005, 'weight_decay': 0.001} | Val AUC: 0.8710
[INFO] Config 217/324: {'hidden_dim': 256, 'num_layers': 3, 'dropout': 0.1, 'lr': 0.001, 'weight_decay': 1e-05} | Val AUC: 0.8694
[INFO] Config 218/324: {'hidden_dim': 256, 'num_layers': 3, 'dropout': 0.1, 'lr': 0.001, 'weight_decay': 0.0001} | Val AUC: 0.8685
[INFO] Config 219/324: {'hidden_dim': 256, 'num_layers': 3, 'dropout': 0.1, 'lr': 0.001, 'weight_decay': 0.001} | Val AUC: 0.8697
[INFO] Config 220/324: {'hidden_dim': 256, 'num_layers': 3, 'dropout': 0.1, 'lr': 0.003, 'weight_decay': 1e-05} | Val AUC: 0.8636
[INFO] Config 221/324: {'hidden_dim': 256, 'num_layers': 3, 'dropout': 0.1, 'lr': 0.003, 'weight_decay': 0.0001} | Val AUC: 0.8627
[INFO] Config 222/324: {'hidden_dim': 256, 'num_layers': 3, 'dropout': 0.1, 'lr': 0.003, 'weight_decay': 0.001} | Val AUC: 0.8649
[INFO] Config 223/324: {'hidden_dim': 256, 'num_layers': 3, 'dropout': 0.1, 'lr': 0.005, 'weight_decay': 1e-05} | Val AUC: 0.8737
[INFO] Config 224/324: {'hidden_dim': 256, 'num_layers': 3, 'dropout': 0.1, 'lr': 0.005, 'weight_decay': 0.0001} | Val AUC: 0.8690
[INFO] Config 225/324: {'hidden_dim': 256, 'num_layers': 3, 'dropout': 0.1, 'lr': 0.005, 'weight_decay': 0.001} | Val AUC: 0.8702
[INFO] Config 226/324: {'hidden_dim': 256, 'num_layers': 3, 'dropout': 0.3, 'lr': 0.001, 'weight_decay': 1e-05} | Val AUC: 0.8672
[INFO] Config 227/324: {'hidden_dim': 256, 'num_layers': 3, 'dropout': 0.3, 'lr': 0.001, 'weight_decay': 0.0001} | Val AUC: 0.8682
[INFO] Config 228/324: {'hidden_dim': 256, 'num_layers': 3, 'dropout': 0.3, 'lr': 0.001, 'weight_decay': 0.001} | Val AUC: 0.8650
[INFO] Config 229/324: {'hidden_dim': 256, 'num_layers': 3, 'dropout': 0.3, 'lr': 0.003, 'weight_decay': 1e-05} | Val AUC: 0.8698
[INFO] Config 230/324: {'hidden_dim': 256, 'num_layers': 3, 'dropout': 0.3, 'lr': 0.003, 'weight_decay': 0.0001} | Val AUC: 0.8686
[INFO] Config 231/324: {'hidden_dim': 256, 'num_layers': 3, 'dropout': 0.3, 'lr': 0.003, 'weight_decay': 0.001} | Val AUC: 0.8582
[INFO] Config 232/324: {'hidden_dim': 256, 'num_layers': 3, 'dropout': 0.3, 'lr': 0.005, 'weight_decay': 1e-05} | Val AUC: 0.8636
[INFO] Config 233/324: {'hidden_dim': 256, 'num_layers': 3, 'dropout': 0.3, 'lr': 0.005, 'weight_decay': 0.0001} | Val AUC: 0.8480
[INFO] Config 234/324: {'hidden_dim': 256, 'num_layers': 3, 'dropout': 0.3, 'lr': 0.005, 'weight_decay': 0.001} | Val AUC: 0.8570
[INFO] Config 235/324: {'hidden_dim': 256, 'num_layers': 3, 'dropout': 0.5, 'lr': 0.001, 'weight_decay': 1e-05} | Val AUC: 0.8676
[INFO] Config 236/324: {'hidden_dim': 256, 'num_layers': 3, 'dropout': 0.5, 'lr': 0.001, 'weight_decay': 0.0001} | Val AUC: 0.8634
[INFO] Config 237/324: {'hidden_dim': 256, 'num_layers': 3, 'dropout': 0.5, 'lr': 0.001, 'weight_decay': 0.001} | Val AUC: 0.8656
[INFO] Config 238/324: {'hidden_dim': 256, 'num_layers': 3, 'dropout': 0.5, 'lr': 0.003, 'weight_decay': 1e-05} | Val AUC: 0.8699
[INFO] Config 239/324: {'hidden_dim': 256, 'num_layers': 3, 'dropout': 0.5, 'lr': 0.003, 'weight_decay': 0.0001} | Val AUC: 0.8684
[INFO] Config 240/324: {'hidden_dim': 256, 'num_layers': 3, 'dropout': 0.5, 'lr': 0.003, 'weight_decay': 0.001} | Val AUC: 0.8706
[INFO] Config 241/324: {'hidden_dim': 256, 'num_layers': 3, 'dropout': 0.5, 'lr': 0.005, 'weight_decay': 1e-05} | Val AUC: 0.8669
[INFO] Config 242/324: {'hidden_dim': 256, 'num_layers': 3, 'dropout': 0.5, 'lr': 0.005, 'weight_decay': 0.0001} | Val AUC: 0.8599
[INFO] Config 243/324: {'hidden_dim': 256, 'num_layers': 3, 'dropout': 0.5, 'lr': 0.005, 'weight_decay': 0.001} | Val AUC: 0.8603
[INFO] Config 244/324: {'hidden_dim': 512, 'num_layers': 1, 'dropout': 0.1, 'lr': 0.001, 'weight_decay': 1e-05} | Val AUC: 0.8742
[INFO] Config 245/324: {'hidden_dim': 512, 'num_layers': 1, 'dropout': 0.1, 'lr': 0.001, 'weight_decay': 0.0001} | Val AUC: 0.8746
[INFO] Config 246/324: {'hidden_dim': 512, 'num_layers': 1, 'dropout': 0.1, 'lr': 0.001, 'weight_decay': 0.001} | Val AUC: 0.8757
[INFO] Config 247/324: {'hidden_dim': 512, 'num_layers': 1, 'dropout': 0.1, 'lr': 0.003, 'weight_decay': 1e-05} | Val AUC: 0.8777
[INFO] Config 248/324: {'hidden_dim': 512, 'num_layers': 1, 'dropout': 0.1, 'lr': 0.003, 'weight_decay': 0.0001} | Val AUC: 0.8774
[INFO] Config 249/324: {'hidden_dim': 512, 'num_layers': 1, 'dropout': 0.1, 'lr': 0.003, 'weight_decay': 0.001} | Val AUC: 0.8772
[INFO] Config 250/324: {'hidden_dim': 512, 'num_layers': 1, 'dropout': 0.1, 'lr': 0.005, 'weight_decay': 1e-05} | Val AUC: 0.8695
[INFO] Config 251/324: {'hidden_dim': 512, 'num_layers': 1, 'dropout': 0.1, 'lr': 0.005, 'weight_decay': 0.0001} | Val AUC: 0.8697
[INFO] Config 252/324: {'hidden_dim': 512, 'num_layers': 1, 'dropout': 0.1, 'lr': 0.005, 'weight_decay': 0.001} | Val AUC: 0.8743
[INFO] Config 253/324: {'hidden_dim': 512, 'num_layers': 1, 'dropout': 0.3, 'lr': 0.001, 'weight_decay': 1e-05} | Val AUC: 0.8746
[INFO] Config 254/324: {'hidden_dim': 512, 'num_layers': 1, 'dropout': 0.3, 'lr': 0.001, 'weight_decay': 0.0001} | Val AUC: 0.8743
[INFO] Config 255/324: {'hidden_dim': 512, 'num_layers': 1, 'dropout': 0.3, 'lr': 0.001, 'weight_decay': 0.001} | Val AUC: 0.8740
[INFO] Config 256/324: {'hidden_dim': 512, 'num_layers': 1, 'dropout': 0.3, 'lr': 0.003, 'weight_decay': 1e-05} | Val AUC: 0.8741
[INFO] Config 257/324: {'hidden_dim': 512, 'num_layers': 1, 'dropout': 0.3, 'lr': 0.003, 'weight_decay': 0.0001} | Val AUC: 0.8751
[INFO] Config 258/324: {'hidden_dim': 512, 'num_layers': 1, 'dropout': 0.3, 'lr': 0.003, 'weight_decay': 0.001} | Val AUC: 0.8769
[INFO] Config 259/324: {'hidden_dim': 512, 'num_layers': 1, 'dropout': 0.3, 'lr': 0.005, 'weight_decay': 1e-05} | Val AUC: 0.8720
[INFO] Config 260/324: {'hidden_dim': 512, 'num_layers': 1, 'dropout': 0.3, 'lr': 0.005, 'weight_decay': 0.0001} | Val AUC: 0.8704
[INFO] Config 261/324: {'hidden_dim': 512, 'num_layers': 1, 'dropout': 0.3, 'lr': 0.005, 'weight_decay': 0.001} | Val AUC: 0.8729
[INFO] Config 262/324: {'hidden_dim': 512, 'num_layers': 1, 'dropout': 0.5, 'lr': 0.001, 'weight_decay': 1e-05} | Val AUC: 0.8746
[INFO] Config 263/324: {'hidden_dim': 512, 'num_layers': 1, 'dropout': 0.5, 'lr': 0.001, 'weight_decay': 0.0001} | Val AUC: 0.8751
[INFO] Config 264/324: {'hidden_dim': 512, 'num_layers': 1, 'dropout': 0.5, 'lr': 0.001, 'weight_decay': 0.001} | Val AUC: 0.8752
[INFO] Config 265/324: {'hidden_dim': 512, 'num_layers': 1, 'dropout': 0.5, 'lr': 0.003, 'weight_decay': 1e-05} | Val AUC: 0.8727
[INFO] Config 266/324: {'hidden_dim': 512, 'num_layers': 1, 'dropout': 0.5, 'lr': 0.003, 'weight_decay': 0.0001} | Val AUC: 0.8756
[INFO] Config 267/324: {'hidden_dim': 512, 'num_layers': 1, 'dropout': 0.5, 'lr': 0.003, 'weight_decay': 0.001} | Val AUC: 0.8771
[INFO] Config 268/324: {'hidden_dim': 512, 'num_layers': 1, 'dropout': 0.5, 'lr': 0.005, 'weight_decay': 1e-05} | Val AUC: 0.8768
[INFO] Config 269/324: {'hidden_dim': 512, 'num_layers': 1, 'dropout': 0.5, 'lr': 0.005, 'weight_decay': 0.0001} | Val AUC: 0.8753
[INFO] Config 270/324: {'hidden_dim': 512, 'num_layers': 1, 'dropout': 0.5, 'lr': 0.005, 'weight_decay': 0.001} | Val AUC: 0.8751
[INFO] Config 271/324: {'hidden_dim': 512, 'num_layers': 2, 'dropout': 0.1, 'lr': 0.001, 'weight_decay': 1e-05} | Val AUC: 0.8723
[INFO] Config 272/324: {'hidden_dim': 512, 'num_layers': 2, 'dropout': 0.1, 'lr': 0.001, 'weight_decay': 0.0001} | Val AUC: 0.8710
[INFO] Config 273/324: {'hidden_dim': 512, 'num_layers': 2, 'dropout': 0.1, 'lr': 0.001, 'weight_decay': 0.001} | Val AUC: 0.8684
[INFO] Config 274/324: {'hidden_dim': 512, 'num_layers': 2, 'dropout': 0.1, 'lr': 0.003, 'weight_decay': 1e-05} | Val AUC: 0.8739
[INFO] Config 275/324: {'hidden_dim': 512, 'num_layers': 2, 'dropout': 0.1, 'lr': 0.003, 'weight_decay': 0.0001} | Val AUC: 0.8694
[INFO] Config 276/324: {'hidden_dim': 512, 'num_layers': 2, 'dropout': 0.1, 'lr': 0.003, 'weight_decay': 0.001} | Val AUC: 0.8577
[INFO] Config 277/324: {'hidden_dim': 512, 'num_layers': 2, 'dropout': 0.1, 'lr': 0.005, 'weight_decay': 1e-05} | Val AUC: 0.8407
[INFO] Config 278/324: {'hidden_dim': 512, 'num_layers': 2, 'dropout': 0.1, 'lr': 0.005, 'weight_decay': 0.0001} | Val AUC: 0.8553
[INFO] Config 279/324: {'hidden_dim': 512, 'num_layers': 2, 'dropout': 0.1, 'lr': 0.005, 'weight_decay': 0.001} | Val AUC: 0.8713
[INFO] Config 280/324: {'hidden_dim': 512, 'num_layers': 2, 'dropout': 0.3, 'lr': 0.001, 'weight_decay': 1e-05} | Val AUC: 0.8662
[INFO] Config 281/324: {'hidden_dim': 512, 'num_layers': 2, 'dropout': 0.3, 'lr': 0.001, 'weight_decay': 0.0001} | Val AUC: 0.8689
[INFO] Config 282/324: {'hidden_dim': 512, 'num_layers': 2, 'dropout': 0.3, 'lr': 0.001, 'weight_decay': 0.001} | Val AUC: 0.8687
[INFO] Config 283/324: {'hidden_dim': 512, 'num_layers': 2, 'dropout': 0.3, 'lr': 0.003, 'weight_decay': 1e-05} | Val AUC: 0.8723
[INFO] Config 284/324: {'hidden_dim': 512, 'num_layers': 2, 'dropout': 0.3, 'lr': 0.003, 'weight_decay': 0.0001} | Val AUC: 0.8718
[INFO] Config 285/324: {'hidden_dim': 512, 'num_layers': 2, 'dropout': 0.3, 'lr': 0.003, 'weight_decay': 0.001} | Val AUC: 0.8657
[INFO] Config 286/324: {'hidden_dim': 512, 'num_layers': 2, 'dropout': 0.3, 'lr': 0.005, 'weight_decay': 1e-05} | Val AUC: 0.8583
[INFO] Config 287/324: {'hidden_dim': 512, 'num_layers': 2, 'dropout': 0.3, 'lr': 0.005, 'weight_decay': 0.0001} | Val AUC: 0.8624
[INFO] Config 288/324: {'hidden_dim': 512, 'num_layers': 2, 'dropout': 0.3, 'lr': 0.005, 'weight_decay': 0.001} | Val AUC: 0.8632
[INFO] Config 289/324: {'hidden_dim': 512, 'num_layers': 2, 'dropout': 0.5, 'lr': 0.001, 'weight_decay': 1e-05} | Val AUC: 0.8696
[INFO] Config 290/324: {'hidden_dim': 512, 'num_layers': 2, 'dropout': 0.5, 'lr': 0.001, 'weight_decay': 0.0001} | Val AUC: 0.8714
[INFO] Config 291/324: {'hidden_dim': 512, 'num_layers': 2, 'dropout': 0.5, 'lr': 0.001, 'weight_decay': 0.001} | Val AUC: 0.8708
[INFO] Config 292/324: {'hidden_dim': 512, 'num_layers': 2, 'dropout': 0.5, 'lr': 0.003, 'weight_decay': 1e-05} | Val AUC: 0.8711
[INFO] Config 293/324: {'hidden_dim': 512, 'num_layers': 2, 'dropout': 0.5, 'lr': 0.003, 'weight_decay': 0.0001} | Val AUC: 0.8734
[INFO] Config 294/324: {'hidden_dim': 512, 'num_layers': 2, 'dropout': 0.5, 'lr': 0.003, 'weight_decay': 0.001} | Val AUC: 0.8699
[INFO] Config 295/324: {'hidden_dim': 512, 'num_layers': 2, 'dropout': 0.5, 'lr': 0.005, 'weight_decay': 1e-05} | Val AUC: 0.8617
[INFO] Config 296/324: {'hidden_dim': 512, 'num_layers': 2, 'dropout': 0.5, 'lr': 0.005, 'weight_decay': 0.0001} | Val AUC: 0.8677
[INFO] Config 297/324: {'hidden_dim': 512, 'num_layers': 2, 'dropout': 0.5, 'lr': 0.005, 'weight_decay': 0.001} | Val AUC: 0.8415
[INFO] Config 298/324: {'hidden_dim': 512, 'num_layers': 3, 'dropout': 0.1, 'lr': 0.001, 'weight_decay': 1e-05} | Val AUC: 0.8654
[INFO] Config 299/324: {'hidden_dim': 512, 'num_layers': 3, 'dropout': 0.1, 'lr': 0.001, 'weight_decay': 0.0001} | Val AUC: 0.8661
[INFO] Config 300/324: {'hidden_dim': 512, 'num_layers': 3, 'dropout': 0.1, 'lr': 0.001, 'weight_decay': 0.001} | Val AUC: 0.8625
[INFO] Config 301/324: {'hidden_dim': 512, 'num_layers': 3, 'dropout': 0.1, 'lr': 0.003, 'weight_decay': 1e-05} | Val AUC: 0.8363
[INFO] Config 302/324: {'hidden_dim': 512, 'num_layers': 3, 'dropout': 0.1, 'lr': 0.003, 'weight_decay': 0.0001} | Val AUC: 0.8691
[INFO] Config 303/324: {'hidden_dim': 512, 'num_layers': 3, 'dropout': 0.1, 'lr': 0.003, 'weight_decay': 0.001} | Val AUC: 0.8567
[INFO] Config 304/324: {'hidden_dim': 512, 'num_layers': 3, 'dropout': 0.1, 'lr': 0.005, 'weight_decay': 1e-05} | Val AUC: 0.8038
[INFO] Config 305/324: {'hidden_dim': 512, 'num_layers': 3, 'dropout': 0.1, 'lr': 0.005, 'weight_decay': 0.0001} | Val AUC: 0.8515
[INFO] Config 306/324: {'hidden_dim': 512, 'num_layers': 3, 'dropout': 0.1, 'lr': 0.005, 'weight_decay': 0.001} | Val AUC: 0.8566
[INFO] Config 307/324: {'hidden_dim': 512, 'num_layers': 3, 'dropout': 0.3, 'lr': 0.001, 'weight_decay': 1e-05} | Val AUC: 0.8637
[INFO] Config 308/324: {'hidden_dim': 512, 'num_layers': 3, 'dropout': 0.3, 'lr': 0.001, 'weight_decay': 0.0001} | Val AUC: 0.8649
[INFO] Config 309/324: {'hidden_dim': 512, 'num_layers': 3, 'dropout': 0.3, 'lr': 0.001, 'weight_decay': 0.001} | Val AUC: 0.8653
[INFO] Config 310/324: {'hidden_dim': 512, 'num_layers': 3, 'dropout': 0.3, 'lr': 0.003, 'weight_decay': 1e-05} | Val AUC: 0.8647
[INFO] Config 311/324: {'hidden_dim': 512, 'num_layers': 3, 'dropout': 0.3, 'lr': 0.003, 'weight_decay': 0.0001} | Val AUC: 0.8587
[INFO] Config 312/324: {'hidden_dim': 512, 'num_layers': 3, 'dropout': 0.3, 'lr': 0.003, 'weight_decay': 0.001} | Val AUC: 0.8492
[INFO] Config 313/324: {'hidden_dim': 512, 'num_layers': 3, 'dropout': 0.3, 'lr': 0.005, 'weight_decay': 1e-05} | Val AUC: 0.8100
[INFO] Config 314/324: {'hidden_dim': 512, 'num_layers': 3, 'dropout': 0.3, 'lr': 0.005, 'weight_decay': 0.0001} | Val AUC: 0.8316
[INFO] Config 315/324: {'hidden_dim': 512, 'num_layers': 3, 'dropout': 0.3, 'lr': 0.005, 'weight_decay': 0.001} | Val AUC: 0.8551
[INFO] Config 316/324: {'hidden_dim': 512, 'num_layers': 3, 'dropout': 0.5, 'lr': 0.001, 'weight_decay': 1e-05} | Val AUC: 0.8684
[INFO] Config 317/324: {'hidden_dim': 512, 'num_layers': 3, 'dropout': 0.5, 'lr': 0.001, 'weight_decay': 0.0001} | Val AUC: 0.8692
[INFO] Config 318/324: {'hidden_dim': 512, 'num_layers': 3, 'dropout': 0.5, 'lr': 0.001, 'weight_decay': 0.001} | Val AUC: 0.8653
[INFO] Config 319/324: {'hidden_dim': 512, 'num_layers': 3, 'dropout': 0.5, 'lr': 0.003, 'weight_decay': 1e-05} | Val AUC: 0.8503
[INFO] Config 320/324: {'hidden_dim': 512, 'num_layers': 3, 'dropout': 0.5, 'lr': 0.003, 'weight_decay': 0.0001} | Val AUC: 0.8561
[INFO] Config 321/324: {'hidden_dim': 512, 'num_layers': 3, 'dropout': 0.5, 'lr': 0.003, 'weight_decay': 0.001} | Val AUC: 0.8478
[INFO] Config 322/324: {'hidden_dim': 512, 'num_layers': 3, 'dropout': 0.5, 'lr': 0.005, 'weight_decay': 1e-05} | Val AUC: 0.8283
[INFO] Config 323/324: {'hidden_dim': 512, 'num_layers': 3, 'dropout': 0.5, 'lr': 0.005, 'weight_decay': 0.0001} | Val AUC: 0.8565
[INFO] Config 324/324: {'hidden_dim': 512, 'num_layers': 3, 'dropout': 0.5, 'lr': 0.005, 'weight_decay': 0.001} | Val AUC: 0.8439
[INFO] Selected Best BiGRU Config: {'hidden_dim': 256, 'num_layers': 1, 'dropout': 0.5, 'lr': 0.005, 'weight_decay': 0.0001} (Val AUC: 0.8784)
[INFO] Tuning TCN configurations (n_iter=486)...
[INFO] Config 1/486: {'num_channels': [128, 128, 128], 'kernel_size': 2, 'dropout': 0.1, 'lr': 0.001, 'weight_decay': 0.0001} | Val AUC: 0.8352
[INFO] Config 2/486: {'num_channels': [128, 128, 128], 'kernel_size': 2, 'dropout': 0.1, 'lr': 0.001, 'weight_decay': 0.001} | Val AUC: 0.8313
[INFO] Config 3/486: {'num_channels': [128, 128, 128], 'kernel_size': 2, 'dropout': 0.1, 'lr': 0.001, 'weight_decay': 0.01} | Val AUC: 0.8348
[INFO] Config 4/486: {'num_channels': [128, 128, 128], 'kernel_size': 2, 'dropout': 0.1, 'lr': 0.003, 'weight_decay': 0.0001} | Val AUC: 0.8408
[INFO] Config 5/486: {'num_channels': [128, 128, 128], 'kernel_size': 2, 'dropout': 0.1, 'lr': 0.003, 'weight_decay': 0.001} | Val AUC: 0.8412
[INFO] Config 6/486: {'num_channels': [128, 128, 128], 'kernel_size': 2, 'dropout': 0.1, 'lr': 0.003, 'weight_decay': 0.01} | Val AUC: 0.8420
[INFO] Config 7/486: {'num_channels': [128, 128, 128], 'kernel_size': 2, 'dropout': 0.1, 'lr': 0.005, 'weight_decay': 0.0001} | Val AUC: 0.8406
[INFO] Config 8/486: {'num_channels': [128, 128, 128], 'kernel_size': 2, 'dropout': 0.1, 'lr': 0.005, 'weight_decay': 0.001} | Val AUC: 0.8404
[INFO] Config 9/486: {'num_channels': [128, 128, 128], 'kernel_size': 2, 'dropout': 0.1, 'lr': 0.005, 'weight_decay': 0.01} | Val AUC: 0.8417
[INFO] Config 10/486: {'num_channels': [128, 128, 128], 'kernel_size': 2, 'dropout': 0.3, 'lr': 0.001, 'weight_decay': 0.0001} | Val AUC: 0.8261
[INFO] Config 11/486: {'num_channels': [128, 128, 128], 'kernel_size': 2, 'dropout': 0.3, 'lr': 0.001, 'weight_decay': 0.001} | Val AUC: 0.8283
[INFO] Config 12/486: {'num_channels': [128, 128, 128], 'kernel_size': 2, 'dropout': 0.3, 'lr': 0.001, 'weight_decay': 0.01} | Val AUC: 0.8251
[INFO] Config 13/486: {'num_channels': [128, 128, 128], 'kernel_size': 2, 'dropout': 0.3, 'lr': 0.003, 'weight_decay': 0.0001} | Val AUC: 0.8377
[INFO] Config 14/486: {'num_channels': [128, 128, 128], 'kernel_size': 2, 'dropout': 0.3, 'lr': 0.003, 'weight_decay': 0.001} | Val AUC: 0.8344
[INFO] Config 15/486: {'num_channels': [128, 128, 128], 'kernel_size': 2, 'dropout': 0.3, 'lr': 0.003, 'weight_decay': 0.01} | Val AUC: 0.8365
[INFO] Config 16/486: {'num_channels': [128, 128, 128], 'kernel_size': 2, 'dropout': 0.3, 'lr': 0.005, 'weight_decay': 0.0001} | Val AUC: 0.8415
[INFO] Config 17/486: {'num_channels': [128, 128, 128], 'kernel_size': 2, 'dropout': 0.3, 'lr': 0.005, 'weight_decay': 0.001} | Val AUC: 0.8390
[INFO] Config 18/486: {'num_channels': [128, 128, 128], 'kernel_size': 2, 'dropout': 0.3, 'lr': 0.005, 'weight_decay': 0.01} | Val AUC: 0.8376
[INFO] Config 19/486: {'num_channels': [128, 128, 128], 'kernel_size': 2, 'dropout': 0.5, 'lr': 0.001, 'weight_decay': 0.0001} | Val AUC: 0.8220
[INFO] Config 20/486: {'num_channels': [128, 128, 128], 'kernel_size': 2, 'dropout': 0.5, 'lr': 0.001, 'weight_decay': 0.001} | Val AUC: 0.8186
[INFO] Config 21/486: {'num_channels': [128, 128, 128], 'kernel_size': 2, 'dropout': 0.5, 'lr': 0.001, 'weight_decay': 0.01} | Val AUC: 0.8191
[INFO] Config 22/486: {'num_channels': [128, 128, 128], 'kernel_size': 2, 'dropout': 0.5, 'lr': 0.003, 'weight_decay': 0.0001} | Val AUC: 0.8336
[INFO] Config 23/486: {'num_channels': [128, 128, 128], 'kernel_size': 2, 'dropout': 0.5, 'lr': 0.003, 'weight_decay': 0.001} | Val AUC: 0.8309
[INFO] Config 24/486: {'num_channels': [128, 128, 128], 'kernel_size': 2, 'dropout': 0.5, 'lr': 0.003, 'weight_decay': 0.01} | Val AUC: 0.8329
[INFO] Config 25/486: {'num_channels': [128, 128, 128], 'kernel_size': 2, 'dropout': 0.5, 'lr': 0.005, 'weight_decay': 0.0001} | Val AUC: 0.8325
[INFO] Config 26/486: {'num_channels': [128, 128, 128], 'kernel_size': 2, 'dropout': 0.5, 'lr': 0.005, 'weight_decay': 0.001} | Val AUC: 0.8365
[INFO] Config 27/486: {'num_channels': [128, 128, 128], 'kernel_size': 2, 'dropout': 0.5, 'lr': 0.005, 'weight_decay': 0.01} | Val AUC: 0.8380
[INFO] Config 28/486: {'num_channels': [128, 128, 128], 'kernel_size': 3, 'dropout': 0.1, 'lr': 0.001, 'weight_decay': 0.0001} | Val AUC: 0.8368
[INFO] Config 29/486: {'num_channels': [128, 128, 128], 'kernel_size': 3, 'dropout': 0.1, 'lr': 0.001, 'weight_decay': 0.001} | Val AUC: 0.8349
[INFO] Config 30/486: {'num_channels': [128, 128, 128], 'kernel_size': 3, 'dropout': 0.1, 'lr': 0.001, 'weight_decay': 0.01} | Val AUC: 0.8355
[INFO] Config 31/486: {'num_channels': [128, 128, 128], 'kernel_size': 3, 'dropout': 0.1, 'lr': 0.003, 'weight_decay': 0.0001} | Val AUC: 0.8403
[INFO] Config 32/486: {'num_channels': [128, 128, 128], 'kernel_size': 3, 'dropout': 0.1, 'lr': 0.003, 'weight_decay': 0.001} | Val AUC: 0.8416
[INFO] Config 33/486: {'num_channels': [128, 128, 128], 'kernel_size': 3, 'dropout': 0.1, 'lr': 0.003, 'weight_decay': 0.01} | Val AUC: 0.8418
[INFO] Config 34/486: {'num_channels': [128, 128, 128], 'kernel_size': 3, 'dropout': 0.1, 'lr': 0.005, 'weight_decay': 0.0001} | Val AUC: 0.8422
[INFO] Config 35/486: {'num_channels': [128, 128, 128], 'kernel_size': 3, 'dropout': 0.1, 'lr': 0.005, 'weight_decay': 0.001} | Val AUC: 0.8377
[INFO] Config 36/486: {'num_channels': [128, 128, 128], 'kernel_size': 3, 'dropout': 0.1, 'lr': 0.005, 'weight_decay': 0.01} | Val AUC: 0.8411
[INFO] Config 37/486: {'num_channels': [128, 128, 128], 'kernel_size': 3, 'dropout': 0.3, 'lr': 0.001, 'weight_decay': 0.0001} | Val AUC: 0.8298
[INFO] Config 38/486: {'num_channels': [128, 128, 128], 'kernel_size': 3, 'dropout': 0.3, 'lr': 0.001, 'weight_decay': 0.001} | Val AUC: 0.8323
[INFO] Config 39/486: {'num_channels': [128, 128, 128], 'kernel_size': 3, 'dropout': 0.3, 'lr': 0.001, 'weight_decay': 0.01} | Val AUC: 0.8324
[INFO] Config 40/486: {'num_channels': [128, 128, 128], 'kernel_size': 3, 'dropout': 0.3, 'lr': 0.003, 'weight_decay': 0.0001} | Val AUC: 0.8369
[INFO] Config 41/486: {'num_channels': [128, 128, 128], 'kernel_size': 3, 'dropout': 0.3, 'lr': 0.003, 'weight_decay': 0.001} | Val AUC: 0.8370
[INFO] Config 42/486: {'num_channels': [128, 128, 128], 'kernel_size': 3, 'dropout': 0.3, 'lr': 0.003, 'weight_decay': 0.01} | Val AUC: 0.8376
[INFO] Config 43/486: {'num_channels': [128, 128, 128], 'kernel_size': 3, 'dropout': 0.3, 'lr': 0.005, 'weight_decay': 0.0001} | Val AUC: 0.8376
[INFO] Config 44/486: {'num_channels': [128, 128, 128], 'kernel_size': 3, 'dropout': 0.3, 'lr': 0.005, 'weight_decay': 0.001} | Val AUC: 0.8367
[INFO] Config 45/486: {'num_channels': [128, 128, 128], 'kernel_size': 3, 'dropout': 0.3, 'lr': 0.005, 'weight_decay': 0.01} | Val AUC: 0.8368
[INFO] Config 46/486: {'num_channels': [128, 128, 128], 'kernel_size': 3, 'dropout': 0.5, 'lr': 0.001, 'weight_decay': 0.0001} | Val AUC: 0.8256
[INFO] Config 47/486: {'num_channels': [128, 128, 128], 'kernel_size': 3, 'dropout': 0.5, 'lr': 0.001, 'weight_decay': 0.001} | Val AUC: 0.8227
[INFO] Config 48/486: {'num_channels': [128, 128, 128], 'kernel_size': 3, 'dropout': 0.5, 'lr': 0.001, 'weight_decay': 0.01} | Val AUC: 0.8223
[INFO] Config 49/486: {'num_channels': [128, 128, 128], 'kernel_size': 3, 'dropout': 0.5, 'lr': 0.003, 'weight_decay': 0.0001} | Val AUC: 0.8356
[INFO] Config 50/486: {'num_channels': [128, 128, 128], 'kernel_size': 3, 'dropout': 0.5, 'lr': 0.003, 'weight_decay': 0.001} | Val AUC: 0.8336
[INFO] Config 51/486: {'num_channels': [128, 128, 128], 'kernel_size': 3, 'dropout': 0.5, 'lr': 0.003, 'weight_decay': 0.01} | Val AUC: 0.8330
[INFO] Config 52/486: {'num_channels': [128, 128, 128], 'kernel_size': 3, 'dropout': 0.5, 'lr': 0.005, 'weight_decay': 0.0001} | Val AUC: 0.8349
[INFO] Config 53/486: {'num_channels': [128, 128, 128], 'kernel_size': 3, 'dropout': 0.5, 'lr': 0.005, 'weight_decay': 0.001} | Val AUC: 0.8301
[INFO] Config 54/486: {'num_channels': [128, 128, 128], 'kernel_size': 3, 'dropout': 0.5, 'lr': 0.005, 'weight_decay': 0.01} | Val AUC: 0.8311
[INFO] Config 55/486: {'num_channels': [128, 128, 128], 'kernel_size': 5, 'dropout': 0.1, 'lr': 0.001, 'weight_decay': 0.0001} | Val AUC: 0.8375
[INFO] Config 56/486: {'num_channels': [128, 128, 128], 'kernel_size': 5, 'dropout': 0.1, 'lr': 0.001, 'weight_decay': 0.001} | Val AUC: 0.8334
[INFO] Config 57/486: {'num_channels': [128, 128, 128], 'kernel_size': 5, 'dropout': 0.1, 'lr': 0.001, 'weight_decay': 0.01} | Val AUC: 0.8361
[INFO] Config 58/486: {'num_channels': [128, 128, 128], 'kernel_size': 5, 'dropout': 0.1, 'lr': 0.003, 'weight_decay': 0.0001} | Val AUC: 0.8344
[INFO] Config 59/486: {'num_channels': [128, 128, 128], 'kernel_size': 5, 'dropout': 0.1, 'lr': 0.003, 'weight_decay': 0.001} | Val AUC: 0.8344
[INFO] Config 60/486: {'num_channels': [128, 128, 128], 'kernel_size': 5, 'dropout': 0.1, 'lr': 0.003, 'weight_decay': 0.01} | Val AUC: 0.8351
[INFO] Config 61/486: {'num_channels': [128, 128, 128], 'kernel_size': 5, 'dropout': 0.1, 'lr': 0.005, 'weight_decay': 0.0001} | Val AUC: 0.8334
[INFO] Config 62/486: {'num_channels': [128, 128, 128], 'kernel_size': 5, 'dropout': 0.1, 'lr': 0.005, 'weight_decay': 0.001} | Val AUC: 0.8308
[INFO] Config 63/486: {'num_channels': [128, 128, 128], 'kernel_size': 5, 'dropout': 0.1, 'lr': 0.005, 'weight_decay': 0.01} | Val AUC: 0.8305
[INFO] Config 64/486: {'num_channels': [128, 128, 128], 'kernel_size': 5, 'dropout': 0.3, 'lr': 0.001, 'weight_decay': 0.0001} | Val AUC: 0.8329
[INFO] Config 65/486: {'num_channels': [128, 128, 128], 'kernel_size': 5, 'dropout': 0.3, 'lr': 0.001, 'weight_decay': 0.001} | Val AUC: 0.8321
[INFO] Config 66/486: {'num_channels': [128, 128, 128], 'kernel_size': 5, 'dropout': 0.3, 'lr': 0.001, 'weight_decay': 0.01} | Val AUC: 0.8324
[INFO] Config 67/486: {'num_channels': [128, 128, 128], 'kernel_size': 5, 'dropout': 0.3, 'lr': 0.003, 'weight_decay': 0.0001} | Val AUC: 0.8332
[INFO] Config 68/486: {'num_channels': [128, 128, 128], 'kernel_size': 5, 'dropout': 0.3, 'lr': 0.003, 'weight_decay': 0.001} | Val AUC: 0.8310
[INFO] Config 69/486: {'num_channels': [128, 128, 128], 'kernel_size': 5, 'dropout': 0.3, 'lr': 0.003, 'weight_decay': 0.01} | Val AUC: 0.8325
[INFO] Config 70/486: {'num_channels': [128, 128, 128], 'kernel_size': 5, 'dropout': 0.3, 'lr': 0.005, 'weight_decay': 0.0001} | Val AUC: 0.8287
[INFO] Config 71/486: {'num_channels': [128, 128, 128], 'kernel_size': 5, 'dropout': 0.3, 'lr': 0.005, 'weight_decay': 0.001} | Val AUC: 0.8304
[INFO] Config 72/486: {'num_channels': [128, 128, 128], 'kernel_size': 5, 'dropout': 0.3, 'lr': 0.005, 'weight_decay': 0.01} | Val AUC: 0.8272
[INFO] Config 73/486: {'num_channels': [128, 128, 128], 'kernel_size': 5, 'dropout': 0.5, 'lr': 0.001, 'weight_decay': 0.0001} | Val AUC: 0.8255
[INFO] Config 74/486: {'num_channels': [128, 128, 128], 'kernel_size': 5, 'dropout': 0.5, 'lr': 0.001, 'weight_decay': 0.001} | Val AUC: 0.8262
[INFO] Config 75/486: {'num_channels': [128, 128, 128], 'kernel_size': 5, 'dropout': 0.5, 'lr': 0.001, 'weight_decay': 0.01} | Val AUC: 0.8258
[INFO] Config 76/486: {'num_channels': [128, 128, 128], 'kernel_size': 5, 'dropout': 0.5, 'lr': 0.003, 'weight_decay': 0.0001} | Val AUC: 0.8267
[INFO] Config 77/486: {'num_channels': [128, 128, 128], 'kernel_size': 5, 'dropout': 0.5, 'lr': 0.003, 'weight_decay': 0.001} | Val AUC: 0.8284
[INFO] Config 78/486: {'num_channels': [128, 128, 128], 'kernel_size': 5, 'dropout': 0.5, 'lr': 0.003, 'weight_decay': 0.01} | Val AUC: 0.8301
[INFO] Config 79/486: {'num_channels': [128, 128, 128], 'kernel_size': 5, 'dropout': 0.5, 'lr': 0.005, 'weight_decay': 0.0001} | Val AUC: 0.8218
[INFO] Config 80/486: {'num_channels': [128, 128, 128], 'kernel_size': 5, 'dropout': 0.5, 'lr': 0.005, 'weight_decay': 0.001} | Val AUC: 0.8227
[INFO] Config 81/486: {'num_channels': [128, 128, 128], 'kernel_size': 5, 'dropout': 0.5, 'lr': 0.005, 'weight_decay': 0.01} | Val AUC: 0.8259
[INFO] Config 82/486: {'num_channels': [256, 256, 256], 'kernel_size': 2, 'dropout': 0.1, 'lr': 0.001, 'weight_decay': 0.0001} | Val AUC: 0.8404
[INFO] Config 83/486: {'num_channels': [256, 256, 256], 'kernel_size': 2, 'dropout': 0.1, 'lr': 0.001, 'weight_decay': 0.001} | Val AUC: 0.8398
[INFO] Config 84/486: {'num_channels': [256, 256, 256], 'kernel_size': 2, 'dropout': 0.1, 'lr': 0.001, 'weight_decay': 0.01} | Val AUC: 0.8380
[INFO] Config 85/486: {'num_channels': [256, 256, 256], 'kernel_size': 2, 'dropout': 0.1, 'lr': 0.003, 'weight_decay': 0.0001} | Val AUC: 0.8445
[INFO] Config 86/486: {'num_channels': [256, 256, 256], 'kernel_size': 2, 'dropout': 0.1, 'lr': 0.003, 'weight_decay': 0.001} | Val AUC: 0.8439
[INFO] Config 87/486: {'num_channels': [256, 256, 256], 'kernel_size': 2, 'dropout': 0.1, 'lr': 0.003, 'weight_decay': 0.01} | Val AUC: 0.8427
[INFO] Config 88/486: {'num_channels': [256, 256, 256], 'kernel_size': 2, 'dropout': 0.1, 'lr': 0.005, 'weight_decay': 0.0001} | Val AUC: 0.8413
[INFO] Config 89/486: {'num_channels': [256, 256, 256], 'kernel_size': 2, 'dropout': 0.1, 'lr': 0.005, 'weight_decay': 0.001} | Val AUC: 0.8430
[INFO] Config 90/486: {'num_channels': [256, 256, 256], 'kernel_size': 2, 'dropout': 0.1, 'lr': 0.005, 'weight_decay': 0.01} | Val AUC: 0.8414
[INFO] Config 91/486: {'num_channels': [256, 256, 256], 'kernel_size': 2, 'dropout': 0.3, 'lr': 0.001, 'weight_decay': 0.0001} | Val AUC: 0.8337
[INFO] Config 92/486: {'num_channels': [256, 256, 256], 'kernel_size': 2, 'dropout': 0.3, 'lr': 0.001, 'weight_decay': 0.001} | Val AUC: 0.8320
[INFO] Config 93/486: {'num_channels': [256, 256, 256], 'kernel_size': 2, 'dropout': 0.3, 'lr': 0.001, 'weight_decay': 0.01} | Val AUC: 0.8330
[INFO] Config 94/486: {'num_channels': [256, 256, 256], 'kernel_size': 2, 'dropout': 0.3, 'lr': 0.003, 'weight_decay': 0.0001} | Val AUC: 0.8400
[INFO] Config 95/486: {'num_channels': [256, 256, 256], 'kernel_size': 2, 'dropout': 0.3, 'lr': 0.003, 'weight_decay': 0.001} | Val AUC: 0.8413
[INFO] Config 96/486: {'num_channels': [256, 256, 256], 'kernel_size': 2, 'dropout': 0.3, 'lr': 0.003, 'weight_decay': 0.01} | Val AUC: 0.8387
[INFO] Config 97/486: {'num_channels': [256, 256, 256], 'kernel_size': 2, 'dropout': 0.3, 'lr': 0.005, 'weight_decay': 0.0001} | Val AUC: 0.8408
[INFO] Config 98/486: {'num_channels': [256, 256, 256], 'kernel_size': 2, 'dropout': 0.3, 'lr': 0.005, 'weight_decay': 0.001} | Val AUC: 0.8404
[INFO] Config 99/486: {'num_channels': [256, 256, 256], 'kernel_size': 2, 'dropout': 0.3, 'lr': 0.005, 'weight_decay': 0.01} | Val AUC: 0.8392
[INFO] Config 100/486: {'num_channels': [256, 256, 256], 'kernel_size': 2, 'dropout': 0.5, 'lr': 0.001, 'weight_decay': 0.0001} | Val AUC: 0.8264
[INFO] Config 101/486: {'num_channels': [256, 256, 256], 'kernel_size': 2, 'dropout': 0.5, 'lr': 0.001, 'weight_decay': 0.001} | Val AUC: 0.8259
[INFO] Config 102/486: {'num_channels': [256, 256, 256], 'kernel_size': 2, 'dropout': 0.5, 'lr': 0.001, 'weight_decay': 0.01} | Val AUC: 0.8246
[INFO] Config 103/486: {'num_channels': [256, 256, 256], 'kernel_size': 2, 'dropout': 0.5, 'lr': 0.003, 'weight_decay': 0.0001} | Val AUC: 0.8388
[INFO] Config 104/486: {'num_channels': [256, 256, 256], 'kernel_size': 2, 'dropout': 0.5, 'lr': 0.003, 'weight_decay': 0.001} | Val AUC: 0.8375
[INFO] Config 105/486: {'num_channels': [256, 256, 256], 'kernel_size': 2, 'dropout': 0.5, 'lr': 0.003, 'weight_decay': 0.01} | Val AUC: 0.8370
[INFO] Config 106/486: {'num_channels': [256, 256, 256], 'kernel_size': 2, 'dropout': 0.5, 'lr': 0.005, 'weight_decay': 0.0001} | Val AUC: 0.8361
[INFO] Config 107/486: {'num_channels': [256, 256, 256], 'kernel_size': 2, 'dropout': 0.5, 'lr': 0.005, 'weight_decay': 0.001} | Val AUC: 0.8375
[INFO] Config 108/486: {'num_channels': [256, 256, 256], 'kernel_size': 2, 'dropout': 0.5, 'lr': 0.005, 'weight_decay': 0.01} | Val AUC: 0.8390
[INFO] Config 109/486: {'num_channels': [256, 256, 256], 'kernel_size': 3, 'dropout': 0.1, 'lr': 0.001, 'weight_decay': 0.0001} | Val AUC: 0.8405
[INFO] Config 110/486: {'num_channels': [256, 256, 256], 'kernel_size': 3, 'dropout': 0.1, 'lr': 0.001, 'weight_decay': 0.001} | Val AUC: 0.8400
[INFO] Config 111/486: {'num_channels': [256, 256, 256], 'kernel_size': 3, 'dropout': 0.1, 'lr': 0.001, 'weight_decay': 0.01} | Val AUC: 0.8387
[INFO] Config 112/486: {'num_channels': [256, 256, 256], 'kernel_size': 3, 'dropout': 0.1, 'lr': 0.003, 'weight_decay': 0.0001} | Val AUC: 0.8393
[INFO] Config 113/486: {'num_channels': [256, 256, 256], 'kernel_size': 3, 'dropout': 0.1, 'lr': 0.003, 'weight_decay': 0.001} | Val AUC: 0.8403
[INFO] Config 114/486: {'num_channels': [256, 256, 256], 'kernel_size': 3, 'dropout': 0.1, 'lr': 0.003, 'weight_decay': 0.01} | Val AUC: 0.8388
[INFO] Config 115/486: {'num_channels': [256, 256, 256], 'kernel_size': 3, 'dropout': 0.1, 'lr': 0.005, 'weight_decay': 0.0001} | Val AUC: 0.8352
[INFO] Config 116/486: {'num_channels': [256, 256, 256], 'kernel_size': 3, 'dropout': 0.1, 'lr': 0.005, 'weight_decay': 0.001} | Val AUC: 0.8378
[INFO] Config 117/486: {'num_channels': [256, 256, 256], 'kernel_size': 3, 'dropout': 0.1, 'lr': 0.005, 'weight_decay': 0.01} | Val AUC: 0.8334
[INFO] Config 118/486: {'num_channels': [256, 256, 256], 'kernel_size': 3, 'dropout': 0.3, 'lr': 0.001, 'weight_decay': 0.0001} | Val AUC: 0.8340
[INFO] Config 119/486: {'num_channels': [256, 256, 256], 'kernel_size': 3, 'dropout': 0.3, 'lr': 0.001, 'weight_decay': 0.001} | Val AUC: 0.8350
[INFO] Config 120/486: {'num_channels': [256, 256, 256], 'kernel_size': 3, 'dropout': 0.3, 'lr': 0.001, 'weight_decay': 0.01} | Val AUC: 0.8346
[INFO] Config 121/486: {'num_channels': [256, 256, 256], 'kernel_size': 3, 'dropout': 0.3, 'lr': 0.003, 'weight_decay': 0.0001} | Val AUC: 0.8387
[INFO] Config 122/486: {'num_channels': [256, 256, 256], 'kernel_size': 3, 'dropout': 0.3, 'lr': 0.003, 'weight_decay': 0.001} | Val AUC: 0.8370
[INFO] Config 123/486: {'num_channels': [256, 256, 256], 'kernel_size': 3, 'dropout': 0.3, 'lr': 0.003, 'weight_decay': 0.01} | Val AUC: 0.8376
[INFO] Config 124/486: {'num_channels': [256, 256, 256], 'kernel_size': 3, 'dropout': 0.3, 'lr': 0.005, 'weight_decay': 0.0001} | Val AUC: 0.8368
[INFO] Config 125/486: {'num_channels': [256, 256, 256], 'kernel_size': 3, 'dropout': 0.3, 'lr': 0.005, 'weight_decay': 0.001} | Val AUC: 0.8341
[INFO] Config 126/486: {'num_channels': [256, 256, 256], 'kernel_size': 3, 'dropout': 0.3, 'lr': 0.005, 'weight_decay': 0.01} | Val AUC: 0.8377
[INFO] Config 127/486: {'num_channels': [256, 256, 256], 'kernel_size': 3, 'dropout': 0.5, 'lr': 0.001, 'weight_decay': 0.0001} | Val AUC: 0.8300
[INFO] Config 128/486: {'num_channels': [256, 256, 256], 'kernel_size': 3, 'dropout': 0.5, 'lr': 0.001, 'weight_decay': 0.001} | Val AUC: 0.8287
[INFO] Config 129/486: {'num_channels': [256, 256, 256], 'kernel_size': 3, 'dropout': 0.5, 'lr': 0.001, 'weight_decay': 0.01} | Val AUC: 0.8289
[INFO] Config 130/486: {'num_channels': [256, 256, 256], 'kernel_size': 3, 'dropout': 0.5, 'lr': 0.003, 'weight_decay': 0.0001} | Val AUC: 0.8340
[INFO] Config 131/486: {'num_channels': [256, 256, 256], 'kernel_size': 3, 'dropout': 0.5, 'lr': 0.003, 'weight_decay': 0.001} | Val AUC: 0.8362
[INFO] Config 132/486: {'num_channels': [256, 256, 256], 'kernel_size': 3, 'dropout': 0.5, 'lr': 0.003, 'weight_decay': 0.01} | Val AUC: 0.8352
[INFO] Config 133/486: {'num_channels': [256, 256, 256], 'kernel_size': 3, 'dropout': 0.5, 'lr': 0.005, 'weight_decay': 0.0001} | Val AUC: 0.8312
[INFO] Config 134/486: {'num_channels': [256, 256, 256], 'kernel_size': 3, 'dropout': 0.5, 'lr': 0.005, 'weight_decay': 0.001} | Val AUC: 0.8325
[INFO] Config 135/486: {'num_channels': [256, 256, 256], 'kernel_size': 3, 'dropout': 0.5, 'lr': 0.005, 'weight_decay': 0.01} | Val AUC: 0.8340
[INFO] Config 136/486: {'num_channels': [256, 256, 256], 'kernel_size': 5, 'dropout': 0.1, 'lr': 0.001, 'weight_decay': 0.0001} | Val AUC: 0.8339
[INFO] Config 137/486: {'num_channels': [256, 256, 256], 'kernel_size': 5, 'dropout': 0.1, 'lr': 0.001, 'weight_decay': 0.001} | Val AUC: 0.8334
[INFO] Config 138/486: {'num_channels': [256, 256, 256], 'kernel_size': 5, 'dropout': 0.1, 'lr': 0.001, 'weight_decay': 0.01} | Val AUC: 0.8329
[INFO] Config 139/486: {'num_channels': [256, 256, 256], 'kernel_size': 5, 'dropout': 0.1, 'lr': 0.003, 'weight_decay': 0.0001} | Val AUC: 0.8304
[INFO] Config 140/486: {'num_channels': [256, 256, 256], 'kernel_size': 5, 'dropout': 0.1, 'lr': 0.003, 'weight_decay': 0.001} | Val AUC: 0.8380
[INFO] Config 141/486: {'num_channels': [256, 256, 256], 'kernel_size': 5, 'dropout': 0.1, 'lr': 0.003, 'weight_decay': 0.01} | Val AUC: 0.8307
[INFO] Config 142/486: {'num_channels': [256, 256, 256], 'kernel_size': 5, 'dropout': 0.1, 'lr': 0.005, 'weight_decay': 0.0001} | Val AUC: 0.8328
[INFO] Config 143/486: {'num_channels': [256, 256, 256], 'kernel_size': 5, 'dropout': 0.1, 'lr': 0.005, 'weight_decay': 0.001} | Val AUC: 0.8342
[INFO] Config 144/486: {'num_channels': [256, 256, 256], 'kernel_size': 5, 'dropout': 0.1, 'lr': 0.005, 'weight_decay': 0.01} | Val AUC: 0.8286
[INFO] Config 145/486: {'num_channels': [256, 256, 256], 'kernel_size': 5, 'dropout': 0.3, 'lr': 0.001, 'weight_decay': 0.0001} | Val AUC: 0.8311
[INFO] Config 146/486: {'num_channels': [256, 256, 256], 'kernel_size': 5, 'dropout': 0.3, 'lr': 0.001, 'weight_decay': 0.001} | Val AUC: 0.8345
[INFO] Config 147/486: {'num_channels': [256, 256, 256], 'kernel_size': 5, 'dropout': 0.3, 'lr': 0.001, 'weight_decay': 0.01} | Val AUC: 0.8329
[INFO] Config 148/486: {'num_channels': [256, 256, 256], 'kernel_size': 5, 'dropout': 0.3, 'lr': 0.003, 'weight_decay': 0.0001} | Val AUC: 0.8315
[INFO] Config 149/486: {'num_channels': [256, 256, 256], 'kernel_size': 5, 'dropout': 0.3, 'lr': 0.003, 'weight_decay': 0.001} | Val AUC: 0.8295
[INFO] Config 150/486: {'num_channels': [256, 256, 256], 'kernel_size': 5, 'dropout': 0.3, 'lr': 0.003, 'weight_decay': 0.01} | Val AUC: 0.8305
[INFO] Config 151/486: {'num_channels': [256, 256, 256], 'kernel_size': 5, 'dropout': 0.3, 'lr': 0.005, 'weight_decay': 0.0001} | Val AUC: 0.8272
[INFO] Config 152/486: {'num_channels': [256, 256, 256], 'kernel_size': 5, 'dropout': 0.3, 'lr': 0.005, 'weight_decay': 0.001} | Val AUC: 0.8271
[INFO] Config 153/486: {'num_channels': [256, 256, 256], 'kernel_size': 5, 'dropout': 0.3, 'lr': 0.005, 'weight_decay': 0.01} | Val AUC: 0.8297
[INFO] Config 154/486: {'num_channels': [256, 256, 256], 'kernel_size': 5, 'dropout': 0.5, 'lr': 0.001, 'weight_decay': 0.0001} | Val AUC: 0.8290
[INFO] Config 155/486: {'num_channels': [256, 256, 256], 'kernel_size': 5, 'dropout': 0.5, 'lr': 0.001, 'weight_decay': 0.001} | Val AUC: 0.8253
[INFO] Config 156/486: {'num_channels': [256, 256, 256], 'kernel_size': 5, 'dropout': 0.5, 'lr': 0.001, 'weight_decay': 0.01} | Val AUC: 0.8268
[INFO] Config 157/486: {'num_channels': [256, 256, 256], 'kernel_size': 5, 'dropout': 0.5, 'lr': 0.003, 'weight_decay': 0.0001} | Val AUC: 0.8246
[INFO] Config 158/486: {'num_channels': [256, 256, 256], 'kernel_size': 5, 'dropout': 0.5, 'lr': 0.003, 'weight_decay': 0.001} | Val AUC: 0.8268
[INFO] Config 159/486: {'num_channels': [256, 256, 256], 'kernel_size': 5, 'dropout': 0.5, 'lr': 0.003, 'weight_decay': 0.01} | Val AUC: 0.8275
[INFO] Config 160/486: {'num_channels': [256, 256, 256], 'kernel_size': 5, 'dropout': 0.5, 'lr': 0.005, 'weight_decay': 0.0001} | Val AUC: 0.8267
[INFO] Config 161/486: {'num_channels': [256, 256, 256], 'kernel_size': 5, 'dropout': 0.5, 'lr': 0.005, 'weight_decay': 0.001} | Val AUC: 0.8207
[INFO] Config 162/486: {'num_channels': [256, 256, 256], 'kernel_size': 5, 'dropout': 0.5, 'lr': 0.005, 'weight_decay': 0.01} | Val AUC: 0.8253
[INFO] Config 163/486: {'num_channels': [128, 256, 512], 'kernel_size': 2, 'dropout': 0.1, 'lr': 0.001, 'weight_decay': 0.0001} | Val AUC: 0.8353
[INFO] Config 164/486: {'num_channels': [128, 256, 512], 'kernel_size': 2, 'dropout': 0.1, 'lr': 0.001, 'weight_decay': 0.001} | Val AUC: 0.8334
[INFO] Config 165/486: {'num_channels': [128, 256, 512], 'kernel_size': 2, 'dropout': 0.1, 'lr': 0.001, 'weight_decay': 0.01} | Val AUC: 0.8350
[INFO] Config 166/486: {'num_channels': [128, 256, 512], 'kernel_size': 2, 'dropout': 0.1, 'lr': 0.003, 'weight_decay': 0.0001} | Val AUC: 0.8408
[INFO] Config 167/486: {'num_channels': [128, 256, 512], 'kernel_size': 2, 'dropout': 0.1, 'lr': 0.003, 'weight_decay': 0.001} | Val AUC: 0.8415
[INFO] Config 168/486: {'num_channels': [128, 256, 512], 'kernel_size': 2, 'dropout': 0.1, 'lr': 0.003, 'weight_decay': 0.01} | Val AUC: 0.8386
[INFO] Config 169/486: {'num_channels': [128, 256, 512], 'kernel_size': 2, 'dropout': 0.1, 'lr': 0.005, 'weight_decay': 0.0001} | Val AUC: 0.8382
[INFO] Config 170/486: {'num_channels': [128, 256, 512], 'kernel_size': 2, 'dropout': 0.1, 'lr': 0.005, 'weight_decay': 0.001} | Val AUC: 0.8414
[INFO] Config 171/486: {'num_channels': [128, 256, 512], 'kernel_size': 2, 'dropout': 0.1, 'lr': 0.005, 'weight_decay': 0.01} | Val AUC: 0.8410
[INFO] Config 172/486: {'num_channels': [128, 256, 512], 'kernel_size': 2, 'dropout': 0.3, 'lr': 0.001, 'weight_decay': 0.0001} | Val AUC: 0.8279
[INFO] Config 173/486: {'num_channels': [128, 256, 512], 'kernel_size': 2, 'dropout': 0.3, 'lr': 0.001, 'weight_decay': 0.001} | Val AUC: 0.8295
[INFO] Config 174/486: {'num_channels': [128, 256, 512], 'kernel_size': 2, 'dropout': 0.3, 'lr': 0.001, 'weight_decay': 0.01} | Val AUC: 0.8275
[INFO] Config 175/486: {'num_channels': [128, 256, 512], 'kernel_size': 2, 'dropout': 0.3, 'lr': 0.003, 'weight_decay': 0.0001} | Val AUC: 0.8372
[INFO] Config 176/486: {'num_channels': [128, 256, 512], 'kernel_size': 2, 'dropout': 0.3, 'lr': 0.003, 'weight_decay': 0.001} | Val AUC: 0.8373
[INFO] Config 177/486: {'num_channels': [128, 256, 512], 'kernel_size': 2, 'dropout': 0.3, 'lr': 0.003, 'weight_decay': 0.01} | Val AUC: 0.8362
[INFO] Config 178/486: {'num_channels': [128, 256, 512], 'kernel_size': 2, 'dropout': 0.3, 'lr': 0.005, 'weight_decay': 0.0001} | Val AUC: 0.8391
[INFO] Config 179/486: {'num_channels': [128, 256, 512], 'kernel_size': 2, 'dropout': 0.3, 'lr': 0.005, 'weight_decay': 0.001} | Val AUC: 0.8372
[INFO] Config 180/486: {'num_channels': [128, 256, 512], 'kernel_size': 2, 'dropout': 0.3, 'lr': 0.005, 'weight_decay': 0.01} | Val AUC: 0.8392
[INFO] Config 181/486: {'num_channels': [128, 256, 512], 'kernel_size': 2, 'dropout': 0.5, 'lr': 0.001, 'weight_decay': 0.0001} | Val AUC: 0.8209
[INFO] Config 182/486: {'num_channels': [128, 256, 512], 'kernel_size': 2, 'dropout': 0.5, 'lr': 0.001, 'weight_decay': 0.001} | Val AUC: 0.8186
[INFO] Config 183/486: {'num_channels': [128, 256, 512], 'kernel_size': 2, 'dropout': 0.5, 'lr': 0.001, 'weight_decay': 0.01} | Val AUC: 0.8176
[INFO] Config 184/486: {'num_channels': [128, 256, 512], 'kernel_size': 2, 'dropout': 0.5, 'lr': 0.003, 'weight_decay': 0.0001} | Val AUC: 0.8332
[INFO] Config 185/486: {'num_channels': [128, 256, 512], 'kernel_size': 2, 'dropout': 0.5, 'lr': 0.003, 'weight_decay': 0.001} | Val AUC: 0.8314
[INFO] Config 186/486: {'num_channels': [128, 256, 512], 'kernel_size': 2, 'dropout': 0.5, 'lr': 0.003, 'weight_decay': 0.01} | Val AUC: 0.8329
[INFO] Config 187/486: {'num_channels': [128, 256, 512], 'kernel_size': 2, 'dropout': 0.5, 'lr': 0.005, 'weight_decay': 0.0001} | Val AUC: 0.8338
[INFO] Config 188/486: {'num_channels': [128, 256, 512], 'kernel_size': 2, 'dropout': 0.5, 'lr': 0.005, 'weight_decay': 0.001} | Val AUC: 0.8346
[INFO] Config 189/486: {'num_channels': [128, 256, 512], 'kernel_size': 2, 'dropout': 0.5, 'lr': 0.005, 'weight_decay': 0.01} | Val AUC: 0.8300
[INFO] Config 190/486: {'num_channels': [128, 256, 512], 'kernel_size': 3, 'dropout': 0.1, 'lr': 0.001, 'weight_decay': 0.0001} | Val AUC: 0.8361
[INFO] Config 191/486: {'num_channels': [128, 256, 512], 'kernel_size': 3, 'dropout': 0.1, 'lr': 0.001, 'weight_decay': 0.001} | Val AUC: 0.8353
[INFO] Config 192/486: {'num_channels': [128, 256, 512], 'kernel_size': 3, 'dropout': 0.1, 'lr': 0.001, 'weight_decay': 0.01} | Val AUC: 0.8373
[INFO] Config 193/486: {'num_channels': [128, 256, 512], 'kernel_size': 3, 'dropout': 0.1, 'lr': 0.003, 'weight_decay': 0.0001} | Val AUC: 0.8352
[INFO] Config 194/486: {'num_channels': [128, 256, 512], 'kernel_size': 3, 'dropout': 0.1, 'lr': 0.003, 'weight_decay': 0.001} | Val AUC: 0.8380
[INFO] Config 195/486: {'num_channels': [128, 256, 512], 'kernel_size': 3, 'dropout': 0.1, 'lr': 0.003, 'weight_decay': 0.01} | Val AUC: 0.8349
[INFO] Config 196/486: {'num_channels': [128, 256, 512], 'kernel_size': 3, 'dropout': 0.1, 'lr': 0.005, 'weight_decay': 0.0001} | Val AUC: 0.8346
[INFO] Config 197/486: {'num_channels': [128, 256, 512], 'kernel_size': 3, 'dropout': 0.1, 'lr': 0.005, 'weight_decay': 0.001} | Val AUC: 0.8337
[INFO] Config 198/486: {'num_channels': [128, 256, 512], 'kernel_size': 3, 'dropout': 0.1, 'lr': 0.005, 'weight_decay': 0.01} | Val AUC: 0.8354
[INFO] Config 199/486: {'num_channels': [128, 256, 512], 'kernel_size': 3, 'dropout': 0.3, 'lr': 0.001, 'weight_decay': 0.0001} | Val AUC: 0.8305
[INFO] Config 200/486: {'num_channels': [128, 256, 512], 'kernel_size': 3, 'dropout': 0.3, 'lr': 0.001, 'weight_decay': 0.001} | Val AUC: 0.8300
[INFO] Config 201/486: {'num_channels': [128, 256, 512], 'kernel_size': 3, 'dropout': 0.3, 'lr': 0.001, 'weight_decay': 0.01} | Val AUC: 0.8309
[INFO] Config 202/486: {'num_channels': [128, 256, 512], 'kernel_size': 3, 'dropout': 0.3, 'lr': 0.003, 'weight_decay': 0.0001} | Val AUC: 0.8330
[INFO] Config 203/486: {'num_channels': [128, 256, 512], 'kernel_size': 3, 'dropout': 0.3, 'lr': 0.003, 'weight_decay': 0.001} | Val AUC: 0.8308
[INFO] Config 204/486: {'num_channels': [128, 256, 512], 'kernel_size': 3, 'dropout': 0.3, 'lr': 0.003, 'weight_decay': 0.01} | Val AUC: 0.8379
[INFO] Config 205/486: {'num_channels': [128, 256, 512], 'kernel_size': 3, 'dropout': 0.3, 'lr': 0.005, 'weight_decay': 0.0001} | Val AUC: 0.8380
[INFO] Config 206/486: {'num_channels': [128, 256, 512], 'kernel_size': 3, 'dropout': 0.3, 'lr': 0.005, 'weight_decay': 0.001} | Val AUC: 0.8371
[INFO] Config 207/486: {'num_channels': [128, 256, 512], 'kernel_size': 3, 'dropout': 0.3, 'lr': 0.005, 'weight_decay': 0.01} | Val AUC: 0.8325
[INFO] Config 208/486: {'num_channels': [128, 256, 512], 'kernel_size': 3, 'dropout': 0.5, 'lr': 0.001, 'weight_decay': 0.0001} | Val AUC: 0.8235
[INFO] Config 209/486: {'num_channels': [128, 256, 512], 'kernel_size': 3, 'dropout': 0.5, 'lr': 0.001, 'weight_decay': 0.001} | Val AUC: 0.8230
[INFO] Config 210/486: {'num_channels': [128, 256, 512], 'kernel_size': 3, 'dropout': 0.5, 'lr': 0.001, 'weight_decay': 0.01} | Val AUC: 0.8238
[INFO] Config 211/486: {'num_channels': [128, 256, 512], 'kernel_size': 3, 'dropout': 0.5, 'lr': 0.003, 'weight_decay': 0.0001} | Val AUC: 0.8275
[INFO] Config 212/486: {'num_channels': [128, 256, 512], 'kernel_size': 3, 'dropout': 0.5, 'lr': 0.003, 'weight_decay': 0.001} | Val AUC: 0.8240
[INFO] Config 213/486: {'num_channels': [128, 256, 512], 'kernel_size': 3, 'dropout': 0.5, 'lr': 0.003, 'weight_decay': 0.01} | Val AUC: 0.8271
[INFO] Config 214/486: {'num_channels': [128, 256, 512], 'kernel_size': 3, 'dropout': 0.5, 'lr': 0.005, 'weight_decay': 0.0001} | Val AUC: 0.8297
[INFO] Config 215/486: {'num_channels': [128, 256, 512], 'kernel_size': 3, 'dropout': 0.5, 'lr': 0.005, 'weight_decay': 0.001} | Val AUC: 0.8294
[INFO] Config 216/486: {'num_channels': [128, 256, 512], 'kernel_size': 3, 'dropout': 0.5, 'lr': 0.005, 'weight_decay': 0.01} | Val AUC: 0.8283
[INFO] Config 217/486: {'num_channels': [128, 256, 512], 'kernel_size': 5, 'dropout': 0.1, 'lr': 0.001, 'weight_decay': 0.0001} | Val AUC: 0.8302
[INFO] Config 218/486: {'num_channels': [128, 256, 512], 'kernel_size': 5, 'dropout': 0.1, 'lr': 0.001, 'weight_decay': 0.001} | Val AUC: 0.8281
[INFO] Config 219/486: {'num_channels': [128, 256, 512], 'kernel_size': 5, 'dropout': 0.1, 'lr': 0.001, 'weight_decay': 0.01} | Val AUC: 0.8311
[INFO] Config 220/486: {'num_channels': [128, 256, 512], 'kernel_size': 5, 'dropout': 0.1, 'lr': 0.003, 'weight_decay': 0.0001} | Val AUC: 0.8281
[INFO] Config 221/486: {'num_channels': [128, 256, 512], 'kernel_size': 5, 'dropout': 0.1, 'lr': 0.003, 'weight_decay': 0.001} | Val AUC: 0.8292
[INFO] Config 222/486: {'num_channels': [128, 256, 512], 'kernel_size': 5, 'dropout': 0.1, 'lr': 0.003, 'weight_decay': 0.01} | Val AUC: 0.8335
[INFO] Config 223/486: {'num_channels': [128, 256, 512], 'kernel_size': 5, 'dropout': 0.1, 'lr': 0.005, 'weight_decay': 0.0001} | Val AUC: 0.8257
[INFO] Config 224/486: {'num_channels': [128, 256, 512], 'kernel_size': 5, 'dropout': 0.1, 'lr': 0.005, 'weight_decay': 0.001} | Val AUC: 0.8299
[INFO] Config 225/486: {'num_channels': [128, 256, 512], 'kernel_size': 5, 'dropout': 0.1, 'lr': 0.005, 'weight_decay': 0.01} | Val AUC: 0.8274
[INFO] Config 226/486: {'num_channels': [128, 256, 512], 'kernel_size': 5, 'dropout': 0.3, 'lr': 0.001, 'weight_decay': 0.0001} | Val AUC: 0.8244
[INFO] Config 227/486: {'num_channels': [128, 256, 512], 'kernel_size': 5, 'dropout': 0.3, 'lr': 0.001, 'weight_decay': 0.001} | Val AUC: 0.8244
[INFO] Config 228/486: {'num_channels': [128, 256, 512], 'kernel_size': 5, 'dropout': 0.3, 'lr': 0.001, 'weight_decay': 0.01} | Val AUC: 0.8257
[INFO] Config 229/486: {'num_channels': [128, 256, 512], 'kernel_size': 5, 'dropout': 0.3, 'lr': 0.003, 'weight_decay': 0.0001} | Val AUC: 0.8323
[INFO] Config 230/486: {'num_channels': [128, 256, 512], 'kernel_size': 5, 'dropout': 0.3, 'lr': 0.003, 'weight_decay': 0.001} | Val AUC: 0.8283
[INFO] Config 231/486: {'num_channels': [128, 256, 512], 'kernel_size': 5, 'dropout': 0.3, 'lr': 0.003, 'weight_decay': 0.01} | Val AUC: 0.8289
[INFO] Config 232/486: {'num_channels': [128, 256, 512], 'kernel_size': 5, 'dropout': 0.3, 'lr': 0.005, 'weight_decay': 0.0001} | Val AUC: 0.8252
[INFO] Config 233/486: {'num_channels': [128, 256, 512], 'kernel_size': 5, 'dropout': 0.3, 'lr': 0.005, 'weight_decay': 0.001} | Val AUC: 0.8235
[INFO] Config 234/486: {'num_channels': [128, 256, 512], 'kernel_size': 5, 'dropout': 0.3, 'lr': 0.005, 'weight_decay': 0.01} | Val AUC: 0.8233
[INFO] Config 235/486: {'num_channels': [128, 256, 512], 'kernel_size': 5, 'dropout': 0.5, 'lr': 0.001, 'weight_decay': 0.0001} | Val AUC: 0.8197
[INFO] Config 236/486: {'num_channels': [128, 256, 512], 'kernel_size': 5, 'dropout': 0.5, 'lr': 0.001, 'weight_decay': 0.001} | Val AUC: 0.8187
[INFO] Config 237/486: {'num_channels': [128, 256, 512], 'kernel_size': 5, 'dropout': 0.5, 'lr': 0.001, 'weight_decay': 0.01} | Val AUC: 0.8194
[INFO] Config 238/486: {'num_channels': [128, 256, 512], 'kernel_size': 5, 'dropout': 0.5, 'lr': 0.003, 'weight_decay': 0.0001} | Val AUC: 0.8229
[INFO] Config 239/486: {'num_channels': [128, 256, 512], 'kernel_size': 5, 'dropout': 0.5, 'lr': 0.003, 'weight_decay': 0.001} | Val AUC: 0.8220
[INFO] Config 240/486: {'num_channels': [128, 256, 512], 'kernel_size': 5, 'dropout': 0.5, 'lr': 0.003, 'weight_decay': 0.01} | Val AUC: 0.8239
[INFO] Config 241/486: {'num_channels': [128, 256, 512], 'kernel_size': 5, 'dropout': 0.5, 'lr': 0.005, 'weight_decay': 0.0001} | Val AUC: 0.8185
[INFO] Config 242/486: {'num_channels': [128, 256, 512], 'kernel_size': 5, 'dropout': 0.5, 'lr': 0.005, 'weight_decay': 0.001} | Val AUC: 0.8215
[INFO] Config 243/486: {'num_channels': [128, 256, 512], 'kernel_size': 5, 'dropout': 0.5, 'lr': 0.005, 'weight_decay': 0.01} | Val AUC: 0.8181
[INFO] Config 244/486: {'num_channels': [256, 512, 512], 'kernel_size': 2, 'dropout': 0.1, 'lr': 0.001, 'weight_decay': 0.0001} | Val AUC: 0.8411
[INFO] Config 245/486: {'num_channels': [256, 512, 512], 'kernel_size': 2, 'dropout': 0.1, 'lr': 0.001, 'weight_decay': 0.001} | Val AUC: 0.8414
[INFO] Config 246/486: {'num_channels': [256, 512, 512], 'kernel_size': 2, 'dropout': 0.1, 'lr': 0.001, 'weight_decay': 0.01} | Val AUC: 0.8399
[INFO] Config 247/486: {'num_channels': [256, 512, 512], 'kernel_size': 2, 'dropout': 0.1, 'lr': 0.003, 'weight_decay': 0.0001} | Val AUC: 0.8408
[INFO] Config 248/486: {'num_channels': [256, 512, 512], 'kernel_size': 2, 'dropout': 0.1, 'lr': 0.003, 'weight_decay': 0.001} | Val AUC: 0.8405
[INFO] Config 249/486: {'num_channels': [256, 512, 512], 'kernel_size': 2, 'dropout': 0.1, 'lr': 0.003, 'weight_decay': 0.01} | Val AUC: 0.8419
[INFO] Config 250/486: {'num_channels': [256, 512, 512], 'kernel_size': 2, 'dropout': 0.1, 'lr': 0.005, 'weight_decay': 0.0001} | Val AUC: 0.8417
[INFO] Config 251/486: {'num_channels': [256, 512, 512], 'kernel_size': 2, 'dropout': 0.1, 'lr': 0.005, 'weight_decay': 0.001} | Val AUC: 0.8424
[INFO] Config 252/486: {'num_channels': [256, 512, 512], 'kernel_size': 2, 'dropout': 0.1, 'lr': 0.005, 'weight_decay': 0.01} | Val AUC: 0.8405
[INFO] Config 253/486: {'num_channels': [256, 512, 512], 'kernel_size': 2, 'dropout': 0.3, 'lr': 0.001, 'weight_decay': 0.0001} | Val AUC: 0.8340
[INFO] Config 254/486: {'num_channels': [256, 512, 512], 'kernel_size': 2, 'dropout': 0.3, 'lr': 0.001, 'weight_decay': 0.001} | Val AUC: 0.8340
[INFO] Config 255/486: {'num_channels': [256, 512, 512], 'kernel_size': 2, 'dropout': 0.3, 'lr': 0.001, 'weight_decay': 0.01} | Val AUC: 0.8341
[INFO] Config 256/486: {'num_channels': [256, 512, 512], 'kernel_size': 2, 'dropout': 0.3, 'lr': 0.003, 'weight_decay': 0.0001} | Val AUC: 0.8406
[INFO] Config 257/486: {'num_channels': [256, 512, 512], 'kernel_size': 2, 'dropout': 0.3, 'lr': 0.003, 'weight_decay': 0.001} | Val AUC: 0.8395
[INFO] Config 258/486: {'num_channels': [256, 512, 512], 'kernel_size': 2, 'dropout': 0.3, 'lr': 0.003, 'weight_decay': 0.01} | Val AUC: 0.8426
[INFO] Config 259/486: {'num_channels': [256, 512, 512], 'kernel_size': 2, 'dropout': 0.3, 'lr': 0.005, 'weight_decay': 0.0001} | Val AUC: 0.8410
[INFO] Config 260/486: {'num_channels': [256, 512, 512], 'kernel_size': 2, 'dropout': 0.3, 'lr': 0.005, 'weight_decay': 0.001} | Val AUC: 0.8416
[INFO] Config 261/486: {'num_channels': [256, 512, 512], 'kernel_size': 2, 'dropout': 0.3, 'lr': 0.005, 'weight_decay': 0.01} | Val AUC: 0.8410
[INFO] Config 262/486: {'num_channels': [256, 512, 512], 'kernel_size': 2, 'dropout': 0.5, 'lr': 0.001, 'weight_decay': 0.0001} | Val AUC: 0.8263
[INFO] Config 263/486: {'num_channels': [256, 512, 512], 'kernel_size': 2, 'dropout': 0.5, 'lr': 0.001, 'weight_decay': 0.001} | Val AUC: 0.8270
[INFO] Config 264/486: {'num_channels': [256, 512, 512], 'kernel_size': 2, 'dropout': 0.5, 'lr': 0.001, 'weight_decay': 0.01} | Val AUC: 0.8256
[INFO] Config 265/486: {'num_channels': [256, 512, 512], 'kernel_size': 2, 'dropout': 0.5, 'lr': 0.003, 'weight_decay': 0.0001} | Val AUC: 0.8350
[INFO] Config 266/486: {'num_channels': [256, 512, 512], 'kernel_size': 2, 'dropout': 0.5, 'lr': 0.003, 'weight_decay': 0.001} | Val AUC: 0.8357
[INFO] Config 267/486: {'num_channels': [256, 512, 512], 'kernel_size': 2, 'dropout': 0.5, 'lr': 0.003, 'weight_decay': 0.01} | Val AUC: 0.8354
[INFO] Config 268/486: {'num_channels': [256, 512, 512], 'kernel_size': 2, 'dropout': 0.5, 'lr': 0.005, 'weight_decay': 0.0001} | Val AUC: 0.8356
[INFO] Config 269/486: {'num_channels': [256, 512, 512], 'kernel_size': 2, 'dropout': 0.5, 'lr': 0.005, 'weight_decay': 0.001} | Val AUC: 0.8365
[INFO] Config 270/486: {'num_channels': [256, 512, 512], 'kernel_size': 2, 'dropout': 0.5, 'lr': 0.005, 'weight_decay': 0.01} | Val AUC: 0.8380
[INFO] Config 271/486: {'num_channels': [256, 512, 512], 'kernel_size': 3, 'dropout': 0.1, 'lr': 0.001, 'weight_decay': 0.0001} | Val AUC: 0.8359
[INFO] Config 272/486: {'num_channels': [256, 512, 512], 'kernel_size': 3, 'dropout': 0.1, 'lr': 0.001, 'weight_decay': 0.001} | Val AUC: 0.8376
[INFO] Config 273/486: {'num_channels': [256, 512, 512], 'kernel_size': 3, 'dropout': 0.1, 'lr': 0.001, 'weight_decay': 0.01} | Val AUC: 0.8377
[INFO] Config 274/486: {'num_channels': [256, 512, 512], 'kernel_size': 3, 'dropout': 0.1, 'lr': 0.003, 'weight_decay': 0.0001} | Val AUC: 0.8371
[INFO] Config 275/486: {'num_channels': [256, 512, 512], 'kernel_size': 3, 'dropout': 0.1, 'lr': 0.003, 'weight_decay': 0.001} | Val AUC: 0.8399
[INFO] Config 276/486: {'num_channels': [256, 512, 512], 'kernel_size': 3, 'dropout': 0.1, 'lr': 0.003, 'weight_decay': 0.01} | Val AUC: 0.8372
[INFO] Config 277/486: {'num_channels': [256, 512, 512], 'kernel_size': 3, 'dropout': 0.1, 'lr': 0.005, 'weight_decay': 0.0001} | Val AUC: 0.8351
[INFO] Config 278/486: {'num_channels': [256, 512, 512], 'kernel_size': 3, 'dropout': 0.1, 'lr': 0.005, 'weight_decay': 0.001} | Val AUC: 0.8336
[INFO] Config 279/486: {'num_channels': [256, 512, 512], 'kernel_size': 3, 'dropout': 0.1, 'lr': 0.005, 'weight_decay': 0.01} | Val AUC: 0.8363
[INFO] Config 280/486: {'num_channels': [256, 512, 512], 'kernel_size': 3, 'dropout': 0.3, 'lr': 0.001, 'weight_decay': 0.0001} | Val AUC: 0.8307
[INFO] Config 281/486: {'num_channels': [256, 512, 512], 'kernel_size': 3, 'dropout': 0.3, 'lr': 0.001, 'weight_decay': 0.001} | Val AUC: 0.8323
[INFO] Config 282/486: {'num_channels': [256, 512, 512], 'kernel_size': 3, 'dropout': 0.3, 'lr': 0.001, 'weight_decay': 0.01} | Val AUC: 0.8358
[INFO] Config 283/486: {'num_channels': [256, 512, 512], 'kernel_size': 3, 'dropout': 0.3, 'lr': 0.003, 'weight_decay': 0.0001} | Val AUC: 0.8356
[INFO] Config 284/486: {'num_channels': [256, 512, 512], 'kernel_size': 3, 'dropout': 0.3, 'lr': 0.003, 'weight_decay': 0.001} | Val AUC: 0.8339
[INFO] Config 285/486: {'num_channels': [256, 512, 512], 'kernel_size': 3, 'dropout': 0.3, 'lr': 0.003, 'weight_decay': 0.01} | Val AUC: 0.8333
[INFO] Config 286/486: {'num_channels': [256, 512, 512], 'kernel_size': 3, 'dropout': 0.3, 'lr': 0.005, 'weight_decay': 0.0001} | Val AUC: 0.8316
[INFO] Config 287/486: {'num_channels': [256, 512, 512], 'kernel_size': 3, 'dropout': 0.3, 'lr': 0.005, 'weight_decay': 0.001} | Val AUC: 0.8318
[INFO] Config 288/486: {'num_channels': [256, 512, 512], 'kernel_size': 3, 'dropout': 0.3, 'lr': 0.005, 'weight_decay': 0.01} | Val AUC: 0.8357
[INFO] Config 289/486: {'num_channels': [256, 512, 512], 'kernel_size': 3, 'dropout': 0.5, 'lr': 0.001, 'weight_decay': 0.0001} | Val AUC: 0.8269
[INFO] Config 290/486: {'num_channels': [256, 512, 512], 'kernel_size': 3, 'dropout': 0.5, 'lr': 0.001, 'weight_decay': 0.001} | Val AUC: 0.8272
[INFO] Config 291/486: {'num_channels': [256, 512, 512], 'kernel_size': 3, 'dropout': 0.5, 'lr': 0.001, 'weight_decay': 0.01} | Val AUC: 0.8296
[INFO] Config 292/486: {'num_channels': [256, 512, 512], 'kernel_size': 3, 'dropout': 0.5, 'lr': 0.003, 'weight_decay': 0.0001} | Val AUC: 0.8339
[INFO] Config 293/486: {'num_channels': [256, 512, 512], 'kernel_size': 3, 'dropout': 0.5, 'lr': 0.003, 'weight_decay': 0.001} | Val AUC: 0.8315
[INFO] Config 294/486: {'num_channels': [256, 512, 512], 'kernel_size': 3, 'dropout': 0.5, 'lr': 0.003, 'weight_decay': 0.01} | Val AUC: 0.8319
[INFO] Config 295/486: {'num_channels': [256, 512, 512], 'kernel_size': 3, 'dropout': 0.5, 'lr': 0.005, 'weight_decay': 0.0001} | Val AUC: 0.8337
[INFO] Config 296/486: {'num_channels': [256, 512, 512], 'kernel_size': 3, 'dropout': 0.5, 'lr': 0.005, 'weight_decay': 0.001} | Val AUC: 0.8292
[INFO] Config 297/486: {'num_channels': [256, 512, 512], 'kernel_size': 3, 'dropout': 0.5, 'lr': 0.005, 'weight_decay': 0.01} | Val AUC: 0.8316
[INFO] Config 298/486: {'num_channels': [256, 512, 512], 'kernel_size': 5, 'dropout': 0.1, 'lr': 0.001, 'weight_decay': 0.0001} | Val AUC: 0.8320
[INFO] Config 299/486: {'num_channels': [256, 512, 512], 'kernel_size': 5, 'dropout': 0.1, 'lr': 0.001, 'weight_decay': 0.001} | Val AUC: 0.8351
[INFO] Config 300/486: {'num_channels': [256, 512, 512], 'kernel_size': 5, 'dropout': 0.1, 'lr': 0.001, 'weight_decay': 0.01} | Val AUC: 0.8305
[INFO] Config 301/486: {'num_channels': [256, 512, 512], 'kernel_size': 5, 'dropout': 0.1, 'lr': 0.003, 'weight_decay': 0.0001} | Val AUC: 0.8303
[INFO] Config 302/486: {'num_channels': [256, 512, 512], 'kernel_size': 5, 'dropout': 0.1, 'lr': 0.003, 'weight_decay': 0.001} | Val AUC: 0.8298
[INFO] Config 303/486: {'num_channels': [256, 512, 512], 'kernel_size': 5, 'dropout': 0.1, 'lr': 0.003, 'weight_decay': 0.01} | Val AUC: 0.8355
[INFO] Config 304/486: {'num_channels': [256, 512, 512], 'kernel_size': 5, 'dropout': 0.1, 'lr': 0.005, 'weight_decay': 0.0001} | Val AUC: 0.8297
[INFO] Config 305/486: {'num_channels': [256, 512, 512], 'kernel_size': 5, 'dropout': 0.1, 'lr': 0.005, 'weight_decay': 0.001} | Val AUC: 0.8282
[INFO] Config 306/486: {'num_channels': [256, 512, 512], 'kernel_size': 5, 'dropout': 0.1, 'lr': 0.005, 'weight_decay': 0.01} | Val AUC: 0.8281
[INFO] Config 307/486: {'num_channels': [256, 512, 512], 'kernel_size': 5, 'dropout': 0.3, 'lr': 0.001, 'weight_decay': 0.0001} | Val AUC: 0.8267
[INFO] Config 308/486: {'num_channels': [256, 512, 512], 'kernel_size': 5, 'dropout': 0.3, 'lr': 0.001, 'weight_decay': 0.001} | Val AUC: 0.8248
[INFO] Config 309/486: {'num_channels': [256, 512, 512], 'kernel_size': 5, 'dropout': 0.3, 'lr': 0.001, 'weight_decay': 0.01} | Val AUC: 0.8265
[INFO] Config 310/486: {'num_channels': [256, 512, 512], 'kernel_size': 5, 'dropout': 0.3, 'lr': 0.003, 'weight_decay': 0.0001} | Val AUC: 0.8275
[INFO] Config 311/486: {'num_channels': [256, 512, 512], 'kernel_size': 5, 'dropout': 0.3, 'lr': 0.003, 'weight_decay': 0.001} | Val AUC: 0.8307
[INFO] Config 312/486: {'num_channels': [256, 512, 512], 'kernel_size': 5, 'dropout': 0.3, 'lr': 0.003, 'weight_decay': 0.01} | Val AUC: 0.8279
[INFO] Config 313/486: {'num_channels': [256, 512, 512], 'kernel_size': 5, 'dropout': 0.3, 'lr': 0.005, 'weight_decay': 0.0001} | Val AUC: 0.8304
[INFO] Config 314/486: {'num_channels': [256, 512, 512], 'kernel_size': 5, 'dropout': 0.3, 'lr': 0.005, 'weight_decay': 0.001} | Val AUC: 0.8252
[INFO] Config 315/486: {'num_channels': [256, 512, 512], 'kernel_size': 5, 'dropout': 0.3, 'lr': 0.005, 'weight_decay': 0.01} | Val AUC: 0.8251
[INFO] Config 316/486: {'num_channels': [256, 512, 512], 'kernel_size': 5, 'dropout': 0.5, 'lr': 0.001, 'weight_decay': 0.0001} | Val AUC: 0.8212
[INFO] Config 317/486: {'num_channels': [256, 512, 512], 'kernel_size': 5, 'dropout': 0.5, 'lr': 0.001, 'weight_decay': 0.001} | Val AUC: 0.8257
[INFO] Config 318/486: {'num_channels': [256, 512, 512], 'kernel_size': 5, 'dropout': 0.5, 'lr': 0.001, 'weight_decay': 0.01} | Val AUC: 0.8270
[INFO] Config 319/486: {'num_channels': [256, 512, 512], 'kernel_size': 5, 'dropout': 0.5, 'lr': 0.003, 'weight_decay': 0.0001} | Val AUC: 0.8230
[INFO] Config 320/486: {'num_channels': [256, 512, 512], 'kernel_size': 5, 'dropout': 0.5, 'lr': 0.003, 'weight_decay': 0.001} | Val AUC: 0.8227
[INFO] Config 321/486: {'num_channels': [256, 512, 512], 'kernel_size': 5, 'dropout': 0.5, 'lr': 0.003, 'weight_decay': 0.01} | Val AUC: 0.8222
[INFO] Config 322/486: {'num_channels': [256, 512, 512], 'kernel_size': 5, 'dropout': 0.5, 'lr': 0.005, 'weight_decay': 0.0001} | Val AUC: 0.8222
[INFO] Config 323/486: {'num_channels': [256, 512, 512], 'kernel_size': 5, 'dropout': 0.5, 'lr': 0.005, 'weight_decay': 0.001} | Val AUC: 0.8209
[INFO] Config 324/486: {'num_channels': [256, 512, 512], 'kernel_size': 5, 'dropout': 0.5, 'lr': 0.005, 'weight_decay': 0.01} | Val AUC: 0.8224
[INFO] Config 325/486: {'num_channels': [512, 512, 512], 'kernel_size': 2, 'dropout': 0.1, 'lr': 0.001, 'weight_decay': 0.0001} | Val AUC: 0.8421
[INFO] Config 326/486: {'num_channels': [512, 512, 512], 'kernel_size': 2, 'dropout': 0.1, 'lr': 0.001, 'weight_decay': 0.001} | Val AUC: 0.8430
[INFO] Config 327/486: {'num_channels': [512, 512, 512], 'kernel_size': 2, 'dropout': 0.1, 'lr': 0.001, 'weight_decay': 0.01} | Val AUC: 0.8450
[INFO] Config 328/486: {'num_channels': [512, 512, 512], 'kernel_size': 2, 'dropout': 0.1, 'lr': 0.003, 'weight_decay': 0.0001} | Val AUC: 0.8434
[INFO] Config 329/486: {'num_channels': [512, 512, 512], 'kernel_size': 2, 'dropout': 0.1, 'lr': 0.003, 'weight_decay': 0.001} | Val AUC: 0.8415
[INFO] Config 330/486: {'num_channels': [512, 512, 512], 'kernel_size': 2, 'dropout': 0.1, 'lr': 0.003, 'weight_decay': 0.01} | Val AUC: 0.8419
[INFO] Config 331/486: {'num_channels': [512, 512, 512], 'kernel_size': 2, 'dropout': 0.1, 'lr': 0.005, 'weight_decay': 0.0001} | Val AUC: 0.8416
[INFO] Config 332/486: {'num_channels': [512, 512, 512], 'kernel_size': 2, 'dropout': 0.1, 'lr': 0.005, 'weight_decay': 0.001} | Val AUC: 0.8410
[INFO] Config 333/486: {'num_channels': [512, 512, 512], 'kernel_size': 2, 'dropout': 0.1, 'lr': 0.005, 'weight_decay': 0.01} | Val AUC: 0.8425
[INFO] Config 334/486: {'num_channels': [512, 512, 512], 'kernel_size': 2, 'dropout': 0.3, 'lr': 0.001, 'weight_decay': 0.0001} | Val AUC: 0.8384
[INFO] Config 335/486: {'num_channels': [512, 512, 512], 'kernel_size': 2, 'dropout': 0.3, 'lr': 0.001, 'weight_decay': 0.001} | Val AUC: 0.8378
[INFO] Config 336/486: {'num_channels': [512, 512, 512], 'kernel_size': 2, 'dropout': 0.3, 'lr': 0.001, 'weight_decay': 0.01} | Val AUC: 0.8363
[INFO] Config 337/486: {'num_channels': [512, 512, 512], 'kernel_size': 2, 'dropout': 0.3, 'lr': 0.003, 'weight_decay': 0.0001} | Val AUC: 0.8417
[INFO] Config 338/486: {'num_channels': [512, 512, 512], 'kernel_size': 2, 'dropout': 0.3, 'lr': 0.003, 'weight_decay': 0.001} | Val AUC: 0.8399
[INFO] Config 339/486: {'num_channels': [512, 512, 512], 'kernel_size': 2, 'dropout': 0.3, 'lr': 0.003, 'weight_decay': 0.01} | Val AUC: 0.8386
[INFO] Config 340/486: {'num_channels': [512, 512, 512], 'kernel_size': 2, 'dropout': 0.3, 'lr': 0.005, 'weight_decay': 0.0001} | Val AUC: 0.8402
[INFO] Config 341/486: {'num_channels': [512, 512, 512], 'kernel_size': 2, 'dropout': 0.3, 'lr': 0.005, 'weight_decay': 0.001} | Val AUC: 0.8430
[INFO] Config 342/486: {'num_channels': [512, 512, 512], 'kernel_size': 2, 'dropout': 0.3, 'lr': 0.005, 'weight_decay': 0.01} | Val AUC: 0.8425
[INFO] Config 343/486: {'num_channels': [512, 512, 512], 'kernel_size': 2, 'dropout': 0.5, 'lr': 0.001, 'weight_decay': 0.0001} | Val AUC: 0.8303
[INFO] Config 344/486: {'num_channels': [512, 512, 512], 'kernel_size': 2, 'dropout': 0.5, 'lr': 0.001, 'weight_decay': 0.001} | Val AUC: 0.8310
[INFO] Config 345/486: {'num_channels': [512, 512, 512], 'kernel_size': 2, 'dropout': 0.5, 'lr': 0.001, 'weight_decay': 0.01} | Val AUC: 0.8316
[INFO] Config 346/486: {'num_channels': [512, 512, 512], 'kernel_size': 2, 'dropout': 0.5, 'lr': 0.003, 'weight_decay': 0.0001} | Val AUC: 0.8376
[INFO] Config 347/486: {'num_channels': [512, 512, 512], 'kernel_size': 2, 'dropout': 0.5, 'lr': 0.003, 'weight_decay': 0.001} | Val AUC: 0.8392
[INFO] Config 348/486: {'num_channels': [512, 512, 512], 'kernel_size': 2, 'dropout': 0.5, 'lr': 0.003, 'weight_decay': 0.01} | Val AUC: 0.8376
[INFO] Config 349/486: {'num_channels': [512, 512, 512], 'kernel_size': 2, 'dropout': 0.5, 'lr': 0.005, 'weight_decay': 0.0001} | Val AUC: 0.8392
[INFO] Config 350/486: {'num_channels': [512, 512, 512], 'kernel_size': 2, 'dropout': 0.5, 'lr': 0.005, 'weight_decay': 0.001} | Val AUC: 0.8372
[INFO] Config 351/486: {'num_channels': [512, 512, 512], 'kernel_size': 2, 'dropout': 0.5, 'lr': 0.005, 'weight_decay': 0.01} | Val AUC: 0.8384
[INFO] Config 352/486: {'num_channels': [512, 512, 512], 'kernel_size': 3, 'dropout': 0.1, 'lr': 0.001, 'weight_decay': 0.0001} | Val AUC: 0.8370
[INFO] Config 353/486: {'num_channels': [512, 512, 512], 'kernel_size': 3, 'dropout': 0.1, 'lr': 0.001, 'weight_decay': 0.001} | Val AUC: 0.8415
[INFO] Config 354/486: {'num_channels': [512, 512, 512], 'kernel_size': 3, 'dropout': 0.1, 'lr': 0.001, 'weight_decay': 0.01} | Val AUC: 0.8363
[INFO] Config 355/486: {'num_channels': [512, 512, 512], 'kernel_size': 3, 'dropout': 0.1, 'lr': 0.003, 'weight_decay': 0.0001} | Val AUC: 0.8354
[INFO] Config 356/486: {'num_channels': [512, 512, 512], 'kernel_size': 3, 'dropout': 0.1, 'lr': 0.003, 'weight_decay': 0.001} | Val AUC: 0.8377
[INFO] Config 357/486: {'num_channels': [512, 512, 512], 'kernel_size': 3, 'dropout': 0.1, 'lr': 0.003, 'weight_decay': 0.01} | Val AUC: 0.8386
[INFO] Config 358/486: {'num_channels': [512, 512, 512], 'kernel_size': 3, 'dropout': 0.1, 'lr': 0.005, 'weight_decay': 0.0001} | Val AUC: 0.8391
[INFO] Config 359/486: {'num_channels': [512, 512, 512], 'kernel_size': 3, 'dropout': 0.1, 'lr': 0.005, 'weight_decay': 0.001} | Val AUC: 0.8374
[INFO] Config 360/486: {'num_channels': [512, 512, 512], 'kernel_size': 3, 'dropout': 0.1, 'lr': 0.005, 'weight_decay': 0.01} | Val AUC: 0.8365
[INFO] Config 361/486: {'num_channels': [512, 512, 512], 'kernel_size': 3, 'dropout': 0.3, 'lr': 0.001, 'weight_decay': 0.0001} | Val AUC: 0.8358
[INFO] Config 362/486: {'num_channels': [512, 512, 512], 'kernel_size': 3, 'dropout': 0.3, 'lr': 0.001, 'weight_decay': 0.001} | Val AUC: 0.8369
[INFO] Config 363/486: {'num_channels': [512, 512, 512], 'kernel_size': 3, 'dropout': 0.3, 'lr': 0.001, 'weight_decay': 0.01} | Val AUC: 0.8362
[INFO] Config 364/486: {'num_channels': [512, 512, 512], 'kernel_size': 3, 'dropout': 0.3, 'lr': 0.003, 'weight_decay': 0.0001} | Val AUC: 0.8363
[INFO] Config 365/486: {'num_channels': [512, 512, 512], 'kernel_size': 3, 'dropout': 0.3, 'lr': 0.003, 'weight_decay': 0.001} | Val AUC: 0.8353
[INFO] Config 366/486: {'num_channels': [512, 512, 512], 'kernel_size': 3, 'dropout': 0.3, 'lr': 0.003, 'weight_decay': 0.01} | Val AUC: 0.8350
[INFO] Config 367/486: {'num_channels': [512, 512, 512], 'kernel_size': 3, 'dropout': 0.3, 'lr': 0.005, 'weight_decay': 0.0001} | Val AUC: 0.8356
[INFO] Config 368/486: {'num_channels': [512, 512, 512], 'kernel_size': 3, 'dropout': 0.3, 'lr': 0.005, 'weight_decay': 0.001} | Val AUC: 0.8343
[INFO] Config 369/486: {'num_channels': [512, 512, 512], 'kernel_size': 3, 'dropout': 0.3, 'lr': 0.005, 'weight_decay': 0.01} | Val AUC: 0.8344
[INFO] Config 370/486: {'num_channels': [512, 512, 512], 'kernel_size': 3, 'dropout': 0.5, 'lr': 0.001, 'weight_decay': 0.0001} | Val AUC: 0.8303
[INFO] Config 371/486: {'num_channels': [512, 512, 512], 'kernel_size': 3, 'dropout': 0.5, 'lr': 0.001, 'weight_decay': 0.001} | Val AUC: 0.8319
[INFO] Config 372/486: {'num_channels': [512, 512, 512], 'kernel_size': 3, 'dropout': 0.5, 'lr': 0.001, 'weight_decay': 0.01} | Val AUC: 0.8306
[INFO] Config 373/486: {'num_channels': [512, 512, 512], 'kernel_size': 3, 'dropout': 0.5, 'lr': 0.003, 'weight_decay': 0.0001} | Val AUC: 0.8303
[INFO] Config 374/486: {'num_channels': [512, 512, 512], 'kernel_size': 3, 'dropout': 0.5, 'lr': 0.003, 'weight_decay': 0.001} | Val AUC: 0.8362
[INFO] Config 375/486: {'num_channels': [512, 512, 512], 'kernel_size': 3, 'dropout': 0.5, 'lr': 0.003, 'weight_decay': 0.01} | Val AUC: 0.8296
[INFO] Config 376/486: {'num_channels': [512, 512, 512], 'kernel_size': 3, 'dropout': 0.5, 'lr': 0.005, 'weight_decay': 0.0001} | Val AUC: 0.8320
[INFO] Config 377/486: {'num_channels': [512, 512, 512], 'kernel_size': 3, 'dropout': 0.5, 'lr': 0.005, 'weight_decay': 0.001} | Val AUC: 0.8339
[INFO] Config 378/486: {'num_channels': [512, 512, 512], 'kernel_size': 3, 'dropout': 0.5, 'lr': 0.005, 'weight_decay': 0.01} | Val AUC: 0.8322
[INFO] Config 379/486: {'num_channels': [512, 512, 512], 'kernel_size': 5, 'dropout': 0.1, 'lr': 0.001, 'weight_decay': 0.0001} | Val AUC: 0.8297
[INFO] Config 380/486: {'num_channels': [512, 512, 512], 'kernel_size': 5, 'dropout': 0.1, 'lr': 0.001, 'weight_decay': 0.001} | Val AUC: 0.8347
[INFO] Config 381/486: {'num_channels': [512, 512, 512], 'kernel_size': 5, 'dropout': 0.1, 'lr': 0.001, 'weight_decay': 0.01} | Val AUC: 0.8316
[INFO] Config 382/486: {'num_channels': [512, 512, 512], 'kernel_size': 5, 'dropout': 0.1, 'lr': 0.003, 'weight_decay': 0.0001} | Val AUC: 0.8327
[INFO] Config 383/486: {'num_channels': [512, 512, 512], 'kernel_size': 5, 'dropout': 0.1, 'lr': 0.003, 'weight_decay': 0.001} | Val AUC: 0.8337
[INFO] Config 384/486: {'num_channels': [512, 512, 512], 'kernel_size': 5, 'dropout': 0.1, 'lr': 0.003, 'weight_decay': 0.01} | Val AUC: 0.8319
[INFO] Config 385/486: {'num_channels': [512, 512, 512], 'kernel_size': 5, 'dropout': 0.1, 'lr': 0.005, 'weight_decay': 0.0001} | Val AUC: 0.8276
[INFO] Config 386/486: {'num_channels': [512, 512, 512], 'kernel_size': 5, 'dropout': 0.1, 'lr': 0.005, 'weight_decay': 0.001} | Val AUC: 0.8332
[INFO] Config 387/486: {'num_channels': [512, 512, 512], 'kernel_size': 5, 'dropout': 0.1, 'lr': 0.005, 'weight_decay': 0.01} | Val AUC: 0.8293
[INFO] Config 388/486: {'num_channels': [512, 512, 512], 'kernel_size': 5, 'dropout': 0.3, 'lr': 0.001, 'weight_decay': 0.0001} | Val AUC: 0.8300
[INFO] Config 389/486: {'num_channels': [512, 512, 512], 'kernel_size': 5, 'dropout': 0.3, 'lr': 0.001, 'weight_decay': 0.001} | Val AUC: 0.8296
[INFO] Config 390/486: {'num_channels': [512, 512, 512], 'kernel_size': 5, 'dropout': 0.3, 'lr': 0.001, 'weight_decay': 0.01} | Val AUC: 0.8307
[INFO] Config 391/486: {'num_channels': [512, 512, 512], 'kernel_size': 5, 'dropout': 0.3, 'lr': 0.003, 'weight_decay': 0.0001} | Val AUC: 0.8310
[INFO] Config 392/486: {'num_channels': [512, 512, 512], 'kernel_size': 5, 'dropout': 0.3, 'lr': 0.003, 'weight_decay': 0.001} | Val AUC: 0.8327
[INFO] Config 393/486: {'num_channels': [512, 512, 512], 'kernel_size': 5, 'dropout': 0.3, 'lr': 0.003, 'weight_decay': 0.01} | Val AUC: 0.8292
[INFO] Config 394/486: {'num_channels': [512, 512, 512], 'kernel_size': 5, 'dropout': 0.3, 'lr': 0.005, 'weight_decay': 0.0001} | Val AUC: 0.8257
[INFO] Config 395/486: {'num_channels': [512, 512, 512], 'kernel_size': 5, 'dropout': 0.3, 'lr': 0.005, 'weight_decay': 0.001} | Val AUC: 0.8256
[INFO] Config 396/486: {'num_channels': [512, 512, 512], 'kernel_size': 5, 'dropout': 0.3, 'lr': 0.005, 'weight_decay': 0.01} | Val AUC: 0.8286
[INFO] Config 397/486: {'num_channels': [512, 512, 512], 'kernel_size': 5, 'dropout': 0.5, 'lr': 0.001, 'weight_decay': 0.0001} | Val AUC: 0.8279
[INFO] Config 398/486: {'num_channels': [512, 512, 512], 'kernel_size': 5, 'dropout': 0.5, 'lr': 0.001, 'weight_decay': 0.001} | Val AUC: 0.8258
[INFO] Config 399/486: {'num_channels': [512, 512, 512], 'kernel_size': 5, 'dropout': 0.5, 'lr': 0.001, 'weight_decay': 0.01} | Val AUC: 0.8277
[INFO] Config 400/486: {'num_channels': [512, 512, 512], 'kernel_size': 5, 'dropout': 0.5, 'lr': 0.003, 'weight_decay': 0.0001} | Val AUC: 0.8256
[INFO] Config 401/486: {'num_channels': [512, 512, 512], 'kernel_size': 5, 'dropout': 0.5, 'lr': 0.003, 'weight_decay': 0.001} | Val AUC: 0.8269
[INFO] Config 402/486: {'num_channels': [512, 512, 512], 'kernel_size': 5, 'dropout': 0.5, 'lr': 0.003, 'weight_decay': 0.01} | Val AUC: 0.8263
[INFO] Config 403/486: {'num_channels': [512, 512, 512], 'kernel_size': 5, 'dropout': 0.5, 'lr': 0.005, 'weight_decay': 0.0001} | Val AUC: 0.8245
[INFO] Config 404/486: {'num_channels': [512, 512, 512], 'kernel_size': 5, 'dropout': 0.5, 'lr': 0.005, 'weight_decay': 0.001} | Val AUC: 0.8240
[INFO] Config 405/486: {'num_channels': [512, 512, 512], 'kernel_size': 5, 'dropout': 0.5, 'lr': 0.005, 'weight_decay': 0.01} | Val AUC: 0.8290
[INFO] Config 406/486: {'num_channels': [512, 1024, 1024], 'kernel_size': 2, 'dropout': 0.1, 'lr': 0.001, 'weight_decay': 0.0001} | Val AUC: 0.8413
[INFO] Config 407/486: {'num_channels': [512, 1024, 1024], 'kernel_size': 2, 'dropout': 0.1, 'lr': 0.001, 'weight_decay': 0.001} | Val AUC: 0.8400
[INFO] Config 408/486: {'num_channels': [512, 1024, 1024], 'kernel_size': 2, 'dropout': 0.1, 'lr': 0.001, 'weight_decay': 0.01} | Val AUC: 0.8400
[INFO] Config 409/486: {'num_channels': [512, 1024, 1024], 'kernel_size': 2, 'dropout': 0.1, 'lr': 0.003, 'weight_decay': 0.0001} | Val AUC: 0.8396
[INFO] Config 410/486: {'num_channels': [512, 1024, 1024], 'kernel_size': 2, 'dropout': 0.1, 'lr': 0.003, 'weight_decay': 0.001} | Val AUC: 0.8440
[INFO] Config 411/486: {'num_channels': [512, 1024, 1024], 'kernel_size': 2, 'dropout': 0.1, 'lr': 0.003, 'weight_decay': 0.01} | Val AUC: 0.8431
[INFO] Config 412/486: {'num_channels': [512, 1024, 1024], 'kernel_size': 2, 'dropout': 0.1, 'lr': 0.005, 'weight_decay': 0.0001} | Val AUC: 0.8370
[INFO] Config 413/486: {'num_channels': [512, 1024, 1024], 'kernel_size': 2, 'dropout': 0.1, 'lr': 0.005, 'weight_decay': 0.001} | Val AUC: 0.8386
[INFO] Config 414/486: {'num_channels': [512, 1024, 1024], 'kernel_size': 2, 'dropout': 0.1, 'lr': 0.005, 'weight_decay': 0.01} | Val AUC: 0.8427
[INFO] Config 415/486: {'num_channels': [512, 1024, 1024], 'kernel_size': 2, 'dropout': 0.3, 'lr': 0.001, 'weight_decay': 0.0001} | Val AUC: 0.8366
[INFO] Config 416/486: {'num_channels': [512, 1024, 1024], 'kernel_size': 2, 'dropout': 0.3, 'lr': 0.001, 'weight_decay': 0.001} | Val AUC: 0.8363
[INFO] Config 417/486: {'num_channels': [512, 1024, 1024], 'kernel_size': 2, 'dropout': 0.3, 'lr': 0.001, 'weight_decay': 0.01} | Val AUC: 0.8363
[INFO] Config 418/486: {'num_channels': [512, 1024, 1024], 'kernel_size': 2, 'dropout': 0.3, 'lr': 0.003, 'weight_decay': 0.0001} | Val AUC: 0.8369
[INFO] Config 419/486: {'num_channels': [512, 1024, 1024], 'kernel_size': 2, 'dropout': 0.3, 'lr': 0.003, 'weight_decay': 0.001} | Val AUC: 0.8407
[INFO] Config 420/486: {'num_channels': [512, 1024, 1024], 'kernel_size': 2, 'dropout': 0.3, 'lr': 0.003, 'weight_decay': 0.01} | Val AUC: 0.8426
[INFO] Config 421/486: {'num_channels': [512, 1024, 1024], 'kernel_size': 2, 'dropout': 0.3, 'lr': 0.005, 'weight_decay': 0.0001} | Val AUC: 0.8408
[INFO] Config 422/486: {'num_channels': [512, 1024, 1024], 'kernel_size': 2, 'dropout': 0.3, 'lr': 0.005, 'weight_decay': 0.001} | Val AUC: 0.8405
[INFO] Config 423/486: {'num_channels': [512, 1024, 1024], 'kernel_size': 2, 'dropout': 0.3, 'lr': 0.005, 'weight_decay': 0.01} | Val AUC: 0.8347
[INFO] Config 424/486: {'num_channels': [512, 1024, 1024], 'kernel_size': 2, 'dropout': 0.5, 'lr': 0.001, 'weight_decay': 0.0001} | Val AUC: 0.8329
[INFO] Config 425/486: {'num_channels': [512, 1024, 1024], 'kernel_size': 2, 'dropout': 0.5, 'lr': 0.001, 'weight_decay': 0.001} | Val AUC: 0.8331
[INFO] Config 426/486: {'num_channels': [512, 1024, 1024], 'kernel_size': 2, 'dropout': 0.5, 'lr': 0.001, 'weight_decay': 0.01} | Val AUC: 0.8349
[INFO] Config 427/486: {'num_channels': [512, 1024, 1024], 'kernel_size': 2, 'dropout': 0.5, 'lr': 0.003, 'weight_decay': 0.0001} | Val AUC: 0.8390
[INFO] Config 428/486: {'num_channels': [512, 1024, 1024], 'kernel_size': 2, 'dropout': 0.5, 'lr': 0.003, 'weight_decay': 0.001} | Val AUC: 0.8376
[INFO] Config 429/486: {'num_channels': [512, 1024, 1024], 'kernel_size': 2, 'dropout': 0.5, 'lr': 0.003, 'weight_decay': 0.01} | Val AUC: 0.8366
[INFO] Config 430/486: {'num_channels': [512, 1024, 1024], 'kernel_size': 2, 'dropout': 0.5, 'lr': 0.005, 'weight_decay': 0.0001} | Val AUC: 0.8375
[INFO] Config 431/486: {'num_channels': [512, 1024, 1024], 'kernel_size': 2, 'dropout': 0.5, 'lr': 0.005, 'weight_decay': 0.001} | Val AUC: 0.8373
[INFO] Config 432/486: {'num_channels': [512, 1024, 1024], 'kernel_size': 2, 'dropout': 0.5, 'lr': 0.005, 'weight_decay': 0.01} | Val AUC: 0.8399
[INFO] Config 433/486: {'num_channels': [512, 1024, 1024], 'kernel_size': 3, 'dropout': 0.1, 'lr': 0.001, 'weight_decay': 0.0001} | Val AUC: 0.8324
[INFO] Config 434/486: {'num_channels': [512, 1024, 1024], 'kernel_size': 3, 'dropout': 0.1, 'lr': 0.001, 'weight_decay': 0.001} | Val AUC: 0.8339
[INFO] Config 435/486: {'num_channels': [512, 1024, 1024], 'kernel_size': 3, 'dropout': 0.1, 'lr': 0.001, 'weight_decay': 0.01} | Val AUC: 0.8361
[INFO] Config 436/486: {'num_channels': [512, 1024, 1024], 'kernel_size': 3, 'dropout': 0.1, 'lr': 0.003, 'weight_decay': 0.0001} | Val AUC: 0.8405
[INFO] Config 437/486: {'num_channels': [512, 1024, 1024], 'kernel_size': 3, 'dropout': 0.1, 'lr': 0.003, 'weight_decay': 0.001} | Val AUC: 0.8372
[INFO] Config 438/486: {'num_channels': [512, 1024, 1024], 'kernel_size': 3, 'dropout': 0.1, 'lr': 0.003, 'weight_decay': 0.01} | Val AUC: 0.8363
[INFO] Config 439/486: {'num_channels': [512, 1024, 1024], 'kernel_size': 3, 'dropout': 0.1, 'lr': 0.005, 'weight_decay': 0.0001} | Val AUC: 0.8368
[INFO] Config 440/486: {'num_channels': [512, 1024, 1024], 'kernel_size': 3, 'dropout': 0.1, 'lr': 0.005, 'weight_decay': 0.001} | Val AUC: 0.8345
[INFO] Config 441/486: {'num_channels': [512, 1024, 1024], 'kernel_size': 3, 'dropout': 0.1, 'lr': 0.005, 'weight_decay': 0.01} | Val AUC: 0.8367
[INFO] Config 442/486: {'num_channels': [512, 1024, 1024], 'kernel_size': 3, 'dropout': 0.3, 'lr': 0.001, 'weight_decay': 0.0001} | Val AUC: 0.8338
[INFO] Config 443/486: {'num_channels': [512, 1024, 1024], 'kernel_size': 3, 'dropout': 0.3, 'lr': 0.001, 'weight_decay': 0.001} | Val AUC: 0.8338
[INFO] Config 444/486: {'num_channels': [512, 1024, 1024], 'kernel_size': 3, 'dropout': 0.3, 'lr': 0.001, 'weight_decay': 0.01} | Val AUC: 0.8296
[INFO] Config 445/486: {'num_channels': [512, 1024, 1024], 'kernel_size': 3, 'dropout': 0.3, 'lr': 0.003, 'weight_decay': 0.0001} | Val AUC: 0.8351
[INFO] Config 446/486: {'num_channels': [512, 1024, 1024], 'kernel_size': 3, 'dropout': 0.3, 'lr': 0.003, 'weight_decay': 0.001} | Val AUC: 0.8374
[INFO] Config 447/486: {'num_channels': [512, 1024, 1024], 'kernel_size': 3, 'dropout': 0.3, 'lr': 0.003, 'weight_decay': 0.01} | Val AUC: 0.8390
[INFO] Config 448/486: {'num_channels': [512, 1024, 1024], 'kernel_size': 3, 'dropout': 0.3, 'lr': 0.005, 'weight_decay': 0.0001} | Val AUC: 0.8303
[INFO] Config 449/486: {'num_channels': [512, 1024, 1024], 'kernel_size': 3, 'dropout': 0.3, 'lr': 0.005, 'weight_decay': 0.001} | Val AUC: 0.8326
[INFO] Config 450/486: {'num_channels': [512, 1024, 1024], 'kernel_size': 3, 'dropout': 0.3, 'lr': 0.005, 'weight_decay': 0.01} | Val AUC: 0.8390
[INFO] Config 451/486: {'num_channels': [512, 1024, 1024], 'kernel_size': 3, 'dropout': 0.5, 'lr': 0.001, 'weight_decay': 0.0001} | Val AUC: 0.8263
[INFO] Config 452/486: {'num_channels': [512, 1024, 1024], 'kernel_size': 3, 'dropout': 0.5, 'lr': 0.001, 'weight_decay': 0.001} | Val AUC: 0.8247
[INFO] Config 453/486: {'num_channels': [512, 1024, 1024], 'kernel_size': 3, 'dropout': 0.5, 'lr': 0.001, 'weight_decay': 0.01} | Val AUC: 0.8291
[INFO] Config 454/486: {'num_channels': [512, 1024, 1024], 'kernel_size': 3, 'dropout': 0.5, 'lr': 0.003, 'weight_decay': 0.0001} | Val AUC: 0.8289
[INFO] Config 455/486: {'num_channels': [512, 1024, 1024], 'kernel_size': 3, 'dropout': 0.5, 'lr': 0.003, 'weight_decay': 0.001} | Val AUC: 0.8312
[INFO] Config 456/486: {'num_channels': [512, 1024, 1024], 'kernel_size': 3, 'dropout': 0.5, 'lr': 0.003, 'weight_decay': 0.01} | Val AUC: 0.8317
[INFO] Config 457/486: {'num_channels': [512, 1024, 1024], 'kernel_size': 3, 'dropout': 0.5, 'lr': 0.005, 'weight_decay': 0.0001} | Val AUC: 0.8315
[INFO] Config 458/486: {'num_channels': [512, 1024, 1024], 'kernel_size': 3, 'dropout': 0.5, 'lr': 0.005, 'weight_decay': 0.001} | Val AUC: 0.8345
[INFO] Config 459/486: {'num_channels': [512, 1024, 1024], 'kernel_size': 3, 'dropout': 0.5, 'lr': 0.005, 'weight_decay': 0.01} | Val AUC: 0.8291
[INFO] Config 460/486: {'num_channels': [512, 1024, 1024], 'kernel_size': 5, 'dropout': 0.1, 'lr': 0.001, 'weight_decay': 0.0001} | Val AUC: 0.8332
[INFO] Config 461/486: {'num_channels': [512, 1024, 1024], 'kernel_size': 5, 'dropout': 0.1, 'lr': 0.001, 'weight_decay': 0.001} | Val AUC: 0.8313
[INFO] Config 462/486: {'num_channels': [512, 1024, 1024], 'kernel_size': 5, 'dropout': 0.1, 'lr': 0.001, 'weight_decay': 0.01} | Val AUC: 0.8318
[INFO] Config 463/486: {'num_channels': [512, 1024, 1024], 'kernel_size': 5, 'dropout': 0.1, 'lr': 0.003, 'weight_decay': 0.0001} | Val AUC: 0.8278
[INFO] Config 464/486: {'num_channels': [512, 1024, 1024], 'kernel_size': 5, 'dropout': 0.1, 'lr': 0.003, 'weight_decay': 0.001} | Val AUC: 0.8310
[INFO] Config 465/486: {'num_channels': [512, 1024, 1024], 'kernel_size': 5, 'dropout': 0.1, 'lr': 0.003, 'weight_decay': 0.01} | Val AUC: 0.8350
[INFO] Config 466/486: {'num_channels': [512, 1024, 1024], 'kernel_size': 5, 'dropout': 0.1, 'lr': 0.005, 'weight_decay': 0.0001} | Val AUC: 0.8283
[INFO] Config 467/486: {'num_channels': [512, 1024, 1024], 'kernel_size': 5, 'dropout': 0.1, 'lr': 0.005, 'weight_decay': 0.001} | Val AUC: 0.8329
[INFO] Config 468/486: {'num_channels': [512, 1024, 1024], 'kernel_size': 5, 'dropout': 0.1, 'lr': 0.005, 'weight_decay': 0.01} | Val AUC: 0.8266
[INFO] Config 469/486: {'num_channels': [512, 1024, 1024], 'kernel_size': 5, 'dropout': 0.3, 'lr': 0.001, 'weight_decay': 0.0001} | Val AUC: 0.8258
[INFO] Config 470/486: {'num_channels': [512, 1024, 1024], 'kernel_size': 5, 'dropout': 0.3, 'lr': 0.001, 'weight_decay': 0.001} | Val AUC: 0.8340
[INFO] Config 471/486: {'num_channels': [512, 1024, 1024], 'kernel_size': 5, 'dropout': 0.3, 'lr': 0.001, 'weight_decay': 0.01} | Val AUC: 0.8264
[INFO] Config 472/486: {'num_channels': [512, 1024, 1024], 'kernel_size': 5, 'dropout': 0.3, 'lr': 0.003, 'weight_decay': 0.0001} | Val AUC: 0.8297
[INFO] Config 473/486: {'num_channels': [512, 1024, 1024], 'kernel_size': 5, 'dropout': 0.3, 'lr': 0.003, 'weight_decay': 0.001} | Val AUC: 0.8319
[INFO] Config 474/486: {'num_channels': [512, 1024, 1024], 'kernel_size': 5, 'dropout': 0.3, 'lr': 0.003, 'weight_decay': 0.01} | Val AUC: 0.8283
[INFO] Config 475/486: {'num_channels': [512, 1024, 1024], 'kernel_size': 5, 'dropout': 0.3, 'lr': 0.005, 'weight_decay': 0.0001} | Val AUC: 0.8247
[INFO] Config 476/486: {'num_channels': [512, 1024, 1024], 'kernel_size': 5, 'dropout': 0.3, 'lr': 0.005, 'weight_decay': 0.001} | Val AUC: 0.8245
[INFO] Config 477/486: {'num_channels': [512, 1024, 1024], 'kernel_size': 5, 'dropout': 0.3, 'lr': 0.005, 'weight_decay': 0.01} | Val AUC: 0.8304
[INFO] Config 478/486: {'num_channels': [512, 1024, 1024], 'kernel_size': 5, 'dropout': 0.5, 'lr': 0.001, 'weight_decay': 0.0001} | Val AUC: 0.8213
[INFO] Config 479/486: {'num_channels': [512, 1024, 1024], 'kernel_size': 5, 'dropout': 0.5, 'lr': 0.001, 'weight_decay': 0.001} | Val AUC: 0.8239
[INFO] Config 480/486: {'num_channels': [512, 1024, 1024], 'kernel_size': 5, 'dropout': 0.5, 'lr': 0.001, 'weight_decay': 0.01} | Val AUC: 0.8263
[INFO] Config 481/486: {'num_channels': [512, 1024, 1024], 'kernel_size': 5, 'dropout': 0.5, 'lr': 0.003, 'weight_decay': 0.0001} | Val AUC: 0.8298
[INFO] Config 482/486: {'num_channels': [512, 1024, 1024], 'kernel_size': 5, 'dropout': 0.5, 'lr': 0.003, 'weight_decay': 0.001} | Val AUC: 0.8262
[INFO] Config 483/486: {'num_channels': [512, 1024, 1024], 'kernel_size': 5, 'dropout': 0.5, 'lr': 0.003, 'weight_decay': 0.01} | Val AUC: 0.8266
[INFO] Config 484/486: {'num_channels': [512, 1024, 1024], 'kernel_size': 5, 'dropout': 0.5, 'lr': 0.005, 'weight_decay': 0.0001} | Val AUC: 0.8246
[INFO] Config 485/486: {'num_channels': [512, 1024, 1024], 'kernel_size': 5, 'dropout': 0.5, 'lr': 0.005, 'weight_decay': 0.001} | Val AUC: 0.8160
[INFO] Config 486/486: {'num_channels': [512, 1024, 1024], 'kernel_size': 5, 'dropout': 0.5, 'lr': 0.005, 'weight_decay': 0.01} | Val AUC: 0.8246
[INFO] Selected Best TCN Config: {'num_channels': [512, 512, 512], 'kernel_size': 2, 'dropout': 0.1, 'lr': 0.001, 'weight_decay': 0.01} (Val AUC: 0.8450)
[INFO] Tuning BetaLikelihood configurations (n_iter=180)...
[INFO] Config 1/180: {'hidden_dim': 128, 'eta': 0.0, 'lr': 0.001, 'weight_decay': 1e-05} | Val AUC: 0.8069
[INFO] Config 2/180: {'hidden_dim': 128, 'eta': 0.0, 'lr': 0.001, 'weight_decay': 0.0001} | Val AUC: 0.8033
[INFO] Config 3/180: {'hidden_dim': 128, 'eta': 0.0, 'lr': 0.001, 'weight_decay': 0.001} | Val AUC: 0.8074
[INFO] Config 4/180: {'hidden_dim': 128, 'eta': 0.0, 'lr': 0.003, 'weight_decay': 1e-05} | Val AUC: 0.8208
[INFO] Config 5/180: {'hidden_dim': 128, 'eta': 0.0, 'lr': 0.003, 'weight_decay': 0.0001} | Val AUC: 0.8220
[INFO] Config 6/180: {'hidden_dim': 128, 'eta': 0.0, 'lr': 0.003, 'weight_decay': 0.001} | Val AUC: 0.8196
[INFO] Config 7/180: {'hidden_dim': 128, 'eta': 0.0, 'lr': 0.005, 'weight_decay': 1e-05} | Val AUC: 0.8245
[INFO] Config 8/180: {'hidden_dim': 128, 'eta': 0.0, 'lr': 0.005, 'weight_decay': 0.0001} | Val AUC: 0.8277
[INFO] Config 9/180: {'hidden_dim': 128, 'eta': 0.0, 'lr': 0.005, 'weight_decay': 0.001} | Val AUC: 0.8264
[INFO] Config 10/180: {'hidden_dim': 128, 'eta': 0.05, 'lr': 0.001, 'weight_decay': 1e-05} | Val AUC: 0.8040
[INFO] Config 11/180: {'hidden_dim': 128, 'eta': 0.05, 'lr': 0.001, 'weight_decay': 0.0001} | Val AUC: 0.8060
[INFO] Config 12/180: {'hidden_dim': 128, 'eta': 0.05, 'lr': 0.001, 'weight_decay': 0.001} | Val AUC: 0.8090
[INFO] Config 13/180: {'hidden_dim': 128, 'eta': 0.05, 'lr': 0.003, 'weight_decay': 1e-05} | Val AUC: 0.8215
[INFO] Config 14/180: {'hidden_dim': 128, 'eta': 0.05, 'lr': 0.003, 'weight_decay': 0.0001} | Val AUC: 0.8207
[INFO] Config 15/180: {'hidden_dim': 128, 'eta': 0.05, 'lr': 0.003, 'weight_decay': 0.001} | Val AUC: 0.8255
[INFO] Config 16/180: {'hidden_dim': 128, 'eta': 0.05, 'lr': 0.005, 'weight_decay': 1e-05} | Val AUC: 0.8258
[INFO] Config 17/180: {'hidden_dim': 128, 'eta': 0.05, 'lr': 0.005, 'weight_decay': 0.0001} | Val AUC: 0.8245
[INFO] Config 18/180: {'hidden_dim': 128, 'eta': 0.05, 'lr': 0.005, 'weight_decay': 0.001} | Val AUC: 0.8255
[INFO] Config 19/180: {'hidden_dim': 128, 'eta': 0.1, 'lr': 0.001, 'weight_decay': 1e-05} | Val AUC: 0.8046
[INFO] Config 20/180: {'hidden_dim': 128, 'eta': 0.1, 'lr': 0.001, 'weight_decay': 0.0001} | Val AUC: 0.8043
[INFO] Config 21/180: {'hidden_dim': 128, 'eta': 0.1, 'lr': 0.001, 'weight_decay': 0.001} | Val AUC: 0.8094
[INFO] Config 22/180: {'hidden_dim': 128, 'eta': 0.1, 'lr': 0.003, 'weight_decay': 1e-05} | Val AUC: 0.8198
[INFO] Config 23/180: {'hidden_dim': 128, 'eta': 0.1, 'lr': 0.003, 'weight_decay': 0.0001} | Val AUC: 0.8233
[INFO] Config 24/180: {'hidden_dim': 128, 'eta': 0.1, 'lr': 0.003, 'weight_decay': 0.001} | Val AUC: 0.8210
[INFO] Config 25/180: {'hidden_dim': 128, 'eta': 0.1, 'lr': 0.005, 'weight_decay': 1e-05} | Val AUC: 0.8253
[INFO] Config 26/180: {'hidden_dim': 128, 'eta': 0.1, 'lr': 0.005, 'weight_decay': 0.0001} | Val AUC: 0.8249
[INFO] Config 27/180: {'hidden_dim': 128, 'eta': 0.1, 'lr': 0.005, 'weight_decay': 0.001} | Val AUC: 0.8278
[INFO] Config 28/180: {'hidden_dim': 128, 'eta': 0.2, 'lr': 0.001, 'weight_decay': 1e-05} | Val AUC: 0.8068
[INFO] Config 29/180: {'hidden_dim': 128, 'eta': 0.2, 'lr': 0.001, 'weight_decay': 0.0001} | Val AUC: 0.8070
[INFO] Config 30/180: {'hidden_dim': 128, 'eta': 0.2, 'lr': 0.001, 'weight_decay': 0.001} | Val AUC: 0.8065
[INFO] Config 31/180: {'hidden_dim': 128, 'eta': 0.2, 'lr': 0.003, 'weight_decay': 1e-05} | Val AUC: 0.8238
[INFO] Config 32/180: {'hidden_dim': 128, 'eta': 0.2, 'lr': 0.003, 'weight_decay': 0.0001} | Val AUC: 0.8224
[INFO] Config 33/180: {'hidden_dim': 128, 'eta': 0.2, 'lr': 0.003, 'weight_decay': 0.001} | Val AUC: 0.8228
[INFO] Config 34/180: {'hidden_dim': 128, 'eta': 0.2, 'lr': 0.005, 'weight_decay': 1e-05} | Val AUC: 0.8260
[INFO] Config 35/180: {'hidden_dim': 128, 'eta': 0.2, 'lr': 0.005, 'weight_decay': 0.0001} | Val AUC: 0.8277
[INFO] Config 36/180: {'hidden_dim': 128, 'eta': 0.2, 'lr': 0.005, 'weight_decay': 0.001} | Val AUC: 0.8287
[INFO] Config 37/180: {'hidden_dim': 128, 'eta': 0.5, 'lr': 0.001, 'weight_decay': 1e-05} | Val AUC: 0.8072
[INFO] Config 38/180: {'hidden_dim': 128, 'eta': 0.5, 'lr': 0.001, 'weight_decay': 0.0001} | Val AUC: 0.8056
[INFO] Config 39/180: {'hidden_dim': 128, 'eta': 0.5, 'lr': 0.001, 'weight_decay': 0.001} | Val AUC: 0.8023
[INFO] Config 40/180: {'hidden_dim': 128, 'eta': 0.5, 'lr': 0.003, 'weight_decay': 1e-05} | Val AUC: 0.8244
[INFO] Config 41/180: {'hidden_dim': 128, 'eta': 0.5, 'lr': 0.003, 'weight_decay': 0.0001} | Val AUC: 0.8244
[INFO] Config 42/180: {'hidden_dim': 128, 'eta': 0.5, 'lr': 0.003, 'weight_decay': 0.001} | Val AUC: 0.8227
[INFO] Config 43/180: {'hidden_dim': 128, 'eta': 0.5, 'lr': 0.005, 'weight_decay': 1e-05} | Val AUC: 0.8273
[INFO] Config 44/180: {'hidden_dim': 128, 'eta': 0.5, 'lr': 0.005, 'weight_decay': 0.0001} | Val AUC: 0.8279
[INFO] Config 45/180: {'hidden_dim': 128, 'eta': 0.5, 'lr': 0.005, 'weight_decay': 0.001} | Val AUC: 0.8290
[INFO] Config 46/180: {'hidden_dim': 256, 'eta': 0.0, 'lr': 0.001, 'weight_decay': 1e-05} | Val AUC: 0.8132
[INFO] Config 47/180: {'hidden_dim': 256, 'eta': 0.0, 'lr': 0.001, 'weight_decay': 0.0001} | Val AUC: 0.8131
[INFO] Config 48/180: {'hidden_dim': 256, 'eta': 0.0, 'lr': 0.001, 'weight_decay': 0.001} | Val AUC: 0.8106
[INFO] Config 49/180: {'hidden_dim': 256, 'eta': 0.0, 'lr': 0.003, 'weight_decay': 1e-05} | Val AUC: 0.8245
[INFO] Config 50/180: {'hidden_dim': 256, 'eta': 0.0, 'lr': 0.003, 'weight_decay': 0.0001} | Val AUC: 0.8245
[INFO] Config 51/180: {'hidden_dim': 256, 'eta': 0.0, 'lr': 0.003, 'weight_decay': 0.001} | Val AUC: 0.8237
[INFO] Config 52/180: {'hidden_dim': 256, 'eta': 0.0, 'lr': 0.005, 'weight_decay': 1e-05} | Val AUC: 0.8279
[INFO] Config 53/180: {'hidden_dim': 256, 'eta': 0.0, 'lr': 0.005, 'weight_decay': 0.0001} | Val AUC: 0.8270
[INFO] Config 54/180: {'hidden_dim': 256, 'eta': 0.0, 'lr': 0.005, 'weight_decay': 0.001} | Val AUC: 0.8292
[INFO] Config 55/180: {'hidden_dim': 256, 'eta': 0.05, 'lr': 0.001, 'weight_decay': 1e-05} | Val AUC: 0.8118
[INFO] Config 56/180: {'hidden_dim': 256, 'eta': 0.05, 'lr': 0.001, 'weight_decay': 0.0001} | Val AUC: 0.8125
[INFO] Config 57/180: {'hidden_dim': 256, 'eta': 0.05, 'lr': 0.001, 'weight_decay': 0.001} | Val AUC: 0.8129
[INFO] Config 58/180: {'hidden_dim': 256, 'eta': 0.05, 'lr': 0.003, 'weight_decay': 1e-05} | Val AUC: 0.8240
[INFO] Config 59/180: {'hidden_dim': 256, 'eta': 0.05, 'lr': 0.003, 'weight_decay': 0.0001} | Val AUC: 0.8237
[INFO] Config 60/180: {'hidden_dim': 256, 'eta': 0.05, 'lr': 0.003, 'weight_decay': 0.001} | Val AUC: 0.8244
[INFO] Config 61/180: {'hidden_dim': 256, 'eta': 0.05, 'lr': 0.005, 'weight_decay': 1e-05} | Val AUC: 0.8275
[INFO] Config 62/180: {'hidden_dim': 256, 'eta': 0.05, 'lr': 0.005, 'weight_decay': 0.0001} | Val AUC: 0.8283
[INFO] Config 63/180: {'hidden_dim': 256, 'eta': 0.05, 'lr': 0.005, 'weight_decay': 0.001} | Val AUC: 0.8262
[INFO] Config 64/180: {'hidden_dim': 256, 'eta': 0.1, 'lr': 0.001, 'weight_decay': 1e-05} | Val AUC: 0.8123
[INFO] Config 65/180: {'hidden_dim': 256, 'eta': 0.1, 'lr': 0.001, 'weight_decay': 0.0001} | Val AUC: 0.8109
[INFO] Config 66/180: {'hidden_dim': 256, 'eta': 0.1, 'lr': 0.001, 'weight_decay': 0.001} | Val AUC: 0.8100
[INFO] Config 67/180: {'hidden_dim': 256, 'eta': 0.1, 'lr': 0.003, 'weight_decay': 1e-05} | Val AUC: 0.8247
[INFO] Config 68/180: {'hidden_dim': 256, 'eta': 0.1, 'lr': 0.003, 'weight_decay': 0.0001} | Val AUC: 0.8251
[INFO] Config 69/180: {'hidden_dim': 256, 'eta': 0.1, 'lr': 0.003, 'weight_decay': 0.001} | Val AUC: 0.8271
[INFO] Config 70/180: {'hidden_dim': 256, 'eta': 0.1, 'lr': 0.005, 'weight_decay': 1e-05} | Val AUC: 0.8293
[INFO] Config 71/180: {'hidden_dim': 256, 'eta': 0.1, 'lr': 0.005, 'weight_decay': 0.0001} | Val AUC: 0.8265
[INFO] Config 72/180: {'hidden_dim': 256, 'eta': 0.1, 'lr': 0.005, 'weight_decay': 0.001} | Val AUC: 0.8291
[INFO] Config 73/180: {'hidden_dim': 256, 'eta': 0.2, 'lr': 0.001, 'weight_decay': 1e-05} | Val AUC: 0.8133
[INFO] Config 74/180: {'hidden_dim': 256, 'eta': 0.2, 'lr': 0.001, 'weight_decay': 0.0001} | Val AUC: 0.8104
[INFO] Config 75/180: {'hidden_dim': 256, 'eta': 0.2, 'lr': 0.001, 'weight_decay': 0.001} | Val AUC: 0.8134
[INFO] Config 76/180: {'hidden_dim': 256, 'eta': 0.2, 'lr': 0.003, 'weight_decay': 1e-05} | Val AUC: 0.8250
[INFO] Config 77/180: {'hidden_dim': 256, 'eta': 0.2, 'lr': 0.003, 'weight_decay': 0.0001} | Val AUC: 0.8254
[INFO] Config 78/180: {'hidden_dim': 256, 'eta': 0.2, 'lr': 0.003, 'weight_decay': 0.001} | Val AUC: 0.8239
[INFO] Config 79/180: {'hidden_dim': 256, 'eta': 0.2, 'lr': 0.005, 'weight_decay': 1e-05} | Val AUC: 0.8284
[INFO] Config 80/180: {'hidden_dim': 256, 'eta': 0.2, 'lr': 0.005, 'weight_decay': 0.0001} | Val AUC: 0.8316
[INFO] Config 81/180: {'hidden_dim': 256, 'eta': 0.2, 'lr': 0.005, 'weight_decay': 0.001} | Val AUC: 0.8290
[INFO] Config 82/180: {'hidden_dim': 256, 'eta': 0.5, 'lr': 0.001, 'weight_decay': 1e-05} | Val AUC: 0.8120
[INFO] Config 83/180: {'hidden_dim': 256, 'eta': 0.5, 'lr': 0.001, 'weight_decay': 0.0001} | Val AUC: 0.8112
[INFO] Config 84/180: {'hidden_dim': 256, 'eta': 0.5, 'lr': 0.001, 'weight_decay': 0.001} | Val AUC: 0.8120
[INFO] Config 85/180: {'hidden_dim': 256, 'eta': 0.5, 'lr': 0.003, 'weight_decay': 1e-05} | Val AUC: 0.8260
[INFO] Config 86/180: {'hidden_dim': 256, 'eta': 0.5, 'lr': 0.003, 'weight_decay': 0.0001} | Val AUC: 0.8265
[INFO] Config 87/180: {'hidden_dim': 256, 'eta': 0.5, 'lr': 0.003, 'weight_decay': 0.001} | Val AUC: 0.8278
[INFO] Config 88/180: {'hidden_dim': 256, 'eta': 0.5, 'lr': 0.005, 'weight_decay': 1e-05} | Val AUC: 0.8289
[INFO] Config 89/180: {'hidden_dim': 256, 'eta': 0.5, 'lr': 0.005, 'weight_decay': 0.0001} | Val AUC: 0.8310
[INFO] Config 90/180: {'hidden_dim': 256, 'eta': 0.5, 'lr': 0.005, 'weight_decay': 0.001} | Val AUC: 0.8301
[INFO] Config 91/180: {'hidden_dim': 512, 'eta': 0.0, 'lr': 0.001, 'weight_decay': 1e-05} | Val AUC: 0.8166
[INFO] Config 92/180: {'hidden_dim': 512, 'eta': 0.0, 'lr': 0.001, 'weight_decay': 0.0001} | Val AUC: 0.8176
[INFO] Config 93/180: {'hidden_dim': 512, 'eta': 0.0, 'lr': 0.001, 'weight_decay': 0.001} | Val AUC: 0.8162
[INFO] Config 94/180: {'hidden_dim': 512, 'eta': 0.0, 'lr': 0.003, 'weight_decay': 1e-05} | Val AUC: 0.8231
[INFO] Config 95/180: {'hidden_dim': 512, 'eta': 0.0, 'lr': 0.003, 'weight_decay': 0.0001} | Val AUC: 0.8239
[INFO] Config 96/180: {'hidden_dim': 512, 'eta': 0.0, 'lr': 0.003, 'weight_decay': 0.001} | Val AUC: 0.8251
[INFO] Config 97/180: {'hidden_dim': 512, 'eta': 0.0, 'lr': 0.005, 'weight_decay': 1e-05} | Val AUC: 0.8261
[INFO] Config 98/180: {'hidden_dim': 512, 'eta': 0.0, 'lr': 0.005, 'weight_decay': 0.0001} | Val AUC: 0.8225
[INFO] Config 99/180: {'hidden_dim': 512, 'eta': 0.0, 'lr': 0.005, 'weight_decay': 0.001} | Val AUC: 0.8246
[INFO] Config 100/180: {'hidden_dim': 512, 'eta': 0.05, 'lr': 0.001, 'weight_decay': 1e-05} | Val AUC: 0.8158
[INFO] Config 101/180: {'hidden_dim': 512, 'eta': 0.05, 'lr': 0.001, 'weight_decay': 0.0001} | Val AUC: 0.8158
[INFO] Config 102/180: {'hidden_dim': 512, 'eta': 0.05, 'lr': 0.001, 'weight_decay': 0.001} | Val AUC: 0.8148
[INFO] Config 103/180: {'hidden_dim': 512, 'eta': 0.05, 'lr': 0.003, 'weight_decay': 1e-05} | Val AUC: 0.8251
[INFO] Config 104/180: {'hidden_dim': 512, 'eta': 0.05, 'lr': 0.003, 'weight_decay': 0.0001} | Val AUC: 0.8242
[INFO] Config 105/180: {'hidden_dim': 512, 'eta': 0.05, 'lr': 0.003, 'weight_decay': 0.001} | Val AUC: 0.8244
[INFO] Config 106/180: {'hidden_dim': 512, 'eta': 0.05, 'lr': 0.005, 'weight_decay': 1e-05} | Val AUC: 0.8259
[INFO] Config 107/180: {'hidden_dim': 512, 'eta': 0.05, 'lr': 0.005, 'weight_decay': 0.0001} | Val AUC: 0.8242
[INFO] Config 108/180: {'hidden_dim': 512, 'eta': 0.05, 'lr': 0.005, 'weight_decay': 0.001} | Val AUC: 0.8251
[INFO] Config 109/180: {'hidden_dim': 512, 'eta': 0.1, 'lr': 0.001, 'weight_decay': 1e-05} | Val AUC: 0.8145
[INFO] Config 110/180: {'hidden_dim': 512, 'eta': 0.1, 'lr': 0.001, 'weight_decay': 0.0001} | Val AUC: 0.8159
[INFO] Config 111/180: {'hidden_dim': 512, 'eta': 0.1, 'lr': 0.001, 'weight_decay': 0.001} | Val AUC: 0.8149
[INFO] Config 112/180: {'hidden_dim': 512, 'eta': 0.1, 'lr': 0.003, 'weight_decay': 1e-05} | Val AUC: 0.8246
[INFO] Config 113/180: {'hidden_dim': 512, 'eta': 0.1, 'lr': 0.003, 'weight_decay': 0.0001} | Val AUC: 0.8229
[INFO] Config 114/180: {'hidden_dim': 512, 'eta': 0.1, 'lr': 0.003, 'weight_decay': 0.001} | Val AUC: 0.8264
[INFO] Config 115/180: {'hidden_dim': 512, 'eta': 0.1, 'lr': 0.005, 'weight_decay': 1e-05} | Val AUC: 0.8261
[INFO] Config 116/180: {'hidden_dim': 512, 'eta': 0.1, 'lr': 0.005, 'weight_decay': 0.0001} | Val AUC: 0.8249
[INFO] Config 117/180: {'hidden_dim': 512, 'eta': 0.1, 'lr': 0.005, 'weight_decay': 0.001} | Val AUC: 0.8281
[INFO] Config 118/180: {'hidden_dim': 512, 'eta': 0.2, 'lr': 0.001, 'weight_decay': 1e-05} | Val AUC: 0.8148
[INFO] Config 119/180: {'hidden_dim': 512, 'eta': 0.2, 'lr': 0.001, 'weight_decay': 0.0001} | Val AUC: 0.8157
[INFO] Config 120/180: {'hidden_dim': 512, 'eta': 0.2, 'lr': 0.001, 'weight_decay': 0.001} | Val AUC: 0.8166
[INFO] Config 121/180: {'hidden_dim': 512, 'eta': 0.2, 'lr': 0.003, 'weight_decay': 1e-05} | Val AUC: 0.8248
[INFO] Config 122/180: {'hidden_dim': 512, 'eta': 0.2, 'lr': 0.003, 'weight_decay': 0.0001} | Val AUC: 0.8247
[INFO] Config 123/180: {'hidden_dim': 512, 'eta': 0.2, 'lr': 0.003, 'weight_decay': 0.001} | Val AUC: 0.8267
[INFO] Config 124/180: {'hidden_dim': 512, 'eta': 0.2, 'lr': 0.005, 'weight_decay': 1e-05} | Val AUC: 0.8284
[INFO] Config 125/180: {'hidden_dim': 512, 'eta': 0.2, 'lr': 0.005, 'weight_decay': 0.0001} | Val AUC: 0.8261
[INFO] Config 126/180: {'hidden_dim': 512, 'eta': 0.2, 'lr': 0.005, 'weight_decay': 0.001} | Val AUC: 0.8277
[INFO] Config 127/180: {'hidden_dim': 512, 'eta': 0.5, 'lr': 0.001, 'weight_decay': 1e-05} | Val AUC: 0.8169
[INFO] Config 128/180: {'hidden_dim': 512, 'eta': 0.5, 'lr': 0.001, 'weight_decay': 0.0001} | Val AUC: 0.8145
[INFO] Config 129/180: {'hidden_dim': 512, 'eta': 0.5, 'lr': 0.001, 'weight_decay': 0.001} | Val AUC: 0.8174
[INFO] Config 130/180: {'hidden_dim': 512, 'eta': 0.5, 'lr': 0.003, 'weight_decay': 1e-05} | Val AUC: 0.8279
[INFO] Config 131/180: {'hidden_dim': 512, 'eta': 0.5, 'lr': 0.003, 'weight_decay': 0.0001} | Val AUC: 0.8274
[INFO] Config 132/180: {'hidden_dim': 512, 'eta': 0.5, 'lr': 0.003, 'weight_decay': 0.001} | Val AUC: 0.8283
[INFO] Config 133/180: {'hidden_dim': 512, 'eta': 0.5, 'lr': 0.005, 'weight_decay': 1e-05} | Val AUC: 0.8296
[INFO] Config 134/180: {'hidden_dim': 512, 'eta': 0.5, 'lr': 0.005, 'weight_decay': 0.0001} | Val AUC: 0.8291
[INFO] Config 135/180: {'hidden_dim': 512, 'eta': 0.5, 'lr': 0.005, 'weight_decay': 0.001} | Val AUC: 0.8280
[INFO] Config 136/180: {'hidden_dim': 1024, 'eta': 0.0, 'lr': 0.001, 'weight_decay': 1e-05} | Val AUC: 0.8184
[INFO] Config 137/180: {'hidden_dim': 1024, 'eta': 0.0, 'lr': 0.001, 'weight_decay': 0.0001} | Val AUC: 0.8176
[INFO] Config 138/180: {'hidden_dim': 1024, 'eta': 0.0, 'lr': 0.001, 'weight_decay': 0.001} | Val AUC: 0.8178
[INFO] Config 139/180: {'hidden_dim': 1024, 'eta': 0.0, 'lr': 0.003, 'weight_decay': 1e-05} | Val AUC: 0.8181
[INFO] Config 140/180: {'hidden_dim': 1024, 'eta': 0.0, 'lr': 0.003, 'weight_decay': 0.0001} | Val AUC: 0.8164
[INFO] Config 141/180: {'hidden_dim': 1024, 'eta': 0.0, 'lr': 0.003, 'weight_decay': 0.001} | Val AUC: 0.8205
[INFO] Config 142/180: {'hidden_dim': 1024, 'eta': 0.0, 'lr': 0.005, 'weight_decay': 1e-05} | Val AUC: 0.5000
[INFO] Config 143/180: {'hidden_dim': 1024, 'eta': 0.0, 'lr': 0.005, 'weight_decay': 0.0001} | Val AUC: 0.8256
[INFO] Config 144/180: {'hidden_dim': 1024, 'eta': 0.0, 'lr': 0.005, 'weight_decay': 0.001} | Val AUC: 0.5000
[INFO] Config 145/180: {'hidden_dim': 1024, 'eta': 0.05, 'lr': 0.001, 'weight_decay': 1e-05} | Val AUC: 0.8179
[INFO] Config 146/180: {'hidden_dim': 1024, 'eta': 0.05, 'lr': 0.001, 'weight_decay': 0.0001} | Val AUC: 0.8166
[INFO] Config 147/180: {'hidden_dim': 1024, 'eta': 0.05, 'lr': 0.001, 'weight_decay': 0.001} | Val AUC: 0.8181
[INFO] Config 148/180: {'hidden_dim': 1024, 'eta': 0.05, 'lr': 0.003, 'weight_decay': 1e-05} | Val AUC: 0.8039
[INFO] Config 149/180: {'hidden_dim': 1024, 'eta': 0.05, 'lr': 0.003, 'weight_decay': 0.0001} | Val AUC: 0.8206
[INFO] Config 150/180: {'hidden_dim': 1024, 'eta': 0.05, 'lr': 0.003, 'weight_decay': 0.001} | Val AUC: 0.8199
[INFO] Config 151/180: {'hidden_dim': 1024, 'eta': 0.05, 'lr': 0.005, 'weight_decay': 1e-05} | Val AUC: 0.5000
[INFO] Config 152/180: {'hidden_dim': 1024, 'eta': 0.05, 'lr': 0.005, 'weight_decay': 0.0001} | Val AUC: 0.8003
[INFO] Config 153/180: {'hidden_dim': 1024, 'eta': 0.05, 'lr': 0.005, 'weight_decay': 0.001} | Val AUC: 0.5000
[INFO] Config 154/180: {'hidden_dim': 1024, 'eta': 0.1, 'lr': 0.001, 'weight_decay': 1e-05} | Val AUC: 0.8178
[INFO] Config 155/180: {'hidden_dim': 1024, 'eta': 0.1, 'lr': 0.001, 'weight_decay': 0.0001} | Val AUC: 0.8165
[INFO] Config 156/180: {'hidden_dim': 1024, 'eta': 0.1, 'lr': 0.001, 'weight_decay': 0.001} | Val AUC: 0.8164
[INFO] Config 157/180: {'hidden_dim': 1024, 'eta': 0.1, 'lr': 0.003, 'weight_decay': 1e-05} | Val AUC: 0.8170
[INFO] Config 158/180: {'hidden_dim': 1024, 'eta': 0.1, 'lr': 0.003, 'weight_decay': 0.0001} | Val AUC: 0.8231
[INFO] Config 159/180: {'hidden_dim': 1024, 'eta': 0.1, 'lr': 0.003, 'weight_decay': 0.001} | Val AUC: 0.8249
[INFO] Config 160/180: {'hidden_dim': 1024, 'eta': 0.1, 'lr': 0.005, 'weight_decay': 1e-05} | Val AUC: 0.7587
[INFO] Config 161/180: {'hidden_dim': 1024, 'eta': 0.1, 'lr': 0.005, 'weight_decay': 0.0001} | Val AUC: 0.5000
[INFO] Config 162/180: {'hidden_dim': 1024, 'eta': 0.1, 'lr': 0.005, 'weight_decay': 0.001} | Val AUC: 0.8187
[INFO] Config 163/180: {'hidden_dim': 1024, 'eta': 0.2, 'lr': 0.001, 'weight_decay': 1e-05} | Val AUC: 0.8184
[INFO] Config 164/180: {'hidden_dim': 1024, 'eta': 0.2, 'lr': 0.001, 'weight_decay': 0.0001} | Val AUC: 0.8164
[INFO] Config 165/180: {'hidden_dim': 1024, 'eta': 0.2, 'lr': 0.001, 'weight_decay': 0.001} | Val AUC: 0.8176
[INFO] Config 166/180: {'hidden_dim': 1024, 'eta': 0.2, 'lr': 0.003, 'weight_decay': 1e-05} | Val AUC: 0.8244
[INFO] Config 167/180: {'hidden_dim': 1024, 'eta': 0.2, 'lr': 0.003, 'weight_decay': 0.0001} | Val AUC: 0.8219
[INFO] Config 168/180: {'hidden_dim': 1024, 'eta': 0.2, 'lr': 0.003, 'weight_decay': 0.001} | Val AUC: 0.8198
[INFO] Config 169/180: {'hidden_dim': 1024, 'eta': 0.2, 'lr': 0.005, 'weight_decay': 1e-05} | Val AUC: 0.5000
[INFO] Config 170/180: {'hidden_dim': 1024, 'eta': 0.2, 'lr': 0.005, 'weight_decay': 0.0001} | Val AUC: 0.8240
[INFO] Config 171/180: {'hidden_dim': 1024, 'eta': 0.2, 'lr': 0.005, 'weight_decay': 0.001} | Val AUC: 0.8184
[INFO] Config 172/180: {'hidden_dim': 1024, 'eta': 0.5, 'lr': 0.001, 'weight_decay': 1e-05} | Val AUC: 0.8195
[INFO] Config 173/180: {'hidden_dim': 1024, 'eta': 0.5, 'lr': 0.001, 'weight_decay': 0.0001} | Val AUC: 0.8188
[INFO] Config 174/180: {'hidden_dim': 1024, 'eta': 0.5, 'lr': 0.001, 'weight_decay': 0.001} | Val AUC: 0.8192
[INFO] Config 175/180: {'hidden_dim': 1024, 'eta': 0.5, 'lr': 0.003, 'weight_decay': 1e-05} | Val AUC: 0.8225
[INFO] Config 176/180: {'hidden_dim': 1024, 'eta': 0.5, 'lr': 0.003, 'weight_decay': 0.0001} | Val AUC: 0.8249
[INFO] Config 177/180: {'hidden_dim': 1024, 'eta': 0.5, 'lr': 0.003, 'weight_decay': 0.001} | Val AUC: 0.8247
[INFO] Config 178/180: {'hidden_dim': 1024, 'eta': 0.5, 'lr': 0.005, 'weight_decay': 1e-05} | Val AUC: 0.8162
[INFO] Config 179/180: {'hidden_dim': 1024, 'eta': 0.5, 'lr': 0.005, 'weight_decay': 0.0001} | Val AUC: 0.8163
[INFO] Config 180/180: {'hidden_dim': 1024, 'eta': 0.5, 'lr': 0.005, 'weight_decay': 0.001} | Val AUC: 0.8277
[INFO] Selected Best BetaLikelihood Config: {'hidden_dim': 256, 'eta': 0.2, 'lr': 0.005, 'weight_decay': 0.0001} (Val AUC: 0.8316)
[INFO] Saved checkpoint for Fold 5/5 to research/outputs/experiments_v2/advanced_tournament_checkpoint.pth

==============================================================================================================
                 ADVANCED HYPER-OPTIMIZATION TOURNAMENT VERDICT SUMMARY
==============================================================================================================
Configuration                    | OOF AUC  | ECE    | Utility (Step) | Utility (Token) | Win/Tie/Loss
--------------------------------------------------------------------------------------------------------------
Baseline (Linear)                | 0.7226   | 0.0819 | +0.3187        | +0.4002         | 23763/4612/2513
Dynamic (Trajectory features)    | 0.7329   | 0.0805 | +0.3144        | +0.3919         | 23448/4612/2828
BiGRU (Sequence)                 | 0.8656   | 0.0600 | +0.3116        | +0.4266         | 16390/13033/1465
TCN (Temporal Conv)              | 0.8534   | 0.0440 | +0.3042        | +0.4168         | 16796/12246/1846
BetaLikelihood (Expected Reward) | 0.8550   | 0.0123 | +0.3093        | +0.4210         | 17162/11988/1738
Gated SC (Hysteresis)            | 0.8656   | 0.0600 | +0.3033        | +0.4023         | 14649/15215/1024
==============================================================================================================
[INFO] Saved tournament verdict to research/outputs/experiments_v2/advanced_tournament_results.log
[INFO] Cleaned up final checkpoint file.
