phase,temperature,seed,step,requested_batch_size,realized_batch_size,prompt_tokens,generated_tokens,wall_clock_seconds,examples_per_second,tokens_per_second,tokenize_seconds,generation_seconds,forward_seconds,postprocess_seconds,hidden_state_write_seconds,gpu_memory_allocated_gb,gpu_memory_reserved_gb,gpu_max_memory_allocated_gb,gpu_max_memory_reserved_gb,split_count,oom_retry_count
generate,0.1,7,1,6,6,1569,948,38.903209167000114,0.15422892168725086,24.368169626585633,0.0025538209997648664,37.66255837000017,1.221924442999807,0.01586656800009223,0.0,5.310692310333252,5.7890625,5.402519226074219,5.7890625,1,0
generate,0.1,7,2,6,6,2183,563,30.129127287999836,0.19914284083461478,18.686236564981353,0.0028617299999496026,28.644764972000303,1.4671484289997352,0.014127848000043741,0.0,5.631065845489502,6.3671875,5.736810684204102,6.3671875,1,0
hidden_state_write,0.1,7,0,6,6,0,0,0.02939676700043492,,,0.0,0.0,0.0,0.0,0.02939676700043492,3.862496852874756,6.3671875,5.736810684204102,6.3671875,0,0
generate,0.1,7,1,2,2,498,255,19.365531329000078,0.10327627814709013,13.16772546375399,0.0014229899998099427,19.013968104000014,0.3475266810000903,0.0023396430001412227,0.0,4.222121715545654,6.42578125,4.317986965179443,6.42578125,1,0
generate,0.1,7,2,2,2,714,277,27.572809631999917,0.07253522679382222,10.046128910944379,0.0013639560002047801,27.091758717000175,0.4752786310000374,0.0042172069997832295,0.0,4.3897786140441895,6.42578125,4.477579116821289,6.42578125,1,0
hidden_state_write,0.1,7,0,2,2,0,0,0.009929193000061787,,,0.0,0.0,0.0,0.0,0.009929193000061787,3.862496852874756,6.42578125,4.477579116821289,6.42578125,0,0
