model,mean_Tc,median_Tc,std_Tc,pct_early_le2,pct_late_ge5,pct_never_cross
Qwen 0.5B,1.0366666666666666,1.0,0.20525428121090902,99.66666666666667,0.0,0.0
DeepSeek 1.5B,1.28,1.0,0.5057528578043405,97.33333333333334,0.0,0.0
Mistral 7B,1.1466666666666667,1.0,0.407072371051061,98.66666666666667,0.0,0.0
Qwen 7B,1.11,1.0,0.38085452238890416,98.33333333333333,0.0,0.0
