phase,temperature,seed,step,requested_batch_size,realized_batch_size,prompt_tokens,generated_tokens,wall_clock_seconds,examples_per_second,tokens_per_second,tokenize_seconds,generation_seconds,forward_seconds,postprocess_seconds,hidden_state_write_seconds,gpu_memory_allocated_gb,gpu_memory_reserved_gb,gpu_max_memory_allocated_gb,gpu_max_memory_reserved_gb,split_count,oom_retry_count
generate,0.1,7,1,2,2,530,201,8.548581239000214,0.23395695075992598,23.51267355137256,0.0022459450001406367,8.294521099999656,0.24790161800001442,0.003339941999911389,0.0,13.853720664978027,14.01953125,13.862889766693115,14.01953125,1,0
generate,0.1,7,2,2,2,693,272,14.20703685699982,0.14077530875233832,19.145441990318012,0.002030546000241884,13.839730059999965,0.3610217260002173,0.004035216999909608,0.0,14.01676082611084,14.234375,14.028663158416748,14.234375,1,0
hidden_state_write,0.1,7,0,2,2,0,0,0.010218318000170257,,,0.0,0.0,0.0,0.0,0.010218318000170257,13.508431434631348,14.234375,14.028663158416748,14.234375,0,0
generate,0.1,7,1,2,2,484,252,12.026933076000205,0.16629343385896178,20.952972666229186,0.001500196000051801,11.76083447000019,0.2608746930000052,0.0034507969999140187,0.0,13.907546997070312,14.30078125,13.929214477539062,14.30078125,1,0
generate,0.1,7,2,2,2,699,171,7.38659067899971,0.2707609080987874,23.15005764244632,0.001785915000255045,7.057815699999992,0.3227224470001602,0.003864942000291194,0.0,13.954916954040527,14.30078125,13.968708038330078,14.30078125,1,0
hidden_state_write,0.1,7,0,2,2,0,0,0.01022922100037249,,,0.0,0.0,0.0,0.0,0.01022922100037249,13.508431434631348,14.30078125,13.968708038330078,14.30078125,0,0
