run_id,brier,auc,n,scope
mistral_7b_instruct_v0p3__arc_test_00000_398537ec__temp0.10__seed7,0.19769993344352832,,8,per_run_oof
mistral_7b_instruct_v0p3__arc_test_00000_398537ec__temp0.60__seed7,0.19091216756934845,,8,per_run_oof
mistral_7b_instruct_v0p3__arc_test_00000_398537ec__temp1.00__seed7,0.1482469739829571,,8,per_run_oof
mistral_7b_instruct_v0p3__arc_test_00001_d4bf1bf9__temp0.10__seed7,0.14089329477920604,1.0,8,per_run_oof
mistral_7b_instruct_v0p3__arc_test_00001_d4bf1bf9__temp0.60__seed7,0.13949225982749636,,8,per_run_oof
mistral_7b_instruct_v0p3__arc_test_00001_d4bf1bf9__temp1.00__seed7,0.21214588654287397,,8,per_run_oof
mistral_7b_instruct_v0p3__arc_test_00002_eef48f5d__temp0.10__seed7,0.14839785778728953,,8,per_run_oof
mistral_7b_instruct_v0p3__arc_test_00002_eef48f5d__temp0.60__seed7,0.14962674540539014,,8,per_run_oof
mistral_7b_instruct_v0p3__arc_test_00002_eef48f5d__temp1.00__seed7,0.24921970533442175,0.8571428571428571,8,per_run_oof
mistral_7b_instruct_v0p3__arc_test_00003_c16c54fb__temp0.10__seed7,0.23701662273487684,,8,per_run_oof
mistral_7b_instruct_v0p3__arc_test_00003_c16c54fb__temp0.60__seed7,0.1724851121197013,0.8571428571428572,8,per_run_oof
mistral_7b_instruct_v0p3__arc_test_00003_c16c54fb__temp1.00__seed7,0.15235215695777155,,8,per_run_oof
mistral_7b_instruct_v0p3__arc_test_00004_89613a4b__temp0.10__seed7,0.19267713401447856,,8,per_run_oof
mistral_7b_instruct_v0p3__arc_test_00004_89613a4b__temp0.60__seed7,0.14497227208759972,,8,per_run_oof
mistral_7b_instruct_v0p3__arc_test_00004_89613a4b__temp1.00__seed7,0.24226911506313098,0.5833333333333334,8,per_run_oof
mistral_7b_instruct_v0p3__arc_test_00005_2943784f__temp0.10__seed7,0.16116150692702505,,8,per_run_oof
mistral_7b_instruct_v0p3__arc_test_00005_2943784f__temp0.60__seed7,0.2085041273571373,,8,per_run_oof
mistral_7b_instruct_v0p3__arc_test_00005_2943784f__temp1.00__seed7,0.20409847424519373,,8,per_run_oof
mistral_7b_instruct_v0p3__arc_test_00006_73fea8aa__temp0.10__seed7,0.18643340859277924,,8,per_run_oof
mistral_7b_instruct_v0p3__arc_test_00006_73fea8aa__temp0.60__seed7,0.17700081111851745,,8,per_run_oof
mistral_7b_instruct_v0p3__arc_test_00006_73fea8aa__temp1.00__seed7,0.26176590722099846,,8,per_run_oof
mistral_7b_instruct_v0p3__arc_test_00007_55ae159f__temp0.10__seed7,0.33101674665267145,,8,per_run_oof
mistral_7b_instruct_v0p3__arc_test_00007_55ae159f__temp0.60__seed7,0.35489578180525216,,8,per_run_oof
mistral_7b_instruct_v0p3__arc_test_00007_55ae159f__temp1.00__seed7,0.2647070219954104,0.6,8,per_run_oof
mistral_7b_instruct_v0p3__arc_test_00008_3926edfe__temp0.10__seed7,0.2451035413637676,,8,per_run_oof
mistral_7b_instruct_v0p3__arc_test_00008_3926edfe__temp0.60__seed7,0.24462871393534277,,8,per_run_oof
mistral_7b_instruct_v0p3__arc_test_00008_3926edfe__temp1.00__seed7,0.2242590113344867,,8,per_run_oof
mistral_7b_instruct_v0p3__arc_test_00009_0cb3f159__temp0.10__seed7,0.2975416678123586,,8,per_run_oof
mistral_7b_instruct_v0p3__arc_test_00009_0cb3f159__temp0.60__seed7,0.1226284483935236,1.0,8,per_run_oof
mistral_7b_instruct_v0p3__arc_test_00009_0cb3f159__temp1.00__seed7,0.22576863767433306,,8,per_run_oof
mistral_7b_instruct_v0p3__arc_test_00010_38aa3c95__temp0.10__seed7,0.17239983390308317,,8,per_run_oof
mistral_7b_instruct_v0p3__arc_test_00010_38aa3c95__temp0.60__seed7,0.17588842834645835,,8,per_run_oof
mistral_7b_instruct_v0p3__arc_test_00010_38aa3c95__temp1.00__seed7,0.20175901460561566,1.0,8,per_run_oof
mistral_7b_instruct_v0p3__arc_test_00011_0a8e7a55__temp0.10__seed7,0.3152684919691858,,8,per_run_oof
mistral_7b_instruct_v0p3__arc_test_00011_0a8e7a55__temp0.60__seed7,0.23752906796297596,0.1428571428571429,8,per_run_oof
mistral_7b_instruct_v0p3__arc_test_00011_0a8e7a55__temp1.00__seed7,0.23910523082829943,0.8571428571428571,8,per_run_oof
mistral_7b_instruct_v0p3__arc_test_00012_90d98cc0__temp0.10__seed7,0.20536149334061474,,8,per_run_oof
mistral_7b_instruct_v0p3__arc_test_00012_90d98cc0__temp0.60__seed7,0.300470766568008,0.0,8,per_run_oof
mistral_7b_instruct_v0p3__arc_test_00012_90d98cc0__temp1.00__seed7,0.25115802024409384,,8,per_run_oof
mistral_7b_instruct_v0p3__arc_test_00013_6647a8fe__temp0.10__seed7,0.25422041132160084,,8,per_run_oof
mistral_7b_instruct_v0p3__arc_test_00013_6647a8fe__temp0.60__seed7,0.3370671571278827,0.0,8,per_run_oof
mistral_7b_instruct_v0p3__arc_test_00013_6647a8fe__temp1.00__seed7,0.22732948592998006,0.2857142857142857,8,per_run_oof
mistral_7b_instruct_v0p3__arc_test_00014_7f872561__temp0.10__seed7,0.24929299122691478,0.16666666666666663,8,per_run_oof
mistral_7b_instruct_v0p3__arc_test_00014_7f872561__temp0.60__seed7,0.23516768592343942,,8,per_run_oof
mistral_7b_instruct_v0p3__arc_test_00014_7f872561__temp1.00__seed7,0.25352371119689593,,8,per_run_oof
mistral_7b_instruct_v0p3__arc_test_00015_495befc7__temp0.10__seed7,0.14786144921895586,,8,per_run_oof
mistral_7b_instruct_v0p3__arc_test_00015_495befc7__temp0.60__seed7,0.1558576782408811,,8,per_run_oof
mistral_7b_instruct_v0p3__arc_test_00015_495befc7__temp1.00__seed7,0.14184427543104744,,8,per_run_oof
mistral_7b_instruct_v0p3__arc_test_00016_75d83e3f__temp0.10__seed7,0.1325711867100429,,8,per_run_oof
mistral_7b_instruct_v0p3__arc_test_00016_75d83e3f__temp0.60__seed7,0.09916886886496212,,8,per_run_oof
mistral_7b_instruct_v0p3__arc_test_00016_75d83e3f__temp1.00__seed7,0.13047243821424193,,8,per_run_oof
mistral_7b_instruct_v0p3__arc_test_00017_dac51f3a__temp0.10__seed7,0.35577409699383233,,8,per_run_oof
mistral_7b_instruct_v0p3__arc_test_00017_dac51f3a__temp0.60__seed7,0.153764077628061,,8,per_run_oof
mistral_7b_instruct_v0p3__arc_test_00017_dac51f3a__temp1.00__seed7,0.21834420711657251,,8,per_run_oof
mistral_7b_instruct_v0p3__arc_test_00018_9925db26__temp0.10__seed7,0.18733383720441885,,8,per_run_oof
mistral_7b_instruct_v0p3__arc_test_00018_9925db26__temp0.60__seed7,0.2012217220809523,,8,per_run_oof
mistral_7b_instruct_v0p3__arc_test_00018_9925db26__temp1.00__seed7,0.1470314755031698,,8,per_run_oof
mistral_7b_instruct_v0p3__arc_test_00019_1a50b7f7__temp0.10__seed7,0.14128685753346248,,8,per_run_oof
mistral_7b_instruct_v0p3__arc_test_00019_1a50b7f7__temp0.60__seed7,0.2085700341098166,,8,per_run_oof
mistral_7b_instruct_v0p3__arc_test_00019_1a50b7f7__temp1.00__seed7,0.20573488128888484,,8,per_run_oof
mistral_7b_instruct_v0p3__arc_test_00020_d3e511bf__temp0.10__seed7,0.3229584398344154,,8,per_run_oof
mistral_7b_instruct_v0p3__arc_test_00020_d3e511bf__temp0.60__seed7,0.3080449216804844,,8,per_run_oof
mistral_7b_instruct_v0p3__arc_test_00020_d3e511bf__temp1.00__seed7,0.30236858588040016,,8,per_run_oof
mistral_7b_instruct_v0p3__arc_test_00021_ce0d3229__temp0.10__seed7,0.20022409935386173,,8,per_run_oof
mistral_7b_instruct_v0p3__arc_test_00021_ce0d3229__temp0.60__seed7,0.354995954182947,,8,per_run_oof
mistral_7b_instruct_v0p3__arc_test_00021_ce0d3229__temp1.00__seed7,0.18182619096843827,,8,per_run_oof
mistral_7b_instruct_v0p3__arc_test_00022_51e7e2c1__temp0.10__seed7,0.20146418989065365,,8,per_run_oof
mistral_7b_instruct_v0p3__arc_test_00022_51e7e2c1__temp0.60__seed7,0.15288784746257691,,8,per_run_oof
mistral_7b_instruct_v0p3__arc_test_00022_51e7e2c1__temp1.00__seed7,0.16117730338759784,,8,per_run_oof
mistral_7b_instruct_v0p3__arc_test_00023_56ce0db0__temp0.10__seed7,0.13647978377880565,,8,per_run_oof
mistral_7b_instruct_v0p3__arc_test_00023_56ce0db0__temp0.60__seed7,0.16763809120832762,1.0,8,per_run_oof
mistral_7b_instruct_v0p3__arc_test_00023_56ce0db0__temp1.00__seed7,0.3390368606774078,1.0,8,per_run_oof
mistral_7b_instruct_v0p3__arc_test_00024_75e3f15b__temp0.10__seed7,0.1986347039610025,0.6666666666666667,8,per_run_oof
mistral_7b_instruct_v0p3__arc_test_00024_75e3f15b__temp0.60__seed7,0.24714549548821224,,8,per_run_oof
mistral_7b_instruct_v0p3__arc_test_00024_75e3f15b__temp1.00__seed7,0.2088360320987151,,8,per_run_oof
mistral_7b_instruct_v0p3__arc_test_00025_aa1dfcf3__temp0.10__seed7,0.16735641935385961,,8,per_run_oof
mistral_7b_instruct_v0p3__arc_test_00025_aa1dfcf3__temp0.60__seed7,0.1711613144302779,,8,per_run_oof
mistral_7b_instruct_v0p3__arc_test_00025_aa1dfcf3__temp1.00__seed7,0.13157727292644644,,8,per_run_oof
mistral_7b_instruct_v0p3__arc_test_00026_653ac6a4__temp0.10__seed7,0.2986197371674004,,8,per_run_oof
mistral_7b_instruct_v0p3__arc_test_00026_653ac6a4__temp0.60__seed7,0.30500696900886964,,8,per_run_oof
mistral_7b_instruct_v0p3__arc_test_00026_653ac6a4__temp1.00__seed7,0.2757222898394466,,8,per_run_oof
mistral_7b_instruct_v0p3__arc_test_00027_4de7cd96__temp0.10__seed7,0.24775502787445897,,8,per_run_oof
mistral_7b_instruct_v0p3__arc_test_00027_4de7cd96__temp0.60__seed7,0.3812880335569657,0.14285714285714285,8,per_run_oof
mistral_7b_instruct_v0p3__arc_test_00027_4de7cd96__temp1.00__seed7,0.09676341844425665,1.0,8,per_run_oof
mistral_7b_instruct_v0p3__arc_test_00028_de472a7b__temp0.10__seed7,0.1653642917467002,,8,per_run_oof
mistral_7b_instruct_v0p3__arc_test_00028_de472a7b__temp0.60__seed7,0.19702155097020319,,8,per_run_oof
mistral_7b_instruct_v0p3__arc_test_00028_de472a7b__temp1.00__seed7,0.1788535201657259,,8,per_run_oof
mistral_7b_instruct_v0p3__arc_test_00029_9ab7fc82__temp0.10__seed7,0.28385655799598575,0.1428571428571429,8,per_run_oof
mistral_7b_instruct_v0p3__arc_test_00029_9ab7fc82__temp0.60__seed7,0.2192959507042012,0.2857142857142857,8,per_run_oof
mistral_7b_instruct_v0p3__arc_test_00029_9ab7fc82__temp1.00__seed7,0.2336476351074822,,8,per_run_oof
mistral_7b_instruct_v0p3__arc_test_00030_1a7be7be__temp0.10__seed7,0.23204590774251688,0.2857142857142857,8,per_run_oof
mistral_7b_instruct_v0p3__arc_test_00030_1a7be7be__temp0.60__seed7,0.36695881849329126,,8,per_run_oof
mistral_7b_instruct_v0p3__arc_test_00030_1a7be7be__temp1.00__seed7,0.24827427168046678,0.7142857142857143,8,per_run_oof
mistral_7b_instruct_v0p3__arc_test_00031_16af4104__temp0.10__seed7,0.3964470146059487,,8,per_run_oof
mistral_7b_instruct_v0p3__arc_test_00031_16af4104__temp0.60__seed7,0.16264932696811574,1.0,8,per_run_oof
mistral_7b_instruct_v0p3__arc_test_00031_16af4104__temp1.00__seed7,0.1710499781780717,1.0,8,per_run_oof
mistral_7b_instruct_v0p3__arc_test_00032_d2b2ae1f__temp0.10__seed7,0.23586021419649827,,8,per_run_oof
mistral_7b_instruct_v0p3__arc_test_00032_d2b2ae1f__temp0.60__seed7,0.1914742936773618,1.0,8,per_run_oof
mistral_7b_instruct_v0p3__arc_test_00032_d2b2ae1f__temp1.00__seed7,0.20918428640269285,,8,per_run_oof
mistral_7b_instruct_v0p3__arc_test_00033_936f56a6__temp0.10__seed7,0.18871884754601465,,8,per_run_oof
mistral_7b_instruct_v0p3__arc_test_00033_936f56a6__temp0.60__seed7,0.20932094317556055,0.8571428571428571,8,per_run_oof
mistral_7b_instruct_v0p3__arc_test_00033_936f56a6__temp1.00__seed7,0.31473824459174504,0.5714285714285714,8,per_run_oof
mistral_7b_instruct_v0p3__arc_test_00034_485f96ab__temp0.10__seed7,0.15260674978547753,,8,per_run_oof
mistral_7b_instruct_v0p3__arc_test_00034_485f96ab__temp0.60__seed7,0.3961039423699166,,8,per_run_oof
mistral_7b_instruct_v0p3__arc_test_00034_485f96ab__temp1.00__seed7,0.16806312608912333,,8,per_run_oof
mistral_7b_instruct_v0p3__arc_test_00035_aad2d50d__temp0.10__seed7,0.20475520859171584,,8,per_run_oof
mistral_7b_instruct_v0p3__arc_test_00035_aad2d50d__temp0.60__seed7,0.21716676303410637,,8,per_run_oof
mistral_7b_instruct_v0p3__arc_test_00035_aad2d50d__temp1.00__seed7,0.26121936873352236,0.25,8,per_run_oof
mistral_7b_instruct_v0p3__arc_test_00036_99d6267d__temp0.10__seed7,0.3462439009535375,,8,per_run_oof
mistral_7b_instruct_v0p3__arc_test_00036_99d6267d__temp0.60__seed7,0.18550346897786585,,8,per_run_oof
mistral_7b_instruct_v0p3__arc_test_00036_99d6267d__temp1.00__seed7,0.24029328281573287,,8,per_run_oof
mistral_7b_instruct_v0p3__arc_test_00037_10f2fddf__temp0.10__seed7,0.3198549530588698,0.33333333333333337,8,per_run_oof
mistral_7b_instruct_v0p3__arc_test_00037_10f2fddf__temp0.60__seed7,0.4152012668457099,0.0,8,per_run_oof
mistral_7b_instruct_v0p3__arc_test_00037_10f2fddf__temp1.00__seed7,0.2975725531278439,0.0,8,per_run_oof
mistral_7b_instruct_v0p3__arc_test_00038_715b0bef__temp0.10__seed7,0.1899190197994293,,8,per_run_oof
mistral_7b_instruct_v0p3__arc_test_00038_715b0bef__temp0.60__seed7,0.16860122661783108,,8,per_run_oof
mistral_7b_instruct_v0p3__arc_test_00038_715b0bef__temp1.00__seed7,0.17682630336287658,,8,per_run_oof
mistral_7b_instruct_v0p3__arc_test_00039_3e277a72__temp0.10__seed7,0.14094093383439227,,8,per_run_oof
mistral_7b_instruct_v0p3__arc_test_00039_3e277a72__temp0.60__seed7,0.19335410199348763,,8,per_run_oof
mistral_7b_instruct_v0p3__arc_test_00039_3e277a72__temp1.00__seed7,0.15021209177764597,,8,per_run_oof
mistral_7b_instruct_v0p3__arc_test_00040_aeb16c3b__temp0.10__seed7,0.23075530410120948,,8,per_run_oof
mistral_7b_instruct_v0p3__arc_test_00040_aeb16c3b__temp0.60__seed7,0.24174382090331123,,8,per_run_oof
mistral_7b_instruct_v0p3__arc_test_00040_aeb16c3b__temp1.00__seed7,0.22172371601920088,,8,per_run_oof
mistral_7b_instruct_v0p3__arc_test_00041_57e4090f__temp0.10__seed7,0.30277472430656854,,8,per_run_oof
mistral_7b_instruct_v0p3__arc_test_00041_57e4090f__temp0.60__seed7,0.36340327686833557,,8,per_run_oof
mistral_7b_instruct_v0p3__arc_test_00041_57e4090f__temp1.00__seed7,0.380104127343128,,8,per_run_oof
mistral_7b_instruct_v0p3__arc_test_00042_eaad77d4__temp0.10__seed7,0.14383073231579144,,8,per_run_oof
mistral_7b_instruct_v0p3__arc_test_00042_eaad77d4__temp0.60__seed7,0.22444988711020897,,8,per_run_oof
mistral_7b_instruct_v0p3__arc_test_00042_eaad77d4__temp1.00__seed7,0.17582924650274695,,8,per_run_oof
mistral_7b_instruct_v0p3__arc_test_00043_90dea090__temp0.10__seed7,0.22356269522312383,,8,per_run_oof
mistral_7b_instruct_v0p3__arc_test_00043_90dea090__temp0.60__seed7,0.33059475233722685,,8,per_run_oof
mistral_7b_instruct_v0p3__arc_test_00043_90dea090__temp1.00__seed7,0.21532471702195793,,8,per_run_oof
mistral_7b_instruct_v0p3__arc_test_00044_64e186ec__temp0.10__seed7,0.15815417237334023,,8,per_run_oof
mistral_7b_instruct_v0p3__arc_test_00044_64e186ec__temp0.60__seed7,0.2051435042748915,,8,per_run_oof
mistral_7b_instruct_v0p3__arc_test_00044_64e186ec__temp1.00__seed7,0.13379814302254764,,8,per_run_oof
mistral_7b_instruct_v0p3__arc_test_00045_a364fb0e__temp0.10__seed7,0.31443594571142597,,8,per_run_oof
mistral_7b_instruct_v0p3__arc_test_00045_a364fb0e__temp0.60__seed7,0.18238012088223893,,8,per_run_oof
mistral_7b_instruct_v0p3__arc_test_00045_a364fb0e__temp1.00__seed7,0.20022746198683958,0.8125,8,per_run_oof
mistral_7b_instruct_v0p3__arc_test_00046_3eac725f__temp0.10__seed7,0.11806747303279004,,8,per_run_oof
mistral_7b_instruct_v0p3__arc_test_00046_3eac725f__temp0.60__seed7,0.20752243544648039,0.8571428571428571,8,per_run_oof
mistral_7b_instruct_v0p3__arc_test_00046_3eac725f__temp1.00__seed7,0.1376817586824089,,8,per_run_oof
mistral_7b_instruct_v0p3__arc_test_00047_e5e078eb__temp0.10__seed7,0.28285494613826245,,8,per_run_oof
mistral_7b_instruct_v0p3__arc_test_00047_e5e078eb__temp0.60__seed7,0.2899276569965823,,8,per_run_oof
mistral_7b_instruct_v0p3__arc_test_00047_e5e078eb__temp1.00__seed7,0.2864941574436326,0.6666666666666667,8,per_run_oof
mistral_7b_instruct_v0p3__arc_test_00048_e95d73f4__temp0.10__seed7,0.37797091730217036,0.41666666666666663,8,per_run_oof
mistral_7b_instruct_v0p3__arc_test_00048_e95d73f4__temp0.60__seed7,0.25624380188769663,0.2857142857142857,8,per_run_oof
mistral_7b_instruct_v0p3__arc_test_00048_e95d73f4__temp1.00__seed7,0.15465487741893297,,8,per_run_oof
mistral_7b_instruct_v0p3__arc_test_00049_d116647f__temp0.10__seed7,0.11940668581119719,,8,per_run_oof
mistral_7b_instruct_v0p3__arc_test_00049_d116647f__temp0.60__seed7,0.11769190502154743,,8,per_run_oof
mistral_7b_instruct_v0p3__arc_test_00049_d116647f__temp1.00__seed7,0.23694076207056425,,8,per_run_oof
mistral_7b_instruct_v0p3__arc_test_00050_b8e70b73__temp0.10__seed7,0.08886406581981038,,8,per_run_oof
mistral_7b_instruct_v0p3__arc_test_00050_b8e70b73__temp0.60__seed7,0.30459511671656375,,8,per_run_oof
mistral_7b_instruct_v0p3__arc_test_00050_b8e70b73__temp1.00__seed7,0.3395617441670513,,8,per_run_oof
mistral_7b_instruct_v0p3__arc_test_00051_5eb63cf4__temp0.10__seed7,0.22264497001790667,,8,per_run_oof
mistral_7b_instruct_v0p3__arc_test_00051_5eb63cf4__temp0.60__seed7,0.15313407132168355,,8,per_run_oof
mistral_7b_instruct_v0p3__arc_test_00051_5eb63cf4__temp1.00__seed7,0.17568660043938744,,8,per_run_oof
mistral_7b_instruct_v0p3__arc_test_00052_ec5a8597__temp0.10__seed7,0.20845139332625157,,8,per_run_oof
mistral_7b_instruct_v0p3__arc_test_00052_ec5a8597__temp0.60__seed7,0.24557102112989718,0.8571428571428571,8,per_run_oof
mistral_7b_instruct_v0p3__arc_test_00052_ec5a8597__temp1.00__seed7,0.20105944673883175,,8,per_run_oof
mistral_7b_instruct_v0p3__arc_test_00053_c9b0a942__temp0.10__seed7,0.2928296595569878,,8,per_run_oof
mistral_7b_instruct_v0p3__arc_test_00053_c9b0a942__temp0.60__seed7,0.297202245842937,,8,per_run_oof
mistral_7b_instruct_v0p3__arc_test_00053_c9b0a942__temp1.00__seed7,0.3145533566649859,0.4166666666666667,8,per_run_oof
mistral_7b_instruct_v0p3__arc_test_00054_a5d562be__temp0.10__seed7,0.1539679928133903,,8,per_run_oof
mistral_7b_instruct_v0p3__arc_test_00054_a5d562be__temp0.60__seed7,0.284063576936605,,8,per_run_oof
mistral_7b_instruct_v0p3__arc_test_00054_a5d562be__temp1.00__seed7,0.28007167464116456,,8,per_run_oof
mistral_7b_instruct_v0p3__arc_test_00055_6b308877__temp0.10__seed7,0.22756223116511948,,8,per_run_oof
mistral_7b_instruct_v0p3__arc_test_00055_6b308877__temp0.60__seed7,0.28051355940074985,,8,per_run_oof
mistral_7b_instruct_v0p3__arc_test_00055_6b308877__temp1.00__seed7,0.22003444894842972,,8,per_run_oof
mistral_7b_instruct_v0p3__arc_test_00056_9af0a219__temp0.10__seed7,0.2351958441844143,,8,per_run_oof
mistral_7b_instruct_v0p3__arc_test_00056_9af0a219__temp0.60__seed7,0.33204638585360435,,8,per_run_oof
mistral_7b_instruct_v0p3__arc_test_00056_9af0a219__temp1.00__seed7,0.21602396980615,0.5833333333333333,8,per_run_oof
mistral_7b_instruct_v0p3__arc_test_00057_f156a7fc__temp0.10__seed7,0.14482579956266262,,8,per_run_oof
mistral_7b_instruct_v0p3__arc_test_00057_f156a7fc__temp0.60__seed7,0.1952248388600438,,8,per_run_oof
mistral_7b_instruct_v0p3__arc_test_00057_f156a7fc__temp1.00__seed7,0.16838554637452896,,8,per_run_oof
mistral_7b_instruct_v0p3__arc_test_00058_25585c43__temp0.10__seed7,0.16168810588513172,,8,per_run_oof
mistral_7b_instruct_v0p3__arc_test_00058_25585c43__temp0.60__seed7,0.18652772960590872,,8,per_run_oof
mistral_7b_instruct_v0p3__arc_test_00058_25585c43__temp1.00__seed7,0.2407460120858218,,8,per_run_oof
mistral_7b_instruct_v0p3__arc_test_00059_9f3bba93__temp0.10__seed7,0.29532112768111723,,8,per_run_oof
mistral_7b_instruct_v0p3__arc_test_00059_9f3bba93__temp0.60__seed7,0.3144225841071927,,8,per_run_oof
mistral_7b_instruct_v0p3__arc_test_00059_9f3bba93__temp1.00__seed7,0.27871418784257285,0.5333333333333334,8,per_run_oof
mistral_7b_instruct_v0p3__arc_test_00060_27a26900__temp0.10__seed7,0.2473818324774368,,8,per_run_oof
mistral_7b_instruct_v0p3__arc_test_00060_27a26900__temp0.60__seed7,0.20745579156923405,,8,per_run_oof
mistral_7b_instruct_v0p3__arc_test_00060_27a26900__temp1.00__seed7,0.23976989392732656,,8,per_run_oof
mistral_7b_instruct_v0p3__arc_test_00061_e952a7cb__temp0.10__seed7,0.1774821105863984,,8,per_run_oof
mistral_7b_instruct_v0p3__arc_test_00061_e952a7cb__temp0.60__seed7,0.2336764846295002,,8,per_run_oof
mistral_7b_instruct_v0p3__arc_test_00061_e952a7cb__temp1.00__seed7,0.15723689145521522,,8,per_run_oof
mistral_7b_instruct_v0p3__arc_test_00062_9c6ccfe2__temp0.10__seed7,0.28516536110607393,0.2857142857142857,8,per_run_oof
mistral_7b_instruct_v0p3__arc_test_00062_9c6ccfe2__temp0.60__seed7,0.2571103841486353,1.0,8,per_run_oof
mistral_7b_instruct_v0p3__arc_test_00062_9c6ccfe2__temp1.00__seed7,0.35044791172177325,,8,per_run_oof
mistral_7b_instruct_v0p3__arc_test_00063_0bbf7904__temp0.10__seed7,0.18371412547079174,,8,per_run_oof
mistral_7b_instruct_v0p3__arc_test_00063_0bbf7904__temp0.60__seed7,0.2985893283871873,,8,per_run_oof
mistral_7b_instruct_v0p3__arc_test_00063_0bbf7904__temp1.00__seed7,0.3080905784892845,,8,per_run_oof
mistral_7b_instruct_v0p3__arc_test_00064_30e8911f__temp0.10__seed7,0.3128970004735805,,8,per_run_oof
mistral_7b_instruct_v0p3__arc_test_00064_30e8911f__temp0.60__seed7,0.3960863244663748,,8,per_run_oof
mistral_7b_instruct_v0p3__arc_test_00064_30e8911f__temp1.00__seed7,0.33960455228023684,,8,per_run_oof
mistral_7b_instruct_v0p3__arc_test_00065_0c30043d__temp0.10__seed7,0.14625315402524192,1.0,8,per_run_oof
mistral_7b_instruct_v0p3__arc_test_00065_0c30043d__temp0.60__seed7,0.1424966481382675,,8,per_run_oof
mistral_7b_instruct_v0p3__arc_test_00065_0c30043d__temp1.00__seed7,0.13591991747366042,,8,per_run_oof
mistral_7b_instruct_v0p3__arc_test_00066_a4f22ec7__temp0.10__seed7,0.2425357815222544,,8,per_run_oof
mistral_7b_instruct_v0p3__arc_test_00066_a4f22ec7__temp0.60__seed7,0.1985927182496908,,8,per_run_oof
mistral_7b_instruct_v0p3__arc_test_00066_a4f22ec7__temp1.00__seed7,0.14751899926398027,0.7142857142857143,8,per_run_oof
mistral_7b_instruct_v0p3__arc_test_00067_39a5e863__temp0.10__seed7,0.15061586717838565,,8,per_run_oof
mistral_7b_instruct_v0p3__arc_test_00067_39a5e863__temp0.60__seed7,0.20086494823524897,,8,per_run_oof
mistral_7b_instruct_v0p3__arc_test_00067_39a5e863__temp1.00__seed7,0.24003373118591234,0.5,8,per_run_oof
mistral_7b_instruct_v0p3__arc_test_00068_169f201a__temp0.10__seed7,0.1513763154432763,,8,per_run_oof
mistral_7b_instruct_v0p3__arc_test_00068_169f201a__temp0.60__seed7,0.1521704866692355,,8,per_run_oof
mistral_7b_instruct_v0p3__arc_test_00068_169f201a__temp1.00__seed7,0.1528974417959003,,8,per_run_oof
mistral_7b_instruct_v0p3__arc_test_00069_c44c4bd5__temp0.10__seed7,0.26956334290007405,0.0,8,per_run_oof
mistral_7b_instruct_v0p3__arc_test_00069_c44c4bd5__temp0.60__seed7,0.26475988504648196,0.14285714285714285,8,per_run_oof
mistral_7b_instruct_v0p3__arc_test_00069_c44c4bd5__temp1.00__seed7,0.23992996291969976,0.0,8,per_run_oof
mistral_7b_instruct_v0p3__arc_test_00070_7f98502f__temp0.10__seed7,0.17353223775241253,1.0,8,per_run_oof
mistral_7b_instruct_v0p3__arc_test_00070_7f98502f__temp0.60__seed7,0.2728618972239041,,8,per_run_oof
mistral_7b_instruct_v0p3__arc_test_00070_7f98502f__temp1.00__seed7,0.3058521137507444,,8,per_run_oof
mistral_7b_instruct_v0p3__arc_test_00071_78c9064f__temp0.10__seed7,0.19889099347857694,,8,per_run_oof
mistral_7b_instruct_v0p3__arc_test_00071_78c9064f__temp0.60__seed7,0.2607171893504786,,8,per_run_oof
mistral_7b_instruct_v0p3__arc_test_00071_78c9064f__temp1.00__seed7,0.12992210199726617,1.0,8,per_run_oof
mistral_7b_instruct_v0p3__arc_test_00072_25b05898__temp0.10__seed7,0.3074356153639699,,8,per_run_oof
mistral_7b_instruct_v0p3__arc_test_00072_25b05898__temp0.60__seed7,0.28644862385716374,,8,per_run_oof
mistral_7b_instruct_v0p3__arc_test_00072_25b05898__temp1.00__seed7,0.2726497442471757,,8,per_run_oof
mistral_7b_instruct_v0p3__arc_test_00073_ed2fea3a__temp0.10__seed7,0.1586864477466001,,8,per_run_oof
mistral_7b_instruct_v0p3__arc_test_00073_ed2fea3a__temp0.60__seed7,0.23449580630505926,0.8571428571428572,8,per_run_oof
mistral_7b_instruct_v0p3__arc_test_00073_ed2fea3a__temp1.00__seed7,0.1556971884293255,,8,per_run_oof
mistral_7b_instruct_v0p3__arc_test_00074_86e6443b__temp0.10__seed7,0.24150137846494424,1.0,8,per_run_oof
mistral_7b_instruct_v0p3__arc_test_00074_86e6443b__temp0.60__seed7,0.14838052554939124,,8,per_run_oof
mistral_7b_instruct_v0p3__arc_test_00074_86e6443b__temp1.00__seed7,0.17487062674478632,0.8666666666666667,8,per_run_oof
mistral_7b_instruct_v0p3__arc_test_00075_fc461c98__temp0.10__seed7,0.1939898262168869,,8,per_run_oof
mistral_7b_instruct_v0p3__arc_test_00075_fc461c98__temp0.60__seed7,0.2324315861506263,1.0,8,per_run_oof
mistral_7b_instruct_v0p3__arc_test_00075_fc461c98__temp1.00__seed7,0.10012774494164073,1.0,8,per_run_oof
mistral_7b_instruct_v0p3__arc_test_00076_e201619a__temp0.10__seed7,0.2036025111962435,0.75,8,per_run_oof
mistral_7b_instruct_v0p3__arc_test_00076_e201619a__temp0.60__seed7,0.23359920361803835,0.8,8,per_run_oof
mistral_7b_instruct_v0p3__arc_test_00076_e201619a__temp1.00__seed7,0.17229248891628524,,8,per_run_oof
mistral_7b_instruct_v0p3__arc_test_00077_cbb70e60__temp0.10__seed7,0.19531008492409876,,8,per_run_oof
mistral_7b_instruct_v0p3__arc_test_00077_cbb70e60__temp0.60__seed7,0.38376257705738825,,8,per_run_oof
mistral_7b_instruct_v0p3__arc_test_00077_cbb70e60__temp1.00__seed7,0.29530305577473126,0.8333333333333334,8,per_run_oof
mistral_7b_instruct_v0p3__arc_test_00078_9d260e71__temp0.10__seed7,0.29053677202250483,,8,per_run_oof
mistral_7b_instruct_v0p3__arc_test_00078_9d260e71__temp0.60__seed7,0.19303054769153363,,8,per_run_oof
mistral_7b_instruct_v0p3__arc_test_00078_9d260e71__temp1.00__seed7,0.15890027148332714,,8,per_run_oof
mistral_7b_instruct_v0p3__arc_test_00079_73a6dca6__temp0.10__seed7,0.2669581010223591,0.1428571428571429,8,per_run_oof
mistral_7b_instruct_v0p3__arc_test_00079_73a6dca6__temp0.60__seed7,0.41204478582562715,0.06666666666666665,8,per_run_oof
mistral_7b_instruct_v0p3__arc_test_00079_73a6dca6__temp1.00__seed7,0.2515644224558713,,8,per_run_oof
mistral_7b_instruct_v0p3__arc_test_00080_a44020c4__temp0.10__seed7,0.17638469754650957,,8,per_run_oof
mistral_7b_instruct_v0p3__arc_test_00080_a44020c4__temp0.60__seed7,0.12220432048781363,,8,per_run_oof
mistral_7b_instruct_v0p3__arc_test_00080_a44020c4__temp1.00__seed7,0.19304256442976922,,8,per_run_oof
mistral_7b_instruct_v0p3__arc_test_00081_e1b4d5ef__temp0.10__seed7,0.2345163596450762,0.5333333333333333,8,per_run_oof
mistral_7b_instruct_v0p3__arc_test_00081_e1b4d5ef__temp0.60__seed7,0.2982755095806799,,8,per_run_oof
mistral_7b_instruct_v0p3__arc_test_00081_e1b4d5ef__temp1.00__seed7,0.2932112508793553,0.5625,8,per_run_oof
mistral_7b_instruct_v0p3__arc_test_00082_02dec4b3__temp0.10__seed7,0.14321660217775353,,8,per_run_oof
mistral_7b_instruct_v0p3__arc_test_00082_02dec4b3__temp0.60__seed7,0.31806862339409236,,8,per_run_oof
mistral_7b_instruct_v0p3__arc_test_00082_02dec4b3__temp1.00__seed7,0.2512368710084294,0.3333333333333333,8,per_run_oof
mistral_7b_instruct_v0p3__arc_test_00083_4aac759c__temp0.10__seed7,0.21226741561556486,,8,per_run_oof
mistral_7b_instruct_v0p3__arc_test_00083_4aac759c__temp0.60__seed7,0.18528829462811,,8,per_run_oof
mistral_7b_instruct_v0p3__arc_test_00083_4aac759c__temp1.00__seed7,0.245291985401096,,8,per_run_oof
mistral_7b_instruct_v0p3__arc_test_00084_12ae98c6__temp0.10__seed7,0.22484533290878586,,8,per_run_oof
mistral_7b_instruct_v0p3__arc_test_00084_12ae98c6__temp0.60__seed7,0.36897647376275744,0.5,8,per_run_oof
mistral_7b_instruct_v0p3__arc_test_00084_12ae98c6__temp1.00__seed7,0.26364487585787577,,8,per_run_oof
mistral_7b_instruct_v0p3__arc_test_00085_63d1eedd__temp0.10__seed7,0.198202098814524,,8,per_run_oof
mistral_7b_instruct_v0p3__arc_test_00085_63d1eedd__temp0.60__seed7,0.1698408128165001,,8,per_run_oof
mistral_7b_instruct_v0p3__arc_test_00085_63d1eedd__temp1.00__seed7,0.19850323022617333,1.0,8,per_run_oof
mistral_7b_instruct_v0p3__arc_test_00086_9f0f396a__temp0.10__seed7,0.22412361050016955,,8,per_run_oof
mistral_7b_instruct_v0p3__arc_test_00086_9f0f396a__temp0.60__seed7,0.17171040895267373,,8,per_run_oof
mistral_7b_instruct_v0p3__arc_test_00086_9f0f396a__temp1.00__seed7,0.25342593634128047,,8,per_run_oof
mistral_7b_instruct_v0p3__arc_test_00087_1238aced__temp0.10__seed7,0.230607652561435,,8,per_run_oof
mistral_7b_instruct_v0p3__arc_test_00087_1238aced__temp0.60__seed7,0.3810446365579616,,8,per_run_oof
mistral_7b_instruct_v0p3__arc_test_00087_1238aced__temp1.00__seed7,0.3821261033891484,,8,per_run_oof
mistral_7b_instruct_v0p3__arc_test_00088_09b7c1fe__temp0.10__seed7,0.23776675371195496,,8,per_run_oof
mistral_7b_instruct_v0p3__arc_test_00088_09b7c1fe__temp0.60__seed7,0.1608687305982561,,8,per_run_oof
mistral_7b_instruct_v0p3__arc_test_00088_09b7c1fe__temp1.00__seed7,0.18593540986905133,,8,per_run_oof
mistral_7b_instruct_v0p3__arc_test_00089_f6eda772__temp0.10__seed7,0.3793385273275625,0.0,8,per_run_oof
mistral_7b_instruct_v0p3__arc_test_00089_f6eda772__temp0.60__seed7,0.36488974003334884,,8,per_run_oof
mistral_7b_instruct_v0p3__arc_test_00089_f6eda772__temp1.00__seed7,0.3133905411367841,,8,per_run_oof
mistral_7b_instruct_v0p3__arc_test_00090_d52bf241__temp0.10__seed7,0.2703551647474808,,8,per_run_oof
mistral_7b_instruct_v0p3__arc_test_00090_d52bf241__temp0.60__seed7,0.31324108423562963,,8,per_run_oof
mistral_7b_instruct_v0p3__arc_test_00090_d52bf241__temp1.00__seed7,0.1992580112705053,,8,per_run_oof
mistral_7b_instruct_v0p3__arc_test_00091_eec80c32__temp0.10__seed7,0.3651458934062715,0.19999999999999996,8,per_run_oof
mistral_7b_instruct_v0p3__arc_test_00091_eec80c32__temp0.60__seed7,0.21631657933689477,,8,per_run_oof
mistral_7b_instruct_v0p3__arc_test_00091_eec80c32__temp1.00__seed7,0.20669599929606575,,8,per_run_oof
mistral_7b_instruct_v0p3__arc_test_00092_25cc90e9__temp0.10__seed7,0.25387696057293957,,8,per_run_oof
mistral_7b_instruct_v0p3__arc_test_00092_25cc90e9__temp0.60__seed7,0.24435606563180826,,8,per_run_oof
mistral_7b_instruct_v0p3__arc_test_00092_25cc90e9__temp1.00__seed7,0.2781312038462164,0.6,8,per_run_oof
mistral_7b_instruct_v0p3__arc_test_00093_ffa047d0__temp0.10__seed7,0.31859086770657846,,8,per_run_oof
mistral_7b_instruct_v0p3__arc_test_00093_ffa047d0__temp0.60__seed7,0.2725573820337373,,8,per_run_oof
mistral_7b_instruct_v0p3__arc_test_00093_ffa047d0__temp1.00__seed7,0.22037738543105795,0.7500000000000001,8,per_run_oof
mistral_7b_instruct_v0p3__arc_test_00094_2b05164d__temp0.10__seed7,0.21758278974619905,1.0,8,per_run_oof
mistral_7b_instruct_v0p3__arc_test_00094_2b05164d__temp0.60__seed7,0.2223710229353822,0.7333333333333333,8,per_run_oof
mistral_7b_instruct_v0p3__arc_test_00094_2b05164d__temp1.00__seed7,0.18166282707132841,,8,per_run_oof
mistral_7b_instruct_v0p3__arc_test_00095_722bf474__temp0.10__seed7,0.16744610907939284,,8,per_run_oof
mistral_7b_instruct_v0p3__arc_test_00095_722bf474__temp0.60__seed7,0.20204766048979692,,8,per_run_oof
mistral_7b_instruct_v0p3__arc_test_00095_722bf474__temp1.00__seed7,0.17497366628486677,,8,per_run_oof
mistral_7b_instruct_v0p3__arc_test_00096_a416b353__temp0.10__seed7,0.18104811810900645,,8,per_run_oof
mistral_7b_instruct_v0p3__arc_test_00096_a416b353__temp0.60__seed7,0.16071620293493627,,8,per_run_oof
mistral_7b_instruct_v0p3__arc_test_00096_a416b353__temp1.00__seed7,0.18550185454802887,,8,per_run_oof
mistral_7b_instruct_v0p3__arc_test_00097_d48ca1a8__temp0.10__seed7,0.16136766939476255,,8,per_run_oof
mistral_7b_instruct_v0p3__arc_test_00097_d48ca1a8__temp0.60__seed7,0.1588316991017566,,8,per_run_oof
mistral_7b_instruct_v0p3__arc_test_00097_d48ca1a8__temp1.00__seed7,0.18479711183644992,0.8,8,per_run_oof
mistral_7b_instruct_v0p3__arc_test_00098_f974ffda__temp0.10__seed7,0.2596899018248121,,8,per_run_oof
mistral_7b_instruct_v0p3__arc_test_00098_f974ffda__temp0.60__seed7,0.23286810586341966,,8,per_run_oof
mistral_7b_instruct_v0p3__arc_test_00098_f974ffda__temp1.00__seed7,0.27228282235894824,,8,per_run_oof
mistral_7b_instruct_v0p3__arc_test_00099_4d9d0c52__temp0.10__seed7,0.10268287027686077,,8,per_run_oof
mistral_7b_instruct_v0p3__arc_test_00099_4d9d0c52__temp0.60__seed7,0.13288058200416736,,8,per_run_oof
mistral_7b_instruct_v0p3__arc_test_00099_4d9d0c52__temp1.00__seed7,0.11681055920076011,,8,per_run_oof
mistral_7b_instruct_v0p3__arc_test_00100_ce179d3c__temp0.10__seed7,0.11916246305413127,,8,per_run_oof
mistral_7b_instruct_v0p3__arc_test_00100_ce179d3c__temp0.60__seed7,0.1981910497075548,,8,per_run_oof
mistral_7b_instruct_v0p3__arc_test_00100_ce179d3c__temp1.00__seed7,0.21692437759505145,,8,per_run_oof
mistral_7b_instruct_v0p3__arc_test_00101_d427e017__temp0.10__seed7,0.1462532798905328,,8,per_run_oof
mistral_7b_instruct_v0p3__arc_test_00101_d427e017__temp0.60__seed7,0.2504725158579363,0.8571428571428571,8,per_run_oof
mistral_7b_instruct_v0p3__arc_test_00101_d427e017__temp1.00__seed7,0.2222467040826578,1.0,8,per_run_oof
mistral_7b_instruct_v0p3__arc_test_00102_4c432e78__temp0.10__seed7,0.3442392402568826,,8,per_run_oof
mistral_7b_instruct_v0p3__arc_test_00102_4c432e78__temp0.60__seed7,0.19904448027387062,,8,per_run_oof
mistral_7b_instruct_v0p3__arc_test_00102_4c432e78__temp1.00__seed7,0.21043301105323148,0.1428571428571429,8,per_run_oof
mistral_7b_instruct_v0p3__arc_test_00103_58df92c7__temp0.10__seed7,0.21398190228477867,0.6,8,per_run_oof
mistral_7b_instruct_v0p3__arc_test_00103_58df92c7__temp0.60__seed7,0.2643196847312194,0.6666666666666666,8,per_run_oof
mistral_7b_instruct_v0p3__arc_test_00103_58df92c7__temp1.00__seed7,0.19862720669808231,,8,per_run_oof
mistral_7b_instruct_v0p3__arc_test_00104_a0fbbd6b__temp0.10__seed7,0.2056335070209908,0.8571428571428571,8,per_run_oof
mistral_7b_instruct_v0p3__arc_test_00104_a0fbbd6b__temp0.60__seed7,0.35258425810933824,,8,per_run_oof
mistral_7b_instruct_v0p3__arc_test_00104_a0fbbd6b__temp1.00__seed7,0.2904371138359522,,8,per_run_oof
mistral_7b_instruct_v0p3__arc_test_00105_2d55a679__temp0.10__seed7,0.2943618379264171,,8,per_run_oof
mistral_7b_instruct_v0p3__arc_test_00105_2d55a679__temp0.60__seed7,0.2343439089130162,,8,per_run_oof
mistral_7b_instruct_v0p3__arc_test_00105_2d55a679__temp1.00__seed7,0.226208301086855,0.5833333333333334,8,per_run_oof
mistral_7b_instruct_v0p3__arc_test_00106_2a02de88__temp0.10__seed7,0.2960330186236685,,8,per_run_oof
mistral_7b_instruct_v0p3__arc_test_00106_2a02de88__temp0.60__seed7,0.18231752272423668,,8,per_run_oof
mistral_7b_instruct_v0p3__arc_test_00106_2a02de88__temp1.00__seed7,0.2317910662730353,0.42857142857142855,8,per_run_oof
mistral_7b_instruct_v0p3__arc_test_00107_1ad2fb25__temp0.10__seed7,0.14290468867859274,,8,per_run_oof
mistral_7b_instruct_v0p3__arc_test_00107_1ad2fb25__temp0.60__seed7,0.17331244409366575,,8,per_run_oof
mistral_7b_instruct_v0p3__arc_test_00107_1ad2fb25__temp1.00__seed7,0.22095371861468846,,8,per_run_oof
mistral_7b_instruct_v0p3__arc_test_00108_b35bbe2a__temp0.10__seed7,0.2747264571748661,,8,per_run_oof
mistral_7b_instruct_v0p3__arc_test_00108_b35bbe2a__temp0.60__seed7,0.24222653859959634,0.4166666666666667,8,per_run_oof
mistral_7b_instruct_v0p3__arc_test_00108_b35bbe2a__temp1.00__seed7,0.21909812943778997,,8,per_run_oof
mistral_7b_instruct_v0p3__arc_test_00109_70bcbd08__temp0.10__seed7,0.1583687515246502,0.7142857142857143,8,per_run_oof
mistral_7b_instruct_v0p3__arc_test_00109_70bcbd08__temp0.60__seed7,0.18712684419276204,,8,per_run_oof
mistral_7b_instruct_v0p3__arc_test_00109_70bcbd08__temp1.00__seed7,0.20893429296727042,,8,per_run_oof
mistral_7b_instruct_v0p3__arc_test_00110_f0d7582a__temp0.10__seed7,0.24183346230034763,0.8571428571428571,8,per_run_oof
mistral_7b_instruct_v0p3__arc_test_00110_f0d7582a__temp0.60__seed7,0.16824810479968866,,8,per_run_oof
mistral_7b_instruct_v0p3__arc_test_00110_f0d7582a__temp1.00__seed7,0.14584254356001242,,8,per_run_oof
mistral_7b_instruct_v0p3__arc_test_00111_fc89f3f2__temp0.10__seed7,0.15758334788111977,1.0,8,per_run_oof
mistral_7b_instruct_v0p3__arc_test_00111_fc89f3f2__temp0.60__seed7,0.2208209625577453,,8,per_run_oof
mistral_7b_instruct_v0p3__arc_test_00111_fc89f3f2__temp1.00__seed7,0.21575496475172168,,8,per_run_oof
mistral_7b_instruct_v0p3__arc_test_00112_4bcd3ac1__temp0.10__seed7,0.22001584534034144,,8,per_run_oof
mistral_7b_instruct_v0p3__arc_test_00112_4bcd3ac1__temp0.60__seed7,0.2330169838341642,0.7333333333333333,8,per_run_oof
mistral_7b_instruct_v0p3__arc_test_00112_4bcd3ac1__temp1.00__seed7,0.203375083327876,0.75,8,per_run_oof
mistral_7b_instruct_v0p3__arc_test_00113_32901c5f__temp0.10__seed7,0.13049191069403782,,8,per_run_oof
mistral_7b_instruct_v0p3__arc_test_00113_32901c5f__temp0.60__seed7,0.14547855086887634,,8,per_run_oof
mistral_7b_instruct_v0p3__arc_test_00113_32901c5f__temp1.00__seed7,0.16154315728931543,,8,per_run_oof
mistral_7b_instruct_v0p3__arc_test_00114_43d0cf66__temp0.10__seed7,0.17429103211842947,,8,per_run_oof
mistral_7b_instruct_v0p3__arc_test_00114_43d0cf66__temp0.60__seed7,0.19321771588831366,,8,per_run_oof
mistral_7b_instruct_v0p3__arc_test_00114_43d0cf66__temp1.00__seed7,0.17149436292699793,,8,per_run_oof
mistral_7b_instruct_v0p3__arc_test_00115_56efbf0d__temp0.10__seed7,0.25546225498843544,,8,per_run_oof
mistral_7b_instruct_v0p3__arc_test_00115_56efbf0d__temp0.60__seed7,0.27405925361633854,,8,per_run_oof
mistral_7b_instruct_v0p3__arc_test_00115_56efbf0d__temp1.00__seed7,0.14033809441390024,,8,per_run_oof
mistral_7b_instruct_v0p3__arc_test_00116_08d3d129__temp0.10__seed7,0.20779611822010546,,8,per_run_oof
mistral_7b_instruct_v0p3__arc_test_00116_08d3d129__temp0.60__seed7,0.11597399552241001,,8,per_run_oof
mistral_7b_instruct_v0p3__arc_test_00116_08d3d129__temp1.00__seed7,0.21584955192087674,0.8333333333333334,8,per_run_oof
mistral_7b_instruct_v0p3__arc_test_00117_da3420e1__temp0.10__seed7,0.3881691220809219,,8,per_run_oof
mistral_7b_instruct_v0p3__arc_test_00117_da3420e1__temp0.60__seed7,0.1271559483313724,,8,per_run_oof
mistral_7b_instruct_v0p3__arc_test_00117_da3420e1__temp1.00__seed7,0.27616783694354113,,8,per_run_oof
mistral_7b_instruct_v0p3__arc_test_00118_3edfe427__temp0.10__seed7,0.17458107096681436,,8,per_run_oof
mistral_7b_instruct_v0p3__arc_test_00118_3edfe427__temp0.60__seed7,0.17070001225564985,,8,per_run_oof
mistral_7b_instruct_v0p3__arc_test_00118_3edfe427__temp1.00__seed7,0.1658243014719685,,8,per_run_oof
mistral_7b_instruct_v0p3__arc_test_00119_c47d514f__temp0.10__seed7,0.17207919591211626,,8,per_run_oof
mistral_7b_instruct_v0p3__arc_test_00119_c47d514f__temp0.60__seed7,0.4922393675700948,,8,per_run_oof
mistral_7b_instruct_v0p3__arc_test_00119_c47d514f__temp1.00__seed7,0.18038039794442157,0.8333333333333334,8,per_run_oof
mistral_7b_instruct_v0p3__arc_test_00120_b6152894__temp0.10__seed7,0.18242834293545263,0.1428571428571429,8,per_run_oof
mistral_7b_instruct_v0p3__arc_test_00120_b6152894__temp0.60__seed7,0.19254739361662435,,8,per_run_oof
mistral_7b_instruct_v0p3__arc_test_00120_b6152894__temp1.00__seed7,0.37808624940477054,0.0,8,per_run_oof
mistral_7b_instruct_v0p3__arc_test_00121_817d2f09__temp0.10__seed7,0.17501320659383585,,8,per_run_oof
mistral_7b_instruct_v0p3__arc_test_00121_817d2f09__temp0.60__seed7,0.1945084915070771,,8,per_run_oof
mistral_7b_instruct_v0p3__arc_test_00121_817d2f09__temp1.00__seed7,0.18937312537950984,,8,per_run_oof
mistral_7b_instruct_v0p3__arc_test_00122_e254ba57__temp0.10__seed7,0.32908469078528557,,8,per_run_oof
mistral_7b_instruct_v0p3__arc_test_00122_e254ba57__temp0.60__seed7,0.3125035842111481,,8,per_run_oof
mistral_7b_instruct_v0p3__arc_test_00122_e254ba57__temp1.00__seed7,0.30957078550559874,,8,per_run_oof
mistral_7b_instruct_v0p3__arc_test_00123_79966ff1__temp0.10__seed7,0.12596449630313244,,8,per_run_oof
mistral_7b_instruct_v0p3__arc_test_00123_79966ff1__temp0.60__seed7,0.18602450497443265,,8,per_run_oof
mistral_7b_instruct_v0p3__arc_test_00123_79966ff1__temp1.00__seed7,0.14324586966067743,,8,per_run_oof
mistral_7b_instruct_v0p3__arc_test_00124_fa94e97d__temp0.10__seed7,0.16426460439950252,,8,per_run_oof
mistral_7b_instruct_v0p3__arc_test_00124_fa94e97d__temp0.60__seed7,0.16644659954760258,,8,per_run_oof
mistral_7b_instruct_v0p3__arc_test_00124_fa94e97d__temp1.00__seed7,0.18349645718934526,,8,per_run_oof
mistral_7b_instruct_v0p3__arc_test_00125_37e8898b__temp0.10__seed7,0.22734098852482681,0.7142857142857143,8,per_run_oof
mistral_7b_instruct_v0p3__arc_test_00125_37e8898b__temp0.60__seed7,0.31319874094696293,0.6666666666666666,8,per_run_oof
mistral_7b_instruct_v0p3__arc_test_00125_37e8898b__temp1.00__seed7,0.2612369501770774,0.8125,8,per_run_oof
mistral_7b_instruct_v0p3__arc_test_00126_455c64d7__temp0.10__seed7,0.3259349092399122,,8,per_run_oof
mistral_7b_instruct_v0p3__arc_test_00126_455c64d7__temp0.60__seed7,0.32841810750847117,,8,per_run_oof
mistral_7b_instruct_v0p3__arc_test_00126_455c64d7__temp1.00__seed7,0.288346289902353,,8,per_run_oof
mistral_7b_instruct_v0p3__arc_test_00127_9cf81ecf__temp0.10__seed7,0.2709343974201077,,8,per_run_oof
mistral_7b_instruct_v0p3__arc_test_00127_9cf81ecf__temp0.60__seed7,0.28352832222802227,,8,per_run_oof
mistral_7b_instruct_v0p3__arc_test_00127_9cf81ecf__temp1.00__seed7,0.20809121406786735,0.2857142857142857,8,per_run_oof
mistral_7b_instruct_v0p3__arc_test_00128_ddc460f2__temp0.10__seed7,0.1663717116101287,,8,per_run_oof
mistral_7b_instruct_v0p3__arc_test_00128_ddc460f2__temp0.60__seed7,0.20364519286028876,,8,per_run_oof
mistral_7b_instruct_v0p3__arc_test_00128_ddc460f2__temp1.00__seed7,0.22290220829036442,,8,per_run_oof
mistral_7b_instruct_v0p3__arc_test_00129_fde0c41b__temp0.10__seed7,0.20877883560208405,,8,per_run_oof
mistral_7b_instruct_v0p3__arc_test_00129_fde0c41b__temp0.60__seed7,0.1534821928818476,,8,per_run_oof
mistral_7b_instruct_v0p3__arc_test_00129_fde0c41b__temp1.00__seed7,0.1558433995238442,,8,per_run_oof
mistral_7b_instruct_v0p3__arc_test_00130_b78a68c2__temp0.10__seed7,0.1448371737376018,,8,per_run_oof
mistral_7b_instruct_v0p3__arc_test_00130_b78a68c2__temp0.60__seed7,0.21490816244574823,,8,per_run_oof
mistral_7b_instruct_v0p3__arc_test_00130_b78a68c2__temp1.00__seed7,0.1527441537658405,,8,per_run_oof
mistral_7b_instruct_v0p3__arc_test_00131_1e04f7f3__temp0.10__seed7,0.1904352741671357,1.0,8,per_run_oof
mistral_7b_instruct_v0p3__arc_test_00131_1e04f7f3__temp0.60__seed7,0.2215751638974035,,8,per_run_oof
mistral_7b_instruct_v0p3__arc_test_00131_1e04f7f3__temp1.00__seed7,0.20169708848619183,,8,per_run_oof
mistral_7b_instruct_v0p3__arc_test_00132_3856b48c__temp0.10__seed7,0.15615136480102243,,8,per_run_oof
mistral_7b_instruct_v0p3__arc_test_00132_3856b48c__temp0.60__seed7,0.12560864578403555,,8,per_run_oof
mistral_7b_instruct_v0p3__arc_test_00132_3856b48c__temp1.00__seed7,0.14131559324170004,,8,per_run_oof
mistral_7b_instruct_v0p3__arc_test_00133_fa32a5b7__temp0.10__seed7,0.2806352503243101,0.1428571428571429,8,per_run_oof
mistral_7b_instruct_v0p3__arc_test_00133_fa32a5b7__temp0.60__seed7,0.31773222048526245,,8,per_run_oof
mistral_7b_instruct_v0p3__arc_test_00133_fa32a5b7__temp1.00__seed7,0.32240243037730093,,8,per_run_oof
mistral_7b_instruct_v0p3__arc_test_00134_19415ae4__temp0.10__seed7,0.14515684526908312,,8,per_run_oof
mistral_7b_instruct_v0p3__arc_test_00134_19415ae4__temp0.60__seed7,0.15609010746180013,,8,per_run_oof
mistral_7b_instruct_v0p3__arc_test_00134_19415ae4__temp1.00__seed7,0.2006491954169875,,8,per_run_oof
mistral_7b_instruct_v0p3__arc_test_00135_f4ce879e__temp0.10__seed7,0.11698816574948531,0.8571428571428572,8,per_run_oof
mistral_7b_instruct_v0p3__arc_test_00135_f4ce879e__temp0.60__seed7,0.16899130914895447,0.4285714285714286,8,per_run_oof
mistral_7b_instruct_v0p3__arc_test_00135_f4ce879e__temp1.00__seed7,0.14941246897994073,,8,per_run_oof
mistral_7b_instruct_v0p3__arc_test_00136_35b5670f__temp0.10__seed7,0.17532634522672408,,8,per_run_oof
mistral_7b_instruct_v0p3__arc_test_00136_35b5670f__temp0.60__seed7,0.19048600663517418,,8,per_run_oof
mistral_7b_instruct_v0p3__arc_test_00136_35b5670f__temp1.00__seed7,0.16481873728910446,,8,per_run_oof
mistral_7b_instruct_v0p3__arc_test_00137_308a8747__temp0.10__seed7,0.22920299459448476,,8,per_run_oof
mistral_7b_instruct_v0p3__arc_test_00137_308a8747__temp0.60__seed7,0.2325561047611132,0.7142857142857143,8,per_run_oof
mistral_7b_instruct_v0p3__arc_test_00137_308a8747__temp1.00__seed7,0.08662134257510003,,8,per_run_oof
mistral_7b_instruct_v0p3__arc_test_00138_7b80c598__temp0.10__seed7,0.18061194402582348,,8,per_run_oof
mistral_7b_instruct_v0p3__arc_test_00138_7b80c598__temp0.60__seed7,0.1767449631392361,,8,per_run_oof
mistral_7b_instruct_v0p3__arc_test_00138_7b80c598__temp1.00__seed7,0.2109126938474914,,8,per_run_oof
mistral_7b_instruct_v0p3__arc_test_00139_889893b5__temp0.10__seed7,0.21720318128117777,1.0,8,per_run_oof
mistral_7b_instruct_v0p3__arc_test_00139_889893b5__temp0.60__seed7,0.1269226623001727,,8,per_run_oof
mistral_7b_instruct_v0p3__arc_test_00139_889893b5__temp1.00__seed7,0.15045309447271898,,8,per_run_oof
mistral_7b_instruct_v0p3__arc_test_00140_af156b8d__temp0.10__seed7,0.20792150738911783,,8,per_run_oof
mistral_7b_instruct_v0p3__arc_test_00140_af156b8d__temp0.60__seed7,0.1660365955501939,,8,per_run_oof
mistral_7b_instruct_v0p3__arc_test_00140_af156b8d__temp1.00__seed7,0.16202140292351835,,8,per_run_oof
mistral_7b_instruct_v0p3__arc_test_00141_38c02509__temp0.10__seed7,0.1339747558553499,,8,per_run_oof
mistral_7b_instruct_v0p3__arc_test_00141_38c02509__temp0.60__seed7,0.31468914142974164,0.6666666666666667,8,per_run_oof
mistral_7b_instruct_v0p3__arc_test_00141_38c02509__temp1.00__seed7,0.12586306524383686,,8,per_run_oof
mistral_7b_instruct_v0p3__arc_test_00142_8f55df16__temp0.10__seed7,0.2315452960482356,,8,per_run_oof
mistral_7b_instruct_v0p3__arc_test_00142_8f55df16__temp0.60__seed7,0.11052284665884088,,8,per_run_oof
mistral_7b_instruct_v0p3__arc_test_00142_8f55df16__temp1.00__seed7,0.3004635339410462,,8,per_run_oof
mistral_7b_instruct_v0p3__arc_test_00143_f01860a1__temp0.10__seed7,0.1570173608359448,,8,per_run_oof
mistral_7b_instruct_v0p3__arc_test_00143_f01860a1__temp0.60__seed7,0.17569064395068879,,8,per_run_oof
mistral_7b_instruct_v0p3__arc_test_00143_f01860a1__temp1.00__seed7,0.17916347258135287,,8,per_run_oof
mistral_7b_instruct_v0p3__arc_test_00144_27670959__temp0.10__seed7,0.12367160996487374,,8,per_run_oof
mistral_7b_instruct_v0p3__arc_test_00144_27670959__temp0.60__seed7,0.21976444867752173,,8,per_run_oof
mistral_7b_instruct_v0p3__arc_test_00144_27670959__temp1.00__seed7,0.2768996003475665,0.0,8,per_run_oof
mistral_7b_instruct_v0p3__arc_test_00145_75096f81__temp0.10__seed7,0.23692892759961615,,8,per_run_oof
mistral_7b_instruct_v0p3__arc_test_00145_75096f81__temp0.60__seed7,0.29956728285565226,,8,per_run_oof
mistral_7b_instruct_v0p3__arc_test_00145_75096f81__temp1.00__seed7,0.20238522078711435,,8,per_run_oof
mistral_7b_instruct_v0p3__arc_test_00146_2b88c50d__temp0.10__seed7,0.10031645817307219,,8,per_run_oof
mistral_7b_instruct_v0p3__arc_test_00146_2b88c50d__temp0.60__seed7,0.11256855680484253,,8,per_run_oof
mistral_7b_instruct_v0p3__arc_test_00146_2b88c50d__temp1.00__seed7,0.20781227021661042,,8,per_run_oof
mistral_7b_instruct_v0p3__arc_test_00147_e6a31c8f__temp0.10__seed7,0.12751334304763154,,8,per_run_oof
mistral_7b_instruct_v0p3__arc_test_00147_e6a31c8f__temp0.60__seed7,0.23647957593013785,,8,per_run_oof
mistral_7b_instruct_v0p3__arc_test_00147_e6a31c8f__temp1.00__seed7,0.223798958879931,0.8571428571428571,8,per_run_oof
mistral_7b_instruct_v0p3__arc_test_00148_58c7396e__temp0.10__seed7,0.2702674439889289,,8,per_run_oof
mistral_7b_instruct_v0p3__arc_test_00148_58c7396e__temp0.60__seed7,0.17134977835139223,,8,per_run_oof
mistral_7b_instruct_v0p3__arc_test_00148_58c7396e__temp1.00__seed7,0.22492819007802486,1.0,8,per_run_oof
mistral_7b_instruct_v0p3__arc_test_00149_8c977ff0__temp0.10__seed7,0.2612481734090634,0.2857142857142857,8,per_run_oof
mistral_7b_instruct_v0p3__arc_test_00149_8c977ff0__temp0.60__seed7,0.19709471284223964,,8,per_run_oof
mistral_7b_instruct_v0p3__arc_test_00149_8c977ff0__temp1.00__seed7,0.26517467399443423,,8,per_run_oof
mistral_7b_instruct_v0p3__arc_test_00150_9a244739__temp0.10__seed7,0.24061116680016503,,8,per_run_oof
mistral_7b_instruct_v0p3__arc_test_00150_9a244739__temp0.60__seed7,0.39012384949476553,,8,per_run_oof
mistral_7b_instruct_v0p3__arc_test_00150_9a244739__temp1.00__seed7,0.3210721399874475,0.1428571428571429,8,per_run_oof
mistral_7b_instruct_v0p3__arc_test_00151_80fd0076__temp0.10__seed7,0.15662797414548602,0.5714285714285714,8,per_run_oof
mistral_7b_instruct_v0p3__arc_test_00151_80fd0076__temp0.60__seed7,0.2056807835983541,,8,per_run_oof
mistral_7b_instruct_v0p3__arc_test_00151_80fd0076__temp1.00__seed7,0.26152940484275883,,8,per_run_oof
mistral_7b_instruct_v0p3__arc_test_00152_5e9217b5__temp0.10__seed7,0.2735831546185052,0.8571428571428571,8,per_run_oof
mistral_7b_instruct_v0p3__arc_test_00152_5e9217b5__temp0.60__seed7,0.20623276604787258,,8,per_run_oof
mistral_7b_instruct_v0p3__arc_test_00152_5e9217b5__temp1.00__seed7,0.2817742707260309,0.5333333333333333,8,per_run_oof
mistral_7b_instruct_v0p3__arc_test_00153_2d4afb75__temp0.10__seed7,0.45901904609180777,,8,per_run_oof
mistral_7b_instruct_v0p3__arc_test_00153_2d4afb75__temp0.60__seed7,0.24711644280919798,,8,per_run_oof
mistral_7b_instruct_v0p3__arc_test_00153_2d4afb75__temp1.00__seed7,0.15963929887000328,,8,per_run_oof
mistral_7b_instruct_v0p3__arc_test_00154_224d0261__temp0.10__seed7,0.537266467869195,,8,per_run_oof
mistral_7b_instruct_v0p3__arc_test_00154_224d0261__temp0.60__seed7,0.27763928654626546,,8,per_run_oof
mistral_7b_instruct_v0p3__arc_test_00154_224d0261__temp1.00__seed7,0.23161569031676651,,8,per_run_oof
mistral_7b_instruct_v0p3__arc_test_00155_ca1b941c__temp0.10__seed7,0.19845225597677374,,8,per_run_oof
mistral_7b_instruct_v0p3__arc_test_00155_ca1b941c__temp0.60__seed7,0.27405349788045996,,8,per_run_oof
mistral_7b_instruct_v0p3__arc_test_00155_ca1b941c__temp1.00__seed7,0.18476838416204286,,8,per_run_oof
mistral_7b_instruct_v0p3__arc_test_00156_ee094300__temp0.10__seed7,0.16420646315774343,,8,per_run_oof
mistral_7b_instruct_v0p3__arc_test_00156_ee094300__temp0.60__seed7,0.41167081398078975,,8,per_run_oof
mistral_7b_instruct_v0p3__arc_test_00156_ee094300__temp1.00__seed7,0.2831951301744015,,8,per_run_oof
mistral_7b_instruct_v0p3__arc_test_00157_f89a1068__temp0.10__seed7,0.19450222782823956,,8,per_run_oof
mistral_7b_instruct_v0p3__arc_test_00157_f89a1068__temp0.60__seed7,0.141517583844603,,8,per_run_oof
mistral_7b_instruct_v0p3__arc_test_00157_f89a1068__temp1.00__seed7,0.1668435889781489,,8,per_run_oof
mistral_7b_instruct_v0p3__arc_test_00158_ec72f274__temp0.10__seed7,0.2218761339948399,,8,per_run_oof
mistral_7b_instruct_v0p3__arc_test_00158_ec72f274__temp0.60__seed7,0.2752311669312758,0.6,8,per_run_oof
mistral_7b_instruct_v0p3__arc_test_00158_ec72f274__temp1.00__seed7,0.2534992215841325,,8,per_run_oof
mistral_7b_instruct_v0p3__arc_test_00159_33a9d07e__temp0.10__seed7,0.207543679099352,1.0,8,per_run_oof
mistral_7b_instruct_v0p3__arc_test_00159_33a9d07e__temp0.60__seed7,0.2758547342214096,,8,per_run_oof
mistral_7b_instruct_v0p3__arc_test_00159_33a9d07e__temp1.00__seed7,0.2860502566442841,0.6000000000000001,8,per_run_oof
mistral_7b_instruct_v0p3__arc_test_00160_c1c6d9ce__temp0.10__seed7,0.3218691926435109,0.1428571428571429,8,per_run_oof
mistral_7b_instruct_v0p3__arc_test_00160_c1c6d9ce__temp0.60__seed7,0.13998060700317705,,8,per_run_oof
mistral_7b_instruct_v0p3__arc_test_00160_c1c6d9ce__temp1.00__seed7,0.20188888337295166,0.4285714285714286,8,per_run_oof
mistral_7b_instruct_v0p3__arc_test_00161_7109ff3c__temp0.10__seed7,0.27835024707272343,,8,per_run_oof
mistral_7b_instruct_v0p3__arc_test_00161_7109ff3c__temp0.60__seed7,0.31657994293122377,0.6000000000000001,8,per_run_oof
mistral_7b_instruct_v0p3__arc_test_00161_7109ff3c__temp1.00__seed7,0.31011456095763856,,8,per_run_oof
mistral_7b_instruct_v0p3__arc_test_00162_ac76e6c7__temp0.10__seed7,0.16316631624821565,,8,per_run_oof
mistral_7b_instruct_v0p3__arc_test_00162_ac76e6c7__temp0.60__seed7,0.11043749820671145,,8,per_run_oof
mistral_7b_instruct_v0p3__arc_test_00162_ac76e6c7__temp1.00__seed7,0.1551092404427487,,8,per_run_oof
mistral_7b_instruct_v0p3__arc_test_00163_a8dc8e64__temp0.10__seed7,0.1617355225279607,,8,per_run_oof
mistral_7b_instruct_v0p3__arc_test_00163_a8dc8e64__temp0.60__seed7,0.2036099040220622,,8,per_run_oof
mistral_7b_instruct_v0p3__arc_test_00163_a8dc8e64__temp1.00__seed7,0.20686490642152497,,8,per_run_oof
mistral_7b_instruct_v0p3__arc_test_00164_c6cd4e9d__temp0.10__seed7,0.1935342227487612,,8,per_run_oof
mistral_7b_instruct_v0p3__arc_test_00164_c6cd4e9d__temp0.60__seed7,0.15017640352321643,,8,per_run_oof
mistral_7b_instruct_v0p3__arc_test_00164_c6cd4e9d__temp1.00__seed7,0.19841561866926177,,8,per_run_oof
mistral_7b_instruct_v0p3__arc_test_00165_5ab82acf__temp0.10__seed7,0.23792689769346703,,8,per_run_oof
mistral_7b_instruct_v0p3__arc_test_00165_5ab82acf__temp0.60__seed7,0.27304551851128406,,8,per_run_oof
mistral_7b_instruct_v0p3__arc_test_00165_5ab82acf__temp1.00__seed7,0.3412300755839419,,8,per_run_oof
mistral_7b_instruct_v0p3__arc_test_00166_ef208ee6__temp0.10__seed7,0.3459267800830088,,8,per_run_oof
mistral_7b_instruct_v0p3__arc_test_00166_ef208ee6__temp0.60__seed7,0.1962204922169435,,8,per_run_oof
mistral_7b_instruct_v0p3__arc_test_00166_ef208ee6__temp1.00__seed7,0.21159946691005904,,8,per_run_oof
mistral_7b_instruct_v0p3__arc_test_00167_35cdcebc__temp0.10__seed7,0.3932559284609306,,8,per_run_oof
mistral_7b_instruct_v0p3__arc_test_00167_35cdcebc__temp0.60__seed7,0.44715130678193504,,8,per_run_oof
mistral_7b_instruct_v0p3__arc_test_00167_35cdcebc__temp1.00__seed7,0.38006861591694574,,8,per_run_oof
mistral_7b_instruct_v0p3__arc_test_00168_b255fa40__temp0.10__seed7,0.17854574896692038,,8,per_run_oof
mistral_7b_instruct_v0p3__arc_test_00168_b255fa40__temp0.60__seed7,0.22569072675608762,,8,per_run_oof
mistral_7b_instruct_v0p3__arc_test_00168_b255fa40__temp1.00__seed7,0.18553894262087467,,8,per_run_oof
mistral_7b_instruct_v0p3__arc_test_00169_a1607bcb__temp0.10__seed7,0.1931310086940619,,8,per_run_oof
mistral_7b_instruct_v0p3__arc_test_00169_a1607bcb__temp0.60__seed7,0.14738001665168693,,8,per_run_oof
mistral_7b_instruct_v0p3__arc_test_00169_a1607bcb__temp1.00__seed7,0.22059747439973929,,8,per_run_oof
mistral_7b_instruct_v0p3__arc_test_00170_f44cfa7e__temp0.10__seed7,0.36904905928999054,,8,per_run_oof
mistral_7b_instruct_v0p3__arc_test_00170_f44cfa7e__temp0.60__seed7,0.3972399064718788,,8,per_run_oof
mistral_7b_instruct_v0p3__arc_test_00170_f44cfa7e__temp1.00__seed7,0.3294048440675529,0.8571428571428571,8,per_run_oof
mistral_7b_instruct_v0p3__arc_test_00171_612c4710__temp0.10__seed7,0.09918461733067983,,8,per_run_oof
mistral_7b_instruct_v0p3__arc_test_00171_612c4710__temp0.60__seed7,0.13408949646874974,,8,per_run_oof
mistral_7b_instruct_v0p3__arc_test_00171_612c4710__temp1.00__seed7,0.2945078387386399,,8,per_run_oof
mistral_7b_instruct_v0p3__arc_test_00172_c90d6043__temp0.10__seed7,0.4507328121209071,,8,per_run_oof
mistral_7b_instruct_v0p3__arc_test_00172_c90d6043__temp0.60__seed7,0.41445547078525335,,8,per_run_oof
mistral_7b_instruct_v0p3__arc_test_00172_c90d6043__temp1.00__seed7,0.19264154375324416,0.8571428571428571,8,per_run_oof
mistral_7b_instruct_v0p3__arc_test_00173_627098d1__temp0.10__seed7,0.17730233859541172,,8,per_run_oof
mistral_7b_instruct_v0p3__arc_test_00173_627098d1__temp0.60__seed7,0.17646371983761894,,8,per_run_oof
mistral_7b_instruct_v0p3__arc_test_00173_627098d1__temp1.00__seed7,0.11756682559292496,,8,per_run_oof
mistral_7b_instruct_v0p3__arc_test_00174_5f5df804__temp0.10__seed7,0.20223082122539787,,8,per_run_oof
mistral_7b_instruct_v0p3__arc_test_00174_5f5df804__temp0.60__seed7,0.2573883282019807,,8,per_run_oof
mistral_7b_instruct_v0p3__arc_test_00174_5f5df804__temp1.00__seed7,0.1781185685135181,,8,per_run_oof
mistral_7b_instruct_v0p3__arc_test_00175_eb8d450c__temp0.10__seed7,0.3023998604939564,,8,per_run_oof
mistral_7b_instruct_v0p3__arc_test_00175_eb8d450c__temp0.60__seed7,0.21762463366601212,,8,per_run_oof
mistral_7b_instruct_v0p3__arc_test_00175_eb8d450c__temp1.00__seed7,0.21450628030902683,,8,per_run_oof
mistral_7b_instruct_v0p3__arc_test_00176_9044ff73__temp0.10__seed7,0.19668080262385423,,8,per_run_oof
mistral_7b_instruct_v0p3__arc_test_00176_9044ff73__temp0.60__seed7,0.16970994289492397,,8,per_run_oof
mistral_7b_instruct_v0p3__arc_test_00176_9044ff73__temp1.00__seed7,0.23413452905383747,,8,per_run_oof
mistral_7b_instruct_v0p3__arc_test_00177_ecdb4f07__temp0.10__seed7,0.2916224141315428,0.8571428571428571,8,per_run_oof
mistral_7b_instruct_v0p3__arc_test_00177_ecdb4f07__temp0.60__seed7,0.18918453633456686,,8,per_run_oof
mistral_7b_instruct_v0p3__arc_test_00177_ecdb4f07__temp1.00__seed7,0.15558077151210398,,8,per_run_oof
mistral_7b_instruct_v0p3__arc_test_00178_b35de25d__temp0.10__seed7,0.14222806992828246,,8,per_run_oof
mistral_7b_instruct_v0p3__arc_test_00178_b35de25d__temp0.60__seed7,0.2742894425180731,0.6,8,per_run_oof
mistral_7b_instruct_v0p3__arc_test_00178_b35de25d__temp1.00__seed7,0.35688319400543544,0.0,8,per_run_oof
mistral_7b_instruct_v0p3__arc_test_00179_9aae52b3__temp0.10__seed7,0.14728331860188187,,8,per_run_oof
mistral_7b_instruct_v0p3__arc_test_00179_9aae52b3__temp0.60__seed7,0.22837133774436738,,8,per_run_oof
mistral_7b_instruct_v0p3__arc_test_00179_9aae52b3__temp1.00__seed7,0.15309282658517154,,8,per_run_oof
mistral_7b_instruct_v0p3__arc_test_00180_5b3b7513__temp0.10__seed7,0.21875912549624016,,8,per_run_oof
mistral_7b_instruct_v0p3__arc_test_00180_5b3b7513__temp0.60__seed7,0.13921812769433306,,8,per_run_oof
mistral_7b_instruct_v0p3__arc_test_00180_5b3b7513__temp1.00__seed7,0.15584479633154844,,8,per_run_oof
mistral_7b_instruct_v0p3__arc_test_00181_676f95f8__temp0.10__seed7,0.3440829776275078,,8,per_run_oof
mistral_7b_instruct_v0p3__arc_test_00181_676f95f8__temp0.60__seed7,0.10151935254380665,1.0,8,per_run_oof
mistral_7b_instruct_v0p3__arc_test_00181_676f95f8__temp1.00__seed7,0.10301002019944547,1.0,8,per_run_oof
mistral_7b_instruct_v0p3__arc_test_00182_8e34a240__temp0.10__seed7,0.2672368395990028,,8,per_run_oof
mistral_7b_instruct_v0p3__arc_test_00182_8e34a240__temp0.60__seed7,0.3304717658874212,,8,per_run_oof
mistral_7b_instruct_v0p3__arc_test_00182_8e34a240__temp1.00__seed7,0.26176336534535183,0.5625,8,per_run_oof
mistral_7b_instruct_v0p3__arc_test_00183_bde98ede__temp0.10__seed7,0.21205605745043657,0.8571428571428571,8,per_run_oof
mistral_7b_instruct_v0p3__arc_test_00183_bde98ede__temp0.60__seed7,0.13967697308222812,,8,per_run_oof
mistral_7b_instruct_v0p3__arc_test_00183_bde98ede__temp1.00__seed7,0.21958898940589777,,8,per_run_oof
mistral_7b_instruct_v0p3__arc_test_00184_6aa6fe3b__temp0.10__seed7,0.21752494589090798,,8,per_run_oof
mistral_7b_instruct_v0p3__arc_test_00184_6aa6fe3b__temp0.60__seed7,0.23430303799425534,,8,per_run_oof
mistral_7b_instruct_v0p3__arc_test_00184_6aa6fe3b__temp1.00__seed7,0.27765667138102906,,8,per_run_oof
mistral_7b_instruct_v0p3__arc_test_00185_3532a91b__temp0.10__seed7,0.369446787769821,0.4,8,per_run_oof
mistral_7b_instruct_v0p3__arc_test_00185_3532a91b__temp0.60__seed7,0.26402817807247014,1.0,8,per_run_oof
mistral_7b_instruct_v0p3__arc_test_00185_3532a91b__temp1.00__seed7,0.2866614357066447,,8,per_run_oof
mistral_7b_instruct_v0p3__arc_test_00186_b155986b__temp0.10__seed7,0.33235446881789843,,8,per_run_oof
mistral_7b_instruct_v0p3__arc_test_00186_b155986b__temp0.60__seed7,0.4144825303817739,,8,per_run_oof
mistral_7b_instruct_v0p3__arc_test_00186_b155986b__temp1.00__seed7,0.2712681285373466,0.42857142857142855,8,per_run_oof
mistral_7b_instruct_v0p3__arc_test_00187_8b14d075__temp0.10__seed7,0.22218517085804873,,8,per_run_oof
mistral_7b_instruct_v0p3__arc_test_00187_8b14d075__temp0.60__seed7,0.23633535289621005,,8,per_run_oof
mistral_7b_instruct_v0p3__arc_test_00187_8b14d075__temp1.00__seed7,0.18453749876440334,,8,per_run_oof
mistral_7b_instruct_v0p3__arc_test_00188_cba61eb1__temp0.10__seed7,0.16035480182351242,,8,per_run_oof
mistral_7b_instruct_v0p3__arc_test_00188_cba61eb1__temp0.60__seed7,0.21204356662285584,,8,per_run_oof
mistral_7b_instruct_v0p3__arc_test_00188_cba61eb1__temp1.00__seed7,0.1418694098451989,,8,per_run_oof
mistral_7b_instruct_v0p3__arc_test_00189_40e3fa22__temp0.10__seed7,0.3194216402215209,,8,per_run_oof
mistral_7b_instruct_v0p3__arc_test_00189_40e3fa22__temp0.60__seed7,0.2808107010143901,,8,per_run_oof
mistral_7b_instruct_v0p3__arc_test_00189_40e3fa22__temp1.00__seed7,0.3812309461521126,0.0,8,per_run_oof
mistral_7b_instruct_v0p3__arc_test_00190_7dd0fb1b__temp0.10__seed7,0.22559650856510488,0.42857142857142855,8,per_run_oof
mistral_7b_instruct_v0p3__arc_test_00190_7dd0fb1b__temp0.60__seed7,0.1963735551135406,,8,per_run_oof
mistral_7b_instruct_v0p3__arc_test_00190_7dd0fb1b__temp1.00__seed7,0.17988612079194455,,8,per_run_oof
mistral_7b_instruct_v0p3__arc_test_00191_ff19377e__temp0.10__seed7,0.1875558950364813,,8,per_run_oof
mistral_7b_instruct_v0p3__arc_test_00191_ff19377e__temp0.60__seed7,0.19721907367673405,,8,per_run_oof
mistral_7b_instruct_v0p3__arc_test_00191_ff19377e__temp1.00__seed7,0.1743694033261509,,8,per_run_oof
mistral_7b_instruct_v0p3__arc_test_00192_07e59469__temp0.10__seed7,0.17889834332430954,0.2857142857142857,8,per_run_oof
mistral_7b_instruct_v0p3__arc_test_00192_07e59469__temp0.60__seed7,0.25993504636209686,0.6666666666666667,8,per_run_oof
mistral_7b_instruct_v0p3__arc_test_00192_07e59469__temp1.00__seed7,0.24538721028954605,0.2857142857142857,8,per_run_oof
mistral_7b_instruct_v0p3__arc_test_00193_4793d226__temp0.10__seed7,0.2312333666851703,,8,per_run_oof
mistral_7b_instruct_v0p3__arc_test_00193_4793d226__temp0.60__seed7,0.19150241353844366,,8,per_run_oof
mistral_7b_instruct_v0p3__arc_test_00193_4793d226__temp1.00__seed7,0.23747645528515143,,8,per_run_oof
mistral_7b_instruct_v0p3__arc_test_00194_538d24a9__temp0.10__seed7,0.4409593475982634,,8,per_run_oof
mistral_7b_instruct_v0p3__arc_test_00194_538d24a9__temp0.60__seed7,0.3736335609001852,,8,per_run_oof
mistral_7b_instruct_v0p3__arc_test_00194_538d24a9__temp1.00__seed7,0.33029946667872306,0.33333333333333326,8,per_run_oof
mistral_7b_instruct_v0p3__arc_test_00195_21dd34ee__temp0.10__seed7,0.14804291549933074,,8,per_run_oof
mistral_7b_instruct_v0p3__arc_test_00195_21dd34ee__temp0.60__seed7,0.14493833164697947,,8,per_run_oof
mistral_7b_instruct_v0p3__arc_test_00195_21dd34ee__temp1.00__seed7,0.221095706939955,0.8571428571428571,8,per_run_oof
mistral_7b_instruct_v0p3__arc_test_00196_6dcd8a63__temp0.10__seed7,0.1453828258329533,,8,per_run_oof
mistral_7b_instruct_v0p3__arc_test_00196_6dcd8a63__temp0.60__seed7,0.15811109399739082,,8,per_run_oof
mistral_7b_instruct_v0p3__arc_test_00196_6dcd8a63__temp1.00__seed7,0.28647116935237743,0.0,8,per_run_oof
mistral_7b_instruct_v0p3__arc_test_00197_69e8335d__temp0.10__seed7,0.2676824227100387,,8,per_run_oof
mistral_7b_instruct_v0p3__arc_test_00197_69e8335d__temp0.60__seed7,0.3420609396957635,0.6666666666666667,8,per_run_oof
mistral_7b_instruct_v0p3__arc_test_00197_69e8335d__temp1.00__seed7,0.2619588035306471,0.8333333333333334,8,per_run_oof
mistral_7b_instruct_v0p3__arc_test_00198_f407d662__temp0.10__seed7,0.30720692600340976,,8,per_run_oof
mistral_7b_instruct_v0p3__arc_test_00198_f407d662__temp0.60__seed7,0.3599728131745813,,8,per_run_oof
mistral_7b_instruct_v0p3__arc_test_00198_f407d662__temp1.00__seed7,0.28281372115178666,0.8571428571428572,8,per_run_oof
mistral_7b_instruct_v0p3__arc_test_00199_989978c5__temp0.10__seed7,0.2892236799548392,0.14285714285714285,8,per_run_oof
mistral_7b_instruct_v0p3__arc_test_00199_989978c5__temp0.60__seed7,0.24690986801915263,,8,per_run_oof
mistral_7b_instruct_v0p3__arc_test_00199_989978c5__temp1.00__seed7,0.3441808784710985,0.19999999999999998,8,per_run_oof
mistral_7b_instruct_v0p3__arc_test_00200_baff531a__temp0.10__seed7,0.2780845957780826,,8,per_run_oof
mistral_7b_instruct_v0p3__arc_test_00200_baff531a__temp0.60__seed7,0.19572750792924107,,8,per_run_oof
mistral_7b_instruct_v0p3__arc_test_00200_baff531a__temp1.00__seed7,0.17667149607276286,,8,per_run_oof
mistral_7b_instruct_v0p3__arc_test_00201_ee325462__temp0.10__seed7,0.19150303728866758,0.0,8,per_run_oof
mistral_7b_instruct_v0p3__arc_test_00201_ee325462__temp0.60__seed7,0.21292706503356346,,8,per_run_oof
mistral_7b_instruct_v0p3__arc_test_00201_ee325462__temp1.00__seed7,0.2184374045418551,,8,per_run_oof
mistral_7b_instruct_v0p3__arc_test_00202_46459f16__temp0.10__seed7,0.12690091928512937,,8,per_run_oof
mistral_7b_instruct_v0p3__arc_test_00202_46459f16__temp0.60__seed7,0.1716793014984324,,8,per_run_oof
mistral_7b_instruct_v0p3__arc_test_00202_46459f16__temp1.00__seed7,0.23713401842706583,,8,per_run_oof
mistral_7b_instruct_v0p3__arc_test_00203_0b706945__temp0.10__seed7,0.23770968669862635,,8,per_run_oof
mistral_7b_instruct_v0p3__arc_test_00203_0b706945__temp0.60__seed7,0.1757355608436731,,8,per_run_oof
mistral_7b_instruct_v0p3__arc_test_00203_0b706945__temp1.00__seed7,0.26357372093065073,,8,per_run_oof
mistral_7b_instruct_v0p3__arc_test_00204_71e57156__temp0.10__seed7,0.15364826098816364,,8,per_run_oof
mistral_7b_instruct_v0p3__arc_test_00204_71e57156__temp0.60__seed7,0.13522676921333157,,8,per_run_oof
mistral_7b_instruct_v0p3__arc_test_00204_71e57156__temp1.00__seed7,0.1328533783664267,,8,per_run_oof
mistral_7b_instruct_v0p3__arc_test_00205_79bd34ae__temp0.10__seed7,0.1365348004169788,,8,per_run_oof
mistral_7b_instruct_v0p3__arc_test_00205_79bd34ae__temp0.60__seed7,0.2376963622878242,,8,per_run_oof
mistral_7b_instruct_v0p3__arc_test_00205_79bd34ae__temp1.00__seed7,0.18986659322171165,,8,per_run_oof
mistral_7b_instruct_v0p3__arc_test_00206_9aa565bd__temp0.10__seed7,0.34944798508911734,,8,per_run_oof
mistral_7b_instruct_v0p3__arc_test_00206_9aa565bd__temp0.60__seed7,0.28509536017568193,,8,per_run_oof
mistral_7b_instruct_v0p3__arc_test_00206_9aa565bd__temp1.00__seed7,0.2513703441589396,0.8571428571428571,8,per_run_oof
mistral_7b_instruct_v0p3__arc_test_00207_426a6b0b__temp0.10__seed7,0.23512505760795044,,8,per_run_oof
mistral_7b_instruct_v0p3__arc_test_00207_426a6b0b__temp0.60__seed7,0.24293702490175847,,8,per_run_oof
mistral_7b_instruct_v0p3__arc_test_00207_426a6b0b__temp1.00__seed7,0.14633572230585382,1.0,8,per_run_oof
mistral_7b_instruct_v0p3__arc_test_00208_e7e8e33f__temp0.10__seed7,0.33436915224724245,,8,per_run_oof
mistral_7b_instruct_v0p3__arc_test_00208_e7e8e33f__temp0.60__seed7,0.3194967693415101,,8,per_run_oof
mistral_7b_instruct_v0p3__arc_test_00208_e7e8e33f__temp1.00__seed7,0.40238560956726677,,8,per_run_oof
mistral_7b_instruct_v0p3__arc_test_00209_0c33d577__temp0.10__seed7,0.16151564008983174,,8,per_run_oof
mistral_7b_instruct_v0p3__arc_test_00209_0c33d577__temp0.60__seed7,0.21343670148078042,,8,per_run_oof
mistral_7b_instruct_v0p3__arc_test_00209_0c33d577__temp1.00__seed7,0.22371843881554324,,8,per_run_oof
mistral_7b_instruct_v0p3__arc_test_00210_3822e3fd__temp0.10__seed7,0.19693674443173365,,8,per_run_oof
mistral_7b_instruct_v0p3__arc_test_00210_3822e3fd__temp0.60__seed7,0.20573909503186583,,8,per_run_oof
mistral_7b_instruct_v0p3__arc_test_00210_3822e3fd__temp1.00__seed7,0.18981500728276585,,8,per_run_oof
mistral_7b_instruct_v0p3__arc_test_00211_313873fb__temp0.10__seed7,0.2017243160197736,,8,per_run_oof
mistral_7b_instruct_v0p3__arc_test_00211_313873fb__temp0.60__seed7,0.15510016084247402,,8,per_run_oof
mistral_7b_instruct_v0p3__arc_test_00211_313873fb__temp1.00__seed7,0.22680637350991276,,8,per_run_oof
mistral_7b_instruct_v0p3__arc_test_00212_d175ae79__temp0.10__seed7,0.16428507784529517,,8,per_run_oof
mistral_7b_instruct_v0p3__arc_test_00212_d175ae79__temp0.60__seed7,0.22950054609984077,0.8571428571428571,8,per_run_oof
mistral_7b_instruct_v0p3__arc_test_00212_d175ae79__temp1.00__seed7,0.23183382843333744,0.8333333333333334,8,per_run_oof
mistral_7b_instruct_v0p3__arc_test_00213_5e4158c2__temp0.10__seed7,0.3431128379967083,0.5,8,per_run_oof
mistral_7b_instruct_v0p3__arc_test_00213_5e4158c2__temp0.60__seed7,0.2427178385007955,0.5333333333333333,8,per_run_oof
mistral_7b_instruct_v0p3__arc_test_00213_5e4158c2__temp1.00__seed7,0.25866795446217705,0.8571428571428571,8,per_run_oof
mistral_7b_instruct_v0p3__arc_test_00214_209b3efe__temp0.10__seed7,0.2888134839405126,,8,per_run_oof
mistral_7b_instruct_v0p3__arc_test_00214_209b3efe__temp0.60__seed7,0.3747421191029947,,8,per_run_oof
mistral_7b_instruct_v0p3__arc_test_00214_209b3efe__temp1.00__seed7,0.31985382435875587,,8,per_run_oof
mistral_7b_instruct_v0p3__arc_test_00215_be1ebc8b__temp0.10__seed7,0.20644917039997185,0.6875,8,per_run_oof
mistral_7b_instruct_v0p3__arc_test_00215_be1ebc8b__temp0.60__seed7,0.12288683486003511,1.0,8,per_run_oof
mistral_7b_instruct_v0p3__arc_test_00215_be1ebc8b__temp1.00__seed7,0.10030410503998916,1.0,8,per_run_oof
mistral_7b_instruct_v0p3__arc_test_00216_ab4703bf__temp0.10__seed7,0.16303054617960727,,8,per_run_oof
mistral_7b_instruct_v0p3__arc_test_00216_ab4703bf__temp0.60__seed7,0.12479292735285544,1.0,8,per_run_oof
mistral_7b_instruct_v0p3__arc_test_00216_ab4703bf__temp1.00__seed7,0.20313938366443884,0.4285714285714286,8,per_run_oof
mistral_7b_instruct_v0p3__arc_test_00217_bf4df470__temp0.10__seed7,0.3293702019286441,0.06666666666666668,8,per_run_oof
mistral_7b_instruct_v0p3__arc_test_00217_bf4df470__temp0.60__seed7,0.34492613609072287,,8,per_run_oof
mistral_7b_instruct_v0p3__arc_test_00217_bf4df470__temp1.00__seed7,0.28939762682794634,0.5333333333333334,8,per_run_oof
mistral_7b_instruct_v0p3__arc_test_00218_46fcf61c__temp0.10__seed7,0.19172021921014998,,8,per_run_oof
mistral_7b_instruct_v0p3__arc_test_00218_46fcf61c__temp0.60__seed7,0.16706280357550746,,8,per_run_oof
mistral_7b_instruct_v0p3__arc_test_00218_46fcf61c__temp1.00__seed7,0.11753294188524367,,8,per_run_oof
mistral_7b_instruct_v0p3__arc_test_00219_c870c797__temp0.10__seed7,0.18862927921746372,,8,per_run_oof
mistral_7b_instruct_v0p3__arc_test_00219_c870c797__temp0.60__seed7,0.1327626673732671,,8,per_run_oof
mistral_7b_instruct_v0p3__arc_test_00219_c870c797__temp1.00__seed7,0.1568527179125337,,8,per_run_oof
mistral_7b_instruct_v0p3__arc_test_00220_097cf44e__temp0.10__seed7,0.36156031542713046,0.2666666666666667,8,per_run_oof
mistral_7b_instruct_v0p3__arc_test_00220_097cf44e__temp0.60__seed7,0.23613705522534095,0.1428571428571429,8,per_run_oof
mistral_7b_instruct_v0p3__arc_test_00220_097cf44e__temp1.00__seed7,0.22411694825869527,0.8333333333333334,8,per_run_oof
mistral_7b_instruct_v0p3__arc_test_00221_5bd5f5b6__temp0.10__seed7,0.15505917260786511,,8,per_run_oof
mistral_7b_instruct_v0p3__arc_test_00221_5bd5f5b6__temp0.60__seed7,0.10786090632976804,,8,per_run_oof
mistral_7b_instruct_v0p3__arc_test_00221_5bd5f5b6__temp1.00__seed7,0.14167266264576195,,8,per_run_oof
mistral_7b_instruct_v0p3__arc_test_00222_a684f4f8__temp0.10__seed7,0.18189303154285985,,8,per_run_oof
mistral_7b_instruct_v0p3__arc_test_00222_a684f4f8__temp0.60__seed7,0.3210239439794055,,8,per_run_oof
mistral_7b_instruct_v0p3__arc_test_00222_a684f4f8__temp1.00__seed7,0.1791234056608052,,8,per_run_oof
mistral_7b_instruct_v0p3__arc_test_00223_6e7d642d__temp0.10__seed7,0.1667213336707198,,8,per_run_oof
mistral_7b_instruct_v0p3__arc_test_00223_6e7d642d__temp0.60__seed7,0.1937497699406946,,8,per_run_oof
mistral_7b_instruct_v0p3__arc_test_00223_6e7d642d__temp1.00__seed7,0.20635944509534354,,8,per_run_oof
mistral_7b_instruct_v0p3__arc_test_00224_582d24d6__temp0.10__seed7,0.2388630666104712,0.6,8,per_run_oof
mistral_7b_instruct_v0p3__arc_test_00224_582d24d6__temp0.60__seed7,0.2463132886318857,,8,per_run_oof
mistral_7b_instruct_v0p3__arc_test_00224_582d24d6__temp1.00__seed7,0.2678522489514611,,8,per_run_oof
mistral_7b_instruct_v0p3__arc_test_00225_da3fac34__temp0.10__seed7,0.17364499105464593,,8,per_run_oof
mistral_7b_instruct_v0p3__arc_test_00225_da3fac34__temp0.60__seed7,0.3508688037890271,,8,per_run_oof
mistral_7b_instruct_v0p3__arc_test_00225_da3fac34__temp1.00__seed7,0.16347587670892705,,8,per_run_oof
mistral_7b_instruct_v0p3__arc_test_00226_73745ecc__temp0.10__seed7,0.2554185945524603,,8,per_run_oof
mistral_7b_instruct_v0p3__arc_test_00226_73745ecc__temp0.60__seed7,0.12264801521581681,,8,per_run_oof
mistral_7b_instruct_v0p3__arc_test_00226_73745ecc__temp1.00__seed7,0.1486687422112687,,8,per_run_oof
mistral_7b_instruct_v0p3__arc_test_00227_01644897__temp0.10__seed7,0.2618781767426085,,8,per_run_oof
mistral_7b_instruct_v0p3__arc_test_00227_01644897__temp0.60__seed7,0.17136853752933906,,8,per_run_oof
mistral_7b_instruct_v0p3__arc_test_00227_01644897__temp1.00__seed7,0.28784114602452054,0.8333333333333333,8,per_run_oof
mistral_7b_instruct_v0p3__arc_test_00228_74062832__temp0.10__seed7,0.2875022056646753,0.4666666666666667,8,per_run_oof
mistral_7b_instruct_v0p3__arc_test_00228_74062832__temp0.60__seed7,0.2688935317407529,0.2857142857142857,8,per_run_oof
mistral_7b_instruct_v0p3__arc_test_00228_74062832__temp1.00__seed7,0.13806123813854443,,8,per_run_oof
mistral_7b_instruct_v0p3__arc_test_00229_791d4ee9__temp0.10__seed7,0.18748358929234094,,8,per_run_oof
mistral_7b_instruct_v0p3__arc_test_00229_791d4ee9__temp0.60__seed7,0.25302658524077043,,8,per_run_oof
mistral_7b_instruct_v0p3__arc_test_00229_791d4ee9__temp1.00__seed7,0.15192611065491074,,8,per_run_oof
mistral_7b_instruct_v0p3__arc_test_00230_c727a8e3__temp0.10__seed7,0.222259999906806,,8,per_run_oof
mistral_7b_instruct_v0p3__arc_test_00230_c727a8e3__temp0.60__seed7,0.2648590947080496,,8,per_run_oof
mistral_7b_instruct_v0p3__arc_test_00230_c727a8e3__temp1.00__seed7,0.1557105049630793,,8,per_run_oof
mistral_7b_instruct_v0p3__arc_test_00231_c3b445e1__temp0.10__seed7,0.11609158079773739,1.0,8,per_run_oof
mistral_7b_instruct_v0p3__arc_test_00231_c3b445e1__temp0.60__seed7,0.298475501229441,,8,per_run_oof
mistral_7b_instruct_v0p3__arc_test_00231_c3b445e1__temp1.00__seed7,0.21533332958094387,,8,per_run_oof
mistral_7b_instruct_v0p3__arc_test_00232_9c0acfca__temp0.10__seed7,0.18150863650457078,,8,per_run_oof
mistral_7b_instruct_v0p3__arc_test_00232_9c0acfca__temp0.60__seed7,0.1563715388118259,,8,per_run_oof
mistral_7b_instruct_v0p3__arc_test_00232_9c0acfca__temp1.00__seed7,0.1571494430178659,,8,per_run_oof
mistral_7b_instruct_v0p3__arc_test_00233_1a5e4054__temp0.10__seed7,0.35440778405828066,0.0,8,per_run_oof
mistral_7b_instruct_v0p3__arc_test_00233_1a5e4054__temp0.60__seed7,0.1910681494649694,0.5714285714285714,8,per_run_oof
mistral_7b_instruct_v0p3__arc_test_00233_1a5e4054__temp1.00__seed7,0.3680892582393035,,8,per_run_oof
mistral_7b_instruct_v0p3__arc_test_00234_34339fc0__temp0.10__seed7,0.3038579200703976,0.0,8,per_run_oof
mistral_7b_instruct_v0p3__arc_test_00234_34339fc0__temp0.60__seed7,0.10028073872747971,,8,per_run_oof
mistral_7b_instruct_v0p3__arc_test_00234_34339fc0__temp1.00__seed7,0.2393942400650167,0.6666666666666667,8,per_run_oof
mistral_7b_instruct_v0p3__arc_test_00235_f711fc61__temp0.10__seed7,0.17385438356845279,1.0,8,per_run_oof
mistral_7b_instruct_v0p3__arc_test_00235_f711fc61__temp0.60__seed7,0.24433799223067731,,8,per_run_oof
mistral_7b_instruct_v0p3__arc_test_00235_f711fc61__temp1.00__seed7,0.20155210936416756,,8,per_run_oof
mistral_7b_instruct_v0p3__arc_test_00236_512aedd1__temp0.10__seed7,0.19587528877346572,,8,per_run_oof
mistral_7b_instruct_v0p3__arc_test_00236_512aedd1__temp0.60__seed7,0.25920735511291615,,8,per_run_oof
mistral_7b_instruct_v0p3__arc_test_00236_512aedd1__temp1.00__seed7,0.2814760924881571,,8,per_run_oof
mistral_7b_instruct_v0p3__arc_test_00237_397f6822__temp0.10__seed7,0.2736319012829033,,8,per_run_oof
mistral_7b_instruct_v0p3__arc_test_00237_397f6822__temp0.60__seed7,0.22903840750250626,,8,per_run_oof
mistral_7b_instruct_v0p3__arc_test_00237_397f6822__temp1.00__seed7,0.19701692847545,,8,per_run_oof
mistral_7b_instruct_v0p3__arc_test_00238_694f40e1__temp0.10__seed7,0.15483681333365573,,8,per_run_oof
mistral_7b_instruct_v0p3__arc_test_00238_694f40e1__temp0.60__seed7,0.1457241388265889,,8,per_run_oof
mistral_7b_instruct_v0p3__arc_test_00238_694f40e1__temp1.00__seed7,0.13250130994161463,,8,per_run_oof
mistral_7b_instruct_v0p3__arc_test_00239_e856ec75__temp0.10__seed7,0.19053341258606132,0.875,8,per_run_oof
mistral_7b_instruct_v0p3__arc_test_00239_e856ec75__temp0.60__seed7,0.1547851121277714,,8,per_run_oof
mistral_7b_instruct_v0p3__arc_test_00239_e856ec75__temp1.00__seed7,0.2989879825614392,0.6666666666666667,8,per_run_oof
mistral_7b_instruct_v0p3__arc_test_00240_6adb9c73__temp0.10__seed7,0.3303620776611319,0.0,8,per_run_oof
mistral_7b_instruct_v0p3__arc_test_00240_6adb9c73__temp0.60__seed7,0.25626827441957467,0.39999999999999997,8,per_run_oof
mistral_7b_instruct_v0p3__arc_test_00240_6adb9c73__temp1.00__seed7,0.3028564410037879,0.8333333333333334,8,per_run_oof
mistral_7b_instruct_v0p3__arc_test_00241_aea7337b__temp0.10__seed7,0.3029655060786931,,8,per_run_oof
mistral_7b_instruct_v0p3__arc_test_00241_aea7337b__temp0.60__seed7,0.24834954675108104,,8,per_run_oof
mistral_7b_instruct_v0p3__arc_test_00241_aea7337b__temp1.00__seed7,0.2765769159914271,0.8571428571428571,8,per_run_oof
mistral_7b_instruct_v0p3__arc_test_00242_ee3950c7__temp0.10__seed7,0.18269127406382274,,8,per_run_oof
mistral_7b_instruct_v0p3__arc_test_00242_ee3950c7__temp0.60__seed7,0.1650883696398437,0.8125,8,per_run_oof
mistral_7b_instruct_v0p3__arc_test_00242_ee3950c7__temp1.00__seed7,0.1852214387637434,,8,per_run_oof
mistral_7b_instruct_v0p3__arc_test_00243_090c01fc__temp0.10__seed7,0.23872142007177855,,8,per_run_oof
mistral_7b_instruct_v0p3__arc_test_00243_090c01fc__temp0.60__seed7,0.2710919145577009,0.5333333333333333,8,per_run_oof
mistral_7b_instruct_v0p3__arc_test_00243_090c01fc__temp1.00__seed7,0.353997742927186,,8,per_run_oof
mistral_7b_instruct_v0p3__arc_test_00244_eac3cb67__temp0.10__seed7,0.4105337496925058,,8,per_run_oof
mistral_7b_instruct_v0p3__arc_test_00244_eac3cb67__temp0.60__seed7,0.3401377170039692,,8,per_run_oof
mistral_7b_instruct_v0p3__arc_test_00244_eac3cb67__temp1.00__seed7,0.26555913002497455,,8,per_run_oof
mistral_7b_instruct_v0p3__arc_test_00245_e7db20d6__temp0.10__seed7,0.28362218739531053,,8,per_run_oof
mistral_7b_instruct_v0p3__arc_test_00245_e7db20d6__temp0.60__seed7,0.22075624816261463,0.8571428571428571,8,per_run_oof
mistral_7b_instruct_v0p3__arc_test_00245_e7db20d6__temp1.00__seed7,0.18880859812810136,,8,per_run_oof
mistral_7b_instruct_v0p3__arc_test_00246_a4dca82a__temp0.10__seed7,0.21491245367228626,,8,per_run_oof
mistral_7b_instruct_v0p3__arc_test_00246_a4dca82a__temp0.60__seed7,0.17039164382292105,,8,per_run_oof
mistral_7b_instruct_v0p3__arc_test_00246_a4dca82a__temp1.00__seed7,0.26146812995704005,0.2857142857142857,8,per_run_oof
mistral_7b_instruct_v0p3__arc_test_00247_26a37da4__temp0.10__seed7,0.1765751150586535,0.8571428571428572,8,per_run_oof
mistral_7b_instruct_v0p3__arc_test_00247_26a37da4__temp0.60__seed7,0.16830477860825532,,8,per_run_oof
mistral_7b_instruct_v0p3__arc_test_00247_26a37da4__temp1.00__seed7,0.26634277629298314,0.1428571428571429,8,per_run_oof
mistral_7b_instruct_v0p3__arc_test_00248_e837902f__temp0.10__seed7,0.4813455465690857,,8,per_run_oof
mistral_7b_instruct_v0p3__arc_test_00248_e837902f__temp0.60__seed7,0.24200841582547528,,8,per_run_oof
mistral_7b_instruct_v0p3__arc_test_00248_e837902f__temp1.00__seed7,0.2897480039733405,,8,per_run_oof
mistral_7b_instruct_v0p3__arc_test_00249_d6f66ee0__temp0.10__seed7,0.20432203730627657,,8,per_run_oof
mistral_7b_instruct_v0p3__arc_test_00249_d6f66ee0__temp0.60__seed7,0.15683187044691532,,8,per_run_oof
mistral_7b_instruct_v0p3__arc_test_00249_d6f66ee0__temp1.00__seed7,0.16826896411462633,,8,per_run_oof
mistral_7b_instruct_v0p3__arc_test_00250_f494c296__temp0.10__seed7,0.33875110649119006,0.0,8,per_run_oof
mistral_7b_instruct_v0p3__arc_test_00250_f494c296__temp0.60__seed7,0.15612356908122044,1.0,8,per_run_oof
mistral_7b_instruct_v0p3__arc_test_00250_f494c296__temp1.00__seed7,0.3321861899265671,,8,per_run_oof
mistral_7b_instruct_v0p3__arc_test_00251_80eac29b__temp0.10__seed7,0.33311780535856234,0.26666666666666666,8,per_run_oof
mistral_7b_instruct_v0p3__arc_test_00251_80eac29b__temp0.60__seed7,0.11833091382763952,,8,per_run_oof
mistral_7b_instruct_v0p3__arc_test_00251_80eac29b__temp1.00__seed7,0.19942836660161245,,8,per_run_oof
mistral_7b_instruct_v0p3__arc_test_00252_e5585101__temp0.10__seed7,0.2053505581853054,,8,per_run_oof
mistral_7b_instruct_v0p3__arc_test_00252_e5585101__temp0.60__seed7,0.1926071695063435,,8,per_run_oof
mistral_7b_instruct_v0p3__arc_test_00252_e5585101__temp1.00__seed7,0.15290290758750774,,8,per_run_oof
mistral_7b_instruct_v0p3__arc_test_00253_8b812a8a__temp0.10__seed7,0.3322108901135167,,8,per_run_oof
mistral_7b_instruct_v0p3__arc_test_00253_8b812a8a__temp0.60__seed7,0.31073366701850474,,8,per_run_oof
mistral_7b_instruct_v0p3__arc_test_00253_8b812a8a__temp1.00__seed7,0.3996187556171004,0.06666666666666665,8,per_run_oof
mistral_7b_instruct_v0p3__arc_test_00254_992b459f__temp0.10__seed7,0.18335928651237116,,8,per_run_oof
mistral_7b_instruct_v0p3__arc_test_00254_992b459f__temp0.60__seed7,0.3035058231273307,0.5625,8,per_run_oof
mistral_7b_instruct_v0p3__arc_test_00254_992b459f__temp1.00__seed7,0.32200980954045194,,8,per_run_oof
mistral_7b_instruct_v0p3__arc_test_00255_ab08e434__temp0.10__seed7,0.20385034800666774,,8,per_run_oof
mistral_7b_instruct_v0p3__arc_test_00255_ab08e434__temp0.60__seed7,0.1739650188651183,,8,per_run_oof
mistral_7b_instruct_v0p3__arc_test_00255_ab08e434__temp1.00__seed7,0.154624602941341,,8,per_run_oof
mistral_7b_instruct_v0p3__arc_test_00256_73563be9__temp0.10__seed7,0.3796287417433897,,8,per_run_oof
mistral_7b_instruct_v0p3__arc_test_00256_73563be9__temp0.60__seed7,0.23116703656746707,,8,per_run_oof
mistral_7b_instruct_v0p3__arc_test_00256_73563be9__temp1.00__seed7,0.2730637641141831,,8,per_run_oof
mistral_7b_instruct_v0p3__arc_test_00257_01acf152__temp0.10__seed7,0.17818985574017743,,8,per_run_oof
mistral_7b_instruct_v0p3__arc_test_00257_01acf152__temp0.60__seed7,0.18894791108070297,,8,per_run_oof
mistral_7b_instruct_v0p3__arc_test_00257_01acf152__temp1.00__seed7,0.23963347436536347,,8,per_run_oof
mistral_7b_instruct_v0p3__arc_test_00258_6a879ef1__temp0.10__seed7,0.16439323023378816,,8,per_run_oof
mistral_7b_instruct_v0p3__arc_test_00258_6a879ef1__temp0.60__seed7,0.16668075251311565,,8,per_run_oof
mistral_7b_instruct_v0p3__arc_test_00258_6a879ef1__temp1.00__seed7,0.12398522298584212,,8,per_run_oof
mistral_7b_instruct_v0p3__arc_test_00259_6493bd62__temp0.10__seed7,0.2232726675084149,0.7142857142857143,8,per_run_oof
mistral_7b_instruct_v0p3__arc_test_00259_6493bd62__temp0.60__seed7,0.18593533443500948,,8,per_run_oof
mistral_7b_instruct_v0p3__arc_test_00259_6493bd62__temp1.00__seed7,0.17898165554597728,,8,per_run_oof
mistral_7b_instruct_v0p3__arc_test_00260_9c369e3f__temp0.10__seed7,0.3046443363145956,,8,per_run_oof
mistral_7b_instruct_v0p3__arc_test_00260_9c369e3f__temp0.60__seed7,0.26675890737532915,,8,per_run_oof
mistral_7b_instruct_v0p3__arc_test_00260_9c369e3f__temp1.00__seed7,0.22014278731159626,,8,per_run_oof
mistral_7b_instruct_v0p3__arc_test_00261_bd91b0d2__temp0.10__seed7,0.16436815483768485,,8,per_run_oof
mistral_7b_instruct_v0p3__arc_test_00261_bd91b0d2__temp0.60__seed7,0.17575819914765395,,8,per_run_oof
mistral_7b_instruct_v0p3__arc_test_00261_bd91b0d2__temp1.00__seed7,0.1587779396984804,,8,per_run_oof
mistral_7b_instruct_v0p3__arc_test_00262_378e4c2d__temp0.10__seed7,0.14514902874992852,1.0,8,per_run_oof
mistral_7b_instruct_v0p3__arc_test_00262_378e4c2d__temp0.60__seed7,0.2828956156459394,0.2857142857142857,8,per_run_oof
mistral_7b_instruct_v0p3__arc_test_00262_378e4c2d__temp1.00__seed7,0.2709240353932372,,8,per_run_oof
mistral_7b_instruct_v0p3__arc_test_00263_1ca9e9de__temp0.10__seed7,0.12249521995861372,,8,per_run_oof
mistral_7b_instruct_v0p3__arc_test_00263_1ca9e9de__temp0.60__seed7,0.15811339785096215,,8,per_run_oof
mistral_7b_instruct_v0p3__arc_test_00263_1ca9e9de__temp1.00__seed7,0.21388324503493444,,8,per_run_oof
mistral_7b_instruct_v0p3__arc_test_00264_dda0b59d__temp0.10__seed7,0.36012794572104384,,8,per_run_oof
mistral_7b_instruct_v0p3__arc_test_00264_dda0b59d__temp0.60__seed7,0.3400665851851026,,8,per_run_oof
mistral_7b_instruct_v0p3__arc_test_00264_dda0b59d__temp1.00__seed7,0.23668011082815119,0.5,8,per_run_oof
mistral_7b_instruct_v0p3__arc_test_00265_1d1eed16__temp0.10__seed7,0.14322332565883822,,8,per_run_oof
mistral_7b_instruct_v0p3__arc_test_00265_1d1eed16__temp0.60__seed7,0.12192868678897738,,8,per_run_oof
mistral_7b_instruct_v0p3__arc_test_00265_1d1eed16__temp1.00__seed7,0.11737059149281273,,8,per_run_oof
mistral_7b_instruct_v0p3__arc_test_00266_d59e88fe__temp0.10__seed7,0.2544285853079059,,8,per_run_oof
mistral_7b_instruct_v0p3__arc_test_00266_d59e88fe__temp0.60__seed7,0.24889990120408234,,8,per_run_oof
mistral_7b_instruct_v0p3__arc_test_00266_d59e88fe__temp1.00__seed7,0.29586041765623716,,8,per_run_oof
mistral_7b_instruct_v0p3__arc_test_00267_0f835ed5__temp0.10__seed7,0.28005949968238186,,8,per_run_oof
mistral_7b_instruct_v0p3__arc_test_00267_0f835ed5__temp0.60__seed7,0.26542895029347596,,8,per_run_oof
mistral_7b_instruct_v0p3__arc_test_00267_0f835ed5__temp1.00__seed7,0.23760406673487505,0.2857142857142857,8,per_run_oof
mistral_7b_instruct_v0p3__arc_test_00268_5b12089f__temp0.10__seed7,0.26010521454784,1.0,8,per_run_oof
mistral_7b_instruct_v0p3__arc_test_00268_5b12089f__temp0.60__seed7,0.29766080853965976,0.8571428571428571,8,per_run_oof
mistral_7b_instruct_v0p3__arc_test_00268_5b12089f__temp1.00__seed7,0.35164747597174434,,8,per_run_oof
mistral_7b_instruct_v0p3__arc_test_00269_7ee8bce6__temp0.10__seed7,0.27141438493451203,,8,per_run_oof
mistral_7b_instruct_v0p3__arc_test_00269_7ee8bce6__temp0.60__seed7,0.2119166916083278,1.0,8,per_run_oof
mistral_7b_instruct_v0p3__arc_test_00269_7ee8bce6__temp1.00__seed7,0.1683607538926073,,8,per_run_oof
mistral_7b_instruct_v0p3__arc_test_00270_9797a61e__temp0.10__seed7,0.2335784049535967,,8,per_run_oof
mistral_7b_instruct_v0p3__arc_test_00270_9797a61e__temp0.60__seed7,0.21970798938037164,0.8571428571428571,8,per_run_oof
mistral_7b_instruct_v0p3__arc_test_00270_9797a61e__temp1.00__seed7,0.28402904210438185,0.0,8,per_run_oof
mistral_7b_instruct_v0p3__arc_test_00271_dc9048d3__temp0.10__seed7,0.27623465195256935,,8,per_run_oof
mistral_7b_instruct_v0p3__arc_test_00271_dc9048d3__temp0.60__seed7,0.20589569142796665,,8,per_run_oof
mistral_7b_instruct_v0p3__arc_test_00271_dc9048d3__temp1.00__seed7,0.27467409212754096,,8,per_run_oof
mistral_7b_instruct_v0p3__arc_test_00272_ee17c4c8__temp0.10__seed7,0.2679214065352852,0.5333333333333333,8,per_run_oof
mistral_7b_instruct_v0p3__arc_test_00272_ee17c4c8__temp0.60__seed7,0.156526674346173,,8,per_run_oof
mistral_7b_instruct_v0p3__arc_test_00272_ee17c4c8__temp1.00__seed7,0.14902150016765114,,8,per_run_oof
mistral_7b_instruct_v0p3__arc_test_00273_b997fd4e__temp0.10__seed7,0.20999608407142645,,8,per_run_oof
mistral_7b_instruct_v0p3__arc_test_00273_b997fd4e__temp0.60__seed7,0.30777161408743237,0.46666666666666673,8,per_run_oof
mistral_7b_instruct_v0p3__arc_test_00273_b997fd4e__temp1.00__seed7,0.2260584478447033,0.0,8,per_run_oof
mistral_7b_instruct_v0p3__arc_test_00274_a74e5699__temp0.10__seed7,0.2373003304090017,,8,per_run_oof
mistral_7b_instruct_v0p3__arc_test_00274_a74e5699__temp0.60__seed7,0.19309167092381663,,8,per_run_oof
mistral_7b_instruct_v0p3__arc_test_00274_a74e5699__temp1.00__seed7,0.2151274245129816,,8,per_run_oof
mistral_7b_instruct_v0p3__arc_test_00275_596151c2__temp0.10__seed7,0.2746602883041869,0.8571428571428571,8,per_run_oof
mistral_7b_instruct_v0p3__arc_test_00275_596151c2__temp0.60__seed7,0.2485283588668879,,8,per_run_oof
mistral_7b_instruct_v0p3__arc_test_00275_596151c2__temp1.00__seed7,0.17723982913294117,0.8,8,per_run_oof
mistral_7b_instruct_v0p3__arc_test_00276_c2cefe09__temp0.10__seed7,0.18179733082351113,,8,per_run_oof
mistral_7b_instruct_v0p3__arc_test_00276_c2cefe09__temp0.60__seed7,0.19757113083595873,,8,per_run_oof
mistral_7b_instruct_v0p3__arc_test_00276_c2cefe09__temp1.00__seed7,0.21430189552925027,,8,per_run_oof
mistral_7b_instruct_v0p3__arc_test_00277_9faf8219__temp0.10__seed7,0.22203943960400338,,8,per_run_oof
mistral_7b_instruct_v0p3__arc_test_00277_9faf8219__temp0.60__seed7,0.3898313455604057,,8,per_run_oof
mistral_7b_instruct_v0p3__arc_test_00277_9faf8219__temp1.00__seed7,0.28396952923775765,0.7142857142857143,8,per_run_oof
mistral_7b_instruct_v0p3__arc_test_00278_8fc1e732__temp0.10__seed7,0.24712818132030587,1.0,8,per_run_oof
mistral_7b_instruct_v0p3__arc_test_00278_8fc1e732__temp0.60__seed7,0.23781802476296887,1.0,8,per_run_oof
mistral_7b_instruct_v0p3__arc_test_00278_8fc1e732__temp1.00__seed7,0.22013707996487225,,8,per_run_oof
mistral_7b_instruct_v0p3__arc_test_00279_890033b7__temp0.10__seed7,0.15566712661429397,,8,per_run_oof
mistral_7b_instruct_v0p3__arc_test_00279_890033b7__temp0.60__seed7,0.2455874756579724,,8,per_run_oof
mistral_7b_instruct_v0p3__arc_test_00279_890033b7__temp1.00__seed7,0.24570769188982147,0.42857142857142855,8,per_run_oof
mistral_7b_instruct_v0p3__arc_test_00280_6086acb4__temp0.10__seed7,0.1619219357510345,,8,per_run_oof
mistral_7b_instruct_v0p3__arc_test_00280_6086acb4__temp0.60__seed7,0.23422185657710964,0.75,8,per_run_oof
mistral_7b_instruct_v0p3__arc_test_00280_6086acb4__temp1.00__seed7,0.176513184914848,,8,per_run_oof
mistral_7b_instruct_v0p3__arc_test_00281_3edf5f7c__temp0.10__seed7,0.1540660966494678,,8,per_run_oof
mistral_7b_instruct_v0p3__arc_test_00281_3edf5f7c__temp0.60__seed7,0.15208722594987187,,8,per_run_oof
mistral_7b_instruct_v0p3__arc_test_00281_3edf5f7c__temp1.00__seed7,0.10204152855701112,,8,per_run_oof
mistral_7b_instruct_v0p3__arc_test_00282_18a50a3d__temp0.10__seed7,0.43814154220618906,0.42857142857142855,8,per_run_oof
mistral_7b_instruct_v0p3__arc_test_00282_18a50a3d__temp0.60__seed7,0.29632614592444806,1.0,8,per_run_oof
mistral_7b_instruct_v0p3__arc_test_00282_18a50a3d__temp1.00__seed7,0.36553496646053657,1.0,8,per_run_oof
mistral_7b_instruct_v0p3__arc_test_00283_9f2902d5__temp0.10__seed7,0.17452205088107928,,8,per_run_oof
mistral_7b_instruct_v0p3__arc_test_00283_9f2902d5__temp0.60__seed7,0.14829743188503572,,8,per_run_oof
mistral_7b_instruct_v0p3__arc_test_00283_9f2902d5__temp1.00__seed7,0.14178635511834883,,8,per_run_oof
mistral_7b_instruct_v0p3__arc_test_00284_10cb5673__temp0.10__seed7,0.1726619773853476,,8,per_run_oof
mistral_7b_instruct_v0p3__arc_test_00284_10cb5673__temp0.60__seed7,0.18130593096718167,,8,per_run_oof
mistral_7b_instruct_v0p3__arc_test_00284_10cb5673__temp1.00__seed7,0.17374717264618988,,8,per_run_oof
mistral_7b_instruct_v0p3__arc_test_00285_d40e9f15__temp0.10__seed7,0.1897556999097555,,8,per_run_oof
mistral_7b_instruct_v0p3__arc_test_00285_d40e9f15__temp0.60__seed7,0.1541647724144225,,8,per_run_oof
mistral_7b_instruct_v0p3__arc_test_00285_d40e9f15__temp1.00__seed7,0.1230120168102066,,8,per_run_oof
mistral_7b_instruct_v0p3__arc_test_00286_0773fa77__temp0.10__seed7,0.13091256314882185,,8,per_run_oof
mistral_7b_instruct_v0p3__arc_test_00286_0773fa77__temp0.60__seed7,0.13354935433850645,,8,per_run_oof
mistral_7b_instruct_v0p3__arc_test_00286_0773fa77__temp1.00__seed7,0.138892199811324,,8,per_run_oof
mistral_7b_instruct_v0p3__arc_test_00287_19839f07__temp0.10__seed7,0.17903582541980326,,8,per_run_oof
mistral_7b_instruct_v0p3__arc_test_00287_19839f07__temp0.60__seed7,0.1373508177392343,,8,per_run_oof
mistral_7b_instruct_v0p3__arc_test_00287_19839f07__temp1.00__seed7,0.19753608973222359,,8,per_run_oof
mistral_7b_instruct_v0p3__arc_test_00288_e90a5f0c__temp0.10__seed7,0.14537696623387986,1.0,8,per_run_oof
mistral_7b_instruct_v0p3__arc_test_00288_e90a5f0c__temp0.60__seed7,0.29885886807172934,,8,per_run_oof
mistral_7b_instruct_v0p3__arc_test_00288_e90a5f0c__temp1.00__seed7,0.2638546500703196,,8,per_run_oof
mistral_7b_instruct_v0p3__arc_test_00289_a783fa79__temp0.10__seed7,0.2973782486882451,,8,per_run_oof
mistral_7b_instruct_v0p3__arc_test_00289_a783fa79__temp0.60__seed7,0.4348353752512038,,8,per_run_oof
mistral_7b_instruct_v0p3__arc_test_00289_a783fa79__temp1.00__seed7,0.25974395356259206,,8,per_run_oof
mistral_7b_instruct_v0p3__arc_test_00290_cda60f09__temp0.10__seed7,0.15528668940210355,0.5,8,per_run_oof
mistral_7b_instruct_v0p3__arc_test_00290_cda60f09__temp0.60__seed7,0.20777445714781903,,8,per_run_oof
mistral_7b_instruct_v0p3__arc_test_00290_cda60f09__temp1.00__seed7,0.22056045928894746,,8,per_run_oof
mistral_7b_instruct_v0p3__arc_test_00291_3092c86e__temp0.10__seed7,0.19001939483088529,0.5833333333333333,8,per_run_oof
mistral_7b_instruct_v0p3__arc_test_00291_3092c86e__temp0.60__seed7,0.16251625526778893,0.8571428571428572,8,per_run_oof
mistral_7b_instruct_v0p3__arc_test_00291_3092c86e__temp1.00__seed7,0.1867394975172176,,8,per_run_oof
mistral_7b_instruct_v0p3__arc_test_00292_73ead151__temp0.10__seed7,0.15483921366850856,,8,per_run_oof
mistral_7b_instruct_v0p3__arc_test_00292_73ead151__temp0.60__seed7,0.10855358056525966,,8,per_run_oof
mistral_7b_instruct_v0p3__arc_test_00292_73ead151__temp1.00__seed7,0.15812284966343398,,8,per_run_oof
mistral_7b_instruct_v0p3__arc_test_00293_970b4fd6__temp0.10__seed7,0.28202284443869796,,8,per_run_oof
mistral_7b_instruct_v0p3__arc_test_00293_970b4fd6__temp0.60__seed7,0.19490957022637018,,8,per_run_oof
mistral_7b_instruct_v0p3__arc_test_00293_970b4fd6__temp1.00__seed7,0.21222422372486183,,8,per_run_oof
mistral_7b_instruct_v0p3__arc_test_00294_062a3bf2__temp0.10__seed7,0.34225504650529387,,8,per_run_oof
mistral_7b_instruct_v0p3__arc_test_00294_062a3bf2__temp0.60__seed7,0.25580087691260894,,8,per_run_oof
mistral_7b_instruct_v0p3__arc_test_00294_062a3bf2__temp1.00__seed7,0.29320319920217314,,8,per_run_oof
mistral_7b_instruct_v0p3__arc_test_00295_f0549092__temp0.10__seed7,0.19792329220930605,,8,per_run_oof
mistral_7b_instruct_v0p3__arc_test_00295_f0549092__temp0.60__seed7,0.26510149197941546,,8,per_run_oof
mistral_7b_instruct_v0p3__arc_test_00295_f0549092__temp1.00__seed7,0.28732834209791197,,8,per_run_oof
mistral_7b_instruct_v0p3__arc_test_00296_629ab988__temp0.10__seed7,0.0921800876485309,,8,per_run_oof
mistral_7b_instruct_v0p3__arc_test_00296_629ab988__temp0.60__seed7,0.2711811220470911,,8,per_run_oof
mistral_7b_instruct_v0p3__arc_test_00296_629ab988__temp1.00__seed7,0.16359247827875195,,8,per_run_oof
mistral_7b_instruct_v0p3__arc_test_00297_8696a932__temp0.10__seed7,0.1640113551642005,1.0,8,per_run_oof
mistral_7b_instruct_v0p3__arc_test_00297_8696a932__temp0.60__seed7,0.23219192734340735,0.2857142857142857,8,per_run_oof
mistral_7b_instruct_v0p3__arc_test_00297_8696a932__temp1.00__seed7,0.36054509538414525,0.5,8,per_run_oof
mistral_7b_instruct_v0p3__arc_test_00298_3258495d__temp0.10__seed7,0.10721958387930436,,8,per_run_oof
mistral_7b_instruct_v0p3__arc_test_00298_3258495d__temp0.60__seed7,0.1292623922765474,,8,per_run_oof
mistral_7b_instruct_v0p3__arc_test_00298_3258495d__temp1.00__seed7,0.1271898946998956,,8,per_run_oof
mistral_7b_instruct_v0p3__arc_test_00299_511f7585__temp0.10__seed7,0.3187208112917573,,8,per_run_oof
mistral_7b_instruct_v0p3__arc_test_00299_511f7585__temp0.60__seed7,0.2522466688846321,,8,per_run_oof
mistral_7b_instruct_v0p3__arc_test_00299_511f7585__temp1.00__seed7,0.2681253018835616,,8,per_run_oof
mistral_7b_instruct_v0p3__arc_test_00300_2adf3ed7__temp0.10__seed7,0.2316535832900042,,8,per_run_oof
mistral_7b_instruct_v0p3__arc_test_00300_2adf3ed7__temp0.60__seed7,0.26530064678613097,1.0,8,per_run_oof
mistral_7b_instruct_v0p3__arc_test_00300_2adf3ed7__temp1.00__seed7,0.24442356759190914,,8,per_run_oof
mistral_7b_instruct_v0p3__arc_test_00301_71f149ab__temp0.10__seed7,0.11461957371643562,,8,per_run_oof
mistral_7b_instruct_v0p3__arc_test_00301_71f149ab__temp0.60__seed7,0.16942988833410794,,8,per_run_oof
mistral_7b_instruct_v0p3__arc_test_00301_71f149ab__temp1.00__seed7,0.14621459905660095,,8,per_run_oof
mistral_7b_instruct_v0p3__arc_test_00302_067ef958__temp0.10__seed7,0.24604960413758442,,8,per_run_oof
mistral_7b_instruct_v0p3__arc_test_00302_067ef958__temp0.60__seed7,0.16604307045788527,,8,per_run_oof
mistral_7b_instruct_v0p3__arc_test_00302_067ef958__temp1.00__seed7,0.2128119652884701,,8,per_run_oof
mistral_7b_instruct_v0p3__arc_test_00303_5f214f65__temp0.10__seed7,0.3510466884984744,,8,per_run_oof
mistral_7b_instruct_v0p3__arc_test_00303_5f214f65__temp0.60__seed7,0.21046844083809796,,8,per_run_oof
mistral_7b_instruct_v0p3__arc_test_00303_5f214f65__temp1.00__seed7,0.27157749746894755,,8,per_run_oof
mistral_7b_instruct_v0p3__arc_test_00304_68a61690__temp0.10__seed7,0.1352520567324807,0.9166666666666667,8,per_run_oof
mistral_7b_instruct_v0p3__arc_test_00304_68a61690__temp0.60__seed7,0.11874774976898338,1.0,8,per_run_oof
mistral_7b_instruct_v0p3__arc_test_00304_68a61690__temp1.00__seed7,0.22061931404482493,0.8,8,per_run_oof
mistral_7b_instruct_v0p3__arc_test_00305_b8a94dee__temp0.10__seed7,0.18354963489542853,1.0,8,per_run_oof
mistral_7b_instruct_v0p3__arc_test_00305_b8a94dee__temp0.60__seed7,0.2174951717339902,0.8333333333333333,8,per_run_oof
mistral_7b_instruct_v0p3__arc_test_00305_b8a94dee__temp1.00__seed7,0.20988211379315674,0.8571428571428571,8,per_run_oof
mistral_7b_instruct_v0p3__arc_test_00306_569880d5__temp0.10__seed7,0.12161352439837027,,8,per_run_oof
mistral_7b_instruct_v0p3__arc_test_00306_569880d5__temp0.60__seed7,0.17333996555482262,,8,per_run_oof
mistral_7b_instruct_v0p3__arc_test_00306_569880d5__temp1.00__seed7,0.1493216810013486,,8,per_run_oof
mistral_7b_instruct_v0p3__arc_test_00307_342fce9a__temp0.10__seed7,0.19280932011517815,,8,per_run_oof
mistral_7b_instruct_v0p3__arc_test_00307_342fce9a__temp0.60__seed7,0.21867429769002117,,8,per_run_oof
mistral_7b_instruct_v0p3__arc_test_00307_342fce9a__temp1.00__seed7,0.1258959315750881,,8,per_run_oof
mistral_7b_instruct_v0p3__arc_test_00308_7c35de8f__temp0.10__seed7,0.28331020380764044,,8,per_run_oof
mistral_7b_instruct_v0p3__arc_test_00308_7c35de8f__temp0.60__seed7,0.2918883783829878,,8,per_run_oof
mistral_7b_instruct_v0p3__arc_test_00308_7c35de8f__temp1.00__seed7,0.27468969910118124,0.2857142857142857,8,per_run_oof
mistral_7b_instruct_v0p3__arc_test_00309_2326f22b__temp0.10__seed7,0.317978541157264,,8,per_run_oof
mistral_7b_instruct_v0p3__arc_test_00309_2326f22b__temp0.60__seed7,0.3661235079198604,,8,per_run_oof
mistral_7b_instruct_v0p3__arc_test_00309_2326f22b__temp1.00__seed7,0.2538539789097146,0.7142857142857143,8,per_run_oof
mistral_7b_instruct_v0p3__arc_test_00310_d803e449__temp0.10__seed7,0.3618030833269973,0.5333333333333334,8,per_run_oof
mistral_7b_instruct_v0p3__arc_test_00310_d803e449__temp0.60__seed7,0.10812006688590403,,8,per_run_oof
mistral_7b_instruct_v0p3__arc_test_00310_d803e449__temp1.00__seed7,0.25054744235241666,,8,per_run_oof
mistral_7b_instruct_v0p3__arc_test_00311_22e258f1__temp0.10__seed7,0.43627971146358896,0.8571428571428571,8,per_run_oof
mistral_7b_instruct_v0p3__arc_test_00311_22e258f1__temp0.60__seed7,0.246229144657543,,8,per_run_oof
mistral_7b_instruct_v0p3__arc_test_00311_22e258f1__temp1.00__seed7,0.39088969636121274,,8,per_run_oof
mistral_7b_instruct_v0p3__arc_test_00312_46de9ba7__temp0.10__seed7,0.22803990403493327,,8,per_run_oof
mistral_7b_instruct_v0p3__arc_test_00312_46de9ba7__temp0.60__seed7,0.19120988161920072,,8,per_run_oof
mistral_7b_instruct_v0p3__arc_test_00312_46de9ba7__temp1.00__seed7,0.11134269926560661,,8,per_run_oof
mistral_7b_instruct_v0p3__arc_test_00313_6a647b21__temp0.10__seed7,0.20611618266573054,,8,per_run_oof
mistral_7b_instruct_v0p3__arc_test_00313_6a647b21__temp0.60__seed7,0.19534638295356826,,8,per_run_oof
mistral_7b_instruct_v0p3__arc_test_00313_6a647b21__temp1.00__seed7,0.2684360177294952,,8,per_run_oof
mistral_7b_instruct_v0p3__arc_test_00314_c9337b20__temp0.10__seed7,0.13955187643339037,,8,per_run_oof
mistral_7b_instruct_v0p3__arc_test_00314_c9337b20__temp0.60__seed7,0.19051937962009308,0.8125,8,per_run_oof
mistral_7b_instruct_v0p3__arc_test_00314_c9337b20__temp1.00__seed7,0.1310867241742938,,8,per_run_oof
mistral_7b_instruct_v0p3__arc_test_00315_04264bf6__temp0.10__seed7,0.34376038473648235,,8,per_run_oof
mistral_7b_instruct_v0p3__arc_test_00315_04264bf6__temp0.60__seed7,0.18422336865979033,,8,per_run_oof
mistral_7b_instruct_v0p3__arc_test_00315_04264bf6__temp1.00__seed7,0.1906651525636865,,8,per_run_oof
mistral_7b_instruct_v0p3__arc_test_00316_3de47e95__temp0.10__seed7,0.287168613368607,,8,per_run_oof
mistral_7b_instruct_v0p3__arc_test_00316_3de47e95__temp0.60__seed7,0.20773286393978127,,8,per_run_oof
mistral_7b_instruct_v0p3__arc_test_00316_3de47e95__temp1.00__seed7,0.19913305196393824,,8,per_run_oof
mistral_7b_instruct_v0p3__arc_test_00317_6f9be3d9__temp0.10__seed7,0.2839844249046668,,8,per_run_oof
mistral_7b_instruct_v0p3__arc_test_00317_6f9be3d9__temp0.60__seed7,0.333465769956967,,8,per_run_oof
mistral_7b_instruct_v0p3__arc_test_00317_6f9be3d9__temp1.00__seed7,0.2636679809175648,,8,per_run_oof
mistral_7b_instruct_v0p3__arc_test_00318_3f0be9a6__temp0.10__seed7,0.1497065062728354,,8,per_run_oof
mistral_7b_instruct_v0p3__arc_test_00318_3f0be9a6__temp0.60__seed7,0.14191121942307997,,8,per_run_oof
mistral_7b_instruct_v0p3__arc_test_00318_3f0be9a6__temp1.00__seed7,0.15200068495658203,,8,per_run_oof
mistral_7b_instruct_v0p3__arc_test_00319_9b046cae__temp0.10__seed7,0.17843478881191577,,8,per_run_oof
mistral_7b_instruct_v0p3__arc_test_00319_9b046cae__temp0.60__seed7,0.19364245509656391,,8,per_run_oof
mistral_7b_instruct_v0p3__arc_test_00319_9b046cae__temp1.00__seed7,0.17597491266955378,,8,per_run_oof
mistral_7b_instruct_v0p3__arc_test_00320_46d19bd1__temp0.10__seed7,0.26212622186977486,,8,per_run_oof
mistral_7b_instruct_v0p3__arc_test_00320_46d19bd1__temp0.60__seed7,0.21417261635477675,,8,per_run_oof
mistral_7b_instruct_v0p3__arc_test_00320_46d19bd1__temp1.00__seed7,0.1830071118108382,,8,per_run_oof
mistral_7b_instruct_v0p3__arc_test_00321_443c5c74__temp0.10__seed7,0.2143578946006899,,8,per_run_oof
mistral_7b_instruct_v0p3__arc_test_00321_443c5c74__temp0.60__seed7,0.3102210407005361,,8,per_run_oof
mistral_7b_instruct_v0p3__arc_test_00321_443c5c74__temp1.00__seed7,0.22202620766679312,0.5,8,per_run_oof
mistral_7b_instruct_v0p3__arc_test_00322_a862010b__temp0.10__seed7,0.2002922143157665,,8,per_run_oof
mistral_7b_instruct_v0p3__arc_test_00322_a862010b__temp0.60__seed7,0.14334908568006854,,8,per_run_oof
mistral_7b_instruct_v0p3__arc_test_00322_a862010b__temp1.00__seed7,0.23918874289053638,,8,per_run_oof
mistral_7b_instruct_v0p3__arc_test_00323_1d6a50b8__temp0.10__seed7,0.2210475380899414,,8,per_run_oof
mistral_7b_instruct_v0p3__arc_test_00323_1d6a50b8__temp0.60__seed7,0.18243150975293876,,8,per_run_oof
mistral_7b_instruct_v0p3__arc_test_00323_1d6a50b8__temp1.00__seed7,0.1290025671356278,,8,per_run_oof
mistral_7b_instruct_v0p3__arc_test_00324_f52c20ae__temp0.10__seed7,0.2173753890217479,,8,per_run_oof
mistral_7b_instruct_v0p3__arc_test_00324_f52c20ae__temp0.60__seed7,0.2541660596671856,1.0,8,per_run_oof
mistral_7b_instruct_v0p3__arc_test_00324_f52c20ae__temp1.00__seed7,0.19570584312230574,,8,per_run_oof
mistral_7b_instruct_v0p3__arc_test_00325_3a2e8dd5__temp0.10__seed7,0.305261793567726,,8,per_run_oof
mistral_7b_instruct_v0p3__arc_test_00325_3a2e8dd5__temp0.60__seed7,0.19061981425195512,,8,per_run_oof
mistral_7b_instruct_v0p3__arc_test_00325_3a2e8dd5__temp1.00__seed7,0.27196946032658564,,8,per_run_oof
mistral_7b_instruct_v0p3__arc_test_00326_e67c5fe9__temp0.10__seed7,0.23067590533148963,,8,per_run_oof
mistral_7b_instruct_v0p3__arc_test_00326_e67c5fe9__temp0.60__seed7,0.26315743048410517,0.6666666666666667,8,per_run_oof
mistral_7b_instruct_v0p3__arc_test_00326_e67c5fe9__temp1.00__seed7,0.2023527905007093,,8,per_run_oof
mistral_7b_instruct_v0p3__arc_test_00327_5805f8ad__temp0.10__seed7,0.3423240508896207,0.0,8,per_run_oof
mistral_7b_instruct_v0p3__arc_test_00327_5805f8ad__temp0.60__seed7,0.1634855366722789,,8,per_run_oof
mistral_7b_instruct_v0p3__arc_test_00327_5805f8ad__temp1.00__seed7,0.23124017930909108,,8,per_run_oof
mistral_7b_instruct_v0p3__arc_test_00328_5d8bd275__temp0.10__seed7,0.3384794900112241,,8,per_run_oof
mistral_7b_instruct_v0p3__arc_test_00328_5d8bd275__temp0.60__seed7,0.21823514883549097,,8,per_run_oof
mistral_7b_instruct_v0p3__arc_test_00328_5d8bd275__temp1.00__seed7,0.25924238063518174,0.2857142857142857,8,per_run_oof
mistral_7b_instruct_v0p3__arc_test_00329_a05816f6__temp0.10__seed7,0.18230608479718846,,8,per_run_oof
mistral_7b_instruct_v0p3__arc_test_00329_a05816f6__temp0.60__seed7,0.21430455379969127,,8,per_run_oof
mistral_7b_instruct_v0p3__arc_test_00329_a05816f6__temp1.00__seed7,0.2685796842168926,0.8571428571428571,8,per_run_oof
mistral_7b_instruct_v0p3__arc_test_00330_f3d05923__temp0.10__seed7,0.34568305686274736,0.26666666666666666,8,per_run_oof
mistral_7b_instruct_v0p3__arc_test_00330_f3d05923__temp0.60__seed7,0.1863006088790844,,8,per_run_oof
mistral_7b_instruct_v0p3__arc_test_00330_f3d05923__temp1.00__seed7,0.23002088340006005,0.1428571428571429,8,per_run_oof
mistral_7b_instruct_v0p3__arc_test_00331_921d7c59__temp0.10__seed7,0.13622693241654227,,8,per_run_oof
mistral_7b_instruct_v0p3__arc_test_00331_921d7c59__temp0.60__seed7,0.16220257145387526,,8,per_run_oof
mistral_7b_instruct_v0p3__arc_test_00331_921d7c59__temp1.00__seed7,0.176283137246241,,8,per_run_oof
mistral_7b_instruct_v0p3__arc_test_00332_1ef5ad04__temp0.10__seed7,0.1967376220307722,,8,per_run_oof
mistral_7b_instruct_v0p3__arc_test_00332_1ef5ad04__temp0.60__seed7,0.2534551044726654,,8,per_run_oof
mistral_7b_instruct_v0p3__arc_test_00332_1ef5ad04__temp1.00__seed7,0.38393636345681914,,8,per_run_oof
mistral_7b_instruct_v0p3__arc_test_00333_eb9e5ddb__temp0.10__seed7,0.17494025679803227,,8,per_run_oof
mistral_7b_instruct_v0p3__arc_test_00333_eb9e5ddb__temp0.60__seed7,0.21615522159813302,,8,per_run_oof
mistral_7b_instruct_v0p3__arc_test_00333_eb9e5ddb__temp1.00__seed7,0.18809596046880755,,8,per_run_oof
mistral_7b_instruct_v0p3__arc_test_00334_39cea5b1__temp0.10__seed7,0.205935575537253,,8,per_run_oof
mistral_7b_instruct_v0p3__arc_test_00334_39cea5b1__temp0.60__seed7,0.31265523570380616,,8,per_run_oof
mistral_7b_instruct_v0p3__arc_test_00334_39cea5b1__temp1.00__seed7,0.33408950625017697,,8,per_run_oof
mistral_7b_instruct_v0p3__arc_test_00335_d093b0cc__temp0.10__seed7,0.16021652413387477,,8,per_run_oof
mistral_7b_instruct_v0p3__arc_test_00335_d093b0cc__temp0.60__seed7,0.15836154457353044,,8,per_run_oof
mistral_7b_instruct_v0p3__arc_test_00335_d093b0cc__temp1.00__seed7,0.226111059206055,,8,per_run_oof
mistral_7b_instruct_v0p3__arc_test_00336_9c0a7cb1__temp0.10__seed7,0.1587828353652763,,8,per_run_oof
mistral_7b_instruct_v0p3__arc_test_00336_9c0a7cb1__temp0.60__seed7,0.16542814942187567,,8,per_run_oof
mistral_7b_instruct_v0p3__arc_test_00336_9c0a7cb1__temp1.00__seed7,0.15818189809024924,,8,per_run_oof
mistral_7b_instruct_v0p3__arc_test_00337_bfd04e06__temp0.10__seed7,0.39466818776825485,,8,per_run_oof
mistral_7b_instruct_v0p3__arc_test_00337_bfd04e06__temp0.60__seed7,0.21876388104907438,,8,per_run_oof
mistral_7b_instruct_v0p3__arc_test_00337_bfd04e06__temp1.00__seed7,0.3025742579768602,,8,per_run_oof
mistral_7b_instruct_v0p3__arc_test_00338_e8c12e79__temp0.10__seed7,0.20420085075067865,,8,per_run_oof
mistral_7b_instruct_v0p3__arc_test_00338_e8c12e79__temp0.60__seed7,0.1807295516164302,0.7500000000000001,8,per_run_oof
mistral_7b_instruct_v0p3__arc_test_00338_e8c12e79__temp1.00__seed7,0.28523523303172077,0.39999999999999997,8,per_run_oof
mistral_7b_instruct_v0p3__arc_test_00339_73c46b12__temp0.10__seed7,0.21314626496206446,,8,per_run_oof
mistral_7b_instruct_v0p3__arc_test_00339_73c46b12__temp0.60__seed7,0.230868584968911,,8,per_run_oof
mistral_7b_instruct_v0p3__arc_test_00339_73c46b12__temp1.00__seed7,0.17989408855418643,,8,per_run_oof
mistral_7b_instruct_v0p3__arc_test_00340_261864e1__temp0.10__seed7,0.2419034092663577,,8,per_run_oof
mistral_7b_instruct_v0p3__arc_test_00340_261864e1__temp0.60__seed7,0.2450317186891689,,8,per_run_oof
mistral_7b_instruct_v0p3__arc_test_00340_261864e1__temp1.00__seed7,0.19617735034390674,,8,per_run_oof
mistral_7b_instruct_v0p3__arc_test_00341_7ea29d45__temp0.10__seed7,0.23343705258819475,0.8571428571428571,8,per_run_oof
mistral_7b_instruct_v0p3__arc_test_00341_7ea29d45__temp0.60__seed7,0.10963174821539654,1.0,8,per_run_oof
mistral_7b_instruct_v0p3__arc_test_00341_7ea29d45__temp1.00__seed7,0.19812132522535417,,8,per_run_oof
mistral_7b_instruct_v0p3__arc_test_00342_80337fed__temp0.10__seed7,0.15829543133996182,,8,per_run_oof
mistral_7b_instruct_v0p3__arc_test_00342_80337fed__temp0.60__seed7,0.2086181376133775,,8,per_run_oof
mistral_7b_instruct_v0p3__arc_test_00342_80337fed__temp1.00__seed7,0.336400752837241,,8,per_run_oof
mistral_7b_instruct_v0p3__arc_test_00343_7abc93de__temp0.10__seed7,0.14375713292481107,,8,per_run_oof
mistral_7b_instruct_v0p3__arc_test_00343_7abc93de__temp0.60__seed7,0.1339442389756091,,8,per_run_oof
mistral_7b_instruct_v0p3__arc_test_00343_7abc93de__temp1.00__seed7,0.26279063323366747,0.625,8,per_run_oof
mistral_7b_instruct_v0p3__arc_test_00344_84bb146b__temp0.10__seed7,0.14058101120557825,,8,per_run_oof
mistral_7b_instruct_v0p3__arc_test_00344_84bb146b__temp0.60__seed7,0.23149205247154314,0.8571428571428571,8,per_run_oof
mistral_7b_instruct_v0p3__arc_test_00344_84bb146b__temp1.00__seed7,0.27391993571580786,,8,per_run_oof
mistral_7b_instruct_v0p3__arc_test_00345_8d933cd2__temp0.10__seed7,0.19068446738238723,,8,per_run_oof
mistral_7b_instruct_v0p3__arc_test_00345_8d933cd2__temp0.60__seed7,0.27819914331574963,0.1428571428571429,8,per_run_oof
mistral_7b_instruct_v0p3__arc_test_00345_8d933cd2__temp1.00__seed7,0.2162357442248039,,8,per_run_oof
mistral_7b_instruct_v0p3__arc_test_00346_08326f7e__temp0.10__seed7,0.3586633036427195,,8,per_run_oof
mistral_7b_instruct_v0p3__arc_test_00346_08326f7e__temp0.60__seed7,0.16783037522828548,,8,per_run_oof
mistral_7b_instruct_v0p3__arc_test_00346_08326f7e__temp1.00__seed7,0.246618878755562,,8,per_run_oof
mistral_7b_instruct_v0p3__arc_test_00347_700060bd__temp0.10__seed7,0.1927057492131002,,8,per_run_oof
mistral_7b_instruct_v0p3__arc_test_00347_700060bd__temp0.60__seed7,0.15303680093094219,,8,per_run_oof
mistral_7b_instruct_v0p3__arc_test_00347_700060bd__temp1.00__seed7,0.1603879453429886,,8,per_run_oof
mistral_7b_instruct_v0p3__arc_test_00348_1581a6bc__temp0.10__seed7,0.2227867526132384,0.0,8,per_run_oof
mistral_7b_instruct_v0p3__arc_test_00348_1581a6bc__temp0.60__seed7,0.3010555354088138,,8,per_run_oof
mistral_7b_instruct_v0p3__arc_test_00348_1581a6bc__temp1.00__seed7,0.39628585281310746,,8,per_run_oof
mistral_7b_instruct_v0p3__arc_test_00349_2d015f04__temp0.10__seed7,0.1721179357139528,,8,per_run_oof
mistral_7b_instruct_v0p3__arc_test_00349_2d015f04__temp0.60__seed7,0.17036133412061916,,8,per_run_oof
mistral_7b_instruct_v0p3__arc_test_00349_2d015f04__temp1.00__seed7,0.36870201073051656,0.8571428571428571,8,per_run_oof
mistral_7b_instruct_v0p3__arc_test_00350_54e913b1__temp0.10__seed7,0.2974149678964837,0.39999999999999997,8,per_run_oof
mistral_7b_instruct_v0p3__arc_test_00350_54e913b1__temp0.60__seed7,0.15675986790110413,1.0,8,per_run_oof
mistral_7b_instruct_v0p3__arc_test_00350_54e913b1__temp1.00__seed7,0.16046332924204348,1.0,8,per_run_oof
mistral_7b_instruct_v0p3__arc_test_00351_3ff214fc__temp0.10__seed7,0.4310826787733946,0.5625,8,per_run_oof
mistral_7b_instruct_v0p3__arc_test_00351_3ff214fc__temp0.60__seed7,0.3195452273135366,,8,per_run_oof
mistral_7b_instruct_v0p3__arc_test_00351_3ff214fc__temp1.00__seed7,0.09799380116270007,,8,per_run_oof
mistral_7b_instruct_v0p3__arc_test_00352_6fea005d__temp0.10__seed7,0.18681861123505494,,8,per_run_oof
mistral_7b_instruct_v0p3__arc_test_00352_6fea005d__temp0.60__seed7,0.3126759003266486,,8,per_run_oof
mistral_7b_instruct_v0p3__arc_test_00352_6fea005d__temp1.00__seed7,0.21525124458748401,1.0,8,per_run_oof
mistral_7b_instruct_v0p3__arc_test_00353_3038599a__temp0.10__seed7,0.28984669882752134,,8,per_run_oof
mistral_7b_instruct_v0p3__arc_test_00353_3038599a__temp0.60__seed7,0.2054475888186872,,8,per_run_oof
mistral_7b_instruct_v0p3__arc_test_00353_3038599a__temp1.00__seed7,0.18226421419597658,,8,per_run_oof
mistral_7b_instruct_v0p3__arc_test_00354_d732b729__temp0.10__seed7,0.2518756689093129,,8,per_run_oof
mistral_7b_instruct_v0p3__arc_test_00354_d732b729__temp0.60__seed7,0.2597781716792624,,8,per_run_oof
mistral_7b_instruct_v0p3__arc_test_00354_d732b729__temp1.00__seed7,0.15395973839792193,,8,per_run_oof
mistral_7b_instruct_v0p3__arc_test_00355_86e261d3__temp0.10__seed7,0.19358280085740798,,8,per_run_oof
mistral_7b_instruct_v0p3__arc_test_00355_86e261d3__temp0.60__seed7,0.19468233999352355,,8,per_run_oof
mistral_7b_instruct_v0p3__arc_test_00355_86e261d3__temp1.00__seed7,0.18860484032682118,,8,per_run_oof
mistral_7b_instruct_v0p3__arc_test_00356_c3cf20a2__temp0.10__seed7,0.17978517487547047,,8,per_run_oof
mistral_7b_instruct_v0p3__arc_test_00356_c3cf20a2__temp0.60__seed7,0.21962379468367596,,8,per_run_oof
mistral_7b_instruct_v0p3__arc_test_00356_c3cf20a2__temp1.00__seed7,0.18078512399332408,,8,per_run_oof
mistral_7b_instruct_v0p3__arc_test_00357_c9520544__temp0.10__seed7,0.30339410113303655,0.5714285714285714,8,per_run_oof
mistral_7b_instruct_v0p3__arc_test_00357_c9520544__temp0.60__seed7,0.1721468950418281,,8,per_run_oof
mistral_7b_instruct_v0p3__arc_test_00357_c9520544__temp1.00__seed7,0.16106111465758302,1.0,8,per_run_oof
mistral_7b_instruct_v0p3__arc_test_00358_1fa0a666__temp0.10__seed7,0.15435922409694122,,8,per_run_oof
mistral_7b_instruct_v0p3__arc_test_00358_1fa0a666__temp0.60__seed7,0.17258935910127704,,8,per_run_oof
mistral_7b_instruct_v0p3__arc_test_00358_1fa0a666__temp1.00__seed7,0.14439658066509634,,8,per_run_oof
mistral_7b_instruct_v0p3__arc_test_00359_50cdd935__temp0.10__seed7,0.23876877410998718,,8,per_run_oof
mistral_7b_instruct_v0p3__arc_test_00359_50cdd935__temp0.60__seed7,0.3493473529293484,,8,per_run_oof
mistral_7b_instruct_v0p3__arc_test_00359_50cdd935__temp1.00__seed7,0.17533230448529877,,8,per_run_oof
mistral_7b_instruct_v0p3__arc_test_00360_963eb34a__temp0.10__seed7,0.3653402444356344,0.08333333333333331,8,per_run_oof
mistral_7b_instruct_v0p3__arc_test_00360_963eb34a__temp0.60__seed7,0.16745146328923133,,8,per_run_oof
mistral_7b_instruct_v0p3__arc_test_00360_963eb34a__temp1.00__seed7,0.1329150455973983,,8,per_run_oof
mistral_7b_instruct_v0p3__arc_test_00361_9680c5e6__temp0.10__seed7,0.15083012364019605,,8,per_run_oof
mistral_7b_instruct_v0p3__arc_test_00361_9680c5e6__temp0.60__seed7,0.21648949021219877,,8,per_run_oof
mistral_7b_instruct_v0p3__arc_test_00361_9680c5e6__temp1.00__seed7,0.20978923245899422,,8,per_run_oof
mistral_7b_instruct_v0p3__arc_test_00362_8989fa13__temp0.10__seed7,0.22676880355035794,,8,per_run_oof
mistral_7b_instruct_v0p3__arc_test_00362_8989fa13__temp0.60__seed7,0.1996665179624046,,8,per_run_oof
mistral_7b_instruct_v0p3__arc_test_00362_8989fa13__temp1.00__seed7,0.16562537592454613,,8,per_run_oof
mistral_7b_instruct_v0p3__arc_test_00363_d09e73e1__temp0.10__seed7,0.2150215827526137,,8,per_run_oof
mistral_7b_instruct_v0p3__arc_test_00363_d09e73e1__temp0.60__seed7,0.2946333436468374,0.4666666666666666,8,per_run_oof
mistral_7b_instruct_v0p3__arc_test_00363_d09e73e1__temp1.00__seed7,0.30777384891609827,,8,per_run_oof
mistral_7b_instruct_v0p3__arc_test_00364_f961994a__temp0.10__seed7,0.19999031962271124,0.8571428571428571,8,per_run_oof
mistral_7b_instruct_v0p3__arc_test_00364_f961994a__temp0.60__seed7,0.17976478483442193,,8,per_run_oof
mistral_7b_instruct_v0p3__arc_test_00364_f961994a__temp1.00__seed7,0.2720932383759656,,8,per_run_oof
mistral_7b_instruct_v0p3__arc_test_00365_fc1a2043__temp0.10__seed7,0.18798606497191278,0.9333333333333333,8,per_run_oof
mistral_7b_instruct_v0p3__arc_test_00365_fc1a2043__temp0.60__seed7,0.2581979297216141,0.41666666666666663,8,per_run_oof
mistral_7b_instruct_v0p3__arc_test_00365_fc1a2043__temp1.00__seed7,0.10514438352890933,1.0,8,per_run_oof
mistral_7b_instruct_v0p3__arc_test_00366_749ea83e__temp0.10__seed7,0.2518988228206588,1.0,8,per_run_oof
mistral_7b_instruct_v0p3__arc_test_00366_749ea83e__temp0.60__seed7,0.21164715856647834,0.4666666666666666,8,per_run_oof
mistral_7b_instruct_v0p3__arc_test_00366_749ea83e__temp1.00__seed7,0.16820815964420785,,8,per_run_oof
mistral_7b_instruct_v0p3__arc_test_00367_5cb0240d__temp0.10__seed7,0.1424893132969371,,8,per_run_oof
mistral_7b_instruct_v0p3__arc_test_00367_5cb0240d__temp0.60__seed7,0.15800164417178014,,8,per_run_oof
mistral_7b_instruct_v0p3__arc_test_00367_5cb0240d__temp1.00__seed7,0.19528431730065735,,8,per_run_oof
mistral_7b_instruct_v0p3__arc_test_00368_90e92ee8__temp0.10__seed7,0.16074690964412774,1.0,8,per_run_oof
mistral_7b_instruct_v0p3__arc_test_00368_90e92ee8__temp0.60__seed7,0.1565326967444665,,8,per_run_oof
mistral_7b_instruct_v0p3__arc_test_00368_90e92ee8__temp1.00__seed7,0.16840480876982003,1.0,8,per_run_oof
mistral_7b_instruct_v0p3__arc_test_00369_14f62ec1__temp0.10__seed7,0.1114663265050797,,8,per_run_oof
mistral_7b_instruct_v0p3__arc_test_00369_14f62ec1__temp0.60__seed7,0.16402311589001362,,8,per_run_oof
mistral_7b_instruct_v0p3__arc_test_00369_14f62ec1__temp1.00__seed7,0.14020095169609076,,8,per_run_oof
mistral_7b_instruct_v0p3__arc_test_00370_541784ff__temp0.10__seed7,0.21926673553548345,,8,per_run_oof
mistral_7b_instruct_v0p3__arc_test_00370_541784ff__temp0.60__seed7,0.2256363566993786,,8,per_run_oof
mistral_7b_instruct_v0p3__arc_test_00370_541784ff__temp1.00__seed7,0.18305371084517869,,8,per_run_oof
mistral_7b_instruct_v0p3__arc_test_00371_61d05f33__temp0.10__seed7,0.24129650650810708,,8,per_run_oof
mistral_7b_instruct_v0p3__arc_test_00371_61d05f33__temp0.60__seed7,0.1960451726474241,,8,per_run_oof
mistral_7b_instruct_v0p3__arc_test_00371_61d05f33__temp1.00__seed7,0.21064267067106884,,8,per_run_oof
mistral_7b_instruct_v0p3__arc_test_00372_d190f034__temp0.10__seed7,0.29434311357061016,,8,per_run_oof
mistral_7b_instruct_v0p3__arc_test_00372_d190f034__temp0.60__seed7,0.2020944175117182,,8,per_run_oof
mistral_7b_instruct_v0p3__arc_test_00372_d190f034__temp1.00__seed7,0.39932906110206823,,8,per_run_oof
mistral_7b_instruct_v0p3__arc_test_00373_5814041d__temp0.10__seed7,0.3033639542265252,,8,per_run_oof
mistral_7b_instruct_v0p3__arc_test_00373_5814041d__temp0.60__seed7,0.1812032823103021,,8,per_run_oof
mistral_7b_instruct_v0p3__arc_test_00373_5814041d__temp1.00__seed7,0.1926391227862309,,8,per_run_oof
mistral_7b_instruct_v0p3__arc_test_00374_eeef776d__temp0.10__seed7,0.24047996351656997,0.8571428571428571,8,per_run_oof
mistral_7b_instruct_v0p3__arc_test_00374_eeef776d__temp0.60__seed7,0.1330346713889149,,8,per_run_oof
mistral_7b_instruct_v0p3__arc_test_00374_eeef776d__temp1.00__seed7,0.1885148971078323,,8,per_run_oof
mistral_7b_instruct_v0p3__arc_test_00375_a3ec4d7e__temp0.10__seed7,0.24044000860492631,,8,per_run_oof
mistral_7b_instruct_v0p3__arc_test_00375_a3ec4d7e__temp0.60__seed7,0.31158219067286363,,8,per_run_oof
mistral_7b_instruct_v0p3__arc_test_00375_a3ec4d7e__temp1.00__seed7,0.31062325151276077,,8,per_run_oof
mistral_7b_instruct_v0p3__arc_test_00376_f1c08288__temp0.10__seed7,0.10777605317432962,,8,per_run_oof
mistral_7b_instruct_v0p3__arc_test_00376_f1c08288__temp0.60__seed7,0.15050702301902402,,8,per_run_oof
mistral_7b_instruct_v0p3__arc_test_00376_f1c08288__temp1.00__seed7,0.16048571891365881,,8,per_run_oof
mistral_7b_instruct_v0p3__arc_test_00377_48873156__temp0.10__seed7,0.2697239312878873,,8,per_run_oof
mistral_7b_instruct_v0p3__arc_test_00377_48873156__temp0.60__seed7,0.21522143592922782,,8,per_run_oof
mistral_7b_instruct_v0p3__arc_test_00377_48873156__temp1.00__seed7,0.13942150421039462,,8,per_run_oof
mistral_7b_instruct_v0p3__arc_test_00378_eb3c1b7c__temp0.10__seed7,0.29922378433476027,0.14285714285714285,8,per_run_oof
mistral_7b_instruct_v0p3__arc_test_00378_eb3c1b7c__temp0.60__seed7,0.37341897024438764,,8,per_run_oof
mistral_7b_instruct_v0p3__arc_test_00378_eb3c1b7c__temp1.00__seed7,0.19487590379032516,0.8571428571428571,8,per_run_oof
mistral_7b_instruct_v0p3__arc_test_00379_2cc6079d__temp0.10__seed7,0.13090314654347196,,8,per_run_oof
mistral_7b_instruct_v0p3__arc_test_00379_2cc6079d__temp0.60__seed7,0.2236757862880645,,8,per_run_oof
mistral_7b_instruct_v0p3__arc_test_00379_2cc6079d__temp1.00__seed7,0.2380351228019797,,8,per_run_oof
mistral_7b_instruct_v0p3__arc_test_00380_89cc3cdf__temp0.10__seed7,0.35886104196237756,,8,per_run_oof
mistral_7b_instruct_v0p3__arc_test_00380_89cc3cdf__temp0.60__seed7,0.4231659305558333,0.06666666666666668,8,per_run_oof
mistral_7b_instruct_v0p3__arc_test_00380_89cc3cdf__temp1.00__seed7,0.21606211159429184,0.1428571428571429,8,per_run_oof
mistral_7b_instruct_v0p3__arc_test_00381_93afedf3__temp0.10__seed7,0.3300274243377367,0.14285714285714285,8,per_run_oof
mistral_7b_instruct_v0p3__arc_test_00381_93afedf3__temp0.60__seed7,0.385094083917521,,8,per_run_oof
mistral_7b_instruct_v0p3__arc_test_00381_93afedf3__temp1.00__seed7,0.21202003027559166,,8,per_run_oof
mistral_7b_instruct_v0p3__arc_test_00382_1003b882__temp0.10__seed7,0.17787922174947707,,8,per_run_oof
mistral_7b_instruct_v0p3__arc_test_00382_1003b882__temp0.60__seed7,0.18649918830146395,,8,per_run_oof
mistral_7b_instruct_v0p3__arc_test_00382_1003b882__temp1.00__seed7,0.2950141345530447,0.6000000000000001,8,per_run_oof
mistral_7b_instruct_v0p3__arc_test_00383_6a698269__temp0.10__seed7,0.27555618785196756,,8,per_run_oof
mistral_7b_instruct_v0p3__arc_test_00383_6a698269__temp0.60__seed7,0.22250930931745438,0.75,8,per_run_oof
mistral_7b_instruct_v0p3__arc_test_00383_6a698269__temp1.00__seed7,0.2891880863717705,0.9166666666666667,8,per_run_oof
mistral_7b_instruct_v0p3__arc_test_00384_5fee9f1d__temp0.10__seed7,0.1532718928724654,,8,per_run_oof
mistral_7b_instruct_v0p3__arc_test_00384_5fee9f1d__temp0.60__seed7,0.2659175517366979,0.6000000000000001,8,per_run_oof
mistral_7b_instruct_v0p3__arc_test_00384_5fee9f1d__temp1.00__seed7,0.23142060891373012,0.8571428571428571,8,per_run_oof
mistral_7b_instruct_v0p3__arc_test_00385_21b81e4d__temp0.10__seed7,0.15556132534675873,,8,per_run_oof
mistral_7b_instruct_v0p3__arc_test_00385_21b81e4d__temp0.60__seed7,0.1988533222687961,0.8571428571428571,8,per_run_oof
mistral_7b_instruct_v0p3__arc_test_00385_21b81e4d__temp1.00__seed7,0.1806284631899923,,8,per_run_oof
mistral_7b_instruct_v0p3__arc_test_00386_510d3831__temp0.10__seed7,0.13702885437838225,,8,per_run_oof
mistral_7b_instruct_v0p3__arc_test_00386_510d3831__temp0.60__seed7,0.13253150273853226,,8,per_run_oof
mistral_7b_instruct_v0p3__arc_test_00386_510d3831__temp1.00__seed7,0.14141334043748832,,8,per_run_oof
mistral_7b_instruct_v0p3__arc_test_00387_b2f54c38__temp0.10__seed7,0.24720585772840714,,8,per_run_oof
mistral_7b_instruct_v0p3__arc_test_00387_b2f54c38__temp0.60__seed7,0.2627470603397689,,8,per_run_oof
mistral_7b_instruct_v0p3__arc_test_00387_b2f54c38__temp1.00__seed7,0.3650095350396284,,8,per_run_oof
mistral_7b_instruct_v0p3__arc_test_00388_2ad5430d__temp0.10__seed7,0.10328188472815003,1.0,8,per_run_oof
mistral_7b_instruct_v0p3__arc_test_00388_2ad5430d__temp0.60__seed7,0.10671213590553721,1.0,8,per_run_oof
mistral_7b_instruct_v0p3__arc_test_00388_2ad5430d__temp1.00__seed7,0.1956845791643679,0.8666666666666667,8,per_run_oof
mistral_7b_instruct_v0p3__arc_test_00389_ea18f85c__temp0.10__seed7,0.21086609021269825,,8,per_run_oof
mistral_7b_instruct_v0p3__arc_test_00389_ea18f85c__temp0.60__seed7,0.2322567453118481,,8,per_run_oof
mistral_7b_instruct_v0p3__arc_test_00389_ea18f85c__temp1.00__seed7,0.19265626999229363,,8,per_run_oof
mistral_7b_instruct_v0p3__arc_test_00390_c123b71e__temp0.10__seed7,0.3504772687414697,0.8571428571428571,8,per_run_oof
mistral_7b_instruct_v0p3__arc_test_00390_c123b71e__temp0.60__seed7,0.288412484698273,0.7142857142857143,8,per_run_oof
mistral_7b_instruct_v0p3__arc_test_00390_c123b71e__temp1.00__seed7,0.23917017794909068,0.5,8,per_run_oof
mistral_7b_instruct_v0p3__arc_test_00391_d0bb2364__temp0.10__seed7,0.1815550039809503,,8,per_run_oof
mistral_7b_instruct_v0p3__arc_test_00391_d0bb2364__temp0.60__seed7,0.20069095862934855,,8,per_run_oof
mistral_7b_instruct_v0p3__arc_test_00391_d0bb2364__temp1.00__seed7,0.3045684142383053,,8,per_run_oof
mistral_7b_instruct_v0p3__arc_test_00392_5c6cca71__temp0.10__seed7,0.32127644303102587,,8,per_run_oof
mistral_7b_instruct_v0p3__arc_test_00392_5c6cca71__temp0.60__seed7,0.34919136599072303,,8,per_run_oof
mistral_7b_instruct_v0p3__arc_test_00392_5c6cca71__temp1.00__seed7,0.2986188110756375,,8,per_run_oof
mistral_7b_instruct_v0p3__arc_test_00393_365cb767__temp0.10__seed7,0.14863287595402722,1.0,8,per_run_oof
mistral_7b_instruct_v0p3__arc_test_00393_365cb767__temp0.60__seed7,0.31123200391847683,,8,per_run_oof
mistral_7b_instruct_v0p3__arc_test_00393_365cb767__temp1.00__seed7,0.23489702462489012,1.0,8,per_run_oof
mistral_7b_instruct_v0p3__arc_test_00394_c1006e24__temp0.10__seed7,0.15906661007104325,,8,per_run_oof
mistral_7b_instruct_v0p3__arc_test_00394_c1006e24__temp0.60__seed7,0.22021966433845747,0.9333333333333333,8,per_run_oof
mistral_7b_instruct_v0p3__arc_test_00394_c1006e24__temp1.00__seed7,0.25366098689438965,1.0,8,per_run_oof
mistral_7b_instruct_v0p3__arc_test_00395_19220aa4__temp0.10__seed7,0.2368582152978976,,8,per_run_oof
mistral_7b_instruct_v0p3__arc_test_00395_19220aa4__temp0.60__seed7,0.31389347504770404,,8,per_run_oof
mistral_7b_instruct_v0p3__arc_test_00395_19220aa4__temp1.00__seed7,0.30361545682743346,,8,per_run_oof
mistral_7b_instruct_v0p3__arc_test_00396_199e30ec__temp0.10__seed7,0.24249632962311324,0.8571428571428571,8,per_run_oof
mistral_7b_instruct_v0p3__arc_test_00396_199e30ec__temp0.60__seed7,0.24182069257209904,0.8333333333333334,8,per_run_oof
mistral_7b_instruct_v0p3__arc_test_00396_199e30ec__temp1.00__seed7,0.15281176378849443,,8,per_run_oof
mistral_7b_instruct_v0p3__arc_test_00397_6ed7da59__temp0.10__seed7,0.29650499746326275,,8,per_run_oof
mistral_7b_instruct_v0p3__arc_test_00397_6ed7da59__temp0.60__seed7,0.16143698346445484,0.7142857142857143,8,per_run_oof
mistral_7b_instruct_v0p3__arc_test_00397_6ed7da59__temp1.00__seed7,0.4106974005310183,,8,per_run_oof
mistral_7b_instruct_v0p3__arc_test_00398_615e437d__temp0.10__seed7,0.18097768278336995,,8,per_run_oof
mistral_7b_instruct_v0p3__arc_test_00398_615e437d__temp0.60__seed7,0.19499686379513115,,8,per_run_oof
mistral_7b_instruct_v0p3__arc_test_00398_615e437d__temp1.00__seed7,0.1592501952046818,,8,per_run_oof
mistral_7b_instruct_v0p3__arc_test_00399_8bb72554__temp0.10__seed7,0.1330115147615392,,8,per_run_oof
mistral_7b_instruct_v0p3__arc_test_00399_8bb72554__temp0.60__seed7,0.24531969696874564,,8,per_run_oof
mistral_7b_instruct_v0p3__arc_test_00399_8bb72554__temp1.00__seed7,0.19965697611318683,,8,per_run_oof
mistral_7b_instruct_v0p3__arc_test_00400_bfe816dd__temp0.10__seed7,0.18236800661735847,,8,per_run_oof
mistral_7b_instruct_v0p3__arc_test_00400_bfe816dd__temp0.60__seed7,0.47488032848338824,,8,per_run_oof
mistral_7b_instruct_v0p3__arc_test_00400_bfe816dd__temp1.00__seed7,0.229084121906769,,8,per_run_oof
mistral_7b_instruct_v0p3__arc_test_00401_4e35eaf6__temp0.10__seed7,0.20596282488007392,,8,per_run_oof
mistral_7b_instruct_v0p3__arc_test_00401_4e35eaf6__temp0.60__seed7,0.2163270335962396,,8,per_run_oof
mistral_7b_instruct_v0p3__arc_test_00401_4e35eaf6__temp1.00__seed7,0.22031520240098926,,8,per_run_oof
mistral_7b_instruct_v0p3__arc_test_00402_e0792da4__temp0.10__seed7,0.15988941636076975,,8,per_run_oof
mistral_7b_instruct_v0p3__arc_test_00402_e0792da4__temp0.60__seed7,0.440710475175641,,8,per_run_oof
mistral_7b_instruct_v0p3__arc_test_00402_e0792da4__temp1.00__seed7,0.1727639944297818,,8,per_run_oof
mistral_7b_instruct_v0p3__arc_test_00403_9558705a__temp0.10__seed7,0.328002033658066,,8,per_run_oof
mistral_7b_instruct_v0p3__arc_test_00403_9558705a__temp0.60__seed7,0.37938854403162475,,8,per_run_oof
mistral_7b_instruct_v0p3__arc_test_00403_9558705a__temp1.00__seed7,0.336262297950762,,8,per_run_oof
mistral_7b_instruct_v0p3__arc_test_00404_8769cf53__temp0.10__seed7,0.20522076878891204,0.4285714285714286,8,per_run_oof
mistral_7b_instruct_v0p3__arc_test_00404_8769cf53__temp0.60__seed7,0.2418197555610359,0.6666666666666666,8,per_run_oof
mistral_7b_instruct_v0p3__arc_test_00404_8769cf53__temp1.00__seed7,0.31279682313897517,0.8333333333333333,8,per_run_oof
mistral_7b_instruct_v0p3__arc_test_00405_0f969551__temp0.10__seed7,0.20667392689878478,,8,per_run_oof
mistral_7b_instruct_v0p3__arc_test_00405_0f969551__temp0.60__seed7,0.18028889264748355,,8,per_run_oof
mistral_7b_instruct_v0p3__arc_test_00405_0f969551__temp1.00__seed7,0.18446185021463157,,8,per_run_oof
mistral_7b_instruct_v0p3__arc_test_00406_7424fa6b__temp0.10__seed7,0.20941546810301623,,8,per_run_oof
mistral_7b_instruct_v0p3__arc_test_00406_7424fa6b__temp0.60__seed7,0.2880237863258437,,8,per_run_oof
mistral_7b_instruct_v0p3__arc_test_00406_7424fa6b__temp1.00__seed7,0.17853498162803488,,8,per_run_oof
mistral_7b_instruct_v0p3__arc_test_00407_86df5880__temp0.10__seed7,0.28512036601269186,0.8571428571428571,8,per_run_oof
mistral_7b_instruct_v0p3__arc_test_00407_86df5880__temp0.60__seed7,0.2134447792278676,,8,per_run_oof
mistral_7b_instruct_v0p3__arc_test_00407_86df5880__temp1.00__seed7,0.15012594742033308,,8,per_run_oof
mistral_7b_instruct_v0p3__arc_test_00408_4c2fa905__temp0.10__seed7,0.45931429856014405,0.5,8,per_run_oof
mistral_7b_instruct_v0p3__arc_test_00408_4c2fa905__temp0.60__seed7,0.3731423274298503,,8,per_run_oof
mistral_7b_instruct_v0p3__arc_test_00408_4c2fa905__temp1.00__seed7,0.31451867898827923,0.33333333333333337,8,per_run_oof
mistral_7b_instruct_v0p3__arc_test_00409_e083d145__temp0.10__seed7,0.13086374212527385,,8,per_run_oof
mistral_7b_instruct_v0p3__arc_test_00409_e083d145__temp0.60__seed7,0.40854851527664815,,8,per_run_oof
mistral_7b_instruct_v0p3__arc_test_00409_e083d145__temp1.00__seed7,0.3886401821785195,,8,per_run_oof
mistral_7b_instruct_v0p3__arc_test_00410_c7538370__temp0.10__seed7,0.25310501531203355,1.0,8,per_run_oof
mistral_7b_instruct_v0p3__arc_test_00410_c7538370__temp0.60__seed7,0.16364519562195506,,8,per_run_oof
mistral_7b_instruct_v0p3__arc_test_00410_c7538370__temp1.00__seed7,0.1589669108277521,,8,per_run_oof
mistral_7b_instruct_v0p3__arc_test_00411_bfdfc9d1__temp0.10__seed7,0.3578400195583958,,8,per_run_oof
mistral_7b_instruct_v0p3__arc_test_00411_bfdfc9d1__temp0.60__seed7,0.33379247933165257,,8,per_run_oof
mistral_7b_instruct_v0p3__arc_test_00411_bfdfc9d1__temp1.00__seed7,0.3127887267529924,,8,per_run_oof
mistral_7b_instruct_v0p3__arc_test_00412_1998b3aa__temp0.10__seed7,0.26354340215727456,0.42857142857142855,8,per_run_oof
mistral_7b_instruct_v0p3__arc_test_00412_1998b3aa__temp0.60__seed7,0.24162467797048023,,8,per_run_oof
mistral_7b_instruct_v0p3__arc_test_00412_1998b3aa__temp1.00__seed7,0.30223638703681627,0.4375,8,per_run_oof
mistral_7b_instruct_v0p3__arc_test_00413_302e6269__temp0.10__seed7,0.16085108933705983,,8,per_run_oof
mistral_7b_instruct_v0p3__arc_test_00413_302e6269__temp0.60__seed7,0.21462439808248074,,8,per_run_oof
mistral_7b_instruct_v0p3__arc_test_00413_302e6269__temp1.00__seed7,0.226158101574662,0.8571428571428571,8,per_run_oof
mistral_7b_instruct_v0p3__arc_test_00414_526ea1cc__temp0.10__seed7,0.20928451268556347,,8,per_run_oof
mistral_7b_instruct_v0p3__arc_test_00414_526ea1cc__temp0.60__seed7,0.2108278885423732,,8,per_run_oof
mistral_7b_instruct_v0p3__arc_test_00414_526ea1cc__temp1.00__seed7,0.21363527773661029,,8,per_run_oof
mistral_7b_instruct_v0p3__arc_test_00415_8541da3f__temp0.10__seed7,0.25630726958636213,,8,per_run_oof
mistral_7b_instruct_v0p3__arc_test_00415_8541da3f__temp0.60__seed7,0.18876642044116523,,8,per_run_oof
mistral_7b_instruct_v0p3__arc_test_00415_8541da3f__temp1.00__seed7,0.18265057025596232,,8,per_run_oof
mistral_7b_instruct_v0p3__arc_test_00416_1c8c83d8__temp0.10__seed7,0.2482318909262124,,8,per_run_oof
mistral_7b_instruct_v0p3__arc_test_00416_1c8c83d8__temp0.60__seed7,0.3163796410312709,,8,per_run_oof
mistral_7b_instruct_v0p3__arc_test_00416_1c8c83d8__temp1.00__seed7,0.3460609216539117,,8,per_run_oof
mistral_7b_instruct_v0p3__arc_test_00417_d4feaa19__temp0.10__seed7,0.18688299096247996,,8,per_run_oof
mistral_7b_instruct_v0p3__arc_test_00417_d4feaa19__temp0.60__seed7,0.16286169533926192,,8,per_run_oof
mistral_7b_instruct_v0p3__arc_test_00417_d4feaa19__temp1.00__seed7,0.2089100403184535,,8,per_run_oof
mistral_7b_instruct_v0p3__arc_test_00418_9c8ca325__temp0.10__seed7,0.19681792001685056,,8,per_run_oof
mistral_7b_instruct_v0p3__arc_test_00418_9c8ca325__temp0.60__seed7,0.23156375476469726,0.8333333333333334,8,per_run_oof
mistral_7b_instruct_v0p3__arc_test_00418_9c8ca325__temp1.00__seed7,0.16508345854513007,,8,per_run_oof
mistral_7b_instruct_v0p3__arc_test_00419_9e662f9b__temp0.10__seed7,0.2200417699776161,0.8571428571428571,8,per_run_oof
mistral_7b_instruct_v0p3__arc_test_00419_9e662f9b__temp0.60__seed7,0.1885657396296499,0.8,8,per_run_oof
mistral_7b_instruct_v0p3__arc_test_00419_9e662f9b__temp1.00__seed7,0.14855476753667263,,8,per_run_oof
mistral_7b_instruct_v0p3__arc_test_00420_d643f074__temp0.10__seed7,0.16952926528066364,,8,per_run_oof
mistral_7b_instruct_v0p3__arc_test_00420_d643f074__temp0.60__seed7,0.12844261709370144,,8,per_run_oof
mistral_7b_instruct_v0p3__arc_test_00420_d643f074__temp1.00__seed7,0.14419105997916815,,8,per_run_oof
mistral_7b_instruct_v0p3__arc_test_00421_dde0e2e8__temp0.10__seed7,0.13314079393604172,,8,per_run_oof
mistral_7b_instruct_v0p3__arc_test_00421_dde0e2e8__temp0.60__seed7,0.1488480119199271,,8,per_run_oof
mistral_7b_instruct_v0p3__arc_test_00421_dde0e2e8__temp1.00__seed7,0.14175366202102857,,8,per_run_oof
mistral_7b_instruct_v0p3__arc_test_00422_6dc84e52__temp0.10__seed7,0.22091244246516367,,8,per_run_oof
mistral_7b_instruct_v0p3__arc_test_00422_6dc84e52__temp0.60__seed7,0.189816546432299,,8,per_run_oof
mistral_7b_instruct_v0p3__arc_test_00422_6dc84e52__temp1.00__seed7,0.2719690904477172,,8,per_run_oof
mistral_7b_instruct_v0p3__arc_test_00423_e5103000__temp0.10__seed7,0.24298628532780903,,8,per_run_oof
mistral_7b_instruct_v0p3__arc_test_00423_e5103000__temp0.60__seed7,0.2311791507215412,0.8333333333333333,8,per_run_oof
mistral_7b_instruct_v0p3__arc_test_00423_e5103000__temp1.00__seed7,0.3235472566644163,,8,per_run_oof
mistral_7b_instruct_v0p3__arc_test_00424_67b41086__temp0.10__seed7,0.13924388338349947,1.0,8,per_run_oof
mistral_7b_instruct_v0p3__arc_test_00424_67b41086__temp0.60__seed7,0.17711144177641586,,8,per_run_oof
mistral_7b_instruct_v0p3__arc_test_00424_67b41086__temp1.00__seed7,0.19257136717399154,,8,per_run_oof
mistral_7b_instruct_v0p3__arc_test_00425_e3b3f101__temp0.10__seed7,0.15459224357005147,,8,per_run_oof
mistral_7b_instruct_v0p3__arc_test_00425_e3b3f101__temp0.60__seed7,0.2621858616180083,,8,per_run_oof
mistral_7b_instruct_v0p3__arc_test_00425_e3b3f101__temp1.00__seed7,0.3276696533844503,,8,per_run_oof
mistral_7b_instruct_v0p3__arc_test_00426_8ace8de5__temp0.10__seed7,0.14494280689211175,1.0,8,per_run_oof
mistral_7b_instruct_v0p3__arc_test_00426_8ace8de5__temp0.60__seed7,0.14463203404410735,,8,per_run_oof
mistral_7b_instruct_v0p3__arc_test_00426_8ace8de5__temp1.00__seed7,0.23571686052141105,0.0,8,per_run_oof
mistral_7b_instruct_v0p3__arc_test_00427_87d4709d__temp0.10__seed7,0.15434016242232504,,8,per_run_oof
mistral_7b_instruct_v0p3__arc_test_00427_87d4709d__temp0.60__seed7,0.21737910319666431,,8,per_run_oof
mistral_7b_instruct_v0p3__arc_test_00427_87d4709d__temp1.00__seed7,0.31901482215270927,,8,per_run_oof
mistral_7b_instruct_v0p3__arc_test_00428_7287612b__temp0.10__seed7,0.12607427155923565,,8,per_run_oof
mistral_7b_instruct_v0p3__arc_test_00428_7287612b__temp0.60__seed7,0.2882067047435758,,8,per_run_oof
mistral_7b_instruct_v0p3__arc_test_00428_7287612b__temp1.00__seed7,0.22433660907715647,,8,per_run_oof
mistral_7b_instruct_v0p3__arc_test_00429_ecc4d8f9__temp0.10__seed7,0.30502147891795917,0.14285714285714285,8,per_run_oof
mistral_7b_instruct_v0p3__arc_test_00429_ecc4d8f9__temp0.60__seed7,0.35790015384283813,,8,per_run_oof
mistral_7b_instruct_v0p3__arc_test_00429_ecc4d8f9__temp1.00__seed7,0.25102227927554255,,8,per_run_oof
mistral_7b_instruct_v0p3__arc_test_00430_1f117cb5__temp0.10__seed7,0.24515135809977137,,8,per_run_oof
mistral_7b_instruct_v0p3__arc_test_00430_1f117cb5__temp0.60__seed7,0.2501809758888379,,8,per_run_oof
mistral_7b_instruct_v0p3__arc_test_00430_1f117cb5__temp1.00__seed7,0.14971549497629905,,8,per_run_oof
mistral_7b_instruct_v0p3__arc_test_00431_ed38e3fb__temp0.10__seed7,0.18122856670766208,,8,per_run_oof
mistral_7b_instruct_v0p3__arc_test_00431_ed38e3fb__temp0.60__seed7,0.18410787006749535,,8,per_run_oof
mistral_7b_instruct_v0p3__arc_test_00431_ed38e3fb__temp1.00__seed7,0.18037625862783369,,8,per_run_oof
mistral_7b_instruct_v0p3__arc_test_00432_b2081734__temp0.10__seed7,0.3252953324109676,,8,per_run_oof
mistral_7b_instruct_v0p3__arc_test_00432_b2081734__temp0.60__seed7,0.23318706112667092,,8,per_run_oof
mistral_7b_instruct_v0p3__arc_test_00432_b2081734__temp1.00__seed7,0.1899585722863396,,8,per_run_oof
mistral_7b_instruct_v0p3__arc_test_00433_8f97d596__temp0.10__seed7,0.16570313586421104,,8,per_run_oof
mistral_7b_instruct_v0p3__arc_test_00433_8f97d596__temp0.60__seed7,0.19810483698411757,,8,per_run_oof
mistral_7b_instruct_v0p3__arc_test_00433_8f97d596__temp1.00__seed7,0.162444493324909,,8,per_run_oof
mistral_7b_instruct_v0p3__arc_test_00434_5dc9b930__temp0.10__seed7,0.35817698008308196,,8,per_run_oof
mistral_7b_instruct_v0p3__arc_test_00434_5dc9b930__temp0.60__seed7,0.30640217156154015,,8,per_run_oof
mistral_7b_instruct_v0p3__arc_test_00434_5dc9b930__temp1.00__seed7,0.37624029322362285,,8,per_run_oof
mistral_7b_instruct_v0p3__arc_test_00435_5a5808a0__temp0.10__seed7,0.2405254246329379,,8,per_run_oof
mistral_7b_instruct_v0p3__arc_test_00435_5a5808a0__temp0.60__seed7,0.19346914485209954,,8,per_run_oof
mistral_7b_instruct_v0p3__arc_test_00435_5a5808a0__temp1.00__seed7,0.2789593081148572,1.0,8,per_run_oof
mistral_7b_instruct_v0p3__arc_test_00436_1db7d473__temp0.10__seed7,0.21560911214634748,,8,per_run_oof
mistral_7b_instruct_v0p3__arc_test_00436_1db7d473__temp0.60__seed7,0.23573971957723525,0.9333333333333333,8,per_run_oof
mistral_7b_instruct_v0p3__arc_test_00436_1db7d473__temp1.00__seed7,0.19809723297735446,,8,per_run_oof
mistral_7b_instruct_v0p3__arc_test_00437_68fe5af1__temp0.10__seed7,0.20206016663113907,,8,per_run_oof
mistral_7b_instruct_v0p3__arc_test_00437_68fe5af1__temp0.60__seed7,0.34725979143662977,,8,per_run_oof
mistral_7b_instruct_v0p3__arc_test_00437_68fe5af1__temp1.00__seed7,0.32338534588447887,,8,per_run_oof
mistral_7b_instruct_v0p3__arc_test_00438_e1530cd1__temp0.10__seed7,0.14725738746944425,1.0,8,per_run_oof
mistral_7b_instruct_v0p3__arc_test_00438_e1530cd1__temp0.60__seed7,0.20276601672556988,,8,per_run_oof
mistral_7b_instruct_v0p3__arc_test_00438_e1530cd1__temp1.00__seed7,0.20027649873146947,,8,per_run_oof
mistral_7b_instruct_v0p3__arc_test_00439_7f2749ab__temp0.10__seed7,0.30831050389565007,0.4666666666666667,8,per_run_oof
mistral_7b_instruct_v0p3__arc_test_00439_7f2749ab__temp0.60__seed7,0.31264815042696636,,8,per_run_oof
mistral_7b_instruct_v0p3__arc_test_00439_7f2749ab__temp1.00__seed7,0.14719922231338434,0.8333333333333334,8,per_run_oof
mistral_7b_instruct_v0p3__arc_test_00440_9fd46dcf__temp0.10__seed7,0.21199495277470204,1.0,8,per_run_oof
mistral_7b_instruct_v0p3__arc_test_00440_9fd46dcf__temp0.60__seed7,0.2386473640141189,0.75,8,per_run_oof
mistral_7b_instruct_v0p3__arc_test_00440_9fd46dcf__temp1.00__seed7,0.3119546907306881,,8,per_run_oof
mistral_7b_instruct_v0p3__arc_test_00441_fd113834__temp0.10__seed7,0.14281286676291638,,8,per_run_oof
mistral_7b_instruct_v0p3__arc_test_00441_fd113834__temp0.60__seed7,0.2259768618871967,,8,per_run_oof
mistral_7b_instruct_v0p3__arc_test_00441_fd113834__temp1.00__seed7,0.2051615388717844,,8,per_run_oof
mistral_7b_instruct_v0p3__arc_test_00442_69416ff4__temp0.10__seed7,0.18748761034691352,,8,per_run_oof
mistral_7b_instruct_v0p3__arc_test_00442_69416ff4__temp0.60__seed7,0.15560143120016556,,8,per_run_oof
mistral_7b_instruct_v0p3__arc_test_00442_69416ff4__temp1.00__seed7,0.14200922425937776,,8,per_run_oof
mistral_7b_instruct_v0p3__arc_test_00443_0f84df40__temp0.10__seed7,0.26718173179811844,,8,per_run_oof
mistral_7b_instruct_v0p3__arc_test_00443_0f84df40__temp0.60__seed7,0.17768463440492835,,8,per_run_oof
mistral_7b_instruct_v0p3__arc_test_00443_0f84df40__temp1.00__seed7,0.2135235569153402,,8,per_run_oof
mistral_7b_instruct_v0p3__arc_test_00444_6650d6a2__temp0.10__seed7,0.2212129167009867,,8,per_run_oof
mistral_7b_instruct_v0p3__arc_test_00444_6650d6a2__temp0.60__seed7,0.24054171244962166,1.0,8,per_run_oof
mistral_7b_instruct_v0p3__arc_test_00444_6650d6a2__temp1.00__seed7,0.22294443986189,,8,per_run_oof
mistral_7b_instruct_v0p3__arc_test_00445_579013e4__temp0.10__seed7,0.18410059480539923,,8,per_run_oof
mistral_7b_instruct_v0p3__arc_test_00445_579013e4__temp0.60__seed7,0.15899335819600913,,8,per_run_oof
mistral_7b_instruct_v0p3__arc_test_00445_579013e4__temp1.00__seed7,0.17748549336951314,,8,per_run_oof
mistral_7b_instruct_v0p3__arc_test_00446_83c6cc68__temp0.10__seed7,0.2595788982127356,,8,per_run_oof
mistral_7b_instruct_v0p3__arc_test_00446_83c6cc68__temp0.60__seed7,0.22964692265729442,,8,per_run_oof
mistral_7b_instruct_v0p3__arc_test_00446_83c6cc68__temp1.00__seed7,0.15869017749753433,,8,per_run_oof
mistral_7b_instruct_v0p3__arc_test_00447_3639fb8d__temp0.10__seed7,0.10456057978078376,,8,per_run_oof
mistral_7b_instruct_v0p3__arc_test_00447_3639fb8d__temp0.60__seed7,0.28113452885395573,,8,per_run_oof
mistral_7b_instruct_v0p3__arc_test_00447_3639fb8d__temp1.00__seed7,0.3059021477617664,,8,per_run_oof
mistral_7b_instruct_v0p3__arc_test_00448_de7139db__temp0.10__seed7,0.2019133844275146,1.0,8,per_run_oof
mistral_7b_instruct_v0p3__arc_test_00448_de7139db__temp0.60__seed7,0.159372849186289,1.0,8,per_run_oof
mistral_7b_instruct_v0p3__arc_test_00448_de7139db__temp1.00__seed7,0.15480745361667167,,8,per_run_oof
mistral_7b_instruct_v0p3__arc_test_00449_d9f61263__temp0.10__seed7,0.1409811443403609,,8,per_run_oof
mistral_7b_instruct_v0p3__arc_test_00449_d9f61263__temp0.60__seed7,0.28189496714805506,,8,per_run_oof
mistral_7b_instruct_v0p3__arc_test_00449_d9f61263__temp1.00__seed7,0.15050912642054046,1.0,8,per_run_oof
mistral_7b_instruct_v0p3__arc_test_00450_0952139a__temp0.10__seed7,0.3073787958465334,,8,per_run_oof
mistral_7b_instruct_v0p3__arc_test_00450_0952139a__temp0.60__seed7,0.3089430211238475,,8,per_run_oof
mistral_7b_instruct_v0p3__arc_test_00450_0952139a__temp1.00__seed7,0.40538033296932396,,8,per_run_oof
mistral_7b_instruct_v0p3__arc_test_00451_8e4556d1__temp0.10__seed7,0.21789317939359715,1.0,8,per_run_oof
mistral_7b_instruct_v0p3__arc_test_00451_8e4556d1__temp0.60__seed7,0.23421207276818273,1.0,8,per_run_oof
mistral_7b_instruct_v0p3__arc_test_00451_8e4556d1__temp1.00__seed7,0.19268878689170138,,8,per_run_oof
mistral_7b_instruct_v0p3__arc_test_00452_47a47cff__temp0.10__seed7,0.17170119849164678,,8,per_run_oof
mistral_7b_instruct_v0p3__arc_test_00452_47a47cff__temp0.60__seed7,0.12861840759679738,,8,per_run_oof
mistral_7b_instruct_v0p3__arc_test_00452_47a47cff__temp1.00__seed7,0.19997777681019896,,8,per_run_oof
mistral_7b_instruct_v0p3__arc_test_00453_40ed6bb4__temp0.10__seed7,0.2706054210726814,0.8666666666666667,8,per_run_oof
mistral_7b_instruct_v0p3__arc_test_00453_40ed6bb4__temp0.60__seed7,0.11941069645198939,0.9166666666666667,8,per_run_oof
mistral_7b_instruct_v0p3__arc_test_00453_40ed6bb4__temp1.00__seed7,0.2246525117854775,,8,per_run_oof
mistral_7b_instruct_v0p3__arc_test_00454_2e61fff0__temp0.10__seed7,0.1307261377507003,,8,per_run_oof
mistral_7b_instruct_v0p3__arc_test_00454_2e61fff0__temp0.60__seed7,0.21953538019241328,,8,per_run_oof
mistral_7b_instruct_v0p3__arc_test_00454_2e61fff0__temp1.00__seed7,0.252659671323175,0.5714285714285714,8,per_run_oof
mistral_7b_instruct_v0p3__arc_test_00455_2cdb2af4__temp0.10__seed7,0.17809981019741694,,8,per_run_oof
mistral_7b_instruct_v0p3__arc_test_00455_2cdb2af4__temp0.60__seed7,0.23145889419822702,1.0,8,per_run_oof
mistral_7b_instruct_v0p3__arc_test_00455_2cdb2af4__temp1.00__seed7,0.18172887297639712,,8,per_run_oof
mistral_7b_instruct_v0p3__arc_test_00456_92cff282__temp0.10__seed7,0.11990620632786053,,8,per_run_oof
mistral_7b_instruct_v0p3__arc_test_00456_92cff282__temp0.60__seed7,0.11564640549807487,,8,per_run_oof
mistral_7b_instruct_v0p3__arc_test_00456_92cff282__temp1.00__seed7,0.16469473146368824,,8,per_run_oof
mistral_7b_instruct_v0p3__arc_test_00457_f210958e__temp0.10__seed7,0.3271026147253142,,8,per_run_oof
mistral_7b_instruct_v0p3__arc_test_00457_f210958e__temp0.60__seed7,0.2567001414034874,0.0,8,per_run_oof
mistral_7b_instruct_v0p3__arc_test_00457_f210958e__temp1.00__seed7,0.13310713500129973,,8,per_run_oof
mistral_7b_instruct_v0p3__arc_test_00458_8bc2e6c0__temp0.10__seed7,0.25526667745620046,,8,per_run_oof
mistral_7b_instruct_v0p3__arc_test_00458_8bc2e6c0__temp0.60__seed7,0.1966010277428385,,8,per_run_oof
mistral_7b_instruct_v0p3__arc_test_00458_8bc2e6c0__temp1.00__seed7,0.14177714872938185,,8,per_run_oof
mistral_7b_instruct_v0p3__arc_test_00459_96b9cbbc__temp0.10__seed7,0.33987711411142596,0.39999999999999997,8,per_run_oof
mistral_7b_instruct_v0p3__arc_test_00459_96b9cbbc__temp0.60__seed7,0.33984187039176467,0.0,8,per_run_oof
mistral_7b_instruct_v0p3__arc_test_00459_96b9cbbc__temp1.00__seed7,0.28465975272670657,,8,per_run_oof
mistral_7b_instruct_v0p3__arc_test_00460_84e47e98__temp0.10__seed7,0.25844986725180236,,8,per_run_oof
mistral_7b_instruct_v0p3__arc_test_00460_84e47e98__temp0.60__seed7,0.3109937078549015,0.0,8,per_run_oof
mistral_7b_instruct_v0p3__arc_test_00460_84e47e98__temp1.00__seed7,0.27490378561377726,,8,per_run_oof
mistral_7b_instruct_v0p3__arc_test_00461_9ce2c221__temp0.10__seed7,0.33310989347875386,,8,per_run_oof
mistral_7b_instruct_v0p3__arc_test_00461_9ce2c221__temp0.60__seed7,0.18157551318955997,,8,per_run_oof
mistral_7b_instruct_v0p3__arc_test_00461_9ce2c221__temp1.00__seed7,0.2956239770820783,0.1428571428571429,8,per_run_oof
mistral_7b_instruct_v0p3__arc_test_00462_3543ccc3__temp0.10__seed7,0.39882854777109844,,8,per_run_oof
mistral_7b_instruct_v0p3__arc_test_00462_3543ccc3__temp0.60__seed7,0.16996450970360255,,8,per_run_oof
mistral_7b_instruct_v0p3__arc_test_00462_3543ccc3__temp1.00__seed7,0.2617682364458093,,8,per_run_oof
mistral_7b_instruct_v0p3__arc_test_00463_936f56a6__temp0.10__seed7,0.20402204984360722,,8,per_run_oof
mistral_7b_instruct_v0p3__arc_test_00463_936f56a6__temp0.60__seed7,0.1443994459964137,0.9166666666666667,8,per_run_oof
mistral_7b_instruct_v0p3__arc_test_00463_936f56a6__temp1.00__seed7,0.26585498975788163,0.8571428571428571,8,per_run_oof
mistral_7b_instruct_v0p3__arc_test_00464_1c6f5ced__temp0.10__seed7,0.43753688175173466,0.5,8,per_run_oof
mistral_7b_instruct_v0p3__arc_test_00464_1c6f5ced__temp0.60__seed7,0.28492380463690525,,8,per_run_oof
mistral_7b_instruct_v0p3__arc_test_00464_1c6f5ced__temp1.00__seed7,0.23807402691163462,,8,per_run_oof
mistral_7b_instruct_v0p3__arc_test_00465_c79235f3__temp0.10__seed7,0.19981211428153295,0.0,8,per_run_oof
mistral_7b_instruct_v0p3__arc_test_00465_c79235f3__temp0.60__seed7,0.2551964972235803,,8,per_run_oof
mistral_7b_instruct_v0p3__arc_test_00465_c79235f3__temp1.00__seed7,0.23402404466019505,0.5,8,per_run_oof
mistral_7b_instruct_v0p3__arc_test_00466_fdbf98ae__temp0.10__seed7,0.16501034659433644,,8,per_run_oof
mistral_7b_instruct_v0p3__arc_test_00466_fdbf98ae__temp0.60__seed7,0.19353735760760155,,8,per_run_oof
mistral_7b_instruct_v0p3__arc_test_00466_fdbf98ae__temp1.00__seed7,0.20069181758109314,,8,per_run_oof
mistral_7b_instruct_v0p3__arc_test_00467_824e4f06__temp0.10__seed7,0.2004765210350613,0.9333333333333333,8,per_run_oof
mistral_7b_instruct_v0p3__arc_test_00467_824e4f06__temp0.60__seed7,0.23896906316488703,0.75,8,per_run_oof
mistral_7b_instruct_v0p3__arc_test_00467_824e4f06__temp1.00__seed7,0.2559357671088648,,8,per_run_oof
mistral_7b_instruct_v0p3__arc_test_00468_237145d7__temp0.10__seed7,0.18985877115163585,,8,per_run_oof
mistral_7b_instruct_v0p3__arc_test_00468_237145d7__temp0.60__seed7,0.17376593808392385,,8,per_run_oof
mistral_7b_instruct_v0p3__arc_test_00468_237145d7__temp1.00__seed7,0.22103265646169695,,8,per_run_oof
mistral_7b_instruct_v0p3__arc_test_00469_ea59a9ff__temp0.10__seed7,0.13031587434333092,,8,per_run_oof
mistral_7b_instruct_v0p3__arc_test_00469_ea59a9ff__temp0.60__seed7,0.18819337836630515,,8,per_run_oof
mistral_7b_instruct_v0p3__arc_test_00469_ea59a9ff__temp1.00__seed7,0.2034227176575318,,8,per_run_oof
mistral_7b_instruct_v0p3__arc_test_00470_f33f9574__temp0.10__seed7,0.30708437966464375,0.5,8,per_run_oof
mistral_7b_instruct_v0p3__arc_test_00470_f33f9574__temp0.60__seed7,0.31287268337543317,,8,per_run_oof
mistral_7b_instruct_v0p3__arc_test_00470_f33f9574__temp1.00__seed7,0.4289478942123967,,8,per_run_oof
mistral_7b_instruct_v0p3__arc_test_00471_70514a76__temp0.10__seed7,0.26920850701779614,,8,per_run_oof
mistral_7b_instruct_v0p3__arc_test_00471_70514a76__temp0.60__seed7,0.32373540763866393,,8,per_run_oof
mistral_7b_instruct_v0p3__arc_test_00471_70514a76__temp1.00__seed7,0.14896524040807377,,8,per_run_oof
mistral_7b_instruct_v0p3__arc_test_00472_b2b2fb94__temp0.10__seed7,0.10315992117052766,,8,per_run_oof
mistral_7b_instruct_v0p3__arc_test_00472_b2b2fb94__temp0.60__seed7,0.2560088013793833,0.625,8,per_run_oof
mistral_7b_instruct_v0p3__arc_test_00472_b2b2fb94__temp1.00__seed7,0.387431772812162,,8,per_run_oof
mistral_7b_instruct_v0p3__arc_test_00473_b5136afa__temp0.10__seed7,0.2575235070064898,0.5833333333333334,8,per_run_oof
mistral_7b_instruct_v0p3__arc_test_00473_b5136afa__temp0.60__seed7,0.3278344997115815,0.375,8,per_run_oof
mistral_7b_instruct_v0p3__arc_test_00473_b5136afa__temp1.00__seed7,0.3919614716263847,0.1333333333333333,8,per_run_oof
mistral_7b_instruct_v0p3__arc_test_00474_a7c577b2__temp0.10__seed7,0.09862651033288083,,8,per_run_oof
mistral_7b_instruct_v0p3__arc_test_00474_a7c577b2__temp0.60__seed7,0.18851224405084718,,8,per_run_oof
mistral_7b_instruct_v0p3__arc_test_00474_a7c577b2__temp1.00__seed7,0.2642779537817154,,8,per_run_oof
mistral_7b_instruct_v0p3__arc_test_00475_f8b88a76__temp0.10__seed7,0.13634585597203142,,8,per_run_oof
mistral_7b_instruct_v0p3__arc_test_00475_f8b88a76__temp0.60__seed7,0.11907514730558152,,8,per_run_oof
mistral_7b_instruct_v0p3__arc_test_00475_f8b88a76__temp1.00__seed7,0.10698608995905597,,8,per_run_oof
mistral_7b_instruct_v0p3__arc_test_00476_fb07057b__temp0.10__seed7,0.34744363646682463,,8,per_run_oof
mistral_7b_instruct_v0p3__arc_test_00476_fb07057b__temp0.60__seed7,0.1801702460896643,0.875,8,per_run_oof
mistral_7b_instruct_v0p3__arc_test_00476_fb07057b__temp1.00__seed7,0.31034269235910344,,8,per_run_oof
mistral_7b_instruct_v0p3__arc_test_00477_a81f16b5__temp0.10__seed7,0.2836508690317652,,8,per_run_oof
mistral_7b_instruct_v0p3__arc_test_00477_a81f16b5__temp0.60__seed7,0.17522344363684447,,8,per_run_oof
mistral_7b_instruct_v0p3__arc_test_00477_a81f16b5__temp1.00__seed7,0.20891428541651938,,8,per_run_oof
mistral_7b_instruct_v0p3__arc_test_00478_4c9725ae__temp0.10__seed7,0.27168056973581034,,8,per_run_oof
mistral_7b_instruct_v0p3__arc_test_00478_4c9725ae__temp0.60__seed7,0.2197429226526824,,8,per_run_oof
mistral_7b_instruct_v0p3__arc_test_00478_4c9725ae__temp1.00__seed7,0.21686383975978293,,8,per_run_oof
mistral_7b_instruct_v0p3__arc_test_00479_cb276647__temp0.10__seed7,0.14139644160715992,,8,per_run_oof
mistral_7b_instruct_v0p3__arc_test_00479_cb276647__temp0.60__seed7,0.19148213893498173,0.8333333333333334,8,per_run_oof
mistral_7b_instruct_v0p3__arc_test_00479_cb276647__temp1.00__seed7,0.15192889517101213,,8,per_run_oof
mistral_7b_instruct_v0p3__arc_test_00480_99c4d43c__temp0.10__seed7,0.16236140316161266,,8,per_run_oof
mistral_7b_instruct_v0p3__arc_test_00480_99c4d43c__temp0.60__seed7,0.1882179379118459,,8,per_run_oof
mistral_7b_instruct_v0p3__arc_test_00480_99c4d43c__temp1.00__seed7,0.3787066244954824,,8,per_run_oof
mistral_7b_instruct_v0p3__arc_test_00481_f0c655bc__temp0.10__seed7,0.16552069832846583,0.8571428571428572,8,per_run_oof
mistral_7b_instruct_v0p3__arc_test_00481_f0c655bc__temp0.60__seed7,0.2429824741783582,1.0,8,per_run_oof
mistral_7b_instruct_v0p3__arc_test_00481_f0c655bc__temp1.00__seed7,0.29758950451234534,0.5625,8,per_run_oof
mistral_7b_instruct_v0p3__arc_test_00482_783ef923__temp0.10__seed7,0.17239918591793435,1.0,8,per_run_oof
mistral_7b_instruct_v0p3__arc_test_00482_783ef923__temp0.60__seed7,0.28643541836395264,0.5714285714285714,8,per_run_oof
mistral_7b_instruct_v0p3__arc_test_00482_783ef923__temp1.00__seed7,0.3895801837398013,0.0,8,per_run_oof
mistral_7b_instruct_v0p3__arc_test_00483_9384181a__temp0.10__seed7,0.13214962887372342,,8,per_run_oof
mistral_7b_instruct_v0p3__arc_test_00483_9384181a__temp0.60__seed7,0.1661729590925528,,8,per_run_oof
mistral_7b_instruct_v0p3__arc_test_00483_9384181a__temp1.00__seed7,0.16809324606380782,,8,per_run_oof
mistral_7b_instruct_v0p3__arc_test_00484_a5597afb__temp0.10__seed7,0.2678888856582758,0.8333333333333333,8,per_run_oof
mistral_7b_instruct_v0p3__arc_test_00484_a5597afb__temp0.60__seed7,0.2671479332607998,1.0,8,per_run_oof
mistral_7b_instruct_v0p3__arc_test_00484_a5597afb__temp1.00__seed7,0.34589357661103315,0.8571428571428571,8,per_run_oof
mistral_7b_instruct_v0p3__arc_test_00485_4b8d4e29__temp0.10__seed7,0.22163752312070226,,8,per_run_oof
mistral_7b_instruct_v0p3__arc_test_00485_4b8d4e29__temp0.60__seed7,0.18510727893161372,,8,per_run_oof
mistral_7b_instruct_v0p3__arc_test_00485_4b8d4e29__temp1.00__seed7,0.20860548179140637,,8,per_run_oof
mistral_7b_instruct_v0p3__arc_test_00486_605c0abe__temp0.10__seed7,0.3296038989509963,0.4,8,per_run_oof
mistral_7b_instruct_v0p3__arc_test_00486_605c0abe__temp0.60__seed7,0.3775950964092541,0.7142857142857143,8,per_run_oof
mistral_7b_instruct_v0p3__arc_test_00486_605c0abe__temp1.00__seed7,0.17438119696235987,,8,per_run_oof
mistral_7b_instruct_v0p3__arc_test_00487_b2bdd1ce__temp0.10__seed7,0.17238677242369901,,8,per_run_oof
mistral_7b_instruct_v0p3__arc_test_00487_b2bdd1ce__temp0.60__seed7,0.1849235038780664,,8,per_run_oof
mistral_7b_instruct_v0p3__arc_test_00487_b2bdd1ce__temp1.00__seed7,0.11910878830078746,,8,per_run_oof
mistral_7b_instruct_v0p3__arc_test_00488_5463da3a__temp0.10__seed7,0.29616406702019504,0.5333333333333334,8,per_run_oof
mistral_7b_instruct_v0p3__arc_test_00488_5463da3a__temp0.60__seed7,0.1706597601149854,,8,per_run_oof
mistral_7b_instruct_v0p3__arc_test_00488_5463da3a__temp1.00__seed7,0.3530745641475062,,8,per_run_oof
mistral_7b_instruct_v0p3__arc_test_00489_c703c0a9__temp0.10__seed7,0.31965263491801477,,8,per_run_oof
mistral_7b_instruct_v0p3__arc_test_00489_c703c0a9__temp0.60__seed7,0.24160833295858913,,8,per_run_oof
mistral_7b_instruct_v0p3__arc_test_00489_c703c0a9__temp1.00__seed7,0.24044366143252577,,8,per_run_oof
mistral_7b_instruct_v0p3__arc_test_00490_4f08600f__temp0.10__seed7,0.40145779971953,,8,per_run_oof
mistral_7b_instruct_v0p3__arc_test_00490_4f08600f__temp0.60__seed7,0.18764287762493537,,8,per_run_oof
mistral_7b_instruct_v0p3__arc_test_00490_4f08600f__temp1.00__seed7,0.22594659638132897,,8,per_run_oof
mistral_7b_instruct_v0p3__arc_test_00491_ded1fb77__temp0.10__seed7,0.24527222519817574,0.6666666666666667,8,per_run_oof
mistral_7b_instruct_v0p3__arc_test_00491_ded1fb77__temp0.60__seed7,0.2491492264127947,0.5333333333333334,8,per_run_oof
mistral_7b_instruct_v0p3__arc_test_00491_ded1fb77__temp1.00__seed7,0.21180924969819492,,8,per_run_oof
mistral_7b_instruct_v0p3__arc_test_00492_6cb78bde__temp0.10__seed7,0.11922830914334498,1.0,8,per_run_oof
mistral_7b_instruct_v0p3__arc_test_00492_6cb78bde__temp0.60__seed7,0.1484337221728004,1.0,8,per_run_oof
mistral_7b_instruct_v0p3__arc_test_00492_6cb78bde__temp1.00__seed7,0.30934921925221703,0.6000000000000001,8,per_run_oof
mistral_7b_instruct_v0p3__arc_test_00493_955ed165__temp0.10__seed7,0.25115547778557684,,8,per_run_oof
mistral_7b_instruct_v0p3__arc_test_00493_955ed165__temp0.60__seed7,0.24909336093174228,1.0,8,per_run_oof
mistral_7b_instruct_v0p3__arc_test_00493_955ed165__temp1.00__seed7,0.1579592526245369,,8,per_run_oof
mistral_7b_instruct_v0p3__arc_test_00494_7d9bb2d6__temp0.10__seed7,0.18429476484996593,,8,per_run_oof
mistral_7b_instruct_v0p3__arc_test_00494_7d9bb2d6__temp0.60__seed7,0.1659158497169121,,8,per_run_oof
mistral_7b_instruct_v0p3__arc_test_00494_7d9bb2d6__temp1.00__seed7,0.32194399501731186,0.6000000000000001,8,per_run_oof
mistral_7b_instruct_v0p3__arc_test_00495_e38f696f__temp0.10__seed7,0.22999098076698948,,8,per_run_oof
mistral_7b_instruct_v0p3__arc_test_00495_e38f696f__temp0.60__seed7,0.26446100071948364,0.8571428571428571,8,per_run_oof
mistral_7b_instruct_v0p3__arc_test_00495_e38f696f__temp1.00__seed7,0.24468708108131196,,8,per_run_oof
mistral_7b_instruct_v0p3__arc_test_00496_4f83df33__temp0.10__seed7,0.1749015137551812,,8,per_run_oof
mistral_7b_instruct_v0p3__arc_test_00496_4f83df33__temp0.60__seed7,0.22715937715904022,0.5833333333333334,8,per_run_oof
mistral_7b_instruct_v0p3__arc_test_00496_4f83df33__temp1.00__seed7,0.16405587524388748,,8,per_run_oof
mistral_7b_instruct_v0p3__arc_test_00497_703134ee__temp0.10__seed7,0.1637348660738803,,8,per_run_oof
mistral_7b_instruct_v0p3__arc_test_00497_703134ee__temp0.60__seed7,0.24922490566058225,0.5714285714285714,8,per_run_oof
mistral_7b_instruct_v0p3__arc_test_00497_703134ee__temp1.00__seed7,0.2263421632794314,0.8571428571428571,8,per_run_oof
mistral_7b_instruct_v0p3__arc_test_00498_84afdcdc__temp0.10__seed7,0.1885725727523303,,8,per_run_oof
mistral_7b_instruct_v0p3__arc_test_00498_84afdcdc__temp0.60__seed7,0.22198450958550722,,8,per_run_oof
mistral_7b_instruct_v0p3__arc_test_00498_84afdcdc__temp1.00__seed7,0.19666517932980404,0.75,8,per_run_oof
mistral_7b_instruct_v0p3__arc_test_00499_c2a68a4a__temp0.10__seed7,0.18241231428395632,,8,per_run_oof
mistral_7b_instruct_v0p3__arc_test_00499_c2a68a4a__temp0.60__seed7,0.17800262433423947,,8,per_run_oof
mistral_7b_instruct_v0p3__arc_test_00499_c2a68a4a__temp1.00__seed7,0.19598366522954858,,8,per_run_oof
__pooled__,0.22609202964468508,0.6600731985873726,12000,pooled_oof
