,entropy_mean,entropy_std,confidence,hidden_l2_shift,answer_changed,thought_token_count,event_repair,event_corruption
entropy_mean,1.0,0.9340223246835285,-0.21681862469840496,0.3319819542518482,0.19785939360554358,0.07786930773672596,0.0673890127259179,-0.0027829567495193668
entropy_std,0.9340223246835285,1.0,-0.16625611631088236,0.36056797958135417,0.1813697094411955,0.0069964264401659185,0.05477656543039034,-0.007389190409393057
confidence,-0.21681862469840496,-0.16625611631088236,1.0,-0.16111844268878794,-0.2135369014124614,-0.03010414880676794,-0.12713421623954016,-0.03251866200217885
hidden_l2_shift,0.3319819542518482,0.36056797958135417,-0.16111844268878794,1.0,0.45970323118688905,0.030822889581850504,0.07004003460155611,-0.04597287261953898
answer_changed,0.19785939360554358,0.1813697094411955,-0.2135369014124614,0.45970323118688905,1.0,0.1339213036052949,0.11966191933717249,-0.031799113674440195
thought_token_count,0.07786930773672596,0.0069964264401659185,-0.03010414880676794,0.030822889581850504,0.1339213036052949,1.0,0.08012097376951871,0.040922394364171465
event_repair,0.0673890127259179,0.05477656543039034,-0.12713421623954016,0.07004003460155611,0.11966191933717249,0.08012097376951871,1.0,-0.065335694431847
event_corruption,-0.0027829567495193668,-0.007389190409393057,-0.03251866200217885,-0.04597287261953898,-0.031799113674440195,0.040922394364171465,-0.065335694431847,1.0
