feature,corr_repair,corr_corruption,max_abs_corr
confidence,-0.12713421623954016,-0.03251866200217885,0.12713421623954016
answer_changed,0.11966191933717249,-0.031799113674440195,0.11966191933717249
thought_token_count,0.08012097376951871,0.040922394364171465,0.08012097376951871
hidden_l2_shift,0.07004003460155611,-0.04597287261953898,0.07004003460155611
entropy_mean,0.0673890127259179,-0.0027829567495193668,0.0673890127259179
entropy_std,0.05477656543039034,-0.007389190409393057,0.05477656543039034
