model_name,basis,feature_count,holdout_family,alpha_train_auc,alpha_test_auc,alpha_generalization_gap,beta_train_auc,beta_test_auc,beta_generalization_gap,q_train_auc,q_test_auc,q_generalization_gap,repair_eligible_test_steps,corruption_eligible_test_steps
quadratic_top4,quadratic,4,Qwen 0.5B,0.6076603856799001,0.6457186880915694,-0.0380583024116693,0.7607168332353518,0.5987281399046105,0.16198869333074128,0.6974658365768774,0.5291178344889872,0.16834800208789025,7456,644
quadratic_top4,quadratic,4,DeepSeek 1.5B,0.761381297076378,0.5206729577969481,0.24070833927942992,0.8681569315282067,0.577637194757122,0.29051973677108467,0.7134845933194676,0.6368731036944494,0.07661148962501818,5853,2247
quadratic_top4,quadratic,4,Mistral 7B,0.6505137344829792,0.7089033248486012,-0.05838959036562197,0.7370814524382308,0.7902396988780863,-0.05315824643985556,0.6982537859271785,0.6506411650433465,0.047612620883832,5761,2339
quadratic_top4,quadratic,4,Qwen 7B,0.6883761231223313,0.5528353116203976,0.13554081150193376,0.7351343309835023,0.8054566445338355,-0.07032231355033314,0.6638089836227822,0.7574901840096162,-0.09368120038683403,3646,4454
