R_squared,Spearman_rho,Spearman_p
0.13168272840817646,0.19179497403793183,0.55040146295793
