run_id,brier,auc,n,scope
qwen2p5_14b__math_test_00000_5a6bb412__temp0.10__seed7,0.4004887743334929,,14,per_run_oof
qwen2p5_14b__math_test_00000_5a6bb412__temp0.60__seed7,0.28017568906545254,,14,per_run_oof
qwen2p5_14b__math_test_00000_5a6bb412__temp1.00__seed7,0.181204850315481,,14,per_run_oof
qwen2p5_14b__math_test_00001_28176864__temp0.10__seed7,0.023991322860922693,,14,per_run_oof
qwen2p5_14b__math_test_00001_28176864__temp0.60__seed7,0.002311980930987879,,14,per_run_oof
qwen2p5_14b__math_test_00001_28176864__temp1.00__seed7,0.22359066008059195,,14,per_run_oof
qwen2p5_14b__math_test_00002_12859ab8__temp0.10__seed7,0.06501826868323217,,14,per_run_oof
qwen2p5_14b__math_test_00002_12859ab8__temp0.60__seed7,0.06107272081994088,,14,per_run_oof
qwen2p5_14b__math_test_00002_12859ab8__temp1.00__seed7,0.009387391751778466,,14,per_run_oof
qwen2p5_14b__math_test_00003_b88cddac__temp0.10__seed7,0.44260273902495084,,14,per_run_oof
qwen2p5_14b__math_test_00003_b88cddac__temp0.60__seed7,0.07298117783424807,1.0,14,per_run_oof
qwen2p5_14b__math_test_00003_b88cddac__temp1.00__seed7,0.042024338474854296,,14,per_run_oof
qwen2p5_14b__math_test_00004_d6afb929__temp0.10__seed7,0.38196081033016893,,14,per_run_oof
qwen2p5_14b__math_test_00004_d6afb929__temp0.60__seed7,0.000932213777133018,,14,per_run_oof
qwen2p5_14b__math_test_00004_d6afb929__temp1.00__seed7,0.29183009517374436,,14,per_run_oof
qwen2p5_14b__math_test_00005_82ab404f__temp0.10__seed7,0.17550066077523052,,14,per_run_oof
qwen2p5_14b__math_test_00005_82ab404f__temp0.60__seed7,0.09575721357758796,0.46153846153846156,14,per_run_oof
qwen2p5_14b__math_test_00005_82ab404f__temp1.00__seed7,0.31944597834659433,,14,per_run_oof
qwen2p5_14b__math_test_00006_27e7448e__temp0.10__seed7,0.05552784185422364,1.0,14,per_run_oof
qwen2p5_14b__math_test_00006_27e7448e__temp0.60__seed7,0.02870110050647203,1.0,14,per_run_oof
qwen2p5_14b__math_test_00006_27e7448e__temp1.00__seed7,0.42326031539494935,,14,per_run_oof
qwen2p5_14b__math_test_00007_8a27500a__temp0.10__seed7,0.0055282013010473415,,14,per_run_oof
qwen2p5_14b__math_test_00007_8a27500a__temp0.60__seed7,0.37404716813127614,,14,per_run_oof
qwen2p5_14b__math_test_00007_8a27500a__temp1.00__seed7,0.01283834796784884,,14,per_run_oof
qwen2p5_14b__math_test_00008_e894d48c__temp0.10__seed7,0.026042780294822234,,14,per_run_oof
qwen2p5_14b__math_test_00008_e894d48c__temp0.60__seed7,0.01872564490946541,,14,per_run_oof
qwen2p5_14b__math_test_00008_e894d48c__temp1.00__seed7,0.06801713092300281,0.9791666666666667,14,per_run_oof
qwen2p5_14b__math_test_00009_99c62e67__temp0.10__seed7,0.026583312979322527,,14,per_run_oof
qwen2p5_14b__math_test_00009_99c62e67__temp0.60__seed7,0.23288123083375994,,14,per_run_oof
qwen2p5_14b__math_test_00009_99c62e67__temp1.00__seed7,0.29270312741889437,,14,per_run_oof
qwen2p5_14b__math_test_00010_88e977e0__temp0.10__seed7,0.005389868370844556,,14,per_run_oof
qwen2p5_14b__math_test_00010_88e977e0__temp0.60__seed7,0.0049267246238399185,,14,per_run_oof
qwen2p5_14b__math_test_00010_88e977e0__temp1.00__seed7,0.004293108500195524,,14,per_run_oof
qwen2p5_14b__math_test_00011_3e051151__temp0.10__seed7,0.028058626022860193,1.0,14,per_run_oof
qwen2p5_14b__math_test_00011_3e051151__temp0.60__seed7,0.014303023434996915,1.0,14,per_run_oof
qwen2p5_14b__math_test_00011_3e051151__temp1.00__seed7,0.15038475645687974,0.979591836734694,14,per_run_oof
qwen2p5_14b__math_test_00012_2ce46331__temp0.10__seed7,0.09839093787006463,,14,per_run_oof
qwen2p5_14b__math_test_00012_2ce46331__temp0.60__seed7,0.6455719049179321,,14,per_run_oof
qwen2p5_14b__math_test_00012_2ce46331__temp1.00__seed7,0.6616220492663949,,14,per_run_oof
qwen2p5_14b__math_test_00013_3fae6c79__temp0.10__seed7,0.09745003594038844,0.9166666666666667,14,per_run_oof
qwen2p5_14b__math_test_00013_3fae6c79__temp0.60__seed7,0.13706225010651601,,14,per_run_oof
qwen2p5_14b__math_test_00013_3fae6c79__temp1.00__seed7,0.05591430403237485,1.0,14,per_run_oof
qwen2p5_14b__math_test_00014_4bed628b__temp0.10__seed7,0.47089311839535775,,14,per_run_oof
qwen2p5_14b__math_test_00014_4bed628b__temp0.60__seed7,0.4483160003236154,0.5,14,per_run_oof
qwen2p5_14b__math_test_00014_4bed628b__temp1.00__seed7,0.13380539474485262,0.9230769230769231,14,per_run_oof
qwen2p5_14b__math_test_00015_04ca2ad3__temp0.10__seed7,0.009306226281264792,,14,per_run_oof
qwen2p5_14b__math_test_00015_04ca2ad3__temp0.60__seed7,0.5551902569307319,,14,per_run_oof
qwen2p5_14b__math_test_00015_04ca2ad3__temp1.00__seed7,0.5154914733626397,,14,per_run_oof
qwen2p5_14b__math_test_00016_da610902__temp0.10__seed7,0.07395507030538458,1.0,14,per_run_oof
qwen2p5_14b__math_test_00016_da610902__temp0.60__seed7,0.04392448142942148,1.0,14,per_run_oof
qwen2p5_14b__math_test_00016_da610902__temp1.00__seed7,0.023748625949517987,1.0,14,per_run_oof
qwen2p5_14b__math_test_00017_c6ed297b__temp0.10__seed7,0.3135383388007044,0.9777777777777779,14,per_run_oof
qwen2p5_14b__math_test_00017_c6ed297b__temp0.60__seed7,0.04858951012176395,,14,per_run_oof
qwen2p5_14b__math_test_00017_c6ed297b__temp1.00__seed7,0.06972199018388259,0.9750000000000001,14,per_run_oof
qwen2p5_14b__math_test_00018_407dceb0__temp0.10__seed7,0.06499361459642002,0.8461538461538461,14,per_run_oof
qwen2p5_14b__math_test_00018_407dceb0__temp0.60__seed7,0.09710575439372597,0.9583333333333333,14,per_run_oof
qwen2p5_14b__math_test_00018_407dceb0__temp1.00__seed7,0.06458315381322646,0.7692307692307692,14,per_run_oof
qwen2p5_14b__math_test_00019_646b1b85__temp0.10__seed7,0.05216209341521986,,14,per_run_oof
qwen2p5_14b__math_test_00019_646b1b85__temp0.60__seed7,0.6900218221994833,0.36363636363636365,14,per_run_oof
qwen2p5_14b__math_test_00019_646b1b85__temp1.00__seed7,0.08724638271994085,,14,per_run_oof
qwen2p5_14b__math_test_00020_f9bb4c02__temp0.10__seed7,0.006069416003341684,,14,per_run_oof
qwen2p5_14b__math_test_00020_f9bb4c02__temp0.60__seed7,0.0033626369287102836,,14,per_run_oof
qwen2p5_14b__math_test_00020_f9bb4c02__temp1.00__seed7,0.07458116082611074,,14,per_run_oof
qwen2p5_14b__math_test_00021_b40f659d__temp0.10__seed7,0.07211947672729589,0.6923076923076923,14,per_run_oof
qwen2p5_14b__math_test_00021_b40f659d__temp0.60__seed7,0.04596610702775741,1.0,14,per_run_oof
qwen2p5_14b__math_test_00021_b40f659d__temp1.00__seed7,0.0403218827851355,1.0,14,per_run_oof
qwen2p5_14b__math_test_00022_8fba220b__temp0.10__seed7,0.08356399446793426,0.9393939393939393,14,per_run_oof
qwen2p5_14b__math_test_00022_8fba220b__temp0.60__seed7,0.21469810667117054,0.7551020408163265,14,per_run_oof
qwen2p5_14b__math_test_00022_8fba220b__temp1.00__seed7,0.5974070088774379,,14,per_run_oof
qwen2p5_14b__math_test_00023_998c2d9c__temp0.10__seed7,0.00707960343660532,,14,per_run_oof
qwen2p5_14b__math_test_00023_998c2d9c__temp0.60__seed7,0.0025573956553246904,,14,per_run_oof
qwen2p5_14b__math_test_00023_998c2d9c__temp1.00__seed7,0.05193413286203341,,14,per_run_oof
qwen2p5_14b__math_test_00024_f928c750__temp0.10__seed7,0.2657138281924319,,14,per_run_oof
qwen2p5_14b__math_test_00024_f928c750__temp0.60__seed7,0.05454643731556963,,14,per_run_oof
qwen2p5_14b__math_test_00024_f928c750__temp1.00__seed7,0.05290685021369355,,14,per_run_oof
qwen2p5_14b__math_test_00025_4388bd76__temp0.10__seed7,0.01587473002239499,,14,per_run_oof
qwen2p5_14b__math_test_00025_4388bd76__temp0.60__seed7,0.26949886575356635,0.9696969696969697,14,per_run_oof
qwen2p5_14b__math_test_00025_4388bd76__temp1.00__seed7,0.010083067333671961,,14,per_run_oof
qwen2p5_14b__math_test_00026_4945051e__temp0.10__seed7,0.14856935901768806,0.8571428571428571,14,per_run_oof
qwen2p5_14b__math_test_00026_4945051e__temp0.60__seed7,0.014176058773211906,,14,per_run_oof
qwen2p5_14b__math_test_00026_4945051e__temp1.00__seed7,0.02039031394349175,,14,per_run_oof
qwen2p5_14b__math_test_00027_9d852676__temp0.10__seed7,0.20223925140825158,,14,per_run_oof
qwen2p5_14b__math_test_00027_9d852676__temp0.60__seed7,0.2830775064534252,,14,per_run_oof
qwen2p5_14b__math_test_00027_9d852676__temp1.00__seed7,0.12358797042146676,,14,per_run_oof
qwen2p5_14b__math_test_00028_a585adcc__temp0.10__seed7,0.00702303332535764,,14,per_run_oof
qwen2p5_14b__math_test_00028_a585adcc__temp0.60__seed7,0.034172231861943785,1.0,14,per_run_oof
qwen2p5_14b__math_test_00028_a585adcc__temp1.00__seed7,0.311443770704697,,14,per_run_oof
qwen2p5_14b__math_test_00029_1b84e405__temp0.10__seed7,0.11961845785256608,0.925,14,per_run_oof
qwen2p5_14b__math_test_00029_1b84e405__temp0.60__seed7,0.030870852665450633,,14,per_run_oof
qwen2p5_14b__math_test_00029_1b84e405__temp1.00__seed7,0.12838702376135555,0.925,14,per_run_oof
qwen2p5_14b__math_test_00030_a477f137__temp0.10__seed7,0.012929822862126017,1.0,14,per_run_oof
qwen2p5_14b__math_test_00030_a477f137__temp0.60__seed7,0.030992193418114572,,14,per_run_oof
qwen2p5_14b__math_test_00030_a477f137__temp1.00__seed7,0.008528219709613287,1.0,14,per_run_oof
qwen2p5_14b__math_test_00031_1bbccbd2__temp0.10__seed7,0.025815559337594947,1.0,14,per_run_oof
qwen2p5_14b__math_test_00031_1bbccbd2__temp0.60__seed7,0.011009755653298469,,14,per_run_oof
qwen2p5_14b__math_test_00031_1bbccbd2__temp1.00__seed7,0.35426580925886225,,14,per_run_oof
qwen2p5_14b__math_test_00032_f08fb3bb__temp0.10__seed7,0.5231966693836508,0.5757575757575758,14,per_run_oof
qwen2p5_14b__math_test_00032_f08fb3bb__temp0.60__seed7,0.06162976529894949,1.0,14,per_run_oof
qwen2p5_14b__math_test_00032_f08fb3bb__temp1.00__seed7,0.14501503907062205,0.6923076923076923,14,per_run_oof
qwen2p5_14b__math_test_00033_0f789c1f__temp0.10__seed7,0.16447407946671233,,14,per_run_oof
qwen2p5_14b__math_test_00033_0f789c1f__temp0.60__seed7,0.07073497766710642,,14,per_run_oof
qwen2p5_14b__math_test_00033_0f789c1f__temp1.00__seed7,0.6795366589080459,0.0,14,per_run_oof
qwen2p5_14b__math_test_00034_dae3e9e5__temp0.10__seed7,0.07377471366160858,0.9777777777777777,14,per_run_oof
qwen2p5_14b__math_test_00034_dae3e9e5__temp0.60__seed7,0.046433231032622,,14,per_run_oof
qwen2p5_14b__math_test_00034_dae3e9e5__temp1.00__seed7,0.005579781240591116,,14,per_run_oof
qwen2p5_14b__math_test_00035_f144cd5e__temp0.10__seed7,0.08360269947184047,0.9500000000000001,14,per_run_oof
qwen2p5_14b__math_test_00035_f144cd5e__temp0.60__seed7,0.6167838454158352,,14,per_run_oof
qwen2p5_14b__math_test_00035_f144cd5e__temp1.00__seed7,0.004187209048923242,1.0,14,per_run_oof
qwen2p5_14b__math_test_00036_ccf4238b__temp0.10__seed7,0.05243549271522331,,14,per_run_oof
qwen2p5_14b__math_test_00036_ccf4238b__temp0.60__seed7,0.022328203441186686,,14,per_run_oof
qwen2p5_14b__math_test_00036_ccf4238b__temp1.00__seed7,0.6231053605441861,,14,per_run_oof
qwen2p5_14b__math_test_00037_2426e280__temp0.10__seed7,0.009048182899932472,,14,per_run_oof
qwen2p5_14b__math_test_00037_2426e280__temp0.60__seed7,0.011358340623139573,,14,per_run_oof
qwen2p5_14b__math_test_00037_2426e280__temp1.00__seed7,0.24656660924028437,0.8333333333333334,14,per_run_oof
qwen2p5_14b__math_test_00038_0e7cb690__temp0.10__seed7,0.004290879482937265,,14,per_run_oof
qwen2p5_14b__math_test_00038_0e7cb690__temp0.60__seed7,0.002967463971606014,,14,per_run_oof
qwen2p5_14b__math_test_00038_0e7cb690__temp1.00__seed7,0.3465302250321365,,14,per_run_oof
qwen2p5_14b__math_test_00039_8ba6a72a__temp0.10__seed7,0.03353261978001538,1.0,14,per_run_oof
qwen2p5_14b__math_test_00039_8ba6a72a__temp0.60__seed7,0.5583369612345052,,14,per_run_oof
qwen2p5_14b__math_test_00039_8ba6a72a__temp1.00__seed7,0.048230521708840554,,14,per_run_oof
qwen2p5_14b__math_test_00040_814d16a0__temp0.10__seed7,0.02093619474604912,,14,per_run_oof
qwen2p5_14b__math_test_00040_814d16a0__temp0.60__seed7,0.15726286653609842,,14,per_run_oof
qwen2p5_14b__math_test_00040_814d16a0__temp1.00__seed7,0.2909056762211145,,14,per_run_oof
qwen2p5_14b__math_test_00041_7ad395c5__temp0.10__seed7,0.43493660520906363,,14,per_run_oof
qwen2p5_14b__math_test_00041_7ad395c5__temp0.60__seed7,0.40238619109179846,,14,per_run_oof
qwen2p5_14b__math_test_00041_7ad395c5__temp1.00__seed7,0.4156734191531295,,14,per_run_oof
qwen2p5_14b__math_test_00042_39c9185d__temp0.10__seed7,0.3874234902004577,,14,per_run_oof
qwen2p5_14b__math_test_00042_39c9185d__temp0.60__seed7,0.49745369711868986,,14,per_run_oof
qwen2p5_14b__math_test_00042_39c9185d__temp1.00__seed7,0.28040142616156205,,14,per_run_oof
qwen2p5_14b__math_test_00043_62275531__temp0.10__seed7,0.10370271660539061,,14,per_run_oof
qwen2p5_14b__math_test_00043_62275531__temp0.60__seed7,0.0353558327012438,1.0,14,per_run_oof
qwen2p5_14b__math_test_00043_62275531__temp1.00__seed7,0.13317423657981595,,14,per_run_oof
qwen2p5_14b__math_test_00044_810e3649__temp0.10__seed7,0.0110220429606594,,14,per_run_oof
qwen2p5_14b__math_test_00044_810e3649__temp0.60__seed7,0.017488839509916723,1.0,14,per_run_oof
qwen2p5_14b__math_test_00044_810e3649__temp1.00__seed7,0.09606654190729684,0.9166666666666666,14,per_run_oof
qwen2p5_14b__math_test_00045_152ae8e8__temp0.10__seed7,0.05742990225452827,,14,per_run_oof
qwen2p5_14b__math_test_00045_152ae8e8__temp0.60__seed7,0.03138518065970648,,14,per_run_oof
qwen2p5_14b__math_test_00045_152ae8e8__temp1.00__seed7,0.004316232452600719,,14,per_run_oof
qwen2p5_14b__math_test_00046_3e08e6df__temp0.10__seed7,0.04902095281076522,,14,per_run_oof
qwen2p5_14b__math_test_00046_3e08e6df__temp0.60__seed7,0.0341421661296465,1.0,14,per_run_oof
qwen2p5_14b__math_test_00046_3e08e6df__temp1.00__seed7,0.014857761733653135,1.0,14,per_run_oof
qwen2p5_14b__math_test_00047_3a39ed4a__temp0.10__seed7,0.06936556613500061,,14,per_run_oof
qwen2p5_14b__math_test_00047_3a39ed4a__temp0.60__seed7,0.06763806033395513,1.0,14,per_run_oof
qwen2p5_14b__math_test_00047_3a39ed4a__temp1.00__seed7,0.05797542572185221,1.0,14,per_run_oof
qwen2p5_14b__math_test_00048_6a611c4a__temp0.10__seed7,0.4498065197257907,0.0,14,per_run_oof
qwen2p5_14b__math_test_00048_6a611c4a__temp0.60__seed7,0.5241288619414932,,14,per_run_oof
qwen2p5_14b__math_test_00048_6a611c4a__temp1.00__seed7,0.07939011495549957,,14,per_run_oof
qwen2p5_14b__math_test_00049_e45e9b10__temp0.10__seed7,0.20865667248923936,0.6666666666666667,14,per_run_oof
qwen2p5_14b__math_test_00049_e45e9b10__temp0.60__seed7,0.05309458473100702,1.0,14,per_run_oof
qwen2p5_14b__math_test_00049_e45e9b10__temp1.00__seed7,0.004003436168286962,,14,per_run_oof
qwen2p5_14b__math_test_00050_f4090aaa__temp0.10__seed7,0.15336022633485494,,14,per_run_oof
qwen2p5_14b__math_test_00050_f4090aaa__temp0.60__seed7,0.15756343561434857,0.9591836734693877,14,per_run_oof
qwen2p5_14b__math_test_00050_f4090aaa__temp1.00__seed7,0.10731529993465187,,14,per_run_oof
qwen2p5_14b__math_test_00051_1e5ff908__temp0.10__seed7,0.19521381123935036,,14,per_run_oof
qwen2p5_14b__math_test_00051_1e5ff908__temp0.60__seed7,0.03199435140109803,,14,per_run_oof
qwen2p5_14b__math_test_00051_1e5ff908__temp1.00__seed7,0.06705796356328368,,14,per_run_oof
qwen2p5_14b__math_test_00052_5850e1b9__temp0.10__seed7,0.04012428398449105,1.0,14,per_run_oof
qwen2p5_14b__math_test_00052_5850e1b9__temp0.60__seed7,0.06753183030108317,0.9393939393939393,14,per_run_oof
qwen2p5_14b__math_test_00052_5850e1b9__temp1.00__seed7,0.011099555313178544,1.0,14,per_run_oof
qwen2p5_14b__math_test_00053_f8d21f23__temp0.10__seed7,0.054900654724388064,,14,per_run_oof
qwen2p5_14b__math_test_00053_f8d21f23__temp0.60__seed7,0.0021993271709701383,,14,per_run_oof
qwen2p5_14b__math_test_00053_f8d21f23__temp1.00__seed7,0.00480950892839147,,14,per_run_oof
qwen2p5_14b__math_test_00054_ddf4c852__temp0.10__seed7,0.06206548564668373,1.0,14,per_run_oof
qwen2p5_14b__math_test_00054_ddf4c852__temp0.60__seed7,0.13264996498997075,0.9166666666666667,14,per_run_oof
qwen2p5_14b__math_test_00054_ddf4c852__temp1.00__seed7,0.026780011748077027,1.0,14,per_run_oof
qwen2p5_14b__math_test_00055_24952be5__temp0.10__seed7,0.05153027794050591,1.0,14,per_run_oof
qwen2p5_14b__math_test_00055_24952be5__temp0.60__seed7,0.37055951645343294,0.7878787878787878,14,per_run_oof
qwen2p5_14b__math_test_00055_24952be5__temp1.00__seed7,0.08099344860303251,0.5,14,per_run_oof
qwen2p5_14b__math_test_00056_a8c223a1__temp0.10__seed7,0.28109316371841697,,14,per_run_oof
qwen2p5_14b__math_test_00056_a8c223a1__temp0.60__seed7,0.08838671852175375,,14,per_run_oof
qwen2p5_14b__math_test_00056_a8c223a1__temp1.00__seed7,0.39007256784356104,,14,per_run_oof
qwen2p5_14b__math_test_00057_8236aaa4__temp0.10__seed7,0.011956970381978944,,14,per_run_oof
qwen2p5_14b__math_test_00057_8236aaa4__temp0.60__seed7,0.06152512478328629,,14,per_run_oof
qwen2p5_14b__math_test_00057_8236aaa4__temp1.00__seed7,0.15417673756835862,0.975,14,per_run_oof
qwen2p5_14b__math_test_00058_7afa45ab__temp0.10__seed7,0.06395750343477336,1.0,14,per_run_oof
qwen2p5_14b__math_test_00058_7afa45ab__temp0.60__seed7,0.031183307600682053,1.0,14,per_run_oof
qwen2p5_14b__math_test_00058_7afa45ab__temp1.00__seed7,0.07184065345866121,1.0,14,per_run_oof
qwen2p5_14b__math_test_00059_43a9d185__temp0.10__seed7,0.05620592045379961,1.0,14,per_run_oof
qwen2p5_14b__math_test_00059_43a9d185__temp0.60__seed7,0.5039311908120256,,14,per_run_oof
qwen2p5_14b__math_test_00059_43a9d185__temp1.00__seed7,0.40929204171993094,,14,per_run_oof
qwen2p5_14b__math_test_00060_a67ac75a__temp0.10__seed7,0.00784287564374691,,14,per_run_oof
qwen2p5_14b__math_test_00060_a67ac75a__temp0.60__seed7,0.0009469200601721951,,14,per_run_oof
qwen2p5_14b__math_test_00060_a67ac75a__temp1.00__seed7,0.003282051257236237,,14,per_run_oof
qwen2p5_14b__math_test_00061_4943c966__temp0.10__seed7,0.08833354666895585,0.9583333333333334,14,per_run_oof
qwen2p5_14b__math_test_00061_4943c966__temp0.60__seed7,0.087570226012293,0.9591836734693877,14,per_run_oof
qwen2p5_14b__math_test_00061_4943c966__temp1.00__seed7,0.0428235427584645,1.0,14,per_run_oof
qwen2p5_14b__math_test_00062_ae97d603__temp0.10__seed7,0.32739659340584837,0.8333333333333334,14,per_run_oof
qwen2p5_14b__math_test_00062_ae97d603__temp0.60__seed7,0.20407030023913736,0.9166666666666667,14,per_run_oof
qwen2p5_14b__math_test_00062_ae97d603__temp1.00__seed7,0.007957428745735368,1.0,14,per_run_oof
qwen2p5_14b__math_test_00063_7eb01312__temp0.10__seed7,0.02392915891303532,,14,per_run_oof
qwen2p5_14b__math_test_00063_7eb01312__temp0.60__seed7,0.02327286666815014,,14,per_run_oof
qwen2p5_14b__math_test_00063_7eb01312__temp1.00__seed7,0.007865572904143253,,14,per_run_oof
qwen2p5_14b__math_test_00064_56e26e67__temp0.10__seed7,0.30959262834680085,,14,per_run_oof
qwen2p5_14b__math_test_00064_56e26e67__temp0.60__seed7,0.026522117569279573,,14,per_run_oof
qwen2p5_14b__math_test_00064_56e26e67__temp1.00__seed7,0.15153304772271387,,14,per_run_oof
qwen2p5_14b__math_test_00065_1d982f42__temp0.10__seed7,0.14906167347654115,,14,per_run_oof
qwen2p5_14b__math_test_00065_1d982f42__temp0.60__seed7,0.0041064306691837365,,14,per_run_oof
qwen2p5_14b__math_test_00065_1d982f42__temp1.00__seed7,0.0021658205316221675,,14,per_run_oof
qwen2p5_14b__math_test_00066_c503000c__temp0.10__seed7,0.4664756603940901,,14,per_run_oof
qwen2p5_14b__math_test_00066_c503000c__temp0.60__seed7,0.3716598671362747,0.5384615384615384,14,per_run_oof
qwen2p5_14b__math_test_00066_c503000c__temp1.00__seed7,0.12744523076220507,0.696969696969697,14,per_run_oof
qwen2p5_14b__math_test_00067_b2cca4da__temp0.10__seed7,0.094618529962769,0.9166666666666666,14,per_run_oof
qwen2p5_14b__math_test_00067_b2cca4da__temp0.60__seed7,0.12591370540799812,0.9555555555555555,14,per_run_oof
qwen2p5_14b__math_test_00067_b2cca4da__temp1.00__seed7,0.08457135554270936,1.0,14,per_run_oof
qwen2p5_14b__math_test_00068_ea595be8__temp0.10__seed7,0.005840761630784917,1.0,14,per_run_oof
qwen2p5_14b__math_test_00068_ea595be8__temp0.60__seed7,0.13978020439652794,0.20833333333333337,14,per_run_oof
qwen2p5_14b__math_test_00068_ea595be8__temp1.00__seed7,0.06861428257396832,1.0,14,per_run_oof
qwen2p5_14b__math_test_00069_c6dad45a__temp0.10__seed7,0.045719940703004044,1.0,14,per_run_oof
qwen2p5_14b__math_test_00069_c6dad45a__temp0.60__seed7,0.010379181775058139,1.0,14,per_run_oof
qwen2p5_14b__math_test_00069_c6dad45a__temp1.00__seed7,0.050491438285856005,,14,per_run_oof
qwen2p5_14b__math_test_00070_96016437__temp0.10__seed7,0.04591985007521186,1.0,14,per_run_oof
qwen2p5_14b__math_test_00070_96016437__temp0.60__seed7,0.051999687845718325,1.0,14,per_run_oof
qwen2p5_14b__math_test_00070_96016437__temp1.00__seed7,0.02783597974801133,1.0,14,per_run_oof
qwen2p5_14b__math_test_00071_98672352__temp0.10__seed7,0.11248957496775382,0.9111111111111111,14,per_run_oof
qwen2p5_14b__math_test_00071_98672352__temp0.60__seed7,0.6155428430189458,,14,per_run_oof
qwen2p5_14b__math_test_00071_98672352__temp1.00__seed7,0.1947171090110247,0.8367346938775511,14,per_run_oof
qwen2p5_14b__math_test_00072_76de8c53__temp0.10__seed7,0.005412305748436218,,14,per_run_oof
qwen2p5_14b__math_test_00072_76de8c53__temp0.60__seed7,0.00554214811655155,,14,per_run_oof
qwen2p5_14b__math_test_00072_76de8c53__temp1.00__seed7,0.257240924932442,,14,per_run_oof
qwen2p5_14b__math_test_00073_7f9e23c9__temp0.10__seed7,0.04058022214285024,,14,per_run_oof
qwen2p5_14b__math_test_00073_7f9e23c9__temp0.60__seed7,0.045518778325159395,,14,per_run_oof
qwen2p5_14b__math_test_00073_7f9e23c9__temp1.00__seed7,0.06003028502767921,,14,per_run_oof
qwen2p5_14b__math_test_00074_5b6e5429__temp0.10__seed7,0.04602719351582406,,14,per_run_oof
qwen2p5_14b__math_test_00074_5b6e5429__temp0.60__seed7,0.007311452478726149,,14,per_run_oof
qwen2p5_14b__math_test_00074_5b6e5429__temp1.00__seed7,0.00829374280473986,,14,per_run_oof
qwen2p5_14b__math_test_00075_387f76f4__temp0.10__seed7,0.00742724392756848,1.0,14,per_run_oof
qwen2p5_14b__math_test_00075_387f76f4__temp0.60__seed7,0.011972693268127232,1.0,14,per_run_oof
qwen2p5_14b__math_test_00075_387f76f4__temp1.00__seed7,0.06221086562279853,0.9230769230769231,14,per_run_oof
qwen2p5_14b__math_test_00076_b45bd200__temp0.10__seed7,0.1199735261237999,,14,per_run_oof
qwen2p5_14b__math_test_00076_b45bd200__temp0.60__seed7,0.5883765244160684,,14,per_run_oof
qwen2p5_14b__math_test_00076_b45bd200__temp1.00__seed7,0.47720162309294134,,14,per_run_oof
qwen2p5_14b__math_test_00077_0fdb870e__temp0.10__seed7,0.03187996806838258,1.0,14,per_run_oof
qwen2p5_14b__math_test_00077_0fdb870e__temp0.60__seed7,0.062171287002886766,1.0,14,per_run_oof
qwen2p5_14b__math_test_00077_0fdb870e__temp1.00__seed7,0.0883435135568865,1.0,14,per_run_oof
qwen2p5_14b__math_test_00078_7de927b7__temp0.10__seed7,0.035220395646297704,1.0,14,per_run_oof
qwen2p5_14b__math_test_00078_7de927b7__temp0.60__seed7,0.032247694006540886,1.0,14,per_run_oof
qwen2p5_14b__math_test_00078_7de927b7__temp1.00__seed7,0.029161910298936562,1.0,14,per_run_oof
qwen2p5_14b__math_test_00079_3f967fbe__temp0.10__seed7,0.061230004104854664,0.9230769230769231,14,per_run_oof
qwen2p5_14b__math_test_00079_3f967fbe__temp0.60__seed7,0.05893379449267378,,14,per_run_oof
qwen2p5_14b__math_test_00079_3f967fbe__temp1.00__seed7,0.07011757942925051,0.8958333333333334,14,per_run_oof
qwen2p5_14b__math_test_00080_ea7d5602__temp0.10__seed7,0.0049234077203847825,,14,per_run_oof
qwen2p5_14b__math_test_00080_ea7d5602__temp0.60__seed7,0.07056145878693293,,14,per_run_oof
qwen2p5_14b__math_test_00080_ea7d5602__temp1.00__seed7,0.012736698262905634,,14,per_run_oof
qwen2p5_14b__math_test_00081_df488277__temp0.10__seed7,0.08746247193903021,1.0,14,per_run_oof
qwen2p5_14b__math_test_00081_df488277__temp0.60__seed7,0.014892925601774952,1.0,14,per_run_oof
qwen2p5_14b__math_test_00081_df488277__temp1.00__seed7,0.09399088986946598,1.0,14,per_run_oof
qwen2p5_14b__math_test_00082_7fd2e8f8__temp0.10__seed7,0.4487807055945247,,14,per_run_oof
qwen2p5_14b__math_test_00082_7fd2e8f8__temp0.60__seed7,0.3272126170564417,,14,per_run_oof
qwen2p5_14b__math_test_00082_7fd2e8f8__temp1.00__seed7,0.1656305723548103,,14,per_run_oof
qwen2p5_14b__math_test_00083_5465f015__temp0.10__seed7,0.12021558831127901,0.23076923076923073,14,per_run_oof
qwen2p5_14b__math_test_00083_5465f015__temp0.60__seed7,0.03650350235058243,1.0,14,per_run_oof
qwen2p5_14b__math_test_00083_5465f015__temp1.00__seed7,0.06156035643331551,1.0,14,per_run_oof
qwen2p5_14b__math_test_00084_c4267ccc__temp0.10__seed7,0.0016237834081324828,,14,per_run_oof
qwen2p5_14b__math_test_00084_c4267ccc__temp0.60__seed7,0.38290837559909335,,14,per_run_oof
qwen2p5_14b__math_test_00084_c4267ccc__temp1.00__seed7,0.30284592411452277,,14,per_run_oof
qwen2p5_14b__math_test_00085_ab1a6003__temp0.10__seed7,0.1599529871733321,,14,per_run_oof
qwen2p5_14b__math_test_00085_ab1a6003__temp0.60__seed7,0.1120359932649334,,14,per_run_oof
qwen2p5_14b__math_test_00085_ab1a6003__temp1.00__seed7,0.08088928211818688,1.0,14,per_run_oof
qwen2p5_14b__math_test_00086_3447bc00__temp0.10__seed7,0.10252572539314132,,14,per_run_oof
qwen2p5_14b__math_test_00086_3447bc00__temp0.60__seed7,0.028716185922194656,1.0,14,per_run_oof
qwen2p5_14b__math_test_00086_3447bc00__temp1.00__seed7,0.3657893568726315,,14,per_run_oof
qwen2p5_14b__math_test_00087_649d31a4__temp0.10__seed7,0.035971623074091755,,14,per_run_oof
qwen2p5_14b__math_test_00087_649d31a4__temp0.60__seed7,0.04474099324758301,1.0,14,per_run_oof
qwen2p5_14b__math_test_00087_649d31a4__temp1.00__seed7,0.5387413367172285,,14,per_run_oof
qwen2p5_14b__math_test_00088_207198c5__temp0.10__seed7,0.05706476204158111,1.0,14,per_run_oof
qwen2p5_14b__math_test_00088_207198c5__temp0.60__seed7,0.07721952187030849,1.0,14,per_run_oof
qwen2p5_14b__math_test_00088_207198c5__temp1.00__seed7,0.15633991489346735,,14,per_run_oof
qwen2p5_14b__math_test_00089_962971ae__temp0.10__seed7,0.06629110602631684,0.9696969696969697,14,per_run_oof
qwen2p5_14b__math_test_00089_962971ae__temp0.60__seed7,0.07931123819502664,0.9393939393939393,14,per_run_oof
qwen2p5_14b__math_test_00089_962971ae__temp1.00__seed7,0.07410521431261272,0.9393939393939393,14,per_run_oof
qwen2p5_14b__math_test_00090_f27fcf39__temp0.10__seed7,0.014497798856978572,1.0,14,per_run_oof
qwen2p5_14b__math_test_00090_f27fcf39__temp0.60__seed7,0.017026771798014154,,14,per_run_oof
qwen2p5_14b__math_test_00090_f27fcf39__temp1.00__seed7,0.04309165246249488,1.0,14,per_run_oof
qwen2p5_14b__math_test_00091_6c78d89b__temp0.10__seed7,0.007123061689714707,,14,per_run_oof
qwen2p5_14b__math_test_00091_6c78d89b__temp0.60__seed7,0.014682595858447103,1.0,14,per_run_oof
qwen2p5_14b__math_test_00091_6c78d89b__temp1.00__seed7,0.014373241961047353,1.0,14,per_run_oof
qwen2p5_14b__math_test_00092_d2ef929c__temp0.10__seed7,0.7237806814043181,,14,per_run_oof
qwen2p5_14b__math_test_00092_d2ef929c__temp0.60__seed7,0.5066984687422138,,14,per_run_oof
qwen2p5_14b__math_test_00092_d2ef929c__temp1.00__seed7,0.08074774993075948,,14,per_run_oof
qwen2p5_14b__math_test_00093_c6ee4fae__temp0.10__seed7,0.06699777019805123,0.9230769230769231,14,per_run_oof
qwen2p5_14b__math_test_00093_c6ee4fae__temp0.60__seed7,0.047552174719793075,0.9230769230769231,14,per_run_oof
qwen2p5_14b__math_test_00093_c6ee4fae__temp1.00__seed7,0.06739767604035023,0.9230769230769231,14,per_run_oof
qwen2p5_14b__math_test_00094_82adbbe7__temp0.10__seed7,0.003980882932558732,,14,per_run_oof
qwen2p5_14b__math_test_00094_82adbbe7__temp0.60__seed7,0.11634941560950796,,14,per_run_oof
qwen2p5_14b__math_test_00094_82adbbe7__temp1.00__seed7,0.054708701982649,,14,per_run_oof
qwen2p5_14b__math_test_00095_21ca381e__temp0.10__seed7,0.3833366157343407,,14,per_run_oof
qwen2p5_14b__math_test_00095_21ca381e__temp0.60__seed7,0.5869637391849142,,14,per_run_oof
qwen2p5_14b__math_test_00095_21ca381e__temp1.00__seed7,0.5177877946904962,,14,per_run_oof
qwen2p5_14b__math_test_00096_9055d1e9__temp0.10__seed7,0.3119436429697632,,14,per_run_oof
qwen2p5_14b__math_test_00096_9055d1e9__temp0.60__seed7,0.011925969103229567,,14,per_run_oof
qwen2p5_14b__math_test_00096_9055d1e9__temp1.00__seed7,0.026939095122747007,,14,per_run_oof
qwen2p5_14b__math_test_00097_30394417__temp0.10__seed7,0.10972438689940657,,14,per_run_oof
qwen2p5_14b__math_test_00097_30394417__temp0.60__seed7,0.0034221779739501477,,14,per_run_oof
qwen2p5_14b__math_test_00097_30394417__temp1.00__seed7,0.15945754587591413,,14,per_run_oof
qwen2p5_14b__math_test_00098_9ceda233__temp0.10__seed7,0.31405480824837584,,14,per_run_oof
qwen2p5_14b__math_test_00098_9ceda233__temp0.60__seed7,0.011108809298534047,,14,per_run_oof
qwen2p5_14b__math_test_00098_9ceda233__temp1.00__seed7,0.01159236594902628,,14,per_run_oof
qwen2p5_14b__math_test_00099_491d2137__temp0.10__seed7,0.14187251349624436,0.9111111111111112,14,per_run_oof
qwen2p5_14b__math_test_00099_491d2137__temp0.60__seed7,0.06322581105754792,1.0,14,per_run_oof
qwen2p5_14b__math_test_00099_491d2137__temp1.00__seed7,0.02385373937970786,,14,per_run_oof
qwen2p5_14b__math_test_00100_941d341c__temp0.10__seed7,0.2721264697269406,0.75,14,per_run_oof
qwen2p5_14b__math_test_00100_941d341c__temp0.60__seed7,0.06708495255227166,0.9696969696969697,14,per_run_oof
qwen2p5_14b__math_test_00100_941d341c__temp1.00__seed7,0.20144440474701528,0.6458333333333333,14,per_run_oof
qwen2p5_14b__math_test_00101_75e027f9__temp0.10__seed7,0.01112175848530827,,14,per_run_oof
qwen2p5_14b__math_test_00101_75e027f9__temp0.60__seed7,0.2373134745145268,,14,per_run_oof
qwen2p5_14b__math_test_00101_75e027f9__temp1.00__seed7,0.01603150137464664,,14,per_run_oof
qwen2p5_14b__math_test_00102_129dd488__temp0.10__seed7,0.08909739930306039,0.9696969696969697,14,per_run_oof
qwen2p5_14b__math_test_00102_129dd488__temp0.60__seed7,0.02727453023259057,1.0,14,per_run_oof
qwen2p5_14b__math_test_00102_129dd488__temp1.00__seed7,0.10345543937984188,0.95,14,per_run_oof
qwen2p5_14b__math_test_00103_7b0f3b51__temp0.10__seed7,0.08568943765830897,0.95,14,per_run_oof
qwen2p5_14b__math_test_00103_7b0f3b51__temp0.60__seed7,0.056336982727025475,1.0,14,per_run_oof
qwen2p5_14b__math_test_00103_7b0f3b51__temp1.00__seed7,0.022588816713928983,1.0,14,per_run_oof
qwen2p5_14b__math_test_00104_d684f1e9__temp0.10__seed7,0.0707077549785094,1.0,14,per_run_oof
qwen2p5_14b__math_test_00104_d684f1e9__temp0.60__seed7,0.6150235977828754,,14,per_run_oof
qwen2p5_14b__math_test_00104_d684f1e9__temp1.00__seed7,0.04380851599962782,,14,per_run_oof
qwen2p5_14b__math_test_00105_6b770d5f__temp0.10__seed7,0.026687159421106076,,14,per_run_oof
qwen2p5_14b__math_test_00105_6b770d5f__temp0.60__seed7,0.15960337795942528,,14,per_run_oof
qwen2p5_14b__math_test_00105_6b770d5f__temp1.00__seed7,0.08470619202548343,,14,per_run_oof
qwen2p5_14b__math_test_00106_6e98540c__temp0.10__seed7,0.5536214226746985,0.125,14,per_run_oof
qwen2p5_14b__math_test_00106_6e98540c__temp0.60__seed7,0.45742547685032353,0.10416666666666667,14,per_run_oof
qwen2p5_14b__math_test_00106_6e98540c__temp1.00__seed7,0.10280579670008475,,14,per_run_oof
qwen2p5_14b__math_test_00107_fd74cd11__temp0.10__seed7,0.005196227886154503,,14,per_run_oof
qwen2p5_14b__math_test_00107_fd74cd11__temp0.60__seed7,0.009050446669827851,,14,per_run_oof
qwen2p5_14b__math_test_00107_fd74cd11__temp1.00__seed7,0.246714811364422,,14,per_run_oof
qwen2p5_14b__math_test_00108_611e7552__temp0.10__seed7,0.10644492824909546,,14,per_run_oof
qwen2p5_14b__math_test_00108_611e7552__temp0.60__seed7,0.06874486732268591,,14,per_run_oof
qwen2p5_14b__math_test_00108_611e7552__temp1.00__seed7,0.09612374708578994,1.0,14,per_run_oof
qwen2p5_14b__math_test_00109_d90424d8__temp0.10__seed7,0.45864749037960334,,14,per_run_oof
qwen2p5_14b__math_test_00109_d90424d8__temp0.60__seed7,0.19154497211693428,,14,per_run_oof
qwen2p5_14b__math_test_00109_d90424d8__temp1.00__seed7,0.5127709673355969,,14,per_run_oof
qwen2p5_14b__math_test_00110_72b3623f__temp0.10__seed7,0.05174384326770481,,14,per_run_oof
qwen2p5_14b__math_test_00110_72b3623f__temp0.60__seed7,0.07475034487547935,1.0,14,per_run_oof
qwen2p5_14b__math_test_00110_72b3623f__temp1.00__seed7,0.1018786931813612,,14,per_run_oof
qwen2p5_14b__math_test_00111_d752e2e3__temp0.10__seed7,0.06181742666632312,,14,per_run_oof
qwen2p5_14b__math_test_00111_d752e2e3__temp0.60__seed7,0.027653529828621865,,14,per_run_oof
qwen2p5_14b__math_test_00111_d752e2e3__temp1.00__seed7,0.10230220678986414,,14,per_run_oof
qwen2p5_14b__math_test_00112_84e6f7fa__temp0.10__seed7,0.010588010333683862,,14,per_run_oof
qwen2p5_14b__math_test_00112_84e6f7fa__temp0.60__seed7,0.07862548498050013,1.0,14,per_run_oof
qwen2p5_14b__math_test_00112_84e6f7fa__temp1.00__seed7,0.05713815057836491,1.0,14,per_run_oof
qwen2p5_14b__math_test_00113_f30e88a0__temp0.10__seed7,0.011092438435084574,,14,per_run_oof
qwen2p5_14b__math_test_00113_f30e88a0__temp0.60__seed7,0.40410539913126803,0.15384615384615385,14,per_run_oof
qwen2p5_14b__math_test_00113_f30e88a0__temp1.00__seed7,0.0052509697791742905,,14,per_run_oof
qwen2p5_14b__math_test_00114_deb9efc8__temp0.10__seed7,0.05838381169588756,,14,per_run_oof
qwen2p5_14b__math_test_00114_deb9efc8__temp0.60__seed7,0.161277336966335,0.9375,14,per_run_oof
qwen2p5_14b__math_test_00114_deb9efc8__temp1.00__seed7,0.011233204149546188,1.0,14,per_run_oof
qwen2p5_14b__math_test_00115_e20c9b7a__temp0.10__seed7,0.025267251979269954,,14,per_run_oof
qwen2p5_14b__math_test_00115_e20c9b7a__temp0.60__seed7,0.005720458373666193,,14,per_run_oof
qwen2p5_14b__math_test_00115_e20c9b7a__temp1.00__seed7,0.007758889047366724,,14,per_run_oof
qwen2p5_14b__math_test_00116_61f50e3d__temp0.10__seed7,0.1244093602038161,1.0,14,per_run_oof
qwen2p5_14b__math_test_00116_61f50e3d__temp0.60__seed7,0.6545760333771823,,14,per_run_oof
qwen2p5_14b__math_test_00116_61f50e3d__temp1.00__seed7,0.1316013416102195,,14,per_run_oof
qwen2p5_14b__math_test_00117_e884ad93__temp0.10__seed7,0.17537671107044597,1.0,14,per_run_oof
qwen2p5_14b__math_test_00117_e884ad93__temp0.60__seed7,0.042254863965085314,,14,per_run_oof
qwen2p5_14b__math_test_00117_e884ad93__temp1.00__seed7,0.06203828508553529,,14,per_run_oof
qwen2p5_14b__math_test_00118_fc8ebbb3__temp0.10__seed7,0.013700689191587683,1.0,14,per_run_oof
qwen2p5_14b__math_test_00118_fc8ebbb3__temp0.60__seed7,0.03534415902699008,1.0,14,per_run_oof
qwen2p5_14b__math_test_00118_fc8ebbb3__temp1.00__seed7,0.00809684805631754,,14,per_run_oof
qwen2p5_14b__math_test_00119_a6218ea2__temp0.10__seed7,0.00437362217315007,,14,per_run_oof
qwen2p5_14b__math_test_00119_a6218ea2__temp0.60__seed7,0.0844907842711355,,14,per_run_oof
qwen2p5_14b__math_test_00119_a6218ea2__temp1.00__seed7,0.22226413506815298,,14,per_run_oof
qwen2p5_14b__math_test_00120_8eef5288__temp0.10__seed7,0.013978681441542597,1.0,14,per_run_oof
qwen2p5_14b__math_test_00120_8eef5288__temp0.60__seed7,0.05380226423173162,1.0,14,per_run_oof
qwen2p5_14b__math_test_00120_8eef5288__temp1.00__seed7,0.07355759518379557,1.0,14,per_run_oof
qwen2p5_14b__math_test_00121_23cfdf25__temp0.10__seed7,0.037146485500926765,1.0,14,per_run_oof
qwen2p5_14b__math_test_00121_23cfdf25__temp0.60__seed7,0.01143507835665848,,14,per_run_oof
qwen2p5_14b__math_test_00121_23cfdf25__temp1.00__seed7,0.007360907180895471,,14,per_run_oof
qwen2p5_14b__math_test_00122_fdf4300d__temp0.10__seed7,0.029292861972585526,1.0,14,per_run_oof
qwen2p5_14b__math_test_00122_fdf4300d__temp0.60__seed7,0.08279673266392693,0.9696969696969697,14,per_run_oof
qwen2p5_14b__math_test_00122_fdf4300d__temp1.00__seed7,0.011803173173409478,1.0,14,per_run_oof
qwen2p5_14b__math_test_00123_860f65d4__temp0.10__seed7,0.008585024142783875,,14,per_run_oof
qwen2p5_14b__math_test_00123_860f65d4__temp0.60__seed7,0.01631243453818693,,14,per_run_oof
qwen2p5_14b__math_test_00123_860f65d4__temp1.00__seed7,0.06233617460893701,,14,per_run_oof
qwen2p5_14b__math_test_00124_93bacf2d__temp0.10__seed7,0.10534005771369025,0.9500000000000001,14,per_run_oof
qwen2p5_14b__math_test_00124_93bacf2d__temp0.60__seed7,0.11553029221882069,0.9230769230769231,14,per_run_oof
qwen2p5_14b__math_test_00124_93bacf2d__temp1.00__seed7,0.08549503001572893,0.7575757575757576,14,per_run_oof
qwen2p5_14b__math_test_00125_e5ac5620__temp0.10__seed7,0.06591948263394397,0.9777777777777777,14,per_run_oof
qwen2p5_14b__math_test_00125_e5ac5620__temp0.60__seed7,0.13729604619863117,0.15384615384615385,14,per_run_oof
qwen2p5_14b__math_test_00125_e5ac5620__temp1.00__seed7,0.08131382664760979,0.8888888888888888,14,per_run_oof
qwen2p5_14b__math_test_00126_81f4f6da__temp0.10__seed7,0.04179267953962699,1.0,14,per_run_oof
qwen2p5_14b__math_test_00126_81f4f6da__temp0.60__seed7,0.12197615982736891,0.5384615384615384,14,per_run_oof
qwen2p5_14b__math_test_00126_81f4f6da__temp1.00__seed7,0.022377275048352768,,14,per_run_oof
qwen2p5_14b__math_test_00127_831d47a3__temp0.10__seed7,0.1924877763150424,,14,per_run_oof
qwen2p5_14b__math_test_00127_831d47a3__temp0.60__seed7,0.011653861119618742,,14,per_run_oof
qwen2p5_14b__math_test_00127_831d47a3__temp1.00__seed7,0.012239265993766443,1.0,14,per_run_oof
qwen2p5_14b__math_test_00128_34115c3f__temp0.10__seed7,0.011564461151206329,,14,per_run_oof
qwen2p5_14b__math_test_00128_34115c3f__temp0.60__seed7,0.01299370057612419,,14,per_run_oof
qwen2p5_14b__math_test_00128_34115c3f__temp1.00__seed7,0.014595096487052612,,14,per_run_oof
qwen2p5_14b__math_test_00129_13560ab9__temp0.10__seed7,0.006978811338858021,,14,per_run_oof
qwen2p5_14b__math_test_00129_13560ab9__temp0.60__seed7,0.019041727031804345,,14,per_run_oof
qwen2p5_14b__math_test_00129_13560ab9__temp1.00__seed7,0.06362475804769871,0.9166666666666667,14,per_run_oof
qwen2p5_14b__math_test_00130_587c37e4__temp0.10__seed7,0.04656418963409119,,14,per_run_oof
qwen2p5_14b__math_test_00130_587c37e4__temp0.60__seed7,0.4612886796137342,,14,per_run_oof
qwen2p5_14b__math_test_00130_587c37e4__temp1.00__seed7,0.004075601991926243,,14,per_run_oof
qwen2p5_14b__math_test_00131_e4690c90__temp0.10__seed7,0.07965707026802082,1.0,14,per_run_oof
qwen2p5_14b__math_test_00131_e4690c90__temp0.60__seed7,0.38180243867682956,,14,per_run_oof
qwen2p5_14b__math_test_00131_e4690c90__temp1.00__seed7,0.05730242697345517,1.0,14,per_run_oof
qwen2p5_14b__math_test_00132_9804c9ed__temp0.10__seed7,0.19918288848901838,1.0,14,per_run_oof
qwen2p5_14b__math_test_00132_9804c9ed__temp0.60__seed7,0.10357317456878957,,14,per_run_oof
qwen2p5_14b__math_test_00132_9804c9ed__temp1.00__seed7,0.26904083210775437,0.4666666666666666,14,per_run_oof
qwen2p5_14b__math_test_00133_efc15efb__temp0.10__seed7,0.056680715890561915,,14,per_run_oof
qwen2p5_14b__math_test_00133_efc15efb__temp0.60__seed7,0.08591969652662969,1.0,14,per_run_oof
qwen2p5_14b__math_test_00133_efc15efb__temp1.00__seed7,0.0773018102800951,0.975,14,per_run_oof
qwen2p5_14b__math_test_00134_729aab2d__temp0.10__seed7,0.0038095401436531004,,14,per_run_oof
qwen2p5_14b__math_test_00134_729aab2d__temp0.60__seed7,0.15064428520401624,,14,per_run_oof
qwen2p5_14b__math_test_00134_729aab2d__temp1.00__seed7,0.24264755637904006,,14,per_run_oof
qwen2p5_14b__math_test_00135_cc85526c__temp0.10__seed7,0.18079264873871284,0.975,14,per_run_oof
qwen2p5_14b__math_test_00135_cc85526c__temp0.60__seed7,0.23410111942751843,0.9777777777777779,14,per_run_oof
qwen2p5_14b__math_test_00135_cc85526c__temp1.00__seed7,0.15141897529345738,0.8787878787878788,14,per_run_oof
qwen2p5_14b__math_test_00136_8e69a186__temp0.10__seed7,0.007862725451051246,,14,per_run_oof
qwen2p5_14b__math_test_00136_8e69a186__temp0.60__seed7,0.06681507307470039,0.6923076923076923,14,per_run_oof
qwen2p5_14b__math_test_00136_8e69a186__temp1.00__seed7,0.06430238479374843,0.8461538461538461,14,per_run_oof
qwen2p5_14b__math_test_00137_66c4d3d6__temp0.10__seed7,0.33672698999935247,,14,per_run_oof
qwen2p5_14b__math_test_00137_66c4d3d6__temp0.60__seed7,0.07507591890790259,,14,per_run_oof
qwen2p5_14b__math_test_00137_66c4d3d6__temp1.00__seed7,0.33337130547676475,,14,per_run_oof
qwen2p5_14b__math_test_00138_3cca3484__temp0.10__seed7,0.06927346956435969,0.23076923076923073,14,per_run_oof
qwen2p5_14b__math_test_00138_3cca3484__temp0.60__seed7,0.07108772952814231,0.23076923076923073,14,per_run_oof
qwen2p5_14b__math_test_00138_3cca3484__temp1.00__seed7,0.23559383945736292,,14,per_run_oof
qwen2p5_14b__math_test_00139_55101384__temp0.10__seed7,0.02404404500613248,,14,per_run_oof
qwen2p5_14b__math_test_00139_55101384__temp0.60__seed7,0.09693021785220335,0.9393939393939394,14,per_run_oof
qwen2p5_14b__math_test_00139_55101384__temp1.00__seed7,0.04516116884264929,1.0,14,per_run_oof
qwen2p5_14b__math_test_00140_9c2a8a8c__temp0.10__seed7,0.007204628129278437,,14,per_run_oof
qwen2p5_14b__math_test_00140_9c2a8a8c__temp0.60__seed7,0.0015046012301178169,,14,per_run_oof
qwen2p5_14b__math_test_00140_9c2a8a8c__temp1.00__seed7,0.005144059320430326,,14,per_run_oof
qwen2p5_14b__math_test_00141_fa53302b__temp0.10__seed7,0.08924210677371255,1.0,14,per_run_oof
qwen2p5_14b__math_test_00141_fa53302b__temp0.60__seed7,0.19558889072730096,,14,per_run_oof
qwen2p5_14b__math_test_00141_fa53302b__temp1.00__seed7,0.2981613904471335,0.9583333333333333,14,per_run_oof
qwen2p5_14b__math_test_00142_a535d7ed__temp0.10__seed7,0.5335161300469894,,14,per_run_oof
qwen2p5_14b__math_test_00142_a535d7ed__temp0.60__seed7,0.6949953513902459,,14,per_run_oof
qwen2p5_14b__math_test_00142_a535d7ed__temp1.00__seed7,0.176974599600103,,14,per_run_oof
qwen2p5_14b__math_test_00143_f0361309__temp0.10__seed7,0.03952032373526669,,14,per_run_oof
qwen2p5_14b__math_test_00143_f0361309__temp0.60__seed7,0.03660686657364326,1.0,14,per_run_oof
qwen2p5_14b__math_test_00143_f0361309__temp1.00__seed7,0.02445254155277068,1.0,14,per_run_oof
qwen2p5_14b__math_test_00144_3287fa74__temp0.10__seed7,0.009050704700964614,,14,per_run_oof
qwen2p5_14b__math_test_00144_3287fa74__temp0.60__seed7,0.057431221470940326,,14,per_run_oof
qwen2p5_14b__math_test_00144_3287fa74__temp1.00__seed7,0.46661428590715104,,14,per_run_oof
qwen2p5_14b__math_test_00145_bb1c005f__temp0.10__seed7,0.02073522982028118,,14,per_run_oof
qwen2p5_14b__math_test_00145_bb1c005f__temp0.60__seed7,0.06817121664010986,1.0,14,per_run_oof
qwen2p5_14b__math_test_00145_bb1c005f__temp1.00__seed7,0.4048588730598907,,14,per_run_oof
qwen2p5_14b__math_test_00146_faf5031d__temp0.10__seed7,0.00260984716383317,,14,per_run_oof
qwen2p5_14b__math_test_00146_faf5031d__temp0.60__seed7,0.0035680098400597163,,14,per_run_oof
qwen2p5_14b__math_test_00146_faf5031d__temp1.00__seed7,0.0032500149991719364,,14,per_run_oof
qwen2p5_14b__math_test_00147_390c3a01__temp0.10__seed7,0.00725220227153568,1.0,14,per_run_oof
qwen2p5_14b__math_test_00147_390c3a01__temp0.60__seed7,0.06751392680865813,0.6153846153846154,14,per_run_oof
qwen2p5_14b__math_test_00147_390c3a01__temp1.00__seed7,0.011031743313896041,1.0,14,per_run_oof
qwen2p5_14b__math_test_00148_c9dddba4__temp0.10__seed7,0.040180783680385725,1.0,14,per_run_oof
qwen2p5_14b__math_test_00148_c9dddba4__temp0.60__seed7,0.0764838026452914,1.0,14,per_run_oof
qwen2p5_14b__math_test_00148_c9dddba4__temp1.00__seed7,0.00975576979329988,,14,per_run_oof
qwen2p5_14b__math_test_00149_805d659b__temp0.10__seed7,0.014650671811944444,,14,per_run_oof
qwen2p5_14b__math_test_00149_805d659b__temp0.60__seed7,0.022077646702581645,,14,per_run_oof
qwen2p5_14b__math_test_00149_805d659b__temp1.00__seed7,0.11490133821120084,1.0,14,per_run_oof
qwen2p5_14b__math_test_00150_f0a2fdf6__temp0.10__seed7,0.37730864523901525,,14,per_run_oof
qwen2p5_14b__math_test_00150_f0a2fdf6__temp0.60__seed7,0.39703115459762806,,14,per_run_oof
qwen2p5_14b__math_test_00150_f0a2fdf6__temp1.00__seed7,0.3124524795536697,,14,per_run_oof
qwen2p5_14b__math_test_00151_3228d9fb__temp0.10__seed7,0.007073070600610437,,14,per_run_oof
qwen2p5_14b__math_test_00151_3228d9fb__temp0.60__seed7,0.01746193552268564,1.0,14,per_run_oof
qwen2p5_14b__math_test_00151_3228d9fb__temp1.00__seed7,0.018157105622808232,,14,per_run_oof
qwen2p5_14b__math_test_00152_df146136__temp0.10__seed7,0.007033205792030975,,14,per_run_oof
qwen2p5_14b__math_test_00152_df146136__temp0.60__seed7,0.007542573175861892,,14,per_run_oof
qwen2p5_14b__math_test_00152_df146136__temp1.00__seed7,0.05530831473765254,0.9230769230769231,14,per_run_oof
qwen2p5_14b__math_test_00153_e0a74423__temp0.10__seed7,0.03935241541379612,1.0,14,per_run_oof
qwen2p5_14b__math_test_00153_e0a74423__temp0.60__seed7,0.3296133645829816,,14,per_run_oof
qwen2p5_14b__math_test_00153_e0a74423__temp1.00__seed7,0.0997335054292742,1.0,14,per_run_oof
qwen2p5_14b__math_test_00154_7dc5f86e__temp0.10__seed7,0.03271006671047565,1.0,14,per_run_oof
qwen2p5_14b__math_test_00154_7dc5f86e__temp0.60__seed7,0.05122822280546418,1.0,14,per_run_oof
qwen2p5_14b__math_test_00154_7dc5f86e__temp1.00__seed7,0.09672648058703891,0.975,14,per_run_oof
qwen2p5_14b__math_test_00155_ee27b543__temp0.10__seed7,0.03483161735145552,1.0,14,per_run_oof
qwen2p5_14b__math_test_00155_ee27b543__temp0.60__seed7,0.08246969893095282,0.9583333333333333,14,per_run_oof
qwen2p5_14b__math_test_00155_ee27b543__temp1.00__seed7,0.5038621320445584,,14,per_run_oof
qwen2p5_14b__math_test_00156_95b47adc__temp0.10__seed7,0.014531693193810247,,14,per_run_oof
qwen2p5_14b__math_test_00156_95b47adc__temp0.60__seed7,0.010975498118244425,,14,per_run_oof
qwen2p5_14b__math_test_00156_95b47adc__temp1.00__seed7,0.06595099764476717,0.7692307692307692,14,per_run_oof
qwen2p5_14b__math_test_00157_37701db8__temp0.10__seed7,0.15345816509989937,,14,per_run_oof
qwen2p5_14b__math_test_00157_37701db8__temp0.60__seed7,0.0889792654510488,,14,per_run_oof
qwen2p5_14b__math_test_00157_37701db8__temp1.00__seed7,0.09985382008089219,1.0,14,per_run_oof
qwen2p5_14b__math_test_00158_15e70720__temp0.10__seed7,0.09794726674666669,1.0,14,per_run_oof
qwen2p5_14b__math_test_00158_15e70720__temp0.60__seed7,0.06577215574018662,0.6153846153846154,14,per_run_oof
qwen2p5_14b__math_test_00158_15e70720__temp1.00__seed7,0.06504119028817414,1.0,14,per_run_oof
qwen2p5_14b__math_test_00159_7acc030c__temp0.10__seed7,0.0836160237270365,1.0,14,per_run_oof
qwen2p5_14b__math_test_00159_7acc030c__temp0.60__seed7,0.09485995655450566,1.0,14,per_run_oof
qwen2p5_14b__math_test_00159_7acc030c__temp1.00__seed7,0.5216167251817136,,14,per_run_oof
qwen2p5_14b__math_test_00160_e84fb95f__temp0.10__seed7,0.049144303578034045,,14,per_run_oof
qwen2p5_14b__math_test_00160_e84fb95f__temp0.60__seed7,0.29240083705273096,,14,per_run_oof
qwen2p5_14b__math_test_00160_e84fb95f__temp1.00__seed7,0.4592033383031998,,14,per_run_oof
qwen2p5_14b__math_test_00161_643e7dc4__temp0.10__seed7,0.6537330364160988,,14,per_run_oof
qwen2p5_14b__math_test_00161_643e7dc4__temp0.60__seed7,0.02899030553632604,1.0,14,per_run_oof
qwen2p5_14b__math_test_00161_643e7dc4__temp1.00__seed7,0.04423438025851416,1.0,14,per_run_oof
qwen2p5_14b__math_test_00162_45ed500c__temp0.10__seed7,0.0792291362155405,0.9750000000000001,14,per_run_oof
qwen2p5_14b__math_test_00162_45ed500c__temp0.60__seed7,0.2760988981820078,0.9777777777777777,14,per_run_oof
qwen2p5_14b__math_test_00162_45ed500c__temp1.00__seed7,0.17561155282036187,0.9333333333333333,14,per_run_oof
qwen2p5_14b__math_test_00163_6f88c8c4__temp0.10__seed7,0.012566440816337426,1.0,14,per_run_oof
qwen2p5_14b__math_test_00163_6f88c8c4__temp0.60__seed7,0.006629598040880867,,14,per_run_oof
qwen2p5_14b__math_test_00163_6f88c8c4__temp1.00__seed7,0.09275052873448641,0.8,14,per_run_oof
qwen2p5_14b__math_test_00164_a06c5428__temp0.10__seed7,0.46791360054141445,,14,per_run_oof
qwen2p5_14b__math_test_00164_a06c5428__temp0.60__seed7,0.08634708153362265,0.975,14,per_run_oof
qwen2p5_14b__math_test_00164_a06c5428__temp1.00__seed7,0.05157631113911602,1.0,14,per_run_oof
qwen2p5_14b__math_test_00165_2bb09b99__temp0.10__seed7,0.005211154254418619,,14,per_run_oof
qwen2p5_14b__math_test_00165_2bb09b99__temp0.60__seed7,0.0031379235555385777,,14,per_run_oof
qwen2p5_14b__math_test_00165_2bb09b99__temp1.00__seed7,0.0033421214243230277,,14,per_run_oof
qwen2p5_14b__math_test_00166_e1652a94__temp0.10__seed7,0.03827626302891535,,14,per_run_oof
qwen2p5_14b__math_test_00166_e1652a94__temp0.60__seed7,0.009970730890166256,,14,per_run_oof
qwen2p5_14b__math_test_00166_e1652a94__temp1.00__seed7,0.011395608901642361,,14,per_run_oof
qwen2p5_14b__math_test_00167_87ffe725__temp0.10__seed7,0.026724002813560126,1.0,14,per_run_oof
qwen2p5_14b__math_test_00167_87ffe725__temp0.60__seed7,0.01175724484966334,,14,per_run_oof
qwen2p5_14b__math_test_00167_87ffe725__temp1.00__seed7,0.10143715614496952,,14,per_run_oof
qwen2p5_14b__math_test_00168_0f3086b8__temp0.10__seed7,0.031369932615249625,1.0,14,per_run_oof
qwen2p5_14b__math_test_00168_0f3086b8__temp0.60__seed7,0.05199718504364782,1.0,14,per_run_oof
qwen2p5_14b__math_test_00168_0f3086b8__temp1.00__seed7,0.05099155480662221,1.0,14,per_run_oof
qwen2p5_14b__math_test_00169_1a29884e__temp0.10__seed7,0.004018839280207661,,14,per_run_oof
qwen2p5_14b__math_test_00169_1a29884e__temp0.60__seed7,0.00397186965056919,,14,per_run_oof
qwen2p5_14b__math_test_00169_1a29884e__temp1.00__seed7,0.2773100166244336,,14,per_run_oof
qwen2p5_14b__math_test_00170_7682a602__temp0.10__seed7,0.2764605916178877,,14,per_run_oof
qwen2p5_14b__math_test_00170_7682a602__temp0.60__seed7,0.16772778428757554,0.9166666666666666,14,per_run_oof
qwen2p5_14b__math_test_00170_7682a602__temp1.00__seed7,0.022140920882301494,1.0,14,per_run_oof
qwen2p5_14b__math_test_00171_dae831e4__temp0.10__seed7,0.434133724785782,,14,per_run_oof
qwen2p5_14b__math_test_00171_dae831e4__temp0.60__seed7,0.023306262698712506,,14,per_run_oof
qwen2p5_14b__math_test_00171_dae831e4__temp1.00__seed7,0.4815803203125652,,14,per_run_oof
qwen2p5_14b__math_test_00172_6af9182b__temp0.10__seed7,0.13185126267267638,,14,per_run_oof
qwen2p5_14b__math_test_00172_6af9182b__temp0.60__seed7,0.013617477913443286,,14,per_run_oof
qwen2p5_14b__math_test_00172_6af9182b__temp1.00__seed7,0.26627800808047614,,14,per_run_oof
qwen2p5_14b__math_test_00173_f7741471__temp0.10__seed7,0.008523436647862983,,14,per_run_oof
qwen2p5_14b__math_test_00173_f7741471__temp0.60__seed7,0.5631143381357376,,14,per_run_oof
qwen2p5_14b__math_test_00173_f7741471__temp1.00__seed7,0.01123322808849984,,14,per_run_oof
qwen2p5_14b__math_test_00174_660b0932__temp0.10__seed7,0.009727791907078459,,14,per_run_oof
qwen2p5_14b__math_test_00174_660b0932__temp0.60__seed7,0.4255085786942315,,14,per_run_oof
qwen2p5_14b__math_test_00174_660b0932__temp1.00__seed7,0.002838121450514247,,14,per_run_oof
qwen2p5_14b__math_test_00175_ad581760__temp0.10__seed7,0.0059719190256193825,,14,per_run_oof
qwen2p5_14b__math_test_00175_ad581760__temp0.60__seed7,0.007367729803282144,,14,per_run_oof
qwen2p5_14b__math_test_00175_ad581760__temp1.00__seed7,0.0032430798003264573,,14,per_run_oof
qwen2p5_14b__math_test_00176_3ab8fbcf__temp0.10__seed7,0.6051149172641731,,14,per_run_oof
qwen2p5_14b__math_test_00176_3ab8fbcf__temp0.60__seed7,0.010548168750605358,,14,per_run_oof
qwen2p5_14b__math_test_00176_3ab8fbcf__temp1.00__seed7,0.005817517286955574,,14,per_run_oof
qwen2p5_14b__math_test_00177_88f25299__temp0.10__seed7,0.41158678263923903,,14,per_run_oof
qwen2p5_14b__math_test_00177_88f25299__temp0.60__seed7,0.44146120016060797,,14,per_run_oof
qwen2p5_14b__math_test_00177_88f25299__temp1.00__seed7,0.5747029456567769,,14,per_run_oof
qwen2p5_14b__math_test_00178_af59f7e2__temp0.10__seed7,0.042503884290935934,1.0,14,per_run_oof
qwen2p5_14b__math_test_00178_af59f7e2__temp0.60__seed7,0.11095969069392678,0.9090909090909091,14,per_run_oof
qwen2p5_14b__math_test_00178_af59f7e2__temp1.00__seed7,0.03502239910965093,1.0,14,per_run_oof
qwen2p5_14b__math_test_00179_50c278d5__temp0.10__seed7,0.31536278335957413,,14,per_run_oof
qwen2p5_14b__math_test_00179_50c278d5__temp0.60__seed7,0.04929485182063501,1.0,14,per_run_oof
qwen2p5_14b__math_test_00179_50c278d5__temp1.00__seed7,0.05775480533658452,1.0,14,per_run_oof
qwen2p5_14b__math_test_00180_409f8858__temp0.10__seed7,0.050780100208109615,1.0,14,per_run_oof
qwen2p5_14b__math_test_00180_409f8858__temp0.60__seed7,0.03989517354147358,1.0,14,per_run_oof
qwen2p5_14b__math_test_00180_409f8858__temp1.00__seed7,0.010655562531156747,1.0,14,per_run_oof
qwen2p5_14b__math_test_00181_40a8a07f__temp0.10__seed7,0.07130627810280908,1.0,14,per_run_oof
qwen2p5_14b__math_test_00181_40a8a07f__temp0.60__seed7,0.05710228062164837,1.0,14,per_run_oof
qwen2p5_14b__math_test_00181_40a8a07f__temp1.00__seed7,0.0340061095514681,1.0,14,per_run_oof
qwen2p5_14b__math_test_00182_5eec73ff__temp0.10__seed7,0.06378225472380172,0.9777777777777777,14,per_run_oof
qwen2p5_14b__math_test_00182_5eec73ff__temp0.60__seed7,0.00531314729013785,,14,per_run_oof
qwen2p5_14b__math_test_00182_5eec73ff__temp1.00__seed7,0.12575612398863975,0.23076923076923073,14,per_run_oof
qwen2p5_14b__math_test_00183_8feeefff__temp0.10__seed7,0.06431913689054669,0.9750000000000001,14,per_run_oof
qwen2p5_14b__math_test_00183_8feeefff__temp0.60__seed7,0.3086108552671341,,14,per_run_oof
qwen2p5_14b__math_test_00183_8feeefff__temp1.00__seed7,0.23523905461081032,,14,per_run_oof
qwen2p5_14b__math_test_00184_78e3c175__temp0.10__seed7,0.7302691218376405,,14,per_run_oof
qwen2p5_14b__math_test_00184_78e3c175__temp0.60__seed7,0.05105612278151052,1.0,14,per_run_oof
qwen2p5_14b__math_test_00184_78e3c175__temp1.00__seed7,0.11630081081614436,0.8666666666666667,14,per_run_oof
qwen2p5_14b__math_test_00185_b9d67ef5__temp0.10__seed7,0.1621730973601772,0.9387755102040816,14,per_run_oof
qwen2p5_14b__math_test_00185_b9d67ef5__temp0.60__seed7,0.02044903720667233,,14,per_run_oof
qwen2p5_14b__math_test_00185_b9d67ef5__temp1.00__seed7,0.2046544332225661,0.8181818181818182,14,per_run_oof
qwen2p5_14b__math_test_00186_ac02199f__temp0.10__seed7,0.0027441088427483285,,14,per_run_oof
qwen2p5_14b__math_test_00186_ac02199f__temp0.60__seed7,0.0967004090349693,1.0,14,per_run_oof
qwen2p5_14b__math_test_00186_ac02199f__temp1.00__seed7,0.006794522975867657,,14,per_run_oof
qwen2p5_14b__math_test_00187_b2db12b1__temp0.10__seed7,0.02281507600646242,1.0,14,per_run_oof
qwen2p5_14b__math_test_00187_b2db12b1__temp0.60__seed7,0.4229315345303597,,14,per_run_oof
qwen2p5_14b__math_test_00187_b2db12b1__temp1.00__seed7,0.007675210859984903,,14,per_run_oof
qwen2p5_14b__math_test_00188_c57b9f68__temp0.10__seed7,0.5072450053088616,0.5918367346938775,14,per_run_oof
qwen2p5_14b__math_test_00188_c57b9f68__temp0.60__seed7,0.01789866264442178,,14,per_run_oof
qwen2p5_14b__math_test_00188_c57b9f68__temp1.00__seed7,0.4312543183924115,0.5102040816326531,14,per_run_oof
qwen2p5_14b__math_test_00189_d2f49b7f__temp0.10__seed7,0.32860777806766855,,14,per_run_oof
qwen2p5_14b__math_test_00189_d2f49b7f__temp0.60__seed7,0.1413151569993611,0.6923076923076923,14,per_run_oof
qwen2p5_14b__math_test_00189_d2f49b7f__temp1.00__seed7,0.28600342907663956,,14,per_run_oof
qwen2p5_14b__math_test_00190_ad0c55dc__temp0.10__seed7,0.22002952399034476,0.9583333333333333,14,per_run_oof
qwen2p5_14b__math_test_00190_ad0c55dc__temp0.60__seed7,0.1689800519893261,0.525,14,per_run_oof
qwen2p5_14b__math_test_00190_ad0c55dc__temp1.00__seed7,0.12188284910175537,0.7916666666666666,14,per_run_oof
qwen2p5_14b__math_test_00191_b20822d9__temp0.10__seed7,0.006344620642318405,,14,per_run_oof
qwen2p5_14b__math_test_00191_b20822d9__temp0.60__seed7,0.011249851213419117,1.0,14,per_run_oof
qwen2p5_14b__math_test_00191_b20822d9__temp1.00__seed7,0.015803081697214307,1.0,14,per_run_oof
qwen2p5_14b__math_test_00192_a6795966__temp0.10__seed7,0.1970591759640434,,14,per_run_oof
qwen2p5_14b__math_test_00192_a6795966__temp0.60__seed7,0.06045741299275133,,14,per_run_oof
qwen2p5_14b__math_test_00192_a6795966__temp1.00__seed7,0.09461717103974332,0.9166666666666667,14,per_run_oof
qwen2p5_14b__math_test_00193_027d8061__temp0.10__seed7,0.018465664862891352,1.0,14,per_run_oof
qwen2p5_14b__math_test_00193_027d8061__temp0.60__seed7,0.03361393691891526,1.0,14,per_run_oof
qwen2p5_14b__math_test_00193_027d8061__temp1.00__seed7,0.14580868665750932,0.875,14,per_run_oof
qwen2p5_14b__math_test_00194_f51f6dd0__temp0.10__seed7,0.015766376409204884,,14,per_run_oof
qwen2p5_14b__math_test_00194_f51f6dd0__temp0.60__seed7,0.004794262732142721,1.0,14,per_run_oof
qwen2p5_14b__math_test_00194_f51f6dd0__temp1.00__seed7,0.01584328817899861,1.0,14,per_run_oof
qwen2p5_14b__math_test_00195_7cc2d650__temp0.10__seed7,0.013911265360388904,1.0,14,per_run_oof
qwen2p5_14b__math_test_00195_7cc2d650__temp0.60__seed7,0.11447309489275201,0.9791666666666666,14,per_run_oof
qwen2p5_14b__math_test_00195_7cc2d650__temp1.00__seed7,0.002444774056275734,,14,per_run_oof
qwen2p5_14b__math_test_00196_4e15c27d__temp0.10__seed7,0.08907974393668239,,14,per_run_oof
qwen2p5_14b__math_test_00196_4e15c27d__temp0.60__seed7,0.060340136745588246,0.9696969696969697,14,per_run_oof
qwen2p5_14b__math_test_00196_4e15c27d__temp1.00__seed7,0.02171877402754873,,14,per_run_oof
qwen2p5_14b__math_test_00197_ed195676__temp0.10__seed7,0.009268740757591806,,14,per_run_oof
qwen2p5_14b__math_test_00197_ed195676__temp0.60__seed7,0.22272700598825376,0.9750000000000001,14,per_run_oof
qwen2p5_14b__math_test_00197_ed195676__temp1.00__seed7,0.11841888868059795,,14,per_run_oof
qwen2p5_14b__math_test_00198_85b6e7ea__temp0.10__seed7,0.3091151800113245,,14,per_run_oof
qwen2p5_14b__math_test_00198_85b6e7ea__temp0.60__seed7,0.3332480032448347,,14,per_run_oof
qwen2p5_14b__math_test_00198_85b6e7ea__temp1.00__seed7,0.35209738682215186,,14,per_run_oof
qwen2p5_14b__math_test_00199_c19f27fd__temp0.10__seed7,0.07596347556443302,,14,per_run_oof
qwen2p5_14b__math_test_00199_c19f27fd__temp0.60__seed7,0.0038110845941884517,,14,per_run_oof
qwen2p5_14b__math_test_00199_c19f27fd__temp1.00__seed7,0.10204139540118617,,14,per_run_oof
qwen2p5_14b__math_test_00200_bd1fc1ea__temp0.10__seed7,0.10185676668355628,1.0,14,per_run_oof
qwen2p5_14b__math_test_00200_bd1fc1ea__temp0.60__seed7,0.05885203674734022,1.0,14,per_run_oof
qwen2p5_14b__math_test_00200_bd1fc1ea__temp1.00__seed7,0.20535826472982155,0.9750000000000001,14,per_run_oof
qwen2p5_14b__math_test_00201_464f6898__temp0.10__seed7,0.014163223792245869,,14,per_run_oof
qwen2p5_14b__math_test_00201_464f6898__temp0.60__seed7,0.007257215640016526,1.0,14,per_run_oof
qwen2p5_14b__math_test_00201_464f6898__temp1.00__seed7,0.00917291974955312,,14,per_run_oof
qwen2p5_14b__math_test_00202_8904dc37__temp0.10__seed7,0.26039368287770653,0.875,14,per_run_oof
qwen2p5_14b__math_test_00202_8904dc37__temp0.60__seed7,0.18261492312262542,0.9166666666666667,14,per_run_oof
qwen2p5_14b__math_test_00202_8904dc37__temp1.00__seed7,0.031439137639128804,1.0,14,per_run_oof
qwen2p5_14b__math_test_00203_d026abb8__temp0.10__seed7,0.07172714093664641,0.9696969696969697,14,per_run_oof
qwen2p5_14b__math_test_00203_d026abb8__temp0.60__seed7,0.4460252481186827,,14,per_run_oof
qwen2p5_14b__math_test_00203_d026abb8__temp1.00__seed7,0.06201503505004561,1.0,14,per_run_oof
qwen2p5_14b__math_test_00204_75f78286__temp0.10__seed7,0.014087784263910092,,14,per_run_oof
qwen2p5_14b__math_test_00204_75f78286__temp0.60__seed7,0.08098682729250287,0.9583333333333334,14,per_run_oof
qwen2p5_14b__math_test_00204_75f78286__temp1.00__seed7,0.03861380066399437,1.0,14,per_run_oof
qwen2p5_14b__math_test_00205_35364df7__temp0.10__seed7,0.4987180184071115,,14,per_run_oof
qwen2p5_14b__math_test_00205_35364df7__temp0.60__seed7,0.003389666940406813,,14,per_run_oof
qwen2p5_14b__math_test_00205_35364df7__temp1.00__seed7,0.020280182357629333,,14,per_run_oof
qwen2p5_14b__math_test_00206_a6788c30__temp0.10__seed7,0.028309184433188278,,14,per_run_oof
qwen2p5_14b__math_test_00206_a6788c30__temp0.60__seed7,0.008812656221462144,,14,per_run_oof
qwen2p5_14b__math_test_00206_a6788c30__temp1.00__seed7,0.005620887686620501,,14,per_run_oof
qwen2p5_14b__math_test_00207_627fc1ba__temp0.10__seed7,0.03163949593633265,,14,per_run_oof
qwen2p5_14b__math_test_00207_627fc1ba__temp0.60__seed7,0.0032692899572924067,,14,per_run_oof
qwen2p5_14b__math_test_00207_627fc1ba__temp1.00__seed7,0.038871237874965124,,14,per_run_oof
qwen2p5_14b__math_test_00208_43f47031__temp0.10__seed7,0.014326804989752853,1.0,14,per_run_oof
qwen2p5_14b__math_test_00208_43f47031__temp0.60__seed7,0.02047826080201335,,14,per_run_oof
qwen2p5_14b__math_test_00208_43f47031__temp1.00__seed7,0.02260053813963944,1.0,14,per_run_oof
qwen2p5_14b__math_test_00209_877944fa__temp0.10__seed7,0.014672040779195176,,14,per_run_oof
qwen2p5_14b__math_test_00209_877944fa__temp0.60__seed7,0.06531384041971576,,14,per_run_oof
qwen2p5_14b__math_test_00209_877944fa__temp1.00__seed7,0.061590226921686184,,14,per_run_oof
qwen2p5_14b__math_test_00210_51592ad6__temp0.10__seed7,0.04857862550949884,1.0,14,per_run_oof
qwen2p5_14b__math_test_00210_51592ad6__temp0.60__seed7,0.5553384011982951,,14,per_run_oof
qwen2p5_14b__math_test_00210_51592ad6__temp1.00__seed7,0.04349586052652221,1.0,14,per_run_oof
qwen2p5_14b__math_test_00211_4c873421__temp0.10__seed7,0.014422824674022422,1.0,14,per_run_oof
qwen2p5_14b__math_test_00211_4c873421__temp0.60__seed7,0.012596548825245971,1.0,14,per_run_oof
qwen2p5_14b__math_test_00211_4c873421__temp1.00__seed7,0.014759779593252522,1.0,14,per_run_oof
qwen2p5_14b__math_test_00212_a1acafa6__temp0.10__seed7,0.009662642111219172,,14,per_run_oof
qwen2p5_14b__math_test_00212_a1acafa6__temp0.60__seed7,0.011451544233434655,,14,per_run_oof
qwen2p5_14b__math_test_00212_a1acafa6__temp1.00__seed7,0.01584789496724205,,14,per_run_oof
qwen2p5_14b__math_test_00213_4bf84a38__temp0.10__seed7,0.011740400113649796,,14,per_run_oof
qwen2p5_14b__math_test_00213_4bf84a38__temp0.60__seed7,0.03757686799774034,1.0,14,per_run_oof
qwen2p5_14b__math_test_00213_4bf84a38__temp1.00__seed7,0.05976877552090242,1.0,14,per_run_oof
qwen2p5_14b__math_test_00214_dd220dbb__temp0.10__seed7,0.028045962205865586,1.0,14,per_run_oof
qwen2p5_14b__math_test_00214_dd220dbb__temp0.60__seed7,0.47199486867201434,,14,per_run_oof
qwen2p5_14b__math_test_00214_dd220dbb__temp1.00__seed7,0.04739715970184706,1.0,14,per_run_oof
qwen2p5_14b__math_test_00215_d650ba63__temp0.10__seed7,0.04404926597766135,1.0,14,per_run_oof
qwen2p5_14b__math_test_00215_d650ba63__temp0.60__seed7,0.04947104359915734,1.0,14,per_run_oof
qwen2p5_14b__math_test_00215_d650ba63__temp1.00__seed7,0.11936751738806214,0.8787878787878788,14,per_run_oof
qwen2p5_14b__math_test_00216_bb0c5189__temp0.10__seed7,0.4914117277859603,,14,per_run_oof
qwen2p5_14b__math_test_00216_bb0c5189__temp0.60__seed7,0.044512670944254255,,14,per_run_oof
qwen2p5_14b__math_test_00216_bb0c5189__temp1.00__seed7,0.023070053340900308,1.0,14,per_run_oof
qwen2p5_14b__math_test_00217_f16ba217__temp0.10__seed7,0.002623890762472727,,14,per_run_oof
qwen2p5_14b__math_test_00217_f16ba217__temp0.60__seed7,0.3093077192411527,,14,per_run_oof
qwen2p5_14b__math_test_00217_f16ba217__temp1.00__seed7,0.005890685959912818,,14,per_run_oof
qwen2p5_14b__math_test_00218_9ebeec12__temp0.10__seed7,0.06729524603038889,0.6923076923076923,14,per_run_oof
qwen2p5_14b__math_test_00218_9ebeec12__temp0.60__seed7,0.06688143903991531,0.8461538461538461,14,per_run_oof
qwen2p5_14b__math_test_00218_9ebeec12__temp1.00__seed7,0.06741511110752461,0.6923076923076923,14,per_run_oof
qwen2p5_14b__math_test_00219_9ce0114c__temp0.10__seed7,0.2162987583529125,,14,per_run_oof
qwen2p5_14b__math_test_00219_9ce0114c__temp0.60__seed7,0.16833874592715775,,14,per_run_oof
qwen2p5_14b__math_test_00219_9ce0114c__temp1.00__seed7,0.6026323370435086,0.15384615384615385,14,per_run_oof
qwen2p5_14b__math_test_00220_c9d4415d__temp0.10__seed7,0.02802540478581138,,14,per_run_oof
qwen2p5_14b__math_test_00220_c9d4415d__temp0.60__seed7,0.051151852475939,1.0,14,per_run_oof
qwen2p5_14b__math_test_00220_c9d4415d__temp1.00__seed7,0.25380358801055625,0.8461538461538461,14,per_run_oof
qwen2p5_14b__math_test_00221_6ddce785__temp0.10__seed7,0.011649432139655249,,14,per_run_oof
qwen2p5_14b__math_test_00221_6ddce785__temp0.60__seed7,0.05657633774786095,1.0,14,per_run_oof
qwen2p5_14b__math_test_00221_6ddce785__temp1.00__seed7,0.011922211334116464,,14,per_run_oof
qwen2p5_14b__math_test_00222_67d6eb88__temp0.10__seed7,0.2119383924647321,,14,per_run_oof
qwen2p5_14b__math_test_00222_67d6eb88__temp0.60__seed7,0.008236186761637796,1.0,14,per_run_oof
qwen2p5_14b__math_test_00222_67d6eb88__temp1.00__seed7,0.005198137982189785,,14,per_run_oof
qwen2p5_14b__math_test_00223_e0d9f4b1__temp0.10__seed7,0.045707061227000835,,14,per_run_oof
qwen2p5_14b__math_test_00223_e0d9f4b1__temp0.60__seed7,0.005289929518270195,,14,per_run_oof
qwen2p5_14b__math_test_00223_e0d9f4b1__temp1.00__seed7,0.13186045829289975,,14,per_run_oof
qwen2p5_14b__math_test_00224_a4838f9f__temp0.10__seed7,0.0017022480544994433,,14,per_run_oof
qwen2p5_14b__math_test_00224_a4838f9f__temp0.60__seed7,0.11879043092986684,1.0,14,per_run_oof
qwen2p5_14b__math_test_00224_a4838f9f__temp1.00__seed7,0.10257794531241185,1.0,14,per_run_oof
qwen2p5_14b__math_test_00225_aa62338d__temp0.10__seed7,0.06260344359283843,1.0,14,per_run_oof
qwen2p5_14b__math_test_00225_aa62338d__temp0.60__seed7,0.005460338416070125,,14,per_run_oof
qwen2p5_14b__math_test_00225_aa62338d__temp1.00__seed7,0.1056764595431401,0.9230769230769231,14,per_run_oof
qwen2p5_14b__math_test_00226_4db0af17__temp0.10__seed7,0.0031830619995611006,,14,per_run_oof
qwen2p5_14b__math_test_00226_4db0af17__temp0.60__seed7,0.010538650929411622,,14,per_run_oof
qwen2p5_14b__math_test_00226_4db0af17__temp1.00__seed7,0.006485461909056562,,14,per_run_oof
qwen2p5_14b__math_test_00227_bd91686d__temp0.10__seed7,0.03397812231930146,1.0,14,per_run_oof
qwen2p5_14b__math_test_00227_bd91686d__temp0.60__seed7,0.06106008577330794,,14,per_run_oof
qwen2p5_14b__math_test_00227_bd91686d__temp1.00__seed7,0.020500823213459814,1.0,14,per_run_oof
qwen2p5_14b__math_test_00228_f8913fbd__temp0.10__seed7,0.03666049611101633,,14,per_run_oof
qwen2p5_14b__math_test_00228_f8913fbd__temp0.60__seed7,0.011590565645410495,1.0,14,per_run_oof
qwen2p5_14b__math_test_00228_f8913fbd__temp1.00__seed7,0.3502628142633305,,14,per_run_oof
qwen2p5_14b__math_test_00229_3671f9fa__temp0.10__seed7,0.05966975029685388,,14,per_run_oof
qwen2p5_14b__math_test_00229_3671f9fa__temp0.60__seed7,0.055210392282373365,,14,per_run_oof
qwen2p5_14b__math_test_00229_3671f9fa__temp1.00__seed7,0.0025567205502233436,,14,per_run_oof
qwen2p5_14b__math_test_00230_5de9111d__temp0.10__seed7,0.09537798740749377,0.9696969696969697,14,per_run_oof
qwen2p5_14b__math_test_00230_5de9111d__temp0.60__seed7,0.031774984641171525,1.0,14,per_run_oof
qwen2p5_14b__math_test_00230_5de9111d__temp1.00__seed7,0.02389353358710994,1.0,14,per_run_oof
qwen2p5_14b__math_test_00231_f1b686d3__temp0.10__seed7,0.41458622140949924,,14,per_run_oof
qwen2p5_14b__math_test_00231_f1b686d3__temp0.60__seed7,0.4896163930287341,,14,per_run_oof
qwen2p5_14b__math_test_00231_f1b686d3__temp1.00__seed7,0.5708819577831872,,14,per_run_oof
qwen2p5_14b__math_test_00232_99f94cd0__temp0.10__seed7,0.10029514995247439,1.0,14,per_run_oof
qwen2p5_14b__math_test_00232_99f94cd0__temp0.60__seed7,0.46651444034624834,0.23076923076923073,14,per_run_oof
qwen2p5_14b__math_test_00232_99f94cd0__temp1.00__seed7,0.5364942275461203,,14,per_run_oof
qwen2p5_14b__math_test_00233_05e64b69__temp0.10__seed7,0.010592301034558601,,14,per_run_oof
qwen2p5_14b__math_test_00233_05e64b69__temp0.60__seed7,0.017791416620856714,,14,per_run_oof
qwen2p5_14b__math_test_00233_05e64b69__temp1.00__seed7,0.4979195927748327,,14,per_run_oof
qwen2p5_14b__math_test_00234_03dfd5f4__temp0.10__seed7,0.06193859310487983,,14,per_run_oof
qwen2p5_14b__math_test_00234_03dfd5f4__temp0.60__seed7,0.03406694652337677,1.0,14,per_run_oof
qwen2p5_14b__math_test_00234_03dfd5f4__temp1.00__seed7,0.025726755429906312,1.0,14,per_run_oof
qwen2p5_14b__math_test_00235_13c2c9be__temp0.10__seed7,0.015403790326244551,1.0,14,per_run_oof
qwen2p5_14b__math_test_00235_13c2c9be__temp0.60__seed7,0.06889916826017436,0.9583333333333333,14,per_run_oof
qwen2p5_14b__math_test_00235_13c2c9be__temp1.00__seed7,0.006453513416475003,,14,per_run_oof
qwen2p5_14b__math_test_00236_d5de6a08__temp0.10__seed7,0.015310257676622125,,14,per_run_oof
qwen2p5_14b__math_test_00236_d5de6a08__temp0.60__seed7,0.005740353963343135,,14,per_run_oof
qwen2p5_14b__math_test_00236_d5de6a08__temp1.00__seed7,0.09382374368240301,1.0,14,per_run_oof
qwen2p5_14b__math_test_00237_4bcd0b41__temp0.10__seed7,0.35407979721434907,,14,per_run_oof
qwen2p5_14b__math_test_00237_4bcd0b41__temp0.60__seed7,0.004960527637966435,,14,per_run_oof
qwen2p5_14b__math_test_00237_4bcd0b41__temp1.00__seed7,0.007646981470038042,,14,per_run_oof
qwen2p5_14b__math_test_00238_c8c67f45__temp0.10__seed7,0.010479906141402432,,14,per_run_oof
qwen2p5_14b__math_test_00238_c8c67f45__temp0.60__seed7,0.01633155054858203,,14,per_run_oof
qwen2p5_14b__math_test_00238_c8c67f45__temp1.00__seed7,0.008388935134420964,,14,per_run_oof
qwen2p5_14b__math_test_00239_9b20bddf__temp0.10__seed7,0.36301647399131076,0.7916666666666667,14,per_run_oof
qwen2p5_14b__math_test_00239_9b20bddf__temp0.60__seed7,0.5673972586786336,0.38461538461538464,14,per_run_oof
qwen2p5_14b__math_test_00239_9b20bddf__temp1.00__seed7,0.04075658143076494,1.0,14,per_run_oof
qwen2p5_14b__math_test_00240_52c92561__temp0.10__seed7,0.03207874447415509,,14,per_run_oof
qwen2p5_14b__math_test_00240_52c92561__temp0.60__seed7,0.093630551589072,,14,per_run_oof
qwen2p5_14b__math_test_00240_52c92561__temp1.00__seed7,0.10542731713570008,,14,per_run_oof
qwen2p5_14b__math_test_00241_5a34024d__temp0.10__seed7,0.057880783133374636,0.9583333333333333,14,per_run_oof
qwen2p5_14b__math_test_00241_5a34024d__temp0.60__seed7,0.02580410960418722,,14,per_run_oof
qwen2p5_14b__math_test_00241_5a34024d__temp1.00__seed7,0.01801312504891926,,14,per_run_oof
qwen2p5_14b__math_test_00242_277ad5c0__temp0.10__seed7,0.24597849263689095,0.8222222222222222,14,per_run_oof
qwen2p5_14b__math_test_00242_277ad5c0__temp0.60__seed7,0.24688544320497513,,14,per_run_oof
qwen2p5_14b__math_test_00242_277ad5c0__temp1.00__seed7,0.2841962264569494,,14,per_run_oof
qwen2p5_14b__math_test_00243_869ecc6c__temp0.10__seed7,0.16810652351858923,0.7916666666666667,14,per_run_oof
qwen2p5_14b__math_test_00243_869ecc6c__temp0.60__seed7,0.0606398627059775,0.9230769230769231,14,per_run_oof
qwen2p5_14b__math_test_00243_869ecc6c__temp1.00__seed7,0.07512246393530188,1.0,14,per_run_oof
qwen2p5_14b__math_test_00244_1b6efbf5__temp0.10__seed7,0.06086214455470585,1.0,14,per_run_oof
qwen2p5_14b__math_test_00244_1b6efbf5__temp0.60__seed7,0.04163851091192263,1.0,14,per_run_oof
qwen2p5_14b__math_test_00244_1b6efbf5__temp1.00__seed7,0.026706295350591738,1.0,14,per_run_oof
qwen2p5_14b__math_test_00245_373bfa07__temp0.10__seed7,0.006029892166604698,,14,per_run_oof
qwen2p5_14b__math_test_00245_373bfa07__temp0.60__seed7,0.005736224250403804,,14,per_run_oof
qwen2p5_14b__math_test_00245_373bfa07__temp1.00__seed7,0.003540566629830973,,14,per_run_oof
qwen2p5_14b__math_test_00246_08e34813__temp0.10__seed7,0.04149583341567293,1.0,14,per_run_oof
qwen2p5_14b__math_test_00246_08e34813__temp0.60__seed7,0.0315884922024268,,14,per_run_oof
qwen2p5_14b__math_test_00246_08e34813__temp1.00__seed7,0.007638635627511698,,14,per_run_oof
qwen2p5_14b__math_test_00247_24a6a2d8__temp0.10__seed7,0.010253622921755471,,14,per_run_oof
qwen2p5_14b__math_test_00247_24a6a2d8__temp0.60__seed7,0.2534039050360156,,14,per_run_oof
qwen2p5_14b__math_test_00247_24a6a2d8__temp1.00__seed7,0.370580665414026,,14,per_run_oof
qwen2p5_14b__math_test_00248_740b47e0__temp0.10__seed7,0.02764128796450623,1.0,14,per_run_oof
qwen2p5_14b__math_test_00248_740b47e0__temp0.60__seed7,0.04440491989231125,1.0,14,per_run_oof
qwen2p5_14b__math_test_00248_740b47e0__temp1.00__seed7,0.01153758676137707,1.0,14,per_run_oof
qwen2p5_14b__math_test_00249_89ab90f1__temp0.10__seed7,0.2581678621940433,,14,per_run_oof
qwen2p5_14b__math_test_00249_89ab90f1__temp0.60__seed7,0.3515743541654078,0.23076923076923073,14,per_run_oof
qwen2p5_14b__math_test_00249_89ab90f1__temp1.00__seed7,0.3997146611682151,,14,per_run_oof
qwen2p5_14b__math_test_00250_893f6d22__temp0.10__seed7,0.07583791293525848,0.9696969696969697,14,per_run_oof
qwen2p5_14b__math_test_00250_893f6d22__temp0.60__seed7,0.07255618848237703,1.0,14,per_run_oof
qwen2p5_14b__math_test_00250_893f6d22__temp1.00__seed7,0.017821869663956998,1.0,14,per_run_oof
qwen2p5_14b__math_test_00251_3dd2446e__temp0.10__seed7,0.07231422821848307,1.0,14,per_run_oof
qwen2p5_14b__math_test_00251_3dd2446e__temp0.60__seed7,0.2059686973911486,,14,per_run_oof
qwen2p5_14b__math_test_00251_3dd2446e__temp1.00__seed7,0.052614005993848856,1.0,14,per_run_oof
qwen2p5_14b__math_test_00252_b3e21c72__temp0.10__seed7,0.04528917039088343,1.0,14,per_run_oof
qwen2p5_14b__math_test_00252_b3e21c72__temp0.60__seed7,0.05773870480701247,1.0,14,per_run_oof
qwen2p5_14b__math_test_00252_b3e21c72__temp1.00__seed7,0.006993751837644026,,14,per_run_oof
qwen2p5_14b__math_test_00253_d4df8de3__temp0.10__seed7,0.002914135948022273,,14,per_run_oof
qwen2p5_14b__math_test_00253_d4df8de3__temp0.60__seed7,0.014010872345992112,,14,per_run_oof
qwen2p5_14b__math_test_00253_d4df8de3__temp1.00__seed7,0.4389201555208485,,14,per_run_oof
qwen2p5_14b__math_test_00254_a92a5bc3__temp0.10__seed7,0.006062637878016512,,14,per_run_oof
qwen2p5_14b__math_test_00254_a92a5bc3__temp0.60__seed7,0.04080919512025822,,14,per_run_oof
qwen2p5_14b__math_test_00254_a92a5bc3__temp1.00__seed7,0.007363381212241493,,14,per_run_oof
qwen2p5_14b__math_test_00255_5f3fe168__temp0.10__seed7,0.05455017626085575,1.0,14,per_run_oof
qwen2p5_14b__math_test_00255_5f3fe168__temp0.60__seed7,0.01414503396721969,1.0,14,per_run_oof
qwen2p5_14b__math_test_00255_5f3fe168__temp1.00__seed7,0.0729979662145581,1.0,14,per_run_oof
qwen2p5_14b__math_test_00256_d959374f__temp0.10__seed7,0.13324809184821534,1.0,14,per_run_oof
qwen2p5_14b__math_test_00256_d959374f__temp0.60__seed7,0.03229424448381739,1.0,14,per_run_oof
qwen2p5_14b__math_test_00256_d959374f__temp1.00__seed7,0.08958476345311825,,14,per_run_oof
qwen2p5_14b__math_test_00257_20ddae87__temp0.10__seed7,0.06667894146174073,1.0,14,per_run_oof
qwen2p5_14b__math_test_00257_20ddae87__temp0.60__seed7,0.6052455060454855,,14,per_run_oof
qwen2p5_14b__math_test_00257_20ddae87__temp1.00__seed7,0.6161522686173501,,14,per_run_oof
qwen2p5_14b__math_test_00258_44fb0c1c__temp0.10__seed7,0.01137689205507635,,14,per_run_oof
qwen2p5_14b__math_test_00258_44fb0c1c__temp0.60__seed7,0.02185966068245761,,14,per_run_oof
qwen2p5_14b__math_test_00258_44fb0c1c__temp1.00__seed7,0.006116361384536796,,14,per_run_oof
qwen2p5_14b__math_test_00259_2ab6b817__temp0.10__seed7,0.4169618659109738,,14,per_run_oof
qwen2p5_14b__math_test_00259_2ab6b817__temp0.60__seed7,0.3556819980429288,,14,per_run_oof
qwen2p5_14b__math_test_00259_2ab6b817__temp1.00__seed7,0.29925156526511776,,14,per_run_oof
qwen2p5_14b__math_test_00260_efa62d11__temp0.10__seed7,0.11295786893809837,1.0,14,per_run_oof
qwen2p5_14b__math_test_00260_efa62d11__temp0.60__seed7,0.10954293272927831,,14,per_run_oof
qwen2p5_14b__math_test_00260_efa62d11__temp1.00__seed7,0.06537682772945214,0.9111111111111111,14,per_run_oof
qwen2p5_14b__math_test_00261_4f02172b__temp0.10__seed7,0.42451909098027935,,14,per_run_oof
qwen2p5_14b__math_test_00261_4f02172b__temp0.60__seed7,0.4667687874644885,,14,per_run_oof
qwen2p5_14b__math_test_00261_4f02172b__temp1.00__seed7,0.20362135255372757,,14,per_run_oof
qwen2p5_14b__math_test_00262_5be48d75__temp0.10__seed7,0.013221182854133122,,14,per_run_oof
qwen2p5_14b__math_test_00262_5be48d75__temp0.60__seed7,0.003909949685299414,,14,per_run_oof
qwen2p5_14b__math_test_00262_5be48d75__temp1.00__seed7,0.08740987719223421,1.0,14,per_run_oof
qwen2p5_14b__math_test_00263_10d94c24__temp0.10__seed7,0.19623465052765007,,14,per_run_oof
qwen2p5_14b__math_test_00263_10d94c24__temp0.60__seed7,0.3548572465876382,,14,per_run_oof
qwen2p5_14b__math_test_00263_10d94c24__temp1.00__seed7,0.129192333531312,,14,per_run_oof
qwen2p5_14b__math_test_00264_ca7f6fd1__temp0.10__seed7,0.048911719686070734,1.0,14,per_run_oof
qwen2p5_14b__math_test_00264_ca7f6fd1__temp0.60__seed7,0.0319616080036526,1.0,14,per_run_oof
qwen2p5_14b__math_test_00264_ca7f6fd1__temp1.00__seed7,0.07884320126443543,1.0,14,per_run_oof
qwen2p5_14b__math_test_00265_3b8ec9e0__temp0.10__seed7,0.43341976153647527,0.25,14,per_run_oof
qwen2p5_14b__math_test_00265_3b8ec9e0__temp0.60__seed7,0.4850241528050532,,14,per_run_oof
qwen2p5_14b__math_test_00265_3b8ec9e0__temp1.00__seed7,0.45929917565484324,,14,per_run_oof
qwen2p5_14b__math_test_00266_dbf10789__temp0.10__seed7,0.3922953083730724,,14,per_run_oof
qwen2p5_14b__math_test_00266_dbf10789__temp0.60__seed7,0.013866593596751964,,14,per_run_oof
qwen2p5_14b__math_test_00266_dbf10789__temp1.00__seed7,0.513204516294854,,14,per_run_oof
qwen2p5_14b__math_test_00267_a33fc5f4__temp0.10__seed7,0.19725292362151634,0.9555555555555555,14,per_run_oof
qwen2p5_14b__math_test_00267_a33fc5f4__temp0.60__seed7,0.03540177577181354,1.0,14,per_run_oof
qwen2p5_14b__math_test_00267_a33fc5f4__temp1.00__seed7,0.089923148921239,0.9696969696969697,14,per_run_oof
qwen2p5_14b__math_test_00268_64a42184__temp0.10__seed7,0.3787387728257628,0.625,14,per_run_oof
qwen2p5_14b__math_test_00268_64a42184__temp0.60__seed7,0.014702043960996369,,14,per_run_oof
qwen2p5_14b__math_test_00268_64a42184__temp1.00__seed7,0.010496321325848252,,14,per_run_oof
qwen2p5_14b__math_test_00269_3a892d62__temp0.10__seed7,0.5363484366040523,,14,per_run_oof
qwen2p5_14b__math_test_00269_3a892d62__temp0.60__seed7,0.08298798906667945,,14,per_run_oof
qwen2p5_14b__math_test_00269_3a892d62__temp1.00__seed7,0.12698313820343826,,14,per_run_oof
qwen2p5_14b__math_test_00270_d6fa4f7c__temp0.10__seed7,0.06207286465548486,,14,per_run_oof
qwen2p5_14b__math_test_00270_d6fa4f7c__temp0.60__seed7,0.007595882194887692,,14,per_run_oof
qwen2p5_14b__math_test_00270_d6fa4f7c__temp1.00__seed7,0.052478665585057385,1.0,14,per_run_oof
qwen2p5_14b__math_test_00271_0cd3b758__temp0.10__seed7,0.0030701201638452533,,14,per_run_oof
qwen2p5_14b__math_test_00271_0cd3b758__temp0.60__seed7,0.373950720049521,,14,per_run_oof
qwen2p5_14b__math_test_00271_0cd3b758__temp1.00__seed7,0.10077189584945331,,14,per_run_oof
qwen2p5_14b__math_test_00272_84359c4d__temp0.10__seed7,0.008971648632912502,,14,per_run_oof
qwen2p5_14b__math_test_00272_84359c4d__temp0.60__seed7,0.35850593719426743,,14,per_run_oof
qwen2p5_14b__math_test_00272_84359c4d__temp1.00__seed7,0.10883797087700849,0.9333333333333333,14,per_run_oof
qwen2p5_14b__math_test_00273_a9e9a1de__temp0.10__seed7,0.018034581289675593,,14,per_run_oof
qwen2p5_14b__math_test_00273_a9e9a1de__temp0.60__seed7,0.06270975421425189,1.0,14,per_run_oof
qwen2p5_14b__math_test_00273_a9e9a1de__temp1.00__seed7,0.005651292428133377,,14,per_run_oof
qwen2p5_14b__math_test_00274_75abc690__temp0.10__seed7,0.42759180456713713,,14,per_run_oof
qwen2p5_14b__math_test_00274_75abc690__temp0.60__seed7,0.3689402936962349,,14,per_run_oof
qwen2p5_14b__math_test_00274_75abc690__temp1.00__seed7,0.009547461022625594,,14,per_run_oof
qwen2p5_14b__math_test_00275_4384cd3d__temp0.10__seed7,0.30347429952011545,,14,per_run_oof
qwen2p5_14b__math_test_00275_4384cd3d__temp0.60__seed7,0.3403952829548999,,14,per_run_oof
qwen2p5_14b__math_test_00275_4384cd3d__temp1.00__seed7,0.42078728648205893,,14,per_run_oof
qwen2p5_14b__math_test_00276_845d624e__temp0.10__seed7,0.1745035016313071,,14,per_run_oof
qwen2p5_14b__math_test_00276_845d624e__temp0.60__seed7,0.3098913961984841,,14,per_run_oof
qwen2p5_14b__math_test_00276_845d624e__temp1.00__seed7,0.15691111739018673,0.7916666666666666,14,per_run_oof
qwen2p5_14b__math_test_00277_c86dc9b8__temp0.10__seed7,0.11025555175293898,1.0,14,per_run_oof
qwen2p5_14b__math_test_00277_c86dc9b8__temp0.60__seed7,0.12681769800394196,0.925,14,per_run_oof
qwen2p5_14b__math_test_00277_c86dc9b8__temp1.00__seed7,0.28936938929490885,0.24444444444444444,14,per_run_oof
qwen2p5_14b__math_test_00278_f57d1ab7__temp0.10__seed7,0.09672396350353336,,14,per_run_oof
qwen2p5_14b__math_test_00278_f57d1ab7__temp0.60__seed7,0.025383605074008726,,14,per_run_oof
qwen2p5_14b__math_test_00278_f57d1ab7__temp1.00__seed7,0.3113789940843893,,14,per_run_oof
qwen2p5_14b__math_test_00279_c9a3fe90__temp0.10__seed7,0.08898328516961215,,14,per_run_oof
qwen2p5_14b__math_test_00279_c9a3fe90__temp0.60__seed7,0.20505007456097182,,14,per_run_oof
qwen2p5_14b__math_test_00279_c9a3fe90__temp1.00__seed7,0.019082406905956247,,14,per_run_oof
qwen2p5_14b__math_test_00280_fa6589e1__temp0.10__seed7,0.44819635911779815,,14,per_run_oof
qwen2p5_14b__math_test_00280_fa6589e1__temp0.60__seed7,0.2408105722176675,,14,per_run_oof
qwen2p5_14b__math_test_00280_fa6589e1__temp1.00__seed7,0.5182040997971573,,14,per_run_oof
qwen2p5_14b__math_test_00281_c1845e7d__temp0.10__seed7,0.07786829282513108,1.0,14,per_run_oof
qwen2p5_14b__math_test_00281_c1845e7d__temp0.60__seed7,0.008389510657111052,1.0,14,per_run_oof
qwen2p5_14b__math_test_00281_c1845e7d__temp1.00__seed7,0.0761793817301788,0.9583333333333333,14,per_run_oof
qwen2p5_14b__math_test_00282_92f3a353__temp0.10__seed7,0.008676378709944046,,14,per_run_oof
qwen2p5_14b__math_test_00282_92f3a353__temp0.60__seed7,0.0007945864927291898,,14,per_run_oof
qwen2p5_14b__math_test_00282_92f3a353__temp1.00__seed7,0.010120652652487155,,14,per_run_oof
qwen2p5_14b__math_test_00283_7135627a__temp0.10__seed7,0.012894976064119646,,14,per_run_oof
qwen2p5_14b__math_test_00283_7135627a__temp0.60__seed7,0.07520441624492014,,14,per_run_oof
qwen2p5_14b__math_test_00283_7135627a__temp1.00__seed7,0.009344724059890714,,14,per_run_oof
qwen2p5_14b__math_test_00284_d7b7add8__temp0.10__seed7,0.23283766373203113,,14,per_run_oof
qwen2p5_14b__math_test_00284_d7b7add8__temp0.60__seed7,0.0023165856228514943,,14,per_run_oof
qwen2p5_14b__math_test_00284_d7b7add8__temp1.00__seed7,0.08817227742414559,,14,per_run_oof
qwen2p5_14b__math_test_00285_2a685be2__temp0.10__seed7,0.01292911057539373,,14,per_run_oof
qwen2p5_14b__math_test_00285_2a685be2__temp0.60__seed7,0.0059271686841694815,,14,per_run_oof
qwen2p5_14b__math_test_00285_2a685be2__temp1.00__seed7,0.02201085025643108,,14,per_run_oof
qwen2p5_14b__math_test_00286_2378497f__temp0.10__seed7,0.06118483669077031,1.0,14,per_run_oof
qwen2p5_14b__math_test_00286_2378497f__temp0.60__seed7,0.5877678142969355,,14,per_run_oof
qwen2p5_14b__math_test_00286_2378497f__temp1.00__seed7,0.07277923761909981,0.9583333333333333,14,per_run_oof
qwen2p5_14b__math_test_00287_ab35a62d__temp0.10__seed7,0.001914177856014258,,14,per_run_oof
qwen2p5_14b__math_test_00287_ab35a62d__temp0.60__seed7,0.23567165333215742,,14,per_run_oof
qwen2p5_14b__math_test_00287_ab35a62d__temp1.00__seed7,0.14388852338255806,,14,per_run_oof
qwen2p5_14b__math_test_00288_99b25b6b__temp0.10__seed7,0.4037558986768155,,14,per_run_oof
qwen2p5_14b__math_test_00288_99b25b6b__temp0.60__seed7,0.24407493686022247,,14,per_run_oof
qwen2p5_14b__math_test_00288_99b25b6b__temp1.00__seed7,0.3411233970168444,,14,per_run_oof
qwen2p5_14b__math_test_00289_65b47d19__temp0.10__seed7,0.02094467469886887,,14,per_run_oof
qwen2p5_14b__math_test_00289_65b47d19__temp0.60__seed7,0.011589246412879327,,14,per_run_oof
qwen2p5_14b__math_test_00289_65b47d19__temp1.00__seed7,0.001798777527568881,,14,per_run_oof
qwen2p5_14b__math_test_00290_1a809667__temp0.10__seed7,0.3536104639189432,,14,per_run_oof
qwen2p5_14b__math_test_00290_1a809667__temp0.60__seed7,0.0027157888916823207,,14,per_run_oof
qwen2p5_14b__math_test_00290_1a809667__temp1.00__seed7,0.012648245320415282,1.0,14,per_run_oof
qwen2p5_14b__math_test_00291_f0f80e1a__temp0.10__seed7,0.07907422495923137,1.0,14,per_run_oof
qwen2p5_14b__math_test_00291_f0f80e1a__temp0.60__seed7,0.015277372549472352,,14,per_run_oof
qwen2p5_14b__math_test_00291_f0f80e1a__temp1.00__seed7,0.08742894363178064,0.9583333333333334,14,per_run_oof
qwen2p5_14b__math_test_00292_9f87e110__temp0.10__seed7,0.0013727231461018944,,14,per_run_oof
qwen2p5_14b__math_test_00292_9f87e110__temp0.60__seed7,0.0020075302271657753,,14,per_run_oof
qwen2p5_14b__math_test_00292_9f87e110__temp1.00__seed7,0.006506885249269643,,14,per_run_oof
qwen2p5_14b__math_test_00293_9a549464__temp0.10__seed7,0.08172221113604408,0.3076923076923077,14,per_run_oof
qwen2p5_14b__math_test_00293_9a549464__temp0.60__seed7,0.11964465076328204,0.9393939393939393,14,per_run_oof
qwen2p5_14b__math_test_00293_9a549464__temp1.00__seed7,0.043440841801310366,1.0,14,per_run_oof
qwen2p5_14b__math_test_00294_bbfa98b4__temp0.10__seed7,0.22867790581996486,0.9791666666666666,14,per_run_oof
qwen2p5_14b__math_test_00294_bbfa98b4__temp0.60__seed7,0.0916746875521552,1.0,14,per_run_oof
qwen2p5_14b__math_test_00294_bbfa98b4__temp1.00__seed7,0.4838480732660753,,14,per_run_oof
qwen2p5_14b__math_test_00295_5384a318__temp0.10__seed7,0.5521615039788921,,14,per_run_oof
qwen2p5_14b__math_test_00295_5384a318__temp0.60__seed7,0.4333433376748765,,14,per_run_oof
qwen2p5_14b__math_test_00295_5384a318__temp1.00__seed7,0.10285600877825618,,14,per_run_oof
qwen2p5_14b__math_test_00296_dd695c69__temp0.10__seed7,0.010555901150171618,,14,per_run_oof
qwen2p5_14b__math_test_00296_dd695c69__temp0.60__seed7,0.005288763380265375,,14,per_run_oof
qwen2p5_14b__math_test_00296_dd695c69__temp1.00__seed7,0.0033227427201210076,,14,per_run_oof
qwen2p5_14b__math_test_00297_96f3b4cd__temp0.10__seed7,0.010640154619272993,1.0,14,per_run_oof
qwen2p5_14b__math_test_00297_96f3b4cd__temp0.60__seed7,0.004857211973146452,,14,per_run_oof
qwen2p5_14b__math_test_00297_96f3b4cd__temp1.00__seed7,0.03303946672028597,,14,per_run_oof
qwen2p5_14b__math_test_00298_cd93bf6b__temp0.10__seed7,0.1034846752649146,1.0,14,per_run_oof
qwen2p5_14b__math_test_00298_cd93bf6b__temp0.60__seed7,0.038865129917735164,,14,per_run_oof
qwen2p5_14b__math_test_00298_cd93bf6b__temp1.00__seed7,0.16986793735865618,0.9249999999999999,14,per_run_oof
qwen2p5_14b__math_test_00299_9edbd238__temp0.10__seed7,0.13015523492955242,0.9583333333333334,14,per_run_oof
qwen2p5_14b__math_test_00299_9edbd238__temp0.60__seed7,0.10089433650847826,0.9791666666666667,14,per_run_oof
qwen2p5_14b__math_test_00299_9edbd238__temp1.00__seed7,0.03932025385362366,1.0,14,per_run_oof
qwen2p5_14b__math_test_00300_7b4fb29f__temp0.10__seed7,0.08701616189963135,,14,per_run_oof
qwen2p5_14b__math_test_00300_7b4fb29f__temp0.60__seed7,0.09162287495913833,,14,per_run_oof
qwen2p5_14b__math_test_00300_7b4fb29f__temp1.00__seed7,0.20037181066440354,,14,per_run_oof
qwen2p5_14b__math_test_00301_fe74163c__temp0.10__seed7,0.38477741717052033,,14,per_run_oof
qwen2p5_14b__math_test_00301_fe74163c__temp0.60__seed7,0.442877417064604,,14,per_run_oof
qwen2p5_14b__math_test_00301_fe74163c__temp1.00__seed7,0.11738409751652334,,14,per_run_oof
qwen2p5_14b__math_test_00302_555caaf5__temp0.10__seed7,0.01526674471680756,,14,per_run_oof
qwen2p5_14b__math_test_00302_555caaf5__temp0.60__seed7,0.024682994612140883,,14,per_run_oof
qwen2p5_14b__math_test_00302_555caaf5__temp1.00__seed7,0.16590277768581393,0.8333333333333334,14,per_run_oof
qwen2p5_14b__math_test_00303_0a6043f3__temp0.10__seed7,0.09142626394053067,,14,per_run_oof
qwen2p5_14b__math_test_00303_0a6043f3__temp0.60__seed7,0.008039958149779732,,14,per_run_oof
qwen2p5_14b__math_test_00303_0a6043f3__temp1.00__seed7,0.017104726245635332,,14,per_run_oof
qwen2p5_14b__math_test_00304_782cacd3__temp0.10__seed7,0.15041363121941995,,14,per_run_oof
qwen2p5_14b__math_test_00304_782cacd3__temp0.60__seed7,0.012585759939528833,,14,per_run_oof
qwen2p5_14b__math_test_00304_782cacd3__temp1.00__seed7,0.07774465198269163,,14,per_run_oof
qwen2p5_14b__math_test_00305_c8d180e8__temp0.10__seed7,0.0030843264343321563,,14,per_run_oof
qwen2p5_14b__math_test_00305_c8d180e8__temp0.60__seed7,0.028941567454061266,,14,per_run_oof
qwen2p5_14b__math_test_00305_c8d180e8__temp1.00__seed7,0.03241009490622707,,14,per_run_oof
qwen2p5_14b__math_test_00306_15a3ec97__temp0.10__seed7,0.014169096904752907,,14,per_run_oof
qwen2p5_14b__math_test_00306_15a3ec97__temp0.60__seed7,0.05943896577362246,,14,per_run_oof
qwen2p5_14b__math_test_00306_15a3ec97__temp1.00__seed7,0.0037369252403392566,,14,per_run_oof
qwen2p5_14b__math_test_00307_ac0e3789__temp0.10__seed7,0.005182815663411352,,14,per_run_oof
qwen2p5_14b__math_test_00307_ac0e3789__temp0.60__seed7,0.3903233746535136,,14,per_run_oof
qwen2p5_14b__math_test_00307_ac0e3789__temp1.00__seed7,0.06388199049767433,1.0,14,per_run_oof
qwen2p5_14b__math_test_00308_35ec1d7b__temp0.10__seed7,0.008603250418554167,,14,per_run_oof
qwen2p5_14b__math_test_00308_35ec1d7b__temp0.60__seed7,0.0026984366014054283,,14,per_run_oof
qwen2p5_14b__math_test_00308_35ec1d7b__temp1.00__seed7,0.005865346888397017,,14,per_run_oof
qwen2p5_14b__math_test_00309_7be0b9c6__temp0.10__seed7,0.0030258228614778804,,14,per_run_oof
qwen2p5_14b__math_test_00309_7be0b9c6__temp0.60__seed7,0.01616749855496394,,14,per_run_oof
qwen2p5_14b__math_test_00309_7be0b9c6__temp1.00__seed7,0.005856425435122943,,14,per_run_oof
qwen2p5_14b__math_test_00310_2974ae8d__temp0.10__seed7,0.08331626687814754,0.875,14,per_run_oof
qwen2p5_14b__math_test_00310_2974ae8d__temp0.60__seed7,0.06413020754538974,1.0,14,per_run_oof
qwen2p5_14b__math_test_00310_2974ae8d__temp1.00__seed7,0.021172844131494846,,14,per_run_oof
qwen2p5_14b__math_test_00311_db5088ff__temp0.10__seed7,0.08357880934592408,1.0,14,per_run_oof
qwen2p5_14b__math_test_00311_db5088ff__temp0.60__seed7,0.03539918187941919,1.0,14,per_run_oof
qwen2p5_14b__math_test_00311_db5088ff__temp1.00__seed7,0.07140744797811333,1.0,14,per_run_oof
qwen2p5_14b__math_test_00312_74f8cf90__temp0.10__seed7,0.6051855009606636,0.22222222222222224,14,per_run_oof
qwen2p5_14b__math_test_00312_74f8cf90__temp0.60__seed7,0.30192221981760786,0.5510204081632653,14,per_run_oof
qwen2p5_14b__math_test_00312_74f8cf90__temp1.00__seed7,0.3304839846044538,0.7916666666666667,14,per_run_oof
qwen2p5_14b__math_test_00313_eb9feec2__temp0.10__seed7,0.051981439710540936,1.0,14,per_run_oof
qwen2p5_14b__math_test_00313_eb9feec2__temp0.60__seed7,0.052050779286450556,,14,per_run_oof
qwen2p5_14b__math_test_00313_eb9feec2__temp1.00__seed7,0.09692693825636231,1.0,14,per_run_oof
qwen2p5_14b__math_test_00314_1f87cb3d__temp0.10__seed7,0.0018073275710303212,,14,per_run_oof
qwen2p5_14b__math_test_00314_1f87cb3d__temp0.60__seed7,0.004668333273841744,,14,per_run_oof
qwen2p5_14b__math_test_00314_1f87cb3d__temp1.00__seed7,0.5308216179855106,,14,per_run_oof
qwen2p5_14b__math_test_00315_df923cac__temp0.10__seed7,0.6542418911221209,,14,per_run_oof
qwen2p5_14b__math_test_00315_df923cac__temp0.60__seed7,0.6811525823941614,,14,per_run_oof
qwen2p5_14b__math_test_00315_df923cac__temp1.00__seed7,0.045322485961428856,,14,per_run_oof
qwen2p5_14b__math_test_00316_d871c684__temp0.10__seed7,0.03777068735367965,,14,per_run_oof
qwen2p5_14b__math_test_00316_d871c684__temp0.60__seed7,0.12583677845691138,0.7575757575757576,14,per_run_oof
qwen2p5_14b__math_test_00316_d871c684__temp1.00__seed7,0.03362901464924933,,14,per_run_oof
qwen2p5_14b__math_test_00317_e0ee33c8__temp0.10__seed7,0.013675614355219776,,14,per_run_oof
qwen2p5_14b__math_test_00317_e0ee33c8__temp0.60__seed7,0.04378453809072632,,14,per_run_oof
qwen2p5_14b__math_test_00317_e0ee33c8__temp1.00__seed7,0.006209898142514531,,14,per_run_oof
qwen2p5_14b__math_test_00318_126e857a__temp0.10__seed7,0.5774040917035093,,14,per_run_oof
qwen2p5_14b__math_test_00318_126e857a__temp0.60__seed7,0.3668726362440594,,14,per_run_oof
qwen2p5_14b__math_test_00318_126e857a__temp1.00__seed7,0.031408421888626414,1.0,14,per_run_oof
qwen2p5_14b__math_test_00319_dde9f260__temp0.10__seed7,0.08796065607361565,1.0,14,per_run_oof
qwen2p5_14b__math_test_00319_dde9f260__temp0.60__seed7,0.015985071587543264,1.0,14,per_run_oof
qwen2p5_14b__math_test_00319_dde9f260__temp1.00__seed7,0.14777985308984865,1.0,14,per_run_oof
qwen2p5_14b__math_test_00320_e8f73851__temp0.10__seed7,0.059819162585017585,,14,per_run_oof
qwen2p5_14b__math_test_00320_e8f73851__temp0.60__seed7,0.06161289219612842,,14,per_run_oof
qwen2p5_14b__math_test_00320_e8f73851__temp1.00__seed7,0.06081703906706961,,14,per_run_oof
qwen2p5_14b__math_test_00321_bf799ecc__temp0.10__seed7,0.07006867946199331,,14,per_run_oof
qwen2p5_14b__math_test_00321_bf799ecc__temp0.60__seed7,0.06090253597017866,,14,per_run_oof
qwen2p5_14b__math_test_00321_bf799ecc__temp1.00__seed7,0.02461477475754092,,14,per_run_oof
qwen2p5_14b__math_test_00322_ee8eb9c1__temp0.10__seed7,0.4958190861734956,0.303030303030303,14,per_run_oof
qwen2p5_14b__math_test_00322_ee8eb9c1__temp0.60__seed7,0.3043198947103524,0.606060606060606,14,per_run_oof
qwen2p5_14b__math_test_00322_ee8eb9c1__temp1.00__seed7,0.0899791446579292,0.9583333333333334,14,per_run_oof
qwen2p5_14b__math_test_00323_372c2d59__temp0.10__seed7,0.0218878991830942,1.0,14,per_run_oof
qwen2p5_14b__math_test_00323_372c2d59__temp0.60__seed7,0.0241085258695786,1.0,14,per_run_oof
qwen2p5_14b__math_test_00323_372c2d59__temp1.00__seed7,0.08005254970597143,0.0,14,per_run_oof
qwen2p5_14b__math_test_00324_5d4902ec__temp0.10__seed7,0.006086569893120814,,14,per_run_oof
qwen2p5_14b__math_test_00324_5d4902ec__temp0.60__seed7,0.02254775716105745,,14,per_run_oof
qwen2p5_14b__math_test_00324_5d4902ec__temp1.00__seed7,0.007009133606932035,,14,per_run_oof
qwen2p5_14b__math_test_00325_bf36a20b__temp0.10__seed7,0.05359967632296383,1.0,14,per_run_oof
qwen2p5_14b__math_test_00325_bf36a20b__temp0.60__seed7,0.22372048195985356,,14,per_run_oof
qwen2p5_14b__math_test_00325_bf36a20b__temp1.00__seed7,0.2964388385738486,,14,per_run_oof
qwen2p5_14b__math_test_00326_2b3c488f__temp0.10__seed7,0.3114539500191128,0.17500000000000002,14,per_run_oof
qwen2p5_14b__math_test_00326_2b3c488f__temp0.60__seed7,0.48951827666888065,,14,per_run_oof
qwen2p5_14b__math_test_00326_2b3c488f__temp1.00__seed7,0.3950775082699608,,14,per_run_oof
qwen2p5_14b__math_test_00327_39c0048d__temp0.10__seed7,0.022798815389698263,,14,per_run_oof
qwen2p5_14b__math_test_00327_39c0048d__temp0.60__seed7,0.10954933986833844,1.0,14,per_run_oof
qwen2p5_14b__math_test_00327_39c0048d__temp1.00__seed7,0.1118540433652627,,14,per_run_oof
qwen2p5_14b__math_test_00328_fd5fbe30__temp0.10__seed7,0.014605275528909405,,14,per_run_oof
qwen2p5_14b__math_test_00328_fd5fbe30__temp0.60__seed7,0.043481490687751326,1.0,14,per_run_oof
qwen2p5_14b__math_test_00328_fd5fbe30__temp1.00__seed7,0.0038361191193368232,,14,per_run_oof
qwen2p5_14b__math_test_00329_a0de4994__temp0.10__seed7,0.017231499690227633,,14,per_run_oof
qwen2p5_14b__math_test_00329_a0de4994__temp0.60__seed7,0.05595790818844676,1.0,14,per_run_oof
qwen2p5_14b__math_test_00329_a0de4994__temp1.00__seed7,0.031195187554159315,1.0,14,per_run_oof
qwen2p5_14b__math_test_00330_45cea026__temp0.10__seed7,0.0541183886002159,,14,per_run_oof
qwen2p5_14b__math_test_00330_45cea026__temp0.60__seed7,0.13850958559515775,,14,per_run_oof
qwen2p5_14b__math_test_00330_45cea026__temp1.00__seed7,0.044788836248315644,,14,per_run_oof
qwen2p5_14b__math_test_00331_023902bd__temp0.10__seed7,0.6301801334432419,,14,per_run_oof
qwen2p5_14b__math_test_00331_023902bd__temp0.60__seed7,0.5594833930728802,,14,per_run_oof
qwen2p5_14b__math_test_00331_023902bd__temp1.00__seed7,0.5039494813882487,,14,per_run_oof
qwen2p5_14b__math_test_00332_5bacfa8c__temp0.10__seed7,0.01880978178045219,,14,per_run_oof
qwen2p5_14b__math_test_00332_5bacfa8c__temp0.60__seed7,0.014176417779368927,,14,per_run_oof
qwen2p5_14b__math_test_00332_5bacfa8c__temp1.00__seed7,0.10895507299884398,,14,per_run_oof
qwen2p5_14b__math_test_00333_a31e71a6__temp0.10__seed7,0.07558747356300355,0.23076923076923073,14,per_run_oof
qwen2p5_14b__math_test_00333_a31e71a6__temp0.60__seed7,0.004818700709166249,,14,per_run_oof
qwen2p5_14b__math_test_00333_a31e71a6__temp1.00__seed7,0.028288476615950273,1.0,14,per_run_oof
qwen2p5_14b__math_test_00334_18dac264__temp0.10__seed7,0.34464165049212714,,14,per_run_oof
qwen2p5_14b__math_test_00334_18dac264__temp0.60__seed7,0.0025239064632698897,,14,per_run_oof
qwen2p5_14b__math_test_00334_18dac264__temp1.00__seed7,0.422715243893604,,14,per_run_oof
qwen2p5_14b__math_test_00335_fde40de4__temp0.10__seed7,0.4408601163688566,,14,per_run_oof
qwen2p5_14b__math_test_00335_fde40de4__temp0.60__seed7,0.2710114791231632,,14,per_run_oof
qwen2p5_14b__math_test_00335_fde40de4__temp1.00__seed7,0.5101915573487658,,14,per_run_oof
qwen2p5_14b__math_test_00336_0b4ea1e7__temp0.10__seed7,0.02425318039720548,,14,per_run_oof
qwen2p5_14b__math_test_00336_0b4ea1e7__temp0.60__seed7,0.041925181034367535,,14,per_run_oof
qwen2p5_14b__math_test_00336_0b4ea1e7__temp1.00__seed7,0.03373044737640856,,14,per_run_oof
qwen2p5_14b__math_test_00337_d02b019a__temp0.10__seed7,0.006138356576847372,,14,per_run_oof
qwen2p5_14b__math_test_00337_d02b019a__temp0.60__seed7,0.006288566690468359,1.0,14,per_run_oof
qwen2p5_14b__math_test_00337_d02b019a__temp1.00__seed7,0.05284724829972124,,14,per_run_oof
qwen2p5_14b__math_test_00338_6b6d2c6b__temp0.10__seed7,0.03503956285637617,1.0,14,per_run_oof
qwen2p5_14b__math_test_00338_6b6d2c6b__temp0.60__seed7,0.0391924095340393,1.0,14,per_run_oof
qwen2p5_14b__math_test_00338_6b6d2c6b__temp1.00__seed7,0.037024476474727626,1.0,14,per_run_oof
qwen2p5_14b__math_test_00339_5722cb6d__temp0.10__seed7,0.009831783761336168,,14,per_run_oof
qwen2p5_14b__math_test_00339_5722cb6d__temp0.60__seed7,0.2578128232045254,0.07692307692307687,14,per_run_oof
qwen2p5_14b__math_test_00339_5722cb6d__temp1.00__seed7,0.06922411604346439,0.6153846153846154,14,per_run_oof
qwen2p5_14b__math_test_00340_c7e6fae6__temp0.10__seed7,0.007517039759440606,,14,per_run_oof
qwen2p5_14b__math_test_00340_c7e6fae6__temp0.60__seed7,0.01198043938905693,,14,per_run_oof
qwen2p5_14b__math_test_00340_c7e6fae6__temp1.00__seed7,0.002752646687797252,,14,per_run_oof
qwen2p5_14b__math_test_00341_0734d253__temp0.10__seed7,0.22282012962800182,,14,per_run_oof
qwen2p5_14b__math_test_00341_0734d253__temp0.60__seed7,0.036868520610730315,,14,per_run_oof
qwen2p5_14b__math_test_00341_0734d253__temp1.00__seed7,0.014341816625787127,,14,per_run_oof
qwen2p5_14b__math_test_00342_1bb3298f__temp0.10__seed7,0.03032700139994938,,14,per_run_oof
qwen2p5_14b__math_test_00342_1bb3298f__temp0.60__seed7,0.17047371195595254,,14,per_run_oof
qwen2p5_14b__math_test_00342_1bb3298f__temp1.00__seed7,0.02413215844418491,1.0,14,per_run_oof
qwen2p5_14b__math_test_00343_e54f9ee1__temp0.10__seed7,0.5786843387455356,,14,per_run_oof
qwen2p5_14b__math_test_00343_e54f9ee1__temp0.60__seed7,0.089402776034573,,14,per_run_oof
qwen2p5_14b__math_test_00343_e54f9ee1__temp1.00__seed7,0.5779644396377773,,14,per_run_oof
qwen2p5_14b__math_test_00344_64925ab7__temp0.10__seed7,0.38320113328443955,,14,per_run_oof
qwen2p5_14b__math_test_00344_64925ab7__temp0.60__seed7,0.21375399936358264,,14,per_run_oof
qwen2p5_14b__math_test_00344_64925ab7__temp1.00__seed7,0.17978255856024483,,14,per_run_oof
qwen2p5_14b__math_test_00345_6af61995__temp0.10__seed7,0.006677655692004914,,14,per_run_oof
qwen2p5_14b__math_test_00345_6af61995__temp0.60__seed7,0.006232796887302408,,14,per_run_oof
qwen2p5_14b__math_test_00345_6af61995__temp1.00__seed7,0.06328018776187391,,14,per_run_oof
qwen2p5_14b__math_test_00346_baa6122d__temp0.10__seed7,0.008423594222140831,,14,per_run_oof
qwen2p5_14b__math_test_00346_baa6122d__temp0.60__seed7,0.30904947614705885,0.5555555555555556,14,per_run_oof
qwen2p5_14b__math_test_00346_baa6122d__temp1.00__seed7,0.016112844357031888,,14,per_run_oof
qwen2p5_14b__math_test_00347_a2f7bec0__temp0.10__seed7,0.04931694250610867,,14,per_run_oof
qwen2p5_14b__math_test_00347_a2f7bec0__temp0.60__seed7,0.052142535104493536,,14,per_run_oof
qwen2p5_14b__math_test_00347_a2f7bec0__temp1.00__seed7,0.0022201644855443024,,14,per_run_oof
qwen2p5_14b__math_test_00348_86ddc3d0__temp0.10__seed7,0.008070143091800078,,14,per_run_oof
qwen2p5_14b__math_test_00348_86ddc3d0__temp0.60__seed7,0.07639395428250784,0.7083333333333333,14,per_run_oof
qwen2p5_14b__math_test_00348_86ddc3d0__temp1.00__seed7,0.23887548956672924,,14,per_run_oof
qwen2p5_14b__math_test_00349_b9d9a1ba__temp0.10__seed7,0.06542654349077287,,14,per_run_oof
qwen2p5_14b__math_test_00349_b9d9a1ba__temp0.60__seed7,0.06033295041497728,,14,per_run_oof
qwen2p5_14b__math_test_00349_b9d9a1ba__temp1.00__seed7,0.04060217497936554,,14,per_run_oof
qwen2p5_14b__math_test_00350_02aacf73__temp0.10__seed7,0.16833254901058778,0.9591836734693878,14,per_run_oof
qwen2p5_14b__math_test_00350_02aacf73__temp0.60__seed7,0.11707338655153463,0.9230769230769231,14,per_run_oof
qwen2p5_14b__math_test_00350_02aacf73__temp1.00__seed7,0.1201847306409262,0.9090909090909092,14,per_run_oof
qwen2p5_14b__math_test_00351_67aec9c5__temp0.10__seed7,0.6863004735675883,,14,per_run_oof
qwen2p5_14b__math_test_00351_67aec9c5__temp0.60__seed7,0.02012162724922828,,14,per_run_oof
qwen2p5_14b__math_test_00351_67aec9c5__temp1.00__seed7,0.013816427563318124,,14,per_run_oof
qwen2p5_14b__math_test_00352_e74ba0fa__temp0.10__seed7,0.0365010224987566,,14,per_run_oof
qwen2p5_14b__math_test_00352_e74ba0fa__temp0.60__seed7,0.3946638780134489,,14,per_run_oof
qwen2p5_14b__math_test_00352_e74ba0fa__temp1.00__seed7,0.33308263011210676,,14,per_run_oof
qwen2p5_14b__math_test_00353_8c1deb6e__temp0.10__seed7,0.007370460663936883,,14,per_run_oof
qwen2p5_14b__math_test_00353_8c1deb6e__temp0.60__seed7,0.24251504598419676,,14,per_run_oof
qwen2p5_14b__math_test_00353_8c1deb6e__temp1.00__seed7,0.0017863941459149958,,14,per_run_oof
qwen2p5_14b__math_test_00354_47b050a9__temp0.10__seed7,0.007036893066955479,,14,per_run_oof
qwen2p5_14b__math_test_00354_47b050a9__temp0.60__seed7,0.054971340047314174,,14,per_run_oof
qwen2p5_14b__math_test_00354_47b050a9__temp1.00__seed7,0.05261905609152292,,14,per_run_oof
qwen2p5_14b__math_test_00355_ec1c2c36__temp0.10__seed7,0.07851713806201287,0.5,14,per_run_oof
qwen2p5_14b__math_test_00355_ec1c2c36__temp0.60__seed7,0.01687615101908683,1.0,14,per_run_oof
qwen2p5_14b__math_test_00355_ec1c2c36__temp1.00__seed7,0.010476400915571395,1.0,14,per_run_oof
qwen2p5_14b__math_test_00356_f8a2ffc1__temp0.10__seed7,0.0038308201925252583,,14,per_run_oof
qwen2p5_14b__math_test_00356_f8a2ffc1__temp0.60__seed7,0.4179526267980553,,14,per_run_oof
qwen2p5_14b__math_test_00356_f8a2ffc1__temp1.00__seed7,0.027507599153551804,1.0,14,per_run_oof
qwen2p5_14b__math_test_00357_8a63afe5__temp0.10__seed7,0.487811781293924,,14,per_run_oof
qwen2p5_14b__math_test_00357_8a63afe5__temp0.60__seed7,0.5276243631876958,,14,per_run_oof
qwen2p5_14b__math_test_00357_8a63afe5__temp1.00__seed7,0.058569340967430834,0.975,14,per_run_oof
qwen2p5_14b__math_test_00358_76dfcccb__temp0.10__seed7,0.09559410155474178,0.9791666666666666,14,per_run_oof
qwen2p5_14b__math_test_00358_76dfcccb__temp0.60__seed7,0.13068810769417616,0.9696969696969697,14,per_run_oof
qwen2p5_14b__math_test_00358_76dfcccb__temp1.00__seed7,0.07992237170600001,,14,per_run_oof
qwen2p5_14b__math_test_00359_f093fce4__temp0.10__seed7,0.015023798484211617,,14,per_run_oof
qwen2p5_14b__math_test_00359_f093fce4__temp0.60__seed7,0.01682749038754929,1.0,14,per_run_oof
qwen2p5_14b__math_test_00359_f093fce4__temp1.00__seed7,0.02920775429152036,1.0,14,per_run_oof
qwen2p5_14b__math_test_00360_e7cc4a6f__temp0.10__seed7,0.32268380439904715,1.0,14,per_run_oof
qwen2p5_14b__math_test_00360_e7cc4a6f__temp0.60__seed7,0.23064290360225953,1.0,14,per_run_oof
qwen2p5_14b__math_test_00360_e7cc4a6f__temp1.00__seed7,0.027984647217032293,1.0,14,per_run_oof
qwen2p5_14b__math_test_00361_e7fdc3ec__temp0.10__seed7,0.08981359405730449,0.9777777777777777,14,per_run_oof
qwen2p5_14b__math_test_00361_e7fdc3ec__temp0.60__seed7,0.045897291469692104,1.0,14,per_run_oof
qwen2p5_14b__math_test_00361_e7fdc3ec__temp1.00__seed7,0.05075171883797909,1.0,14,per_run_oof
qwen2p5_14b__math_test_00362_a3ec21a8__temp0.10__seed7,0.004755454996595815,,14,per_run_oof
qwen2p5_14b__math_test_00362_a3ec21a8__temp0.60__seed7,0.003934495080624563,,14,per_run_oof
qwen2p5_14b__math_test_00362_a3ec21a8__temp1.00__seed7,0.027180727849922297,,14,per_run_oof
qwen2p5_14b__math_test_00363_76d22eff__temp0.10__seed7,0.07856825059848545,0.975,14,per_run_oof
qwen2p5_14b__math_test_00363_76d22eff__temp0.60__seed7,0.01188109516834099,,14,per_run_oof
qwen2p5_14b__math_test_00363_76d22eff__temp1.00__seed7,0.10149398032795527,,14,per_run_oof
qwen2p5_14b__math_test_00364_48ea1907__temp0.10__seed7,0.09510562146039966,,14,per_run_oof
qwen2p5_14b__math_test_00364_48ea1907__temp0.60__seed7,0.02906097574563932,1.0,14,per_run_oof
qwen2p5_14b__math_test_00364_48ea1907__temp1.00__seed7,0.07503219651319051,1.0,14,per_run_oof
qwen2p5_14b__math_test_00365_ee443bc9__temp0.10__seed7,0.003153331051512405,,14,per_run_oof
qwen2p5_14b__math_test_00365_ee443bc9__temp0.60__seed7,0.053383710451628354,1.0,14,per_run_oof
qwen2p5_14b__math_test_00365_ee443bc9__temp1.00__seed7,0.26398434451939135,,14,per_run_oof
qwen2p5_14b__math_test_00366_e4373bdd__temp0.10__seed7,0.2215184853877741,,14,per_run_oof
qwen2p5_14b__math_test_00366_e4373bdd__temp0.60__seed7,0.10081734226591521,0.9166666666666667,14,per_run_oof
qwen2p5_14b__math_test_00366_e4373bdd__temp1.00__seed7,0.009049640788339683,1.0,14,per_run_oof
qwen2p5_14b__math_test_00367_f645536a__temp0.10__seed7,0.18896126452807516,,14,per_run_oof
qwen2p5_14b__math_test_00367_f645536a__temp0.60__seed7,0.3137208749670323,,14,per_run_oof
qwen2p5_14b__math_test_00367_f645536a__temp1.00__seed7,0.5311452999587789,,14,per_run_oof
qwen2p5_14b__math_test_00368_3ac511d2__temp0.10__seed7,0.00520096049533281,,14,per_run_oof
qwen2p5_14b__math_test_00368_3ac511d2__temp0.60__seed7,0.09322463145291417,,14,per_run_oof
qwen2p5_14b__math_test_00368_3ac511d2__temp1.00__seed7,0.11075690849236697,,14,per_run_oof
qwen2p5_14b__math_test_00369_598cca5b__temp0.10__seed7,0.007578029940168733,,14,per_run_oof
qwen2p5_14b__math_test_00369_598cca5b__temp0.60__seed7,0.00405341805963265,,14,per_run_oof
qwen2p5_14b__math_test_00369_598cca5b__temp1.00__seed7,0.020846135593271774,,14,per_run_oof
qwen2p5_14b__math_test_00370_ca991c57__temp0.10__seed7,0.01446144748156013,1.0,14,per_run_oof
qwen2p5_14b__math_test_00370_ca991c57__temp0.60__seed7,0.00798397373946234,,14,per_run_oof
qwen2p5_14b__math_test_00370_ca991c57__temp1.00__seed7,0.011187377563195402,1.0,14,per_run_oof
qwen2p5_14b__math_test_00371_2bd6f928__temp0.10__seed7,0.014261837990159227,1.0,14,per_run_oof
qwen2p5_14b__math_test_00371_2bd6f928__temp0.60__seed7,0.1113656084751985,0.9791666666666667,14,per_run_oof
qwen2p5_14b__math_test_00371_2bd6f928__temp1.00__seed7,0.029859998889702786,1.0,14,per_run_oof
qwen2p5_14b__math_test_00372_b7f23143__temp0.10__seed7,0.0031422566193246987,,14,per_run_oof
qwen2p5_14b__math_test_00372_b7f23143__temp0.60__seed7,0.020155700522402762,1.0,14,per_run_oof
qwen2p5_14b__math_test_00372_b7f23143__temp1.00__seed7,0.049696700815639074,1.0,14,per_run_oof
qwen2p5_14b__math_test_00373_00badbcf__temp0.10__seed7,0.13319390239291584,0.8,14,per_run_oof
qwen2p5_14b__math_test_00373_00badbcf__temp0.60__seed7,0.15458268022850427,1.0,14,per_run_oof
qwen2p5_14b__math_test_00373_00badbcf__temp1.00__seed7,0.02059022529543045,1.0,14,per_run_oof
qwen2p5_14b__math_test_00374_6b1b63ff__temp0.10__seed7,0.06199583625646078,0.95,14,per_run_oof
qwen2p5_14b__math_test_00374_6b1b63ff__temp0.60__seed7,0.12227528404001427,0.7777777777777778,14,per_run_oof
qwen2p5_14b__math_test_00374_6b1b63ff__temp1.00__seed7,0.033656265575840796,1.0,14,per_run_oof
qwen2p5_14b__math_test_00375_150bb464__temp0.10__seed7,0.03509440090723482,1.0,14,per_run_oof
qwen2p5_14b__math_test_00375_150bb464__temp0.60__seed7,0.138535016609237,0.9791666666666667,14,per_run_oof
qwen2p5_14b__math_test_00375_150bb464__temp1.00__seed7,0.05112907001657683,,14,per_run_oof
qwen2p5_14b__math_test_00376_61c1faed__temp0.10__seed7,0.502340872434634,,14,per_run_oof
qwen2p5_14b__math_test_00376_61c1faed__temp0.60__seed7,0.39060719089247403,,14,per_run_oof
qwen2p5_14b__math_test_00376_61c1faed__temp1.00__seed7,0.05420194847508841,1.0,14,per_run_oof
qwen2p5_14b__math_test_00377_5a155369__temp0.10__seed7,0.5276449477985302,,14,per_run_oof
qwen2p5_14b__math_test_00377_5a155369__temp0.60__seed7,0.5685918022011187,,14,per_run_oof
qwen2p5_14b__math_test_00377_5a155369__temp1.00__seed7,0.23641257851860617,,14,per_run_oof
qwen2p5_14b__math_test_00378_679ad820__temp0.10__seed7,0.00369485281170051,,14,per_run_oof
qwen2p5_14b__math_test_00378_679ad820__temp0.60__seed7,0.011444930818940768,,14,per_run_oof
qwen2p5_14b__math_test_00378_679ad820__temp1.00__seed7,0.003978798245520111,,14,per_run_oof
qwen2p5_14b__math_test_00379_47fb8717__temp0.10__seed7,0.05380452267488478,1.0,14,per_run_oof
qwen2p5_14b__math_test_00379_47fb8717__temp0.60__seed7,0.04948756196974397,1.0,14,per_run_oof
qwen2p5_14b__math_test_00379_47fb8717__temp1.00__seed7,0.05856005385545982,1.0,14,per_run_oof
qwen2p5_14b__math_test_00380_5f1641b4__temp0.10__seed7,0.008860131957091543,,14,per_run_oof
qwen2p5_14b__math_test_00380_5f1641b4__temp0.60__seed7,0.00638453086342987,,14,per_run_oof
qwen2p5_14b__math_test_00380_5f1641b4__temp1.00__seed7,0.0016486966005789915,,14,per_run_oof
qwen2p5_14b__math_test_00381_8df788ff__temp0.10__seed7,0.04437053720497817,1.0,14,per_run_oof
qwen2p5_14b__math_test_00381_8df788ff__temp0.60__seed7,0.07796486840675895,1.0,14,per_run_oof
qwen2p5_14b__math_test_00381_8df788ff__temp1.00__seed7,0.07776042795158329,0.9791666666666666,14,per_run_oof
qwen2p5_14b__math_test_00382_38d763f6__temp0.10__seed7,0.009524909847527432,,14,per_run_oof
qwen2p5_14b__math_test_00382_38d763f6__temp0.60__seed7,0.004938686681815582,,14,per_run_oof
qwen2p5_14b__math_test_00382_38d763f6__temp1.00__seed7,0.13445641797242067,,14,per_run_oof
qwen2p5_14b__math_test_00383_08527b10__temp0.10__seed7,0.02963664179547914,,14,per_run_oof
qwen2p5_14b__math_test_00383_08527b10__temp0.60__seed7,0.626672474030942,,14,per_run_oof
qwen2p5_14b__math_test_00383_08527b10__temp1.00__seed7,0.6820114088945458,,14,per_run_oof
qwen2p5_14b__math_test_00384_b0468733__temp0.10__seed7,0.5138418101718212,,14,per_run_oof
qwen2p5_14b__math_test_00384_b0468733__temp0.60__seed7,0.04449208039851125,1.0,14,per_run_oof
qwen2p5_14b__math_test_00384_b0468733__temp1.00__seed7,0.04988352125256878,1.0,14,per_run_oof
qwen2p5_14b__math_test_00385_30dafe73__temp0.10__seed7,0.0054175370647657015,,14,per_run_oof
qwen2p5_14b__math_test_00385_30dafe73__temp0.60__seed7,0.007718449604847033,,14,per_run_oof
qwen2p5_14b__math_test_00385_30dafe73__temp1.00__seed7,0.06433080013264186,1.0,14,per_run_oof
qwen2p5_14b__math_test_00386_07310b54__temp0.10__seed7,0.004020243845183077,,14,per_run_oof
qwen2p5_14b__math_test_00386_07310b54__temp0.60__seed7,0.06838595151811412,1.0,14,per_run_oof
qwen2p5_14b__math_test_00386_07310b54__temp1.00__seed7,0.2893973308430033,,14,per_run_oof
qwen2p5_14b__math_test_00387_17210adf__temp0.10__seed7,0.13026622124873005,0.9375,14,per_run_oof
qwen2p5_14b__math_test_00387_17210adf__temp0.60__seed7,0.05710838874597849,,14,per_run_oof
qwen2p5_14b__math_test_00387_17210adf__temp1.00__seed7,0.1530776964398551,0.875,14,per_run_oof
qwen2p5_14b__math_test_00388_11e6a957__temp0.10__seed7,0.06591767131982852,,14,per_run_oof
qwen2p5_14b__math_test_00388_11e6a957__temp0.60__seed7,0.017074454555688387,1.0,14,per_run_oof
qwen2p5_14b__math_test_00388_11e6a957__temp1.00__seed7,0.049964843760607995,1.0,14,per_run_oof
qwen2p5_14b__math_test_00389_a5faa9e5__temp0.10__seed7,0.0485123826486561,1.0,14,per_run_oof
qwen2p5_14b__math_test_00389_a5faa9e5__temp0.60__seed7,0.04976329566962808,1.0,14,per_run_oof
qwen2p5_14b__math_test_00389_a5faa9e5__temp1.00__seed7,0.03550595258152492,1.0,14,per_run_oof
qwen2p5_14b__math_test_00390_ea31a6ca__temp0.10__seed7,0.014365215864293346,,14,per_run_oof
qwen2p5_14b__math_test_00390_ea31a6ca__temp0.60__seed7,0.02836600834091994,,14,per_run_oof
qwen2p5_14b__math_test_00390_ea31a6ca__temp1.00__seed7,0.0019797287391081254,,14,per_run_oof
qwen2p5_14b__math_test_00391_da45406a__temp0.10__seed7,0.01664781400935148,1.0,14,per_run_oof
qwen2p5_14b__math_test_00391_da45406a__temp0.60__seed7,0.5486195118824532,,14,per_run_oof
qwen2p5_14b__math_test_00391_da45406a__temp1.00__seed7,0.2625159380827862,0.7,14,per_run_oof
qwen2p5_14b__math_test_00392_5ec89a77__temp0.10__seed7,0.06472910525559265,0.9777777777777777,14,per_run_oof
qwen2p5_14b__math_test_00392_5ec89a77__temp0.60__seed7,0.23127187419931977,0.875,14,per_run_oof
qwen2p5_14b__math_test_00392_5ec89a77__temp1.00__seed7,0.04283268292209429,1.0,14,per_run_oof
qwen2p5_14b__math_test_00393_b3a1a15f__temp0.10__seed7,0.05381693017197457,,14,per_run_oof
qwen2p5_14b__math_test_00393_b3a1a15f__temp0.60__seed7,0.04202925659815377,1.0,14,per_run_oof
qwen2p5_14b__math_test_00393_b3a1a15f__temp1.00__seed7,0.21265108125977855,1.0,14,per_run_oof
qwen2p5_14b__math_test_00394_372e8efa__temp0.10__seed7,0.5620761218829553,,14,per_run_oof
qwen2p5_14b__math_test_00394_372e8efa__temp0.60__seed7,0.0111166011403733,,14,per_run_oof
qwen2p5_14b__math_test_00394_372e8efa__temp1.00__seed7,0.08274746015482144,0.5,14,per_run_oof
qwen2p5_14b__math_test_00395_71129ef0__temp0.10__seed7,0.32805817785327157,,14,per_run_oof
qwen2p5_14b__math_test_00395_71129ef0__temp0.60__seed7,0.23522001954697472,,14,per_run_oof
qwen2p5_14b__math_test_00395_71129ef0__temp1.00__seed7,0.22320228186404847,,14,per_run_oof
qwen2p5_14b__math_test_00396_ba3bcd56__temp0.10__seed7,0.037237096647210415,,14,per_run_oof
qwen2p5_14b__math_test_00396_ba3bcd56__temp0.60__seed7,0.08826529115323378,,14,per_run_oof
qwen2p5_14b__math_test_00396_ba3bcd56__temp1.00__seed7,0.4082171587340823,,14,per_run_oof
qwen2p5_14b__math_test_00397_92c7504a__temp0.10__seed7,0.5841363622715088,,14,per_run_oof
qwen2p5_14b__math_test_00397_92c7504a__temp0.60__seed7,0.012379171157196675,,14,per_run_oof
qwen2p5_14b__math_test_00397_92c7504a__temp1.00__seed7,0.004743848797402255,,14,per_run_oof
qwen2p5_14b__math_test_00398_23079a25__temp0.10__seed7,0.380119604877854,,14,per_run_oof
qwen2p5_14b__math_test_00398_23079a25__temp0.60__seed7,0.0887220109865943,0.9166666666666666,14,per_run_oof
qwen2p5_14b__math_test_00398_23079a25__temp1.00__seed7,0.21734544232729422,,14,per_run_oof
qwen2p5_14b__math_test_00399_efffa141__temp0.10__seed7,0.21236303098790996,0.2727272727272727,14,per_run_oof
qwen2p5_14b__math_test_00399_efffa141__temp0.60__seed7,0.009162087485200563,1.0,14,per_run_oof
qwen2p5_14b__math_test_00399_efffa141__temp1.00__seed7,0.15287202324884477,0.9591836734693878,14,per_run_oof
qwen2p5_14b__math_test_00400_8f10146b__temp0.10__seed7,0.050440935728821926,1.0,14,per_run_oof
qwen2p5_14b__math_test_00400_8f10146b__temp0.60__seed7,0.029977777038009027,1.0,14,per_run_oof
qwen2p5_14b__math_test_00400_8f10146b__temp1.00__seed7,0.04680259424489232,1.0,14,per_run_oof
qwen2p5_14b__math_test_00401_62859aeb__temp0.10__seed7,0.0037514102774834322,,14,per_run_oof
qwen2p5_14b__math_test_00401_62859aeb__temp0.60__seed7,0.06107820603192772,1.0,14,per_run_oof
qwen2p5_14b__math_test_00401_62859aeb__temp1.00__seed7,0.0082770077554638,,14,per_run_oof
qwen2p5_14b__math_test_00402_d12fb851__temp0.10__seed7,0.4241644387228823,,14,per_run_oof
qwen2p5_14b__math_test_00402_d12fb851__temp0.60__seed7,0.06682830788298719,1.0,14,per_run_oof
qwen2p5_14b__math_test_00402_d12fb851__temp1.00__seed7,0.05329855562189128,,14,per_run_oof
qwen2p5_14b__math_test_00403_11b3b101__temp0.10__seed7,0.04377386428118623,,14,per_run_oof
qwen2p5_14b__math_test_00403_11b3b101__temp0.60__seed7,0.05825992883689924,,14,per_run_oof
qwen2p5_14b__math_test_00403_11b3b101__temp1.00__seed7,0.5324516934365071,0.07692307692307687,14,per_run_oof
qwen2p5_14b__math_test_00404_da55437b__temp0.10__seed7,0.054987573440908426,1.0,14,per_run_oof
qwen2p5_14b__math_test_00404_da55437b__temp0.60__seed7,0.00506306244201453,,14,per_run_oof
qwen2p5_14b__math_test_00404_da55437b__temp1.00__seed7,0.06275535737757112,1.0,14,per_run_oof
qwen2p5_14b__math_test_00405_668162f1__temp0.10__seed7,0.0688321722488765,1.0,14,per_run_oof
qwen2p5_14b__math_test_00405_668162f1__temp0.60__seed7,0.06401248620518415,0.9583333333333333,14,per_run_oof
qwen2p5_14b__math_test_00405_668162f1__temp1.00__seed7,0.06710057877968022,1.0,14,per_run_oof
qwen2p5_14b__math_test_00406_895adc35__temp0.10__seed7,0.009372186200794604,,14,per_run_oof
qwen2p5_14b__math_test_00406_895adc35__temp0.60__seed7,0.5028896575902084,,14,per_run_oof
qwen2p5_14b__math_test_00406_895adc35__temp1.00__seed7,0.40443577203653625,,14,per_run_oof
qwen2p5_14b__math_test_00407_21645a77__temp0.10__seed7,0.05198405631244247,1.0,14,per_run_oof
qwen2p5_14b__math_test_00407_21645a77__temp0.60__seed7,0.013620405645654832,,14,per_run_oof
qwen2p5_14b__math_test_00407_21645a77__temp1.00__seed7,0.06523309702502404,1.0,14,per_run_oof
qwen2p5_14b__math_test_00408_72a21fce__temp0.10__seed7,0.06418705482466412,1.0,14,per_run_oof
qwen2p5_14b__math_test_00408_72a21fce__temp0.60__seed7,0.06845274515239584,1.0,14,per_run_oof
qwen2p5_14b__math_test_00408_72a21fce__temp1.00__seed7,0.055103994739218905,1.0,14,per_run_oof
qwen2p5_14b__math_test_00409_2cbb5151__temp0.10__seed7,0.009851745653293513,,14,per_run_oof
qwen2p5_14b__math_test_00409_2cbb5151__temp0.60__seed7,0.4196984264937344,,14,per_run_oof
qwen2p5_14b__math_test_00409_2cbb5151__temp1.00__seed7,0.0404661160746274,,14,per_run_oof
qwen2p5_14b__math_test_00410_6885282d__temp0.10__seed7,0.0034314059157192693,,14,per_run_oof
qwen2p5_14b__math_test_00410_6885282d__temp0.60__seed7,0.002273026702176209,,14,per_run_oof
qwen2p5_14b__math_test_00410_6885282d__temp1.00__seed7,0.03479264651191995,1.0,14,per_run_oof
qwen2p5_14b__math_test_00411_6f5d00d6__temp0.10__seed7,0.0011383239934195728,,14,per_run_oof
qwen2p5_14b__math_test_00411_6f5d00d6__temp0.60__seed7,0.3366600740318856,,14,per_run_oof
qwen2p5_14b__math_test_00411_6f5d00d6__temp1.00__seed7,0.46959410220716846,,14,per_run_oof
qwen2p5_14b__math_test_00412_403b3454__temp0.10__seed7,0.12287997630087945,1.0,14,per_run_oof
qwen2p5_14b__math_test_00412_403b3454__temp0.60__seed7,0.04389305785454698,1.0,14,per_run_oof
qwen2p5_14b__math_test_00412_403b3454__temp1.00__seed7,0.0029491552532257617,,14,per_run_oof
qwen2p5_14b__math_test_00413_a79cadf3__temp0.10__seed7,0.19459675734969492,0.8222222222222222,14,per_run_oof
qwen2p5_14b__math_test_00413_a79cadf3__temp0.60__seed7,0.09123360038937223,0.9750000000000001,14,per_run_oof
qwen2p5_14b__math_test_00413_a79cadf3__temp1.00__seed7,0.10006886937862582,,14,per_run_oof
qwen2p5_14b__math_test_00414_f8b3d5f2__temp0.10__seed7,0.20930273656189646,,14,per_run_oof
qwen2p5_14b__math_test_00414_f8b3d5f2__temp0.60__seed7,0.0620909939648777,,14,per_run_oof
qwen2p5_14b__math_test_00414_f8b3d5f2__temp1.00__seed7,0.29568975909675393,,14,per_run_oof
qwen2p5_14b__math_test_00415_df5709ae__temp0.10__seed7,0.29447779296416005,,14,per_run_oof
qwen2p5_14b__math_test_00415_df5709ae__temp0.60__seed7,0.1972784679237349,,14,per_run_oof
qwen2p5_14b__math_test_00415_df5709ae__temp1.00__seed7,0.20728620883953217,,14,per_run_oof
qwen2p5_14b__math_test_00416_29223b4f__temp0.10__seed7,0.008557269441644014,,14,per_run_oof
qwen2p5_14b__math_test_00416_29223b4f__temp0.60__seed7,0.024491615323081434,1.0,14,per_run_oof
qwen2p5_14b__math_test_00416_29223b4f__temp1.00__seed7,0.022846912549563995,1.0,14,per_run_oof
qwen2p5_14b__math_test_00417_f378f07d__temp0.10__seed7,0.06595143922818894,,14,per_run_oof
qwen2p5_14b__math_test_00417_f378f07d__temp0.60__seed7,0.06860724196000094,0.85,14,per_run_oof
qwen2p5_14b__math_test_00417_f378f07d__temp1.00__seed7,0.06534739886392311,0.9555555555555555,14,per_run_oof
qwen2p5_14b__math_test_00418_452dc872__temp0.10__seed7,0.07106341095677678,,14,per_run_oof
qwen2p5_14b__math_test_00418_452dc872__temp0.60__seed7,0.004561274481748625,,14,per_run_oof
qwen2p5_14b__math_test_00418_452dc872__temp1.00__seed7,0.4026225658869013,0.8333333333333334,14,per_run_oof
qwen2p5_14b__math_test_00419_dadaee3f__temp0.10__seed7,0.6918643037970627,0.15384615384615385,14,per_run_oof
qwen2p5_14b__math_test_00419_dadaee3f__temp0.60__seed7,0.004051575156607992,,14,per_run_oof
qwen2p5_14b__math_test_00419_dadaee3f__temp1.00__seed7,0.05783611580024372,1.0,14,per_run_oof
qwen2p5_14b__math_test_00420_ecd5f88d__temp0.10__seed7,0.06154647833951322,1.0,14,per_run_oof
qwen2p5_14b__math_test_00420_ecd5f88d__temp0.60__seed7,0.06932288040449479,0.5384615384615384,14,per_run_oof
qwen2p5_14b__math_test_00420_ecd5f88d__temp1.00__seed7,0.07241168719804884,1.0,14,per_run_oof
qwen2p5_14b__math_test_00421_c2187615__temp0.10__seed7,0.07275072567665784,1.0,14,per_run_oof
qwen2p5_14b__math_test_00421_c2187615__temp0.60__seed7,0.4789538655339491,,14,per_run_oof
qwen2p5_14b__math_test_00421_c2187615__temp1.00__seed7,0.06577221053011405,1.0,14,per_run_oof
qwen2p5_14b__math_test_00422_fec8190b__temp0.10__seed7,0.004764682232546444,,14,per_run_oof
qwen2p5_14b__math_test_00422_fec8190b__temp0.60__seed7,0.05395455525108387,,14,per_run_oof
qwen2p5_14b__math_test_00422_fec8190b__temp1.00__seed7,0.08433355516735062,,14,per_run_oof
qwen2p5_14b__math_test_00423_19a18675__temp0.10__seed7,0.4554781382902683,,14,per_run_oof
qwen2p5_14b__math_test_00423_19a18675__temp0.60__seed7,0.012823297629383168,,14,per_run_oof
qwen2p5_14b__math_test_00423_19a18675__temp1.00__seed7,0.004784572149241163,,14,per_run_oof
qwen2p5_14b__math_test_00424_4db9759a__temp0.10__seed7,0.0036886001781020463,,14,per_run_oof
qwen2p5_14b__math_test_00424_4db9759a__temp0.60__seed7,0.01606267912086234,1.0,14,per_run_oof
qwen2p5_14b__math_test_00424_4db9759a__temp1.00__seed7,0.10169043447040205,,14,per_run_oof
qwen2p5_14b__math_test_00425_88cd35aa__temp0.10__seed7,0.07123717796763245,0.07692307692307687,14,per_run_oof
qwen2p5_14b__math_test_00425_88cd35aa__temp0.60__seed7,0.09180023259754597,1.0,14,per_run_oof
qwen2p5_14b__math_test_00425_88cd35aa__temp1.00__seed7,0.07103592799220683,1.0,14,per_run_oof
qwen2p5_14b__math_test_00426_206b8557__temp0.10__seed7,0.1466933221071614,0.9791666666666667,14,per_run_oof
qwen2p5_14b__math_test_00426_206b8557__temp0.60__seed7,0.015110555588786042,1.0,14,per_run_oof
qwen2p5_14b__math_test_00426_206b8557__temp1.00__seed7,0.06389219881916355,1.0,14,per_run_oof
qwen2p5_14b__math_test_00427_f158b2bb__temp0.10__seed7,0.011893812210962276,,14,per_run_oof
qwen2p5_14b__math_test_00427_f158b2bb__temp0.60__seed7,0.0032167416823013256,,14,per_run_oof
qwen2p5_14b__math_test_00427_f158b2bb__temp1.00__seed7,0.10661046110075487,0.9583333333333333,14,per_run_oof
qwen2p5_14b__math_test_00428_ecc1932f__temp0.10__seed7,0.3071935516916054,,14,per_run_oof
qwen2p5_14b__math_test_00428_ecc1932f__temp0.60__seed7,0.22834325972188602,,14,per_run_oof
qwen2p5_14b__math_test_00428_ecc1932f__temp1.00__seed7,0.06755511939026329,,14,per_run_oof
qwen2p5_14b__math_test_00429_0ed0c936__temp0.10__seed7,0.08915458306266315,1.0,14,per_run_oof
qwen2p5_14b__math_test_00429_0ed0c936__temp0.60__seed7,0.09256125435073788,1.0,14,per_run_oof
qwen2p5_14b__math_test_00429_0ed0c936__temp1.00__seed7,0.11610826688400176,0.8666666666666667,14,per_run_oof
qwen2p5_14b__math_test_00430_28f71d47__temp0.10__seed7,0.0302871212736202,,14,per_run_oof
qwen2p5_14b__math_test_00430_28f71d47__temp0.60__seed7,0.022826955414424893,1.0,14,per_run_oof
qwen2p5_14b__math_test_00430_28f71d47__temp1.00__seed7,0.007240391867139752,,14,per_run_oof
qwen2p5_14b__math_test_00431_a332c76b__temp0.10__seed7,0.00802530333013522,,14,per_run_oof
qwen2p5_14b__math_test_00431_a332c76b__temp0.60__seed7,0.011569813317978036,,14,per_run_oof
qwen2p5_14b__math_test_00431_a332c76b__temp1.00__seed7,0.03162761685659303,,14,per_run_oof
qwen2p5_14b__math_test_00432_f6edb398__temp0.10__seed7,0.07994574593646622,1.0,14,per_run_oof
qwen2p5_14b__math_test_00432_f6edb398__temp0.60__seed7,0.15305755021201312,1.0,14,per_run_oof
qwen2p5_14b__math_test_00432_f6edb398__temp1.00__seed7,0.013219612563071624,1.0,14,per_run_oof
qwen2p5_14b__math_test_00433_25f606a1__temp0.10__seed7,0.15161269774249567,0.9249999999999999,14,per_run_oof
qwen2p5_14b__math_test_00433_25f606a1__temp0.60__seed7,0.3063097976480927,0.825,14,per_run_oof
qwen2p5_14b__math_test_00433_25f606a1__temp1.00__seed7,0.0667358722867463,0.9555555555555556,14,per_run_oof
qwen2p5_14b__math_test_00434_ad11ec3c__temp0.10__seed7,0.2113659584149394,0.9555555555555556,14,per_run_oof
qwen2p5_14b__math_test_00434_ad11ec3c__temp0.60__seed7,0.08926499824443104,0.9791666666666667,14,per_run_oof
qwen2p5_14b__math_test_00434_ad11ec3c__temp1.00__seed7,0.2065393264350012,0.9555555555555556,14,per_run_oof
qwen2p5_14b__math_test_00435_c222bfff__temp0.10__seed7,0.0748666657058922,1.0,14,per_run_oof
qwen2p5_14b__math_test_00435_c222bfff__temp0.60__seed7,0.16981519469447579,0.8444444444444444,14,per_run_oof
qwen2p5_14b__math_test_00435_c222bfff__temp1.00__seed7,0.041600306524631044,1.0,14,per_run_oof
qwen2p5_14b__math_test_00436_c183974b__temp0.10__seed7,0.0025597631878488945,,14,per_run_oof
qwen2p5_14b__math_test_00436_c183974b__temp0.60__seed7,0.06138144830962318,1.0,14,per_run_oof
qwen2p5_14b__math_test_00436_c183974b__temp1.00__seed7,0.007982419346684335,,14,per_run_oof
qwen2p5_14b__math_test_00437_07c4cf7f__temp0.10__seed7,0.5122130860148076,0.75,14,per_run_oof
qwen2p5_14b__math_test_00437_07c4cf7f__temp0.60__seed7,0.22153238475772258,0.9,14,per_run_oof
qwen2p5_14b__math_test_00437_07c4cf7f__temp1.00__seed7,0.2638247301920834,0.6666666666666666,14,per_run_oof
qwen2p5_14b__math_test_00438_ea332f2c__temp0.10__seed7,0.13084925879743858,,14,per_run_oof
qwen2p5_14b__math_test_00438_ea332f2c__temp0.60__seed7,0.026604655524912025,,14,per_run_oof
qwen2p5_14b__math_test_00438_ea332f2c__temp1.00__seed7,0.045052563775917084,1.0,14,per_run_oof
qwen2p5_14b__math_test_00439_fe7d8b6b__temp0.10__seed7,0.12146221514695692,0.9333333333333333,14,per_run_oof
qwen2p5_14b__math_test_00439_fe7d8b6b__temp0.60__seed7,0.009327321845751342,,14,per_run_oof
qwen2p5_14b__math_test_00439_fe7d8b6b__temp1.00__seed7,0.1067712897738078,0.9696969696969697,14,per_run_oof
qwen2p5_14b__math_test_00440_941bd991__temp0.10__seed7,0.07075316928567484,0.9333333333333333,14,per_run_oof
qwen2p5_14b__math_test_00440_941bd991__temp0.60__seed7,0.08523112392891864,0.9777777777777779,14,per_run_oof
qwen2p5_14b__math_test_00440_941bd991__temp1.00__seed7,0.28228037499456077,0.9791666666666667,14,per_run_oof
qwen2p5_14b__math_test_00441_d2f5328b__temp0.10__seed7,0.09822656198508248,,14,per_run_oof
qwen2p5_14b__math_test_00441_d2f5328b__temp0.60__seed7,0.057298863336068304,1.0,14,per_run_oof
qwen2p5_14b__math_test_00441_d2f5328b__temp1.00__seed7,0.18090513555492618,0.6,14,per_run_oof
qwen2p5_14b__math_test_00442_2d9f4473__temp0.10__seed7,0.03856688622529647,,14,per_run_oof
qwen2p5_14b__math_test_00442_2d9f4473__temp0.60__seed7,0.01930902281352276,,14,per_run_oof
qwen2p5_14b__math_test_00442_2d9f4473__temp1.00__seed7,0.1187048455456625,,14,per_run_oof
qwen2p5_14b__math_test_00443_e86eb3e6__temp0.10__seed7,0.1650674285419139,,14,per_run_oof
qwen2p5_14b__math_test_00443_e86eb3e6__temp0.60__seed7,0.5456051370988516,,14,per_run_oof
qwen2p5_14b__math_test_00443_e86eb3e6__temp1.00__seed7,0.1209516245994701,,14,per_run_oof
qwen2p5_14b__math_test_00444_8230401f__temp0.10__seed7,0.6103942970970764,,14,per_run_oof
qwen2p5_14b__math_test_00444_8230401f__temp0.60__seed7,0.10015370617373338,,14,per_run_oof
qwen2p5_14b__math_test_00444_8230401f__temp1.00__seed7,0.5971426054555317,,14,per_run_oof
qwen2p5_14b__math_test_00445_295567c6__temp0.10__seed7,0.037269080940331274,,14,per_run_oof
qwen2p5_14b__math_test_00445_295567c6__temp0.60__seed7,0.005226286015939228,,14,per_run_oof
qwen2p5_14b__math_test_00445_295567c6__temp1.00__seed7,0.3381489158415598,,14,per_run_oof
qwen2p5_14b__math_test_00446_54f3a4b2__temp0.10__seed7,0.08195330626283086,,14,per_run_oof
qwen2p5_14b__math_test_00446_54f3a4b2__temp0.60__seed7,0.019599921774705396,,14,per_run_oof
qwen2p5_14b__math_test_00446_54f3a4b2__temp1.00__seed7,0.10490929969692794,,14,per_run_oof
qwen2p5_14b__math_test_00447_716decc2__temp0.10__seed7,0.08423862016140747,,14,per_run_oof
qwen2p5_14b__math_test_00447_716decc2__temp0.60__seed7,0.08104566352855903,,14,per_run_oof
qwen2p5_14b__math_test_00447_716decc2__temp1.00__seed7,0.03387186962615576,1.0,14,per_run_oof
qwen2p5_14b__math_test_00448_7dbbd02d__temp0.10__seed7,0.05186099548006342,,14,per_run_oof
qwen2p5_14b__math_test_00448_7dbbd02d__temp0.60__seed7,0.13634377051747548,,14,per_run_oof
qwen2p5_14b__math_test_00448_7dbbd02d__temp1.00__seed7,0.05022295417972009,,14,per_run_oof
qwen2p5_14b__math_test_00449_2f12a8b9__temp0.10__seed7,0.00750104942566268,,14,per_run_oof
qwen2p5_14b__math_test_00449_2f12a8b9__temp0.60__seed7,0.01888245531959853,,14,per_run_oof
qwen2p5_14b__math_test_00449_2f12a8b9__temp1.00__seed7,0.0125216573633334,,14,per_run_oof
qwen2p5_14b__math_test_00450_2fb65375__temp0.10__seed7,0.3676424761538902,,14,per_run_oof
qwen2p5_14b__math_test_00450_2fb65375__temp0.60__seed7,0.5542444654715523,,14,per_run_oof
qwen2p5_14b__math_test_00450_2fb65375__temp1.00__seed7,0.1824573010597507,,14,per_run_oof
qwen2p5_14b__math_test_00451_daefed59__temp0.10__seed7,0.047350979127764085,1.0,14,per_run_oof
qwen2p5_14b__math_test_00451_daefed59__temp0.60__seed7,0.540594957238208,,14,per_run_oof
qwen2p5_14b__math_test_00451_daefed59__temp1.00__seed7,0.08815677818342206,1.0,14,per_run_oof
qwen2p5_14b__math_test_00452_0a6f0014__temp0.10__seed7,0.5904707237420027,,14,per_run_oof
qwen2p5_14b__math_test_00452_0a6f0014__temp0.60__seed7,0.07808103592319862,0.8444444444444444,14,per_run_oof
qwen2p5_14b__math_test_00452_0a6f0014__temp1.00__seed7,0.05381630486717953,1.0,14,per_run_oof
qwen2p5_14b__math_test_00453_e4690c39__temp0.10__seed7,0.4056285930286805,,14,per_run_oof
qwen2p5_14b__math_test_00453_e4690c39__temp0.60__seed7,0.013994112336835942,,14,per_run_oof
qwen2p5_14b__math_test_00453_e4690c39__temp1.00__seed7,0.5796952610293804,,14,per_run_oof
qwen2p5_14b__math_test_00454_393f3656__temp0.10__seed7,0.10417311165864288,0.0,14,per_run_oof
qwen2p5_14b__math_test_00454_393f3656__temp0.60__seed7,0.01246036472484621,1.0,14,per_run_oof
qwen2p5_14b__math_test_00454_393f3656__temp1.00__seed7,0.09472114344215161,1.0,14,per_run_oof
qwen2p5_14b__math_test_00455_23844847__temp0.10__seed7,0.029045316178467555,1.0,14,per_run_oof
qwen2p5_14b__math_test_00455_23844847__temp0.60__seed7,0.258283682456212,0.8666666666666667,14,per_run_oof
qwen2p5_14b__math_test_00455_23844847__temp1.00__seed7,0.004759442825775831,,14,per_run_oof
qwen2p5_14b__math_test_00456_e4200fbf__temp0.10__seed7,0.007725092211931654,,14,per_run_oof
qwen2p5_14b__math_test_00456_e4200fbf__temp0.60__seed7,0.07420747750380022,,14,per_run_oof
qwen2p5_14b__math_test_00456_e4200fbf__temp1.00__seed7,0.013559030375576762,,14,per_run_oof
qwen2p5_14b__math_test_00457_5330f4b3__temp0.10__seed7,0.04465370180801304,1.0,14,per_run_oof
qwen2p5_14b__math_test_00457_5330f4b3__temp0.60__seed7,0.07003427257532528,0.9696969696969697,14,per_run_oof
qwen2p5_14b__math_test_00457_5330f4b3__temp1.00__seed7,0.05808942487310805,1.0,14,per_run_oof
qwen2p5_14b__math_test_00458_4085c1eb__temp0.10__seed7,0.12612713712312293,0.8484848484848484,14,per_run_oof
qwen2p5_14b__math_test_00458_4085c1eb__temp0.60__seed7,0.03585163479170056,1.0,14,per_run_oof
qwen2p5_14b__math_test_00458_4085c1eb__temp1.00__seed7,0.010124795097542615,,14,per_run_oof
qwen2p5_14b__math_test_00459_3b21e715__temp0.10__seed7,0.08881315618533048,,14,per_run_oof
qwen2p5_14b__math_test_00459_3b21e715__temp0.60__seed7,0.1728845275468245,,14,per_run_oof
qwen2p5_14b__math_test_00459_3b21e715__temp1.00__seed7,0.4102270336866421,,14,per_run_oof
qwen2p5_14b__math_test_00460_7d063370__temp0.10__seed7,0.15206508208873176,,14,per_run_oof
qwen2p5_14b__math_test_00460_7d063370__temp0.60__seed7,0.03301884842015471,,14,per_run_oof
qwen2p5_14b__math_test_00460_7d063370__temp1.00__seed7,0.10199535457735116,,14,per_run_oof
qwen2p5_14b__math_test_00461_5e43f1cd__temp0.10__seed7,0.07242948860679078,0.8571428571428572,14,per_run_oof
qwen2p5_14b__math_test_00461_5e43f1cd__temp0.60__seed7,0.07005872523402587,0.9,14,per_run_oof
qwen2p5_14b__math_test_00461_5e43f1cd__temp1.00__seed7,0.07374656297566774,0.8461538461538461,14,per_run_oof
qwen2p5_14b__math_test_00462_dd3cfaa0__temp0.10__seed7,0.01563353113645085,,14,per_run_oof
qwen2p5_14b__math_test_00462_dd3cfaa0__temp0.60__seed7,0.03962441187483572,,14,per_run_oof
qwen2p5_14b__math_test_00462_dd3cfaa0__temp1.00__seed7,0.08925793007409812,,14,per_run_oof
qwen2p5_14b__math_test_00463_bc52d545__temp0.10__seed7,0.04318952300033794,,14,per_run_oof
qwen2p5_14b__math_test_00463_bc52d545__temp0.60__seed7,0.4967771409719442,,14,per_run_oof
qwen2p5_14b__math_test_00463_bc52d545__temp1.00__seed7,0.017734610516228294,,14,per_run_oof
qwen2p5_14b__math_test_00464_979fe366__temp0.10__seed7,0.006414275965161843,,14,per_run_oof
qwen2p5_14b__math_test_00464_979fe366__temp0.60__seed7,0.18071908523241506,,14,per_run_oof
qwen2p5_14b__math_test_00464_979fe366__temp1.00__seed7,0.37010593700638406,,14,per_run_oof
qwen2p5_14b__math_test_00465_240ca4d8__temp0.10__seed7,0.03399290803408842,,14,per_run_oof
qwen2p5_14b__math_test_00465_240ca4d8__temp0.60__seed7,0.06918611918560699,,14,per_run_oof
qwen2p5_14b__math_test_00465_240ca4d8__temp1.00__seed7,0.05295963548829533,,14,per_run_oof
qwen2p5_14b__math_test_00466_b3ac660a__temp0.10__seed7,0.0051548003320226205,,14,per_run_oof
qwen2p5_14b__math_test_00466_b3ac660a__temp0.60__seed7,0.3273672672415038,,14,per_run_oof
qwen2p5_14b__math_test_00466_b3ac660a__temp1.00__seed7,0.010119694364306956,1.0,14,per_run_oof
qwen2p5_14b__math_test_00467_eaadd0bc__temp0.10__seed7,0.05716766187413528,,14,per_run_oof
qwen2p5_14b__math_test_00467_eaadd0bc__temp0.60__seed7,0.09187941447709512,1.0,14,per_run_oof
qwen2p5_14b__math_test_00467_eaadd0bc__temp1.00__seed7,0.08344412136263413,0.9230769230769231,14,per_run_oof
qwen2p5_14b__math_test_00468_67c8ff7f__temp0.10__seed7,0.012475428591876572,,14,per_run_oof
qwen2p5_14b__math_test_00468_67c8ff7f__temp0.60__seed7,0.09531053588034201,,14,per_run_oof
qwen2p5_14b__math_test_00468_67c8ff7f__temp1.00__seed7,0.06876877537792427,1.0,14,per_run_oof
qwen2p5_14b__math_test_00469_bfdb0295__temp0.10__seed7,0.005084586896294278,,14,per_run_oof
qwen2p5_14b__math_test_00469_bfdb0295__temp0.60__seed7,0.03395621091164754,1.0,14,per_run_oof
qwen2p5_14b__math_test_00469_bfdb0295__temp1.00__seed7,0.4523953028584589,,14,per_run_oof
qwen2p5_14b__math_test_00470_5db3c51e__temp0.10__seed7,0.009351204967074344,,14,per_run_oof
qwen2p5_14b__math_test_00470_5db3c51e__temp0.60__seed7,0.2346105048914425,,14,per_run_oof
qwen2p5_14b__math_test_00470_5db3c51e__temp1.00__seed7,0.04724796535896619,,14,per_run_oof
qwen2p5_14b__math_test_00471_3d41e63d__temp0.10__seed7,0.009815970843250699,,14,per_run_oof
qwen2p5_14b__math_test_00471_3d41e63d__temp0.60__seed7,0.1897793319929117,,14,per_run_oof
qwen2p5_14b__math_test_00471_3d41e63d__temp1.00__seed7,0.009227142127131343,,14,per_run_oof
qwen2p5_14b__math_test_00472_4acb3f94__temp0.10__seed7,0.3767923268385764,,14,per_run_oof
qwen2p5_14b__math_test_00472_4acb3f94__temp0.60__seed7,0.10749963115292503,,14,per_run_oof
qwen2p5_14b__math_test_00472_4acb3f94__temp1.00__seed7,0.02139572543454721,,14,per_run_oof
qwen2p5_14b__math_test_00473_e294330c__temp0.10__seed7,0.4218864772824814,,14,per_run_oof
qwen2p5_14b__math_test_00473_e294330c__temp0.60__seed7,0.35280943708061635,,14,per_run_oof
qwen2p5_14b__math_test_00473_e294330c__temp1.00__seed7,0.10795482288475326,1.0,14,per_run_oof
qwen2p5_14b__math_test_00474_e8b47eda__temp0.10__seed7,0.14234152076708764,1.0,14,per_run_oof
qwen2p5_14b__math_test_00474_e8b47eda__temp0.60__seed7,0.08424605107327418,1.0,14,per_run_oof
qwen2p5_14b__math_test_00474_e8b47eda__temp1.00__seed7,0.04299803391430338,1.0,14,per_run_oof
qwen2p5_14b__math_test_00475_f189eb4d__temp0.10__seed7,0.17843360095188296,1.0,14,per_run_oof
qwen2p5_14b__math_test_00475_f189eb4d__temp0.60__seed7,0.06107517486820781,1.0,14,per_run_oof
qwen2p5_14b__math_test_00475_f189eb4d__temp1.00__seed7,0.006436543839983744,,14,per_run_oof
qwen2p5_14b__math_test_00476_1c3d9d93__temp0.10__seed7,0.021707473459899953,1.0,14,per_run_oof
qwen2p5_14b__math_test_00476_1c3d9d93__temp0.60__seed7,0.047659866843105456,,14,per_run_oof
qwen2p5_14b__math_test_00476_1c3d9d93__temp1.00__seed7,0.008317872207341195,,14,per_run_oof
qwen2p5_14b__math_test_00477_9c19e671__temp0.10__seed7,0.021542113207976027,,14,per_run_oof
qwen2p5_14b__math_test_00477_9c19e671__temp0.60__seed7,0.02169670633608997,1.0,14,per_run_oof
qwen2p5_14b__math_test_00477_9c19e671__temp1.00__seed7,0.1005950015490911,0.9393939393939393,14,per_run_oof
qwen2p5_14b__math_test_00478_bde3ec32__temp0.10__seed7,0.4064739309522161,,14,per_run_oof
qwen2p5_14b__math_test_00478_bde3ec32__temp0.60__seed7,0.3984382579316699,,14,per_run_oof
qwen2p5_14b__math_test_00478_bde3ec32__temp1.00__seed7,0.12239269546295894,,14,per_run_oof
qwen2p5_14b__math_test_00479_aea5556d__temp0.10__seed7,0.5530799570718101,0.8,14,per_run_oof
qwen2p5_14b__math_test_00479_aea5556d__temp0.60__seed7,0.003386177917033638,,14,per_run_oof
qwen2p5_14b__math_test_00479_aea5556d__temp1.00__seed7,0.17148554750189024,0.925,14,per_run_oof
qwen2p5_14b__math_test_00480_fb9447b2__temp0.10__seed7,0.016013847529760518,,14,per_run_oof
qwen2p5_14b__math_test_00480_fb9447b2__temp0.60__seed7,0.1022677377253897,,14,per_run_oof
qwen2p5_14b__math_test_00480_fb9447b2__temp1.00__seed7,0.03189581505660767,,14,per_run_oof
qwen2p5_14b__math_test_00481_47b01624__temp0.10__seed7,0.08654127162423363,1.0,14,per_run_oof
qwen2p5_14b__math_test_00481_47b01624__temp0.60__seed7,0.07144371895310644,1.0,14,per_run_oof
qwen2p5_14b__math_test_00481_47b01624__temp1.00__seed7,0.19497322863563418,0.9230769230769231,14,per_run_oof
qwen2p5_14b__math_test_00482_84ec0b89__temp0.10__seed7,0.25031745322596033,,14,per_run_oof
qwen2p5_14b__math_test_00482_84ec0b89__temp0.60__seed7,0.48995033211671163,,14,per_run_oof
qwen2p5_14b__math_test_00482_84ec0b89__temp1.00__seed7,0.32010497346848965,,14,per_run_oof
qwen2p5_14b__math_test_00483_053f5644__temp0.10__seed7,0.06995518744467229,0.9696969696969697,14,per_run_oof
qwen2p5_14b__math_test_00483_053f5644__temp0.60__seed7,0.15907904337657294,0.8571428571428572,14,per_run_oof
qwen2p5_14b__math_test_00483_053f5644__temp1.00__seed7,0.04122088564628963,1.0,14,per_run_oof
qwen2p5_14b__math_test_00484_f2cd6be7__temp0.10__seed7,0.01175262513188523,,14,per_run_oof
qwen2p5_14b__math_test_00484_f2cd6be7__temp0.60__seed7,0.027198253943364524,,14,per_run_oof
qwen2p5_14b__math_test_00484_f2cd6be7__temp1.00__seed7,0.17391519086126,,14,per_run_oof
qwen2p5_14b__math_test_00485_25a9bc12__temp0.10__seed7,0.5102842849266221,,14,per_run_oof
qwen2p5_14b__math_test_00485_25a9bc12__temp0.60__seed7,0.6965972409632248,,14,per_run_oof
qwen2p5_14b__math_test_00485_25a9bc12__temp1.00__seed7,0.10096466117743116,,14,per_run_oof
qwen2p5_14b__math_test_00486_11e9a1ba__temp0.10__seed7,0.03797655723534123,1.0,14,per_run_oof
qwen2p5_14b__math_test_00486_11e9a1ba__temp0.60__seed7,0.22112796683854294,,14,per_run_oof
qwen2p5_14b__math_test_00486_11e9a1ba__temp1.00__seed7,0.05166431454315915,,14,per_run_oof
qwen2p5_14b__math_test_00487_f5dafb4d__temp0.10__seed7,0.2072009869489412,1.0,14,per_run_oof
qwen2p5_14b__math_test_00487_f5dafb4d__temp0.60__seed7,0.22832607791420081,,14,per_run_oof
qwen2p5_14b__math_test_00487_f5dafb4d__temp1.00__seed7,0.014359882550752504,1.0,14,per_run_oof
qwen2p5_14b__math_test_00488_9e69b5fd__temp0.10__seed7,0.006276712942682555,,14,per_run_oof
qwen2p5_14b__math_test_00488_9e69b5fd__temp0.60__seed7,0.008392621536100207,,14,per_run_oof
qwen2p5_14b__math_test_00488_9e69b5fd__temp1.00__seed7,0.029856564558336636,,14,per_run_oof
qwen2p5_14b__math_test_00489_873b5ba3__temp0.10__seed7,0.00996634097801903,,14,per_run_oof
qwen2p5_14b__math_test_00489_873b5ba3__temp0.60__seed7,0.006563352141578657,,14,per_run_oof
qwen2p5_14b__math_test_00489_873b5ba3__temp1.00__seed7,0.03402494475753931,1.0,14,per_run_oof
qwen2p5_14b__math_test_00490_548caf2b__temp0.10__seed7,0.008815992953800748,,14,per_run_oof
qwen2p5_14b__math_test_00490_548caf2b__temp0.60__seed7,0.001818256393464355,,14,per_run_oof
qwen2p5_14b__math_test_00490_548caf2b__temp1.00__seed7,0.035001139605710795,,14,per_run_oof
qwen2p5_14b__math_test_00491_323b91c4__temp0.10__seed7,0.008297650124982885,,14,per_run_oof
qwen2p5_14b__math_test_00491_323b91c4__temp0.60__seed7,0.4562791151055216,,14,per_run_oof
qwen2p5_14b__math_test_00491_323b91c4__temp1.00__seed7,0.010347935228710163,,14,per_run_oof
qwen2p5_14b__math_test_00492_c9945122__temp0.10__seed7,0.14795680882735793,,14,per_run_oof
qwen2p5_14b__math_test_00492_c9945122__temp0.60__seed7,0.03020525123454046,1.0,14,per_run_oof
qwen2p5_14b__math_test_00492_c9945122__temp1.00__seed7,0.019927294321488653,1.0,14,per_run_oof
qwen2p5_14b__math_test_00493_3f0c6e0c__temp0.10__seed7,0.5128252885353705,0.125,14,per_run_oof
qwen2p5_14b__math_test_00493_3f0c6e0c__temp0.60__seed7,0.08928840258891342,1.0,14,per_run_oof
qwen2p5_14b__math_test_00493_3f0c6e0c__temp1.00__seed7,0.15080354054754327,,14,per_run_oof
qwen2p5_14b__math_test_00494_b8d8e1ef__temp0.10__seed7,0.6454439407280573,,14,per_run_oof
qwen2p5_14b__math_test_00494_b8d8e1ef__temp0.60__seed7,0.6153224977772443,,14,per_run_oof
qwen2p5_14b__math_test_00494_b8d8e1ef__temp1.00__seed7,0.09954070111866624,,14,per_run_oof
qwen2p5_14b__math_test_00495_63ae400e__temp0.10__seed7,0.2116762680301713,,14,per_run_oof
qwen2p5_14b__math_test_00495_63ae400e__temp0.60__seed7,0.1252246107231672,0.9777777777777779,14,per_run_oof
qwen2p5_14b__math_test_00495_63ae400e__temp1.00__seed7,0.3495145481391102,0.7551020408163265,14,per_run_oof
qwen2p5_14b__math_test_00496_401665a3__temp0.10__seed7,0.2455620077722161,0.8222222222222223,14,per_run_oof
qwen2p5_14b__math_test_00496_401665a3__temp0.60__seed7,0.4985660034674669,,14,per_run_oof
qwen2p5_14b__math_test_00496_401665a3__temp1.00__seed7,0.08079270727660777,,14,per_run_oof
qwen2p5_14b__math_test_00497_8d507426__temp0.10__seed7,0.2512930408575251,1.0,14,per_run_oof
qwen2p5_14b__math_test_00497_8d507426__temp0.60__seed7,0.06769220651525605,1.0,14,per_run_oof
qwen2p5_14b__math_test_00497_8d507426__temp1.00__seed7,0.15177831745876366,0.9583333333333334,14,per_run_oof
qwen2p5_14b__math_test_00498_743e3572__temp0.10__seed7,0.4978124115779039,,14,per_run_oof
qwen2p5_14b__math_test_00498_743e3572__temp0.60__seed7,0.022620032493664708,,14,per_run_oof
qwen2p5_14b__math_test_00498_743e3572__temp1.00__seed7,0.21323956922422221,,14,per_run_oof
qwen2p5_14b__math_test_00499_c3a514a9__temp0.10__seed7,0.32073726990360585,,14,per_run_oof
qwen2p5_14b__math_test_00499_c3a514a9__temp0.60__seed7,0.06580902178817287,,14,per_run_oof
qwen2p5_14b__math_test_00499_c3a514a9__temp1.00__seed7,0.10737854001109795,1.0,14,per_run_oof
__pooled__,0.13187242873215466,0.8964863837626391,21000,pooled_oof
