phase,temperature,seed,step,requested_batch_size,realized_batch_size,prompt_tokens,generated_tokens,wall_clock_seconds,examples_per_second,tokens_per_second,tokenize_seconds,generation_seconds,forward_seconds,postprocess_seconds,hidden_state_write_seconds,gpu_memory_allocated_gb,gpu_memory_reserved_gb,gpu_max_memory_allocated_gb,gpu_max_memory_reserved_gb,split_count,oom_retry_count
generate,0.1,7,1,4,4,1014,554,36.98072999799979,0.10816444132434248,14.980775123421434,0.0024967949998426775,36.16793572400002,0.7968913310000971,0.012976631000128691,0.0,4.794919013977051,13.427734375,4.8975911140441895,13.427734375,1,0
generate,0.1,7,2,4,4,1272,294,14.854747132999819,0.26927418987254254,19.791652955631875,0.0025202710003213724,14.13139083499982,0.7155917029999728,0.005020310000418249,0.0,4.696319580078125,13.427734375,4.798554420471191,13.427734375,1,0
hidden_state_write,0.1,7,0,4,4,0,0,0.019919181000204844,,,0.0,0.0,0.0,0.0,0.019919181000204844,3.862009048461914,13.427734375,4.798554420471191,13.427734375,0,0
generate,0.1,7,1,4,4,1053,699,33.750624797,0.11851632448462254,20.71072770368779,0.0019470140000521496,32.934395092999694,0.806171440000071,0.007811557999957586,0.0,4.789609909057617,13.427734375,4.884833812713623,13.427734375,1,0
generate,0.1,7,2,4,4,1676,399,20.2215199379998,0.19780906738287732,19.731454471442014,0.002601713000331074,19.25583260400026,0.9575875059999817,0.005264219999844499,0.0,4.979693412780762,13.427734375,5.079591274261475,13.427734375,1,0
hidden_state_write,0.1,7,0,4,4,0,0,0.0199074419997487,,,0.0,0.0,0.0,0.0,0.0199074419997487,3.862009048461914,13.427734375,5.079591274261475,13.427734375,0,0
generate,0.1,7,1,4,4,1088,458,20.07225149399983,0.199280085803813,22.81756982453659,0.0021090840000397293,19.336194826000337,0.7287927809998109,0.004854181000155222,0.0,4.709020614624023,13.427734375,4.808074951171875,13.427734375,1,0
generate,0.1,7,2,4,4,1470,355,17.845645686999887,0.22414431341724447,19.892807815780447,0.0026853790000131994,16.97895643799984,0.8588174219999019,0.004905730000245967,0.0,4.871250152587891,13.427734375,4.970739841461182,13.427734375,1,0
hidden_state_write,0.1,7,0,4,4,0,0,0.02009116199951677,,,0.0,0.0,0.0,0.0,0.02009116199951677,3.862009048461914,13.427734375,4.970739841461182,13.427734375,0,0
