phase,temperature,seed,step,requested_batch_size,realized_batch_size,prompt_tokens,generated_tokens,wall_clock_seconds,examples_per_second,tokens_per_second,tokenize_seconds,generation_seconds,forward_seconds,postprocess_seconds,hidden_state_write_seconds,gpu_memory_allocated_gb,gpu_memory_reserved_gb,gpu_max_memory_allocated_gb,gpu_max_memory_reserved_gb,split_count,oom_retry_count
generate,0.1,7,1,4,4,1014,455,13.138876051999887,0.3044400437426422,34.63005497572556,0.002335068999855139,12.594104553999841,0.5344612940002662,0.007588700999804132,0.0,14.301870822906494,14.552734375,14.339508056640625,14.552734375,1,0
generate,0.1,7,2,4,4,1394,322,7.739080104000095,0.516857293922119,41.60701216073058,0.001775982999788539,7.125213983000322,0.6080054389999532,0.003875699999753124,0.0,14.357787609100342,14.724609375,14.40198802947998,14.724609375,1,0
hidden_state_write,0.1,7,0,4,4,0,0,0.019620861000475998,,,0.0,0.0,0.0,0.0,0.019620861000475998,13.50843095779419,14.724609375,14.40198802947998,14.724609375,0,0
generate,0.1,7,1,4,4,1053,527,14.024264079999739,0.28521995715300835,37.577729354908854,0.0018209189997833164,13.4073337789996,0.6076998000003186,0.007148579999920912,0.0,14.355432033538818,14.724609375,14.395764827728271,14.724609375,1,0
generate,0.1,7,2,4,4,1505,335,9.915999077999913,0.40338850059744175,33.78378692503575,0.0022929149999981746,9.183717949999846,0.7243308499996601,0.005455125000025873,0.0,14.516916751861572,15.115234375,14.573018550872803,15.115234375,1,0
hidden_state_write,0.1,7,0,4,4,0,0,0.020063183000729623,,,0.0,0.0,0.0,0.0,0.020063183000729623,13.50843095779419,15.115234375,14.573018550872803,15.115234375,0,0
