phase,temperature,seed,step,requested_batch_size,realized_batch_size,prompt_tokens,generated_tokens,wall_clock_seconds,examples_per_second,tokens_per_second,tokenize_seconds,generation_seconds,forward_seconds,postprocess_seconds,hidden_state_write_seconds,gpu_memory_allocated_gb,gpu_memory_reserved_gb,gpu_max_memory_allocated_gb,gpu_max_memory_reserved_gb,split_count,oom_retry_count
generate,0.1,7,1,2,2,530,327,44.84735347700007,0.044595719589689914,7.2914001529143,0.0021798600000693114,44.19926481699986,0.6408200990003934,0.004707837999831099,0.0,7.463691711425781,13.1640625,7.9149932861328125,13.1640625,1,0
generate,0.1,7,2,2,2,820,223,30.657344305999686,0.06523722276911628,7.273950338756465,0.0022313059998850804,29.89950568999984,0.7521694120000575,0.003141762999803177,0.0,7.567368507385254,13.166015625,8.022976875305176,13.166015625,1,0
hidden_state_write,0.1,7,0,2,2,0,0,0.009957114000371803,,,0.0,0.0,0.0,0.0,0.009957114000371803,7.016132354736328,13.166015625,8.022976875305176,13.166015625,0,0
generate,0.1,7,1,2,2,484,209,25.515199897000002,0.07838464946673429,8.191195869273733,0.00165748600011284,24.978105806999793,0.5330813850000595,0.002087574000142922,0.0,7.353270053863525,13.2421875,7.822798728942871,13.2421875,1,0
generate,0.1,7,2,2,2,655,193,22.266878383999938,0.08981950525391641,8.667582257002932,0.0015647810000700701,21.67970117499999,0.5836425630000122,0.001795948000108183,0.0,7.41499662399292,13.2421875,7.879279136657715,13.2421875,1,0
hidden_state_write,0.1,7,0,2,2,0,0,0.009997413000292,,,0.0,0.0,0.0,0.0,0.009997413000292,7.016055583953857,13.2421875,7.879279136657715,13.2421875,0,0
