phase,temperature,seed,step,requested_batch_size,realized_batch_size,prompt_tokens,generated_tokens,wall_clock_seconds,examples_per_second,tokens_per_second,tokenize_seconds,generation_seconds,forward_seconds,postprocess_seconds,hidden_state_write_seconds,gpu_memory_allocated_gb,gpu_memory_reserved_gb,gpu_max_memory_allocated_gb,gpu_max_memory_reserved_gb,split_count,oom_retry_count
generate,0.1,7,1,1,1,212,99,9.038940353000044,0.11063243709403368,10.952611272309335,0.0020579419999648962,8.839358056000037,0.18470392400013225,0.003991033999909632,0.0,4.012104034423828,13.4609375,4.109639644622803,13.4609375,1,0
generate,0.1,7,2,1,1,292,113,8.801276485000017,0.11361988249139728,12.839046721527893,0.0011934980000205542,8.58191482899997,0.2168111419998695,0.0011449989999618992,0.0,4.077460289001465,13.478515625,4.173396110534668,13.478515625,1,0
hidden_state_write,0.1,7,0,1,1,0,0,0.005257385000049908,,,0.0,0.0,0.0,0.0,0.005257385000049908,3.862009048461914,13.478515625,4.173396110534668,13.478515625,0,0
generate,0.1,7,1,1,1,212,95,7.409553688999949,0.13496089534847108,12.821285058104753,0.0009714180000628403,7.222457493000093,0.18472952199999781,0.001118921999932354,0.0,4.009967803955078,13.478515625,4.107987403869629,13.478515625,1,0
generate,0.1,7,2,1,1,288,128,9.310331123999958,0.1074075654970233,13.748168383618982,0.0011366139999609004,9.098185081999873,0.2096806980000565,0.0011153159998684714,0.0,4.080527305603027,13.478515625,4.174478054046631,13.478515625,1,0
hidden_state_write,0.1,7,0,1,1,0,0,0.005289171999947939,,,0.0,0.0,0.0,0.0,0.005289171999947939,3.862009048461914,13.478515625,4.174478054046631,13.478515625,0,0
