run_id,brier,auc,n,scope
phi_4_mini_instruct__math_test_00000_5a6bb412__temp0.10__seed7,0.15653003369769045,,14,per_run_oof
phi_4_mini_instruct__math_test_00000_5a6bb412__temp0.60__seed7,0.14972151992748156,0.0,14,per_run_oof
phi_4_mini_instruct__math_test_00000_5a6bb412__temp1.00__seed7,0.10549895108565274,,14,per_run_oof
phi_4_mini_instruct__math_test_00001_28176864__temp0.10__seed7,0.2665176182525982,,14,per_run_oof
phi_4_mini_instruct__math_test_00001_28176864__temp0.60__seed7,0.3232021423215931,,14,per_run_oof
phi_4_mini_instruct__math_test_00001_28176864__temp1.00__seed7,0.14788238725194952,0.6923076923076923,14,per_run_oof
phi_4_mini_instruct__math_test_00002_12859ab8__temp0.10__seed7,0.22704095998553542,,14,per_run_oof
phi_4_mini_instruct__math_test_00002_12859ab8__temp0.60__seed7,0.14900599172677004,0.9333333333333333,14,per_run_oof
phi_4_mini_instruct__math_test_00002_12859ab8__temp1.00__seed7,0.16053775220903937,0.6923076923076923,14,per_run_oof
phi_4_mini_instruct__math_test_00003_b88cddac__temp0.10__seed7,0.13051372713856454,,14,per_run_oof
phi_4_mini_instruct__math_test_00003_b88cddac__temp0.60__seed7,0.27457479948131025,,14,per_run_oof
phi_4_mini_instruct__math_test_00003_b88cddac__temp1.00__seed7,0.3286446361323598,,14,per_run_oof
phi_4_mini_instruct__math_test_00004_d6afb929__temp0.10__seed7,0.33700478478679863,,14,per_run_oof
phi_4_mini_instruct__math_test_00004_d6afb929__temp0.60__seed7,0.18286709718788716,,14,per_run_oof
phi_4_mini_instruct__math_test_00004_d6afb929__temp1.00__seed7,0.23592502252028322,,14,per_run_oof
phi_4_mini_instruct__math_test_00005_82ab404f__temp0.10__seed7,0.1730590957160508,,14,per_run_oof
phi_4_mini_instruct__math_test_00005_82ab404f__temp0.60__seed7,0.14697656731259232,,14,per_run_oof
phi_4_mini_instruct__math_test_00005_82ab404f__temp1.00__seed7,0.2003808171216361,,14,per_run_oof
phi_4_mini_instruct__math_test_00006_27e7448e__temp0.10__seed7,0.16373803401198156,,14,per_run_oof
phi_4_mini_instruct__math_test_00006_27e7448e__temp0.60__seed7,0.26033863158698256,,14,per_run_oof
phi_4_mini_instruct__math_test_00006_27e7448e__temp1.00__seed7,0.26260331527053243,,14,per_run_oof
phi_4_mini_instruct__math_test_00007_8a27500a__temp0.10__seed7,0.10839012890665287,,14,per_run_oof
phi_4_mini_instruct__math_test_00007_8a27500a__temp0.60__seed7,0.12326636265153497,,14,per_run_oof
phi_4_mini_instruct__math_test_00007_8a27500a__temp1.00__seed7,0.3363111691045476,,14,per_run_oof
phi_4_mini_instruct__math_test_00008_e894d48c__temp0.10__seed7,0.15076304134354407,,14,per_run_oof
phi_4_mini_instruct__math_test_00008_e894d48c__temp0.60__seed7,0.1363749951660353,0.9230769230769231,14,per_run_oof
phi_4_mini_instruct__math_test_00008_e894d48c__temp1.00__seed7,0.13552132612378753,0.9230769230769231,14,per_run_oof
phi_4_mini_instruct__math_test_00009_99c62e67__temp0.10__seed7,0.15683859542493597,,14,per_run_oof
phi_4_mini_instruct__math_test_00009_99c62e67__temp0.60__seed7,0.14204064689945237,,14,per_run_oof
phi_4_mini_instruct__math_test_00009_99c62e67__temp1.00__seed7,0.10372131985939193,,14,per_run_oof
phi_4_mini_instruct__math_test_00010_88e977e0__temp0.10__seed7,0.21933514723357367,,14,per_run_oof
phi_4_mini_instruct__math_test_00010_88e977e0__temp0.60__seed7,0.10452555095289874,,14,per_run_oof
phi_4_mini_instruct__math_test_00010_88e977e0__temp1.00__seed7,0.15285337323888232,,14,per_run_oof
phi_4_mini_instruct__math_test_00011_3e051151__temp0.10__seed7,0.21868075856301125,0.8444444444444444,14,per_run_oof
phi_4_mini_instruct__math_test_00011_3e051151__temp0.60__seed7,0.17477352289018364,0.7708333333333333,14,per_run_oof
phi_4_mini_instruct__math_test_00011_3e051151__temp1.00__seed7,0.18101669889792515,0.7111111111111111,14,per_run_oof
phi_4_mini_instruct__math_test_00012_2ce46331__temp0.10__seed7,0.21054407834785177,,14,per_run_oof
phi_4_mini_instruct__math_test_00012_2ce46331__temp0.60__seed7,0.1212459725808787,,14,per_run_oof
phi_4_mini_instruct__math_test_00012_2ce46331__temp1.00__seed7,0.16603211250116032,,14,per_run_oof
phi_4_mini_instruct__math_test_00013_3fae6c79__temp0.10__seed7,0.5366615294865403,,14,per_run_oof
phi_4_mini_instruct__math_test_00013_3fae6c79__temp0.60__seed7,0.17770392570847446,0.8444444444444444,14,per_run_oof
phi_4_mini_instruct__math_test_00013_3fae6c79__temp1.00__seed7,0.11438527612332938,0.979591836734694,14,per_run_oof
phi_4_mini_instruct__math_test_00014_4bed628b__temp0.10__seed7,0.4307153082705915,,14,per_run_oof
phi_4_mini_instruct__math_test_00014_4bed628b__temp0.60__seed7,0.4024498512935738,,14,per_run_oof
phi_4_mini_instruct__math_test_00014_4bed628b__temp1.00__seed7,0.2345332328951206,0.6122448979591837,14,per_run_oof
phi_4_mini_instruct__math_test_00015_04ca2ad3__temp0.10__seed7,0.1670376846923409,,14,per_run_oof
phi_4_mini_instruct__math_test_00015_04ca2ad3__temp0.60__seed7,0.09420102500286735,,14,per_run_oof
phi_4_mini_instruct__math_test_00015_04ca2ad3__temp1.00__seed7,0.18027450123896374,,14,per_run_oof
phi_4_mini_instruct__math_test_00016_da610902__temp0.10__seed7,0.10484713172281132,,14,per_run_oof
phi_4_mini_instruct__math_test_00016_da610902__temp0.60__seed7,0.10380751877295281,1.0,14,per_run_oof
phi_4_mini_instruct__math_test_00016_da610902__temp1.00__seed7,0.10300513470629742,1.0,14,per_run_oof
phi_4_mini_instruct__math_test_00017_c6ed297b__temp0.10__seed7,0.22304872052512076,0.4666666666666667,14,per_run_oof
phi_4_mini_instruct__math_test_00017_c6ed297b__temp0.60__seed7,0.15623636894281806,,14,per_run_oof
phi_4_mini_instruct__math_test_00017_c6ed297b__temp1.00__seed7,0.14357977122982132,0.8461538461538461,14,per_run_oof
phi_4_mini_instruct__math_test_00018_407dceb0__temp0.10__seed7,0.11243064338945284,1.0,14,per_run_oof
phi_4_mini_instruct__math_test_00018_407dceb0__temp0.60__seed7,0.3297222814147524,0.7692307692307692,14,per_run_oof
phi_4_mini_instruct__math_test_00018_407dceb0__temp1.00__seed7,0.16971935252130313,0.9,14,per_run_oof
phi_4_mini_instruct__math_test_00019_646b1b85__temp0.10__seed7,0.34439648022826985,0.35,14,per_run_oof
phi_4_mini_instruct__math_test_00019_646b1b85__temp0.60__seed7,0.2556165404122449,0.7692307692307692,14,per_run_oof
phi_4_mini_instruct__math_test_00019_646b1b85__temp1.00__seed7,0.3300405858611676,0.6923076923076923,14,per_run_oof
phi_4_mini_instruct__math_test_00020_f9bb4c02__temp0.10__seed7,0.11972421814976153,,14,per_run_oof
phi_4_mini_instruct__math_test_00020_f9bb4c02__temp0.60__seed7,0.14801501645740206,,14,per_run_oof
phi_4_mini_instruct__math_test_00020_f9bb4c02__temp1.00__seed7,0.1157640525321985,,14,per_run_oof
phi_4_mini_instruct__math_test_00021_b40f659d__temp0.10__seed7,0.1656561218317746,0.75,14,per_run_oof
phi_4_mini_instruct__math_test_00021_b40f659d__temp0.60__seed7,0.13292330722480253,0.15384615384615385,14,per_run_oof
phi_4_mini_instruct__math_test_00021_b40f659d__temp1.00__seed7,0.12275710358979908,1.0,14,per_run_oof
phi_4_mini_instruct__math_test_00022_8fba220b__temp0.10__seed7,0.3120853927892136,0.8461538461538461,14,per_run_oof
phi_4_mini_instruct__math_test_00022_8fba220b__temp0.60__seed7,0.2581186619550463,0.25,14,per_run_oof
phi_4_mini_instruct__math_test_00022_8fba220b__temp1.00__seed7,0.2723625059060454,0.6000000000000001,14,per_run_oof
phi_4_mini_instruct__math_test_00023_998c2d9c__temp0.10__seed7,0.1178192112962587,,14,per_run_oof
phi_4_mini_instruct__math_test_00023_998c2d9c__temp0.60__seed7,0.12160627173241467,,14,per_run_oof
phi_4_mini_instruct__math_test_00023_998c2d9c__temp1.00__seed7,0.13770241059660568,,14,per_run_oof
phi_4_mini_instruct__math_test_00024_f928c750__temp0.10__seed7,0.20454330343168178,0.15384615384615385,14,per_run_oof
phi_4_mini_instruct__math_test_00024_f928c750__temp0.60__seed7,0.1284245685103732,,14,per_run_oof
phi_4_mini_instruct__math_test_00024_f928c750__temp1.00__seed7,0.32344285185547045,,14,per_run_oof
phi_4_mini_instruct__math_test_00025_4388bd76__temp0.10__seed7,0.1350507212265326,,14,per_run_oof
phi_4_mini_instruct__math_test_00025_4388bd76__temp0.60__seed7,0.3221125715465424,,14,per_run_oof
phi_4_mini_instruct__math_test_00025_4388bd76__temp1.00__seed7,0.16695945781873506,,14,per_run_oof
phi_4_mini_instruct__math_test_00026_4945051e__temp0.10__seed7,0.3365684830593074,0.3877551020408163,14,per_run_oof
phi_4_mini_instruct__math_test_00026_4945051e__temp0.60__seed7,0.28380008587246697,0.15384615384615385,14,per_run_oof
phi_4_mini_instruct__math_test_00026_4945051e__temp1.00__seed7,0.25806823309314486,0.07692307692307687,14,per_run_oof
phi_4_mini_instruct__math_test_00027_9d852676__temp0.10__seed7,0.31905474812019274,,14,per_run_oof
phi_4_mini_instruct__math_test_00027_9d852676__temp0.60__seed7,0.2655666942640234,,14,per_run_oof
phi_4_mini_instruct__math_test_00027_9d852676__temp1.00__seed7,0.16959391087153003,,14,per_run_oof
phi_4_mini_instruct__math_test_00028_a585adcc__temp0.10__seed7,0.4300215259743774,,14,per_run_oof
phi_4_mini_instruct__math_test_00028_a585adcc__temp0.60__seed7,0.4705845489465503,,14,per_run_oof
phi_4_mini_instruct__math_test_00028_a585adcc__temp1.00__seed7,0.4019570860419047,,14,per_run_oof
phi_4_mini_instruct__math_test_00029_1b84e405__temp0.10__seed7,0.23652793809077782,,14,per_run_oof
phi_4_mini_instruct__math_test_00029_1b84e405__temp0.60__seed7,0.355887928702766,0.375,14,per_run_oof
phi_4_mini_instruct__math_test_00029_1b84e405__temp1.00__seed7,0.15335662912644307,0.8461538461538461,14,per_run_oof
phi_4_mini_instruct__math_test_00030_a477f137__temp0.10__seed7,0.13664626955441422,,14,per_run_oof
phi_4_mini_instruct__math_test_00030_a477f137__temp0.60__seed7,0.1147074639383693,,14,per_run_oof
phi_4_mini_instruct__math_test_00030_a477f137__temp1.00__seed7,0.07437929783662309,,14,per_run_oof
phi_4_mini_instruct__math_test_00031_1bbccbd2__temp0.10__seed7,0.23824709454776286,,14,per_run_oof
phi_4_mini_instruct__math_test_00031_1bbccbd2__temp0.60__seed7,0.16178384885639616,,14,per_run_oof
phi_4_mini_instruct__math_test_00031_1bbccbd2__temp1.00__seed7,0.11610954467302591,,14,per_run_oof
phi_4_mini_instruct__math_test_00032_f08fb3bb__temp0.10__seed7,0.22369796133492786,0.6875,14,per_run_oof
phi_4_mini_instruct__math_test_00032_f08fb3bb__temp0.60__seed7,0.1599143935397578,0.6666666666666666,14,per_run_oof
phi_4_mini_instruct__math_test_00032_f08fb3bb__temp1.00__seed7,0.29248863322382046,0.6153846153846154,14,per_run_oof
phi_4_mini_instruct__math_test_00033_0f789c1f__temp0.10__seed7,0.26227827484099747,0.07692307692307687,14,per_run_oof
phi_4_mini_instruct__math_test_00033_0f789c1f__temp0.60__seed7,0.21130242906406987,,14,per_run_oof
phi_4_mini_instruct__math_test_00033_0f789c1f__temp1.00__seed7,0.1389376228798068,1.0,14,per_run_oof
phi_4_mini_instruct__math_test_00034_dae3e9e5__temp0.10__seed7,0.08342334659599736,,14,per_run_oof
phi_4_mini_instruct__math_test_00034_dae3e9e5__temp0.60__seed7,0.10096819275125701,,14,per_run_oof
phi_4_mini_instruct__math_test_00034_dae3e9e5__temp1.00__seed7,0.21364771101712782,,14,per_run_oof
phi_4_mini_instruct__math_test_00035_f144cd5e__temp0.10__seed7,0.2821007810446297,,14,per_run_oof
phi_4_mini_instruct__math_test_00035_f144cd5e__temp0.60__seed7,0.1900926935294481,,14,per_run_oof
phi_4_mini_instruct__math_test_00035_f144cd5e__temp1.00__seed7,0.3394003930149297,,14,per_run_oof
phi_4_mini_instruct__math_test_00036_ccf4238b__temp0.10__seed7,0.12907586541133506,0.8666666666666667,14,per_run_oof
phi_4_mini_instruct__math_test_00036_ccf4238b__temp0.60__seed7,0.12671479129135785,0.9583333333333333,14,per_run_oof
phi_4_mini_instruct__math_test_00036_ccf4238b__temp1.00__seed7,0.20750225999501098,0.15384615384615385,14,per_run_oof
phi_4_mini_instruct__math_test_00037_2426e280__temp0.10__seed7,0.4137718359327072,,14,per_run_oof
phi_4_mini_instruct__math_test_00037_2426e280__temp0.60__seed7,0.2151980671964135,0.6938775510204082,14,per_run_oof
phi_4_mini_instruct__math_test_00037_2426e280__temp1.00__seed7,0.15012437029319356,,14,per_run_oof
phi_4_mini_instruct__math_test_00038_0e7cb690__temp0.10__seed7,0.12929896330590865,,14,per_run_oof
phi_4_mini_instruct__math_test_00038_0e7cb690__temp0.60__seed7,0.308315246892387,,14,per_run_oof
phi_4_mini_instruct__math_test_00038_0e7cb690__temp1.00__seed7,0.3316892858332633,,14,per_run_oof
phi_4_mini_instruct__math_test_00039_8ba6a72a__temp0.10__seed7,0.17974655719628374,0.8444444444444444,14,per_run_oof
phi_4_mini_instruct__math_test_00039_8ba6a72a__temp0.60__seed7,0.1433540613661113,0.8500000000000001,14,per_run_oof
phi_4_mini_instruct__math_test_00039_8ba6a72a__temp1.00__seed7,0.24497097322991676,,14,per_run_oof
phi_4_mini_instruct__math_test_00040_814d16a0__temp0.10__seed7,0.22057856843738471,,14,per_run_oof
phi_4_mini_instruct__math_test_00040_814d16a0__temp0.60__seed7,0.10313046190828866,,14,per_run_oof
phi_4_mini_instruct__math_test_00040_814d16a0__temp1.00__seed7,0.16426017064723694,,14,per_run_oof
phi_4_mini_instruct__math_test_00041_7ad395c5__temp0.10__seed7,0.23766441319331055,,14,per_run_oof
phi_4_mini_instruct__math_test_00041_7ad395c5__temp0.60__seed7,0.33553129813719035,,14,per_run_oof
phi_4_mini_instruct__math_test_00041_7ad395c5__temp1.00__seed7,0.21235469092311834,,14,per_run_oof
phi_4_mini_instruct__math_test_00042_39c9185d__temp0.10__seed7,0.20303896468140364,,14,per_run_oof
phi_4_mini_instruct__math_test_00042_39c9185d__temp0.60__seed7,0.16479665977271443,,14,per_run_oof
phi_4_mini_instruct__math_test_00042_39c9185d__temp1.00__seed7,0.2063391365786318,,14,per_run_oof
phi_4_mini_instruct__math_test_00043_62275531__temp0.10__seed7,0.2668029698962103,,14,per_run_oof
phi_4_mini_instruct__math_test_00043_62275531__temp0.60__seed7,0.3031126167408571,,14,per_run_oof
phi_4_mini_instruct__math_test_00043_62275531__temp1.00__seed7,0.47580533376355955,,14,per_run_oof
phi_4_mini_instruct__math_test_00044_810e3649__temp0.10__seed7,0.1927832177684881,,14,per_run_oof
phi_4_mini_instruct__math_test_00044_810e3649__temp0.60__seed7,0.12608099907487508,,14,per_run_oof
phi_4_mini_instruct__math_test_00044_810e3649__temp1.00__seed7,0.23449978827824486,,14,per_run_oof
phi_4_mini_instruct__math_test_00045_152ae8e8__temp0.10__seed7,0.10377094790746388,,14,per_run_oof
phi_4_mini_instruct__math_test_00045_152ae8e8__temp0.60__seed7,0.10750623489253533,,14,per_run_oof
phi_4_mini_instruct__math_test_00045_152ae8e8__temp1.00__seed7,0.12676721286326584,,14,per_run_oof
phi_4_mini_instruct__math_test_00046_3e08e6df__temp0.10__seed7,0.11790224627014419,1.0,14,per_run_oof
phi_4_mini_instruct__math_test_00046_3e08e6df__temp0.60__seed7,0.12617653862475872,1.0,14,per_run_oof
phi_4_mini_instruct__math_test_00046_3e08e6df__temp1.00__seed7,0.22691409739219215,0.775,14,per_run_oof
phi_4_mini_instruct__math_test_00047_3a39ed4a__temp0.10__seed7,0.14505849005400623,0.8333333333333334,14,per_run_oof
phi_4_mini_instruct__math_test_00047_3a39ed4a__temp0.60__seed7,0.18597211238165703,0.48484848484848486,14,per_run_oof
phi_4_mini_instruct__math_test_00047_3a39ed4a__temp1.00__seed7,0.14704899336323637,,14,per_run_oof
phi_4_mini_instruct__math_test_00048_6a611c4a__temp0.10__seed7,0.11006241727879625,1.0,14,per_run_oof
phi_4_mini_instruct__math_test_00048_6a611c4a__temp0.60__seed7,0.23270724589811462,,14,per_run_oof
phi_4_mini_instruct__math_test_00048_6a611c4a__temp1.00__seed7,0.14079525709598376,0.9393939393939393,14,per_run_oof
phi_4_mini_instruct__math_test_00049_e45e9b10__temp0.10__seed7,0.15464731728485176,,14,per_run_oof
phi_4_mini_instruct__math_test_00049_e45e9b10__temp0.60__seed7,0.10226942683979809,,14,per_run_oof
phi_4_mini_instruct__math_test_00049_e45e9b10__temp1.00__seed7,0.11662298380036239,,14,per_run_oof
phi_4_mini_instruct__math_test_00050_f4090aaa__temp0.10__seed7,0.18613454685368896,0.9583333333333334,14,per_run_oof
phi_4_mini_instruct__math_test_00050_f4090aaa__temp0.60__seed7,0.27370317165969066,,14,per_run_oof
phi_4_mini_instruct__math_test_00050_f4090aaa__temp1.00__seed7,0.23871885385401373,0.6222222222222222,14,per_run_oof
phi_4_mini_instruct__math_test_00051_1e5ff908__temp0.10__seed7,0.1224465699863618,,14,per_run_oof
phi_4_mini_instruct__math_test_00051_1e5ff908__temp0.60__seed7,0.12461338333132373,,14,per_run_oof
phi_4_mini_instruct__math_test_00051_1e5ff908__temp1.00__seed7,0.18761938052295377,,14,per_run_oof
phi_4_mini_instruct__math_test_00052_5850e1b9__temp0.10__seed7,0.19777022196268335,0.7499999999999999,14,per_run_oof
phi_4_mini_instruct__math_test_00052_5850e1b9__temp0.60__seed7,0.1515418137216062,0.95,14,per_run_oof
phi_4_mini_instruct__math_test_00052_5850e1b9__temp1.00__seed7,0.17325530186705212,0.7708333333333333,14,per_run_oof
phi_4_mini_instruct__math_test_00053_f8d21f23__temp0.10__seed7,0.2072558858192221,,14,per_run_oof
phi_4_mini_instruct__math_test_00053_f8d21f23__temp0.60__seed7,0.11801942474090665,,14,per_run_oof
phi_4_mini_instruct__math_test_00053_f8d21f23__temp1.00__seed7,0.13428032322319197,,14,per_run_oof
phi_4_mini_instruct__math_test_00054_ddf4c852__temp0.10__seed7,0.20142908762488645,,14,per_run_oof
phi_4_mini_instruct__math_test_00054_ddf4c852__temp0.60__seed7,0.1496551357353164,,14,per_run_oof
phi_4_mini_instruct__math_test_00054_ddf4c852__temp1.00__seed7,0.1463281036617908,,14,per_run_oof
phi_4_mini_instruct__math_test_00055_24952be5__temp0.10__seed7,0.5172665817197216,,14,per_run_oof
phi_4_mini_instruct__math_test_00055_24952be5__temp0.60__seed7,0.3689955208591238,,14,per_run_oof
phi_4_mini_instruct__math_test_00055_24952be5__temp1.00__seed7,0.2937960786006416,,14,per_run_oof
phi_4_mini_instruct__math_test_00056_a8c223a1__temp0.10__seed7,0.18234501300200562,,14,per_run_oof
phi_4_mini_instruct__math_test_00056_a8c223a1__temp0.60__seed7,0.12187560254835768,,14,per_run_oof
phi_4_mini_instruct__math_test_00056_a8c223a1__temp1.00__seed7,0.16099072536971648,,14,per_run_oof
phi_4_mini_instruct__math_test_00057_8236aaa4__temp0.10__seed7,0.2605771714893953,,14,per_run_oof
phi_4_mini_instruct__math_test_00057_8236aaa4__temp0.60__seed7,0.23273360268260676,0.375,14,per_run_oof
phi_4_mini_instruct__math_test_00057_8236aaa4__temp1.00__seed7,0.17706512710818165,0.7777777777777778,14,per_run_oof
phi_4_mini_instruct__math_test_00058_7afa45ab__temp0.10__seed7,0.1482289745570326,,14,per_run_oof
phi_4_mini_instruct__math_test_00058_7afa45ab__temp0.60__seed7,0.1350184243052635,0.8666666666666667,14,per_run_oof
phi_4_mini_instruct__math_test_00058_7afa45ab__temp1.00__seed7,0.288503316722774,,14,per_run_oof
phi_4_mini_instruct__math_test_00059_43a9d185__temp0.10__seed7,0.13426354223137335,,14,per_run_oof
phi_4_mini_instruct__math_test_00059_43a9d185__temp0.60__seed7,0.1582549469746986,,14,per_run_oof
phi_4_mini_instruct__math_test_00059_43a9d185__temp1.00__seed7,0.1650554547587817,,14,per_run_oof
phi_4_mini_instruct__math_test_00060_a67ac75a__temp0.10__seed7,0.11417104697284967,,14,per_run_oof
phi_4_mini_instruct__math_test_00060_a67ac75a__temp0.60__seed7,0.11041238390824314,,14,per_run_oof
phi_4_mini_instruct__math_test_00060_a67ac75a__temp1.00__seed7,0.10571032255892529,,14,per_run_oof
phi_4_mini_instruct__math_test_00061_4943c966__temp0.10__seed7,0.07519893950101682,1.0,14,per_run_oof
phi_4_mini_instruct__math_test_00061_4943c966__temp0.60__seed7,0.14354510600437462,0.5,14,per_run_oof
phi_4_mini_instruct__math_test_00061_4943c966__temp1.00__seed7,0.10751858521087305,,14,per_run_oof
phi_4_mini_instruct__math_test_00062_ae97d603__temp0.10__seed7,0.1476003231772916,0.9791666666666666,14,per_run_oof
phi_4_mini_instruct__math_test_00062_ae97d603__temp0.60__seed7,0.29608607676031384,,14,per_run_oof
phi_4_mini_instruct__math_test_00062_ae97d603__temp1.00__seed7,0.29024978435176474,,14,per_run_oof
phi_4_mini_instruct__math_test_00063_7eb01312__temp0.10__seed7,0.13416149057916557,,14,per_run_oof
phi_4_mini_instruct__math_test_00063_7eb01312__temp0.60__seed7,0.09120267372866193,,14,per_run_oof
phi_4_mini_instruct__math_test_00063_7eb01312__temp1.00__seed7,0.1731884624626145,,14,per_run_oof
phi_4_mini_instruct__math_test_00064_56e26e67__temp0.10__seed7,0.4606099351583822,,14,per_run_oof
phi_4_mini_instruct__math_test_00064_56e26e67__temp0.60__seed7,0.18353538861521276,,14,per_run_oof
phi_4_mini_instruct__math_test_00064_56e26e67__temp1.00__seed7,0.2751726054186587,,14,per_run_oof
phi_4_mini_instruct__math_test_00065_1d982f42__temp0.10__seed7,0.11684383382778714,,14,per_run_oof
phi_4_mini_instruct__math_test_00065_1d982f42__temp0.60__seed7,0.21365232150145888,,14,per_run_oof
phi_4_mini_instruct__math_test_00065_1d982f42__temp1.00__seed7,0.2034299886673741,,14,per_run_oof
phi_4_mini_instruct__math_test_00066_c503000c__temp0.10__seed7,0.34286495607962425,,14,per_run_oof
phi_4_mini_instruct__math_test_00066_c503000c__temp0.60__seed7,0.10104335159948998,0.8333333333333334,14,per_run_oof
phi_4_mini_instruct__math_test_00066_c503000c__temp1.00__seed7,0.21030647378403042,,14,per_run_oof
phi_4_mini_instruct__math_test_00067_b2cca4da__temp0.10__seed7,0.34322946874165516,,14,per_run_oof
phi_4_mini_instruct__math_test_00067_b2cca4da__temp0.60__seed7,0.26898689008061816,,14,per_run_oof
phi_4_mini_instruct__math_test_00067_b2cca4da__temp1.00__seed7,0.5015740113586835,,14,per_run_oof
phi_4_mini_instruct__math_test_00068_ea595be8__temp0.10__seed7,0.16813027761342317,0.7555555555555555,14,per_run_oof
phi_4_mini_instruct__math_test_00068_ea595be8__temp0.60__seed7,0.48875775219521794,,14,per_run_oof
phi_4_mini_instruct__math_test_00068_ea595be8__temp1.00__seed7,0.36556395062731895,0.16666666666666663,14,per_run_oof
phi_4_mini_instruct__math_test_00069_c6dad45a__temp0.10__seed7,0.19593895371133083,0.5151515151515151,14,per_run_oof
phi_4_mini_instruct__math_test_00069_c6dad45a__temp0.60__seed7,0.26217585694980955,,14,per_run_oof
phi_4_mini_instruct__math_test_00069_c6dad45a__temp1.00__seed7,0.25426575898112824,,14,per_run_oof
phi_4_mini_instruct__math_test_00070_96016437__temp0.10__seed7,0.1272836982405034,0.925,14,per_run_oof
phi_4_mini_instruct__math_test_00070_96016437__temp0.60__seed7,0.1442313043009508,0.8333333333333334,14,per_run_oof
phi_4_mini_instruct__math_test_00070_96016437__temp1.00__seed7,0.12437680901541681,0.9333333333333333,14,per_run_oof
phi_4_mini_instruct__math_test_00071_98672352__temp0.10__seed7,0.31999742504883616,,14,per_run_oof
phi_4_mini_instruct__math_test_00071_98672352__temp0.60__seed7,0.3621339281298714,,14,per_run_oof
phi_4_mini_instruct__math_test_00071_98672352__temp1.00__seed7,0.22827361258312887,,14,per_run_oof
phi_4_mini_instruct__math_test_00072_76de8c53__temp0.10__seed7,0.1163190257220261,0.9750000000000001,14,per_run_oof
phi_4_mini_instruct__math_test_00072_76de8c53__temp0.60__seed7,0.16979939391601317,0.8222222222222222,14,per_run_oof
phi_4_mini_instruct__math_test_00072_76de8c53__temp1.00__seed7,0.2509618108723792,0.23076923076923073,14,per_run_oof
phi_4_mini_instruct__math_test_00073_7f9e23c9__temp0.10__seed7,0.2013206364548207,0.7692307692307692,14,per_run_oof
phi_4_mini_instruct__math_test_00073_7f9e23c9__temp0.60__seed7,0.3452571022166109,,14,per_run_oof
phi_4_mini_instruct__math_test_00073_7f9e23c9__temp1.00__seed7,0.2853157608868488,0.6153846153846154,14,per_run_oof
phi_4_mini_instruct__math_test_00074_5b6e5429__temp0.10__seed7,0.13968995701543713,0.9166666666666666,14,per_run_oof
phi_4_mini_instruct__math_test_00074_5b6e5429__temp0.60__seed7,0.15502522047555403,,14,per_run_oof
phi_4_mini_instruct__math_test_00074_5b6e5429__temp1.00__seed7,0.21372423269336696,,14,per_run_oof
phi_4_mini_instruct__math_test_00075_387f76f4__temp0.10__seed7,0.10615652784831789,0.979591836734694,14,per_run_oof
phi_4_mini_instruct__math_test_00075_387f76f4__temp0.60__seed7,0.22750826424089463,,14,per_run_oof
phi_4_mini_instruct__math_test_00075_387f76f4__temp1.00__seed7,0.4130285870874085,0.25,14,per_run_oof
phi_4_mini_instruct__math_test_00076_b45bd200__temp0.10__seed7,0.36639474916600345,,14,per_run_oof
phi_4_mini_instruct__math_test_00076_b45bd200__temp0.60__seed7,0.18834308965139449,,14,per_run_oof
phi_4_mini_instruct__math_test_00076_b45bd200__temp1.00__seed7,0.2503138734688121,,14,per_run_oof
phi_4_mini_instruct__math_test_00077_0fdb870e__temp0.10__seed7,0.12430866962084765,,14,per_run_oof
phi_4_mini_instruct__math_test_00077_0fdb870e__temp0.60__seed7,0.14035025801387022,,14,per_run_oof
phi_4_mini_instruct__math_test_00077_0fdb870e__temp1.00__seed7,0.2006039725990822,,14,per_run_oof
phi_4_mini_instruct__math_test_00078_7de927b7__temp0.10__seed7,0.125429536704996,0.9791666666666666,14,per_run_oof
phi_4_mini_instruct__math_test_00078_7de927b7__temp0.60__seed7,0.12903436045729114,0.9583333333333334,14,per_run_oof
phi_4_mini_instruct__math_test_00078_7de927b7__temp1.00__seed7,0.19425305520172204,0.7708333333333333,14,per_run_oof
phi_4_mini_instruct__math_test_00079_3f967fbe__temp0.10__seed7,0.26483201981768123,0.15384615384615385,14,per_run_oof
phi_4_mini_instruct__math_test_00079_3f967fbe__temp0.60__seed7,0.17665797496421148,0.7111111111111111,14,per_run_oof
phi_4_mini_instruct__math_test_00079_3f967fbe__temp1.00__seed7,0.24021657151696596,,14,per_run_oof
phi_4_mini_instruct__math_test_00080_ea7d5602__temp0.10__seed7,0.3694978434485794,,14,per_run_oof
phi_4_mini_instruct__math_test_00080_ea7d5602__temp0.60__seed7,0.22125531553986952,,14,per_run_oof
phi_4_mini_instruct__math_test_00080_ea7d5602__temp1.00__seed7,0.1967307225233108,,14,per_run_oof
phi_4_mini_instruct__math_test_00081_df488277__temp0.10__seed7,0.2084220933859476,0.525,14,per_run_oof
phi_4_mini_instruct__math_test_00081_df488277__temp0.60__seed7,0.13818677995711828,0.6923076923076923,14,per_run_oof
phi_4_mini_instruct__math_test_00081_df488277__temp1.00__seed7,0.07394810516975092,1.0,14,per_run_oof
phi_4_mini_instruct__math_test_00082_7fd2e8f8__temp0.10__seed7,0.1280467652194078,0.8444444444444444,14,per_run_oof
phi_4_mini_instruct__math_test_00082_7fd2e8f8__temp0.60__seed7,0.21771436110444536,,14,per_run_oof
phi_4_mini_instruct__math_test_00082_7fd2e8f8__temp1.00__seed7,0.11538673311951296,,14,per_run_oof
phi_4_mini_instruct__math_test_00083_5465f015__temp0.10__seed7,0.44211788635399524,,14,per_run_oof
phi_4_mini_instruct__math_test_00083_5465f015__temp0.60__seed7,0.3414391811551339,0.15384615384615385,14,per_run_oof
phi_4_mini_instruct__math_test_00083_5465f015__temp1.00__seed7,0.5228293589756857,0.0,14,per_run_oof
phi_4_mini_instruct__math_test_00084_c4267ccc__temp0.10__seed7,0.1331971061174632,,14,per_run_oof
phi_4_mini_instruct__math_test_00084_c4267ccc__temp0.60__seed7,0.11806690761416323,,14,per_run_oof
phi_4_mini_instruct__math_test_00084_c4267ccc__temp1.00__seed7,0.19427277270857726,,14,per_run_oof
phi_4_mini_instruct__math_test_00085_ab1a6003__temp0.10__seed7,0.26252463575971874,,14,per_run_oof
phi_4_mini_instruct__math_test_00085_ab1a6003__temp0.60__seed7,0.1931510411471103,,14,per_run_oof
phi_4_mini_instruct__math_test_00085_ab1a6003__temp1.00__seed7,0.3045675840263681,,14,per_run_oof
phi_4_mini_instruct__math_test_00086_3447bc00__temp0.10__seed7,0.15377578424549662,,14,per_run_oof
phi_4_mini_instruct__math_test_00086_3447bc00__temp0.60__seed7,0.10976465200884714,,14,per_run_oof
phi_4_mini_instruct__math_test_00086_3447bc00__temp1.00__seed7,0.12484399742562169,,14,per_run_oof
phi_4_mini_instruct__math_test_00087_649d31a4__temp0.10__seed7,0.10476539073621063,1.0,14,per_run_oof
phi_4_mini_instruct__math_test_00087_649d31a4__temp0.60__seed7,0.1109395027562331,,14,per_run_oof
phi_4_mini_instruct__math_test_00087_649d31a4__temp1.00__seed7,0.07500522037356874,,14,per_run_oof
phi_4_mini_instruct__math_test_00088_207198c5__temp0.10__seed7,0.2626525735090745,,14,per_run_oof
phi_4_mini_instruct__math_test_00088_207198c5__temp0.60__seed7,0.3201504583189327,,14,per_run_oof
phi_4_mini_instruct__math_test_00088_207198c5__temp1.00__seed7,0.25616525469071705,,14,per_run_oof
phi_4_mini_instruct__math_test_00089_962971ae__temp0.10__seed7,0.19305441777487703,,14,per_run_oof
phi_4_mini_instruct__math_test_00089_962971ae__temp0.60__seed7,0.290459088046178,0.16666666666666663,14,per_run_oof
phi_4_mini_instruct__math_test_00089_962971ae__temp1.00__seed7,0.20454652382950478,0.3846153846153846,14,per_run_oof
phi_4_mini_instruct__math_test_00090_f27fcf39__temp0.10__seed7,0.20056931495776928,,14,per_run_oof
phi_4_mini_instruct__math_test_00090_f27fcf39__temp0.60__seed7,0.19284192961931787,,14,per_run_oof
phi_4_mini_instruct__math_test_00090_f27fcf39__temp1.00__seed7,0.18123038969595134,,14,per_run_oof
phi_4_mini_instruct__math_test_00091_6c78d89b__temp0.10__seed7,0.19415254227333692,,14,per_run_oof
phi_4_mini_instruct__math_test_00091_6c78d89b__temp0.60__seed7,0.3472336574627846,,14,per_run_oof
phi_4_mini_instruct__math_test_00091_6c78d89b__temp1.00__seed7,0.3109800676007083,,14,per_run_oof
phi_4_mini_instruct__math_test_00092_d2ef929c__temp0.10__seed7,0.1282576156276985,,14,per_run_oof
phi_4_mini_instruct__math_test_00092_d2ef929c__temp0.60__seed7,0.12841178469714173,,14,per_run_oof
phi_4_mini_instruct__math_test_00092_d2ef929c__temp1.00__seed7,0.1344033580102236,,14,per_run_oof
phi_4_mini_instruct__math_test_00093_c6ee4fae__temp0.10__seed7,0.09209996629777985,1.0,14,per_run_oof
phi_4_mini_instruct__math_test_00093_c6ee4fae__temp0.60__seed7,0.0832389492803186,1.0,14,per_run_oof
phi_4_mini_instruct__math_test_00093_c6ee4fae__temp1.00__seed7,0.1341398178021362,0.9333333333333332,14,per_run_oof
phi_4_mini_instruct__math_test_00094_82adbbe7__temp0.10__seed7,0.44269359466395003,,14,per_run_oof
phi_4_mini_instruct__math_test_00094_82adbbe7__temp0.60__seed7,0.16237445544510393,,14,per_run_oof
phi_4_mini_instruct__math_test_00094_82adbbe7__temp1.00__seed7,0.227527306321661,,14,per_run_oof
phi_4_mini_instruct__math_test_00095_21ca381e__temp0.10__seed7,0.148418824309864,,14,per_run_oof
phi_4_mini_instruct__math_test_00095_21ca381e__temp0.60__seed7,0.16315469558034978,,14,per_run_oof
phi_4_mini_instruct__math_test_00095_21ca381e__temp1.00__seed7,0.20681976369920368,0.5416666666666666,14,per_run_oof
phi_4_mini_instruct__math_test_00096_9055d1e9__temp0.10__seed7,0.08273825919032243,,14,per_run_oof
phi_4_mini_instruct__math_test_00096_9055d1e9__temp0.60__seed7,0.1367837206416098,,14,per_run_oof
phi_4_mini_instruct__math_test_00096_9055d1e9__temp1.00__seed7,0.09739237294854348,,14,per_run_oof
phi_4_mini_instruct__math_test_00097_30394417__temp0.10__seed7,0.16670028747892487,,14,per_run_oof
phi_4_mini_instruct__math_test_00097_30394417__temp0.60__seed7,0.14736851579555865,,14,per_run_oof
phi_4_mini_instruct__math_test_00097_30394417__temp1.00__seed7,0.3334737540391224,,14,per_run_oof
phi_4_mini_instruct__math_test_00098_9ceda233__temp0.10__seed7,0.15673812337525606,,14,per_run_oof
phi_4_mini_instruct__math_test_00098_9ceda233__temp0.60__seed7,0.09927580021870165,1.0,14,per_run_oof
phi_4_mini_instruct__math_test_00098_9ceda233__temp1.00__seed7,0.1072627803931954,,14,per_run_oof
phi_4_mini_instruct__math_test_00099_491d2137__temp0.10__seed7,0.15979108118227264,,14,per_run_oof
phi_4_mini_instruct__math_test_00099_491d2137__temp0.60__seed7,0.10951218807563257,1.0,14,per_run_oof
phi_4_mini_instruct__math_test_00099_491d2137__temp1.00__seed7,0.2313339340833936,,14,per_run_oof
phi_4_mini_instruct__math_test_00100_941d341c__temp0.10__seed7,0.47174963541327236,0.06060606060606062,14,per_run_oof
phi_4_mini_instruct__math_test_00100_941d341c__temp0.60__seed7,0.14063004664546755,0.8333333333333334,14,per_run_oof
phi_4_mini_instruct__math_test_00100_941d341c__temp1.00__seed7,0.2275064660485682,0.7555555555555555,14,per_run_oof
phi_4_mini_instruct__math_test_00101_75e027f9__temp0.10__seed7,0.14465680939608633,,14,per_run_oof
phi_4_mini_instruct__math_test_00101_75e027f9__temp0.60__seed7,0.20191509832396118,,14,per_run_oof
phi_4_mini_instruct__math_test_00101_75e027f9__temp1.00__seed7,0.16221205965980753,,14,per_run_oof
phi_4_mini_instruct__math_test_00102_129dd488__temp0.10__seed7,0.1775892662858007,,14,per_run_oof
phi_4_mini_instruct__math_test_00102_129dd488__temp0.60__seed7,0.13017496717737062,,14,per_run_oof
phi_4_mini_instruct__math_test_00102_129dd488__temp1.00__seed7,0.10295417373166231,,14,per_run_oof
phi_4_mini_instruct__math_test_00103_7b0f3b51__temp0.10__seed7,0.19521803357483902,,14,per_run_oof
phi_4_mini_instruct__math_test_00103_7b0f3b51__temp0.60__seed7,0.2832889583954384,,14,per_run_oof
phi_4_mini_instruct__math_test_00103_7b0f3b51__temp1.00__seed7,0.14245970164473046,,14,per_run_oof
phi_4_mini_instruct__math_test_00104_d684f1e9__temp0.10__seed7,0.07798050849774003,1.0,14,per_run_oof
phi_4_mini_instruct__math_test_00104_d684f1e9__temp0.60__seed7,0.15296184614435235,,14,per_run_oof
phi_4_mini_instruct__math_test_00104_d684f1e9__temp1.00__seed7,0.19243219839972622,0.07692307692307687,14,per_run_oof
phi_4_mini_instruct__math_test_00105_6b770d5f__temp0.10__seed7,0.2706653596345704,,14,per_run_oof
phi_4_mini_instruct__math_test_00105_6b770d5f__temp0.60__seed7,0.11246608220290055,,14,per_run_oof
phi_4_mini_instruct__math_test_00105_6b770d5f__temp1.00__seed7,0.33986122207672337,,14,per_run_oof
phi_4_mini_instruct__math_test_00106_6e98540c__temp0.10__seed7,0.4383801243033366,,14,per_run_oof
phi_4_mini_instruct__math_test_00106_6e98540c__temp0.60__seed7,0.24548559442775547,0.9230769230769231,14,per_run_oof
phi_4_mini_instruct__math_test_00106_6e98540c__temp1.00__seed7,0.18636102738290267,0.6222222222222222,14,per_run_oof
phi_4_mini_instruct__math_test_00107_fd74cd11__temp0.10__seed7,0.1763786409084782,,14,per_run_oof
phi_4_mini_instruct__math_test_00107_fd74cd11__temp0.60__seed7,0.1774737003087698,,14,per_run_oof
phi_4_mini_instruct__math_test_00107_fd74cd11__temp1.00__seed7,0.11019985895329432,,14,per_run_oof
phi_4_mini_instruct__math_test_00108_611e7552__temp0.10__seed7,0.13259863780484202,0.5384615384615384,14,per_run_oof
phi_4_mini_instruct__math_test_00108_611e7552__temp0.60__seed7,0.3306985891009398,,14,per_run_oof
phi_4_mini_instruct__math_test_00108_611e7552__temp1.00__seed7,0.13863957775941388,0.9583333333333334,14,per_run_oof
phi_4_mini_instruct__math_test_00109_d90424d8__temp0.10__seed7,0.07612116470440149,,14,per_run_oof
phi_4_mini_instruct__math_test_00109_d90424d8__temp0.60__seed7,0.18690553080249836,,14,per_run_oof
phi_4_mini_instruct__math_test_00109_d90424d8__temp1.00__seed7,0.19500135539465882,,14,per_run_oof
phi_4_mini_instruct__math_test_00110_72b3623f__temp0.10__seed7,0.22311884326258086,,14,per_run_oof
phi_4_mini_instruct__math_test_00110_72b3623f__temp0.60__seed7,0.43734195085640265,,14,per_run_oof
phi_4_mini_instruct__math_test_00110_72b3623f__temp1.00__seed7,0.13462439125842687,0.9090909090909091,14,per_run_oof
phi_4_mini_instruct__math_test_00111_d752e2e3__temp0.10__seed7,0.09557225096898311,,14,per_run_oof
phi_4_mini_instruct__math_test_00111_d752e2e3__temp0.60__seed7,0.19767411143852517,,14,per_run_oof
phi_4_mini_instruct__math_test_00111_d752e2e3__temp1.00__seed7,0.14093095675643588,,14,per_run_oof
phi_4_mini_instruct__math_test_00112_84e6f7fa__temp0.10__seed7,0.3307193338388955,,14,per_run_oof
phi_4_mini_instruct__math_test_00112_84e6f7fa__temp0.60__seed7,0.25113773508582243,0.45454545454545453,14,per_run_oof
phi_4_mini_instruct__math_test_00112_84e6f7fa__temp1.00__seed7,0.1651748654120447,0.8367346938775511,14,per_run_oof
phi_4_mini_instruct__math_test_00113_f30e88a0__temp0.10__seed7,0.1306347206599536,,14,per_run_oof
phi_4_mini_instruct__math_test_00113_f30e88a0__temp0.60__seed7,0.13542791863162104,,14,per_run_oof
phi_4_mini_instruct__math_test_00113_f30e88a0__temp1.00__seed7,0.1217847134860767,,14,per_run_oof
phi_4_mini_instruct__math_test_00114_deb9efc8__temp0.10__seed7,0.13891021745041748,0.787878787878788,14,per_run_oof
phi_4_mini_instruct__math_test_00114_deb9efc8__temp0.60__seed7,0.342626185267815,0.46153846153846156,14,per_run_oof
phi_4_mini_instruct__math_test_00114_deb9efc8__temp1.00__seed7,0.24359788704401547,,14,per_run_oof
phi_4_mini_instruct__math_test_00115_e20c9b7a__temp0.10__seed7,0.24554773234261199,,14,per_run_oof
phi_4_mini_instruct__math_test_00115_e20c9b7a__temp0.60__seed7,0.23417263920728895,,14,per_run_oof
phi_4_mini_instruct__math_test_00115_e20c9b7a__temp1.00__seed7,0.2500342570530704,,14,per_run_oof
phi_4_mini_instruct__math_test_00116_61f50e3d__temp0.10__seed7,0.21392332684166152,0.5833333333333333,14,per_run_oof
phi_4_mini_instruct__math_test_00116_61f50e3d__temp0.60__seed7,0.3393695149199858,,14,per_run_oof
phi_4_mini_instruct__math_test_00116_61f50e3d__temp1.00__seed7,0.1780614672536549,,14,per_run_oof
phi_4_mini_instruct__math_test_00117_e884ad93__temp0.10__seed7,0.36551599131100115,,14,per_run_oof
phi_4_mini_instruct__math_test_00117_e884ad93__temp0.60__seed7,0.1823611444556204,,14,per_run_oof
phi_4_mini_instruct__math_test_00117_e884ad93__temp1.00__seed7,0.27329062383665687,0.7250000000000001,14,per_run_oof
phi_4_mini_instruct__math_test_00118_fc8ebbb3__temp0.10__seed7,0.11472106465074075,1.0,14,per_run_oof
phi_4_mini_instruct__math_test_00118_fc8ebbb3__temp0.60__seed7,0.27177317583045235,,14,per_run_oof
phi_4_mini_instruct__math_test_00118_fc8ebbb3__temp1.00__seed7,0.10894339977600438,0.975,14,per_run_oof
phi_4_mini_instruct__math_test_00119_a6218ea2__temp0.10__seed7,0.10843581215918219,,14,per_run_oof
phi_4_mini_instruct__math_test_00119_a6218ea2__temp0.60__seed7,0.1037718225839598,,14,per_run_oof
phi_4_mini_instruct__math_test_00119_a6218ea2__temp1.00__seed7,0.12792316656808436,,14,per_run_oof
phi_4_mini_instruct__math_test_00120_8eef5288__temp0.10__seed7,0.21957330089705004,0.5454545454545454,14,per_run_oof
phi_4_mini_instruct__math_test_00120_8eef5288__temp0.60__seed7,0.48252581460109145,,14,per_run_oof
phi_4_mini_instruct__math_test_00120_8eef5288__temp1.00__seed7,0.252920330320359,,14,per_run_oof
phi_4_mini_instruct__math_test_00121_23cfdf25__temp0.10__seed7,0.15364494017943012,0.9583333333333333,14,per_run_oof
phi_4_mini_instruct__math_test_00121_23cfdf25__temp0.60__seed7,0.13785262773000354,0.9375,14,per_run_oof
phi_4_mini_instruct__math_test_00121_23cfdf25__temp1.00__seed7,0.16802334129953475,,14,per_run_oof
phi_4_mini_instruct__math_test_00122_fdf4300d__temp0.10__seed7,0.1393565483985029,0.9375,14,per_run_oof
phi_4_mini_instruct__math_test_00122_fdf4300d__temp0.60__seed7,0.47860428148505063,,14,per_run_oof
phi_4_mini_instruct__math_test_00122_fdf4300d__temp1.00__seed7,0.2348098579462484,,14,per_run_oof
phi_4_mini_instruct__math_test_00123_860f65d4__temp0.10__seed7,0.22869976430473973,,14,per_run_oof
phi_4_mini_instruct__math_test_00123_860f65d4__temp0.60__seed7,0.235913826716006,,14,per_run_oof
phi_4_mini_instruct__math_test_00123_860f65d4__temp1.00__seed7,0.3597651925703654,,14,per_run_oof
phi_4_mini_instruct__math_test_00124_93bacf2d__temp0.10__seed7,0.2736157739082517,,14,per_run_oof
phi_4_mini_instruct__math_test_00124_93bacf2d__temp0.60__seed7,0.1695660166241785,,14,per_run_oof
phi_4_mini_instruct__math_test_00124_93bacf2d__temp1.00__seed7,0.2708387006717933,,14,per_run_oof
phi_4_mini_instruct__math_test_00125_e5ac5620__temp0.10__seed7,0.2727480241521515,,14,per_run_oof
phi_4_mini_instruct__math_test_00125_e5ac5620__temp0.60__seed7,0.13922979618977924,,14,per_run_oof
phi_4_mini_instruct__math_test_00125_e5ac5620__temp1.00__seed7,0.19004859924762912,,14,per_run_oof
phi_4_mini_instruct__math_test_00126_81f4f6da__temp0.10__seed7,0.1627345751378166,0.41666666666666663,14,per_run_oof
phi_4_mini_instruct__math_test_00126_81f4f6da__temp0.60__seed7,0.23664525162529865,0.4444444444444445,14,per_run_oof
phi_4_mini_instruct__math_test_00126_81f4f6da__temp1.00__seed7,0.10676133302454373,,14,per_run_oof
phi_4_mini_instruct__math_test_00127_831d47a3__temp0.10__seed7,0.12911785012721755,,14,per_run_oof
phi_4_mini_instruct__math_test_00127_831d47a3__temp0.60__seed7,0.48827656035166866,,14,per_run_oof
phi_4_mini_instruct__math_test_00127_831d47a3__temp1.00__seed7,0.48428073201752275,,14,per_run_oof
phi_4_mini_instruct__math_test_00128_34115c3f__temp0.10__seed7,0.12174114663052159,,14,per_run_oof
phi_4_mini_instruct__math_test_00128_34115c3f__temp0.60__seed7,0.18166373394456173,,14,per_run_oof
phi_4_mini_instruct__math_test_00128_34115c3f__temp1.00__seed7,0.11918058864395378,1.0,14,per_run_oof
phi_4_mini_instruct__math_test_00129_13560ab9__temp0.10__seed7,0.11994325528681889,,14,per_run_oof
phi_4_mini_instruct__math_test_00129_13560ab9__temp0.60__seed7,0.22403450703016264,0.5333333333333333,14,per_run_oof
phi_4_mini_instruct__math_test_00129_13560ab9__temp1.00__seed7,0.18638382797136324,0.7692307692307692,14,per_run_oof
phi_4_mini_instruct__math_test_00130_587c37e4__temp0.10__seed7,0.10730405024733831,,14,per_run_oof
phi_4_mini_instruct__math_test_00130_587c37e4__temp0.60__seed7,0.08857917337205114,,14,per_run_oof
phi_4_mini_instruct__math_test_00130_587c37e4__temp1.00__seed7,0.19056251405057653,,14,per_run_oof
phi_4_mini_instruct__math_test_00131_e4690c90__temp0.10__seed7,0.16676938579199854,,14,per_run_oof
phi_4_mini_instruct__math_test_00131_e4690c90__temp0.60__seed7,0.15157825046433188,0.5384615384615384,14,per_run_oof
phi_4_mini_instruct__math_test_00131_e4690c90__temp1.00__seed7,0.2601635739219725,0.6153846153846154,14,per_run_oof
phi_4_mini_instruct__math_test_00132_9804c9ed__temp0.10__seed7,0.13759492381327895,0.9090909090909091,14,per_run_oof
phi_4_mini_instruct__math_test_00132_9804c9ed__temp0.60__seed7,0.17782177947636443,0.8125,14,per_run_oof
phi_4_mini_instruct__math_test_00132_9804c9ed__temp1.00__seed7,0.2827420716971099,0.23076923076923073,14,per_run_oof
phi_4_mini_instruct__math_test_00133_efc15efb__temp0.10__seed7,0.15619188046901894,0.8,14,per_run_oof
phi_4_mini_instruct__math_test_00133_efc15efb__temp0.60__seed7,0.3099862526658038,,14,per_run_oof
phi_4_mini_instruct__math_test_00133_efc15efb__temp1.00__seed7,0.20208359403474954,,14,per_run_oof
phi_4_mini_instruct__math_test_00134_729aab2d__temp0.10__seed7,0.33377409314628276,,14,per_run_oof
phi_4_mini_instruct__math_test_00134_729aab2d__temp0.60__seed7,0.500857511863731,,14,per_run_oof
phi_4_mini_instruct__math_test_00134_729aab2d__temp1.00__seed7,0.21737138654766922,,14,per_run_oof
phi_4_mini_instruct__math_test_00135_cc85526c__temp0.10__seed7,0.5867819602378189,,14,per_run_oof
phi_4_mini_instruct__math_test_00135_cc85526c__temp0.60__seed7,0.1567417887895103,0.875,14,per_run_oof
phi_4_mini_instruct__math_test_00135_cc85526c__temp1.00__seed7,0.12195879843442822,0.9,14,per_run_oof
phi_4_mini_instruct__math_test_00136_8e69a186__temp0.10__seed7,0.10988265363667205,,14,per_run_oof
phi_4_mini_instruct__math_test_00136_8e69a186__temp0.60__seed7,0.1769493917834793,0.4583333333333333,14,per_run_oof
phi_4_mini_instruct__math_test_00136_8e69a186__temp1.00__seed7,0.25761224408806355,0.6923076923076923,14,per_run_oof
phi_4_mini_instruct__math_test_00137_66c4d3d6__temp0.10__seed7,0.14626222738193134,,14,per_run_oof
phi_4_mini_instruct__math_test_00137_66c4d3d6__temp0.60__seed7,0.13178185473319384,,14,per_run_oof
phi_4_mini_instruct__math_test_00137_66c4d3d6__temp1.00__seed7,0.08980346541772276,,14,per_run_oof
phi_4_mini_instruct__math_test_00138_3cca3484__temp0.10__seed7,0.3450359144156116,,14,per_run_oof
phi_4_mini_instruct__math_test_00138_3cca3484__temp0.60__seed7,0.2728885914662763,,14,per_run_oof
phi_4_mini_instruct__math_test_00138_3cca3484__temp1.00__seed7,0.217299237463072,,14,per_run_oof
phi_4_mini_instruct__math_test_00139_55101384__temp0.10__seed7,0.13224017813730146,0.9583333333333334,14,per_run_oof
phi_4_mini_instruct__math_test_00139_55101384__temp0.60__seed7,0.25736296241871864,0.653061224489796,14,per_run_oof
phi_4_mini_instruct__math_test_00139_55101384__temp1.00__seed7,0.148130683562636,0.9111111111111112,14,per_run_oof
phi_4_mini_instruct__math_test_00140_9c2a8a8c__temp0.10__seed7,0.09403347750155956,,14,per_run_oof
phi_4_mini_instruct__math_test_00140_9c2a8a8c__temp0.60__seed7,0.20476771689445902,,14,per_run_oof
phi_4_mini_instruct__math_test_00140_9c2a8a8c__temp1.00__seed7,0.11459556052481579,0.8461538461538461,14,per_run_oof
phi_4_mini_instruct__math_test_00141_fa53302b__temp0.10__seed7,0.13933801012119593,,14,per_run_oof
phi_4_mini_instruct__math_test_00141_fa53302b__temp0.60__seed7,0.15933415243307694,,14,per_run_oof
phi_4_mini_instruct__math_test_00141_fa53302b__temp1.00__seed7,0.1882999972954209,,14,per_run_oof
phi_4_mini_instruct__math_test_00142_a535d7ed__temp0.10__seed7,0.13357178812175505,1.0,14,per_run_oof
phi_4_mini_instruct__math_test_00142_a535d7ed__temp0.60__seed7,0.08578117905968079,0.6153846153846154,14,per_run_oof
phi_4_mini_instruct__math_test_00142_a535d7ed__temp1.00__seed7,0.219335544708202,0.25,14,per_run_oof
phi_4_mini_instruct__math_test_00143_f0361309__temp0.10__seed7,0.10369894204289341,1.0,14,per_run_oof
phi_4_mini_instruct__math_test_00143_f0361309__temp0.60__seed7,0.2313150838025185,,14,per_run_oof
phi_4_mini_instruct__math_test_00143_f0361309__temp1.00__seed7,0.13152947001307055,0.979591836734694,14,per_run_oof
phi_4_mini_instruct__math_test_00144_3287fa74__temp0.10__seed7,0.09488544113879936,,14,per_run_oof
phi_4_mini_instruct__math_test_00144_3287fa74__temp0.60__seed7,0.126318995266382,,14,per_run_oof
phi_4_mini_instruct__math_test_00144_3287fa74__temp1.00__seed7,0.14839652092155653,0.9230769230769231,14,per_run_oof
phi_4_mini_instruct__math_test_00145_bb1c005f__temp0.10__seed7,0.37761399353092584,,14,per_run_oof
phi_4_mini_instruct__math_test_00145_bb1c005f__temp0.60__seed7,0.3131458477533045,,14,per_run_oof
phi_4_mini_instruct__math_test_00145_bb1c005f__temp1.00__seed7,0.19657940016658876,,14,per_run_oof
phi_4_mini_instruct__math_test_00146_faf5031d__temp0.10__seed7,0.2002739453978931,,14,per_run_oof
phi_4_mini_instruct__math_test_00146_faf5031d__temp0.60__seed7,0.06344990166858862,,14,per_run_oof
phi_4_mini_instruct__math_test_00146_faf5031d__temp1.00__seed7,0.10143381572145817,,14,per_run_oof
phi_4_mini_instruct__math_test_00147_390c3a01__temp0.10__seed7,0.29427959670682025,0.4545454545454545,14,per_run_oof
phi_4_mini_instruct__math_test_00147_390c3a01__temp0.60__seed7,0.2776698593511938,,14,per_run_oof
phi_4_mini_instruct__math_test_00147_390c3a01__temp1.00__seed7,0.16011618412747625,0.9230769230769231,14,per_run_oof
phi_4_mini_instruct__math_test_00148_c9dddba4__temp0.10__seed7,0.10404120071711202,,14,per_run_oof
phi_4_mini_instruct__math_test_00148_c9dddba4__temp0.60__seed7,0.14908249010448385,0.46153846153846156,14,per_run_oof
phi_4_mini_instruct__math_test_00148_c9dddba4__temp1.00__seed7,0.1270035927639902,,14,per_run_oof
phi_4_mini_instruct__math_test_00149_805d659b__temp0.10__seed7,0.0908939787391442,1.0,14,per_run_oof
phi_4_mini_instruct__math_test_00149_805d659b__temp0.60__seed7,0.13774381203565347,,14,per_run_oof
phi_4_mini_instruct__math_test_00149_805d659b__temp1.00__seed7,0.2255957744230422,,14,per_run_oof
phi_4_mini_instruct__math_test_00150_f0a2fdf6__temp0.10__seed7,0.28181659092028644,,14,per_run_oof
phi_4_mini_instruct__math_test_00150_f0a2fdf6__temp0.60__seed7,0.37483943655168794,,14,per_run_oof
phi_4_mini_instruct__math_test_00150_f0a2fdf6__temp1.00__seed7,0.20384205405981923,,14,per_run_oof
phi_4_mini_instruct__math_test_00151_3228d9fb__temp0.10__seed7,0.17526687244572334,,14,per_run_oof
phi_4_mini_instruct__math_test_00151_3228d9fb__temp0.60__seed7,0.1246367206087572,,14,per_run_oof
phi_4_mini_instruct__math_test_00151_3228d9fb__temp1.00__seed7,0.18697388630049203,,14,per_run_oof
phi_4_mini_instruct__math_test_00152_df146136__temp0.10__seed7,0.37914834646416257,,14,per_run_oof
phi_4_mini_instruct__math_test_00152_df146136__temp0.60__seed7,0.29531558262955443,,14,per_run_oof
phi_4_mini_instruct__math_test_00152_df146136__temp1.00__seed7,0.2918486246284918,,14,per_run_oof
phi_4_mini_instruct__math_test_00153_e0a74423__temp0.10__seed7,0.2628693602064788,0.6923076923076923,14,per_run_oof
phi_4_mini_instruct__math_test_00153_e0a74423__temp0.60__seed7,0.10111874253946833,0.975,14,per_run_oof
phi_4_mini_instruct__math_test_00153_e0a74423__temp1.00__seed7,0.35994484854005443,0.46153846153846156,14,per_run_oof
phi_4_mini_instruct__math_test_00154_7dc5f86e__temp0.10__seed7,0.24397268106894643,0.9393939393939394,14,per_run_oof
phi_4_mini_instruct__math_test_00154_7dc5f86e__temp0.60__seed7,0.1424123552678183,0.85,14,per_run_oof
phi_4_mini_instruct__math_test_00154_7dc5f86e__temp1.00__seed7,0.22170345142267386,0.7346938775510203,14,per_run_oof
phi_4_mini_instruct__math_test_00155_ee27b543__temp0.10__seed7,0.3265763816412763,,14,per_run_oof
phi_4_mini_instruct__math_test_00155_ee27b543__temp0.60__seed7,0.24157773107055716,,14,per_run_oof
phi_4_mini_instruct__math_test_00155_ee27b543__temp1.00__seed7,0.21067362021574362,0.7708333333333334,14,per_run_oof
phi_4_mini_instruct__math_test_00156_95b47adc__temp0.10__seed7,0.08799931093651132,,14,per_run_oof
phi_4_mini_instruct__math_test_00156_95b47adc__temp0.60__seed7,0.24560351070259848,,14,per_run_oof
phi_4_mini_instruct__math_test_00156_95b47adc__temp1.00__seed7,0.14887347265854764,0.6153846153846154,14,per_run_oof
phi_4_mini_instruct__math_test_00157_37701db8__temp0.10__seed7,0.13230731442371332,,14,per_run_oof
phi_4_mini_instruct__math_test_00157_37701db8__temp0.60__seed7,0.18154357361740708,,14,per_run_oof
phi_4_mini_instruct__math_test_00157_37701db8__temp1.00__seed7,0.21038959051105793,,14,per_run_oof
phi_4_mini_instruct__math_test_00158_15e70720__temp0.10__seed7,0.16307538797899382,0.875,14,per_run_oof
phi_4_mini_instruct__math_test_00158_15e70720__temp0.60__seed7,0.2773499468876183,0.5416666666666666,14,per_run_oof
phi_4_mini_instruct__math_test_00158_15e70720__temp1.00__seed7,0.14105391049093638,0.8958333333333334,14,per_run_oof
phi_4_mini_instruct__math_test_00159_7acc030c__temp0.10__seed7,0.15670009990767816,0.7499999999999999,14,per_run_oof
phi_4_mini_instruct__math_test_00159_7acc030c__temp0.60__seed7,0.15882057282989778,0.8181818181818181,14,per_run_oof
phi_4_mini_instruct__math_test_00159_7acc030c__temp1.00__seed7,0.19366044438070737,0.6666666666666666,14,per_run_oof
phi_4_mini_instruct__math_test_00160_e84fb95f__temp0.10__seed7,0.26944487834384756,,14,per_run_oof
phi_4_mini_instruct__math_test_00160_e84fb95f__temp0.60__seed7,0.24053276336557547,,14,per_run_oof
phi_4_mini_instruct__math_test_00160_e84fb95f__temp1.00__seed7,0.25297420542228327,,14,per_run_oof
phi_4_mini_instruct__math_test_00161_643e7dc4__temp0.10__seed7,0.10833161118961364,1.0,14,per_run_oof
phi_4_mini_instruct__math_test_00161_643e7dc4__temp0.60__seed7,0.24281577005323934,0.8461538461538461,14,per_run_oof
phi_4_mini_instruct__math_test_00161_643e7dc4__temp1.00__seed7,0.08239515166746715,1.0,14,per_run_oof
phi_4_mini_instruct__math_test_00162_45ed500c__temp0.10__seed7,0.4095905560990201,,14,per_run_oof
phi_4_mini_instruct__math_test_00162_45ed500c__temp0.60__seed7,0.08277937615631936,,14,per_run_oof
phi_4_mini_instruct__math_test_00162_45ed500c__temp1.00__seed7,0.15809679620157194,,14,per_run_oof
phi_4_mini_instruct__math_test_00163_6f88c8c4__temp0.10__seed7,0.20979644591407579,0.5,14,per_run_oof
phi_4_mini_instruct__math_test_00163_6f88c8c4__temp0.60__seed7,0.11004505034208371,1.0,14,per_run_oof
phi_4_mini_instruct__math_test_00163_6f88c8c4__temp1.00__seed7,0.23698510898198596,,14,per_run_oof
phi_4_mini_instruct__math_test_00164_a06c5428__temp0.10__seed7,0.41060170418388736,,14,per_run_oof
phi_4_mini_instruct__math_test_00164_a06c5428__temp0.60__seed7,0.42346950409293044,,14,per_run_oof
phi_4_mini_instruct__math_test_00164_a06c5428__temp1.00__seed7,0.19394073265624315,,14,per_run_oof
phi_4_mini_instruct__math_test_00165_2bb09b99__temp0.10__seed7,0.12130584077316849,,14,per_run_oof
phi_4_mini_instruct__math_test_00165_2bb09b99__temp0.60__seed7,0.2019515357969159,,14,per_run_oof
phi_4_mini_instruct__math_test_00165_2bb09b99__temp1.00__seed7,0.18225908404897315,0.8,14,per_run_oof
phi_4_mini_instruct__math_test_00166_e1652a94__temp0.10__seed7,0.11488236295706447,0.8958333333333334,14,per_run_oof
phi_4_mini_instruct__math_test_00166_e1652a94__temp0.60__seed7,0.09091613584134661,1.0,14,per_run_oof
phi_4_mini_instruct__math_test_00166_e1652a94__temp1.00__seed7,0.08861988983588505,1.0,14,per_run_oof
phi_4_mini_instruct__math_test_00167_87ffe725__temp0.10__seed7,0.36166732586566036,,14,per_run_oof
phi_4_mini_instruct__math_test_00167_87ffe725__temp0.60__seed7,0.2320293908125042,,14,per_run_oof
phi_4_mini_instruct__math_test_00167_87ffe725__temp1.00__seed7,0.39866177659004626,,14,per_run_oof
phi_4_mini_instruct__math_test_00168_0f3086b8__temp0.10__seed7,0.08650777754110806,1.0,14,per_run_oof
phi_4_mini_instruct__math_test_00168_0f3086b8__temp0.60__seed7,0.14726361307755312,0.7272727272727272,14,per_run_oof
phi_4_mini_instruct__math_test_00168_0f3086b8__temp1.00__seed7,0.13008049454424567,1.0,14,per_run_oof
phi_4_mini_instruct__math_test_00169_1a29884e__temp0.10__seed7,0.36751092244946365,,14,per_run_oof
phi_4_mini_instruct__math_test_00169_1a29884e__temp0.60__seed7,0.10177162049763687,,14,per_run_oof
phi_4_mini_instruct__math_test_00169_1a29884e__temp1.00__seed7,0.41196713167261795,,14,per_run_oof
phi_4_mini_instruct__math_test_00170_7682a602__temp0.10__seed7,0.23470413967624099,,14,per_run_oof
phi_4_mini_instruct__math_test_00170_7682a602__temp0.60__seed7,0.20666275934400297,,14,per_run_oof
phi_4_mini_instruct__math_test_00170_7682a602__temp1.00__seed7,0.2507715678337771,,14,per_run_oof
phi_4_mini_instruct__math_test_00171_dae831e4__temp0.10__seed7,0.11899368884695036,1.0,14,per_run_oof
phi_4_mini_instruct__math_test_00171_dae831e4__temp0.60__seed7,0.3465870232423658,,14,per_run_oof
phi_4_mini_instruct__math_test_00171_dae831e4__temp1.00__seed7,0.1989417128940482,0.7692307692307692,14,per_run_oof
phi_4_mini_instruct__math_test_00172_6af9182b__temp0.10__seed7,0.2852479995696266,,14,per_run_oof
phi_4_mini_instruct__math_test_00172_6af9182b__temp0.60__seed7,0.2682700641925794,,14,per_run_oof
phi_4_mini_instruct__math_test_00172_6af9182b__temp1.00__seed7,0.1886654110085331,,14,per_run_oof
phi_4_mini_instruct__math_test_00173_f7741471__temp0.10__seed7,0.0933101643083801,,14,per_run_oof
phi_4_mini_instruct__math_test_00173_f7741471__temp0.60__seed7,0.10827605087765714,,14,per_run_oof
phi_4_mini_instruct__math_test_00173_f7741471__temp1.00__seed7,0.14032370583584658,0.9230769230769231,14,per_run_oof
phi_4_mini_instruct__math_test_00174_660b0932__temp0.10__seed7,0.13493186143419206,,14,per_run_oof
phi_4_mini_instruct__math_test_00174_660b0932__temp0.60__seed7,0.12221841325143268,,14,per_run_oof
phi_4_mini_instruct__math_test_00174_660b0932__temp1.00__seed7,0.18833093315172392,,14,per_run_oof
phi_4_mini_instruct__math_test_00175_ad581760__temp0.10__seed7,0.18878603917384917,,14,per_run_oof
phi_4_mini_instruct__math_test_00175_ad581760__temp0.60__seed7,0.09475287791830685,,14,per_run_oof
phi_4_mini_instruct__math_test_00175_ad581760__temp1.00__seed7,0.09989762080251317,,14,per_run_oof
phi_4_mini_instruct__math_test_00176_3ab8fbcf__temp0.10__seed7,0.17165412054943127,,14,per_run_oof
phi_4_mini_instruct__math_test_00176_3ab8fbcf__temp0.60__seed7,0.1610925852467476,,14,per_run_oof
phi_4_mini_instruct__math_test_00176_3ab8fbcf__temp1.00__seed7,0.24801451929427396,,14,per_run_oof
phi_4_mini_instruct__math_test_00177_88f25299__temp0.10__seed7,0.4111771014936178,,14,per_run_oof
phi_4_mini_instruct__math_test_00177_88f25299__temp0.60__seed7,0.32529766105170976,,14,per_run_oof
phi_4_mini_instruct__math_test_00177_88f25299__temp1.00__seed7,0.4703018587865184,,14,per_run_oof
phi_4_mini_instruct__math_test_00178_af59f7e2__temp0.10__seed7,0.1479219680020362,0.6888888888888889,14,per_run_oof
phi_4_mini_instruct__math_test_00178_af59f7e2__temp0.60__seed7,0.08566549344529388,1.0,14,per_run_oof
phi_4_mini_instruct__math_test_00178_af59f7e2__temp1.00__seed7,0.07834222625286132,1.0,14,per_run_oof
phi_4_mini_instruct__math_test_00179_50c278d5__temp0.10__seed7,0.33189652305636763,0.5,14,per_run_oof
phi_4_mini_instruct__math_test_00179_50c278d5__temp0.60__seed7,0.19914683943442218,0.9230769230769231,14,per_run_oof
phi_4_mini_instruct__math_test_00179_50c278d5__temp1.00__seed7,0.1851224083143483,0.8333333333333334,14,per_run_oof
phi_4_mini_instruct__math_test_00180_409f8858__temp0.10__seed7,0.11019909677175889,0.9375,14,per_run_oof
phi_4_mini_instruct__math_test_00180_409f8858__temp0.60__seed7,0.11874687115960188,0.8222222222222223,14,per_run_oof
phi_4_mini_instruct__math_test_00180_409f8858__temp1.00__seed7,0.2198538756260022,0.675,14,per_run_oof
phi_4_mini_instruct__math_test_00181_40a8a07f__temp0.10__seed7,0.13507402164469026,0.9333333333333333,14,per_run_oof
phi_4_mini_instruct__math_test_00181_40a8a07f__temp0.60__seed7,0.11899523458305018,0.9555555555555555,14,per_run_oof
phi_4_mini_instruct__math_test_00181_40a8a07f__temp1.00__seed7,0.1637690324441097,1.0,14,per_run_oof
phi_4_mini_instruct__math_test_00182_5eec73ff__temp0.10__seed7,0.09971072195765747,1.0,14,per_run_oof
phi_4_mini_instruct__math_test_00182_5eec73ff__temp0.60__seed7,0.1010779341242978,1.0,14,per_run_oof
phi_4_mini_instruct__math_test_00182_5eec73ff__temp1.00__seed7,0.19211656148348158,,14,per_run_oof
phi_4_mini_instruct__math_test_00183_8feeefff__temp0.10__seed7,0.3682449854306723,,14,per_run_oof
phi_4_mini_instruct__math_test_00183_8feeefff__temp0.60__seed7,0.16427659056176516,,14,per_run_oof
phi_4_mini_instruct__math_test_00183_8feeefff__temp1.00__seed7,0.1010921935021832,,14,per_run_oof
phi_4_mini_instruct__math_test_00184_78e3c175__temp0.10__seed7,0.11795749566864909,,14,per_run_oof
phi_4_mini_instruct__math_test_00184_78e3c175__temp0.60__seed7,0.12661144298653,0.5384615384615384,14,per_run_oof
phi_4_mini_instruct__math_test_00184_78e3c175__temp1.00__seed7,0.16982475574731873,,14,per_run_oof
phi_4_mini_instruct__math_test_00185_b9d67ef5__temp0.10__seed7,0.24308109523506402,0.6041666666666667,14,per_run_oof
phi_4_mini_instruct__math_test_00185_b9d67ef5__temp0.60__seed7,0.18145259529953525,0.45454545454545453,14,per_run_oof
phi_4_mini_instruct__math_test_00185_b9d67ef5__temp1.00__seed7,0.10403365257550772,,14,per_run_oof
phi_4_mini_instruct__math_test_00186_ac02199f__temp0.10__seed7,0.22844653104801152,,14,per_run_oof
phi_4_mini_instruct__math_test_00186_ac02199f__temp0.60__seed7,0.26478685622417725,,14,per_run_oof
phi_4_mini_instruct__math_test_00186_ac02199f__temp1.00__seed7,0.04621901220668222,,14,per_run_oof
phi_4_mini_instruct__math_test_00187_b2db12b1__temp0.10__seed7,0.3544180304383779,,14,per_run_oof
phi_4_mini_instruct__math_test_00187_b2db12b1__temp0.60__seed7,0.14180463681476616,0.8163265306122449,14,per_run_oof
phi_4_mini_instruct__math_test_00187_b2db12b1__temp1.00__seed7,0.20960718886467217,0.15384615384615385,14,per_run_oof
phi_4_mini_instruct__math_test_00188_c57b9f68__temp0.10__seed7,0.18314198928097017,0.5151515151515151,14,per_run_oof
phi_4_mini_instruct__math_test_00188_c57b9f68__temp0.60__seed7,0.1210997106777547,,14,per_run_oof
phi_4_mini_instruct__math_test_00188_c57b9f68__temp1.00__seed7,0.19506399173189579,,14,per_run_oof
phi_4_mini_instruct__math_test_00189_d2f49b7f__temp0.10__seed7,0.18718601051270028,,14,per_run_oof
phi_4_mini_instruct__math_test_00189_d2f49b7f__temp0.60__seed7,0.15108977009848049,,14,per_run_oof
phi_4_mini_instruct__math_test_00189_d2f49b7f__temp1.00__seed7,0.11323143643104652,,14,per_run_oof
phi_4_mini_instruct__math_test_00190_ad0c55dc__temp0.10__seed7,0.3042555269363372,,14,per_run_oof
phi_4_mini_instruct__math_test_00190_ad0c55dc__temp0.60__seed7,0.11548273741099326,,14,per_run_oof
phi_4_mini_instruct__math_test_00190_ad0c55dc__temp1.00__seed7,0.24690690091408393,,14,per_run_oof
phi_4_mini_instruct__math_test_00191_b20822d9__temp0.10__seed7,0.1985054099284851,,14,per_run_oof
phi_4_mini_instruct__math_test_00191_b20822d9__temp0.60__seed7,0.22121329870962708,,14,per_run_oof
phi_4_mini_instruct__math_test_00191_b20822d9__temp1.00__seed7,0.12648908877014556,,14,per_run_oof
phi_4_mini_instruct__math_test_00192_a6795966__temp0.10__seed7,0.1041354302117246,1.0,14,per_run_oof
phi_4_mini_instruct__math_test_00192_a6795966__temp0.60__seed7,0.20785206170130324,,14,per_run_oof
phi_4_mini_instruct__math_test_00192_a6795966__temp1.00__seed7,0.19237441522540794,0.15384615384615385,14,per_run_oof
phi_4_mini_instruct__math_test_00193_027d8061__temp0.10__seed7,0.10787045367883381,,14,per_run_oof
phi_4_mini_instruct__math_test_00193_027d8061__temp0.60__seed7,0.10566573034587992,,14,per_run_oof
phi_4_mini_instruct__math_test_00193_027d8061__temp1.00__seed7,0.1472205440110401,,14,per_run_oof
phi_4_mini_instruct__math_test_00194_f51f6dd0__temp0.10__seed7,0.31546492592509184,,14,per_run_oof
phi_4_mini_instruct__math_test_00194_f51f6dd0__temp0.60__seed7,0.24578981892448212,,14,per_run_oof
phi_4_mini_instruct__math_test_00194_f51f6dd0__temp1.00__seed7,0.12768566498495493,,14,per_run_oof
phi_4_mini_instruct__math_test_00195_7cc2d650__temp0.10__seed7,0.15033409123229688,0.07692307692307687,14,per_run_oof
phi_4_mini_instruct__math_test_00195_7cc2d650__temp0.60__seed7,0.13120496019881994,,14,per_run_oof
phi_4_mini_instruct__math_test_00195_7cc2d650__temp1.00__seed7,0.264398767821395,,14,per_run_oof
phi_4_mini_instruct__math_test_00196_4e15c27d__temp0.10__seed7,0.12008581542474132,0.9555555555555556,14,per_run_oof
phi_4_mini_instruct__math_test_00196_4e15c27d__temp0.60__seed7,0.12673473540612132,0.9333333333333333,14,per_run_oof
phi_4_mini_instruct__math_test_00196_4e15c27d__temp1.00__seed7,0.12252447328679851,1.0,14,per_run_oof
phi_4_mini_instruct__math_test_00197_ed195676__temp0.10__seed7,0.055834833288258105,,14,per_run_oof
phi_4_mini_instruct__math_test_00197_ed195676__temp0.60__seed7,0.09262423278084994,,14,per_run_oof
phi_4_mini_instruct__math_test_00197_ed195676__temp1.00__seed7,0.13258999579515868,,14,per_run_oof
phi_4_mini_instruct__math_test_00198_85b6e7ea__temp0.10__seed7,0.4084870548942173,,14,per_run_oof
phi_4_mini_instruct__math_test_00198_85b6e7ea__temp0.60__seed7,0.21956119392750748,,14,per_run_oof
phi_4_mini_instruct__math_test_00198_85b6e7ea__temp1.00__seed7,0.3106400986368553,,14,per_run_oof
phi_4_mini_instruct__math_test_00199_c19f27fd__temp0.10__seed7,0.163075529221929,,14,per_run_oof
phi_4_mini_instruct__math_test_00199_c19f27fd__temp0.60__seed7,0.12912368057851648,,14,per_run_oof
phi_4_mini_instruct__math_test_00199_c19f27fd__temp1.00__seed7,0.10017214750350222,,14,per_run_oof
phi_4_mini_instruct__math_test_00200_bd1fc1ea__temp0.10__seed7,0.14954271844343153,,14,per_run_oof
phi_4_mini_instruct__math_test_00200_bd1fc1ea__temp0.60__seed7,0.10686477303462961,,14,per_run_oof
phi_4_mini_instruct__math_test_00200_bd1fc1ea__temp1.00__seed7,0.23701806442442278,,14,per_run_oof
phi_4_mini_instruct__math_test_00201_464f6898__temp0.10__seed7,0.09998901800741364,,14,per_run_oof
phi_4_mini_instruct__math_test_00201_464f6898__temp0.60__seed7,0.10147542578550155,,14,per_run_oof
phi_4_mini_instruct__math_test_00201_464f6898__temp1.00__seed7,0.24290583343713185,,14,per_run_oof
phi_4_mini_instruct__math_test_00202_8904dc37__temp0.10__seed7,0.27233654089917053,,14,per_run_oof
phi_4_mini_instruct__math_test_00202_8904dc37__temp0.60__seed7,0.08208094235321386,,14,per_run_oof
phi_4_mini_instruct__math_test_00202_8904dc37__temp1.00__seed7,0.28467653714828617,,14,per_run_oof
phi_4_mini_instruct__math_test_00203_d026abb8__temp0.10__seed7,0.4634989299182832,,14,per_run_oof
phi_4_mini_instruct__math_test_00203_d026abb8__temp0.60__seed7,0.19493615590243524,,14,per_run_oof
phi_4_mini_instruct__math_test_00203_d026abb8__temp1.00__seed7,0.32605985018460687,0.0,14,per_run_oof
phi_4_mini_instruct__math_test_00204_75f78286__temp0.10__seed7,0.09878167911813639,,14,per_run_oof
phi_4_mini_instruct__math_test_00204_75f78286__temp0.60__seed7,0.1405652059818015,0.6923076923076923,14,per_run_oof
phi_4_mini_instruct__math_test_00204_75f78286__temp1.00__seed7,0.136124708262423,,14,per_run_oof
phi_4_mini_instruct__math_test_00205_35364df7__temp0.10__seed7,0.12402016962610021,,14,per_run_oof
phi_4_mini_instruct__math_test_00205_35364df7__temp0.60__seed7,0.17823000308494757,,14,per_run_oof
phi_4_mini_instruct__math_test_00205_35364df7__temp1.00__seed7,0.08739990618446465,,14,per_run_oof
phi_4_mini_instruct__math_test_00206_a6788c30__temp0.10__seed7,0.18406314599726567,,14,per_run_oof
phi_4_mini_instruct__math_test_00206_a6788c30__temp0.60__seed7,0.24628705117501856,,14,per_run_oof
phi_4_mini_instruct__math_test_00206_a6788c30__temp1.00__seed7,0.05105306375365093,,14,per_run_oof
phi_4_mini_instruct__math_test_00207_627fc1ba__temp0.10__seed7,0.18107574187739733,,14,per_run_oof
phi_4_mini_instruct__math_test_00207_627fc1ba__temp0.60__seed7,0.06345782866818735,,14,per_run_oof
phi_4_mini_instruct__math_test_00207_627fc1ba__temp1.00__seed7,0.27672149010795616,,14,per_run_oof
phi_4_mini_instruct__math_test_00208_43f47031__temp0.10__seed7,0.08347559888411316,1.0,14,per_run_oof
phi_4_mini_instruct__math_test_00208_43f47031__temp0.60__seed7,0.07268520724385488,1.0,14,per_run_oof
phi_4_mini_instruct__math_test_00208_43f47031__temp1.00__seed7,0.1179441322683821,0.8333333333333334,14,per_run_oof
phi_4_mini_instruct__math_test_00209_877944fa__temp0.10__seed7,0.0825444257289498,,14,per_run_oof
phi_4_mini_instruct__math_test_00209_877944fa__temp0.60__seed7,0.09854323512186958,,14,per_run_oof
phi_4_mini_instruct__math_test_00209_877944fa__temp1.00__seed7,0.0806299427079117,,14,per_run_oof
phi_4_mini_instruct__math_test_00210_51592ad6__temp0.10__seed7,0.11966680648342017,0.9777777777777777,14,per_run_oof
phi_4_mini_instruct__math_test_00210_51592ad6__temp0.60__seed7,0.3908713335360127,,14,per_run_oof
phi_4_mini_instruct__math_test_00210_51592ad6__temp1.00__seed7,0.19657577653325106,0.8666666666666666,14,per_run_oof
phi_4_mini_instruct__math_test_00211_4c873421__temp0.10__seed7,0.22004862260551825,0.9166666666666667,14,per_run_oof
phi_4_mini_instruct__math_test_00211_4c873421__temp0.60__seed7,0.16641004030210446,0.75,14,per_run_oof
phi_4_mini_instruct__math_test_00211_4c873421__temp1.00__seed7,0.19370090265194,0.65,14,per_run_oof
phi_4_mini_instruct__math_test_00212_a1acafa6__temp0.10__seed7,0.1171073905143023,,14,per_run_oof
phi_4_mini_instruct__math_test_00212_a1acafa6__temp0.60__seed7,0.22383347855875999,,14,per_run_oof
phi_4_mini_instruct__math_test_00212_a1acafa6__temp1.00__seed7,0.11524866105344288,,14,per_run_oof
phi_4_mini_instruct__math_test_00213_4bf84a38__temp0.10__seed7,0.14813032444309024,0.8,14,per_run_oof
phi_4_mini_instruct__math_test_00213_4bf84a38__temp0.60__seed7,0.18159553682923382,0.65,14,per_run_oof
phi_4_mini_instruct__math_test_00213_4bf84a38__temp1.00__seed7,0.12361866532010102,,14,per_run_oof
phi_4_mini_instruct__math_test_00214_dd220dbb__temp0.10__seed7,0.1703910739057413,0.15384615384615385,14,per_run_oof
phi_4_mini_instruct__math_test_00214_dd220dbb__temp0.60__seed7,0.15511518329982704,0.07692307692307687,14,per_run_oof
phi_4_mini_instruct__math_test_00214_dd220dbb__temp1.00__seed7,0.3363574262209839,,14,per_run_oof
phi_4_mini_instruct__math_test_00215_d650ba63__temp0.10__seed7,0.12460846935736015,,14,per_run_oof
phi_4_mini_instruct__math_test_00215_d650ba63__temp0.60__seed7,0.310228873648672,0.33333333333333337,14,per_run_oof
phi_4_mini_instruct__math_test_00215_d650ba63__temp1.00__seed7,0.1602158587070613,0.9230769230769231,14,per_run_oof
phi_4_mini_instruct__math_test_00216_bb0c5189__temp0.10__seed7,0.10800828772184702,,14,per_run_oof
phi_4_mini_instruct__math_test_00216_bb0c5189__temp0.60__seed7,0.14834114503436516,,14,per_run_oof
phi_4_mini_instruct__math_test_00216_bb0c5189__temp1.00__seed7,0.11483965894371291,,14,per_run_oof
phi_4_mini_instruct__math_test_00217_f16ba217__temp0.10__seed7,0.112348165758142,,14,per_run_oof
phi_4_mini_instruct__math_test_00217_f16ba217__temp0.60__seed7,0.11985360151031808,,14,per_run_oof
phi_4_mini_instruct__math_test_00217_f16ba217__temp1.00__seed7,0.2160786685489324,,14,per_run_oof
phi_4_mini_instruct__math_test_00218_9ebeec12__temp0.10__seed7,0.4324035654970772,0.20833333333333337,14,per_run_oof
phi_4_mini_instruct__math_test_00218_9ebeec12__temp0.60__seed7,0.25634043812379975,0.5,14,per_run_oof
phi_4_mini_instruct__math_test_00218_9ebeec12__temp1.00__seed7,0.16508901166056295,0.8500000000000001,14,per_run_oof
phi_4_mini_instruct__math_test_00219_9ce0114c__temp0.10__seed7,0.17076333346011133,,14,per_run_oof
phi_4_mini_instruct__math_test_00219_9ce0114c__temp0.60__seed7,0.13270118265148714,1.0,14,per_run_oof
phi_4_mini_instruct__math_test_00219_9ce0114c__temp1.00__seed7,0.24593843967626333,,14,per_run_oof
phi_4_mini_instruct__math_test_00220_c9d4415d__temp0.10__seed7,0.4354070768073511,0.16666666666666669,14,per_run_oof
phi_4_mini_instruct__math_test_00220_c9d4415d__temp0.60__seed7,0.25879027202443045,,14,per_run_oof
phi_4_mini_instruct__math_test_00220_c9d4415d__temp1.00__seed7,0.3037807783260427,,14,per_run_oof
phi_4_mini_instruct__math_test_00221_6ddce785__temp0.10__seed7,0.24476601747458487,,14,per_run_oof
phi_4_mini_instruct__math_test_00221_6ddce785__temp0.60__seed7,0.09706117184351302,1.0,14,per_run_oof
phi_4_mini_instruct__math_test_00221_6ddce785__temp1.00__seed7,0.17654684098263887,,14,per_run_oof
phi_4_mini_instruct__math_test_00222_67d6eb88__temp0.10__seed7,0.17708944725306913,0.7333333333333333,14,per_run_oof
phi_4_mini_instruct__math_test_00222_67d6eb88__temp0.60__seed7,0.1386488223622797,0.6666666666666667,14,per_run_oof
phi_4_mini_instruct__math_test_00222_67d6eb88__temp1.00__seed7,0.10690916586832906,,14,per_run_oof
phi_4_mini_instruct__math_test_00223_e0d9f4b1__temp0.10__seed7,0.13513825125923626,,14,per_run_oof
phi_4_mini_instruct__math_test_00223_e0d9f4b1__temp0.60__seed7,0.4751638105665174,,14,per_run_oof
phi_4_mini_instruct__math_test_00223_e0d9f4b1__temp1.00__seed7,0.33903917067998696,0.23076923076923073,14,per_run_oof
phi_4_mini_instruct__math_test_00224_a4838f9f__temp0.10__seed7,0.26898165307271754,0.6222222222222222,14,per_run_oof
phi_4_mini_instruct__math_test_00224_a4838f9f__temp0.60__seed7,0.19154728272061503,0.3846153846153846,14,per_run_oof
phi_4_mini_instruct__math_test_00224_a4838f9f__temp1.00__seed7,0.2656809914844701,0.3846153846153846,14,per_run_oof
phi_4_mini_instruct__math_test_00225_aa62338d__temp0.10__seed7,0.17118231033611564,0.8,14,per_run_oof
phi_4_mini_instruct__math_test_00225_aa62338d__temp0.60__seed7,0.19783033333910222,0.0,14,per_run_oof
phi_4_mini_instruct__math_test_00225_aa62338d__temp1.00__seed7,0.16592082571320613,,14,per_run_oof
phi_4_mini_instruct__math_test_00226_4db0af17__temp0.10__seed7,0.08067322887917953,,14,per_run_oof
phi_4_mini_instruct__math_test_00226_4db0af17__temp0.60__seed7,0.11951737216493463,,14,per_run_oof
phi_4_mini_instruct__math_test_00226_4db0af17__temp1.00__seed7,0.19214480571681306,,14,per_run_oof
phi_4_mini_instruct__math_test_00227_bd91686d__temp0.10__seed7,0.09293330200351778,1.0,14,per_run_oof
phi_4_mini_instruct__math_test_00227_bd91686d__temp0.60__seed7,0.08240044536095494,1.0,14,per_run_oof
phi_4_mini_instruct__math_test_00227_bd91686d__temp1.00__seed7,0.08893684277920026,1.0,14,per_run_oof
phi_4_mini_instruct__math_test_00228_f8913fbd__temp0.10__seed7,0.1122957472477093,,14,per_run_oof
phi_4_mini_instruct__math_test_00228_f8913fbd__temp0.60__seed7,0.08445022760510452,,14,per_run_oof
phi_4_mini_instruct__math_test_00228_f8913fbd__temp1.00__seed7,0.1457044589673551,,14,per_run_oof
phi_4_mini_instruct__math_test_00229_3671f9fa__temp0.10__seed7,0.08817705566241608,,14,per_run_oof
phi_4_mini_instruct__math_test_00229_3671f9fa__temp0.60__seed7,0.08895243256755807,,14,per_run_oof
phi_4_mini_instruct__math_test_00229_3671f9fa__temp1.00__seed7,0.2176748101876638,,14,per_run_oof
phi_4_mini_instruct__math_test_00230_5de9111d__temp0.10__seed7,0.1884530771405599,,14,per_run_oof
phi_4_mini_instruct__math_test_00230_5de9111d__temp0.60__seed7,0.09536150916529229,1.0,14,per_run_oof
phi_4_mini_instruct__math_test_00230_5de9111d__temp1.00__seed7,0.15179997763071248,,14,per_run_oof
phi_4_mini_instruct__math_test_00231_f1b686d3__temp0.10__seed7,0.0996168981193519,1.0,14,per_run_oof
phi_4_mini_instruct__math_test_00231_f1b686d3__temp0.60__seed7,0.28230115332065353,,14,per_run_oof
phi_4_mini_instruct__math_test_00231_f1b686d3__temp1.00__seed7,0.4114284611472828,,14,per_run_oof
phi_4_mini_instruct__math_test_00232_99f94cd0__temp0.10__seed7,0.16395158630346934,,14,per_run_oof
phi_4_mini_instruct__math_test_00232_99f94cd0__temp0.60__seed7,0.33109075080522105,,14,per_run_oof
phi_4_mini_instruct__math_test_00232_99f94cd0__temp1.00__seed7,0.44810329327384224,0.0,14,per_run_oof
phi_4_mini_instruct__math_test_00233_05e64b69__temp0.10__seed7,0.17317260680028562,,14,per_run_oof
phi_4_mini_instruct__math_test_00233_05e64b69__temp0.60__seed7,0.23486913007964588,,14,per_run_oof
phi_4_mini_instruct__math_test_00233_05e64b69__temp1.00__seed7,0.09113979382774022,1.0,14,per_run_oof
phi_4_mini_instruct__math_test_00234_03dfd5f4__temp0.10__seed7,0.19465263348743225,,14,per_run_oof
phi_4_mini_instruct__math_test_00234_03dfd5f4__temp0.60__seed7,0.11226218043006912,0.9777777777777777,14,per_run_oof
phi_4_mini_instruct__math_test_00234_03dfd5f4__temp1.00__seed7,0.4769167980942707,,14,per_run_oof
phi_4_mini_instruct__math_test_00235_13c2c9be__temp0.10__seed7,0.22799292530121837,,14,per_run_oof
phi_4_mini_instruct__math_test_00235_13c2c9be__temp0.60__seed7,0.1424354507722778,0.9166666666666666,14,per_run_oof
phi_4_mini_instruct__math_test_00235_13c2c9be__temp1.00__seed7,0.18079010122135725,,14,per_run_oof
phi_4_mini_instruct__math_test_00236_d5de6a08__temp0.10__seed7,0.16477603054554923,,14,per_run_oof
phi_4_mini_instruct__math_test_00236_d5de6a08__temp0.60__seed7,0.19328934672338197,,14,per_run_oof
phi_4_mini_instruct__math_test_00236_d5de6a08__temp1.00__seed7,0.31400024394361165,,14,per_run_oof
phi_4_mini_instruct__math_test_00237_4bcd0b41__temp0.10__seed7,0.29072937315534736,,14,per_run_oof
phi_4_mini_instruct__math_test_00237_4bcd0b41__temp0.60__seed7,0.4722265330365735,0.23076923076923073,14,per_run_oof
phi_4_mini_instruct__math_test_00237_4bcd0b41__temp1.00__seed7,0.09944559115703426,,14,per_run_oof
phi_4_mini_instruct__math_test_00238_c8c67f45__temp0.10__seed7,0.22280592650270778,,14,per_run_oof
phi_4_mini_instruct__math_test_00238_c8c67f45__temp0.60__seed7,0.28665919528680917,,14,per_run_oof
phi_4_mini_instruct__math_test_00238_c8c67f45__temp1.00__seed7,0.14555185678834123,,14,per_run_oof
phi_4_mini_instruct__math_test_00239_9b20bddf__temp0.10__seed7,0.18898080547541762,,14,per_run_oof
phi_4_mini_instruct__math_test_00239_9b20bddf__temp0.60__seed7,0.22217709896228185,0.6444444444444444,14,per_run_oof
phi_4_mini_instruct__math_test_00239_9b20bddf__temp1.00__seed7,0.18333789685792953,,14,per_run_oof
phi_4_mini_instruct__math_test_00240_52c92561__temp0.10__seed7,0.10473418604407149,,14,per_run_oof
phi_4_mini_instruct__math_test_00240_52c92561__temp0.60__seed7,0.10695645930346195,,14,per_run_oof
phi_4_mini_instruct__math_test_00240_52c92561__temp1.00__seed7,0.14793001041688836,,14,per_run_oof
phi_4_mini_instruct__math_test_00241_5a34024d__temp0.10__seed7,0.15498495620532834,0.20833333333333331,14,per_run_oof
phi_4_mini_instruct__math_test_00241_5a34024d__temp0.60__seed7,0.21183975056279655,0.7555555555555555,14,per_run_oof
phi_4_mini_instruct__math_test_00241_5a34024d__temp1.00__seed7,0.15259329095879828,0.6153846153846154,14,per_run_oof
phi_4_mini_instruct__math_test_00242_277ad5c0__temp0.10__seed7,0.4322202231471549,,14,per_run_oof
phi_4_mini_instruct__math_test_00242_277ad5c0__temp0.60__seed7,0.1711745577877446,,14,per_run_oof
phi_4_mini_instruct__math_test_00242_277ad5c0__temp1.00__seed7,0.45925230984508375,,14,per_run_oof
phi_4_mini_instruct__math_test_00243_869ecc6c__temp0.10__seed7,0.4187050361914607,0.6923076923076923,14,per_run_oof
phi_4_mini_instruct__math_test_00243_869ecc6c__temp0.60__seed7,0.18603428806262334,,14,per_run_oof
phi_4_mini_instruct__math_test_00243_869ecc6c__temp1.00__seed7,0.2800725858760781,0.5384615384615384,14,per_run_oof
phi_4_mini_instruct__math_test_00244_1b6efbf5__temp0.10__seed7,0.187060248766392,,14,per_run_oof
phi_4_mini_instruct__math_test_00244_1b6efbf5__temp0.60__seed7,0.2065699155148785,0.07692307692307687,14,per_run_oof
phi_4_mini_instruct__math_test_00244_1b6efbf5__temp1.00__seed7,0.2814107682601641,,14,per_run_oof
phi_4_mini_instruct__math_test_00245_373bfa07__temp0.10__seed7,0.20981772888254577,,14,per_run_oof
phi_4_mini_instruct__math_test_00245_373bfa07__temp0.60__seed7,0.22371088763238003,,14,per_run_oof
phi_4_mini_instruct__math_test_00245_373bfa07__temp1.00__seed7,0.07000120823858572,,14,per_run_oof
phi_4_mini_instruct__math_test_00246_08e34813__temp0.10__seed7,0.24150937448474583,0.6222222222222222,14,per_run_oof
phi_4_mini_instruct__math_test_00246_08e34813__temp0.60__seed7,0.12457133603254296,0.7916666666666666,14,per_run_oof
phi_4_mini_instruct__math_test_00246_08e34813__temp1.00__seed7,0.24032581855468385,0.46153846153846156,14,per_run_oof
phi_4_mini_instruct__math_test_00247_24a6a2d8__temp0.10__seed7,0.10002728723477268,,14,per_run_oof
phi_4_mini_instruct__math_test_00247_24a6a2d8__temp0.60__seed7,0.13198420312041556,,14,per_run_oof
phi_4_mini_instruct__math_test_00247_24a6a2d8__temp1.00__seed7,0.1045330850143968,,14,per_run_oof
phi_4_mini_instruct__math_test_00248_740b47e0__temp0.10__seed7,0.37992872516450776,0.3846153846153846,14,per_run_oof
phi_4_mini_instruct__math_test_00248_740b47e0__temp0.60__seed7,0.15451420388494114,0.875,14,per_run_oof
phi_4_mini_instruct__math_test_00248_740b47e0__temp1.00__seed7,0.23652813960495672,0.6888888888888889,14,per_run_oof
phi_4_mini_instruct__math_test_00249_89ab90f1__temp0.10__seed7,0.22684694260365523,0.673469387755102,14,per_run_oof
phi_4_mini_instruct__math_test_00249_89ab90f1__temp0.60__seed7,0.18153408931237514,0.55,14,per_run_oof
phi_4_mini_instruct__math_test_00249_89ab90f1__temp1.00__seed7,0.15054309894703882,0.8181818181818181,14,per_run_oof
phi_4_mini_instruct__math_test_00250_893f6d22__temp0.10__seed7,0.13224217015797868,0.9166666666666667,14,per_run_oof
phi_4_mini_instruct__math_test_00250_893f6d22__temp0.60__seed7,0.12684921224059106,0.8775510204081632,14,per_run_oof
phi_4_mini_instruct__math_test_00250_893f6d22__temp1.00__seed7,0.1821581237665402,0.8484848484848484,14,per_run_oof
phi_4_mini_instruct__math_test_00251_3dd2446e__temp0.10__seed7,0.15804611224041915,0.9166666666666666,14,per_run_oof
phi_4_mini_instruct__math_test_00251_3dd2446e__temp0.60__seed7,0.23653885830429636,0.673469387755102,14,per_run_oof
phi_4_mini_instruct__math_test_00251_3dd2446e__temp1.00__seed7,0.09524864664195135,1.0,14,per_run_oof
phi_4_mini_instruct__math_test_00252_b3e21c72__temp0.10__seed7,0.15644967993792327,0.925,14,per_run_oof
phi_4_mini_instruct__math_test_00252_b3e21c72__temp0.60__seed7,0.08977755327566181,1.0,14,per_run_oof
phi_4_mini_instruct__math_test_00252_b3e21c72__temp1.00__seed7,0.14987691317256555,0.875,14,per_run_oof
phi_4_mini_instruct__math_test_00253_d4df8de3__temp0.10__seed7,0.22223442075149563,,14,per_run_oof
phi_4_mini_instruct__math_test_00253_d4df8de3__temp0.60__seed7,0.26185477244773575,,14,per_run_oof
phi_4_mini_instruct__math_test_00253_d4df8de3__temp1.00__seed7,0.12642436123706083,,14,per_run_oof
phi_4_mini_instruct__math_test_00254_a92a5bc3__temp0.10__seed7,0.17803676815499622,,14,per_run_oof
phi_4_mini_instruct__math_test_00254_a92a5bc3__temp0.60__seed7,0.22120917917128943,0.9583333333333333,14,per_run_oof
phi_4_mini_instruct__math_test_00254_a92a5bc3__temp1.00__seed7,0.09640423984627909,,14,per_run_oof
phi_4_mini_instruct__math_test_00255_5f3fe168__temp0.10__seed7,0.16336704035061822,0.8541666666666666,14,per_run_oof
phi_4_mini_instruct__math_test_00255_5f3fe168__temp0.60__seed7,0.2006770401687978,0.6222222222222222,14,per_run_oof
phi_4_mini_instruct__math_test_00255_5f3fe168__temp1.00__seed7,0.18595724477445932,0.875,14,per_run_oof
phi_4_mini_instruct__math_test_00256_d959374f__temp0.10__seed7,0.3965381541852535,,14,per_run_oof
phi_4_mini_instruct__math_test_00256_d959374f__temp0.60__seed7,0.13511804032534283,0.888888888888889,14,per_run_oof
phi_4_mini_instruct__math_test_00256_d959374f__temp1.00__seed7,0.18307536280143047,0.875,14,per_run_oof
phi_4_mini_instruct__math_test_00257_20ddae87__temp0.10__seed7,0.10196482155933655,1.0,14,per_run_oof
phi_4_mini_instruct__math_test_00257_20ddae87__temp0.60__seed7,0.25608106267594993,,14,per_run_oof
phi_4_mini_instruct__math_test_00257_20ddae87__temp1.00__seed7,0.19880658514813673,0.6500000000000001,14,per_run_oof
phi_4_mini_instruct__math_test_00258_44fb0c1c__temp0.10__seed7,0.15149776371310716,0.836734693877551,14,per_run_oof
phi_4_mini_instruct__math_test_00258_44fb0c1c__temp0.60__seed7,0.1422280460716621,,14,per_run_oof
phi_4_mini_instruct__math_test_00258_44fb0c1c__temp1.00__seed7,0.04749235350665209,,14,per_run_oof
phi_4_mini_instruct__math_test_00259_2ab6b817__temp0.10__seed7,0.42069107586945836,,14,per_run_oof
phi_4_mini_instruct__math_test_00259_2ab6b817__temp0.60__seed7,0.18962286520523333,,14,per_run_oof
phi_4_mini_instruct__math_test_00259_2ab6b817__temp1.00__seed7,0.2557294488507224,,14,per_run_oof
phi_4_mini_instruct__math_test_00260_efa62d11__temp0.10__seed7,0.1953549750797579,0.7083333333333333,14,per_run_oof
phi_4_mini_instruct__math_test_00260_efa62d11__temp0.60__seed7,0.13088253860478882,0.625,14,per_run_oof
phi_4_mini_instruct__math_test_00260_efa62d11__temp1.00__seed7,0.20508262419906007,,14,per_run_oof
phi_4_mini_instruct__math_test_00261_4f02172b__temp0.10__seed7,0.2689803371126953,,14,per_run_oof
phi_4_mini_instruct__math_test_00261_4f02172b__temp0.60__seed7,0.1503589931020684,,14,per_run_oof
phi_4_mini_instruct__math_test_00261_4f02172b__temp1.00__seed7,0.21622548318049592,,14,per_run_oof
phi_4_mini_instruct__math_test_00262_5be48d75__temp0.10__seed7,0.13280518879655592,0.9333333333333333,14,per_run_oof
phi_4_mini_instruct__math_test_00262_5be48d75__temp0.60__seed7,0.209858567004465,0.4166666666666667,14,per_run_oof
phi_4_mini_instruct__math_test_00262_5be48d75__temp1.00__seed7,0.15590851393932795,0.825,14,per_run_oof
phi_4_mini_instruct__math_test_00263_10d94c24__temp0.10__seed7,0.06463594879426417,1.0,14,per_run_oof
phi_4_mini_instruct__math_test_00263_10d94c24__temp0.60__seed7,0.05257069105564698,1.0,14,per_run_oof
phi_4_mini_instruct__math_test_00263_10d94c24__temp1.00__seed7,0.21419960068293037,,14,per_run_oof
phi_4_mini_instruct__math_test_00264_ca7f6fd1__temp0.10__seed7,0.4566409268582296,,14,per_run_oof
phi_4_mini_instruct__math_test_00264_ca7f6fd1__temp0.60__seed7,0.41752879673908677,0.46153846153846156,14,per_run_oof
phi_4_mini_instruct__math_test_00264_ca7f6fd1__temp1.00__seed7,0.22713914239951652,,14,per_run_oof
phi_4_mini_instruct__math_test_00265_3b8ec9e0__temp0.10__seed7,0.39341252497178925,,14,per_run_oof
phi_4_mini_instruct__math_test_00265_3b8ec9e0__temp0.60__seed7,0.16990162293363825,0.8541666666666667,14,per_run_oof
phi_4_mini_instruct__math_test_00265_3b8ec9e0__temp1.00__seed7,0.21294239936482118,,14,per_run_oof
phi_4_mini_instruct__math_test_00266_dbf10789__temp0.10__seed7,0.1342043769008996,,14,per_run_oof
phi_4_mini_instruct__math_test_00266_dbf10789__temp0.60__seed7,0.18868651213215282,,14,per_run_oof
phi_4_mini_instruct__math_test_00266_dbf10789__temp1.00__seed7,0.17043634973110197,,14,per_run_oof
phi_4_mini_instruct__math_test_00267_a33fc5f4__temp0.10__seed7,0.11611735988791907,1.0,14,per_run_oof
phi_4_mini_instruct__math_test_00267_a33fc5f4__temp0.60__seed7,0.1110758779866138,1.0,14,per_run_oof
phi_4_mini_instruct__math_test_00267_a33fc5f4__temp1.00__seed7,0.12170331825534954,0.9500000000000001,14,per_run_oof
phi_4_mini_instruct__math_test_00268_64a42184__temp0.10__seed7,0.10454156649495412,,14,per_run_oof
phi_4_mini_instruct__math_test_00268_64a42184__temp0.60__seed7,0.10781881325661212,,14,per_run_oof
phi_4_mini_instruct__math_test_00268_64a42184__temp1.00__seed7,0.1444951644884161,,14,per_run_oof
phi_4_mini_instruct__math_test_00269_3a892d62__temp0.10__seed7,0.15734518836285297,,14,per_run_oof
phi_4_mini_instruct__math_test_00269_3a892d62__temp0.60__seed7,0.25072368037999426,,14,per_run_oof
phi_4_mini_instruct__math_test_00269_3a892d62__temp1.00__seed7,0.15337506841507734,,14,per_run_oof
phi_4_mini_instruct__math_test_00270_d6fa4f7c__temp0.10__seed7,0.11498926427574048,,14,per_run_oof
phi_4_mini_instruct__math_test_00270_d6fa4f7c__temp0.60__seed7,0.22120235759649184,,14,per_run_oof
phi_4_mini_instruct__math_test_00270_d6fa4f7c__temp1.00__seed7,0.23349597360999738,0.6122448979591837,14,per_run_oof
phi_4_mini_instruct__math_test_00271_0cd3b758__temp0.10__seed7,0.09323721668488945,,14,per_run_oof
phi_4_mini_instruct__math_test_00271_0cd3b758__temp0.60__seed7,0.22105218679280839,,14,per_run_oof
phi_4_mini_instruct__math_test_00271_0cd3b758__temp1.00__seed7,0.17501454625383098,,14,per_run_oof
phi_4_mini_instruct__math_test_00272_84359c4d__temp0.10__seed7,0.1696267894658851,0.875,14,per_run_oof
phi_4_mini_instruct__math_test_00272_84359c4d__temp0.60__seed7,0.19517421924540715,0.8500000000000001,14,per_run_oof
phi_4_mini_instruct__math_test_00272_84359c4d__temp1.00__seed7,0.1776221269804346,0.8958333333333334,14,per_run_oof
phi_4_mini_instruct__math_test_00273_a9e9a1de__temp0.10__seed7,0.12297147380520586,1.0,14,per_run_oof
phi_4_mini_instruct__math_test_00273_a9e9a1de__temp0.60__seed7,0.25780747446122143,,14,per_run_oof
phi_4_mini_instruct__math_test_00273_a9e9a1de__temp1.00__seed7,0.4001762893967795,,14,per_run_oof
phi_4_mini_instruct__math_test_00274_75abc690__temp0.10__seed7,0.12016193638957096,,14,per_run_oof
phi_4_mini_instruct__math_test_00274_75abc690__temp0.60__seed7,0.1690096830943106,,14,per_run_oof
phi_4_mini_instruct__math_test_00274_75abc690__temp1.00__seed7,0.2699646915049602,,14,per_run_oof
phi_4_mini_instruct__math_test_00275_4384cd3d__temp0.10__seed7,0.2720376130009821,,14,per_run_oof
phi_4_mini_instruct__math_test_00275_4384cd3d__temp0.60__seed7,0.16791052229672337,,14,per_run_oof
phi_4_mini_instruct__math_test_00275_4384cd3d__temp1.00__seed7,0.3313897853102606,,14,per_run_oof
phi_4_mini_instruct__math_test_00276_845d624e__temp0.10__seed7,0.3544973584237419,,14,per_run_oof
phi_4_mini_instruct__math_test_00276_845d624e__temp0.60__seed7,0.39692763989192015,,14,per_run_oof
phi_4_mini_instruct__math_test_00276_845d624e__temp1.00__seed7,0.24413416388878867,,14,per_run_oof
phi_4_mini_instruct__math_test_00277_c86dc9b8__temp0.10__seed7,0.39601822392781594,,14,per_run_oof
phi_4_mini_instruct__math_test_00277_c86dc9b8__temp0.60__seed7,0.3868117730509886,0.33333333333333337,14,per_run_oof
phi_4_mini_instruct__math_test_00277_c86dc9b8__temp1.00__seed7,0.20581484210232878,0.7555555555555556,14,per_run_oof
phi_4_mini_instruct__math_test_00278_f57d1ab7__temp0.10__seed7,0.08414522882286254,,14,per_run_oof
phi_4_mini_instruct__math_test_00278_f57d1ab7__temp0.60__seed7,0.14490538104735662,,14,per_run_oof
phi_4_mini_instruct__math_test_00278_f57d1ab7__temp1.00__seed7,0.23544636285236845,,14,per_run_oof
phi_4_mini_instruct__math_test_00279_c9a3fe90__temp0.10__seed7,0.15270725282122521,,14,per_run_oof
phi_4_mini_instruct__math_test_00279_c9a3fe90__temp0.60__seed7,0.3909773439224779,,14,per_run_oof
phi_4_mini_instruct__math_test_00279_c9a3fe90__temp1.00__seed7,0.23579187660853676,,14,per_run_oof
phi_4_mini_instruct__math_test_00280_fa6589e1__temp0.10__seed7,0.2509084139127354,,14,per_run_oof
phi_4_mini_instruct__math_test_00280_fa6589e1__temp0.60__seed7,0.23196849321009338,,14,per_run_oof
phi_4_mini_instruct__math_test_00280_fa6589e1__temp1.00__seed7,0.21823441666972535,,14,per_run_oof
phi_4_mini_instruct__math_test_00281_c1845e7d__temp0.10__seed7,0.1092833532850378,1.0,14,per_run_oof
phi_4_mini_instruct__math_test_00281_c1845e7d__temp0.60__seed7,0.17943947251631306,0.375,14,per_run_oof
phi_4_mini_instruct__math_test_00281_c1845e7d__temp1.00__seed7,0.21963161207989637,0.6666666666666667,14,per_run_oof
phi_4_mini_instruct__math_test_00282_92f3a353__temp0.10__seed7,0.1728371017803853,,14,per_run_oof
phi_4_mini_instruct__math_test_00282_92f3a353__temp0.60__seed7,0.10226553436372872,1.0,14,per_run_oof
phi_4_mini_instruct__math_test_00282_92f3a353__temp1.00__seed7,0.09906296072044686,,14,per_run_oof
phi_4_mini_instruct__math_test_00283_7135627a__temp0.10__seed7,0.30353104257023256,,14,per_run_oof
phi_4_mini_instruct__math_test_00283_7135627a__temp0.60__seed7,0.09529628241737555,,14,per_run_oof
phi_4_mini_instruct__math_test_00283_7135627a__temp1.00__seed7,0.19660527359649763,,14,per_run_oof
phi_4_mini_instruct__math_test_00284_d7b7add8__temp0.10__seed7,0.08983776536991969,,14,per_run_oof
phi_4_mini_instruct__math_test_00284_d7b7add8__temp0.60__seed7,0.18735391265080978,,14,per_run_oof
phi_4_mini_instruct__math_test_00284_d7b7add8__temp1.00__seed7,0.12271929962708619,,14,per_run_oof
phi_4_mini_instruct__math_test_00285_2a685be2__temp0.10__seed7,0.2498513738188113,,14,per_run_oof
phi_4_mini_instruct__math_test_00285_2a685be2__temp0.60__seed7,0.40507733793324857,,14,per_run_oof
phi_4_mini_instruct__math_test_00285_2a685be2__temp1.00__seed7,0.3350330123855133,,14,per_run_oof
phi_4_mini_instruct__math_test_00286_2378497f__temp0.10__seed7,0.09879286853180023,,14,per_run_oof
phi_4_mini_instruct__math_test_00286_2378497f__temp0.60__seed7,0.26279824918041855,0.3846153846153846,14,per_run_oof
phi_4_mini_instruct__math_test_00286_2378497f__temp1.00__seed7,0.2439840943483014,,14,per_run_oof
phi_4_mini_instruct__math_test_00287_ab35a62d__temp0.10__seed7,0.33146374265834766,,14,per_run_oof
phi_4_mini_instruct__math_test_00287_ab35a62d__temp0.60__seed7,0.09439154780182679,,14,per_run_oof
phi_4_mini_instruct__math_test_00287_ab35a62d__temp1.00__seed7,0.16886923354275155,,14,per_run_oof
phi_4_mini_instruct__math_test_00288_99b25b6b__temp0.10__seed7,0.15782557208730266,,14,per_run_oof
phi_4_mini_instruct__math_test_00288_99b25b6b__temp0.60__seed7,0.1379372326238985,,14,per_run_oof
phi_4_mini_instruct__math_test_00288_99b25b6b__temp1.00__seed7,0.3234794461415997,,14,per_run_oof
phi_4_mini_instruct__math_test_00289_65b47d19__temp0.10__seed7,0.11291557871810014,,14,per_run_oof
phi_4_mini_instruct__math_test_00289_65b47d19__temp0.60__seed7,0.1073401025944627,,14,per_run_oof
phi_4_mini_instruct__math_test_00289_65b47d19__temp1.00__seed7,0.226380390101421,,14,per_run_oof
phi_4_mini_instruct__math_test_00290_1a809667__temp0.10__seed7,0.07292801666579142,,14,per_run_oof
phi_4_mini_instruct__math_test_00290_1a809667__temp0.60__seed7,0.24503578584267835,,14,per_run_oof
phi_4_mini_instruct__math_test_00290_1a809667__temp1.00__seed7,0.12011181800189141,,14,per_run_oof
phi_4_mini_instruct__math_test_00291_f0f80e1a__temp0.10__seed7,0.337204801439289,,14,per_run_oof
phi_4_mini_instruct__math_test_00291_f0f80e1a__temp0.60__seed7,0.32033247283958677,,14,per_run_oof
phi_4_mini_instruct__math_test_00291_f0f80e1a__temp1.00__seed7,0.4163085065331284,,14,per_run_oof
phi_4_mini_instruct__math_test_00292_9f87e110__temp0.10__seed7,0.18794233545523434,,14,per_run_oof
phi_4_mini_instruct__math_test_00292_9f87e110__temp0.60__seed7,0.09464857153441948,,14,per_run_oof
phi_4_mini_instruct__math_test_00292_9f87e110__temp1.00__seed7,0.15637281325461347,,14,per_run_oof
phi_4_mini_instruct__math_test_00293_9a549464__temp0.10__seed7,0.1475246500227522,0.9583333333333334,14,per_run_oof
phi_4_mini_instruct__math_test_00293_9a549464__temp0.60__seed7,0.146536904509104,,14,per_run_oof
phi_4_mini_instruct__math_test_00293_9a549464__temp1.00__seed7,0.28454195034657687,0.23076923076923073,14,per_run_oof
phi_4_mini_instruct__math_test_00294_bbfa98b4__temp0.10__seed7,0.14060893503857047,0.9393939393939394,14,per_run_oof
phi_4_mini_instruct__math_test_00294_bbfa98b4__temp0.60__seed7,0.2190662950380545,,14,per_run_oof
phi_4_mini_instruct__math_test_00294_bbfa98b4__temp1.00__seed7,0.15072003578264062,0.5416666666666667,14,per_run_oof
phi_4_mini_instruct__math_test_00295_5384a318__temp0.10__seed7,0.15337194357041833,,14,per_run_oof
phi_4_mini_instruct__math_test_00295_5384a318__temp0.60__seed7,0.13512186323381686,,14,per_run_oof
phi_4_mini_instruct__math_test_00295_5384a318__temp1.00__seed7,0.14397411050455192,,14,per_run_oof
phi_4_mini_instruct__math_test_00296_dd695c69__temp0.10__seed7,0.09969989657999069,,14,per_run_oof
phi_4_mini_instruct__math_test_00296_dd695c69__temp0.60__seed7,0.11072170521889875,,14,per_run_oof
phi_4_mini_instruct__math_test_00296_dd695c69__temp1.00__seed7,0.1099765589569296,,14,per_run_oof
phi_4_mini_instruct__math_test_00297_96f3b4cd__temp0.10__seed7,0.176908986868252,,14,per_run_oof
phi_4_mini_instruct__math_test_00297_96f3b4cd__temp0.60__seed7,0.1792886388082938,,14,per_run_oof
phi_4_mini_instruct__math_test_00297_96f3b4cd__temp1.00__seed7,0.19141691417127532,,14,per_run_oof
phi_4_mini_instruct__math_test_00298_cd93bf6b__temp0.10__seed7,0.12253020161885202,0.9791666666666667,14,per_run_oof
phi_4_mini_instruct__math_test_00298_cd93bf6b__temp0.60__seed7,0.17078157190261778,0.8125,14,per_run_oof
phi_4_mini_instruct__math_test_00298_cd93bf6b__temp1.00__seed7,0.17330364513486263,0.9230769230769231,14,per_run_oof
phi_4_mini_instruct__math_test_00299_9edbd238__temp0.10__seed7,0.09261515128082239,0.9696969696969697,14,per_run_oof
phi_4_mini_instruct__math_test_00299_9edbd238__temp0.60__seed7,0.1080245713607108,0.9583333333333334,14,per_run_oof
phi_4_mini_instruct__math_test_00299_9edbd238__temp1.00__seed7,0.17634796659916724,0.7083333333333333,14,per_run_oof
phi_4_mini_instruct__math_test_00300_7b4fb29f__temp0.10__seed7,0.2238300566750333,0.9230769230769231,14,per_run_oof
phi_4_mini_instruct__math_test_00300_7b4fb29f__temp0.60__seed7,0.4567352659634209,,14,per_run_oof
phi_4_mini_instruct__math_test_00300_7b4fb29f__temp1.00__seed7,0.1762589312500471,,14,per_run_oof
phi_4_mini_instruct__math_test_00301_fe74163c__temp0.10__seed7,0.302672696566178,,14,per_run_oof
phi_4_mini_instruct__math_test_00301_fe74163c__temp0.60__seed7,0.36518663246991107,,14,per_run_oof
phi_4_mini_instruct__math_test_00301_fe74163c__temp1.00__seed7,0.2647057042985176,,14,per_run_oof
phi_4_mini_instruct__math_test_00302_555caaf5__temp0.10__seed7,0.17081920525926225,,14,per_run_oof
phi_4_mini_instruct__math_test_00302_555caaf5__temp0.60__seed7,0.15210200426119277,,14,per_run_oof
phi_4_mini_instruct__math_test_00302_555caaf5__temp1.00__seed7,0.09177416069907328,,14,per_run_oof
phi_4_mini_instruct__math_test_00303_0a6043f3__temp0.10__seed7,0.11757546758677044,,14,per_run_oof
phi_4_mini_instruct__math_test_00303_0a6043f3__temp0.60__seed7,0.2524394161122236,,14,per_run_oof
phi_4_mini_instruct__math_test_00303_0a6043f3__temp1.00__seed7,0.13823507465660703,0.9777777777777777,14,per_run_oof
phi_4_mini_instruct__math_test_00304_782cacd3__temp0.10__seed7,0.3085441716727324,,14,per_run_oof
phi_4_mini_instruct__math_test_00304_782cacd3__temp0.60__seed7,0.26914851380705535,,14,per_run_oof
phi_4_mini_instruct__math_test_00304_782cacd3__temp1.00__seed7,0.20553072154575208,,14,per_run_oof
phi_4_mini_instruct__math_test_00305_c8d180e8__temp0.10__seed7,0.12685526214462986,,14,per_run_oof
phi_4_mini_instruct__math_test_00305_c8d180e8__temp0.60__seed7,0.10958627811207745,,14,per_run_oof
phi_4_mini_instruct__math_test_00305_c8d180e8__temp1.00__seed7,0.13317070359505126,,14,per_run_oof
phi_4_mini_instruct__math_test_00306_15a3ec97__temp0.10__seed7,0.0978960510656383,,14,per_run_oof
phi_4_mini_instruct__math_test_00306_15a3ec97__temp0.60__seed7,0.10693234530315499,,14,per_run_oof
phi_4_mini_instruct__math_test_00306_15a3ec97__temp1.00__seed7,0.12027827618135992,,14,per_run_oof
phi_4_mini_instruct__math_test_00307_ac0e3789__temp0.10__seed7,0.17607593926078904,0.7500000000000001,14,per_run_oof
phi_4_mini_instruct__math_test_00307_ac0e3789__temp0.60__seed7,0.21330405560942214,,14,per_run_oof
phi_4_mini_instruct__math_test_00307_ac0e3789__temp1.00__seed7,0.21502412070604948,,14,per_run_oof
phi_4_mini_instruct__math_test_00308_35ec1d7b__temp0.10__seed7,0.09969310895974455,,14,per_run_oof
phi_4_mini_instruct__math_test_00308_35ec1d7b__temp0.60__seed7,0.12606373737371596,,14,per_run_oof
phi_4_mini_instruct__math_test_00308_35ec1d7b__temp1.00__seed7,0.28326556110581474,,14,per_run_oof
phi_4_mini_instruct__math_test_00309_7be0b9c6__temp0.10__seed7,0.12804649231009807,,14,per_run_oof
phi_4_mini_instruct__math_test_00309_7be0b9c6__temp0.60__seed7,0.07176497011742465,,14,per_run_oof
phi_4_mini_instruct__math_test_00309_7be0b9c6__temp1.00__seed7,0.11560944917033746,,14,per_run_oof
phi_4_mini_instruct__math_test_00310_2974ae8d__temp0.10__seed7,0.30422955377483646,,14,per_run_oof
phi_4_mini_instruct__math_test_00310_2974ae8d__temp0.60__seed7,0.16780254286631988,0.8163265306122448,14,per_run_oof
phi_4_mini_instruct__math_test_00310_2974ae8d__temp1.00__seed7,0.13418298998895956,0.8787878787878788,14,per_run_oof
phi_4_mini_instruct__math_test_00311_db5088ff__temp0.10__seed7,0.1669477352248331,,14,per_run_oof
phi_4_mini_instruct__math_test_00311_db5088ff__temp0.60__seed7,0.28869944739808745,0.375,14,per_run_oof
phi_4_mini_instruct__math_test_00311_db5088ff__temp1.00__seed7,0.4342108926620148,,14,per_run_oof
phi_4_mini_instruct__math_test_00312_74f8cf90__temp0.10__seed7,0.22395115645992567,0.6458333333333334,14,per_run_oof
phi_4_mini_instruct__math_test_00312_74f8cf90__temp0.60__seed7,0.30782392606823905,0.15384615384615385,14,per_run_oof
phi_4_mini_instruct__math_test_00312_74f8cf90__temp1.00__seed7,0.08942959351988304,1.0,14,per_run_oof
phi_4_mini_instruct__math_test_00313_eb9feec2__temp0.10__seed7,0.28741278529681985,,14,per_run_oof
phi_4_mini_instruct__math_test_00313_eb9feec2__temp0.60__seed7,0.3451054027815624,,14,per_run_oof
phi_4_mini_instruct__math_test_00313_eb9feec2__temp1.00__seed7,0.22461848121697472,,14,per_run_oof
phi_4_mini_instruct__math_test_00314_1f87cb3d__temp0.10__seed7,0.0014699741052283512,,14,per_run_oof
phi_4_mini_instruct__math_test_00314_1f87cb3d__temp0.60__seed7,0.2022856960447179,,14,per_run_oof
phi_4_mini_instruct__math_test_00314_1f87cb3d__temp1.00__seed7,0.17871158201490897,,14,per_run_oof
phi_4_mini_instruct__math_test_00315_df923cac__temp0.10__seed7,0.18951296220858901,,14,per_run_oof
phi_4_mini_instruct__math_test_00315_df923cac__temp0.60__seed7,0.20923026623639981,,14,per_run_oof
phi_4_mini_instruct__math_test_00315_df923cac__temp1.00__seed7,0.12568984605818237,0.9583333333333333,14,per_run_oof
phi_4_mini_instruct__math_test_00316_d871c684__temp0.10__seed7,0.3300492026534863,,14,per_run_oof
phi_4_mini_instruct__math_test_00316_d871c684__temp0.60__seed7,0.17892654975238248,,14,per_run_oof
phi_4_mini_instruct__math_test_00316_d871c684__temp1.00__seed7,0.254885906083639,0.7692307692307692,14,per_run_oof
phi_4_mini_instruct__math_test_00317_e0ee33c8__temp0.10__seed7,0.07116610105467817,,14,per_run_oof
phi_4_mini_instruct__math_test_00317_e0ee33c8__temp0.60__seed7,0.18470771931291421,,14,per_run_oof
phi_4_mini_instruct__math_test_00317_e0ee33c8__temp1.00__seed7,0.14175911273087424,,14,per_run_oof
phi_4_mini_instruct__math_test_00318_126e857a__temp0.10__seed7,0.20873284275481022,,14,per_run_oof
phi_4_mini_instruct__math_test_00318_126e857a__temp0.60__seed7,0.1271564943762262,,14,per_run_oof
phi_4_mini_instruct__math_test_00318_126e857a__temp1.00__seed7,0.1823029509788975,,14,per_run_oof
phi_4_mini_instruct__math_test_00319_dde9f260__temp0.10__seed7,0.15587148456266994,0.3333333333333333,14,per_run_oof
phi_4_mini_instruct__math_test_00319_dde9f260__temp0.60__seed7,0.20614431379347228,0.5,14,per_run_oof
phi_4_mini_instruct__math_test_00319_dde9f260__temp1.00__seed7,0.14209898913362978,,14,per_run_oof
phi_4_mini_instruct__math_test_00320_e8f73851__temp0.10__seed7,0.17424277820657358,,14,per_run_oof
phi_4_mini_instruct__math_test_00320_e8f73851__temp0.60__seed7,0.2467141533602525,,14,per_run_oof
phi_4_mini_instruct__math_test_00320_e8f73851__temp1.00__seed7,0.34340879880292624,,14,per_run_oof
phi_4_mini_instruct__math_test_00321_bf799ecc__temp0.10__seed7,0.3042929859932972,1.0,14,per_run_oof
phi_4_mini_instruct__math_test_00321_bf799ecc__temp0.60__seed7,0.21438967863140337,0.5333333333333333,14,per_run_oof
phi_4_mini_instruct__math_test_00321_bf799ecc__temp1.00__seed7,0.21466087250288932,0.6666666666666667,14,per_run_oof
phi_4_mini_instruct__math_test_00322_ee8eb9c1__temp0.10__seed7,0.13182391792862574,,14,per_run_oof
phi_4_mini_instruct__math_test_00322_ee8eb9c1__temp0.60__seed7,0.2958053724443874,,14,per_run_oof
phi_4_mini_instruct__math_test_00322_ee8eb9c1__temp1.00__seed7,0.11219093288626507,,14,per_run_oof
phi_4_mini_instruct__math_test_00323_372c2d59__temp0.10__seed7,0.138210377313905,,14,per_run_oof
phi_4_mini_instruct__math_test_00323_372c2d59__temp0.60__seed7,0.18785976268849192,0.7333333333333333,14,per_run_oof
phi_4_mini_instruct__math_test_00323_372c2d59__temp1.00__seed7,0.262940312927932,,14,per_run_oof
phi_4_mini_instruct__math_test_00324_5d4902ec__temp0.10__seed7,0.10780121978486015,,14,per_run_oof
phi_4_mini_instruct__math_test_00324_5d4902ec__temp0.60__seed7,0.15167634793690957,,14,per_run_oof
phi_4_mini_instruct__math_test_00324_5d4902ec__temp1.00__seed7,0.10082390627643593,,14,per_run_oof
phi_4_mini_instruct__math_test_00325_bf36a20b__temp0.10__seed7,0.1765160633682928,0.29166666666666663,14,per_run_oof
phi_4_mini_instruct__math_test_00325_bf36a20b__temp0.60__seed7,0.2411155326077235,0.15384615384615385,14,per_run_oof
phi_4_mini_instruct__math_test_00325_bf36a20b__temp1.00__seed7,0.1475488724393045,,14,per_run_oof
phi_4_mini_instruct__math_test_00326_2b3c488f__temp0.10__seed7,0.08243974876507276,,14,per_run_oof
phi_4_mini_instruct__math_test_00326_2b3c488f__temp0.60__seed7,0.16592550913473897,,14,per_run_oof
phi_4_mini_instruct__math_test_00326_2b3c488f__temp1.00__seed7,0.11362479740733773,,14,per_run_oof
phi_4_mini_instruct__math_test_00327_39c0048d__temp0.10__seed7,0.13094183695774791,,14,per_run_oof
phi_4_mini_instruct__math_test_00327_39c0048d__temp0.60__seed7,0.10272598511981638,,14,per_run_oof
phi_4_mini_instruct__math_test_00327_39c0048d__temp1.00__seed7,0.07368023319029489,,14,per_run_oof
phi_4_mini_instruct__math_test_00328_fd5fbe30__temp0.10__seed7,0.10001876878030325,,14,per_run_oof
phi_4_mini_instruct__math_test_00328_fd5fbe30__temp0.60__seed7,0.21466626658333654,,14,per_run_oof
phi_4_mini_instruct__math_test_00328_fd5fbe30__temp1.00__seed7,0.21004610823009065,0.0,14,per_run_oof
phi_4_mini_instruct__math_test_00329_a0de4994__temp0.10__seed7,0.2854343032625837,,14,per_run_oof
phi_4_mini_instruct__math_test_00329_a0de4994__temp0.60__seed7,0.09899392907188409,1.0,14,per_run_oof
phi_4_mini_instruct__math_test_00329_a0de4994__temp1.00__seed7,0.09464826118783107,,14,per_run_oof
phi_4_mini_instruct__math_test_00330_45cea026__temp0.10__seed7,0.2911461886460627,,14,per_run_oof
phi_4_mini_instruct__math_test_00330_45cea026__temp0.60__seed7,0.31395897936820505,,14,per_run_oof
phi_4_mini_instruct__math_test_00330_45cea026__temp1.00__seed7,0.22528222137765463,,14,per_run_oof
phi_4_mini_instruct__math_test_00331_023902bd__temp0.10__seed7,0.37853306750416477,,14,per_run_oof
phi_4_mini_instruct__math_test_00331_023902bd__temp0.60__seed7,0.27233376474073107,,14,per_run_oof
phi_4_mini_instruct__math_test_00331_023902bd__temp1.00__seed7,0.246324984255542,,14,per_run_oof
phi_4_mini_instruct__math_test_00332_5bacfa8c__temp0.10__seed7,0.17445201565893217,,14,per_run_oof
phi_4_mini_instruct__math_test_00332_5bacfa8c__temp0.60__seed7,0.4431974044995877,,14,per_run_oof
phi_4_mini_instruct__math_test_00332_5bacfa8c__temp1.00__seed7,0.5453984311448128,,14,per_run_oof
phi_4_mini_instruct__math_test_00333_a31e71a6__temp0.10__seed7,0.29717300511303385,,14,per_run_oof
phi_4_mini_instruct__math_test_00333_a31e71a6__temp0.60__seed7,0.33186873099814374,,14,per_run_oof
phi_4_mini_instruct__math_test_00333_a31e71a6__temp1.00__seed7,0.24905771699387086,,14,per_run_oof
phi_4_mini_instruct__math_test_00334_18dac264__temp0.10__seed7,0.10271541302294017,,14,per_run_oof
phi_4_mini_instruct__math_test_00334_18dac264__temp0.60__seed7,0.1194451518827283,,14,per_run_oof
phi_4_mini_instruct__math_test_00334_18dac264__temp1.00__seed7,0.19888260061966792,0.6153846153846154,14,per_run_oof
phi_4_mini_instruct__math_test_00335_fde40de4__temp0.10__seed7,0.09711254630869547,,14,per_run_oof
phi_4_mini_instruct__math_test_00335_fde40de4__temp0.60__seed7,0.17884216333556816,,14,per_run_oof
phi_4_mini_instruct__math_test_00335_fde40de4__temp1.00__seed7,0.1527496165878113,,14,per_run_oof
phi_4_mini_instruct__math_test_00336_0b4ea1e7__temp0.10__seed7,0.1283338619094891,,14,per_run_oof
phi_4_mini_instruct__math_test_00336_0b4ea1e7__temp0.60__seed7,0.14958123291775863,,14,per_run_oof
phi_4_mini_instruct__math_test_00336_0b4ea1e7__temp1.00__seed7,0.12893024592108895,,14,per_run_oof
phi_4_mini_instruct__math_test_00337_d02b019a__temp0.10__seed7,0.2530935164486318,,14,per_run_oof
phi_4_mini_instruct__math_test_00337_d02b019a__temp0.60__seed7,0.1167771842487906,,14,per_run_oof
phi_4_mini_instruct__math_test_00337_d02b019a__temp1.00__seed7,0.29871118096125515,,14,per_run_oof
phi_4_mini_instruct__math_test_00338_6b6d2c6b__temp0.10__seed7,0.20771198326320625,0.8333333333333333,14,per_run_oof
phi_4_mini_instruct__math_test_00338_6b6d2c6b__temp0.60__seed7,0.18295673735863166,0.7916666666666667,14,per_run_oof
phi_4_mini_instruct__math_test_00338_6b6d2c6b__temp1.00__seed7,0.14481524270356622,0.836734693877551,14,per_run_oof
phi_4_mini_instruct__math_test_00339_5722cb6d__temp0.10__seed7,0.2186986001721502,0.6153846153846154,14,per_run_oof
phi_4_mini_instruct__math_test_00339_5722cb6d__temp0.60__seed7,0.1284060468135383,,14,per_run_oof
phi_4_mini_instruct__math_test_00339_5722cb6d__temp1.00__seed7,0.18465915475236241,,14,per_run_oof
phi_4_mini_instruct__math_test_00340_c7e6fae6__temp0.10__seed7,0.10908949388745558,,14,per_run_oof
phi_4_mini_instruct__math_test_00340_c7e6fae6__temp0.60__seed7,0.1337688910647041,,14,per_run_oof
phi_4_mini_instruct__math_test_00340_c7e6fae6__temp1.00__seed7,0.22017802496327382,,14,per_run_oof
phi_4_mini_instruct__math_test_00341_0734d253__temp0.10__seed7,0.2065224893971241,,14,per_run_oof
phi_4_mini_instruct__math_test_00341_0734d253__temp0.60__seed7,0.1539441149626068,,14,per_run_oof
phi_4_mini_instruct__math_test_00341_0734d253__temp1.00__seed7,0.28016991508369893,,14,per_run_oof
phi_4_mini_instruct__math_test_00342_1bb3298f__temp0.10__seed7,0.27324543293737164,0.6666666666666667,14,per_run_oof
phi_4_mini_instruct__math_test_00342_1bb3298f__temp0.60__seed7,0.3529329315577959,,14,per_run_oof
phi_4_mini_instruct__math_test_00342_1bb3298f__temp1.00__seed7,0.22843870242451092,,14,per_run_oof
phi_4_mini_instruct__math_test_00343_e54f9ee1__temp0.10__seed7,0.06491226108073778,,14,per_run_oof
phi_4_mini_instruct__math_test_00343_e54f9ee1__temp0.60__seed7,0.36494114415090967,,14,per_run_oof
phi_4_mini_instruct__math_test_00343_e54f9ee1__temp1.00__seed7,0.10880402352228337,,14,per_run_oof
phi_4_mini_instruct__math_test_00344_64925ab7__temp0.10__seed7,0.19886971549742213,,14,per_run_oof
phi_4_mini_instruct__math_test_00344_64925ab7__temp0.60__seed7,0.5127747099612207,,14,per_run_oof
phi_4_mini_instruct__math_test_00344_64925ab7__temp1.00__seed7,0.0874025424170423,,14,per_run_oof
phi_4_mini_instruct__math_test_00345_6af61995__temp0.10__seed7,0.3131562365008735,,14,per_run_oof
phi_4_mini_instruct__math_test_00345_6af61995__temp0.60__seed7,0.32795507774934446,,14,per_run_oof
phi_4_mini_instruct__math_test_00345_6af61995__temp1.00__seed7,0.2952783320932576,,14,per_run_oof
phi_4_mini_instruct__math_test_00346_baa6122d__temp0.10__seed7,0.2722613870428266,,14,per_run_oof
phi_4_mini_instruct__math_test_00346_baa6122d__temp0.60__seed7,0.24860049595156236,,14,per_run_oof
phi_4_mini_instruct__math_test_00346_baa6122d__temp1.00__seed7,0.16395889355760138,0.6153846153846154,14,per_run_oof
phi_4_mini_instruct__math_test_00347_a2f7bec0__temp0.10__seed7,0.1243842540320844,,14,per_run_oof
phi_4_mini_instruct__math_test_00347_a2f7bec0__temp0.60__seed7,0.0779796666168571,,14,per_run_oof
phi_4_mini_instruct__math_test_00347_a2f7bec0__temp1.00__seed7,0.2234662737393509,,14,per_run_oof
phi_4_mini_instruct__math_test_00348_86ddc3d0__temp0.10__seed7,0.14933956565364956,,14,per_run_oof
phi_4_mini_instruct__math_test_00348_86ddc3d0__temp0.60__seed7,0.19531476093217034,,14,per_run_oof
phi_4_mini_instruct__math_test_00348_86ddc3d0__temp1.00__seed7,0.23556104940248687,,14,per_run_oof
phi_4_mini_instruct__math_test_00349_b9d9a1ba__temp0.10__seed7,0.09009218604319977,,14,per_run_oof
phi_4_mini_instruct__math_test_00349_b9d9a1ba__temp0.60__seed7,0.14001602263390417,,14,per_run_oof
phi_4_mini_instruct__math_test_00349_b9d9a1ba__temp1.00__seed7,0.14648135336689677,0.9166666666666666,14,per_run_oof
phi_4_mini_instruct__math_test_00350_02aacf73__temp0.10__seed7,0.10454019041682204,1.0,14,per_run_oof
phi_4_mini_instruct__math_test_00350_02aacf73__temp0.60__seed7,0.40010837850974534,,14,per_run_oof
phi_4_mini_instruct__math_test_00350_02aacf73__temp1.00__seed7,0.11763243900565959,0.9166666666666666,14,per_run_oof
phi_4_mini_instruct__math_test_00351_67aec9c5__temp0.10__seed7,0.22821568421780247,0.7291666666666667,14,per_run_oof
phi_4_mini_instruct__math_test_00351_67aec9c5__temp0.60__seed7,0.23861633367536855,,14,per_run_oof
phi_4_mini_instruct__math_test_00351_67aec9c5__temp1.00__seed7,0.3242001039441594,,14,per_run_oof
phi_4_mini_instruct__math_test_00352_e74ba0fa__temp0.10__seed7,0.1240923611041208,,14,per_run_oof
phi_4_mini_instruct__math_test_00352_e74ba0fa__temp0.60__seed7,0.12341006328011894,,14,per_run_oof
phi_4_mini_instruct__math_test_00352_e74ba0fa__temp1.00__seed7,0.10344143991064936,,14,per_run_oof
phi_4_mini_instruct__math_test_00353_8c1deb6e__temp0.10__seed7,0.09723687794809122,,14,per_run_oof
phi_4_mini_instruct__math_test_00353_8c1deb6e__temp0.60__seed7,0.24627497258957845,,14,per_run_oof
phi_4_mini_instruct__math_test_00353_8c1deb6e__temp1.00__seed7,0.33170267135408665,,14,per_run_oof
phi_4_mini_instruct__math_test_00354_47b050a9__temp0.10__seed7,0.3438260839535506,,14,per_run_oof
phi_4_mini_instruct__math_test_00354_47b050a9__temp0.60__seed7,0.18183100446822295,,14,per_run_oof
phi_4_mini_instruct__math_test_00354_47b050a9__temp1.00__seed7,0.26545434776107096,,14,per_run_oof
phi_4_mini_instruct__math_test_00355_ec1c2c36__temp0.10__seed7,0.16118852642689177,0.9583333333333334,14,per_run_oof
phi_4_mini_instruct__math_test_00355_ec1c2c36__temp0.60__seed7,0.19179314221982072,0.3076923076923077,14,per_run_oof
phi_4_mini_instruct__math_test_00355_ec1c2c36__temp1.00__seed7,0.24704204568108015,0.55,14,per_run_oof
phi_4_mini_instruct__math_test_00356_f8a2ffc1__temp0.10__seed7,0.3195662303868612,0.625,14,per_run_oof
phi_4_mini_instruct__math_test_00356_f8a2ffc1__temp0.60__seed7,0.15659213819668058,,14,per_run_oof
phi_4_mini_instruct__math_test_00356_f8a2ffc1__temp1.00__seed7,0.39113318479056813,,14,per_run_oof
phi_4_mini_instruct__math_test_00357_8a63afe5__temp0.10__seed7,0.11622299112038105,0.825,14,per_run_oof
phi_4_mini_instruct__math_test_00357_8a63afe5__temp0.60__seed7,0.28188906185656265,0.6923076923076923,14,per_run_oof
phi_4_mini_instruct__math_test_00357_8a63afe5__temp1.00__seed7,0.19153079914130258,0.8222222222222222,14,per_run_oof
phi_4_mini_instruct__math_test_00358_76dfcccb__temp0.10__seed7,0.10480193157767712,,14,per_run_oof
phi_4_mini_instruct__math_test_00358_76dfcccb__temp0.60__seed7,0.22117220215477618,,14,per_run_oof
phi_4_mini_instruct__math_test_00358_76dfcccb__temp1.00__seed7,0.3575646746191558,,14,per_run_oof
phi_4_mini_instruct__math_test_00359_f093fce4__temp0.10__seed7,0.3640826031784422,,14,per_run_oof
phi_4_mini_instruct__math_test_00359_f093fce4__temp0.60__seed7,0.17162443450059825,,14,per_run_oof
phi_4_mini_instruct__math_test_00359_f093fce4__temp1.00__seed7,0.33091471872382244,,14,per_run_oof
phi_4_mini_instruct__math_test_00360_e7cc4a6f__temp0.10__seed7,0.09518911921629725,0.95,14,per_run_oof
phi_4_mini_instruct__math_test_00360_e7cc4a6f__temp0.60__seed7,0.21588612943943736,0.7291666666666666,14,per_run_oof
phi_4_mini_instruct__math_test_00360_e7cc4a6f__temp1.00__seed7,0.1900579826663098,0.7346938775510203,14,per_run_oof
phi_4_mini_instruct__math_test_00361_e7fdc3ec__temp0.10__seed7,0.17426742398314737,0.41666666666666663,14,per_run_oof
phi_4_mini_instruct__math_test_00361_e7fdc3ec__temp0.60__seed7,0.17050769290699866,,14,per_run_oof
phi_4_mini_instruct__math_test_00361_e7fdc3ec__temp1.00__seed7,0.28860738287703613,0.6153846153846154,14,per_run_oof
phi_4_mini_instruct__math_test_00362_a3ec21a8__temp0.10__seed7,0.1479289336414272,,14,per_run_oof
phi_4_mini_instruct__math_test_00362_a3ec21a8__temp0.60__seed7,0.09768321059455419,,14,per_run_oof
phi_4_mini_instruct__math_test_00362_a3ec21a8__temp1.00__seed7,0.103744392545125,,14,per_run_oof
phi_4_mini_instruct__math_test_00363_76d22eff__temp0.10__seed7,0.31396592106356297,,14,per_run_oof
phi_4_mini_instruct__math_test_00363_76d22eff__temp0.60__seed7,0.28499439504951646,,14,per_run_oof
phi_4_mini_instruct__math_test_00363_76d22eff__temp1.00__seed7,0.10405153018296061,1.0,14,per_run_oof
phi_4_mini_instruct__math_test_00364_48ea1907__temp0.10__seed7,0.130528448105291,0.8367346938775511,14,per_run_oof
phi_4_mini_instruct__math_test_00364_48ea1907__temp0.60__seed7,0.19494701545976606,0.7083333333333334,14,per_run_oof
phi_4_mini_instruct__math_test_00364_48ea1907__temp1.00__seed7,0.31884963200083555,,14,per_run_oof
phi_4_mini_instruct__math_test_00365_ee443bc9__temp0.10__seed7,0.1288573449783622,,14,per_run_oof
phi_4_mini_instruct__math_test_00365_ee443bc9__temp0.60__seed7,0.10757343105016735,,14,per_run_oof
phi_4_mini_instruct__math_test_00365_ee443bc9__temp1.00__seed7,0.08748035224052164,,14,per_run_oof
phi_4_mini_instruct__math_test_00366_e4373bdd__temp0.10__seed7,0.2139750789555314,,14,per_run_oof
phi_4_mini_instruct__math_test_00366_e4373bdd__temp0.60__seed7,0.15175466692877745,,14,per_run_oof
phi_4_mini_instruct__math_test_00366_e4373bdd__temp1.00__seed7,0.20131284218580656,0.6888888888888889,14,per_run_oof
phi_4_mini_instruct__math_test_00367_f645536a__temp0.10__seed7,0.3587706664808773,,14,per_run_oof
phi_4_mini_instruct__math_test_00367_f645536a__temp0.60__seed7,0.20127377236337998,,14,per_run_oof
phi_4_mini_instruct__math_test_00367_f645536a__temp1.00__seed7,0.324152476903937,,14,per_run_oof
phi_4_mini_instruct__math_test_00368_3ac511d2__temp0.10__seed7,0.1295168777537284,0.3846153846153846,14,per_run_oof
phi_4_mini_instruct__math_test_00368_3ac511d2__temp0.60__seed7,0.1914004567639412,,14,per_run_oof
phi_4_mini_instruct__math_test_00368_3ac511d2__temp1.00__seed7,0.21752353110130176,0.6666666666666667,14,per_run_oof
phi_4_mini_instruct__math_test_00369_598cca5b__temp0.10__seed7,0.1954329646043955,,14,per_run_oof
phi_4_mini_instruct__math_test_00369_598cca5b__temp0.60__seed7,0.2397577692403838,,14,per_run_oof
phi_4_mini_instruct__math_test_00369_598cca5b__temp1.00__seed7,0.21205246584920998,,14,per_run_oof
phi_4_mini_instruct__math_test_00370_ca991c57__temp0.10__seed7,0.18999058937169502,1.0,14,per_run_oof
phi_4_mini_instruct__math_test_00370_ca991c57__temp0.60__seed7,0.33083136776013106,,14,per_run_oof
phi_4_mini_instruct__math_test_00370_ca991c57__temp1.00__seed7,0.1363560062655311,0.9583333333333333,14,per_run_oof
phi_4_mini_instruct__math_test_00371_2bd6f928__temp0.10__seed7,0.1221210741785177,,14,per_run_oof
phi_4_mini_instruct__math_test_00371_2bd6f928__temp0.60__seed7,0.13872053526924746,0.15384615384615385,14,per_run_oof
phi_4_mini_instruct__math_test_00371_2bd6f928__temp1.00__seed7,0.16799534718353754,0.7755102040816326,14,per_run_oof
phi_4_mini_instruct__math_test_00372_b7f23143__temp0.10__seed7,0.2038870298449697,0.7555555555555555,14,per_run_oof
phi_4_mini_instruct__math_test_00372_b7f23143__temp0.60__seed7,0.3061351577588593,,14,per_run_oof
phi_4_mini_instruct__math_test_00372_b7f23143__temp1.00__seed7,0.3704664192443931,0.20408163265306126,14,per_run_oof
phi_4_mini_instruct__math_test_00373_00badbcf__temp0.10__seed7,0.10955670859583067,1.0,14,per_run_oof
phi_4_mini_instruct__math_test_00373_00badbcf__temp0.60__seed7,0.2255809954124132,0.6666666666666667,14,per_run_oof
phi_4_mini_instruct__math_test_00373_00badbcf__temp1.00__seed7,0.4126008383621955,,14,per_run_oof
phi_4_mini_instruct__math_test_00374_6b1b63ff__temp0.10__seed7,0.20179437548645043,0.65,14,per_run_oof
phi_4_mini_instruct__math_test_00374_6b1b63ff__temp0.60__seed7,0.1860720184385433,0.7692307692307692,14,per_run_oof
phi_4_mini_instruct__math_test_00374_6b1b63ff__temp1.00__seed7,0.10625775557471535,,14,per_run_oof
phi_4_mini_instruct__math_test_00375_150bb464__temp0.10__seed7,0.14199939344118198,0.9,14,per_run_oof
phi_4_mini_instruct__math_test_00375_150bb464__temp0.60__seed7,0.20572853722773865,0.836734693877551,14,per_run_oof
phi_4_mini_instruct__math_test_00375_150bb464__temp1.00__seed7,0.16989529053894975,0.8461538461538461,14,per_run_oof
phi_4_mini_instruct__math_test_00376_61c1faed__temp0.10__seed7,0.29315428522074727,,14,per_run_oof
phi_4_mini_instruct__math_test_00376_61c1faed__temp0.60__seed7,0.4314012968496529,,14,per_run_oof
phi_4_mini_instruct__math_test_00376_61c1faed__temp1.00__seed7,0.0899266383463232,1.0,14,per_run_oof
phi_4_mini_instruct__math_test_00377_5a155369__temp0.10__seed7,0.16162734840428059,,14,per_run_oof
phi_4_mini_instruct__math_test_00377_5a155369__temp0.60__seed7,0.17692563043009732,,14,per_run_oof
phi_4_mini_instruct__math_test_00377_5a155369__temp1.00__seed7,0.5332019751779776,,14,per_run_oof
phi_4_mini_instruct__math_test_00378_679ad820__temp0.10__seed7,0.09590479480753224,,14,per_run_oof
phi_4_mini_instruct__math_test_00378_679ad820__temp0.60__seed7,0.12831118384092108,,14,per_run_oof
phi_4_mini_instruct__math_test_00378_679ad820__temp1.00__seed7,0.173182158077843,,14,per_run_oof
phi_4_mini_instruct__math_test_00379_47fb8717__temp0.10__seed7,0.1595943853326308,0.8125,14,per_run_oof
phi_4_mini_instruct__math_test_00379_47fb8717__temp0.60__seed7,0.14703055632805778,0.8222222222222223,14,per_run_oof
phi_4_mini_instruct__math_test_00379_47fb8717__temp1.00__seed7,0.2589623870399299,,14,per_run_oof
phi_4_mini_instruct__math_test_00380_5f1641b4__temp0.10__seed7,0.10047085047784363,,14,per_run_oof
phi_4_mini_instruct__math_test_00380_5f1641b4__temp0.60__seed7,0.13423239800369777,,14,per_run_oof
phi_4_mini_instruct__math_test_00380_5f1641b4__temp1.00__seed7,0.06486158097710812,,14,per_run_oof
phi_4_mini_instruct__math_test_00381_8df788ff__temp0.10__seed7,0.08683757546030926,,14,per_run_oof
phi_4_mini_instruct__math_test_00381_8df788ff__temp0.60__seed7,0.17735270287632118,0.5384615384615384,14,per_run_oof
phi_4_mini_instruct__math_test_00381_8df788ff__temp1.00__seed7,0.09617378121593116,,14,per_run_oof
phi_4_mini_instruct__math_test_00382_38d763f6__temp0.10__seed7,0.12634958733463875,,14,per_run_oof
phi_4_mini_instruct__math_test_00382_38d763f6__temp0.60__seed7,0.17071070790298104,,14,per_run_oof
phi_4_mini_instruct__math_test_00382_38d763f6__temp1.00__seed7,0.22243169789973094,,14,per_run_oof
phi_4_mini_instruct__math_test_00383_08527b10__temp0.10__seed7,0.1370328195675176,,14,per_run_oof
phi_4_mini_instruct__math_test_00383_08527b10__temp0.60__seed7,0.11462755655022895,1.0,14,per_run_oof
phi_4_mini_instruct__math_test_00383_08527b10__temp1.00__seed7,0.21631351323447467,,14,per_run_oof
phi_4_mini_instruct__math_test_00384_b0468733__temp0.10__seed7,0.3247967507306779,0.5454545454545455,14,per_run_oof
phi_4_mini_instruct__math_test_00384_b0468733__temp0.60__seed7,0.19431181370962117,0.7,14,per_run_oof
phi_4_mini_instruct__math_test_00384_b0468733__temp1.00__seed7,0.20846121363732065,0.6000000000000001,14,per_run_oof
phi_4_mini_instruct__math_test_00385_30dafe73__temp0.10__seed7,0.23345706798493135,,14,per_run_oof
phi_4_mini_instruct__math_test_00385_30dafe73__temp0.60__seed7,0.30315434849702927,,14,per_run_oof
phi_4_mini_instruct__math_test_00385_30dafe73__temp1.00__seed7,0.27678911331684997,,14,per_run_oof
phi_4_mini_instruct__math_test_00386_07310b54__temp0.10__seed7,0.09123535619819803,,14,per_run_oof
phi_4_mini_instruct__math_test_00386_07310b54__temp0.60__seed7,0.3194280296185819,,14,per_run_oof
phi_4_mini_instruct__math_test_00386_07310b54__temp1.00__seed7,0.12186976681177572,,14,per_run_oof
phi_4_mini_instruct__math_test_00387_17210adf__temp0.10__seed7,0.268133613948617,,14,per_run_oof
phi_4_mini_instruct__math_test_00387_17210adf__temp0.60__seed7,0.2901845770929894,,14,per_run_oof
phi_4_mini_instruct__math_test_00387_17210adf__temp1.00__seed7,0.23538108058475335,,14,per_run_oof
phi_4_mini_instruct__math_test_00388_11e6a957__temp0.10__seed7,0.22966447560448142,0.6,14,per_run_oof
phi_4_mini_instruct__math_test_00388_11e6a957__temp0.60__seed7,0.10922047696634048,0.9393939393939393,14,per_run_oof
phi_4_mini_instruct__math_test_00388_11e6a957__temp1.00__seed7,0.20142010850607553,0.85,14,per_run_oof
phi_4_mini_instruct__math_test_00389_a5faa9e5__temp0.10__seed7,0.36005690059940054,0.7692307692307692,14,per_run_oof
phi_4_mini_instruct__math_test_00389_a5faa9e5__temp0.60__seed7,0.22785802495201773,0.6888888888888889,14,per_run_oof
phi_4_mini_instruct__math_test_00389_a5faa9e5__temp1.00__seed7,0.21786417651433634,0.23076923076923073,14,per_run_oof
phi_4_mini_instruct__math_test_00390_ea31a6ca__temp0.10__seed7,0.1706866207505117,,14,per_run_oof
phi_4_mini_instruct__math_test_00390_ea31a6ca__temp0.60__seed7,0.22525455357806076,,14,per_run_oof
phi_4_mini_instruct__math_test_00390_ea31a6ca__temp1.00__seed7,0.24155540228619027,0.6666666666666667,14,per_run_oof
phi_4_mini_instruct__math_test_00391_da45406a__temp0.10__seed7,0.16363963488270336,,14,per_run_oof
phi_4_mini_instruct__math_test_00391_da45406a__temp0.60__seed7,0.29488962344905767,,14,per_run_oof
phi_4_mini_instruct__math_test_00391_da45406a__temp1.00__seed7,0.23050264231443449,0.46153846153846156,14,per_run_oof
phi_4_mini_instruct__math_test_00392_5ec89a77__temp0.10__seed7,0.4080568579474528,,14,per_run_oof
phi_4_mini_instruct__math_test_00392_5ec89a77__temp0.60__seed7,0.17798813736036231,,14,per_run_oof
phi_4_mini_instruct__math_test_00392_5ec89a77__temp1.00__seed7,0.10649373604566456,0.9583333333333333,14,per_run_oof
phi_4_mini_instruct__math_test_00393_b3a1a15f__temp0.10__seed7,0.1587166424582301,0.7575757575757576,14,per_run_oof
phi_4_mini_instruct__math_test_00393_b3a1a15f__temp0.60__seed7,0.19482722092712887,0.7000000000000001,14,per_run_oof
phi_4_mini_instruct__math_test_00393_b3a1a15f__temp1.00__seed7,0.09496402095916966,,14,per_run_oof
phi_4_mini_instruct__math_test_00394_372e8efa__temp0.10__seed7,0.18096216388497963,0.425,14,per_run_oof
phi_4_mini_instruct__math_test_00394_372e8efa__temp0.60__seed7,0.1637582082612341,0.8333333333333334,14,per_run_oof
phi_4_mini_instruct__math_test_00394_372e8efa__temp1.00__seed7,0.17658213355096872,0.711111111111111,14,per_run_oof
phi_4_mini_instruct__math_test_00395_71129ef0__temp0.10__seed7,0.12689772374106237,,14,per_run_oof
phi_4_mini_instruct__math_test_00395_71129ef0__temp0.60__seed7,0.08574345939851127,,14,per_run_oof
phi_4_mini_instruct__math_test_00395_71129ef0__temp1.00__seed7,0.07340614570272586,,14,per_run_oof
phi_4_mini_instruct__math_test_00396_ba3bcd56__temp0.10__seed7,0.10076128791661633,,14,per_run_oof
phi_4_mini_instruct__math_test_00396_ba3bcd56__temp0.60__seed7,0.10055343967001175,,14,per_run_oof
phi_4_mini_instruct__math_test_00396_ba3bcd56__temp1.00__seed7,0.09229083008647528,,14,per_run_oof
phi_4_mini_instruct__math_test_00397_92c7504a__temp0.10__seed7,0.1146656979002799,,14,per_run_oof
phi_4_mini_instruct__math_test_00397_92c7504a__temp0.60__seed7,0.17836811991225293,,14,per_run_oof
phi_4_mini_instruct__math_test_00397_92c7504a__temp1.00__seed7,0.13425608107319528,,14,per_run_oof
phi_4_mini_instruct__math_test_00398_23079a25__temp0.10__seed7,0.17019174527620132,,14,per_run_oof
phi_4_mini_instruct__math_test_00398_23079a25__temp0.60__seed7,0.23519939227547354,0.8461538461538461,14,per_run_oof
phi_4_mini_instruct__math_test_00398_23079a25__temp1.00__seed7,0.108698769338089,,14,per_run_oof
phi_4_mini_instruct__math_test_00399_efffa141__temp0.10__seed7,0.29325982264501327,,14,per_run_oof
phi_4_mini_instruct__math_test_00399_efffa141__temp0.60__seed7,0.4059110857272808,0.07692307692307687,14,per_run_oof
phi_4_mini_instruct__math_test_00399_efffa141__temp1.00__seed7,0.1377456046524873,0.9583333333333334,14,per_run_oof
phi_4_mini_instruct__math_test_00400_8f10146b__temp0.10__seed7,0.3116971044305137,,14,per_run_oof
phi_4_mini_instruct__math_test_00400_8f10146b__temp0.60__seed7,0.36003453435009264,,14,per_run_oof
phi_4_mini_instruct__math_test_00400_8f10146b__temp1.00__seed7,0.15673399115351122,,14,per_run_oof
phi_4_mini_instruct__math_test_00401_62859aeb__temp0.10__seed7,0.09570386319563673,,14,per_run_oof
phi_4_mini_instruct__math_test_00401_62859aeb__temp0.60__seed7,0.16910035652595143,,14,per_run_oof
phi_4_mini_instruct__math_test_00401_62859aeb__temp1.00__seed7,0.12155347712629712,,14,per_run_oof
phi_4_mini_instruct__math_test_00402_d12fb851__temp0.10__seed7,0.12122308682927486,,14,per_run_oof
phi_4_mini_instruct__math_test_00402_d12fb851__temp0.60__seed7,0.11718606800356014,,14,per_run_oof
phi_4_mini_instruct__math_test_00402_d12fb851__temp1.00__seed7,0.25472473703571213,,14,per_run_oof
phi_4_mini_instruct__math_test_00403_11b3b101__temp0.10__seed7,0.10451958471258174,,14,per_run_oof
phi_4_mini_instruct__math_test_00403_11b3b101__temp0.60__seed7,0.2153778424282489,,14,per_run_oof
phi_4_mini_instruct__math_test_00403_11b3b101__temp1.00__seed7,0.1304237074069172,,14,per_run_oof
phi_4_mini_instruct__math_test_00404_da55437b__temp0.10__seed7,0.16416260164059518,0.9183673469387754,14,per_run_oof
phi_4_mini_instruct__math_test_00404_da55437b__temp0.60__seed7,0.15452282360222544,0.8,14,per_run_oof
phi_4_mini_instruct__math_test_00404_da55437b__temp1.00__seed7,0.13760946700433524,0.8461538461538461,14,per_run_oof
phi_4_mini_instruct__math_test_00405_668162f1__temp0.10__seed7,0.2359426747781621,0.375,14,per_run_oof
phi_4_mini_instruct__math_test_00405_668162f1__temp0.60__seed7,0.11116222844446184,0.8958333333333334,14,per_run_oof
phi_4_mini_instruct__math_test_00405_668162f1__temp1.00__seed7,0.15133664888320802,,14,per_run_oof
phi_4_mini_instruct__math_test_00406_895adc35__temp0.10__seed7,0.4277983704433246,,14,per_run_oof
phi_4_mini_instruct__math_test_00406_895adc35__temp0.60__seed7,0.16037056213571876,,14,per_run_oof
phi_4_mini_instruct__math_test_00406_895adc35__temp1.00__seed7,0.09962666507419668,,14,per_run_oof
phi_4_mini_instruct__math_test_00407_21645a77__temp0.10__seed7,0.23425342326171159,0.7555555555555555,14,per_run_oof
phi_4_mini_instruct__math_test_00407_21645a77__temp0.60__seed7,0.15384127807889295,0.8775510204081632,14,per_run_oof
phi_4_mini_instruct__math_test_00407_21645a77__temp1.00__seed7,0.1610606050895716,0.45833333333333337,14,per_run_oof
phi_4_mini_instruct__math_test_00408_72a21fce__temp0.10__seed7,0.1072507859270333,0.9583333333333333,14,per_run_oof
phi_4_mini_instruct__math_test_00408_72a21fce__temp0.60__seed7,0.35253972305270026,,14,per_run_oof
phi_4_mini_instruct__math_test_00408_72a21fce__temp1.00__seed7,0.16068889728236319,0.75,14,per_run_oof
phi_4_mini_instruct__math_test_00409_2cbb5151__temp0.10__seed7,0.27475140870940945,,14,per_run_oof
phi_4_mini_instruct__math_test_00409_2cbb5151__temp0.60__seed7,0.22062212257893327,,14,per_run_oof
phi_4_mini_instruct__math_test_00409_2cbb5151__temp1.00__seed7,0.1835956799491214,,14,per_run_oof
phi_4_mini_instruct__math_test_00410_6885282d__temp0.10__seed7,0.09459036560893055,,14,per_run_oof
phi_4_mini_instruct__math_test_00410_6885282d__temp0.60__seed7,0.23795593721355593,,14,per_run_oof
phi_4_mini_instruct__math_test_00410_6885282d__temp1.00__seed7,0.09521155447392327,,14,per_run_oof
phi_4_mini_instruct__math_test_00411_6f5d00d6__temp0.10__seed7,0.048372839708674946,,14,per_run_oof
phi_4_mini_instruct__math_test_00411_6f5d00d6__temp0.60__seed7,0.157818985007911,,14,per_run_oof
phi_4_mini_instruct__math_test_00411_6f5d00d6__temp1.00__seed7,0.1169358366394061,,14,per_run_oof
phi_4_mini_instruct__math_test_00412_403b3454__temp0.10__seed7,0.23796672373365185,,14,per_run_oof
phi_4_mini_instruct__math_test_00412_403b3454__temp0.60__seed7,0.22462544848802324,,14,per_run_oof
phi_4_mini_instruct__math_test_00412_403b3454__temp1.00__seed7,0.2652926880958855,,14,per_run_oof
phi_4_mini_instruct__math_test_00413_a79cadf3__temp0.10__seed7,0.19881242094214394,,14,per_run_oof
phi_4_mini_instruct__math_test_00413_a79cadf3__temp0.60__seed7,0.31630765111075754,,14,per_run_oof
phi_4_mini_instruct__math_test_00413_a79cadf3__temp1.00__seed7,0.18011389294077373,,14,per_run_oof
phi_4_mini_instruct__math_test_00414_f8b3d5f2__temp0.10__seed7,0.13208457898933443,,14,per_run_oof
phi_4_mini_instruct__math_test_00414_f8b3d5f2__temp0.60__seed7,0.13697968052238094,0.3076923076923077,14,per_run_oof
phi_4_mini_instruct__math_test_00414_f8b3d5f2__temp1.00__seed7,0.1842234261095848,,14,per_run_oof
phi_4_mini_instruct__math_test_00415_df5709ae__temp0.10__seed7,0.16549552825950928,,14,per_run_oof
phi_4_mini_instruct__math_test_00415_df5709ae__temp0.60__seed7,0.20349766784024292,,14,per_run_oof
phi_4_mini_instruct__math_test_00415_df5709ae__temp1.00__seed7,0.3500288288088436,,14,per_run_oof
phi_4_mini_instruct__math_test_00416_29223b4f__temp0.10__seed7,0.14858665683455094,,14,per_run_oof
phi_4_mini_instruct__math_test_00416_29223b4f__temp0.60__seed7,0.3000998496567444,,14,per_run_oof
phi_4_mini_instruct__math_test_00416_29223b4f__temp1.00__seed7,0.1451503081590604,,14,per_run_oof
phi_4_mini_instruct__math_test_00417_f378f07d__temp0.10__seed7,0.10961940804346368,0.9230769230769231,14,per_run_oof
phi_4_mini_instruct__math_test_00417_f378f07d__temp0.60__seed7,0.12951296324899078,0.9500000000000001,14,per_run_oof
phi_4_mini_instruct__math_test_00417_f378f07d__temp1.00__seed7,0.1921402610778323,0.5833333333333334,14,per_run_oof
phi_4_mini_instruct__math_test_00418_452dc872__temp0.10__seed7,0.22079276523044486,,14,per_run_oof
phi_4_mini_instruct__math_test_00418_452dc872__temp0.60__seed7,0.20051971907698057,,14,per_run_oof
phi_4_mini_instruct__math_test_00418_452dc872__temp1.00__seed7,0.22187288072733222,,14,per_run_oof
phi_4_mini_instruct__math_test_00419_dadaee3f__temp0.10__seed7,0.18941980412488793,0.8125,14,per_run_oof
phi_4_mini_instruct__math_test_00419_dadaee3f__temp0.60__seed7,0.19982950437589167,,14,per_run_oof
phi_4_mini_instruct__math_test_00419_dadaee3f__temp1.00__seed7,0.1960462857224151,0.07692307692307687,14,per_run_oof
phi_4_mini_instruct__math_test_00420_ecd5f88d__temp0.10__seed7,0.25833250331775176,0.45454545454545453,14,per_run_oof
phi_4_mini_instruct__math_test_00420_ecd5f88d__temp0.60__seed7,0.18350000384615325,0.7142857142857143,14,per_run_oof
phi_4_mini_instruct__math_test_00420_ecd5f88d__temp1.00__seed7,0.1934028780871169,0.9230769230769231,14,per_run_oof
phi_4_mini_instruct__math_test_00421_c2187615__temp0.10__seed7,0.3029264754849404,0.6666666666666666,14,per_run_oof
phi_4_mini_instruct__math_test_00421_c2187615__temp0.60__seed7,0.10125699590473579,0.95,14,per_run_oof
phi_4_mini_instruct__math_test_00421_c2187615__temp1.00__seed7,0.356936935086915,,14,per_run_oof
phi_4_mini_instruct__math_test_00422_fec8190b__temp0.10__seed7,0.10515797838606286,,14,per_run_oof
phi_4_mini_instruct__math_test_00422_fec8190b__temp0.60__seed7,0.17784830372893579,,14,per_run_oof
phi_4_mini_instruct__math_test_00422_fec8190b__temp1.00__seed7,0.14225773431214073,,14,per_run_oof
phi_4_mini_instruct__math_test_00423_19a18675__temp0.10__seed7,0.1487085712246478,,14,per_run_oof
phi_4_mini_instruct__math_test_00423_19a18675__temp0.60__seed7,0.26028579422071224,,14,per_run_oof
phi_4_mini_instruct__math_test_00423_19a18675__temp1.00__seed7,0.15790732283151734,,14,per_run_oof
phi_4_mini_instruct__math_test_00424_4db9759a__temp0.10__seed7,0.08335370634558914,,14,per_run_oof
phi_4_mini_instruct__math_test_00424_4db9759a__temp0.60__seed7,0.09288558158281447,,14,per_run_oof
phi_4_mini_instruct__math_test_00424_4db9759a__temp1.00__seed7,0.15112061450528902,,14,per_run_oof
phi_4_mini_instruct__math_test_00425_88cd35aa__temp0.10__seed7,0.3213649722082653,,14,per_run_oof
phi_4_mini_instruct__math_test_00425_88cd35aa__temp0.60__seed7,0.21871333153110412,,14,per_run_oof
phi_4_mini_instruct__math_test_00425_88cd35aa__temp1.00__seed7,0.18975383117059974,,14,per_run_oof
phi_4_mini_instruct__math_test_00426_206b8557__temp0.10__seed7,0.3401826843406572,,14,per_run_oof
phi_4_mini_instruct__math_test_00426_206b8557__temp0.60__seed7,0.223235599992024,0.625,14,per_run_oof
phi_4_mini_instruct__math_test_00426_206b8557__temp1.00__seed7,0.2960868936362558,0.46153846153846156,14,per_run_oof
phi_4_mini_instruct__math_test_00427_f158b2bb__temp0.10__seed7,0.14747912244802602,,14,per_run_oof
phi_4_mini_instruct__math_test_00427_f158b2bb__temp0.60__seed7,0.1013614243467735,,14,per_run_oof
phi_4_mini_instruct__math_test_00427_f158b2bb__temp1.00__seed7,0.1098247017035727,,14,per_run_oof
phi_4_mini_instruct__math_test_00428_ecc1932f__temp0.10__seed7,0.13575706373144145,,14,per_run_oof
phi_4_mini_instruct__math_test_00428_ecc1932f__temp0.60__seed7,0.25765668894591054,,14,per_run_oof
phi_4_mini_instruct__math_test_00428_ecc1932f__temp1.00__seed7,0.24840800619513795,,14,per_run_oof
phi_4_mini_instruct__math_test_00429_0ed0c936__temp0.10__seed7,0.45630423201896875,,14,per_run_oof
phi_4_mini_instruct__math_test_00429_0ed0c936__temp0.60__seed7,0.2658627268759162,,14,per_run_oof
phi_4_mini_instruct__math_test_00429_0ed0c936__temp1.00__seed7,0.17217599870088418,0.888888888888889,14,per_run_oof
phi_4_mini_instruct__math_test_00430_28f71d47__temp0.10__seed7,0.18819281824391285,0.15384615384615385,14,per_run_oof
phi_4_mini_instruct__math_test_00430_28f71d47__temp0.60__seed7,0.2111706875982248,0.6666666666666666,14,per_run_oof
phi_4_mini_instruct__math_test_00430_28f71d47__temp1.00__seed7,0.13129339834483844,1.0,14,per_run_oof
phi_4_mini_instruct__math_test_00431_a332c76b__temp0.10__seed7,0.11310174195468446,,14,per_run_oof
phi_4_mini_instruct__math_test_00431_a332c76b__temp0.60__seed7,0.12139768894059155,0.6923076923076923,14,per_run_oof
phi_4_mini_instruct__math_test_00431_a332c76b__temp1.00__seed7,0.09916949534638356,,14,per_run_oof
phi_4_mini_instruct__math_test_00432_f6edb398__temp0.10__seed7,0.18128666466358093,0.7333333333333334,14,per_run_oof
phi_4_mini_instruct__math_test_00432_f6edb398__temp0.60__seed7,0.21402611751177944,0.25,14,per_run_oof
phi_4_mini_instruct__math_test_00432_f6edb398__temp1.00__seed7,0.3250199891646444,0.0909090909090909,14,per_run_oof
phi_4_mini_instruct__math_test_00433_25f606a1__temp0.10__seed7,0.1188523728219882,,14,per_run_oof
phi_4_mini_instruct__math_test_00433_25f606a1__temp0.60__seed7,0.13161825443138458,0.5384615384615384,14,per_run_oof
phi_4_mini_instruct__math_test_00433_25f606a1__temp1.00__seed7,0.17071579345722138,0.07692307692307687,14,per_run_oof
phi_4_mini_instruct__math_test_00434_ad11ec3c__temp0.10__seed7,0.2972625759371826,,14,per_run_oof
phi_4_mini_instruct__math_test_00434_ad11ec3c__temp0.60__seed7,0.1293274602089241,1.0,14,per_run_oof
phi_4_mini_instruct__math_test_00434_ad11ec3c__temp1.00__seed7,0.2998283647090497,,14,per_run_oof
phi_4_mini_instruct__math_test_00435_c222bfff__temp0.10__seed7,0.13109128124371036,,14,per_run_oof
phi_4_mini_instruct__math_test_00435_c222bfff__temp0.60__seed7,0.2125278422617702,0.6153846153846154,14,per_run_oof
phi_4_mini_instruct__math_test_00435_c222bfff__temp1.00__seed7,0.0615186471093652,1.0,14,per_run_oof
phi_4_mini_instruct__math_test_00436_c183974b__temp0.10__seed7,0.0904632983653625,1.0,14,per_run_oof
phi_4_mini_instruct__math_test_00436_c183974b__temp0.60__seed7,0.10298563111785727,,14,per_run_oof
phi_4_mini_instruct__math_test_00436_c183974b__temp1.00__seed7,0.10919479018934992,,14,per_run_oof
phi_4_mini_instruct__math_test_00437_07c4cf7f__temp0.10__seed7,0.12310426327686227,0.7575757575757576,14,per_run_oof
phi_4_mini_instruct__math_test_00437_07c4cf7f__temp0.60__seed7,0.25363815443481547,0.8163265306122449,14,per_run_oof
phi_4_mini_instruct__math_test_00437_07c4cf7f__temp1.00__seed7,0.17035983330140284,0.4545454545454545,14,per_run_oof
phi_4_mini_instruct__math_test_00438_ea332f2c__temp0.10__seed7,0.18990702133922685,,14,per_run_oof
phi_4_mini_instruct__math_test_00438_ea332f2c__temp0.60__seed7,0.4441103989290129,,14,per_run_oof
phi_4_mini_instruct__math_test_00438_ea332f2c__temp1.00__seed7,0.17325020927498622,,14,per_run_oof
phi_4_mini_instruct__math_test_00439_fe7d8b6b__temp0.10__seed7,0.5085971665163195,0.15384615384615385,14,per_run_oof
phi_4_mini_instruct__math_test_00439_fe7d8b6b__temp0.60__seed7,0.23861986781525762,0.7916666666666667,14,per_run_oof
phi_4_mini_instruct__math_test_00439_fe7d8b6b__temp1.00__seed7,0.4102132549927582,,14,per_run_oof
phi_4_mini_instruct__math_test_00440_941bd991__temp0.10__seed7,0.09995938129035811,0.9230769230769231,14,per_run_oof
phi_4_mini_instruct__math_test_00440_941bd991__temp0.60__seed7,0.12121362568813006,0.875,14,per_run_oof
phi_4_mini_instruct__math_test_00440_941bd991__temp1.00__seed7,0.21628462174249916,0.673469387755102,14,per_run_oof
phi_4_mini_instruct__math_test_00441_d2f5328b__temp0.10__seed7,0.14614555959387726,,14,per_run_oof
phi_4_mini_instruct__math_test_00441_d2f5328b__temp0.60__seed7,0.11249340997616684,0.875,14,per_run_oof
phi_4_mini_instruct__math_test_00441_d2f5328b__temp1.00__seed7,0.2280483798930784,0.7083333333333334,14,per_run_oof
phi_4_mini_instruct__math_test_00442_2d9f4473__temp0.10__seed7,0.20939374837952998,,14,per_run_oof
phi_4_mini_instruct__math_test_00442_2d9f4473__temp0.60__seed7,0.13009639269673584,,14,per_run_oof
phi_4_mini_instruct__math_test_00442_2d9f4473__temp1.00__seed7,0.22322273599040626,,14,per_run_oof
phi_4_mini_instruct__math_test_00443_e86eb3e6__temp0.10__seed7,0.13535961021137877,,14,per_run_oof
phi_4_mini_instruct__math_test_00443_e86eb3e6__temp0.60__seed7,0.12497643165365235,0.9230769230769231,14,per_run_oof
phi_4_mini_instruct__math_test_00443_e86eb3e6__temp1.00__seed7,0.12978097894892396,,14,per_run_oof
phi_4_mini_instruct__math_test_00444_8230401f__temp0.10__seed7,0.09673003876908484,1.0,14,per_run_oof
phi_4_mini_instruct__math_test_00444_8230401f__temp0.60__seed7,0.3608450504104388,,14,per_run_oof
phi_4_mini_instruct__math_test_00444_8230401f__temp1.00__seed7,0.3841218013392363,,14,per_run_oof
phi_4_mini_instruct__math_test_00445_295567c6__temp0.10__seed7,0.12214914778404391,,14,per_run_oof
phi_4_mini_instruct__math_test_00445_295567c6__temp0.60__seed7,0.2681029510985472,,14,per_run_oof
phi_4_mini_instruct__math_test_00445_295567c6__temp1.00__seed7,0.13754704175072854,,14,per_run_oof
phi_4_mini_instruct__math_test_00446_54f3a4b2__temp0.10__seed7,0.1664351448158175,,14,per_run_oof
phi_4_mini_instruct__math_test_00446_54f3a4b2__temp0.60__seed7,0.16104783744253995,,14,per_run_oof
phi_4_mini_instruct__math_test_00446_54f3a4b2__temp1.00__seed7,0.22748967390772049,,14,per_run_oof
phi_4_mini_instruct__math_test_00447_716decc2__temp0.10__seed7,0.3007852725101331,0.3636363636363636,14,per_run_oof
phi_4_mini_instruct__math_test_00447_716decc2__temp0.60__seed7,0.43213397442643203,0.08333333333333337,14,per_run_oof
phi_4_mini_instruct__math_test_00447_716decc2__temp1.00__seed7,0.26117054543968826,,14,per_run_oof
phi_4_mini_instruct__math_test_00448_7dbbd02d__temp0.10__seed7,0.13185124077506485,0.46153846153846156,14,per_run_oof
phi_4_mini_instruct__math_test_00448_7dbbd02d__temp0.60__seed7,0.30338242426713574,,14,per_run_oof
phi_4_mini_instruct__math_test_00448_7dbbd02d__temp1.00__seed7,0.15555932956047144,0.8,14,per_run_oof
phi_4_mini_instruct__math_test_00449_2f12a8b9__temp0.10__seed7,0.30474019755674864,,14,per_run_oof
phi_4_mini_instruct__math_test_00449_2f12a8b9__temp0.60__seed7,0.5755234073166662,,14,per_run_oof
phi_4_mini_instruct__math_test_00449_2f12a8b9__temp1.00__seed7,0.3408855981427278,,14,per_run_oof
phi_4_mini_instruct__math_test_00450_2fb65375__temp0.10__seed7,0.38504365474065094,,14,per_run_oof
phi_4_mini_instruct__math_test_00450_2fb65375__temp0.60__seed7,0.2565058968377302,0.7692307692307692,14,per_run_oof
phi_4_mini_instruct__math_test_00450_2fb65375__temp1.00__seed7,0.2725138734910336,,14,per_run_oof
phi_4_mini_instruct__math_test_00451_daefed59__temp0.10__seed7,0.22141408084200537,,14,per_run_oof
phi_4_mini_instruct__math_test_00451_daefed59__temp0.60__seed7,0.1607621890967459,,14,per_run_oof
phi_4_mini_instruct__math_test_00451_daefed59__temp1.00__seed7,0.2376735636269935,,14,per_run_oof
phi_4_mini_instruct__math_test_00452_0a6f0014__temp0.10__seed7,0.4667879585648521,,14,per_run_oof
phi_4_mini_instruct__math_test_00452_0a6f0014__temp0.60__seed7,0.15377936360993755,,14,per_run_oof
phi_4_mini_instruct__math_test_00452_0a6f0014__temp1.00__seed7,0.2116669914156711,,14,per_run_oof
phi_4_mini_instruct__math_test_00453_e4690c39__temp0.10__seed7,0.12841279803743103,,14,per_run_oof
phi_4_mini_instruct__math_test_00453_e4690c39__temp0.60__seed7,0.10000495790559441,,14,per_run_oof
phi_4_mini_instruct__math_test_00453_e4690c39__temp1.00__seed7,0.09280913780923687,,14,per_run_oof
phi_4_mini_instruct__math_test_00454_393f3656__temp0.10__seed7,0.5159045468293679,,14,per_run_oof
phi_4_mini_instruct__math_test_00454_393f3656__temp0.60__seed7,0.17607913714730034,0.875,14,per_run_oof
phi_4_mini_instruct__math_test_00454_393f3656__temp1.00__seed7,0.28036555248536704,,14,per_run_oof
phi_4_mini_instruct__math_test_00455_23844847__temp0.10__seed7,0.101378585655703,,14,per_run_oof
phi_4_mini_instruct__math_test_00455_23844847__temp0.60__seed7,0.14854029497389273,,14,per_run_oof
phi_4_mini_instruct__math_test_00455_23844847__temp1.00__seed7,0.13127429079779587,,14,per_run_oof
phi_4_mini_instruct__math_test_00456_e4200fbf__temp0.10__seed7,0.2256371595957775,,14,per_run_oof
phi_4_mini_instruct__math_test_00456_e4200fbf__temp0.60__seed7,0.22056826359193824,,14,per_run_oof
phi_4_mini_instruct__math_test_00456_e4200fbf__temp1.00__seed7,0.48310057439692156,,14,per_run_oof
phi_4_mini_instruct__math_test_00457_5330f4b3__temp0.10__seed7,0.32829883440912455,,14,per_run_oof
phi_4_mini_instruct__math_test_00457_5330f4b3__temp0.60__seed7,0.3541413786682934,,14,per_run_oof
phi_4_mini_instruct__math_test_00457_5330f4b3__temp1.00__seed7,0.25220991116360536,,14,per_run_oof
phi_4_mini_instruct__math_test_00458_4085c1eb__temp0.10__seed7,0.24536732333003572,0.5416666666666667,14,per_run_oof
phi_4_mini_instruct__math_test_00458_4085c1eb__temp0.60__seed7,0.21087887772771058,,14,per_run_oof
phi_4_mini_instruct__math_test_00458_4085c1eb__temp1.00__seed7,0.1962871509815804,0.7916666666666666,14,per_run_oof
phi_4_mini_instruct__math_test_00459_3b21e715__temp0.10__seed7,0.15613259808211524,,14,per_run_oof
phi_4_mini_instruct__math_test_00459_3b21e715__temp0.60__seed7,0.13182348283889345,0.23076923076923073,14,per_run_oof
phi_4_mini_instruct__math_test_00459_3b21e715__temp1.00__seed7,0.17354202794107976,0.7916666666666666,14,per_run_oof
phi_4_mini_instruct__math_test_00460_7d063370__temp0.10__seed7,0.07236681067812968,,14,per_run_oof
phi_4_mini_instruct__math_test_00460_7d063370__temp0.60__seed7,0.27385206370342136,0.4166666666666667,14,per_run_oof
phi_4_mini_instruct__math_test_00460_7d063370__temp1.00__seed7,0.08429293898863606,,14,per_run_oof
phi_4_mini_instruct__math_test_00461_5e43f1cd__temp0.10__seed7,0.15052746708178485,0.7959183673469388,14,per_run_oof
phi_4_mini_instruct__math_test_00461_5e43f1cd__temp0.60__seed7,0.12309571059872922,0.9791666666666666,14,per_run_oof
phi_4_mini_instruct__math_test_00461_5e43f1cd__temp1.00__seed7,0.14038654595810873,0.875,14,per_run_oof
phi_4_mini_instruct__math_test_00462_dd3cfaa0__temp0.10__seed7,0.1395778296702761,,14,per_run_oof
phi_4_mini_instruct__math_test_00462_dd3cfaa0__temp0.60__seed7,0.14590051102883397,,14,per_run_oof
phi_4_mini_instruct__math_test_00462_dd3cfaa0__temp1.00__seed7,0.23292849913344388,,14,per_run_oof
phi_4_mini_instruct__math_test_00463_bc52d545__temp0.10__seed7,0.10897954987844916,0.9791666666666666,14,per_run_oof
phi_4_mini_instruct__math_test_00463_bc52d545__temp0.60__seed7,0.14258246767267055,,14,per_run_oof
phi_4_mini_instruct__math_test_00463_bc52d545__temp1.00__seed7,0.4786312514235124,,14,per_run_oof
phi_4_mini_instruct__math_test_00464_979fe366__temp0.10__seed7,0.09192596583972458,,14,per_run_oof
phi_4_mini_instruct__math_test_00464_979fe366__temp0.60__seed7,0.21491898985221686,,14,per_run_oof
phi_4_mini_instruct__math_test_00464_979fe366__temp1.00__seed7,0.15013853996668453,,14,per_run_oof
phi_4_mini_instruct__math_test_00465_240ca4d8__temp0.10__seed7,0.24991292583674563,,14,per_run_oof
phi_4_mini_instruct__math_test_00465_240ca4d8__temp0.60__seed7,0.3178115815895569,,14,per_run_oof
phi_4_mini_instruct__math_test_00465_240ca4d8__temp1.00__seed7,0.08492393692839749,1.0,14,per_run_oof
phi_4_mini_instruct__math_test_00466_b3ac660a__temp0.10__seed7,0.11812729634597695,,14,per_run_oof
phi_4_mini_instruct__math_test_00466_b3ac660a__temp0.60__seed7,0.16392137882021235,0.9591836734693878,14,per_run_oof
phi_4_mini_instruct__math_test_00466_b3ac660a__temp1.00__seed7,0.23639989591299895,,14,per_run_oof
phi_4_mini_instruct__math_test_00467_eaadd0bc__temp0.10__seed7,0.31804581202985344,,14,per_run_oof
phi_4_mini_instruct__math_test_00467_eaadd0bc__temp0.60__seed7,0.11398461716868287,0.9387755102040816,14,per_run_oof
phi_4_mini_instruct__math_test_00467_eaadd0bc__temp1.00__seed7,0.28997701246723,0.6666666666666667,14,per_run_oof
phi_4_mini_instruct__math_test_00468_67c8ff7f__temp0.10__seed7,0.17017207244434937,,14,per_run_oof
phi_4_mini_instruct__math_test_00468_67c8ff7f__temp0.60__seed7,0.35404298039921855,,14,per_run_oof
phi_4_mini_instruct__math_test_00468_67c8ff7f__temp1.00__seed7,0.11316947303736045,,14,per_run_oof
phi_4_mini_instruct__math_test_00469_bfdb0295__temp0.10__seed7,0.18404915366287813,,14,per_run_oof
phi_4_mini_instruct__math_test_00469_bfdb0295__temp0.60__seed7,0.12542174488285704,,14,per_run_oof
phi_4_mini_instruct__math_test_00469_bfdb0295__temp1.00__seed7,0.12726678203233469,,14,per_run_oof
phi_4_mini_instruct__math_test_00470_5db3c51e__temp0.10__seed7,0.1950125063198804,,14,per_run_oof
phi_4_mini_instruct__math_test_00470_5db3c51e__temp0.60__seed7,0.14218929662408436,,14,per_run_oof
phi_4_mini_instruct__math_test_00470_5db3c51e__temp1.00__seed7,0.09463356210424924,,14,per_run_oof
phi_4_mini_instruct__math_test_00471_3d41e63d__temp0.10__seed7,0.15798314395780216,,14,per_run_oof
phi_4_mini_instruct__math_test_00471_3d41e63d__temp0.60__seed7,0.051370017634796435,,14,per_run_oof
phi_4_mini_instruct__math_test_00471_3d41e63d__temp1.00__seed7,0.1615146007641654,,14,per_run_oof
phi_4_mini_instruct__math_test_00472_4acb3f94__temp0.10__seed7,0.11638082980649991,,14,per_run_oof
phi_4_mini_instruct__math_test_00472_4acb3f94__temp0.60__seed7,0.08592280266164362,,14,per_run_oof
phi_4_mini_instruct__math_test_00472_4acb3f94__temp1.00__seed7,0.1102703376832046,,14,per_run_oof
phi_4_mini_instruct__math_test_00473_e294330c__temp0.10__seed7,0.1774987305246237,0.0,14,per_run_oof
phi_4_mini_instruct__math_test_00473_e294330c__temp0.60__seed7,0.21289675701669736,0.3076923076923077,14,per_run_oof
phi_4_mini_instruct__math_test_00473_e294330c__temp1.00__seed7,0.17718984381121228,,14,per_run_oof
phi_4_mini_instruct__math_test_00474_e8b47eda__temp0.10__seed7,0.26094927055598427,0.5416666666666666,14,per_run_oof
phi_4_mini_instruct__math_test_00474_e8b47eda__temp0.60__seed7,0.23542387730466804,,14,per_run_oof
phi_4_mini_instruct__math_test_00474_e8b47eda__temp1.00__seed7,0.2717647356026699,0.5777777777777778,14,per_run_oof
phi_4_mini_instruct__math_test_00475_f189eb4d__temp0.10__seed7,0.12519558227281763,0.9375,14,per_run_oof
phi_4_mini_instruct__math_test_00475_f189eb4d__temp0.60__seed7,0.21242518475411593,0.5,14,per_run_oof
phi_4_mini_instruct__math_test_00475_f189eb4d__temp1.00__seed7,0.07000160473945342,,14,per_run_oof
phi_4_mini_instruct__math_test_00476_1c3d9d93__temp0.10__seed7,0.14497836325798244,,14,per_run_oof
phi_4_mini_instruct__math_test_00476_1c3d9d93__temp0.60__seed7,0.10605704892146714,,14,per_run_oof
phi_4_mini_instruct__math_test_00476_1c3d9d93__temp1.00__seed7,0.15451950372149445,1.0,14,per_run_oof
phi_4_mini_instruct__math_test_00477_9c19e671__temp0.10__seed7,0.19853138073637008,,14,per_run_oof
phi_4_mini_instruct__math_test_00477_9c19e671__temp0.60__seed7,0.28380553187234087,,14,per_run_oof
phi_4_mini_instruct__math_test_00477_9c19e671__temp1.00__seed7,0.20338023994497803,,14,per_run_oof
phi_4_mini_instruct__math_test_00478_bde3ec32__temp0.10__seed7,0.320660656032174,,14,per_run_oof
phi_4_mini_instruct__math_test_00478_bde3ec32__temp0.60__seed7,0.225160571259613,,14,per_run_oof
phi_4_mini_instruct__math_test_00478_bde3ec32__temp1.00__seed7,0.1498324182326433,,14,per_run_oof
phi_4_mini_instruct__math_test_00479_aea5556d__temp0.10__seed7,0.13699534913363465,,14,per_run_oof
phi_4_mini_instruct__math_test_00479_aea5556d__temp0.60__seed7,0.09036702757271443,1.0,14,per_run_oof
phi_4_mini_instruct__math_test_00479_aea5556d__temp1.00__seed7,0.21739171976273686,0.07692307692307687,14,per_run_oof
phi_4_mini_instruct__math_test_00480_fb9447b2__temp0.10__seed7,0.14580647386062862,,14,per_run_oof
phi_4_mini_instruct__math_test_00480_fb9447b2__temp0.60__seed7,0.3041490608708887,,14,per_run_oof
phi_4_mini_instruct__math_test_00480_fb9447b2__temp1.00__seed7,0.5095881515878176,,14,per_run_oof
phi_4_mini_instruct__math_test_00481_47b01624__temp0.10__seed7,0.20704888460076123,0.37777777777777777,14,per_run_oof
phi_4_mini_instruct__math_test_00481_47b01624__temp0.60__seed7,0.21705008120673064,0.6923076923076923,14,per_run_oof
phi_4_mini_instruct__math_test_00481_47b01624__temp1.00__seed7,0.13024253695428678,0.9230769230769231,14,per_run_oof
phi_4_mini_instruct__math_test_00482_84ec0b89__temp0.10__seed7,0.0949811954126154,,14,per_run_oof
phi_4_mini_instruct__math_test_00482_84ec0b89__temp0.60__seed7,0.10963808387259304,,14,per_run_oof
phi_4_mini_instruct__math_test_00482_84ec0b89__temp1.00__seed7,0.2009764027415395,,14,per_run_oof
phi_4_mini_instruct__math_test_00483_053f5644__temp0.10__seed7,0.062079505222408606,1.0,14,per_run_oof
phi_4_mini_instruct__math_test_00483_053f5644__temp0.60__seed7,0.23190819623888878,,14,per_run_oof
phi_4_mini_instruct__math_test_00483_053f5644__temp1.00__seed7,0.16872318369264483,0.6938775510204082,14,per_run_oof
phi_4_mini_instruct__math_test_00484_f2cd6be7__temp0.10__seed7,0.16296727532911034,,14,per_run_oof
phi_4_mini_instruct__math_test_00484_f2cd6be7__temp0.60__seed7,0.16279083499008315,,14,per_run_oof
phi_4_mini_instruct__math_test_00484_f2cd6be7__temp1.00__seed7,0.12557573414358605,,14,per_run_oof
phi_4_mini_instruct__math_test_00485_25a9bc12__temp0.10__seed7,0.07941934784546066,1.0,14,per_run_oof
phi_4_mini_instruct__math_test_00485_25a9bc12__temp0.60__seed7,0.4707154567840726,,14,per_run_oof
phi_4_mini_instruct__math_test_00485_25a9bc12__temp1.00__seed7,0.171450254915281,0.875,14,per_run_oof
phi_4_mini_instruct__math_test_00486_11e9a1ba__temp0.10__seed7,0.1503358358499932,,14,per_run_oof
phi_4_mini_instruct__math_test_00486_11e9a1ba__temp0.60__seed7,0.30628350718596725,,14,per_run_oof
phi_4_mini_instruct__math_test_00486_11e9a1ba__temp1.00__seed7,0.28635055481561367,,14,per_run_oof
phi_4_mini_instruct__math_test_00487_f5dafb4d__temp0.10__seed7,0.09875388038842543,1.0,14,per_run_oof
phi_4_mini_instruct__math_test_00487_f5dafb4d__temp0.60__seed7,0.203333029109617,0.7551020408163265,14,per_run_oof
phi_4_mini_instruct__math_test_00487_f5dafb4d__temp1.00__seed7,0.2368337562245208,,14,per_run_oof
phi_4_mini_instruct__math_test_00488_9e69b5fd__temp0.10__seed7,0.06992199636543336,,14,per_run_oof
phi_4_mini_instruct__math_test_00488_9e69b5fd__temp0.60__seed7,0.11256962598285034,,14,per_run_oof
phi_4_mini_instruct__math_test_00488_9e69b5fd__temp1.00__seed7,0.1013163112875257,,14,per_run_oof
phi_4_mini_instruct__math_test_00489_873b5ba3__temp0.10__seed7,0.17904833684908547,,14,per_run_oof
phi_4_mini_instruct__math_test_00489_873b5ba3__temp0.60__seed7,0.09964860713541528,1.0,14,per_run_oof
phi_4_mini_instruct__math_test_00489_873b5ba3__temp1.00__seed7,0.24396001142747145,,14,per_run_oof
phi_4_mini_instruct__math_test_00490_548caf2b__temp0.10__seed7,0.1140322970787894,,14,per_run_oof
phi_4_mini_instruct__math_test_00490_548caf2b__temp0.60__seed7,0.08846668061781296,,14,per_run_oof
phi_4_mini_instruct__math_test_00490_548caf2b__temp1.00__seed7,0.1535679744863812,,14,per_run_oof
phi_4_mini_instruct__math_test_00491_323b91c4__temp0.10__seed7,0.31767628501764456,,14,per_run_oof
phi_4_mini_instruct__math_test_00491_323b91c4__temp0.60__seed7,0.18272229280254942,,14,per_run_oof
phi_4_mini_instruct__math_test_00491_323b91c4__temp1.00__seed7,0.16793648534951686,,14,per_run_oof
phi_4_mini_instruct__math_test_00492_c9945122__temp0.10__seed7,0.2108392188142211,,14,per_run_oof
phi_4_mini_instruct__math_test_00492_c9945122__temp0.60__seed7,0.29967650124467743,,14,per_run_oof
phi_4_mini_instruct__math_test_00492_c9945122__temp1.00__seed7,0.0959188143997629,,14,per_run_oof
phi_4_mini_instruct__math_test_00493_3f0c6e0c__temp0.10__seed7,0.14305836542759862,,14,per_run_oof
phi_4_mini_instruct__math_test_00493_3f0c6e0c__temp0.60__seed7,0.25850779768953347,,14,per_run_oof
phi_4_mini_instruct__math_test_00493_3f0c6e0c__temp1.00__seed7,0.22189239265272348,,14,per_run_oof
phi_4_mini_instruct__math_test_00494_b8d8e1ef__temp0.10__seed7,0.5228706451881845,,14,per_run_oof
phi_4_mini_instruct__math_test_00494_b8d8e1ef__temp0.60__seed7,0.21377905725007398,,14,per_run_oof
phi_4_mini_instruct__math_test_00494_b8d8e1ef__temp1.00__seed7,0.27514463098541103,,14,per_run_oof
phi_4_mini_instruct__math_test_00495_63ae400e__temp0.10__seed7,0.17141127763845554,,14,per_run_oof
phi_4_mini_instruct__math_test_00495_63ae400e__temp0.60__seed7,0.4740019539872093,,14,per_run_oof
phi_4_mini_instruct__math_test_00495_63ae400e__temp1.00__seed7,0.322645013479729,0.41666666666666663,14,per_run_oof
phi_4_mini_instruct__math_test_00496_401665a3__temp0.10__seed7,0.3931737016204451,,14,per_run_oof
phi_4_mini_instruct__math_test_00496_401665a3__temp0.60__seed7,0.33598001343769124,,14,per_run_oof
phi_4_mini_instruct__math_test_00496_401665a3__temp1.00__seed7,0.347532349159973,,14,per_run_oof
phi_4_mini_instruct__math_test_00497_8d507426__temp0.10__seed7,0.25998860059817247,0.6458333333333334,14,per_run_oof
phi_4_mini_instruct__math_test_00497_8d507426__temp0.60__seed7,0.18942903043626108,0.7708333333333334,14,per_run_oof
phi_4_mini_instruct__math_test_00497_8d507426__temp1.00__seed7,0.31002091301822793,,14,per_run_oof
phi_4_mini_instruct__math_test_00498_743e3572__temp0.10__seed7,0.16454812991986065,,14,per_run_oof
phi_4_mini_instruct__math_test_00498_743e3572__temp0.60__seed7,0.2272435040012206,,14,per_run_oof
phi_4_mini_instruct__math_test_00498_743e3572__temp1.00__seed7,0.18458885798838157,,14,per_run_oof
phi_4_mini_instruct__math_test_00499_c3a514a9__temp0.10__seed7,0.2633686570401453,,14,per_run_oof
phi_4_mini_instruct__math_test_00499_c3a514a9__temp0.60__seed7,0.2607582140334432,0.23076923076923073,14,per_run_oof
phi_4_mini_instruct__math_test_00499_c3a514a9__temp1.00__seed7,0.19527388496997228,,14,per_run_oof
__pooled__,0.20015345227147036,0.7356490122096889,21000,pooled_oof
