phase,temperature,seed,step,requested_batch_size,realized_batch_size,prompt_tokens,generated_tokens,wall_clock_seconds,examples_per_second,tokens_per_second,tokenize_seconds,generation_seconds,forward_seconds,postprocess_seconds,hidden_state_write_seconds,gpu_memory_allocated_gb,gpu_memory_reserved_gb,gpu_max_memory_allocated_gb,gpu_max_memory_reserved_gb,split_count,oom_retry_count
generate,0.1,7,1,2,2,530,340,36.078835590999915,0.05543416153094786,9.423807460261136,0.002394128000105411,35.63477659499995,0.4351066500003071,0.006102923000071314,0.0,4.353978157043457,13.41015625,4.432877540588379,13.41015625,1,0
generate,0.1,7,2,2,2,611,276,30.84702623699968,0.0648360715432947,8.947377872974668,0.0016306259999510075,30.39931410700001,0.4407675229999768,0.00509382900008859,0.0,4.367137908935547,13.41015625,4.450484752655029,13.41015625,1,0
hidden_state_write,0.1,7,0,2,2,0,0,0.010297137000179646,,,0.0,0.0,0.0,0.0,0.010297137000179646,3.862009048461914,13.41015625,4.450484752655029,13.41015625,0,0
generate,0.1,7,1,2,2,484,226,20.494387765000283,0.09758769195416228,11.027409190820338,0.001463803999740776,20.144316589000027,0.3452747860001182,0.0030167269997036783,0.0,4.245426177978516,13.4765625,4.3451666831970215,13.4765625,1,0
generate,0.1,7,2,2,2,672,140,12.238616788999934,0.16341716016450483,11.439201211515337,0.0017735490000632126,11.841800279000381,0.39201544800016563,0.0027648529999169114,0.0,4.277868270874023,13.4765625,4.381009101867676,13.4765625,1,0
hidden_state_write,0.1,7,0,2,2,0,0,0.011982128999989072,,,0.0,0.0,0.0,0.0,0.011982128999989072,3.862009048461914,13.4765625,4.381009101867676,13.4765625,0,0
