phase,temperature,seed,step,requested_batch_size,realized_batch_size,prompt_tokens,generated_tokens,wall_clock_seconds,examples_per_second,tokens_per_second,tokenize_seconds,generation_seconds,forward_seconds,postprocess_seconds,hidden_state_write_seconds,gpu_memory_allocated_gb,gpu_memory_reserved_gb,gpu_max_memory_allocated_gb,gpu_max_memory_reserved_gb,split_count,oom_retry_count
generate,0.1,7,1,2,2,530,327,45.573406471,0.0438852426200063,7.17523716837103,0.0022642660001110926,44.92394780099994,0.6419529079998938,0.004732686999886937,0.0,7.465648174285889,13.1171875,7.916930198669434,13.1171875,1,0
generate,0.1,7,2,2,2,820,223,31.899473902999944,0.06269695876745832,6.990710902571602,0.0028124039999966044,31.145748767999976,0.7476842829996713,0.0028900000002067827,0.0,7.56510066986084,13.119140625,8.020729064941406,13.119140625,1,0
hidden_state_write,0.1,7,0,2,2,0,0,0.009997561000091082,,,0.0,0.0,0.0,0.0,0.009997561000091082,7.016132354736328,13.119140625,8.020729064941406,13.119140625,0,0
generate,0.1,7,1,2,2,484,209,26.736299836999933,0.07480466677113758,7.817087677583877,0.0013900970002396207,26.192462277999766,0.5396143819998542,0.0025770909996936098,0.0,7.355770587921143,13.1953125,7.824716091156006,13.1953125,1,0
generate,0.1,7,2,2,2,655,193,23.040273235000313,0.08680452612696513,8.376636771252135,0.0016880979997040413,22.441167210000003,0.5952743110001393,0.001933859000018856,0.0,7.413863658905029,13.1953125,7.878129959106445,13.1953125,1,0
hidden_state_write,0.1,7,0,2,2,0,0,0.01009372099997563,,,0.0,0.0,0.0,0.0,0.01009372099997563,7.016055583953857,13.1953125,7.878129959106445,13.1953125,0,0
