detector,mean_stop_step,mean_stop_utility,mean_oracle_utility,mean_oracle_gap,false_early_rate,false_late_rate,mean_false_late_severity
oracle,1.3422222222222222,0.43844444444444447,0.43844444444444447,0.0,0.0,0.0,0.0
first_answer,1.0,0.3022222222222222,0.43844444444444447,0.13622222222222222,0.15333333333333332,0.0,0.0
verifier_first_correct,6.242222222222222,0.19344444444444445,0.43844444444444447,0.245,0.0,0.5444444444444444,4.9
hazard_drift,4.214444444444444,0.1603888888888889,0.43844444444444447,0.27805555555555556,0.02,0.9755555555555555,2.9255555555555555
entropy_plateau,4.5744444444444445,0.13349999999999998,0.43844444444444447,0.3049444444444444,0.017777777777777778,0.9811111111111112,3.278888888888889
answer_stability,4.981111111111111,0.12538888888888888,0.43844444444444447,0.31305555555555553,0.015555555555555555,0.9844444444444445,3.678888888888889
e_process,5.0,0.10333333333333333,0.43844444444444447,0.3351111111111111,0.013333333333333334,0.9744444444444444,3.69
empirical_bernstein,9.0,-0.08777777777777779,0.43844444444444447,0.5262222222222223,0.0011111111111111111,0.9966666666666667,7.658888888888889
never_stop,10.0,-0.1311111111111111,0.43844444444444447,0.5695555555555556,0.0,0.9988888888888889,8.657777777777778
