detector,mean_stop_step,mean_stop_utility,mean_oracle_utility,mean_oracle_gap,false_early_rate,false_late_rate,mean_false_late_severity
oracle,1.3422222222222222,0.43844444444444447,0.43844444444444447,0.0,0.0,0.0,0.0
empirical_bernstein,9.0,-0.08777777777777779,0.43844444444444447,0.5262222222222223,0.0011111111111111111,0.9966666666666667,7.658888888888889
never_stop,10.0,-0.1311111111111111,0.43844444444444447,0.5695555555555556,0.0,0.9988888888888889,8.657777777777778
