step,q_t,n_repairs,n_corruptions,repair_rate,corruption_rate,hazard_mu,entropy_mean,confidence_mean,answer_changed_rate,hidden_shift_mean,n_transitions
1,0.3098404255319149,46,135,0.08863198458574181,0.5793991416309013,-0.16835106382978726,0.26597173163231386,98.31117021276596,0.0,0.0,752
2,0.19148936170212766,98,29,0.1611842105263158,0.2013888888888889,0.04175531914893617,0.36162226250831114,64.38696808510639,0.7367021276595744,83.79400988842579,752
3,0.28324468085106386,39,24,0.07235621521335807,0.11267605633802817,-0.03005319148936171,0.3610748940325798,80.86569148936171,0.589095744680851,72.28324698387308,752
4,0.30319148936170215,29,20,0.05534351145038168,0.08771929824561403,-0.03803191489361703,0.32282419407621343,83.48271276595744,0.3962765957446808,56.34106050400024,752
5,0.3151595744680851,14,14,0.027184466019417475,0.05907172995780591,-0.05,0.2878249148105053,83.62234042553192,0.2872340425531915,48.070028424263,752
6,0.3151595744680851,17,9,0.03300970873786408,0.0379746835443038,-0.039361702127659576,0.26119069850191157,83.52659574468085,0.22340425531914893,42.68617732093689,752
7,0.3257978723404255,8,8,0.015779092702169626,0.0326530612244898,-0.05,0.233502651782746,84.21808510638297,0.19414893617021275,39.485623347632426,752
8,0.3257978723404255,7,9,0.013806706114398421,0.036734693877551024,-0.05265957446808511,0.2087356892037899,84.5186170212766,0.13829787234042554,35.96811104391484,752
9,0.32313829787234044,8,4,0.015717092337917484,0.01646090534979424,-0.044680851063829796,0.19547693780127992,83.9188829787234,0.11037234042553191,31.887115552704383,752
