step,q_t,n_repairs,n_corruptions,repair_rate,corruption_rate,hazard_mu,entropy_mean,confidence_mean,answer_changed_rate,hidden_shift_mean,n_transitions
1,0.35714285714285715,12,54,0.07407407407407407,0.6,-0.21666666666666667,0.2566596137152778,99.08730158730158,0.0,0.0,252
2,0.19047619047619047,36,5,0.17647058823529413,0.10416666666666667,0.07301587301587303,0.35302346850198413,64.16666666666667,0.75,84.07528644894796,252
3,0.3134920634920635,12,8,0.06936416184971098,0.10126582278481013,-0.03412698412698413,0.32919069320436506,80.55555555555556,0.5833333333333334,70.84135679971604,252
4,0.32936507936507936,8,3,0.047337278106508875,0.03614457831325301,-0.030158730158730156,0.2844751751612103,85.65079365079364,0.38095238095238093,53.61448970295134,252
5,0.3492063492063492,2,4,0.012195121951219513,0.045454545454545456,-0.05793650793650794,0.24290054563492064,83.65079365079364,0.25396825396825395,42.2930795824717,252
6,0.3412698412698413,4,2,0.024096385542168676,0.023255813953488372,-0.04206349206349207,0.21912686786954366,83.94047619047619,0.17857142857142858,35.0691956111363,252
7,0.3492063492063492,5,3,0.03048780487804878,0.03409090909090909,-0.04206349206349207,0.1888214595734127,82.77380952380952,0.15079365079365079,32.77542687408508,252
8,0.35714285714285715,2,3,0.012345679012345678,0.03333333333333333,-0.05396825396825397,0.1637793646918403,81.58333333333333,0.1349206349206349,28.38474160338205,252
9,0.3531746031746032,2,0,0.012269938650306749,0.0,,0.15637691437251985,82.07936507936508,0.09126984126984126,24.505003492037456,252
