step,q_t,n_repairs,n_corruptions,repair_rate,corruption_rate,hazard_mu,entropy_mean,confidence_mean,answer_changed_rate,hidden_shift_mean,n_transitions
1,0.32142857142857145,0,5,0.0,0.5555555555555556,-0.2285714285714286,0.28829520089285715,99.64285714285714,0.0,0.0,28
2,0.14285714285714285,5,0,0.20833333333333334,0.0,0.12857142857142861,0.343017578125,71.42857142857143,0.6785714285714286,85.6876746586391,28
3,0.32142857142857145,1,1,0.05263157894736842,0.1111111111111111,,0.29331752232142855,85.35714285714286,0.5714285714285714,68.25993742261615,28
4,0.32142857142857145,2,1,0.10526315789473684,0.1111111111111111,-0.01428571428571429,0.28800746372767855,81.78571428571429,0.25,50.90153646469116,28
5,0.35714285714285715,0,1,0.0,0.1,,0.23917933872767858,76.78571428571429,0.35714285714285715,46.02372540746416,28
6,0.32142857142857145,1,0,0.05263157894736842,0.0,,0.24178641183035715,78.57142857142857,0.14285714285714285,32.57132606846945,28
7,0.35714285714285715,0,1,0.0,0.1,,0.22202845982142858,75.0,0.10714285714285714,35.73854148387909,28
8,0.32142857142857145,0,0,0.0,0.0,,0.19187709263392858,76.78571428571429,0.07142857142857142,27.085490942001343,28
9,0.32142857142857145,1,0,0.05263157894736842,0.0,,0.18197195870535715,75.89285714285714,0.0,26.267066853387014,28
