step,q_t,n_repairs,n_corruptions,repair_rate,corruption_rate,hazard_mu,entropy_mean,confidence_mean,answer_changed_rate,hidden_shift_mean,n_transitions
1,0.35365853658536583,21,71,0.09905660377358491,0.6120689655172413,-0.20243902439024386,0.2584943073551829,98.84146341463415,0.0,0.0,328
2,0.20121951219512196,44,9,0.16793893129770993,0.13636363636363635,0.05670731707317074,0.35087027200838417,64.17682926829268,0.7439024390243902,83.31559229478603,328
3,0.3079268292682927,15,10,0.06607929515418502,0.09900990099009901,-0.034756097560975606,0.3327904677972561,81.3048780487805,0.5853658536585366,70.75719036707063,328
4,0.3231707317073171,9,6,0.04054054054054054,0.05660377358490566,-0.040853658536585374,0.29052064476943595,85.71341463414635,0.36585365853658536,52.905116057977445,328
5,0.3323170731707317,3,5,0.0136986301369863,0.045871559633027525,-0.056097560975609764,0.24755933808117378,83.3048780487805,0.2621951219512195,42.64262570695179,328
6,0.32621951219512196,8,2,0.03619909502262444,0.018691588785046728,-0.03170731707317073,0.22220071932164634,83.28658536585365,0.18597560975609756,35.753673669768546,328
7,0.3445121951219512,5,6,0.023255813953488372,0.05309734513274336,-0.053048780487804884,0.19558492520960366,82.1920731707317,0.16158536585365854,33.43126331887594,328
8,0.34146341463414637,4,3,0.018518518518518517,0.026785714285714284,-0.04695121951219513,0.17235676835222943,81.8109756097561,0.12804878048780488,28.99056465887442,328
9,0.3445121951219512,3,1,0.013953488372093023,0.008849557522123894,-0.04390243902439025,0.1640476133765244,81.73475609756098,0.08841463414634146,25.200595198608028,328
