step,q_t,n_repairs,n_corruptions,repair_rate,corruption_rate,hazard_mu,entropy_mean,confidence_mean,answer_changed_rate,hidden_shift_mean,n_transitions
1,0.3047945205479452,56,156,0.09195402298850575,0.5842696629213483,-0.1641552511415525,0.2700970096675228,98.19520547945206,0.0,0.0,876
2,0.1906392694063927,108,38,0.152327221438646,0.2275449101796407,0.029908675799086765,0.3613376007776826,64.39954337899543,0.7363013698630136,83.38546376250106,876
3,0.2705479452054795,46,29,0.07198748043818466,0.12236286919831224,-0.03059360730593609,0.3640002943065068,81.30251141552512,0.5993150684931506,72.65181507040921,876
4,0.2899543378995434,37,24,0.0594855305466238,0.09448818897637795,-0.03515981735159818,0.3291090873822774,83.01255707762557,0.4063926940639269,57.02760702725415,876
5,0.3047945205479452,17,15,0.027914614121510674,0.056179775280898875,-0.04771689497716895,0.2979995518514555,83.73630136986301,0.3036529680365297,49.36460710116173,876
6,0.3070776255707763,19,12,0.03130148270181219,0.04460966542750929,-0.042009132420091334,0.2722601346229309,84.24885844748859,0.2328767123287671,44.10051197983903,876
7,0.3150684931506849,10,10,0.016666666666666666,0.036231884057971016,-0.05,0.24202139519121005,84.52853881278538,0.20319634703196346,40.59215644070002,876
8,0.3150684931506849,10,12,0.016666666666666666,0.043478260869565216,-0.05228310502283105,0.21846893171197204,84.72945205479452,0.1541095890410959,37.41200345128639,876
9,0.3127853881278539,11,5,0.018272425249169437,0.01824817518248175,-0.04315068493150685,0.2050276804188071,84.08333333333333,0.13013698630136986,33.610009229890835,876
