step,q_t,n_repairs,n_corruptions,repair_rate,corruption_rate,hazard_mu,entropy_mean,confidence_mean,answer_changed_rate,hidden_shift_mean,n_transitions
1,0.3341121495327103,26,84,0.0912280701754386,0.5874125874125874,-0.1855140186915888,0.25859740070093457,98.70327102803738,0.0,0.0,428
2,0.1985981308411215,57,12,0.1661807580174927,0.1411764705882353,0.05514018691588783,0.3568457487587617,64.42757009345794,0.7266355140186916,83.77123229748734,428
3,0.3037383177570093,21,14,0.07046979865771812,0.1076923076923077,-0.03364485981308411,0.3434123101635514,80.81308411214954,0.5841121495327103,71.09387902233088,428
4,0.32009345794392524,14,9,0.048109965635738834,0.06569343065693431,-0.038317757009345796,0.30255868501752337,84.32009345794393,0.37383177570093457,54.529159670678254,428
5,0.3317757009345794,5,7,0.017482517482517484,0.04929577464788732,-0.054672897196261686,0.25995785722108644,83.2803738317757,0.26401869158878505,44.51817287240073,428
6,0.32710280373831774,9,4,0.03125,0.02857142857142857,-0.038317757009345796,0.23426661981600466,83.2196261682243,0.17990654205607476,38.48485038213641,428
7,0.338785046728972,6,7,0.02120141342756184,0.04827586206896552,-0.052336448598130844,0.2084347733827395,82.77803738317758,0.1588785046728972,35.48502078903056,428
8,0.3364485981308411,5,3,0.017605633802816902,0.020833333333333332,-0.04532710280373832,0.18062199387594918,83.53504672897196,0.12850467289719625,30.886384160719185,428
9,0.3411214953271028,3,1,0.010638297872340425,0.00684931506849315,-0.04532710280373832,0.17091412410557827,82.55373831775701,0.08878504672897196,27.041529126256425,428
