step,q_t,n_repairs,n_corruptions,repair_rate,corruption_rate,hazard_mu,entropy_mean,confidence_mean,answer_changed_rate,hidden_shift_mean,n_transitions
1,0.3047337278106509,45,119,0.09574468085106383,0.5776699029126213,-0.15946745562130177,0.26521689510909763,98.44674556213018,0.0,0.0,676
2,0.1952662721893491,87,25,0.15992647058823528,0.1893939393939394,0.04171597633136094,0.36093446629992604,64.14792899408285,0.7381656804733728,83.75033174887211,676
3,0.2869822485207101,36,22,0.07468879668049792,0.1134020618556701,-0.029289940828402375,0.35580101238905326,81.07396449704142,0.5857988165680473,71.82290370083419,676
4,0.3076923076923077,27,18,0.057692307692307696,0.08653846153846154,-0.03668639053254438,0.31592537242279956,83.46745562130178,0.40236686390532544,55.724588371592866,676
5,0.3210059171597633,12,14,0.026143790849673203,0.06451612903225806,-0.0529585798816568,0.2783102001664201,83.03846153846153,0.2869822485207101,47.02458455576699,676
6,0.3180473372781065,16,9,0.03470715835140998,0.04186046511627907,-0.03964497041420119,0.25309455465282915,83.12869822485207,0.21449704142011836,41.2877432086764,676
7,0.32840236686390534,8,8,0.01762114537444934,0.036036036036036036,-0.05,0.22563288762019232,83.59319526627219,0.1908284023668639,38.35640169530225,676
8,0.32840236686390534,7,8,0.015418502202643172,0.036036036036036036,-0.051479289940828406,0.1983787040033284,84.09467455621302,0.1390532544378698,34.467914179232,676
9,0.3269230769230769,7,4,0.015384615384615385,0.01809954751131222,-0.045562130177514794,0.1883440186991494,83.39792899408285,0.10946745562130178,30.641572671529104,676
