step,q_t,n_repairs,n_corruptions,repair_rate,corruption_rate,hazard_mu,entropy_mean,confidence_mean,answer_changed_rate,hidden_shift_mean,n_transitions
1,0.3051643192488263,54,152,0.09121621621621621,0.5846153846153846,-0.1650234741784038,0.26958970620598594,98.22769953051643,0.0,0.0,852
2,0.19014084507042253,107,35,0.15507246376811595,0.21604938271604937,0.034507042253521136,0.3605802294234155,64.31220657276995,0.7382629107981221,83.42571029304898,852
3,0.2746478873239437,43,29,0.06957928802588997,0.12393162393162394,-0.0335680751173709,0.36345661861795775,81.31572769953051,0.596244131455399,72.73999642654204,852
4,0.29107981220657275,37,22,0.061258278145695365,0.08870967741935484,-0.0323943661971831,0.3276301280993251,83.23826291079813,0.4025821596244131,56.863127719628416,852
5,0.3086854460093897,15,15,0.025466893039049237,0.057034220532319393,-0.05,0.2956528641248533,83.92488262910798,0.2992957746478873,49.1115053203744,852
6,0.3086854460093897,18,11,0.030560271646859084,0.04182509505703422,-0.04178403755868545,0.2688445328546802,84.12793427230046,0.22652582159624413,43.796919312275634,852
7,0.31690140845070425,10,10,0.01718213058419244,0.037037037037037035,-0.05,0.23974838615023475,84.46830985915493,0.1983568075117371,40.42113192428445,852
8,0.31690140845070425,8,11,0.013745704467353952,0.040740740740740744,-0.053521126760563385,0.21716580816277875,84.76877934272301,0.15023474178403756,37.23569992394515,852
9,0.31338028169014087,11,4,0.018803418803418803,0.0149812734082397,-0.04178403755868545,0.20307514029489437,83.92840375586854,0.12441314553990611,33.23228601390767,852
