step,q_t,n_repairs,n_corruptions,repair_rate,corruption_rate,hazard_mu,entropy_mean,confidence_mean,answer_changed_rate,hidden_shift_mean,n_transitions
1,0.3073248407643312,43,111,0.09885057471264368,0.5751295336787565,-0.15828025477707008,0.2637091958598726,98.45541401273886,0.0,0.0,628
2,0.19904458598726116,82,22,0.16302186878727634,0.176,0.045541401273885354,0.357604591709793,64.36942675159236,0.7356687898089171,83.53100984415431,628
3,0.2945859872611465,31,19,0.06997742663656885,0.10270270270270271,-0.03089171974522293,0.35094826084792996,81.4140127388535,0.589171974522293,71.71825597240667,628
4,0.31369426751592355,22,16,0.05104408352668213,0.08121827411167512,-0.04044585987261147,0.30956895184365046,83.61305732484077,0.39171974522292996,55.3143500735046,628
5,0.3232484076433121,9,11,0.021176470588235293,0.054187192118226604,-0.05318471337579618,0.26982826184315284,83.58917197452229,0.2802547770700637,46.3256174622068,628
6,0.3200636942675159,15,9,0.0351288056206089,0.04477611940298507,-0.04044585987261147,0.24563404253333998,82.56369426751593,0.2054140127388535,40.084548808966474,628
7,0.32961783439490444,8,7,0.019002375296912115,0.033816425120772944,-0.048407643312101914,0.2172303412370621,83.1671974522293,0.18630573248407642,37.340165497391084,628
8,0.33121019108280253,6,7,0.014285714285714285,0.03365384615384615,-0.05159235668789809,0.19061123793292198,83.77070063694268,0.13853503184713375,33.600854601829674,628
9,0.32961783439490444,5,3,0.011876484560570071,0.014492753623188406,-0.046815286624203825,0.1790650969098328,82.64649681528662,0.10828025477707007,29.594256723762317,628
