step,q_t,n_repairs,n_corruptions,repair_rate,corruption_rate,hazard_mu,entropy_mean,confidence_mean,answer_changed_rate,hidden_shift_mean,n_transitions
1,0.332,30,98,0.08982035928143713,0.5903614457831325,-0.186,0.2584345703125,98.71,0.0,0.0,500
2,0.196,66,14,0.16417910447761194,0.14285714285714285,0.054000000000000006,0.3561611328125,63.91,0.732,83.57301190185547,500
3,0.3,23,17,0.06571428571428571,0.11333333333333333,-0.038000000000000006,0.34675,81.246,0.59,71.49463119506837,500
4,0.312,18,11,0.05232558139534884,0.07051282051282051,-0.036000000000000004,0.30651171875,84.078,0.384,54.94518316650391,500
5,0.326,6,9,0.017804154302670624,0.05521472392638037,-0.05600000000000001,0.26180322265625,83.678,0.264,45.06979982566833,500
6,0.32,13,5,0.03823529411764706,0.03125,-0.034,0.23690869140625,83.116,0.196,38.985736518859866,500
7,0.336,6,7,0.018072289156626505,0.041666666666666664,-0.052000000000000005,0.20924755859375,82.638,0.174,36.03820361995697,500
8,0.334,5,5,0.015015015015015015,0.029940119760479042,-0.05,0.18356298828125,83.706,0.136,32.017144779205324,500
9,0.334,4,1,0.012012012012012012,0.005988023952095809,-0.044000000000000004,0.17279052734375,82.786,0.096,27.88900983428955,500
