step,q_t,n_repairs,n_corruptions,repair_rate,corruption_rate,hazard_mu,entropy_mean,confidence_mean,answer_changed_rate,hidden_shift_mean,n_transitions
1,0.31166666666666665,40,108,0.09685230024213075,0.5775401069518716,-0.16333333333333333,0.26212727864583335,98.76666666666667,0.0,0.0,600
2,0.19833333333333333,80,21,0.16632016632016633,0.17647058823529413,0.048333333333333325,0.35754475911458333,63.825,0.7366666666666667,83.8013523419698,600
3,0.2966666666666667,29,18,0.06872037914691943,0.10112359550561797,-0.03166666666666666,0.348544921875,81.39666666666666,0.5916666666666667,71.81107424418131,600
4,0.315,21,15,0.051094890510948905,0.07936507936507936,-0.039999999999999994,0.30553568522135416,83.58166666666666,0.39166666666666666,55.254516750971476,600
5,0.325,8,11,0.019753086419753086,0.05641025641025641,-0.055,0.2639493815104167,83.59,0.27,45.83237285614014,600
6,0.32,15,8,0.03676470588235294,0.041666666666666664,-0.03833333333333334,0.2395855712890625,82.51666666666667,0.20333333333333334,39.684574443499244,600
7,0.33166666666666667,7,7,0.017456359102244388,0.035175879396984924,-0.05,0.212664794921875,83.04833333333333,0.18333333333333332,36.91342096090317,600
8,0.33166666666666667,6,6,0.014962593516209476,0.03015075376884422,-0.05,0.18610758463541666,83.68833333333333,0.13333333333333333,32.84795685927073,600
9,0.33166666666666667,5,3,0.012468827930174564,0.01507537688442211,-0.04666666666666667,0.17352457682291667,82.58666666666667,0.10333333333333333,28.90852976878484,600
