step,q_t,n_repairs,n_corruptions,repair_rate,corruption_rate,hazard_mu,entropy_mean,confidence_mean,answer_changed_rate,hidden_shift_mean,n_transitions
1,0.34375,22,73,0.09523809523809523,0.6033057851239669,-0.19488636363636364,0.25942577015269885,98.75,0.0,0.0,352
2,0.19886363636363635,45,9,0.1595744680851064,0.12857142857142856,0.052272727272727276,0.3531646728515625,64.75852272727273,0.7329545454545454,83.11609860441901,352
3,0.30113636363636365,15,11,0.06097560975609756,0.10377358490566038,-0.03863636363636364,0.33563232421875,80.83238636363636,0.5767045454545454,70.85928783633493,352
4,0.3125,10,7,0.04132231404958678,0.06363636363636363,-0.041477272727272724,0.2939890081232244,85.08238636363636,0.3693181818181818,53.397613476623185,352
5,0.3210227272727273,3,5,0.012552301255230125,0.04424778761061947,-0.055681818181818186,0.2532688487659801,82.82386363636364,0.26988636363636365,43.61855419386517,352
6,0.3153409090909091,9,2,0.03734439834024896,0.018018018018018018,-0.03011363636363637,0.22746693004261365,83.21875,0.17897727272727273,36.910942202264614,352
7,0.3352272727272727,5,7,0.021367521367521368,0.059322033898305086,-0.05568181818181818,0.20020016756924716,81.80113636363636,0.15625,34.40664361823689,352
8,0.32954545454545453,5,3,0.0211864406779661,0.02586206896551724,-0.044318181818181826,0.17641327597878195,81.88636363636364,0.13352272727272727,29.58766168897802,352
9,0.3352272727272727,3,1,0.01282051282051282,0.00847457627118644,-0.04431818181818182,0.16897791082208807,81.11931818181819,0.09090909090909091,25.92686768824404,352
