step,q_t,n_repairs,n_corruptions,repair_rate,corruption_rate,hazard_mu,entropy_mean,confidence_mean,answer_changed_rate,hidden_shift_mean,n_transitions
1,0.34210526315789475,2,16,0.04,0.6153846153846154,-0.23421052631578948,0.26593338815789475,98.8157894736842,0.0,0.0,76
2,0.15789473684210525,14,3,0.21875,0.25,0.09473684210526316,0.3725650185032895,66.05263157894737,0.7236842105263158,86.41285243787263,76
3,0.3026315789473684,2,4,0.03773584905660377,0.17391304347826086,-0.07631578947368421,0.32903089021381576,79.27631578947368,0.5921052631578947,70.23880029979505,76
4,0.27631578947368424,5,2,0.09090909090909091,0.09523809523809523,-0.01052631578947369,0.3041446083470395,83.73684210526316,0.3684210526315789,54.52700100447002,76
5,0.3157894736842105,0,1,0.0,0.041666666666666664,,0.2587087530838816,80.72368421052632,0.32894736842105265,48.39737698906347,76
6,0.3026315789473684,2,1,0.03773584905660377,0.043478260869565216,-0.0368421052631579,0.24516055458470395,82.73684210526316,0.21052631578947367,37.21705399061504,76
7,0.3157894736842105,1,2,0.019230769230769232,0.08333333333333333,-0.06315789473684211,0.20249216180098684,83.40789473684211,0.19736842105263158,36.66782444401791,76
8,0.3026315789473684,0,1,0.0,0.043478260869565216,,0.17214805201480263,82.22368421052632,0.11842105263157894,29.381219292941847,76
9,0.2894736842105263,2,0,0.037037037037037035,0.0,,0.17134174547697367,80.57894736842105,0.09210526315789473,27.79751512251402,76
