step,q_t,n_repairs,n_corruptions,repair_rate,corruption_rate,hazard_mu,entropy_mean,confidence_mean,answer_changed_rate,hidden_shift_mean,n_transitions
1,0.35333333333333333,19,66,0.0979381443298969,0.6226415094339622,-0.20666666666666667,0.2577001953125,98.73333333333333,0.0,0.0,300
2,0.19666666666666666,41,7,0.17012448132780084,0.11864406779661017,0.06333333333333335,0.34943196614583333,63.833333333333336,0.75,83.47647939682007,300
3,0.31,12,9,0.057971014492753624,0.0967741935483871,-0.04,0.329931640625,81.09333333333333,0.5866666666666667,70.85904053370157,300
4,0.32,9,4,0.04411764705882353,0.041666666666666664,-0.03333333333333334,0.28709228515625,86.08,0.36333333333333334,52.801412696838376,300
5,0.33666666666666667,2,5,0.010050251256281407,0.04950495049504951,-0.06,0.24341227213541666,83.28,0.25333333333333335,42.02453844388326,300
6,0.32666666666666666,6,2,0.0297029702970297,0.02040816326530612,-0.03666666666666667,0.219970703125,83.46,0.18,34.9637922890981,300
7,0.34,5,3,0.025252525252525252,0.029411764705882353,-0.04333333333333334,0.19227742513020835,82.33,0.15666666666666668,32.69497367699941,300
8,0.3466666666666667,2,3,0.01020408163265306,0.028846153846153848,-0.05333333333333334,0.16855855305989584,81.34666666666666,0.12333333333333334,28.208942591349285,300
9,0.3433333333333333,2,0,0.01015228426395939,0.0,,0.16369588216145833,81.43,0.08333333333333333,24.415362658500673,300
