step,q_t,n_repairs,n_corruptions,repair_rate,corruption_rate,hazard_mu,entropy_mean,confidence_mean,answer_changed_rate,hidden_shift_mean,n_transitions
1,0.3484042553191489,22,78,0.08979591836734693,0.5954198473282443,-0.19893617021276594,0.2583579205452128,98.69680851063829,0.0,0.0,376
2,0.19946808510638298,48,11,0.15946843853820597,0.14666666666666667,0.04840425531914892,0.35683879446476063,64.88031914893617,0.7207446808510638,83.60161939073116,376
3,0.2978723404255319,17,11,0.06439393939393939,0.09821428571428571,-0.034042553191489355,0.3395035114694149,80.44680851063829,0.5771276595744681,70.82118898756961,376
4,0.31382978723404253,12,7,0.046511627906976744,0.059322033898305086,-0.03670212765957447,0.2963302287649601,85.22340425531915,0.3696808510638298,53.70606949988832,376
5,0.3271276595744681,4,5,0.015810276679841896,0.04065040650406504,-0.05265957446808511,0.2530783795295878,83.24202127659575,0.26063829787234044,43.684384815236356,376
6,0.324468085106383,9,3,0.03543307086614173,0.02459016393442623,-0.03404255319148937,0.22774164727393617,83.34574468085107,0.17287234042553193,36.8288894409829,376
7,0.3404255319148936,6,7,0.024193548387096774,0.0546875,-0.05265957446808511,0.20254127015458775,82.16489361702128,0.15159574468085107,34.52321166687823,376
8,0.3377659574468085,5,3,0.020080321285140562,0.023622047244094488,-0.04468085106382979,0.1770027647627161,82.51063829787235,0.1276595744680851,29.78273404405472,376
9,0.34308510638297873,3,1,0.012145748987854251,0.007751937984496124,-0.04468085106382979,0.16904985143783244,81.52659574468085,0.08776595744680851,25.990745278114968,376
