step,q_t,n_repairs,n_corruptions,repair_rate,corruption_rate,hazard_mu,entropy_mean,confidence_mean,answer_changed_rate,hidden_shift_mean,n_transitions
1,0.3375,24,80,0.09056603773584905,0.5925925925925926,-0.19,0.25822509765625,98.775,0.0,0.0,400
2,0.1975,52,11,0.16199376947040497,0.13924050632911392,0.052500000000000005,0.355889892578125,64.2375,0.73,83.72931934833527,400
3,0.3,19,13,0.06785714285714285,0.10833333333333334,-0.03500000000000001,0.34125244140625,80.87,0.59,71.4999631690979,400
4,0.315,14,8,0.051094890510948905,0.06349206349206349,-0.035,0.299910888671875,84.86,0.37,54.20589349746704,400
5,0.33,4,7,0.014925373134328358,0.05303030303030303,-0.05750000000000001,0.2553375244140625,83.36,0.2625,44.12379879713058,400
6,0.3225,9,4,0.033210332103321034,0.031007751937984496,-0.037500000000000006,0.2321051025390625,83.07,0.18,37.474291956424715,400
7,0.335,6,7,0.022556390977443608,0.05223880597014925,-0.052500000000000005,0.20480712890625,82.585,0.1575,34.700156412124635,400
8,0.3325,5,3,0.018726591760299626,0.022556390977443608,-0.045,0.17711013793945313,82.8975,0.1325,30.02008032798767,400
9,0.3375,3,1,0.011320754716981131,0.007407407407407408,-0.045000000000000005,0.1693841552734375,81.96,0.0875,26.469556745290756,400
