step,q_t,n_repairs,n_corruptions,repair_rate,corruption_rate,hazard_mu,entropy_mean,confidence_mean,answer_changed_rate,hidden_shift_mean,n_transitions
1,0.33849557522123896,26,90,0.08695652173913043,0.5882352941176471,-0.19159292035398234,0.25763965707964603,98.66150442477876,0.0,0.0,452
2,0.19690265486725664,61,12,0.16804407713498623,0.1348314606741573,0.058407079646017684,0.35651336939988937,63.993362831858406,0.7278761061946902,83.79485062793293,452
3,0.3053097345132743,22,15,0.07006369426751592,0.10869565217391304,-0.03451327433628318,0.34287066164269914,80.61504424778761,0.5862831858407079,71.30814078845809,452
4,0.32079646017699115,16,9,0.05211726384364821,0.06206896551724138,-0.03451327433628319,0.3027084485619469,84.48893805309734,0.3805309734513274,54.74908189013996,452
5,0.336283185840708,5,8,0.016666666666666666,0.05263157894736842,-0.056637168141592927,0.258641605883573,83.39380530973452,0.26327433628318586,44.51281834703631,452
6,0.32964601769911506,11,4,0.036303630363036306,0.026845637583892617,-0.03451327433628319,0.23366688416067477,83.66814159292035,0.18141592920353983,38.47550166813673,452
7,0.34513274336283184,6,7,0.02027027027027027,0.04487179487179487,-0.05221238938053097,0.2066985273783186,82.91814159292035,0.168141592920354,35.43431930309903,452
8,0.34292035398230086,5,5,0.016835016835016835,0.03225806451612903,-0.05,0.1816044360135509,83.1924778761062,0.12831858407079647,31.14579340736423,452
9,0.34292035398230086,4,1,0.013468013468013467,0.0064516129032258064,-0.043362831858407086,0.17136700385439713,82.59513274336283,0.09292035398230089,27.36842369927769,452
