step,q_t,n_repairs,n_corruptions,repair_rate,corruption_rate,hazard_mu,entropy_mean,confidence_mean,answer_changed_rate,hidden_shift_mean,n_transitions
1,0.3142361111111111,37,106,0.09367088607594937,0.585635359116022,-0.16979166666666667,0.26120758056640625,98.72395833333333,0.0,0.0,576
2,0.19444444444444445,79,19,0.17025862068965517,0.16964285714285715,0.05416666666666668,0.35646141899956596,63.70659722222222,0.7395833333333334,83.829603864087,576
3,0.2986111111111111,27,17,0.06683168316831684,0.09883720930232558,-0.03263888888888889,0.34897443983289933,81.48958333333333,0.5954861111111112,71.81888788938522,576
4,0.3159722222222222,20,13,0.050761421319796954,0.07142857142857142,-0.03784722222222222,0.3058863745795356,83.85243055555556,0.390625,55.056900031036804,576
5,0.328125,7,11,0.01808785529715762,0.0582010582010582,-0.05694444444444445,0.26295895046657985,83.52256944444444,0.2690972222222222,45.562332563930084,576
6,0.3211805555555556,15,7,0.03836317135549872,0.03783783783783784,-0.036111111111111115,0.2390507592095269,82.40451388888889,0.2065972222222222,39.58831485609213,576
7,0.3350694444444444,7,7,0.018276762402088774,0.03626943005181347,-0.05,0.2116792466905382,83.38368055555556,0.1857638888888889,36.83228422784143,576
8,0.3350694444444444,6,6,0.015665796344647518,0.031088082901554404,-0.05,0.18441030714246961,83.78993055555556,0.13368055555555555,32.83856325927708,576
9,0.3350694444444444,5,3,0.013054830287206266,0.015544041450777202,-0.04652777777777778,0.17335001627604166,82.91145833333333,0.10416666666666667,28.784676987263893,576
