step,q_t,n_repairs,n_corruptions,repair_rate,corruption_rate,hazard_mu,entropy_mean,confidence_mean,answer_changed_rate,hidden_shift_mean,n_transitions
1,0.3684210526315789,7,33,0.07291666666666667,0.5892857142857143,-0.22105263157894733,0.25473825555098684,98.8157894736842,0.0,0.0,152
2,0.19736842105263158,24,4,0.19672131147540983,0.13333333333333333,0.08157894736842104,0.35562936883223684,64.80263157894737,0.743421052631579,84.95071178988407,152
3,0.32894736842105265,7,5,0.06862745098039216,0.1,-0.0368421052631579,0.32134688527960525,79.76973684210526,0.5723684210526315,70.3481861039212,152
4,0.34210526315789475,5,3,0.05,0.057692307692307696,-0.0368421052631579,0.2834601151315789,86.07894736842105,0.3618421052631579,54.58390905355152,152
5,0.35526315789473684,1,2,0.01020408163265306,0.037037037037037035,-0.056578947368421055,0.239776611328125,82.07236842105263,0.2565789473684211,43.46392488793323,152
6,0.34868421052631576,3,2,0.030303030303030304,0.03773584905660377,-0.043421052631578944,0.22230047928659538,84.19736842105263,0.17763157894736842,34.688736269348546,152
7,0.35526315789473684,3,3,0.030612244897959183,0.05555555555555555,-0.05,0.19238923725328946,82.6907894736842,0.19736842105263158,33.27447833512959,152
8,0.35526315789473684,1,2,0.01020408163265306,0.037037037037037035,-0.056578947368421055,0.16976567318564967,81.83552631578948,0.1513157894736842,28.46509258056942,152
9,0.34868421052631576,2,0,0.020202020202020204,0.0,,0.16536110325863487,81.14473684210526,0.1118421052631579,26.16887191408559,152
