step,q_t,n_repairs,n_corruptions,repair_rate,corruption_rate,hazard_mu,entropy_mean,confidence_mean,answer_changed_rate,hidden_shift_mean,n_transitions
1,0.32007575757575757,32,101,0.08913649025069638,0.5976331360946746,-0.18068181818181822,0.25974250562263257,98.76893939393939,0.0,0.0,528
2,0.1893939393939394,71,16,0.1658878504672897,0.16,0.054166666666666655,0.3568808815696023,63.645833333333336,0.740530303030303,83.66406908902255,528
3,0.2935606060606061,24,17,0.064343163538874,0.10967741935483871,-0.03674242424242424,0.34874563506155304,81.29356060606061,0.5946969696969697,71.56653039383166,528
4,0.3068181818181818,20,11,0.0546448087431694,0.06790123456790123,-0.03295454545454546,0.30528028083570075,83.66287878787878,0.39204545454545453,55.168125958153695,528
5,0.32386363636363635,6,9,0.01680672268907563,0.05263157894736842,-0.05568181818181818,0.2612813313802083,83.6534090909091,0.26515151515151514,45.162873988801785,528
6,0.3181818181818182,13,6,0.03611111111111111,0.03571428571428571,-0.03674242424242424,0.23626038522431345,82.93560606060606,0.19696969696969696,39.06673840139852,528
7,0.3314393939393939,7,7,0.019830028328611898,0.04,-0.05,0.20882346413352273,82.84848484848484,0.17613636363636365,36.09539040200638,528
8,0.3314393939393939,5,5,0.014164305949008499,0.02857142857142857,-0.05,0.1844050089518229,83.56628787878788,0.13825757575757575,32.17496583136645,528
9,0.3314393939393939,4,2,0.0113314447592068,0.011428571428571429,-0.04621212121212121,0.17296785296815814,82.68560606060606,0.09659090909090909,28.11500049901731,528
