step,q_t,n_repairs,n_corruptions,repair_rate,corruption_rate,hazard_mu,entropy_mean,confidence_mean,answer_changed_rate,hidden_shift_mean,n_transitions
1,0.30368098159509205,44,115,0.09691629955947137,0.5808080808080808,-0.15889570552147242,0.2650004193826687,98.48159509202453,0.0,0.0,652
2,0.19478527607361965,84,23,0.16,0.18110236220472442,0.043558282208588955,0.3590117846529908,64.43865030674847,0.7392638036809815,83.56050317565357,652
3,0.2883435582822086,32,21,0.06896551724137931,0.11170212765957446,-0.033128834355828224,0.35340329035659507,81.38957055214723,0.5858895705521472,71.65597523648314,652
4,0.3052147239263804,26,16,0.05739514348785872,0.08040201005025126,-0.03466257668711657,0.31275031903038725,83.54907975460122,0.39723926380368096,55.40403207533198,652
5,0.3205521472392638,10,13,0.022573363431151242,0.06220095693779904,-0.054601226993865035,0.2738868385736196,83.21165644171779,0.2822085889570552,46.56893336992322,652
6,0.3159509202453988,15,9,0.033632286995515695,0.043689320388349516,-0.04079754601226994,0.24840578418567869,82.96779141104294,0.21012269938650308,40.60735194522179,652
7,0.32515337423312884,8,7,0.01818181818181818,0.0330188679245283,-0.04846625766871166,0.22067691358320551,83.3036809815951,0.18404907975460122,37.76113490019839,652
8,0.3266871165644172,7,7,0.015945330296127564,0.03286384976525822,-0.05,0.194114263803681,83.96932515337423,0.13803680981595093,34.02852212139434,652
9,0.3266871165644172,6,4,0.01366742596810934,0.018779342723004695,-0.04693251533742331,0.18349264882093558,83.00920245398773,0.10889570552147239,29.992784378718746,652
