step,q_t,n_repairs,n_corruptions,repair_rate,corruption_rate,hazard_mu,entropy_mean,confidence_mean,answer_changed_rate,hidden_shift_mean,n_transitions
1,0.3508771929824561,12,46,0.08108108108108109,0.575,-0.1991228070175438,0.2546836451480263,99.07894736842105,0.0,0.0,228
2,0.20175438596491227,31,5,0.17032967032967034,0.10869565217391304,0.06403508771929825,0.3520250822368421,64.62719298245614,0.7368421052631579,83.93940151783458,228
3,0.3157894736842105,8,8,0.05128205128205128,0.1111111111111111,-0.05,0.32790227521929827,79.89035087719299,0.5657894736842105,70.4492424078155,228
4,0.3157894736842105,8,3,0.05128205128205128,0.041666666666666664,-0.028070175438596495,0.28469688013980265,85.5219298245614,0.37719298245614036,53.606209206999395,228
5,0.33771929824561403,2,4,0.013245033112582781,0.05194805194805195,-0.058771929824561406,0.2414893434758772,84.14473684210526,0.2543859649122807,42.26675966957159,228
6,0.32894736842105265,4,2,0.026143790849673203,0.02666666666666667,-0.0412280701754386,0.21911942331414475,83.82894736842105,0.17543859649122806,35.065299902045936,228
7,0.33771929824561403,3,3,0.019867549668874173,0.03896103896103896,-0.05,0.19284967790570176,83.19736842105263,0.15350877192982457,32.95504137925934,228
8,0.33771929824561403,2,2,0.013245033112582781,0.025974025974025976,-0.05,0.16637835586280153,81.66228070175438,0.13157894736842105,28.68567731296807,228
9,0.33771929824561403,2,0,0.013245033112582781,0.0,,0.15983822471217105,82.4298245614035,0.09210526315789473,24.88430204307824,228
