step,q_t,n_repairs,n_corruptions,repair_rate,corruption_rate,hazard_mu,entropy_mean,confidence_mean,answer_changed_rate,hidden_shift_mean,n_transitions
1,0.3090659340659341,46,131,0.09145129224652088,0.5822222222222222,-0.16675824175824178,0.26579737401270603,98.4065934065934,0.0,0.0,728
2,0.19230769230769232,94,28,0.1598639455782313,0.2,0.04065934065934067,0.3614226959563874,64.20192307692308,0.739010989010989,83.66237263627104,728
3,0.28296703296703296,37,22,0.07088122605363985,0.10679611650485436,-0.029395604395604395,0.35975864955357145,80.86675824175825,0.5865384615384616,72.19673828502278,728
4,0.30357142857142855,27,20,0.05325443786982249,0.09049773755656108,-0.04038461538461538,0.32088545914534683,83.55631868131869,0.3956043956043956,56.11207508516836,728
5,0.3131868131868132,14,14,0.028,0.06140350877192982,-0.05,0.28494799268114696,83.56318681318682,0.28708791208791207,47.7394499542949,728
6,0.3131868131868132,17,9,0.034,0.039473684210526314,-0.03901098901098901,0.25831067431104054,83.53296703296704,0.22527472527472528,42.31230200646998,728
7,0.3241758241758242,8,8,0.016260162601626018,0.03389830508474576,-0.05,0.22991440322372939,83.97252747252747,0.19642857142857142,39.13143001611416,728
8,0.3241758241758242,7,9,0.014227642276422764,0.038135593220338986,-0.052747252747252754,0.20570591517857142,84.48901098901099,0.13873626373626374,35.61520849544923,728
9,0.32142857142857145,8,4,0.016194331983805668,0.017094017094017096,-0.04450549450549451,0.193861573607057,83.86950549450549,0.11263736263736264,31.484975476186353,728
