step,q_t,n_repairs,n_corruptions,repair_rate,corruption_rate,hazard_mu,entropy_mean,confidence_mean,answer_changed_rate,hidden_shift_mean,n_transitions
1,0.3022222222222222,58,160,0.09235668789808917,0.5882352941176471,-0.16333333333333333,0.27057020399305554,98.1211111111111,0.0,0.0,900
2,0.18888888888888888,112,39,0.15342465753424658,0.22941176470588234,0.03111111111111113,0.3614990234375,64.49888888888889,0.74,83.32030616336398,900
3,0.27,48,31,0.0730593607305936,0.12757201646090535,-0.031111111111111117,0.3642160373263889,81.11222222222223,0.6022222222222222,72.85127118428548,900
4,0.28888888888888886,39,26,0.0609375,0.1,-0.035555555555555556,0.3312432183159722,82.78777777777778,0.4077777777777778,57.22911944283379,900
5,0.30333333333333334,18,16,0.028708133971291867,0.05860805860805861,-0.04777777777777778,0.2994582790798611,83.48666666666666,0.30333333333333334,49.62845494588216,900
6,0.3055555555555556,19,12,0.0304,0.04363636363636364,-0.04222222222222223,0.2735087076822917,84.19111111111111,0.23333333333333334,44.39216084586249,900
7,0.31333333333333335,11,10,0.01779935275080906,0.03546099290780142,-0.04888888888888889,0.24382948133680554,84.35222222222222,0.2011111111111111,40.80258822335137,900
8,0.31444444444444447,10,12,0.01620745542949757,0.04240282685512368,-0.052222222222222225,0.22104505750868056,84.54222222222222,0.15333333333333332,37.70914108488295,900
9,0.31222222222222223,11,5,0.017770597738287562,0.017793594306049824,-0.043333333333333335,0.20766086154513888,83.96333333333334,0.1288888888888889,33.97475098662906,900
