step,q_t,n_repairs,n_corruptions,repair_rate,corruption_rate,hazard_mu,entropy_mean,confidence_mean,answer_changed_rate,hidden_shift_mean,n_transitions
1,0.28846153846153844,1,8,0.02702702702702703,0.5333333333333333,-0.18461538461538457,0.2790715144230769,99.23076923076923,0.0,0.0,52
2,0.15384615384615385,7,2,0.1590909090909091,0.25,0.04615384615384614,0.3539006159855769,70.96153846153847,0.6538461538461539,83.70737633338341,52
3,0.25,2,2,0.05128205128205128,0.15384615384615385,-0.05,0.3117018479567308,81.25,0.5576923076923077,66.04685548635629,52
4,0.25,3,2,0.07692307692307693,0.15384615384615385,-0.03076923076923077,0.3025043194110577,82.28846153846153,0.28846153846153844,52.45186273868267,52
5,0.2692307692307692,0,1,0.0,0.07142857142857142,,0.2556293194110577,79.61538461538461,0.34615384615384615,48.17498386823214,52
6,0.25,1,0,0.02564102564102564,0.0,,0.24315936748798078,81.53846153846153,0.21153846153846154,37.38750196420229,52
7,0.2692307692307692,0,1,0.0,0.07142857142857142,,0.21569354717548078,82.6923076923077,0.15384615384615385,37.249043583869934,52
8,0.25,0,0,0.0,0.0,,0.18354679987980768,81.73076923076923,0.09615384615384616,31.12764397034278,52
9,0.25,1,0,0.02564102564102564,0.0,,0.17781419020432693,79.32692307692308,0.038461538461538464,29.64189001230093,52
