step,q_t,n_repairs,n_corruptions,repair_rate,corruption_rate,hazard_mu,entropy_mean,confidence_mean,answer_changed_rate,hidden_shift_mean,n_transitions
1,0.359375,6,25,0.07317073170731707,0.5434782608695652,-0.1984375,0.256744384765625,98.984375,0.0,0.0,128
2,0.2109375,21,4,0.2079207920792079,0.14814814814814814,0.0828125,0.3584556579589844,65.78125,0.71875,85.20602026581764,128
3,0.34375,4,4,0.047619047619047616,0.09090909090909091,-0.05,0.32245635986328125,81.0546875,0.5703125,70.3997032046318,128
4,0.34375,5,2,0.05952380952380952,0.045454545454545456,-0.026562500000000003,0.28606224060058594,85.5,0.359375,53.77068737894297,128
5,0.3671875,0,2,0.0,0.0425531914893617,,0.24655914306640625,81.4453125,0.28125,44.65211707726121,128
6,0.3515625,3,2,0.03614457831325301,0.044444444444444446,-0.0421875,0.23112964630126953,84.359375,0.1796875,35.06390515714884,128
7,0.359375,2,2,0.024390243902439025,0.043478260869565216,-0.05,0.20134544372558594,82.9609375,0.203125,34.877391289919615,128
8,0.359375,1,2,0.012195121951219513,0.043478260869565216,-0.0578125,0.17354488372802734,81.9453125,0.1484375,29.294393602758646,128
9,0.3515625,2,0,0.024096385542168676,0.0,,0.1668386459350586,80.8125,0.125,26.342268250882626,128
