step,q_t,n_repairs,n_corruptions,repair_rate,corruption_rate,hazard_mu,entropy_mean,confidence_mean,answer_changed_rate,hidden_shift_mean,n_transitions
1,0.30434782608695654,52,146,0.09027777777777778,0.5793650793650794,-0.16352657004830923,0.2684544365187198,98.23671497584542,0.0,0.0,828
2,0.19082125603864733,106,35,0.1582089552238806,0.22151898734177214,0.03574879227053142,0.3617002330540459,64.26811594202898,0.7367149758454107,83.49236466228098,828
3,0.27657004830917875,42,28,0.07011686143572621,0.1222707423580786,-0.03309178743961353,0.36417761171497587,81.22101449275362,0.5954106280193237,72.785035893537,828
4,0.29347826086956524,35,20,0.05982905982905983,0.0823045267489712,-0.0318840579710145,0.327865821727808,83.30797101449275,0.39855072463768115,56.86683238762012,828
5,0.3115942028985507,14,15,0.02456140350877193,0.05813953488372093,-0.05120772946859904,0.29445718221618356,83.64613526570048,0.29106280193236717,48.91592547283081,828
6,0.3103864734299517,17,10,0.0297723292469352,0.038910505836575876,-0.04154589371980677,0.2678810893625453,83.96980676328502,0.22584541062801933,43.672740749690846,828
7,0.3188405797101449,10,10,0.01773049645390071,0.03787878787878788,-0.05,0.23928464438028382,84.5012077294686,0.1932367149758454,40.214758767597914,828
8,0.3188405797101449,8,10,0.014184397163120567,0.03787878787878788,-0.05241545893719807,0.21533571694784118,84.63526570048309,0.14855072463768115,36.876852947156785,828
9,0.3164251207729469,11,4,0.019434628975265017,0.015267175572519083,-0.04154589371980677,0.2023206333031401,83.8913043478261,0.11956521739130435,33.081239488389755,828
