step,q_t,n_repairs,n_corruptions,repair_rate,corruption_rate,hazard_mu,entropy_mean,confidence_mean,answer_changed_rate,hidden_shift_mean,n_transitions
1,0.3115942028985507,35,104,0.09210526315789473,0.6046511627906976,-0.175,0.26121896937273553,98.70471014492753,0.0,0.0,552
2,0.18659420289855072,75,16,0.16703786191536749,0.1553398058252427,0.05688405797101449,0.35634712550951086,63.39673913043478,0.7445652173913043,83.75091869243677,552
3,0.29347826086956524,24,17,0.06153846153846154,0.10493827160493827,-0.03731884057971015,0.3499101279438406,81.44565217391305,0.5960144927536232,71.86303771751514,552
4,0.3061594202898551,20,11,0.05221932114882506,0.0650887573964497,-0.03369565217391306,0.30715986611186596,83.73007246376811,0.3894927536231884,55.25013456828352,552
5,0.322463768115942,6,10,0.016042780748663103,0.056179775280898875,-0.0572463768115942,0.26222604945086053,83.73007246376811,0.26811594202898553,45.51100418533104,552
6,0.31521739130434784,14,7,0.037037037037037035,0.040229885057471264,-0.037318840579710154,0.2381310946699502,82.7445652173913,0.19746376811594202,39.36915668370067,552
7,0.3278985507246377,7,7,0.018867924528301886,0.03867403314917127,-0.05,0.21006045134171195,83.1322463768116,0.18115942028985507,36.4277185521264,552
8,0.3278985507246377,6,5,0.016172506738544475,0.027624309392265192,-0.04818840579710145,0.18443607938462409,83.55615942028986,0.13405797101449277,32.46984513859818,552
9,0.32971014492753625,4,3,0.010810810810810811,0.016483516483516484,-0.04818840579710145,0.1739249851392663,82.71195652173913,0.10326086956521739,28.49519477892613,552
