step,q_t,n_repairs,n_corruptions,repair_rate,corruption_rate,hazard_mu,entropy_mean,confidence_mean,answer_changed_rate,hidden_shift_mean,n_transitions
1,0.30428571428571427,46,125,0.0944558521560575,0.5868544600938967,-0.16285714285714287,0.26628138950892855,98.37857142857143,0.0,0.0,700
2,0.19142857142857142,90,26,0.15901060070671377,0.19402985074626866,0.04142857142857141,0.3605615234375,64.34857142857143,0.7385714285714285,83.53053417750768,700
3,0.28285714285714286,36,22,0.07171314741035857,0.1111111111111111,-0.030000000000000006,0.35732142857142857,80.78714285714285,0.5857142857142857,71.83550212860108,700
4,0.3028571428571429,27,19,0.055327868852459015,0.08962264150943396,-0.038571428571428576,0.3186329868861607,83.45571428571428,0.4,56.00281476702009,700
5,0.3142857142857143,14,14,0.029166666666666667,0.06363636363636363,-0.05,0.2829624720982143,83.32714285714286,0.2842857142857143,47.46534429550171,700
6,0.3142857142857143,16,9,0.03333333333333333,0.04090909090909091,-0.04,0.2566142926897321,83.2,0.22142857142857142,41.92217162949699,700
7,0.3242857142857143,8,8,0.016913319238900635,0.03524229074889868,-0.05,0.22788016183035714,83.71285714285715,0.19285714285714287,38.83902611936842,700
8,0.3242857142857143,7,9,0.014799154334038054,0.039647577092511016,-0.05285714285714286,0.20343017578125,84.38285714285715,0.14,35.28446948119572,700
9,0.32142857142857145,8,4,0.016842105263157894,0.017777777777777778,-0.04428571428571429,0.19199968610491072,83.46714285714286,0.11142857142857143,31.193534287725175,700
