step,q_t,n_repairs,n_corruptions,repair_rate,corruption_rate,hazard_mu,entropy_mean,confidence_mean,answer_changed_rate,hidden_shift_mean,n_transitions
1,0.358695652173913,17,60,0.096045197740113,0.6060606060606061,-0.20579710144927538,0.2567244819972826,98.94927536231884,0.0,0.0,276
2,0.2028985507246377,37,7,0.16818181818181818,0.125,0.058695652173913024,0.3508919978487319,64.1304347826087,0.75,83.52033516289531,276
3,0.3115942028985507,12,8,0.06315789473684211,0.09302325581395349,-0.0355072463768116,0.3285566689311594,80.89855072463769,0.5833333333333334,70.83255009720291,276
4,0.32608695652173914,8,4,0.043010752688172046,0.044444444444444446,-0.035507246376811595,0.2844406349071558,86.06521739130434,0.3804347826086957,53.085978203925535,276
5,0.34057971014492755,2,4,0.01098901098901099,0.0425531914893617,-0.0572463768115942,0.24091814566349637,84.07246376811594,0.2572463768115942,42.264210184415184,276
6,0.3333333333333333,5,2,0.02717391304347826,0.021739130434782608,-0.0391304347826087,0.2161192963088768,84.06884057971014,0.17753623188405798,35.03965517403423,276
7,0.3442028985507246,5,3,0.027624309392265192,0.031578947368421054,-0.042753623188405795,0.188323974609375,83.34782608695652,0.15579710144927536,32.69833241856617,276
8,0.35144927536231885,2,3,0.0111731843575419,0.030927835051546393,-0.053623188405797106,0.16366864632869113,81.91666666666667,0.13043478260869565,28.217950587687284,276
9,0.34782608695652173,2,0,0.011111111111111112,0.0,,0.1586113528928895,82.18840579710145,0.09057971014492754,24.311388867488805,276
