step,q_t,n_repairs,n_corruptions,repair_rate,corruption_rate,hazard_mu,entropy_mean,confidence_mean,answer_changed_rate,hidden_shift_mean,n_transitions
1,0.36,4,23,0.0625,0.6388888888888888,-0.24,0.263994140625,99.0,0.0,0.0,100
2,0.17,19,4,0.2289156626506024,0.23529411764705882,0.09999999999999996,0.3679541015625,63.7,0.74,86.64202415466309,100
3,0.32,4,4,0.058823529411764705,0.125,-0.05000000000000001,0.3314404296875,80.25,0.59,72.32160823822022,100
4,0.32,5,2,0.07352941176470588,0.0625,-0.020000000000000007,0.29857421875,84.94,0.35,55.57361462593079,100
5,0.35,0,2,0.0,0.05714285714285714,,0.2613330078125,81.35,0.3,46.608783659935,100
6,0.33,3,1,0.04477611940298507,0.030303030303030304,-0.030000000000000006,0.248721923828125,83.58,0.2,36.54421980381012,100
7,0.35,2,2,0.03076923076923077,0.05714285714285714,-0.05,0.20772705078125,83.99,0.2,35.970548634529116,100
8,0.35,0,2,0.0,0.05714285714285714,,0.176912841796875,82.99,0.13,29.496485681533812,100
9,0.33,2,0,0.029850746268656716,0.0,,0.170079345703125,80.64,0.1,27.07799771308899,100
