step,q_t,n_repairs,n_corruptions,repair_rate,corruption_rate,hazard_mu,entropy_mean,confidence_mean,answer_changed_rate,hidden_shift_mean,n_transitions
1,0.36363636363636365,10,38,0.08928571428571429,0.59375,-0.2090909090909091,0.2515785910866477,98.92045454545455,0.0,0.0,176
2,0.20454545454545456,27,5,0.19285714285714287,0.1388888888888889,0.075,0.354736328125,64.7159090909091,0.7386363636363636,84.62384307384491,176
3,0.32954545454545453,7,6,0.059322033898305086,0.10344827586206896,-0.04431818181818182,0.3245627663352273,79.11931818181819,0.5568181818181818,70.58226757699794,176
4,0.3352272727272727,8,3,0.06837606837606838,0.05084745762711865,-0.021590909090909084,0.2820004549893466,86.7840909090909,0.3522727272727273,54.02156153050336,176
5,0.36363636363636365,2,4,0.017857142857142856,0.0625,-0.06136363636363637,0.23790949041193182,82.64204545454545,0.26136363636363635,42.67045073346658,176
6,0.3522727272727273,4,2,0.03508771929824561,0.03225806451612903,-0.03863636363636364,0.2176784168590199,84.02272727272727,0.17613636363636365,34.23672234199264,176
7,0.36363636363636365,3,3,0.026785714285714284,0.046875,-0.05,0.1913722645152699,83.17613636363636,0.18181818181818182,32.51046953147108,176
8,0.36363636363636365,1,2,0.008928571428571428,0.03125,-0.055681818181818186,0.1677520058371804,82.03977272727273,0.13068181818181818,28.77583994377743,176
9,0.35795454545454547,2,0,0.017699115044247787,0.0,,0.1587947498668324,81.95454545454545,0.09659090909090909,25.486720461737026,176
