step,q_t,n_repairs,n_corruptions,repair_rate,corruption_rate,hazard_mu,entropy_mean,confidence_mean,answer_changed_rate,hidden_shift_mean,n_transitions
1,0.36,11,43,0.0859375,0.5972222222222222,-0.21000000000000002,0.25481689453125,99.0,0.0,0.0,200
2,0.2,28,5,0.175,0.125,0.06499999999999999,0.3530419921875,65.175,0.73,83.9570575428009,200
3,0.315,7,6,0.051094890510948905,0.09523809523809523,-0.045,0.328046875,79.125,0.55,70.51184448242188,200
4,0.32,8,3,0.058823529411764705,0.046875,-0.02500000000000001,0.281417236328125,86.345,0.36,53.42645638942719,200
5,0.345,2,4,0.015267175572519083,0.057971014492753624,-0.060000000000000005,0.23683349609375,83.2,0.25,42.233446843624115,200
6,0.335,4,2,0.03007518796992481,0.029850746268656716,-0.04,0.214842529296875,84.14,0.17,34.41404069423675,200
7,0.345,3,3,0.022900763358778626,0.043478260869565216,-0.05,0.1886376953125,83.67,0.165,32.77470470666886,200
8,0.345,1,2,0.007633587786259542,0.028985507246376812,-0.055,0.16500213623046875,81.92,0.13,28.376076304912566,200
9,0.34,2,0,0.015151515151515152,0.0,,0.1558026123046875,82.345,0.09,24.61694359064102,200
