step,q_t,n_repairs,n_corruptions,repair_rate,corruption_rate,hazard_mu,entropy_mean,confidence_mean,answer_changed_rate,hidden_shift_mean,n_transitions
1,0.3403361344537815,29,96,0.09235668789808917,0.5925925925925926,-0.1907563025210084,0.2573108833377101,98.72899159663865,0.0,0.0,476
2,0.19957983193277312,63,14,0.16535433070866143,0.14736842105263157,0.052941176470588255,0.35653866038602944,63.918067226890756,0.7289915966386554,83.65313858545127,476
3,0.3025210084033613,23,16,0.06927710843373494,0.1111111111111111,-0.03529411764705883,0.3451163668592437,80.75210084033614,0.5840336134453782,71.22871518335423,476
4,0.3172268907563025,17,10,0.052307692307692305,0.06622516556291391,-0.03529411764705883,0.30427717962184875,84.53571428571429,0.38865546218487396,54.809196912941815,476
5,0.3319327731092437,6,8,0.018867924528301886,0.05063291139240506,-0.05420168067226891,0.2588439428505777,83.8109243697479,0.26260504201680673,44.68902194199442,476
6,0.3277310924369748,11,5,0.034375,0.03205128205128205,-0.037394957983193276,0.23356923335740545,83.65126050420169,0.1869747899159664,38.677909177892346,476
7,0.3403361344537815,6,7,0.01910828025477707,0.043209876543209874,-0.052100840336134456,0.20705176601890757,82.83403361344538,0.17016806722689076,35.78754261261275,476
8,0.3382352941176471,5,5,0.015873015873015872,0.031055900621118012,-0.05,0.18168114413734243,83.72478991596638,0.13655462184873948,31.723012042646648,476
9,0.3382352941176471,4,1,0.012698412698412698,0.006211180124223602,-0.04369747899159664,0.16974466788668593,82.7373949579832,0.09243697478991597,27.604481750175733,476
