step,q_t,n_repairs,n_corruptions,repair_rate,corruption_rate,hazard_mu,entropy_mean,confidence_mean,answer_changed_rate,hidden_shift_mean,n_transitions
1,0.3079896907216495,49,138,0.09124767225325885,0.5774058577405857,-0.16469072164948456,0.266284431378866,98.33762886597938,0.0,0.0,776
2,0.19329896907216496,102,31,0.16293929712460065,0.20666666666666667,0.04149484536082475,0.3610116231072809,64.45103092783505,0.7384020618556701,83.77064276724747,776
3,0.2847938144329897,41,25,0.07387387387387387,0.11312217194570136,-0.029381443298969072,0.3607618194265464,81.10309278350516,0.5927835051546392,72.4946663158456,776
4,0.30541237113402064,30,20,0.055658627087198514,0.08438818565400844,-0.03711340206185568,0.32324753594152705,83.6520618556701,0.3956185567010309,56.44553478476927,776
5,0.31829896907216493,14,14,0.026465028355387523,0.05668016194331984,-0.05,0.28906187077158507,83.80670103092784,0.2847938144329897,48.31909238186079,776
6,0.31829896907216493,17,9,0.03213610586011342,0.03643724696356275,-0.039690721649484534,0.2629094074681862,83.57860824742268,0.22293814432989692,42.920655454556965,776
7,0.3286082474226804,8,9,0.015355086372360844,0.03529411764705882,-0.05128865979381444,0.23526236937218106,84.3131443298969,0.19072164948453607,39.748960478404136,776
8,0.327319587628866,7,9,0.013409961685823755,0.03543307086614173,-0.05257731958762887,0.21148791755597615,84.66881443298969,0.13917525773195877,36.28455365011372,776
9,0.3247422680412371,10,4,0.019083969465648856,0.015873015873015872,-0.042268041237113405,0.19772197290794136,83.8298969072165,0.11082474226804123,32.343111893565386,776
