step,q_t,n_repairs,n_corruptions,repair_rate,corruption_rate,hazard_mu,entropy_mean,confidence_mean,answer_changed_rate,hidden_shift_mean,n_transitions
1,0.3075,51,142,0.09205776173285199,0.5772357723577236,-0.16375,0.267230224609375,98.36875,0.0,0.0,800
2,0.19375,105,33,0.16279069767441862,0.2129032258064516,0.039999999999999994,0.3608551025390625,64.5175,0.73625,83.59548022270202,800
3,0.28375,42,27,0.07329842931937172,0.11894273127753303,-0.03125,0.362115478515625,81.11375,0.59,72.6431055021286,800
4,0.3025,32,20,0.05734767025089606,0.08264462809917356,-0.035,0.32506256103515624,83.34875,0.39625,56.67120428562164,800
5,0.3175,14,14,0.02564102564102564,0.05511811023622047,-0.05,0.291151123046875,83.64875,0.28875,48.520470504760745,800
6,0.3175,17,10,0.031135531135531136,0.03937007874015748,-0.04125,0.2652427673339844,83.74,0.225,43.20952743291855,800
7,0.32625,8,10,0.014842300556586271,0.038314176245210725,-0.0525,0.23697906494140625,84.2025,0.19,39.92508174955845,800
8,0.32375,8,9,0.014787430683918669,0.03474903474903475,-0.051250000000000004,0.21345596313476561,84.79125,0.14375,36.594766885638236,800
9,0.3225,10,4,0.01845018450184502,0.015503875968992248,-0.0425,0.19958740234375,83.85875,0.1125,32.62521948337555,800
