scenario,mean_optimal_stop,mean_true_boundary,mean_safe_stop,mean_eb_stop,mean_naive_stop,mean_cusum_stop,mean_entropy_stop,mean_prm_peak_stop,mean_safe_optimality_gap,mean_eb_optimality_gap,mean_naive_optimality_gap,mean_cusum_optimality_gap,mean_entropy_optimality_gap,mean_prm_peak_optimality_gap,safe_false_early_rate,eb_false_early_rate,naive_false_early_rate,cusum_false_early_rate,entropy_false_early_rate,prm_postboundary_rate
helpful_reasoning,16.985,16.585,38.6925,34.6625,29.6175,48.6825,42.7075,17.4475,0.15779523425768333,0.10569087416938829,0.060371897242339975,0.35384826230922783,0.22932561737444054,0.014715952285036742,0.0,0.0,0.0,0.0,0.0,0.48
overthinking,12.95,13.075,18.6425,17.64,16.425,22.1925,27.61,13.2475,0.044822534223339795,0.03150917744638896,0.019648922583374327,0.12036298791677363,0.31193606045889055,0.013442155675622281,0.0,0.0,0.0,0.0,0.0,0.45
reward_hacking,12.1225,12.11,16.985,16.2775,15.0975,20.4075,23.685,19.81,0.04078130211708772,0.03152353643170565,0.019825142656530636,0.11404552962351568,0.2287151543615404,0.1529359618611838,0.0,0.0,0.0,0.0,0.0,0.51
