phase,temperature,seed,step,requested_batch_size,realized_batch_size,prompt_tokens,generated_tokens,wall_clock_seconds,examples_per_second,tokens_per_second,tokenize_seconds,generation_seconds,forward_seconds,postprocess_seconds,hidden_state_write_seconds,gpu_memory_allocated_gb,gpu_memory_reserved_gb,gpu_max_memory_allocated_gb,gpu_max_memory_reserved_gb,split_count,oom_retry_count
generate,0.1,7,1,2,2,530,201,8.561507429999892,0.23360372181561315,23.477174042469123,0.0022959600000831415,8.300126636000186,0.2554497010000887,0.003136338999865984,0.0,13.853720664978027,14.01953125,13.862889766693115,14.01953125,1,0
generate,0.1,7,2,2,2,693,272,14.228123033999964,0.14056667876857248,19.11706831252586,0.0017578009997123445,13.858615996000026,0.36353346400028386,0.004003294000085589,0.0,14.01676082611084,14.234375,14.028663158416748,14.234375,1,0
hidden_state_write,0.1,7,0,2,2,0,0,0.01028537999945911,,,0.0,0.0,0.0,0.0,0.01028537999945911,13.508431434631348,14.234375,14.028663158416748,14.234375,0,0
generate,0.1,7,1,2,2,484,252,12.048521572000027,0.1659954699046121,20.915429207981123,0.00140417200009324,11.773041761999593,0.2703624749997289,0.0034467979999135423,0.0,13.907546997070312,14.30078125,13.929214477539062,14.30078125,1,0
generate,0.1,7,2,2,2,699,171,7.380211222000071,0.2709949539165074,23.170068559861384,0.0017094069999075145,7.045451096999841,0.330238585999723,0.0025717729999996664,0.0,13.954916954040527,14.30078125,13.968708038330078,14.30078125,1,0
hidden_state_write,0.1,7,0,2,2,0,0,0.010165855000650481,,,0.0,0.0,0.0,0.0,0.010165855000650481,13.508431434631348,14.30078125,13.968708038330078,14.30078125,0,0
