run_id,brier,auc,n,scope
internlm3_8b_instruct__math_test_00000_5a6bb412__temp0.10__seed7,0.2911463891984098,,14,per_run_oof
internlm3_8b_instruct__math_test_00000_5a6bb412__temp0.60__seed7,0.10522924760280832,,14,per_run_oof
internlm3_8b_instruct__math_test_00000_5a6bb412__temp1.00__seed7,0.2722736437948219,,14,per_run_oof
internlm3_8b_instruct__math_test_00001_28176864__temp0.10__seed7,0.1173421728688597,,14,per_run_oof
internlm3_8b_instruct__math_test_00001_28176864__temp0.60__seed7,0.03498207271085559,,14,per_run_oof
internlm3_8b_instruct__math_test_00001_28176864__temp1.00__seed7,0.05810897137000119,,14,per_run_oof
internlm3_8b_instruct__math_test_00002_12859ab8__temp0.10__seed7,0.36165886711785544,,14,per_run_oof
internlm3_8b_instruct__math_test_00002_12859ab8__temp0.60__seed7,0.28488919178685795,,14,per_run_oof
internlm3_8b_instruct__math_test_00002_12859ab8__temp1.00__seed7,0.31652238184863973,,14,per_run_oof
internlm3_8b_instruct__math_test_00003_b88cddac__temp0.10__seed7,0.22503531550897235,0.9333333333333332,14,per_run_oof
internlm3_8b_instruct__math_test_00003_b88cddac__temp0.60__seed7,0.11907046376705231,,14,per_run_oof
internlm3_8b_instruct__math_test_00003_b88cddac__temp1.00__seed7,0.21295564721841295,,14,per_run_oof
internlm3_8b_instruct__math_test_00004_d6afb929__temp0.10__seed7,0.24341382398049585,,14,per_run_oof
internlm3_8b_instruct__math_test_00004_d6afb929__temp0.60__seed7,0.33794571840822485,,14,per_run_oof
internlm3_8b_instruct__math_test_00004_d6afb929__temp1.00__seed7,0.07631662652549574,,14,per_run_oof
internlm3_8b_instruct__math_test_00005_82ab404f__temp0.10__seed7,0.13524917162439157,,14,per_run_oof
internlm3_8b_instruct__math_test_00005_82ab404f__temp0.60__seed7,0.09335868661905354,,14,per_run_oof
internlm3_8b_instruct__math_test_00005_82ab404f__temp1.00__seed7,0.025405506087896268,,14,per_run_oof
internlm3_8b_instruct__math_test_00006_27e7448e__temp0.10__seed7,0.08499898520342353,,14,per_run_oof
internlm3_8b_instruct__math_test_00006_27e7448e__temp0.60__seed7,0.05474433190121421,1.0,14,per_run_oof
internlm3_8b_instruct__math_test_00006_27e7448e__temp1.00__seed7,0.11324611250255232,1.0,14,per_run_oof
internlm3_8b_instruct__math_test_00007_8a27500a__temp0.10__seed7,0.09988094048187546,,14,per_run_oof
internlm3_8b_instruct__math_test_00007_8a27500a__temp0.60__seed7,0.16247528024336866,,14,per_run_oof
internlm3_8b_instruct__math_test_00007_8a27500a__temp1.00__seed7,0.34935125600027994,,14,per_run_oof
internlm3_8b_instruct__math_test_00008_e894d48c__temp0.10__seed7,0.12315147838815522,0.5384615384615384,14,per_run_oof
internlm3_8b_instruct__math_test_00008_e894d48c__temp0.60__seed7,0.10998979853338163,0.9583333333333333,14,per_run_oof
internlm3_8b_instruct__math_test_00008_e894d48c__temp1.00__seed7,0.11280510995512905,0.9777777777777777,14,per_run_oof
internlm3_8b_instruct__math_test_00009_99c62e67__temp0.10__seed7,0.3558663070882296,,14,per_run_oof
internlm3_8b_instruct__math_test_00009_99c62e67__temp0.60__seed7,0.5022682964599811,,14,per_run_oof
internlm3_8b_instruct__math_test_00009_99c62e67__temp1.00__seed7,0.48891680846716484,,14,per_run_oof
internlm3_8b_instruct__math_test_00010_88e977e0__temp0.10__seed7,0.11740306809710511,,14,per_run_oof
internlm3_8b_instruct__math_test_00010_88e977e0__temp0.60__seed7,0.40509034554180856,,14,per_run_oof
internlm3_8b_instruct__math_test_00010_88e977e0__temp1.00__seed7,0.13570857477328532,,14,per_run_oof
internlm3_8b_instruct__math_test_00011_3e051151__temp0.10__seed7,0.06778985614568256,,14,per_run_oof
internlm3_8b_instruct__math_test_00011_3e051151__temp0.60__seed7,0.30750891038798034,,14,per_run_oof
internlm3_8b_instruct__math_test_00011_3e051151__temp1.00__seed7,0.3224912315025823,0.775,14,per_run_oof
internlm3_8b_instruct__math_test_00012_2ce46331__temp0.10__seed7,0.32801182073276713,,14,per_run_oof
internlm3_8b_instruct__math_test_00012_2ce46331__temp0.60__seed7,0.3118242386552327,,14,per_run_oof
internlm3_8b_instruct__math_test_00012_2ce46331__temp1.00__seed7,0.1558356026669147,,14,per_run_oof
internlm3_8b_instruct__math_test_00013_3fae6c79__temp0.10__seed7,0.38746177909558643,,14,per_run_oof
internlm3_8b_instruct__math_test_00013_3fae6c79__temp0.60__seed7,0.42664229215025185,,14,per_run_oof
internlm3_8b_instruct__math_test_00013_3fae6c79__temp1.00__seed7,0.5031179570000452,,14,per_run_oof
internlm3_8b_instruct__math_test_00014_4bed628b__temp0.10__seed7,0.024996258777827084,,14,per_run_oof
internlm3_8b_instruct__math_test_00014_4bed628b__temp0.60__seed7,0.4589748559431173,,14,per_run_oof
internlm3_8b_instruct__math_test_00014_4bed628b__temp1.00__seed7,0.08738776008600391,,14,per_run_oof
internlm3_8b_instruct__math_test_00015_04ca2ad3__temp0.10__seed7,0.13461241180716424,,14,per_run_oof
internlm3_8b_instruct__math_test_00015_04ca2ad3__temp0.60__seed7,0.37110983973906286,,14,per_run_oof
internlm3_8b_instruct__math_test_00015_04ca2ad3__temp1.00__seed7,0.2891430526734572,,14,per_run_oof
internlm3_8b_instruct__math_test_00016_da610902__temp0.10__seed7,0.4813300474369081,,14,per_run_oof
internlm3_8b_instruct__math_test_00016_da610902__temp0.60__seed7,0.12662905850787015,0.9230769230769231,14,per_run_oof
internlm3_8b_instruct__math_test_00016_da610902__temp1.00__seed7,0.12346653671673938,,14,per_run_oof
internlm3_8b_instruct__math_test_00017_c6ed297b__temp0.10__seed7,0.5450788045997912,,14,per_run_oof
internlm3_8b_instruct__math_test_00017_c6ed297b__temp0.60__seed7,0.43484451387922834,0.07692307692307687,14,per_run_oof
internlm3_8b_instruct__math_test_00017_c6ed297b__temp1.00__seed7,0.30073551044014796,0.4791666666666667,14,per_run_oof
internlm3_8b_instruct__math_test_00018_407dceb0__temp0.10__seed7,0.20257684724832653,0.0,14,per_run_oof
internlm3_8b_instruct__math_test_00018_407dceb0__temp0.60__seed7,0.19684262238134229,,14,per_run_oof
internlm3_8b_instruct__math_test_00018_407dceb0__temp1.00__seed7,0.11444077773305136,1.0,14,per_run_oof
internlm3_8b_instruct__math_test_00019_646b1b85__temp0.10__seed7,0.09349099127819974,1.0,14,per_run_oof
internlm3_8b_instruct__math_test_00019_646b1b85__temp0.60__seed7,0.34365427355855804,,14,per_run_oof
internlm3_8b_instruct__math_test_00019_646b1b85__temp1.00__seed7,0.3551490050672242,0.4444444444444445,14,per_run_oof
internlm3_8b_instruct__math_test_00020_f9bb4c02__temp0.10__seed7,0.08775572134161687,,14,per_run_oof
internlm3_8b_instruct__math_test_00020_f9bb4c02__temp0.60__seed7,0.042481151530838375,,14,per_run_oof
internlm3_8b_instruct__math_test_00020_f9bb4c02__temp1.00__seed7,0.13113970842673398,,14,per_run_oof
internlm3_8b_instruct__math_test_00021_b40f659d__temp0.10__seed7,0.3782856445341701,,14,per_run_oof
internlm3_8b_instruct__math_test_00021_b40f659d__temp0.60__seed7,0.5217041811005091,,14,per_run_oof
internlm3_8b_instruct__math_test_00021_b40f659d__temp1.00__seed7,0.16844569882556917,0.875,14,per_run_oof
internlm3_8b_instruct__math_test_00022_8fba220b__temp0.10__seed7,0.14495773185899313,,14,per_run_oof
internlm3_8b_instruct__math_test_00022_8fba220b__temp0.60__seed7,0.38204672432677916,,14,per_run_oof
internlm3_8b_instruct__math_test_00022_8fba220b__temp1.00__seed7,0.12637928623666536,0.9696969696969697,14,per_run_oof
internlm3_8b_instruct__math_test_00023_998c2d9c__temp0.10__seed7,0.15233615119222965,,14,per_run_oof
internlm3_8b_instruct__math_test_00023_998c2d9c__temp0.60__seed7,0.02494847733387769,,14,per_run_oof
internlm3_8b_instruct__math_test_00023_998c2d9c__temp1.00__seed7,0.02645827825819271,,14,per_run_oof
internlm3_8b_instruct__math_test_00024_f928c750__temp0.10__seed7,0.2042041243124058,,14,per_run_oof
internlm3_8b_instruct__math_test_00024_f928c750__temp0.60__seed7,0.25401696348951347,,14,per_run_oof
internlm3_8b_instruct__math_test_00024_f928c750__temp1.00__seed7,0.4703879407766454,,14,per_run_oof
internlm3_8b_instruct__math_test_00025_4388bd76__temp0.10__seed7,0.16903267542427872,,14,per_run_oof
internlm3_8b_instruct__math_test_00025_4388bd76__temp0.60__seed7,0.29502162692420614,0.8,14,per_run_oof
internlm3_8b_instruct__math_test_00025_4388bd76__temp1.00__seed7,0.19524947911817306,0.75,14,per_run_oof
internlm3_8b_instruct__math_test_00026_4945051e__temp0.10__seed7,0.18885713135085008,,14,per_run_oof
internlm3_8b_instruct__math_test_00026_4945051e__temp0.60__seed7,0.21260824284973706,,14,per_run_oof
internlm3_8b_instruct__math_test_00026_4945051e__temp1.00__seed7,0.15233678570781753,0.95,14,per_run_oof
internlm3_8b_instruct__math_test_00027_9d852676__temp0.10__seed7,0.015373176097087533,,14,per_run_oof
internlm3_8b_instruct__math_test_00027_9d852676__temp0.60__seed7,0.1927320735982523,,14,per_run_oof
internlm3_8b_instruct__math_test_00027_9d852676__temp1.00__seed7,0.25455646190688563,,14,per_run_oof
internlm3_8b_instruct__math_test_00028_a585adcc__temp0.10__seed7,0.2661918987053785,,14,per_run_oof
internlm3_8b_instruct__math_test_00028_a585adcc__temp0.60__seed7,0.1124585039126016,1.0,14,per_run_oof
internlm3_8b_instruct__math_test_00028_a585adcc__temp1.00__seed7,0.23982393191808096,,14,per_run_oof
internlm3_8b_instruct__math_test_00029_1b84e405__temp0.10__seed7,0.31184292376982203,0.2727272727272727,14,per_run_oof
internlm3_8b_instruct__math_test_00029_1b84e405__temp0.60__seed7,0.2266462964271125,0.9387755102040816,14,per_run_oof
internlm3_8b_instruct__math_test_00029_1b84e405__temp1.00__seed7,0.17517352176456566,0.07692307692307687,14,per_run_oof
internlm3_8b_instruct__math_test_00030_a477f137__temp0.10__seed7,0.13295601748350513,,14,per_run_oof
internlm3_8b_instruct__math_test_00030_a477f137__temp0.60__seed7,0.06995619249916521,,14,per_run_oof
internlm3_8b_instruct__math_test_00030_a477f137__temp1.00__seed7,0.10903400189124643,0.46153846153846156,14,per_run_oof
internlm3_8b_instruct__math_test_00031_1bbccbd2__temp0.10__seed7,0.05315974814367978,,14,per_run_oof
internlm3_8b_instruct__math_test_00031_1bbccbd2__temp0.60__seed7,0.29999758409078303,,14,per_run_oof
internlm3_8b_instruct__math_test_00031_1bbccbd2__temp1.00__seed7,0.32523375380530173,,14,per_run_oof
internlm3_8b_instruct__math_test_00032_f08fb3bb__temp0.10__seed7,0.0342178635283986,,14,per_run_oof
internlm3_8b_instruct__math_test_00032_f08fb3bb__temp0.60__seed7,0.07376958777024063,0.8461538461538461,14,per_run_oof
internlm3_8b_instruct__math_test_00032_f08fb3bb__temp1.00__seed7,0.1297287529256738,0.8333333333333334,14,per_run_oof
internlm3_8b_instruct__math_test_00033_0f789c1f__temp0.10__seed7,0.15785210097569088,,14,per_run_oof
internlm3_8b_instruct__math_test_00033_0f789c1f__temp0.60__seed7,0.08558445879369235,,14,per_run_oof
internlm3_8b_instruct__math_test_00033_0f789c1f__temp1.00__seed7,0.3057306530909014,,14,per_run_oof
internlm3_8b_instruct__math_test_00034_dae3e9e5__temp0.10__seed7,0.042477690637552454,,14,per_run_oof
internlm3_8b_instruct__math_test_00034_dae3e9e5__temp0.60__seed7,0.3235272902699233,,14,per_run_oof
internlm3_8b_instruct__math_test_00034_dae3e9e5__temp1.00__seed7,0.07909859067501049,,14,per_run_oof
internlm3_8b_instruct__math_test_00035_f144cd5e__temp0.10__seed7,0.07405571042600871,,14,per_run_oof
internlm3_8b_instruct__math_test_00035_f144cd5e__temp0.60__seed7,0.22259640534667047,,14,per_run_oof
internlm3_8b_instruct__math_test_00035_f144cd5e__temp1.00__seed7,0.28194314413902316,,14,per_run_oof
internlm3_8b_instruct__math_test_00036_ccf4238b__temp0.10__seed7,0.17971930601844469,,14,per_run_oof
internlm3_8b_instruct__math_test_00036_ccf4238b__temp0.60__seed7,0.24447457308422446,,14,per_run_oof
internlm3_8b_instruct__math_test_00036_ccf4238b__temp1.00__seed7,0.10972561317199418,0.9111111111111112,14,per_run_oof
internlm3_8b_instruct__math_test_00037_2426e280__temp0.10__seed7,0.05382174745700096,,14,per_run_oof
internlm3_8b_instruct__math_test_00037_2426e280__temp0.60__seed7,0.2672556682744433,,14,per_run_oof
internlm3_8b_instruct__math_test_00037_2426e280__temp1.00__seed7,0.20841907132344412,,14,per_run_oof
internlm3_8b_instruct__math_test_00038_0e7cb690__temp0.10__seed7,0.09766892672468082,,14,per_run_oof
internlm3_8b_instruct__math_test_00038_0e7cb690__temp0.60__seed7,0.07273632553493499,,14,per_run_oof
internlm3_8b_instruct__math_test_00038_0e7cb690__temp1.00__seed7,0.10193815731534141,,14,per_run_oof
internlm3_8b_instruct__math_test_00039_8ba6a72a__temp0.10__seed7,0.06308190620881218,,14,per_run_oof
internlm3_8b_instruct__math_test_00039_8ba6a72a__temp0.60__seed7,0.07864392647526729,,14,per_run_oof
internlm3_8b_instruct__math_test_00039_8ba6a72a__temp1.00__seed7,0.08986169955920564,,14,per_run_oof
internlm3_8b_instruct__math_test_00040_814d16a0__temp0.10__seed7,0.09041555967836547,,14,per_run_oof
internlm3_8b_instruct__math_test_00040_814d16a0__temp0.60__seed7,0.07971688740048131,,14,per_run_oof
internlm3_8b_instruct__math_test_00040_814d16a0__temp1.00__seed7,0.08010668259812058,,14,per_run_oof
internlm3_8b_instruct__math_test_00041_7ad395c5__temp0.10__seed7,0.105861234383623,,14,per_run_oof
internlm3_8b_instruct__math_test_00041_7ad395c5__temp0.60__seed7,0.10693163437201005,,14,per_run_oof
internlm3_8b_instruct__math_test_00041_7ad395c5__temp1.00__seed7,0.26168303878970967,,14,per_run_oof
internlm3_8b_instruct__math_test_00042_39c9185d__temp0.10__seed7,0.2678696531976742,,14,per_run_oof
internlm3_8b_instruct__math_test_00042_39c9185d__temp0.60__seed7,0.36394959773148183,,14,per_run_oof
internlm3_8b_instruct__math_test_00042_39c9185d__temp1.00__seed7,0.03678733940391988,,14,per_run_oof
internlm3_8b_instruct__math_test_00043_62275531__temp0.10__seed7,0.2785467876261619,0.36363636363636365,14,per_run_oof
internlm3_8b_instruct__math_test_00043_62275531__temp0.60__seed7,0.3964826698707589,,14,per_run_oof
internlm3_8b_instruct__math_test_00043_62275531__temp1.00__seed7,0.34194683918345875,0.23076923076923073,14,per_run_oof
internlm3_8b_instruct__math_test_00044_810e3649__temp0.10__seed7,0.4792626818807459,,14,per_run_oof
internlm3_8b_instruct__math_test_00044_810e3649__temp0.60__seed7,0.4974747638185671,,14,per_run_oof
internlm3_8b_instruct__math_test_00044_810e3649__temp1.00__seed7,0.0965495270744984,0.9393939393939393,14,per_run_oof
internlm3_8b_instruct__math_test_00045_152ae8e8__temp0.10__seed7,0.03111057469779937,,14,per_run_oof
internlm3_8b_instruct__math_test_00045_152ae8e8__temp0.60__seed7,0.06534649605986519,,14,per_run_oof
internlm3_8b_instruct__math_test_00045_152ae8e8__temp1.00__seed7,0.03504977800174263,,14,per_run_oof
internlm3_8b_instruct__math_test_00046_3e08e6df__temp0.10__seed7,0.3168373896294721,,14,per_run_oof
internlm3_8b_instruct__math_test_00046_3e08e6df__temp0.60__seed7,0.09549124639941495,,14,per_run_oof
internlm3_8b_instruct__math_test_00046_3e08e6df__temp1.00__seed7,0.10641436776173699,,14,per_run_oof
internlm3_8b_instruct__math_test_00047_3a39ed4a__temp0.10__seed7,0.10532901794680848,1.0,14,per_run_oof
internlm3_8b_instruct__math_test_00047_3a39ed4a__temp0.60__seed7,0.15226325124437357,0.8181818181818182,14,per_run_oof
internlm3_8b_instruct__math_test_00047_3a39ed4a__temp1.00__seed7,0.3018890570928852,0.75,14,per_run_oof
internlm3_8b_instruct__math_test_00048_6a611c4a__temp0.10__seed7,0.35339500435200616,,14,per_run_oof
internlm3_8b_instruct__math_test_00048_6a611c4a__temp0.60__seed7,0.45514276794848535,,14,per_run_oof
internlm3_8b_instruct__math_test_00048_6a611c4a__temp1.00__seed7,0.39741296658244846,0.23076923076923073,14,per_run_oof
internlm3_8b_instruct__math_test_00049_e45e9b10__temp0.10__seed7,0.41860572791427864,,14,per_run_oof
internlm3_8b_instruct__math_test_00049_e45e9b10__temp0.60__seed7,0.07562306123404823,,14,per_run_oof
internlm3_8b_instruct__math_test_00049_e45e9b10__temp1.00__seed7,0.12787543734860635,0.875,14,per_run_oof
internlm3_8b_instruct__math_test_00050_f4090aaa__temp0.10__seed7,0.1315915647969542,0.9333333333333333,14,per_run_oof
internlm3_8b_instruct__math_test_00050_f4090aaa__temp0.60__seed7,0.14145833404181304,0.9090909090909091,14,per_run_oof
internlm3_8b_instruct__math_test_00050_f4090aaa__temp1.00__seed7,0.39954707663404726,,14,per_run_oof
internlm3_8b_instruct__math_test_00051_1e5ff908__temp0.10__seed7,0.026524504979203008,,14,per_run_oof
internlm3_8b_instruct__math_test_00051_1e5ff908__temp0.60__seed7,0.02855547389754212,,14,per_run_oof
internlm3_8b_instruct__math_test_00051_1e5ff908__temp1.00__seed7,0.02866630699181552,,14,per_run_oof
internlm3_8b_instruct__math_test_00052_5850e1b9__temp0.10__seed7,0.19814414260803362,,14,per_run_oof
internlm3_8b_instruct__math_test_00052_5850e1b9__temp0.60__seed7,0.34882360582725547,,14,per_run_oof
internlm3_8b_instruct__math_test_00052_5850e1b9__temp1.00__seed7,0.29232642519304325,,14,per_run_oof
internlm3_8b_instruct__math_test_00053_f8d21f23__temp0.10__seed7,0.00414396701778406,,14,per_run_oof
internlm3_8b_instruct__math_test_00053_f8d21f23__temp0.60__seed7,0.045054311187226304,,14,per_run_oof
internlm3_8b_instruct__math_test_00053_f8d21f23__temp1.00__seed7,0.2116060385372065,,14,per_run_oof
internlm3_8b_instruct__math_test_00054_ddf4c852__temp0.10__seed7,0.058803202880100935,,14,per_run_oof
internlm3_8b_instruct__math_test_00054_ddf4c852__temp0.60__seed7,0.2692710424169584,,14,per_run_oof
internlm3_8b_instruct__math_test_00054_ddf4c852__temp1.00__seed7,0.05498806877554109,,14,per_run_oof
internlm3_8b_instruct__math_test_00055_24952be5__temp0.10__seed7,0.42444525887690593,,14,per_run_oof
internlm3_8b_instruct__math_test_00055_24952be5__temp0.60__seed7,0.5031591887972419,,14,per_run_oof
internlm3_8b_instruct__math_test_00055_24952be5__temp1.00__seed7,0.3038281160185169,,14,per_run_oof
internlm3_8b_instruct__math_test_00056_a8c223a1__temp0.10__seed7,0.2984464576599171,,14,per_run_oof
internlm3_8b_instruct__math_test_00056_a8c223a1__temp0.60__seed7,0.3931299582866758,,14,per_run_oof
internlm3_8b_instruct__math_test_00056_a8c223a1__temp1.00__seed7,0.3955602678893884,,14,per_run_oof
internlm3_8b_instruct__math_test_00057_8236aaa4__temp0.10__seed7,0.32873439997964365,,14,per_run_oof
internlm3_8b_instruct__math_test_00057_8236aaa4__temp0.60__seed7,0.47047427503166567,,14,per_run_oof
internlm3_8b_instruct__math_test_00057_8236aaa4__temp1.00__seed7,0.4460836779613122,,14,per_run_oof
internlm3_8b_instruct__math_test_00058_7afa45ab__temp0.10__seed7,0.12182372522958604,,14,per_run_oof
internlm3_8b_instruct__math_test_00058_7afa45ab__temp0.60__seed7,0.0782743051193076,,14,per_run_oof
internlm3_8b_instruct__math_test_00058_7afa45ab__temp1.00__seed7,0.46932794324925864,,14,per_run_oof
internlm3_8b_instruct__math_test_00059_43a9d185__temp0.10__seed7,0.12278378819586963,,14,per_run_oof
internlm3_8b_instruct__math_test_00059_43a9d185__temp0.60__seed7,0.20717752647840862,,14,per_run_oof
internlm3_8b_instruct__math_test_00059_43a9d185__temp1.00__seed7,0.06912926335242624,,14,per_run_oof
internlm3_8b_instruct__math_test_00060_a67ac75a__temp0.10__seed7,0.07035018029725913,,14,per_run_oof
internlm3_8b_instruct__math_test_00060_a67ac75a__temp0.60__seed7,0.0655000239117041,,14,per_run_oof
internlm3_8b_instruct__math_test_00060_a67ac75a__temp1.00__seed7,0.061399976052887835,,14,per_run_oof
internlm3_8b_instruct__math_test_00061_4943c966__temp0.10__seed7,0.1786532148188546,,14,per_run_oof
internlm3_8b_instruct__math_test_00061_4943c966__temp0.60__seed7,0.31006979262579787,,14,per_run_oof
internlm3_8b_instruct__math_test_00061_4943c966__temp1.00__seed7,0.11319369376342718,1.0,14,per_run_oof
internlm3_8b_instruct__math_test_00062_ae97d603__temp0.10__seed7,0.1461885240652904,0.9230769230769231,14,per_run_oof
internlm3_8b_instruct__math_test_00062_ae97d603__temp0.60__seed7,0.3498615166731671,0.09999999999999998,14,per_run_oof
internlm3_8b_instruct__math_test_00062_ae97d603__temp1.00__seed7,0.33567891331186406,0.8787878787878789,14,per_run_oof
internlm3_8b_instruct__math_test_00063_7eb01312__temp0.10__seed7,0.07576133691861278,,14,per_run_oof
internlm3_8b_instruct__math_test_00063_7eb01312__temp0.60__seed7,0.0562999436597878,,14,per_run_oof
internlm3_8b_instruct__math_test_00063_7eb01312__temp1.00__seed7,0.15423072646869568,,14,per_run_oof
internlm3_8b_instruct__math_test_00064_56e26e67__temp0.10__seed7,0.03992733140934932,,14,per_run_oof
internlm3_8b_instruct__math_test_00064_56e26e67__temp0.60__seed7,0.23250114591842377,,14,per_run_oof
internlm3_8b_instruct__math_test_00064_56e26e67__temp1.00__seed7,0.04055974703959104,,14,per_run_oof
internlm3_8b_instruct__math_test_00065_1d982f42__temp0.10__seed7,0.020309070075190443,,14,per_run_oof
internlm3_8b_instruct__math_test_00065_1d982f42__temp0.60__seed7,0.2910304399020407,,14,per_run_oof
internlm3_8b_instruct__math_test_00065_1d982f42__temp1.00__seed7,0.2602006062352627,,14,per_run_oof
internlm3_8b_instruct__math_test_00066_c503000c__temp0.10__seed7,0.29794843466775706,,14,per_run_oof
internlm3_8b_instruct__math_test_00066_c503000c__temp0.60__seed7,0.4358962505685227,,14,per_run_oof
internlm3_8b_instruct__math_test_00066_c503000c__temp1.00__seed7,0.3029041955913224,,14,per_run_oof
internlm3_8b_instruct__math_test_00067_b2cca4da__temp0.10__seed7,0.3208584361279204,,14,per_run_oof
internlm3_8b_instruct__math_test_00067_b2cca4da__temp0.60__seed7,0.44796015986346654,,14,per_run_oof
internlm3_8b_instruct__math_test_00067_b2cca4da__temp1.00__seed7,0.06795081053467934,1.0,14,per_run_oof
internlm3_8b_instruct__math_test_00068_ea595be8__temp0.10__seed7,0.20170162200061256,0.9166666666666666,14,per_run_oof
internlm3_8b_instruct__math_test_00068_ea595be8__temp0.60__seed7,0.4204075677895062,,14,per_run_oof
internlm3_8b_instruct__math_test_00068_ea595be8__temp1.00__seed7,0.4475684599963846,,14,per_run_oof
internlm3_8b_instruct__math_test_00069_c6dad45a__temp0.10__seed7,0.14863909752223534,0.9583333333333333,14,per_run_oof
internlm3_8b_instruct__math_test_00069_c6dad45a__temp0.60__seed7,0.43756663936072976,,14,per_run_oof
internlm3_8b_instruct__math_test_00069_c6dad45a__temp1.00__seed7,0.4975562145767666,,14,per_run_oof
internlm3_8b_instruct__math_test_00070_96016437__temp0.10__seed7,0.5760416906279678,,14,per_run_oof
internlm3_8b_instruct__math_test_00070_96016437__temp0.60__seed7,0.4898181828014981,,14,per_run_oof
internlm3_8b_instruct__math_test_00070_96016437__temp1.00__seed7,0.0991968237154043,0.7692307692307693,14,per_run_oof
internlm3_8b_instruct__math_test_00071_98672352__temp0.10__seed7,0.3447166960456894,,14,per_run_oof
internlm3_8b_instruct__math_test_00071_98672352__temp0.60__seed7,0.16843038720984516,0.9166666666666666,14,per_run_oof
internlm3_8b_instruct__math_test_00071_98672352__temp1.00__seed7,0.3500437568859173,0.07692307692307687,14,per_run_oof
internlm3_8b_instruct__math_test_00072_76de8c53__temp0.10__seed7,0.4160532303517584,,14,per_run_oof
internlm3_8b_instruct__math_test_00072_76de8c53__temp0.60__seed7,0.1359730107134129,1.0,14,per_run_oof
internlm3_8b_instruct__math_test_00072_76de8c53__temp1.00__seed7,0.2013353185095387,0.95,14,per_run_oof
internlm3_8b_instruct__math_test_00073_7f9e23c9__temp0.10__seed7,0.35159289364219043,,14,per_run_oof
internlm3_8b_instruct__math_test_00073_7f9e23c9__temp0.60__seed7,0.5192601655191463,,14,per_run_oof
internlm3_8b_instruct__math_test_00073_7f9e23c9__temp1.00__seed7,0.42681694062374687,,14,per_run_oof
internlm3_8b_instruct__math_test_00074_5b6e5429__temp0.10__seed7,0.23394053930074815,,14,per_run_oof
internlm3_8b_instruct__math_test_00074_5b6e5429__temp0.60__seed7,0.43329550268129047,,14,per_run_oof
internlm3_8b_instruct__math_test_00074_5b6e5429__temp1.00__seed7,0.3678910514819803,,14,per_run_oof
internlm3_8b_instruct__math_test_00075_387f76f4__temp0.10__seed7,0.12705034871376983,1.0,14,per_run_oof
internlm3_8b_instruct__math_test_00075_387f76f4__temp0.60__seed7,0.11447430553973921,1.0,14,per_run_oof
internlm3_8b_instruct__math_test_00075_387f76f4__temp1.00__seed7,0.15594776776327976,0.9583333333333333,14,per_run_oof
internlm3_8b_instruct__math_test_00076_b45bd200__temp0.10__seed7,0.1822955047700396,,14,per_run_oof
internlm3_8b_instruct__math_test_00076_b45bd200__temp0.60__seed7,0.4079296696052461,0.0,14,per_run_oof
internlm3_8b_instruct__math_test_00076_b45bd200__temp1.00__seed7,0.4260912521265226,0.125,14,per_run_oof
internlm3_8b_instruct__math_test_00077_0fdb870e__temp0.10__seed7,0.46230205125941887,,14,per_run_oof
internlm3_8b_instruct__math_test_00077_0fdb870e__temp0.60__seed7,0.21510878308843923,0.8444444444444444,14,per_run_oof
internlm3_8b_instruct__math_test_00077_0fdb870e__temp1.00__seed7,0.05049663916771534,1.0,14,per_run_oof
internlm3_8b_instruct__math_test_00078_7de927b7__temp0.10__seed7,0.1028629906273197,,14,per_run_oof
internlm3_8b_instruct__math_test_00078_7de927b7__temp0.60__seed7,0.11400254679312931,0.9230769230769231,14,per_run_oof
internlm3_8b_instruct__math_test_00078_7de927b7__temp1.00__seed7,0.13073597357945038,0.9230769230769231,14,per_run_oof
internlm3_8b_instruct__math_test_00079_3f967fbe__temp0.10__seed7,0.3820287740722755,,14,per_run_oof
internlm3_8b_instruct__math_test_00079_3f967fbe__temp0.60__seed7,0.11105174415203307,,14,per_run_oof
internlm3_8b_instruct__math_test_00079_3f967fbe__temp1.00__seed7,0.16394165594351423,0.9777777777777779,14,per_run_oof
internlm3_8b_instruct__math_test_00080_ea7d5602__temp0.10__seed7,0.5993911922916715,,14,per_run_oof
internlm3_8b_instruct__math_test_00080_ea7d5602__temp0.60__seed7,0.16115529751299978,,14,per_run_oof
internlm3_8b_instruct__math_test_00080_ea7d5602__temp1.00__seed7,0.13982507918175036,,14,per_run_oof
internlm3_8b_instruct__math_test_00081_df488277__temp0.10__seed7,0.27500395818496354,0.0,14,per_run_oof
internlm3_8b_instruct__math_test_00081_df488277__temp0.60__seed7,0.18646503108663226,1.0,14,per_run_oof
internlm3_8b_instruct__math_test_00081_df488277__temp1.00__seed7,0.12875764123073657,,14,per_run_oof
internlm3_8b_instruct__math_test_00082_7fd2e8f8__temp0.10__seed7,0.3660488439709013,,14,per_run_oof
internlm3_8b_instruct__math_test_00082_7fd2e8f8__temp0.60__seed7,0.2554033950428532,0.8461538461538461,14,per_run_oof
internlm3_8b_instruct__math_test_00082_7fd2e8f8__temp1.00__seed7,0.22326121258546655,,14,per_run_oof
internlm3_8b_instruct__math_test_00083_5465f015__temp0.10__seed7,0.5220709546103479,,14,per_run_oof
internlm3_8b_instruct__math_test_00083_5465f015__temp0.60__seed7,0.5048946832957385,,14,per_run_oof
internlm3_8b_instruct__math_test_00083_5465f015__temp1.00__seed7,0.1511627440324445,0.4166666666666667,14,per_run_oof
internlm3_8b_instruct__math_test_00084_c4267ccc__temp0.10__seed7,0.014920874753217845,,14,per_run_oof
internlm3_8b_instruct__math_test_00084_c4267ccc__temp0.60__seed7,0.11617362477162255,,14,per_run_oof
internlm3_8b_instruct__math_test_00084_c4267ccc__temp1.00__seed7,0.2207390328603598,,14,per_run_oof
internlm3_8b_instruct__math_test_00085_ab1a6003__temp0.10__seed7,0.4604017520973905,0.07692307692307687,14,per_run_oof
internlm3_8b_instruct__math_test_00085_ab1a6003__temp0.60__seed7,0.44964999396808775,0.0,14,per_run_oof
internlm3_8b_instruct__math_test_00085_ab1a6003__temp1.00__seed7,0.23334603562881492,,14,per_run_oof
internlm3_8b_instruct__math_test_00086_3447bc00__temp0.10__seed7,0.0726484934668311,,14,per_run_oof
internlm3_8b_instruct__math_test_00086_3447bc00__temp0.60__seed7,0.0762981560664646,,14,per_run_oof
internlm3_8b_instruct__math_test_00086_3447bc00__temp1.00__seed7,0.12693865088678793,,14,per_run_oof
internlm3_8b_instruct__math_test_00087_649d31a4__temp0.10__seed7,0.19385441108462712,0.0,14,per_run_oof
internlm3_8b_instruct__math_test_00087_649d31a4__temp0.60__seed7,0.12490858107026119,0.9230769230769231,14,per_run_oof
internlm3_8b_instruct__math_test_00087_649d31a4__temp1.00__seed7,0.4423903500556959,,14,per_run_oof
internlm3_8b_instruct__math_test_00088_207198c5__temp0.10__seed7,0.2998982706401638,,14,per_run_oof
internlm3_8b_instruct__math_test_00088_207198c5__temp0.60__seed7,0.2775828234641305,,14,per_run_oof
internlm3_8b_instruct__math_test_00088_207198c5__temp1.00__seed7,0.36074290654253,,14,per_run_oof
internlm3_8b_instruct__math_test_00089_962971ae__temp0.10__seed7,0.4143561635303551,,14,per_run_oof
internlm3_8b_instruct__math_test_00089_962971ae__temp0.60__seed7,0.22190437398841795,0.9166666666666667,14,per_run_oof
internlm3_8b_instruct__math_test_00089_962971ae__temp1.00__seed7,0.1840540168027687,0.9111111111111111,14,per_run_oof
internlm3_8b_instruct__math_test_00090_f27fcf39__temp0.10__seed7,0.05290677500250486,,14,per_run_oof
internlm3_8b_instruct__math_test_00090_f27fcf39__temp0.60__seed7,0.3614633461458137,,14,per_run_oof
internlm3_8b_instruct__math_test_00090_f27fcf39__temp1.00__seed7,0.31082983676919074,,14,per_run_oof
internlm3_8b_instruct__math_test_00091_6c78d89b__temp0.10__seed7,0.16671147345744117,,14,per_run_oof
internlm3_8b_instruct__math_test_00091_6c78d89b__temp0.60__seed7,0.3283272366790698,,14,per_run_oof
internlm3_8b_instruct__math_test_00091_6c78d89b__temp1.00__seed7,0.48920476146239184,,14,per_run_oof
internlm3_8b_instruct__math_test_00092_d2ef929c__temp0.10__seed7,0.3712278115534258,,14,per_run_oof
internlm3_8b_instruct__math_test_00092_d2ef929c__temp0.60__seed7,0.22802865370609351,,14,per_run_oof
internlm3_8b_instruct__math_test_00092_d2ef929c__temp1.00__seed7,0.34258848495625543,,14,per_run_oof
internlm3_8b_instruct__math_test_00093_c6ee4fae__temp0.10__seed7,0.09100291406758655,,14,per_run_oof
internlm3_8b_instruct__math_test_00093_c6ee4fae__temp0.60__seed7,0.29622975240003985,,14,per_run_oof
internlm3_8b_instruct__math_test_00093_c6ee4fae__temp1.00__seed7,0.12950107561942112,,14,per_run_oof
internlm3_8b_instruct__math_test_00094_82adbbe7__temp0.10__seed7,0.050887467996445626,,14,per_run_oof
internlm3_8b_instruct__math_test_00094_82adbbe7__temp0.60__seed7,0.05986707597323297,,14,per_run_oof
internlm3_8b_instruct__math_test_00094_82adbbe7__temp1.00__seed7,0.04365687445171801,,14,per_run_oof
internlm3_8b_instruct__math_test_00095_21ca381e__temp0.10__seed7,0.046259854297989865,,14,per_run_oof
internlm3_8b_instruct__math_test_00095_21ca381e__temp0.60__seed7,0.3214223445678296,,14,per_run_oof
internlm3_8b_instruct__math_test_00095_21ca381e__temp1.00__seed7,0.39577159095936526,,14,per_run_oof
internlm3_8b_instruct__math_test_00096_9055d1e9__temp0.10__seed7,0.38289405965736495,,14,per_run_oof
internlm3_8b_instruct__math_test_00096_9055d1e9__temp0.60__seed7,0.2935452496663285,,14,per_run_oof
internlm3_8b_instruct__math_test_00096_9055d1e9__temp1.00__seed7,0.18638423339063667,,14,per_run_oof
internlm3_8b_instruct__math_test_00097_30394417__temp0.10__seed7,0.0854446403738758,,14,per_run_oof
internlm3_8b_instruct__math_test_00097_30394417__temp0.60__seed7,0.39686739020758477,,14,per_run_oof
internlm3_8b_instruct__math_test_00097_30394417__temp1.00__seed7,0.4027605367374731,,14,per_run_oof
internlm3_8b_instruct__math_test_00098_9ceda233__temp0.10__seed7,0.09422812529040561,,14,per_run_oof
internlm3_8b_instruct__math_test_00098_9ceda233__temp0.60__seed7,0.1695171229810486,,14,per_run_oof
internlm3_8b_instruct__math_test_00098_9ceda233__temp1.00__seed7,0.06653451844155166,1.0,14,per_run_oof
internlm3_8b_instruct__math_test_00099_491d2137__temp0.10__seed7,0.08051083802533877,,14,per_run_oof
internlm3_8b_instruct__math_test_00099_491d2137__temp0.60__seed7,0.09432234929276169,1.0,14,per_run_oof
internlm3_8b_instruct__math_test_00099_491d2137__temp1.00__seed7,0.07770428470549846,1.0,14,per_run_oof
internlm3_8b_instruct__math_test_00100_941d341c__temp0.10__seed7,0.13260678029440204,1.0,14,per_run_oof
internlm3_8b_instruct__math_test_00100_941d341c__temp0.60__seed7,0.0776542086317632,,14,per_run_oof
internlm3_8b_instruct__math_test_00100_941d341c__temp1.00__seed7,0.10415684614299188,0.8444444444444444,14,per_run_oof
internlm3_8b_instruct__math_test_00101_75e027f9__temp0.10__seed7,0.07710513912993776,,14,per_run_oof
internlm3_8b_instruct__math_test_00101_75e027f9__temp0.60__seed7,0.1734024484904151,,14,per_run_oof
internlm3_8b_instruct__math_test_00101_75e027f9__temp1.00__seed7,0.16957325652233077,,14,per_run_oof
internlm3_8b_instruct__math_test_00102_129dd488__temp0.10__seed7,0.1225730357515571,,14,per_run_oof
internlm3_8b_instruct__math_test_00102_129dd488__temp0.60__seed7,0.1772839859138399,0.07692307692307687,14,per_run_oof
internlm3_8b_instruct__math_test_00102_129dd488__temp1.00__seed7,0.18437789442941988,,14,per_run_oof
internlm3_8b_instruct__math_test_00103_7b0f3b51__temp0.10__seed7,0.08447615073958523,,14,per_run_oof
internlm3_8b_instruct__math_test_00103_7b0f3b51__temp0.60__seed7,0.22351040972148603,0.6,14,per_run_oof
internlm3_8b_instruct__math_test_00103_7b0f3b51__temp1.00__seed7,0.3404410585070719,0.15384615384615385,14,per_run_oof
internlm3_8b_instruct__math_test_00104_d684f1e9__temp0.10__seed7,0.1357036530083214,,14,per_run_oof
internlm3_8b_instruct__math_test_00104_d684f1e9__temp0.60__seed7,0.07273096422795422,,14,per_run_oof
internlm3_8b_instruct__math_test_00104_d684f1e9__temp1.00__seed7,0.06968232865903341,1.0,14,per_run_oof
internlm3_8b_instruct__math_test_00105_6b770d5f__temp0.10__seed7,0.14622230785217263,,14,per_run_oof
internlm3_8b_instruct__math_test_00105_6b770d5f__temp0.60__seed7,0.05079203976184543,,14,per_run_oof
internlm3_8b_instruct__math_test_00105_6b770d5f__temp1.00__seed7,0.04974775429322191,,14,per_run_oof
internlm3_8b_instruct__math_test_00106_6e98540c__temp0.10__seed7,0.4128084825811626,,14,per_run_oof
internlm3_8b_instruct__math_test_00106_6e98540c__temp0.60__seed7,0.5029221902019853,,14,per_run_oof
internlm3_8b_instruct__math_test_00106_6e98540c__temp1.00__seed7,0.10933717339669893,0.975,14,per_run_oof
internlm3_8b_instruct__math_test_00107_fd74cd11__temp0.10__seed7,0.047038853752612485,,14,per_run_oof
internlm3_8b_instruct__math_test_00107_fd74cd11__temp0.60__seed7,0.08548328764332291,,14,per_run_oof
internlm3_8b_instruct__math_test_00107_fd74cd11__temp1.00__seed7,0.07552806388165721,,14,per_run_oof
internlm3_8b_instruct__math_test_00108_611e7552__temp0.10__seed7,0.29621996022793734,1.0,14,per_run_oof
internlm3_8b_instruct__math_test_00108_611e7552__temp0.60__seed7,0.42082215098121717,,14,per_run_oof
internlm3_8b_instruct__math_test_00108_611e7552__temp1.00__seed7,0.3914219789808855,,14,per_run_oof
internlm3_8b_instruct__math_test_00109_d90424d8__temp0.10__seed7,0.018333852884768426,,14,per_run_oof
internlm3_8b_instruct__math_test_00109_d90424d8__temp0.60__seed7,0.2979968761770997,,14,per_run_oof
internlm3_8b_instruct__math_test_00109_d90424d8__temp1.00__seed7,0.08417956606804602,,14,per_run_oof
internlm3_8b_instruct__math_test_00110_72b3623f__temp0.10__seed7,0.10412479118087528,1.0,14,per_run_oof
internlm3_8b_instruct__math_test_00110_72b3623f__temp0.60__seed7,0.08064873282972874,,14,per_run_oof
internlm3_8b_instruct__math_test_00110_72b3623f__temp1.00__seed7,0.10404179789077427,1.0,14,per_run_oof
internlm3_8b_instruct__math_test_00111_d752e2e3__temp0.10__seed7,0.10040561784719482,,14,per_run_oof
internlm3_8b_instruct__math_test_00111_d752e2e3__temp0.60__seed7,0.05931514285929417,,14,per_run_oof
internlm3_8b_instruct__math_test_00111_d752e2e3__temp1.00__seed7,0.1803027810810847,,14,per_run_oof
internlm3_8b_instruct__math_test_00112_84e6f7fa__temp0.10__seed7,0.08352415743503493,1.0,14,per_run_oof
internlm3_8b_instruct__math_test_00112_84e6f7fa__temp0.60__seed7,0.5293726441998856,,14,per_run_oof
internlm3_8b_instruct__math_test_00112_84e6f7fa__temp1.00__seed7,0.17999261618061224,0.6666666666666667,14,per_run_oof
internlm3_8b_instruct__math_test_00113_f30e88a0__temp0.10__seed7,0.24188272841369254,0.875,14,per_run_oof
internlm3_8b_instruct__math_test_00113_f30e88a0__temp0.60__seed7,0.04069489897746949,,14,per_run_oof
internlm3_8b_instruct__math_test_00113_f30e88a0__temp1.00__seed7,0.05984202381638815,,14,per_run_oof
internlm3_8b_instruct__math_test_00114_deb9efc8__temp0.10__seed7,0.22544031676191492,,14,per_run_oof
internlm3_8b_instruct__math_test_00114_deb9efc8__temp0.60__seed7,0.11251824824261565,,14,per_run_oof
internlm3_8b_instruct__math_test_00114_deb9efc8__temp1.00__seed7,0.05737895517992586,,14,per_run_oof
internlm3_8b_instruct__math_test_00115_e20c9b7a__temp0.10__seed7,0.0658215549250725,,14,per_run_oof
internlm3_8b_instruct__math_test_00115_e20c9b7a__temp0.60__seed7,0.09075319918914113,,14,per_run_oof
internlm3_8b_instruct__math_test_00115_e20c9b7a__temp1.00__seed7,0.088931045212774,,14,per_run_oof
internlm3_8b_instruct__math_test_00116_61f50e3d__temp0.10__seed7,0.4268673787647782,,14,per_run_oof
internlm3_8b_instruct__math_test_00116_61f50e3d__temp0.60__seed7,0.5441071285616548,,14,per_run_oof
internlm3_8b_instruct__math_test_00116_61f50e3d__temp1.00__seed7,0.28872649644336346,,14,per_run_oof
internlm3_8b_instruct__math_test_00117_e884ad93__temp0.10__seed7,0.18108810831280206,,14,per_run_oof
internlm3_8b_instruct__math_test_00117_e884ad93__temp0.60__seed7,0.38754887637879093,,14,per_run_oof
internlm3_8b_instruct__math_test_00117_e884ad93__temp1.00__seed7,0.3498736666042998,,14,per_run_oof
internlm3_8b_instruct__math_test_00118_fc8ebbb3__temp0.10__seed7,0.165748659424715,1.0,14,per_run_oof
internlm3_8b_instruct__math_test_00118_fc8ebbb3__temp0.60__seed7,0.12232980886370004,0.7692307692307693,14,per_run_oof
internlm3_8b_instruct__math_test_00118_fc8ebbb3__temp1.00__seed7,0.11504630319305686,1.0,14,per_run_oof
internlm3_8b_instruct__math_test_00119_a6218ea2__temp0.10__seed7,0.08353632455053257,,14,per_run_oof
internlm3_8b_instruct__math_test_00119_a6218ea2__temp0.60__seed7,0.027208488529790943,,14,per_run_oof
internlm3_8b_instruct__math_test_00119_a6218ea2__temp1.00__seed7,0.03836622520296915,,14,per_run_oof
internlm3_8b_instruct__math_test_00120_8eef5288__temp0.10__seed7,0.08014428787892716,,14,per_run_oof
internlm3_8b_instruct__math_test_00120_8eef5288__temp0.60__seed7,0.08447920897454432,,14,per_run_oof
internlm3_8b_instruct__math_test_00120_8eef5288__temp1.00__seed7,0.48287678917648197,,14,per_run_oof
internlm3_8b_instruct__math_test_00121_23cfdf25__temp0.10__seed7,0.06034275883026086,,14,per_run_oof
internlm3_8b_instruct__math_test_00121_23cfdf25__temp0.60__seed7,0.051107641402112325,,14,per_run_oof
internlm3_8b_instruct__math_test_00121_23cfdf25__temp1.00__seed7,0.07549328087118631,,14,per_run_oof
internlm3_8b_instruct__math_test_00122_fdf4300d__temp0.10__seed7,0.06168951640152693,,14,per_run_oof
internlm3_8b_instruct__math_test_00122_fdf4300d__temp0.60__seed7,0.20646712098610448,,14,per_run_oof
internlm3_8b_instruct__math_test_00122_fdf4300d__temp1.00__seed7,0.07766771576516938,1.0,14,per_run_oof
internlm3_8b_instruct__math_test_00123_860f65d4__temp0.10__seed7,0.04345320880807034,,14,per_run_oof
internlm3_8b_instruct__math_test_00123_860f65d4__temp0.60__seed7,0.11441142044259447,,14,per_run_oof
internlm3_8b_instruct__math_test_00123_860f65d4__temp1.00__seed7,0.06080689189252413,,14,per_run_oof
internlm3_8b_instruct__math_test_00124_93bacf2d__temp0.10__seed7,0.40583025408418427,,14,per_run_oof
internlm3_8b_instruct__math_test_00124_93bacf2d__temp0.60__seed7,0.10680768397009634,,14,per_run_oof
internlm3_8b_instruct__math_test_00124_93bacf2d__temp1.00__seed7,0.09353971488179551,,14,per_run_oof
internlm3_8b_instruct__math_test_00125_e5ac5620__temp0.10__seed7,0.4324414759719772,,14,per_run_oof
internlm3_8b_instruct__math_test_00125_e5ac5620__temp0.60__seed7,0.1994313917585356,,14,per_run_oof
internlm3_8b_instruct__math_test_00125_e5ac5620__temp1.00__seed7,0.17276559615928314,,14,per_run_oof
internlm3_8b_instruct__math_test_00126_81f4f6da__temp0.10__seed7,0.05167951850813317,,14,per_run_oof
internlm3_8b_instruct__math_test_00126_81f4f6da__temp0.60__seed7,0.3073238858799868,,14,per_run_oof
internlm3_8b_instruct__math_test_00126_81f4f6da__temp1.00__seed7,0.2226903677664474,0.9583333333333334,14,per_run_oof
internlm3_8b_instruct__math_test_00127_831d47a3__temp0.10__seed7,0.19818546600601653,0.45,14,per_run_oof
internlm3_8b_instruct__math_test_00127_831d47a3__temp0.60__seed7,0.45829083857472386,,14,per_run_oof
internlm3_8b_instruct__math_test_00127_831d47a3__temp1.00__seed7,0.1438955949509975,0.6923076923076923,14,per_run_oof
internlm3_8b_instruct__math_test_00128_34115c3f__temp0.10__seed7,0.07041514315694165,,14,per_run_oof
internlm3_8b_instruct__math_test_00128_34115c3f__temp0.60__seed7,0.3083694172582116,,14,per_run_oof
internlm3_8b_instruct__math_test_00128_34115c3f__temp1.00__seed7,0.06254146972395977,,14,per_run_oof
internlm3_8b_instruct__math_test_00129_13560ab9__temp0.10__seed7,0.34742968616204556,,14,per_run_oof
internlm3_8b_instruct__math_test_00129_13560ab9__temp0.60__seed7,0.44950648107906543,,14,per_run_oof
internlm3_8b_instruct__math_test_00129_13560ab9__temp1.00__seed7,0.48182515210561677,,14,per_run_oof
internlm3_8b_instruct__math_test_00130_587c37e4__temp0.10__seed7,0.06964288576523091,,14,per_run_oof
internlm3_8b_instruct__math_test_00130_587c37e4__temp0.60__seed7,0.050797334579232564,,14,per_run_oof
internlm3_8b_instruct__math_test_00130_587c37e4__temp1.00__seed7,0.08337570788114769,,14,per_run_oof
internlm3_8b_instruct__math_test_00131_e4690c90__temp0.10__seed7,0.4256049546374619,,14,per_run_oof
internlm3_8b_instruct__math_test_00131_e4690c90__temp0.60__seed7,0.30196236112771857,0.08888888888888886,14,per_run_oof
internlm3_8b_instruct__math_test_00131_e4690c90__temp1.00__seed7,0.1371857200430791,,14,per_run_oof
internlm3_8b_instruct__math_test_00132_9804c9ed__temp0.10__seed7,0.09783629059588163,0.975,14,per_run_oof
internlm3_8b_instruct__math_test_00132_9804c9ed__temp0.60__seed7,0.3905444210793381,0.2727272727272727,14,per_run_oof
internlm3_8b_instruct__math_test_00132_9804c9ed__temp1.00__seed7,0.23532913946749162,0.6444444444444444,14,per_run_oof
internlm3_8b_instruct__math_test_00133_efc15efb__temp0.10__seed7,0.17765334641589625,0.0,14,per_run_oof
internlm3_8b_instruct__math_test_00133_efc15efb__temp0.60__seed7,0.08939966748556381,1.0,14,per_run_oof
internlm3_8b_instruct__math_test_00133_efc15efb__temp1.00__seed7,0.054103541351845696,,14,per_run_oof
internlm3_8b_instruct__math_test_00134_729aab2d__temp0.10__seed7,0.034569062256348156,,14,per_run_oof
internlm3_8b_instruct__math_test_00134_729aab2d__temp0.60__seed7,0.03237248444331229,,14,per_run_oof
internlm3_8b_instruct__math_test_00134_729aab2d__temp1.00__seed7,0.08625758733386886,,14,per_run_oof
internlm3_8b_instruct__math_test_00135_cc85526c__temp0.10__seed7,0.10510725198135602,,14,per_run_oof
internlm3_8b_instruct__math_test_00135_cc85526c__temp0.60__seed7,0.10373338725837666,,14,per_run_oof
internlm3_8b_instruct__math_test_00135_cc85526c__temp1.00__seed7,0.11921773773873268,0.8333333333333333,14,per_run_oof
internlm3_8b_instruct__math_test_00136_8e69a186__temp0.10__seed7,0.058003207100737905,,14,per_run_oof
internlm3_8b_instruct__math_test_00136_8e69a186__temp0.60__seed7,0.07156435729917501,,14,per_run_oof
internlm3_8b_instruct__math_test_00136_8e69a186__temp1.00__seed7,0.08962412072058476,,14,per_run_oof
internlm3_8b_instruct__math_test_00137_66c4d3d6__temp0.10__seed7,0.23611846263955297,,14,per_run_oof
internlm3_8b_instruct__math_test_00137_66c4d3d6__temp0.60__seed7,0.11428260353921968,0.9166666666666667,14,per_run_oof
internlm3_8b_instruct__math_test_00137_66c4d3d6__temp1.00__seed7,0.03886467509644209,,14,per_run_oof
internlm3_8b_instruct__math_test_00138_3cca3484__temp0.10__seed7,0.021679800749142022,,14,per_run_oof
internlm3_8b_instruct__math_test_00138_3cca3484__temp0.60__seed7,0.30371084966054607,,14,per_run_oof
internlm3_8b_instruct__math_test_00138_3cca3484__temp1.00__seed7,0.03551184466963751,,14,per_run_oof
internlm3_8b_instruct__math_test_00139_55101384__temp0.10__seed7,0.056929754330479906,,14,per_run_oof
internlm3_8b_instruct__math_test_00139_55101384__temp0.60__seed7,0.27767326781773793,,14,per_run_oof
internlm3_8b_instruct__math_test_00139_55101384__temp1.00__seed7,0.14340626816586874,0.9166666666666666,14,per_run_oof
internlm3_8b_instruct__math_test_00140_9c2a8a8c__temp0.10__seed7,0.2751031035335846,0.9166666666666666,14,per_run_oof
internlm3_8b_instruct__math_test_00140_9c2a8a8c__temp0.60__seed7,0.08174602109206955,0.3076923076923077,14,per_run_oof
internlm3_8b_instruct__math_test_00140_9c2a8a8c__temp1.00__seed7,0.15209945213898382,,14,per_run_oof
internlm3_8b_instruct__math_test_00141_fa53302b__temp0.10__seed7,0.07839200038194157,,14,per_run_oof
internlm3_8b_instruct__math_test_00141_fa53302b__temp0.60__seed7,0.22063893777390237,0.9230769230769231,14,per_run_oof
internlm3_8b_instruct__math_test_00141_fa53302b__temp1.00__seed7,0.0683769530900316,1.0,14,per_run_oof
internlm3_8b_instruct__math_test_00142_a535d7ed__temp0.10__seed7,0.25469387314123515,,14,per_run_oof
internlm3_8b_instruct__math_test_00142_a535d7ed__temp0.60__seed7,0.25612934718295804,,14,per_run_oof
internlm3_8b_instruct__math_test_00142_a535d7ed__temp1.00__seed7,0.22897166701569066,0.7333333333333334,14,per_run_oof
internlm3_8b_instruct__math_test_00143_f0361309__temp0.10__seed7,0.11528460742057188,1.0,14,per_run_oof
internlm3_8b_instruct__math_test_00143_f0361309__temp0.60__seed7,0.10413664041855668,1.0,14,per_run_oof
internlm3_8b_instruct__math_test_00143_f0361309__temp1.00__seed7,0.09751106493912687,0.9090909090909092,14,per_run_oof
internlm3_8b_instruct__math_test_00144_3287fa74__temp0.10__seed7,0.164831943868229,,14,per_run_oof
internlm3_8b_instruct__math_test_00144_3287fa74__temp0.60__seed7,0.17370102994330155,1.0,14,per_run_oof
internlm3_8b_instruct__math_test_00144_3287fa74__temp1.00__seed7,0.17521313977779784,0.8787878787878788,14,per_run_oof
internlm3_8b_instruct__math_test_00145_bb1c005f__temp0.10__seed7,0.07177751678137852,,14,per_run_oof
internlm3_8b_instruct__math_test_00145_bb1c005f__temp0.60__seed7,0.3112010123853618,,14,per_run_oof
internlm3_8b_instruct__math_test_00145_bb1c005f__temp1.00__seed7,0.3800206401306353,,14,per_run_oof
internlm3_8b_instruct__math_test_00146_faf5031d__temp0.10__seed7,0.010027641314641681,,14,per_run_oof
internlm3_8b_instruct__math_test_00146_faf5031d__temp0.60__seed7,0.062119948514946795,,14,per_run_oof
internlm3_8b_instruct__math_test_00146_faf5031d__temp1.00__seed7,0.13248690080647935,1.0,14,per_run_oof
internlm3_8b_instruct__math_test_00147_390c3a01__temp0.10__seed7,0.341868372042835,0.6153846153846154,14,per_run_oof
internlm3_8b_instruct__math_test_00147_390c3a01__temp0.60__seed7,0.13123215154889936,0.9230769230769231,14,per_run_oof
internlm3_8b_instruct__math_test_00147_390c3a01__temp1.00__seed7,0.12064236434602918,0.875,14,per_run_oof
internlm3_8b_instruct__math_test_00148_c9dddba4__temp0.10__seed7,0.24935208183450155,,14,per_run_oof
internlm3_8b_instruct__math_test_00148_c9dddba4__temp0.60__seed7,0.11012427898359893,1.0,14,per_run_oof
internlm3_8b_instruct__math_test_00148_c9dddba4__temp1.00__seed7,0.15314855970646604,0.9090909090909091,14,per_run_oof
internlm3_8b_instruct__math_test_00149_805d659b__temp0.10__seed7,0.24516553511423766,,14,per_run_oof
internlm3_8b_instruct__math_test_00149_805d659b__temp0.60__seed7,0.033716336866992616,,14,per_run_oof
internlm3_8b_instruct__math_test_00149_805d659b__temp1.00__seed7,0.3147668042224671,,14,per_run_oof
internlm3_8b_instruct__math_test_00150_f0a2fdf6__temp0.10__seed7,0.13088013119689793,,14,per_run_oof
internlm3_8b_instruct__math_test_00150_f0a2fdf6__temp0.60__seed7,0.1787309580827246,,14,per_run_oof
internlm3_8b_instruct__math_test_00150_f0a2fdf6__temp1.00__seed7,0.30222598861738875,,14,per_run_oof
internlm3_8b_instruct__math_test_00151_3228d9fb__temp0.10__seed7,0.043368519712119136,,14,per_run_oof
internlm3_8b_instruct__math_test_00151_3228d9fb__temp0.60__seed7,0.08206701171891069,,14,per_run_oof
internlm3_8b_instruct__math_test_00151_3228d9fb__temp1.00__seed7,0.050210874719817826,,14,per_run_oof
internlm3_8b_instruct__math_test_00152_df146136__temp0.10__seed7,0.16319949680230114,,14,per_run_oof
internlm3_8b_instruct__math_test_00152_df146136__temp0.60__seed7,0.03328881402784858,,14,per_run_oof
internlm3_8b_instruct__math_test_00152_df146136__temp1.00__seed7,0.25515932050335216,,14,per_run_oof
internlm3_8b_instruct__math_test_00153_e0a74423__temp0.10__seed7,0.12010095737666728,0.0,14,per_run_oof
internlm3_8b_instruct__math_test_00153_e0a74423__temp0.60__seed7,0.26023168257799667,,14,per_run_oof
internlm3_8b_instruct__math_test_00153_e0a74423__temp1.00__seed7,0.3753264525857018,0.06060606060606059,14,per_run_oof
internlm3_8b_instruct__math_test_00154_7dc5f86e__temp0.10__seed7,0.0886112077452105,1.0,14,per_run_oof
internlm3_8b_instruct__math_test_00154_7dc5f86e__temp0.60__seed7,0.06825137623415081,1.0,14,per_run_oof
internlm3_8b_instruct__math_test_00154_7dc5f86e__temp1.00__seed7,0.11696000764754265,0.9230769230769231,14,per_run_oof
internlm3_8b_instruct__math_test_00155_ee27b543__temp0.10__seed7,0.39886187904636883,,14,per_run_oof
internlm3_8b_instruct__math_test_00155_ee27b543__temp0.60__seed7,0.18346435154735968,0.8181818181818182,14,per_run_oof
internlm3_8b_instruct__math_test_00155_ee27b543__temp1.00__seed7,0.24997678671452933,0.5333333333333333,14,per_run_oof
internlm3_8b_instruct__math_test_00156_95b47adc__temp0.10__seed7,0.07113260299760119,,14,per_run_oof
internlm3_8b_instruct__math_test_00156_95b47adc__temp0.60__seed7,0.09783324201180939,,14,per_run_oof
internlm3_8b_instruct__math_test_00156_95b47adc__temp1.00__seed7,0.23094296915779908,0.8181818181818181,14,per_run_oof
internlm3_8b_instruct__math_test_00157_37701db8__temp0.10__seed7,0.26804548913462034,,14,per_run_oof
internlm3_8b_instruct__math_test_00157_37701db8__temp0.60__seed7,0.05019565035730107,,14,per_run_oof
internlm3_8b_instruct__math_test_00157_37701db8__temp1.00__seed7,0.03568733319286621,,14,per_run_oof
internlm3_8b_instruct__math_test_00158_15e70720__temp0.10__seed7,0.29810042633857464,,14,per_run_oof
internlm3_8b_instruct__math_test_00158_15e70720__temp0.60__seed7,0.14068237971444353,,14,per_run_oof
internlm3_8b_instruct__math_test_00158_15e70720__temp1.00__seed7,0.19226387734240966,,14,per_run_oof
internlm3_8b_instruct__math_test_00159_7acc030c__temp0.10__seed7,0.3284400479360444,,14,per_run_oof
internlm3_8b_instruct__math_test_00159_7acc030c__temp0.60__seed7,0.2923292033795186,,14,per_run_oof
internlm3_8b_instruct__math_test_00159_7acc030c__temp1.00__seed7,0.3014063840134222,,14,per_run_oof
internlm3_8b_instruct__math_test_00160_e84fb95f__temp0.10__seed7,0.02383547193228357,,14,per_run_oof
internlm3_8b_instruct__math_test_00160_e84fb95f__temp0.60__seed7,0.2726757827435847,,14,per_run_oof
internlm3_8b_instruct__math_test_00160_e84fb95f__temp1.00__seed7,0.06805615351370001,,14,per_run_oof
internlm3_8b_instruct__math_test_00161_643e7dc4__temp0.10__seed7,0.37584686948246876,,14,per_run_oof
internlm3_8b_instruct__math_test_00161_643e7dc4__temp0.60__seed7,0.18186759268109873,0.0,14,per_run_oof
internlm3_8b_instruct__math_test_00161_643e7dc4__temp1.00__seed7,0.19824454883771364,0.875,14,per_run_oof
internlm3_8b_instruct__math_test_00162_45ed500c__temp0.10__seed7,0.29357015788808066,,14,per_run_oof
internlm3_8b_instruct__math_test_00162_45ed500c__temp0.60__seed7,0.3255399185436406,,14,per_run_oof
internlm3_8b_instruct__math_test_00162_45ed500c__temp1.00__seed7,0.11101256616429378,0.9230769230769231,14,per_run_oof
internlm3_8b_instruct__math_test_00163_6f88c8c4__temp0.10__seed7,0.28073828933649464,0.836734693877551,14,per_run_oof
internlm3_8b_instruct__math_test_00163_6f88c8c4__temp0.60__seed7,0.35974447935178483,0.925,14,per_run_oof
internlm3_8b_instruct__math_test_00163_6f88c8c4__temp1.00__seed7,0.3141898546103884,0.775,14,per_run_oof
internlm3_8b_instruct__math_test_00164_a06c5428__temp0.10__seed7,0.04045026820681282,,14,per_run_oof
internlm3_8b_instruct__math_test_00164_a06c5428__temp0.60__seed7,0.2304089364731253,0.9583333333333333,14,per_run_oof
internlm3_8b_instruct__math_test_00164_a06c5428__temp1.00__seed7,0.19901053052782672,,14,per_run_oof
internlm3_8b_instruct__math_test_00165_2bb09b99__temp0.10__seed7,0.03834690293432734,,14,per_run_oof
internlm3_8b_instruct__math_test_00165_2bb09b99__temp0.60__seed7,0.44496232899975924,0.8,14,per_run_oof
internlm3_8b_instruct__math_test_00165_2bb09b99__temp1.00__seed7,0.03860629769250594,,14,per_run_oof
internlm3_8b_instruct__math_test_00166_e1652a94__temp0.10__seed7,0.16971011403038486,0.0,14,per_run_oof
internlm3_8b_instruct__math_test_00166_e1652a94__temp0.60__seed7,0.22343225883604514,0.0,14,per_run_oof
internlm3_8b_instruct__math_test_00166_e1652a94__temp1.00__seed7,0.09556149077636779,1.0,14,per_run_oof
internlm3_8b_instruct__math_test_00167_87ffe725__temp0.10__seed7,0.20941826297778518,,14,per_run_oof
internlm3_8b_instruct__math_test_00167_87ffe725__temp0.60__seed7,0.08921822588495162,1.0,14,per_run_oof
internlm3_8b_instruct__math_test_00167_87ffe725__temp1.00__seed7,0.15108807699335644,0.7692307692307693,14,per_run_oof
internlm3_8b_instruct__math_test_00168_0f3086b8__temp0.10__seed7,0.06912210838102793,,14,per_run_oof
internlm3_8b_instruct__math_test_00168_0f3086b8__temp0.60__seed7,0.4201879069556197,,14,per_run_oof
internlm3_8b_instruct__math_test_00168_0f3086b8__temp1.00__seed7,0.44063243738773533,,14,per_run_oof
internlm3_8b_instruct__math_test_00169_1a29884e__temp0.10__seed7,0.09900037230044455,,14,per_run_oof
internlm3_8b_instruct__math_test_00169_1a29884e__temp0.60__seed7,0.30064155918818086,,14,per_run_oof
internlm3_8b_instruct__math_test_00169_1a29884e__temp1.00__seed7,0.21269604295142203,,14,per_run_oof
internlm3_8b_instruct__math_test_00170_7682a602__temp0.10__seed7,0.029668114706773295,,14,per_run_oof
internlm3_8b_instruct__math_test_00170_7682a602__temp0.60__seed7,0.06106798133407997,,14,per_run_oof
internlm3_8b_instruct__math_test_00170_7682a602__temp1.00__seed7,0.110797902139064,,14,per_run_oof
internlm3_8b_instruct__math_test_00171_dae831e4__temp0.10__seed7,0.020155534415899908,,14,per_run_oof
internlm3_8b_instruct__math_test_00171_dae831e4__temp0.60__seed7,0.22315405738126873,,14,per_run_oof
internlm3_8b_instruct__math_test_00171_dae831e4__temp1.00__seed7,0.25032982685032545,,14,per_run_oof
internlm3_8b_instruct__math_test_00172_6af9182b__temp0.10__seed7,0.423464047123559,,14,per_run_oof
internlm3_8b_instruct__math_test_00172_6af9182b__temp0.60__seed7,0.18948025994021805,0.8461538461538461,14,per_run_oof
internlm3_8b_instruct__math_test_00172_6af9182b__temp1.00__seed7,0.36567653531453254,,14,per_run_oof
internlm3_8b_instruct__math_test_00173_f7741471__temp0.10__seed7,0.0786930039537557,,14,per_run_oof
internlm3_8b_instruct__math_test_00173_f7741471__temp0.60__seed7,0.05504058218170612,,14,per_run_oof
internlm3_8b_instruct__math_test_00173_f7741471__temp1.00__seed7,0.1121375093761274,,14,per_run_oof
internlm3_8b_instruct__math_test_00174_660b0932__temp0.10__seed7,0.2721495116430086,,14,per_run_oof
internlm3_8b_instruct__math_test_00174_660b0932__temp0.60__seed7,0.23013954359080915,,14,per_run_oof
internlm3_8b_instruct__math_test_00174_660b0932__temp1.00__seed7,0.09981401257649368,,14,per_run_oof
internlm3_8b_instruct__math_test_00175_ad581760__temp0.10__seed7,0.042960255952639456,,14,per_run_oof
internlm3_8b_instruct__math_test_00175_ad581760__temp0.60__seed7,0.11949413874164114,,14,per_run_oof
internlm3_8b_instruct__math_test_00175_ad581760__temp1.00__seed7,0.08003494359204819,,14,per_run_oof
internlm3_8b_instruct__math_test_00176_3ab8fbcf__temp0.10__seed7,0.11253605169017677,,14,per_run_oof
internlm3_8b_instruct__math_test_00176_3ab8fbcf__temp0.60__seed7,0.12016650899613587,,14,per_run_oof
internlm3_8b_instruct__math_test_00176_3ab8fbcf__temp1.00__seed7,0.1771995345341401,0.9090909090909091,14,per_run_oof
internlm3_8b_instruct__math_test_00177_88f25299__temp0.10__seed7,0.39197961124130165,,14,per_run_oof
internlm3_8b_instruct__math_test_00177_88f25299__temp0.60__seed7,0.5021692963000604,,14,per_run_oof
internlm3_8b_instruct__math_test_00177_88f25299__temp1.00__seed7,0.295710182114742,,14,per_run_oof
internlm3_8b_instruct__math_test_00178_af59f7e2__temp0.10__seed7,0.11464710134912345,,14,per_run_oof
internlm3_8b_instruct__math_test_00178_af59f7e2__temp0.60__seed7,0.06463161102222548,,14,per_run_oof
internlm3_8b_instruct__math_test_00178_af59f7e2__temp1.00__seed7,0.14910836252180376,0.8333333333333334,14,per_run_oof
internlm3_8b_instruct__math_test_00179_50c278d5__temp0.10__seed7,0.14987680851410617,,14,per_run_oof
internlm3_8b_instruct__math_test_00179_50c278d5__temp0.60__seed7,0.19033129390691458,,14,per_run_oof
internlm3_8b_instruct__math_test_00179_50c278d5__temp1.00__seed7,0.20311665032901408,0.6923076923076923,14,per_run_oof
internlm3_8b_instruct__math_test_00180_409f8858__temp0.10__seed7,0.2119463170451652,0.7916666666666666,14,per_run_oof
internlm3_8b_instruct__math_test_00180_409f8858__temp0.60__seed7,0.11903663047818745,1.0,14,per_run_oof
internlm3_8b_instruct__math_test_00180_409f8858__temp1.00__seed7,0.12051784186858738,1.0,14,per_run_oof
internlm3_8b_instruct__math_test_00181_40a8a07f__temp0.10__seed7,0.07469540284250993,,14,per_run_oof
internlm3_8b_instruct__math_test_00181_40a8a07f__temp0.60__seed7,0.0735863192095267,,14,per_run_oof
internlm3_8b_instruct__math_test_00181_40a8a07f__temp1.00__seed7,0.2643002437883002,0.7708333333333333,14,per_run_oof
internlm3_8b_instruct__math_test_00182_5eec73ff__temp0.10__seed7,0.457493061059545,,14,per_run_oof
internlm3_8b_instruct__math_test_00182_5eec73ff__temp0.60__seed7,0.08260275813897365,1.0,14,per_run_oof
internlm3_8b_instruct__math_test_00182_5eec73ff__temp1.00__seed7,0.22299054423550532,,14,per_run_oof
internlm3_8b_instruct__math_test_00183_8feeefff__temp0.10__seed7,0.2195521410797739,0.9230769230769231,14,per_run_oof
internlm3_8b_instruct__math_test_00183_8feeefff__temp0.60__seed7,0.14426640496840362,,14,per_run_oof
internlm3_8b_instruct__math_test_00183_8feeefff__temp1.00__seed7,0.2489865826745232,,14,per_run_oof
internlm3_8b_instruct__math_test_00184_78e3c175__temp0.10__seed7,0.3074404269514968,,14,per_run_oof
internlm3_8b_instruct__math_test_00184_78e3c175__temp0.60__seed7,0.3926554851175691,,14,per_run_oof
internlm3_8b_instruct__math_test_00184_78e3c175__temp1.00__seed7,0.31507671996883196,0.575,14,per_run_oof
internlm3_8b_instruct__math_test_00185_b9d67ef5__temp0.10__seed7,0.45552318415615467,,14,per_run_oof
internlm3_8b_instruct__math_test_00185_b9d67ef5__temp0.60__seed7,0.396253718680973,0.875,14,per_run_oof
internlm3_8b_instruct__math_test_00185_b9d67ef5__temp1.00__seed7,0.20755891249121744,0.6,14,per_run_oof
internlm3_8b_instruct__math_test_00186_ac02199f__temp0.10__seed7,0.07075684391787342,,14,per_run_oof
internlm3_8b_instruct__math_test_00186_ac02199f__temp0.60__seed7,0.13391720577658536,,14,per_run_oof
internlm3_8b_instruct__math_test_00186_ac02199f__temp1.00__seed7,0.31991392541680125,,14,per_run_oof
internlm3_8b_instruct__math_test_00187_b2db12b1__temp0.10__seed7,0.299486175965132,,14,per_run_oof
internlm3_8b_instruct__math_test_00187_b2db12b1__temp0.60__seed7,0.21846905672141317,0.07692307692307687,14,per_run_oof
internlm3_8b_instruct__math_test_00187_b2db12b1__temp1.00__seed7,0.04757706746280869,,14,per_run_oof
internlm3_8b_instruct__math_test_00188_c57b9f68__temp0.10__seed7,0.08573313077042745,,14,per_run_oof
internlm3_8b_instruct__math_test_00188_c57b9f68__temp0.60__seed7,0.0914999390926128,,14,per_run_oof
internlm3_8b_instruct__math_test_00188_c57b9f68__temp1.00__seed7,0.3554048630133769,0.7083333333333334,14,per_run_oof
internlm3_8b_instruct__math_test_00189_d2f49b7f__temp0.10__seed7,0.27037591594282095,,14,per_run_oof
internlm3_8b_instruct__math_test_00189_d2f49b7f__temp0.60__seed7,0.26610113308119504,,14,per_run_oof
internlm3_8b_instruct__math_test_00189_d2f49b7f__temp1.00__seed7,0.3640946906416076,,14,per_run_oof
internlm3_8b_instruct__math_test_00190_ad0c55dc__temp0.10__seed7,0.14563160059475538,,14,per_run_oof
internlm3_8b_instruct__math_test_00190_ad0c55dc__temp0.60__seed7,0.1350112390104692,,14,per_run_oof
internlm3_8b_instruct__math_test_00190_ad0c55dc__temp1.00__seed7,0.02503294340049539,,14,per_run_oof
internlm3_8b_instruct__math_test_00191_b20822d9__temp0.10__seed7,0.23548600658281013,,14,per_run_oof
internlm3_8b_instruct__math_test_00191_b20822d9__temp0.60__seed7,0.23368651792406175,,14,per_run_oof
internlm3_8b_instruct__math_test_00191_b20822d9__temp1.00__seed7,0.11101121057211098,,14,per_run_oof
internlm3_8b_instruct__math_test_00192_a6795966__temp0.10__seed7,0.4865201369302149,,14,per_run_oof
internlm3_8b_instruct__math_test_00192_a6795966__temp0.60__seed7,0.11000142044341389,0.38461538461538464,14,per_run_oof
internlm3_8b_instruct__math_test_00192_a6795966__temp1.00__seed7,0.3396652219204532,,14,per_run_oof
internlm3_8b_instruct__math_test_00193_027d8061__temp0.10__seed7,0.11017252552927344,,14,per_run_oof
internlm3_8b_instruct__math_test_00193_027d8061__temp0.60__seed7,0.3893308392814703,,14,per_run_oof
internlm3_8b_instruct__math_test_00193_027d8061__temp1.00__seed7,0.18120274371792067,,14,per_run_oof
internlm3_8b_instruct__math_test_00194_f51f6dd0__temp0.10__seed7,0.046105941680993294,,14,per_run_oof
internlm3_8b_instruct__math_test_00194_f51f6dd0__temp0.60__seed7,0.1439633942155858,,14,per_run_oof
internlm3_8b_instruct__math_test_00194_f51f6dd0__temp1.00__seed7,0.08141733208630633,,14,per_run_oof
internlm3_8b_instruct__math_test_00195_7cc2d650__temp0.10__seed7,0.08170474812096233,,14,per_run_oof
internlm3_8b_instruct__math_test_00195_7cc2d650__temp0.60__seed7,0.0481720394951521,,14,per_run_oof
internlm3_8b_instruct__math_test_00195_7cc2d650__temp1.00__seed7,0.05464900984228975,,14,per_run_oof
internlm3_8b_instruct__math_test_00196_4e15c27d__temp0.10__seed7,0.1496446906846509,,14,per_run_oof
internlm3_8b_instruct__math_test_00196_4e15c27d__temp0.60__seed7,0.21644978911381232,,14,per_run_oof
internlm3_8b_instruct__math_test_00196_4e15c27d__temp1.00__seed7,0.11584567109351605,1.0,14,per_run_oof
internlm3_8b_instruct__math_test_00197_ed195676__temp0.10__seed7,0.1859044923175221,,14,per_run_oof
internlm3_8b_instruct__math_test_00197_ed195676__temp0.60__seed7,0.16061319149358064,,14,per_run_oof
internlm3_8b_instruct__math_test_00197_ed195676__temp1.00__seed7,0.21897080481716752,,14,per_run_oof
internlm3_8b_instruct__math_test_00198_85b6e7ea__temp0.10__seed7,0.21641409523063507,,14,per_run_oof
internlm3_8b_instruct__math_test_00198_85b6e7ea__temp0.60__seed7,0.36832017009832546,,14,per_run_oof
internlm3_8b_instruct__math_test_00198_85b6e7ea__temp1.00__seed7,0.2043494293901372,,14,per_run_oof
internlm3_8b_instruct__math_test_00199_c19f27fd__temp0.10__seed7,0.5782425553275513,,14,per_run_oof
internlm3_8b_instruct__math_test_00199_c19f27fd__temp0.60__seed7,0.06772895579696399,,14,per_run_oof
internlm3_8b_instruct__math_test_00199_c19f27fd__temp1.00__seed7,0.12359178473077091,,14,per_run_oof
internlm3_8b_instruct__math_test_00200_bd1fc1ea__temp0.10__seed7,0.3471888188377341,,14,per_run_oof
internlm3_8b_instruct__math_test_00200_bd1fc1ea__temp0.60__seed7,0.11411497868323787,1.0,14,per_run_oof
internlm3_8b_instruct__math_test_00200_bd1fc1ea__temp1.00__seed7,0.054481023421481346,,14,per_run_oof
internlm3_8b_instruct__math_test_00201_464f6898__temp0.10__seed7,0.0393377705160032,,14,per_run_oof
internlm3_8b_instruct__math_test_00201_464f6898__temp0.60__seed7,0.05813863533974208,,14,per_run_oof
internlm3_8b_instruct__math_test_00201_464f6898__temp1.00__seed7,0.1201443535404525,,14,per_run_oof
internlm3_8b_instruct__math_test_00202_8904dc37__temp0.10__seed7,0.05055220928567622,,14,per_run_oof
internlm3_8b_instruct__math_test_00202_8904dc37__temp0.60__seed7,0.2771533574216386,1.0,14,per_run_oof
internlm3_8b_instruct__math_test_00202_8904dc37__temp1.00__seed7,0.2765550909093442,,14,per_run_oof
internlm3_8b_instruct__math_test_00203_d026abb8__temp0.10__seed7,0.22139424762416487,1.0,14,per_run_oof
internlm3_8b_instruct__math_test_00203_d026abb8__temp0.60__seed7,0.16337077930631358,0.875,14,per_run_oof
internlm3_8b_instruct__math_test_00203_d026abb8__temp1.00__seed7,0.1149770935919955,0.975,14,per_run_oof
internlm3_8b_instruct__math_test_00204_75f78286__temp0.10__seed7,0.0965908653032032,,14,per_run_oof
internlm3_8b_instruct__math_test_00204_75f78286__temp0.60__seed7,0.14001057197053973,1.0,14,per_run_oof
internlm3_8b_instruct__math_test_00204_75f78286__temp1.00__seed7,0.3853942366015134,0.6363636363636364,14,per_run_oof
internlm3_8b_instruct__math_test_00205_35364df7__temp0.10__seed7,0.05302117218157714,,14,per_run_oof
internlm3_8b_instruct__math_test_00205_35364df7__temp0.60__seed7,0.03739007734613351,,14,per_run_oof
internlm3_8b_instruct__math_test_00205_35364df7__temp1.00__seed7,0.27444702176587205,,14,per_run_oof
internlm3_8b_instruct__math_test_00206_a6788c30__temp0.10__seed7,0.056664370868929795,,14,per_run_oof
internlm3_8b_instruct__math_test_00206_a6788c30__temp0.60__seed7,0.043954584936681154,,14,per_run_oof
internlm3_8b_instruct__math_test_00206_a6788c30__temp1.00__seed7,0.0518892575786447,,14,per_run_oof
internlm3_8b_instruct__math_test_00207_627fc1ba__temp0.10__seed7,0.2107759929436978,,14,per_run_oof
internlm3_8b_instruct__math_test_00207_627fc1ba__temp0.60__seed7,0.02806761058426266,,14,per_run_oof
internlm3_8b_instruct__math_test_00207_627fc1ba__temp1.00__seed7,0.1483857868779427,,14,per_run_oof
internlm3_8b_instruct__math_test_00208_43f47031__temp0.10__seed7,0.1086153229861599,,14,per_run_oof
internlm3_8b_instruct__math_test_00208_43f47031__temp0.60__seed7,0.08398204378598546,,14,per_run_oof
internlm3_8b_instruct__math_test_00208_43f47031__temp1.00__seed7,0.11361623784998547,,14,per_run_oof
internlm3_8b_instruct__math_test_00209_877944fa__temp0.10__seed7,0.004253776272593544,,14,per_run_oof
internlm3_8b_instruct__math_test_00209_877944fa__temp0.60__seed7,0.01182438587906123,,14,per_run_oof
internlm3_8b_instruct__math_test_00209_877944fa__temp1.00__seed7,0.091897651727048,,14,per_run_oof
internlm3_8b_instruct__math_test_00210_51592ad6__temp0.10__seed7,0.2222161028700432,0.33333333333333337,14,per_run_oof
internlm3_8b_instruct__math_test_00210_51592ad6__temp0.60__seed7,0.4995973705073675,0.0,14,per_run_oof
internlm3_8b_instruct__math_test_00210_51592ad6__temp1.00__seed7,0.4550825933036608,,14,per_run_oof
internlm3_8b_instruct__math_test_00211_4c873421__temp0.10__seed7,0.38827110245815083,,14,per_run_oof
internlm3_8b_instruct__math_test_00211_4c873421__temp0.60__seed7,0.2082181191323044,,14,per_run_oof
internlm3_8b_instruct__math_test_00211_4c873421__temp1.00__seed7,0.17662747011600302,0.8333333333333334,14,per_run_oof
internlm3_8b_instruct__math_test_00212_a1acafa6__temp0.10__seed7,0.028639772894303136,,14,per_run_oof
internlm3_8b_instruct__math_test_00212_a1acafa6__temp0.60__seed7,0.02673501328319261,,14,per_run_oof
internlm3_8b_instruct__math_test_00212_a1acafa6__temp1.00__seed7,0.017223462406908797,,14,per_run_oof
internlm3_8b_instruct__math_test_00213_4bf84a38__temp0.10__seed7,0.40656603332401076,,14,per_run_oof
internlm3_8b_instruct__math_test_00213_4bf84a38__temp0.60__seed7,0.5159031730271059,,14,per_run_oof
internlm3_8b_instruct__math_test_00213_4bf84a38__temp1.00__seed7,0.31929999128378156,,14,per_run_oof
internlm3_8b_instruct__math_test_00214_dd220dbb__temp0.10__seed7,0.27206271060474174,0.07692307692307693,14,per_run_oof
internlm3_8b_instruct__math_test_00214_dd220dbb__temp0.60__seed7,0.3334151513153881,,14,per_run_oof
internlm3_8b_instruct__math_test_00214_dd220dbb__temp1.00__seed7,0.5217949285785511,,14,per_run_oof
internlm3_8b_instruct__math_test_00215_d650ba63__temp0.10__seed7,0.44239935689570986,0.07692307692307693,14,per_run_oof
internlm3_8b_instruct__math_test_00215_d650ba63__temp0.60__seed7,0.09260831989878508,1.0,14,per_run_oof
internlm3_8b_instruct__math_test_00215_d650ba63__temp1.00__seed7,0.11930600325164796,0.7692307692307692,14,per_run_oof
internlm3_8b_instruct__math_test_00216_bb0c5189__temp0.10__seed7,0.031420920982581944,,14,per_run_oof
internlm3_8b_instruct__math_test_00216_bb0c5189__temp0.60__seed7,0.12318711456074004,1.0,14,per_run_oof
internlm3_8b_instruct__math_test_00216_bb0c5189__temp1.00__seed7,0.137661629247027,,14,per_run_oof
internlm3_8b_instruct__math_test_00217_f16ba217__temp0.10__seed7,0.21463160456193972,,14,per_run_oof
internlm3_8b_instruct__math_test_00217_f16ba217__temp0.60__seed7,0.20175633963188858,,14,per_run_oof
internlm3_8b_instruct__math_test_00217_f16ba217__temp1.00__seed7,0.1872956946135714,,14,per_run_oof
internlm3_8b_instruct__math_test_00218_9ebeec12__temp0.10__seed7,0.10494864392413951,0.8461538461538461,14,per_run_oof
internlm3_8b_instruct__math_test_00218_9ebeec12__temp0.60__seed7,0.11034191160219443,0.9230769230769231,14,per_run_oof
internlm3_8b_instruct__math_test_00218_9ebeec12__temp1.00__seed7,0.19879870463611188,0.5384615384615384,14,per_run_oof
internlm3_8b_instruct__math_test_00219_9ce0114c__temp0.10__seed7,0.09757539095789418,1.0,14,per_run_oof
internlm3_8b_instruct__math_test_00219_9ce0114c__temp0.60__seed7,0.14973745351694534,,14,per_run_oof
internlm3_8b_instruct__math_test_00219_9ce0114c__temp1.00__seed7,0.14220779151521537,0.8787878787878788,14,per_run_oof
internlm3_8b_instruct__math_test_00220_c9d4415d__temp0.10__seed7,0.2141013989767011,0.38461538461538464,14,per_run_oof
internlm3_8b_instruct__math_test_00220_c9d4415d__temp0.60__seed7,0.11256414677621726,1.0,14,per_run_oof
internlm3_8b_instruct__math_test_00220_c9d4415d__temp1.00__seed7,0.23540911416200858,0.5555555555555555,14,per_run_oof
internlm3_8b_instruct__math_test_00221_6ddce785__temp0.10__seed7,0.00977435747402913,,14,per_run_oof
internlm3_8b_instruct__math_test_00221_6ddce785__temp0.60__seed7,0.32515196551486397,,14,per_run_oof
internlm3_8b_instruct__math_test_00221_6ddce785__temp1.00__seed7,0.09361367870073202,,14,per_run_oof
internlm3_8b_instruct__math_test_00222_67d6eb88__temp0.10__seed7,0.5790249850182221,,14,per_run_oof
internlm3_8b_instruct__math_test_00222_67d6eb88__temp0.60__seed7,0.5079865131338288,,14,per_run_oof
internlm3_8b_instruct__math_test_00222_67d6eb88__temp1.00__seed7,0.3263230031262868,0.35416666666666663,14,per_run_oof
internlm3_8b_instruct__math_test_00223_e0d9f4b1__temp0.10__seed7,0.03864259654821584,,14,per_run_oof
internlm3_8b_instruct__math_test_00223_e0d9f4b1__temp0.60__seed7,0.2900074053787547,0.0,14,per_run_oof
internlm3_8b_instruct__math_test_00223_e0d9f4b1__temp1.00__seed7,0.18054746628393503,,14,per_run_oof
internlm3_8b_instruct__math_test_00224_a4838f9f__temp0.10__seed7,0.19654835626112002,,14,per_run_oof
internlm3_8b_instruct__math_test_00224_a4838f9f__temp0.60__seed7,0.16370935772658296,0.9777777777777779,14,per_run_oof
internlm3_8b_instruct__math_test_00224_a4838f9f__temp1.00__seed7,0.3822595645596936,,14,per_run_oof
internlm3_8b_instruct__math_test_00225_aa62338d__temp0.10__seed7,0.11268172501394573,0.9166666666666667,14,per_run_oof
internlm3_8b_instruct__math_test_00225_aa62338d__temp0.60__seed7,0.4231519996874457,,14,per_run_oof
internlm3_8b_instruct__math_test_00225_aa62338d__temp1.00__seed7,0.09256847815628153,1.0,14,per_run_oof
internlm3_8b_instruct__math_test_00226_4db0af17__temp0.10__seed7,0.10696204836122991,,14,per_run_oof
internlm3_8b_instruct__math_test_00226_4db0af17__temp0.60__seed7,0.33155992980422794,,14,per_run_oof
internlm3_8b_instruct__math_test_00226_4db0af17__temp1.00__seed7,0.40706097455292245,,14,per_run_oof
internlm3_8b_instruct__math_test_00227_bd91686d__temp0.10__seed7,0.07557868471099254,,14,per_run_oof
internlm3_8b_instruct__math_test_00227_bd91686d__temp0.60__seed7,0.06458647566891698,,14,per_run_oof
internlm3_8b_instruct__math_test_00227_bd91686d__temp1.00__seed7,0.09406885958460051,,14,per_run_oof
internlm3_8b_instruct__math_test_00228_f8913fbd__temp0.10__seed7,0.10826396124492832,,14,per_run_oof
internlm3_8b_instruct__math_test_00228_f8913fbd__temp0.60__seed7,0.1670456920881203,,14,per_run_oof
internlm3_8b_instruct__math_test_00228_f8913fbd__temp1.00__seed7,0.29077599330997356,,14,per_run_oof
internlm3_8b_instruct__math_test_00229_3671f9fa__temp0.10__seed7,0.045287917230572385,,14,per_run_oof
internlm3_8b_instruct__math_test_00229_3671f9fa__temp0.60__seed7,0.25556359529359607,,14,per_run_oof
internlm3_8b_instruct__math_test_00229_3671f9fa__temp1.00__seed7,0.20134697554604436,,14,per_run_oof
internlm3_8b_instruct__math_test_00230_5de9111d__temp0.10__seed7,0.23008977169226494,,14,per_run_oof
internlm3_8b_instruct__math_test_00230_5de9111d__temp0.60__seed7,0.11210903908576972,,14,per_run_oof
internlm3_8b_instruct__math_test_00230_5de9111d__temp1.00__seed7,0.08473240112682635,,14,per_run_oof
internlm3_8b_instruct__math_test_00231_f1b686d3__temp0.10__seed7,0.2192210924021318,,14,per_run_oof
internlm3_8b_instruct__math_test_00231_f1b686d3__temp0.60__seed7,0.24765778194864455,0.2727272727272727,14,per_run_oof
internlm3_8b_instruct__math_test_00231_f1b686d3__temp1.00__seed7,0.11773979695531477,,14,per_run_oof
internlm3_8b_instruct__math_test_00232_99f94cd0__temp0.10__seed7,0.3917792079945979,,14,per_run_oof
internlm3_8b_instruct__math_test_00232_99f94cd0__temp0.60__seed7,0.10719844061284613,,14,per_run_oof
internlm3_8b_instruct__math_test_00232_99f94cd0__temp1.00__seed7,0.17508599676411363,,14,per_run_oof
internlm3_8b_instruct__math_test_00233_05e64b69__temp0.10__seed7,0.15448690956435768,,14,per_run_oof
internlm3_8b_instruct__math_test_00233_05e64b69__temp0.60__seed7,0.17446119669059915,,14,per_run_oof
internlm3_8b_instruct__math_test_00233_05e64b69__temp1.00__seed7,0.0440391442027025,,14,per_run_oof
internlm3_8b_instruct__math_test_00234_03dfd5f4__temp0.10__seed7,0.42721440397434723,,14,per_run_oof
internlm3_8b_instruct__math_test_00234_03dfd5f4__temp0.60__seed7,0.09277782544378432,,14,per_run_oof
internlm3_8b_instruct__math_test_00234_03dfd5f4__temp1.00__seed7,0.4693426348173916,,14,per_run_oof
internlm3_8b_instruct__math_test_00235_13c2c9be__temp0.10__seed7,0.1569260233376316,,14,per_run_oof
internlm3_8b_instruct__math_test_00235_13c2c9be__temp0.60__seed7,0.21584364158043332,,14,per_run_oof
internlm3_8b_instruct__math_test_00235_13c2c9be__temp1.00__seed7,0.16114343121899408,0.9230769230769231,14,per_run_oof
internlm3_8b_instruct__math_test_00236_d5de6a08__temp0.10__seed7,0.2272553342841767,,14,per_run_oof
internlm3_8b_instruct__math_test_00236_d5de6a08__temp0.60__seed7,0.3517237789005274,,14,per_run_oof
internlm3_8b_instruct__math_test_00236_d5de6a08__temp1.00__seed7,0.43836262454252545,,14,per_run_oof
internlm3_8b_instruct__math_test_00237_4bcd0b41__temp0.10__seed7,0.19801621183436247,0.625,14,per_run_oof
internlm3_8b_instruct__math_test_00237_4bcd0b41__temp0.60__seed7,0.48929371293431545,,14,per_run_oof
internlm3_8b_instruct__math_test_00237_4bcd0b41__temp1.00__seed7,0.3239339069482651,,14,per_run_oof
internlm3_8b_instruct__math_test_00238_c8c67f45__temp0.10__seed7,0.08819531674676308,,14,per_run_oof
internlm3_8b_instruct__math_test_00238_c8c67f45__temp0.60__seed7,0.08955331584939226,,14,per_run_oof
internlm3_8b_instruct__math_test_00238_c8c67f45__temp1.00__seed7,0.12448105872449504,,14,per_run_oof
internlm3_8b_instruct__math_test_00239_9b20bddf__temp0.10__seed7,0.09094431024308326,,14,per_run_oof
internlm3_8b_instruct__math_test_00239_9b20bddf__temp0.60__seed7,0.07660193468052098,,14,per_run_oof
internlm3_8b_instruct__math_test_00239_9b20bddf__temp1.00__seed7,0.06088180577447976,,14,per_run_oof
internlm3_8b_instruct__math_test_00240_52c92561__temp0.10__seed7,0.031104581441865353,,14,per_run_oof
internlm3_8b_instruct__math_test_00240_52c92561__temp0.60__seed7,0.023570450925571817,,14,per_run_oof
internlm3_8b_instruct__math_test_00240_52c92561__temp1.00__seed7,0.04182730169095378,,14,per_run_oof
internlm3_8b_instruct__math_test_00241_5a34024d__temp0.10__seed7,0.42489075069292304,,14,per_run_oof
internlm3_8b_instruct__math_test_00241_5a34024d__temp0.60__seed7,0.2519026502261284,,14,per_run_oof
internlm3_8b_instruct__math_test_00241_5a34024d__temp1.00__seed7,0.2787684120371182,0.75,14,per_run_oof
internlm3_8b_instruct__math_test_00242_277ad5c0__temp0.10__seed7,0.28908602515921666,,14,per_run_oof
internlm3_8b_instruct__math_test_00242_277ad5c0__temp0.60__seed7,0.2847528139678545,,14,per_run_oof
internlm3_8b_instruct__math_test_00242_277ad5c0__temp1.00__seed7,0.2890444082278778,,14,per_run_oof
internlm3_8b_instruct__math_test_00243_869ecc6c__temp0.10__seed7,0.5382576400718887,,14,per_run_oof
internlm3_8b_instruct__math_test_00243_869ecc6c__temp0.60__seed7,0.164325736779402,1.0,14,per_run_oof
internlm3_8b_instruct__math_test_00243_869ecc6c__temp1.00__seed7,0.3178916169400945,0.4666666666666667,14,per_run_oof
internlm3_8b_instruct__math_test_00244_1b6efbf5__temp0.10__seed7,0.3665002926691603,,14,per_run_oof
internlm3_8b_instruct__math_test_00244_1b6efbf5__temp0.60__seed7,0.5649613736622745,,14,per_run_oof
internlm3_8b_instruct__math_test_00244_1b6efbf5__temp1.00__seed7,0.11307815992354164,0.9166666666666666,14,per_run_oof
internlm3_8b_instruct__math_test_00245_373bfa07__temp0.10__seed7,0.2430832300041357,,14,per_run_oof
internlm3_8b_instruct__math_test_00245_373bfa07__temp0.60__seed7,0.3307683140954448,,14,per_run_oof
internlm3_8b_instruct__math_test_00245_373bfa07__temp1.00__seed7,0.32997502788235566,,14,per_run_oof
internlm3_8b_instruct__math_test_00246_08e34813__temp0.10__seed7,0.08449259825711261,,14,per_run_oof
internlm3_8b_instruct__math_test_00246_08e34813__temp0.60__seed7,0.16919499683773287,0.7878787878787878,14,per_run_oof
internlm3_8b_instruct__math_test_00246_08e34813__temp1.00__seed7,0.11675415398186872,,14,per_run_oof
internlm3_8b_instruct__math_test_00247_24a6a2d8__temp0.10__seed7,0.05602645757999176,,14,per_run_oof
internlm3_8b_instruct__math_test_00247_24a6a2d8__temp0.60__seed7,0.17366156420847853,,14,per_run_oof
internlm3_8b_instruct__math_test_00247_24a6a2d8__temp1.00__seed7,0.05164413575233595,,14,per_run_oof
internlm3_8b_instruct__math_test_00248_740b47e0__temp0.10__seed7,0.11568324018015265,0.9230769230769231,14,per_run_oof
internlm3_8b_instruct__math_test_00248_740b47e0__temp0.60__seed7,0.14991094290675422,,14,per_run_oof
internlm3_8b_instruct__math_test_00248_740b47e0__temp1.00__seed7,0.1970093219569933,0.8181818181818182,14,per_run_oof
internlm3_8b_instruct__math_test_00249_89ab90f1__temp0.10__seed7,0.33009360790453207,,14,per_run_oof
internlm3_8b_instruct__math_test_00249_89ab90f1__temp0.60__seed7,0.21114737252752686,0.25,14,per_run_oof
internlm3_8b_instruct__math_test_00249_89ab90f1__temp1.00__seed7,0.1510881778053325,,14,per_run_oof
internlm3_8b_instruct__math_test_00250_893f6d22__temp0.10__seed7,0.33476033216407564,,14,per_run_oof
internlm3_8b_instruct__math_test_00250_893f6d22__temp0.60__seed7,0.15394553370168945,0.8461538461538461,14,per_run_oof
internlm3_8b_instruct__math_test_00250_893f6d22__temp1.00__seed7,0.3964872788429969,,14,per_run_oof
internlm3_8b_instruct__math_test_00251_3dd2446e__temp0.10__seed7,0.03296316687909761,,14,per_run_oof
internlm3_8b_instruct__math_test_00251_3dd2446e__temp0.60__seed7,0.37447896601892755,0.3076923076923077,14,per_run_oof
internlm3_8b_instruct__math_test_00251_3dd2446e__temp1.00__seed7,0.34899389515477386,,14,per_run_oof
internlm3_8b_instruct__math_test_00252_b3e21c72__temp0.10__seed7,0.17892523558042647,,14,per_run_oof
internlm3_8b_instruct__math_test_00252_b3e21c72__temp0.60__seed7,0.1471129474686575,0.95,14,per_run_oof
internlm3_8b_instruct__math_test_00252_b3e21c72__temp1.00__seed7,0.18013676577830617,0.8181818181818181,14,per_run_oof
internlm3_8b_instruct__math_test_00253_d4df8de3__temp0.10__seed7,0.06586741302727796,,14,per_run_oof
internlm3_8b_instruct__math_test_00253_d4df8de3__temp0.60__seed7,0.28021673729878266,,14,per_run_oof
internlm3_8b_instruct__math_test_00253_d4df8de3__temp1.00__seed7,0.03091878429467665,,14,per_run_oof
internlm3_8b_instruct__math_test_00254_a92a5bc3__temp0.10__seed7,0.10525884013595901,,14,per_run_oof
internlm3_8b_instruct__math_test_00254_a92a5bc3__temp0.60__seed7,0.03211528053766003,,14,per_run_oof
internlm3_8b_instruct__math_test_00254_a92a5bc3__temp1.00__seed7,0.33791393796049524,0.9230769230769231,14,per_run_oof
internlm3_8b_instruct__math_test_00255_5f3fe168__temp0.10__seed7,0.20971888566009586,,14,per_run_oof
internlm3_8b_instruct__math_test_00255_5f3fe168__temp0.60__seed7,0.27778421895780264,,14,per_run_oof
internlm3_8b_instruct__math_test_00255_5f3fe168__temp1.00__seed7,0.28415307103208887,0.6666666666666667,14,per_run_oof
internlm3_8b_instruct__math_test_00256_d959374f__temp0.10__seed7,0.09660570865655363,,14,per_run_oof
internlm3_8b_instruct__math_test_00256_d959374f__temp0.60__seed7,0.20558317023975944,,14,per_run_oof
internlm3_8b_instruct__math_test_00256_d959374f__temp1.00__seed7,0.18687810225627063,,14,per_run_oof
internlm3_8b_instruct__math_test_00257_20ddae87__temp0.10__seed7,0.12684108213634931,1.0,14,per_run_oof
internlm3_8b_instruct__math_test_00257_20ddae87__temp0.60__seed7,0.11219356911378996,,14,per_run_oof
internlm3_8b_instruct__math_test_00257_20ddae87__temp1.00__seed7,0.3523548153566281,,14,per_run_oof
internlm3_8b_instruct__math_test_00258_44fb0c1c__temp0.10__seed7,0.08840744518291854,,14,per_run_oof
internlm3_8b_instruct__math_test_00258_44fb0c1c__temp0.60__seed7,0.043215182264638594,,14,per_run_oof
internlm3_8b_instruct__math_test_00258_44fb0c1c__temp1.00__seed7,0.07342015537823264,,14,per_run_oof
internlm3_8b_instruct__math_test_00259_2ab6b817__temp0.10__seed7,0.25688712904734745,,14,per_run_oof
internlm3_8b_instruct__math_test_00259_2ab6b817__temp0.60__seed7,0.34415868584783726,,14,per_run_oof
internlm3_8b_instruct__math_test_00259_2ab6b817__temp1.00__seed7,0.03681400683203332,,14,per_run_oof
internlm3_8b_instruct__math_test_00260_efa62d11__temp0.10__seed7,0.11051989974804222,1.0,14,per_run_oof
internlm3_8b_instruct__math_test_00260_efa62d11__temp0.60__seed7,0.4221908224515512,,14,per_run_oof
internlm3_8b_instruct__math_test_00260_efa62d11__temp1.00__seed7,0.20579703534447594,0.3076923076923077,14,per_run_oof
internlm3_8b_instruct__math_test_00261_4f02172b__temp0.10__seed7,0.43741964718402765,,14,per_run_oof
internlm3_8b_instruct__math_test_00261_4f02172b__temp0.60__seed7,0.4015389716512268,,14,per_run_oof
internlm3_8b_instruct__math_test_00261_4f02172b__temp1.00__seed7,0.06707026678678334,,14,per_run_oof
internlm3_8b_instruct__math_test_00262_5be48d75__temp0.10__seed7,0.3523148327854094,0.15384615384615385,14,per_run_oof
internlm3_8b_instruct__math_test_00262_5be48d75__temp0.60__seed7,0.24338416211815997,0.7692307692307693,14,per_run_oof
internlm3_8b_instruct__math_test_00262_5be48d75__temp1.00__seed7,0.23713002919330278,0.8787878787878789,14,per_run_oof
internlm3_8b_instruct__math_test_00263_10d94c24__temp0.10__seed7,0.3787181880522373,,14,per_run_oof
internlm3_8b_instruct__math_test_00263_10d94c24__temp0.60__seed7,0.3637218202759674,,14,per_run_oof
internlm3_8b_instruct__math_test_00263_10d94c24__temp1.00__seed7,0.1780401681534857,,14,per_run_oof
internlm3_8b_instruct__math_test_00264_ca7f6fd1__temp0.10__seed7,0.3605842195981252,,14,per_run_oof
internlm3_8b_instruct__math_test_00264_ca7f6fd1__temp0.60__seed7,0.14793772444177522,0.8333333333333333,14,per_run_oof
internlm3_8b_instruct__math_test_00264_ca7f6fd1__temp1.00__seed7,0.43643484763632817,,14,per_run_oof
internlm3_8b_instruct__math_test_00265_3b8ec9e0__temp0.10__seed7,0.06738108963985515,,14,per_run_oof
internlm3_8b_instruct__math_test_00265_3b8ec9e0__temp0.60__seed7,0.05598299730297291,,14,per_run_oof
internlm3_8b_instruct__math_test_00265_3b8ec9e0__temp1.00__seed7,0.11479862569066339,0.15384615384615385,14,per_run_oof
internlm3_8b_instruct__math_test_00266_dbf10789__temp0.10__seed7,0.3649181752125287,,14,per_run_oof
internlm3_8b_instruct__math_test_00266_dbf10789__temp0.60__seed7,0.47349478015037555,,14,per_run_oof
internlm3_8b_instruct__math_test_00266_dbf10789__temp1.00__seed7,0.16883760159745506,0.9166666666666667,14,per_run_oof
internlm3_8b_instruct__math_test_00267_a33fc5f4__temp0.10__seed7,0.21027162659144644,,14,per_run_oof
internlm3_8b_instruct__math_test_00267_a33fc5f4__temp0.60__seed7,0.08787631682611612,1.0,14,per_run_oof
internlm3_8b_instruct__math_test_00267_a33fc5f4__temp1.00__seed7,0.25349782371015395,,14,per_run_oof
internlm3_8b_instruct__math_test_00268_64a42184__temp0.10__seed7,0.05006231098937187,,14,per_run_oof
internlm3_8b_instruct__math_test_00268_64a42184__temp0.60__seed7,0.20313972543618689,,14,per_run_oof
internlm3_8b_instruct__math_test_00268_64a42184__temp1.00__seed7,0.06811535834971515,,14,per_run_oof
internlm3_8b_instruct__math_test_00269_3a892d62__temp0.10__seed7,0.5340640595920261,,14,per_run_oof
internlm3_8b_instruct__math_test_00269_3a892d62__temp0.60__seed7,0.5725872550009533,,14,per_run_oof
internlm3_8b_instruct__math_test_00269_3a892d62__temp1.00__seed7,0.5346802345458265,,14,per_run_oof
internlm3_8b_instruct__math_test_00270_d6fa4f7c__temp0.10__seed7,0.06266610175478145,,14,per_run_oof
internlm3_8b_instruct__math_test_00270_d6fa4f7c__temp0.60__seed7,0.12318337537612727,,14,per_run_oof
internlm3_8b_instruct__math_test_00270_d6fa4f7c__temp1.00__seed7,0.1735445682307474,0.75,14,per_run_oof
internlm3_8b_instruct__math_test_00271_0cd3b758__temp0.10__seed7,0.2677821635493783,,14,per_run_oof
internlm3_8b_instruct__math_test_00271_0cd3b758__temp0.60__seed7,0.04399106462535058,,14,per_run_oof
internlm3_8b_instruct__math_test_00271_0cd3b758__temp1.00__seed7,0.18646389818907444,,14,per_run_oof
internlm3_8b_instruct__math_test_00272_84359c4d__temp0.10__seed7,0.21894895317654653,,14,per_run_oof
internlm3_8b_instruct__math_test_00272_84359c4d__temp0.60__seed7,0.2442336860859823,0.6666666666666667,14,per_run_oof
internlm3_8b_instruct__math_test_00272_84359c4d__temp1.00__seed7,0.26534220445264306,0.6222222222222222,14,per_run_oof
internlm3_8b_instruct__math_test_00273_a9e9a1de__temp0.10__seed7,0.6470333854107355,0.0,14,per_run_oof
internlm3_8b_instruct__math_test_00273_a9e9a1de__temp0.60__seed7,0.11139231765409817,0.7692307692307693,14,per_run_oof
internlm3_8b_instruct__math_test_00273_a9e9a1de__temp1.00__seed7,0.20039843587063771,0.7083333333333334,14,per_run_oof
internlm3_8b_instruct__math_test_00274_75abc690__temp0.10__seed7,0.07051701697757834,,14,per_run_oof
internlm3_8b_instruct__math_test_00274_75abc690__temp0.60__seed7,0.31477913364417337,,14,per_run_oof
internlm3_8b_instruct__math_test_00274_75abc690__temp1.00__seed7,0.26253341209677183,,14,per_run_oof
internlm3_8b_instruct__math_test_00275_4384cd3d__temp0.10__seed7,0.424309855833409,,14,per_run_oof
internlm3_8b_instruct__math_test_00275_4384cd3d__temp0.60__seed7,0.30384716019540287,,14,per_run_oof
internlm3_8b_instruct__math_test_00275_4384cd3d__temp1.00__seed7,0.17373218766767806,,14,per_run_oof
internlm3_8b_instruct__math_test_00276_845d624e__temp0.10__seed7,0.09987338533890981,,14,per_run_oof
internlm3_8b_instruct__math_test_00276_845d624e__temp0.60__seed7,0.38164384101068066,,14,per_run_oof
internlm3_8b_instruct__math_test_00276_845d624e__temp1.00__seed7,0.33735743129317747,,14,per_run_oof
internlm3_8b_instruct__math_test_00277_c86dc9b8__temp0.10__seed7,0.4356236732476078,,14,per_run_oof
internlm3_8b_instruct__math_test_00277_c86dc9b8__temp0.60__seed7,0.4783589316896731,,14,per_run_oof
internlm3_8b_instruct__math_test_00277_c86dc9b8__temp1.00__seed7,0.1339832014008777,0.9230769230769231,14,per_run_oof
internlm3_8b_instruct__math_test_00278_f57d1ab7__temp0.10__seed7,0.2628836297536172,,14,per_run_oof
internlm3_8b_instruct__math_test_00278_f57d1ab7__temp0.60__seed7,0.3103536342288285,,14,per_run_oof
internlm3_8b_instruct__math_test_00278_f57d1ab7__temp1.00__seed7,0.1983558055088396,,14,per_run_oof
internlm3_8b_instruct__math_test_00279_c9a3fe90__temp0.10__seed7,0.1556074579598927,,14,per_run_oof
internlm3_8b_instruct__math_test_00279_c9a3fe90__temp0.60__seed7,0.3556797674085789,,14,per_run_oof
internlm3_8b_instruct__math_test_00279_c9a3fe90__temp1.00__seed7,0.2401183330022188,,14,per_run_oof
internlm3_8b_instruct__math_test_00280_fa6589e1__temp0.10__seed7,0.297265668324428,,14,per_run_oof
internlm3_8b_instruct__math_test_00280_fa6589e1__temp0.60__seed7,0.28898865616588115,,14,per_run_oof
internlm3_8b_instruct__math_test_00280_fa6589e1__temp1.00__seed7,0.22891232516846413,,14,per_run_oof
internlm3_8b_instruct__math_test_00281_c1845e7d__temp0.10__seed7,0.4546324512956686,,14,per_run_oof
internlm3_8b_instruct__math_test_00281_c1845e7d__temp0.60__seed7,0.3423344064049245,,14,per_run_oof
internlm3_8b_instruct__math_test_00281_c1845e7d__temp1.00__seed7,0.33322658875480643,0.0,14,per_run_oof
internlm3_8b_instruct__math_test_00282_92f3a353__temp0.10__seed7,0.0473708439855026,,14,per_run_oof
internlm3_8b_instruct__math_test_00282_92f3a353__temp0.60__seed7,0.24365518211013376,,14,per_run_oof
internlm3_8b_instruct__math_test_00282_92f3a353__temp1.00__seed7,0.03378271039535785,,14,per_run_oof
internlm3_8b_instruct__math_test_00283_7135627a__temp0.10__seed7,0.2016033470161969,,14,per_run_oof
internlm3_8b_instruct__math_test_00283_7135627a__temp0.60__seed7,0.25456571879272444,,14,per_run_oof
internlm3_8b_instruct__math_test_00283_7135627a__temp1.00__seed7,0.09032265257066605,,14,per_run_oof
internlm3_8b_instruct__math_test_00284_d7b7add8__temp0.10__seed7,0.017326507334846288,,14,per_run_oof
internlm3_8b_instruct__math_test_00284_d7b7add8__temp0.60__seed7,0.09860529736414177,,14,per_run_oof
internlm3_8b_instruct__math_test_00284_d7b7add8__temp1.00__seed7,0.3933645413666586,,14,per_run_oof
internlm3_8b_instruct__math_test_00285_2a685be2__temp0.10__seed7,0.36546776203898385,,14,per_run_oof
internlm3_8b_instruct__math_test_00285_2a685be2__temp0.60__seed7,0.36988926251607657,,14,per_run_oof
internlm3_8b_instruct__math_test_00285_2a685be2__temp1.00__seed7,0.2359037947604376,0.5625,14,per_run_oof
internlm3_8b_instruct__math_test_00286_2378497f__temp0.10__seed7,0.1518160779629707,,14,per_run_oof
internlm3_8b_instruct__math_test_00286_2378497f__temp0.60__seed7,0.028742791723324352,,14,per_run_oof
internlm3_8b_instruct__math_test_00286_2378497f__temp1.00__seed7,0.06365526433852817,,14,per_run_oof
internlm3_8b_instruct__math_test_00287_ab35a62d__temp0.10__seed7,0.35880655668834394,,14,per_run_oof
internlm3_8b_instruct__math_test_00287_ab35a62d__temp0.60__seed7,0.3731347204201142,,14,per_run_oof
internlm3_8b_instruct__math_test_00287_ab35a62d__temp1.00__seed7,0.06346413279234711,,14,per_run_oof
internlm3_8b_instruct__math_test_00288_99b25b6b__temp0.10__seed7,0.046355006584781026,,14,per_run_oof
internlm3_8b_instruct__math_test_00288_99b25b6b__temp0.60__seed7,0.32979420782381264,,14,per_run_oof
internlm3_8b_instruct__math_test_00288_99b25b6b__temp1.00__seed7,0.07936575325635585,,14,per_run_oof
internlm3_8b_instruct__math_test_00289_65b47d19__temp0.10__seed7,0.03810091874142818,,14,per_run_oof
internlm3_8b_instruct__math_test_00289_65b47d19__temp0.60__seed7,0.030848237226743132,,14,per_run_oof
internlm3_8b_instruct__math_test_00289_65b47d19__temp1.00__seed7,0.04156429449258022,,14,per_run_oof
internlm3_8b_instruct__math_test_00290_1a809667__temp0.10__seed7,0.2684318758865055,,14,per_run_oof
internlm3_8b_instruct__math_test_00290_1a809667__temp0.60__seed7,0.24292484601958766,0.07692307692307687,14,per_run_oof
internlm3_8b_instruct__math_test_00290_1a809667__temp1.00__seed7,0.03403395384629229,,14,per_run_oof
internlm3_8b_instruct__math_test_00291_f0f80e1a__temp0.10__seed7,0.4449939719539184,,14,per_run_oof
internlm3_8b_instruct__math_test_00291_f0f80e1a__temp0.60__seed7,0.44254096969320666,,14,per_run_oof
internlm3_8b_instruct__math_test_00291_f0f80e1a__temp1.00__seed7,0.22062722665315432,,14,per_run_oof
internlm3_8b_instruct__math_test_00292_9f87e110__temp0.10__seed7,0.05267586148015084,,14,per_run_oof
internlm3_8b_instruct__math_test_00292_9f87e110__temp0.60__seed7,0.022732286362993803,,14,per_run_oof
internlm3_8b_instruct__math_test_00292_9f87e110__temp1.00__seed7,0.0452174115128276,,14,per_run_oof
internlm3_8b_instruct__math_test_00293_9a549464__temp0.10__seed7,0.03316268857823757,,14,per_run_oof
internlm3_8b_instruct__math_test_00293_9a549464__temp0.60__seed7,0.06542149237227644,,14,per_run_oof
internlm3_8b_instruct__math_test_00293_9a549464__temp1.00__seed7,0.18245885471841725,0.888888888888889,14,per_run_oof
internlm3_8b_instruct__math_test_00294_bbfa98b4__temp0.10__seed7,0.5033521753472786,0.0,14,per_run_oof
internlm3_8b_instruct__math_test_00294_bbfa98b4__temp0.60__seed7,0.21500146421813862,0.3076923076923077,14,per_run_oof
internlm3_8b_instruct__math_test_00294_bbfa98b4__temp1.00__seed7,0.47260615561435865,,14,per_run_oof
internlm3_8b_instruct__math_test_00295_5384a318__temp0.10__seed7,0.14805233554127603,,14,per_run_oof
internlm3_8b_instruct__math_test_00295_5384a318__temp0.60__seed7,0.46493310480965383,,14,per_run_oof
internlm3_8b_instruct__math_test_00295_5384a318__temp1.00__seed7,0.29829475651694015,,14,per_run_oof
internlm3_8b_instruct__math_test_00296_dd695c69__temp0.10__seed7,0.15999718449362238,,14,per_run_oof
internlm3_8b_instruct__math_test_00296_dd695c69__temp0.60__seed7,0.1490613384360487,,14,per_run_oof
internlm3_8b_instruct__math_test_00296_dd695c69__temp1.00__seed7,0.03607020175972097,,14,per_run_oof
internlm3_8b_instruct__math_test_00297_96f3b4cd__temp0.10__seed7,0.061771993879237895,,14,per_run_oof
internlm3_8b_instruct__math_test_00297_96f3b4cd__temp0.60__seed7,0.04458725158239239,,14,per_run_oof
internlm3_8b_instruct__math_test_00297_96f3b4cd__temp1.00__seed7,0.05766294445041222,,14,per_run_oof
internlm3_8b_instruct__math_test_00298_cd93bf6b__temp0.10__seed7,0.3103126515806687,,14,per_run_oof
internlm3_8b_instruct__math_test_00298_cd93bf6b__temp0.60__seed7,0.20842969819550988,,14,per_run_oof
internlm3_8b_instruct__math_test_00298_cd93bf6b__temp1.00__seed7,0.23438207822516827,0.7,14,per_run_oof
internlm3_8b_instruct__math_test_00299_9edbd238__temp0.10__seed7,0.14027647064995488,1.0,14,per_run_oof
internlm3_8b_instruct__math_test_00299_9edbd238__temp0.60__seed7,0.42432447436747206,0.08333333333333337,14,per_run_oof
internlm3_8b_instruct__math_test_00299_9edbd238__temp1.00__seed7,0.16160080293235154,0.8571428571428571,14,per_run_oof
internlm3_8b_instruct__math_test_00300_7b4fb29f__temp0.10__seed7,0.08294540415720679,,14,per_run_oof
internlm3_8b_instruct__math_test_00300_7b4fb29f__temp0.60__seed7,0.46227455536451834,,14,per_run_oof
internlm3_8b_instruct__math_test_00300_7b4fb29f__temp1.00__seed7,0.4027746153795743,,14,per_run_oof
internlm3_8b_instruct__math_test_00301_fe74163c__temp0.10__seed7,0.013491413290006887,,14,per_run_oof
internlm3_8b_instruct__math_test_00301_fe74163c__temp0.60__seed7,0.021241398032273397,,14,per_run_oof
internlm3_8b_instruct__math_test_00301_fe74163c__temp1.00__seed7,0.12347553699917932,,14,per_run_oof
internlm3_8b_instruct__math_test_00302_555caaf5__temp0.10__seed7,0.04171261245560793,,14,per_run_oof
internlm3_8b_instruct__math_test_00302_555caaf5__temp0.60__seed7,0.043166018041757466,,14,per_run_oof
internlm3_8b_instruct__math_test_00302_555caaf5__temp1.00__seed7,0.041181490972442135,,14,per_run_oof
internlm3_8b_instruct__math_test_00303_0a6043f3__temp0.10__seed7,0.03294209491909675,,14,per_run_oof
internlm3_8b_instruct__math_test_00303_0a6043f3__temp0.60__seed7,0.03947368389485809,,14,per_run_oof
internlm3_8b_instruct__math_test_00303_0a6043f3__temp1.00__seed7,0.08179336009211458,,14,per_run_oof
internlm3_8b_instruct__math_test_00304_782cacd3__temp0.10__seed7,0.09385836531866505,,14,per_run_oof
internlm3_8b_instruct__math_test_00304_782cacd3__temp0.60__seed7,0.0783369003009344,,14,per_run_oof
internlm3_8b_instruct__math_test_00304_782cacd3__temp1.00__seed7,0.44123337249744016,,14,per_run_oof
internlm3_8b_instruct__math_test_00305_c8d180e8__temp0.10__seed7,0.07405566200238559,,14,per_run_oof
internlm3_8b_instruct__math_test_00305_c8d180e8__temp0.60__seed7,0.08797017934362486,,14,per_run_oof
internlm3_8b_instruct__math_test_00305_c8d180e8__temp1.00__seed7,0.0308915370588903,,14,per_run_oof
internlm3_8b_instruct__math_test_00306_15a3ec97__temp0.10__seed7,0.24843181983331983,,14,per_run_oof
internlm3_8b_instruct__math_test_00306_15a3ec97__temp0.60__seed7,0.4558446810318756,,14,per_run_oof
internlm3_8b_instruct__math_test_00306_15a3ec97__temp1.00__seed7,0.039551689849519914,,14,per_run_oof
internlm3_8b_instruct__math_test_00307_ac0e3789__temp0.10__seed7,0.31445962746728323,,14,per_run_oof
internlm3_8b_instruct__math_test_00307_ac0e3789__temp0.60__seed7,0.4056471896030013,,14,per_run_oof
internlm3_8b_instruct__math_test_00307_ac0e3789__temp1.00__seed7,0.42670883801356,0.15384615384615385,14,per_run_oof
internlm3_8b_instruct__math_test_00308_35ec1d7b__temp0.10__seed7,0.025526744336580216,,14,per_run_oof
internlm3_8b_instruct__math_test_00308_35ec1d7b__temp0.60__seed7,0.03537006252597597,,14,per_run_oof
internlm3_8b_instruct__math_test_00308_35ec1d7b__temp1.00__seed7,0.06847729214571265,,14,per_run_oof
internlm3_8b_instruct__math_test_00309_7be0b9c6__temp0.10__seed7,0.02245306204552045,,14,per_run_oof
internlm3_8b_instruct__math_test_00309_7be0b9c6__temp0.60__seed7,0.03200270171060177,,14,per_run_oof
internlm3_8b_instruct__math_test_00309_7be0b9c6__temp1.00__seed7,0.11259510578728718,,14,per_run_oof
internlm3_8b_instruct__math_test_00310_2974ae8d__temp0.10__seed7,0.05809099119902862,,14,per_run_oof
internlm3_8b_instruct__math_test_00310_2974ae8d__temp0.60__seed7,0.16645657492608626,,14,per_run_oof
internlm3_8b_instruct__math_test_00310_2974ae8d__temp1.00__seed7,0.2855179946241325,,14,per_run_oof
internlm3_8b_instruct__math_test_00311_db5088ff__temp0.10__seed7,0.12798586490843816,,14,per_run_oof
internlm3_8b_instruct__math_test_00311_db5088ff__temp0.60__seed7,0.16680739342955508,,14,per_run_oof
internlm3_8b_instruct__math_test_00311_db5088ff__temp1.00__seed7,0.19518496537802538,,14,per_run_oof
internlm3_8b_instruct__math_test_00312_74f8cf90__temp0.10__seed7,0.5563919000330131,,14,per_run_oof
internlm3_8b_instruct__math_test_00312_74f8cf90__temp0.60__seed7,0.47282039975750945,,14,per_run_oof
internlm3_8b_instruct__math_test_00312_74f8cf90__temp1.00__seed7,0.5397462614823041,,14,per_run_oof
internlm3_8b_instruct__math_test_00313_eb9feec2__temp0.10__seed7,0.11942838470621453,,14,per_run_oof
internlm3_8b_instruct__math_test_00313_eb9feec2__temp0.60__seed7,0.4019441289154702,,14,per_run_oof
internlm3_8b_instruct__math_test_00313_eb9feec2__temp1.00__seed7,0.2610734596477171,,14,per_run_oof
internlm3_8b_instruct__math_test_00314_1f87cb3d__temp0.10__seed7,0.10045771939555888,,14,per_run_oof
internlm3_8b_instruct__math_test_00314_1f87cb3d__temp0.60__seed7,0.3529245035738156,,14,per_run_oof
internlm3_8b_instruct__math_test_00314_1f87cb3d__temp1.00__seed7,0.2719636937560286,,14,per_run_oof
internlm3_8b_instruct__math_test_00315_df923cac__temp0.10__seed7,0.4676156409846924,,14,per_run_oof
internlm3_8b_instruct__math_test_00315_df923cac__temp0.60__seed7,0.11475097390059033,0.9230769230769231,14,per_run_oof
internlm3_8b_instruct__math_test_00315_df923cac__temp1.00__seed7,0.09897399652707917,,14,per_run_oof
internlm3_8b_instruct__math_test_00316_d871c684__temp0.10__seed7,0.2718041194409943,0.0,14,per_run_oof
internlm3_8b_instruct__math_test_00316_d871c684__temp0.60__seed7,0.2732103990169645,,14,per_run_oof
internlm3_8b_instruct__math_test_00316_d871c684__temp1.00__seed7,0.2982834769190689,,14,per_run_oof
internlm3_8b_instruct__math_test_00317_e0ee33c8__temp0.10__seed7,0.02766796688201759,,14,per_run_oof
internlm3_8b_instruct__math_test_00317_e0ee33c8__temp0.60__seed7,0.05116643096150137,,14,per_run_oof
internlm3_8b_instruct__math_test_00317_e0ee33c8__temp1.00__seed7,0.03265308087884723,,14,per_run_oof
internlm3_8b_instruct__math_test_00318_126e857a__temp0.10__seed7,0.4008804278455204,,14,per_run_oof
internlm3_8b_instruct__math_test_00318_126e857a__temp0.60__seed7,0.1580993628212551,1.0,14,per_run_oof
internlm3_8b_instruct__math_test_00318_126e857a__temp1.00__seed7,0.2261153098492645,,14,per_run_oof
internlm3_8b_instruct__math_test_00319_dde9f260__temp0.10__seed7,0.43051911578830987,0.9230769230769231,14,per_run_oof
internlm3_8b_instruct__math_test_00319_dde9f260__temp0.60__seed7,0.10961049125122771,0.95,14,per_run_oof
internlm3_8b_instruct__math_test_00319_dde9f260__temp1.00__seed7,0.10909533457753777,0.7575757575757576,14,per_run_oof
internlm3_8b_instruct__math_test_00320_e8f73851__temp0.10__seed7,0.29296781058173016,,14,per_run_oof
internlm3_8b_instruct__math_test_00320_e8f73851__temp0.60__seed7,0.11117551798914585,,14,per_run_oof
internlm3_8b_instruct__math_test_00320_e8f73851__temp1.00__seed7,0.39155910797990506,,14,per_run_oof
internlm3_8b_instruct__math_test_00321_bf799ecc__temp0.10__seed7,0.12256722830747976,1.0,14,per_run_oof
internlm3_8b_instruct__math_test_00321_bf799ecc__temp0.60__seed7,0.17740619008064806,0.5454545454545454,14,per_run_oof
internlm3_8b_instruct__math_test_00321_bf799ecc__temp1.00__seed7,0.1343748669930183,0.9,14,per_run_oof
internlm3_8b_instruct__math_test_00322_ee8eb9c1__temp0.10__seed7,0.3055400221424239,,14,per_run_oof
internlm3_8b_instruct__math_test_00322_ee8eb9c1__temp0.60__seed7,0.09921333859575121,,14,per_run_oof
internlm3_8b_instruct__math_test_00322_ee8eb9c1__temp1.00__seed7,0.07145439749235002,,14,per_run_oof
internlm3_8b_instruct__math_test_00323_372c2d59__temp0.10__seed7,0.0673737891075393,,14,per_run_oof
internlm3_8b_instruct__math_test_00323_372c2d59__temp0.60__seed7,0.3976071256341233,,14,per_run_oof
internlm3_8b_instruct__math_test_00323_372c2d59__temp1.00__seed7,0.18316597974872167,0.8125,14,per_run_oof
internlm3_8b_instruct__math_test_00324_5d4902ec__temp0.10__seed7,0.040330484445306625,,14,per_run_oof
internlm3_8b_instruct__math_test_00324_5d4902ec__temp0.60__seed7,0.06744259069387132,,14,per_run_oof
internlm3_8b_instruct__math_test_00324_5d4902ec__temp1.00__seed7,0.21680365912355506,,14,per_run_oof
internlm3_8b_instruct__math_test_00325_bf36a20b__temp0.10__seed7,0.0008700600764948776,,14,per_run_oof
internlm3_8b_instruct__math_test_00325_bf36a20b__temp0.60__seed7,0.44709537624561274,,14,per_run_oof
internlm3_8b_instruct__math_test_00325_bf36a20b__temp1.00__seed7,0.38604754579193284,,14,per_run_oof
internlm3_8b_instruct__math_test_00326_2b3c488f__temp0.10__seed7,0.04667606676924552,,14,per_run_oof
internlm3_8b_instruct__math_test_00326_2b3c488f__temp0.60__seed7,0.03194193909476766,,14,per_run_oof
internlm3_8b_instruct__math_test_00326_2b3c488f__temp1.00__seed7,0.051638405259065503,,14,per_run_oof
internlm3_8b_instruct__math_test_00327_39c0048d__temp0.10__seed7,0.23964465457133038,1.0,14,per_run_oof
internlm3_8b_instruct__math_test_00327_39c0048d__temp0.60__seed7,0.21795383112012962,,14,per_run_oof
internlm3_8b_instruct__math_test_00327_39c0048d__temp1.00__seed7,0.26268758871352,,14,per_run_oof
internlm3_8b_instruct__math_test_00328_fd5fbe30__temp0.10__seed7,0.3553446227315459,0.0,14,per_run_oof
internlm3_8b_instruct__math_test_00328_fd5fbe30__temp0.60__seed7,0.19821469778675463,,14,per_run_oof
internlm3_8b_instruct__math_test_00328_fd5fbe30__temp1.00__seed7,0.2241761418301563,,14,per_run_oof
internlm3_8b_instruct__math_test_00329_a0de4994__temp0.10__seed7,0.42858915221905114,,14,per_run_oof
internlm3_8b_instruct__math_test_00329_a0de4994__temp0.60__seed7,0.08243920351802177,1.0,14,per_run_oof
internlm3_8b_instruct__math_test_00329_a0de4994__temp1.00__seed7,0.23782498608447517,0.6923076923076923,14,per_run_oof
internlm3_8b_instruct__math_test_00330_45cea026__temp0.10__seed7,0.3608723440534076,,14,per_run_oof
internlm3_8b_instruct__math_test_00330_45cea026__temp0.60__seed7,0.4874945638273601,,14,per_run_oof
internlm3_8b_instruct__math_test_00330_45cea026__temp1.00__seed7,0.3686441386122886,,14,per_run_oof
internlm3_8b_instruct__math_test_00331_023902bd__temp0.10__seed7,0.46964575090042426,,14,per_run_oof
internlm3_8b_instruct__math_test_00331_023902bd__temp0.60__seed7,0.41356551017065907,,14,per_run_oof
internlm3_8b_instruct__math_test_00331_023902bd__temp1.00__seed7,0.19404564975777844,,14,per_run_oof
internlm3_8b_instruct__math_test_00332_5bacfa8c__temp0.10__seed7,0.0639996502023889,,14,per_run_oof
internlm3_8b_instruct__math_test_00332_5bacfa8c__temp0.60__seed7,0.4175465150149413,,14,per_run_oof
internlm3_8b_instruct__math_test_00332_5bacfa8c__temp1.00__seed7,0.35209571832095937,,14,per_run_oof
internlm3_8b_instruct__math_test_00333_a31e71a6__temp0.10__seed7,0.06630039470008636,,14,per_run_oof
internlm3_8b_instruct__math_test_00333_a31e71a6__temp0.60__seed7,0.14045305906305988,1.0,14,per_run_oof
internlm3_8b_instruct__math_test_00333_a31e71a6__temp1.00__seed7,0.20759688525695205,,14,per_run_oof
internlm3_8b_instruct__math_test_00334_18dac264__temp0.10__seed7,0.377245447682501,,14,per_run_oof
internlm3_8b_instruct__math_test_00334_18dac264__temp0.60__seed7,0.1851071477746776,0.8444444444444444,14,per_run_oof
internlm3_8b_instruct__math_test_00334_18dac264__temp1.00__seed7,0.0920478766692402,,14,per_run_oof
internlm3_8b_instruct__math_test_00335_fde40de4__temp0.10__seed7,0.2571622778448231,,14,per_run_oof
internlm3_8b_instruct__math_test_00335_fde40de4__temp0.60__seed7,0.3222847078682027,,14,per_run_oof
internlm3_8b_instruct__math_test_00335_fde40de4__temp1.00__seed7,0.2937493197830205,,14,per_run_oof
internlm3_8b_instruct__math_test_00336_0b4ea1e7__temp0.10__seed7,0.0806975145661089,,14,per_run_oof
internlm3_8b_instruct__math_test_00336_0b4ea1e7__temp0.60__seed7,0.09118452786666062,,14,per_run_oof
internlm3_8b_instruct__math_test_00336_0b4ea1e7__temp1.00__seed7,0.1559134488831118,,14,per_run_oof
internlm3_8b_instruct__math_test_00337_d02b019a__temp0.10__seed7,0.22674143221982238,,14,per_run_oof
internlm3_8b_instruct__math_test_00337_d02b019a__temp0.60__seed7,0.16281081862661062,,14,per_run_oof
internlm3_8b_instruct__math_test_00337_d02b019a__temp1.00__seed7,0.13612911968191377,,14,per_run_oof
internlm3_8b_instruct__math_test_00338_6b6d2c6b__temp0.10__seed7,0.07430907104384386,,14,per_run_oof
internlm3_8b_instruct__math_test_00338_6b6d2c6b__temp0.60__seed7,0.08153583142345795,,14,per_run_oof
internlm3_8b_instruct__math_test_00338_6b6d2c6b__temp1.00__seed7,0.09882747826629763,,14,per_run_oof
internlm3_8b_instruct__math_test_00339_5722cb6d__temp0.10__seed7,0.039387748821584835,,14,per_run_oof
internlm3_8b_instruct__math_test_00339_5722cb6d__temp0.60__seed7,0.15299156860347654,,14,per_run_oof
internlm3_8b_instruct__math_test_00339_5722cb6d__temp1.00__seed7,0.07768958367216129,,14,per_run_oof
internlm3_8b_instruct__math_test_00340_c7e6fae6__temp0.10__seed7,0.17986155982566723,,14,per_run_oof
internlm3_8b_instruct__math_test_00340_c7e6fae6__temp0.60__seed7,0.062323648903914286,,14,per_run_oof
internlm3_8b_instruct__math_test_00340_c7e6fae6__temp1.00__seed7,0.02474359234410087,,14,per_run_oof
internlm3_8b_instruct__math_test_00341_0734d253__temp0.10__seed7,0.06927668695905811,,14,per_run_oof
internlm3_8b_instruct__math_test_00341_0734d253__temp0.60__seed7,0.09888294341372073,,14,per_run_oof
internlm3_8b_instruct__math_test_00341_0734d253__temp1.00__seed7,0.2069524180671157,,14,per_run_oof
internlm3_8b_instruct__math_test_00342_1bb3298f__temp0.10__seed7,0.43463923920276926,,14,per_run_oof
internlm3_8b_instruct__math_test_00342_1bb3298f__temp0.60__seed7,0.10144846582460977,1.0,14,per_run_oof
internlm3_8b_instruct__math_test_00342_1bb3298f__temp1.00__seed7,0.10007732589755793,,14,per_run_oof
internlm3_8b_instruct__math_test_00343_e54f9ee1__temp0.10__seed7,0.1364192883486225,,14,per_run_oof
internlm3_8b_instruct__math_test_00343_e54f9ee1__temp0.60__seed7,0.14193609964834156,,14,per_run_oof
internlm3_8b_instruct__math_test_00343_e54f9ee1__temp1.00__seed7,0.08034359633590482,,14,per_run_oof
internlm3_8b_instruct__math_test_00344_64925ab7__temp0.10__seed7,0.09133934052912727,,14,per_run_oof
internlm3_8b_instruct__math_test_00344_64925ab7__temp0.60__seed7,0.3996658281601139,,14,per_run_oof
internlm3_8b_instruct__math_test_00344_64925ab7__temp1.00__seed7,0.4235860186680564,,14,per_run_oof
internlm3_8b_instruct__math_test_00345_6af61995__temp0.10__seed7,0.23486521378658123,,14,per_run_oof
internlm3_8b_instruct__math_test_00345_6af61995__temp0.60__seed7,0.4012690487255123,,14,per_run_oof
internlm3_8b_instruct__math_test_00345_6af61995__temp1.00__seed7,0.45383072045218736,,14,per_run_oof
internlm3_8b_instruct__math_test_00346_baa6122d__temp0.10__seed7,0.4341637127101463,,14,per_run_oof
internlm3_8b_instruct__math_test_00346_baa6122d__temp0.60__seed7,0.07626361174080966,,14,per_run_oof
internlm3_8b_instruct__math_test_00346_baa6122d__temp1.00__seed7,0.16921083157122555,,14,per_run_oof
internlm3_8b_instruct__math_test_00347_a2f7bec0__temp0.10__seed7,0.09218589449723606,,14,per_run_oof
internlm3_8b_instruct__math_test_00347_a2f7bec0__temp0.60__seed7,0.048915867666373035,,14,per_run_oof
internlm3_8b_instruct__math_test_00347_a2f7bec0__temp1.00__seed7,0.15998778885529524,,14,per_run_oof
internlm3_8b_instruct__math_test_00348_86ddc3d0__temp0.10__seed7,0.3552829129468824,,14,per_run_oof
internlm3_8b_instruct__math_test_00348_86ddc3d0__temp0.60__seed7,0.3764696233639176,,14,per_run_oof
internlm3_8b_instruct__math_test_00348_86ddc3d0__temp1.00__seed7,0.33595786919916676,,14,per_run_oof
internlm3_8b_instruct__math_test_00349_b9d9a1ba__temp0.10__seed7,0.15855769033735598,0.7692307692307693,14,per_run_oof
internlm3_8b_instruct__math_test_00349_b9d9a1ba__temp0.60__seed7,0.36279147518360205,0.175,14,per_run_oof
internlm3_8b_instruct__math_test_00349_b9d9a1ba__temp1.00__seed7,0.2660134470082936,0.6153846153846154,14,per_run_oof
internlm3_8b_instruct__math_test_00350_02aacf73__temp0.10__seed7,0.06930867822009903,1.0,14,per_run_oof
internlm3_8b_instruct__math_test_00350_02aacf73__temp0.60__seed7,0.25011194560578853,0.6,14,per_run_oof
internlm3_8b_instruct__math_test_00350_02aacf73__temp1.00__seed7,0.25883415810434457,0.75,14,per_run_oof
internlm3_8b_instruct__math_test_00351_67aec9c5__temp0.10__seed7,0.49050702240496485,,14,per_run_oof
internlm3_8b_instruct__math_test_00351_67aec9c5__temp0.60__seed7,0.48232524702605467,,14,per_run_oof
internlm3_8b_instruct__math_test_00351_67aec9c5__temp1.00__seed7,0.43671784462909236,,14,per_run_oof
internlm3_8b_instruct__math_test_00352_e74ba0fa__temp0.10__seed7,0.10691868291169995,,14,per_run_oof
internlm3_8b_instruct__math_test_00352_e74ba0fa__temp0.60__seed7,0.02184806865790908,,14,per_run_oof
internlm3_8b_instruct__math_test_00352_e74ba0fa__temp1.00__seed7,0.14913573223874885,,14,per_run_oof
internlm3_8b_instruct__math_test_00353_8c1deb6e__temp0.10__seed7,0.023198740802540422,,14,per_run_oof
internlm3_8b_instruct__math_test_00353_8c1deb6e__temp0.60__seed7,0.22782072139335918,,14,per_run_oof
internlm3_8b_instruct__math_test_00353_8c1deb6e__temp1.00__seed7,0.2694049051367718,,14,per_run_oof
internlm3_8b_instruct__math_test_00354_47b050a9__temp0.10__seed7,0.1663188897786978,,14,per_run_oof
internlm3_8b_instruct__math_test_00354_47b050a9__temp0.60__seed7,0.3420780800854325,,14,per_run_oof
internlm3_8b_instruct__math_test_00354_47b050a9__temp1.00__seed7,0.05167694796619726,,14,per_run_oof
internlm3_8b_instruct__math_test_00355_ec1c2c36__temp0.10__seed7,0.10249535962519397,,14,per_run_oof
internlm3_8b_instruct__math_test_00355_ec1c2c36__temp0.60__seed7,0.06156939401098157,1.0,14,per_run_oof
internlm3_8b_instruct__math_test_00355_ec1c2c36__temp1.00__seed7,0.17025225689817067,0.8333333333333333,14,per_run_oof
internlm3_8b_instruct__math_test_00356_f8a2ffc1__temp0.10__seed7,0.31498843609458477,,14,per_run_oof
internlm3_8b_instruct__math_test_00356_f8a2ffc1__temp0.60__seed7,0.30556824038749486,,14,per_run_oof
internlm3_8b_instruct__math_test_00356_f8a2ffc1__temp1.00__seed7,0.5372903983615284,,14,per_run_oof
internlm3_8b_instruct__math_test_00357_8a63afe5__temp0.10__seed7,0.27059183964628336,,14,per_run_oof
internlm3_8b_instruct__math_test_00357_8a63afe5__temp0.60__seed7,0.16395105674704544,0.7692307692307693,14,per_run_oof
internlm3_8b_instruct__math_test_00357_8a63afe5__temp1.00__seed7,0.3552976423828637,0.3076923076923077,14,per_run_oof
internlm3_8b_instruct__math_test_00358_76dfcccb__temp0.10__seed7,0.38795053892053927,0.9696969696969697,14,per_run_oof
internlm3_8b_instruct__math_test_00358_76dfcccb__temp0.60__seed7,0.14655789741897501,0.9583333333333333,14,per_run_oof
internlm3_8b_instruct__math_test_00358_76dfcccb__temp1.00__seed7,0.13707726750505675,0.9393939393939394,14,per_run_oof
internlm3_8b_instruct__math_test_00359_f093fce4__temp0.10__seed7,0.462532913620744,,14,per_run_oof
internlm3_8b_instruct__math_test_00359_f093fce4__temp0.60__seed7,0.0609613533987106,1.0,14,per_run_oof
internlm3_8b_instruct__math_test_00359_f093fce4__temp1.00__seed7,0.5334980984679202,,14,per_run_oof
internlm3_8b_instruct__math_test_00360_e7cc4a6f__temp0.10__seed7,0.013086941611268974,,14,per_run_oof
internlm3_8b_instruct__math_test_00360_e7cc4a6f__temp0.60__seed7,0.3135901991743596,,14,per_run_oof
internlm3_8b_instruct__math_test_00360_e7cc4a6f__temp1.00__seed7,0.2513043448186156,,14,per_run_oof
internlm3_8b_instruct__math_test_00361_e7fdc3ec__temp0.10__seed7,0.36202096644737847,,14,per_run_oof
internlm3_8b_instruct__math_test_00361_e7fdc3ec__temp0.60__seed7,0.5110976852538883,,14,per_run_oof
internlm3_8b_instruct__math_test_00361_e7fdc3ec__temp1.00__seed7,0.41591062214314445,,14,per_run_oof
internlm3_8b_instruct__math_test_00362_a3ec21a8__temp0.10__seed7,0.04306134061667268,,14,per_run_oof
internlm3_8b_instruct__math_test_00362_a3ec21a8__temp0.60__seed7,0.28886662217838166,,14,per_run_oof
internlm3_8b_instruct__math_test_00362_a3ec21a8__temp1.00__seed7,0.243567067972929,,14,per_run_oof
internlm3_8b_instruct__math_test_00363_76d22eff__temp0.10__seed7,0.38222809503570565,,14,per_run_oof
internlm3_8b_instruct__math_test_00363_76d22eff__temp0.60__seed7,0.2996076671842984,,14,per_run_oof
internlm3_8b_instruct__math_test_00363_76d22eff__temp1.00__seed7,0.06186720126035752,,14,per_run_oof
internlm3_8b_instruct__math_test_00364_48ea1907__temp0.10__seed7,0.43503668007075136,,14,per_run_oof
internlm3_8b_instruct__math_test_00364_48ea1907__temp0.60__seed7,0.29407976090841903,,14,per_run_oof
internlm3_8b_instruct__math_test_00364_48ea1907__temp1.00__seed7,0.11582119590914451,0.75,14,per_run_oof
internlm3_8b_instruct__math_test_00365_ee443bc9__temp0.10__seed7,0.024843009685566016,,14,per_run_oof
internlm3_8b_instruct__math_test_00365_ee443bc9__temp0.60__seed7,0.05467471546285104,,14,per_run_oof
internlm3_8b_instruct__math_test_00365_ee443bc9__temp1.00__seed7,0.04796040763951844,,14,per_run_oof
internlm3_8b_instruct__math_test_00366_e4373bdd__temp0.10__seed7,0.08104907560527534,,14,per_run_oof
internlm3_8b_instruct__math_test_00366_e4373bdd__temp0.60__seed7,0.2315653750651845,,14,per_run_oof
internlm3_8b_instruct__math_test_00366_e4373bdd__temp1.00__seed7,0.04548068669684626,,14,per_run_oof
internlm3_8b_instruct__math_test_00367_f645536a__temp0.10__seed7,0.012773093976755315,,14,per_run_oof
internlm3_8b_instruct__math_test_00367_f645536a__temp0.60__seed7,0.3174188962774391,,14,per_run_oof
internlm3_8b_instruct__math_test_00367_f645536a__temp1.00__seed7,0.3990761377239134,,14,per_run_oof
internlm3_8b_instruct__math_test_00368_3ac511d2__temp0.10__seed7,0.133345747800258,1.0,14,per_run_oof
internlm3_8b_instruct__math_test_00368_3ac511d2__temp0.60__seed7,0.21327636575068373,0.775,14,per_run_oof
internlm3_8b_instruct__math_test_00368_3ac511d2__temp1.00__seed7,0.12241422508427603,0.7083333333333334,14,per_run_oof
internlm3_8b_instruct__math_test_00369_598cca5b__temp0.10__seed7,0.01232084408085739,,14,per_run_oof
internlm3_8b_instruct__math_test_00369_598cca5b__temp0.60__seed7,0.01095440860867446,,14,per_run_oof
internlm3_8b_instruct__math_test_00369_598cca5b__temp1.00__seed7,0.058037355657300574,,14,per_run_oof
internlm3_8b_instruct__math_test_00370_ca991c57__temp0.10__seed7,0.04620348840934134,,14,per_run_oof
internlm3_8b_instruct__math_test_00370_ca991c57__temp0.60__seed7,0.13162691688903,0.8461538461538461,14,per_run_oof
internlm3_8b_instruct__math_test_00370_ca991c57__temp1.00__seed7,0.43992503940759553,,14,per_run_oof
internlm3_8b_instruct__math_test_00371_2bd6f928__temp0.10__seed7,0.0965853094101288,,14,per_run_oof
internlm3_8b_instruct__math_test_00371_2bd6f928__temp0.60__seed7,0.20845777306066407,,14,per_run_oof
internlm3_8b_instruct__math_test_00371_2bd6f928__temp1.00__seed7,0.11745227277727044,1.0,14,per_run_oof
internlm3_8b_instruct__math_test_00372_b7f23143__temp0.10__seed7,0.45551091698525187,,14,per_run_oof
internlm3_8b_instruct__math_test_00372_b7f23143__temp0.60__seed7,0.29229193610056475,,14,per_run_oof
internlm3_8b_instruct__math_test_00372_b7f23143__temp1.00__seed7,0.42188585622953034,,14,per_run_oof
internlm3_8b_instruct__math_test_00373_00badbcf__temp0.10__seed7,0.26560688983376785,,14,per_run_oof
internlm3_8b_instruct__math_test_00373_00badbcf__temp0.60__seed7,0.381741555368671,,14,per_run_oof
internlm3_8b_instruct__math_test_00373_00badbcf__temp1.00__seed7,0.09856670050218376,,14,per_run_oof
internlm3_8b_instruct__math_test_00374_6b1b63ff__temp0.10__seed7,0.1290143942152639,1.0,14,per_run_oof
internlm3_8b_instruct__math_test_00374_6b1b63ff__temp0.60__seed7,0.1497850002545375,,14,per_run_oof
internlm3_8b_instruct__math_test_00374_6b1b63ff__temp1.00__seed7,0.34483485145114295,,14,per_run_oof
internlm3_8b_instruct__math_test_00375_150bb464__temp0.10__seed7,0.225737551000687,0.15384615384615385,14,per_run_oof
internlm3_8b_instruct__math_test_00375_150bb464__temp0.60__seed7,0.1469449746725992,0.9583333333333333,14,per_run_oof
internlm3_8b_instruct__math_test_00375_150bb464__temp1.00__seed7,0.16290793869422576,,14,per_run_oof
internlm3_8b_instruct__math_test_00376_61c1faed__temp0.10__seed7,0.4056967134054374,,14,per_run_oof
internlm3_8b_instruct__math_test_00376_61c1faed__temp0.60__seed7,0.530929226805172,,14,per_run_oof
internlm3_8b_instruct__math_test_00376_61c1faed__temp1.00__seed7,0.46505493425785166,,14,per_run_oof
internlm3_8b_instruct__math_test_00377_5a155369__temp0.10__seed7,0.21581991376162288,,14,per_run_oof
internlm3_8b_instruct__math_test_00377_5a155369__temp0.60__seed7,0.3118350874703448,,14,per_run_oof
internlm3_8b_instruct__math_test_00377_5a155369__temp1.00__seed7,0.38006429566309313,,14,per_run_oof
internlm3_8b_instruct__math_test_00378_679ad820__temp0.10__seed7,0.04452848819667788,,14,per_run_oof
internlm3_8b_instruct__math_test_00378_679ad820__temp0.60__seed7,0.0522141781257431,,14,per_run_oof
internlm3_8b_instruct__math_test_00378_679ad820__temp1.00__seed7,0.04575670968921896,,14,per_run_oof
internlm3_8b_instruct__math_test_00379_47fb8717__temp0.10__seed7,0.22820255881817816,,14,per_run_oof
internlm3_8b_instruct__math_test_00379_47fb8717__temp0.60__seed7,0.27606344737006766,,14,per_run_oof
internlm3_8b_instruct__math_test_00379_47fb8717__temp1.00__seed7,0.22963493321415296,0.46153846153846156,14,per_run_oof
internlm3_8b_instruct__math_test_00380_5f1641b4__temp0.10__seed7,0.029154983489261193,,14,per_run_oof
internlm3_8b_instruct__math_test_00380_5f1641b4__temp0.60__seed7,0.16369207063569977,,14,per_run_oof
internlm3_8b_instruct__math_test_00380_5f1641b4__temp1.00__seed7,0.03372110511348987,,14,per_run_oof
internlm3_8b_instruct__math_test_00381_8df788ff__temp0.10__seed7,0.22887480541680688,,14,per_run_oof
internlm3_8b_instruct__math_test_00381_8df788ff__temp0.60__seed7,0.25072727917706494,0.9166666666666666,14,per_run_oof
internlm3_8b_instruct__math_test_00381_8df788ff__temp1.00__seed7,0.360981468600663,,14,per_run_oof
internlm3_8b_instruct__math_test_00382_38d763f6__temp0.10__seed7,0.36607964813873156,,14,per_run_oof
internlm3_8b_instruct__math_test_00382_38d763f6__temp0.60__seed7,0.11879139384851867,,14,per_run_oof
internlm3_8b_instruct__math_test_00382_38d763f6__temp1.00__seed7,0.3933370735106983,,14,per_run_oof
internlm3_8b_instruct__math_test_00383_08527b10__temp0.10__seed7,0.06869471894891895,,14,per_run_oof
internlm3_8b_instruct__math_test_00383_08527b10__temp0.60__seed7,0.38394749855311394,,14,per_run_oof
internlm3_8b_instruct__math_test_00383_08527b10__temp1.00__seed7,0.08105011991655209,,14,per_run_oof
internlm3_8b_instruct__math_test_00384_b0468733__temp0.10__seed7,0.2084296792079228,,14,per_run_oof
internlm3_8b_instruct__math_test_00384_b0468733__temp0.60__seed7,0.43316909474829796,,14,per_run_oof
internlm3_8b_instruct__math_test_00384_b0468733__temp1.00__seed7,0.4813973407735039,,14,per_run_oof
internlm3_8b_instruct__math_test_00385_30dafe73__temp0.10__seed7,0.12643089226771367,1.0,14,per_run_oof
internlm3_8b_instruct__math_test_00385_30dafe73__temp0.60__seed7,0.19175102922410855,1.0,14,per_run_oof
internlm3_8b_instruct__math_test_00385_30dafe73__temp1.00__seed7,0.1717116507649026,0.696969696969697,14,per_run_oof
internlm3_8b_instruct__math_test_00386_07310b54__temp0.10__seed7,0.04216060931225974,,14,per_run_oof
internlm3_8b_instruct__math_test_00386_07310b54__temp0.60__seed7,0.0901348526378855,,14,per_run_oof
internlm3_8b_instruct__math_test_00386_07310b54__temp1.00__seed7,0.052911229822356506,,14,per_run_oof
internlm3_8b_instruct__math_test_00387_17210adf__temp0.10__seed7,0.2710058619637495,,14,per_run_oof
internlm3_8b_instruct__math_test_00387_17210adf__temp0.60__seed7,0.2880600678837265,,14,per_run_oof
internlm3_8b_instruct__math_test_00387_17210adf__temp1.00__seed7,0.4054447944958087,,14,per_run_oof
internlm3_8b_instruct__math_test_00388_11e6a957__temp0.10__seed7,0.09868341965769377,,14,per_run_oof
internlm3_8b_instruct__math_test_00388_11e6a957__temp0.60__seed7,0.4712352580778472,0.0,14,per_run_oof
internlm3_8b_instruct__math_test_00388_11e6a957__temp1.00__seed7,0.1664718928760123,0.7692307692307693,14,per_run_oof
internlm3_8b_instruct__math_test_00389_a5faa9e5__temp0.10__seed7,0.06823058901758547,,14,per_run_oof
internlm3_8b_instruct__math_test_00389_a5faa9e5__temp0.60__seed7,0.527115951514188,,14,per_run_oof
internlm3_8b_instruct__math_test_00389_a5faa9e5__temp1.00__seed7,0.36526983200966207,0.3333333333333333,14,per_run_oof
internlm3_8b_instruct__math_test_00390_ea31a6ca__temp0.10__seed7,0.04831373625130277,,14,per_run_oof
internlm3_8b_instruct__math_test_00390_ea31a6ca__temp0.60__seed7,0.06691497799038382,,14,per_run_oof
internlm3_8b_instruct__math_test_00390_ea31a6ca__temp1.00__seed7,0.059208636831949456,,14,per_run_oof
internlm3_8b_instruct__math_test_00391_da45406a__temp0.10__seed7,0.47693731873907125,,14,per_run_oof
internlm3_8b_instruct__math_test_00391_da45406a__temp0.60__seed7,0.3660329631348956,,14,per_run_oof
internlm3_8b_instruct__math_test_00391_da45406a__temp1.00__seed7,0.06796862805150189,1.0,14,per_run_oof
internlm3_8b_instruct__math_test_00392_5ec89a77__temp0.10__seed7,0.10395962632227274,,14,per_run_oof
internlm3_8b_instruct__math_test_00392_5ec89a77__temp0.60__seed7,0.050035339936594515,,14,per_run_oof
internlm3_8b_instruct__math_test_00392_5ec89a77__temp1.00__seed7,0.16876876901123822,,14,per_run_oof
internlm3_8b_instruct__math_test_00393_b3a1a15f__temp0.10__seed7,0.050983567281972356,,14,per_run_oof
internlm3_8b_instruct__math_test_00393_b3a1a15f__temp0.60__seed7,0.16605746566116888,,14,per_run_oof
internlm3_8b_instruct__math_test_00393_b3a1a15f__temp1.00__seed7,0.07852422045308678,,14,per_run_oof
internlm3_8b_instruct__math_test_00394_372e8efa__temp0.10__seed7,0.1316270249266382,0.825,14,per_run_oof
internlm3_8b_instruct__math_test_00394_372e8efa__temp0.60__seed7,0.1845941729243417,0.8500000000000001,14,per_run_oof
internlm3_8b_instruct__math_test_00394_372e8efa__temp1.00__seed7,0.06524296669353942,,14,per_run_oof
internlm3_8b_instruct__math_test_00395_71129ef0__temp0.10__seed7,0.1419207546344482,,14,per_run_oof
internlm3_8b_instruct__math_test_00395_71129ef0__temp0.60__seed7,0.2913509344267936,,14,per_run_oof
internlm3_8b_instruct__math_test_00395_71129ef0__temp1.00__seed7,0.18875595753808044,,14,per_run_oof
internlm3_8b_instruct__math_test_00396_ba3bcd56__temp0.10__seed7,0.0845465967470631,,14,per_run_oof
internlm3_8b_instruct__math_test_00396_ba3bcd56__temp0.60__seed7,0.042476383722232725,,14,per_run_oof
internlm3_8b_instruct__math_test_00396_ba3bcd56__temp1.00__seed7,0.0776369210939913,,14,per_run_oof
internlm3_8b_instruct__math_test_00397_92c7504a__temp0.10__seed7,0.22703721680398248,,14,per_run_oof
internlm3_8b_instruct__math_test_00397_92c7504a__temp0.60__seed7,0.06514702230009634,,14,per_run_oof
internlm3_8b_instruct__math_test_00397_92c7504a__temp1.00__seed7,0.09486815732270816,,14,per_run_oof
internlm3_8b_instruct__math_test_00398_23079a25__temp0.10__seed7,0.0911968170215123,,14,per_run_oof
internlm3_8b_instruct__math_test_00398_23079a25__temp0.60__seed7,0.2598758523176605,,14,per_run_oof
internlm3_8b_instruct__math_test_00398_23079a25__temp1.00__seed7,0.10948665113961902,,14,per_run_oof
internlm3_8b_instruct__math_test_00399_efffa141__temp0.10__seed7,0.15865643173194027,,14,per_run_oof
internlm3_8b_instruct__math_test_00399_efffa141__temp0.60__seed7,0.06370893686761035,,14,per_run_oof
internlm3_8b_instruct__math_test_00399_efffa141__temp1.00__seed7,0.05744300483847562,,14,per_run_oof
internlm3_8b_instruct__math_test_00400_8f10146b__temp0.10__seed7,0.07608220769242484,,14,per_run_oof
internlm3_8b_instruct__math_test_00400_8f10146b__temp0.60__seed7,0.07087749459685969,,14,per_run_oof
internlm3_8b_instruct__math_test_00400_8f10146b__temp1.00__seed7,0.23100978220576734,,14,per_run_oof
internlm3_8b_instruct__math_test_00401_62859aeb__temp0.10__seed7,0.06000272974263155,,14,per_run_oof
internlm3_8b_instruct__math_test_00401_62859aeb__temp0.60__seed7,0.05738426971856302,,14,per_run_oof
internlm3_8b_instruct__math_test_00401_62859aeb__temp1.00__seed7,0.26022065242858455,0.979591836734694,14,per_run_oof
internlm3_8b_instruct__math_test_00402_d12fb851__temp0.10__seed7,0.26420036653798873,,14,per_run_oof
internlm3_8b_instruct__math_test_00402_d12fb851__temp0.60__seed7,0.3401930704568173,,14,per_run_oof
internlm3_8b_instruct__math_test_00402_d12fb851__temp1.00__seed7,0.4659342631638941,,14,per_run_oof
internlm3_8b_instruct__math_test_00403_11b3b101__temp0.10__seed7,0.12811837123607886,,14,per_run_oof
internlm3_8b_instruct__math_test_00403_11b3b101__temp0.60__seed7,0.0992301016392639,,14,per_run_oof
internlm3_8b_instruct__math_test_00403_11b3b101__temp1.00__seed7,0.1295249985260112,,14,per_run_oof
internlm3_8b_instruct__math_test_00404_da55437b__temp0.10__seed7,0.4215048442861638,1.0,14,per_run_oof
internlm3_8b_instruct__math_test_00404_da55437b__temp0.60__seed7,0.5664847415269384,,14,per_run_oof
internlm3_8b_instruct__math_test_00404_da55437b__temp1.00__seed7,0.2874019018767773,0.6530612244897959,14,per_run_oof
internlm3_8b_instruct__math_test_00405_668162f1__temp0.10__seed7,0.4156009476455016,,14,per_run_oof
internlm3_8b_instruct__math_test_00405_668162f1__temp0.60__seed7,0.5172464711306793,,14,per_run_oof
internlm3_8b_instruct__math_test_00405_668162f1__temp1.00__seed7,0.5352527263120684,,14,per_run_oof
internlm3_8b_instruct__math_test_00406_895adc35__temp0.10__seed7,0.2728083676228791,,14,per_run_oof
internlm3_8b_instruct__math_test_00406_895adc35__temp0.60__seed7,0.33253811618191803,,14,per_run_oof
internlm3_8b_instruct__math_test_00406_895adc35__temp1.00__seed7,0.1316717478211564,,14,per_run_oof
internlm3_8b_instruct__math_test_00407_21645a77__temp0.10__seed7,0.34877367878844356,1.0,14,per_run_oof
internlm3_8b_instruct__math_test_00407_21645a77__temp0.60__seed7,0.3105686636698585,0.0,14,per_run_oof
internlm3_8b_instruct__math_test_00407_21645a77__temp1.00__seed7,0.3141033482771875,,14,per_run_oof
internlm3_8b_instruct__math_test_00408_72a21fce__temp0.10__seed7,0.1543871141698919,,14,per_run_oof
internlm3_8b_instruct__math_test_00408_72a21fce__temp0.60__seed7,0.17186870115670402,,14,per_run_oof
internlm3_8b_instruct__math_test_00408_72a21fce__temp1.00__seed7,0.12676735849520684,1.0,14,per_run_oof
internlm3_8b_instruct__math_test_00409_2cbb5151__temp0.10__seed7,0.061093566244752595,,14,per_run_oof
internlm3_8b_instruct__math_test_00409_2cbb5151__temp0.60__seed7,0.1598211275489875,,14,per_run_oof
internlm3_8b_instruct__math_test_00409_2cbb5151__temp1.00__seed7,0.15377763208220654,,14,per_run_oof
internlm3_8b_instruct__math_test_00410_6885282d__temp0.10__seed7,0.028642780865549913,,14,per_run_oof
internlm3_8b_instruct__math_test_00410_6885282d__temp0.60__seed7,0.09132235608271096,,14,per_run_oof
internlm3_8b_instruct__math_test_00410_6885282d__temp1.00__seed7,0.016464552121891775,,14,per_run_oof
internlm3_8b_instruct__math_test_00411_6f5d00d6__temp0.10__seed7,0.1524129927529941,,14,per_run_oof
internlm3_8b_instruct__math_test_00411_6f5d00d6__temp0.60__seed7,0.12468186572104471,1.0,14,per_run_oof
internlm3_8b_instruct__math_test_00411_6f5d00d6__temp1.00__seed7,0.1342555255851779,,14,per_run_oof
internlm3_8b_instruct__math_test_00412_403b3454__temp0.10__seed7,0.05877892345494159,,14,per_run_oof
internlm3_8b_instruct__math_test_00412_403b3454__temp0.60__seed7,0.051661649242620844,,14,per_run_oof
internlm3_8b_instruct__math_test_00412_403b3454__temp1.00__seed7,0.03312567450108432,,14,per_run_oof
internlm3_8b_instruct__math_test_00413_a79cadf3__temp0.10__seed7,0.1274230758651473,,14,per_run_oof
internlm3_8b_instruct__math_test_00413_a79cadf3__temp0.60__seed7,0.3816823900294323,,14,per_run_oof
internlm3_8b_instruct__math_test_00413_a79cadf3__temp1.00__seed7,0.41605176930536897,,14,per_run_oof
internlm3_8b_instruct__math_test_00414_f8b3d5f2__temp0.10__seed7,0.020531152877691954,,14,per_run_oof
internlm3_8b_instruct__math_test_00414_f8b3d5f2__temp0.60__seed7,0.30219985410461686,,14,per_run_oof
internlm3_8b_instruct__math_test_00414_f8b3d5f2__temp1.00__seed7,0.03956446305766602,,14,per_run_oof
internlm3_8b_instruct__math_test_00415_df5709ae__temp0.10__seed7,0.0375507664852309,,14,per_run_oof
internlm3_8b_instruct__math_test_00415_df5709ae__temp0.60__seed7,0.0299145607750619,,14,per_run_oof
internlm3_8b_instruct__math_test_00415_df5709ae__temp1.00__seed7,0.05071710729776717,,14,per_run_oof
internlm3_8b_instruct__math_test_00416_29223b4f__temp0.10__seed7,0.18471144495662914,0.875,14,per_run_oof
internlm3_8b_instruct__math_test_00416_29223b4f__temp0.60__seed7,0.22053485608389223,,14,per_run_oof
internlm3_8b_instruct__math_test_00416_29223b4f__temp1.00__seed7,0.036514808027281964,,14,per_run_oof
internlm3_8b_instruct__math_test_00417_f378f07d__temp0.10__seed7,0.22605876473863495,,14,per_run_oof
internlm3_8b_instruct__math_test_00417_f378f07d__temp0.60__seed7,0.49225718503793725,,14,per_run_oof
internlm3_8b_instruct__math_test_00417_f378f07d__temp1.00__seed7,0.10601674121717322,1.0,14,per_run_oof
internlm3_8b_instruct__math_test_00418_452dc872__temp0.10__seed7,0.06578716872636377,,14,per_run_oof
internlm3_8b_instruct__math_test_00418_452dc872__temp0.60__seed7,0.04062657503865869,,14,per_run_oof
internlm3_8b_instruct__math_test_00418_452dc872__temp1.00__seed7,0.06069259217915031,,14,per_run_oof
internlm3_8b_instruct__math_test_00419_dadaee3f__temp0.10__seed7,0.5480751454748924,1.0,14,per_run_oof
internlm3_8b_instruct__math_test_00419_dadaee3f__temp0.60__seed7,0.47387720771248504,0.787878787878788,14,per_run_oof
internlm3_8b_instruct__math_test_00419_dadaee3f__temp1.00__seed7,0.3144020232803123,0.6041666666666667,14,per_run_oof
internlm3_8b_instruct__math_test_00420_ecd5f88d__temp0.10__seed7,0.11579776606228152,,14,per_run_oof
internlm3_8b_instruct__math_test_00420_ecd5f88d__temp0.60__seed7,0.09395297106935382,,14,per_run_oof
internlm3_8b_instruct__math_test_00420_ecd5f88d__temp1.00__seed7,0.1167353084277493,,14,per_run_oof
internlm3_8b_instruct__math_test_00421_c2187615__temp0.10__seed7,0.11645988399139531,,14,per_run_oof
internlm3_8b_instruct__math_test_00421_c2187615__temp0.60__seed7,0.11317149783901101,,14,per_run_oof
internlm3_8b_instruct__math_test_00421_c2187615__temp1.00__seed7,0.11206094868657031,,14,per_run_oof
internlm3_8b_instruct__math_test_00422_fec8190b__temp0.10__seed7,0.09093613408457317,,14,per_run_oof
internlm3_8b_instruct__math_test_00422_fec8190b__temp0.60__seed7,0.11299989127982756,,14,per_run_oof
internlm3_8b_instruct__math_test_00422_fec8190b__temp1.00__seed7,0.13035641344405885,,14,per_run_oof
internlm3_8b_instruct__math_test_00423_19a18675__temp0.10__seed7,0.08561786451944624,,14,per_run_oof
internlm3_8b_instruct__math_test_00423_19a18675__temp0.60__seed7,0.09113927821246523,,14,per_run_oof
internlm3_8b_instruct__math_test_00423_19a18675__temp1.00__seed7,0.11915134598276879,,14,per_run_oof
internlm3_8b_instruct__math_test_00424_4db9759a__temp0.10__seed7,0.0729237799363849,,14,per_run_oof
internlm3_8b_instruct__math_test_00424_4db9759a__temp0.60__seed7,0.08161792915597373,,14,per_run_oof
internlm3_8b_instruct__math_test_00424_4db9759a__temp1.00__seed7,0.07188649475501956,,14,per_run_oof
internlm3_8b_instruct__math_test_00425_88cd35aa__temp0.10__seed7,0.20397536798540802,,14,per_run_oof
internlm3_8b_instruct__math_test_00425_88cd35aa__temp0.60__seed7,0.14210586023799757,,14,per_run_oof
internlm3_8b_instruct__math_test_00425_88cd35aa__temp1.00__seed7,0.38673590089512755,,14,per_run_oof
internlm3_8b_instruct__math_test_00426_206b8557__temp0.10__seed7,0.36737378487965267,,14,per_run_oof
internlm3_8b_instruct__math_test_00426_206b8557__temp0.60__seed7,0.1312284582641524,0.875,14,per_run_oof
internlm3_8b_instruct__math_test_00426_206b8557__temp1.00__seed7,0.532445692673628,,14,per_run_oof
internlm3_8b_instruct__math_test_00427_f158b2bb__temp0.10__seed7,0.43562757197611424,0.9111111111111112,14,per_run_oof
internlm3_8b_instruct__math_test_00427_f158b2bb__temp0.60__seed7,0.1779577552235716,,14,per_run_oof
internlm3_8b_instruct__math_test_00427_f158b2bb__temp1.00__seed7,0.10958391033060691,,14,per_run_oof
internlm3_8b_instruct__math_test_00428_ecc1932f__temp0.10__seed7,0.07775866946549123,,14,per_run_oof
internlm3_8b_instruct__math_test_00428_ecc1932f__temp0.60__seed7,0.3120937153632569,,14,per_run_oof
internlm3_8b_instruct__math_test_00428_ecc1932f__temp1.00__seed7,0.03231812166178986,,14,per_run_oof
internlm3_8b_instruct__math_test_00429_0ed0c936__temp0.10__seed7,0.11583473455880064,0.3076923076923077,14,per_run_oof
internlm3_8b_instruct__math_test_00429_0ed0c936__temp0.60__seed7,0.11249238478678751,0.3846153846153846,14,per_run_oof
internlm3_8b_instruct__math_test_00429_0ed0c936__temp1.00__seed7,0.252827680928984,0.15384615384615385,14,per_run_oof
internlm3_8b_instruct__math_test_00430_28f71d47__temp0.10__seed7,0.2610703714952058,,14,per_run_oof
internlm3_8b_instruct__math_test_00430_28f71d47__temp0.60__seed7,0.4181370145931142,,14,per_run_oof
internlm3_8b_instruct__math_test_00430_28f71d47__temp1.00__seed7,0.14565522733345193,1.0,14,per_run_oof
internlm3_8b_instruct__math_test_00431_a332c76b__temp0.10__seed7,0.09628958865807499,,14,per_run_oof
internlm3_8b_instruct__math_test_00431_a332c76b__temp0.60__seed7,0.0935112673226229,,14,per_run_oof
internlm3_8b_instruct__math_test_00431_a332c76b__temp1.00__seed7,0.05642433202645058,,14,per_run_oof
internlm3_8b_instruct__math_test_00432_f6edb398__temp0.10__seed7,0.35265230481953147,,14,per_run_oof
internlm3_8b_instruct__math_test_00432_f6edb398__temp0.60__seed7,0.4749374960295659,,14,per_run_oof
internlm3_8b_instruct__math_test_00432_f6edb398__temp1.00__seed7,0.39433896242888744,,14,per_run_oof
internlm3_8b_instruct__math_test_00433_25f606a1__temp0.10__seed7,0.07354706051402424,,14,per_run_oof
internlm3_8b_instruct__math_test_00433_25f606a1__temp0.60__seed7,0.08866532871904305,1.0,14,per_run_oof
internlm3_8b_instruct__math_test_00433_25f606a1__temp1.00__seed7,0.09261097363322135,1.0,14,per_run_oof
internlm3_8b_instruct__math_test_00434_ad11ec3c__temp0.10__seed7,0.09387214100126925,,14,per_run_oof
internlm3_8b_instruct__math_test_00434_ad11ec3c__temp0.60__seed7,0.47375639779736245,,14,per_run_oof
internlm3_8b_instruct__math_test_00434_ad11ec3c__temp1.00__seed7,0.29708961169696757,,14,per_run_oof
internlm3_8b_instruct__math_test_00435_c222bfff__temp0.10__seed7,0.16631811819904652,,14,per_run_oof
internlm3_8b_instruct__math_test_00435_c222bfff__temp0.60__seed7,0.12706664703442125,,14,per_run_oof
internlm3_8b_instruct__math_test_00435_c222bfff__temp1.00__seed7,0.2182612782957026,0.7916666666666667,14,per_run_oof
internlm3_8b_instruct__math_test_00436_c183974b__temp0.10__seed7,0.07910027247483718,,14,per_run_oof
internlm3_8b_instruct__math_test_00436_c183974b__temp0.60__seed7,0.24934824863835028,,14,per_run_oof
internlm3_8b_instruct__math_test_00436_c183974b__temp1.00__seed7,0.1172335581752221,,14,per_run_oof
internlm3_8b_instruct__math_test_00437_07c4cf7f__temp0.10__seed7,0.1153267933735537,,14,per_run_oof
internlm3_8b_instruct__math_test_00437_07c4cf7f__temp0.60__seed7,0.3931093913832746,0.9583333333333333,14,per_run_oof
internlm3_8b_instruct__math_test_00437_07c4cf7f__temp1.00__seed7,0.24317922717737347,0.7692307692307693,14,per_run_oof
internlm3_8b_instruct__math_test_00438_ea332f2c__temp0.10__seed7,0.058912554233040794,,14,per_run_oof
internlm3_8b_instruct__math_test_00438_ea332f2c__temp0.60__seed7,0.205626032000769,,14,per_run_oof
internlm3_8b_instruct__math_test_00438_ea332f2c__temp1.00__seed7,0.16840818248132616,0.46153846153846156,14,per_run_oof
internlm3_8b_instruct__math_test_00439_fe7d8b6b__temp0.10__seed7,0.16327527603528794,0.6666666666666667,14,per_run_oof
internlm3_8b_instruct__math_test_00439_fe7d8b6b__temp0.60__seed7,0.40624394402494385,,14,per_run_oof
internlm3_8b_instruct__math_test_00439_fe7d8b6b__temp1.00__seed7,0.09215792264379852,0.9583333333333333,14,per_run_oof
internlm3_8b_instruct__math_test_00440_941bd991__temp0.10__seed7,0.32198652527821164,,14,per_run_oof
internlm3_8b_instruct__math_test_00440_941bd991__temp0.60__seed7,0.15303067930503822,,14,per_run_oof
internlm3_8b_instruct__math_test_00440_941bd991__temp1.00__seed7,0.17938248027703896,,14,per_run_oof
internlm3_8b_instruct__math_test_00441_d2f5328b__temp0.10__seed7,0.18888757494835778,0.1515151515151515,14,per_run_oof
internlm3_8b_instruct__math_test_00441_d2f5328b__temp0.60__seed7,0.06497871290060458,,14,per_run_oof
internlm3_8b_instruct__math_test_00441_d2f5328b__temp1.00__seed7,0.19098576556815575,0.9111111111111111,14,per_run_oof
internlm3_8b_instruct__math_test_00442_2d9f4473__temp0.10__seed7,0.31528855728747546,,14,per_run_oof
internlm3_8b_instruct__math_test_00442_2d9f4473__temp0.60__seed7,0.05753696365373536,,14,per_run_oof
internlm3_8b_instruct__math_test_00442_2d9f4473__temp1.00__seed7,0.025974978783429692,,14,per_run_oof
internlm3_8b_instruct__math_test_00443_e86eb3e6__temp0.10__seed7,0.21853999085802087,,14,per_run_oof
internlm3_8b_instruct__math_test_00443_e86eb3e6__temp0.60__seed7,0.3019060903590979,,14,per_run_oof
internlm3_8b_instruct__math_test_00443_e86eb3e6__temp1.00__seed7,0.08571671116801435,,14,per_run_oof
internlm3_8b_instruct__math_test_00444_8230401f__temp0.10__seed7,0.333296237020698,,14,per_run_oof
internlm3_8b_instruct__math_test_00444_8230401f__temp0.60__seed7,0.4442718775164068,,14,per_run_oof
internlm3_8b_instruct__math_test_00444_8230401f__temp1.00__seed7,0.08684598333544924,,14,per_run_oof
internlm3_8b_instruct__math_test_00445_295567c6__temp0.10__seed7,0.04629025535516738,,14,per_run_oof
internlm3_8b_instruct__math_test_00445_295567c6__temp0.60__seed7,0.04801522746073772,,14,per_run_oof
internlm3_8b_instruct__math_test_00445_295567c6__temp1.00__seed7,0.2221772037309522,,14,per_run_oof
internlm3_8b_instruct__math_test_00446_54f3a4b2__temp0.10__seed7,0.2436322324308884,1.0,14,per_run_oof
internlm3_8b_instruct__math_test_00446_54f3a4b2__temp0.60__seed7,0.1736068476311268,,14,per_run_oof
internlm3_8b_instruct__math_test_00446_54f3a4b2__temp1.00__seed7,0.3827192985549286,,14,per_run_oof
internlm3_8b_instruct__math_test_00447_716decc2__temp0.10__seed7,0.504286007798987,,14,per_run_oof
internlm3_8b_instruct__math_test_00447_716decc2__temp0.60__seed7,0.3491401826806836,0.5416666666666666,14,per_run_oof
internlm3_8b_instruct__math_test_00447_716decc2__temp1.00__seed7,0.16018359535183269,0.8461538461538461,14,per_run_oof
internlm3_8b_instruct__math_test_00448_7dbbd02d__temp0.10__seed7,0.2973479072076239,,14,per_run_oof
internlm3_8b_instruct__math_test_00448_7dbbd02d__temp0.60__seed7,0.2811764065976147,,14,per_run_oof
internlm3_8b_instruct__math_test_00448_7dbbd02d__temp1.00__seed7,0.17350103369600373,0.8461538461538461,14,per_run_oof
internlm3_8b_instruct__math_test_00449_2f12a8b9__temp0.10__seed7,0.029118845208081553,,14,per_run_oof
internlm3_8b_instruct__math_test_00449_2f12a8b9__temp0.60__seed7,0.04908581435335931,,14,per_run_oof
internlm3_8b_instruct__math_test_00449_2f12a8b9__temp1.00__seed7,0.04989564744323512,,14,per_run_oof
internlm3_8b_instruct__math_test_00450_2fb65375__temp0.10__seed7,0.12173711371294314,,14,per_run_oof
internlm3_8b_instruct__math_test_00450_2fb65375__temp0.60__seed7,0.4351853937333784,,14,per_run_oof
internlm3_8b_instruct__math_test_00450_2fb65375__temp1.00__seed7,0.2909631179631623,,14,per_run_oof
internlm3_8b_instruct__math_test_00451_daefed59__temp0.10__seed7,0.176011358076339,,14,per_run_oof
internlm3_8b_instruct__math_test_00451_daefed59__temp0.60__seed7,0.3974095698905035,,14,per_run_oof
internlm3_8b_instruct__math_test_00451_daefed59__temp1.00__seed7,0.2734061522169225,0.9583333333333333,14,per_run_oof
internlm3_8b_instruct__math_test_00452_0a6f0014__temp0.10__seed7,0.3099808359421048,,14,per_run_oof
internlm3_8b_instruct__math_test_00452_0a6f0014__temp0.60__seed7,0.28560214360799846,,14,per_run_oof
internlm3_8b_instruct__math_test_00452_0a6f0014__temp1.00__seed7,0.4143991392531784,,14,per_run_oof
internlm3_8b_instruct__math_test_00453_e4690c39__temp0.10__seed7,0.266779576927104,0.0,14,per_run_oof
internlm3_8b_instruct__math_test_00453_e4690c39__temp0.60__seed7,0.3900999728645928,,14,per_run_oof
internlm3_8b_instruct__math_test_00453_e4690c39__temp1.00__seed7,0.24899712078955916,,14,per_run_oof
internlm3_8b_instruct__math_test_00454_393f3656__temp0.10__seed7,0.1322114997361568,,14,per_run_oof
internlm3_8b_instruct__math_test_00454_393f3656__temp0.60__seed7,0.1308507741790047,1.0,14,per_run_oof
internlm3_8b_instruct__math_test_00454_393f3656__temp1.00__seed7,0.42313712785420066,,14,per_run_oof
internlm3_8b_instruct__math_test_00455_23844847__temp0.10__seed7,0.4142865912521915,,14,per_run_oof
internlm3_8b_instruct__math_test_00455_23844847__temp0.60__seed7,0.2901167596966237,,14,per_run_oof
internlm3_8b_instruct__math_test_00455_23844847__temp1.00__seed7,0.31078781937403166,,14,per_run_oof
internlm3_8b_instruct__math_test_00456_e4200fbf__temp0.10__seed7,0.21644336938846268,,14,per_run_oof
internlm3_8b_instruct__math_test_00456_e4200fbf__temp0.60__seed7,0.03624452300581299,,14,per_run_oof
internlm3_8b_instruct__math_test_00456_e4200fbf__temp1.00__seed7,0.10288491131192301,,14,per_run_oof
internlm3_8b_instruct__math_test_00457_5330f4b3__temp0.10__seed7,0.33658604453552704,,14,per_run_oof
internlm3_8b_instruct__math_test_00457_5330f4b3__temp0.60__seed7,0.16159859645476646,0.9111111111111111,14,per_run_oof
internlm3_8b_instruct__math_test_00457_5330f4b3__temp1.00__seed7,0.4946322582805021,,14,per_run_oof
internlm3_8b_instruct__math_test_00458_4085c1eb__temp0.10__seed7,0.12757193903331218,,14,per_run_oof
internlm3_8b_instruct__math_test_00458_4085c1eb__temp0.60__seed7,0.3455538914936135,,14,per_run_oof
internlm3_8b_instruct__math_test_00458_4085c1eb__temp1.00__seed7,0.09200404383802475,,14,per_run_oof
internlm3_8b_instruct__math_test_00459_3b21e715__temp0.10__seed7,0.1447241371926637,,14,per_run_oof
internlm3_8b_instruct__math_test_00459_3b21e715__temp0.60__seed7,0.1658108234666403,,14,per_run_oof
internlm3_8b_instruct__math_test_00459_3b21e715__temp1.00__seed7,0.18647399583047264,0.7000000000000001,14,per_run_oof
internlm3_8b_instruct__math_test_00460_7d063370__temp0.10__seed7,0.03309550681258093,,14,per_run_oof
internlm3_8b_instruct__math_test_00460_7d063370__temp0.60__seed7,0.04743384376197489,,14,per_run_oof
internlm3_8b_instruct__math_test_00460_7d063370__temp1.00__seed7,0.06821057019732701,,14,per_run_oof
internlm3_8b_instruct__math_test_00461_5e43f1cd__temp0.10__seed7,0.10653905007114592,,14,per_run_oof
internlm3_8b_instruct__math_test_00461_5e43f1cd__temp0.60__seed7,0.12207228984644046,0.9230769230769231,14,per_run_oof
internlm3_8b_instruct__math_test_00461_5e43f1cd__temp1.00__seed7,0.14023029642745125,0.8787878787878788,14,per_run_oof
internlm3_8b_instruct__math_test_00462_dd3cfaa0__temp0.10__seed7,0.08648566024412552,,14,per_run_oof
internlm3_8b_instruct__math_test_00462_dd3cfaa0__temp0.60__seed7,0.24767075030598676,,14,per_run_oof
internlm3_8b_instruct__math_test_00462_dd3cfaa0__temp1.00__seed7,0.36844132033737476,,14,per_run_oof
internlm3_8b_instruct__math_test_00463_bc52d545__temp0.10__seed7,0.11214825941133388,,14,per_run_oof
internlm3_8b_instruct__math_test_00463_bc52d545__temp0.60__seed7,0.34970348181244,,14,per_run_oof
internlm3_8b_instruct__math_test_00463_bc52d545__temp1.00__seed7,0.3738666720406693,,14,per_run_oof
internlm3_8b_instruct__math_test_00464_979fe366__temp0.10__seed7,0.11644353415570685,,14,per_run_oof
internlm3_8b_instruct__math_test_00464_979fe366__temp0.60__seed7,0.14398160774177823,,14,per_run_oof
internlm3_8b_instruct__math_test_00464_979fe366__temp1.00__seed7,0.05291021201723251,,14,per_run_oof
internlm3_8b_instruct__math_test_00465_240ca4d8__temp0.10__seed7,0.18193367881527536,,14,per_run_oof
internlm3_8b_instruct__math_test_00465_240ca4d8__temp0.60__seed7,0.3314828873104858,,14,per_run_oof
internlm3_8b_instruct__math_test_00465_240ca4d8__temp1.00__seed7,0.35621902952085366,,14,per_run_oof
internlm3_8b_instruct__math_test_00466_b3ac660a__temp0.10__seed7,0.06969483061605512,,14,per_run_oof
internlm3_8b_instruct__math_test_00466_b3ac660a__temp0.60__seed7,0.043938836032723534,,14,per_run_oof
internlm3_8b_instruct__math_test_00466_b3ac660a__temp1.00__seed7,0.059885733933014405,,14,per_run_oof
internlm3_8b_instruct__math_test_00467_eaadd0bc__temp0.10__seed7,0.33985854226408624,,14,per_run_oof
internlm3_8b_instruct__math_test_00467_eaadd0bc__temp0.60__seed7,0.2944232076552769,,14,per_run_oof
internlm3_8b_instruct__math_test_00467_eaadd0bc__temp1.00__seed7,0.3288540529970825,,14,per_run_oof
internlm3_8b_instruct__math_test_00468_67c8ff7f__temp0.10__seed7,0.1367373683981494,,14,per_run_oof
internlm3_8b_instruct__math_test_00468_67c8ff7f__temp0.60__seed7,0.41709320022119206,,14,per_run_oof
internlm3_8b_instruct__math_test_00468_67c8ff7f__temp1.00__seed7,0.15897104325013647,0.825,14,per_run_oof
internlm3_8b_instruct__math_test_00469_bfdb0295__temp0.10__seed7,0.07206540065796474,,14,per_run_oof
internlm3_8b_instruct__math_test_00469_bfdb0295__temp0.60__seed7,0.23605943978703675,,14,per_run_oof
internlm3_8b_instruct__math_test_00469_bfdb0295__temp1.00__seed7,0.31196070704065987,,14,per_run_oof
internlm3_8b_instruct__math_test_00470_5db3c51e__temp0.10__seed7,0.06548341588098323,,14,per_run_oof
internlm3_8b_instruct__math_test_00470_5db3c51e__temp0.60__seed7,0.3487593862626109,,14,per_run_oof
internlm3_8b_instruct__math_test_00470_5db3c51e__temp1.00__seed7,0.3512307773521706,1.0,14,per_run_oof
internlm3_8b_instruct__math_test_00471_3d41e63d__temp0.10__seed7,0.05585055151165217,,14,per_run_oof
internlm3_8b_instruct__math_test_00471_3d41e63d__temp0.60__seed7,0.07327818867625153,,14,per_run_oof
internlm3_8b_instruct__math_test_00471_3d41e63d__temp1.00__seed7,0.31557993315401756,,14,per_run_oof
internlm3_8b_instruct__math_test_00472_4acb3f94__temp0.10__seed7,0.2807707039095531,0.9583333333333334,14,per_run_oof
internlm3_8b_instruct__math_test_00472_4acb3f94__temp0.60__seed7,0.09628885250389442,,14,per_run_oof
internlm3_8b_instruct__math_test_00472_4acb3f94__temp1.00__seed7,0.2566260919469413,,14,per_run_oof
internlm3_8b_instruct__math_test_00473_e294330c__temp0.10__seed7,0.07127193522127129,,14,per_run_oof
internlm3_8b_instruct__math_test_00473_e294330c__temp0.60__seed7,0.34411305547138576,0.20833333333333337,14,per_run_oof
internlm3_8b_instruct__math_test_00473_e294330c__temp1.00__seed7,0.26750343214197003,,14,per_run_oof
internlm3_8b_instruct__math_test_00474_e8b47eda__temp0.10__seed7,0.20354837425450537,1.0,14,per_run_oof
internlm3_8b_instruct__math_test_00474_e8b47eda__temp0.60__seed7,0.02741234724652522,,14,per_run_oof
internlm3_8b_instruct__math_test_00474_e8b47eda__temp1.00__seed7,0.331190019544186,,14,per_run_oof
internlm3_8b_instruct__math_test_00475_f189eb4d__temp0.10__seed7,0.513395059779464,,14,per_run_oof
internlm3_8b_instruct__math_test_00475_f189eb4d__temp0.60__seed7,0.12217634086626757,1.0,14,per_run_oof
internlm3_8b_instruct__math_test_00475_f189eb4d__temp1.00__seed7,0.12252689273096984,0.8958333333333334,14,per_run_oof
internlm3_8b_instruct__math_test_00476_1c3d9d93__temp0.10__seed7,0.07214651552966453,0.8461538461538461,14,per_run_oof
internlm3_8b_instruct__math_test_00476_1c3d9d93__temp0.60__seed7,0.28140594872563407,,14,per_run_oof
internlm3_8b_instruct__math_test_00476_1c3d9d93__temp1.00__seed7,0.254145819180634,,14,per_run_oof
internlm3_8b_instruct__math_test_00477_9c19e671__temp0.10__seed7,0.41385571415676076,,14,per_run_oof
internlm3_8b_instruct__math_test_00477_9c19e671__temp0.60__seed7,0.3858506547016472,,14,per_run_oof
internlm3_8b_instruct__math_test_00477_9c19e671__temp1.00__seed7,0.47632405478289325,,14,per_run_oof
internlm3_8b_instruct__math_test_00478_bde3ec32__temp0.10__seed7,0.15972270286097712,,14,per_run_oof
internlm3_8b_instruct__math_test_00478_bde3ec32__temp0.60__seed7,0.2571760922549451,,14,per_run_oof
internlm3_8b_instruct__math_test_00478_bde3ec32__temp1.00__seed7,0.07338998147197509,,14,per_run_oof
internlm3_8b_instruct__math_test_00479_aea5556d__temp0.10__seed7,0.040850052035036354,,14,per_run_oof
internlm3_8b_instruct__math_test_00479_aea5556d__temp0.60__seed7,0.2803427274133955,,14,per_run_oof
internlm3_8b_instruct__math_test_00479_aea5556d__temp1.00__seed7,0.04650719937315495,,14,per_run_oof
internlm3_8b_instruct__math_test_00480_fb9447b2__temp0.10__seed7,0.0513620146399442,,14,per_run_oof
internlm3_8b_instruct__math_test_00480_fb9447b2__temp0.60__seed7,0.10874906747348992,,14,per_run_oof
internlm3_8b_instruct__math_test_00480_fb9447b2__temp1.00__seed7,0.0869226326768182,,14,per_run_oof
internlm3_8b_instruct__math_test_00481_47b01624__temp0.10__seed7,0.09049284471444426,,14,per_run_oof
internlm3_8b_instruct__math_test_00481_47b01624__temp0.60__seed7,0.0777868802418942,,14,per_run_oof
internlm3_8b_instruct__math_test_00481_47b01624__temp1.00__seed7,0.28382515325487984,0.07692307692307687,14,per_run_oof
internlm3_8b_instruct__math_test_00482_84ec0b89__temp0.10__seed7,0.39538409416846704,,14,per_run_oof
internlm3_8b_instruct__math_test_00482_84ec0b89__temp0.60__seed7,0.1411149497207976,,14,per_run_oof
internlm3_8b_instruct__math_test_00482_84ec0b89__temp1.00__seed7,0.15223073215227786,,14,per_run_oof
internlm3_8b_instruct__math_test_00483_053f5644__temp0.10__seed7,0.21924491465448895,0.0,14,per_run_oof
internlm3_8b_instruct__math_test_00483_053f5644__temp0.60__seed7,0.13996597357020873,,14,per_run_oof
internlm3_8b_instruct__math_test_00483_053f5644__temp1.00__seed7,0.13963846205780256,0.9230769230769231,14,per_run_oof
internlm3_8b_instruct__math_test_00484_f2cd6be7__temp0.10__seed7,0.4002224085432972,,14,per_run_oof
internlm3_8b_instruct__math_test_00484_f2cd6be7__temp0.60__seed7,0.38106468448350783,,14,per_run_oof
internlm3_8b_instruct__math_test_00484_f2cd6be7__temp1.00__seed7,0.32181457261734553,,14,per_run_oof
internlm3_8b_instruct__math_test_00485_25a9bc12__temp0.10__seed7,0.2527362556767234,,14,per_run_oof
internlm3_8b_instruct__math_test_00485_25a9bc12__temp0.60__seed7,0.16184839000321993,,14,per_run_oof
internlm3_8b_instruct__math_test_00485_25a9bc12__temp1.00__seed7,0.08363743712594254,1.0,14,per_run_oof
internlm3_8b_instruct__math_test_00486_11e9a1ba__temp0.10__seed7,0.3529318941819942,,14,per_run_oof
internlm3_8b_instruct__math_test_00486_11e9a1ba__temp0.60__seed7,0.38007365345364824,,14,per_run_oof
internlm3_8b_instruct__math_test_00486_11e9a1ba__temp1.00__seed7,0.2948234753567779,,14,per_run_oof
internlm3_8b_instruct__math_test_00487_f5dafb4d__temp0.10__seed7,0.4945860118711729,,14,per_run_oof
internlm3_8b_instruct__math_test_00487_f5dafb4d__temp0.60__seed7,0.41798084564109433,,14,per_run_oof
internlm3_8b_instruct__math_test_00487_f5dafb4d__temp1.00__seed7,0.35861415227595606,0.47500000000000003,14,per_run_oof
internlm3_8b_instruct__math_test_00488_9e69b5fd__temp0.10__seed7,0.006855977047558738,,14,per_run_oof
internlm3_8b_instruct__math_test_00488_9e69b5fd__temp0.60__seed7,0.017457302103888964,,14,per_run_oof
internlm3_8b_instruct__math_test_00488_9e69b5fd__temp1.00__seed7,0.04938496411241078,,14,per_run_oof
internlm3_8b_instruct__math_test_00489_873b5ba3__temp0.10__seed7,0.2552914527993439,,14,per_run_oof
internlm3_8b_instruct__math_test_00489_873b5ba3__temp0.60__seed7,0.0022011637168452866,,14,per_run_oof
internlm3_8b_instruct__math_test_00489_873b5ba3__temp1.00__seed7,0.5190918214988066,,14,per_run_oof
internlm3_8b_instruct__math_test_00490_548caf2b__temp0.10__seed7,0.05915569485863558,,14,per_run_oof
internlm3_8b_instruct__math_test_00490_548caf2b__temp0.60__seed7,0.02741414583943613,,14,per_run_oof
internlm3_8b_instruct__math_test_00490_548caf2b__temp1.00__seed7,0.06769246953493363,,14,per_run_oof
internlm3_8b_instruct__math_test_00491_323b91c4__temp0.10__seed7,0.2866804051036916,,14,per_run_oof
internlm3_8b_instruct__math_test_00491_323b91c4__temp0.60__seed7,0.3844525862318286,,14,per_run_oof
internlm3_8b_instruct__math_test_00491_323b91c4__temp1.00__seed7,0.1855399029043901,,14,per_run_oof
internlm3_8b_instruct__math_test_00492_c9945122__temp0.10__seed7,0.17655232237506296,,14,per_run_oof
internlm3_8b_instruct__math_test_00492_c9945122__temp0.60__seed7,0.20807477263406346,,14,per_run_oof
internlm3_8b_instruct__math_test_00492_c9945122__temp1.00__seed7,0.08926506519281292,,14,per_run_oof
internlm3_8b_instruct__math_test_00493_3f0c6e0c__temp0.10__seed7,0.2547685598869604,0.6041666666666666,14,per_run_oof
internlm3_8b_instruct__math_test_00493_3f0c6e0c__temp0.60__seed7,0.38247873058418763,0.23076923076923073,14,per_run_oof
internlm3_8b_instruct__math_test_00493_3f0c6e0c__temp1.00__seed7,0.36789944698738236,,14,per_run_oof
internlm3_8b_instruct__math_test_00494_b8d8e1ef__temp0.10__seed7,0.5333962661107119,,14,per_run_oof
internlm3_8b_instruct__math_test_00494_b8d8e1ef__temp0.60__seed7,0.23996475413793203,,14,per_run_oof
internlm3_8b_instruct__math_test_00494_b8d8e1ef__temp1.00__seed7,0.37771300786687395,,14,per_run_oof
internlm3_8b_instruct__math_test_00495_63ae400e__temp0.10__seed7,0.10371981076294277,,14,per_run_oof
internlm3_8b_instruct__math_test_00495_63ae400e__temp0.60__seed7,0.11907104704186776,,14,per_run_oof
internlm3_8b_instruct__math_test_00495_63ae400e__temp1.00__seed7,0.4240623254163386,,14,per_run_oof
internlm3_8b_instruct__math_test_00496_401665a3__temp0.10__seed7,0.22867417939832627,,14,per_run_oof
internlm3_8b_instruct__math_test_00496_401665a3__temp0.60__seed7,0.18744989585562816,,14,per_run_oof
internlm3_8b_instruct__math_test_00496_401665a3__temp1.00__seed7,0.35084388881066186,0.6923076923076923,14,per_run_oof
internlm3_8b_instruct__math_test_00497_8d507426__temp0.10__seed7,0.29282502522626125,,14,per_run_oof
internlm3_8b_instruct__math_test_00497_8d507426__temp0.60__seed7,0.1347345385880902,0.6923076923076923,14,per_run_oof
internlm3_8b_instruct__math_test_00497_8d507426__temp1.00__seed7,0.2483542977940861,,14,per_run_oof
internlm3_8b_instruct__math_test_00498_743e3572__temp0.10__seed7,0.33194518975521936,,14,per_run_oof
internlm3_8b_instruct__math_test_00498_743e3572__temp0.60__seed7,0.19604276456194233,,14,per_run_oof
internlm3_8b_instruct__math_test_00498_743e3572__temp1.00__seed7,0.37235816169456937,,14,per_run_oof
internlm3_8b_instruct__math_test_00499_c3a514a9__temp0.10__seed7,0.37174399788106444,,14,per_run_oof
internlm3_8b_instruct__math_test_00499_c3a514a9__temp0.60__seed7,0.28248935603021613,,14,per_run_oof
internlm3_8b_instruct__math_test_00499_c3a514a9__temp1.00__seed7,0.5970180012594738,,14,per_run_oof
__pooled__,0.2071685102728002,0.7463157624959211,21000,pooled_oof
