step,q_t,repair_rate,corruption_rate,empirical_mu,empirical_variance,entropy_mean,answer_changed_rate,hidden_shift_mean,confidence_mean,n_examples,hazard_mu,delta_t,eb_upper_bound,eb_stop_signal
1,0.0,0.25,0.0,0.19999999999999998,0.21428571428571425,0.326629638671875,0.0,0.0,50.0,8,0.2,0.007599088773175335,5.24967682818553,0
2,0.25,0.0,0.125,-0.175,0.12500000000000003,0.338714599609375,0.75,11.882569551467896,50.0,8,-0.08125,0.0033773727880779263,5.377565444401566,0
