phase,temperature,seed,step,requested_batch_size,realized_batch_size,prompt_tokens,generated_tokens,wall_clock_seconds,examples_per_second,tokens_per_second,tokenize_seconds,generation_seconds,forward_seconds,postprocess_seconds,hidden_state_write_seconds,gpu_memory_allocated_gb,gpu_memory_reserved_gb,gpu_max_memory_allocated_gb,gpu_max_memory_reserved_gb,split_count,oom_retry_count
generate,0.1,7,1,8,8,2067,1142,36.5938513279998,0.2186159616896841,31.207428531202407,0.004395158000079391,35.03112606099967,1.5383601829998952,0.019465675999526866,0.0,5.6802215576171875,13.43359375,5.77713680267334,13.43359375,1,0
generate,0.1,7,2,8,8,3060,833,28.330651706000026,0.28237966718943197,29.4027828460996,0.004344872000729083,26.44022612400022,1.8720922729999074,0.013705573999686749,0.0,6.152186393737793,13.43359375,6.288733959197998,13.43359375,1,0
hidden_state_write,0.1,7,0,8,8,0,0,0.039328846001808415,,,0.0,0.0,0.0,0.0,0.039328846001808415,3.862009048461914,13.43359375,6.288733959197998,13.43359375,0,0
generate,0.1,7,1,4,4,1088,443,20.513427204000436,0.1949942328125423,21.59561128398906,0.002363935000175843,19.77713466899968,0.7284476929999073,0.005143651999787835,0.0,4.714017868041992,13.43359375,4.813721179962158,13.43359375,1,0
generate,0.1,7,2,4,4,1455,370,20.652256790999672,0.19368343326736157,17.915717577230946,0.002715278000323451,19.74160352800027,0.9015583939999487,0.006175589000122272,0.0,4.909391403198242,13.43359375,5.0113630294799805,13.43359375,1,0
hidden_state_write,0.1,7,0,4,4,0,0,0.019833879000543675,,,0.0,0.0,0.0,0.0,0.019833879000543675,3.862009048461914,13.43359375,5.0113630294799805,13.43359375,0,0
