run_id,brier,auc,n,scope
qwen2p5_0p5b__math_test_00000_5a6bb412__temp0.10__seed7,0.34588698998511613,,14,per_run_oof
qwen2p5_0p5b__math_test_00000_5a6bb412__temp0.60__seed7,0.2694161450449253,,14,per_run_oof
qwen2p5_0p5b__math_test_00000_5a6bb412__temp1.00__seed7,0.2843020619076128,,14,per_run_oof
qwen2p5_0p5b__math_test_00001_28176864__temp0.10__seed7,0.23654471860790574,,14,per_run_oof
qwen2p5_0p5b__math_test_00001_28176864__temp0.60__seed7,0.20305796878180576,,14,per_run_oof
qwen2p5_0p5b__math_test_00001_28176864__temp1.00__seed7,0.19695406626547932,0.7878787878787878,14,per_run_oof
qwen2p5_0p5b__math_test_00002_12859ab8__temp0.10__seed7,0.3206026187311962,,14,per_run_oof
qwen2p5_0p5b__math_test_00002_12859ab8__temp0.60__seed7,0.22773976945416977,,14,per_run_oof
qwen2p5_0p5b__math_test_00002_12859ab8__temp1.00__seed7,0.15856406628348144,,14,per_run_oof
qwen2p5_0p5b__math_test_00003_b88cddac__temp0.10__seed7,0.2019071352295843,,14,per_run_oof
qwen2p5_0p5b__math_test_00003_b88cddac__temp0.60__seed7,0.10908898842927904,,14,per_run_oof
qwen2p5_0p5b__math_test_00003_b88cddac__temp1.00__seed7,0.1267233487871424,,14,per_run_oof
qwen2p5_0p5b__math_test_00004_d6afb929__temp0.10__seed7,0.30013820126303353,,14,per_run_oof
qwen2p5_0p5b__math_test_00004_d6afb929__temp0.60__seed7,0.3236792688471521,,14,per_run_oof
qwen2p5_0p5b__math_test_00004_d6afb929__temp1.00__seed7,0.4526686051199276,,14,per_run_oof
qwen2p5_0p5b__math_test_00005_82ab404f__temp0.10__seed7,0.3039772829952511,,14,per_run_oof
qwen2p5_0p5b__math_test_00005_82ab404f__temp0.60__seed7,0.27509962152236067,,14,per_run_oof
qwen2p5_0p5b__math_test_00005_82ab404f__temp1.00__seed7,0.2760772930602238,,14,per_run_oof
qwen2p5_0p5b__math_test_00006_27e7448e__temp0.10__seed7,0.3173504721548083,,14,per_run_oof
qwen2p5_0p5b__math_test_00006_27e7448e__temp0.60__seed7,0.09858839398243366,,14,per_run_oof
qwen2p5_0p5b__math_test_00006_27e7448e__temp1.00__seed7,0.0847380722548103,,14,per_run_oof
qwen2p5_0p5b__math_test_00007_8a27500a__temp0.10__seed7,0.13901141657419092,,14,per_run_oof
qwen2p5_0p5b__math_test_00007_8a27500a__temp0.60__seed7,0.11382306015967936,,14,per_run_oof
qwen2p5_0p5b__math_test_00007_8a27500a__temp1.00__seed7,0.09116543003075529,,14,per_run_oof
qwen2p5_0p5b__math_test_00008_e894d48c__temp0.10__seed7,0.28125368948529644,,14,per_run_oof
qwen2p5_0p5b__math_test_00008_e894d48c__temp0.60__seed7,0.23337458420849438,,14,per_run_oof
qwen2p5_0p5b__math_test_00008_e894d48c__temp1.00__seed7,0.3032746427110967,,14,per_run_oof
qwen2p5_0p5b__math_test_00009_99c62e67__temp0.10__seed7,0.41327237636521547,,14,per_run_oof
qwen2p5_0p5b__math_test_00009_99c62e67__temp0.60__seed7,0.33754562315093173,,14,per_run_oof
qwen2p5_0p5b__math_test_00009_99c62e67__temp1.00__seed7,0.3558235695074297,,14,per_run_oof
qwen2p5_0p5b__math_test_00010_88e977e0__temp0.10__seed7,0.3074468922312361,,14,per_run_oof
qwen2p5_0p5b__math_test_00010_88e977e0__temp0.60__seed7,0.2755580165149117,,14,per_run_oof
qwen2p5_0p5b__math_test_00010_88e977e0__temp1.00__seed7,0.112293674504628,,14,per_run_oof
qwen2p5_0p5b__math_test_00011_3e051151__temp0.10__seed7,0.3400736413849225,,14,per_run_oof
qwen2p5_0p5b__math_test_00011_3e051151__temp0.60__seed7,0.23007637348278123,0.6923076923076923,14,per_run_oof
qwen2p5_0p5b__math_test_00011_3e051151__temp1.00__seed7,0.32747827399122353,0.3333333333333333,14,per_run_oof
qwen2p5_0p5b__math_test_00012_2ce46331__temp0.10__seed7,0.1574157382102251,,14,per_run_oof
qwen2p5_0p5b__math_test_00012_2ce46331__temp0.60__seed7,0.19146516683870973,,14,per_run_oof
qwen2p5_0p5b__math_test_00012_2ce46331__temp1.00__seed7,0.2138894353696143,,14,per_run_oof
qwen2p5_0p5b__math_test_00013_3fae6c79__temp0.10__seed7,0.27885710842076095,,14,per_run_oof
qwen2p5_0p5b__math_test_00013_3fae6c79__temp0.60__seed7,0.23745767935187095,,14,per_run_oof
qwen2p5_0p5b__math_test_00013_3fae6c79__temp1.00__seed7,0.34684456876060893,,14,per_run_oof
qwen2p5_0p5b__math_test_00014_4bed628b__temp0.10__seed7,0.24050285361427703,,14,per_run_oof
qwen2p5_0p5b__math_test_00014_4bed628b__temp0.60__seed7,0.26429479699515607,,14,per_run_oof
qwen2p5_0p5b__math_test_00014_4bed628b__temp1.00__seed7,0.24156651068616947,,14,per_run_oof
qwen2p5_0p5b__math_test_00015_04ca2ad3__temp0.10__seed7,0.2424688879734233,,14,per_run_oof
qwen2p5_0p5b__math_test_00015_04ca2ad3__temp0.60__seed7,0.29243005665108085,,14,per_run_oof
qwen2p5_0p5b__math_test_00015_04ca2ad3__temp1.00__seed7,0.31034646865284793,,14,per_run_oof
qwen2p5_0p5b__math_test_00016_da610902__temp0.10__seed7,0.1890821114987255,,14,per_run_oof
qwen2p5_0p5b__math_test_00016_da610902__temp0.60__seed7,0.31701388401432695,,14,per_run_oof
qwen2p5_0p5b__math_test_00016_da610902__temp1.00__seed7,0.1903663087336437,,14,per_run_oof
qwen2p5_0p5b__math_test_00017_c6ed297b__temp0.10__seed7,0.1846440098253396,,14,per_run_oof
qwen2p5_0p5b__math_test_00017_c6ed297b__temp0.60__seed7,0.30399949945177257,,14,per_run_oof
qwen2p5_0p5b__math_test_00017_c6ed297b__temp1.00__seed7,0.27119886378433494,,14,per_run_oof
qwen2p5_0p5b__math_test_00018_407dceb0__temp0.10__seed7,0.1711858151290868,,14,per_run_oof
qwen2p5_0p5b__math_test_00018_407dceb0__temp0.60__seed7,0.3403729434550817,,14,per_run_oof
qwen2p5_0p5b__math_test_00018_407dceb0__temp1.00__seed7,0.333413637138806,,14,per_run_oof
qwen2p5_0p5b__math_test_00019_646b1b85__temp0.10__seed7,0.22738431705621978,,14,per_run_oof
qwen2p5_0p5b__math_test_00019_646b1b85__temp0.60__seed7,0.23807653228653827,,14,per_run_oof
qwen2p5_0p5b__math_test_00019_646b1b85__temp1.00__seed7,0.22805312455377932,,14,per_run_oof
qwen2p5_0p5b__math_test_00020_f9bb4c02__temp0.10__seed7,0.17564150864981995,,14,per_run_oof
qwen2p5_0p5b__math_test_00020_f9bb4c02__temp0.60__seed7,0.03789518644911272,,14,per_run_oof
qwen2p5_0p5b__math_test_00020_f9bb4c02__temp1.00__seed7,0.25957526370587364,,14,per_run_oof
qwen2p5_0p5b__math_test_00021_b40f659d__temp0.10__seed7,0.32887590387560445,,14,per_run_oof
qwen2p5_0p5b__math_test_00021_b40f659d__temp0.60__seed7,0.32426746540286916,,14,per_run_oof
qwen2p5_0p5b__math_test_00021_b40f659d__temp1.00__seed7,0.06651015907725845,,14,per_run_oof
qwen2p5_0p5b__math_test_00022_8fba220b__temp0.10__seed7,0.3373153498583076,,14,per_run_oof
qwen2p5_0p5b__math_test_00022_8fba220b__temp0.60__seed7,0.23998117759087706,0.9230769230769231,14,per_run_oof
qwen2p5_0p5b__math_test_00022_8fba220b__temp1.00__seed7,0.2867225330840896,,14,per_run_oof
qwen2p5_0p5b__math_test_00023_998c2d9c__temp0.10__seed7,0.3242219391630754,,14,per_run_oof
qwen2p5_0p5b__math_test_00023_998c2d9c__temp0.60__seed7,0.3085522672156459,,14,per_run_oof
qwen2p5_0p5b__math_test_00023_998c2d9c__temp1.00__seed7,0.26500770505797144,,14,per_run_oof
qwen2p5_0p5b__math_test_00024_f928c750__temp0.10__seed7,0.26099998320582474,,14,per_run_oof
qwen2p5_0p5b__math_test_00024_f928c750__temp0.60__seed7,0.298300083861548,,14,per_run_oof
qwen2p5_0p5b__math_test_00024_f928c750__temp1.00__seed7,0.26069450677734896,,14,per_run_oof
qwen2p5_0p5b__math_test_00025_4388bd76__temp0.10__seed7,0.2472476458337696,,14,per_run_oof
qwen2p5_0p5b__math_test_00025_4388bd76__temp0.60__seed7,0.24645019457805092,,14,per_run_oof
qwen2p5_0p5b__math_test_00025_4388bd76__temp1.00__seed7,0.16273694803292926,,14,per_run_oof
qwen2p5_0p5b__math_test_00026_4945051e__temp0.10__seed7,0.29922760070896687,,14,per_run_oof
qwen2p5_0p5b__math_test_00026_4945051e__temp0.60__seed7,0.3729953019161689,,14,per_run_oof
qwen2p5_0p5b__math_test_00026_4945051e__temp1.00__seed7,0.26663628816609136,,14,per_run_oof
qwen2p5_0p5b__math_test_00027_9d852676__temp0.10__seed7,0.1473435448407579,,14,per_run_oof
qwen2p5_0p5b__math_test_00027_9d852676__temp0.60__seed7,0.20643589148217997,,14,per_run_oof
qwen2p5_0p5b__math_test_00027_9d852676__temp1.00__seed7,0.23870060020955924,,14,per_run_oof
qwen2p5_0p5b__math_test_00028_a585adcc__temp0.10__seed7,0.28689212007429415,,14,per_run_oof
qwen2p5_0p5b__math_test_00028_a585adcc__temp0.60__seed7,0.2757944685678277,,14,per_run_oof
qwen2p5_0p5b__math_test_00028_a585adcc__temp1.00__seed7,0.3238408893567525,,14,per_run_oof
qwen2p5_0p5b__math_test_00029_1b84e405__temp0.10__seed7,0.31888971028302054,,14,per_run_oof
qwen2p5_0p5b__math_test_00029_1b84e405__temp0.60__seed7,0.19514775275575938,,14,per_run_oof
qwen2p5_0p5b__math_test_00029_1b84e405__temp1.00__seed7,0.22117048724018004,,14,per_run_oof
qwen2p5_0p5b__math_test_00030_a477f137__temp0.10__seed7,0.18809382252143228,,14,per_run_oof
qwen2p5_0p5b__math_test_00030_a477f137__temp0.60__seed7,0.1686191476735424,,14,per_run_oof
qwen2p5_0p5b__math_test_00030_a477f137__temp1.00__seed7,0.19105553982494378,,14,per_run_oof
qwen2p5_0p5b__math_test_00031_1bbccbd2__temp0.10__seed7,0.30772024524348557,,14,per_run_oof
qwen2p5_0p5b__math_test_00031_1bbccbd2__temp0.60__seed7,0.1227879687814178,,14,per_run_oof
qwen2p5_0p5b__math_test_00031_1bbccbd2__temp1.00__seed7,0.17885899770880612,,14,per_run_oof
qwen2p5_0p5b__math_test_00032_f08fb3bb__temp0.10__seed7,0.18053279720973212,,14,per_run_oof
qwen2p5_0p5b__math_test_00032_f08fb3bb__temp0.60__seed7,0.07106109214011365,,14,per_run_oof
qwen2p5_0p5b__math_test_00032_f08fb3bb__temp1.00__seed7,0.25646990536251296,,14,per_run_oof
qwen2p5_0p5b__math_test_00033_0f789c1f__temp0.10__seed7,0.3158254688119938,,14,per_run_oof
qwen2p5_0p5b__math_test_00033_0f789c1f__temp0.60__seed7,0.225342702369548,,14,per_run_oof
qwen2p5_0p5b__math_test_00033_0f789c1f__temp1.00__seed7,0.3393094457578986,,14,per_run_oof
qwen2p5_0p5b__math_test_00034_dae3e9e5__temp0.10__seed7,0.2668407800859929,,14,per_run_oof
qwen2p5_0p5b__math_test_00034_dae3e9e5__temp0.60__seed7,0.2614127828885991,,14,per_run_oof
qwen2p5_0p5b__math_test_00034_dae3e9e5__temp1.00__seed7,0.19937038606517482,,14,per_run_oof
qwen2p5_0p5b__math_test_00035_f144cd5e__temp0.10__seed7,0.07222246237096588,,14,per_run_oof
qwen2p5_0p5b__math_test_00035_f144cd5e__temp0.60__seed7,0.14892854262710845,,14,per_run_oof
qwen2p5_0p5b__math_test_00035_f144cd5e__temp1.00__seed7,0.1047003934053237,,14,per_run_oof
qwen2p5_0p5b__math_test_00036_ccf4238b__temp0.10__seed7,0.3025069157418219,,14,per_run_oof
qwen2p5_0p5b__math_test_00036_ccf4238b__temp0.60__seed7,0.3375146245514483,,14,per_run_oof
qwen2p5_0p5b__math_test_00036_ccf4238b__temp1.00__seed7,0.21757254597161288,,14,per_run_oof
qwen2p5_0p5b__math_test_00037_2426e280__temp0.10__seed7,0.28659027112979574,,14,per_run_oof
qwen2p5_0p5b__math_test_00037_2426e280__temp0.60__seed7,0.2613861618085533,,14,per_run_oof
qwen2p5_0p5b__math_test_00037_2426e280__temp1.00__seed7,0.1586211811749695,,14,per_run_oof
qwen2p5_0p5b__math_test_00038_0e7cb690__temp0.10__seed7,0.2540394153695403,,14,per_run_oof
qwen2p5_0p5b__math_test_00038_0e7cb690__temp0.60__seed7,0.3334862133547069,,14,per_run_oof
qwen2p5_0p5b__math_test_00038_0e7cb690__temp1.00__seed7,0.26009217996374806,,14,per_run_oof
qwen2p5_0p5b__math_test_00039_8ba6a72a__temp0.10__seed7,0.20718744318304722,,14,per_run_oof
qwen2p5_0p5b__math_test_00039_8ba6a72a__temp0.60__seed7,0.16167601240672394,,14,per_run_oof
qwen2p5_0p5b__math_test_00039_8ba6a72a__temp1.00__seed7,0.1263314992069741,,14,per_run_oof
qwen2p5_0p5b__math_test_00040_814d16a0__temp0.10__seed7,0.1511025132662267,,14,per_run_oof
qwen2p5_0p5b__math_test_00040_814d16a0__temp0.60__seed7,0.17164473664777027,,14,per_run_oof
qwen2p5_0p5b__math_test_00040_814d16a0__temp1.00__seed7,0.21757928130191864,,14,per_run_oof
qwen2p5_0p5b__math_test_00041_7ad395c5__temp0.10__seed7,0.029329218014374454,,14,per_run_oof
qwen2p5_0p5b__math_test_00041_7ad395c5__temp0.60__seed7,0.039908557624918316,,14,per_run_oof
qwen2p5_0p5b__math_test_00041_7ad395c5__temp1.00__seed7,0.1902721359597544,,14,per_run_oof
qwen2p5_0p5b__math_test_00042_39c9185d__temp0.10__seed7,0.24197047316781123,,14,per_run_oof
qwen2p5_0p5b__math_test_00042_39c9185d__temp0.60__seed7,0.2849799684350695,,14,per_run_oof
qwen2p5_0p5b__math_test_00042_39c9185d__temp1.00__seed7,0.16272303897498583,,14,per_run_oof
qwen2p5_0p5b__math_test_00043_62275531__temp0.10__seed7,0.24005637078465464,,14,per_run_oof
qwen2p5_0p5b__math_test_00043_62275531__temp0.60__seed7,0.4089487182448396,,14,per_run_oof
qwen2p5_0p5b__math_test_00043_62275531__temp1.00__seed7,0.20563036060964066,,14,per_run_oof
qwen2p5_0p5b__math_test_00044_810e3649__temp0.10__seed7,0.23947272463787714,,14,per_run_oof
qwen2p5_0p5b__math_test_00044_810e3649__temp0.60__seed7,0.22486567391063997,,14,per_run_oof
qwen2p5_0p5b__math_test_00044_810e3649__temp1.00__seed7,0.2068871922326221,,14,per_run_oof
qwen2p5_0p5b__math_test_00045_152ae8e8__temp0.10__seed7,0.22356877682082718,,14,per_run_oof
qwen2p5_0p5b__math_test_00045_152ae8e8__temp0.60__seed7,0.2885757767163127,,14,per_run_oof
qwen2p5_0p5b__math_test_00045_152ae8e8__temp1.00__seed7,0.2789654036601448,,14,per_run_oof
qwen2p5_0p5b__math_test_00046_3e08e6df__temp0.10__seed7,0.2039932247921971,,14,per_run_oof
qwen2p5_0p5b__math_test_00046_3e08e6df__temp0.60__seed7,0.1460130037485403,,14,per_run_oof
qwen2p5_0p5b__math_test_00046_3e08e6df__temp1.00__seed7,0.14022614003297684,,14,per_run_oof
qwen2p5_0p5b__math_test_00047_3a39ed4a__temp0.10__seed7,0.315534122709095,,14,per_run_oof
qwen2p5_0p5b__math_test_00047_3a39ed4a__temp0.60__seed7,0.33235053200345105,,14,per_run_oof
qwen2p5_0p5b__math_test_00047_3a39ed4a__temp1.00__seed7,0.16585131039433137,,14,per_run_oof
qwen2p5_0p5b__math_test_00048_6a611c4a__temp0.10__seed7,0.31121418272638346,,14,per_run_oof
qwen2p5_0p5b__math_test_00048_6a611c4a__temp0.60__seed7,0.1821214808467504,,14,per_run_oof
qwen2p5_0p5b__math_test_00048_6a611c4a__temp1.00__seed7,0.23304520544241097,,14,per_run_oof
qwen2p5_0p5b__math_test_00049_e45e9b10__temp0.10__seed7,0.21200423718930703,,14,per_run_oof
qwen2p5_0p5b__math_test_00049_e45e9b10__temp0.60__seed7,0.31768976910698415,,14,per_run_oof
qwen2p5_0p5b__math_test_00049_e45e9b10__temp1.00__seed7,0.3270172992992365,,14,per_run_oof
qwen2p5_0p5b__math_test_00050_f4090aaa__temp0.10__seed7,0.28292170151822255,,14,per_run_oof
qwen2p5_0p5b__math_test_00050_f4090aaa__temp0.60__seed7,0.2609053435141751,,14,per_run_oof
qwen2p5_0p5b__math_test_00050_f4090aaa__temp1.00__seed7,0.2774355888089153,,14,per_run_oof
qwen2p5_0p5b__math_test_00051_1e5ff908__temp0.10__seed7,0.008606604476230864,,14,per_run_oof
qwen2p5_0p5b__math_test_00051_1e5ff908__temp0.60__seed7,0.27951245332708735,,14,per_run_oof
qwen2p5_0p5b__math_test_00051_1e5ff908__temp1.00__seed7,0.1062095612051538,,14,per_run_oof
qwen2p5_0p5b__math_test_00052_5850e1b9__temp0.10__seed7,0.2627905562414092,,14,per_run_oof
qwen2p5_0p5b__math_test_00052_5850e1b9__temp0.60__seed7,0.2725530101250822,,14,per_run_oof
qwen2p5_0p5b__math_test_00052_5850e1b9__temp1.00__seed7,0.3166218455371999,,14,per_run_oof
qwen2p5_0p5b__math_test_00053_f8d21f23__temp0.10__seed7,0.0010378829113673199,,14,per_run_oof
qwen2p5_0p5b__math_test_00053_f8d21f23__temp0.60__seed7,0.20342864939080135,,14,per_run_oof
qwen2p5_0p5b__math_test_00053_f8d21f23__temp1.00__seed7,0.2807481628401875,,14,per_run_oof
qwen2p5_0p5b__math_test_00054_ddf4c852__temp0.10__seed7,0.3270592699324529,,14,per_run_oof
qwen2p5_0p5b__math_test_00054_ddf4c852__temp0.60__seed7,0.3440691161595222,,14,per_run_oof
qwen2p5_0p5b__math_test_00054_ddf4c852__temp1.00__seed7,0.15575424334286864,,14,per_run_oof
qwen2p5_0p5b__math_test_00055_24952be5__temp0.10__seed7,0.23389748880917524,,14,per_run_oof
qwen2p5_0p5b__math_test_00055_24952be5__temp0.60__seed7,0.31886743976367843,,14,per_run_oof
qwen2p5_0p5b__math_test_00055_24952be5__temp1.00__seed7,0.341269166162602,,14,per_run_oof
qwen2p5_0p5b__math_test_00056_a8c223a1__temp0.10__seed7,0.2092963797744896,,14,per_run_oof
qwen2p5_0p5b__math_test_00056_a8c223a1__temp0.60__seed7,0.20009153330763965,,14,per_run_oof
qwen2p5_0p5b__math_test_00056_a8c223a1__temp1.00__seed7,0.17866844363917483,,14,per_run_oof
qwen2p5_0p5b__math_test_00057_8236aaa4__temp0.10__seed7,0.30621002916626233,,14,per_run_oof
qwen2p5_0p5b__math_test_00057_8236aaa4__temp0.60__seed7,0.25075249257431914,,14,per_run_oof
qwen2p5_0p5b__math_test_00057_8236aaa4__temp1.00__seed7,0.23120756149626104,,14,per_run_oof
qwen2p5_0p5b__math_test_00058_7afa45ab__temp0.10__seed7,0.004093079643046863,,14,per_run_oof
qwen2p5_0p5b__math_test_00058_7afa45ab__temp0.60__seed7,0.2335900973907385,,14,per_run_oof
qwen2p5_0p5b__math_test_00058_7afa45ab__temp1.00__seed7,0.2606980044156482,,14,per_run_oof
qwen2p5_0p5b__math_test_00059_43a9d185__temp0.10__seed7,0.18279703018462354,,14,per_run_oof
qwen2p5_0p5b__math_test_00059_43a9d185__temp0.60__seed7,0.27629101485035107,,14,per_run_oof
qwen2p5_0p5b__math_test_00059_43a9d185__temp1.00__seed7,0.2348366099568964,,14,per_run_oof
qwen2p5_0p5b__math_test_00060_a67ac75a__temp0.10__seed7,0.2507895915898897,,14,per_run_oof
qwen2p5_0p5b__math_test_00060_a67ac75a__temp0.60__seed7,0.24686140330185222,,14,per_run_oof
qwen2p5_0p5b__math_test_00060_a67ac75a__temp1.00__seed7,0.1890981623172476,,14,per_run_oof
qwen2p5_0p5b__math_test_00061_4943c966__temp0.10__seed7,0.17260197540591776,,14,per_run_oof
qwen2p5_0p5b__math_test_00061_4943c966__temp0.60__seed7,0.20177307853662999,1.0,14,per_run_oof
qwen2p5_0p5b__math_test_00061_4943c966__temp1.00__seed7,0.2057998180728646,,14,per_run_oof
qwen2p5_0p5b__math_test_00062_ae97d603__temp0.10__seed7,0.25869103860144005,,14,per_run_oof
qwen2p5_0p5b__math_test_00062_ae97d603__temp0.60__seed7,0.34249909526860955,,14,per_run_oof
qwen2p5_0p5b__math_test_00062_ae97d603__temp1.00__seed7,0.20362470855683582,,14,per_run_oof
qwen2p5_0p5b__math_test_00063_7eb01312__temp0.10__seed7,0.31199124751886603,,14,per_run_oof
qwen2p5_0p5b__math_test_00063_7eb01312__temp0.60__seed7,0.02126440288584928,,14,per_run_oof
qwen2p5_0p5b__math_test_00063_7eb01312__temp1.00__seed7,0.20839844172764158,,14,per_run_oof
qwen2p5_0p5b__math_test_00064_56e26e67__temp0.10__seed7,0.21996507773919136,,14,per_run_oof
qwen2p5_0p5b__math_test_00064_56e26e67__temp0.60__seed7,0.2002853586511931,,14,per_run_oof
qwen2p5_0p5b__math_test_00064_56e26e67__temp1.00__seed7,0.29638303214182155,,14,per_run_oof
qwen2p5_0p5b__math_test_00065_1d982f42__temp0.10__seed7,0.3240127913963778,,14,per_run_oof
qwen2p5_0p5b__math_test_00065_1d982f42__temp0.60__seed7,0.2503739980429579,,14,per_run_oof
qwen2p5_0p5b__math_test_00065_1d982f42__temp1.00__seed7,0.31646091103882734,,14,per_run_oof
qwen2p5_0p5b__math_test_00066_c503000c__temp0.10__seed7,0.3167743444900767,,14,per_run_oof
qwen2p5_0p5b__math_test_00066_c503000c__temp0.60__seed7,0.3213316373872401,,14,per_run_oof
qwen2p5_0p5b__math_test_00066_c503000c__temp1.00__seed7,0.25638299536896036,,14,per_run_oof
qwen2p5_0p5b__math_test_00067_b2cca4da__temp0.10__seed7,0.3421693500535053,,14,per_run_oof
qwen2p5_0p5b__math_test_00067_b2cca4da__temp0.60__seed7,0.35177438230721364,,14,per_run_oof
qwen2p5_0p5b__math_test_00067_b2cca4da__temp1.00__seed7,0.29407889512370133,,14,per_run_oof
qwen2p5_0p5b__math_test_00068_ea595be8__temp0.10__seed7,0.24009336840430562,,14,per_run_oof
qwen2p5_0p5b__math_test_00068_ea595be8__temp0.60__seed7,0.2067152439602362,,14,per_run_oof
qwen2p5_0p5b__math_test_00068_ea595be8__temp1.00__seed7,0.2804302423345431,,14,per_run_oof
qwen2p5_0p5b__math_test_00069_c6dad45a__temp0.10__seed7,0.17568261060604073,,14,per_run_oof
qwen2p5_0p5b__math_test_00069_c6dad45a__temp0.60__seed7,0.1880388345506368,,14,per_run_oof
qwen2p5_0p5b__math_test_00069_c6dad45a__temp1.00__seed7,0.367565587320279,0.7,14,per_run_oof
qwen2p5_0p5b__math_test_00070_96016437__temp0.10__seed7,0.0701745678789785,,14,per_run_oof
qwen2p5_0p5b__math_test_00070_96016437__temp0.60__seed7,0.19650073262409287,,14,per_run_oof
qwen2p5_0p5b__math_test_00070_96016437__temp1.00__seed7,0.36776719481600656,,14,per_run_oof
qwen2p5_0p5b__math_test_00071_98672352__temp0.10__seed7,0.3186709401903876,,14,per_run_oof
qwen2p5_0p5b__math_test_00071_98672352__temp0.60__seed7,0.3061271754283209,,14,per_run_oof
qwen2p5_0p5b__math_test_00071_98672352__temp1.00__seed7,0.2790943572445746,,14,per_run_oof
qwen2p5_0p5b__math_test_00072_76de8c53__temp0.10__seed7,0.24502759751643893,,14,per_run_oof
qwen2p5_0p5b__math_test_00072_76de8c53__temp0.60__seed7,0.12135929362999716,,14,per_run_oof
qwen2p5_0p5b__math_test_00072_76de8c53__temp1.00__seed7,0.24721829210967688,,14,per_run_oof
qwen2p5_0p5b__math_test_00073_7f9e23c9__temp0.10__seed7,0.2497166461651972,,14,per_run_oof
qwen2p5_0p5b__math_test_00073_7f9e23c9__temp0.60__seed7,0.26652054367676453,,14,per_run_oof
qwen2p5_0p5b__math_test_00073_7f9e23c9__temp1.00__seed7,0.37684410485630876,,14,per_run_oof
qwen2p5_0p5b__math_test_00074_5b6e5429__temp0.10__seed7,0.2109844279957739,,14,per_run_oof
qwen2p5_0p5b__math_test_00074_5b6e5429__temp0.60__seed7,0.27998149844085474,,14,per_run_oof
qwen2p5_0p5b__math_test_00074_5b6e5429__temp1.00__seed7,0.2413354653089972,,14,per_run_oof
qwen2p5_0p5b__math_test_00075_387f76f4__temp0.10__seed7,0.20617620132650458,,14,per_run_oof
qwen2p5_0p5b__math_test_00075_387f76f4__temp0.60__seed7,0.20188343740908812,,14,per_run_oof
qwen2p5_0p5b__math_test_00075_387f76f4__temp1.00__seed7,0.09729253439659868,,14,per_run_oof
qwen2p5_0p5b__math_test_00076_b45bd200__temp0.10__seed7,0.0706368483771484,1.0,14,per_run_oof
qwen2p5_0p5b__math_test_00076_b45bd200__temp0.60__seed7,0.3005076995842058,,14,per_run_oof
qwen2p5_0p5b__math_test_00076_b45bd200__temp1.00__seed7,0.2840751931131976,,14,per_run_oof
qwen2p5_0p5b__math_test_00077_0fdb870e__temp0.10__seed7,0.20675268162890198,,14,per_run_oof
qwen2p5_0p5b__math_test_00077_0fdb870e__temp0.60__seed7,0.19762684544486933,,14,per_run_oof
qwen2p5_0p5b__math_test_00077_0fdb870e__temp1.00__seed7,0.29007230414236507,,14,per_run_oof
qwen2p5_0p5b__math_test_00078_7de927b7__temp0.10__seed7,0.2524667144438974,,14,per_run_oof
qwen2p5_0p5b__math_test_00078_7de927b7__temp0.60__seed7,0.19129571203714293,,14,per_run_oof
qwen2p5_0p5b__math_test_00078_7de927b7__temp1.00__seed7,0.2108871694533528,0.6923076923076923,14,per_run_oof
qwen2p5_0p5b__math_test_00079_3f967fbe__temp0.10__seed7,0.2868299209345909,,14,per_run_oof
qwen2p5_0p5b__math_test_00079_3f967fbe__temp0.60__seed7,0.24823740601098038,,14,per_run_oof
qwen2p5_0p5b__math_test_00079_3f967fbe__temp1.00__seed7,0.2611858347553449,,14,per_run_oof
qwen2p5_0p5b__math_test_00080_ea7d5602__temp0.10__seed7,0.24289582313605113,,14,per_run_oof
qwen2p5_0p5b__math_test_00080_ea7d5602__temp0.60__seed7,0.02655543156041427,,14,per_run_oof
qwen2p5_0p5b__math_test_00080_ea7d5602__temp1.00__seed7,0.10931694086368811,,14,per_run_oof
qwen2p5_0p5b__math_test_00081_df488277__temp0.10__seed7,0.2972883997995384,,14,per_run_oof
qwen2p5_0p5b__math_test_00081_df488277__temp0.60__seed7,0.30962317425549657,,14,per_run_oof
qwen2p5_0p5b__math_test_00081_df488277__temp1.00__seed7,0.09697400545158497,,14,per_run_oof
qwen2p5_0p5b__math_test_00082_7fd2e8f8__temp0.10__seed7,0.19010386205611665,,14,per_run_oof
qwen2p5_0p5b__math_test_00082_7fd2e8f8__temp0.60__seed7,0.21077896432139417,,14,per_run_oof
qwen2p5_0p5b__math_test_00082_7fd2e8f8__temp1.00__seed7,0.20853165127689802,,14,per_run_oof
qwen2p5_0p5b__math_test_00083_5465f015__temp0.10__seed7,0.332753492221055,,14,per_run_oof
qwen2p5_0p5b__math_test_00083_5465f015__temp0.60__seed7,0.2865865056475258,,14,per_run_oof
qwen2p5_0p5b__math_test_00083_5465f015__temp1.00__seed7,0.2230631838537111,,14,per_run_oof
qwen2p5_0p5b__math_test_00084_c4267ccc__temp0.10__seed7,0.13863451522469708,,14,per_run_oof
qwen2p5_0p5b__math_test_00084_c4267ccc__temp0.60__seed7,0.13258631433675128,,14,per_run_oof
qwen2p5_0p5b__math_test_00084_c4267ccc__temp1.00__seed7,0.11039635857906327,,14,per_run_oof
qwen2p5_0p5b__math_test_00085_ab1a6003__temp0.10__seed7,0.30060514318927944,,14,per_run_oof
qwen2p5_0p5b__math_test_00085_ab1a6003__temp0.60__seed7,0.3131886980111655,,14,per_run_oof
qwen2p5_0p5b__math_test_00085_ab1a6003__temp1.00__seed7,0.22276433265971332,,14,per_run_oof
qwen2p5_0p5b__math_test_00086_3447bc00__temp0.10__seed7,0.325238582003029,,14,per_run_oof
qwen2p5_0p5b__math_test_00086_3447bc00__temp0.60__seed7,0.17321970397762954,,14,per_run_oof
qwen2p5_0p5b__math_test_00086_3447bc00__temp1.00__seed7,0.25251489343629,0.8444444444444444,14,per_run_oof
qwen2p5_0p5b__math_test_00087_649d31a4__temp0.10__seed7,0.24080878179485618,,14,per_run_oof
qwen2p5_0p5b__math_test_00087_649d31a4__temp0.60__seed7,0.2882022820949638,,14,per_run_oof
qwen2p5_0p5b__math_test_00087_649d31a4__temp1.00__seed7,0.3876690453274377,,14,per_run_oof
qwen2p5_0p5b__math_test_00088_207198c5__temp0.10__seed7,0.24523187331954324,,14,per_run_oof
qwen2p5_0p5b__math_test_00088_207198c5__temp0.60__seed7,0.18140453528887665,,14,per_run_oof
qwen2p5_0p5b__math_test_00088_207198c5__temp1.00__seed7,0.1799473193086321,,14,per_run_oof
qwen2p5_0p5b__math_test_00089_962971ae__temp0.10__seed7,0.32507527267373854,,14,per_run_oof
qwen2p5_0p5b__math_test_00089_962971ae__temp0.60__seed7,0.23123016545746286,,14,per_run_oof
qwen2p5_0p5b__math_test_00089_962971ae__temp1.00__seed7,0.26594059044144125,,14,per_run_oof
qwen2p5_0p5b__math_test_00090_f27fcf39__temp0.10__seed7,0.20838403424607557,,14,per_run_oof
qwen2p5_0p5b__math_test_00090_f27fcf39__temp0.60__seed7,0.16642436646025344,,14,per_run_oof
qwen2p5_0p5b__math_test_00090_f27fcf39__temp1.00__seed7,0.17649273302671,,14,per_run_oof
qwen2p5_0p5b__math_test_00091_6c78d89b__temp0.10__seed7,0.22368392532853726,,14,per_run_oof
qwen2p5_0p5b__math_test_00091_6c78d89b__temp0.60__seed7,0.23767915078339003,,14,per_run_oof
qwen2p5_0p5b__math_test_00091_6c78d89b__temp1.00__seed7,0.23575299404609182,,14,per_run_oof
qwen2p5_0p5b__math_test_00092_d2ef929c__temp0.10__seed7,0.1035210258622746,,14,per_run_oof
qwen2p5_0p5b__math_test_00092_d2ef929c__temp0.60__seed7,0.2870127805942305,,14,per_run_oof
qwen2p5_0p5b__math_test_00092_d2ef929c__temp1.00__seed7,0.46568658534993274,,14,per_run_oof
qwen2p5_0p5b__math_test_00093_c6ee4fae__temp0.10__seed7,0.25219786204198436,,14,per_run_oof
qwen2p5_0p5b__math_test_00093_c6ee4fae__temp0.60__seed7,0.20693831091646236,,14,per_run_oof
qwen2p5_0p5b__math_test_00093_c6ee4fae__temp1.00__seed7,0.21823116993142105,,14,per_run_oof
qwen2p5_0p5b__math_test_00094_82adbbe7__temp0.10__seed7,0.16940818066991256,,14,per_run_oof
qwen2p5_0p5b__math_test_00094_82adbbe7__temp0.60__seed7,0.19704917949250955,,14,per_run_oof
qwen2p5_0p5b__math_test_00094_82adbbe7__temp1.00__seed7,0.19018055862232017,,14,per_run_oof
qwen2p5_0p5b__math_test_00095_21ca381e__temp0.10__seed7,0.27010281370892875,,14,per_run_oof
qwen2p5_0p5b__math_test_00095_21ca381e__temp0.60__seed7,0.3376080764761554,,14,per_run_oof
qwen2p5_0p5b__math_test_00095_21ca381e__temp1.00__seed7,0.14071431609755397,,14,per_run_oof
qwen2p5_0p5b__math_test_00096_9055d1e9__temp0.10__seed7,0.07981285767807496,,14,per_run_oof
qwen2p5_0p5b__math_test_00096_9055d1e9__temp0.60__seed7,0.31579275033016035,,14,per_run_oof
qwen2p5_0p5b__math_test_00096_9055d1e9__temp1.00__seed7,0.14683767372738374,,14,per_run_oof
qwen2p5_0p5b__math_test_00097_30394417__temp0.10__seed7,0.2125385944046419,,14,per_run_oof
qwen2p5_0p5b__math_test_00097_30394417__temp0.60__seed7,0.145591409684184,,14,per_run_oof
qwen2p5_0p5b__math_test_00097_30394417__temp1.00__seed7,0.12564438928317428,,14,per_run_oof
qwen2p5_0p5b__math_test_00098_9ceda233__temp0.10__seed7,0.3074106133369229,,14,per_run_oof
qwen2p5_0p5b__math_test_00098_9ceda233__temp0.60__seed7,0.30598553103465026,,14,per_run_oof
qwen2p5_0p5b__math_test_00098_9ceda233__temp1.00__seed7,0.1697502604288303,,14,per_run_oof
qwen2p5_0p5b__math_test_00099_491d2137__temp0.10__seed7,0.21658920823969932,,14,per_run_oof
qwen2p5_0p5b__math_test_00099_491d2137__temp0.60__seed7,0.3742726199703807,,14,per_run_oof
qwen2p5_0p5b__math_test_00099_491d2137__temp1.00__seed7,0.21618553441197036,,14,per_run_oof
qwen2p5_0p5b__math_test_00100_941d341c__temp0.10__seed7,0.1690755828664095,,14,per_run_oof
qwen2p5_0p5b__math_test_00100_941d341c__temp0.60__seed7,0.3236678310238715,,14,per_run_oof
qwen2p5_0p5b__math_test_00100_941d341c__temp1.00__seed7,0.27399029813260595,0.0,14,per_run_oof
qwen2p5_0p5b__math_test_00101_75e027f9__temp0.10__seed7,0.235957759159994,,14,per_run_oof
qwen2p5_0p5b__math_test_00101_75e027f9__temp0.60__seed7,0.12583805993882316,,14,per_run_oof
qwen2p5_0p5b__math_test_00101_75e027f9__temp1.00__seed7,0.1616937288732984,,14,per_run_oof
qwen2p5_0p5b__math_test_00102_129dd488__temp0.10__seed7,0.2899016093449016,,14,per_run_oof
qwen2p5_0p5b__math_test_00102_129dd488__temp0.60__seed7,0.17830362229044747,,14,per_run_oof
qwen2p5_0p5b__math_test_00102_129dd488__temp1.00__seed7,0.19904579988294527,,14,per_run_oof
qwen2p5_0p5b__math_test_00103_7b0f3b51__temp0.10__seed7,0.22567456722142376,,14,per_run_oof
qwen2p5_0p5b__math_test_00103_7b0f3b51__temp0.60__seed7,0.16298733445854943,,14,per_run_oof
qwen2p5_0p5b__math_test_00103_7b0f3b51__temp1.00__seed7,0.23861948428216426,,14,per_run_oof
qwen2p5_0p5b__math_test_00104_d684f1e9__temp0.10__seed7,0.28534746764643887,,14,per_run_oof
qwen2p5_0p5b__math_test_00104_d684f1e9__temp0.60__seed7,0.3830329150187658,,14,per_run_oof
qwen2p5_0p5b__math_test_00104_d684f1e9__temp1.00__seed7,0.2798159162924873,,14,per_run_oof
qwen2p5_0p5b__math_test_00105_6b770d5f__temp0.10__seed7,0.09458721912423804,,14,per_run_oof
qwen2p5_0p5b__math_test_00105_6b770d5f__temp0.60__seed7,0.3226691750227784,,14,per_run_oof
qwen2p5_0p5b__math_test_00105_6b770d5f__temp1.00__seed7,0.07258196575531096,,14,per_run_oof
qwen2p5_0p5b__math_test_00106_6e98540c__temp0.10__seed7,0.339322542282774,,14,per_run_oof
qwen2p5_0p5b__math_test_00106_6e98540c__temp0.60__seed7,0.4713526077305851,,14,per_run_oof
qwen2p5_0p5b__math_test_00106_6e98540c__temp1.00__seed7,0.3229246742054605,,14,per_run_oof
qwen2p5_0p5b__math_test_00107_fd74cd11__temp0.10__seed7,0.1945369785730723,,14,per_run_oof
qwen2p5_0p5b__math_test_00107_fd74cd11__temp0.60__seed7,0.16356756368695882,,14,per_run_oof
qwen2p5_0p5b__math_test_00107_fd74cd11__temp1.00__seed7,0.09434589669446147,,14,per_run_oof
qwen2p5_0p5b__math_test_00108_611e7552__temp0.10__seed7,0.12618564061646037,1.0,14,per_run_oof
qwen2p5_0p5b__math_test_00108_611e7552__temp0.60__seed7,0.23024352090136127,,14,per_run_oof
qwen2p5_0p5b__math_test_00108_611e7552__temp1.00__seed7,0.19505082755329187,,14,per_run_oof
qwen2p5_0p5b__math_test_00109_d90424d8__temp0.10__seed7,0.34794855784559325,,14,per_run_oof
qwen2p5_0p5b__math_test_00109_d90424d8__temp0.60__seed7,0.2552720300592413,,14,per_run_oof
qwen2p5_0p5b__math_test_00109_d90424d8__temp1.00__seed7,0.0758300667362956,,14,per_run_oof
qwen2p5_0p5b__math_test_00110_72b3623f__temp0.10__seed7,0.30911512050510226,,14,per_run_oof
qwen2p5_0p5b__math_test_00110_72b3623f__temp0.60__seed7,0.3480322839783821,,14,per_run_oof
qwen2p5_0p5b__math_test_00110_72b3623f__temp1.00__seed7,0.271081591024611,,14,per_run_oof
qwen2p5_0p5b__math_test_00111_d752e2e3__temp0.10__seed7,0.27581102790746187,,14,per_run_oof
qwen2p5_0p5b__math_test_00111_d752e2e3__temp0.60__seed7,0.11267356739940572,,14,per_run_oof
qwen2p5_0p5b__math_test_00111_d752e2e3__temp1.00__seed7,0.1313954287265933,,14,per_run_oof
qwen2p5_0p5b__math_test_00112_84e6f7fa__temp0.10__seed7,0.29678333727438083,,14,per_run_oof
qwen2p5_0p5b__math_test_00112_84e6f7fa__temp0.60__seed7,0.004792819117336189,,14,per_run_oof
qwen2p5_0p5b__math_test_00112_84e6f7fa__temp1.00__seed7,0.16408636749979136,,14,per_run_oof
qwen2p5_0p5b__math_test_00113_f30e88a0__temp0.10__seed7,0.2025257104299191,,14,per_run_oof
qwen2p5_0p5b__math_test_00113_f30e88a0__temp0.60__seed7,0.10775168260760415,,14,per_run_oof
qwen2p5_0p5b__math_test_00113_f30e88a0__temp1.00__seed7,0.15651451133577438,,14,per_run_oof
qwen2p5_0p5b__math_test_00114_deb9efc8__temp0.10__seed7,0.13254366650893049,,14,per_run_oof
qwen2p5_0p5b__math_test_00114_deb9efc8__temp0.60__seed7,0.21325090462438395,,14,per_run_oof
qwen2p5_0p5b__math_test_00114_deb9efc8__temp1.00__seed7,0.2702115744657897,0.5,14,per_run_oof
qwen2p5_0p5b__math_test_00115_e20c9b7a__temp0.10__seed7,0.21252282803466419,,14,per_run_oof
qwen2p5_0p5b__math_test_00115_e20c9b7a__temp0.60__seed7,0.1575461165841933,,14,per_run_oof
qwen2p5_0p5b__math_test_00115_e20c9b7a__temp1.00__seed7,0.19944267269229982,,14,per_run_oof
qwen2p5_0p5b__math_test_00116_61f50e3d__temp0.10__seed7,0.3600093959945158,,14,per_run_oof
qwen2p5_0p5b__math_test_00116_61f50e3d__temp0.60__seed7,0.22275262297325288,,14,per_run_oof
qwen2p5_0p5b__math_test_00116_61f50e3d__temp1.00__seed7,0.3528192953224286,,14,per_run_oof
qwen2p5_0p5b__math_test_00117_e884ad93__temp0.10__seed7,0.4033302733074005,,14,per_run_oof
qwen2p5_0p5b__math_test_00117_e884ad93__temp0.60__seed7,0.37379479618067774,,14,per_run_oof
qwen2p5_0p5b__math_test_00117_e884ad93__temp1.00__seed7,0.29778156122684846,,14,per_run_oof
qwen2p5_0p5b__math_test_00118_fc8ebbb3__temp0.10__seed7,0.20346000241301887,,14,per_run_oof
qwen2p5_0p5b__math_test_00118_fc8ebbb3__temp0.60__seed7,0.37332711836600285,,14,per_run_oof
qwen2p5_0p5b__math_test_00118_fc8ebbb3__temp1.00__seed7,0.28680813178435555,,14,per_run_oof
qwen2p5_0p5b__math_test_00119_a6218ea2__temp0.10__seed7,0.3031796698384533,,14,per_run_oof
qwen2p5_0p5b__math_test_00119_a6218ea2__temp0.60__seed7,0.0909049573783852,,14,per_run_oof
qwen2p5_0p5b__math_test_00119_a6218ea2__temp1.00__seed7,0.24158364443137503,,14,per_run_oof
qwen2p5_0p5b__math_test_00120_8eef5288__temp0.10__seed7,0.2821218420169502,,14,per_run_oof
qwen2p5_0p5b__math_test_00120_8eef5288__temp0.60__seed7,0.3271365523911766,,14,per_run_oof
qwen2p5_0p5b__math_test_00120_8eef5288__temp1.00__seed7,0.16616826939331628,,14,per_run_oof
qwen2p5_0p5b__math_test_00121_23cfdf25__temp0.10__seed7,0.21231383456788558,,14,per_run_oof
qwen2p5_0p5b__math_test_00121_23cfdf25__temp0.60__seed7,0.27789888778823196,,14,per_run_oof
qwen2p5_0p5b__math_test_00121_23cfdf25__temp1.00__seed7,0.1906142826091322,,14,per_run_oof
qwen2p5_0p5b__math_test_00122_fdf4300d__temp0.10__seed7,0.29750115332505667,,14,per_run_oof
qwen2p5_0p5b__math_test_00122_fdf4300d__temp0.60__seed7,0.19817357106046127,,14,per_run_oof
qwen2p5_0p5b__math_test_00122_fdf4300d__temp1.00__seed7,0.2912142828129257,,14,per_run_oof
qwen2p5_0p5b__math_test_00123_860f65d4__temp0.10__seed7,0.20467856740277326,,14,per_run_oof
qwen2p5_0p5b__math_test_00123_860f65d4__temp0.60__seed7,0.21623709487911674,,14,per_run_oof
qwen2p5_0p5b__math_test_00123_860f65d4__temp1.00__seed7,0.09336750445075735,,14,per_run_oof
qwen2p5_0p5b__math_test_00124_93bacf2d__temp0.10__seed7,0.37788339914538727,,14,per_run_oof
qwen2p5_0p5b__math_test_00124_93bacf2d__temp0.60__seed7,0.30918698019703167,,14,per_run_oof
qwen2p5_0p5b__math_test_00124_93bacf2d__temp1.00__seed7,0.3546810887414774,,14,per_run_oof
qwen2p5_0p5b__math_test_00125_e5ac5620__temp0.10__seed7,0.2821727018694098,,14,per_run_oof
qwen2p5_0p5b__math_test_00125_e5ac5620__temp0.60__seed7,0.15288806638742902,,14,per_run_oof
qwen2p5_0p5b__math_test_00125_e5ac5620__temp1.00__seed7,0.15839697089364316,,14,per_run_oof
qwen2p5_0p5b__math_test_00126_81f4f6da__temp0.10__seed7,0.39096769293561046,,14,per_run_oof
qwen2p5_0p5b__math_test_00126_81f4f6da__temp0.60__seed7,0.3149066123568902,0.5333333333333334,14,per_run_oof
qwen2p5_0p5b__math_test_00126_81f4f6da__temp1.00__seed7,0.25673856608125695,,14,per_run_oof
qwen2p5_0p5b__math_test_00127_831d47a3__temp0.10__seed7,0.3868720973532824,,14,per_run_oof
qwen2p5_0p5b__math_test_00127_831d47a3__temp0.60__seed7,0.3636630407066278,,14,per_run_oof
qwen2p5_0p5b__math_test_00127_831d47a3__temp1.00__seed7,0.1176083708934139,,14,per_run_oof
qwen2p5_0p5b__math_test_00128_34115c3f__temp0.10__seed7,0.19458545415783288,,14,per_run_oof
qwen2p5_0p5b__math_test_00128_34115c3f__temp0.60__seed7,0.1930510467473458,,14,per_run_oof
qwen2p5_0p5b__math_test_00128_34115c3f__temp1.00__seed7,0.22202843568878872,,14,per_run_oof
qwen2p5_0p5b__math_test_00129_13560ab9__temp0.10__seed7,0.19316344162406246,,14,per_run_oof
qwen2p5_0p5b__math_test_00129_13560ab9__temp0.60__seed7,0.3071951168722808,,14,per_run_oof
qwen2p5_0p5b__math_test_00129_13560ab9__temp1.00__seed7,0.1862176480234783,,14,per_run_oof
qwen2p5_0p5b__math_test_00130_587c37e4__temp0.10__seed7,0.19690524646361465,,14,per_run_oof
qwen2p5_0p5b__math_test_00130_587c37e4__temp0.60__seed7,0.17741821395668242,,14,per_run_oof
qwen2p5_0p5b__math_test_00130_587c37e4__temp1.00__seed7,0.21489377800819062,,14,per_run_oof
qwen2p5_0p5b__math_test_00131_e4690c90__temp0.10__seed7,0.19865959685310833,,14,per_run_oof
qwen2p5_0p5b__math_test_00131_e4690c90__temp0.60__seed7,0.21811719604180793,,14,per_run_oof
qwen2p5_0p5b__math_test_00131_e4690c90__temp1.00__seed7,0.21166346636020714,,14,per_run_oof
qwen2p5_0p5b__math_test_00132_9804c9ed__temp0.10__seed7,0.2588302494727901,,14,per_run_oof
qwen2p5_0p5b__math_test_00132_9804c9ed__temp0.60__seed7,0.18572646405659868,,14,per_run_oof
qwen2p5_0p5b__math_test_00132_9804c9ed__temp1.00__seed7,0.23772615048515253,,14,per_run_oof
qwen2p5_0p5b__math_test_00133_efc15efb__temp0.10__seed7,0.1823409503990582,,14,per_run_oof
qwen2p5_0p5b__math_test_00133_efc15efb__temp0.60__seed7,0.16613135656451097,,14,per_run_oof
qwen2p5_0p5b__math_test_00133_efc15efb__temp1.00__seed7,0.23920575428688484,,14,per_run_oof
qwen2p5_0p5b__math_test_00134_729aab2d__temp0.10__seed7,0.324386095990742,,14,per_run_oof
qwen2p5_0p5b__math_test_00134_729aab2d__temp0.60__seed7,0.2925330251466697,,14,per_run_oof
qwen2p5_0p5b__math_test_00134_729aab2d__temp1.00__seed7,0.20868229016476245,,14,per_run_oof
qwen2p5_0p5b__math_test_00135_cc85526c__temp0.10__seed7,0.31945714851443874,,14,per_run_oof
qwen2p5_0p5b__math_test_00135_cc85526c__temp0.60__seed7,0.3095631205945849,,14,per_run_oof
qwen2p5_0p5b__math_test_00135_cc85526c__temp1.00__seed7,0.2894953558620377,,14,per_run_oof
qwen2p5_0p5b__math_test_00136_8e69a186__temp0.10__seed7,0.27442561244337627,0.9583333333333333,14,per_run_oof
qwen2p5_0p5b__math_test_00136_8e69a186__temp0.60__seed7,0.2779088094418602,,14,per_run_oof
qwen2p5_0p5b__math_test_00136_8e69a186__temp1.00__seed7,0.24880869446782866,,14,per_run_oof
qwen2p5_0p5b__math_test_00137_66c4d3d6__temp0.10__seed7,0.3344870095829727,,14,per_run_oof
qwen2p5_0p5b__math_test_00137_66c4d3d6__temp0.60__seed7,0.23993370543917095,,14,per_run_oof
qwen2p5_0p5b__math_test_00137_66c4d3d6__temp1.00__seed7,0.18339777819405054,,14,per_run_oof
qwen2p5_0p5b__math_test_00138_3cca3484__temp0.10__seed7,0.2502982319446306,,14,per_run_oof
qwen2p5_0p5b__math_test_00138_3cca3484__temp0.60__seed7,0.30762198967602916,,14,per_run_oof
qwen2p5_0p5b__math_test_00138_3cca3484__temp1.00__seed7,0.25104584596789137,,14,per_run_oof
qwen2p5_0p5b__math_test_00139_55101384__temp0.10__seed7,0.3580550186227619,,14,per_run_oof
qwen2p5_0p5b__math_test_00139_55101384__temp0.60__seed7,0.34926324611001436,,14,per_run_oof
qwen2p5_0p5b__math_test_00139_55101384__temp1.00__seed7,0.22681576582525298,,14,per_run_oof
qwen2p5_0p5b__math_test_00140_9c2a8a8c__temp0.10__seed7,0.205564486401989,,14,per_run_oof
qwen2p5_0p5b__math_test_00140_9c2a8a8c__temp0.60__seed7,0.2920738384193207,,14,per_run_oof
qwen2p5_0p5b__math_test_00140_9c2a8a8c__temp1.00__seed7,0.2132681431949486,,14,per_run_oof
qwen2p5_0p5b__math_test_00141_fa53302b__temp0.10__seed7,0.11354805353111834,,14,per_run_oof
qwen2p5_0p5b__math_test_00141_fa53302b__temp0.60__seed7,0.28816867756464337,,14,per_run_oof
qwen2p5_0p5b__math_test_00141_fa53302b__temp1.00__seed7,0.3083779396815742,,14,per_run_oof
qwen2p5_0p5b__math_test_00142_a535d7ed__temp0.10__seed7,0.30689436142192966,,14,per_run_oof
qwen2p5_0p5b__math_test_00142_a535d7ed__temp0.60__seed7,0.14229000409522402,,14,per_run_oof
qwen2p5_0p5b__math_test_00142_a535d7ed__temp1.00__seed7,0.1737610291459116,1.0,14,per_run_oof
qwen2p5_0p5b__math_test_00143_f0361309__temp0.10__seed7,0.34982820067469433,,14,per_run_oof
qwen2p5_0p5b__math_test_00143_f0361309__temp0.60__seed7,0.47727910389096095,,14,per_run_oof
qwen2p5_0p5b__math_test_00143_f0361309__temp1.00__seed7,0.2528401055489349,,14,per_run_oof
qwen2p5_0p5b__math_test_00144_3287fa74__temp0.10__seed7,0.21606780194977482,,14,per_run_oof
qwen2p5_0p5b__math_test_00144_3287fa74__temp0.60__seed7,0.12791166834157683,,14,per_run_oof
qwen2p5_0p5b__math_test_00144_3287fa74__temp1.00__seed7,0.06590838973735605,,14,per_run_oof
qwen2p5_0p5b__math_test_00145_bb1c005f__temp0.10__seed7,0.31657708603439616,,14,per_run_oof
qwen2p5_0p5b__math_test_00145_bb1c005f__temp0.60__seed7,0.27252262672552646,,14,per_run_oof
qwen2p5_0p5b__math_test_00145_bb1c005f__temp1.00__seed7,0.4085845565996248,,14,per_run_oof
qwen2p5_0p5b__math_test_00146_faf5031d__temp0.10__seed7,0.20602521925871467,,14,per_run_oof
qwen2p5_0p5b__math_test_00146_faf5031d__temp0.60__seed7,0.3025078230284528,,14,per_run_oof
qwen2p5_0p5b__math_test_00146_faf5031d__temp1.00__seed7,0.30227685916719177,,14,per_run_oof
qwen2p5_0p5b__math_test_00147_390c3a01__temp0.10__seed7,0.33359363771204914,,14,per_run_oof
qwen2p5_0p5b__math_test_00147_390c3a01__temp0.60__seed7,0.27467175957588963,,14,per_run_oof
qwen2p5_0p5b__math_test_00147_390c3a01__temp1.00__seed7,0.2799656110093983,,14,per_run_oof
qwen2p5_0p5b__math_test_00148_c9dddba4__temp0.10__seed7,0.20610039680895734,,14,per_run_oof
qwen2p5_0p5b__math_test_00148_c9dddba4__temp0.60__seed7,0.28672967479526174,,14,per_run_oof
qwen2p5_0p5b__math_test_00148_c9dddba4__temp1.00__seed7,0.29187230632616507,1.0,14,per_run_oof
qwen2p5_0p5b__math_test_00149_805d659b__temp0.10__seed7,0.3113498327465171,,14,per_run_oof
qwen2p5_0p5b__math_test_00149_805d659b__temp0.60__seed7,0.3113825972206465,,14,per_run_oof
qwen2p5_0p5b__math_test_00149_805d659b__temp1.00__seed7,0.0722228698307141,,14,per_run_oof
qwen2p5_0p5b__math_test_00150_f0a2fdf6__temp0.10__seed7,0.3650149820900718,,14,per_run_oof
qwen2p5_0p5b__math_test_00150_f0a2fdf6__temp0.60__seed7,0.3818488500286599,,14,per_run_oof
qwen2p5_0p5b__math_test_00150_f0a2fdf6__temp1.00__seed7,0.361924535031452,,14,per_run_oof
qwen2p5_0p5b__math_test_00151_3228d9fb__temp0.10__seed7,0.20240255597933565,,14,per_run_oof
qwen2p5_0p5b__math_test_00151_3228d9fb__temp0.60__seed7,0.03788874250594152,,14,per_run_oof
qwen2p5_0p5b__math_test_00151_3228d9fb__temp1.00__seed7,0.33222595723062404,,14,per_run_oof
qwen2p5_0p5b__math_test_00152_df146136__temp0.10__seed7,0.2857092438920835,,14,per_run_oof
qwen2p5_0p5b__math_test_00152_df146136__temp0.60__seed7,0.2277114410042005,,14,per_run_oof
qwen2p5_0p5b__math_test_00152_df146136__temp1.00__seed7,0.3340367107573625,,14,per_run_oof
qwen2p5_0p5b__math_test_00153_e0a74423__temp0.10__seed7,0.23752959333128493,,14,per_run_oof
qwen2p5_0p5b__math_test_00153_e0a74423__temp0.60__seed7,0.17382547314598756,,14,per_run_oof
qwen2p5_0p5b__math_test_00153_e0a74423__temp1.00__seed7,0.22543721732103714,,14,per_run_oof
qwen2p5_0p5b__math_test_00154_7dc5f86e__temp0.10__seed7,0.3209842106113587,,14,per_run_oof
qwen2p5_0p5b__math_test_00154_7dc5f86e__temp0.60__seed7,0.31380814084662745,,14,per_run_oof
qwen2p5_0p5b__math_test_00154_7dc5f86e__temp1.00__seed7,0.36890257905929896,,14,per_run_oof
qwen2p5_0p5b__math_test_00155_ee27b543__temp0.10__seed7,0.13127670971338595,,14,per_run_oof
qwen2p5_0p5b__math_test_00155_ee27b543__temp0.60__seed7,0.30232732024704073,,14,per_run_oof
qwen2p5_0p5b__math_test_00155_ee27b543__temp1.00__seed7,0.1195782339540713,,14,per_run_oof
qwen2p5_0p5b__math_test_00156_95b47adc__temp0.10__seed7,0.20081216122669976,,14,per_run_oof
qwen2p5_0p5b__math_test_00156_95b47adc__temp0.60__seed7,0.318281338401873,,14,per_run_oof
qwen2p5_0p5b__math_test_00156_95b47adc__temp1.00__seed7,0.05650529028877965,,14,per_run_oof
qwen2p5_0p5b__math_test_00157_37701db8__temp0.10__seed7,0.26621940543683337,,14,per_run_oof
qwen2p5_0p5b__math_test_00157_37701db8__temp0.60__seed7,0.2699384664768047,,14,per_run_oof
qwen2p5_0p5b__math_test_00157_37701db8__temp1.00__seed7,0.23973570004097605,,14,per_run_oof
qwen2p5_0p5b__math_test_00158_15e70720__temp0.10__seed7,0.27254204982223856,,14,per_run_oof
qwen2p5_0p5b__math_test_00158_15e70720__temp0.60__seed7,0.1867814557196535,,14,per_run_oof
qwen2p5_0p5b__math_test_00158_15e70720__temp1.00__seed7,0.30785202032491854,0.625,14,per_run_oof
qwen2p5_0p5b__math_test_00159_7acc030c__temp0.10__seed7,0.34961333168108544,,14,per_run_oof
qwen2p5_0p5b__math_test_00159_7acc030c__temp0.60__seed7,0.2054943288649337,,14,per_run_oof
qwen2p5_0p5b__math_test_00159_7acc030c__temp1.00__seed7,0.35008001201924344,,14,per_run_oof
qwen2p5_0p5b__math_test_00160_e84fb95f__temp0.10__seed7,0.2067117958260036,,14,per_run_oof
qwen2p5_0p5b__math_test_00160_e84fb95f__temp0.60__seed7,0.31690105784241096,,14,per_run_oof
qwen2p5_0p5b__math_test_00160_e84fb95f__temp1.00__seed7,0.12601581668410192,,14,per_run_oof
qwen2p5_0p5b__math_test_00161_643e7dc4__temp0.10__seed7,0.19729212948359992,,14,per_run_oof
qwen2p5_0p5b__math_test_00161_643e7dc4__temp0.60__seed7,0.23588187660687657,0.5454545454545454,14,per_run_oof
qwen2p5_0p5b__math_test_00161_643e7dc4__temp1.00__seed7,0.38281912447178135,0.07692307692307687,14,per_run_oof
qwen2p5_0p5b__math_test_00162_45ed500c__temp0.10__seed7,0.29986337395899093,,14,per_run_oof
qwen2p5_0p5b__math_test_00162_45ed500c__temp0.60__seed7,0.20722620839254866,,14,per_run_oof
qwen2p5_0p5b__math_test_00162_45ed500c__temp1.00__seed7,0.22669532362829872,,14,per_run_oof
qwen2p5_0p5b__math_test_00163_6f88c8c4__temp0.10__seed7,0.13730707477346488,,14,per_run_oof
qwen2p5_0p5b__math_test_00163_6f88c8c4__temp0.60__seed7,0.3156464480117128,,14,per_run_oof
qwen2p5_0p5b__math_test_00163_6f88c8c4__temp1.00__seed7,0.1875850385785594,,14,per_run_oof
qwen2p5_0p5b__math_test_00164_a06c5428__temp0.10__seed7,0.31940170617924346,,14,per_run_oof
qwen2p5_0p5b__math_test_00164_a06c5428__temp0.60__seed7,0.2829421505211049,,14,per_run_oof
qwen2p5_0p5b__math_test_00164_a06c5428__temp1.00__seed7,0.17157455172886776,,14,per_run_oof
qwen2p5_0p5b__math_test_00165_2bb09b99__temp0.10__seed7,0.31899668479605736,,14,per_run_oof
qwen2p5_0p5b__math_test_00165_2bb09b99__temp0.60__seed7,0.28140737210215166,,14,per_run_oof
qwen2p5_0p5b__math_test_00165_2bb09b99__temp1.00__seed7,0.18998295500425,,14,per_run_oof
qwen2p5_0p5b__math_test_00166_e1652a94__temp0.10__seed7,0.0935703585728467,,14,per_run_oof
qwen2p5_0p5b__math_test_00166_e1652a94__temp0.60__seed7,0.3127362274785999,,14,per_run_oof
qwen2p5_0p5b__math_test_00166_e1652a94__temp1.00__seed7,0.14060605869556214,,14,per_run_oof
qwen2p5_0p5b__math_test_00167_87ffe725__temp0.10__seed7,0.0820126174535127,,14,per_run_oof
qwen2p5_0p5b__math_test_00167_87ffe725__temp0.60__seed7,0.317296709396173,,14,per_run_oof
qwen2p5_0p5b__math_test_00167_87ffe725__temp1.00__seed7,0.2353031318900032,,14,per_run_oof
qwen2p5_0p5b__math_test_00168_0f3086b8__temp0.10__seed7,0.19851979623442723,,14,per_run_oof
qwen2p5_0p5b__math_test_00168_0f3086b8__temp0.60__seed7,0.30135033256423804,,14,per_run_oof
qwen2p5_0p5b__math_test_00168_0f3086b8__temp1.00__seed7,0.2702338775926861,0.07692307692307693,14,per_run_oof
qwen2p5_0p5b__math_test_00169_1a29884e__temp0.10__seed7,0.21429410645012667,,14,per_run_oof
qwen2p5_0p5b__math_test_00169_1a29884e__temp0.60__seed7,0.2797772184935002,,14,per_run_oof
qwen2p5_0p5b__math_test_00169_1a29884e__temp1.00__seed7,0.3269271367190049,,14,per_run_oof
qwen2p5_0p5b__math_test_00170_7682a602__temp0.10__seed7,0.2072178686453115,,14,per_run_oof
qwen2p5_0p5b__math_test_00170_7682a602__temp0.60__seed7,0.2941568346969346,,14,per_run_oof
qwen2p5_0p5b__math_test_00170_7682a602__temp1.00__seed7,0.23301511704307767,,14,per_run_oof
qwen2p5_0p5b__math_test_00171_dae831e4__temp0.10__seed7,0.08192040851513478,,14,per_run_oof
qwen2p5_0p5b__math_test_00171_dae831e4__temp0.60__seed7,0.010247080489768075,,14,per_run_oof
qwen2p5_0p5b__math_test_00171_dae831e4__temp1.00__seed7,0.2502960628467255,,14,per_run_oof
qwen2p5_0p5b__math_test_00172_6af9182b__temp0.10__seed7,0.23682205577869425,,14,per_run_oof
qwen2p5_0p5b__math_test_00172_6af9182b__temp0.60__seed7,0.29370051477645415,,14,per_run_oof
qwen2p5_0p5b__math_test_00172_6af9182b__temp1.00__seed7,0.18938588069225568,,14,per_run_oof
qwen2p5_0p5b__math_test_00173_f7741471__temp0.10__seed7,0.19181306072493012,,14,per_run_oof
qwen2p5_0p5b__math_test_00173_f7741471__temp0.60__seed7,0.3890220627144952,,14,per_run_oof
qwen2p5_0p5b__math_test_00173_f7741471__temp1.00__seed7,0.36925831927599584,,14,per_run_oof
qwen2p5_0p5b__math_test_00174_660b0932__temp0.10__seed7,0.3121068517070767,,14,per_run_oof
qwen2p5_0p5b__math_test_00174_660b0932__temp0.60__seed7,0.2778199837524324,,14,per_run_oof
qwen2p5_0p5b__math_test_00174_660b0932__temp1.00__seed7,0.17930149864528097,,14,per_run_oof
qwen2p5_0p5b__math_test_00175_ad581760__temp0.10__seed7,0.001200114026448093,,14,per_run_oof
qwen2p5_0p5b__math_test_00175_ad581760__temp0.60__seed7,0.08333755661090599,,14,per_run_oof
qwen2p5_0p5b__math_test_00175_ad581760__temp1.00__seed7,0.03312534850262496,,14,per_run_oof
qwen2p5_0p5b__math_test_00176_3ab8fbcf__temp0.10__seed7,0.3153739995053745,,14,per_run_oof
qwen2p5_0p5b__math_test_00176_3ab8fbcf__temp0.60__seed7,0.267401296126713,,14,per_run_oof
qwen2p5_0p5b__math_test_00176_3ab8fbcf__temp1.00__seed7,0.08816714993269459,,14,per_run_oof
qwen2p5_0p5b__math_test_00177_88f25299__temp0.10__seed7,0.18943589843317046,,14,per_run_oof
qwen2p5_0p5b__math_test_00177_88f25299__temp0.60__seed7,0.29147860701676026,,14,per_run_oof
qwen2p5_0p5b__math_test_00177_88f25299__temp1.00__seed7,0.24581961026201496,,14,per_run_oof
qwen2p5_0p5b__math_test_00178_af59f7e2__temp0.10__seed7,0.23134648726449786,,14,per_run_oof
qwen2p5_0p5b__math_test_00178_af59f7e2__temp0.60__seed7,0.1831852969058862,,14,per_run_oof
qwen2p5_0p5b__math_test_00178_af59f7e2__temp1.00__seed7,0.2579395389008101,,14,per_run_oof
qwen2p5_0p5b__math_test_00179_50c278d5__temp0.10__seed7,0.3162661198301767,,14,per_run_oof
qwen2p5_0p5b__math_test_00179_50c278d5__temp0.60__seed7,0.248526132102636,,14,per_run_oof
qwen2p5_0p5b__math_test_00179_50c278d5__temp1.00__seed7,0.2935617315020243,,14,per_run_oof
qwen2p5_0p5b__math_test_00180_409f8858__temp0.10__seed7,0.19877614436849786,,14,per_run_oof
qwen2p5_0p5b__math_test_00180_409f8858__temp0.60__seed7,0.3727554304617793,,14,per_run_oof
qwen2p5_0p5b__math_test_00180_409f8858__temp1.00__seed7,0.2721971945442579,,14,per_run_oof
qwen2p5_0p5b__math_test_00181_40a8a07f__temp0.10__seed7,0.301585868715165,,14,per_run_oof
qwen2p5_0p5b__math_test_00181_40a8a07f__temp0.60__seed7,0.24007745885138604,,14,per_run_oof
qwen2p5_0p5b__math_test_00181_40a8a07f__temp1.00__seed7,0.38102477752514785,,14,per_run_oof
qwen2p5_0p5b__math_test_00182_5eec73ff__temp0.10__seed7,0.276435780180767,,14,per_run_oof
qwen2p5_0p5b__math_test_00182_5eec73ff__temp0.60__seed7,0.32526333012662834,,14,per_run_oof
qwen2p5_0p5b__math_test_00182_5eec73ff__temp1.00__seed7,0.09792167450298883,,14,per_run_oof
qwen2p5_0p5b__math_test_00183_8feeefff__temp0.10__seed7,0.19319394035363338,,14,per_run_oof
qwen2p5_0p5b__math_test_00183_8feeefff__temp0.60__seed7,0.22105041385472002,,14,per_run_oof
qwen2p5_0p5b__math_test_00183_8feeefff__temp1.00__seed7,0.12520534309962542,,14,per_run_oof
qwen2p5_0p5b__math_test_00184_78e3c175__temp0.10__seed7,0.2387396650967025,,14,per_run_oof
qwen2p5_0p5b__math_test_00184_78e3c175__temp0.60__seed7,0.2964354768193025,,14,per_run_oof
qwen2p5_0p5b__math_test_00184_78e3c175__temp1.00__seed7,0.13202964758671074,,14,per_run_oof
qwen2p5_0p5b__math_test_00185_b9d67ef5__temp0.10__seed7,0.1790216968972909,,14,per_run_oof
qwen2p5_0p5b__math_test_00185_b9d67ef5__temp0.60__seed7,0.31205303104877075,,14,per_run_oof
qwen2p5_0p5b__math_test_00185_b9d67ef5__temp1.00__seed7,0.18326316548537971,,14,per_run_oof
qwen2p5_0p5b__math_test_00186_ac02199f__temp0.10__seed7,0.3571883869917424,,14,per_run_oof
qwen2p5_0p5b__math_test_00186_ac02199f__temp0.60__seed7,0.3448458900058912,,14,per_run_oof
qwen2p5_0p5b__math_test_00186_ac02199f__temp1.00__seed7,0.3094948288856726,,14,per_run_oof
qwen2p5_0p5b__math_test_00187_b2db12b1__temp0.10__seed7,0.13627346483017932,,14,per_run_oof
qwen2p5_0p5b__math_test_00187_b2db12b1__temp0.60__seed7,0.25254251413027234,,14,per_run_oof
qwen2p5_0p5b__math_test_00187_b2db12b1__temp1.00__seed7,0.21101554506306933,,14,per_run_oof
qwen2p5_0p5b__math_test_00188_c57b9f68__temp0.10__seed7,0.1216356783175687,,14,per_run_oof
qwen2p5_0p5b__math_test_00188_c57b9f68__temp0.60__seed7,0.16359696596091308,,14,per_run_oof
qwen2p5_0p5b__math_test_00188_c57b9f68__temp1.00__seed7,0.16772509626603171,,14,per_run_oof
qwen2p5_0p5b__math_test_00189_d2f49b7f__temp0.10__seed7,0.22139955653078983,,14,per_run_oof
qwen2p5_0p5b__math_test_00189_d2f49b7f__temp0.60__seed7,0.2647401487924001,,14,per_run_oof
qwen2p5_0p5b__math_test_00189_d2f49b7f__temp1.00__seed7,0.055056305872083204,,14,per_run_oof
qwen2p5_0p5b__math_test_00190_ad0c55dc__temp0.10__seed7,0.2944901488778852,,14,per_run_oof
qwen2p5_0p5b__math_test_00190_ad0c55dc__temp0.60__seed7,0.11369399897932653,,14,per_run_oof
qwen2p5_0p5b__math_test_00190_ad0c55dc__temp1.00__seed7,0.23779186455586898,,14,per_run_oof
qwen2p5_0p5b__math_test_00191_b20822d9__temp0.10__seed7,0.16288198875999157,,14,per_run_oof
qwen2p5_0p5b__math_test_00191_b20822d9__temp0.60__seed7,0.10921231905954544,,14,per_run_oof
qwen2p5_0p5b__math_test_00191_b20822d9__temp1.00__seed7,0.12434662051501195,,14,per_run_oof
qwen2p5_0p5b__math_test_00192_a6795966__temp0.10__seed7,0.19137410532096585,,14,per_run_oof
qwen2p5_0p5b__math_test_00192_a6795966__temp0.60__seed7,0.25554006883472896,,14,per_run_oof
qwen2p5_0p5b__math_test_00192_a6795966__temp1.00__seed7,0.13236537943596263,,14,per_run_oof
qwen2p5_0p5b__math_test_00193_027d8061__temp0.10__seed7,0.12259581285009101,,14,per_run_oof
qwen2p5_0p5b__math_test_00193_027d8061__temp0.60__seed7,0.3281931187703294,,14,per_run_oof
qwen2p5_0p5b__math_test_00193_027d8061__temp1.00__seed7,0.05102237121930583,,14,per_run_oof
qwen2p5_0p5b__math_test_00194_f51f6dd0__temp0.10__seed7,0.20749893245463566,,14,per_run_oof
qwen2p5_0p5b__math_test_00194_f51f6dd0__temp0.60__seed7,0.20615347088621694,,14,per_run_oof
qwen2p5_0p5b__math_test_00194_f51f6dd0__temp1.00__seed7,0.07694079906150786,,14,per_run_oof
qwen2p5_0p5b__math_test_00195_7cc2d650__temp0.10__seed7,0.2864359636250299,0.33333333333333337,14,per_run_oof
qwen2p5_0p5b__math_test_00195_7cc2d650__temp0.60__seed7,0.21469244871025342,,14,per_run_oof
qwen2p5_0p5b__math_test_00195_7cc2d650__temp1.00__seed7,0.13428085331727851,,14,per_run_oof
qwen2p5_0p5b__math_test_00196_4e15c27d__temp0.10__seed7,0.00287255870041108,,14,per_run_oof
qwen2p5_0p5b__math_test_00196_4e15c27d__temp0.60__seed7,0.3305372522097637,,14,per_run_oof
qwen2p5_0p5b__math_test_00196_4e15c27d__temp1.00__seed7,0.26279144536654314,,14,per_run_oof
qwen2p5_0p5b__math_test_00197_ed195676__temp0.10__seed7,0.2914804510988051,,14,per_run_oof
qwen2p5_0p5b__math_test_00197_ed195676__temp0.60__seed7,0.1715297570090275,,14,per_run_oof
qwen2p5_0p5b__math_test_00197_ed195676__temp1.00__seed7,0.3022389285444987,,14,per_run_oof
qwen2p5_0p5b__math_test_00198_85b6e7ea__temp0.10__seed7,0.15204841530795932,,14,per_run_oof
qwen2p5_0p5b__math_test_00198_85b6e7ea__temp0.60__seed7,0.08416175263519522,,14,per_run_oof
qwen2p5_0p5b__math_test_00198_85b6e7ea__temp1.00__seed7,0.1460982850668882,,14,per_run_oof
qwen2p5_0p5b__math_test_00199_c19f27fd__temp0.10__seed7,0.337938108772195,,14,per_run_oof
qwen2p5_0p5b__math_test_00199_c19f27fd__temp0.60__seed7,0.0747054536304025,,14,per_run_oof
qwen2p5_0p5b__math_test_00199_c19f27fd__temp1.00__seed7,0.21924071415136784,,14,per_run_oof
qwen2p5_0p5b__math_test_00200_bd1fc1ea__temp0.10__seed7,0.2850665960698518,,14,per_run_oof
qwen2p5_0p5b__math_test_00200_bd1fc1ea__temp0.60__seed7,0.29487434217243375,,14,per_run_oof
qwen2p5_0p5b__math_test_00200_bd1fc1ea__temp1.00__seed7,0.18880790402767827,,14,per_run_oof
qwen2p5_0p5b__math_test_00201_464f6898__temp0.10__seed7,0.20227539901275401,,14,per_run_oof
qwen2p5_0p5b__math_test_00201_464f6898__temp0.60__seed7,0.08192400485534716,,14,per_run_oof
qwen2p5_0p5b__math_test_00201_464f6898__temp1.00__seed7,0.08050799288965503,,14,per_run_oof
qwen2p5_0p5b__math_test_00202_8904dc37__temp0.10__seed7,0.2203425135584142,,14,per_run_oof
qwen2p5_0p5b__math_test_00202_8904dc37__temp0.60__seed7,0.3263877269452843,,14,per_run_oof
qwen2p5_0p5b__math_test_00202_8904dc37__temp1.00__seed7,0.1719406410803723,,14,per_run_oof
qwen2p5_0p5b__math_test_00203_d026abb8__temp0.10__seed7,0.3100514469303605,,14,per_run_oof
qwen2p5_0p5b__math_test_00203_d026abb8__temp0.60__seed7,0.21062394936584283,,14,per_run_oof
qwen2p5_0p5b__math_test_00203_d026abb8__temp1.00__seed7,0.1814225130819088,,14,per_run_oof
qwen2p5_0p5b__math_test_00204_75f78286__temp0.10__seed7,0.22977373392029024,,14,per_run_oof
qwen2p5_0p5b__math_test_00204_75f78286__temp0.60__seed7,0.24861281669430402,,14,per_run_oof
qwen2p5_0p5b__math_test_00204_75f78286__temp1.00__seed7,0.2406942743202861,,14,per_run_oof
qwen2p5_0p5b__math_test_00205_35364df7__temp0.10__seed7,0.13800531211872819,,14,per_run_oof
qwen2p5_0p5b__math_test_00205_35364df7__temp0.60__seed7,0.08976665208177227,,14,per_run_oof
qwen2p5_0p5b__math_test_00205_35364df7__temp1.00__seed7,0.1602275977963172,,14,per_run_oof
qwen2p5_0p5b__math_test_00206_a6788c30__temp0.10__seed7,0.25827880182596413,,14,per_run_oof
qwen2p5_0p5b__math_test_00206_a6788c30__temp0.60__seed7,0.1456994882477017,,14,per_run_oof
qwen2p5_0p5b__math_test_00206_a6788c30__temp1.00__seed7,0.1623812762090553,,14,per_run_oof
qwen2p5_0p5b__math_test_00207_627fc1ba__temp0.10__seed7,0.2282144668721447,,14,per_run_oof
qwen2p5_0p5b__math_test_00207_627fc1ba__temp0.60__seed7,0.30907755828127914,,14,per_run_oof
qwen2p5_0p5b__math_test_00207_627fc1ba__temp1.00__seed7,0.1526072717877244,,14,per_run_oof
qwen2p5_0p5b__math_test_00208_43f47031__temp0.10__seed7,0.15909371241886214,,14,per_run_oof
qwen2p5_0p5b__math_test_00208_43f47031__temp0.60__seed7,0.16989770620685235,,14,per_run_oof
qwen2p5_0p5b__math_test_00208_43f47031__temp1.00__seed7,0.36135945261097324,,14,per_run_oof
qwen2p5_0p5b__math_test_00209_877944fa__temp0.10__seed7,0.2093185320074882,,14,per_run_oof
qwen2p5_0p5b__math_test_00209_877944fa__temp0.60__seed7,0.3067990759270146,,14,per_run_oof
qwen2p5_0p5b__math_test_00209_877944fa__temp1.00__seed7,0.3176781702729045,,14,per_run_oof
qwen2p5_0p5b__math_test_00210_51592ad6__temp0.10__seed7,0.31996987131220467,,14,per_run_oof
qwen2p5_0p5b__math_test_00210_51592ad6__temp0.60__seed7,0.2889119704080872,,14,per_run_oof
qwen2p5_0p5b__math_test_00210_51592ad6__temp1.00__seed7,0.14301219194879528,,14,per_run_oof
qwen2p5_0p5b__math_test_00211_4c873421__temp0.10__seed7,0.2946320518527016,,14,per_run_oof
qwen2p5_0p5b__math_test_00211_4c873421__temp0.60__seed7,0.4322165927389198,,14,per_run_oof
qwen2p5_0p5b__math_test_00211_4c873421__temp1.00__seed7,0.5083367119411379,,14,per_run_oof
qwen2p5_0p5b__math_test_00212_a1acafa6__temp0.10__seed7,0.24953899598674972,,14,per_run_oof
qwen2p5_0p5b__math_test_00212_a1acafa6__temp0.60__seed7,0.0587171269457246,,14,per_run_oof
qwen2p5_0p5b__math_test_00212_a1acafa6__temp1.00__seed7,0.16135996232367242,,14,per_run_oof
qwen2p5_0p5b__math_test_00213_4bf84a38__temp0.10__seed7,0.09398009442846209,,14,per_run_oof
qwen2p5_0p5b__math_test_00213_4bf84a38__temp0.60__seed7,0.3439067358402899,,14,per_run_oof
qwen2p5_0p5b__math_test_00213_4bf84a38__temp1.00__seed7,0.14750511938295416,,14,per_run_oof
qwen2p5_0p5b__math_test_00214_dd220dbb__temp0.10__seed7,0.21975730847919214,,14,per_run_oof
qwen2p5_0p5b__math_test_00214_dd220dbb__temp0.60__seed7,0.20826847619314687,,14,per_run_oof
qwen2p5_0p5b__math_test_00214_dd220dbb__temp1.00__seed7,0.40030729724147784,,14,per_run_oof
qwen2p5_0p5b__math_test_00215_d650ba63__temp0.10__seed7,0.33103954356737025,,14,per_run_oof
qwen2p5_0p5b__math_test_00215_d650ba63__temp0.60__seed7,0.22644300725414077,,14,per_run_oof
qwen2p5_0p5b__math_test_00215_d650ba63__temp1.00__seed7,0.20997752305171624,,14,per_run_oof
qwen2p5_0p5b__math_test_00216_bb0c5189__temp0.10__seed7,0.2554879693478302,,14,per_run_oof
qwen2p5_0p5b__math_test_00216_bb0c5189__temp0.60__seed7,0.17922754781349912,,14,per_run_oof
qwen2p5_0p5b__math_test_00216_bb0c5189__temp1.00__seed7,0.26142928141763594,,14,per_run_oof
qwen2p5_0p5b__math_test_00217_f16ba217__temp0.10__seed7,0.2718808021805618,,14,per_run_oof
qwen2p5_0p5b__math_test_00217_f16ba217__temp0.60__seed7,0.3301784024595819,,14,per_run_oof
qwen2p5_0p5b__math_test_00217_f16ba217__temp1.00__seed7,0.3828169954152982,,14,per_run_oof
qwen2p5_0p5b__math_test_00218_9ebeec12__temp0.10__seed7,0.35693054054773526,,14,per_run_oof
qwen2p5_0p5b__math_test_00218_9ebeec12__temp0.60__seed7,0.1458436084629343,,14,per_run_oof
qwen2p5_0p5b__math_test_00218_9ebeec12__temp1.00__seed7,0.24887304937997667,,14,per_run_oof
qwen2p5_0p5b__math_test_00219_9ce0114c__temp0.10__seed7,0.24450434061705792,,14,per_run_oof
qwen2p5_0p5b__math_test_00219_9ce0114c__temp0.60__seed7,0.28756815533001134,,14,per_run_oof
qwen2p5_0p5b__math_test_00219_9ce0114c__temp1.00__seed7,0.2935531781140607,,14,per_run_oof
qwen2p5_0p5b__math_test_00220_c9d4415d__temp0.10__seed7,0.3298006903163039,,14,per_run_oof
qwen2p5_0p5b__math_test_00220_c9d4415d__temp0.60__seed7,0.32432664944870676,,14,per_run_oof
qwen2p5_0p5b__math_test_00220_c9d4415d__temp1.00__seed7,0.33039941704684045,,14,per_run_oof
qwen2p5_0p5b__math_test_00221_6ddce785__temp0.10__seed7,0.2625283618814683,,14,per_run_oof
qwen2p5_0p5b__math_test_00221_6ddce785__temp0.60__seed7,0.3283008264652468,,14,per_run_oof
qwen2p5_0p5b__math_test_00221_6ddce785__temp1.00__seed7,0.3611671908689605,,14,per_run_oof
qwen2p5_0p5b__math_test_00222_67d6eb88__temp0.10__seed7,0.307344414422387,,14,per_run_oof
qwen2p5_0p5b__math_test_00222_67d6eb88__temp0.60__seed7,0.25710647695750444,,14,per_run_oof
qwen2p5_0p5b__math_test_00222_67d6eb88__temp1.00__seed7,0.1298317482358615,,14,per_run_oof
qwen2p5_0p5b__math_test_00223_e0d9f4b1__temp0.10__seed7,0.16926464045146017,,14,per_run_oof
qwen2p5_0p5b__math_test_00223_e0d9f4b1__temp0.60__seed7,0.3051910054648316,,14,per_run_oof
qwen2p5_0p5b__math_test_00223_e0d9f4b1__temp1.00__seed7,0.2545949165930445,,14,per_run_oof
qwen2p5_0p5b__math_test_00224_a4838f9f__temp0.10__seed7,0.31053072780042845,,14,per_run_oof
qwen2p5_0p5b__math_test_00224_a4838f9f__temp0.60__seed7,0.30469173352939627,,14,per_run_oof
qwen2p5_0p5b__math_test_00224_a4838f9f__temp1.00__seed7,0.19364939054307917,,14,per_run_oof
qwen2p5_0p5b__math_test_00225_aa62338d__temp0.10__seed7,0.3717955554895572,,14,per_run_oof
qwen2p5_0p5b__math_test_00225_aa62338d__temp0.60__seed7,0.3332405320453501,,14,per_run_oof
qwen2p5_0p5b__math_test_00225_aa62338d__temp1.00__seed7,0.32628650923090863,,14,per_run_oof
qwen2p5_0p5b__math_test_00226_4db0af17__temp0.10__seed7,0.3146015849857397,,14,per_run_oof
qwen2p5_0p5b__math_test_00226_4db0af17__temp0.60__seed7,0.2704788639942553,,14,per_run_oof
qwen2p5_0p5b__math_test_00226_4db0af17__temp1.00__seed7,0.28975833931337325,,14,per_run_oof
qwen2p5_0p5b__math_test_00227_bd91686d__temp0.10__seed7,0.28203188422562503,0.46153846153846156,14,per_run_oof
qwen2p5_0p5b__math_test_00227_bd91686d__temp0.60__seed7,0.21724929937239676,,14,per_run_oof
qwen2p5_0p5b__math_test_00227_bd91686d__temp1.00__seed7,0.20201800021594774,0.9696969696969697,14,per_run_oof
qwen2p5_0p5b__math_test_00228_f8913fbd__temp0.10__seed7,0.23198850148841782,,14,per_run_oof
qwen2p5_0p5b__math_test_00228_f8913fbd__temp0.60__seed7,0.19323016699675685,,14,per_run_oof
qwen2p5_0p5b__math_test_00228_f8913fbd__temp1.00__seed7,0.1808882657749397,,14,per_run_oof
qwen2p5_0p5b__math_test_00229_3671f9fa__temp0.10__seed7,0.19846240288168476,,14,per_run_oof
qwen2p5_0p5b__math_test_00229_3671f9fa__temp0.60__seed7,0.21410566201374262,,14,per_run_oof
qwen2p5_0p5b__math_test_00229_3671f9fa__temp1.00__seed7,0.17628482249041527,,14,per_run_oof
qwen2p5_0p5b__math_test_00230_5de9111d__temp0.10__seed7,0.24687109856465939,,14,per_run_oof
qwen2p5_0p5b__math_test_00230_5de9111d__temp0.60__seed7,0.20285847327728068,,14,per_run_oof
qwen2p5_0p5b__math_test_00230_5de9111d__temp1.00__seed7,0.1759284863477484,,14,per_run_oof
qwen2p5_0p5b__math_test_00231_f1b686d3__temp0.10__seed7,0.20707658567700762,,14,per_run_oof
qwen2p5_0p5b__math_test_00231_f1b686d3__temp0.60__seed7,0.23758154242745988,,14,per_run_oof
qwen2p5_0p5b__math_test_00231_f1b686d3__temp1.00__seed7,0.2628284388458919,,14,per_run_oof
qwen2p5_0p5b__math_test_00232_99f94cd0__temp0.10__seed7,0.19275862480742045,,14,per_run_oof
qwen2p5_0p5b__math_test_00232_99f94cd0__temp0.60__seed7,0.2714448414671187,,14,per_run_oof
qwen2p5_0p5b__math_test_00232_99f94cd0__temp1.00__seed7,0.28046639555603703,,14,per_run_oof
qwen2p5_0p5b__math_test_00233_05e64b69__temp0.10__seed7,0.04419375156474559,,14,per_run_oof
qwen2p5_0p5b__math_test_00233_05e64b69__temp0.60__seed7,0.023630266358214462,,14,per_run_oof
qwen2p5_0p5b__math_test_00233_05e64b69__temp1.00__seed7,0.14928843120850296,,14,per_run_oof
qwen2p5_0p5b__math_test_00234_03dfd5f4__temp0.10__seed7,0.2316244755168128,,14,per_run_oof
qwen2p5_0p5b__math_test_00234_03dfd5f4__temp0.60__seed7,0.12448816440077608,,14,per_run_oof
qwen2p5_0p5b__math_test_00234_03dfd5f4__temp1.00__seed7,0.1578643796109818,,14,per_run_oof
qwen2p5_0p5b__math_test_00235_13c2c9be__temp0.10__seed7,0.21327606302756252,,14,per_run_oof
qwen2p5_0p5b__math_test_00235_13c2c9be__temp0.60__seed7,0.28323762378313394,,14,per_run_oof
qwen2p5_0p5b__math_test_00235_13c2c9be__temp1.00__seed7,0.18502014696724348,,14,per_run_oof
qwen2p5_0p5b__math_test_00236_d5de6a08__temp0.10__seed7,0.1325814366293738,,14,per_run_oof
qwen2p5_0p5b__math_test_00236_d5de6a08__temp0.60__seed7,0.22144250182652098,,14,per_run_oof
qwen2p5_0p5b__math_test_00236_d5de6a08__temp1.00__seed7,0.2705628678806063,,14,per_run_oof
qwen2p5_0p5b__math_test_00237_4bcd0b41__temp0.10__seed7,0.3046025319501953,,14,per_run_oof
qwen2p5_0p5b__math_test_00237_4bcd0b41__temp0.60__seed7,0.19267227528832248,,14,per_run_oof
qwen2p5_0p5b__math_test_00237_4bcd0b41__temp1.00__seed7,0.014437540255632934,,14,per_run_oof
qwen2p5_0p5b__math_test_00238_c8c67f45__temp0.10__seed7,0.17755707032588178,,14,per_run_oof
qwen2p5_0p5b__math_test_00238_c8c67f45__temp0.60__seed7,0.3194227974806669,,14,per_run_oof
qwen2p5_0p5b__math_test_00238_c8c67f45__temp1.00__seed7,0.0745681969962687,,14,per_run_oof
qwen2p5_0p5b__math_test_00239_9b20bddf__temp0.10__seed7,0.3193503910765827,0.0,14,per_run_oof
qwen2p5_0p5b__math_test_00239_9b20bddf__temp0.60__seed7,0.18399151939746466,,14,per_run_oof
qwen2p5_0p5b__math_test_00239_9b20bddf__temp1.00__seed7,0.20943338243196077,0.7916666666666667,14,per_run_oof
qwen2p5_0p5b__math_test_00240_52c92561__temp0.10__seed7,0.21188199384892942,,14,per_run_oof
qwen2p5_0p5b__math_test_00240_52c92561__temp0.60__seed7,0.36341908868208544,,14,per_run_oof
qwen2p5_0p5b__math_test_00240_52c92561__temp1.00__seed7,0.27072347355643356,,14,per_run_oof
qwen2p5_0p5b__math_test_00241_5a34024d__temp0.10__seed7,0.29925942019122226,,14,per_run_oof
qwen2p5_0p5b__math_test_00241_5a34024d__temp0.60__seed7,0.4055454180397273,,14,per_run_oof
qwen2p5_0p5b__math_test_00241_5a34024d__temp1.00__seed7,0.1267673187420665,,14,per_run_oof
qwen2p5_0p5b__math_test_00242_277ad5c0__temp0.10__seed7,0.3124657526576409,,14,per_run_oof
qwen2p5_0p5b__math_test_00242_277ad5c0__temp0.60__seed7,0.2497373568882015,,14,per_run_oof
qwen2p5_0p5b__math_test_00242_277ad5c0__temp1.00__seed7,0.06187615916257788,,14,per_run_oof
qwen2p5_0p5b__math_test_00243_869ecc6c__temp0.10__seed7,0.1975337318839078,,14,per_run_oof
qwen2p5_0p5b__math_test_00243_869ecc6c__temp0.60__seed7,0.2065427980782812,,14,per_run_oof
qwen2p5_0p5b__math_test_00243_869ecc6c__temp1.00__seed7,0.3208397307773342,,14,per_run_oof
qwen2p5_0p5b__math_test_00244_1b6efbf5__temp0.10__seed7,0.32687740149186456,,14,per_run_oof
qwen2p5_0p5b__math_test_00244_1b6efbf5__temp0.60__seed7,0.09563834879677627,,14,per_run_oof
qwen2p5_0p5b__math_test_00244_1b6efbf5__temp1.00__seed7,0.2194215903599895,,14,per_run_oof
qwen2p5_0p5b__math_test_00245_373bfa07__temp0.10__seed7,0.1873802424099937,,14,per_run_oof
qwen2p5_0p5b__math_test_00245_373bfa07__temp0.60__seed7,0.2169929066442183,,14,per_run_oof
qwen2p5_0p5b__math_test_00245_373bfa07__temp1.00__seed7,0.013720545965344912,,14,per_run_oof
qwen2p5_0p5b__math_test_00246_08e34813__temp0.10__seed7,0.19632689282763563,,14,per_run_oof
qwen2p5_0p5b__math_test_00246_08e34813__temp0.60__seed7,0.20317450257479203,,14,per_run_oof
qwen2p5_0p5b__math_test_00246_08e34813__temp1.00__seed7,0.25742446646954653,,14,per_run_oof
qwen2p5_0p5b__math_test_00247_24a6a2d8__temp0.10__seed7,0.3261817842540804,,14,per_run_oof
qwen2p5_0p5b__math_test_00247_24a6a2d8__temp0.60__seed7,0.2812216034999882,,14,per_run_oof
qwen2p5_0p5b__math_test_00247_24a6a2d8__temp1.00__seed7,0.28060249630523354,,14,per_run_oof
qwen2p5_0p5b__math_test_00248_740b47e0__temp0.10__seed7,0.5179265344703413,,14,per_run_oof
qwen2p5_0p5b__math_test_00248_740b47e0__temp0.60__seed7,0.24053245615771818,,14,per_run_oof
qwen2p5_0p5b__math_test_00248_740b47e0__temp1.00__seed7,0.18952167862245073,,14,per_run_oof
qwen2p5_0p5b__math_test_00249_89ab90f1__temp0.10__seed7,0.1835971879523837,,14,per_run_oof
qwen2p5_0p5b__math_test_00249_89ab90f1__temp0.60__seed7,0.3341044346175873,0.0,14,per_run_oof
qwen2p5_0p5b__math_test_00249_89ab90f1__temp1.00__seed7,0.014889381746841682,,14,per_run_oof
qwen2p5_0p5b__math_test_00250_893f6d22__temp0.10__seed7,0.28947922683182853,,14,per_run_oof
qwen2p5_0p5b__math_test_00250_893f6d22__temp0.60__seed7,0.2553407392885371,,14,per_run_oof
qwen2p5_0p5b__math_test_00250_893f6d22__temp1.00__seed7,0.13950178734339508,,14,per_run_oof
qwen2p5_0p5b__math_test_00251_3dd2446e__temp0.10__seed7,0.2671214352772526,,14,per_run_oof
qwen2p5_0p5b__math_test_00251_3dd2446e__temp0.60__seed7,0.3860768711604293,,14,per_run_oof
qwen2p5_0p5b__math_test_00251_3dd2446e__temp1.00__seed7,0.13643544142468403,,14,per_run_oof
qwen2p5_0p5b__math_test_00252_b3e21c72__temp0.10__seed7,0.1872761430762435,,14,per_run_oof
qwen2p5_0p5b__math_test_00252_b3e21c72__temp0.60__seed7,0.2568150187572321,,14,per_run_oof
qwen2p5_0p5b__math_test_00252_b3e21c72__temp1.00__seed7,0.2049630520980652,,14,per_run_oof
qwen2p5_0p5b__math_test_00253_d4df8de3__temp0.10__seed7,0.37904419439756015,,14,per_run_oof
qwen2p5_0p5b__math_test_00253_d4df8de3__temp0.60__seed7,0.1383507129604389,,14,per_run_oof
qwen2p5_0p5b__math_test_00253_d4df8de3__temp1.00__seed7,0.16212009539220956,,14,per_run_oof
qwen2p5_0p5b__math_test_00254_a92a5bc3__temp0.10__seed7,0.3339925673484859,,14,per_run_oof
qwen2p5_0p5b__math_test_00254_a92a5bc3__temp0.60__seed7,0.3093675714715956,,14,per_run_oof
qwen2p5_0p5b__math_test_00254_a92a5bc3__temp1.00__seed7,0.22681370061056683,,14,per_run_oof
qwen2p5_0p5b__math_test_00255_5f3fe168__temp0.10__seed7,0.09198408754595644,,14,per_run_oof
qwen2p5_0p5b__math_test_00255_5f3fe168__temp0.60__seed7,0.12889988864777782,,14,per_run_oof
qwen2p5_0p5b__math_test_00255_5f3fe168__temp1.00__seed7,0.17701664176353016,,14,per_run_oof
qwen2p5_0p5b__math_test_00256_d959374f__temp0.10__seed7,0.2621137995281239,,14,per_run_oof
qwen2p5_0p5b__math_test_00256_d959374f__temp0.60__seed7,0.23066494127101844,,14,per_run_oof
qwen2p5_0p5b__math_test_00256_d959374f__temp1.00__seed7,0.3264589717632345,,14,per_run_oof
qwen2p5_0p5b__math_test_00257_20ddae87__temp0.10__seed7,0.14904658527885753,,14,per_run_oof
qwen2p5_0p5b__math_test_00257_20ddae87__temp0.60__seed7,0.31720347387259773,,14,per_run_oof
qwen2p5_0p5b__math_test_00257_20ddae87__temp1.00__seed7,0.11227142474929733,,14,per_run_oof
qwen2p5_0p5b__math_test_00258_44fb0c1c__temp0.10__seed7,0.21753835615259542,,14,per_run_oof
qwen2p5_0p5b__math_test_00258_44fb0c1c__temp0.60__seed7,0.21650007824791384,,14,per_run_oof
qwen2p5_0p5b__math_test_00258_44fb0c1c__temp1.00__seed7,0.29193754450347903,,14,per_run_oof
qwen2p5_0p5b__math_test_00259_2ab6b817__temp0.10__seed7,0.10184956738106844,,14,per_run_oof
qwen2p5_0p5b__math_test_00259_2ab6b817__temp0.60__seed7,0.29076598915632423,,14,per_run_oof
qwen2p5_0p5b__math_test_00259_2ab6b817__temp1.00__seed7,0.18971927079627987,,14,per_run_oof
qwen2p5_0p5b__math_test_00260_efa62d11__temp0.10__seed7,0.3375925839509652,,14,per_run_oof
qwen2p5_0p5b__math_test_00260_efa62d11__temp0.60__seed7,0.21402186075999113,,14,per_run_oof
qwen2p5_0p5b__math_test_00260_efa62d11__temp1.00__seed7,0.38055575327025,,14,per_run_oof
qwen2p5_0p5b__math_test_00261_4f02172b__temp0.10__seed7,0.026996055155679266,,14,per_run_oof
qwen2p5_0p5b__math_test_00261_4f02172b__temp0.60__seed7,0.2856534407452284,,14,per_run_oof
qwen2p5_0p5b__math_test_00261_4f02172b__temp1.00__seed7,0.05054311122710832,,14,per_run_oof
qwen2p5_0p5b__math_test_00262_5be48d75__temp0.10__seed7,0.18274651209325257,,14,per_run_oof
qwen2p5_0p5b__math_test_00262_5be48d75__temp0.60__seed7,0.2663367233252701,,14,per_run_oof
qwen2p5_0p5b__math_test_00262_5be48d75__temp1.00__seed7,0.28372127713559425,,14,per_run_oof
qwen2p5_0p5b__math_test_00263_10d94c24__temp0.10__seed7,0.3055579217732414,0.16666666666666666,14,per_run_oof
qwen2p5_0p5b__math_test_00263_10d94c24__temp0.60__seed7,0.2575271282317461,,14,per_run_oof
qwen2p5_0p5b__math_test_00263_10d94c24__temp1.00__seed7,0.3007107146576483,,14,per_run_oof
qwen2p5_0p5b__math_test_00264_ca7f6fd1__temp0.10__seed7,0.3253046361119929,,14,per_run_oof
qwen2p5_0p5b__math_test_00264_ca7f6fd1__temp0.60__seed7,0.30301030944031215,,14,per_run_oof
qwen2p5_0p5b__math_test_00264_ca7f6fd1__temp1.00__seed7,0.37092618510095576,,14,per_run_oof
qwen2p5_0p5b__math_test_00265_3b8ec9e0__temp0.10__seed7,0.24045335504546866,,14,per_run_oof
qwen2p5_0p5b__math_test_00265_3b8ec9e0__temp0.60__seed7,0.2710384869365826,,14,per_run_oof
qwen2p5_0p5b__math_test_00265_3b8ec9e0__temp1.00__seed7,0.1488490797319947,,14,per_run_oof
qwen2p5_0p5b__math_test_00266_dbf10789__temp0.10__seed7,0.18196667370693645,,14,per_run_oof
qwen2p5_0p5b__math_test_00266_dbf10789__temp0.60__seed7,0.09206855746433902,,14,per_run_oof
qwen2p5_0p5b__math_test_00266_dbf10789__temp1.00__seed7,0.27409078304712203,,14,per_run_oof
qwen2p5_0p5b__math_test_00267_a33fc5f4__temp0.10__seed7,0.22184514207473374,,14,per_run_oof
qwen2p5_0p5b__math_test_00267_a33fc5f4__temp0.60__seed7,0.15246635672841613,,14,per_run_oof
qwen2p5_0p5b__math_test_00267_a33fc5f4__temp1.00__seed7,0.33910788989743473,,14,per_run_oof
qwen2p5_0p5b__math_test_00268_64a42184__temp0.10__seed7,0.32403545460895344,,14,per_run_oof
qwen2p5_0p5b__math_test_00268_64a42184__temp0.60__seed7,0.32392871286150365,,14,per_run_oof
qwen2p5_0p5b__math_test_00268_64a42184__temp1.00__seed7,0.16745804685862373,,14,per_run_oof
qwen2p5_0p5b__math_test_00269_3a892d62__temp0.10__seed7,0.2802794095171034,,14,per_run_oof
qwen2p5_0p5b__math_test_00269_3a892d62__temp0.60__seed7,0.3969242539443192,,14,per_run_oof
qwen2p5_0p5b__math_test_00269_3a892d62__temp1.00__seed7,0.23353859762527993,,14,per_run_oof
qwen2p5_0p5b__math_test_00270_d6fa4f7c__temp0.10__seed7,0.17908059987600436,,14,per_run_oof
qwen2p5_0p5b__math_test_00270_d6fa4f7c__temp0.60__seed7,0.27812645472148817,,14,per_run_oof
qwen2p5_0p5b__math_test_00270_d6fa4f7c__temp1.00__seed7,0.23817783022602407,,14,per_run_oof
qwen2p5_0p5b__math_test_00271_0cd3b758__temp0.10__seed7,0.3159951349209245,,14,per_run_oof
qwen2p5_0p5b__math_test_00271_0cd3b758__temp0.60__seed7,0.2827034361600221,,14,per_run_oof
qwen2p5_0p5b__math_test_00271_0cd3b758__temp1.00__seed7,0.192576448404616,,14,per_run_oof
qwen2p5_0p5b__math_test_00272_84359c4d__temp0.10__seed7,0.19407535907746734,,14,per_run_oof
qwen2p5_0p5b__math_test_00272_84359c4d__temp0.60__seed7,0.27600634197141855,,14,per_run_oof
qwen2p5_0p5b__math_test_00272_84359c4d__temp1.00__seed7,0.17240409459672007,0.95,14,per_run_oof
qwen2p5_0p5b__math_test_00273_a9e9a1de__temp0.10__seed7,0.31270256713377004,,14,per_run_oof
qwen2p5_0p5b__math_test_00273_a9e9a1de__temp0.60__seed7,0.31636835558938087,,14,per_run_oof
qwen2p5_0p5b__math_test_00273_a9e9a1de__temp1.00__seed7,0.3421102970649393,,14,per_run_oof
qwen2p5_0p5b__math_test_00274_75abc690__temp0.10__seed7,0.19727559854714433,,14,per_run_oof
qwen2p5_0p5b__math_test_00274_75abc690__temp0.60__seed7,0.26596835807879715,,14,per_run_oof
qwen2p5_0p5b__math_test_00274_75abc690__temp1.00__seed7,0.25670975127183665,,14,per_run_oof
qwen2p5_0p5b__math_test_00275_4384cd3d__temp0.10__seed7,0.14890175916863332,,14,per_run_oof
qwen2p5_0p5b__math_test_00275_4384cd3d__temp0.60__seed7,0.20391862136655226,,14,per_run_oof
qwen2p5_0p5b__math_test_00275_4384cd3d__temp1.00__seed7,0.13642105256317816,,14,per_run_oof
qwen2p5_0p5b__math_test_00276_845d624e__temp0.10__seed7,0.2586224371151582,,14,per_run_oof
qwen2p5_0p5b__math_test_00276_845d624e__temp0.60__seed7,0.2028358260763498,,14,per_run_oof
qwen2p5_0p5b__math_test_00276_845d624e__temp1.00__seed7,0.09747326981459237,,14,per_run_oof
qwen2p5_0p5b__math_test_00277_c86dc9b8__temp0.10__seed7,0.3140686647515989,,14,per_run_oof
qwen2p5_0p5b__math_test_00277_c86dc9b8__temp0.60__seed7,0.27288531612489086,,14,per_run_oof
qwen2p5_0p5b__math_test_00277_c86dc9b8__temp1.00__seed7,0.30692146055595637,,14,per_run_oof
qwen2p5_0p5b__math_test_00278_f57d1ab7__temp0.10__seed7,0.16420902400407159,,14,per_run_oof
qwen2p5_0p5b__math_test_00278_f57d1ab7__temp0.60__seed7,0.2925732136867179,,14,per_run_oof
qwen2p5_0p5b__math_test_00278_f57d1ab7__temp1.00__seed7,0.16311028408965958,,14,per_run_oof
qwen2p5_0p5b__math_test_00279_c9a3fe90__temp0.10__seed7,0.31260300898996646,,14,per_run_oof
qwen2p5_0p5b__math_test_00279_c9a3fe90__temp0.60__seed7,0.24159112451057135,,14,per_run_oof
qwen2p5_0p5b__math_test_00279_c9a3fe90__temp1.00__seed7,0.2262420072786763,,14,per_run_oof
qwen2p5_0p5b__math_test_00280_fa6589e1__temp0.10__seed7,0.23060467202185939,,14,per_run_oof
qwen2p5_0p5b__math_test_00280_fa6589e1__temp0.60__seed7,0.1820352677288497,,14,per_run_oof
qwen2p5_0p5b__math_test_00280_fa6589e1__temp1.00__seed7,0.3047569590942814,,14,per_run_oof
qwen2p5_0p5b__math_test_00281_c1845e7d__temp0.10__seed7,0.18321122442909124,,14,per_run_oof
qwen2p5_0p5b__math_test_00281_c1845e7d__temp0.60__seed7,0.2030058248443387,,14,per_run_oof
qwen2p5_0p5b__math_test_00281_c1845e7d__temp1.00__seed7,0.13089210898742507,,14,per_run_oof
qwen2p5_0p5b__math_test_00282_92f3a353__temp0.10__seed7,0.17253116524160197,,14,per_run_oof
qwen2p5_0p5b__math_test_00282_92f3a353__temp0.60__seed7,0.23056040624835764,,14,per_run_oof
qwen2p5_0p5b__math_test_00282_92f3a353__temp1.00__seed7,0.017682838837062377,,14,per_run_oof
qwen2p5_0p5b__math_test_00283_7135627a__temp0.10__seed7,0.09632722841919451,,14,per_run_oof
qwen2p5_0p5b__math_test_00283_7135627a__temp0.60__seed7,0.22426356507039577,,14,per_run_oof
qwen2p5_0p5b__math_test_00283_7135627a__temp1.00__seed7,0.14477086218711888,,14,per_run_oof
qwen2p5_0p5b__math_test_00284_d7b7add8__temp0.10__seed7,0.22745008123168203,,14,per_run_oof
qwen2p5_0p5b__math_test_00284_d7b7add8__temp0.60__seed7,0.2839828004160424,,14,per_run_oof
qwen2p5_0p5b__math_test_00284_d7b7add8__temp1.00__seed7,0.379337524718319,,14,per_run_oof
qwen2p5_0p5b__math_test_00285_2a685be2__temp0.10__seed7,0.2075973641926801,,14,per_run_oof
qwen2p5_0p5b__math_test_00285_2a685be2__temp0.60__seed7,0.3230350733311647,,14,per_run_oof
qwen2p5_0p5b__math_test_00285_2a685be2__temp1.00__seed7,0.1852464506728073,,14,per_run_oof
qwen2p5_0p5b__math_test_00286_2378497f__temp0.10__seed7,0.20268009977478113,,14,per_run_oof
qwen2p5_0p5b__math_test_00286_2378497f__temp0.60__seed7,0.07605469041915869,,14,per_run_oof
qwen2p5_0p5b__math_test_00286_2378497f__temp1.00__seed7,0.30144606116388195,,14,per_run_oof
qwen2p5_0p5b__math_test_00287_ab35a62d__temp0.10__seed7,0.18285329548153356,,14,per_run_oof
qwen2p5_0p5b__math_test_00287_ab35a62d__temp0.60__seed7,0.19723186904571552,,14,per_run_oof
qwen2p5_0p5b__math_test_00287_ab35a62d__temp1.00__seed7,0.2146458426742953,,14,per_run_oof
qwen2p5_0p5b__math_test_00288_99b25b6b__temp0.10__seed7,0.2534706998011948,,14,per_run_oof
qwen2p5_0p5b__math_test_00288_99b25b6b__temp0.60__seed7,0.20383347902989915,,14,per_run_oof
qwen2p5_0p5b__math_test_00288_99b25b6b__temp1.00__seed7,0.24027212501170794,,14,per_run_oof
qwen2p5_0p5b__math_test_00289_65b47d19__temp0.10__seed7,0.15586778620515165,,14,per_run_oof
qwen2p5_0p5b__math_test_00289_65b47d19__temp0.60__seed7,0.17833266721968738,,14,per_run_oof
qwen2p5_0p5b__math_test_00289_65b47d19__temp1.00__seed7,0.24363104311047706,,14,per_run_oof
qwen2p5_0p5b__math_test_00290_1a809667__temp0.10__seed7,0.3407425374630683,,14,per_run_oof
qwen2p5_0p5b__math_test_00290_1a809667__temp0.60__seed7,0.1418301707458864,,14,per_run_oof
qwen2p5_0p5b__math_test_00290_1a809667__temp1.00__seed7,0.20751144540061864,,14,per_run_oof
qwen2p5_0p5b__math_test_00291_f0f80e1a__temp0.10__seed7,0.33726260760986815,,14,per_run_oof
qwen2p5_0p5b__math_test_00291_f0f80e1a__temp0.60__seed7,0.3371901706648438,,14,per_run_oof
qwen2p5_0p5b__math_test_00291_f0f80e1a__temp1.00__seed7,0.3058827493873424,,14,per_run_oof
qwen2p5_0p5b__math_test_00292_9f87e110__temp0.10__seed7,0.18746174836223045,,14,per_run_oof
qwen2p5_0p5b__math_test_00292_9f87e110__temp0.60__seed7,0.21969447645485582,,14,per_run_oof
qwen2p5_0p5b__math_test_00292_9f87e110__temp1.00__seed7,0.11891352951543155,,14,per_run_oof
qwen2p5_0p5b__math_test_00293_9a549464__temp0.10__seed7,0.18779627786288763,,14,per_run_oof
qwen2p5_0p5b__math_test_00293_9a549464__temp0.60__seed7,0.2599644553469792,,14,per_run_oof
qwen2p5_0p5b__math_test_00293_9a549464__temp1.00__seed7,0.29655322416958035,0.46153846153846156,14,per_run_oof
qwen2p5_0p5b__math_test_00294_bbfa98b4__temp0.10__seed7,0.20476293269482107,,14,per_run_oof
qwen2p5_0p5b__math_test_00294_bbfa98b4__temp0.60__seed7,0.28740934222324155,,14,per_run_oof
qwen2p5_0p5b__math_test_00294_bbfa98b4__temp1.00__seed7,0.3410094804157959,,14,per_run_oof
qwen2p5_0p5b__math_test_00295_5384a318__temp0.10__seed7,0.19232308817612248,,14,per_run_oof
qwen2p5_0p5b__math_test_00295_5384a318__temp0.60__seed7,0.2662502318067012,,14,per_run_oof
qwen2p5_0p5b__math_test_00295_5384a318__temp1.00__seed7,0.3608282383663805,,14,per_run_oof
qwen2p5_0p5b__math_test_00296_dd695c69__temp0.10__seed7,0.16943982630649643,,14,per_run_oof
qwen2p5_0p5b__math_test_00296_dd695c69__temp0.60__seed7,0.13895477467127929,,14,per_run_oof
qwen2p5_0p5b__math_test_00296_dd695c69__temp1.00__seed7,0.2674548087443361,,14,per_run_oof
qwen2p5_0p5b__math_test_00297_96f3b4cd__temp0.10__seed7,0.22045297169112352,,14,per_run_oof
qwen2p5_0p5b__math_test_00297_96f3b4cd__temp0.60__seed7,0.19013110548482823,,14,per_run_oof
qwen2p5_0p5b__math_test_00297_96f3b4cd__temp1.00__seed7,0.2671391612895981,,14,per_run_oof
qwen2p5_0p5b__math_test_00298_cd93bf6b__temp0.10__seed7,0.3818211486933766,,14,per_run_oof
qwen2p5_0p5b__math_test_00298_cd93bf6b__temp0.60__seed7,0.409954057985402,,14,per_run_oof
qwen2p5_0p5b__math_test_00298_cd93bf6b__temp1.00__seed7,0.2180611709922918,,14,per_run_oof
qwen2p5_0p5b__math_test_00299_9edbd238__temp0.10__seed7,0.2799611762585057,,14,per_run_oof
qwen2p5_0p5b__math_test_00299_9edbd238__temp0.60__seed7,0.18603161863346135,,14,per_run_oof
qwen2p5_0p5b__math_test_00299_9edbd238__temp1.00__seed7,0.30630906676696823,,14,per_run_oof
qwen2p5_0p5b__math_test_00300_7b4fb29f__temp0.10__seed7,0.3031437860075258,,14,per_run_oof
qwen2p5_0p5b__math_test_00300_7b4fb29f__temp0.60__seed7,0.14838988876247164,,14,per_run_oof
qwen2p5_0p5b__math_test_00300_7b4fb29f__temp1.00__seed7,0.22037082660050114,,14,per_run_oof
qwen2p5_0p5b__math_test_00301_fe74163c__temp0.10__seed7,0.17990232153233449,,14,per_run_oof
qwen2p5_0p5b__math_test_00301_fe74163c__temp0.60__seed7,0.21618168837766638,,14,per_run_oof
qwen2p5_0p5b__math_test_00301_fe74163c__temp1.00__seed7,0.19992308780815796,,14,per_run_oof
qwen2p5_0p5b__math_test_00302_555caaf5__temp0.10__seed7,0.17898098140461674,,14,per_run_oof
qwen2p5_0p5b__math_test_00302_555caaf5__temp0.60__seed7,0.265089354876029,,14,per_run_oof
qwen2p5_0p5b__math_test_00302_555caaf5__temp1.00__seed7,0.24148341040971408,,14,per_run_oof
qwen2p5_0p5b__math_test_00303_0a6043f3__temp0.10__seed7,0.3056700842153183,,14,per_run_oof
qwen2p5_0p5b__math_test_00303_0a6043f3__temp0.60__seed7,0.19531419450890924,,14,per_run_oof
qwen2p5_0p5b__math_test_00303_0a6043f3__temp1.00__seed7,0.2883087512092639,,14,per_run_oof
qwen2p5_0p5b__math_test_00304_782cacd3__temp0.10__seed7,0.20956308555414396,,14,per_run_oof
qwen2p5_0p5b__math_test_00304_782cacd3__temp0.60__seed7,0.3627575708533861,,14,per_run_oof
qwen2p5_0p5b__math_test_00304_782cacd3__temp1.00__seed7,0.2307315796589772,,14,per_run_oof
qwen2p5_0p5b__math_test_00305_c8d180e8__temp0.10__seed7,0.22156356719015277,,14,per_run_oof
qwen2p5_0p5b__math_test_00305_c8d180e8__temp0.60__seed7,0.23197551297495872,,14,per_run_oof
qwen2p5_0p5b__math_test_00305_c8d180e8__temp1.00__seed7,0.29116486785420737,,14,per_run_oof
qwen2p5_0p5b__math_test_00306_15a3ec97__temp0.10__seed7,0.19232527650031297,,14,per_run_oof
qwen2p5_0p5b__math_test_00306_15a3ec97__temp0.60__seed7,0.16814445989176985,,14,per_run_oof
qwen2p5_0p5b__math_test_00306_15a3ec97__temp1.00__seed7,0.2393646612527376,,14,per_run_oof
qwen2p5_0p5b__math_test_00307_ac0e3789__temp0.10__seed7,0.327043021190207,,14,per_run_oof
qwen2p5_0p5b__math_test_00307_ac0e3789__temp0.60__seed7,0.2432697852150552,,14,per_run_oof
qwen2p5_0p5b__math_test_00307_ac0e3789__temp1.00__seed7,0.15419332400573652,,14,per_run_oof
qwen2p5_0p5b__math_test_00308_35ec1d7b__temp0.10__seed7,0.2036335388636585,,14,per_run_oof
qwen2p5_0p5b__math_test_00308_35ec1d7b__temp0.60__seed7,0.14231818692662254,,14,per_run_oof
qwen2p5_0p5b__math_test_00308_35ec1d7b__temp1.00__seed7,0.20840540185682485,,14,per_run_oof
qwen2p5_0p5b__math_test_00309_7be0b9c6__temp0.10__seed7,0.33754131015295397,,14,per_run_oof
qwen2p5_0p5b__math_test_00309_7be0b9c6__temp0.60__seed7,0.16092652387857295,1.0,14,per_run_oof
qwen2p5_0p5b__math_test_00309_7be0b9c6__temp1.00__seed7,0.3394593612876418,,14,per_run_oof
qwen2p5_0p5b__math_test_00310_2974ae8d__temp0.10__seed7,0.1996041048324792,,14,per_run_oof
qwen2p5_0p5b__math_test_00310_2974ae8d__temp0.60__seed7,0.3423977550916692,,14,per_run_oof
qwen2p5_0p5b__math_test_00310_2974ae8d__temp1.00__seed7,0.35383991018850314,,14,per_run_oof
qwen2p5_0p5b__math_test_00311_db5088ff__temp0.10__seed7,0.2731605921494199,,14,per_run_oof
qwen2p5_0p5b__math_test_00311_db5088ff__temp0.60__seed7,0.1637879538783566,,14,per_run_oof
qwen2p5_0p5b__math_test_00311_db5088ff__temp1.00__seed7,0.17328561734323775,,14,per_run_oof
qwen2p5_0p5b__math_test_00312_74f8cf90__temp0.10__seed7,0.2855913203983849,,14,per_run_oof
qwen2p5_0p5b__math_test_00312_74f8cf90__temp0.60__seed7,0.3773333019469712,,14,per_run_oof
qwen2p5_0p5b__math_test_00312_74f8cf90__temp1.00__seed7,0.20528413227482137,,14,per_run_oof
qwen2p5_0p5b__math_test_00313_eb9feec2__temp0.10__seed7,0.24034553876926484,,14,per_run_oof
qwen2p5_0p5b__math_test_00313_eb9feec2__temp0.60__seed7,0.23707897603741648,,14,per_run_oof
qwen2p5_0p5b__math_test_00313_eb9feec2__temp1.00__seed7,0.16821897039375666,,14,per_run_oof
qwen2p5_0p5b__math_test_00314_1f87cb3d__temp0.10__seed7,0.19094368683459612,,14,per_run_oof
qwen2p5_0p5b__math_test_00314_1f87cb3d__temp0.60__seed7,0.20515016509366885,,14,per_run_oof
qwen2p5_0p5b__math_test_00314_1f87cb3d__temp1.00__seed7,0.29320007505504797,,14,per_run_oof
qwen2p5_0p5b__math_test_00315_df923cac__temp0.10__seed7,0.32540862641307816,,14,per_run_oof
qwen2p5_0p5b__math_test_00315_df923cac__temp0.60__seed7,0.25812306612933444,,14,per_run_oof
qwen2p5_0p5b__math_test_00315_df923cac__temp1.00__seed7,0.35243598124323533,,14,per_run_oof
qwen2p5_0p5b__math_test_00316_d871c684__temp0.10__seed7,0.21566782677393864,,14,per_run_oof
qwen2p5_0p5b__math_test_00316_d871c684__temp0.60__seed7,0.23977605276415673,,14,per_run_oof
qwen2p5_0p5b__math_test_00316_d871c684__temp1.00__seed7,0.31020683763123014,,14,per_run_oof
qwen2p5_0p5b__math_test_00317_e0ee33c8__temp0.10__seed7,0.30331084778378353,,14,per_run_oof
qwen2p5_0p5b__math_test_00317_e0ee33c8__temp0.60__seed7,0.11433516322947472,,14,per_run_oof
qwen2p5_0p5b__math_test_00317_e0ee33c8__temp1.00__seed7,0.19371177054081934,,14,per_run_oof
qwen2p5_0p5b__math_test_00318_126e857a__temp0.10__seed7,0.4202540341587233,,14,per_run_oof
qwen2p5_0p5b__math_test_00318_126e857a__temp0.60__seed7,0.29356762146035614,,14,per_run_oof
qwen2p5_0p5b__math_test_00318_126e857a__temp1.00__seed7,0.30326742240660326,,14,per_run_oof
qwen2p5_0p5b__math_test_00319_dde9f260__temp0.10__seed7,0.18914613213385542,,14,per_run_oof
qwen2p5_0p5b__math_test_00319_dde9f260__temp0.60__seed7,0.2005365899798767,,14,per_run_oof
qwen2p5_0p5b__math_test_00319_dde9f260__temp1.00__seed7,0.15669427130209287,,14,per_run_oof
qwen2p5_0p5b__math_test_00320_e8f73851__temp0.10__seed7,0.2943981930404674,,14,per_run_oof
qwen2p5_0p5b__math_test_00320_e8f73851__temp0.60__seed7,0.2746045808089825,,14,per_run_oof
qwen2p5_0p5b__math_test_00320_e8f73851__temp1.00__seed7,0.20951753035783716,,14,per_run_oof
qwen2p5_0p5b__math_test_00321_bf799ecc__temp0.10__seed7,0.26210774404392195,,14,per_run_oof
qwen2p5_0p5b__math_test_00321_bf799ecc__temp0.60__seed7,0.36548196676087386,,14,per_run_oof
qwen2p5_0p5b__math_test_00321_bf799ecc__temp1.00__seed7,0.3534503669995853,0.3076923076923077,14,per_run_oof
qwen2p5_0p5b__math_test_00322_ee8eb9c1__temp0.10__seed7,0.2036586029385215,,14,per_run_oof
qwen2p5_0p5b__math_test_00322_ee8eb9c1__temp0.60__seed7,0.20343580429068067,,14,per_run_oof
qwen2p5_0p5b__math_test_00322_ee8eb9c1__temp1.00__seed7,0.2921219783102692,,14,per_run_oof
qwen2p5_0p5b__math_test_00323_372c2d59__temp0.10__seed7,0.23482802006514647,,14,per_run_oof
qwen2p5_0p5b__math_test_00323_372c2d59__temp0.60__seed7,0.2860692274973967,,14,per_run_oof
qwen2p5_0p5b__math_test_00323_372c2d59__temp1.00__seed7,0.30561011358216666,,14,per_run_oof
qwen2p5_0p5b__math_test_00324_5d4902ec__temp0.10__seed7,0.2968786308264966,,14,per_run_oof
qwen2p5_0p5b__math_test_00324_5d4902ec__temp0.60__seed7,0.30813041481762765,,14,per_run_oof
qwen2p5_0p5b__math_test_00324_5d4902ec__temp1.00__seed7,0.32752078529188144,,14,per_run_oof
qwen2p5_0p5b__math_test_00325_bf36a20b__temp0.10__seed7,0.3205459556430312,,14,per_run_oof
qwen2p5_0p5b__math_test_00325_bf36a20b__temp0.60__seed7,0.2556269736804066,,14,per_run_oof
qwen2p5_0p5b__math_test_00325_bf36a20b__temp1.00__seed7,0.2261243593296914,,14,per_run_oof
qwen2p5_0p5b__math_test_00326_2b3c488f__temp0.10__seed7,0.10392960320266707,,14,per_run_oof
qwen2p5_0p5b__math_test_00326_2b3c488f__temp0.60__seed7,0.24945085589882132,,14,per_run_oof
qwen2p5_0p5b__math_test_00326_2b3c488f__temp1.00__seed7,0.1134821340262641,,14,per_run_oof
qwen2p5_0p5b__math_test_00327_39c0048d__temp0.10__seed7,0.23625943546085051,,14,per_run_oof
qwen2p5_0p5b__math_test_00327_39c0048d__temp0.60__seed7,0.25520471821780927,,14,per_run_oof
qwen2p5_0p5b__math_test_00327_39c0048d__temp1.00__seed7,0.351210458172862,,14,per_run_oof
qwen2p5_0p5b__math_test_00328_fd5fbe30__temp0.10__seed7,0.16906885199418542,,14,per_run_oof
qwen2p5_0p5b__math_test_00328_fd5fbe30__temp0.60__seed7,0.2644740566416807,,14,per_run_oof
qwen2p5_0p5b__math_test_00328_fd5fbe30__temp1.00__seed7,0.29246032859573534,,14,per_run_oof
qwen2p5_0p5b__math_test_00329_a0de4994__temp0.10__seed7,0.3148040519443978,,14,per_run_oof
qwen2p5_0p5b__math_test_00329_a0de4994__temp0.60__seed7,0.10512763407645864,,14,per_run_oof
qwen2p5_0p5b__math_test_00329_a0de4994__temp1.00__seed7,0.29527662196500776,,14,per_run_oof
qwen2p5_0p5b__math_test_00330_45cea026__temp0.10__seed7,0.3345347148690907,,14,per_run_oof
qwen2p5_0p5b__math_test_00330_45cea026__temp0.60__seed7,0.025892740346155064,,14,per_run_oof
qwen2p5_0p5b__math_test_00330_45cea026__temp1.00__seed7,0.11559574587365222,,14,per_run_oof
qwen2p5_0p5b__math_test_00331_023902bd__temp0.10__seed7,0.24831868100106294,,14,per_run_oof
qwen2p5_0p5b__math_test_00331_023902bd__temp0.60__seed7,0.040724541507253055,,14,per_run_oof
qwen2p5_0p5b__math_test_00331_023902bd__temp1.00__seed7,0.34476113032715044,,14,per_run_oof
qwen2p5_0p5b__math_test_00332_5bacfa8c__temp0.10__seed7,0.1960617255935798,,14,per_run_oof
qwen2p5_0p5b__math_test_00332_5bacfa8c__temp0.60__seed7,0.35543232300108557,,14,per_run_oof
qwen2p5_0p5b__math_test_00332_5bacfa8c__temp1.00__seed7,0.30644512458843,,14,per_run_oof
qwen2p5_0p5b__math_test_00333_a31e71a6__temp0.10__seed7,0.15880413595762755,,14,per_run_oof
qwen2p5_0p5b__math_test_00333_a31e71a6__temp0.60__seed7,0.23341564476762464,,14,per_run_oof
qwen2p5_0p5b__math_test_00333_a31e71a6__temp1.00__seed7,0.20554480952002668,,14,per_run_oof
qwen2p5_0p5b__math_test_00334_18dac264__temp0.10__seed7,0.18073350197222712,,14,per_run_oof
qwen2p5_0p5b__math_test_00334_18dac264__temp0.60__seed7,0.2235869876586738,,14,per_run_oof
qwen2p5_0p5b__math_test_00334_18dac264__temp1.00__seed7,0.14147763353893114,,14,per_run_oof
qwen2p5_0p5b__math_test_00335_fde40de4__temp0.10__seed7,0.1361409542938097,,14,per_run_oof
qwen2p5_0p5b__math_test_00335_fde40de4__temp0.60__seed7,0.2427062062618001,,14,per_run_oof
qwen2p5_0p5b__math_test_00335_fde40de4__temp1.00__seed7,0.3868927782261222,,14,per_run_oof
qwen2p5_0p5b__math_test_00336_0b4ea1e7__temp0.10__seed7,0.23196362810260251,,14,per_run_oof
qwen2p5_0p5b__math_test_00336_0b4ea1e7__temp0.60__seed7,0.01459508906846982,,14,per_run_oof
qwen2p5_0p5b__math_test_00336_0b4ea1e7__temp1.00__seed7,0.2407643854063848,,14,per_run_oof
qwen2p5_0p5b__math_test_00337_d02b019a__temp0.10__seed7,0.1813090610915098,,14,per_run_oof
qwen2p5_0p5b__math_test_00337_d02b019a__temp0.60__seed7,0.09937589281767549,,14,per_run_oof
qwen2p5_0p5b__math_test_00337_d02b019a__temp1.00__seed7,0.09761962696650596,,14,per_run_oof
qwen2p5_0p5b__math_test_00338_6b6d2c6b__temp0.10__seed7,0.11414901187677452,,14,per_run_oof
qwen2p5_0p5b__math_test_00338_6b6d2c6b__temp0.60__seed7,0.12117788078796943,,14,per_run_oof
qwen2p5_0p5b__math_test_00338_6b6d2c6b__temp1.00__seed7,0.13592691834486265,,14,per_run_oof
qwen2p5_0p5b__math_test_00339_5722cb6d__temp0.10__seed7,0.0626135609157467,,14,per_run_oof
qwen2p5_0p5b__math_test_00339_5722cb6d__temp0.60__seed7,0.327572873384017,,14,per_run_oof
qwen2p5_0p5b__math_test_00339_5722cb6d__temp1.00__seed7,0.19120132956264566,,14,per_run_oof
qwen2p5_0p5b__math_test_00340_c7e6fae6__temp0.10__seed7,0.3061669319182715,,14,per_run_oof
qwen2p5_0p5b__math_test_00340_c7e6fae6__temp0.60__seed7,0.2071034935158078,,14,per_run_oof
qwen2p5_0p5b__math_test_00340_c7e6fae6__temp1.00__seed7,0.20092761247695123,,14,per_run_oof
qwen2p5_0p5b__math_test_00341_0734d253__temp0.10__seed7,0.3019835616346696,,14,per_run_oof
qwen2p5_0p5b__math_test_00341_0734d253__temp0.60__seed7,0.32007826692675584,,14,per_run_oof
qwen2p5_0p5b__math_test_00341_0734d253__temp1.00__seed7,0.0666472555525529,,14,per_run_oof
qwen2p5_0p5b__math_test_00342_1bb3298f__temp0.10__seed7,0.06990942326596672,,14,per_run_oof
qwen2p5_0p5b__math_test_00342_1bb3298f__temp0.60__seed7,0.264412094267265,,14,per_run_oof
qwen2p5_0p5b__math_test_00342_1bb3298f__temp1.00__seed7,0.1536044241376278,,14,per_run_oof
qwen2p5_0p5b__math_test_00343_e54f9ee1__temp0.10__seed7,0.288980174262704,,14,per_run_oof
qwen2p5_0p5b__math_test_00343_e54f9ee1__temp0.60__seed7,0.24725196030407284,,14,per_run_oof
qwen2p5_0p5b__math_test_00343_e54f9ee1__temp1.00__seed7,0.3636779861684518,,14,per_run_oof
qwen2p5_0p5b__math_test_00344_64925ab7__temp0.10__seed7,0.3315214572491868,,14,per_run_oof
qwen2p5_0p5b__math_test_00344_64925ab7__temp0.60__seed7,0.28228078938807,,14,per_run_oof
qwen2p5_0p5b__math_test_00344_64925ab7__temp1.00__seed7,0.32991950014327165,,14,per_run_oof
qwen2p5_0p5b__math_test_00345_6af61995__temp0.10__seed7,0.23119913070618353,,14,per_run_oof
qwen2p5_0p5b__math_test_00345_6af61995__temp0.60__seed7,0.30872038838853033,,14,per_run_oof
qwen2p5_0p5b__math_test_00345_6af61995__temp1.00__seed7,0.24794083259766972,,14,per_run_oof
qwen2p5_0p5b__math_test_00346_baa6122d__temp0.10__seed7,0.29776102465341214,,14,per_run_oof
qwen2p5_0p5b__math_test_00346_baa6122d__temp0.60__seed7,0.22065819454282837,0.3333333333333333,14,per_run_oof
qwen2p5_0p5b__math_test_00346_baa6122d__temp1.00__seed7,0.2706214037582936,,14,per_run_oof
qwen2p5_0p5b__math_test_00347_a2f7bec0__temp0.10__seed7,0.22656807433364226,,14,per_run_oof
qwen2p5_0p5b__math_test_00347_a2f7bec0__temp0.60__seed7,0.1486898650460596,,14,per_run_oof
qwen2p5_0p5b__math_test_00347_a2f7bec0__temp1.00__seed7,0.2212779355091918,,14,per_run_oof
qwen2p5_0p5b__math_test_00348_86ddc3d0__temp0.10__seed7,0.16663125464438194,,14,per_run_oof
qwen2p5_0p5b__math_test_00348_86ddc3d0__temp0.60__seed7,0.3117656934961097,,14,per_run_oof
qwen2p5_0p5b__math_test_00348_86ddc3d0__temp1.00__seed7,0.26351021664196583,,14,per_run_oof
qwen2p5_0p5b__math_test_00349_b9d9a1ba__temp0.10__seed7,0.28866697996081986,,14,per_run_oof
qwen2p5_0p5b__math_test_00349_b9d9a1ba__temp0.60__seed7,0.1331566188768654,,14,per_run_oof
qwen2p5_0p5b__math_test_00349_b9d9a1ba__temp1.00__seed7,0.35898662662319325,,14,per_run_oof
qwen2p5_0p5b__math_test_00350_02aacf73__temp0.10__seed7,0.19713414725661318,,14,per_run_oof
qwen2p5_0p5b__math_test_00350_02aacf73__temp0.60__seed7,0.35859522585878434,,14,per_run_oof
qwen2p5_0p5b__math_test_00350_02aacf73__temp1.00__seed7,0.3903255786122984,,14,per_run_oof
qwen2p5_0p5b__math_test_00351_67aec9c5__temp0.10__seed7,0.3450634613990885,,14,per_run_oof
qwen2p5_0p5b__math_test_00351_67aec9c5__temp0.60__seed7,0.27802410393170296,,14,per_run_oof
qwen2p5_0p5b__math_test_00351_67aec9c5__temp1.00__seed7,0.32486809349405493,,14,per_run_oof
qwen2p5_0p5b__math_test_00352_e74ba0fa__temp0.10__seed7,0.27419576265572204,,14,per_run_oof
qwen2p5_0p5b__math_test_00352_e74ba0fa__temp0.60__seed7,0.3439812536360679,,14,per_run_oof
qwen2p5_0p5b__math_test_00352_e74ba0fa__temp1.00__seed7,0.2293191009806587,,14,per_run_oof
qwen2p5_0p5b__math_test_00353_8c1deb6e__temp0.10__seed7,0.15501280400727885,,14,per_run_oof
qwen2p5_0p5b__math_test_00353_8c1deb6e__temp0.60__seed7,0.09822788084374534,,14,per_run_oof
qwen2p5_0p5b__math_test_00353_8c1deb6e__temp1.00__seed7,0.16018622718249928,,14,per_run_oof
qwen2p5_0p5b__math_test_00354_47b050a9__temp0.10__seed7,0.272101517570117,,14,per_run_oof
qwen2p5_0p5b__math_test_00354_47b050a9__temp0.60__seed7,0.19652517851358728,,14,per_run_oof
qwen2p5_0p5b__math_test_00354_47b050a9__temp1.00__seed7,0.06599098132508152,,14,per_run_oof
qwen2p5_0p5b__math_test_00355_ec1c2c36__temp0.10__seed7,0.1554236230854718,,14,per_run_oof
qwen2p5_0p5b__math_test_00355_ec1c2c36__temp0.60__seed7,0.11226602809534374,,14,per_run_oof
qwen2p5_0p5b__math_test_00355_ec1c2c36__temp1.00__seed7,0.20135661650665967,,14,per_run_oof
qwen2p5_0p5b__math_test_00356_f8a2ffc1__temp0.10__seed7,0.1837746428736047,,14,per_run_oof
qwen2p5_0p5b__math_test_00356_f8a2ffc1__temp0.60__seed7,0.1901197341956382,,14,per_run_oof
qwen2p5_0p5b__math_test_00356_f8a2ffc1__temp1.00__seed7,0.016233368462873307,,14,per_run_oof
qwen2p5_0p5b__math_test_00357_8a63afe5__temp0.10__seed7,0.2736075714114819,,14,per_run_oof
qwen2p5_0p5b__math_test_00357_8a63afe5__temp0.60__seed7,0.22111878730372875,,14,per_run_oof
qwen2p5_0p5b__math_test_00357_8a63afe5__temp1.00__seed7,0.29862159724069776,,14,per_run_oof
qwen2p5_0p5b__math_test_00358_76dfcccb__temp0.10__seed7,0.20782395398365705,,14,per_run_oof
qwen2p5_0p5b__math_test_00358_76dfcccb__temp0.60__seed7,0.2968522493557218,,14,per_run_oof
qwen2p5_0p5b__math_test_00358_76dfcccb__temp1.00__seed7,0.1378957066250462,,14,per_run_oof
qwen2p5_0p5b__math_test_00359_f093fce4__temp0.10__seed7,0.2799701009430799,,14,per_run_oof
qwen2p5_0p5b__math_test_00359_f093fce4__temp0.60__seed7,0.2705159413405176,,14,per_run_oof
qwen2p5_0p5b__math_test_00359_f093fce4__temp1.00__seed7,0.18402895162377525,,14,per_run_oof
qwen2p5_0p5b__math_test_00360_e7cc4a6f__temp0.10__seed7,0.18986773836235118,,14,per_run_oof
qwen2p5_0p5b__math_test_00360_e7cc4a6f__temp0.60__seed7,0.19436827301194826,,14,per_run_oof
qwen2p5_0p5b__math_test_00360_e7cc4a6f__temp1.00__seed7,0.32509570759208806,,14,per_run_oof
qwen2p5_0p5b__math_test_00361_e7fdc3ec__temp0.10__seed7,0.3595508350569974,,14,per_run_oof
qwen2p5_0p5b__math_test_00361_e7fdc3ec__temp0.60__seed7,0.3532406879800344,,14,per_run_oof
qwen2p5_0p5b__math_test_00361_e7fdc3ec__temp1.00__seed7,0.3998390985851448,,14,per_run_oof
qwen2p5_0p5b__math_test_00362_a3ec21a8__temp0.10__seed7,0.28578331148004515,,14,per_run_oof
qwen2p5_0p5b__math_test_00362_a3ec21a8__temp0.60__seed7,0.26223935474503646,,14,per_run_oof
qwen2p5_0p5b__math_test_00362_a3ec21a8__temp1.00__seed7,0.25225747494320394,,14,per_run_oof
qwen2p5_0p5b__math_test_00363_76d22eff__temp0.10__seed7,0.10183372219112045,,14,per_run_oof
qwen2p5_0p5b__math_test_00363_76d22eff__temp0.60__seed7,0.3197335561394371,,14,per_run_oof
qwen2p5_0p5b__math_test_00363_76d22eff__temp1.00__seed7,0.2194215440821055,,14,per_run_oof
qwen2p5_0p5b__math_test_00364_48ea1907__temp0.10__seed7,0.2660887740401762,,14,per_run_oof
qwen2p5_0p5b__math_test_00364_48ea1907__temp0.60__seed7,0.14090550454658943,,14,per_run_oof
qwen2p5_0p5b__math_test_00364_48ea1907__temp1.00__seed7,0.19064188564973963,,14,per_run_oof
qwen2p5_0p5b__math_test_00365_ee443bc9__temp0.10__seed7,0.0015015307141945558,,14,per_run_oof
qwen2p5_0p5b__math_test_00365_ee443bc9__temp0.60__seed7,0.20277430469443963,,14,per_run_oof
qwen2p5_0p5b__math_test_00365_ee443bc9__temp1.00__seed7,0.24728050982811753,,14,per_run_oof
qwen2p5_0p5b__math_test_00366_e4373bdd__temp0.10__seed7,0.2800072054460248,,14,per_run_oof
qwen2p5_0p5b__math_test_00366_e4373bdd__temp0.60__seed7,0.2101110718250703,,14,per_run_oof
qwen2p5_0p5b__math_test_00366_e4373bdd__temp1.00__seed7,0.33867479716184634,,14,per_run_oof
qwen2p5_0p5b__math_test_00367_f645536a__temp0.10__seed7,0.3512382129558988,,14,per_run_oof
qwen2p5_0p5b__math_test_00367_f645536a__temp0.60__seed7,0.3682707429058364,,14,per_run_oof
qwen2p5_0p5b__math_test_00367_f645536a__temp1.00__seed7,0.20503660094858445,,14,per_run_oof
qwen2p5_0p5b__math_test_00368_3ac511d2__temp0.10__seed7,0.12082361763500345,,14,per_run_oof
qwen2p5_0p5b__math_test_00368_3ac511d2__temp0.60__seed7,0.24186682136459167,,14,per_run_oof
qwen2p5_0p5b__math_test_00368_3ac511d2__temp1.00__seed7,0.1958053922783985,,14,per_run_oof
qwen2p5_0p5b__math_test_00369_598cca5b__temp0.10__seed7,0.29707537398854195,,14,per_run_oof
qwen2p5_0p5b__math_test_00369_598cca5b__temp0.60__seed7,0.20836576876708807,,14,per_run_oof
qwen2p5_0p5b__math_test_00369_598cca5b__temp1.00__seed7,0.2626259018589938,,14,per_run_oof
qwen2p5_0p5b__math_test_00370_ca991c57__temp0.10__seed7,0.25962747268111347,,14,per_run_oof
qwen2p5_0p5b__math_test_00370_ca991c57__temp0.60__seed7,0.19331781670493528,,14,per_run_oof
qwen2p5_0p5b__math_test_00370_ca991c57__temp1.00__seed7,0.38846301045115955,,14,per_run_oof
qwen2p5_0p5b__math_test_00371_2bd6f928__temp0.10__seed7,0.1809428761081476,,14,per_run_oof
qwen2p5_0p5b__math_test_00371_2bd6f928__temp0.60__seed7,0.19715564315097742,,14,per_run_oof
qwen2p5_0p5b__math_test_00371_2bd6f928__temp1.00__seed7,0.19389343890358599,,14,per_run_oof
qwen2p5_0p5b__math_test_00372_b7f23143__temp0.10__seed7,0.1845090688836964,,14,per_run_oof
qwen2p5_0p5b__math_test_00372_b7f23143__temp0.60__seed7,0.3667609550726319,,14,per_run_oof
qwen2p5_0p5b__math_test_00372_b7f23143__temp1.00__seed7,0.3331568823871711,,14,per_run_oof
qwen2p5_0p5b__math_test_00373_00badbcf__temp0.10__seed7,0.15309010260498043,,14,per_run_oof
qwen2p5_0p5b__math_test_00373_00badbcf__temp0.60__seed7,0.29117922277819985,,14,per_run_oof
qwen2p5_0p5b__math_test_00373_00badbcf__temp1.00__seed7,0.23216358232635684,,14,per_run_oof
qwen2p5_0p5b__math_test_00374_6b1b63ff__temp0.10__seed7,0.33808968996689087,,14,per_run_oof
qwen2p5_0p5b__math_test_00374_6b1b63ff__temp0.60__seed7,0.1473278003000207,,14,per_run_oof
qwen2p5_0p5b__math_test_00374_6b1b63ff__temp1.00__seed7,0.2928238975316511,,14,per_run_oof
qwen2p5_0p5b__math_test_00375_150bb464__temp0.10__seed7,0.173003892375132,,14,per_run_oof
qwen2p5_0p5b__math_test_00375_150bb464__temp0.60__seed7,0.12364851734906379,,14,per_run_oof
qwen2p5_0p5b__math_test_00375_150bb464__temp1.00__seed7,0.21602497866735795,,14,per_run_oof
qwen2p5_0p5b__math_test_00376_61c1faed__temp0.10__seed7,0.1471061954449115,,14,per_run_oof
qwen2p5_0p5b__math_test_00376_61c1faed__temp0.60__seed7,0.15680255395396367,,14,per_run_oof
qwen2p5_0p5b__math_test_00376_61c1faed__temp1.00__seed7,0.21930181206631363,,14,per_run_oof
qwen2p5_0p5b__math_test_00377_5a155369__temp0.10__seed7,0.3469307566192432,,14,per_run_oof
qwen2p5_0p5b__math_test_00377_5a155369__temp0.60__seed7,0.2833440122445657,,14,per_run_oof
qwen2p5_0p5b__math_test_00377_5a155369__temp1.00__seed7,0.20127120178053598,,14,per_run_oof
qwen2p5_0p5b__math_test_00378_679ad820__temp0.10__seed7,0.08714501754317562,,14,per_run_oof
qwen2p5_0p5b__math_test_00378_679ad820__temp0.60__seed7,0.1161882352184026,,14,per_run_oof
qwen2p5_0p5b__math_test_00378_679ad820__temp1.00__seed7,0.1501295386356535,,14,per_run_oof
qwen2p5_0p5b__math_test_00379_47fb8717__temp0.10__seed7,0.319963133537222,,14,per_run_oof
qwen2p5_0p5b__math_test_00379_47fb8717__temp0.60__seed7,0.3674210111165116,,14,per_run_oof
qwen2p5_0p5b__math_test_00379_47fb8717__temp1.00__seed7,0.1243336524367576,,14,per_run_oof
qwen2p5_0p5b__math_test_00380_5f1641b4__temp0.10__seed7,0.2355554032370125,,14,per_run_oof
qwen2p5_0p5b__math_test_00380_5f1641b4__temp0.60__seed7,0.27985481950309615,,14,per_run_oof
qwen2p5_0p5b__math_test_00380_5f1641b4__temp1.00__seed7,0.2717114103134087,,14,per_run_oof
qwen2p5_0p5b__math_test_00381_8df788ff__temp0.10__seed7,0.23217335103639916,,14,per_run_oof
qwen2p5_0p5b__math_test_00381_8df788ff__temp0.60__seed7,0.1936266733442955,,14,per_run_oof
qwen2p5_0p5b__math_test_00381_8df788ff__temp1.00__seed7,0.2962145719511097,,14,per_run_oof
qwen2p5_0p5b__math_test_00382_38d763f6__temp0.10__seed7,0.2930765180914499,,14,per_run_oof
qwen2p5_0p5b__math_test_00382_38d763f6__temp0.60__seed7,0.1623310088921849,,14,per_run_oof
qwen2p5_0p5b__math_test_00382_38d763f6__temp1.00__seed7,0.31929328801051865,,14,per_run_oof
qwen2p5_0p5b__math_test_00383_08527b10__temp0.10__seed7,0.5095828255213402,,14,per_run_oof
qwen2p5_0p5b__math_test_00383_08527b10__temp0.60__seed7,0.19898704540104273,,14,per_run_oof
qwen2p5_0p5b__math_test_00383_08527b10__temp1.00__seed7,0.3741996363184841,,14,per_run_oof
qwen2p5_0p5b__math_test_00384_b0468733__temp0.10__seed7,0.230033943227866,,14,per_run_oof
qwen2p5_0p5b__math_test_00384_b0468733__temp0.60__seed7,0.18814507027826152,,14,per_run_oof
qwen2p5_0p5b__math_test_00384_b0468733__temp1.00__seed7,0.237816132314481,,14,per_run_oof
qwen2p5_0p5b__math_test_00385_30dafe73__temp0.10__seed7,0.131022525328186,,14,per_run_oof
qwen2p5_0p5b__math_test_00385_30dafe73__temp0.60__seed7,0.22098791558289885,,14,per_run_oof
qwen2p5_0p5b__math_test_00385_30dafe73__temp1.00__seed7,0.21317923199437241,,14,per_run_oof
qwen2p5_0p5b__math_test_00386_07310b54__temp0.10__seed7,0.11648076968876207,,14,per_run_oof
qwen2p5_0p5b__math_test_00386_07310b54__temp0.60__seed7,0.235841989960321,,14,per_run_oof
qwen2p5_0p5b__math_test_00386_07310b54__temp1.00__seed7,0.16069850146419076,,14,per_run_oof
qwen2p5_0p5b__math_test_00387_17210adf__temp0.10__seed7,0.15158445488565175,,14,per_run_oof
qwen2p5_0p5b__math_test_00387_17210adf__temp0.60__seed7,0.15979146107129494,,14,per_run_oof
qwen2p5_0p5b__math_test_00387_17210adf__temp1.00__seed7,0.13765752694495975,,14,per_run_oof
qwen2p5_0p5b__math_test_00388_11e6a957__temp0.10__seed7,0.3303743571277888,,14,per_run_oof
qwen2p5_0p5b__math_test_00388_11e6a957__temp0.60__seed7,0.3489290729631201,,14,per_run_oof
qwen2p5_0p5b__math_test_00388_11e6a957__temp1.00__seed7,0.21876877670468012,,14,per_run_oof
qwen2p5_0p5b__math_test_00389_a5faa9e5__temp0.10__seed7,0.20837691168228673,,14,per_run_oof
qwen2p5_0p5b__math_test_00389_a5faa9e5__temp0.60__seed7,0.27302767198519984,,14,per_run_oof
qwen2p5_0p5b__math_test_00389_a5faa9e5__temp1.00__seed7,0.11668683482044435,,14,per_run_oof
qwen2p5_0p5b__math_test_00390_ea31a6ca__temp0.10__seed7,0.191123498376899,,14,per_run_oof
qwen2p5_0p5b__math_test_00390_ea31a6ca__temp0.60__seed7,0.17266610637782237,,14,per_run_oof
qwen2p5_0p5b__math_test_00390_ea31a6ca__temp1.00__seed7,0.2916547171657448,,14,per_run_oof
qwen2p5_0p5b__math_test_00391_da45406a__temp0.10__seed7,0.3407700482627546,,14,per_run_oof
qwen2p5_0p5b__math_test_00391_da45406a__temp0.60__seed7,0.31352145643328583,,14,per_run_oof
qwen2p5_0p5b__math_test_00391_da45406a__temp1.00__seed7,0.3295629140678063,,14,per_run_oof
qwen2p5_0p5b__math_test_00392_5ec89a77__temp0.10__seed7,0.08267852039793243,,14,per_run_oof
qwen2p5_0p5b__math_test_00392_5ec89a77__temp0.60__seed7,0.04396963832017921,,14,per_run_oof
qwen2p5_0p5b__math_test_00392_5ec89a77__temp1.00__seed7,0.2995563300500911,,14,per_run_oof
qwen2p5_0p5b__math_test_00393_b3a1a15f__temp0.10__seed7,0.21034598750320002,,14,per_run_oof
qwen2p5_0p5b__math_test_00393_b3a1a15f__temp0.60__seed7,0.2279970566596004,,14,per_run_oof
qwen2p5_0p5b__math_test_00393_b3a1a15f__temp1.00__seed7,0.21767585649284563,0.9166666666666667,14,per_run_oof
qwen2p5_0p5b__math_test_00394_372e8efa__temp0.10__seed7,0.25004552600765534,,14,per_run_oof
qwen2p5_0p5b__math_test_00394_372e8efa__temp0.60__seed7,0.29864286431197046,,14,per_run_oof
qwen2p5_0p5b__math_test_00394_372e8efa__temp1.00__seed7,0.2098800146434414,,14,per_run_oof
qwen2p5_0p5b__math_test_00395_71129ef0__temp0.10__seed7,0.2278542138922915,,14,per_run_oof
qwen2p5_0p5b__math_test_00395_71129ef0__temp0.60__seed7,0.31289565209583964,,14,per_run_oof
qwen2p5_0p5b__math_test_00395_71129ef0__temp1.00__seed7,0.1790045556865182,,14,per_run_oof
qwen2p5_0p5b__math_test_00396_ba3bcd56__temp0.10__seed7,0.30340483577083105,,14,per_run_oof
qwen2p5_0p5b__math_test_00396_ba3bcd56__temp0.60__seed7,0.31974166285715305,,14,per_run_oof
qwen2p5_0p5b__math_test_00396_ba3bcd56__temp1.00__seed7,0.3548945130174091,,14,per_run_oof
qwen2p5_0p5b__math_test_00397_92c7504a__temp0.10__seed7,0.18289714735849544,,14,per_run_oof
qwen2p5_0p5b__math_test_00397_92c7504a__temp0.60__seed7,0.2054793213473672,,14,per_run_oof
qwen2p5_0p5b__math_test_00397_92c7504a__temp1.00__seed7,0.18839189792779054,,14,per_run_oof
qwen2p5_0p5b__math_test_00398_23079a25__temp0.10__seed7,0.30826832800603793,,14,per_run_oof
qwen2p5_0p5b__math_test_00398_23079a25__temp0.60__seed7,0.31267308533482857,,14,per_run_oof
qwen2p5_0p5b__math_test_00398_23079a25__temp1.00__seed7,0.4008796986537731,,14,per_run_oof
qwen2p5_0p5b__math_test_00399_efffa141__temp0.10__seed7,0.18540639738772308,,14,per_run_oof
qwen2p5_0p5b__math_test_00399_efffa141__temp0.60__seed7,0.13008574279990967,,14,per_run_oof
qwen2p5_0p5b__math_test_00399_efffa141__temp1.00__seed7,0.30362516869727507,,14,per_run_oof
qwen2p5_0p5b__math_test_00400_8f10146b__temp0.10__seed7,0.20481481178473987,,14,per_run_oof
qwen2p5_0p5b__math_test_00400_8f10146b__temp0.60__seed7,0.27497654935007154,,14,per_run_oof
qwen2p5_0p5b__math_test_00400_8f10146b__temp1.00__seed7,0.16876927875349992,0.9230769230769231,14,per_run_oof
qwen2p5_0p5b__math_test_00401_62859aeb__temp0.10__seed7,0.19332332205162306,,14,per_run_oof
qwen2p5_0p5b__math_test_00401_62859aeb__temp0.60__seed7,0.1516371701263955,,14,per_run_oof
qwen2p5_0p5b__math_test_00401_62859aeb__temp1.00__seed7,0.280874759514924,,14,per_run_oof
qwen2p5_0p5b__math_test_00402_d12fb851__temp0.10__seed7,0.276828364853387,,14,per_run_oof
qwen2p5_0p5b__math_test_00402_d12fb851__temp0.60__seed7,0.1785852266247214,,14,per_run_oof
qwen2p5_0p5b__math_test_00402_d12fb851__temp1.00__seed7,0.2330116559887073,,14,per_run_oof
qwen2p5_0p5b__math_test_00403_11b3b101__temp0.10__seed7,0.34389565304251307,,14,per_run_oof
qwen2p5_0p5b__math_test_00403_11b3b101__temp0.60__seed7,0.2794546954872798,,14,per_run_oof
qwen2p5_0p5b__math_test_00403_11b3b101__temp1.00__seed7,0.35485232399025396,,14,per_run_oof
qwen2p5_0p5b__math_test_00404_da55437b__temp0.10__seed7,0.20332787666394253,,14,per_run_oof
qwen2p5_0p5b__math_test_00404_da55437b__temp0.60__seed7,0.1801295169961012,,14,per_run_oof
qwen2p5_0p5b__math_test_00404_da55437b__temp1.00__seed7,0.19972212860532576,,14,per_run_oof
qwen2p5_0p5b__math_test_00405_668162f1__temp0.10__seed7,0.3064339884418629,,14,per_run_oof
qwen2p5_0p5b__math_test_00405_668162f1__temp0.60__seed7,0.21212872880087458,,14,per_run_oof
qwen2p5_0p5b__math_test_00405_668162f1__temp1.00__seed7,0.3245319219096026,,14,per_run_oof
qwen2p5_0p5b__math_test_00406_895adc35__temp0.10__seed7,0.24058737003163833,,14,per_run_oof
qwen2p5_0p5b__math_test_00406_895adc35__temp0.60__seed7,0.23446797421761784,,14,per_run_oof
qwen2p5_0p5b__math_test_00406_895adc35__temp1.00__seed7,0.22777618149415696,,14,per_run_oof
qwen2p5_0p5b__math_test_00407_21645a77__temp0.10__seed7,0.0040784801318445585,,14,per_run_oof
qwen2p5_0p5b__math_test_00407_21645a77__temp0.60__seed7,0.29521420568134393,,14,per_run_oof
qwen2p5_0p5b__math_test_00407_21645a77__temp1.00__seed7,0.11005877038159415,,14,per_run_oof
qwen2p5_0p5b__math_test_00408_72a21fce__temp0.10__seed7,0.40464814748823386,,14,per_run_oof
qwen2p5_0p5b__math_test_00408_72a21fce__temp0.60__seed7,0.1558749253637106,,14,per_run_oof
qwen2p5_0p5b__math_test_00408_72a21fce__temp1.00__seed7,0.2875326774100041,,14,per_run_oof
qwen2p5_0p5b__math_test_00409_2cbb5151__temp0.10__seed7,0.08390202188794586,,14,per_run_oof
qwen2p5_0p5b__math_test_00409_2cbb5151__temp0.60__seed7,0.19478943972887933,,14,per_run_oof
qwen2p5_0p5b__math_test_00409_2cbb5151__temp1.00__seed7,0.12771272896974636,,14,per_run_oof
qwen2p5_0p5b__math_test_00410_6885282d__temp0.10__seed7,0.29541076423264284,,14,per_run_oof
qwen2p5_0p5b__math_test_00410_6885282d__temp0.60__seed7,0.1441833136964132,,14,per_run_oof
qwen2p5_0p5b__math_test_00410_6885282d__temp1.00__seed7,0.25825096358927946,,14,per_run_oof
qwen2p5_0p5b__math_test_00411_6f5d00d6__temp0.10__seed7,0.2665175371580121,,14,per_run_oof
qwen2p5_0p5b__math_test_00411_6f5d00d6__temp0.60__seed7,0.049439692749425376,,14,per_run_oof
qwen2p5_0p5b__math_test_00411_6f5d00d6__temp1.00__seed7,0.08575509107557759,,14,per_run_oof
qwen2p5_0p5b__math_test_00412_403b3454__temp0.10__seed7,0.2933386136797162,,14,per_run_oof
qwen2p5_0p5b__math_test_00412_403b3454__temp0.60__seed7,0.2092976717102308,,14,per_run_oof
qwen2p5_0p5b__math_test_00412_403b3454__temp1.00__seed7,0.3085220727947962,,14,per_run_oof
qwen2p5_0p5b__math_test_00413_a79cadf3__temp0.10__seed7,0.16626845143135743,,14,per_run_oof
qwen2p5_0p5b__math_test_00413_a79cadf3__temp0.60__seed7,0.28867186735602063,,14,per_run_oof
qwen2p5_0p5b__math_test_00413_a79cadf3__temp1.00__seed7,0.2557273372417146,,14,per_run_oof
qwen2p5_0p5b__math_test_00414_f8b3d5f2__temp0.10__seed7,0.27415675775369014,,14,per_run_oof
qwen2p5_0p5b__math_test_00414_f8b3d5f2__temp0.60__seed7,0.23123716186473978,,14,per_run_oof
qwen2p5_0p5b__math_test_00414_f8b3d5f2__temp1.00__seed7,0.1869962742271507,,14,per_run_oof
qwen2p5_0p5b__math_test_00415_df5709ae__temp0.10__seed7,0.057405401069360165,,14,per_run_oof
qwen2p5_0p5b__math_test_00415_df5709ae__temp0.60__seed7,0.20704690842681722,,14,per_run_oof
qwen2p5_0p5b__math_test_00415_df5709ae__temp1.00__seed7,0.18097178166181865,,14,per_run_oof
qwen2p5_0p5b__math_test_00416_29223b4f__temp0.10__seed7,0.30721914446907567,,14,per_run_oof
qwen2p5_0p5b__math_test_00416_29223b4f__temp0.60__seed7,0.34795483258060617,,14,per_run_oof
qwen2p5_0p5b__math_test_00416_29223b4f__temp1.00__seed7,0.21345809651700448,,14,per_run_oof
qwen2p5_0p5b__math_test_00417_f378f07d__temp0.10__seed7,0.22656408999045816,,14,per_run_oof
qwen2p5_0p5b__math_test_00417_f378f07d__temp0.60__seed7,0.34199699367645675,,14,per_run_oof
qwen2p5_0p5b__math_test_00417_f378f07d__temp1.00__seed7,0.21281477668397336,,14,per_run_oof
qwen2p5_0p5b__math_test_00418_452dc872__temp0.10__seed7,0.30986089551680385,,14,per_run_oof
qwen2p5_0p5b__math_test_00418_452dc872__temp0.60__seed7,0.32742579524176463,,14,per_run_oof
qwen2p5_0p5b__math_test_00418_452dc872__temp1.00__seed7,0.2055272683544707,,14,per_run_oof
qwen2p5_0p5b__math_test_00419_dadaee3f__temp0.10__seed7,0.30979098616776996,,14,per_run_oof
qwen2p5_0p5b__math_test_00419_dadaee3f__temp0.60__seed7,0.10695709087890741,,14,per_run_oof
qwen2p5_0p5b__math_test_00419_dadaee3f__temp1.00__seed7,0.222284317283365,,14,per_run_oof
qwen2p5_0p5b__math_test_00420_ecd5f88d__temp0.10__seed7,0.19456861942414155,,14,per_run_oof
qwen2p5_0p5b__math_test_00420_ecd5f88d__temp0.60__seed7,0.2782195593164586,,14,per_run_oof
qwen2p5_0p5b__math_test_00420_ecd5f88d__temp1.00__seed7,0.19247474074134965,,14,per_run_oof
qwen2p5_0p5b__math_test_00421_c2187615__temp0.10__seed7,0.27890346528812693,,14,per_run_oof
qwen2p5_0p5b__math_test_00421_c2187615__temp0.60__seed7,0.21031113247614938,,14,per_run_oof
qwen2p5_0p5b__math_test_00421_c2187615__temp1.00__seed7,0.15147924404402507,,14,per_run_oof
qwen2p5_0p5b__math_test_00422_fec8190b__temp0.10__seed7,0.2559165519643259,,14,per_run_oof
qwen2p5_0p5b__math_test_00422_fec8190b__temp0.60__seed7,0.32635298472476004,,14,per_run_oof
qwen2p5_0p5b__math_test_00422_fec8190b__temp1.00__seed7,0.2628283500147731,0.07692307692307687,14,per_run_oof
qwen2p5_0p5b__math_test_00423_19a18675__temp0.10__seed7,0.1709538776110377,,14,per_run_oof
qwen2p5_0p5b__math_test_00423_19a18675__temp0.60__seed7,0.2407476743530688,,14,per_run_oof
qwen2p5_0p5b__math_test_00423_19a18675__temp1.00__seed7,0.2889975370030045,,14,per_run_oof
qwen2p5_0p5b__math_test_00424_4db9759a__temp0.10__seed7,0.36470850024347906,,14,per_run_oof
qwen2p5_0p5b__math_test_00424_4db9759a__temp0.60__seed7,0.4231530660006165,,14,per_run_oof
qwen2p5_0p5b__math_test_00424_4db9759a__temp1.00__seed7,0.21318998545679316,,14,per_run_oof
qwen2p5_0p5b__math_test_00425_88cd35aa__temp0.10__seed7,0.19598540320549765,,14,per_run_oof
qwen2p5_0p5b__math_test_00425_88cd35aa__temp0.60__seed7,0.35098813340490986,,14,per_run_oof
qwen2p5_0p5b__math_test_00425_88cd35aa__temp1.00__seed7,0.14112082875330204,0.7692307692307692,14,per_run_oof
qwen2p5_0p5b__math_test_00426_206b8557__temp0.10__seed7,0.13572883118976123,,14,per_run_oof
qwen2p5_0p5b__math_test_00426_206b8557__temp0.60__seed7,0.304492793576849,,14,per_run_oof
qwen2p5_0p5b__math_test_00426_206b8557__temp1.00__seed7,0.0804590896329292,,14,per_run_oof
qwen2p5_0p5b__math_test_00427_f158b2bb__temp0.10__seed7,0.2950381762149705,,14,per_run_oof
qwen2p5_0p5b__math_test_00427_f158b2bb__temp0.60__seed7,0.36560438317867855,,14,per_run_oof
qwen2p5_0p5b__math_test_00427_f158b2bb__temp1.00__seed7,0.2597739311275239,0.0,14,per_run_oof
qwen2p5_0p5b__math_test_00428_ecc1932f__temp0.10__seed7,0.2958151678622015,,14,per_run_oof
qwen2p5_0p5b__math_test_00428_ecc1932f__temp0.60__seed7,0.35937847124130357,,14,per_run_oof
qwen2p5_0p5b__math_test_00428_ecc1932f__temp1.00__seed7,0.1127178611393832,,14,per_run_oof
qwen2p5_0p5b__math_test_00429_0ed0c936__temp0.10__seed7,0.32492956131583134,,14,per_run_oof
qwen2p5_0p5b__math_test_00429_0ed0c936__temp0.60__seed7,0.3178177458032906,,14,per_run_oof
qwen2p5_0p5b__math_test_00429_0ed0c936__temp1.00__seed7,0.2146055101665226,,14,per_run_oof
qwen2p5_0p5b__math_test_00430_28f71d47__temp0.10__seed7,0.3795684001193646,,14,per_run_oof
qwen2p5_0p5b__math_test_00430_28f71d47__temp0.60__seed7,0.3739438761200678,,14,per_run_oof
qwen2p5_0p5b__math_test_00430_28f71d47__temp1.00__seed7,0.31494153602417524,,14,per_run_oof
qwen2p5_0p5b__math_test_00431_a332c76b__temp0.10__seed7,0.32413922688160657,,14,per_run_oof
qwen2p5_0p5b__math_test_00431_a332c76b__temp0.60__seed7,0.14884207229401697,,14,per_run_oof
qwen2p5_0p5b__math_test_00431_a332c76b__temp1.00__seed7,0.14231466295343828,,14,per_run_oof
qwen2p5_0p5b__math_test_00432_f6edb398__temp0.10__seed7,0.332934538314845,,14,per_run_oof
qwen2p5_0p5b__math_test_00432_f6edb398__temp0.60__seed7,0.2466255651097662,,14,per_run_oof
qwen2p5_0p5b__math_test_00432_f6edb398__temp1.00__seed7,0.226433031406464,,14,per_run_oof
qwen2p5_0p5b__math_test_00433_25f606a1__temp0.10__seed7,0.27967867345824865,,14,per_run_oof
qwen2p5_0p5b__math_test_00433_25f606a1__temp0.60__seed7,0.21160101465000827,0.6969696969696969,14,per_run_oof
qwen2p5_0p5b__math_test_00433_25f606a1__temp1.00__seed7,0.3785464196292783,,14,per_run_oof
qwen2p5_0p5b__math_test_00434_ad11ec3c__temp0.10__seed7,0.21871048868314985,,14,per_run_oof
qwen2p5_0p5b__math_test_00434_ad11ec3c__temp0.60__seed7,0.34274977274435114,,14,per_run_oof
qwen2p5_0p5b__math_test_00434_ad11ec3c__temp1.00__seed7,0.48059458900455915,,14,per_run_oof
qwen2p5_0p5b__math_test_00435_c222bfff__temp0.10__seed7,0.36964257744949575,,14,per_run_oof
qwen2p5_0p5b__math_test_00435_c222bfff__temp0.60__seed7,0.23602267914666727,0.9230769230769231,14,per_run_oof
qwen2p5_0p5b__math_test_00435_c222bfff__temp1.00__seed7,0.14487481270683514,,14,per_run_oof
qwen2p5_0p5b__math_test_00436_c183974b__temp0.10__seed7,0.207742997884365,,14,per_run_oof
qwen2p5_0p5b__math_test_00436_c183974b__temp0.60__seed7,0.08760505985871236,,14,per_run_oof
qwen2p5_0p5b__math_test_00436_c183974b__temp1.00__seed7,0.06604376808076504,,14,per_run_oof
qwen2p5_0p5b__math_test_00437_07c4cf7f__temp0.10__seed7,0.20142622573409047,,14,per_run_oof
qwen2p5_0p5b__math_test_00437_07c4cf7f__temp0.60__seed7,0.19973861111844587,,14,per_run_oof
qwen2p5_0p5b__math_test_00437_07c4cf7f__temp1.00__seed7,0.1590680164393619,,14,per_run_oof
qwen2p5_0p5b__math_test_00438_ea332f2c__temp0.10__seed7,0.2951686160296921,,14,per_run_oof
qwen2p5_0p5b__math_test_00438_ea332f2c__temp0.60__seed7,0.015152877876411988,,14,per_run_oof
qwen2p5_0p5b__math_test_00438_ea332f2c__temp1.00__seed7,0.28120998858708635,,14,per_run_oof
qwen2p5_0p5b__math_test_00439_fe7d8b6b__temp0.10__seed7,0.4111627824914266,,14,per_run_oof
qwen2p5_0p5b__math_test_00439_fe7d8b6b__temp0.60__seed7,0.3140622297046619,,14,per_run_oof
qwen2p5_0p5b__math_test_00439_fe7d8b6b__temp1.00__seed7,0.3005762028111663,,14,per_run_oof
qwen2p5_0p5b__math_test_00440_941bd991__temp0.10__seed7,0.19163825522388325,,14,per_run_oof
qwen2p5_0p5b__math_test_00440_941bd991__temp0.60__seed7,0.3127680835860355,,14,per_run_oof
qwen2p5_0p5b__math_test_00440_941bd991__temp1.00__seed7,0.25648643854616143,,14,per_run_oof
qwen2p5_0p5b__math_test_00441_d2f5328b__temp0.10__seed7,0.319251418034933,,14,per_run_oof
qwen2p5_0p5b__math_test_00441_d2f5328b__temp0.60__seed7,0.04052921168429401,,14,per_run_oof
qwen2p5_0p5b__math_test_00441_d2f5328b__temp1.00__seed7,0.24359251530251957,,14,per_run_oof
qwen2p5_0p5b__math_test_00442_2d9f4473__temp0.10__seed7,0.19377435505574642,,14,per_run_oof
qwen2p5_0p5b__math_test_00442_2d9f4473__temp0.60__seed7,0.2014545352522675,,14,per_run_oof
qwen2p5_0p5b__math_test_00442_2d9f4473__temp1.00__seed7,0.1284607769597329,,14,per_run_oof
qwen2p5_0p5b__math_test_00443_e86eb3e6__temp0.10__seed7,0.3085166530680949,,14,per_run_oof
qwen2p5_0p5b__math_test_00443_e86eb3e6__temp0.60__seed7,0.31010699652424506,,14,per_run_oof
qwen2p5_0p5b__math_test_00443_e86eb3e6__temp1.00__seed7,0.17664185981277622,,14,per_run_oof
qwen2p5_0p5b__math_test_00444_8230401f__temp0.10__seed7,0.10944066577748666,,14,per_run_oof
qwen2p5_0p5b__math_test_00444_8230401f__temp0.60__seed7,0.30305068483866393,,14,per_run_oof
qwen2p5_0p5b__math_test_00444_8230401f__temp1.00__seed7,0.1269653212952228,,14,per_run_oof
qwen2p5_0p5b__math_test_00445_295567c6__temp0.10__seed7,0.13185850972989635,,14,per_run_oof
qwen2p5_0p5b__math_test_00445_295567c6__temp0.60__seed7,0.3019791500262687,,14,per_run_oof
qwen2p5_0p5b__math_test_00445_295567c6__temp1.00__seed7,0.308814392152021,,14,per_run_oof
qwen2p5_0p5b__math_test_00446_54f3a4b2__temp0.10__seed7,0.1583900447174485,,14,per_run_oof
qwen2p5_0p5b__math_test_00446_54f3a4b2__temp0.60__seed7,0.24407351429939522,,14,per_run_oof
qwen2p5_0p5b__math_test_00446_54f3a4b2__temp1.00__seed7,0.19269812135235445,,14,per_run_oof
qwen2p5_0p5b__math_test_00447_716decc2__temp0.10__seed7,0.417385005674933,,14,per_run_oof
qwen2p5_0p5b__math_test_00447_716decc2__temp0.60__seed7,0.4113779926773668,,14,per_run_oof
qwen2p5_0p5b__math_test_00447_716decc2__temp1.00__seed7,0.23025941796857993,,14,per_run_oof
qwen2p5_0p5b__math_test_00448_7dbbd02d__temp0.10__seed7,0.25414759929834896,,14,per_run_oof
qwen2p5_0p5b__math_test_00448_7dbbd02d__temp0.60__seed7,0.20730586549550734,,14,per_run_oof
qwen2p5_0p5b__math_test_00448_7dbbd02d__temp1.00__seed7,0.3879353684563059,,14,per_run_oof
qwen2p5_0p5b__math_test_00449_2f12a8b9__temp0.10__seed7,0.2578010559691142,,14,per_run_oof
qwen2p5_0p5b__math_test_00449_2f12a8b9__temp0.60__seed7,0.0916302222611171,,14,per_run_oof
qwen2p5_0p5b__math_test_00449_2f12a8b9__temp1.00__seed7,0.335789808359332,,14,per_run_oof
qwen2p5_0p5b__math_test_00450_2fb65375__temp0.10__seed7,0.3447774308500828,,14,per_run_oof
qwen2p5_0p5b__math_test_00450_2fb65375__temp0.60__seed7,0.35651539361490503,,14,per_run_oof
qwen2p5_0p5b__math_test_00450_2fb65375__temp1.00__seed7,0.12574750275713256,,14,per_run_oof
qwen2p5_0p5b__math_test_00451_daefed59__temp0.10__seed7,0.31266829248649664,,14,per_run_oof
qwen2p5_0p5b__math_test_00451_daefed59__temp0.60__seed7,0.22407919479700136,,14,per_run_oof
qwen2p5_0p5b__math_test_00451_daefed59__temp1.00__seed7,0.2153073290621758,,14,per_run_oof
qwen2p5_0p5b__math_test_00452_0a6f0014__temp0.10__seed7,0.22401322728879433,,14,per_run_oof
qwen2p5_0p5b__math_test_00452_0a6f0014__temp0.60__seed7,0.28731071739499325,,14,per_run_oof
qwen2p5_0p5b__math_test_00452_0a6f0014__temp1.00__seed7,0.15797989234683393,,14,per_run_oof
qwen2p5_0p5b__math_test_00453_e4690c39__temp0.10__seed7,0.26018331601064876,,14,per_run_oof
qwen2p5_0p5b__math_test_00453_e4690c39__temp0.60__seed7,0.28910412551445613,,14,per_run_oof
qwen2p5_0p5b__math_test_00453_e4690c39__temp1.00__seed7,0.24329054776850248,,14,per_run_oof
qwen2p5_0p5b__math_test_00454_393f3656__temp0.10__seed7,0.17298856832212253,,14,per_run_oof
qwen2p5_0p5b__math_test_00454_393f3656__temp0.60__seed7,0.18915681550849303,,14,per_run_oof
qwen2p5_0p5b__math_test_00454_393f3656__temp1.00__seed7,0.3552452824033145,,14,per_run_oof
qwen2p5_0p5b__math_test_00455_23844847__temp0.10__seed7,0.3005988677833448,,14,per_run_oof
qwen2p5_0p5b__math_test_00455_23844847__temp0.60__seed7,0.29442794625765084,,14,per_run_oof
qwen2p5_0p5b__math_test_00455_23844847__temp1.00__seed7,0.2911004306724019,,14,per_run_oof
qwen2p5_0p5b__math_test_00456_e4200fbf__temp0.10__seed7,0.16429156505363812,,14,per_run_oof
qwen2p5_0p5b__math_test_00456_e4200fbf__temp0.60__seed7,0.17246572207710242,,14,per_run_oof
qwen2p5_0p5b__math_test_00456_e4200fbf__temp1.00__seed7,0.09006863032159425,,14,per_run_oof
qwen2p5_0p5b__math_test_00457_5330f4b3__temp0.10__seed7,0.3552201905041114,,14,per_run_oof
qwen2p5_0p5b__math_test_00457_5330f4b3__temp0.60__seed7,0.3534069947252874,,14,per_run_oof
qwen2p5_0p5b__math_test_00457_5330f4b3__temp1.00__seed7,0.24568197395967453,,14,per_run_oof
qwen2p5_0p5b__math_test_00458_4085c1eb__temp0.10__seed7,0.3271790860528114,,14,per_run_oof
qwen2p5_0p5b__math_test_00458_4085c1eb__temp0.60__seed7,0.19663616382096863,,14,per_run_oof
qwen2p5_0p5b__math_test_00458_4085c1eb__temp1.00__seed7,0.128781211606696,,14,per_run_oof
qwen2p5_0p5b__math_test_00459_3b21e715__temp0.10__seed7,0.2600583041929992,,14,per_run_oof
qwen2p5_0p5b__math_test_00459_3b21e715__temp0.60__seed7,0.263076452345029,,14,per_run_oof
qwen2p5_0p5b__math_test_00459_3b21e715__temp1.00__seed7,0.18402926176998255,,14,per_run_oof
qwen2p5_0p5b__math_test_00460_7d063370__temp0.10__seed7,0.21252884897802443,,14,per_run_oof
qwen2p5_0p5b__math_test_00460_7d063370__temp0.60__seed7,0.21809416009468108,,14,per_run_oof
qwen2p5_0p5b__math_test_00460_7d063370__temp1.00__seed7,0.1778845324018578,,14,per_run_oof
qwen2p5_0p5b__math_test_00461_5e43f1cd__temp0.10__seed7,0.39234332871378197,,14,per_run_oof
qwen2p5_0p5b__math_test_00461_5e43f1cd__temp0.60__seed7,0.36893744876223794,,14,per_run_oof
qwen2p5_0p5b__math_test_00461_5e43f1cd__temp1.00__seed7,0.33551305101700624,,14,per_run_oof
qwen2p5_0p5b__math_test_00462_dd3cfaa0__temp0.10__seed7,0.19965584959924074,,14,per_run_oof
qwen2p5_0p5b__math_test_00462_dd3cfaa0__temp0.60__seed7,0.18760224440380785,,14,per_run_oof
qwen2p5_0p5b__math_test_00462_dd3cfaa0__temp1.00__seed7,0.18671519653604823,,14,per_run_oof
qwen2p5_0p5b__math_test_00463_bc52d545__temp0.10__seed7,0.5163734688813532,,14,per_run_oof
qwen2p5_0p5b__math_test_00463_bc52d545__temp0.60__seed7,0.206044999548356,,14,per_run_oof
qwen2p5_0p5b__math_test_00463_bc52d545__temp1.00__seed7,0.2681273005447788,,14,per_run_oof
qwen2p5_0p5b__math_test_00464_979fe366__temp0.10__seed7,0.13987897153880088,,14,per_run_oof
qwen2p5_0p5b__math_test_00464_979fe366__temp0.60__seed7,0.19979626374538234,,14,per_run_oof
qwen2p5_0p5b__math_test_00464_979fe366__temp1.00__seed7,0.1919933485772504,,14,per_run_oof
qwen2p5_0p5b__math_test_00465_240ca4d8__temp0.10__seed7,0.2755268223702568,,14,per_run_oof
qwen2p5_0p5b__math_test_00465_240ca4d8__temp0.60__seed7,0.3255090522164766,,14,per_run_oof
qwen2p5_0p5b__math_test_00465_240ca4d8__temp1.00__seed7,0.19229320444648054,0.9,14,per_run_oof
qwen2p5_0p5b__math_test_00466_b3ac660a__temp0.10__seed7,0.3165549254955621,,14,per_run_oof
qwen2p5_0p5b__math_test_00466_b3ac660a__temp0.60__seed7,0.2589577264745641,,14,per_run_oof
qwen2p5_0p5b__math_test_00466_b3ac660a__temp1.00__seed7,0.2151974525187203,,14,per_run_oof
qwen2p5_0p5b__math_test_00467_eaadd0bc__temp0.10__seed7,0.276902119581086,,14,per_run_oof
qwen2p5_0p5b__math_test_00467_eaadd0bc__temp0.60__seed7,0.15189054780192462,,14,per_run_oof
qwen2p5_0p5b__math_test_00467_eaadd0bc__temp1.00__seed7,0.29340782666991283,,14,per_run_oof
qwen2p5_0p5b__math_test_00468_67c8ff7f__temp0.10__seed7,0.41103689580370567,,14,per_run_oof
qwen2p5_0p5b__math_test_00468_67c8ff7f__temp0.60__seed7,0.28065218944432335,,14,per_run_oof
qwen2p5_0p5b__math_test_00468_67c8ff7f__temp1.00__seed7,0.21670011412329013,,14,per_run_oof
qwen2p5_0p5b__math_test_00469_bfdb0295__temp0.10__seed7,0.22980303864378812,,14,per_run_oof
qwen2p5_0p5b__math_test_00469_bfdb0295__temp0.60__seed7,0.03908106926089804,,14,per_run_oof
qwen2p5_0p5b__math_test_00469_bfdb0295__temp1.00__seed7,0.16290279868750332,,14,per_run_oof
qwen2p5_0p5b__math_test_00470_5db3c51e__temp0.10__seed7,0.2597580534304481,,14,per_run_oof
qwen2p5_0p5b__math_test_00470_5db3c51e__temp0.60__seed7,0.28992855774650045,,14,per_run_oof
qwen2p5_0p5b__math_test_00470_5db3c51e__temp1.00__seed7,0.058775416078533864,,14,per_run_oof
qwen2p5_0p5b__math_test_00471_3d41e63d__temp0.10__seed7,0.23499336904907506,,14,per_run_oof
qwen2p5_0p5b__math_test_00471_3d41e63d__temp0.60__seed7,0.14433070517232702,,14,per_run_oof
qwen2p5_0p5b__math_test_00471_3d41e63d__temp1.00__seed7,0.21882971248168553,,14,per_run_oof
qwen2p5_0p5b__math_test_00472_4acb3f94__temp0.10__seed7,0.2885793262254851,,14,per_run_oof
qwen2p5_0p5b__math_test_00472_4acb3f94__temp0.60__seed7,0.30522828133638225,,14,per_run_oof
qwen2p5_0p5b__math_test_00472_4acb3f94__temp1.00__seed7,0.1822172744395519,,14,per_run_oof
qwen2p5_0p5b__math_test_00473_e294330c__temp0.10__seed7,0.34729756552820884,,14,per_run_oof
qwen2p5_0p5b__math_test_00473_e294330c__temp0.60__seed7,0.29237827721473036,,14,per_run_oof
qwen2p5_0p5b__math_test_00473_e294330c__temp1.00__seed7,0.26006582050777227,,14,per_run_oof
qwen2p5_0p5b__math_test_00474_e8b47eda__temp0.10__seed7,0.18352227192649223,,14,per_run_oof
qwen2p5_0p5b__math_test_00474_e8b47eda__temp0.60__seed7,0.31346712691783984,,14,per_run_oof
qwen2p5_0p5b__math_test_00474_e8b47eda__temp1.00__seed7,0.31429601169346943,,14,per_run_oof
qwen2p5_0p5b__math_test_00475_f189eb4d__temp0.10__seed7,0.17985096705887652,,14,per_run_oof
qwen2p5_0p5b__math_test_00475_f189eb4d__temp0.60__seed7,0.376051410584279,,14,per_run_oof
qwen2p5_0p5b__math_test_00475_f189eb4d__temp1.00__seed7,0.23988237065902984,,14,per_run_oof
qwen2p5_0p5b__math_test_00476_1c3d9d93__temp0.10__seed7,0.20610058134419293,,14,per_run_oof
qwen2p5_0p5b__math_test_00476_1c3d9d93__temp0.60__seed7,0.30743038884066765,,14,per_run_oof
qwen2p5_0p5b__math_test_00476_1c3d9d93__temp1.00__seed7,0.23943665543961182,,14,per_run_oof
qwen2p5_0p5b__math_test_00477_9c19e671__temp0.10__seed7,0.24821368245981426,,14,per_run_oof
qwen2p5_0p5b__math_test_00477_9c19e671__temp0.60__seed7,0.4561586103288416,,14,per_run_oof
qwen2p5_0p5b__math_test_00477_9c19e671__temp1.00__seed7,0.40382829711264157,,14,per_run_oof
qwen2p5_0p5b__math_test_00478_bde3ec32__temp0.10__seed7,0.17992861271293473,,14,per_run_oof
qwen2p5_0p5b__math_test_00478_bde3ec32__temp0.60__seed7,0.1109739358439076,,14,per_run_oof
qwen2p5_0p5b__math_test_00478_bde3ec32__temp1.00__seed7,0.14762376067866786,,14,per_run_oof
qwen2p5_0p5b__math_test_00479_aea5556d__temp0.10__seed7,0.31116196205782487,,14,per_run_oof
qwen2p5_0p5b__math_test_00479_aea5556d__temp0.60__seed7,0.17298217937625657,,14,per_run_oof
qwen2p5_0p5b__math_test_00479_aea5556d__temp1.00__seed7,0.05717345888140902,,14,per_run_oof
qwen2p5_0p5b__math_test_00480_fb9447b2__temp0.10__seed7,0.21103364056061458,,14,per_run_oof
qwen2p5_0p5b__math_test_00480_fb9447b2__temp0.60__seed7,0.15964884442173208,,14,per_run_oof
qwen2p5_0p5b__math_test_00480_fb9447b2__temp1.00__seed7,0.06436708451170994,,14,per_run_oof
qwen2p5_0p5b__math_test_00481_47b01624__temp0.10__seed7,0.19826365997949905,,14,per_run_oof
qwen2p5_0p5b__math_test_00481_47b01624__temp0.60__seed7,0.1661837251839464,,14,per_run_oof
qwen2p5_0p5b__math_test_00481_47b01624__temp1.00__seed7,0.19557419340638035,,14,per_run_oof
qwen2p5_0p5b__math_test_00482_84ec0b89__temp0.10__seed7,0.23095150536605918,,14,per_run_oof
qwen2p5_0p5b__math_test_00482_84ec0b89__temp0.60__seed7,0.31824798920246417,,14,per_run_oof
qwen2p5_0p5b__math_test_00482_84ec0b89__temp1.00__seed7,0.09685040826170152,,14,per_run_oof
qwen2p5_0p5b__math_test_00483_053f5644__temp0.10__seed7,0.09305086291490645,,14,per_run_oof
qwen2p5_0p5b__math_test_00483_053f5644__temp0.60__seed7,0.27506379658226654,,14,per_run_oof
qwen2p5_0p5b__math_test_00483_053f5644__temp1.00__seed7,0.3052537463906437,,14,per_run_oof
qwen2p5_0p5b__math_test_00484_f2cd6be7__temp0.10__seed7,0.29733506902661,,14,per_run_oof
qwen2p5_0p5b__math_test_00484_f2cd6be7__temp0.60__seed7,0.28939890356334214,,14,per_run_oof
qwen2p5_0p5b__math_test_00484_f2cd6be7__temp1.00__seed7,0.1883459236065686,,14,per_run_oof
qwen2p5_0p5b__math_test_00485_25a9bc12__temp0.10__seed7,0.19516067356273395,,14,per_run_oof
qwen2p5_0p5b__math_test_00485_25a9bc12__temp0.60__seed7,0.16634590767396223,,14,per_run_oof
qwen2p5_0p5b__math_test_00485_25a9bc12__temp1.00__seed7,0.28632763915514886,,14,per_run_oof
qwen2p5_0p5b__math_test_00486_11e9a1ba__temp0.10__seed7,0.24930801117773888,,14,per_run_oof
qwen2p5_0p5b__math_test_00486_11e9a1ba__temp0.60__seed7,0.2677435987028934,,14,per_run_oof
qwen2p5_0p5b__math_test_00486_11e9a1ba__temp1.00__seed7,0.21633647204299408,0.8461538461538461,14,per_run_oof
qwen2p5_0p5b__math_test_00487_f5dafb4d__temp0.10__seed7,0.28749087351356234,,14,per_run_oof
qwen2p5_0p5b__math_test_00487_f5dafb4d__temp0.60__seed7,0.15892702746598883,,14,per_run_oof
qwen2p5_0p5b__math_test_00487_f5dafb4d__temp1.00__seed7,0.1479419976614005,,14,per_run_oof
qwen2p5_0p5b__math_test_00488_9e69b5fd__temp0.10__seed7,0.2787629894441314,,14,per_run_oof
qwen2p5_0p5b__math_test_00488_9e69b5fd__temp0.60__seed7,0.21804284087860373,,14,per_run_oof
qwen2p5_0p5b__math_test_00488_9e69b5fd__temp1.00__seed7,0.3272953584452969,,14,per_run_oof
qwen2p5_0p5b__math_test_00489_873b5ba3__temp0.10__seed7,0.27381990241686743,,14,per_run_oof
qwen2p5_0p5b__math_test_00489_873b5ba3__temp0.60__seed7,0.34457504611503487,,14,per_run_oof
qwen2p5_0p5b__math_test_00489_873b5ba3__temp1.00__seed7,0.14965450026021943,,14,per_run_oof
qwen2p5_0p5b__math_test_00490_548caf2b__temp0.10__seed7,0.0043285420311008115,,14,per_run_oof
qwen2p5_0p5b__math_test_00490_548caf2b__temp0.60__seed7,0.08254065917779,,14,per_run_oof
qwen2p5_0p5b__math_test_00490_548caf2b__temp1.00__seed7,0.09814153301791595,,14,per_run_oof
qwen2p5_0p5b__math_test_00491_323b91c4__temp0.10__seed7,0.2843238742157274,,14,per_run_oof
qwen2p5_0p5b__math_test_00491_323b91c4__temp0.60__seed7,0.20521219882892727,,14,per_run_oof
qwen2p5_0p5b__math_test_00491_323b91c4__temp1.00__seed7,0.18334480704806747,,14,per_run_oof
qwen2p5_0p5b__math_test_00492_c9945122__temp0.10__seed7,0.1582974061529873,,14,per_run_oof
qwen2p5_0p5b__math_test_00492_c9945122__temp0.60__seed7,0.2722421768723719,,14,per_run_oof
qwen2p5_0p5b__math_test_00492_c9945122__temp1.00__seed7,0.17184842417763943,,14,per_run_oof
qwen2p5_0p5b__math_test_00493_3f0c6e0c__temp0.10__seed7,0.3455271409957171,,14,per_run_oof
qwen2p5_0p5b__math_test_00493_3f0c6e0c__temp0.60__seed7,0.2853841703592583,,14,per_run_oof
qwen2p5_0p5b__math_test_00493_3f0c6e0c__temp1.00__seed7,0.2724222113172009,,14,per_run_oof
qwen2p5_0p5b__math_test_00494_b8d8e1ef__temp0.10__seed7,0.22462506844079508,,14,per_run_oof
qwen2p5_0p5b__math_test_00494_b8d8e1ef__temp0.60__seed7,0.36653842175813506,,14,per_run_oof
qwen2p5_0p5b__math_test_00494_b8d8e1ef__temp1.00__seed7,0.28446358710016967,,14,per_run_oof
qwen2p5_0p5b__math_test_00495_63ae400e__temp0.10__seed7,0.07347006387807628,,14,per_run_oof
qwen2p5_0p5b__math_test_00495_63ae400e__temp0.60__seed7,0.24501615139212096,,14,per_run_oof
qwen2p5_0p5b__math_test_00495_63ae400e__temp1.00__seed7,0.26599441271508945,,14,per_run_oof
qwen2p5_0p5b__math_test_00496_401665a3__temp0.10__seed7,0.18638777923031188,,14,per_run_oof
qwen2p5_0p5b__math_test_00496_401665a3__temp0.60__seed7,0.1320649935522035,,14,per_run_oof
qwen2p5_0p5b__math_test_00496_401665a3__temp1.00__seed7,0.07487791627130949,,14,per_run_oof
qwen2p5_0p5b__math_test_00497_8d507426__temp0.10__seed7,0.25087040999194027,,14,per_run_oof
qwen2p5_0p5b__math_test_00497_8d507426__temp0.60__seed7,0.280856837137764,,14,per_run_oof
qwen2p5_0p5b__math_test_00497_8d507426__temp1.00__seed7,0.06053478039251773,,14,per_run_oof
qwen2p5_0p5b__math_test_00498_743e3572__temp0.10__seed7,0.2599838070258691,,14,per_run_oof
qwen2p5_0p5b__math_test_00498_743e3572__temp0.60__seed7,0.2192710434356962,,14,per_run_oof
qwen2p5_0p5b__math_test_00498_743e3572__temp1.00__seed7,0.11071963192883942,,14,per_run_oof
qwen2p5_0p5b__math_test_00499_c3a514a9__temp0.10__seed7,0.1570715064237309,,14,per_run_oof
qwen2p5_0p5b__math_test_00499_c3a514a9__temp0.60__seed7,0.32735916629846634,,14,per_run_oof
qwen2p5_0p5b__math_test_00499_c3a514a9__temp1.00__seed7,0.3541538759197173,,14,per_run_oof
__pooled__,0.2360895653276709,0.6316573019426373,21000,pooled_oof
