phase,temperature,seed,step,requested_batch_size,realized_batch_size,prompt_tokens,generated_tokens,wall_clock_seconds,examples_per_second,tokens_per_second,tokenize_seconds,generation_seconds,forward_seconds,postprocess_seconds,hidden_state_write_seconds,gpu_memory_allocated_gb,gpu_memory_reserved_gb,gpu_max_memory_allocated_gb,gpu_max_memory_reserved_gb,split_count,oom_retry_count
generate,0.1,7,1,2,2,530,340,35.872319051999966,0.05575329537799969,9.478060214259948,0.0022279909999269876,35.44885560400007,0.41443192299993825,0.006337995000194496,0.0,4.355137825012207,13.4140625,4.434037208557129,13.4140625,1,0
generate,0.1,7,2,2,2,611,276,30.721131825000157,0.06510176810518568,8.984043998515624,0.0018648129998837248,30.28573452899991,0.42817943399995784,0.005119026999636844,0.0,4.368633270263672,13.4140625,4.451980113983154,13.4140625,1,0
hidden_state_write,0.1,7,0,2,2,0,0,0.010229468000034103,,,0.0,0.0,0.0,0.0,0.010229468000034103,3.862009048461914,13.4140625,4.451980113983154,13.4140625,0,0
generate,0.1,7,1,2,2,484,226,20.38876497299998,0.09809323922505946,11.08453603243172,0.0014912390001882159,20.04759919299977,0.33639308500005427,0.002973278999888862,0.0,4.242835998535156,13.48046875,4.3429274559021,13.48046875,1,0
generate,0.1,7,2,2,2,672,140,12.173210616999768,0.1642951940063388,11.500663580443716,0.0019612340001913253,11.788692507000178,0.38014362400008395,0.0021873549999327224,0.0,4.278764724731445,13.48046875,4.380928993225098,13.48046875,1,0
hidden_state_write,0.1,7,0,2,2,0,0,0.00999568499992165,,,0.0,0.0,0.0,0.0,0.00999568499992165,3.862009048461914,13.48046875,4.380928993225098,13.48046875,0,0
