run_id,brier,auc,n,scope
mistral_7b_instruct_v0p3__math_test_00000_5a6bb412__temp0.10__seed7,0.2867703227509663,,14,per_run_oof
mistral_7b_instruct_v0p3__math_test_00000_5a6bb412__temp0.60__seed7,0.34254984101799213,,14,per_run_oof
mistral_7b_instruct_v0p3__math_test_00000_5a6bb412__temp1.00__seed7,0.22566658933660358,,14,per_run_oof
mistral_7b_instruct_v0p3__math_test_00001_28176864__temp0.10__seed7,0.11172865043854578,,14,per_run_oof
mistral_7b_instruct_v0p3__math_test_00001_28176864__temp0.60__seed7,0.21824810694169097,,14,per_run_oof
mistral_7b_instruct_v0p3__math_test_00001_28176864__temp1.00__seed7,0.28899122168352276,0.8333333333333333,14,per_run_oof
mistral_7b_instruct_v0p3__math_test_00002_12859ab8__temp0.10__seed7,0.4350516214092872,,14,per_run_oof
mistral_7b_instruct_v0p3__math_test_00002_12859ab8__temp0.60__seed7,0.3486372202965069,,14,per_run_oof
mistral_7b_instruct_v0p3__math_test_00002_12859ab8__temp1.00__seed7,0.33112617577240705,,14,per_run_oof
mistral_7b_instruct_v0p3__math_test_00003_b88cddac__temp0.10__seed7,0.0680462948931772,,14,per_run_oof
mistral_7b_instruct_v0p3__math_test_00003_b88cddac__temp0.60__seed7,0.30690995501255075,,14,per_run_oof
mistral_7b_instruct_v0p3__math_test_00003_b88cddac__temp1.00__seed7,0.1969295912292539,,14,per_run_oof
mistral_7b_instruct_v0p3__math_test_00004_d6afb929__temp0.10__seed7,0.17489710373445216,,14,per_run_oof
mistral_7b_instruct_v0p3__math_test_00004_d6afb929__temp0.60__seed7,0.05150374145503487,,14,per_run_oof
mistral_7b_instruct_v0p3__math_test_00004_d6afb929__temp1.00__seed7,0.07324465940774301,,14,per_run_oof
mistral_7b_instruct_v0p3__math_test_00005_82ab404f__temp0.10__seed7,0.23308361826938193,,14,per_run_oof
mistral_7b_instruct_v0p3__math_test_00005_82ab404f__temp0.60__seed7,0.3671429893689742,,14,per_run_oof
mistral_7b_instruct_v0p3__math_test_00005_82ab404f__temp1.00__seed7,0.3344044623107993,,14,per_run_oof
mistral_7b_instruct_v0p3__math_test_00006_27e7448e__temp0.10__seed7,0.3327016079195471,,14,per_run_oof
mistral_7b_instruct_v0p3__math_test_00006_27e7448e__temp0.60__seed7,0.16098550296452568,,14,per_run_oof
mistral_7b_instruct_v0p3__math_test_00006_27e7448e__temp1.00__seed7,0.3335315602585857,,14,per_run_oof
mistral_7b_instruct_v0p3__math_test_00007_8a27500a__temp0.10__seed7,0.12839591225830524,,14,per_run_oof
mistral_7b_instruct_v0p3__math_test_00007_8a27500a__temp0.60__seed7,0.01613033984803531,,14,per_run_oof
mistral_7b_instruct_v0p3__math_test_00007_8a27500a__temp1.00__seed7,0.05976023446881462,,14,per_run_oof
mistral_7b_instruct_v0p3__math_test_00008_e894d48c__temp0.10__seed7,0.27551675024646965,,14,per_run_oof
mistral_7b_instruct_v0p3__math_test_00008_e894d48c__temp0.60__seed7,0.4393074805396503,,14,per_run_oof
mistral_7b_instruct_v0p3__math_test_00008_e894d48c__temp1.00__seed7,0.4694245291161145,,14,per_run_oof
mistral_7b_instruct_v0p3__math_test_00009_99c62e67__temp0.10__seed7,0.3261665476040667,,14,per_run_oof
mistral_7b_instruct_v0p3__math_test_00009_99c62e67__temp0.60__seed7,0.34282154326437325,,14,per_run_oof
mistral_7b_instruct_v0p3__math_test_00009_99c62e67__temp1.00__seed7,0.22223049633567254,,14,per_run_oof
mistral_7b_instruct_v0p3__math_test_00010_88e977e0__temp0.10__seed7,0.1821552416083975,,14,per_run_oof
mistral_7b_instruct_v0p3__math_test_00010_88e977e0__temp0.60__seed7,0.1869536254995266,,14,per_run_oof
mistral_7b_instruct_v0p3__math_test_00010_88e977e0__temp1.00__seed7,0.20918032638255404,,14,per_run_oof
mistral_7b_instruct_v0p3__math_test_00011_3e051151__temp0.10__seed7,0.15284722717867089,0.9166666666666667,14,per_run_oof
mistral_7b_instruct_v0p3__math_test_00011_3e051151__temp0.60__seed7,0.13300486036467643,1.0,14,per_run_oof
mistral_7b_instruct_v0p3__math_test_00011_3e051151__temp1.00__seed7,0.22642380792277378,0.7575757575757576,14,per_run_oof
mistral_7b_instruct_v0p3__math_test_00012_2ce46331__temp0.10__seed7,0.10869688464796375,,14,per_run_oof
mistral_7b_instruct_v0p3__math_test_00012_2ce46331__temp0.60__seed7,0.22901520563738248,,14,per_run_oof
mistral_7b_instruct_v0p3__math_test_00012_2ce46331__temp1.00__seed7,0.27705339904820053,,14,per_run_oof
mistral_7b_instruct_v0p3__math_test_00013_3fae6c79__temp0.10__seed7,0.314173373021359,,14,per_run_oof
mistral_7b_instruct_v0p3__math_test_00013_3fae6c79__temp0.60__seed7,0.3426886518593277,,14,per_run_oof
mistral_7b_instruct_v0p3__math_test_00013_3fae6c79__temp1.00__seed7,0.23816299669819835,,14,per_run_oof
mistral_7b_instruct_v0p3__math_test_00014_4bed628b__temp0.10__seed7,0.300259373237919,,14,per_run_oof
mistral_7b_instruct_v0p3__math_test_00014_4bed628b__temp0.60__seed7,0.4064882129044176,,14,per_run_oof
mistral_7b_instruct_v0p3__math_test_00014_4bed628b__temp1.00__seed7,0.24570527162560155,,14,per_run_oof
mistral_7b_instruct_v0p3__math_test_00015_04ca2ad3__temp0.10__seed7,0.32016370296737673,,14,per_run_oof
mistral_7b_instruct_v0p3__math_test_00015_04ca2ad3__temp0.60__seed7,0.4010945086890085,,14,per_run_oof
mistral_7b_instruct_v0p3__math_test_00015_04ca2ad3__temp1.00__seed7,0.1868622813537763,,14,per_run_oof
mistral_7b_instruct_v0p3__math_test_00016_da610902__temp0.10__seed7,0.21084319853588068,,14,per_run_oof
mistral_7b_instruct_v0p3__math_test_00016_da610902__temp0.60__seed7,0.3498669378439186,,14,per_run_oof
mistral_7b_instruct_v0p3__math_test_00016_da610902__temp1.00__seed7,0.35537099756144563,,14,per_run_oof
mistral_7b_instruct_v0p3__math_test_00017_c6ed297b__temp0.10__seed7,0.33999733583600944,,14,per_run_oof
mistral_7b_instruct_v0p3__math_test_00017_c6ed297b__temp0.60__seed7,0.18037885216114527,0.6923076923076923,14,per_run_oof
mistral_7b_instruct_v0p3__math_test_00017_c6ed297b__temp1.00__seed7,0.027906176227076945,,14,per_run_oof
mistral_7b_instruct_v0p3__math_test_00018_407dceb0__temp0.10__seed7,0.32059845081647714,,14,per_run_oof
mistral_7b_instruct_v0p3__math_test_00018_407dceb0__temp0.60__seed7,0.21551849862152514,,14,per_run_oof
mistral_7b_instruct_v0p3__math_test_00018_407dceb0__temp1.00__seed7,0.30482203016378434,,14,per_run_oof
mistral_7b_instruct_v0p3__math_test_00019_646b1b85__temp0.10__seed7,0.15469983106738372,0.625,14,per_run_oof
mistral_7b_instruct_v0p3__math_test_00019_646b1b85__temp0.60__seed7,0.19283280822709234,,14,per_run_oof
mistral_7b_instruct_v0p3__math_test_00019_646b1b85__temp1.00__seed7,0.25168307186144967,,14,per_run_oof
mistral_7b_instruct_v0p3__math_test_00020_f9bb4c02__temp0.10__seed7,0.39207908981043954,,14,per_run_oof
mistral_7b_instruct_v0p3__math_test_00020_f9bb4c02__temp0.60__seed7,0.11237019194525197,,14,per_run_oof
mistral_7b_instruct_v0p3__math_test_00020_f9bb4c02__temp1.00__seed7,0.024395789153750347,,14,per_run_oof
mistral_7b_instruct_v0p3__math_test_00021_b40f659d__temp0.10__seed7,0.2884164558817455,0.4285714285714286,14,per_run_oof
mistral_7b_instruct_v0p3__math_test_00021_b40f659d__temp0.60__seed7,0.06221771663437521,,14,per_run_oof
mistral_7b_instruct_v0p3__math_test_00021_b40f659d__temp1.00__seed7,0.14848341422410397,0.7692307692307692,14,per_run_oof
mistral_7b_instruct_v0p3__math_test_00022_8fba220b__temp0.10__seed7,0.23149078333694542,,14,per_run_oof
mistral_7b_instruct_v0p3__math_test_00022_8fba220b__temp0.60__seed7,0.32342127010295674,0.07692307692307687,14,per_run_oof
mistral_7b_instruct_v0p3__math_test_00022_8fba220b__temp1.00__seed7,0.4201560121935612,,14,per_run_oof
mistral_7b_instruct_v0p3__math_test_00023_998c2d9c__temp0.10__seed7,0.10324751059063142,,14,per_run_oof
mistral_7b_instruct_v0p3__math_test_00023_998c2d9c__temp0.60__seed7,0.161018911052967,,14,per_run_oof
mistral_7b_instruct_v0p3__math_test_00023_998c2d9c__temp1.00__seed7,0.22274171415748528,,14,per_run_oof
mistral_7b_instruct_v0p3__math_test_00024_f928c750__temp0.10__seed7,0.3287875434247599,,14,per_run_oof
mistral_7b_instruct_v0p3__math_test_00024_f928c750__temp0.60__seed7,0.16771641663615441,,14,per_run_oof
mistral_7b_instruct_v0p3__math_test_00024_f928c750__temp1.00__seed7,0.20885702153758884,,14,per_run_oof
mistral_7b_instruct_v0p3__math_test_00025_4388bd76__temp0.10__seed7,0.28790928880193895,,14,per_run_oof
mistral_7b_instruct_v0p3__math_test_00025_4388bd76__temp0.60__seed7,0.22421642046271933,,14,per_run_oof
mistral_7b_instruct_v0p3__math_test_00025_4388bd76__temp1.00__seed7,0.13563683585487277,,14,per_run_oof
mistral_7b_instruct_v0p3__math_test_00026_4945051e__temp0.10__seed7,0.1754926660107847,,14,per_run_oof
mistral_7b_instruct_v0p3__math_test_00026_4945051e__temp0.60__seed7,0.12623713890206856,,14,per_run_oof
mistral_7b_instruct_v0p3__math_test_00026_4945051e__temp1.00__seed7,0.20532215355162917,,14,per_run_oof
mistral_7b_instruct_v0p3__math_test_00027_9d852676__temp0.10__seed7,0.12173111879464651,,14,per_run_oof
mistral_7b_instruct_v0p3__math_test_00027_9d852676__temp0.60__seed7,0.2713428994234625,,14,per_run_oof
mistral_7b_instruct_v0p3__math_test_00027_9d852676__temp1.00__seed7,0.10651197166036189,,14,per_run_oof
mistral_7b_instruct_v0p3__math_test_00028_a585adcc__temp0.10__seed7,0.26730201814090027,,14,per_run_oof
mistral_7b_instruct_v0p3__math_test_00028_a585adcc__temp0.60__seed7,0.21038980002880533,,14,per_run_oof
mistral_7b_instruct_v0p3__math_test_00028_a585adcc__temp1.00__seed7,0.15902309733327336,0.46153846153846156,14,per_run_oof
mistral_7b_instruct_v0p3__math_test_00029_1b84e405__temp0.10__seed7,0.32360875971362635,,14,per_run_oof
mistral_7b_instruct_v0p3__math_test_00029_1b84e405__temp0.60__seed7,0.43370561841582106,,14,per_run_oof
mistral_7b_instruct_v0p3__math_test_00029_1b84e405__temp1.00__seed7,0.22106179794649902,0.5384615384615384,14,per_run_oof
mistral_7b_instruct_v0p3__math_test_00030_a477f137__temp0.10__seed7,0.11090563306735979,,14,per_run_oof
mistral_7b_instruct_v0p3__math_test_00030_a477f137__temp0.60__seed7,0.25327885919481535,,14,per_run_oof
mistral_7b_instruct_v0p3__math_test_00030_a477f137__temp1.00__seed7,0.18214686496340132,,14,per_run_oof
mistral_7b_instruct_v0p3__math_test_00031_1bbccbd2__temp0.10__seed7,0.3735935302040905,,14,per_run_oof
mistral_7b_instruct_v0p3__math_test_00031_1bbccbd2__temp0.60__seed7,0.2376337280203407,,14,per_run_oof
mistral_7b_instruct_v0p3__math_test_00031_1bbccbd2__temp1.00__seed7,0.4327894878680646,,14,per_run_oof
mistral_7b_instruct_v0p3__math_test_00032_f08fb3bb__temp0.10__seed7,0.24764338408588468,0.0,14,per_run_oof
mistral_7b_instruct_v0p3__math_test_00032_f08fb3bb__temp0.60__seed7,0.20231817295444426,0.4242424242424242,14,per_run_oof
mistral_7b_instruct_v0p3__math_test_00032_f08fb3bb__temp1.00__seed7,0.1791880530023174,0.8,14,per_run_oof
mistral_7b_instruct_v0p3__math_test_00033_0f789c1f__temp0.10__seed7,0.2641808223606103,,14,per_run_oof
mistral_7b_instruct_v0p3__math_test_00033_0f789c1f__temp0.60__seed7,0.4211067992743297,,14,per_run_oof
mistral_7b_instruct_v0p3__math_test_00033_0f789c1f__temp1.00__seed7,0.41062421055950304,,14,per_run_oof
mistral_7b_instruct_v0p3__math_test_00034_dae3e9e5__temp0.10__seed7,0.14162431155619423,,14,per_run_oof
mistral_7b_instruct_v0p3__math_test_00034_dae3e9e5__temp0.60__seed7,0.13414718070111598,,14,per_run_oof
mistral_7b_instruct_v0p3__math_test_00034_dae3e9e5__temp1.00__seed7,0.0889261504841813,,14,per_run_oof
mistral_7b_instruct_v0p3__math_test_00035_f144cd5e__temp0.10__seed7,0.09928828788904416,,14,per_run_oof
mistral_7b_instruct_v0p3__math_test_00035_f144cd5e__temp0.60__seed7,0.10721490434248826,,14,per_run_oof
mistral_7b_instruct_v0p3__math_test_00035_f144cd5e__temp1.00__seed7,0.10919569967725944,,14,per_run_oof
mistral_7b_instruct_v0p3__math_test_00036_ccf4238b__temp0.10__seed7,0.34997059155738175,,14,per_run_oof
mistral_7b_instruct_v0p3__math_test_00036_ccf4238b__temp0.60__seed7,0.07255500646120609,,14,per_run_oof
mistral_7b_instruct_v0p3__math_test_00036_ccf4238b__temp1.00__seed7,0.17153269339039498,,14,per_run_oof
mistral_7b_instruct_v0p3__math_test_00037_2426e280__temp0.10__seed7,0.4168861494043875,,14,per_run_oof
mistral_7b_instruct_v0p3__math_test_00037_2426e280__temp0.60__seed7,0.10925762681971067,,14,per_run_oof
mistral_7b_instruct_v0p3__math_test_00037_2426e280__temp1.00__seed7,0.26297233426568906,,14,per_run_oof
mistral_7b_instruct_v0p3__math_test_00038_0e7cb690__temp0.10__seed7,0.2533358738347406,,14,per_run_oof
mistral_7b_instruct_v0p3__math_test_00038_0e7cb690__temp0.60__seed7,0.19585431143309884,,14,per_run_oof
mistral_7b_instruct_v0p3__math_test_00038_0e7cb690__temp1.00__seed7,0.1953606621690889,,14,per_run_oof
mistral_7b_instruct_v0p3__math_test_00039_8ba6a72a__temp0.10__seed7,0.20206927804804892,,14,per_run_oof
mistral_7b_instruct_v0p3__math_test_00039_8ba6a72a__temp0.60__seed7,0.31477446400466763,,14,per_run_oof
mistral_7b_instruct_v0p3__math_test_00039_8ba6a72a__temp1.00__seed7,0.23891703921389987,,14,per_run_oof
mistral_7b_instruct_v0p3__math_test_00040_814d16a0__temp0.10__seed7,0.4108432949285334,,14,per_run_oof
mistral_7b_instruct_v0p3__math_test_00040_814d16a0__temp0.60__seed7,0.23243683999205592,,14,per_run_oof
mistral_7b_instruct_v0p3__math_test_00040_814d16a0__temp1.00__seed7,0.41469904790572826,,14,per_run_oof
mistral_7b_instruct_v0p3__math_test_00041_7ad395c5__temp0.10__seed7,0.24926410783565725,,14,per_run_oof
mistral_7b_instruct_v0p3__math_test_00041_7ad395c5__temp0.60__seed7,0.1423478576357121,,14,per_run_oof
mistral_7b_instruct_v0p3__math_test_00041_7ad395c5__temp1.00__seed7,0.3349485187700138,,14,per_run_oof
mistral_7b_instruct_v0p3__math_test_00042_39c9185d__temp0.10__seed7,0.025558158401762048,,14,per_run_oof
mistral_7b_instruct_v0p3__math_test_00042_39c9185d__temp0.60__seed7,0.04979817331873101,,14,per_run_oof
mistral_7b_instruct_v0p3__math_test_00042_39c9185d__temp1.00__seed7,0.003132932780212212,,14,per_run_oof
mistral_7b_instruct_v0p3__math_test_00043_62275531__temp0.10__seed7,0.1708397629889018,,14,per_run_oof
mistral_7b_instruct_v0p3__math_test_00043_62275531__temp0.60__seed7,0.30735304183493417,,14,per_run_oof
mistral_7b_instruct_v0p3__math_test_00043_62275531__temp1.00__seed7,0.330176434642,,14,per_run_oof
mistral_7b_instruct_v0p3__math_test_00044_810e3649__temp0.10__seed7,0.24864701260192373,,14,per_run_oof
mistral_7b_instruct_v0p3__math_test_00044_810e3649__temp0.60__seed7,0.08476373750119152,,14,per_run_oof
mistral_7b_instruct_v0p3__math_test_00044_810e3649__temp1.00__seed7,0.0799142180032726,,14,per_run_oof
mistral_7b_instruct_v0p3__math_test_00045_152ae8e8__temp0.10__seed7,0.10780083630965402,,14,per_run_oof
mistral_7b_instruct_v0p3__math_test_00045_152ae8e8__temp0.60__seed7,0.1352243040962833,,14,per_run_oof
mistral_7b_instruct_v0p3__math_test_00045_152ae8e8__temp1.00__seed7,0.08647349079562906,,14,per_run_oof
mistral_7b_instruct_v0p3__math_test_00046_3e08e6df__temp0.10__seed7,0.17576959043525786,0.9583333333333333,14,per_run_oof
mistral_7b_instruct_v0p3__math_test_00046_3e08e6df__temp0.60__seed7,0.2619472119156196,0.6153846153846154,14,per_run_oof
mistral_7b_instruct_v0p3__math_test_00046_3e08e6df__temp1.00__seed7,0.19278657153596648,,14,per_run_oof
mistral_7b_instruct_v0p3__math_test_00047_3a39ed4a__temp0.10__seed7,0.1655602622421745,0.925,14,per_run_oof
mistral_7b_instruct_v0p3__math_test_00047_3a39ed4a__temp0.60__seed7,0.2396322682891811,1.0,14,per_run_oof
mistral_7b_instruct_v0p3__math_test_00047_3a39ed4a__temp1.00__seed7,0.1548653982220414,0.9230769230769231,14,per_run_oof
mistral_7b_instruct_v0p3__math_test_00048_6a611c4a__temp0.10__seed7,0.36214485175840977,,14,per_run_oof
mistral_7b_instruct_v0p3__math_test_00048_6a611c4a__temp0.60__seed7,0.4664856868070165,,14,per_run_oof
mistral_7b_instruct_v0p3__math_test_00048_6a611c4a__temp1.00__seed7,0.18841201525550072,0.9,14,per_run_oof
mistral_7b_instruct_v0p3__math_test_00049_e45e9b10__temp0.10__seed7,0.30139623804837046,,14,per_run_oof
mistral_7b_instruct_v0p3__math_test_00049_e45e9b10__temp0.60__seed7,0.36306818247472705,,14,per_run_oof
mistral_7b_instruct_v0p3__math_test_00049_e45e9b10__temp1.00__seed7,0.23506192344536522,,14,per_run_oof
mistral_7b_instruct_v0p3__math_test_00050_f4090aaa__temp0.10__seed7,0.18921790978084546,,14,per_run_oof
mistral_7b_instruct_v0p3__math_test_00050_f4090aaa__temp0.60__seed7,0.25823335175271916,,14,per_run_oof
mistral_7b_instruct_v0p3__math_test_00050_f4090aaa__temp1.00__seed7,0.3173733565268306,,14,per_run_oof
mistral_7b_instruct_v0p3__math_test_00051_1e5ff908__temp0.10__seed7,0.216047900632492,,14,per_run_oof
mistral_7b_instruct_v0p3__math_test_00051_1e5ff908__temp0.60__seed7,0.15029219498570437,,14,per_run_oof
mistral_7b_instruct_v0p3__math_test_00051_1e5ff908__temp1.00__seed7,0.09785487624944308,,14,per_run_oof
mistral_7b_instruct_v0p3__math_test_00052_5850e1b9__temp0.10__seed7,0.38884645411535496,,14,per_run_oof
mistral_7b_instruct_v0p3__math_test_00052_5850e1b9__temp0.60__seed7,0.09277018645419972,,14,per_run_oof
mistral_7b_instruct_v0p3__math_test_00052_5850e1b9__temp1.00__seed7,0.19831517196818488,0.8333333333333333,14,per_run_oof
mistral_7b_instruct_v0p3__math_test_00053_f8d21f23__temp0.10__seed7,0.2991287476545147,,14,per_run_oof
mistral_7b_instruct_v0p3__math_test_00053_f8d21f23__temp0.60__seed7,0.3080601010451772,,14,per_run_oof
mistral_7b_instruct_v0p3__math_test_00053_f8d21f23__temp1.00__seed7,0.3279844439327381,,14,per_run_oof
mistral_7b_instruct_v0p3__math_test_00054_ddf4c852__temp0.10__seed7,0.07019751326207085,,14,per_run_oof
mistral_7b_instruct_v0p3__math_test_00054_ddf4c852__temp0.60__seed7,0.1917909065353869,,14,per_run_oof
mistral_7b_instruct_v0p3__math_test_00054_ddf4c852__temp1.00__seed7,0.08814435130565833,,14,per_run_oof
mistral_7b_instruct_v0p3__math_test_00055_24952be5__temp0.10__seed7,0.29591013325254506,,14,per_run_oof
mistral_7b_instruct_v0p3__math_test_00055_24952be5__temp0.60__seed7,0.30368774068717463,0.15384615384615385,14,per_run_oof
mistral_7b_instruct_v0p3__math_test_00055_24952be5__temp1.00__seed7,0.13210043652358425,0.925,14,per_run_oof
mistral_7b_instruct_v0p3__math_test_00056_a8c223a1__temp0.10__seed7,0.15339595140446424,,14,per_run_oof
mistral_7b_instruct_v0p3__math_test_00056_a8c223a1__temp0.60__seed7,0.16501719212169424,,14,per_run_oof
mistral_7b_instruct_v0p3__math_test_00056_a8c223a1__temp1.00__seed7,0.2086324441465241,,14,per_run_oof
mistral_7b_instruct_v0p3__math_test_00057_8236aaa4__temp0.10__seed7,0.36757829788529073,,14,per_run_oof
mistral_7b_instruct_v0p3__math_test_00057_8236aaa4__temp0.60__seed7,0.2599670926963823,,14,per_run_oof
mistral_7b_instruct_v0p3__math_test_00057_8236aaa4__temp1.00__seed7,0.28096036727984,,14,per_run_oof
mistral_7b_instruct_v0p3__math_test_00058_7afa45ab__temp0.10__seed7,0.3432037509426283,,14,per_run_oof
mistral_7b_instruct_v0p3__math_test_00058_7afa45ab__temp0.60__seed7,0.47269544612814574,,14,per_run_oof
mistral_7b_instruct_v0p3__math_test_00058_7afa45ab__temp1.00__seed7,0.23033555414091672,,14,per_run_oof
mistral_7b_instruct_v0p3__math_test_00059_43a9d185__temp0.10__seed7,0.2256324689612523,,14,per_run_oof
mistral_7b_instruct_v0p3__math_test_00059_43a9d185__temp0.60__seed7,0.2790344460047701,,14,per_run_oof
mistral_7b_instruct_v0p3__math_test_00059_43a9d185__temp1.00__seed7,0.12637741507913533,,14,per_run_oof
mistral_7b_instruct_v0p3__math_test_00060_a67ac75a__temp0.10__seed7,0.008197946625705886,,14,per_run_oof
mistral_7b_instruct_v0p3__math_test_00060_a67ac75a__temp0.60__seed7,0.034494985923747834,,14,per_run_oof
mistral_7b_instruct_v0p3__math_test_00060_a67ac75a__temp1.00__seed7,0.0834152686633154,,14,per_run_oof
mistral_7b_instruct_v0p3__math_test_00061_4943c966__temp0.10__seed7,0.3401900784204619,,14,per_run_oof
mistral_7b_instruct_v0p3__math_test_00061_4943c966__temp0.60__seed7,0.31841768805305604,,14,per_run_oof
mistral_7b_instruct_v0p3__math_test_00061_4943c966__temp1.00__seed7,0.10055314905194898,,14,per_run_oof
mistral_7b_instruct_v0p3__math_test_00062_ae97d603__temp0.10__seed7,0.2732360878418875,,14,per_run_oof
mistral_7b_instruct_v0p3__math_test_00062_ae97d603__temp0.60__seed7,0.27617156955505656,,14,per_run_oof
mistral_7b_instruct_v0p3__math_test_00062_ae97d603__temp1.00__seed7,0.3771676888352979,,14,per_run_oof
mistral_7b_instruct_v0p3__math_test_00063_7eb01312__temp0.10__seed7,0.13353012096206412,,14,per_run_oof
mistral_7b_instruct_v0p3__math_test_00063_7eb01312__temp0.60__seed7,0.08194122680889247,,14,per_run_oof
mistral_7b_instruct_v0p3__math_test_00063_7eb01312__temp1.00__seed7,0.18789220019276978,,14,per_run_oof
mistral_7b_instruct_v0p3__math_test_00064_56e26e67__temp0.10__seed7,0.06215381484882582,,14,per_run_oof
mistral_7b_instruct_v0p3__math_test_00064_56e26e67__temp0.60__seed7,0.3755313506045502,,14,per_run_oof
mistral_7b_instruct_v0p3__math_test_00064_56e26e67__temp1.00__seed7,0.16482732093755753,,14,per_run_oof
mistral_7b_instruct_v0p3__math_test_00065_1d982f42__temp0.10__seed7,0.22509107766904707,,14,per_run_oof
mistral_7b_instruct_v0p3__math_test_00065_1d982f42__temp0.60__seed7,0.2913693651218829,,14,per_run_oof
mistral_7b_instruct_v0p3__math_test_00065_1d982f42__temp1.00__seed7,0.08733144228996871,,14,per_run_oof
mistral_7b_instruct_v0p3__math_test_00066_c503000c__temp0.10__seed7,0.29543146840025064,,14,per_run_oof
mistral_7b_instruct_v0p3__math_test_00066_c503000c__temp0.60__seed7,0.2384791304789715,,14,per_run_oof
mistral_7b_instruct_v0p3__math_test_00066_c503000c__temp1.00__seed7,0.3329619110478875,,14,per_run_oof
mistral_7b_instruct_v0p3__math_test_00067_b2cca4da__temp0.10__seed7,0.35323949949229144,,14,per_run_oof
mistral_7b_instruct_v0p3__math_test_00067_b2cca4da__temp0.60__seed7,0.308128355633395,,14,per_run_oof
mistral_7b_instruct_v0p3__math_test_00067_b2cca4da__temp1.00__seed7,0.3170410699248807,,14,per_run_oof
mistral_7b_instruct_v0p3__math_test_00068_ea595be8__temp0.10__seed7,0.4456828067630587,,14,per_run_oof
mistral_7b_instruct_v0p3__math_test_00068_ea595be8__temp0.60__seed7,0.14493131586440763,0.6666666666666666,14,per_run_oof
mistral_7b_instruct_v0p3__math_test_00068_ea595be8__temp1.00__seed7,0.3383877932299565,,14,per_run_oof
mistral_7b_instruct_v0p3__math_test_00069_c6dad45a__temp0.10__seed7,0.4227168520477865,,14,per_run_oof
mistral_7b_instruct_v0p3__math_test_00069_c6dad45a__temp0.60__seed7,0.4256335963048333,,14,per_run_oof
mistral_7b_instruct_v0p3__math_test_00069_c6dad45a__temp1.00__seed7,0.4200336625878394,,14,per_run_oof
mistral_7b_instruct_v0p3__math_test_00070_96016437__temp0.10__seed7,0.2807454938200703,,14,per_run_oof
mistral_7b_instruct_v0p3__math_test_00070_96016437__temp0.60__seed7,0.39612478759537373,,14,per_run_oof
mistral_7b_instruct_v0p3__math_test_00070_96016437__temp1.00__seed7,0.19032846719120172,,14,per_run_oof
mistral_7b_instruct_v0p3__math_test_00071_98672352__temp0.10__seed7,0.17141198864535273,,14,per_run_oof
mistral_7b_instruct_v0p3__math_test_00071_98672352__temp0.60__seed7,0.22547542240407495,,14,per_run_oof
mistral_7b_instruct_v0p3__math_test_00071_98672352__temp1.00__seed7,0.16561471601969843,,14,per_run_oof
mistral_7b_instruct_v0p3__math_test_00072_76de8c53__temp0.10__seed7,0.3354971745482019,,14,per_run_oof
mistral_7b_instruct_v0p3__math_test_00072_76de8c53__temp0.60__seed7,0.18356226241463047,,14,per_run_oof
mistral_7b_instruct_v0p3__math_test_00072_76de8c53__temp1.00__seed7,0.3491494317457214,,14,per_run_oof
mistral_7b_instruct_v0p3__math_test_00073_7f9e23c9__temp0.10__seed7,0.2724236935593679,0.7083333333333334,14,per_run_oof
mistral_7b_instruct_v0p3__math_test_00073_7f9e23c9__temp0.60__seed7,0.4058663153454237,,14,per_run_oof
mistral_7b_instruct_v0p3__math_test_00073_7f9e23c9__temp1.00__seed7,0.18434972674960814,0.9230769230769231,14,per_run_oof
mistral_7b_instruct_v0p3__math_test_00074_5b6e5429__temp0.10__seed7,0.055632799717933785,1.0,14,per_run_oof
mistral_7b_instruct_v0p3__math_test_00074_5b6e5429__temp0.60__seed7,0.09809289203627758,0.15384615384615385,14,per_run_oof
mistral_7b_instruct_v0p3__math_test_00074_5b6e5429__temp1.00__seed7,0.08134610630924609,,14,per_run_oof
mistral_7b_instruct_v0p3__math_test_00075_387f76f4__temp0.10__seed7,0.2942946417392616,,14,per_run_oof
mistral_7b_instruct_v0p3__math_test_00075_387f76f4__temp0.60__seed7,0.34065264324778105,,14,per_run_oof
mistral_7b_instruct_v0p3__math_test_00075_387f76f4__temp1.00__seed7,0.37713146100752726,,14,per_run_oof
mistral_7b_instruct_v0p3__math_test_00076_b45bd200__temp0.10__seed7,0.07067297940319187,,14,per_run_oof
mistral_7b_instruct_v0p3__math_test_00076_b45bd200__temp0.60__seed7,0.2690709521108265,,14,per_run_oof
mistral_7b_instruct_v0p3__math_test_00076_b45bd200__temp1.00__seed7,0.29170036066029176,,14,per_run_oof
mistral_7b_instruct_v0p3__math_test_00077_0fdb870e__temp0.10__seed7,0.27875622822469437,,14,per_run_oof
mistral_7b_instruct_v0p3__math_test_00077_0fdb870e__temp0.60__seed7,0.3101922393416491,,14,per_run_oof
mistral_7b_instruct_v0p3__math_test_00077_0fdb870e__temp1.00__seed7,0.11716304144034471,,14,per_run_oof
mistral_7b_instruct_v0p3__math_test_00078_7de927b7__temp0.10__seed7,0.33044645101839637,1.0,14,per_run_oof
mistral_7b_instruct_v0p3__math_test_00078_7de927b7__temp0.60__seed7,0.14118941340925997,1.0,14,per_run_oof
mistral_7b_instruct_v0p3__math_test_00078_7de927b7__temp1.00__seed7,0.4415177256737507,,14,per_run_oof
mistral_7b_instruct_v0p3__math_test_00079_3f967fbe__temp0.10__seed7,0.4000905234325217,,14,per_run_oof
mistral_7b_instruct_v0p3__math_test_00079_3f967fbe__temp0.60__seed7,0.2681550637758053,0.5833333333333333,14,per_run_oof
mistral_7b_instruct_v0p3__math_test_00079_3f967fbe__temp1.00__seed7,0.26488474268050605,,14,per_run_oof
mistral_7b_instruct_v0p3__math_test_00080_ea7d5602__temp0.10__seed7,0.16601490422813872,,14,per_run_oof
mistral_7b_instruct_v0p3__math_test_00080_ea7d5602__temp0.60__seed7,0.14393775313271956,,14,per_run_oof
mistral_7b_instruct_v0p3__math_test_00080_ea7d5602__temp1.00__seed7,0.23895278428891495,,14,per_run_oof
mistral_7b_instruct_v0p3__math_test_00081_df488277__temp0.10__seed7,0.22404285647490801,1.0,14,per_run_oof
mistral_7b_instruct_v0p3__math_test_00081_df488277__temp0.60__seed7,0.27237034707433455,,14,per_run_oof
mistral_7b_instruct_v0p3__math_test_00081_df488277__temp1.00__seed7,0.09383392973383843,,14,per_run_oof
mistral_7b_instruct_v0p3__math_test_00082_7fd2e8f8__temp0.10__seed7,0.30441453051676653,,14,per_run_oof
mistral_7b_instruct_v0p3__math_test_00082_7fd2e8f8__temp0.60__seed7,0.29315126487391635,,14,per_run_oof
mistral_7b_instruct_v0p3__math_test_00082_7fd2e8f8__temp1.00__seed7,0.2191243440435156,,14,per_run_oof
mistral_7b_instruct_v0p3__math_test_00083_5465f015__temp0.10__seed7,0.17584511432447752,,14,per_run_oof
mistral_7b_instruct_v0p3__math_test_00083_5465f015__temp0.60__seed7,0.19155019716273847,,14,per_run_oof
mistral_7b_instruct_v0p3__math_test_00083_5465f015__temp1.00__seed7,0.3025204560697742,,14,per_run_oof
mistral_7b_instruct_v0p3__math_test_00084_c4267ccc__temp0.10__seed7,0.2943962994889264,,14,per_run_oof
mistral_7b_instruct_v0p3__math_test_00084_c4267ccc__temp0.60__seed7,0.5098550328151573,,14,per_run_oof
mistral_7b_instruct_v0p3__math_test_00084_c4267ccc__temp1.00__seed7,0.262296043584122,,14,per_run_oof
mistral_7b_instruct_v0p3__math_test_00085_ab1a6003__temp0.10__seed7,0.24688091365062473,,14,per_run_oof
mistral_7b_instruct_v0p3__math_test_00085_ab1a6003__temp0.60__seed7,0.23870876328793966,,14,per_run_oof
mistral_7b_instruct_v0p3__math_test_00085_ab1a6003__temp1.00__seed7,0.3395685523009657,,14,per_run_oof
mistral_7b_instruct_v0p3__math_test_00086_3447bc00__temp0.10__seed7,0.27786806125398483,,14,per_run_oof
mistral_7b_instruct_v0p3__math_test_00086_3447bc00__temp0.60__seed7,0.4018843749746547,,14,per_run_oof
mistral_7b_instruct_v0p3__math_test_00086_3447bc00__temp1.00__seed7,0.2946011040191093,,14,per_run_oof
mistral_7b_instruct_v0p3__math_test_00087_649d31a4__temp0.10__seed7,0.39709473027236486,,14,per_run_oof
mistral_7b_instruct_v0p3__math_test_00087_649d31a4__temp0.60__seed7,0.38780789576536406,,14,per_run_oof
mistral_7b_instruct_v0p3__math_test_00087_649d31a4__temp1.00__seed7,0.2563667044461821,,14,per_run_oof
mistral_7b_instruct_v0p3__math_test_00088_207198c5__temp0.10__seed7,0.2758271575441788,,14,per_run_oof
mistral_7b_instruct_v0p3__math_test_00088_207198c5__temp0.60__seed7,0.26442861082544605,,14,per_run_oof
mistral_7b_instruct_v0p3__math_test_00088_207198c5__temp1.00__seed7,0.3448216948447442,,14,per_run_oof
mistral_7b_instruct_v0p3__math_test_00089_962971ae__temp0.10__seed7,0.13211328430632188,,14,per_run_oof
mistral_7b_instruct_v0p3__math_test_00089_962971ae__temp0.60__seed7,0.2704641463451888,0.25,14,per_run_oof
mistral_7b_instruct_v0p3__math_test_00089_962971ae__temp1.00__seed7,0.2293176666878581,,14,per_run_oof
mistral_7b_instruct_v0p3__math_test_00090_f27fcf39__temp0.10__seed7,0.32659012119381126,,14,per_run_oof
mistral_7b_instruct_v0p3__math_test_00090_f27fcf39__temp0.60__seed7,0.2740887093197354,,14,per_run_oof
mistral_7b_instruct_v0p3__math_test_00090_f27fcf39__temp1.00__seed7,0.29832680219201746,,14,per_run_oof
mistral_7b_instruct_v0p3__math_test_00091_6c78d89b__temp0.10__seed7,0.46839442852079344,,14,per_run_oof
mistral_7b_instruct_v0p3__math_test_00091_6c78d89b__temp0.60__seed7,0.29711496541394516,,14,per_run_oof
mistral_7b_instruct_v0p3__math_test_00091_6c78d89b__temp1.00__seed7,0.36891060635781603,,14,per_run_oof
mistral_7b_instruct_v0p3__math_test_00092_d2ef929c__temp0.10__seed7,0.2354214174704635,,14,per_run_oof
mistral_7b_instruct_v0p3__math_test_00092_d2ef929c__temp0.60__seed7,0.22362757856835996,,14,per_run_oof
mistral_7b_instruct_v0p3__math_test_00092_d2ef929c__temp1.00__seed7,0.2233667022273705,,14,per_run_oof
mistral_7b_instruct_v0p3__math_test_00093_c6ee4fae__temp0.10__seed7,0.20163938364818532,,14,per_run_oof
mistral_7b_instruct_v0p3__math_test_00093_c6ee4fae__temp0.60__seed7,0.18514330465599538,,14,per_run_oof
mistral_7b_instruct_v0p3__math_test_00093_c6ee4fae__temp1.00__seed7,0.2379275086967229,,14,per_run_oof
mistral_7b_instruct_v0p3__math_test_00094_82adbbe7__temp0.10__seed7,0.051052386250754096,,14,per_run_oof
mistral_7b_instruct_v0p3__math_test_00094_82adbbe7__temp0.60__seed7,0.07530863467436479,,14,per_run_oof
mistral_7b_instruct_v0p3__math_test_00094_82adbbe7__temp1.00__seed7,0.09486607811172955,,14,per_run_oof
mistral_7b_instruct_v0p3__math_test_00095_21ca381e__temp0.10__seed7,0.21399380945873683,,14,per_run_oof
mistral_7b_instruct_v0p3__math_test_00095_21ca381e__temp0.60__seed7,0.21893191535913412,0.8333333333333333,14,per_run_oof
mistral_7b_instruct_v0p3__math_test_00095_21ca381e__temp1.00__seed7,0.33250874346865095,,14,per_run_oof
mistral_7b_instruct_v0p3__math_test_00096_9055d1e9__temp0.10__seed7,0.025148624284890064,,14,per_run_oof
mistral_7b_instruct_v0p3__math_test_00096_9055d1e9__temp0.60__seed7,0.0975768502054724,,14,per_run_oof
mistral_7b_instruct_v0p3__math_test_00096_9055d1e9__temp1.00__seed7,0.17827165073808288,,14,per_run_oof
mistral_7b_instruct_v0p3__math_test_00097_30394417__temp0.10__seed7,0.2447472690712563,,14,per_run_oof
mistral_7b_instruct_v0p3__math_test_00097_30394417__temp0.60__seed7,0.24251038788636184,,14,per_run_oof
mistral_7b_instruct_v0p3__math_test_00097_30394417__temp1.00__seed7,0.3469855698655463,,14,per_run_oof
mistral_7b_instruct_v0p3__math_test_00098_9ceda233__temp0.10__seed7,0.11996275301449641,,14,per_run_oof
mistral_7b_instruct_v0p3__math_test_00098_9ceda233__temp0.60__seed7,0.06988117312763023,,14,per_run_oof
mistral_7b_instruct_v0p3__math_test_00098_9ceda233__temp1.00__seed7,0.08093950898086892,1.0,14,per_run_oof
mistral_7b_instruct_v0p3__math_test_00099_491d2137__temp0.10__seed7,0.14460391186984226,,14,per_run_oof
mistral_7b_instruct_v0p3__math_test_00099_491d2137__temp0.60__seed7,0.11041652923708044,,14,per_run_oof
mistral_7b_instruct_v0p3__math_test_00099_491d2137__temp1.00__seed7,0.10292898214635873,0.8333333333333334,14,per_run_oof
mistral_7b_instruct_v0p3__math_test_00100_941d341c__temp0.10__seed7,0.1562860903215368,,14,per_run_oof
mistral_7b_instruct_v0p3__math_test_00100_941d341c__temp0.60__seed7,0.17579678438804217,,14,per_run_oof
mistral_7b_instruct_v0p3__math_test_00100_941d341c__temp1.00__seed7,0.32071629615056846,0.07692307692307687,14,per_run_oof
mistral_7b_instruct_v0p3__math_test_00101_75e027f9__temp0.10__seed7,0.3517063085336574,,14,per_run_oof
mistral_7b_instruct_v0p3__math_test_00101_75e027f9__temp0.60__seed7,0.38869258918430527,,14,per_run_oof
mistral_7b_instruct_v0p3__math_test_00101_75e027f9__temp1.00__seed7,0.09639101197805795,,14,per_run_oof
mistral_7b_instruct_v0p3__math_test_00102_129dd488__temp0.10__seed7,0.40449831508481104,,14,per_run_oof
mistral_7b_instruct_v0p3__math_test_00102_129dd488__temp0.60__seed7,0.1070207299643215,,14,per_run_oof
mistral_7b_instruct_v0p3__math_test_00102_129dd488__temp1.00__seed7,0.3884133123400882,,14,per_run_oof
mistral_7b_instruct_v0p3__math_test_00103_7b0f3b51__temp0.10__seed7,0.2371024368608373,0.15384615384615385,14,per_run_oof
mistral_7b_instruct_v0p3__math_test_00103_7b0f3b51__temp0.60__seed7,0.3549500483116533,,14,per_run_oof
mistral_7b_instruct_v0p3__math_test_00103_7b0f3b51__temp1.00__seed7,0.20079858435918038,,14,per_run_oof
mistral_7b_instruct_v0p3__math_test_00104_d684f1e9__temp0.10__seed7,0.25213063737408065,,14,per_run_oof
mistral_7b_instruct_v0p3__math_test_00104_d684f1e9__temp0.60__seed7,0.38596030194904385,,14,per_run_oof
mistral_7b_instruct_v0p3__math_test_00104_d684f1e9__temp1.00__seed7,0.3167298036255922,,14,per_run_oof
mistral_7b_instruct_v0p3__math_test_00105_6b770d5f__temp0.10__seed7,0.20703302680823096,,14,per_run_oof
mistral_7b_instruct_v0p3__math_test_00105_6b770d5f__temp0.60__seed7,0.026431702728261258,,14,per_run_oof
mistral_7b_instruct_v0p3__math_test_00105_6b770d5f__temp1.00__seed7,0.05306414691466983,,14,per_run_oof
mistral_7b_instruct_v0p3__math_test_00106_6e98540c__temp0.10__seed7,0.3361174770842874,,14,per_run_oof
mistral_7b_instruct_v0p3__math_test_00106_6e98540c__temp0.60__seed7,0.4696850735123877,,14,per_run_oof
mistral_7b_instruct_v0p3__math_test_00106_6e98540c__temp1.00__seed7,0.3499344111263462,,14,per_run_oof
mistral_7b_instruct_v0p3__math_test_00107_fd74cd11__temp0.10__seed7,0.23145011715548056,,14,per_run_oof
mistral_7b_instruct_v0p3__math_test_00107_fd74cd11__temp0.60__seed7,0.20363844950685261,,14,per_run_oof
mistral_7b_instruct_v0p3__math_test_00107_fd74cd11__temp1.00__seed7,0.12194337204285588,,14,per_run_oof
mistral_7b_instruct_v0p3__math_test_00108_611e7552__temp0.10__seed7,0.22864593043050424,,14,per_run_oof
mistral_7b_instruct_v0p3__math_test_00108_611e7552__temp0.60__seed7,0.3247066292675701,,14,per_run_oof
mistral_7b_instruct_v0p3__math_test_00108_611e7552__temp1.00__seed7,0.13312161841793319,0.6923076923076923,14,per_run_oof
mistral_7b_instruct_v0p3__math_test_00109_d90424d8__temp0.10__seed7,0.06115252502783035,,14,per_run_oof
mistral_7b_instruct_v0p3__math_test_00109_d90424d8__temp0.60__seed7,0.13911415217573397,,14,per_run_oof
mistral_7b_instruct_v0p3__math_test_00109_d90424d8__temp1.00__seed7,0.091906638629206,,14,per_run_oof
mistral_7b_instruct_v0p3__math_test_00110_72b3623f__temp0.10__seed7,0.1992251418071387,1.0,14,per_run_oof
mistral_7b_instruct_v0p3__math_test_00110_72b3623f__temp0.60__seed7,0.18308431891345062,,14,per_run_oof
mistral_7b_instruct_v0p3__math_test_00110_72b3623f__temp1.00__seed7,0.24812971573031145,1.0,14,per_run_oof
mistral_7b_instruct_v0p3__math_test_00111_d752e2e3__temp0.10__seed7,0.2832354918086981,,14,per_run_oof
mistral_7b_instruct_v0p3__math_test_00111_d752e2e3__temp0.60__seed7,0.41269072246372707,,14,per_run_oof
mistral_7b_instruct_v0p3__math_test_00111_d752e2e3__temp1.00__seed7,0.03356294908846168,,14,per_run_oof
mistral_7b_instruct_v0p3__math_test_00112_84e6f7fa__temp0.10__seed7,0.36508980862993645,,14,per_run_oof
mistral_7b_instruct_v0p3__math_test_00112_84e6f7fa__temp0.60__seed7,0.3098056305354251,,14,per_run_oof
mistral_7b_instruct_v0p3__math_test_00112_84e6f7fa__temp1.00__seed7,0.08384061742608494,,14,per_run_oof
mistral_7b_instruct_v0p3__math_test_00113_f30e88a0__temp0.10__seed7,0.16797298260134563,,14,per_run_oof
mistral_7b_instruct_v0p3__math_test_00113_f30e88a0__temp0.60__seed7,0.16828304253726575,0.5384615384615384,14,per_run_oof
mistral_7b_instruct_v0p3__math_test_00113_f30e88a0__temp1.00__seed7,0.05642388156920284,,14,per_run_oof
mistral_7b_instruct_v0p3__math_test_00114_deb9efc8__temp0.10__seed7,0.22257088144306664,,14,per_run_oof
mistral_7b_instruct_v0p3__math_test_00114_deb9efc8__temp0.60__seed7,0.24564850684975106,,14,per_run_oof
mistral_7b_instruct_v0p3__math_test_00114_deb9efc8__temp1.00__seed7,0.195829292797689,,14,per_run_oof
mistral_7b_instruct_v0p3__math_test_00115_e20c9b7a__temp0.10__seed7,0.18547008928844286,,14,per_run_oof
mistral_7b_instruct_v0p3__math_test_00115_e20c9b7a__temp0.60__seed7,0.11944897673201917,,14,per_run_oof
mistral_7b_instruct_v0p3__math_test_00115_e20c9b7a__temp1.00__seed7,0.12959917081582142,,14,per_run_oof
mistral_7b_instruct_v0p3__math_test_00116_61f50e3d__temp0.10__seed7,0.3481044884510839,,14,per_run_oof
mistral_7b_instruct_v0p3__math_test_00116_61f50e3d__temp0.60__seed7,0.3634308674996949,,14,per_run_oof
mistral_7b_instruct_v0p3__math_test_00116_61f50e3d__temp1.00__seed7,0.1748775437950972,,14,per_run_oof
mistral_7b_instruct_v0p3__math_test_00117_e884ad93__temp0.10__seed7,0.3034953520844316,,14,per_run_oof
mistral_7b_instruct_v0p3__math_test_00117_e884ad93__temp0.60__seed7,0.16781927266937,,14,per_run_oof
mistral_7b_instruct_v0p3__math_test_00117_e884ad93__temp1.00__seed7,0.2120049661659736,,14,per_run_oof
mistral_7b_instruct_v0p3__math_test_00118_fc8ebbb3__temp0.10__seed7,0.21249014328852087,,14,per_run_oof
mistral_7b_instruct_v0p3__math_test_00118_fc8ebbb3__temp0.60__seed7,0.09848234590475502,,14,per_run_oof
mistral_7b_instruct_v0p3__math_test_00118_fc8ebbb3__temp1.00__seed7,0.301659957718369,0.3076923076923077,14,per_run_oof
mistral_7b_instruct_v0p3__math_test_00119_a6218ea2__temp0.10__seed7,0.20386736261608435,,14,per_run_oof
mistral_7b_instruct_v0p3__math_test_00119_a6218ea2__temp0.60__seed7,0.2576956402774773,,14,per_run_oof
mistral_7b_instruct_v0p3__math_test_00119_a6218ea2__temp1.00__seed7,0.34497040827665837,,14,per_run_oof
mistral_7b_instruct_v0p3__math_test_00120_8eef5288__temp0.10__seed7,0.3134833041791049,,14,per_run_oof
mistral_7b_instruct_v0p3__math_test_00120_8eef5288__temp0.60__seed7,0.09793596398793734,,14,per_run_oof
mistral_7b_instruct_v0p3__math_test_00120_8eef5288__temp1.00__seed7,0.22554603333613668,,14,per_run_oof
mistral_7b_instruct_v0p3__math_test_00121_23cfdf25__temp0.10__seed7,0.08173780004195629,,14,per_run_oof
mistral_7b_instruct_v0p3__math_test_00121_23cfdf25__temp0.60__seed7,0.0843764870912517,,14,per_run_oof
mistral_7b_instruct_v0p3__math_test_00121_23cfdf25__temp1.00__seed7,0.2038215235453147,1.0,14,per_run_oof
mistral_7b_instruct_v0p3__math_test_00122_fdf4300d__temp0.10__seed7,0.15663611574922592,,14,per_run_oof
mistral_7b_instruct_v0p3__math_test_00122_fdf4300d__temp0.60__seed7,0.1982926220460481,,14,per_run_oof
mistral_7b_instruct_v0p3__math_test_00122_fdf4300d__temp1.00__seed7,0.41426268350067563,,14,per_run_oof
mistral_7b_instruct_v0p3__math_test_00123_860f65d4__temp0.10__seed7,0.02827105739881721,,14,per_run_oof
mistral_7b_instruct_v0p3__math_test_00123_860f65d4__temp0.60__seed7,0.17657582968945457,,14,per_run_oof
mistral_7b_instruct_v0p3__math_test_00123_860f65d4__temp1.00__seed7,0.23781876750921782,,14,per_run_oof
mistral_7b_instruct_v0p3__math_test_00124_93bacf2d__temp0.10__seed7,0.4277804921585327,,14,per_run_oof
mistral_7b_instruct_v0p3__math_test_00124_93bacf2d__temp0.60__seed7,0.4288552697247932,,14,per_run_oof
mistral_7b_instruct_v0p3__math_test_00124_93bacf2d__temp1.00__seed7,0.23036062130957297,,14,per_run_oof
mistral_7b_instruct_v0p3__math_test_00125_e5ac5620__temp0.10__seed7,0.19889869513956943,,14,per_run_oof
mistral_7b_instruct_v0p3__math_test_00125_e5ac5620__temp0.60__seed7,0.20183416563557904,,14,per_run_oof
mistral_7b_instruct_v0p3__math_test_00125_e5ac5620__temp1.00__seed7,0.2266409701616319,,14,per_run_oof
mistral_7b_instruct_v0p3__math_test_00126_81f4f6da__temp0.10__seed7,0.06907163352380699,,14,per_run_oof
mistral_7b_instruct_v0p3__math_test_00126_81f4f6da__temp0.60__seed7,0.26538746361158155,,14,per_run_oof
mistral_7b_instruct_v0p3__math_test_00126_81f4f6da__temp1.00__seed7,0.26429766080797484,,14,per_run_oof
mistral_7b_instruct_v0p3__math_test_00127_831d47a3__temp0.10__seed7,0.18838124682150742,,14,per_run_oof
mistral_7b_instruct_v0p3__math_test_00127_831d47a3__temp0.60__seed7,0.2194107327142147,,14,per_run_oof
mistral_7b_instruct_v0p3__math_test_00127_831d47a3__temp1.00__seed7,0.11901018235263659,,14,per_run_oof
mistral_7b_instruct_v0p3__math_test_00128_34115c3f__temp0.10__seed7,0.20388459285098373,,14,per_run_oof
mistral_7b_instruct_v0p3__math_test_00128_34115c3f__temp0.60__seed7,0.04974955571037024,,14,per_run_oof
mistral_7b_instruct_v0p3__math_test_00128_34115c3f__temp1.00__seed7,0.1881769752046529,,14,per_run_oof
mistral_7b_instruct_v0p3__math_test_00129_13560ab9__temp0.10__seed7,0.01665844148094587,,14,per_run_oof
mistral_7b_instruct_v0p3__math_test_00129_13560ab9__temp0.60__seed7,0.10612004353958557,,14,per_run_oof
mistral_7b_instruct_v0p3__math_test_00129_13560ab9__temp1.00__seed7,0.2628740857453087,,14,per_run_oof
mistral_7b_instruct_v0p3__math_test_00130_587c37e4__temp0.10__seed7,0.018089766417006988,,14,per_run_oof
mistral_7b_instruct_v0p3__math_test_00130_587c37e4__temp0.60__seed7,0.05469648555127712,,14,per_run_oof
mistral_7b_instruct_v0p3__math_test_00130_587c37e4__temp1.00__seed7,0.1404461504996289,,14,per_run_oof
mistral_7b_instruct_v0p3__math_test_00131_e4690c90__temp0.10__seed7,0.22482913582709166,,14,per_run_oof
mistral_7b_instruct_v0p3__math_test_00131_e4690c90__temp0.60__seed7,0.14379185586258586,,14,per_run_oof
mistral_7b_instruct_v0p3__math_test_00131_e4690c90__temp1.00__seed7,0.30604763789047035,,14,per_run_oof
mistral_7b_instruct_v0p3__math_test_00132_9804c9ed__temp0.10__seed7,0.4301941890591862,,14,per_run_oof
mistral_7b_instruct_v0p3__math_test_00132_9804c9ed__temp0.60__seed7,0.17566401374684362,,14,per_run_oof
mistral_7b_instruct_v0p3__math_test_00132_9804c9ed__temp1.00__seed7,0.2346749340066026,,14,per_run_oof
mistral_7b_instruct_v0p3__math_test_00133_efc15efb__temp0.10__seed7,0.3549215972193625,,14,per_run_oof
mistral_7b_instruct_v0p3__math_test_00133_efc15efb__temp0.60__seed7,0.42884442084122265,,14,per_run_oof
mistral_7b_instruct_v0p3__math_test_00133_efc15efb__temp1.00__seed7,0.38776156037189097,,14,per_run_oof
mistral_7b_instruct_v0p3__math_test_00134_729aab2d__temp0.10__seed7,0.05059406162586442,,14,per_run_oof
mistral_7b_instruct_v0p3__math_test_00134_729aab2d__temp0.60__seed7,0.013446031891585915,,14,per_run_oof
mistral_7b_instruct_v0p3__math_test_00134_729aab2d__temp1.00__seed7,0.062243733081893855,,14,per_run_oof
mistral_7b_instruct_v0p3__math_test_00135_cc85526c__temp0.10__seed7,0.13187038848865196,,14,per_run_oof
mistral_7b_instruct_v0p3__math_test_00135_cc85526c__temp0.60__seed7,0.20292923755511058,,14,per_run_oof
mistral_7b_instruct_v0p3__math_test_00135_cc85526c__temp1.00__seed7,0.21155799632026115,,14,per_run_oof
mistral_7b_instruct_v0p3__math_test_00136_8e69a186__temp0.10__seed7,0.39133152689828204,,14,per_run_oof
mistral_7b_instruct_v0p3__math_test_00136_8e69a186__temp0.60__seed7,0.29919369267545504,,14,per_run_oof
mistral_7b_instruct_v0p3__math_test_00136_8e69a186__temp1.00__seed7,0.3953857202994285,,14,per_run_oof
mistral_7b_instruct_v0p3__math_test_00137_66c4d3d6__temp0.10__seed7,0.31177688629975064,,14,per_run_oof
mistral_7b_instruct_v0p3__math_test_00137_66c4d3d6__temp0.60__seed7,0.029426667318227167,,14,per_run_oof
mistral_7b_instruct_v0p3__math_test_00137_66c4d3d6__temp1.00__seed7,0.04622531160880923,,14,per_run_oof
mistral_7b_instruct_v0p3__math_test_00138_3cca3484__temp0.10__seed7,0.22978311551312247,,14,per_run_oof
mistral_7b_instruct_v0p3__math_test_00138_3cca3484__temp0.60__seed7,0.10887364430601996,,14,per_run_oof
mistral_7b_instruct_v0p3__math_test_00138_3cca3484__temp1.00__seed7,0.313677750971916,,14,per_run_oof
mistral_7b_instruct_v0p3__math_test_00139_55101384__temp0.10__seed7,0.28285848723932727,,14,per_run_oof
mistral_7b_instruct_v0p3__math_test_00139_55101384__temp0.60__seed7,0.10131737606534828,,14,per_run_oof
mistral_7b_instruct_v0p3__math_test_00139_55101384__temp1.00__seed7,0.2657965454892865,,14,per_run_oof
mistral_7b_instruct_v0p3__math_test_00140_9c2a8a8c__temp0.10__seed7,0.3015069015798046,0.06060606060606062,14,per_run_oof
mistral_7b_instruct_v0p3__math_test_00140_9c2a8a8c__temp0.60__seed7,0.13956768365047148,,14,per_run_oof
mistral_7b_instruct_v0p3__math_test_00140_9c2a8a8c__temp1.00__seed7,0.35319902822979227,,14,per_run_oof
mistral_7b_instruct_v0p3__math_test_00141_fa53302b__temp0.10__seed7,0.24024461574755618,,14,per_run_oof
mistral_7b_instruct_v0p3__math_test_00141_fa53302b__temp0.60__seed7,0.30188530035086913,,14,per_run_oof
mistral_7b_instruct_v0p3__math_test_00141_fa53302b__temp1.00__seed7,0.23275381024088443,,14,per_run_oof
mistral_7b_instruct_v0p3__math_test_00142_a535d7ed__temp0.10__seed7,0.1951346543724967,,14,per_run_oof
mistral_7b_instruct_v0p3__math_test_00142_a535d7ed__temp0.60__seed7,0.05257478282298194,,14,per_run_oof
mistral_7b_instruct_v0p3__math_test_00142_a535d7ed__temp1.00__seed7,0.2455459001488856,,14,per_run_oof
mistral_7b_instruct_v0p3__math_test_00143_f0361309__temp0.10__seed7,0.42941076062399475,0.9230769230769231,14,per_run_oof
mistral_7b_instruct_v0p3__math_test_00143_f0361309__temp0.60__seed7,0.3929099180863824,1.0,14,per_run_oof
mistral_7b_instruct_v0p3__math_test_00143_f0361309__temp1.00__seed7,0.46662082476088435,0.23076923076923073,14,per_run_oof
mistral_7b_instruct_v0p3__math_test_00144_3287fa74__temp0.10__seed7,0.19862971581525748,,14,per_run_oof
mistral_7b_instruct_v0p3__math_test_00144_3287fa74__temp0.60__seed7,0.4576915967381786,,14,per_run_oof
mistral_7b_instruct_v0p3__math_test_00144_3287fa74__temp1.00__seed7,0.2576442267437435,,14,per_run_oof
mistral_7b_instruct_v0p3__math_test_00145_bb1c005f__temp0.10__seed7,0.28603674788933525,,14,per_run_oof
mistral_7b_instruct_v0p3__math_test_00145_bb1c005f__temp0.60__seed7,0.2546826562351297,,14,per_run_oof
mistral_7b_instruct_v0p3__math_test_00145_bb1c005f__temp1.00__seed7,0.19179327205486182,,14,per_run_oof
mistral_7b_instruct_v0p3__math_test_00146_faf5031d__temp0.10__seed7,0.13856402108585159,,14,per_run_oof
mistral_7b_instruct_v0p3__math_test_00146_faf5031d__temp0.60__seed7,0.2883422837435244,,14,per_run_oof
mistral_7b_instruct_v0p3__math_test_00146_faf5031d__temp1.00__seed7,0.15372025120372143,,14,per_run_oof
mistral_7b_instruct_v0p3__math_test_00147_390c3a01__temp0.10__seed7,0.3952067602334296,,14,per_run_oof
mistral_7b_instruct_v0p3__math_test_00147_390c3a01__temp0.60__seed7,0.22439658378596875,,14,per_run_oof
mistral_7b_instruct_v0p3__math_test_00147_390c3a01__temp1.00__seed7,0.11019200016240041,,14,per_run_oof
mistral_7b_instruct_v0p3__math_test_00148_c9dddba4__temp0.10__seed7,0.1672395536667794,,14,per_run_oof
mistral_7b_instruct_v0p3__math_test_00148_c9dddba4__temp0.60__seed7,0.15385148385887318,,14,per_run_oof
mistral_7b_instruct_v0p3__math_test_00148_c9dddba4__temp1.00__seed7,0.36769776659918874,,14,per_run_oof
mistral_7b_instruct_v0p3__math_test_00149_805d659b__temp0.10__seed7,0.07565830042205166,,14,per_run_oof
mistral_7b_instruct_v0p3__math_test_00149_805d659b__temp0.60__seed7,0.09986008727533476,,14,per_run_oof
mistral_7b_instruct_v0p3__math_test_00149_805d659b__temp1.00__seed7,0.14531791604842978,,14,per_run_oof
mistral_7b_instruct_v0p3__math_test_00150_f0a2fdf6__temp0.10__seed7,0.353301284863251,,14,per_run_oof
mistral_7b_instruct_v0p3__math_test_00150_f0a2fdf6__temp0.60__seed7,0.24121700134431814,,14,per_run_oof
mistral_7b_instruct_v0p3__math_test_00150_f0a2fdf6__temp1.00__seed7,0.36263748835503573,,14,per_run_oof
mistral_7b_instruct_v0p3__math_test_00151_3228d9fb__temp0.10__seed7,0.24291155460726807,,14,per_run_oof
mistral_7b_instruct_v0p3__math_test_00151_3228d9fb__temp0.60__seed7,0.1589190805220402,,14,per_run_oof
mistral_7b_instruct_v0p3__math_test_00151_3228d9fb__temp1.00__seed7,0.1698924403625604,,14,per_run_oof
mistral_7b_instruct_v0p3__math_test_00152_df146136__temp0.10__seed7,0.2129061650698672,,14,per_run_oof
mistral_7b_instruct_v0p3__math_test_00152_df146136__temp0.60__seed7,0.1934644490795467,,14,per_run_oof
mistral_7b_instruct_v0p3__math_test_00152_df146136__temp1.00__seed7,0.1266524595894059,,14,per_run_oof
mistral_7b_instruct_v0p3__math_test_00153_e0a74423__temp0.10__seed7,0.3039635434334275,,14,per_run_oof
mistral_7b_instruct_v0p3__math_test_00153_e0a74423__temp0.60__seed7,0.033719254845013445,,14,per_run_oof
mistral_7b_instruct_v0p3__math_test_00153_e0a74423__temp1.00__seed7,0.1289363641254865,,14,per_run_oof
mistral_7b_instruct_v0p3__math_test_00154_7dc5f86e__temp0.10__seed7,0.2688443785544162,0.7692307692307693,14,per_run_oof
mistral_7b_instruct_v0p3__math_test_00154_7dc5f86e__temp0.60__seed7,0.2566495314361033,0.8461538461538461,14,per_run_oof
mistral_7b_instruct_v0p3__math_test_00154_7dc5f86e__temp1.00__seed7,0.09066528811015284,1.0,14,per_run_oof
mistral_7b_instruct_v0p3__math_test_00155_ee27b543__temp0.10__seed7,0.13210265742883529,,14,per_run_oof
mistral_7b_instruct_v0p3__math_test_00155_ee27b543__temp0.60__seed7,0.21078359580202802,,14,per_run_oof
mistral_7b_instruct_v0p3__math_test_00155_ee27b543__temp1.00__seed7,0.0283468755924861,,14,per_run_oof
mistral_7b_instruct_v0p3__math_test_00156_95b47adc__temp0.10__seed7,0.15879741295818312,,14,per_run_oof
mistral_7b_instruct_v0p3__math_test_00156_95b47adc__temp0.60__seed7,0.09356372241840447,,14,per_run_oof
mistral_7b_instruct_v0p3__math_test_00156_95b47adc__temp1.00__seed7,0.06584032242132952,,14,per_run_oof
mistral_7b_instruct_v0p3__math_test_00157_37701db8__temp0.10__seed7,0.16541285461582694,,14,per_run_oof
mistral_7b_instruct_v0p3__math_test_00157_37701db8__temp0.60__seed7,0.13074497267474192,,14,per_run_oof
mistral_7b_instruct_v0p3__math_test_00157_37701db8__temp1.00__seed7,0.1828732923522835,,14,per_run_oof
mistral_7b_instruct_v0p3__math_test_00158_15e70720__temp0.10__seed7,0.25410482377359955,0.6874999999999999,14,per_run_oof
mistral_7b_instruct_v0p3__math_test_00158_15e70720__temp0.60__seed7,0.26270625842458295,0.15384615384615385,14,per_run_oof
mistral_7b_instruct_v0p3__math_test_00158_15e70720__temp1.00__seed7,0.12900062470080723,1.0,14,per_run_oof
mistral_7b_instruct_v0p3__math_test_00159_7acc030c__temp0.10__seed7,0.15117580453660043,0.7692307692307692,14,per_run_oof
mistral_7b_instruct_v0p3__math_test_00159_7acc030c__temp0.60__seed7,0.02892373265883416,,14,per_run_oof
mistral_7b_instruct_v0p3__math_test_00159_7acc030c__temp1.00__seed7,0.2505830347479049,,14,per_run_oof
mistral_7b_instruct_v0p3__math_test_00160_e84fb95f__temp0.10__seed7,0.26874268456740225,,14,per_run_oof
mistral_7b_instruct_v0p3__math_test_00160_e84fb95f__temp0.60__seed7,0.22021223886213992,,14,per_run_oof
mistral_7b_instruct_v0p3__math_test_00160_e84fb95f__temp1.00__seed7,0.09935620035797148,,14,per_run_oof
mistral_7b_instruct_v0p3__math_test_00161_643e7dc4__temp0.10__seed7,0.2552939276280975,,14,per_run_oof
mistral_7b_instruct_v0p3__math_test_00161_643e7dc4__temp0.60__seed7,0.3090165152496921,,14,per_run_oof
mistral_7b_instruct_v0p3__math_test_00161_643e7dc4__temp1.00__seed7,0.33654187621543824,,14,per_run_oof
mistral_7b_instruct_v0p3__math_test_00162_45ed500c__temp0.10__seed7,0.2876068514101787,,14,per_run_oof
mistral_7b_instruct_v0p3__math_test_00162_45ed500c__temp0.60__seed7,0.2078570958859443,,14,per_run_oof
mistral_7b_instruct_v0p3__math_test_00162_45ed500c__temp1.00__seed7,0.0809962975469518,,14,per_run_oof
mistral_7b_instruct_v0p3__math_test_00163_6f88c8c4__temp0.10__seed7,0.3289675852303406,,14,per_run_oof
mistral_7b_instruct_v0p3__math_test_00163_6f88c8c4__temp0.60__seed7,0.2868933181780385,,14,per_run_oof
mistral_7b_instruct_v0p3__math_test_00163_6f88c8c4__temp1.00__seed7,0.312066987671695,,14,per_run_oof
mistral_7b_instruct_v0p3__math_test_00164_a06c5428__temp0.10__seed7,0.05373646177704365,,14,per_run_oof
mistral_7b_instruct_v0p3__math_test_00164_a06c5428__temp0.60__seed7,0.10965262483206398,,14,per_run_oof
mistral_7b_instruct_v0p3__math_test_00164_a06c5428__temp1.00__seed7,0.1763157039819168,,14,per_run_oof
mistral_7b_instruct_v0p3__math_test_00165_2bb09b99__temp0.10__seed7,0.13047689334746487,,14,per_run_oof
mistral_7b_instruct_v0p3__math_test_00165_2bb09b99__temp0.60__seed7,0.05984009966812186,,14,per_run_oof
mistral_7b_instruct_v0p3__math_test_00165_2bb09b99__temp1.00__seed7,0.19933201233762077,,14,per_run_oof
mistral_7b_instruct_v0p3__math_test_00166_e1652a94__temp0.10__seed7,0.20902320897764276,,14,per_run_oof
mistral_7b_instruct_v0p3__math_test_00166_e1652a94__temp0.60__seed7,0.22133195663462724,,14,per_run_oof
mistral_7b_instruct_v0p3__math_test_00166_e1652a94__temp1.00__seed7,0.06199548431775679,,14,per_run_oof
mistral_7b_instruct_v0p3__math_test_00167_87ffe725__temp0.10__seed7,0.40462881815982915,,14,per_run_oof
mistral_7b_instruct_v0p3__math_test_00167_87ffe725__temp0.60__seed7,0.2642240483804835,0.5,14,per_run_oof
mistral_7b_instruct_v0p3__math_test_00167_87ffe725__temp1.00__seed7,0.3031516459955215,,14,per_run_oof
mistral_7b_instruct_v0p3__math_test_00168_0f3086b8__temp0.10__seed7,0.06845558673354242,1.0,14,per_run_oof
mistral_7b_instruct_v0p3__math_test_00168_0f3086b8__temp0.60__seed7,0.06908117178282326,,14,per_run_oof
mistral_7b_instruct_v0p3__math_test_00168_0f3086b8__temp1.00__seed7,0.17423631726229932,,14,per_run_oof
mistral_7b_instruct_v0p3__math_test_00169_1a29884e__temp0.10__seed7,0.2606072202050878,,14,per_run_oof
mistral_7b_instruct_v0p3__math_test_00169_1a29884e__temp0.60__seed7,0.11595798642513534,,14,per_run_oof
mistral_7b_instruct_v0p3__math_test_00169_1a29884e__temp1.00__seed7,0.26262678446410154,,14,per_run_oof
mistral_7b_instruct_v0p3__math_test_00170_7682a602__temp0.10__seed7,0.21165721911087804,,14,per_run_oof
mistral_7b_instruct_v0p3__math_test_00170_7682a602__temp0.60__seed7,0.15974047864216515,,14,per_run_oof
mistral_7b_instruct_v0p3__math_test_00170_7682a602__temp1.00__seed7,0.08546512505110823,,14,per_run_oof
mistral_7b_instruct_v0p3__math_test_00171_dae831e4__temp0.10__seed7,0.16558443681476104,,14,per_run_oof
mistral_7b_instruct_v0p3__math_test_00171_dae831e4__temp0.60__seed7,0.3029399878949785,,14,per_run_oof
mistral_7b_instruct_v0p3__math_test_00171_dae831e4__temp1.00__seed7,0.3052789290511238,,14,per_run_oof
mistral_7b_instruct_v0p3__math_test_00172_6af9182b__temp0.10__seed7,0.327533157695267,,14,per_run_oof
mistral_7b_instruct_v0p3__math_test_00172_6af9182b__temp0.60__seed7,0.38944577663873353,,14,per_run_oof
mistral_7b_instruct_v0p3__math_test_00172_6af9182b__temp1.00__seed7,0.21072343157867043,0.375,14,per_run_oof
mistral_7b_instruct_v0p3__math_test_00173_f7741471__temp0.10__seed7,0.3470235975278752,,14,per_run_oof
mistral_7b_instruct_v0p3__math_test_00173_f7741471__temp0.60__seed7,0.2813596759286477,,14,per_run_oof
mistral_7b_instruct_v0p3__math_test_00173_f7741471__temp1.00__seed7,0.2093677155390952,,14,per_run_oof
mistral_7b_instruct_v0p3__math_test_00174_660b0932__temp0.10__seed7,0.3423331988068859,,14,per_run_oof
mistral_7b_instruct_v0p3__math_test_00174_660b0932__temp0.60__seed7,0.05655040600279176,,14,per_run_oof
mistral_7b_instruct_v0p3__math_test_00174_660b0932__temp1.00__seed7,0.08124570603993576,,14,per_run_oof
mistral_7b_instruct_v0p3__math_test_00175_ad581760__temp0.10__seed7,0.07279403935917983,,14,per_run_oof
mistral_7b_instruct_v0p3__math_test_00175_ad581760__temp0.60__seed7,0.03932041570570991,,14,per_run_oof
mistral_7b_instruct_v0p3__math_test_00175_ad581760__temp1.00__seed7,0.06154640531182511,,14,per_run_oof
mistral_7b_instruct_v0p3__math_test_00176_3ab8fbcf__temp0.10__seed7,0.17156632597987748,,14,per_run_oof
mistral_7b_instruct_v0p3__math_test_00176_3ab8fbcf__temp0.60__seed7,0.34576381146074603,,14,per_run_oof
mistral_7b_instruct_v0p3__math_test_00176_3ab8fbcf__temp1.00__seed7,0.29408363035082524,,14,per_run_oof
mistral_7b_instruct_v0p3__math_test_00177_88f25299__temp0.10__seed7,0.38297986101816733,,14,per_run_oof
mistral_7b_instruct_v0p3__math_test_00177_88f25299__temp0.60__seed7,0.3263707973972843,,14,per_run_oof
mistral_7b_instruct_v0p3__math_test_00177_88f25299__temp1.00__seed7,0.23550374741613017,,14,per_run_oof
mistral_7b_instruct_v0p3__math_test_00178_af59f7e2__temp0.10__seed7,0.20772415953366097,,14,per_run_oof
mistral_7b_instruct_v0p3__math_test_00178_af59f7e2__temp0.60__seed7,0.2538965063197744,,14,per_run_oof
mistral_7b_instruct_v0p3__math_test_00178_af59f7e2__temp1.00__seed7,0.1644321512690685,0.95,14,per_run_oof
mistral_7b_instruct_v0p3__math_test_00179_50c278d5__temp0.10__seed7,0.06190312726017668,1.0,14,per_run_oof
mistral_7b_instruct_v0p3__math_test_00179_50c278d5__temp0.60__seed7,0.24233819984506239,1.0,14,per_run_oof
mistral_7b_instruct_v0p3__math_test_00179_50c278d5__temp1.00__seed7,0.3257195916536894,1.0,14,per_run_oof
mistral_7b_instruct_v0p3__math_test_00180_409f8858__temp0.10__seed7,0.3683968478897393,,14,per_run_oof
mistral_7b_instruct_v0p3__math_test_00180_409f8858__temp0.60__seed7,0.3821753902975387,,14,per_run_oof
mistral_7b_instruct_v0p3__math_test_00180_409f8858__temp1.00__seed7,0.32210791431761004,0.6923076923076923,14,per_run_oof
mistral_7b_instruct_v0p3__math_test_00181_40a8a07f__temp0.10__seed7,0.35012357227752794,,14,per_run_oof
mistral_7b_instruct_v0p3__math_test_00181_40a8a07f__temp0.60__seed7,0.39403943679608544,,14,per_run_oof
mistral_7b_instruct_v0p3__math_test_00181_40a8a07f__temp1.00__seed7,0.09912141007697194,,14,per_run_oof
mistral_7b_instruct_v0p3__math_test_00182_5eec73ff__temp0.10__seed7,0.3790384346371055,,14,per_run_oof
mistral_7b_instruct_v0p3__math_test_00182_5eec73ff__temp0.60__seed7,0.3090315166593606,,14,per_run_oof
mistral_7b_instruct_v0p3__math_test_00182_5eec73ff__temp1.00__seed7,0.152510169612359,,14,per_run_oof
mistral_7b_instruct_v0p3__math_test_00183_8feeefff__temp0.10__seed7,0.3302225657109263,,14,per_run_oof
mistral_7b_instruct_v0p3__math_test_00183_8feeefff__temp0.60__seed7,0.18778109511487526,,14,per_run_oof
mistral_7b_instruct_v0p3__math_test_00183_8feeefff__temp1.00__seed7,0.2759423124789578,,14,per_run_oof
mistral_7b_instruct_v0p3__math_test_00184_78e3c175__temp0.10__seed7,0.3303320975262633,,14,per_run_oof
mistral_7b_instruct_v0p3__math_test_00184_78e3c175__temp0.60__seed7,0.15414757713557775,,14,per_run_oof
mistral_7b_instruct_v0p3__math_test_00184_78e3c175__temp1.00__seed7,0.10942401687870637,,14,per_run_oof
mistral_7b_instruct_v0p3__math_test_00185_b9d67ef5__temp0.10__seed7,0.10465370249194098,,14,per_run_oof
mistral_7b_instruct_v0p3__math_test_00185_b9d67ef5__temp0.60__seed7,0.17836668097703412,,14,per_run_oof
mistral_7b_instruct_v0p3__math_test_00185_b9d67ef5__temp1.00__seed7,0.11428072023781312,,14,per_run_oof
mistral_7b_instruct_v0p3__math_test_00186_ac02199f__temp0.10__seed7,0.34319604483663607,,14,per_run_oof
mistral_7b_instruct_v0p3__math_test_00186_ac02199f__temp0.60__seed7,0.2179867469865381,,14,per_run_oof
mistral_7b_instruct_v0p3__math_test_00186_ac02199f__temp1.00__seed7,0.28275113976713345,,14,per_run_oof
mistral_7b_instruct_v0p3__math_test_00187_b2db12b1__temp0.10__seed7,0.3040377802511371,,14,per_run_oof
mistral_7b_instruct_v0p3__math_test_00187_b2db12b1__temp0.60__seed7,0.170659396537549,,14,per_run_oof
mistral_7b_instruct_v0p3__math_test_00187_b2db12b1__temp1.00__seed7,0.318791575498127,,14,per_run_oof
mistral_7b_instruct_v0p3__math_test_00188_c57b9f68__temp0.10__seed7,0.16813998567180258,1.0,14,per_run_oof
mistral_7b_instruct_v0p3__math_test_00188_c57b9f68__temp0.60__seed7,0.20203151450619614,,14,per_run_oof
mistral_7b_instruct_v0p3__math_test_00188_c57b9f68__temp1.00__seed7,0.3003390714974414,0.7692307692307692,14,per_run_oof
mistral_7b_instruct_v0p3__math_test_00189_d2f49b7f__temp0.10__seed7,0.13071952268373174,,14,per_run_oof
mistral_7b_instruct_v0p3__math_test_00189_d2f49b7f__temp0.60__seed7,0.13217169145309324,,14,per_run_oof
mistral_7b_instruct_v0p3__math_test_00189_d2f49b7f__temp1.00__seed7,0.10685681734868394,,14,per_run_oof
mistral_7b_instruct_v0p3__math_test_00190_ad0c55dc__temp0.10__seed7,0.2816310334934436,,14,per_run_oof
mistral_7b_instruct_v0p3__math_test_00190_ad0c55dc__temp0.60__seed7,0.0734832735207352,,14,per_run_oof
mistral_7b_instruct_v0p3__math_test_00190_ad0c55dc__temp1.00__seed7,0.18179347741905358,,14,per_run_oof
mistral_7b_instruct_v0p3__math_test_00191_b20822d9__temp0.10__seed7,0.1515174973541537,,14,per_run_oof
mistral_7b_instruct_v0p3__math_test_00191_b20822d9__temp0.60__seed7,0.1520320778400767,,14,per_run_oof
mistral_7b_instruct_v0p3__math_test_00191_b20822d9__temp1.00__seed7,0.13503956604729975,,14,per_run_oof
mistral_7b_instruct_v0p3__math_test_00192_a6795966__temp0.10__seed7,0.3632746198960489,,14,per_run_oof
mistral_7b_instruct_v0p3__math_test_00192_a6795966__temp0.60__seed7,0.472986695113817,,14,per_run_oof
mistral_7b_instruct_v0p3__math_test_00192_a6795966__temp1.00__seed7,0.34728224664225443,,14,per_run_oof
mistral_7b_instruct_v0p3__math_test_00193_027d8061__temp0.10__seed7,0.20775580564976756,,14,per_run_oof
mistral_7b_instruct_v0p3__math_test_00193_027d8061__temp0.60__seed7,0.18923919455359722,,14,per_run_oof
mistral_7b_instruct_v0p3__math_test_00193_027d8061__temp1.00__seed7,0.186248295548643,,14,per_run_oof
mistral_7b_instruct_v0p3__math_test_00194_f51f6dd0__temp0.10__seed7,0.07638601946856262,,14,per_run_oof
mistral_7b_instruct_v0p3__math_test_00194_f51f6dd0__temp0.60__seed7,0.2655846099933322,,14,per_run_oof
mistral_7b_instruct_v0p3__math_test_00194_f51f6dd0__temp1.00__seed7,0.11613566265261624,,14,per_run_oof
mistral_7b_instruct_v0p3__math_test_00195_7cc2d650__temp0.10__seed7,0.16091445834624804,,14,per_run_oof
mistral_7b_instruct_v0p3__math_test_00195_7cc2d650__temp0.60__seed7,0.1718197591905959,0.23076923076923073,14,per_run_oof
mistral_7b_instruct_v0p3__math_test_00195_7cc2d650__temp1.00__seed7,0.15291607553738282,,14,per_run_oof
mistral_7b_instruct_v0p3__math_test_00196_4e15c27d__temp0.10__seed7,0.23928766037051938,,14,per_run_oof
mistral_7b_instruct_v0p3__math_test_00196_4e15c27d__temp0.60__seed7,0.18411359206659286,1.0,14,per_run_oof
mistral_7b_instruct_v0p3__math_test_00196_4e15c27d__temp1.00__seed7,0.25937358339852645,,14,per_run_oof
mistral_7b_instruct_v0p3__math_test_00197_ed195676__temp0.10__seed7,0.36676877666245783,,14,per_run_oof
mistral_7b_instruct_v0p3__math_test_00197_ed195676__temp0.60__seed7,0.11976661191742502,,14,per_run_oof
mistral_7b_instruct_v0p3__math_test_00197_ed195676__temp1.00__seed7,0.34531179951702085,,14,per_run_oof
mistral_7b_instruct_v0p3__math_test_00198_85b6e7ea__temp0.10__seed7,0.2720126575276861,,14,per_run_oof
mistral_7b_instruct_v0p3__math_test_00198_85b6e7ea__temp0.60__seed7,0.21924877553645747,,14,per_run_oof
mistral_7b_instruct_v0p3__math_test_00198_85b6e7ea__temp1.00__seed7,0.1681990486340342,,14,per_run_oof
mistral_7b_instruct_v0p3__math_test_00199_c19f27fd__temp0.10__seed7,0.09722007784770648,,14,per_run_oof
mistral_7b_instruct_v0p3__math_test_00199_c19f27fd__temp0.60__seed7,0.05699375552210445,,14,per_run_oof
mistral_7b_instruct_v0p3__math_test_00199_c19f27fd__temp1.00__seed7,0.21522788285656744,,14,per_run_oof
mistral_7b_instruct_v0p3__math_test_00200_bd1fc1ea__temp0.10__seed7,0.24459931743730107,,14,per_run_oof
mistral_7b_instruct_v0p3__math_test_00200_bd1fc1ea__temp0.60__seed7,0.20790025857990363,,14,per_run_oof
mistral_7b_instruct_v0p3__math_test_00200_bd1fc1ea__temp1.00__seed7,0.061124532850712725,,14,per_run_oof
mistral_7b_instruct_v0p3__math_test_00201_464f6898__temp0.10__seed7,0.13418036366921973,,14,per_run_oof
mistral_7b_instruct_v0p3__math_test_00201_464f6898__temp0.60__seed7,0.18163827321081888,,14,per_run_oof
mistral_7b_instruct_v0p3__math_test_00201_464f6898__temp1.00__seed7,0.21430105149191986,,14,per_run_oof
mistral_7b_instruct_v0p3__math_test_00202_8904dc37__temp0.10__seed7,0.2411317536423859,,14,per_run_oof
mistral_7b_instruct_v0p3__math_test_00202_8904dc37__temp0.60__seed7,0.1442230743029365,,14,per_run_oof
mistral_7b_instruct_v0p3__math_test_00202_8904dc37__temp1.00__seed7,0.27848861753580934,,14,per_run_oof
mistral_7b_instruct_v0p3__math_test_00203_d026abb8__temp0.10__seed7,0.31054730458140944,,14,per_run_oof
mistral_7b_instruct_v0p3__math_test_00203_d026abb8__temp0.60__seed7,0.3746090960239015,,14,per_run_oof
mistral_7b_instruct_v0p3__math_test_00203_d026abb8__temp1.00__seed7,0.2653748559575638,,14,per_run_oof
mistral_7b_instruct_v0p3__math_test_00204_75f78286__temp0.10__seed7,0.3426550628777177,,14,per_run_oof
mistral_7b_instruct_v0p3__math_test_00204_75f78286__temp0.60__seed7,0.2805920185526514,,14,per_run_oof
mistral_7b_instruct_v0p3__math_test_00204_75f78286__temp1.00__seed7,0.3571475487475916,,14,per_run_oof
mistral_7b_instruct_v0p3__math_test_00205_35364df7__temp0.10__seed7,0.11982115725106432,,14,per_run_oof
mistral_7b_instruct_v0p3__math_test_00205_35364df7__temp0.60__seed7,0.1319728750282129,0.07692307692307687,14,per_run_oof
mistral_7b_instruct_v0p3__math_test_00205_35364df7__temp1.00__seed7,0.11538758433265107,,14,per_run_oof
mistral_7b_instruct_v0p3__math_test_00206_a6788c30__temp0.10__seed7,0.33745401137140707,,14,per_run_oof
mistral_7b_instruct_v0p3__math_test_00206_a6788c30__temp0.60__seed7,0.08532288377652976,,14,per_run_oof
mistral_7b_instruct_v0p3__math_test_00206_a6788c30__temp1.00__seed7,0.07479711344479442,,14,per_run_oof
mistral_7b_instruct_v0p3__math_test_00207_627fc1ba__temp0.10__seed7,0.19944722000706644,,14,per_run_oof
mistral_7b_instruct_v0p3__math_test_00207_627fc1ba__temp0.60__seed7,0.11586032999983743,,14,per_run_oof
mistral_7b_instruct_v0p3__math_test_00207_627fc1ba__temp1.00__seed7,0.34109356613725855,,14,per_run_oof
mistral_7b_instruct_v0p3__math_test_00208_43f47031__temp0.10__seed7,0.11678505357884363,1.0,14,per_run_oof
mistral_7b_instruct_v0p3__math_test_00208_43f47031__temp0.60__seed7,0.08438458539812665,1.0,14,per_run_oof
mistral_7b_instruct_v0p3__math_test_00208_43f47031__temp1.00__seed7,0.12168567151014127,0.9230769230769231,14,per_run_oof
mistral_7b_instruct_v0p3__math_test_00209_877944fa__temp0.10__seed7,0.0866457352256497,,14,per_run_oof
mistral_7b_instruct_v0p3__math_test_00209_877944fa__temp0.60__seed7,0.03757416207253872,,14,per_run_oof
mistral_7b_instruct_v0p3__math_test_00209_877944fa__temp1.00__seed7,0.06430980700534024,,14,per_run_oof
mistral_7b_instruct_v0p3__math_test_00210_51592ad6__temp0.10__seed7,0.19961888606204137,,14,per_run_oof
mistral_7b_instruct_v0p3__math_test_00210_51592ad6__temp0.60__seed7,0.3368794241054526,,14,per_run_oof
mistral_7b_instruct_v0p3__math_test_00210_51592ad6__temp1.00__seed7,0.3586491053094817,,14,per_run_oof
mistral_7b_instruct_v0p3__math_test_00211_4c873421__temp0.10__seed7,0.2543624002443925,0.9393939393939393,14,per_run_oof
mistral_7b_instruct_v0p3__math_test_00211_4c873421__temp0.60__seed7,0.10625993245794262,1.0,14,per_run_oof
mistral_7b_instruct_v0p3__math_test_00211_4c873421__temp1.00__seed7,0.3000052819442464,0.9583333333333333,14,per_run_oof
mistral_7b_instruct_v0p3__math_test_00212_a1acafa6__temp0.10__seed7,0.14278021566929722,,14,per_run_oof
mistral_7b_instruct_v0p3__math_test_00212_a1acafa6__temp0.60__seed7,0.1097526209960114,,14,per_run_oof
mistral_7b_instruct_v0p3__math_test_00212_a1acafa6__temp1.00__seed7,0.11395290041534097,,14,per_run_oof
mistral_7b_instruct_v0p3__math_test_00213_4bf84a38__temp0.10__seed7,0.32315172430367906,,14,per_run_oof
mistral_7b_instruct_v0p3__math_test_00213_4bf84a38__temp0.60__seed7,0.35025159570860825,,14,per_run_oof
mistral_7b_instruct_v0p3__math_test_00213_4bf84a38__temp1.00__seed7,0.3264242300909377,,14,per_run_oof
mistral_7b_instruct_v0p3__math_test_00214_dd220dbb__temp0.10__seed7,0.0919435780197179,,14,per_run_oof
mistral_7b_instruct_v0p3__math_test_00214_dd220dbb__temp0.60__seed7,0.27644961540483276,,14,per_run_oof
mistral_7b_instruct_v0p3__math_test_00214_dd220dbb__temp1.00__seed7,0.21339674141830414,,14,per_run_oof
mistral_7b_instruct_v0p3__math_test_00215_d650ba63__temp0.10__seed7,0.1893423232557075,0.7708333333333334,14,per_run_oof
mistral_7b_instruct_v0p3__math_test_00215_d650ba63__temp0.60__seed7,0.17240456939986845,0.825,14,per_run_oof
mistral_7b_instruct_v0p3__math_test_00215_d650ba63__temp1.00__seed7,0.13094920638230415,,14,per_run_oof
mistral_7b_instruct_v0p3__math_test_00216_bb0c5189__temp0.10__seed7,0.2959217413656415,,14,per_run_oof
mistral_7b_instruct_v0p3__math_test_00216_bb0c5189__temp0.60__seed7,0.26589447038824937,,14,per_run_oof
mistral_7b_instruct_v0p3__math_test_00216_bb0c5189__temp1.00__seed7,0.12481654296031976,,14,per_run_oof
mistral_7b_instruct_v0p3__math_test_00217_f16ba217__temp0.10__seed7,0.18692500091472072,,14,per_run_oof
mistral_7b_instruct_v0p3__math_test_00217_f16ba217__temp0.60__seed7,0.11122932720057913,,14,per_run_oof
mistral_7b_instruct_v0p3__math_test_00217_f16ba217__temp1.00__seed7,0.15009738032332337,,14,per_run_oof
mistral_7b_instruct_v0p3__math_test_00218_9ebeec12__temp0.10__seed7,0.15894735126901557,,14,per_run_oof
mistral_7b_instruct_v0p3__math_test_00218_9ebeec12__temp0.60__seed7,0.13157513262847428,1.0,14,per_run_oof
mistral_7b_instruct_v0p3__math_test_00218_9ebeec12__temp1.00__seed7,0.17211210046414296,,14,per_run_oof
mistral_7b_instruct_v0p3__math_test_00219_9ce0114c__temp0.10__seed7,0.31341102312116104,,14,per_run_oof
mistral_7b_instruct_v0p3__math_test_00219_9ce0114c__temp0.60__seed7,0.3995847378664695,,14,per_run_oof
mistral_7b_instruct_v0p3__math_test_00219_9ce0114c__temp1.00__seed7,0.2587165513142783,,14,per_run_oof
mistral_7b_instruct_v0p3__math_test_00220_c9d4415d__temp0.10__seed7,0.4180218612197379,,14,per_run_oof
mistral_7b_instruct_v0p3__math_test_00220_c9d4415d__temp0.60__seed7,0.3529648945638738,,14,per_run_oof
mistral_7b_instruct_v0p3__math_test_00220_c9d4415d__temp1.00__seed7,0.1345170811735506,,14,per_run_oof
mistral_7b_instruct_v0p3__math_test_00221_6ddce785__temp0.10__seed7,0.34943073203031133,,14,per_run_oof
mistral_7b_instruct_v0p3__math_test_00221_6ddce785__temp0.60__seed7,0.13118502213286412,,14,per_run_oof
mistral_7b_instruct_v0p3__math_test_00221_6ddce785__temp1.00__seed7,0.25676001491339057,,14,per_run_oof
mistral_7b_instruct_v0p3__math_test_00222_67d6eb88__temp0.10__seed7,0.3293433924859552,,14,per_run_oof
mistral_7b_instruct_v0p3__math_test_00222_67d6eb88__temp0.60__seed7,0.19418058151832326,,14,per_run_oof
mistral_7b_instruct_v0p3__math_test_00222_67d6eb88__temp1.00__seed7,0.08972756124368418,,14,per_run_oof
mistral_7b_instruct_v0p3__math_test_00223_e0d9f4b1__temp0.10__seed7,0.34900057563570075,,14,per_run_oof
mistral_7b_instruct_v0p3__math_test_00223_e0d9f4b1__temp0.60__seed7,0.15053006460531151,,14,per_run_oof
mistral_7b_instruct_v0p3__math_test_00223_e0d9f4b1__temp1.00__seed7,0.2619688672899307,,14,per_run_oof
mistral_7b_instruct_v0p3__math_test_00224_a4838f9f__temp0.10__seed7,0.243007219981922,,14,per_run_oof
mistral_7b_instruct_v0p3__math_test_00224_a4838f9f__temp0.60__seed7,0.35884952685381843,,14,per_run_oof
mistral_7b_instruct_v0p3__math_test_00224_a4838f9f__temp1.00__seed7,0.28463553694168686,,14,per_run_oof
mistral_7b_instruct_v0p3__math_test_00225_aa62338d__temp0.10__seed7,0.4076038512304646,,14,per_run_oof
mistral_7b_instruct_v0p3__math_test_00225_aa62338d__temp0.60__seed7,0.3813358321192175,,14,per_run_oof
mistral_7b_instruct_v0p3__math_test_00225_aa62338d__temp1.00__seed7,0.2982541168830735,,14,per_run_oof
mistral_7b_instruct_v0p3__math_test_00226_4db0af17__temp0.10__seed7,0.2786098254332525,,14,per_run_oof
mistral_7b_instruct_v0p3__math_test_00226_4db0af17__temp0.60__seed7,0.238576957388913,,14,per_run_oof
mistral_7b_instruct_v0p3__math_test_00226_4db0af17__temp1.00__seed7,0.03445642806795355,,14,per_run_oof
mistral_7b_instruct_v0p3__math_test_00227_bd91686d__temp0.10__seed7,0.1650235266909718,,14,per_run_oof
mistral_7b_instruct_v0p3__math_test_00227_bd91686d__temp0.60__seed7,0.3085585944418166,,14,per_run_oof
mistral_7b_instruct_v0p3__math_test_00227_bd91686d__temp1.00__seed7,0.4370892808011308,,14,per_run_oof
mistral_7b_instruct_v0p3__math_test_00228_f8913fbd__temp0.10__seed7,0.11733038184219903,,14,per_run_oof
mistral_7b_instruct_v0p3__math_test_00228_f8913fbd__temp0.60__seed7,0.06958183043451542,,14,per_run_oof
mistral_7b_instruct_v0p3__math_test_00228_f8913fbd__temp1.00__seed7,0.22777572955553463,0.2916666666666667,14,per_run_oof
mistral_7b_instruct_v0p3__math_test_00229_3671f9fa__temp0.10__seed7,0.06252484361726937,,14,per_run_oof
mistral_7b_instruct_v0p3__math_test_00229_3671f9fa__temp0.60__seed7,0.3391987293907853,,14,per_run_oof
mistral_7b_instruct_v0p3__math_test_00229_3671f9fa__temp1.00__seed7,0.09742323299007295,,14,per_run_oof
mistral_7b_instruct_v0p3__math_test_00230_5de9111d__temp0.10__seed7,0.45960435342994305,,14,per_run_oof
mistral_7b_instruct_v0p3__math_test_00230_5de9111d__temp0.60__seed7,0.28031264476360196,,14,per_run_oof
mistral_7b_instruct_v0p3__math_test_00230_5de9111d__temp1.00__seed7,0.3971089583413693,,14,per_run_oof
mistral_7b_instruct_v0p3__math_test_00231_f1b686d3__temp0.10__seed7,0.304772220307782,,14,per_run_oof
mistral_7b_instruct_v0p3__math_test_00231_f1b686d3__temp0.60__seed7,0.31940088748179374,,14,per_run_oof
mistral_7b_instruct_v0p3__math_test_00231_f1b686d3__temp1.00__seed7,0.16862754343135652,,14,per_run_oof
mistral_7b_instruct_v0p3__math_test_00232_99f94cd0__temp0.10__seed7,0.396384148223488,,14,per_run_oof
mistral_7b_instruct_v0p3__math_test_00232_99f94cd0__temp0.60__seed7,0.24469627259489293,,14,per_run_oof
mistral_7b_instruct_v0p3__math_test_00232_99f94cd0__temp1.00__seed7,0.24006413295042425,0.2121212121212121,14,per_run_oof
mistral_7b_instruct_v0p3__math_test_00233_05e64b69__temp0.10__seed7,0.2460686004939532,,14,per_run_oof
mistral_7b_instruct_v0p3__math_test_00233_05e64b69__temp0.60__seed7,0.3949588263357802,,14,per_run_oof
mistral_7b_instruct_v0p3__math_test_00233_05e64b69__temp1.00__seed7,0.19610499836474996,,14,per_run_oof
mistral_7b_instruct_v0p3__math_test_00234_03dfd5f4__temp0.10__seed7,0.420549144804997,,14,per_run_oof
mistral_7b_instruct_v0p3__math_test_00234_03dfd5f4__temp0.60__seed7,0.2891320128772375,,14,per_run_oof
mistral_7b_instruct_v0p3__math_test_00234_03dfd5f4__temp1.00__seed7,0.34205376323916925,0.6923076923076923,14,per_run_oof
mistral_7b_instruct_v0p3__math_test_00235_13c2c9be__temp0.10__seed7,0.21492084899104327,,14,per_run_oof
mistral_7b_instruct_v0p3__math_test_00235_13c2c9be__temp0.60__seed7,0.16279575021466797,,14,per_run_oof
mistral_7b_instruct_v0p3__math_test_00235_13c2c9be__temp1.00__seed7,0.13058837025690695,,14,per_run_oof
mistral_7b_instruct_v0p3__math_test_00236_d5de6a08__temp0.10__seed7,0.30880174135528204,,14,per_run_oof
mistral_7b_instruct_v0p3__math_test_00236_d5de6a08__temp0.60__seed7,0.21458741094470613,,14,per_run_oof
mistral_7b_instruct_v0p3__math_test_00236_d5de6a08__temp1.00__seed7,0.08513320052967224,,14,per_run_oof
mistral_7b_instruct_v0p3__math_test_00237_4bcd0b41__temp0.10__seed7,0.10277278733091746,,14,per_run_oof
mistral_7b_instruct_v0p3__math_test_00237_4bcd0b41__temp0.60__seed7,0.2108063198069057,,14,per_run_oof
mistral_7b_instruct_v0p3__math_test_00237_4bcd0b41__temp1.00__seed7,0.26724914897660995,,14,per_run_oof
mistral_7b_instruct_v0p3__math_test_00238_c8c67f45__temp0.10__seed7,0.09515240745637124,,14,per_run_oof
mistral_7b_instruct_v0p3__math_test_00238_c8c67f45__temp0.60__seed7,0.015971883307232274,,14,per_run_oof
mistral_7b_instruct_v0p3__math_test_00238_c8c67f45__temp1.00__seed7,0.14905948472101363,,14,per_run_oof
mistral_7b_instruct_v0p3__math_test_00239_9b20bddf__temp0.10__seed7,0.11150124288329819,,14,per_run_oof
mistral_7b_instruct_v0p3__math_test_00239_9b20bddf__temp0.60__seed7,0.11131305472071436,,14,per_run_oof
mistral_7b_instruct_v0p3__math_test_00239_9b20bddf__temp1.00__seed7,0.11289826335795727,1.0,14,per_run_oof
mistral_7b_instruct_v0p3__math_test_00240_52c92561__temp0.10__seed7,0.03360631257181128,,14,per_run_oof
mistral_7b_instruct_v0p3__math_test_00240_52c92561__temp0.60__seed7,0.13422699012126582,,14,per_run_oof
mistral_7b_instruct_v0p3__math_test_00240_52c92561__temp1.00__seed7,0.021818652676883536,,14,per_run_oof
mistral_7b_instruct_v0p3__math_test_00241_5a34024d__temp0.10__seed7,0.37154858410057606,0.6923076923076923,14,per_run_oof
mistral_7b_instruct_v0p3__math_test_00241_5a34024d__temp0.60__seed7,0.06895755134172467,,14,per_run_oof
mistral_7b_instruct_v0p3__math_test_00241_5a34024d__temp1.00__seed7,0.055949472485330734,,14,per_run_oof
mistral_7b_instruct_v0p3__math_test_00242_277ad5c0__temp0.10__seed7,0.10752731753294943,,14,per_run_oof
mistral_7b_instruct_v0p3__math_test_00242_277ad5c0__temp0.60__seed7,0.39582798657864754,,14,per_run_oof
mistral_7b_instruct_v0p3__math_test_00242_277ad5c0__temp1.00__seed7,0.2190637950790575,,14,per_run_oof
mistral_7b_instruct_v0p3__math_test_00243_869ecc6c__temp0.10__seed7,0.3184336000482323,,14,per_run_oof
mistral_7b_instruct_v0p3__math_test_00243_869ecc6c__temp0.60__seed7,0.2869346742639056,,14,per_run_oof
mistral_7b_instruct_v0p3__math_test_00243_869ecc6c__temp1.00__seed7,0.1950979498687238,,14,per_run_oof
mistral_7b_instruct_v0p3__math_test_00244_1b6efbf5__temp0.10__seed7,0.32180779503671214,,14,per_run_oof
mistral_7b_instruct_v0p3__math_test_00244_1b6efbf5__temp0.60__seed7,0.1888244232824445,0.0,14,per_run_oof
mistral_7b_instruct_v0p3__math_test_00244_1b6efbf5__temp1.00__seed7,0.11302488710777903,,14,per_run_oof
mistral_7b_instruct_v0p3__math_test_00245_373bfa07__temp0.10__seed7,0.2447275155175097,,14,per_run_oof
mistral_7b_instruct_v0p3__math_test_00245_373bfa07__temp0.60__seed7,0.25106873509408173,,14,per_run_oof
mistral_7b_instruct_v0p3__math_test_00245_373bfa07__temp1.00__seed7,0.24919764126508842,,14,per_run_oof
mistral_7b_instruct_v0p3__math_test_00246_08e34813__temp0.10__seed7,0.13813855888212978,0.9583333333333333,14,per_run_oof
mistral_7b_instruct_v0p3__math_test_00246_08e34813__temp0.60__seed7,0.16002315764743782,0.9230769230769231,14,per_run_oof
mistral_7b_instruct_v0p3__math_test_00246_08e34813__temp1.00__seed7,0.275328625138474,,14,per_run_oof
mistral_7b_instruct_v0p3__math_test_00247_24a6a2d8__temp0.10__seed7,0.11371292790677043,,14,per_run_oof
mistral_7b_instruct_v0p3__math_test_00247_24a6a2d8__temp0.60__seed7,0.13820122146966146,,14,per_run_oof
mistral_7b_instruct_v0p3__math_test_00247_24a6a2d8__temp1.00__seed7,0.0328879277521908,,14,per_run_oof
mistral_7b_instruct_v0p3__math_test_00248_740b47e0__temp0.10__seed7,0.1797457938628473,0.46153846153846156,14,per_run_oof
mistral_7b_instruct_v0p3__math_test_00248_740b47e0__temp0.60__seed7,0.1640711620460133,0.7692307692307693,14,per_run_oof
mistral_7b_instruct_v0p3__math_test_00248_740b47e0__temp1.00__seed7,0.19271478118484175,0.7083333333333333,14,per_run_oof
mistral_7b_instruct_v0p3__math_test_00249_89ab90f1__temp0.10__seed7,0.2050891979042069,1.0,14,per_run_oof
mistral_7b_instruct_v0p3__math_test_00249_89ab90f1__temp0.60__seed7,0.25052690580224846,,14,per_run_oof
mistral_7b_instruct_v0p3__math_test_00249_89ab90f1__temp1.00__seed7,0.22677398838979523,,14,per_run_oof
mistral_7b_instruct_v0p3__math_test_00250_893f6d22__temp0.10__seed7,0.3086579971937778,,14,per_run_oof
mistral_7b_instruct_v0p3__math_test_00250_893f6d22__temp0.60__seed7,0.22118960318037337,0.6923076923076923,14,per_run_oof
mistral_7b_instruct_v0p3__math_test_00250_893f6d22__temp1.00__seed7,0.23556114198632425,0.25,14,per_run_oof
mistral_7b_instruct_v0p3__math_test_00251_3dd2446e__temp0.10__seed7,0.07470775928285592,,14,per_run_oof
mistral_7b_instruct_v0p3__math_test_00251_3dd2446e__temp0.60__seed7,0.12001342361227627,,14,per_run_oof
mistral_7b_instruct_v0p3__math_test_00251_3dd2446e__temp1.00__seed7,0.2652478898755354,,14,per_run_oof
mistral_7b_instruct_v0p3__math_test_00252_b3e21c72__temp0.10__seed7,0.4049305791091272,,14,per_run_oof
mistral_7b_instruct_v0p3__math_test_00252_b3e21c72__temp0.60__seed7,0.18437352391867362,,14,per_run_oof
mistral_7b_instruct_v0p3__math_test_00252_b3e21c72__temp1.00__seed7,0.2427826034163278,1.0,14,per_run_oof
mistral_7b_instruct_v0p3__math_test_00253_d4df8de3__temp0.10__seed7,0.12515975997361536,,14,per_run_oof
mistral_7b_instruct_v0p3__math_test_00253_d4df8de3__temp0.60__seed7,0.19954325909957502,,14,per_run_oof
mistral_7b_instruct_v0p3__math_test_00253_d4df8de3__temp1.00__seed7,0.11609341198980436,,14,per_run_oof
mistral_7b_instruct_v0p3__math_test_00254_a92a5bc3__temp0.10__seed7,0.19542001098494777,,14,per_run_oof
mistral_7b_instruct_v0p3__math_test_00254_a92a5bc3__temp0.60__seed7,0.14576142984519672,,14,per_run_oof
mistral_7b_instruct_v0p3__math_test_00254_a92a5bc3__temp1.00__seed7,0.15091697192315873,,14,per_run_oof
mistral_7b_instruct_v0p3__math_test_00255_5f3fe168__temp0.10__seed7,0.10111463851021203,1.0,14,per_run_oof
mistral_7b_instruct_v0p3__math_test_00255_5f3fe168__temp0.60__seed7,0.1230266051213842,1.0,14,per_run_oof
mistral_7b_instruct_v0p3__math_test_00255_5f3fe168__temp1.00__seed7,0.11235279947402972,1.0,14,per_run_oof
mistral_7b_instruct_v0p3__math_test_00256_d959374f__temp0.10__seed7,0.3282987371674181,,14,per_run_oof
mistral_7b_instruct_v0p3__math_test_00256_d959374f__temp0.60__seed7,0.1689882014003931,,14,per_run_oof
mistral_7b_instruct_v0p3__math_test_00256_d959374f__temp1.00__seed7,0.3068511571580098,,14,per_run_oof
mistral_7b_instruct_v0p3__math_test_00257_20ddae87__temp0.10__seed7,0.2109665597704202,,14,per_run_oof
mistral_7b_instruct_v0p3__math_test_00257_20ddae87__temp0.60__seed7,0.2768231373831632,,14,per_run_oof
mistral_7b_instruct_v0p3__math_test_00257_20ddae87__temp1.00__seed7,0.2792440597647478,,14,per_run_oof
mistral_7b_instruct_v0p3__math_test_00258_44fb0c1c__temp0.10__seed7,0.09139601196843587,,14,per_run_oof
mistral_7b_instruct_v0p3__math_test_00258_44fb0c1c__temp0.60__seed7,0.11290268850993461,,14,per_run_oof
mistral_7b_instruct_v0p3__math_test_00258_44fb0c1c__temp1.00__seed7,0.11726862123145497,,14,per_run_oof
mistral_7b_instruct_v0p3__math_test_00259_2ab6b817__temp0.10__seed7,0.29944512717156785,,14,per_run_oof
mistral_7b_instruct_v0p3__math_test_00259_2ab6b817__temp0.60__seed7,0.08546825811846162,,14,per_run_oof
mistral_7b_instruct_v0p3__math_test_00259_2ab6b817__temp1.00__seed7,0.15225808167072538,,14,per_run_oof
mistral_7b_instruct_v0p3__math_test_00260_efa62d11__temp0.10__seed7,0.3224820829336586,,14,per_run_oof
mistral_7b_instruct_v0p3__math_test_00260_efa62d11__temp0.60__seed7,0.22295527343792768,,14,per_run_oof
mistral_7b_instruct_v0p3__math_test_00260_efa62d11__temp1.00__seed7,0.17453621189283844,,14,per_run_oof
mistral_7b_instruct_v0p3__math_test_00261_4f02172b__temp0.10__seed7,0.3503887038569929,,14,per_run_oof
mistral_7b_instruct_v0p3__math_test_00261_4f02172b__temp0.60__seed7,0.15273603415639417,,14,per_run_oof
mistral_7b_instruct_v0p3__math_test_00261_4f02172b__temp1.00__seed7,0.3139931912992729,,14,per_run_oof
mistral_7b_instruct_v0p3__math_test_00262_5be48d75__temp0.10__seed7,0.3879683135862836,,14,per_run_oof
mistral_7b_instruct_v0p3__math_test_00262_5be48d75__temp0.60__seed7,0.165200619759223,,14,per_run_oof
mistral_7b_instruct_v0p3__math_test_00262_5be48d75__temp1.00__seed7,0.48784346192264355,,14,per_run_oof
mistral_7b_instruct_v0p3__math_test_00263_10d94c24__temp0.10__seed7,0.19965176718344796,,14,per_run_oof
mistral_7b_instruct_v0p3__math_test_00263_10d94c24__temp0.60__seed7,0.11688891918256845,,14,per_run_oof
mistral_7b_instruct_v0p3__math_test_00263_10d94c24__temp1.00__seed7,0.12541446170027054,1.0,14,per_run_oof
mistral_7b_instruct_v0p3__math_test_00264_ca7f6fd1__temp0.10__seed7,0.3024937908647134,,14,per_run_oof
mistral_7b_instruct_v0p3__math_test_00264_ca7f6fd1__temp0.60__seed7,0.18514221700342198,,14,per_run_oof
mistral_7b_instruct_v0p3__math_test_00264_ca7f6fd1__temp1.00__seed7,0.2672641080125269,,14,per_run_oof
mistral_7b_instruct_v0p3__math_test_00265_3b8ec9e0__temp0.10__seed7,0.16506545796305064,,14,per_run_oof
mistral_7b_instruct_v0p3__math_test_00265_3b8ec9e0__temp0.60__seed7,0.37381553615953117,,14,per_run_oof
mistral_7b_instruct_v0p3__math_test_00265_3b8ec9e0__temp1.00__seed7,0.11430313160870857,,14,per_run_oof
mistral_7b_instruct_v0p3__math_test_00266_dbf10789__temp0.10__seed7,0.251574616418695,,14,per_run_oof
mistral_7b_instruct_v0p3__math_test_00266_dbf10789__temp0.60__seed7,0.36848332275334844,,14,per_run_oof
mistral_7b_instruct_v0p3__math_test_00266_dbf10789__temp1.00__seed7,0.1425568570956582,,14,per_run_oof
mistral_7b_instruct_v0p3__math_test_00267_a33fc5f4__temp0.10__seed7,0.24099808550635318,,14,per_run_oof
mistral_7b_instruct_v0p3__math_test_00267_a33fc5f4__temp0.60__seed7,0.31241351257646593,,14,per_run_oof
mistral_7b_instruct_v0p3__math_test_00267_a33fc5f4__temp1.00__seed7,0.30638082841880304,,14,per_run_oof
mistral_7b_instruct_v0p3__math_test_00268_64a42184__temp0.10__seed7,0.20105177199570856,,14,per_run_oof
mistral_7b_instruct_v0p3__math_test_00268_64a42184__temp0.60__seed7,0.05966190342705567,,14,per_run_oof
mistral_7b_instruct_v0p3__math_test_00268_64a42184__temp1.00__seed7,0.09446464531059197,,14,per_run_oof
mistral_7b_instruct_v0p3__math_test_00269_3a892d62__temp0.10__seed7,0.3921689441927044,,14,per_run_oof
mistral_7b_instruct_v0p3__math_test_00269_3a892d62__temp0.60__seed7,0.4182082344658337,,14,per_run_oof
mistral_7b_instruct_v0p3__math_test_00269_3a892d62__temp1.00__seed7,0.2274611320611668,,14,per_run_oof
mistral_7b_instruct_v0p3__math_test_00270_d6fa4f7c__temp0.10__seed7,0.13942094779601144,,14,per_run_oof
mistral_7b_instruct_v0p3__math_test_00270_d6fa4f7c__temp0.60__seed7,0.21938153570031793,,14,per_run_oof
mistral_7b_instruct_v0p3__math_test_00270_d6fa4f7c__temp1.00__seed7,0.07649090950105643,,14,per_run_oof
mistral_7b_instruct_v0p3__math_test_00271_0cd3b758__temp0.10__seed7,0.16505129236927094,,14,per_run_oof
mistral_7b_instruct_v0p3__math_test_00271_0cd3b758__temp0.60__seed7,0.17331674114926246,,14,per_run_oof
mistral_7b_instruct_v0p3__math_test_00271_0cd3b758__temp1.00__seed7,0.12259341108184588,,14,per_run_oof
mistral_7b_instruct_v0p3__math_test_00272_84359c4d__temp0.10__seed7,0.39937348259562244,,14,per_run_oof
mistral_7b_instruct_v0p3__math_test_00272_84359c4d__temp0.60__seed7,0.3646803956678432,,14,per_run_oof
mistral_7b_instruct_v0p3__math_test_00272_84359c4d__temp1.00__seed7,0.3195501863782791,0.31111111111111117,14,per_run_oof
mistral_7b_instruct_v0p3__math_test_00273_a9e9a1de__temp0.10__seed7,0.2242019777706223,1.0,14,per_run_oof
mistral_7b_instruct_v0p3__math_test_00273_a9e9a1de__temp0.60__seed7,0.14261447089860124,1.0,14,per_run_oof
mistral_7b_instruct_v0p3__math_test_00273_a9e9a1de__temp1.00__seed7,0.3163259093486057,0.6923076923076923,14,per_run_oof
mistral_7b_instruct_v0p3__math_test_00274_75abc690__temp0.10__seed7,0.2576058204202626,,14,per_run_oof
mistral_7b_instruct_v0p3__math_test_00274_75abc690__temp0.60__seed7,0.41209572473674994,,14,per_run_oof
mistral_7b_instruct_v0p3__math_test_00274_75abc690__temp1.00__seed7,0.34485914502931836,,14,per_run_oof
mistral_7b_instruct_v0p3__math_test_00275_4384cd3d__temp0.10__seed7,0.2413147835570094,,14,per_run_oof
mistral_7b_instruct_v0p3__math_test_00275_4384cd3d__temp0.60__seed7,0.033305896219406626,,14,per_run_oof
mistral_7b_instruct_v0p3__math_test_00275_4384cd3d__temp1.00__seed7,0.16427755005721015,,14,per_run_oof
mistral_7b_instruct_v0p3__math_test_00276_845d624e__temp0.10__seed7,0.20105463805200477,,14,per_run_oof
mistral_7b_instruct_v0p3__math_test_00276_845d624e__temp0.60__seed7,0.33598831194696405,,14,per_run_oof
mistral_7b_instruct_v0p3__math_test_00276_845d624e__temp1.00__seed7,0.03901728404062467,,14,per_run_oof
mistral_7b_instruct_v0p3__math_test_00277_c86dc9b8__temp0.10__seed7,0.2448348075292919,,14,per_run_oof
mistral_7b_instruct_v0p3__math_test_00277_c86dc9b8__temp0.60__seed7,0.3320612284676277,,14,per_run_oof
mistral_7b_instruct_v0p3__math_test_00277_c86dc9b8__temp1.00__seed7,0.3588314192256501,,14,per_run_oof
mistral_7b_instruct_v0p3__math_test_00278_f57d1ab7__temp0.10__seed7,0.2974954243293322,,14,per_run_oof
mistral_7b_instruct_v0p3__math_test_00278_f57d1ab7__temp0.60__seed7,0.30867129294146567,,14,per_run_oof
mistral_7b_instruct_v0p3__math_test_00278_f57d1ab7__temp1.00__seed7,0.23428817215761047,,14,per_run_oof
mistral_7b_instruct_v0p3__math_test_00279_c9a3fe90__temp0.10__seed7,0.24771250016068858,,14,per_run_oof
mistral_7b_instruct_v0p3__math_test_00279_c9a3fe90__temp0.60__seed7,0.16442044502423117,,14,per_run_oof
mistral_7b_instruct_v0p3__math_test_00279_c9a3fe90__temp1.00__seed7,0.26448113865181394,,14,per_run_oof
mistral_7b_instruct_v0p3__math_test_00280_fa6589e1__temp0.10__seed7,0.21350651614388022,,14,per_run_oof
mistral_7b_instruct_v0p3__math_test_00280_fa6589e1__temp0.60__seed7,0.36169256716300857,,14,per_run_oof
mistral_7b_instruct_v0p3__math_test_00280_fa6589e1__temp1.00__seed7,0.30613896692161324,,14,per_run_oof
mistral_7b_instruct_v0p3__math_test_00281_c1845e7d__temp0.10__seed7,0.04332694504812155,,14,per_run_oof
mistral_7b_instruct_v0p3__math_test_00281_c1845e7d__temp0.60__seed7,0.21282258671470286,,14,per_run_oof
mistral_7b_instruct_v0p3__math_test_00281_c1845e7d__temp1.00__seed7,0.19514999416287473,0.6000000000000001,14,per_run_oof
mistral_7b_instruct_v0p3__math_test_00282_92f3a353__temp0.10__seed7,0.25288060537764484,0.6923076923076923,14,per_run_oof
mistral_7b_instruct_v0p3__math_test_00282_92f3a353__temp0.60__seed7,0.1994430738701237,,14,per_run_oof
mistral_7b_instruct_v0p3__math_test_00282_92f3a353__temp1.00__seed7,0.22167282866369561,,14,per_run_oof
mistral_7b_instruct_v0p3__math_test_00283_7135627a__temp0.10__seed7,0.4016100220396182,,14,per_run_oof
mistral_7b_instruct_v0p3__math_test_00283_7135627a__temp0.60__seed7,0.4499940768215057,,14,per_run_oof
mistral_7b_instruct_v0p3__math_test_00283_7135627a__temp1.00__seed7,0.4856246665321997,,14,per_run_oof
mistral_7b_instruct_v0p3__math_test_00284_d7b7add8__temp0.10__seed7,0.13130265576785424,,14,per_run_oof
mistral_7b_instruct_v0p3__math_test_00284_d7b7add8__temp0.60__seed7,0.08311991891458705,,14,per_run_oof
mistral_7b_instruct_v0p3__math_test_00284_d7b7add8__temp1.00__seed7,0.1626121827139234,,14,per_run_oof
mistral_7b_instruct_v0p3__math_test_00285_2a685be2__temp0.10__seed7,0.3709272084501824,,14,per_run_oof
mistral_7b_instruct_v0p3__math_test_00285_2a685be2__temp0.60__seed7,0.39231988669030643,,14,per_run_oof
mistral_7b_instruct_v0p3__math_test_00285_2a685be2__temp1.00__seed7,0.10588432912491762,,14,per_run_oof
mistral_7b_instruct_v0p3__math_test_00286_2378497f__temp0.10__seed7,0.17960484096973706,,14,per_run_oof
mistral_7b_instruct_v0p3__math_test_00286_2378497f__temp0.60__seed7,0.37343433760966965,,14,per_run_oof
mistral_7b_instruct_v0p3__math_test_00286_2378497f__temp1.00__seed7,0.21371431551590617,,14,per_run_oof
mistral_7b_instruct_v0p3__math_test_00287_ab35a62d__temp0.10__seed7,0.06607898642315392,,14,per_run_oof
mistral_7b_instruct_v0p3__math_test_00287_ab35a62d__temp0.60__seed7,0.25338999891078634,,14,per_run_oof
mistral_7b_instruct_v0p3__math_test_00287_ab35a62d__temp1.00__seed7,0.15989641275069214,,14,per_run_oof
mistral_7b_instruct_v0p3__math_test_00288_99b25b6b__temp0.10__seed7,0.3262237961876626,,14,per_run_oof
mistral_7b_instruct_v0p3__math_test_00288_99b25b6b__temp0.60__seed7,0.16672056831299997,,14,per_run_oof
mistral_7b_instruct_v0p3__math_test_00288_99b25b6b__temp1.00__seed7,0.26873474587728113,,14,per_run_oof
mistral_7b_instruct_v0p3__math_test_00289_65b47d19__temp0.10__seed7,0.14091345928075708,,14,per_run_oof
mistral_7b_instruct_v0p3__math_test_00289_65b47d19__temp0.60__seed7,0.036099532339091196,,14,per_run_oof
mistral_7b_instruct_v0p3__math_test_00289_65b47d19__temp1.00__seed7,0.04832229039480846,,14,per_run_oof
mistral_7b_instruct_v0p3__math_test_00290_1a809667__temp0.10__seed7,0.1585026943805549,,14,per_run_oof
mistral_7b_instruct_v0p3__math_test_00290_1a809667__temp0.60__seed7,0.27197960557032064,,14,per_run_oof
mistral_7b_instruct_v0p3__math_test_00290_1a809667__temp1.00__seed7,0.18158234134133874,,14,per_run_oof
mistral_7b_instruct_v0p3__math_test_00291_f0f80e1a__temp0.10__seed7,0.2622732652693653,,14,per_run_oof
mistral_7b_instruct_v0p3__math_test_00291_f0f80e1a__temp0.60__seed7,0.31904153761127524,,14,per_run_oof
mistral_7b_instruct_v0p3__math_test_00291_f0f80e1a__temp1.00__seed7,0.18632763987900008,,14,per_run_oof
mistral_7b_instruct_v0p3__math_test_00292_9f87e110__temp0.10__seed7,0.013528932025437578,,14,per_run_oof
mistral_7b_instruct_v0p3__math_test_00292_9f87e110__temp0.60__seed7,0.05443422060782831,,14,per_run_oof
mistral_7b_instruct_v0p3__math_test_00292_9f87e110__temp1.00__seed7,0.08990663719001941,,14,per_run_oof
mistral_7b_instruct_v0p3__math_test_00293_9a549464__temp0.10__seed7,0.35163183209454163,,14,per_run_oof
mistral_7b_instruct_v0p3__math_test_00293_9a549464__temp0.60__seed7,0.2751975800077327,,14,per_run_oof
mistral_7b_instruct_v0p3__math_test_00293_9a549464__temp1.00__seed7,0.23220583980922596,,14,per_run_oof
mistral_7b_instruct_v0p3__math_test_00294_bbfa98b4__temp0.10__seed7,0.2804204270862414,,14,per_run_oof
mistral_7b_instruct_v0p3__math_test_00294_bbfa98b4__temp0.60__seed7,0.2976895654382892,,14,per_run_oof
mistral_7b_instruct_v0p3__math_test_00294_bbfa98b4__temp1.00__seed7,0.19623394864962942,,14,per_run_oof
mistral_7b_instruct_v0p3__math_test_00295_5384a318__temp0.10__seed7,0.23187851317105096,,14,per_run_oof
mistral_7b_instruct_v0p3__math_test_00295_5384a318__temp0.60__seed7,0.2458880115131376,,14,per_run_oof
mistral_7b_instruct_v0p3__math_test_00295_5384a318__temp1.00__seed7,0.09051888163013144,,14,per_run_oof
mistral_7b_instruct_v0p3__math_test_00296_dd695c69__temp0.10__seed7,0.10748226119625821,,14,per_run_oof
mistral_7b_instruct_v0p3__math_test_00296_dd695c69__temp0.60__seed7,0.10458390411882587,,14,per_run_oof
mistral_7b_instruct_v0p3__math_test_00296_dd695c69__temp1.00__seed7,0.15685236215932366,,14,per_run_oof
mistral_7b_instruct_v0p3__math_test_00297_96f3b4cd__temp0.10__seed7,0.4038606170554661,,14,per_run_oof
mistral_7b_instruct_v0p3__math_test_00297_96f3b4cd__temp0.60__seed7,0.17662375070350517,,14,per_run_oof
mistral_7b_instruct_v0p3__math_test_00297_96f3b4cd__temp1.00__seed7,0.281901366580899,,14,per_run_oof
mistral_7b_instruct_v0p3__math_test_00298_cd93bf6b__temp0.10__seed7,0.28360266494300596,,14,per_run_oof
mistral_7b_instruct_v0p3__math_test_00298_cd93bf6b__temp0.60__seed7,0.1535886299465021,,14,per_run_oof
mistral_7b_instruct_v0p3__math_test_00298_cd93bf6b__temp1.00__seed7,0.3457055244973109,,14,per_run_oof
mistral_7b_instruct_v0p3__math_test_00299_9edbd238__temp0.10__seed7,0.17577013757158313,0.5,14,per_run_oof
mistral_7b_instruct_v0p3__math_test_00299_9edbd238__temp0.60__seed7,0.19277170593158235,,14,per_run_oof
mistral_7b_instruct_v0p3__math_test_00299_9edbd238__temp1.00__seed7,0.27903223002841715,,14,per_run_oof
mistral_7b_instruct_v0p3__math_test_00300_7b4fb29f__temp0.10__seed7,0.23957353439022855,,14,per_run_oof
mistral_7b_instruct_v0p3__math_test_00300_7b4fb29f__temp0.60__seed7,0.2277586232024331,,14,per_run_oof
mistral_7b_instruct_v0p3__math_test_00300_7b4fb29f__temp1.00__seed7,0.2738148331963927,,14,per_run_oof
mistral_7b_instruct_v0p3__math_test_00301_fe74163c__temp0.10__seed7,0.25162098065204713,,14,per_run_oof
mistral_7b_instruct_v0p3__math_test_00301_fe74163c__temp0.60__seed7,0.34243630001309505,,14,per_run_oof
mistral_7b_instruct_v0p3__math_test_00301_fe74163c__temp1.00__seed7,0.11005299534680356,,14,per_run_oof
mistral_7b_instruct_v0p3__math_test_00302_555caaf5__temp0.10__seed7,0.1677768441170572,,14,per_run_oof
mistral_7b_instruct_v0p3__math_test_00302_555caaf5__temp0.60__seed7,0.24009662191341,,14,per_run_oof
mistral_7b_instruct_v0p3__math_test_00302_555caaf5__temp1.00__seed7,0.17972671704639104,,14,per_run_oof
mistral_7b_instruct_v0p3__math_test_00303_0a6043f3__temp0.10__seed7,0.14136135086868307,,14,per_run_oof
mistral_7b_instruct_v0p3__math_test_00303_0a6043f3__temp0.60__seed7,0.1916703608565557,,14,per_run_oof
mistral_7b_instruct_v0p3__math_test_00303_0a6043f3__temp1.00__seed7,0.19372852491570708,,14,per_run_oof
mistral_7b_instruct_v0p3__math_test_00304_782cacd3__temp0.10__seed7,0.29259237165755564,,14,per_run_oof
mistral_7b_instruct_v0p3__math_test_00304_782cacd3__temp0.60__seed7,0.2739708079350474,,14,per_run_oof
mistral_7b_instruct_v0p3__math_test_00304_782cacd3__temp1.00__seed7,0.15143786097983256,,14,per_run_oof
mistral_7b_instruct_v0p3__math_test_00305_c8d180e8__temp0.10__seed7,0.10744528207768263,,14,per_run_oof
mistral_7b_instruct_v0p3__math_test_00305_c8d180e8__temp0.60__seed7,0.05070359409754556,,14,per_run_oof
mistral_7b_instruct_v0p3__math_test_00305_c8d180e8__temp1.00__seed7,0.03746846171786287,,14,per_run_oof
mistral_7b_instruct_v0p3__math_test_00306_15a3ec97__temp0.10__seed7,0.27820929444455844,,14,per_run_oof
mistral_7b_instruct_v0p3__math_test_00306_15a3ec97__temp0.60__seed7,0.13853058299975304,,14,per_run_oof
mistral_7b_instruct_v0p3__math_test_00306_15a3ec97__temp1.00__seed7,0.04044700377387128,,14,per_run_oof
mistral_7b_instruct_v0p3__math_test_00307_ac0e3789__temp0.10__seed7,0.2347866476215311,0.3076923076923077,14,per_run_oof
mistral_7b_instruct_v0p3__math_test_00307_ac0e3789__temp0.60__seed7,0.36794898189639824,,14,per_run_oof
mistral_7b_instruct_v0p3__math_test_00307_ac0e3789__temp1.00__seed7,0.15824629060959464,,14,per_run_oof
mistral_7b_instruct_v0p3__math_test_00308_35ec1d7b__temp0.10__seed7,0.08924130335611709,,14,per_run_oof
mistral_7b_instruct_v0p3__math_test_00308_35ec1d7b__temp0.60__seed7,0.17649875330180625,,14,per_run_oof
mistral_7b_instruct_v0p3__math_test_00308_35ec1d7b__temp1.00__seed7,0.13668935448017328,,14,per_run_oof
mistral_7b_instruct_v0p3__math_test_00309_7be0b9c6__temp0.10__seed7,0.04723047317639524,,14,per_run_oof
mistral_7b_instruct_v0p3__math_test_00309_7be0b9c6__temp0.60__seed7,0.17871150007979403,,14,per_run_oof
mistral_7b_instruct_v0p3__math_test_00309_7be0b9c6__temp1.00__seed7,0.19400661523395346,,14,per_run_oof
mistral_7b_instruct_v0p3__math_test_00310_2974ae8d__temp0.10__seed7,0.21428037797325225,0.45454545454545453,14,per_run_oof
mistral_7b_instruct_v0p3__math_test_00310_2974ae8d__temp0.60__seed7,0.35251956191189393,,14,per_run_oof
mistral_7b_instruct_v0p3__math_test_00310_2974ae8d__temp1.00__seed7,0.2942227254291262,,14,per_run_oof
mistral_7b_instruct_v0p3__math_test_00311_db5088ff__temp0.10__seed7,0.24494246159083602,,14,per_run_oof
mistral_7b_instruct_v0p3__math_test_00311_db5088ff__temp0.60__seed7,0.17125325117868823,,14,per_run_oof
mistral_7b_instruct_v0p3__math_test_00311_db5088ff__temp1.00__seed7,0.42227850888684826,,14,per_run_oof
mistral_7b_instruct_v0p3__math_test_00312_74f8cf90__temp0.10__seed7,0.49012666220222456,,14,per_run_oof
mistral_7b_instruct_v0p3__math_test_00312_74f8cf90__temp0.60__seed7,0.29786023783305093,,14,per_run_oof
mistral_7b_instruct_v0p3__math_test_00312_74f8cf90__temp1.00__seed7,0.15983816599331205,,14,per_run_oof
mistral_7b_instruct_v0p3__math_test_00313_eb9feec2__temp0.10__seed7,0.27170482549565156,,14,per_run_oof
mistral_7b_instruct_v0p3__math_test_00313_eb9feec2__temp0.60__seed7,0.2782881401424945,,14,per_run_oof
mistral_7b_instruct_v0p3__math_test_00313_eb9feec2__temp1.00__seed7,0.03877013892816865,,14,per_run_oof
mistral_7b_instruct_v0p3__math_test_00314_1f87cb3d__temp0.10__seed7,0.3390078713499823,,14,per_run_oof
mistral_7b_instruct_v0p3__math_test_00314_1f87cb3d__temp0.60__seed7,0.255036669507169,,14,per_run_oof
mistral_7b_instruct_v0p3__math_test_00314_1f87cb3d__temp1.00__seed7,0.3940127735449112,,14,per_run_oof
mistral_7b_instruct_v0p3__math_test_00315_df923cac__temp0.10__seed7,0.17032460044585543,,14,per_run_oof
mistral_7b_instruct_v0p3__math_test_00315_df923cac__temp0.60__seed7,0.46062510331826256,,14,per_run_oof
mistral_7b_instruct_v0p3__math_test_00315_df923cac__temp1.00__seed7,0.15936737652842678,0.375,14,per_run_oof
mistral_7b_instruct_v0p3__math_test_00316_d871c684__temp0.10__seed7,0.21071725187083915,,14,per_run_oof
mistral_7b_instruct_v0p3__math_test_00316_d871c684__temp0.60__seed7,0.1690649842535176,,14,per_run_oof
mistral_7b_instruct_v0p3__math_test_00316_d871c684__temp1.00__seed7,0.25088820267704676,,14,per_run_oof
mistral_7b_instruct_v0p3__math_test_00317_e0ee33c8__temp0.10__seed7,0.07174239477824908,,14,per_run_oof
mistral_7b_instruct_v0p3__math_test_00317_e0ee33c8__temp0.60__seed7,0.07533862483148311,,14,per_run_oof
mistral_7b_instruct_v0p3__math_test_00317_e0ee33c8__temp1.00__seed7,0.09084153130805116,,14,per_run_oof
mistral_7b_instruct_v0p3__math_test_00318_126e857a__temp0.10__seed7,0.37858339428541193,,14,per_run_oof
mistral_7b_instruct_v0p3__math_test_00318_126e857a__temp0.60__seed7,0.44413451913433877,,14,per_run_oof
mistral_7b_instruct_v0p3__math_test_00318_126e857a__temp1.00__seed7,0.3224056855287448,,14,per_run_oof
mistral_7b_instruct_v0p3__math_test_00319_dde9f260__temp0.10__seed7,0.35931643985981837,,14,per_run_oof
mistral_7b_instruct_v0p3__math_test_00319_dde9f260__temp0.60__seed7,0.36493095057906955,,14,per_run_oof
mistral_7b_instruct_v0p3__math_test_00319_dde9f260__temp1.00__seed7,0.16771275963956037,,14,per_run_oof
mistral_7b_instruct_v0p3__math_test_00320_e8f73851__temp0.10__seed7,0.27460367339925246,,14,per_run_oof
mistral_7b_instruct_v0p3__math_test_00320_e8f73851__temp0.60__seed7,0.32246363237698394,,14,per_run_oof
mistral_7b_instruct_v0p3__math_test_00320_e8f73851__temp1.00__seed7,0.20721491175471557,,14,per_run_oof
mistral_7b_instruct_v0p3__math_test_00321_bf799ecc__temp0.10__seed7,0.28936329757176404,,14,per_run_oof
mistral_7b_instruct_v0p3__math_test_00321_bf799ecc__temp0.60__seed7,0.28798428685037475,,14,per_run_oof
mistral_7b_instruct_v0p3__math_test_00321_bf799ecc__temp1.00__seed7,0.13637556974730197,0.7083333333333334,14,per_run_oof
mistral_7b_instruct_v0p3__math_test_00322_ee8eb9c1__temp0.10__seed7,0.36357323418468734,,14,per_run_oof
mistral_7b_instruct_v0p3__math_test_00322_ee8eb9c1__temp0.60__seed7,0.3902181715672034,,14,per_run_oof
mistral_7b_instruct_v0p3__math_test_00322_ee8eb9c1__temp1.00__seed7,0.3478914330511814,,14,per_run_oof
mistral_7b_instruct_v0p3__math_test_00323_372c2d59__temp0.10__seed7,0.10446192415478839,,14,per_run_oof
mistral_7b_instruct_v0p3__math_test_00323_372c2d59__temp0.60__seed7,0.14004436466801426,,14,per_run_oof
mistral_7b_instruct_v0p3__math_test_00323_372c2d59__temp1.00__seed7,0.2537899892974263,,14,per_run_oof
mistral_7b_instruct_v0p3__math_test_00324_5d4902ec__temp0.10__seed7,0.0490123476866101,,14,per_run_oof
mistral_7b_instruct_v0p3__math_test_00324_5d4902ec__temp0.60__seed7,0.23188876333714856,,14,per_run_oof
mistral_7b_instruct_v0p3__math_test_00324_5d4902ec__temp1.00__seed7,0.19758464779348722,,14,per_run_oof
mistral_7b_instruct_v0p3__math_test_00325_bf36a20b__temp0.10__seed7,0.23441333902430989,,14,per_run_oof
mistral_7b_instruct_v0p3__math_test_00325_bf36a20b__temp0.60__seed7,0.18872026214300489,,14,per_run_oof
mistral_7b_instruct_v0p3__math_test_00325_bf36a20b__temp1.00__seed7,0.28708147600698025,,14,per_run_oof
mistral_7b_instruct_v0p3__math_test_00326_2b3c488f__temp0.10__seed7,0.1841000761510465,,14,per_run_oof
mistral_7b_instruct_v0p3__math_test_00326_2b3c488f__temp0.60__seed7,0.1652532728262317,,14,per_run_oof
mistral_7b_instruct_v0p3__math_test_00326_2b3c488f__temp1.00__seed7,0.18873380748526575,,14,per_run_oof
mistral_7b_instruct_v0p3__math_test_00327_39c0048d__temp0.10__seed7,0.15857967762536074,,14,per_run_oof
mistral_7b_instruct_v0p3__math_test_00327_39c0048d__temp0.60__seed7,0.16861019857465515,,14,per_run_oof
mistral_7b_instruct_v0p3__math_test_00327_39c0048d__temp1.00__seed7,0.050313289085969715,,14,per_run_oof
mistral_7b_instruct_v0p3__math_test_00328_fd5fbe30__temp0.10__seed7,0.2325631213694908,,14,per_run_oof
mistral_7b_instruct_v0p3__math_test_00328_fd5fbe30__temp0.60__seed7,0.28456849183298444,,14,per_run_oof
mistral_7b_instruct_v0p3__math_test_00328_fd5fbe30__temp1.00__seed7,0.2931610958612585,,14,per_run_oof
mistral_7b_instruct_v0p3__math_test_00329_a0de4994__temp0.10__seed7,0.2524975901112406,0.25,14,per_run_oof
mistral_7b_instruct_v0p3__math_test_00329_a0de4994__temp0.60__seed7,0.31970515657900594,,14,per_run_oof
mistral_7b_instruct_v0p3__math_test_00329_a0de4994__temp1.00__seed7,0.4257178000873312,,14,per_run_oof
mistral_7b_instruct_v0p3__math_test_00330_45cea026__temp0.10__seed7,0.25082338585455877,,14,per_run_oof
mistral_7b_instruct_v0p3__math_test_00330_45cea026__temp0.60__seed7,0.10068853470717867,,14,per_run_oof
mistral_7b_instruct_v0p3__math_test_00330_45cea026__temp1.00__seed7,0.2854856257671997,,14,per_run_oof
mistral_7b_instruct_v0p3__math_test_00331_023902bd__temp0.10__seed7,0.3516375058706265,,14,per_run_oof
mistral_7b_instruct_v0p3__math_test_00331_023902bd__temp0.60__seed7,0.2544910629468907,,14,per_run_oof
mistral_7b_instruct_v0p3__math_test_00331_023902bd__temp1.00__seed7,0.23200490270346938,,14,per_run_oof
mistral_7b_instruct_v0p3__math_test_00332_5bacfa8c__temp0.10__seed7,0.1465176021090231,,14,per_run_oof
mistral_7b_instruct_v0p3__math_test_00332_5bacfa8c__temp0.60__seed7,0.17855418665290665,,14,per_run_oof
mistral_7b_instruct_v0p3__math_test_00332_5bacfa8c__temp1.00__seed7,0.22614115395463208,,14,per_run_oof
mistral_7b_instruct_v0p3__math_test_00333_a31e71a6__temp0.10__seed7,0.25906899727936145,,14,per_run_oof
mistral_7b_instruct_v0p3__math_test_00333_a31e71a6__temp0.60__seed7,0.10034341148783477,,14,per_run_oof
mistral_7b_instruct_v0p3__math_test_00333_a31e71a6__temp1.00__seed7,0.128147375099226,,14,per_run_oof
mistral_7b_instruct_v0p3__math_test_00334_18dac264__temp0.10__seed7,0.08789299722652975,,14,per_run_oof
mistral_7b_instruct_v0p3__math_test_00334_18dac264__temp0.60__seed7,0.025258146285955612,,14,per_run_oof
mistral_7b_instruct_v0p3__math_test_00334_18dac264__temp1.00__seed7,0.038983602620723985,,14,per_run_oof
mistral_7b_instruct_v0p3__math_test_00335_fde40de4__temp0.10__seed7,0.28485835744047155,,14,per_run_oof
mistral_7b_instruct_v0p3__math_test_00335_fde40de4__temp0.60__seed7,0.19382214666450684,,14,per_run_oof
mistral_7b_instruct_v0p3__math_test_00335_fde40de4__temp1.00__seed7,0.043795628186791995,,14,per_run_oof
mistral_7b_instruct_v0p3__math_test_00336_0b4ea1e7__temp0.10__seed7,0.37922914959006443,,14,per_run_oof
mistral_7b_instruct_v0p3__math_test_00336_0b4ea1e7__temp0.60__seed7,0.047986063176279396,,14,per_run_oof
mistral_7b_instruct_v0p3__math_test_00336_0b4ea1e7__temp1.00__seed7,0.06433241816531862,,14,per_run_oof
mistral_7b_instruct_v0p3__math_test_00337_d02b019a__temp0.10__seed7,0.1719657831347365,,14,per_run_oof
mistral_7b_instruct_v0p3__math_test_00337_d02b019a__temp0.60__seed7,0.1808926468601947,,14,per_run_oof
mistral_7b_instruct_v0p3__math_test_00337_d02b019a__temp1.00__seed7,0.24608277668838272,,14,per_run_oof
mistral_7b_instruct_v0p3__math_test_00338_6b6d2c6b__temp0.10__seed7,0.11944198028444834,0.9583333333333333,14,per_run_oof
mistral_7b_instruct_v0p3__math_test_00338_6b6d2c6b__temp0.60__seed7,0.140453486087633,,14,per_run_oof
mistral_7b_instruct_v0p3__math_test_00338_6b6d2c6b__temp1.00__seed7,0.09055769509941362,0.9230769230769231,14,per_run_oof
mistral_7b_instruct_v0p3__math_test_00339_5722cb6d__temp0.10__seed7,0.03059147821429727,,14,per_run_oof
mistral_7b_instruct_v0p3__math_test_00339_5722cb6d__temp0.60__seed7,0.04715092114291836,,14,per_run_oof
mistral_7b_instruct_v0p3__math_test_00339_5722cb6d__temp1.00__seed7,0.06807381631526131,,14,per_run_oof
mistral_7b_instruct_v0p3__math_test_00340_c7e6fae6__temp0.10__seed7,0.0898446916740226,,14,per_run_oof
mistral_7b_instruct_v0p3__math_test_00340_c7e6fae6__temp0.60__seed7,0.2589359137470865,,14,per_run_oof
mistral_7b_instruct_v0p3__math_test_00340_c7e6fae6__temp1.00__seed7,0.21230137926452633,,14,per_run_oof
mistral_7b_instruct_v0p3__math_test_00341_0734d253__temp0.10__seed7,0.31604276736162257,,14,per_run_oof
mistral_7b_instruct_v0p3__math_test_00341_0734d253__temp0.60__seed7,0.33363847886959974,,14,per_run_oof
mistral_7b_instruct_v0p3__math_test_00341_0734d253__temp1.00__seed7,0.3547351656552486,,14,per_run_oof
mistral_7b_instruct_v0p3__math_test_00342_1bb3298f__temp0.10__seed7,0.21921273619547738,1.0,14,per_run_oof
mistral_7b_instruct_v0p3__math_test_00342_1bb3298f__temp0.60__seed7,0.24256302495160223,,14,per_run_oof
mistral_7b_instruct_v0p3__math_test_00342_1bb3298f__temp1.00__seed7,0.23052168710222398,,14,per_run_oof
mistral_7b_instruct_v0p3__math_test_00343_e54f9ee1__temp0.10__seed7,0.3089227401485897,,14,per_run_oof
mistral_7b_instruct_v0p3__math_test_00343_e54f9ee1__temp0.60__seed7,0.13161232425136937,,14,per_run_oof
mistral_7b_instruct_v0p3__math_test_00343_e54f9ee1__temp1.00__seed7,0.22917959818370454,,14,per_run_oof
mistral_7b_instruct_v0p3__math_test_00344_64925ab7__temp0.10__seed7,0.2096802785443457,,14,per_run_oof
mistral_7b_instruct_v0p3__math_test_00344_64925ab7__temp0.60__seed7,0.3046261817716186,,14,per_run_oof
mistral_7b_instruct_v0p3__math_test_00344_64925ab7__temp1.00__seed7,0.1381419950993338,,14,per_run_oof
mistral_7b_instruct_v0p3__math_test_00345_6af61995__temp0.10__seed7,0.24563590687239903,,14,per_run_oof
mistral_7b_instruct_v0p3__math_test_00345_6af61995__temp0.60__seed7,0.13456804452949875,,14,per_run_oof
mistral_7b_instruct_v0p3__math_test_00345_6af61995__temp1.00__seed7,0.19307072576058454,,14,per_run_oof
mistral_7b_instruct_v0p3__math_test_00346_baa6122d__temp0.10__seed7,0.5142442640750265,,14,per_run_oof
mistral_7b_instruct_v0p3__math_test_00346_baa6122d__temp0.60__seed7,0.34560394433369657,,14,per_run_oof
mistral_7b_instruct_v0p3__math_test_00346_baa6122d__temp1.00__seed7,0.3079140578164804,,14,per_run_oof
mistral_7b_instruct_v0p3__math_test_00347_a2f7bec0__temp0.10__seed7,0.08837378477404785,,14,per_run_oof
mistral_7b_instruct_v0p3__math_test_00347_a2f7bec0__temp0.60__seed7,0.06798310953037626,,14,per_run_oof
mistral_7b_instruct_v0p3__math_test_00347_a2f7bec0__temp1.00__seed7,0.1288460158942614,,14,per_run_oof
mistral_7b_instruct_v0p3__math_test_00348_86ddc3d0__temp0.10__seed7,0.15994245691672154,,14,per_run_oof
mistral_7b_instruct_v0p3__math_test_00348_86ddc3d0__temp0.60__seed7,0.1333466961494817,,14,per_run_oof
mistral_7b_instruct_v0p3__math_test_00348_86ddc3d0__temp1.00__seed7,0.3274605936598654,,14,per_run_oof
mistral_7b_instruct_v0p3__math_test_00349_b9d9a1ba__temp0.10__seed7,0.13777994067878982,,14,per_run_oof
mistral_7b_instruct_v0p3__math_test_00349_b9d9a1ba__temp0.60__seed7,0.35433617707397597,,14,per_run_oof
mistral_7b_instruct_v0p3__math_test_00349_b9d9a1ba__temp1.00__seed7,0.37602394029659764,,14,per_run_oof
mistral_7b_instruct_v0p3__math_test_00350_02aacf73__temp0.10__seed7,0.1703141173576622,,14,per_run_oof
mistral_7b_instruct_v0p3__math_test_00350_02aacf73__temp0.60__seed7,0.2346427037449995,0.725,14,per_run_oof
mistral_7b_instruct_v0p3__math_test_00350_02aacf73__temp1.00__seed7,0.28180137961407026,,14,per_run_oof
mistral_7b_instruct_v0p3__math_test_00351_67aec9c5__temp0.10__seed7,0.261610544669134,0.2424242424242424,14,per_run_oof
mistral_7b_instruct_v0p3__math_test_00351_67aec9c5__temp0.60__seed7,0.40631329569638475,,14,per_run_oof
mistral_7b_instruct_v0p3__math_test_00351_67aec9c5__temp1.00__seed7,0.1434146746821692,,14,per_run_oof
mistral_7b_instruct_v0p3__math_test_00352_e74ba0fa__temp0.10__seed7,0.14789456844325918,,14,per_run_oof
mistral_7b_instruct_v0p3__math_test_00352_e74ba0fa__temp0.60__seed7,0.07370432507414579,,14,per_run_oof
mistral_7b_instruct_v0p3__math_test_00352_e74ba0fa__temp1.00__seed7,0.16887951964177855,,14,per_run_oof
mistral_7b_instruct_v0p3__math_test_00353_8c1deb6e__temp0.10__seed7,0.2230691991971312,,14,per_run_oof
mistral_7b_instruct_v0p3__math_test_00353_8c1deb6e__temp0.60__seed7,0.1228492739391959,,14,per_run_oof
mistral_7b_instruct_v0p3__math_test_00353_8c1deb6e__temp1.00__seed7,0.17866490205809124,,14,per_run_oof
mistral_7b_instruct_v0p3__math_test_00354_47b050a9__temp0.10__seed7,0.2769575408521811,,14,per_run_oof
mistral_7b_instruct_v0p3__math_test_00354_47b050a9__temp0.60__seed7,0.04503778816889833,,14,per_run_oof
mistral_7b_instruct_v0p3__math_test_00354_47b050a9__temp1.00__seed7,0.0507445709391241,,14,per_run_oof
mistral_7b_instruct_v0p3__math_test_00355_ec1c2c36__temp0.10__seed7,0.11768377657274916,,14,per_run_oof
mistral_7b_instruct_v0p3__math_test_00355_ec1c2c36__temp0.60__seed7,0.1945735472749739,0.9583333333333333,14,per_run_oof
mistral_7b_instruct_v0p3__math_test_00355_ec1c2c36__temp1.00__seed7,0.06322966173093464,1.0,14,per_run_oof
mistral_7b_instruct_v0p3__math_test_00356_f8a2ffc1__temp0.10__seed7,0.032810236323309115,,14,per_run_oof
mistral_7b_instruct_v0p3__math_test_00356_f8a2ffc1__temp0.60__seed7,0.20256440485664234,,14,per_run_oof
mistral_7b_instruct_v0p3__math_test_00356_f8a2ffc1__temp1.00__seed7,0.09333189724180306,,14,per_run_oof
mistral_7b_instruct_v0p3__math_test_00357_8a63afe5__temp0.10__seed7,0.12474313038905906,,14,per_run_oof
mistral_7b_instruct_v0p3__math_test_00357_8a63afe5__temp0.60__seed7,0.15398497728272903,,14,per_run_oof
mistral_7b_instruct_v0p3__math_test_00357_8a63afe5__temp1.00__seed7,0.31825348122664876,,14,per_run_oof
mistral_7b_instruct_v0p3__math_test_00358_76dfcccb__temp0.10__seed7,0.12888175719552683,,14,per_run_oof
mistral_7b_instruct_v0p3__math_test_00358_76dfcccb__temp0.60__seed7,0.18647749854647294,0.2916666666666667,14,per_run_oof
mistral_7b_instruct_v0p3__math_test_00358_76dfcccb__temp1.00__seed7,0.22209632048303973,,14,per_run_oof
mistral_7b_instruct_v0p3__math_test_00359_f093fce4__temp0.10__seed7,0.2673575108019618,0.4583333333333333,14,per_run_oof
mistral_7b_instruct_v0p3__math_test_00359_f093fce4__temp0.60__seed7,0.2178772365279992,,14,per_run_oof
mistral_7b_instruct_v0p3__math_test_00359_f093fce4__temp1.00__seed7,0.18198320436503704,,14,per_run_oof
mistral_7b_instruct_v0p3__math_test_00360_e7cc4a6f__temp0.10__seed7,0.337569057684766,0.2916666666666667,14,per_run_oof
mistral_7b_instruct_v0p3__math_test_00360_e7cc4a6f__temp0.60__seed7,0.21227721090130883,,14,per_run_oof
mistral_7b_instruct_v0p3__math_test_00360_e7cc4a6f__temp1.00__seed7,0.42730440146205817,,14,per_run_oof
mistral_7b_instruct_v0p3__math_test_00361_e7fdc3ec__temp0.10__seed7,0.45098337512619696,,14,per_run_oof
mistral_7b_instruct_v0p3__math_test_00361_e7fdc3ec__temp0.60__seed7,0.31210948009575495,,14,per_run_oof
mistral_7b_instruct_v0p3__math_test_00361_e7fdc3ec__temp1.00__seed7,0.12011312769592643,1.0,14,per_run_oof
mistral_7b_instruct_v0p3__math_test_00362_a3ec21a8__temp0.10__seed7,0.20210726603057935,,14,per_run_oof
mistral_7b_instruct_v0p3__math_test_00362_a3ec21a8__temp0.60__seed7,0.022853130550669367,,14,per_run_oof
mistral_7b_instruct_v0p3__math_test_00362_a3ec21a8__temp1.00__seed7,0.060877880913600316,,14,per_run_oof
mistral_7b_instruct_v0p3__math_test_00363_76d22eff__temp0.10__seed7,0.11042470210392952,,14,per_run_oof
mistral_7b_instruct_v0p3__math_test_00363_76d22eff__temp0.60__seed7,0.17323292958891834,,14,per_run_oof
mistral_7b_instruct_v0p3__math_test_00363_76d22eff__temp1.00__seed7,0.17546197423410947,,14,per_run_oof
mistral_7b_instruct_v0p3__math_test_00364_48ea1907__temp0.10__seed7,0.31142580554094224,,14,per_run_oof
mistral_7b_instruct_v0p3__math_test_00364_48ea1907__temp0.60__seed7,0.3151653986432959,,14,per_run_oof
mistral_7b_instruct_v0p3__math_test_00364_48ea1907__temp1.00__seed7,0.19505096567844743,,14,per_run_oof
mistral_7b_instruct_v0p3__math_test_00365_ee443bc9__temp0.10__seed7,0.09028524888633452,,14,per_run_oof
mistral_7b_instruct_v0p3__math_test_00365_ee443bc9__temp0.60__seed7,0.09786592124971276,,14,per_run_oof
mistral_7b_instruct_v0p3__math_test_00365_ee443bc9__temp1.00__seed7,0.15850640657673715,,14,per_run_oof
mistral_7b_instruct_v0p3__math_test_00366_e4373bdd__temp0.10__seed7,0.31489103087438985,,14,per_run_oof
mistral_7b_instruct_v0p3__math_test_00366_e4373bdd__temp0.60__seed7,0.19301821078245035,,14,per_run_oof
mistral_7b_instruct_v0p3__math_test_00366_e4373bdd__temp1.00__seed7,0.15741595489320837,,14,per_run_oof
mistral_7b_instruct_v0p3__math_test_00367_f645536a__temp0.10__seed7,0.3720150865236869,,14,per_run_oof
mistral_7b_instruct_v0p3__math_test_00367_f645536a__temp0.60__seed7,0.2548314784594616,,14,per_run_oof
mistral_7b_instruct_v0p3__math_test_00367_f645536a__temp1.00__seed7,0.259516168609395,,14,per_run_oof
mistral_7b_instruct_v0p3__math_test_00368_3ac511d2__temp0.10__seed7,0.09256914917568025,,14,per_run_oof
mistral_7b_instruct_v0p3__math_test_00368_3ac511d2__temp0.60__seed7,0.430669028071002,,14,per_run_oof
mistral_7b_instruct_v0p3__math_test_00368_3ac511d2__temp1.00__seed7,0.13134792534476217,,14,per_run_oof
mistral_7b_instruct_v0p3__math_test_00369_598cca5b__temp0.10__seed7,0.06511808897178491,,14,per_run_oof
mistral_7b_instruct_v0p3__math_test_00369_598cca5b__temp0.60__seed7,0.13818857070558496,,14,per_run_oof
mistral_7b_instruct_v0p3__math_test_00369_598cca5b__temp1.00__seed7,0.011736675984740793,,14,per_run_oof
mistral_7b_instruct_v0p3__math_test_00370_ca991c57__temp0.10__seed7,0.2887640768613725,0.0,14,per_run_oof
mistral_7b_instruct_v0p3__math_test_00370_ca991c57__temp0.60__seed7,0.3635018127634276,0.07692307692307687,14,per_run_oof
mistral_7b_instruct_v0p3__math_test_00370_ca991c57__temp1.00__seed7,0.27195727920431506,,14,per_run_oof
mistral_7b_instruct_v0p3__math_test_00371_2bd6f928__temp0.10__seed7,0.3799358780315519,,14,per_run_oof
mistral_7b_instruct_v0p3__math_test_00371_2bd6f928__temp0.60__seed7,0.18789844264136124,,14,per_run_oof
mistral_7b_instruct_v0p3__math_test_00371_2bd6f928__temp1.00__seed7,0.12210447463727482,,14,per_run_oof
mistral_7b_instruct_v0p3__math_test_00372_b7f23143__temp0.10__seed7,0.3891037479240116,,14,per_run_oof
mistral_7b_instruct_v0p3__math_test_00372_b7f23143__temp0.60__seed7,0.3565016481404713,,14,per_run_oof
mistral_7b_instruct_v0p3__math_test_00372_b7f23143__temp1.00__seed7,0.2867439834511921,,14,per_run_oof
mistral_7b_instruct_v0p3__math_test_00373_00badbcf__temp0.10__seed7,0.3245983856146175,,14,per_run_oof
mistral_7b_instruct_v0p3__math_test_00373_00badbcf__temp0.60__seed7,0.11705891416638739,,14,per_run_oof
mistral_7b_instruct_v0p3__math_test_00373_00badbcf__temp1.00__seed7,0.31747130404914065,,14,per_run_oof
mistral_7b_instruct_v0p3__math_test_00374_6b1b63ff__temp0.10__seed7,0.2357361272563298,,14,per_run_oof
mistral_7b_instruct_v0p3__math_test_00374_6b1b63ff__temp0.60__seed7,0.3987173096168166,,14,per_run_oof
mistral_7b_instruct_v0p3__math_test_00374_6b1b63ff__temp1.00__seed7,0.37178903376382244,,14,per_run_oof
mistral_7b_instruct_v0p3__math_test_00375_150bb464__temp0.10__seed7,0.43550590047784443,,14,per_run_oof
mistral_7b_instruct_v0p3__math_test_00375_150bb464__temp0.60__seed7,0.200990067416855,,14,per_run_oof
mistral_7b_instruct_v0p3__math_test_00375_150bb464__temp1.00__seed7,0.2908062838770378,,14,per_run_oof
mistral_7b_instruct_v0p3__math_test_00376_61c1faed__temp0.10__seed7,0.4108530275751003,,14,per_run_oof
mistral_7b_instruct_v0p3__math_test_00376_61c1faed__temp0.60__seed7,0.2719626397840625,,14,per_run_oof
mistral_7b_instruct_v0p3__math_test_00376_61c1faed__temp1.00__seed7,0.2575666643177816,,14,per_run_oof
mistral_7b_instruct_v0p3__math_test_00377_5a155369__temp0.10__seed7,0.11648913969006809,,14,per_run_oof
mistral_7b_instruct_v0p3__math_test_00377_5a155369__temp0.60__seed7,0.0789614574636035,,14,per_run_oof
mistral_7b_instruct_v0p3__math_test_00377_5a155369__temp1.00__seed7,0.2211137819469356,,14,per_run_oof
mistral_7b_instruct_v0p3__math_test_00378_679ad820__temp0.10__seed7,0.0957815862631008,,14,per_run_oof
mistral_7b_instruct_v0p3__math_test_00378_679ad820__temp0.60__seed7,0.21421496045490124,,14,per_run_oof
mistral_7b_instruct_v0p3__math_test_00378_679ad820__temp1.00__seed7,0.22718941492652908,,14,per_run_oof
mistral_7b_instruct_v0p3__math_test_00379_47fb8717__temp0.10__seed7,0.14354878503698934,,14,per_run_oof
mistral_7b_instruct_v0p3__math_test_00379_47fb8717__temp0.60__seed7,0.1395240298447673,,14,per_run_oof
mistral_7b_instruct_v0p3__math_test_00379_47fb8717__temp1.00__seed7,0.22513880598572708,,14,per_run_oof
mistral_7b_instruct_v0p3__math_test_00380_5f1641b4__temp0.10__seed7,0.0012656992848094667,,14,per_run_oof
mistral_7b_instruct_v0p3__math_test_00380_5f1641b4__temp0.60__seed7,0.12081715024519009,,14,per_run_oof
mistral_7b_instruct_v0p3__math_test_00380_5f1641b4__temp1.00__seed7,0.06395626434994121,,14,per_run_oof
mistral_7b_instruct_v0p3__math_test_00381_8df788ff__temp0.10__seed7,0.015437507945663856,,14,per_run_oof
mistral_7b_instruct_v0p3__math_test_00381_8df788ff__temp0.60__seed7,0.38077632828696134,,14,per_run_oof
mistral_7b_instruct_v0p3__math_test_00381_8df788ff__temp1.00__seed7,0.01966410315228512,,14,per_run_oof
mistral_7b_instruct_v0p3__math_test_00382_38d763f6__temp0.10__seed7,0.3480125057827375,,14,per_run_oof
mistral_7b_instruct_v0p3__math_test_00382_38d763f6__temp0.60__seed7,0.3275905276972889,,14,per_run_oof
mistral_7b_instruct_v0p3__math_test_00382_38d763f6__temp1.00__seed7,0.3826718160311287,,14,per_run_oof
mistral_7b_instruct_v0p3__math_test_00383_08527b10__temp0.10__seed7,0.28665668076379547,,14,per_run_oof
mistral_7b_instruct_v0p3__math_test_00383_08527b10__temp0.60__seed7,0.4460372224053547,,14,per_run_oof
mistral_7b_instruct_v0p3__math_test_00383_08527b10__temp1.00__seed7,0.43794344447240335,,14,per_run_oof
mistral_7b_instruct_v0p3__math_test_00384_b0468733__temp0.10__seed7,0.07816996699491643,,14,per_run_oof
mistral_7b_instruct_v0p3__math_test_00384_b0468733__temp0.60__seed7,0.2615210527361451,,14,per_run_oof
mistral_7b_instruct_v0p3__math_test_00384_b0468733__temp1.00__seed7,0.22679285605013383,,14,per_run_oof
mistral_7b_instruct_v0p3__math_test_00385_30dafe73__temp0.10__seed7,0.34890520824964677,,14,per_run_oof
mistral_7b_instruct_v0p3__math_test_00385_30dafe73__temp0.60__seed7,0.11152382786773564,,14,per_run_oof
mistral_7b_instruct_v0p3__math_test_00385_30dafe73__temp1.00__seed7,0.4114198262133999,,14,per_run_oof
mistral_7b_instruct_v0p3__math_test_00386_07310b54__temp0.10__seed7,0.22066329674649826,,14,per_run_oof
mistral_7b_instruct_v0p3__math_test_00386_07310b54__temp0.60__seed7,0.1738996614780324,,14,per_run_oof
mistral_7b_instruct_v0p3__math_test_00386_07310b54__temp1.00__seed7,0.2837170225362557,,14,per_run_oof
mistral_7b_instruct_v0p3__math_test_00387_17210adf__temp0.10__seed7,0.24143424449765408,,14,per_run_oof
mistral_7b_instruct_v0p3__math_test_00387_17210adf__temp0.60__seed7,0.10225133305740187,,14,per_run_oof
mistral_7b_instruct_v0p3__math_test_00387_17210adf__temp1.00__seed7,0.1952727447234137,,14,per_run_oof
mistral_7b_instruct_v0p3__math_test_00388_11e6a957__temp0.10__seed7,0.3347738870374969,,14,per_run_oof
mistral_7b_instruct_v0p3__math_test_00388_11e6a957__temp0.60__seed7,0.22764946339900785,,14,per_run_oof
mistral_7b_instruct_v0p3__math_test_00388_11e6a957__temp1.00__seed7,0.2828473937363973,,14,per_run_oof
mistral_7b_instruct_v0p3__math_test_00389_a5faa9e5__temp0.10__seed7,0.2786634188576638,,14,per_run_oof
mistral_7b_instruct_v0p3__math_test_00389_a5faa9e5__temp0.60__seed7,0.13840261615331462,,14,per_run_oof
mistral_7b_instruct_v0p3__math_test_00389_a5faa9e5__temp1.00__seed7,0.3120118359868155,,14,per_run_oof
mistral_7b_instruct_v0p3__math_test_00390_ea31a6ca__temp0.10__seed7,0.04021271312262018,,14,per_run_oof
mistral_7b_instruct_v0p3__math_test_00390_ea31a6ca__temp0.60__seed7,0.12894813404904784,,14,per_run_oof
mistral_7b_instruct_v0p3__math_test_00390_ea31a6ca__temp1.00__seed7,0.15182905723645193,,14,per_run_oof
mistral_7b_instruct_v0p3__math_test_00391_da45406a__temp0.10__seed7,0.5437420229432606,,14,per_run_oof
mistral_7b_instruct_v0p3__math_test_00391_da45406a__temp0.60__seed7,0.21476428380521165,,14,per_run_oof
mistral_7b_instruct_v0p3__math_test_00391_da45406a__temp1.00__seed7,0.4571754204326419,,14,per_run_oof
mistral_7b_instruct_v0p3__math_test_00392_5ec89a77__temp0.10__seed7,0.07353896889300492,1.0,14,per_run_oof
mistral_7b_instruct_v0p3__math_test_00392_5ec89a77__temp0.60__seed7,0.20639813180317934,,14,per_run_oof
mistral_7b_instruct_v0p3__math_test_00392_5ec89a77__temp1.00__seed7,0.17235257381949132,,14,per_run_oof
mistral_7b_instruct_v0p3__math_test_00393_b3a1a15f__temp0.10__seed7,0.14831213288972767,,14,per_run_oof
mistral_7b_instruct_v0p3__math_test_00393_b3a1a15f__temp0.60__seed7,0.3661411143979222,,14,per_run_oof
mistral_7b_instruct_v0p3__math_test_00393_b3a1a15f__temp1.00__seed7,0.05060236337139729,,14,per_run_oof
mistral_7b_instruct_v0p3__math_test_00394_372e8efa__temp0.10__seed7,0.39825674584820553,,14,per_run_oof
mistral_7b_instruct_v0p3__math_test_00394_372e8efa__temp0.60__seed7,0.355298714197906,,14,per_run_oof
mistral_7b_instruct_v0p3__math_test_00394_372e8efa__temp1.00__seed7,0.24453540940644758,,14,per_run_oof
mistral_7b_instruct_v0p3__math_test_00395_71129ef0__temp0.10__seed7,0.2943111232265631,,14,per_run_oof
mistral_7b_instruct_v0p3__math_test_00395_71129ef0__temp0.60__seed7,0.25843710215572563,,14,per_run_oof
mistral_7b_instruct_v0p3__math_test_00395_71129ef0__temp1.00__seed7,0.15519999502001416,,14,per_run_oof
mistral_7b_instruct_v0p3__math_test_00396_ba3bcd56__temp0.10__seed7,0.1390008985809396,1.0,14,per_run_oof
mistral_7b_instruct_v0p3__math_test_00396_ba3bcd56__temp0.60__seed7,0.08052722757861148,,14,per_run_oof
mistral_7b_instruct_v0p3__math_test_00396_ba3bcd56__temp1.00__seed7,0.2245640936614647,,14,per_run_oof
mistral_7b_instruct_v0p3__math_test_00397_92c7504a__temp0.10__seed7,0.14994093286295698,,14,per_run_oof
mistral_7b_instruct_v0p3__math_test_00397_92c7504a__temp0.60__seed7,0.34463205024048904,,14,per_run_oof
mistral_7b_instruct_v0p3__math_test_00397_92c7504a__temp1.00__seed7,0.1588369466737332,,14,per_run_oof
mistral_7b_instruct_v0p3__math_test_00398_23079a25__temp0.10__seed7,0.35232886043145484,,14,per_run_oof
mistral_7b_instruct_v0p3__math_test_00398_23079a25__temp0.60__seed7,0.147367953213463,,14,per_run_oof
mistral_7b_instruct_v0p3__math_test_00398_23079a25__temp1.00__seed7,0.11319768449517165,0.6923076923076923,14,per_run_oof
mistral_7b_instruct_v0p3__math_test_00399_efffa141__temp0.10__seed7,0.2399010150801228,,14,per_run_oof
mistral_7b_instruct_v0p3__math_test_00399_efffa141__temp0.60__seed7,0.31806703913780715,,14,per_run_oof
mistral_7b_instruct_v0p3__math_test_00399_efffa141__temp1.00__seed7,0.2729305064152291,,14,per_run_oof
mistral_7b_instruct_v0p3__math_test_00400_8f10146b__temp0.10__seed7,0.36292901343916534,,14,per_run_oof
mistral_7b_instruct_v0p3__math_test_00400_8f10146b__temp0.60__seed7,0.12105704032888542,,14,per_run_oof
mistral_7b_instruct_v0p3__math_test_00400_8f10146b__temp1.00__seed7,0.2091209612571904,,14,per_run_oof
mistral_7b_instruct_v0p3__math_test_00401_62859aeb__temp0.10__seed7,0.139573517377901,,14,per_run_oof
mistral_7b_instruct_v0p3__math_test_00401_62859aeb__temp0.60__seed7,0.08981999833891816,,14,per_run_oof
mistral_7b_instruct_v0p3__math_test_00401_62859aeb__temp1.00__seed7,0.07900291371885113,,14,per_run_oof
mistral_7b_instruct_v0p3__math_test_00402_d12fb851__temp0.10__seed7,0.219382024887648,,14,per_run_oof
mistral_7b_instruct_v0p3__math_test_00402_d12fb851__temp0.60__seed7,0.3726149540709706,,14,per_run_oof
mistral_7b_instruct_v0p3__math_test_00402_d12fb851__temp1.00__seed7,0.2821860118666158,,14,per_run_oof
mistral_7b_instruct_v0p3__math_test_00403_11b3b101__temp0.10__seed7,0.3709401904887296,,14,per_run_oof
mistral_7b_instruct_v0p3__math_test_00403_11b3b101__temp0.60__seed7,0.1309935395316035,,14,per_run_oof
mistral_7b_instruct_v0p3__math_test_00403_11b3b101__temp1.00__seed7,0.2244450266794094,,14,per_run_oof
mistral_7b_instruct_v0p3__math_test_00404_da55437b__temp0.10__seed7,0.3338312135781901,,14,per_run_oof
mistral_7b_instruct_v0p3__math_test_00404_da55437b__temp0.60__seed7,0.32562309574750004,1.0,14,per_run_oof
mistral_7b_instruct_v0p3__math_test_00404_da55437b__temp1.00__seed7,0.4348226422146921,,14,per_run_oof
mistral_7b_instruct_v0p3__math_test_00405_668162f1__temp0.10__seed7,0.19008551750787486,,14,per_run_oof
mistral_7b_instruct_v0p3__math_test_00405_668162f1__temp0.60__seed7,0.3101867166579308,,14,per_run_oof
mistral_7b_instruct_v0p3__math_test_00405_668162f1__temp1.00__seed7,0.1924353436911727,0.9230769230769231,14,per_run_oof
mistral_7b_instruct_v0p3__math_test_00406_895adc35__temp0.10__seed7,0.3170618234882413,,14,per_run_oof
mistral_7b_instruct_v0p3__math_test_00406_895adc35__temp0.60__seed7,0.22748791778356048,,14,per_run_oof
mistral_7b_instruct_v0p3__math_test_00406_895adc35__temp1.00__seed7,0.13659590894216073,,14,per_run_oof
mistral_7b_instruct_v0p3__math_test_00407_21645a77__temp0.10__seed7,0.140637870903991,0.8181818181818181,14,per_run_oof
mistral_7b_instruct_v0p3__math_test_00407_21645a77__temp0.60__seed7,0.08112298599310509,,14,per_run_oof
mistral_7b_instruct_v0p3__math_test_00407_21645a77__temp1.00__seed7,0.10445427432302787,0.8333333333333334,14,per_run_oof
mistral_7b_instruct_v0p3__math_test_00408_72a21fce__temp0.10__seed7,0.29844739052248265,,14,per_run_oof
mistral_7b_instruct_v0p3__math_test_00408_72a21fce__temp0.60__seed7,0.22650748735144738,0.9230769230769231,14,per_run_oof
mistral_7b_instruct_v0p3__math_test_00408_72a21fce__temp1.00__seed7,0.3810608031190676,,14,per_run_oof
mistral_7b_instruct_v0p3__math_test_00409_2cbb5151__temp0.10__seed7,0.17472054878975005,,14,per_run_oof
mistral_7b_instruct_v0p3__math_test_00409_2cbb5151__temp0.60__seed7,0.13587750867707027,,14,per_run_oof
mistral_7b_instruct_v0p3__math_test_00409_2cbb5151__temp1.00__seed7,0.2386305378590045,,14,per_run_oof
mistral_7b_instruct_v0p3__math_test_00410_6885282d__temp0.10__seed7,0.29555037783671173,,14,per_run_oof
mistral_7b_instruct_v0p3__math_test_00410_6885282d__temp0.60__seed7,0.0302638694850871,,14,per_run_oof
mistral_7b_instruct_v0p3__math_test_00410_6885282d__temp1.00__seed7,0.3295258601442726,,14,per_run_oof
mistral_7b_instruct_v0p3__math_test_00411_6f5d00d6__temp0.10__seed7,0.29579372028361905,,14,per_run_oof
mistral_7b_instruct_v0p3__math_test_00411_6f5d00d6__temp0.60__seed7,0.1411322724299684,,14,per_run_oof
mistral_7b_instruct_v0p3__math_test_00411_6f5d00d6__temp1.00__seed7,0.1803979213958933,,14,per_run_oof
mistral_7b_instruct_v0p3__math_test_00412_403b3454__temp0.10__seed7,0.1965901195973405,,14,per_run_oof
mistral_7b_instruct_v0p3__math_test_00412_403b3454__temp0.60__seed7,0.3588025019609791,,14,per_run_oof
mistral_7b_instruct_v0p3__math_test_00412_403b3454__temp1.00__seed7,0.12743252443073566,,14,per_run_oof
mistral_7b_instruct_v0p3__math_test_00413_a79cadf3__temp0.10__seed7,0.3192824589196776,,14,per_run_oof
mistral_7b_instruct_v0p3__math_test_00413_a79cadf3__temp0.60__seed7,0.14794739103985516,1.0,14,per_run_oof
mistral_7b_instruct_v0p3__math_test_00413_a79cadf3__temp1.00__seed7,0.26026545088478076,,14,per_run_oof
mistral_7b_instruct_v0p3__math_test_00414_f8b3d5f2__temp0.10__seed7,0.19637735497821304,,14,per_run_oof
mistral_7b_instruct_v0p3__math_test_00414_f8b3d5f2__temp0.60__seed7,0.17497822729921947,,14,per_run_oof
mistral_7b_instruct_v0p3__math_test_00414_f8b3d5f2__temp1.00__seed7,0.16211905736890125,,14,per_run_oof
mistral_7b_instruct_v0p3__math_test_00415_df5709ae__temp0.10__seed7,0.35782544386160897,,14,per_run_oof
mistral_7b_instruct_v0p3__math_test_00415_df5709ae__temp0.60__seed7,0.27283607270826604,,14,per_run_oof
mistral_7b_instruct_v0p3__math_test_00415_df5709ae__temp1.00__seed7,0.07592071239197472,,14,per_run_oof
mistral_7b_instruct_v0p3__math_test_00416_29223b4f__temp0.10__seed7,0.20097892141326373,,14,per_run_oof
mistral_7b_instruct_v0p3__math_test_00416_29223b4f__temp0.60__seed7,0.16431797392541722,,14,per_run_oof
mistral_7b_instruct_v0p3__math_test_00416_29223b4f__temp1.00__seed7,0.2393765215661756,,14,per_run_oof
mistral_7b_instruct_v0p3__math_test_00417_f378f07d__temp0.10__seed7,0.44025893791461856,,14,per_run_oof
mistral_7b_instruct_v0p3__math_test_00417_f378f07d__temp0.60__seed7,0.20806780774974712,0.5,14,per_run_oof
mistral_7b_instruct_v0p3__math_test_00417_f378f07d__temp1.00__seed7,0.28440729851741703,0.3076923076923077,14,per_run_oof
mistral_7b_instruct_v0p3__math_test_00418_452dc872__temp0.10__seed7,0.06379753697979496,,14,per_run_oof
mistral_7b_instruct_v0p3__math_test_00418_452dc872__temp0.60__seed7,0.2449111937319198,,14,per_run_oof
mistral_7b_instruct_v0p3__math_test_00418_452dc872__temp1.00__seed7,0.2576403986179997,0.5416666666666667,14,per_run_oof
mistral_7b_instruct_v0p3__math_test_00419_dadaee3f__temp0.10__seed7,0.2805619753380258,0.5384615384615384,14,per_run_oof
mistral_7b_instruct_v0p3__math_test_00419_dadaee3f__temp0.60__seed7,0.13185110060892863,0.46153846153846156,14,per_run_oof
mistral_7b_instruct_v0p3__math_test_00419_dadaee3f__temp1.00__seed7,0.20399874019342734,,14,per_run_oof
mistral_7b_instruct_v0p3__math_test_00420_ecd5f88d__temp0.10__seed7,0.28276030289493376,1.0,14,per_run_oof
mistral_7b_instruct_v0p3__math_test_00420_ecd5f88d__temp0.60__seed7,0.21141145375534562,0.7083333333333334,14,per_run_oof
mistral_7b_instruct_v0p3__math_test_00420_ecd5f88d__temp1.00__seed7,0.3573866303807062,,14,per_run_oof
mistral_7b_instruct_v0p3__math_test_00421_c2187615__temp0.10__seed7,0.21990883863644317,1.0,14,per_run_oof
mistral_7b_instruct_v0p3__math_test_00421_c2187615__temp0.60__seed7,0.22978466531737754,,14,per_run_oof
mistral_7b_instruct_v0p3__math_test_00421_c2187615__temp1.00__seed7,0.2705231277287063,0.07692307692307687,14,per_run_oof
mistral_7b_instruct_v0p3__math_test_00422_fec8190b__temp0.10__seed7,0.08280685636644947,,14,per_run_oof
mistral_7b_instruct_v0p3__math_test_00422_fec8190b__temp0.60__seed7,0.015178113761597962,,14,per_run_oof
mistral_7b_instruct_v0p3__math_test_00422_fec8190b__temp1.00__seed7,0.1157674200673974,,14,per_run_oof
mistral_7b_instruct_v0p3__math_test_00423_19a18675__temp0.10__seed7,0.2514963386069759,,14,per_run_oof
mistral_7b_instruct_v0p3__math_test_00423_19a18675__temp0.60__seed7,0.08470598654818765,,14,per_run_oof
mistral_7b_instruct_v0p3__math_test_00423_19a18675__temp1.00__seed7,0.14122099311763187,,14,per_run_oof
mistral_7b_instruct_v0p3__math_test_00424_4db9759a__temp0.10__seed7,0.04472016403373101,,14,per_run_oof
mistral_7b_instruct_v0p3__math_test_00424_4db9759a__temp0.60__seed7,0.12589032974283973,,14,per_run_oof
mistral_7b_instruct_v0p3__math_test_00424_4db9759a__temp1.00__seed7,0.13294509806102975,,14,per_run_oof
mistral_7b_instruct_v0p3__math_test_00425_88cd35aa__temp0.10__seed7,0.07036925799662237,,14,per_run_oof
mistral_7b_instruct_v0p3__math_test_00425_88cd35aa__temp0.60__seed7,0.1748938551648548,,14,per_run_oof
mistral_7b_instruct_v0p3__math_test_00425_88cd35aa__temp1.00__seed7,0.2574895286467139,,14,per_run_oof
mistral_7b_instruct_v0p3__math_test_00426_206b8557__temp0.10__seed7,0.30664825519426314,,14,per_run_oof
mistral_7b_instruct_v0p3__math_test_00426_206b8557__temp0.60__seed7,0.3293177165558796,,14,per_run_oof
mistral_7b_instruct_v0p3__math_test_00426_206b8557__temp1.00__seed7,0.3723684065800633,,14,per_run_oof
mistral_7b_instruct_v0p3__math_test_00427_f158b2bb__temp0.10__seed7,0.17548111490361576,,14,per_run_oof
mistral_7b_instruct_v0p3__math_test_00427_f158b2bb__temp0.60__seed7,0.255884412277256,,14,per_run_oof
mistral_7b_instruct_v0p3__math_test_00427_f158b2bb__temp1.00__seed7,0.06725462568234179,,14,per_run_oof
mistral_7b_instruct_v0p3__math_test_00428_ecc1932f__temp0.10__seed7,0.1785703425734438,,14,per_run_oof
mistral_7b_instruct_v0p3__math_test_00428_ecc1932f__temp0.60__seed7,0.18977406766793806,,14,per_run_oof
mistral_7b_instruct_v0p3__math_test_00428_ecc1932f__temp1.00__seed7,0.0473502213262751,,14,per_run_oof
mistral_7b_instruct_v0p3__math_test_00429_0ed0c936__temp0.10__seed7,0.10770387932252604,,14,per_run_oof
mistral_7b_instruct_v0p3__math_test_00429_0ed0c936__temp0.60__seed7,0.4369197007754067,,14,per_run_oof
mistral_7b_instruct_v0p3__math_test_00429_0ed0c936__temp1.00__seed7,0.3655913378392051,,14,per_run_oof
mistral_7b_instruct_v0p3__math_test_00430_28f71d47__temp0.10__seed7,0.2360330511285797,,14,per_run_oof
mistral_7b_instruct_v0p3__math_test_00430_28f71d47__temp0.60__seed7,0.17525483152278726,,14,per_run_oof
mistral_7b_instruct_v0p3__math_test_00430_28f71d47__temp1.00__seed7,0.23230882112765652,,14,per_run_oof
mistral_7b_instruct_v0p3__math_test_00431_a332c76b__temp0.10__seed7,0.10865099482484966,,14,per_run_oof
mistral_7b_instruct_v0p3__math_test_00431_a332c76b__temp0.60__seed7,0.15789849066801995,,14,per_run_oof
mistral_7b_instruct_v0p3__math_test_00431_a332c76b__temp1.00__seed7,0.021299833081125062,,14,per_run_oof
mistral_7b_instruct_v0p3__math_test_00432_f6edb398__temp0.10__seed7,0.3884916788873509,,14,per_run_oof
mistral_7b_instruct_v0p3__math_test_00432_f6edb398__temp0.60__seed7,0.3103298011409005,,14,per_run_oof
mistral_7b_instruct_v0p3__math_test_00432_f6edb398__temp1.00__seed7,0.13958614311709594,,14,per_run_oof
mistral_7b_instruct_v0p3__math_test_00433_25f606a1__temp0.10__seed7,0.31900385443013185,,14,per_run_oof
mistral_7b_instruct_v0p3__math_test_00433_25f606a1__temp0.60__seed7,0.241187322481818,,14,per_run_oof
mistral_7b_instruct_v0p3__math_test_00433_25f606a1__temp1.00__seed7,0.2485655769795992,,14,per_run_oof
mistral_7b_instruct_v0p3__math_test_00434_ad11ec3c__temp0.10__seed7,0.10696553102702529,,14,per_run_oof
mistral_7b_instruct_v0p3__math_test_00434_ad11ec3c__temp0.60__seed7,0.22828528955591645,,14,per_run_oof
mistral_7b_instruct_v0p3__math_test_00434_ad11ec3c__temp1.00__seed7,0.22945140176012585,,14,per_run_oof
mistral_7b_instruct_v0p3__math_test_00435_c222bfff__temp0.10__seed7,0.35074424492863365,1.0,14,per_run_oof
mistral_7b_instruct_v0p3__math_test_00435_c222bfff__temp0.60__seed7,0.2869606811601265,0.7692307692307693,14,per_run_oof
mistral_7b_instruct_v0p3__math_test_00435_c222bfff__temp1.00__seed7,0.16184219819029286,,14,per_run_oof
mistral_7b_instruct_v0p3__math_test_00436_c183974b__temp0.10__seed7,0.2199803133873133,,14,per_run_oof
mistral_7b_instruct_v0p3__math_test_00436_c183974b__temp0.60__seed7,0.028095027375965115,,14,per_run_oof
mistral_7b_instruct_v0p3__math_test_00436_c183974b__temp1.00__seed7,0.06812735741305508,,14,per_run_oof
mistral_7b_instruct_v0p3__math_test_00437_07c4cf7f__temp0.10__seed7,0.1835563965514724,0.9230769230769231,14,per_run_oof
mistral_7b_instruct_v0p3__math_test_00437_07c4cf7f__temp0.60__seed7,0.14635804715928039,1.0,14,per_run_oof
mistral_7b_instruct_v0p3__math_test_00437_07c4cf7f__temp1.00__seed7,0.17748636540188417,1.0,14,per_run_oof
mistral_7b_instruct_v0p3__math_test_00438_ea332f2c__temp0.10__seed7,0.20403016403329063,,14,per_run_oof
mistral_7b_instruct_v0p3__math_test_00438_ea332f2c__temp0.60__seed7,0.07550183308363492,,14,per_run_oof
mistral_7b_instruct_v0p3__math_test_00438_ea332f2c__temp1.00__seed7,0.21442704842149407,,14,per_run_oof
mistral_7b_instruct_v0p3__math_test_00439_fe7d8b6b__temp0.10__seed7,0.21828052596273467,0.5416666666666666,14,per_run_oof
mistral_7b_instruct_v0p3__math_test_00439_fe7d8b6b__temp0.60__seed7,0.241305289376591,0.6969696969696969,14,per_run_oof
mistral_7b_instruct_v0p3__math_test_00439_fe7d8b6b__temp1.00__seed7,0.4439395475471889,,14,per_run_oof
mistral_7b_instruct_v0p3__math_test_00440_941bd991__temp0.10__seed7,0.3224230370844746,,14,per_run_oof
mistral_7b_instruct_v0p3__math_test_00440_941bd991__temp0.60__seed7,0.1209832391293018,,14,per_run_oof
mistral_7b_instruct_v0p3__math_test_00440_941bd991__temp1.00__seed7,0.37453124518440406,,14,per_run_oof
mistral_7b_instruct_v0p3__math_test_00441_d2f5328b__temp0.10__seed7,0.33407630870613036,,14,per_run_oof
mistral_7b_instruct_v0p3__math_test_00441_d2f5328b__temp0.60__seed7,0.2034944366808547,,14,per_run_oof
mistral_7b_instruct_v0p3__math_test_00441_d2f5328b__temp1.00__seed7,0.05776194387573023,,14,per_run_oof
mistral_7b_instruct_v0p3__math_test_00442_2d9f4473__temp0.10__seed7,0.3112096675084982,,14,per_run_oof
mistral_7b_instruct_v0p3__math_test_00442_2d9f4473__temp0.60__seed7,0.2187462274674461,,14,per_run_oof
mistral_7b_instruct_v0p3__math_test_00442_2d9f4473__temp1.00__seed7,0.3161563133790485,,14,per_run_oof
mistral_7b_instruct_v0p3__math_test_00443_e86eb3e6__temp0.10__seed7,0.34207091895308256,,14,per_run_oof
mistral_7b_instruct_v0p3__math_test_00443_e86eb3e6__temp0.60__seed7,0.2419134157988048,,14,per_run_oof
mistral_7b_instruct_v0p3__math_test_00443_e86eb3e6__temp1.00__seed7,0.1964116408114169,,14,per_run_oof
mistral_7b_instruct_v0p3__math_test_00444_8230401f__temp0.10__seed7,0.2326383844469011,,14,per_run_oof
mistral_7b_instruct_v0p3__math_test_00444_8230401f__temp0.60__seed7,0.2684636733615762,,14,per_run_oof
mistral_7b_instruct_v0p3__math_test_00444_8230401f__temp1.00__seed7,0.21024239894306113,,14,per_run_oof
mistral_7b_instruct_v0p3__math_test_00445_295567c6__temp0.10__seed7,0.18464032483965137,,14,per_run_oof
mistral_7b_instruct_v0p3__math_test_00445_295567c6__temp0.60__seed7,0.20414346340648565,,14,per_run_oof
mistral_7b_instruct_v0p3__math_test_00445_295567c6__temp1.00__seed7,0.026676386191734087,,14,per_run_oof
mistral_7b_instruct_v0p3__math_test_00446_54f3a4b2__temp0.10__seed7,0.23308134845324055,,14,per_run_oof
mistral_7b_instruct_v0p3__math_test_00446_54f3a4b2__temp0.60__seed7,0.32309103440096193,,14,per_run_oof
mistral_7b_instruct_v0p3__math_test_00446_54f3a4b2__temp1.00__seed7,0.06990114674470603,,14,per_run_oof
mistral_7b_instruct_v0p3__math_test_00447_716decc2__temp0.10__seed7,0.36212056944494864,1.0,14,per_run_oof
mistral_7b_instruct_v0p3__math_test_00447_716decc2__temp0.60__seed7,0.39780160504569384,,14,per_run_oof
mistral_7b_instruct_v0p3__math_test_00447_716decc2__temp1.00__seed7,0.38661692479865106,0.8461538461538461,14,per_run_oof
mistral_7b_instruct_v0p3__math_test_00448_7dbbd02d__temp0.10__seed7,0.38679688308404575,,14,per_run_oof
mistral_7b_instruct_v0p3__math_test_00448_7dbbd02d__temp0.60__seed7,0.072488649961283,,14,per_run_oof
mistral_7b_instruct_v0p3__math_test_00448_7dbbd02d__temp1.00__seed7,0.2010126443207141,1.0,14,per_run_oof
mistral_7b_instruct_v0p3__math_test_00449_2f12a8b9__temp0.10__seed7,0.17341698254390958,,14,per_run_oof
mistral_7b_instruct_v0p3__math_test_00449_2f12a8b9__temp0.60__seed7,0.3518431728172017,,14,per_run_oof
mistral_7b_instruct_v0p3__math_test_00449_2f12a8b9__temp1.00__seed7,0.1933439395731469,,14,per_run_oof
mistral_7b_instruct_v0p3__math_test_00450_2fb65375__temp0.10__seed7,0.32218618056477505,,14,per_run_oof
mistral_7b_instruct_v0p3__math_test_00450_2fb65375__temp0.60__seed7,0.172144380528213,,14,per_run_oof
mistral_7b_instruct_v0p3__math_test_00450_2fb65375__temp1.00__seed7,0.25742700815579245,,14,per_run_oof
mistral_7b_instruct_v0p3__math_test_00451_daefed59__temp0.10__seed7,0.07465544958315062,,14,per_run_oof
mistral_7b_instruct_v0p3__math_test_00451_daefed59__temp0.60__seed7,0.1673480425700379,,14,per_run_oof
mistral_7b_instruct_v0p3__math_test_00451_daefed59__temp1.00__seed7,0.21255247448958167,,14,per_run_oof
mistral_7b_instruct_v0p3__math_test_00452_0a6f0014__temp0.10__seed7,0.23850797480743438,,14,per_run_oof
mistral_7b_instruct_v0p3__math_test_00452_0a6f0014__temp0.60__seed7,0.21773351717324624,,14,per_run_oof
mistral_7b_instruct_v0p3__math_test_00452_0a6f0014__temp1.00__seed7,0.19125482971971586,0.9090909090909091,14,per_run_oof
mistral_7b_instruct_v0p3__math_test_00453_e4690c39__temp0.10__seed7,0.22741476803697075,0.8461538461538461,14,per_run_oof
mistral_7b_instruct_v0p3__math_test_00453_e4690c39__temp0.60__seed7,0.2277757360628556,0.9230769230769231,14,per_run_oof
mistral_7b_instruct_v0p3__math_test_00453_e4690c39__temp1.00__seed7,0.29969127669912926,,14,per_run_oof
mistral_7b_instruct_v0p3__math_test_00454_393f3656__temp0.10__seed7,0.12496200780684817,,14,per_run_oof
mistral_7b_instruct_v0p3__math_test_00454_393f3656__temp0.60__seed7,0.18911666553266518,,14,per_run_oof
mistral_7b_instruct_v0p3__math_test_00454_393f3656__temp1.00__seed7,0.13647819190750451,1.0,14,per_run_oof
mistral_7b_instruct_v0p3__math_test_00455_23844847__temp0.10__seed7,0.3919683783115621,,14,per_run_oof
mistral_7b_instruct_v0p3__math_test_00455_23844847__temp0.60__seed7,0.23154086020117245,,14,per_run_oof
mistral_7b_instruct_v0p3__math_test_00455_23844847__temp1.00__seed7,0.16962636411631232,,14,per_run_oof
mistral_7b_instruct_v0p3__math_test_00456_e4200fbf__temp0.10__seed7,0.20078079136134905,,14,per_run_oof
mistral_7b_instruct_v0p3__math_test_00456_e4200fbf__temp0.60__seed7,0.2296277191353679,,14,per_run_oof
mistral_7b_instruct_v0p3__math_test_00456_e4200fbf__temp1.00__seed7,0.23619708571682455,,14,per_run_oof
mistral_7b_instruct_v0p3__math_test_00457_5330f4b3__temp0.10__seed7,0.1989686509695491,,14,per_run_oof
mistral_7b_instruct_v0p3__math_test_00457_5330f4b3__temp0.60__seed7,0.3518550976789066,,14,per_run_oof
mistral_7b_instruct_v0p3__math_test_00457_5330f4b3__temp1.00__seed7,0.1703053458158065,0.45833333333333337,14,per_run_oof
mistral_7b_instruct_v0p3__math_test_00458_4085c1eb__temp0.10__seed7,0.22937679461986196,,14,per_run_oof
mistral_7b_instruct_v0p3__math_test_00458_4085c1eb__temp0.60__seed7,0.3686029702626927,,14,per_run_oof
mistral_7b_instruct_v0p3__math_test_00458_4085c1eb__temp1.00__seed7,0.40497970506569214,,14,per_run_oof
mistral_7b_instruct_v0p3__math_test_00459_3b21e715__temp0.10__seed7,0.07622130410796549,,14,per_run_oof
mistral_7b_instruct_v0p3__math_test_00459_3b21e715__temp0.60__seed7,0.20150404606818914,,14,per_run_oof
mistral_7b_instruct_v0p3__math_test_00459_3b21e715__temp1.00__seed7,0.19024965518147138,,14,per_run_oof
mistral_7b_instruct_v0p3__math_test_00460_7d063370__temp0.10__seed7,0.11500260505350092,,14,per_run_oof
mistral_7b_instruct_v0p3__math_test_00460_7d063370__temp0.60__seed7,0.23420342441472072,,14,per_run_oof
mistral_7b_instruct_v0p3__math_test_00460_7d063370__temp1.00__seed7,0.1567635144401896,,14,per_run_oof
mistral_7b_instruct_v0p3__math_test_00461_5e43f1cd__temp0.10__seed7,0.27024976195363154,,14,per_run_oof
mistral_7b_instruct_v0p3__math_test_00461_5e43f1cd__temp0.60__seed7,0.3335024458567929,,14,per_run_oof
mistral_7b_instruct_v0p3__math_test_00461_5e43f1cd__temp1.00__seed7,0.2860539377528766,,14,per_run_oof
mistral_7b_instruct_v0p3__math_test_00462_dd3cfaa0__temp0.10__seed7,0.05881549465946349,,14,per_run_oof
mistral_7b_instruct_v0p3__math_test_00462_dd3cfaa0__temp0.60__seed7,0.1284043780010878,,14,per_run_oof
mistral_7b_instruct_v0p3__math_test_00462_dd3cfaa0__temp1.00__seed7,0.2826517988083361,,14,per_run_oof
mistral_7b_instruct_v0p3__math_test_00463_bc52d545__temp0.10__seed7,0.3044056733729859,,14,per_run_oof
mistral_7b_instruct_v0p3__math_test_00463_bc52d545__temp0.60__seed7,0.1821199744514736,,14,per_run_oof
mistral_7b_instruct_v0p3__math_test_00463_bc52d545__temp1.00__seed7,0.15268099475511346,,14,per_run_oof
mistral_7b_instruct_v0p3__math_test_00464_979fe366__temp0.10__seed7,0.20126971839918192,,14,per_run_oof
mistral_7b_instruct_v0p3__math_test_00464_979fe366__temp0.60__seed7,0.2947758351098595,,14,per_run_oof
mistral_7b_instruct_v0p3__math_test_00464_979fe366__temp1.00__seed7,0.05655081888375331,,14,per_run_oof
mistral_7b_instruct_v0p3__math_test_00465_240ca4d8__temp0.10__seed7,0.23738283693516257,0.5777777777777778,14,per_run_oof
mistral_7b_instruct_v0p3__math_test_00465_240ca4d8__temp0.60__seed7,0.24041120698420823,,14,per_run_oof
mistral_7b_instruct_v0p3__math_test_00465_240ca4d8__temp1.00__seed7,0.11982524140896034,,14,per_run_oof
mistral_7b_instruct_v0p3__math_test_00466_b3ac660a__temp0.10__seed7,0.22081903142437534,,14,per_run_oof
mistral_7b_instruct_v0p3__math_test_00466_b3ac660a__temp0.60__seed7,0.1598980723811637,,14,per_run_oof
mistral_7b_instruct_v0p3__math_test_00466_b3ac660a__temp1.00__seed7,0.4375485659928392,,14,per_run_oof
mistral_7b_instruct_v0p3__math_test_00467_eaadd0bc__temp0.10__seed7,0.3586199627779155,,14,per_run_oof
mistral_7b_instruct_v0p3__math_test_00467_eaadd0bc__temp0.60__seed7,0.2158849599799976,0.8666666666666667,14,per_run_oof
mistral_7b_instruct_v0p3__math_test_00467_eaadd0bc__temp1.00__seed7,0.29978124545632695,,14,per_run_oof
mistral_7b_instruct_v0p3__math_test_00468_67c8ff7f__temp0.10__seed7,0.3971878682649784,,14,per_run_oof
mistral_7b_instruct_v0p3__math_test_00468_67c8ff7f__temp0.60__seed7,0.2577098923958792,,14,per_run_oof
mistral_7b_instruct_v0p3__math_test_00468_67c8ff7f__temp1.00__seed7,0.15356177222904252,,14,per_run_oof
mistral_7b_instruct_v0p3__math_test_00469_bfdb0295__temp0.10__seed7,0.00783079631718974,,14,per_run_oof
mistral_7b_instruct_v0p3__math_test_00469_bfdb0295__temp0.60__seed7,0.1459734452377087,,14,per_run_oof
mistral_7b_instruct_v0p3__math_test_00469_bfdb0295__temp1.00__seed7,0.22276279450110487,,14,per_run_oof
mistral_7b_instruct_v0p3__math_test_00470_5db3c51e__temp0.10__seed7,0.11960031423556984,,14,per_run_oof
mistral_7b_instruct_v0p3__math_test_00470_5db3c51e__temp0.60__seed7,0.010408432017585222,,14,per_run_oof
mistral_7b_instruct_v0p3__math_test_00470_5db3c51e__temp1.00__seed7,0.06400279278295637,,14,per_run_oof
mistral_7b_instruct_v0p3__math_test_00471_3d41e63d__temp0.10__seed7,0.06757494072520798,,14,per_run_oof
mistral_7b_instruct_v0p3__math_test_00471_3d41e63d__temp0.60__seed7,0.1841548144099437,,14,per_run_oof
mistral_7b_instruct_v0p3__math_test_00471_3d41e63d__temp1.00__seed7,0.05926160568714152,,14,per_run_oof
mistral_7b_instruct_v0p3__math_test_00472_4acb3f94__temp0.10__seed7,0.02176324206585665,,14,per_run_oof
mistral_7b_instruct_v0p3__math_test_00472_4acb3f94__temp0.60__seed7,0.060547392031272594,,14,per_run_oof
mistral_7b_instruct_v0p3__math_test_00472_4acb3f94__temp1.00__seed7,0.04145313847846214,,14,per_run_oof
mistral_7b_instruct_v0p3__math_test_00473_e294330c__temp0.10__seed7,0.26365828796629615,,14,per_run_oof
mistral_7b_instruct_v0p3__math_test_00473_e294330c__temp0.60__seed7,0.09861995313915581,,14,per_run_oof
mistral_7b_instruct_v0p3__math_test_00473_e294330c__temp1.00__seed7,0.3014395851335906,,14,per_run_oof
mistral_7b_instruct_v0p3__math_test_00474_e8b47eda__temp0.10__seed7,0.08040760978613636,,14,per_run_oof
mistral_7b_instruct_v0p3__math_test_00474_e8b47eda__temp0.60__seed7,0.06308781295141314,,14,per_run_oof
mistral_7b_instruct_v0p3__math_test_00474_e8b47eda__temp1.00__seed7,0.12658121457228158,,14,per_run_oof
mistral_7b_instruct_v0p3__math_test_00475_f189eb4d__temp0.10__seed7,0.18948471072063758,1.0,14,per_run_oof
mistral_7b_instruct_v0p3__math_test_00475_f189eb4d__temp0.60__seed7,0.23925669513652806,,14,per_run_oof
mistral_7b_instruct_v0p3__math_test_00475_f189eb4d__temp1.00__seed7,0.1819865483903643,,14,per_run_oof
mistral_7b_instruct_v0p3__math_test_00476_1c3d9d93__temp0.10__seed7,0.02494027124820473,,14,per_run_oof
mistral_7b_instruct_v0p3__math_test_00476_1c3d9d93__temp0.60__seed7,0.17957838304692414,,14,per_run_oof
mistral_7b_instruct_v0p3__math_test_00476_1c3d9d93__temp1.00__seed7,0.30183295547228634,,14,per_run_oof
mistral_7b_instruct_v0p3__math_test_00477_9c19e671__temp0.10__seed7,0.28845014672635333,,14,per_run_oof
mistral_7b_instruct_v0p3__math_test_00477_9c19e671__temp0.60__seed7,0.3630928276525089,,14,per_run_oof
mistral_7b_instruct_v0p3__math_test_00477_9c19e671__temp1.00__seed7,0.31844200416132423,0.46153846153846156,14,per_run_oof
mistral_7b_instruct_v0p3__math_test_00478_bde3ec32__temp0.10__seed7,0.051617817226838184,,14,per_run_oof
mistral_7b_instruct_v0p3__math_test_00478_bde3ec32__temp0.60__seed7,0.049218270711515785,,14,per_run_oof
mistral_7b_instruct_v0p3__math_test_00478_bde3ec32__temp1.00__seed7,0.07119112865547002,,14,per_run_oof
mistral_7b_instruct_v0p3__math_test_00479_aea5556d__temp0.10__seed7,0.26672222159523623,,14,per_run_oof
mistral_7b_instruct_v0p3__math_test_00479_aea5556d__temp0.60__seed7,0.1652284332800257,,14,per_run_oof
mistral_7b_instruct_v0p3__math_test_00479_aea5556d__temp1.00__seed7,0.2648218810715125,,14,per_run_oof
mistral_7b_instruct_v0p3__math_test_00480_fb9447b2__temp0.10__seed7,0.13578710510549044,,14,per_run_oof
mistral_7b_instruct_v0p3__math_test_00480_fb9447b2__temp0.60__seed7,0.1056078219761855,,14,per_run_oof
mistral_7b_instruct_v0p3__math_test_00480_fb9447b2__temp1.00__seed7,0.21413594163733898,,14,per_run_oof
mistral_7b_instruct_v0p3__math_test_00481_47b01624__temp0.10__seed7,0.06698460323449713,,14,per_run_oof
mistral_7b_instruct_v0p3__math_test_00481_47b01624__temp0.60__seed7,0.16740459155599105,,14,per_run_oof
mistral_7b_instruct_v0p3__math_test_00481_47b01624__temp1.00__seed7,0.031397583964245454,,14,per_run_oof
mistral_7b_instruct_v0p3__math_test_00482_84ec0b89__temp0.10__seed7,0.16621370749517253,,14,per_run_oof
mistral_7b_instruct_v0p3__math_test_00482_84ec0b89__temp0.60__seed7,0.2843920786271013,,14,per_run_oof
mistral_7b_instruct_v0p3__math_test_00482_84ec0b89__temp1.00__seed7,0.37915138719422037,,14,per_run_oof
mistral_7b_instruct_v0p3__math_test_00483_053f5644__temp0.10__seed7,0.16431335244116435,0.9230769230769231,14,per_run_oof
mistral_7b_instruct_v0p3__math_test_00483_053f5644__temp0.60__seed7,0.36081850366245816,,14,per_run_oof
mistral_7b_instruct_v0p3__math_test_00483_053f5644__temp1.00__seed7,0.23110958143474547,,14,per_run_oof
mistral_7b_instruct_v0p3__math_test_00484_f2cd6be7__temp0.10__seed7,0.20655469114494487,,14,per_run_oof
mistral_7b_instruct_v0p3__math_test_00484_f2cd6be7__temp0.60__seed7,0.014880210608611421,,14,per_run_oof
mistral_7b_instruct_v0p3__math_test_00484_f2cd6be7__temp1.00__seed7,0.26565299085958355,,14,per_run_oof
mistral_7b_instruct_v0p3__math_test_00485_25a9bc12__temp0.10__seed7,0.31335380415656866,,14,per_run_oof
mistral_7b_instruct_v0p3__math_test_00485_25a9bc12__temp0.60__seed7,0.1646930182612771,,14,per_run_oof
mistral_7b_instruct_v0p3__math_test_00485_25a9bc12__temp1.00__seed7,0.2306988048195941,,14,per_run_oof
mistral_7b_instruct_v0p3__math_test_00486_11e9a1ba__temp0.10__seed7,0.21884118770710087,,14,per_run_oof
mistral_7b_instruct_v0p3__math_test_00486_11e9a1ba__temp0.60__seed7,0.32889023849442783,,14,per_run_oof
mistral_7b_instruct_v0p3__math_test_00486_11e9a1ba__temp1.00__seed7,0.06692800455498706,,14,per_run_oof
mistral_7b_instruct_v0p3__math_test_00487_f5dafb4d__temp0.10__seed7,0.3894188502548112,,14,per_run_oof
mistral_7b_instruct_v0p3__math_test_00487_f5dafb4d__temp0.60__seed7,0.2385543993902752,,14,per_run_oof
mistral_7b_instruct_v0p3__math_test_00487_f5dafb4d__temp1.00__seed7,0.21905295919655382,,14,per_run_oof
mistral_7b_instruct_v0p3__math_test_00488_9e69b5fd__temp0.10__seed7,0.19414680995656766,0.5416666666666667,14,per_run_oof
mistral_7b_instruct_v0p3__math_test_00488_9e69b5fd__temp0.60__seed7,0.19568449469068092,,14,per_run_oof
mistral_7b_instruct_v0p3__math_test_00488_9e69b5fd__temp1.00__seed7,0.1543143187752485,,14,per_run_oof
mistral_7b_instruct_v0p3__math_test_00489_873b5ba3__temp0.10__seed7,0.15549691755211317,,14,per_run_oof
mistral_7b_instruct_v0p3__math_test_00489_873b5ba3__temp0.60__seed7,0.34642113082729653,,14,per_run_oof
mistral_7b_instruct_v0p3__math_test_00489_873b5ba3__temp1.00__seed7,0.18521771982453997,,14,per_run_oof
mistral_7b_instruct_v0p3__math_test_00490_548caf2b__temp0.10__seed7,0.016759700252098195,,14,per_run_oof
mistral_7b_instruct_v0p3__math_test_00490_548caf2b__temp0.60__seed7,0.05720640538475611,,14,per_run_oof
mistral_7b_instruct_v0p3__math_test_00490_548caf2b__temp1.00__seed7,0.007560621123090192,,14,per_run_oof
mistral_7b_instruct_v0p3__math_test_00491_323b91c4__temp0.10__seed7,0.22342924039384246,,14,per_run_oof
mistral_7b_instruct_v0p3__math_test_00491_323b91c4__temp0.60__seed7,0.22166910831164405,,14,per_run_oof
mistral_7b_instruct_v0p3__math_test_00491_323b91c4__temp1.00__seed7,0.17749452337318225,,14,per_run_oof
mistral_7b_instruct_v0p3__math_test_00492_c9945122__temp0.10__seed7,0.1573989549566852,,14,per_run_oof
mistral_7b_instruct_v0p3__math_test_00492_c9945122__temp0.60__seed7,0.24614440463763487,,14,per_run_oof
mistral_7b_instruct_v0p3__math_test_00492_c9945122__temp1.00__seed7,0.3220403534547063,,14,per_run_oof
mistral_7b_instruct_v0p3__math_test_00493_3f0c6e0c__temp0.10__seed7,0.17861278762220226,,14,per_run_oof
mistral_7b_instruct_v0p3__math_test_00493_3f0c6e0c__temp0.60__seed7,0.29885881202302816,,14,per_run_oof
mistral_7b_instruct_v0p3__math_test_00493_3f0c6e0c__temp1.00__seed7,0.1750118007686145,,14,per_run_oof
mistral_7b_instruct_v0p3__math_test_00494_b8d8e1ef__temp0.10__seed7,0.293327349944268,,14,per_run_oof
mistral_7b_instruct_v0p3__math_test_00494_b8d8e1ef__temp0.60__seed7,0.38127010023134134,,14,per_run_oof
mistral_7b_instruct_v0p3__math_test_00494_b8d8e1ef__temp1.00__seed7,0.28821926811680443,,14,per_run_oof
mistral_7b_instruct_v0p3__math_test_00495_63ae400e__temp0.10__seed7,0.13448443588436912,,14,per_run_oof
mistral_7b_instruct_v0p3__math_test_00495_63ae400e__temp0.60__seed7,0.30773244413005635,,14,per_run_oof
mistral_7b_instruct_v0p3__math_test_00495_63ae400e__temp1.00__seed7,0.3063372332001522,,14,per_run_oof
mistral_7b_instruct_v0p3__math_test_00496_401665a3__temp0.10__seed7,0.3484961388296303,,14,per_run_oof
mistral_7b_instruct_v0p3__math_test_00496_401665a3__temp0.60__seed7,0.29720604726804883,,14,per_run_oof
mistral_7b_instruct_v0p3__math_test_00496_401665a3__temp1.00__seed7,0.30391271644449624,,14,per_run_oof
mistral_7b_instruct_v0p3__math_test_00497_8d507426__temp0.10__seed7,0.3746059651750508,,14,per_run_oof
mistral_7b_instruct_v0p3__math_test_00497_8d507426__temp0.60__seed7,0.36570824657456535,,14,per_run_oof
mistral_7b_instruct_v0p3__math_test_00497_8d507426__temp1.00__seed7,0.3322700534477069,,14,per_run_oof
mistral_7b_instruct_v0p3__math_test_00498_743e3572__temp0.10__seed7,0.28845561171580136,,14,per_run_oof
mistral_7b_instruct_v0p3__math_test_00498_743e3572__temp0.60__seed7,0.10257338056468003,1.0,14,per_run_oof
mistral_7b_instruct_v0p3__math_test_00498_743e3572__temp1.00__seed7,0.12636251894587125,,14,per_run_oof
mistral_7b_instruct_v0p3__math_test_00499_c3a514a9__temp0.10__seed7,0.4079737166444425,,14,per_run_oof
mistral_7b_instruct_v0p3__math_test_00499_c3a514a9__temp0.60__seed7,0.3601904926617567,,14,per_run_oof
mistral_7b_instruct_v0p3__math_test_00499_c3a514a9__temp1.00__seed7,0.4159478666469148,,14,per_run_oof
__pooled__,0.22091725509353602,0.7097276584888599,21000,pooled_oof
