run_id,model_alias,model_name,task_id,domain,difficulty,task_source,task_source_index,temperature,seed,prompt_mode,system_prompt_mode,is_baseline,ever_correct,correct_at_step_1,oracle_stop,first_correct_step,first_model_stop_step,revision_count,best_utility,final_correct,device
mistral_7b_instruct_v0p3__math_test_00000_5a6bb412__temp0.10__seed7,mistral_7b_instruct_v0p3,mistralai/Mistral-7B-Instruct-v0.3,math_test_00000_5a6bb412,math,MATH 4,math,0,0.1,7,minimal_json,default,0,0,0,1,14,7,6,0.0,0,cuda
mistral_7b_instruct_v0p3__math_test_00001_28176864__temp0.10__seed7,mistral_7b_instruct_v0p3,mistralai/Mistral-7B-Instruct-v0.3,math_test_00001_28176864,math,MATH 5,math,1,0.1,7,minimal_json,default,0,0,0,1,14,6,11,0.0,0,cuda
mistral_7b_instruct_v0p3__math_test_00002_12859ab8__temp0.10__seed7,mistral_7b_instruct_v0p3,mistralai/Mistral-7B-Instruct-v0.3,math_test_00002_12859ab8,math,MATH 5,math,2,0.1,7,minimal_json,default,0,0,0,1,14,3,3,0.0,0,cuda
mistral_7b_instruct_v0p3__math_test_00003_b88cddac__temp0.10__seed7,mistral_7b_instruct_v0p3,mistralai/Mistral-7B-Instruct-v0.3,math_test_00003_b88cddac,math,MATH 2,math,3,0.1,7,minimal_json,default,0,0,0,1,14,10,11,0.0,0,cuda
mistral_7b_instruct_v0p3__math_test_00004_d6afb929__temp0.10__seed7,mistral_7b_instruct_v0p3,mistralai/Mistral-7B-Instruct-v0.3,math_test_00004_d6afb929,math,MATH 5,math,4,0.1,7,minimal_json,default,0,0,0,1,14,9,8,0.0,0,cuda
mistral_7b_instruct_v0p3__math_test_00005_82ab404f__temp0.10__seed7,mistral_7b_instruct_v0p3,mistralai/Mistral-7B-Instruct-v0.3,math_test_00005_82ab404f,math,MATH 5,math,5,0.1,7,minimal_json,default,0,0,0,1,14,5,6,0.0,0,cuda
mistral_7b_instruct_v0p3__math_test_00006_27e7448e__temp0.10__seed7,mistral_7b_instruct_v0p3,mistralai/Mistral-7B-Instruct-v0.3,math_test_00006_27e7448e,math,MATH 4,math,6,0.1,7,minimal_json,default,0,0,0,1,14,2,3,0.0,0,cuda
mistral_7b_instruct_v0p3__math_test_00007_8a27500a__temp0.10__seed7,mistral_7b_instruct_v0p3,mistralai/Mistral-7B-Instruct-v0.3,math_test_00007_8a27500a,math,MATH 5,math,7,0.1,7,minimal_json,default,0,0,0,1,14,12,9,0.0,0,cuda
mistral_7b_instruct_v0p3__math_test_00008_e894d48c__temp0.10__seed7,mistral_7b_instruct_v0p3,mistralai/Mistral-7B-Instruct-v0.3,math_test_00008_e894d48c,math,MATH 2,math,8,0.1,7,minimal_json,default,0,0,0,1,14,7,8,0.0,0,cuda
mistral_7b_instruct_v0p3__math_test_00009_99c62e67__temp0.10__seed7,mistral_7b_instruct_v0p3,mistralai/Mistral-7B-Instruct-v0.3,math_test_00009_99c62e67,math,MATH 3,math,9,0.1,7,minimal_json,default,0,0,0,1,14,3,2,0.0,0,cuda
mistral_7b_instruct_v0p3__math_test_00010_88e977e0__temp0.10__seed7,mistral_7b_instruct_v0p3,mistralai/Mistral-7B-Instruct-v0.3,math_test_00010_88e977e0,math,MATH 3,math,10,0.1,7,minimal_json,default,0,0,0,1,14,7,11,0.0,0,cuda
mistral_7b_instruct_v0p3__math_test_00011_3e051151__temp0.10__seed7,mistral_7b_instruct_v0p3,mistralai/Mistral-7B-Instruct-v0.3,math_test_00011_3e051151,math,MATH 2,math,11,0.1,7,minimal_json,default,0,1,1,1,1,1,4,1.0,1,cuda
mistral_7b_instruct_v0p3__math_test_00012_2ce46331__temp0.10__seed7,mistral_7b_instruct_v0p3,mistralai/Mistral-7B-Instruct-v0.3,math_test_00012_2ce46331,math,MATH 5,math,12,0.1,7,minimal_json,default,0,0,0,1,14,1,8,0.0,0,cuda
mistral_7b_instruct_v0p3__math_test_00013_3fae6c79__temp0.10__seed7,mistral_7b_instruct_v0p3,mistralai/Mistral-7B-Instruct-v0.3,math_test_00013_3fae6c79,math,MATH 3,math,13,0.1,7,minimal_json,default,0,0,0,1,14,2,4,0.0,0,cuda
mistral_7b_instruct_v0p3__math_test_00014_4bed628b__temp0.10__seed7,mistral_7b_instruct_v0p3,mistralai/Mistral-7B-Instruct-v0.3,math_test_00014_4bed628b,math,MATH 4,math,14,0.1,7,minimal_json,default,0,0,0,1,14,1,2,0.0,0,cuda
mistral_7b_instruct_v0p3__math_test_00015_04ca2ad3__temp0.10__seed7,mistral_7b_instruct_v0p3,mistralai/Mistral-7B-Instruct-v0.3,math_test_00015_04ca2ad3,math,MATH 2,math,15,0.1,7,minimal_json,default,0,0,0,1,14,5,3,0.0,0,cuda
mistral_7b_instruct_v0p3__math_test_00016_da610902__temp0.10__seed7,mistral_7b_instruct_v0p3,mistralai/Mistral-7B-Instruct-v0.3,math_test_00016_da610902,math,MATH 1,math,16,0.1,7,minimal_json,default,0,0,0,1,14,1,10,0.0,0,cuda
mistral_7b_instruct_v0p3__math_test_00017_c6ed297b__temp0.10__seed7,mistral_7b_instruct_v0p3,mistralai/Mistral-7B-Instruct-v0.3,math_test_00017_c6ed297b,math,MATH 1,math,17,0.1,7,minimal_json,default,0,0,0,1,14,4,5,0.0,0,cuda
mistral_7b_instruct_v0p3__math_test_00018_407dceb0__temp0.10__seed7,mistral_7b_instruct_v0p3,mistralai/Mistral-7B-Instruct-v0.3,math_test_00018_407dceb0,math,MATH 3,math,18,0.1,7,minimal_json,default,0,0,0,1,14,1,4,0.0,0,cuda
mistral_7b_instruct_v0p3__math_test_00019_646b1b85__temp0.10__seed7,mistral_7b_instruct_v0p3,mistralai/Mistral-7B-Instruct-v0.3,math_test_00019_646b1b85,math,MATH 4,math,19,0.1,7,minimal_json,default,0,1,0,3,3,1,2,0.9,1,cuda
mistral_7b_instruct_v0p3__math_test_00020_f9bb4c02__temp0.10__seed7,mistral_7b_instruct_v0p3,mistralai/Mistral-7B-Instruct-v0.3,math_test_00020_f9bb4c02,math,MATH 5,math,20,0.1,7,minimal_json,default,0,0,0,1,14,1,2,0.0,0,cuda
mistral_7b_instruct_v0p3__math_test_00021_b40f659d__temp0.10__seed7,mistral_7b_instruct_v0p3,mistralai/Mistral-7B-Instruct-v0.3,math_test_00021_b40f659d,math,MATH 1,math,21,0.1,7,minimal_json,default,0,1,0,7,7,1,5,0.7,1,cuda
mistral_7b_instruct_v0p3__math_test_00022_8fba220b__temp0.10__seed7,mistral_7b_instruct_v0p3,mistralai/Mistral-7B-Instruct-v0.3,math_test_00022_8fba220b,math,MATH 4,math,22,0.1,7,minimal_json,default,0,0,0,1,14,14,4,0.0,0,cuda
mistral_7b_instruct_v0p3__math_test_00023_998c2d9c__temp0.10__seed7,mistral_7b_instruct_v0p3,mistralai/Mistral-7B-Instruct-v0.3,math_test_00023_998c2d9c,math,MATH 5,math,23,0.1,7,minimal_json,default,0,0,0,1,14,1,10,0.0,0,cuda
mistral_7b_instruct_v0p3__math_test_00024_f928c750__temp0.10__seed7,mistral_7b_instruct_v0p3,mistralai/Mistral-7B-Instruct-v0.3,math_test_00024_f928c750,math,MATH 4,math,24,0.1,7,minimal_json,default,0,0,0,1,14,4,0,0.0,0,cuda
mistral_7b_instruct_v0p3__math_test_00025_4388bd76__temp0.10__seed7,mistral_7b_instruct_v0p3,mistralai/Mistral-7B-Instruct-v0.3,math_test_00025_4388bd76,math,MATH 1,math,25,0.1,7,minimal_json,default,0,0,0,1,14,5,4,0.0,0,cuda
mistral_7b_instruct_v0p3__math_test_00026_4945051e__temp0.10__seed7,mistral_7b_instruct_v0p3,mistralai/Mistral-7B-Instruct-v0.3,math_test_00026_4945051e,math,MATH 1,math,26,0.1,7,minimal_json,default,0,0,0,1,14,1,4,0.0,0,cuda
mistral_7b_instruct_v0p3__math_test_00027_9d852676__temp0.10__seed7,mistral_7b_instruct_v0p3,mistralai/Mistral-7B-Instruct-v0.3,math_test_00027_9d852676,math,MATH 5,math,27,0.1,7,minimal_json,default,0,0,0,1,14,2,3,0.0,0,cuda
mistral_7b_instruct_v0p3__math_test_00028_a585adcc__temp0.10__seed7,mistral_7b_instruct_v0p3,mistralai/Mistral-7B-Instruct-v0.3,math_test_00028_a585adcc,math,MATH 2,math,28,0.1,7,minimal_json,default,0,0,0,1,14,1,2,0.0,0,cuda
mistral_7b_instruct_v0p3__math_test_00029_1b84e405__temp0.10__seed7,mistral_7b_instruct_v0p3,mistralai/Mistral-7B-Instruct-v0.3,math_test_00029_1b84e405,math,MATH 2,math,29,0.1,7,minimal_json,default,0,0,0,1,14,3,4,0.0,0,cuda
mistral_7b_instruct_v0p3__math_test_00030_a477f137__temp0.10__seed7,mistral_7b_instruct_v0p3,mistralai/Mistral-7B-Instruct-v0.3,math_test_00030_a477f137,math,MATH 4,math,30,0.1,7,minimal_json,default,0,0,0,1,14,5,4,0.0,0,cuda
mistral_7b_instruct_v0p3__math_test_00031_1bbccbd2__temp0.10__seed7,mistral_7b_instruct_v0p3,mistralai/Mistral-7B-Instruct-v0.3,math_test_00031_1bbccbd2,math,MATH 5,math,31,0.1,7,minimal_json,default,0,0,0,1,14,1,2,0.0,0,cuda
mistral_7b_instruct_v0p3__math_test_00032_f08fb3bb__temp0.10__seed7,mistral_7b_instruct_v0p3,mistralai/Mistral-7B-Instruct-v0.3,math_test_00032_f08fb3bb,math,MATH 3,math,32,0.1,7,minimal_json,default,0,1,0,2,2,4,3,0.95,0,cuda
mistral_7b_instruct_v0p3__math_test_00033_0f789c1f__temp0.10__seed7,mistral_7b_instruct_v0p3,mistralai/Mistral-7B-Instruct-v0.3,math_test_00033_0f789c1f,math,MATH 3,math,33,0.1,7,minimal_json,default,0,0,0,1,14,1,1,0.0,0,cuda
mistral_7b_instruct_v0p3__math_test_00034_dae3e9e5__temp0.10__seed7,mistral_7b_instruct_v0p3,mistralai/Mistral-7B-Instruct-v0.3,math_test_00034_dae3e9e5,math,MATH 3,math,34,0.1,7,minimal_json,default,0,0,0,1,14,14,12,0.0,0,cuda
mistral_7b_instruct_v0p3__math_test_00035_f144cd5e__temp0.10__seed7,mistral_7b_instruct_v0p3,mistralai/Mistral-7B-Instruct-v0.3,math_test_00035_f144cd5e,math,MATH 4,math,35,0.1,7,minimal_json,default,0,0,0,1,14,14,8,0.0,0,cuda
mistral_7b_instruct_v0p3__math_test_00036_ccf4238b__temp0.10__seed7,mistral_7b_instruct_v0p3,mistralai/Mistral-7B-Instruct-v0.3,math_test_00036_ccf4238b,math,MATH 2,math,36,0.1,7,minimal_json,default,0,0,0,1,14,14,5,0.0,0,cuda
mistral_7b_instruct_v0p3__math_test_00037_2426e280__temp0.10__seed7,mistral_7b_instruct_v0p3,mistralai/Mistral-7B-Instruct-v0.3,math_test_00037_2426e280,math,MATH 5,math,37,0.1,7,minimal_json,default,0,0,0,1,14,1,2,0.0,0,cuda
mistral_7b_instruct_v0p3__math_test_00038_0e7cb690__temp0.10__seed7,mistral_7b_instruct_v0p3,mistralai/Mistral-7B-Instruct-v0.3,math_test_00038_0e7cb690,math,MATH 5,math,38,0.1,7,minimal_json,default,0,0,0,1,14,3,4,0.0,0,cuda
mistral_7b_instruct_v0p3__math_test_00039_8ba6a72a__temp0.10__seed7,mistral_7b_instruct_v0p3,mistralai/Mistral-7B-Instruct-v0.3,math_test_00039_8ba6a72a,math,MATH 4,math,39,0.1,7,minimal_json,default,0,0,0,1,14,7,7,0.0,0,cuda
mistral_7b_instruct_v0p3__math_test_00040_814d16a0__temp0.10__seed7,mistral_7b_instruct_v0p3,mistralai/Mistral-7B-Instruct-v0.3,math_test_00040_814d16a0,math,MATH 2,math,40,0.1,7,minimal_json,default,0,0,0,1,14,1,1,0.0,0,cuda
mistral_7b_instruct_v0p3__math_test_00041_7ad395c5__temp0.10__seed7,mistral_7b_instruct_v0p3,mistralai/Mistral-7B-Instruct-v0.3,math_test_00041_7ad395c5,math,MATH 5,math,41,0.1,7,minimal_json,default,0,0,0,1,14,6,4,0.0,0,cuda
mistral_7b_instruct_v0p3__math_test_00042_39c9185d__temp0.10__seed7,mistral_7b_instruct_v0p3,mistralai/Mistral-7B-Instruct-v0.3,math_test_00042_39c9185d,math,MATH 4,math,42,0.1,7,minimal_json,default,0,0,0,1,14,14,13,0.0,0,cuda
mistral_7b_instruct_v0p3__math_test_00043_62275531__temp0.10__seed7,mistral_7b_instruct_v0p3,mistralai/Mistral-7B-Instruct-v0.3,math_test_00043_62275531,math,MATH 3,math,43,0.1,7,minimal_json,default,0,0,0,1,14,1,10,0.0,0,cuda
mistral_7b_instruct_v0p3__math_test_00044_810e3649__temp0.10__seed7,mistral_7b_instruct_v0p3,mistralai/Mistral-7B-Instruct-v0.3,math_test_00044_810e3649,math,MATH 2,math,44,0.1,7,minimal_json,default,0,0,0,1,14,1,6,0.0,0,cuda
mistral_7b_instruct_v0p3__math_test_00045_152ae8e8__temp0.10__seed7,mistral_7b_instruct_v0p3,mistralai/Mistral-7B-Instruct-v0.3,math_test_00045_152ae8e8,math,MATH 3,math,45,0.1,7,minimal_json,default,0,0,0,1,14,14,12,0.0,0,cuda
mistral_7b_instruct_v0p3__math_test_00046_3e08e6df__temp0.10__seed7,mistral_7b_instruct_v0p3,mistralai/Mistral-7B-Instruct-v0.3,math_test_00046_3e08e6df,math,MATH 2,math,46,0.1,7,minimal_json,default,0,1,0,3,3,3,2,0.9,1,cuda
mistral_7b_instruct_v0p3__math_test_00047_3a39ed4a__temp0.10__seed7,mistral_7b_instruct_v0p3,mistralai/Mistral-7B-Instruct-v0.3,math_test_00047_3a39ed4a,math,MATH 2,math,47,0.1,7,minimal_json,default,0,1,1,1,1,1,6,1.0,1,cuda
mistral_7b_instruct_v0p3__math_test_00048_6a611c4a__temp0.10__seed7,mistral_7b_instruct_v0p3,mistralai/Mistral-7B-Instruct-v0.3,math_test_00048_6a611c4a,math,MATH 2,math,48,0.1,7,minimal_json,default,0,0,0,1,14,2,0,0.0,0,cuda
mistral_7b_instruct_v0p3__math_test_00049_e45e9b10__temp0.10__seed7,mistral_7b_instruct_v0p3,mistralai/Mistral-7B-Instruct-v0.3,math_test_00049_e45e9b10,math,MATH 3,math,49,0.1,7,minimal_json,default,0,0,0,1,14,1,3,0.0,0,cuda
mistral_7b_instruct_v0p3__math_test_00050_f4090aaa__temp0.10__seed7,mistral_7b_instruct_v0p3,mistralai/Mistral-7B-Instruct-v0.3,math_test_00050_f4090aaa,math,MATH 4,math,50,0.1,7,minimal_json,default,0,0,0,1,14,7,5,0.0,0,cuda
mistral_7b_instruct_v0p3__math_test_00051_1e5ff908__temp0.10__seed7,mistral_7b_instruct_v0p3,mistralai/Mistral-7B-Instruct-v0.3,math_test_00051_1e5ff908,math,MATH 5,math,51,0.1,7,minimal_json,default,0,0,0,1,14,14,10,0.0,0,cuda
mistral_7b_instruct_v0p3__math_test_00052_5850e1b9__temp0.10__seed7,mistral_7b_instruct_v0p3,mistralai/Mistral-7B-Instruct-v0.3,math_test_00052_5850e1b9,math,MATH 3,math,52,0.1,7,minimal_json,default,0,0,0,1,14,1,0,0.0,0,cuda
mistral_7b_instruct_v0p3__math_test_00053_f8d21f23__temp0.10__seed7,mistral_7b_instruct_v0p3,mistralai/Mistral-7B-Instruct-v0.3,math_test_00053_f8d21f23,math,MATH 5,math,53,0.1,7,minimal_json,default,0,0,0,1,14,1,5,0.0,0,cuda
mistral_7b_instruct_v0p3__math_test_00054_ddf4c852__temp0.10__seed7,mistral_7b_instruct_v0p3,mistralai/Mistral-7B-Instruct-v0.3,math_test_00054_ddf4c852,math,MATH 2,math,54,0.1,7,minimal_json,default,0,0,0,1,14,1,9,0.0,0,cuda
mistral_7b_instruct_v0p3__math_test_00055_24952be5__temp0.10__seed7,mistral_7b_instruct_v0p3,mistralai/Mistral-7B-Instruct-v0.3,math_test_00055_24952be5,math,MATH 3,math,55,0.1,7,minimal_json,default,0,0,0,1,14,2,4,0.0,0,cuda
mistral_7b_instruct_v0p3__math_test_00056_a8c223a1__temp0.10__seed7,mistral_7b_instruct_v0p3,mistralai/Mistral-7B-Instruct-v0.3,math_test_00056_a8c223a1,math,MATH 3,math,56,0.1,7,minimal_json,default,0,0,0,1,14,14,6,0.0,0,cuda
mistral_7b_instruct_v0p3__math_test_00057_8236aaa4__temp0.10__seed7,mistral_7b_instruct_v0p3,mistralai/Mistral-7B-Instruct-v0.3,math_test_00057_8236aaa4,math,MATH 5,math,57,0.1,7,minimal_json,default,0,0,0,1,14,3,2,0.0,0,cuda
mistral_7b_instruct_v0p3__math_test_00058_7afa45ab__temp0.10__seed7,mistral_7b_instruct_v0p3,mistralai/Mistral-7B-Instruct-v0.3,math_test_00058_7afa45ab,math,MATH 2,math,58,0.1,7,minimal_json,default,0,0,0,1,14,1,5,0.0,0,cuda
mistral_7b_instruct_v0p3__math_test_00059_43a9d185__temp0.10__seed7,mistral_7b_instruct_v0p3,mistralai/Mistral-7B-Instruct-v0.3,math_test_00059_43a9d185,math,MATH 5,math,59,0.1,7,minimal_json,default,0,0,0,1,14,3,11,0.0,0,cuda
mistral_7b_instruct_v0p3__math_test_00060_a67ac75a__temp0.10__seed7,mistral_7b_instruct_v0p3,mistralai/Mistral-7B-Instruct-v0.3,math_test_00060_a67ac75a,math,MATH 4,math,60,0.1,7,minimal_json,default,0,0,0,1,14,14,13,0.0,0,cuda
mistral_7b_instruct_v0p3__math_test_00061_4943c966__temp0.10__seed7,mistral_7b_instruct_v0p3,mistralai/Mistral-7B-Instruct-v0.3,math_test_00061_4943c966,math,MATH 2,math,61,0.1,7,minimal_json,default,0,0,0,1,14,5,4,0.0,0,cuda
mistral_7b_instruct_v0p3__math_test_00062_ae97d603__temp0.10__seed7,mistral_7b_instruct_v0p3,mistralai/Mistral-7B-Instruct-v0.3,math_test_00062_ae97d603,math,MATH 4,math,62,0.1,7,minimal_json,default,0,0,0,1,14,5,1,0.0,0,cuda
mistral_7b_instruct_v0p3__math_test_00063_7eb01312__temp0.10__seed7,mistral_7b_instruct_v0p3,mistralai/Mistral-7B-Instruct-v0.3,math_test_00063_7eb01312,math,MATH 4,math,63,0.1,7,minimal_json,default,0,0,0,1,14,1,13,0.0,0,cuda
mistral_7b_instruct_v0p3__math_test_00064_56e26e67__temp0.10__seed7,mistral_7b_instruct_v0p3,mistralai/Mistral-7B-Instruct-v0.3,math_test_00064_56e26e67,math,MATH 5,math,64,0.1,7,minimal_json,default,0,0,0,1,14,14,8,0.0,0,cuda
mistral_7b_instruct_v0p3__math_test_00065_1d982f42__temp0.10__seed7,mistral_7b_instruct_v0p3,mistralai/Mistral-7B-Instruct-v0.3,math_test_00065_1d982f42,math,MATH 5,math,65,0.1,7,minimal_json,default,0,0,0,1,14,4,6,0.0,0,cuda
mistral_7b_instruct_v0p3__math_test_00066_c503000c__temp0.10__seed7,mistral_7b_instruct_v0p3,mistralai/Mistral-7B-Instruct-v0.3,math_test_00066_c503000c,math,MATH 3,math,66,0.1,7,minimal_json,default,0,0,0,1,14,1,0,0.0,0,cuda
mistral_7b_instruct_v0p3__math_test_00067_b2cca4da__temp0.10__seed7,mistral_7b_instruct_v0p3,mistralai/Mistral-7B-Instruct-v0.3,math_test_00067_b2cca4da,math,MATH 4,math,67,0.1,7,minimal_json,default,0,0,0,1,14,14,4,0.0,0,cuda
mistral_7b_instruct_v0p3__math_test_00068_ea595be8__temp0.10__seed7,mistral_7b_instruct_v0p3,mistralai/Mistral-7B-Instruct-v0.3,math_test_00068_ea595be8,math,MATH 2,math,68,0.1,7,minimal_json,default,0,0,0,1,14,1,1,0.0,0,cuda
mistral_7b_instruct_v0p3__math_test_00069_c6dad45a__temp0.10__seed7,mistral_7b_instruct_v0p3,mistralai/Mistral-7B-Instruct-v0.3,math_test_00069_c6dad45a,math,MATH 2,math,69,0.1,7,minimal_json,default,0,0,0,1,14,3,3,0.0,0,cuda
mistral_7b_instruct_v0p3__math_test_00070_96016437__temp0.10__seed7,mistral_7b_instruct_v0p3,mistralai/Mistral-7B-Instruct-v0.3,math_test_00070_96016437,math,MATH 1,math,70,0.1,7,minimal_json,default,0,1,1,1,1,1,6,1.0,1,cuda
mistral_7b_instruct_v0p3__math_test_00071_98672352__temp0.10__seed7,mistral_7b_instruct_v0p3,mistralai/Mistral-7B-Instruct-v0.3,math_test_00071_98672352,math,MATH 3,math,71,0.1,7,minimal_json,default,0,0,0,1,14,1,10,0.0,0,cuda
mistral_7b_instruct_v0p3__math_test_00072_76de8c53__temp0.10__seed7,mistral_7b_instruct_v0p3,mistralai/Mistral-7B-Instruct-v0.3,math_test_00072_76de8c53,math,MATH 5,math,72,0.1,7,minimal_json,default,0,0,0,1,14,4,2,0.0,0,cuda
mistral_7b_instruct_v0p3__math_test_00073_7f9e23c9__temp0.10__seed7,mistral_7b_instruct_v0p3,mistralai/Mistral-7B-Instruct-v0.3,math_test_00073_7f9e23c9,math,MATH 3,math,73,0.1,7,minimal_json,default,0,1,1,1,1,7,8,1.0,0,cuda
mistral_7b_instruct_v0p3__math_test_00074_5b6e5429__temp0.10__seed7,mistral_7b_instruct_v0p3,mistralai/Mistral-7B-Instruct-v0.3,math_test_00074_5b6e5429,math,MATH 2,math,74,0.1,7,minimal_json,default,0,1,1,1,1,14,7,1.0,0,cuda
mistral_7b_instruct_v0p3__math_test_00075_387f76f4__temp0.10__seed7,mistral_7b_instruct_v0p3,mistralai/Mistral-7B-Instruct-v0.3,math_test_00075_387f76f4,math,MATH 2,math,75,0.1,7,minimal_json,default,0,0,0,1,14,3,2,0.0,0,cuda
mistral_7b_instruct_v0p3__math_test_00076_b45bd200__temp0.10__seed7,mistral_7b_instruct_v0p3,mistralai/Mistral-7B-Instruct-v0.3,math_test_00076_b45bd200,math,MATH 3,math,76,0.1,7,minimal_json,default,0,0,0,1,14,14,9,0.0,0,cuda
mistral_7b_instruct_v0p3__math_test_00077_0fdb870e__temp0.10__seed7,mistral_7b_instruct_v0p3,mistralai/Mistral-7B-Instruct-v0.3,math_test_00077_0fdb870e,math,MATH 2,math,77,0.1,7,minimal_json,default,0,0,0,1,14,1,8,0.0,0,cuda
mistral_7b_instruct_v0p3__math_test_00078_7de927b7__temp0.10__seed7,mistral_7b_instruct_v0p3,mistralai/Mistral-7B-Instruct-v0.3,math_test_00078_7de927b7,math,MATH 3,math,78,0.1,7,minimal_json,default,0,1,1,1,1,1,4,1.0,0,cuda
mistral_7b_instruct_v0p3__math_test_00079_3f967fbe__temp0.10__seed7,mistral_7b_instruct_v0p3,mistralai/Mistral-7B-Instruct-v0.3,math_test_00079_3f967fbe,math,MATH 2,math,79,0.1,7,minimal_json,default,0,1,1,1,1,2,3,1.0,1,cuda
mistral_7b_instruct_v0p3__math_test_00080_ea7d5602__temp0.10__seed7,mistral_7b_instruct_v0p3,mistralai/Mistral-7B-Instruct-v0.3,math_test_00080_ea7d5602,math,MATH 5,math,80,0.1,7,minimal_json,default,0,0,0,1,14,6,6,0.0,0,cuda
mistral_7b_instruct_v0p3__math_test_00081_df488277__temp0.10__seed7,mistral_7b_instruct_v0p3,mistralai/Mistral-7B-Instruct-v0.3,math_test_00081_df488277,math,MATH 1,math,81,0.1,7,minimal_json,default,0,1,1,1,1,10,4,1.0,1,cuda
mistral_7b_instruct_v0p3__math_test_00082_7fd2e8f8__temp0.10__seed7,mistral_7b_instruct_v0p3,mistralai/Mistral-7B-Instruct-v0.3,math_test_00082_7fd2e8f8,math,MATH 3,math,82,0.1,7,minimal_json,default,0,0,0,1,14,1,3,0.0,0,cuda
mistral_7b_instruct_v0p3__math_test_00083_5465f015__temp0.10__seed7,mistral_7b_instruct_v0p3,mistralai/Mistral-7B-Instruct-v0.3,math_test_00083_5465f015,math,MATH 1,math,83,0.1,7,minimal_json,default,0,0,0,1,14,3,12,0.0,0,cuda
mistral_7b_instruct_v0p3__math_test_00084_c4267ccc__temp0.10__seed7,mistral_7b_instruct_v0p3,mistralai/Mistral-7B-Instruct-v0.3,math_test_00084_c4267ccc,math,MATH 5,math,84,0.1,7,minimal_json,default,0,0,0,1,14,1,5,0.0,0,cuda
mistral_7b_instruct_v0p3__math_test_00085_ab1a6003__temp0.10__seed7,mistral_7b_instruct_v0p3,mistralai/Mistral-7B-Instruct-v0.3,math_test_00085_ab1a6003,math,MATH 5,math,85,0.1,7,minimal_json,default,0,0,0,1,14,3,2,0.0,0,cuda
mistral_7b_instruct_v0p3__math_test_00086_3447bc00__temp0.10__seed7,mistral_7b_instruct_v0p3,mistralai/Mistral-7B-Instruct-v0.3,math_test_00086_3447bc00,math,MATH 5,math,86,0.1,7,minimal_json,default,0,0,0,1,14,7,6,0.0,0,cuda
mistral_7b_instruct_v0p3__math_test_00087_649d31a4__temp0.10__seed7,mistral_7b_instruct_v0p3,mistralai/Mistral-7B-Instruct-v0.3,math_test_00087_649d31a4,math,MATH 2,math,87,0.1,7,minimal_json,default,0,0,0,1,14,3,4,0.0,0,cuda
mistral_7b_instruct_v0p3__math_test_00088_207198c5__temp0.10__seed7,mistral_7b_instruct_v0p3,mistralai/Mistral-7B-Instruct-v0.3,math_test_00088_207198c5,math,MATH 2,math,88,0.1,7,minimal_json,default,0,0,0,1,14,3,2,0.0,0,cuda
mistral_7b_instruct_v0p3__math_test_00089_962971ae__temp0.10__seed7,mistral_7b_instruct_v0p3,mistralai/Mistral-7B-Instruct-v0.3,math_test_00089_962971ae,math,MATH 2,math,89,0.1,7,minimal_json,default,0,0,0,1,14,14,12,0.0,0,cuda
mistral_7b_instruct_v0p3__math_test_00090_f27fcf39__temp0.10__seed7,mistral_7b_instruct_v0p3,mistralai/Mistral-7B-Instruct-v0.3,math_test_00090_f27fcf39,math,MATH 4,math,90,0.1,7,minimal_json,default,0,0,0,1,14,3,4,0.0,0,cuda
mistral_7b_instruct_v0p3__math_test_00091_6c78d89b__temp0.10__seed7,mistral_7b_instruct_v0p3,mistralai/Mistral-7B-Instruct-v0.3,math_test_00091_6c78d89b,math,MATH 2,math,91,0.1,7,minimal_json,default,0,0,0,1,14,1,1,0.0,0,cuda
mistral_7b_instruct_v0p3__math_test_00092_d2ef929c__temp0.10__seed7,mistral_7b_instruct_v0p3,mistralai/Mistral-7B-Instruct-v0.3,math_test_00092_d2ef929c,math,MATH 3,math,92,0.1,7,minimal_json,default,0,0,0,1,14,14,13,0.0,0,cuda
mistral_7b_instruct_v0p3__math_test_00093_c6ee4fae__temp0.10__seed7,mistral_7b_instruct_v0p3,mistralai/Mistral-7B-Instruct-v0.3,math_test_00093_c6ee4fae,math,MATH 2,math,93,0.1,7,minimal_json,default,0,0,0,1,14,1,10,0.0,0,cuda
mistral_7b_instruct_v0p3__math_test_00094_82adbbe7__temp0.10__seed7,mistral_7b_instruct_v0p3,mistralai/Mistral-7B-Instruct-v0.3,math_test_00094_82adbbe7,math,MATH 5,math,94,0.1,7,minimal_json,default,0,0,0,1,14,14,4,0.0,0,cuda
mistral_7b_instruct_v0p3__math_test_00095_21ca381e__temp0.10__seed7,mistral_7b_instruct_v0p3,mistralai/Mistral-7B-Instruct-v0.3,math_test_00095_21ca381e,math,MATH 5,math,95,0.1,7,minimal_json,default,0,0,0,1,14,1,2,0.0,0,cuda
mistral_7b_instruct_v0p3__math_test_00096_9055d1e9__temp0.10__seed7,mistral_7b_instruct_v0p3,mistralai/Mistral-7B-Instruct-v0.3,math_test_00096_9055d1e9,math,MATH 5,math,96,0.1,7,minimal_json,default,0,0,0,1,14,14,11,0.0,0,cuda
mistral_7b_instruct_v0p3__math_test_00097_30394417__temp0.10__seed7,mistral_7b_instruct_v0p3,mistralai/Mistral-7B-Instruct-v0.3,math_test_00097_30394417,math,MATH 2,math,97,0.1,7,minimal_json,default,0,0,0,1,14,1,2,0.0,0,cuda
mistral_7b_instruct_v0p3__math_test_00098_9ceda233__temp0.10__seed7,mistral_7b_instruct_v0p3,mistralai/Mistral-7B-Instruct-v0.3,math_test_00098_9ceda233,math,MATH 5,math,98,0.1,7,minimal_json,default,0,0,0,1,14,2,6,0.0,0,cuda
mistral_7b_instruct_v0p3__math_test_00099_491d2137__temp0.10__seed7,mistral_7b_instruct_v0p3,mistralai/Mistral-7B-Instruct-v0.3,math_test_00099_491d2137,math,MATH 3,math,99,0.1,7,minimal_json,default,0,0,0,1,14,1,5,0.0,0,cuda
mistral_7b_instruct_v0p3__math_test_00100_941d341c__temp0.10__seed7,mistral_7b_instruct_v0p3,mistralai/Mistral-7B-Instruct-v0.3,math_test_00100_941d341c,math,MATH 1,math,100,0.1,7,minimal_json,default,0,0,0,1,14,14,2,0.0,0,cuda
mistral_7b_instruct_v0p3__math_test_00101_75e027f9__temp0.10__seed7,mistral_7b_instruct_v0p3,mistralai/Mistral-7B-Instruct-v0.3,math_test_00101_75e027f9,math,MATH 1,math,101,0.1,7,minimal_json,default,0,0,0,1,14,4,3,0.0,0,cuda
mistral_7b_instruct_v0p3__math_test_00102_129dd488__temp0.10__seed7,mistral_7b_instruct_v0p3,mistralai/Mistral-7B-Instruct-v0.3,math_test_00102_129dd488,math,MATH 3,math,102,0.1,7,minimal_json,default,0,0,0,1,14,1,5,0.0,0,cuda
mistral_7b_instruct_v0p3__math_test_00103_7b0f3b51__temp0.10__seed7,mistral_7b_instruct_v0p3,mistralai/Mistral-7B-Instruct-v0.3,math_test_00103_7b0f3b51,math,MATH 4,math,103,0.1,7,minimal_json,default,0,1,0,2,2,7,7,0.95,0,cuda
mistral_7b_instruct_v0p3__math_test_00104_d684f1e9__temp0.10__seed7,mistral_7b_instruct_v0p3,mistralai/Mistral-7B-Instruct-v0.3,math_test_00104_d684f1e9,math,MATH 2,math,104,0.1,7,minimal_json,default,0,0,0,1,14,14,1,0.0,0,cuda
mistral_7b_instruct_v0p3__math_test_00105_6b770d5f__temp0.10__seed7,mistral_7b_instruct_v0p3,mistralai/Mistral-7B-Instruct-v0.3,math_test_00105_6b770d5f,math,MATH 3,math,105,0.1,7,minimal_json,default,0,0,0,1,14,14,9,0.0,0,cuda
mistral_7b_instruct_v0p3__math_test_00106_6e98540c__temp0.10__seed7,mistral_7b_instruct_v0p3,mistralai/Mistral-7B-Instruct-v0.3,math_test_00106_6e98540c,math,MATH 3,math,106,0.1,7,minimal_json,default,0,0,0,1,14,2,4,0.0,0,cuda
mistral_7b_instruct_v0p3__math_test_00107_fd74cd11__temp0.10__seed7,mistral_7b_instruct_v0p3,mistralai/Mistral-7B-Instruct-v0.3,math_test_00107_fd74cd11,math,MATH 3,math,107,0.1,7,minimal_json,default,0,0,0,1,14,14,8,0.0,0,cuda
mistral_7b_instruct_v0p3__math_test_00108_611e7552__temp0.10__seed7,mistral_7b_instruct_v0p3,mistralai/Mistral-7B-Instruct-v0.3,math_test_00108_611e7552,math,MATH 1,math,108,0.1,7,minimal_json,default,0,0,0,1,14,2,3,0.0,0,cuda
mistral_7b_instruct_v0p3__math_test_00109_d90424d8__temp0.10__seed7,mistral_7b_instruct_v0p3,mistralai/Mistral-7B-Instruct-v0.3,math_test_00109_d90424d8,math,MATH 5,math,109,0.1,7,minimal_json,default,0,0,0,1,14,14,9,0.0,0,cuda
mistral_7b_instruct_v0p3__math_test_00110_72b3623f__temp0.10__seed7,mistral_7b_instruct_v0p3,mistralai/Mistral-7B-Instruct-v0.3,math_test_00110_72b3623f,math,MATH 1,math,110,0.1,7,minimal_json,default,0,1,1,1,1,4,12,1.0,0,cuda
mistral_7b_instruct_v0p3__math_test_00111_d752e2e3__temp0.10__seed7,mistral_7b_instruct_v0p3,mistralai/Mistral-7B-Instruct-v0.3,math_test_00111_d752e2e3,math,MATH 5,math,111,0.1,7,minimal_json,default,0,0,0,1,14,1,2,0.0,0,cuda
mistral_7b_instruct_v0p3__math_test_00112_84e6f7fa__temp0.10__seed7,mistral_7b_instruct_v0p3,mistralai/Mistral-7B-Instruct-v0.3,math_test_00112_84e6f7fa,math,MATH 2,math,112,0.1,7,minimal_json,default,0,0,0,1,14,4,4,0.0,0,cuda
mistral_7b_instruct_v0p3__math_test_00113_f30e88a0__temp0.10__seed7,mistral_7b_instruct_v0p3,mistralai/Mistral-7B-Instruct-v0.3,math_test_00113_f30e88a0,math,MATH 3,math,113,0.1,7,minimal_json,default,0,0,0,1,14,9,7,0.0,0,cuda
mistral_7b_instruct_v0p3__math_test_00114_deb9efc8__temp0.10__seed7,mistral_7b_instruct_v0p3,mistralai/Mistral-7B-Instruct-v0.3,math_test_00114_deb9efc8,math,MATH 2,math,114,0.1,7,minimal_json,default,0,0,0,1,14,4,3,0.0,0,cuda
mistral_7b_instruct_v0p3__math_test_00115_e20c9b7a__temp0.10__seed7,mistral_7b_instruct_v0p3,mistralai/Mistral-7B-Instruct-v0.3,math_test_00115_e20c9b7a,math,MATH 4,math,115,0.1,7,minimal_json,default,0,0,0,1,14,13,8,0.0,0,cuda
mistral_7b_instruct_v0p3__math_test_00116_61f50e3d__temp0.10__seed7,mistral_7b_instruct_v0p3,mistralai/Mistral-7B-Instruct-v0.3,math_test_00116_61f50e3d,math,MATH 4,math,116,0.1,7,minimal_json,default,0,0,0,1,14,4,4,0.0,0,cuda
mistral_7b_instruct_v0p3__math_test_00117_e884ad93__temp0.10__seed7,mistral_7b_instruct_v0p3,mistralai/Mistral-7B-Instruct-v0.3,math_test_00117_e884ad93,math,MATH 4,math,117,0.1,7,minimal_json,default,0,0,0,1,14,1,6,0.0,0,cuda
mistral_7b_instruct_v0p3__math_test_00118_fc8ebbb3__temp0.10__seed7,mistral_7b_instruct_v0p3,mistralai/Mistral-7B-Instruct-v0.3,math_test_00118_fc8ebbb3,math,MATH 1,math,118,0.1,7,minimal_json,default,0,0,0,1,14,1,3,0.0,0,cuda
mistral_7b_instruct_v0p3__math_test_00119_a6218ea2__temp0.10__seed7,mistral_7b_instruct_v0p3,mistralai/Mistral-7B-Instruct-v0.3,math_test_00119_a6218ea2,math,MATH 5,math,119,0.1,7,minimal_json,default,0,0,0,1,14,10,13,0.0,0,cuda
mistral_7b_instruct_v0p3__math_test_00120_8eef5288__temp0.10__seed7,mistral_7b_instruct_v0p3,mistralai/Mistral-7B-Instruct-v0.3,math_test_00120_8eef5288,math,MATH 2,math,120,0.1,7,minimal_json,default,0,0,0,1,14,1,2,0.0,0,cuda
mistral_7b_instruct_v0p3__math_test_00121_23cfdf25__temp0.10__seed7,mistral_7b_instruct_v0p3,mistralai/Mistral-7B-Instruct-v0.3,math_test_00121_23cfdf25,math,MATH 5,math,121,0.1,7,minimal_json,default,0,0,0,1,14,14,4,0.0,0,cuda
mistral_7b_instruct_v0p3__math_test_00122_fdf4300d__temp0.10__seed7,mistral_7b_instruct_v0p3,mistralai/Mistral-7B-Instruct-v0.3,math_test_00122_fdf4300d,math,MATH 3,math,122,0.1,7,minimal_json,default,0,0,0,1,14,13,12,0.0,0,cuda
mistral_7b_instruct_v0p3__math_test_00123_860f65d4__temp0.10__seed7,mistral_7b_instruct_v0p3,mistralai/Mistral-7B-Instruct-v0.3,math_test_00123_860f65d4,math,MATH 5,math,123,0.1,7,minimal_json,default,0,0,0,1,14,14,9,0.0,0,cuda
mistral_7b_instruct_v0p3__math_test_00124_93bacf2d__temp0.10__seed7,mistral_7b_instruct_v0p3,mistralai/Mistral-7B-Instruct-v0.3,math_test_00124_93bacf2d,math,MATH 4,math,124,0.1,7,minimal_json,default,0,0,0,1,14,1,0,0.0,0,cuda
mistral_7b_instruct_v0p3__math_test_00125_e5ac5620__temp0.10__seed7,mistral_7b_instruct_v0p3,mistralai/Mistral-7B-Instruct-v0.3,math_test_00125_e5ac5620,math,MATH 4,math,125,0.1,7,minimal_json,default,0,0,0,1,14,12,11,0.0,0,cuda
mistral_7b_instruct_v0p3__math_test_00126_81f4f6da__temp0.10__seed7,mistral_7b_instruct_v0p3,mistralai/Mistral-7B-Instruct-v0.3,math_test_00126_81f4f6da,math,MATH 3,math,126,0.1,7,minimal_json,default,0,0,0,1,14,14,7,0.0,0,cuda
mistral_7b_instruct_v0p3__math_test_00127_831d47a3__temp0.10__seed7,mistral_7b_instruct_v0p3,mistralai/Mistral-7B-Instruct-v0.3,math_test_00127_831d47a3,math,MATH 2,math,127,0.1,7,minimal_json,default,0,0,0,1,14,11,8,0.0,0,cuda
mistral_7b_instruct_v0p3__math_test_00128_34115c3f__temp0.10__seed7,mistral_7b_instruct_v0p3,mistralai/Mistral-7B-Instruct-v0.3,math_test_00128_34115c3f,math,MATH 4,math,128,0.1,7,minimal_json,default,0,0,0,1,14,8,9,0.0,0,cuda
mistral_7b_instruct_v0p3__math_test_00129_13560ab9__temp0.10__seed7,mistral_7b_instruct_v0p3,mistralai/Mistral-7B-Instruct-v0.3,math_test_00129_13560ab9,math,MATH 3,math,129,0.1,7,minimal_json,default,0,0,0,1,14,14,12,0.0,0,cuda
mistral_7b_instruct_v0p3__math_test_00130_587c37e4__temp0.10__seed7,mistral_7b_instruct_v0p3,mistralai/Mistral-7B-Instruct-v0.3,math_test_00130_587c37e4,math,MATH 4,math,130,0.1,7,minimal_json,default,0,0,0,1,14,14,8,0.0,0,cuda
mistral_7b_instruct_v0p3__math_test_00131_e4690c90__temp0.10__seed7,mistral_7b_instruct_v0p3,mistralai/Mistral-7B-Instruct-v0.3,math_test_00131_e4690c90,math,MATH 2,math,131,0.1,7,minimal_json,default,0,0,0,1,14,3,8,0.0,0,cuda
mistral_7b_instruct_v0p3__math_test_00132_9804c9ed__temp0.10__seed7,mistral_7b_instruct_v0p3,mistralai/Mistral-7B-Instruct-v0.3,math_test_00132_9804c9ed,math,MATH 4,math,132,0.1,7,minimal_json,default,0,0,0,1,14,5,4,0.0,0,cuda
mistral_7b_instruct_v0p3__math_test_00133_efc15efb__temp0.10__seed7,mistral_7b_instruct_v0p3,mistralai/Mistral-7B-Instruct-v0.3,math_test_00133_efc15efb,math,MATH 3,math,133,0.1,7,minimal_json,default,0,0,0,1,14,1,2,0.0,0,cuda
mistral_7b_instruct_v0p3__math_test_00134_729aab2d__temp0.10__seed7,mistral_7b_instruct_v0p3,mistralai/Mistral-7B-Instruct-v0.3,math_test_00134_729aab2d,math,MATH 5,math,134,0.1,7,minimal_json,default,0,0,0,1,14,6,6,0.0,0,cuda
mistral_7b_instruct_v0p3__math_test_00135_cc85526c__temp0.10__seed7,mistral_7b_instruct_v0p3,mistralai/Mistral-7B-Instruct-v0.3,math_test_00135_cc85526c,math,MATH 3,math,135,0.1,7,minimal_json,default,0,0,0,1,14,1,7,0.0,0,cuda
mistral_7b_instruct_v0p3__math_test_00136_8e69a186__temp0.10__seed7,mistral_7b_instruct_v0p3,mistralai/Mistral-7B-Instruct-v0.3,math_test_00136_8e69a186,math,MATH 2,math,136,0.1,7,minimal_json,default,0,0,0,1,14,8,1,0.0,0,cuda
mistral_7b_instruct_v0p3__math_test_00137_66c4d3d6__temp0.10__seed7,mistral_7b_instruct_v0p3,mistralai/Mistral-7B-Instruct-v0.3,math_test_00137_66c4d3d6,math,MATH 4,math,137,0.1,7,minimal_json,default,0,0,0,1,14,1,6,0.0,0,cuda
mistral_7b_instruct_v0p3__math_test_00138_3cca3484__temp0.10__seed7,mistral_7b_instruct_v0p3,mistralai/Mistral-7B-Instruct-v0.3,math_test_00138_3cca3484,math,MATH 5,math,138,0.1,7,minimal_json,default,0,0,0,1,14,14,10,0.0,0,cuda
mistral_7b_instruct_v0p3__math_test_00139_55101384__temp0.10__seed7,mistral_7b_instruct_v0p3,mistralai/Mistral-7B-Instruct-v0.3,math_test_00139_55101384,math,MATH 3,math,139,0.1,7,minimal_json,default,0,0,0,1,14,4,4,0.0,0,cuda
mistral_7b_instruct_v0p3__math_test_00140_9c2a8a8c__temp0.10__seed7,mistral_7b_instruct_v0p3,mistralai/Mistral-7B-Instruct-v0.3,math_test_00140_9c2a8a8c,math,MATH 5,math,140,0.1,7,minimal_json,default,0,1,0,12,12,2,10,0.44999999999999996,1,cuda
mistral_7b_instruct_v0p3__math_test_00141_fa53302b__temp0.10__seed7,mistral_7b_instruct_v0p3,mistralai/Mistral-7B-Instruct-v0.3,math_test_00141_fa53302b,math,MATH 5,math,141,0.1,7,minimal_json,default,0,0,0,1,14,1,11,0.0,0,cuda
mistral_7b_instruct_v0p3__math_test_00142_a535d7ed__temp0.10__seed7,mistral_7b_instruct_v0p3,mistralai/Mistral-7B-Instruct-v0.3,math_test_00142_a535d7ed,math,MATH 3,math,142,0.1,7,minimal_json,default,0,0,0,1,14,3,9,0.0,0,cuda
mistral_7b_instruct_v0p3__math_test_00143_f0361309__temp0.10__seed7,mistral_7b_instruct_v0p3,mistralai/Mistral-7B-Instruct-v0.3,math_test_00143_f0361309,math,MATH 2,math,143,0.1,7,minimal_json,default,0,1,1,1,1,3,2,1.0,0,cuda
mistral_7b_instruct_v0p3__math_test_00144_3287fa74__temp0.10__seed7,mistral_7b_instruct_v0p3,mistralai/Mistral-7B-Instruct-v0.3,math_test_00144_3287fa74,math,MATH 1,math,144,0.1,7,minimal_json,default,0,0,0,1,14,14,8,0.0,0,cuda
mistral_7b_instruct_v0p3__math_test_00145_bb1c005f__temp0.10__seed7,mistral_7b_instruct_v0p3,mistralai/Mistral-7B-Instruct-v0.3,math_test_00145_bb1c005f,math,MATH 3,math,145,0.1,7,minimal_json,default,0,0,0,1,14,1,1,0.0,0,cuda
mistral_7b_instruct_v0p3__math_test_00146_faf5031d__temp0.10__seed7,mistral_7b_instruct_v0p3,mistralai/Mistral-7B-Instruct-v0.3,math_test_00146_faf5031d,math,MATH 3,math,146,0.1,7,minimal_json,default,0,0,0,1,14,12,12,0.0,0,cuda
mistral_7b_instruct_v0p3__math_test_00147_390c3a01__temp0.10__seed7,mistral_7b_instruct_v0p3,mistralai/Mistral-7B-Instruct-v0.3,math_test_00147_390c3a01,math,MATH 4,math,147,0.1,7,minimal_json,default,0,0,0,1,14,3,2,0.0,0,cuda
mistral_7b_instruct_v0p3__math_test_00148_c9dddba4__temp0.10__seed7,mistral_7b_instruct_v0p3,mistralai/Mistral-7B-Instruct-v0.3,math_test_00148_c9dddba4,math,MATH 3,math,148,0.1,7,minimal_json,default,0,0,0,1,14,4,4,0.0,0,cuda
mistral_7b_instruct_v0p3__math_test_00149_805d659b__temp0.10__seed7,mistral_7b_instruct_v0p3,mistralai/Mistral-7B-Instruct-v0.3,math_test_00149_805d659b,math,MATH 5,math,149,0.1,7,minimal_json,default,0,0,0,1,14,14,13,0.0,0,cuda
mistral_7b_instruct_v0p3__math_test_00150_f0a2fdf6__temp0.10__seed7,mistral_7b_instruct_v0p3,mistralai/Mistral-7B-Instruct-v0.3,math_test_00150_f0a2fdf6,math,MATH 4,math,150,0.1,7,minimal_json,default,0,0,0,1,14,1,4,0.0,0,cuda
mistral_7b_instruct_v0p3__math_test_00151_3228d9fb__temp0.10__seed7,mistral_7b_instruct_v0p3,mistralai/Mistral-7B-Instruct-v0.3,math_test_00151_3228d9fb,math,MATH 2,math,151,0.1,7,minimal_json,default,0,0,0,1,14,8,12,0.0,0,cuda
mistral_7b_instruct_v0p3__math_test_00152_df146136__temp0.10__seed7,mistral_7b_instruct_v0p3,mistralai/Mistral-7B-Instruct-v0.3,math_test_00152_df146136,math,MATH 4,math,152,0.1,7,minimal_json,default,0,0,0,1,14,4,5,0.0,0,cuda
mistral_7b_instruct_v0p3__math_test_00153_e0a74423__temp0.10__seed7,mistral_7b_instruct_v0p3,mistralai/Mistral-7B-Instruct-v0.3,math_test_00153_e0a74423,math,MATH 5,math,153,0.1,7,minimal_json,default,0,0,0,1,14,2,3,0.0,0,cuda
mistral_7b_instruct_v0p3__math_test_00154_7dc5f86e__temp0.10__seed7,mistral_7b_instruct_v0p3,mistralai/Mistral-7B-Instruct-v0.3,math_test_00154_7dc5f86e,math,MATH 2,math,154,0.1,7,minimal_json,default,0,1,1,1,1,3,8,1.0,1,cuda
mistral_7b_instruct_v0p3__math_test_00155_ee27b543__temp0.10__seed7,mistral_7b_instruct_v0p3,mistralai/Mistral-7B-Instruct-v0.3,math_test_00155_ee27b543,math,MATH 4,math,155,0.1,7,minimal_json,default,0,0,0,1,14,11,10,0.0,0,cuda
mistral_7b_instruct_v0p3__math_test_00156_95b47adc__temp0.10__seed7,mistral_7b_instruct_v0p3,mistralai/Mistral-7B-Instruct-v0.3,math_test_00156_95b47adc,math,MATH 3,math,156,0.1,7,minimal_json,default,0,0,0,1,14,12,8,0.0,0,cuda
mistral_7b_instruct_v0p3__math_test_00157_37701db8__temp0.10__seed7,mistral_7b_instruct_v0p3,mistralai/Mistral-7B-Instruct-v0.3,math_test_00157_37701db8,math,MATH 3,math,157,0.1,7,minimal_json,default,0,0,0,1,14,9,9,0.0,0,cuda
mistral_7b_instruct_v0p3__math_test_00158_15e70720__temp0.10__seed7,mistral_7b_instruct_v0p3,mistralai/Mistral-7B-Instruct-v0.3,math_test_00158_15e70720,math,MATH 1,math,158,0.1,7,minimal_json,default,0,1,0,4,4,4,10,0.85,0,cuda
mistral_7b_instruct_v0p3__math_test_00159_7acc030c__temp0.10__seed7,mistral_7b_instruct_v0p3,mistralai/Mistral-7B-Instruct-v0.3,math_test_00159_7acc030c,math,MATH 4,math,159,0.1,7,minimal_json,default,0,1,0,11,11,14,11,0.5,0,cuda
mistral_7b_instruct_v0p3__math_test_00160_e84fb95f__temp0.10__seed7,mistral_7b_instruct_v0p3,mistralai/Mistral-7B-Instruct-v0.3,math_test_00160_e84fb95f,math,MATH 5,math,160,0.1,7,minimal_json,default,0,0,0,1,14,9,7,0.0,0,cuda
mistral_7b_instruct_v0p3__math_test_00161_643e7dc4__temp0.10__seed7,mistral_7b_instruct_v0p3,mistralai/Mistral-7B-Instruct-v0.3,math_test_00161_643e7dc4,math,MATH 1,math,161,0.1,7,minimal_json,default,0,0,0,1,14,4,3,0.0,0,cuda
mistral_7b_instruct_v0p3__math_test_00162_45ed500c__temp0.10__seed7,mistral_7b_instruct_v0p3,mistralai/Mistral-7B-Instruct-v0.3,math_test_00162_45ed500c,math,MATH 3,math,162,0.1,7,minimal_json,default,0,0,0,1,14,14,10,0.0,0,cuda
mistral_7b_instruct_v0p3__math_test_00163_6f88c8c4__temp0.10__seed7,mistral_7b_instruct_v0p3,mistralai/Mistral-7B-Instruct-v0.3,math_test_00163_6f88c8c4,math,MATH 2,math,163,0.1,7,minimal_json,default,0,0,0,1,14,1,5,0.0,0,cuda
mistral_7b_instruct_v0p3__math_test_00164_a06c5428__temp0.10__seed7,mistral_7b_instruct_v0p3,mistralai/Mistral-7B-Instruct-v0.3,math_test_00164_a06c5428,math,MATH 3,math,164,0.1,7,minimal_json,default,0,0,0,1,14,14,12,0.0,0,cuda
mistral_7b_instruct_v0p3__math_test_00165_2bb09b99__temp0.10__seed7,mistral_7b_instruct_v0p3,mistralai/Mistral-7B-Instruct-v0.3,math_test_00165_2bb09b99,math,MATH 5,math,165,0.1,7,minimal_json,default,0,0,0,1,14,4,5,0.0,0,cuda
mistral_7b_instruct_v0p3__math_test_00166_e1652a94__temp0.10__seed7,mistral_7b_instruct_v0p3,mistralai/Mistral-7B-Instruct-v0.3,math_test_00166_e1652a94,math,MATH 2,math,166,0.1,7,minimal_json,default,0,0,0,1,14,5,5,0.0,0,cuda
mistral_7b_instruct_v0p3__math_test_00167_87ffe725__temp0.10__seed7,mistral_7b_instruct_v0p3,mistralai/Mistral-7B-Instruct-v0.3,math_test_00167_87ffe725,math,MATH 2,math,167,0.1,7,minimal_json,default,0,0,0,1,14,2,3,0.0,0,cuda
mistral_7b_instruct_v0p3__math_test_00168_0f3086b8__temp0.10__seed7,mistral_7b_instruct_v0p3,mistralai/Mistral-7B-Instruct-v0.3,math_test_00168_0f3086b8,math,MATH 2,math,168,0.1,7,minimal_json,default,0,1,1,1,1,1,10,1.0,0,cuda
mistral_7b_instruct_v0p3__math_test_00169_1a29884e__temp0.10__seed7,mistral_7b_instruct_v0p3,mistralai/Mistral-7B-Instruct-v0.3,math_test_00169_1a29884e,math,MATH 5,math,169,0.1,7,minimal_json,default,0,0,0,1,14,5,4,0.0,0,cuda
mistral_7b_instruct_v0p3__math_test_00170_7682a602__temp0.10__seed7,mistral_7b_instruct_v0p3,mistralai/Mistral-7B-Instruct-v0.3,math_test_00170_7682a602,math,MATH 5,math,170,0.1,7,minimal_json,default,0,0,0,1,14,1,3,0.0,0,cuda
mistral_7b_instruct_v0p3__math_test_00171_dae831e4__temp0.10__seed7,mistral_7b_instruct_v0p3,mistralai/Mistral-7B-Instruct-v0.3,math_test_00171_dae831e4,math,MATH 5,math,171,0.1,7,minimal_json,default,0,0,0,1,14,14,4,0.0,0,cuda
mistral_7b_instruct_v0p3__math_test_00172_6af9182b__temp0.10__seed7,mistral_7b_instruct_v0p3,mistralai/Mistral-7B-Instruct-v0.3,math_test_00172_6af9182b,math,MATH 4,math,172,0.1,7,minimal_json,default,0,0,0,1,14,6,4,0.0,0,cuda
mistral_7b_instruct_v0p3__math_test_00173_f7741471__temp0.10__seed7,mistral_7b_instruct_v0p3,mistralai/Mistral-7B-Instruct-v0.3,math_test_00173_f7741471,math,MATH 3,math,173,0.1,7,minimal_json,default,0,0,0,1,14,1,5,0.0,0,cuda
mistral_7b_instruct_v0p3__math_test_00174_660b0932__temp0.10__seed7,mistral_7b_instruct_v0p3,mistralai/Mistral-7B-Instruct-v0.3,math_test_00174_660b0932,math,MATH 3,math,174,0.1,7,minimal_json,default,0,0,0,1,14,4,4,0.0,0,cuda
mistral_7b_instruct_v0p3__math_test_00175_ad581760__temp0.10__seed7,mistral_7b_instruct_v0p3,mistralai/Mistral-7B-Instruct-v0.3,math_test_00175_ad581760,math,MATH 4,math,175,0.1,7,minimal_json,default,0,0,0,1,14,8,4,0.0,0,cuda
mistral_7b_instruct_v0p3__math_test_00176_3ab8fbcf__temp0.10__seed7,mistral_7b_instruct_v0p3,mistralai/Mistral-7B-Instruct-v0.3,math_test_00176_3ab8fbcf,math,MATH 2,math,176,0.1,7,minimal_json,default,0,0,0,1,14,6,9,0.0,0,cuda
mistral_7b_instruct_v0p3__math_test_00177_88f25299__temp0.10__seed7,mistral_7b_instruct_v0p3,mistralai/Mistral-7B-Instruct-v0.3,math_test_00177_88f25299,math,MATH 4,math,177,0.1,7,minimal_json,default,0,0,0,1,14,2,1,0.0,0,cuda
mistral_7b_instruct_v0p3__math_test_00178_af59f7e2__temp0.10__seed7,mistral_7b_instruct_v0p3,mistralai/Mistral-7B-Instruct-v0.3,math_test_00178_af59f7e2,math,MATH 1,math,178,0.1,7,minimal_json,default,0,0,0,1,14,9,12,0.0,0,cuda
mistral_7b_instruct_v0p3__math_test_00179_50c278d5__temp0.10__seed7,mistral_7b_instruct_v0p3,mistralai/Mistral-7B-Instruct-v0.3,math_test_00179_50c278d5,math,MATH 1,math,179,0.1,7,minimal_json,default,0,1,1,1,1,10,13,1.0,0,cuda
mistral_7b_instruct_v0p3__math_test_00180_409f8858__temp0.10__seed7,mistral_7b_instruct_v0p3,mistralai/Mistral-7B-Instruct-v0.3,math_test_00180_409f8858,math,MATH 4,math,180,0.1,7,minimal_json,default,0,0,0,1,14,1,3,0.0,0,cuda
mistral_7b_instruct_v0p3__math_test_00181_40a8a07f__temp0.10__seed7,mistral_7b_instruct_v0p3,mistralai/Mistral-7B-Instruct-v0.3,math_test_00181_40a8a07f,math,MATH 3,math,181,0.1,7,minimal_json,default,0,0,0,1,14,2,3,0.0,0,cuda
mistral_7b_instruct_v0p3__math_test_00182_5eec73ff__temp0.10__seed7,mistral_7b_instruct_v0p3,mistralai/Mistral-7B-Instruct-v0.3,math_test_00182_5eec73ff,math,MATH 4,math,182,0.1,7,minimal_json,default,0,0,0,1,14,1,0,0.0,0,cuda
mistral_7b_instruct_v0p3__math_test_00183_8feeefff__temp0.10__seed7,mistral_7b_instruct_v0p3,mistralai/Mistral-7B-Instruct-v0.3,math_test_00183_8feeefff,math,MATH 5,math,183,0.1,7,minimal_json,default,0,0,0,1,14,2,5,0.0,0,cuda
mistral_7b_instruct_v0p3__math_test_00184_78e3c175__temp0.10__seed7,mistral_7b_instruct_v0p3,mistralai/Mistral-7B-Instruct-v0.3,math_test_00184_78e3c175,math,MATH 4,math,184,0.1,7,minimal_json,default,0,0,0,1,14,4,5,0.0,0,cuda
mistral_7b_instruct_v0p3__math_test_00185_b9d67ef5__temp0.10__seed7,mistral_7b_instruct_v0p3,mistralai/Mistral-7B-Instruct-v0.3,math_test_00185_b9d67ef5,math,MATH 2,math,185,0.1,7,minimal_json,default,0,0,0,1,14,14,12,0.0,0,cuda
mistral_7b_instruct_v0p3__math_test_00186_ac02199f__temp0.10__seed7,mistral_7b_instruct_v0p3,mistralai/Mistral-7B-Instruct-v0.3,math_test_00186_ac02199f,math,MATH 5,math,186,0.1,7,minimal_json,default,0,0,0,1,14,3,0,0.0,0,cuda
mistral_7b_instruct_v0p3__math_test_00187_b2db12b1__temp0.10__seed7,mistral_7b_instruct_v0p3,mistralai/Mistral-7B-Instruct-v0.3,math_test_00187_b2db12b1,math,MATH 5,math,187,0.1,7,minimal_json,default,0,0,0,1,14,1,4,0.0,0,cuda
mistral_7b_instruct_v0p3__math_test_00188_c57b9f68__temp0.10__seed7,mistral_7b_instruct_v0p3,mistralai/Mistral-7B-Instruct-v0.3,math_test_00188_c57b9f68,math,MATH 4,math,188,0.1,7,minimal_json,default,0,1,1,1,1,3,2,1.0,1,cuda
mistral_7b_instruct_v0p3__math_test_00189_d2f49b7f__temp0.10__seed7,mistral_7b_instruct_v0p3,mistralai/Mistral-7B-Instruct-v0.3,math_test_00189_d2f49b7f,math,MATH 5,math,189,0.1,7,minimal_json,default,0,0,0,1,14,11,10,0.0,0,cuda
mistral_7b_instruct_v0p3__math_test_00190_ad0c55dc__temp0.10__seed7,mistral_7b_instruct_v0p3,mistralai/Mistral-7B-Instruct-v0.3,math_test_00190_ad0c55dc,math,MATH 2,math,190,0.1,7,minimal_json,default,0,0,0,1,14,8,8,0.0,0,cuda
mistral_7b_instruct_v0p3__math_test_00191_b20822d9__temp0.10__seed7,mistral_7b_instruct_v0p3,mistralai/Mistral-7B-Instruct-v0.3,math_test_00191_b20822d9,math,MATH 3,math,191,0.1,7,minimal_json,default,0,0,0,1,14,7,8,0.0,0,cuda
mistral_7b_instruct_v0p3__math_test_00192_a6795966__temp0.10__seed7,mistral_7b_instruct_v0p3,mistralai/Mistral-7B-Instruct-v0.3,math_test_00192_a6795966,math,MATH 1,math,192,0.1,7,minimal_json,default,0,0,0,1,14,3,4,0.0,0,cuda
mistral_7b_instruct_v0p3__math_test_00193_027d8061__temp0.10__seed7,mistral_7b_instruct_v0p3,mistralai/Mistral-7B-Instruct-v0.3,math_test_00193_027d8061,math,MATH 3,math,193,0.1,7,minimal_json,default,0,0,0,1,14,9,3,0.0,0,cuda
mistral_7b_instruct_v0p3__math_test_00194_f51f6dd0__temp0.10__seed7,mistral_7b_instruct_v0p3,mistralai/Mistral-7B-Instruct-v0.3,math_test_00194_f51f6dd0,math,MATH 5,math,194,0.1,7,minimal_json,default,0,0,0,1,14,14,5,0.0,0,cuda
mistral_7b_instruct_v0p3__math_test_00195_7cc2d650__temp0.10__seed7,mistral_7b_instruct_v0p3,mistralai/Mistral-7B-Instruct-v0.3,math_test_00195_7cc2d650,math,MATH 2,math,195,0.1,7,minimal_json,default,0,0,0,1,14,4,12,0.0,0,cuda
mistral_7b_instruct_v0p3__math_test_00196_4e15c27d__temp0.10__seed7,mistral_7b_instruct_v0p3,mistralai/Mistral-7B-Instruct-v0.3,math_test_00196_4e15c27d,math,MATH 3,math,196,0.1,7,minimal_json,default,0,0,0,1,14,1,5,0.0,0,cuda
mistral_7b_instruct_v0p3__math_test_00197_ed195676__temp0.10__seed7,mistral_7b_instruct_v0p3,mistralai/Mistral-7B-Instruct-v0.3,math_test_00197_ed195676,math,MATH 5,math,197,0.1,7,minimal_json,default,0,0,0,1,14,6,4,0.0,0,cuda
mistral_7b_instruct_v0p3__math_test_00198_85b6e7ea__temp0.10__seed7,mistral_7b_instruct_v0p3,mistralai/Mistral-7B-Instruct-v0.3,math_test_00198_85b6e7ea,math,MATH 4,math,198,0.1,7,minimal_json,default,0,0,0,1,14,1,5,0.0,0,cuda
mistral_7b_instruct_v0p3__math_test_00199_c19f27fd__temp0.10__seed7,mistral_7b_instruct_v0p3,mistralai/Mistral-7B-Instruct-v0.3,math_test_00199_c19f27fd,math,MATH 5,math,199,0.1,7,minimal_json,default,0,0,0,1,14,14,5,0.0,0,cuda
mistral_7b_instruct_v0p3__math_test_00200_bd1fc1ea__temp0.10__seed7,mistral_7b_instruct_v0p3,mistralai/Mistral-7B-Instruct-v0.3,math_test_00200_bd1fc1ea,math,MATH 4,math,200,0.1,7,minimal_json,default,0,0,0,1,14,11,9,0.0,0,cuda
mistral_7b_instruct_v0p3__math_test_00201_464f6898__temp0.10__seed7,mistral_7b_instruct_v0p3,mistralai/Mistral-7B-Instruct-v0.3,math_test_00201_464f6898,math,MATH 5,math,201,0.1,7,minimal_json,default,0,0,0,1,14,14,7,0.0,0,cuda
mistral_7b_instruct_v0p3__math_test_00202_8904dc37__temp0.10__seed7,mistral_7b_instruct_v0p3,mistralai/Mistral-7B-Instruct-v0.3,math_test_00202_8904dc37,math,MATH 4,math,202,0.1,7,minimal_json,default,0,0,0,1,14,4,2,0.0,0,cuda
mistral_7b_instruct_v0p3__math_test_00203_d026abb8__temp0.10__seed7,mistral_7b_instruct_v0p3,mistralai/Mistral-7B-Instruct-v0.3,math_test_00203_d026abb8,math,MATH 4,math,203,0.1,7,minimal_json,default,0,0,0,1,14,6,2,0.0,0,cuda
mistral_7b_instruct_v0p3__math_test_00204_75f78286__temp0.10__seed7,mistral_7b_instruct_v0p3,mistralai/Mistral-7B-Instruct-v0.3,math_test_00204_75f78286,math,MATH 4,math,204,0.1,7,minimal_json,default,0,0,0,1,14,1,4,0.0,0,cuda
mistral_7b_instruct_v0p3__math_test_00205_35364df7__temp0.10__seed7,mistral_7b_instruct_v0p3,mistralai/Mistral-7B-Instruct-v0.3,math_test_00205_35364df7,math,MATH 3,math,205,0.1,7,minimal_json,default,0,0,0,1,14,5,9,0.0,0,cuda
mistral_7b_instruct_v0p3__math_test_00206_a6788c30__temp0.10__seed7,mistral_7b_instruct_v0p3,mistralai/Mistral-7B-Instruct-v0.3,math_test_00206_a6788c30,math,MATH 5,math,206,0.1,7,minimal_json,default,0,0,0,1,14,9,0,0.0,0,cuda
mistral_7b_instruct_v0p3__math_test_00207_627fc1ba__temp0.10__seed7,mistral_7b_instruct_v0p3,mistralai/Mistral-7B-Instruct-v0.3,math_test_00207_627fc1ba,math,MATH 5,math,207,0.1,7,minimal_json,default,0,0,0,1,14,14,6,0.0,0,cuda
mistral_7b_instruct_v0p3__math_test_00208_43f47031__temp0.10__seed7,mistral_7b_instruct_v0p3,mistralai/Mistral-7B-Instruct-v0.3,math_test_00208_43f47031,math,MATH 2,math,208,0.1,7,minimal_json,default,0,1,1,1,1,2,5,1.0,1,cuda
mistral_7b_instruct_v0p3__math_test_00209_877944fa__temp0.10__seed7,mistral_7b_instruct_v0p3,mistralai/Mistral-7B-Instruct-v0.3,math_test_00209_877944fa,math,MATH 4,math,209,0.1,7,minimal_json,default,0,0,0,1,14,14,5,0.0,0,cuda
mistral_7b_instruct_v0p3__math_test_00210_51592ad6__temp0.10__seed7,mistral_7b_instruct_v0p3,mistralai/Mistral-7B-Instruct-v0.3,math_test_00210_51592ad6,math,MATH 1,math,210,0.1,7,minimal_json,default,0,1,1,1,1,1,3,1.0,1,cuda
mistral_7b_instruct_v0p3__math_test_00211_4c873421__temp0.10__seed7,mistral_7b_instruct_v0p3,mistralai/Mistral-7B-Instruct-v0.3,math_test_00211_4c873421,math,MATH 2,math,211,0.1,7,minimal_json,default,0,1,1,1,1,1,6,1.0,1,cuda
mistral_7b_instruct_v0p3__math_test_00212_a1acafa6__temp0.10__seed7,mistral_7b_instruct_v0p3,mistralai/Mistral-7B-Instruct-v0.3,math_test_00212_a1acafa6,math,MATH 4,math,212,0.1,7,minimal_json,default,0,0,0,1,14,14,7,0.0,0,cuda
mistral_7b_instruct_v0p3__math_test_00213_4bf84a38__temp0.10__seed7,mistral_7b_instruct_v0p3,mistralai/Mistral-7B-Instruct-v0.3,math_test_00213_4bf84a38,math,MATH 1,math,213,0.1,7,minimal_json,default,0,0,0,1,14,1,6,0.0,0,cuda
mistral_7b_instruct_v0p3__math_test_00214_dd220dbb__temp0.10__seed7,mistral_7b_instruct_v0p3,mistralai/Mistral-7B-Instruct-v0.3,math_test_00214_dd220dbb,math,MATH 2,math,214,0.1,7,minimal_json,default,0,0,0,1,14,1,13,0.0,0,cuda
mistral_7b_instruct_v0p3__math_test_00215_d650ba63__temp0.10__seed7,mistral_7b_instruct_v0p3,mistralai/Mistral-7B-Instruct-v0.3,math_test_00215_d650ba63,math,MATH 2,math,215,0.1,7,minimal_json,default,0,1,1,1,1,1,9,1.0,0,cuda
mistral_7b_instruct_v0p3__math_test_00216_bb0c5189__temp0.10__seed7,mistral_7b_instruct_v0p3,mistralai/Mistral-7B-Instruct-v0.3,math_test_00216_bb0c5189,math,MATH 3,math,216,0.1,7,minimal_json,default,0,0,0,1,14,7,5,0.0,0,cuda
mistral_7b_instruct_v0p3__math_test_00217_f16ba217__temp0.10__seed7,mistral_7b_instruct_v0p3,mistralai/Mistral-7B-Instruct-v0.3,math_test_00217_f16ba217,math,MATH 5,math,217,0.1,7,minimal_json,default,0,0,0,1,14,6,4,0.0,0,cuda
mistral_7b_instruct_v0p3__math_test_00218_9ebeec12__temp0.10__seed7,mistral_7b_instruct_v0p3,mistralai/Mistral-7B-Instruct-v0.3,math_test_00218_9ebeec12,math,MATH 1,math,218,0.1,7,minimal_json,default,0,1,1,1,1,3,2,1.0,1,cuda
mistral_7b_instruct_v0p3__math_test_00219_9ce0114c__temp0.10__seed7,mistral_7b_instruct_v0p3,mistralai/Mistral-7B-Instruct-v0.3,math_test_00219_9ce0114c,math,MATH 3,math,219,0.1,7,minimal_json,default,0,0,0,1,14,5,10,0.0,0,cuda
mistral_7b_instruct_v0p3__math_test_00220_c9d4415d__temp0.10__seed7,mistral_7b_instruct_v0p3,mistralai/Mistral-7B-Instruct-v0.3,math_test_00220_c9d4415d,math,MATH 2,math,220,0.1,7,minimal_json,default,0,0,0,1,14,1,0,0.0,0,cuda
mistral_7b_instruct_v0p3__math_test_00221_6ddce785__temp0.10__seed7,mistral_7b_instruct_v0p3,mistralai/Mistral-7B-Instruct-v0.3,math_test_00221_6ddce785,math,MATH 4,math,221,0.1,7,minimal_json,default,0,0,0,1,14,5,4,0.0,0,cuda
mistral_7b_instruct_v0p3__math_test_00222_67d6eb88__temp0.10__seed7,mistral_7b_instruct_v0p3,mistralai/Mistral-7B-Instruct-v0.3,math_test_00222_67d6eb88,math,MATH 5,math,222,0.1,7,minimal_json,default,0,0,0,1,14,5,6,0.0,0,cuda
mistral_7b_instruct_v0p3__math_test_00223_e0d9f4b1__temp0.10__seed7,mistral_7b_instruct_v0p3,mistralai/Mistral-7B-Instruct-v0.3,math_test_00223_e0d9f4b1,math,MATH 4,math,223,0.1,7,minimal_json,default,0,0,0,1,14,3,2,0.0,0,cuda
mistral_7b_instruct_v0p3__math_test_00224_a4838f9f__temp0.10__seed7,mistral_7b_instruct_v0p3,mistralai/Mistral-7B-Instruct-v0.3,math_test_00224_a4838f9f,math,MATH 3,math,224,0.1,7,minimal_json,default,0,0,0,1,14,1,5,0.0,0,cuda
mistral_7b_instruct_v0p3__math_test_00225_aa62338d__temp0.10__seed7,mistral_7b_instruct_v0p3,mistralai/Mistral-7B-Instruct-v0.3,math_test_00225_aa62338d,math,MATH 2,math,225,0.1,7,minimal_json,default,0,0,0,1,14,1,2,0.0,0,cuda
mistral_7b_instruct_v0p3__math_test_00226_4db0af17__temp0.10__seed7,mistral_7b_instruct_v0p3,mistralai/Mistral-7B-Instruct-v0.3,math_test_00226_4db0af17,math,MATH 3,math,226,0.1,7,minimal_json,default,0,0,0,1,14,7,7,0.0,0,cuda
mistral_7b_instruct_v0p3__math_test_00227_bd91686d__temp0.10__seed7,mistral_7b_instruct_v0p3,mistralai/Mistral-7B-Instruct-v0.3,math_test_00227_bd91686d,math,MATH 3,math,227,0.1,7,minimal_json,default,0,1,1,1,1,1,0,1.0,1,cuda
mistral_7b_instruct_v0p3__math_test_00228_f8913fbd__temp0.10__seed7,mistral_7b_instruct_v0p3,mistralai/Mistral-7B-Instruct-v0.3,math_test_00228_f8913fbd,math,MATH 4,math,228,0.1,7,minimal_json,default,0,0,0,1,14,14,11,0.0,0,cuda
mistral_7b_instruct_v0p3__math_test_00229_3671f9fa__temp0.10__seed7,mistral_7b_instruct_v0p3,mistralai/Mistral-7B-Instruct-v0.3,math_test_00229_3671f9fa,math,MATH 5,math,229,0.1,7,minimal_json,default,0,0,0,1,14,14,7,0.0,0,cuda
mistral_7b_instruct_v0p3__math_test_00230_5de9111d__temp0.10__seed7,mistral_7b_instruct_v0p3,mistralai/Mistral-7B-Instruct-v0.3,math_test_00230_5de9111d,math,MATH 1,math,230,0.1,7,minimal_json,default,0,0,0,1,14,2,2,0.0,0,cuda
mistral_7b_instruct_v0p3__math_test_00231_f1b686d3__temp0.10__seed7,mistral_7b_instruct_v0p3,mistralai/Mistral-7B-Instruct-v0.3,math_test_00231_f1b686d3,math,MATH 5,math,231,0.1,7,minimal_json,default,0,0,0,1,14,1,0,0.0,0,cuda
mistral_7b_instruct_v0p3__math_test_00232_99f94cd0__temp0.10__seed7,mistral_7b_instruct_v0p3,mistralai/Mistral-7B-Instruct-v0.3,math_test_00232_99f94cd0,math,MATH 3,math,232,0.1,7,minimal_json,default,0,0,0,1,14,2,2,0.0,0,cuda
mistral_7b_instruct_v0p3__math_test_00233_05e64b69__temp0.10__seed7,mistral_7b_instruct_v0p3,mistralai/Mistral-7B-Instruct-v0.3,math_test_00233_05e64b69,math,MATH 5,math,233,0.1,7,minimal_json,default,0,0,0,1,14,6,4,0.0,0,cuda
mistral_7b_instruct_v0p3__math_test_00234_03dfd5f4__temp0.10__seed7,mistral_7b_instruct_v0p3,mistralai/Mistral-7B-Instruct-v0.3,math_test_00234_03dfd5f4,math,MATH 3,math,234,0.1,7,minimal_json,default,0,0,0,1,14,14,7,0.0,0,cuda
mistral_7b_instruct_v0p3__math_test_00235_13c2c9be__temp0.10__seed7,mistral_7b_instruct_v0p3,mistralai/Mistral-7B-Instruct-v0.3,math_test_00235_13c2c9be,math,MATH 4,math,235,0.1,7,minimal_json,default,0,0,0,1,14,4,3,0.0,0,cuda
mistral_7b_instruct_v0p3__math_test_00236_d5de6a08__temp0.10__seed7,mistral_7b_instruct_v0p3,mistralai/Mistral-7B-Instruct-v0.3,math_test_00236_d5de6a08,math,MATH 1,math,236,0.1,7,minimal_json,default,0,0,0,1,14,8,6,0.0,0,cuda
mistral_7b_instruct_v0p3__math_test_00237_4bcd0b41__temp0.10__seed7,mistral_7b_instruct_v0p3,mistralai/Mistral-7B-Instruct-v0.3,math_test_00237_4bcd0b41,math,MATH 5,math,237,0.1,7,minimal_json,default,0,0,0,1,14,14,8,0.0,0,cuda
mistral_7b_instruct_v0p3__math_test_00238_c8c67f45__temp0.10__seed7,mistral_7b_instruct_v0p3,mistralai/Mistral-7B-Instruct-v0.3,math_test_00238_c8c67f45,math,MATH 4,math,238,0.1,7,minimal_json,default,0,0,0,1,14,14,13,0.0,0,cuda
mistral_7b_instruct_v0p3__math_test_00239_9b20bddf__temp0.10__seed7,mistral_7b_instruct_v0p3,mistralai/Mistral-7B-Instruct-v0.3,math_test_00239_9b20bddf,math,MATH 1,math,239,0.1,7,minimal_json,default,0,1,1,1,1,1,0,1.0,1,cuda
mistral_7b_instruct_v0p3__math_test_00240_52c92561__temp0.10__seed7,mistral_7b_instruct_v0p3,mistralai/Mistral-7B-Instruct-v0.3,math_test_00240_52c92561,math,MATH 2,math,240,0.1,7,minimal_json,default,0,0,0,1,14,14,13,0.0,0,cuda
mistral_7b_instruct_v0p3__math_test_00241_5a34024d__temp0.10__seed7,mistral_7b_instruct_v0p3,mistralai/Mistral-7B-Instruct-v0.3,math_test_00241_5a34024d,math,MATH 1,math,241,0.1,7,minimal_json,default,0,1,1,1,1,1,4,1.0,0,cuda
mistral_7b_instruct_v0p3__math_test_00242_277ad5c0__temp0.10__seed7,mistral_7b_instruct_v0p3,mistralai/Mistral-7B-Instruct-v0.3,math_test_00242_277ad5c0,math,MATH 3,math,242,0.1,7,minimal_json,default,0,0,0,1,14,3,11,0.0,0,cuda
mistral_7b_instruct_v0p3__math_test_00243_869ecc6c__temp0.10__seed7,mistral_7b_instruct_v0p3,mistralai/Mistral-7B-Instruct-v0.3,math_test_00243_869ecc6c,math,MATH 4,math,243,0.1,7,minimal_json,default,0,0,0,1,14,4,5,0.0,0,cuda
mistral_7b_instruct_v0p3__math_test_00244_1b6efbf5__temp0.10__seed7,mistral_7b_instruct_v0p3,mistralai/Mistral-7B-Instruct-v0.3,math_test_00244_1b6efbf5,math,MATH 2,math,244,0.1,7,minimal_json,default,0,0,0,1,14,3,2,0.0,0,cuda
mistral_7b_instruct_v0p3__math_test_00245_373bfa07__temp0.10__seed7,mistral_7b_instruct_v0p3,mistralai/Mistral-7B-Instruct-v0.3,math_test_00245_373bfa07,math,MATH 5,math,245,0.1,7,minimal_json,default,0,0,0,1,14,4,4,0.0,0,cuda
mistral_7b_instruct_v0p3__math_test_00246_08e34813__temp0.10__seed7,mistral_7b_instruct_v0p3,mistralai/Mistral-7B-Instruct-v0.3,math_test_00246_08e34813,math,MATH 3,math,246,0.1,7,minimal_json,default,0,1,1,1,1,1,2,1.0,1,cuda
mistral_7b_instruct_v0p3__math_test_00247_24a6a2d8__temp0.10__seed7,mistral_7b_instruct_v0p3,mistralai/Mistral-7B-Instruct-v0.3,math_test_00247_24a6a2d8,math,MATH 4,math,247,0.1,7,minimal_json,default,0,0,0,1,14,8,10,0.0,0,cuda
mistral_7b_instruct_v0p3__math_test_00248_740b47e0__temp0.10__seed7,mistral_7b_instruct_v0p3,mistralai/Mistral-7B-Instruct-v0.3,math_test_00248_740b47e0,math,MATH 2,math,248,0.1,7,minimal_json,default,0,1,0,2,2,1,1,0.95,1,cuda
mistral_7b_instruct_v0p3__math_test_00249_89ab90f1__temp0.10__seed7,mistral_7b_instruct_v0p3,mistralai/Mistral-7B-Instruct-v0.3,math_test_00249_89ab90f1,math,MATH 3,math,249,0.1,7,minimal_json,default,0,1,1,1,1,3,2,1.0,1,cuda
mistral_7b_instruct_v0p3__math_test_00250_893f6d22__temp0.10__seed7,mistral_7b_instruct_v0p3,mistralai/Mistral-7B-Instruct-v0.3,math_test_00250_893f6d22,math,MATH 3,math,250,0.1,7,minimal_json,default,0,0,0,1,14,3,2,0.0,0,cuda
mistral_7b_instruct_v0p3__math_test_00251_3dd2446e__temp0.10__seed7,mistral_7b_instruct_v0p3,mistralai/Mistral-7B-Instruct-v0.3,math_test_00251_3dd2446e,math,MATH 3,math,251,0.1,7,minimal_json,default,0,0,0,1,14,4,13,0.0,0,cuda
mistral_7b_instruct_v0p3__math_test_00252_b3e21c72__temp0.10__seed7,mistral_7b_instruct_v0p3,mistralai/Mistral-7B-Instruct-v0.3,math_test_00252_b3e21c72,math,MATH 3,math,252,0.1,7,minimal_json,default,0,0,0,1,14,1,0,0.0,0,cuda
mistral_7b_instruct_v0p3__math_test_00253_d4df8de3__temp0.10__seed7,mistral_7b_instruct_v0p3,mistralai/Mistral-7B-Instruct-v0.3,math_test_00253_d4df8de3,math,MATH 5,math,253,0.1,7,minimal_json,default,0,0,0,1,14,14,11,0.0,0,cuda
mistral_7b_instruct_v0p3__math_test_00254_a92a5bc3__temp0.10__seed7,mistral_7b_instruct_v0p3,mistralai/Mistral-7B-Instruct-v0.3,math_test_00254_a92a5bc3,math,MATH 4,math,254,0.1,7,minimal_json,default,0,0,0,1,14,8,8,0.0,0,cuda
mistral_7b_instruct_v0p3__math_test_00255_5f3fe168__temp0.10__seed7,mistral_7b_instruct_v0p3,mistralai/Mistral-7B-Instruct-v0.3,math_test_00255_5f3fe168,math,MATH 2,math,255,0.1,7,minimal_json,default,0,1,1,1,1,1,2,1.0,1,cuda
mistral_7b_instruct_v0p3__math_test_00256_d959374f__temp0.10__seed7,mistral_7b_instruct_v0p3,mistralai/Mistral-7B-Instruct-v0.3,math_test_00256_d959374f,math,MATH 1,math,256,0.1,7,minimal_json,default,0,0,0,1,14,1,3,0.0,0,cuda
mistral_7b_instruct_v0p3__math_test_00257_20ddae87__temp0.10__seed7,mistral_7b_instruct_v0p3,mistralai/Mistral-7B-Instruct-v0.3,math_test_00257_20ddae87,math,MATH 3,math,257,0.1,7,minimal_json,default,0,0,0,1,14,14,9,0.0,0,cuda
mistral_7b_instruct_v0p3__math_test_00258_44fb0c1c__temp0.10__seed7,mistral_7b_instruct_v0p3,mistralai/Mistral-7B-Instruct-v0.3,math_test_00258_44fb0c1c,math,MATH 5,math,258,0.1,7,minimal_json,default,0,0,0,1,14,11,4,0.0,0,cuda
mistral_7b_instruct_v0p3__math_test_00259_2ab6b817__temp0.10__seed7,mistral_7b_instruct_v0p3,mistralai/Mistral-7B-Instruct-v0.3,math_test_00259_2ab6b817,math,MATH 5,math,259,0.1,7,minimal_json,default,0,0,0,1,14,4,2,0.0,0,cuda
mistral_7b_instruct_v0p3__math_test_00260_efa62d11__temp0.10__seed7,mistral_7b_instruct_v0p3,mistralai/Mistral-7B-Instruct-v0.3,math_test_00260_efa62d11,math,MATH 4,math,260,0.1,7,minimal_json,default,0,0,0,1,14,3,2,0.0,0,cuda
mistral_7b_instruct_v0p3__math_test_00261_4f02172b__temp0.10__seed7,mistral_7b_instruct_v0p3,mistralai/Mistral-7B-Instruct-v0.3,math_test_00261_4f02172b,math,MATH 5,math,261,0.1,7,minimal_json,default,0,0,0,1,14,5,5,0.0,0,cuda
mistral_7b_instruct_v0p3__math_test_00262_5be48d75__temp0.10__seed7,mistral_7b_instruct_v0p3,mistralai/Mistral-7B-Instruct-v0.3,math_test_00262_5be48d75,math,MATH 4,math,262,0.1,7,minimal_json,default,0,0,0,1,14,2,3,0.0,0,cuda
mistral_7b_instruct_v0p3__math_test_00263_10d94c24__temp0.10__seed7,mistral_7b_instruct_v0p3,mistralai/Mistral-7B-Instruct-v0.3,math_test_00263_10d94c24,math,MATH 3,math,263,0.1,7,minimal_json,default,0,0,0,1,14,10,7,0.0,0,cuda
mistral_7b_instruct_v0p3__math_test_00264_ca7f6fd1__temp0.10__seed7,mistral_7b_instruct_v0p3,mistralai/Mistral-7B-Instruct-v0.3,math_test_00264_ca7f6fd1,math,MATH 4,math,264,0.1,7,minimal_json,default,0,0,0,1,14,1,1,0.0,0,cuda
mistral_7b_instruct_v0p3__math_test_00265_3b8ec9e0__temp0.10__seed7,mistral_7b_instruct_v0p3,mistralai/Mistral-7B-Instruct-v0.3,math_test_00265_3b8ec9e0,math,MATH 4,math,265,0.1,7,minimal_json,default,0,0,0,1,14,3,4,0.0,0,cuda
mistral_7b_instruct_v0p3__math_test_00266_dbf10789__temp0.10__seed7,mistral_7b_instruct_v0p3,mistralai/Mistral-7B-Instruct-v0.3,math_test_00266_dbf10789,math,MATH 4,math,266,0.1,7,minimal_json,default,0,0,0,1,14,5,3,0.0,0,cuda
mistral_7b_instruct_v0p3__math_test_00267_a33fc5f4__temp0.10__seed7,mistral_7b_instruct_v0p3,mistralai/Mistral-7B-Instruct-v0.3,math_test_00267_a33fc5f4,math,MATH 1,math,267,0.1,7,minimal_json,default,0,0,0,1,14,6,5,0.0,0,cuda
mistral_7b_instruct_v0p3__math_test_00268_64a42184__temp0.10__seed7,mistral_7b_instruct_v0p3,mistralai/Mistral-7B-Instruct-v0.3,math_test_00268_64a42184,math,MATH 3,math,268,0.1,7,minimal_json,default,0,0,0,1,14,4,6,0.0,0,cuda
mistral_7b_instruct_v0p3__math_test_00269_3a892d62__temp0.10__seed7,mistral_7b_instruct_v0p3,mistralai/Mistral-7B-Instruct-v0.3,math_test_00269_3a892d62,math,MATH 1,math,269,0.1,7,minimal_json,default,0,0,0,1,14,3,4,0.0,0,cuda
mistral_7b_instruct_v0p3__math_test_00270_d6fa4f7c__temp0.10__seed7,mistral_7b_instruct_v0p3,mistralai/Mistral-7B-Instruct-v0.3,math_test_00270_d6fa4f7c,math,MATH 4,math,270,0.1,7,minimal_json,default,0,0,0,1,14,12,8,0.0,0,cuda
mistral_7b_instruct_v0p3__math_test_00271_0cd3b758__temp0.10__seed7,mistral_7b_instruct_v0p3,mistralai/Mistral-7B-Instruct-v0.3,math_test_00271_0cd3b758,math,MATH 4,math,271,0.1,7,minimal_json,default,0,0,0,1,14,7,9,0.0,0,cuda
mistral_7b_instruct_v0p3__math_test_00272_84359c4d__temp0.10__seed7,mistral_7b_instruct_v0p3,mistralai/Mistral-7B-Instruct-v0.3,math_test_00272_84359c4d,math,MATH 2,math,272,0.1,7,minimal_json,default,0,0,0,1,14,1,2,0.0,0,cuda
mistral_7b_instruct_v0p3__math_test_00273_a9e9a1de__temp0.10__seed7,mistral_7b_instruct_v0p3,mistralai/Mistral-7B-Instruct-v0.3,math_test_00273_a9e9a1de,math,MATH 2,math,273,0.1,7,minimal_json,default,0,1,0,5,5,1,3,0.8,0,cuda
mistral_7b_instruct_v0p3__math_test_00274_75abc690__temp0.10__seed7,mistral_7b_instruct_v0p3,mistralai/Mistral-7B-Instruct-v0.3,math_test_00274_75abc690,math,MATH 4,math,274,0.1,7,minimal_json,default,0,0,0,1,14,2,2,0.0,0,cuda
mistral_7b_instruct_v0p3__math_test_00275_4384cd3d__temp0.10__seed7,mistral_7b_instruct_v0p3,mistralai/Mistral-7B-Instruct-v0.3,math_test_00275_4384cd3d,math,MATH 4,math,275,0.1,7,minimal_json,default,0,0,0,1,14,1,8,0.0,0,cuda
mistral_7b_instruct_v0p3__math_test_00276_845d624e__temp0.10__seed7,mistral_7b_instruct_v0p3,mistralai/Mistral-7B-Instruct-v0.3,math_test_00276_845d624e,math,MATH 5,math,276,0.1,7,minimal_json,default,0,0,0,1,14,1,6,0.0,0,cuda
mistral_7b_instruct_v0p3__math_test_00277_c86dc9b8__temp0.10__seed7,mistral_7b_instruct_v0p3,mistralai/Mistral-7B-Instruct-v0.3,math_test_00277_c86dc9b8,math,MATH 2,math,277,0.1,7,minimal_json,default,0,0,0,1,14,1,0,0.0,0,cuda
mistral_7b_instruct_v0p3__math_test_00278_f57d1ab7__temp0.10__seed7,mistral_7b_instruct_v0p3,mistralai/Mistral-7B-Instruct-v0.3,math_test_00278_f57d1ab7,math,MATH 1,math,278,0.1,7,minimal_json,default,0,0,0,1,14,1,6,0.0,0,cuda
mistral_7b_instruct_v0p3__math_test_00279_c9a3fe90__temp0.10__seed7,mistral_7b_instruct_v0p3,mistralai/Mistral-7B-Instruct-v0.3,math_test_00279_c9a3fe90,math,MATH 4,math,279,0.1,7,minimal_json,default,0,0,0,1,14,3,2,0.0,0,cuda
mistral_7b_instruct_v0p3__math_test_00280_fa6589e1__temp0.10__seed7,mistral_7b_instruct_v0p3,mistralai/Mistral-7B-Instruct-v0.3,math_test_00280_fa6589e1,math,MATH 4,math,280,0.1,7,minimal_json,default,0,0,0,1,14,1,12,0.0,0,cuda
mistral_7b_instruct_v0p3__math_test_00281_c1845e7d__temp0.10__seed7,mistral_7b_instruct_v0p3,mistralai/Mistral-7B-Instruct-v0.3,math_test_00281_c1845e7d,math,MATH 3,math,281,0.1,7,minimal_json,default,0,0,0,1,14,14,8,0.0,0,cuda
mistral_7b_instruct_v0p3__math_test_00282_92f3a353__temp0.10__seed7,mistral_7b_instruct_v0p3,mistralai/Mistral-7B-Instruct-v0.3,math_test_00282_92f3a353,math,MATH 5,math,282,0.1,7,minimal_json,default,0,1,1,1,1,4,8,1.0,0,cuda
mistral_7b_instruct_v0p3__math_test_00283_7135627a__temp0.10__seed7,mistral_7b_instruct_v0p3,mistralai/Mistral-7B-Instruct-v0.3,math_test_00283_7135627a,math,MATH 5,math,283,0.1,7,minimal_json,default,0,0,0,1,14,1,1,0.0,0,cuda
mistral_7b_instruct_v0p3__math_test_00284_d7b7add8__temp0.10__seed7,mistral_7b_instruct_v0p3,mistralai/Mistral-7B-Instruct-v0.3,math_test_00284_d7b7add8,math,MATH 5,math,284,0.1,7,minimal_json,default,0,0,0,1,14,11,10,0.0,0,cuda
mistral_7b_instruct_v0p3__math_test_00285_2a685be2__temp0.10__seed7,mistral_7b_instruct_v0p3,mistralai/Mistral-7B-Instruct-v0.3,math_test_00285_2a685be2,math,MATH 4,math,285,0.1,7,minimal_json,default,0,0,0,1,14,1,2,0.0,0,cuda
mistral_7b_instruct_v0p3__math_test_00286_2378497f__temp0.10__seed7,mistral_7b_instruct_v0p3,mistralai/Mistral-7B-Instruct-v0.3,math_test_00286_2378497f,math,MATH 5,math,286,0.1,7,minimal_json,default,0,0,0,1,14,2,9,0.0,0,cuda
mistral_7b_instruct_v0p3__math_test_00287_ab35a62d__temp0.10__seed7,mistral_7b_instruct_v0p3,mistralai/Mistral-7B-Instruct-v0.3,math_test_00287_ab35a62d,math,MATH 5,math,287,0.1,7,minimal_json,default,0,0,0,1,14,4,12,0.0,0,cuda
mistral_7b_instruct_v0p3__math_test_00288_99b25b6b__temp0.10__seed7,mistral_7b_instruct_v0p3,mistralai/Mistral-7B-Instruct-v0.3,math_test_00288_99b25b6b,math,MATH 4,math,288,0.1,7,minimal_json,default,0,0,0,1,14,5,4,0.0,0,cuda
mistral_7b_instruct_v0p3__math_test_00289_65b47d19__temp0.10__seed7,mistral_7b_instruct_v0p3,mistralai/Mistral-7B-Instruct-v0.3,math_test_00289_65b47d19,math,MATH 3,math,289,0.1,7,minimal_json,default,0,0,0,1,14,14,5,0.0,0,cuda
mistral_7b_instruct_v0p3__math_test_00290_1a809667__temp0.10__seed7,mistral_7b_instruct_v0p3,mistralai/Mistral-7B-Instruct-v0.3,math_test_00290_1a809667,math,MATH 4,math,290,0.1,7,minimal_json,default,0,0,0,1,14,14,1,0.0,0,cuda
mistral_7b_instruct_v0p3__math_test_00291_f0f80e1a__temp0.10__seed7,mistral_7b_instruct_v0p3,mistralai/Mistral-7B-Instruct-v0.3,math_test_00291_f0f80e1a,math,MATH 3,math,291,0.1,7,minimal_json,default,0,0,0,1,14,1,3,0.0,0,cuda
mistral_7b_instruct_v0p3__math_test_00292_9f87e110__temp0.10__seed7,mistral_7b_instruct_v0p3,mistralai/Mistral-7B-Instruct-v0.3,math_test_00292_9f87e110,math,MATH 4,math,292,0.1,7,minimal_json,default,0,0,0,1,14,14,13,0.0,0,cuda
mistral_7b_instruct_v0p3__math_test_00293_9a549464__temp0.10__seed7,mistral_7b_instruct_v0p3,mistralai/Mistral-7B-Instruct-v0.3,math_test_00293_9a549464,math,MATH 4,math,293,0.1,7,minimal_json,default,0,0,0,1,14,3,3,0.0,0,cuda
mistral_7b_instruct_v0p3__math_test_00294_bbfa98b4__temp0.10__seed7,mistral_7b_instruct_v0p3,mistralai/Mistral-7B-Instruct-v0.3,math_test_00294_bbfa98b4,math,MATH 3,math,294,0.1,7,minimal_json,default,0,0,0,1,14,1,1,0.0,0,cuda
mistral_7b_instruct_v0p3__math_test_00295_5384a318__temp0.10__seed7,mistral_7b_instruct_v0p3,mistralai/Mistral-7B-Instruct-v0.3,math_test_00295_5384a318,math,MATH 3,math,295,0.1,7,minimal_json,default,0,0,0,1,14,5,4,0.0,0,cuda
mistral_7b_instruct_v0p3__math_test_00296_dd695c69__temp0.10__seed7,mistral_7b_instruct_v0p3,mistralai/Mistral-7B-Instruct-v0.3,math_test_00296_dd695c69,math,MATH 5,math,296,0.1,7,minimal_json,default,0,0,0,1,14,12,8,0.0,0,cuda
mistral_7b_instruct_v0p3__math_test_00297_96f3b4cd__temp0.10__seed7,mistral_7b_instruct_v0p3,mistralai/Mistral-7B-Instruct-v0.3,math_test_00297_96f3b4cd,math,MATH 4,math,297,0.1,7,minimal_json,default,0,0,0,1,14,1,4,0.0,0,cuda
mistral_7b_instruct_v0p3__math_test_00298_cd93bf6b__temp0.10__seed7,mistral_7b_instruct_v0p3,mistralai/Mistral-7B-Instruct-v0.3,math_test_00298_cd93bf6b,math,MATH 2,math,298,0.1,7,minimal_json,default,0,0,0,1,14,3,7,0.0,0,cuda
mistral_7b_instruct_v0p3__math_test_00299_9edbd238__temp0.10__seed7,mistral_7b_instruct_v0p3,mistralai/Mistral-7B-Instruct-v0.3,math_test_00299_9edbd238,math,MATH 3,math,299,0.1,7,minimal_json,default,0,1,0,3,3,1,3,0.9,1,cuda
mistral_7b_instruct_v0p3__math_test_00300_7b4fb29f__temp0.10__seed7,mistral_7b_instruct_v0p3,mistralai/Mistral-7B-Instruct-v0.3,math_test_00300_7b4fb29f,math,MATH 5,math,300,0.1,7,minimal_json,default,0,0,0,1,14,14,11,0.0,0,cuda
mistral_7b_instruct_v0p3__math_test_00301_fe74163c__temp0.10__seed7,mistral_7b_instruct_v0p3,mistralai/Mistral-7B-Instruct-v0.3,math_test_00301_fe74163c,math,MATH 4,math,301,0.1,7,minimal_json,default,0,0,0,1,14,14,6,0.0,0,cuda
mistral_7b_instruct_v0p3__math_test_00302_555caaf5__temp0.10__seed7,mistral_7b_instruct_v0p3,mistralai/Mistral-7B-Instruct-v0.3,math_test_00302_555caaf5,math,MATH 5,math,302,0.1,7,minimal_json,default,0,0,0,1,14,14,13,0.0,0,cuda
mistral_7b_instruct_v0p3__math_test_00303_0a6043f3__temp0.10__seed7,mistral_7b_instruct_v0p3,mistralai/Mistral-7B-Instruct-v0.3,math_test_00303_0a6043f3,math,MATH 5,math,303,0.1,7,minimal_json,default,0,0,0,1,14,14,6,0.0,0,cuda
mistral_7b_instruct_v0p3__math_test_00304_782cacd3__temp0.10__seed7,mistral_7b_instruct_v0p3,mistralai/Mistral-7B-Instruct-v0.3,math_test_00304_782cacd3,math,MATH 5,math,304,0.1,7,minimal_json,default,0,0,0,1,14,4,4,0.0,0,cuda
mistral_7b_instruct_v0p3__math_test_00305_c8d180e8__temp0.10__seed7,mistral_7b_instruct_v0p3,mistralai/Mistral-7B-Instruct-v0.3,math_test_00305_c8d180e8,math,MATH 5,math,305,0.1,7,minimal_json,default,0,0,0,1,14,10,9,0.0,0,cuda
mistral_7b_instruct_v0p3__math_test_00306_15a3ec97__temp0.10__seed7,mistral_7b_instruct_v0p3,mistralai/Mistral-7B-Instruct-v0.3,math_test_00306_15a3ec97,math,MATH 4,math,306,0.1,7,minimal_json,default,0,0,0,1,14,11,5,0.0,0,cuda
mistral_7b_instruct_v0p3__math_test_00307_ac0e3789__temp0.10__seed7,mistral_7b_instruct_v0p3,mistralai/Mistral-7B-Instruct-v0.3,math_test_00307_ac0e3789,math,MATH 3,math,307,0.1,7,minimal_json,default,0,1,0,2,2,11,10,0.95,0,cuda
mistral_7b_instruct_v0p3__math_test_00308_35ec1d7b__temp0.10__seed7,mistral_7b_instruct_v0p3,mistralai/Mistral-7B-Instruct-v0.3,math_test_00308_35ec1d7b,math,MATH 4,math,308,0.1,7,minimal_json,default,0,0,0,1,14,4,11,0.0,0,cuda
mistral_7b_instruct_v0p3__math_test_00309_7be0b9c6__temp0.10__seed7,mistral_7b_instruct_v0p3,mistralai/Mistral-7B-Instruct-v0.3,math_test_00309_7be0b9c6,math,MATH 5,math,309,0.1,7,minimal_json,default,0,0,0,1,14,14,13,0.0,0,cuda
mistral_7b_instruct_v0p3__math_test_00310_2974ae8d__temp0.10__seed7,mistral_7b_instruct_v0p3,mistralai/Mistral-7B-Instruct-v0.3,math_test_00310_2974ae8d,math,MATH 2,math,310,0.1,7,minimal_json,default,0,1,0,4,4,14,7,0.85,0,cuda
mistral_7b_instruct_v0p3__math_test_00311_db5088ff__temp0.10__seed7,mistral_7b_instruct_v0p3,mistralai/Mistral-7B-Instruct-v0.3,math_test_00311_db5088ff,math,MATH 5,math,311,0.1,7,minimal_json,default,0,0,0,1,14,8,4,0.0,0,cuda
mistral_7b_instruct_v0p3__math_test_00312_74f8cf90__temp0.10__seed7,mistral_7b_instruct_v0p3,mistralai/Mistral-7B-Instruct-v0.3,math_test_00312_74f8cf90,math,MATH 1,math,312,0.1,7,minimal_json,default,0,0,0,1,14,2,0,0.0,0,cuda
mistral_7b_instruct_v0p3__math_test_00313_eb9feec2__temp0.10__seed7,mistral_7b_instruct_v0p3,mistralai/Mistral-7B-Instruct-v0.3,math_test_00313_eb9feec2,math,MATH 5,math,313,0.1,7,minimal_json,default,0,0,0,1,14,1,3,0.0,0,cuda
mistral_7b_instruct_v0p3__math_test_00314_1f87cb3d__temp0.10__seed7,mistral_7b_instruct_v0p3,mistralai/Mistral-7B-Instruct-v0.3,math_test_00314_1f87cb3d,math,MATH 5,math,314,0.1,7,minimal_json,default,0,0,0,1,14,7,5,0.0,0,cuda
mistral_7b_instruct_v0p3__math_test_00315_df923cac__temp0.10__seed7,mistral_7b_instruct_v0p3,mistralai/Mistral-7B-Instruct-v0.3,math_test_00315_df923cac,math,MATH 4,math,315,0.1,7,minimal_json,default,0,0,0,1,14,2,3,0.0,0,cuda
mistral_7b_instruct_v0p3__math_test_00316_d871c684__temp0.10__seed7,mistral_7b_instruct_v0p3,mistralai/Mistral-7B-Instruct-v0.3,math_test_00316_d871c684,math,MATH 5,math,316,0.1,7,minimal_json,default,0,0,0,1,14,1,10,0.0,0,cuda
mistral_7b_instruct_v0p3__math_test_00317_e0ee33c8__temp0.10__seed7,mistral_7b_instruct_v0p3,mistralai/Mistral-7B-Instruct-v0.3,math_test_00317_e0ee33c8,math,MATH 5,math,317,0.1,7,minimal_json,default,0,0,0,1,14,14,13,0.0,0,cuda
mistral_7b_instruct_v0p3__math_test_00318_126e857a__temp0.10__seed7,mistral_7b_instruct_v0p3,mistralai/Mistral-7B-Instruct-v0.3,math_test_00318_126e857a,math,MATH 1,math,318,0.1,7,minimal_json,default,0,0,0,1,14,14,1,0.0,0,cuda
mistral_7b_instruct_v0p3__math_test_00319_dde9f260__temp0.10__seed7,mistral_7b_instruct_v0p3,mistralai/Mistral-7B-Instruct-v0.3,math_test_00319_dde9f260,math,MATH 5,math,319,0.1,7,minimal_json,default,0,0,0,1,14,3,6,0.0,0,cuda
mistral_7b_instruct_v0p3__math_test_00320_e8f73851__temp0.10__seed7,mistral_7b_instruct_v0p3,mistralai/Mistral-7B-Instruct-v0.3,math_test_00320_e8f73851,math,MATH 2,math,320,0.1,7,minimal_json,default,0,0,0,1,14,9,9,0.0,0,cuda
mistral_7b_instruct_v0p3__math_test_00321_bf799ecc__temp0.10__seed7,mistral_7b_instruct_v0p3,mistralai/Mistral-7B-Instruct-v0.3,math_test_00321_bf799ecc,math,MATH 1,math,321,0.1,7,minimal_json,default,0,0,0,1,14,3,11,0.0,0,cuda
mistral_7b_instruct_v0p3__math_test_00322_ee8eb9c1__temp0.10__seed7,mistral_7b_instruct_v0p3,mistralai/Mistral-7B-Instruct-v0.3,math_test_00322_ee8eb9c1,math,MATH 3,math,322,0.1,7,minimal_json,default,0,0,0,1,14,5,6,0.0,0,cuda
mistral_7b_instruct_v0p3__math_test_00323_372c2d59__temp0.10__seed7,mistral_7b_instruct_v0p3,mistralai/Mistral-7B-Instruct-v0.3,math_test_00323_372c2d59,math,MATH 2,math,323,0.1,7,minimal_json,default,0,0,0,1,14,7,5,0.0,0,cuda
mistral_7b_instruct_v0p3__math_test_00324_5d4902ec__temp0.10__seed7,mistral_7b_instruct_v0p3,mistralai/Mistral-7B-Instruct-v0.3,math_test_00324_5d4902ec,math,MATH 5,math,324,0.1,7,minimal_json,default,0,0,0,1,14,14,13,0.0,0,cuda
mistral_7b_instruct_v0p3__math_test_00325_bf36a20b__temp0.10__seed7,mistral_7b_instruct_v0p3,mistralai/Mistral-7B-Instruct-v0.3,math_test_00325_bf36a20b,math,MATH 4,math,325,0.1,7,minimal_json,default,0,0,0,1,14,4,3,0.0,0,cuda
mistral_7b_instruct_v0p3__math_test_00326_2b3c488f__temp0.10__seed7,mistral_7b_instruct_v0p3,mistralai/Mistral-7B-Instruct-v0.3,math_test_00326_2b3c488f,math,MATH 3,math,326,0.1,7,minimal_json,default,0,0,0,1,14,5,9,0.0,0,cuda
mistral_7b_instruct_v0p3__math_test_00327_39c0048d__temp0.10__seed7,mistral_7b_instruct_v0p3,mistralai/Mistral-7B-Instruct-v0.3,math_test_00327_39c0048d,math,MATH 5,math,327,0.1,7,minimal_json,default,0,0,0,1,14,5,8,0.0,0,cuda
mistral_7b_instruct_v0p3__math_test_00328_fd5fbe30__temp0.10__seed7,mistral_7b_instruct_v0p3,mistralai/Mistral-7B-Instruct-v0.3,math_test_00328_fd5fbe30,math,MATH 3,math,328,0.1,7,minimal_json,default,0,0,0,1,14,1,6,0.0,0,cuda
mistral_7b_instruct_v0p3__math_test_00329_a0de4994__temp0.10__seed7,mistral_7b_instruct_v0p3,mistralai/Mistral-7B-Instruct-v0.3,math_test_00329_a0de4994,math,MATH 2,math,329,0.1,7,minimal_json,default,0,1,0,2,2,14,6,0.95,1,cuda
mistral_7b_instruct_v0p3__math_test_00330_45cea026__temp0.10__seed7,mistral_7b_instruct_v0p3,mistralai/Mistral-7B-Instruct-v0.3,math_test_00330_45cea026,math,MATH 2,math,330,0.1,7,minimal_json,default,0,0,0,1,14,4,5,0.0,0,cuda
mistral_7b_instruct_v0p3__math_test_00331_023902bd__temp0.10__seed7,mistral_7b_instruct_v0p3,mistralai/Mistral-7B-Instruct-v0.3,math_test_00331_023902bd,math,MATH 5,math,331,0.1,7,minimal_json,default,0,0,0,1,14,2,2,0.0,0,cuda
mistral_7b_instruct_v0p3__math_test_00332_5bacfa8c__temp0.10__seed7,mistral_7b_instruct_v0p3,mistralai/Mistral-7B-Instruct-v0.3,math_test_00332_5bacfa8c,math,MATH 5,math,332,0.1,7,minimal_json,default,0,0,0,1,14,1,6,0.0,0,cuda
mistral_7b_instruct_v0p3__math_test_00333_a31e71a6__temp0.10__seed7,mistral_7b_instruct_v0p3,mistralai/Mistral-7B-Instruct-v0.3,math_test_00333_a31e71a6,math,MATH 3,math,333,0.1,7,minimal_json,default,0,0,0,1,14,10,7,0.0,0,cuda
mistral_7b_instruct_v0p3__math_test_00334_18dac264__temp0.10__seed7,mistral_7b_instruct_v0p3,mistralai/Mistral-7B-Instruct-v0.3,math_test_00334_18dac264,math,MATH 5,math,334,0.1,7,minimal_json,default,0,0,0,1,14,14,4,0.0,0,cuda
mistral_7b_instruct_v0p3__math_test_00335_fde40de4__temp0.10__seed7,mistral_7b_instruct_v0p3,mistralai/Mistral-7B-Instruct-v0.3,math_test_00335_fde40de4,math,MATH 5,math,335,0.1,7,minimal_json,default,0,0,0,1,14,4,5,0.0,0,cuda
mistral_7b_instruct_v0p3__math_test_00336_0b4ea1e7__temp0.10__seed7,mistral_7b_instruct_v0p3,mistralai/Mistral-7B-Instruct-v0.3,math_test_00336_0b4ea1e7,math,MATH 3,math,336,0.1,7,minimal_json,default,0,0,0,1,14,2,1,0.0,0,cuda
mistral_7b_instruct_v0p3__math_test_00337_d02b019a__temp0.10__seed7,mistral_7b_instruct_v0p3,mistralai/Mistral-7B-Instruct-v0.3,math_test_00337_d02b019a,math,MATH 4,math,337,0.1,7,minimal_json,default,0,0,0,1,14,14,3,0.0,0,cuda
mistral_7b_instruct_v0p3__math_test_00338_6b6d2c6b__temp0.10__seed7,mistral_7b_instruct_v0p3,mistralai/Mistral-7B-Instruct-v0.3,math_test_00338_6b6d2c6b,math,MATH 2,math,338,0.1,7,minimal_json,default,0,1,1,1,1,1,5,1.0,1,cuda
mistral_7b_instruct_v0p3__math_test_00339_5722cb6d__temp0.10__seed7,mistral_7b_instruct_v0p3,mistralai/Mistral-7B-Instruct-v0.3,math_test_00339_5722cb6d,math,MATH 3,math,339,0.1,7,minimal_json,default,0,0,0,1,14,14,9,0.0,0,cuda
mistral_7b_instruct_v0p3__math_test_00340_c7e6fae6__temp0.10__seed7,mistral_7b_instruct_v0p3,mistralai/Mistral-7B-Instruct-v0.3,math_test_00340_c7e6fae6,math,MATH 4,math,340,0.1,7,minimal_json,default,0,0,0,1,14,14,7,0.0,0,cuda
mistral_7b_instruct_v0p3__math_test_00341_0734d253__temp0.10__seed7,mistral_7b_instruct_v0p3,mistralai/Mistral-7B-Instruct-v0.3,math_test_00341_0734d253,math,MATH 5,math,341,0.1,7,minimal_json,default,0,0,0,1,14,5,5,0.0,0,cuda
mistral_7b_instruct_v0p3__math_test_00342_1bb3298f__temp0.10__seed7,mistral_7b_instruct_v0p3,mistralai/Mistral-7B-Instruct-v0.3,math_test_00342_1bb3298f,math,MATH 5,math,342,0.1,7,minimal_json,default,0,1,1,1,1,2,13,1.0,0,cuda
mistral_7b_instruct_v0p3__math_test_00343_e54f9ee1__temp0.10__seed7,mistral_7b_instruct_v0p3,mistralai/Mistral-7B-Instruct-v0.3,math_test_00343_e54f9ee1,math,MATH 4,math,343,0.1,7,minimal_json,default,0,0,0,1,14,2,1,0.0,0,cuda
mistral_7b_instruct_v0p3__math_test_00344_64925ab7__temp0.10__seed7,mistral_7b_instruct_v0p3,mistralai/Mistral-7B-Instruct-v0.3,math_test_00344_64925ab7,math,MATH 4,math,344,0.1,7,minimal_json,default,0,0,0,1,14,3,2,0.0,0,cuda
mistral_7b_instruct_v0p3__math_test_00345_6af61995__temp0.10__seed7,mistral_7b_instruct_v0p3,mistralai/Mistral-7B-Instruct-v0.3,math_test_00345_6af61995,math,MATH 5,math,345,0.1,7,minimal_json,default,0,0,0,1,14,7,5,0.0,0,cuda
mistral_7b_instruct_v0p3__math_test_00346_baa6122d__temp0.10__seed7,mistral_7b_instruct_v0p3,mistralai/Mistral-7B-Instruct-v0.3,math_test_00346_baa6122d,math,MATH 5,math,346,0.1,7,minimal_json,default,0,0,0,1,14,2,3,0.0,0,cuda
mistral_7b_instruct_v0p3__math_test_00347_a2f7bec0__temp0.10__seed7,mistral_7b_instruct_v0p3,mistralai/Mistral-7B-Instruct-v0.3,math_test_00347_a2f7bec0,math,MATH 4,math,347,0.1,7,minimal_json,default,0,0,0,1,14,14,9,0.0,0,cuda
mistral_7b_instruct_v0p3__math_test_00348_86ddc3d0__temp0.10__seed7,mistral_7b_instruct_v0p3,mistralai/Mistral-7B-Instruct-v0.3,math_test_00348_86ddc3d0,math,MATH 5,math,348,0.1,7,minimal_json,default,0,0,0,1,14,4,10,0.0,0,cuda
mistral_7b_instruct_v0p3__math_test_00349_b9d9a1ba__temp0.10__seed7,mistral_7b_instruct_v0p3,mistralai/Mistral-7B-Instruct-v0.3,math_test_00349_b9d9a1ba,math,MATH 2,math,349,0.1,7,minimal_json,default,0,0,0,1,14,1,13,0.0,0,cuda
mistral_7b_instruct_v0p3__math_test_00350_02aacf73__temp0.10__seed7,mistral_7b_instruct_v0p3,mistralai/Mistral-7B-Instruct-v0.3,math_test_00350_02aacf73,math,MATH 1,math,350,0.1,7,minimal_json,default,0,0,0,1,14,3,10,0.0,0,cuda
mistral_7b_instruct_v0p3__math_test_00351_67aec9c5__temp0.10__seed7,mistral_7b_instruct_v0p3,mistralai/Mistral-7B-Instruct-v0.3,math_test_00351_67aec9c5,math,MATH 3,math,351,0.1,7,minimal_json,default,0,1,0,3,3,1,7,0.9,0,cuda
mistral_7b_instruct_v0p3__math_test_00352_e74ba0fa__temp0.10__seed7,mistral_7b_instruct_v0p3,mistralai/Mistral-7B-Instruct-v0.3,math_test_00352_e74ba0fa,math,MATH 5,math,352,0.1,7,minimal_json,default,0,0,0,1,14,11,10,0.0,0,cuda
mistral_7b_instruct_v0p3__math_test_00353_8c1deb6e__temp0.10__seed7,mistral_7b_instruct_v0p3,mistralai/Mistral-7B-Instruct-v0.3,math_test_00353_8c1deb6e,math,MATH 4,math,353,0.1,7,minimal_json,default,0,0,0,1,14,14,6,0.0,0,cuda
mistral_7b_instruct_v0p3__math_test_00354_47b050a9__temp0.10__seed7,mistral_7b_instruct_v0p3,mistralai/Mistral-7B-Instruct-v0.3,math_test_00354_47b050a9,math,MATH 5,math,354,0.1,7,minimal_json,default,0,0,0,1,14,1,1,0.0,0,cuda
mistral_7b_instruct_v0p3__math_test_00355_ec1c2c36__temp0.10__seed7,mistral_7b_instruct_v0p3,mistralai/Mistral-7B-Instruct-v0.3,math_test_00355_ec1c2c36,math,MATH 1,math,355,0.1,7,minimal_json,default,0,1,1,1,1,1,0,1.0,1,cuda
mistral_7b_instruct_v0p3__math_test_00356_f8a2ffc1__temp0.10__seed7,mistral_7b_instruct_v0p3,mistralai/Mistral-7B-Instruct-v0.3,math_test_00356_f8a2ffc1,math,MATH 4,math,356,0.1,7,minimal_json,default,0,0,0,1,14,2,12,0.0,0,cuda
mistral_7b_instruct_v0p3__math_test_00357_8a63afe5__temp0.10__seed7,mistral_7b_instruct_v0p3,mistralai/Mistral-7B-Instruct-v0.3,math_test_00357_8a63afe5,math,MATH 4,math,357,0.1,7,minimal_json,default,0,0,0,1,14,1,12,0.0,0,cuda
mistral_7b_instruct_v0p3__math_test_00358_76dfcccb__temp0.10__seed7,mistral_7b_instruct_v0p3,mistralai/Mistral-7B-Instruct-v0.3,math_test_00358_76dfcccb,math,MATH 4,math,358,0.1,7,minimal_json,default,0,0,0,1,14,14,11,0.0,0,cuda
mistral_7b_instruct_v0p3__math_test_00359_f093fce4__temp0.10__seed7,mistral_7b_instruct_v0p3,mistralai/Mistral-7B-Instruct-v0.3,math_test_00359_f093fce4,math,MATH 2,math,359,0.1,7,minimal_json,default,0,1,0,3,3,1,2,0.9,1,cuda
mistral_7b_instruct_v0p3__math_test_00360_e7cc4a6f__temp0.10__seed7,mistral_7b_instruct_v0p3,mistralai/Mistral-7B-Instruct-v0.3,math_test_00360_e7cc4a6f,math,MATH 4,math,360,0.1,7,minimal_json,default,0,1,0,2,2,14,6,0.95,0,cuda
mistral_7b_instruct_v0p3__math_test_00361_e7fdc3ec__temp0.10__seed7,mistral_7b_instruct_v0p3,mistralai/Mistral-7B-Instruct-v0.3,math_test_00361_e7fdc3ec,math,MATH 2,math,361,0.1,7,minimal_json,default,0,0,0,1,14,1,1,0.0,0,cuda
mistral_7b_instruct_v0p3__math_test_00362_a3ec21a8__temp0.10__seed7,mistral_7b_instruct_v0p3,mistralai/Mistral-7B-Instruct-v0.3,math_test_00362_a3ec21a8,math,MATH 5,math,362,0.1,7,minimal_json,default,0,0,0,1,14,14,13,0.0,0,cuda
mistral_7b_instruct_v0p3__math_test_00363_76d22eff__temp0.10__seed7,mistral_7b_instruct_v0p3,mistralai/Mistral-7B-Instruct-v0.3,math_test_00363_76d22eff,math,MATH 2,math,363,0.1,7,minimal_json,default,0,0,0,1,14,5,13,0.0,0,cuda
mistral_7b_instruct_v0p3__math_test_00364_48ea1907__temp0.10__seed7,mistral_7b_instruct_v0p3,mistralai/Mistral-7B-Instruct-v0.3,math_test_00364_48ea1907,math,MATH 2,math,364,0.1,7,minimal_json,default,0,0,0,1,14,3,5,0.0,0,cuda
mistral_7b_instruct_v0p3__math_test_00365_ee443bc9__temp0.10__seed7,mistral_7b_instruct_v0p3,mistralai/Mistral-7B-Instruct-v0.3,math_test_00365_ee443bc9,math,MATH 5,math,365,0.1,7,minimal_json,default,0,0,0,1,14,14,7,0.0,0,cuda
mistral_7b_instruct_v0p3__math_test_00366_e4373bdd__temp0.10__seed7,mistral_7b_instruct_v0p3,mistralai/Mistral-7B-Instruct-v0.3,math_test_00366_e4373bdd,math,MATH 4,math,366,0.1,7,minimal_json,default,0,0,0,1,14,5,6,0.0,0,cuda
mistral_7b_instruct_v0p3__math_test_00367_f645536a__temp0.10__seed7,mistral_7b_instruct_v0p3,mistralai/Mistral-7B-Instruct-v0.3,math_test_00367_f645536a,math,MATH 4,math,367,0.1,7,minimal_json,default,0,0,0,1,14,3,2,0.0,0,cuda
mistral_7b_instruct_v0p3__math_test_00368_3ac511d2__temp0.10__seed7,mistral_7b_instruct_v0p3,mistralai/Mistral-7B-Instruct-v0.3,math_test_00368_3ac511d2,math,MATH 2,math,368,0.1,7,minimal_json,default,0,0,0,1,14,14,4,0.0,0,cuda
mistral_7b_instruct_v0p3__math_test_00369_598cca5b__temp0.10__seed7,mistral_7b_instruct_v0p3,mistralai/Mistral-7B-Instruct-v0.3,math_test_00369_598cca5b,math,MATH 5,math,369,0.1,7,minimal_json,default,0,0,0,1,14,14,7,0.0,0,cuda
mistral_7b_instruct_v0p3__math_test_00370_ca991c57__temp0.10__seed7,mistral_7b_instruct_v0p3,mistralai/Mistral-7B-Instruct-v0.3,math_test_00370_ca991c57,math,MATH 4,math,370,0.1,7,minimal_json,default,0,1,0,4,4,10,8,0.85,0,cuda
mistral_7b_instruct_v0p3__math_test_00371_2bd6f928__temp0.10__seed7,mistral_7b_instruct_v0p3,mistralai/Mistral-7B-Instruct-v0.3,math_test_00371_2bd6f928,math,MATH 4,math,371,0.1,7,minimal_json,default,0,0,0,1,14,2,0,0.0,0,cuda
mistral_7b_instruct_v0p3__math_test_00372_b7f23143__temp0.10__seed7,mistral_7b_instruct_v0p3,mistralai/Mistral-7B-Instruct-v0.3,math_test_00372_b7f23143,math,MATH 2,math,372,0.1,7,minimal_json,default,0,0,0,1,14,1,0,0.0,0,cuda
mistral_7b_instruct_v0p3__math_test_00373_00badbcf__temp0.10__seed7,mistral_7b_instruct_v0p3,mistralai/Mistral-7B-Instruct-v0.3,math_test_00373_00badbcf,math,MATH 5,math,373,0.1,7,minimal_json,default,0,0,0,1,14,1,5,0.0,0,cuda
mistral_7b_instruct_v0p3__math_test_00374_6b1b63ff__temp0.10__seed7,mistral_7b_instruct_v0p3,mistralai/Mistral-7B-Instruct-v0.3,math_test_00374_6b1b63ff,math,MATH 2,math,374,0.1,7,minimal_json,default,0,0,0,1,14,1,12,0.0,0,cuda
mistral_7b_instruct_v0p3__math_test_00375_150bb464__temp0.10__seed7,mistral_7b_instruct_v0p3,mistralai/Mistral-7B-Instruct-v0.3,math_test_00375_150bb464,math,MATH 3,math,375,0.1,7,minimal_json,default,0,0,0,1,14,2,2,0.0,0,cuda
mistral_7b_instruct_v0p3__math_test_00376_61c1faed__temp0.10__seed7,mistral_7b_instruct_v0p3,mistralai/Mistral-7B-Instruct-v0.3,math_test_00376_61c1faed,math,MATH 1,math,376,0.1,7,minimal_json,default,0,0,0,1,14,1,3,0.0,0,cuda
mistral_7b_instruct_v0p3__math_test_00377_5a155369__temp0.10__seed7,mistral_7b_instruct_v0p3,mistralai/Mistral-7B-Instruct-v0.3,math_test_00377_5a155369,math,MATH 4,math,377,0.1,7,minimal_json,default,0,0,0,1,14,14,7,0.0,0,cuda
mistral_7b_instruct_v0p3__math_test_00378_679ad820__temp0.10__seed7,mistral_7b_instruct_v0p3,mistralai/Mistral-7B-Instruct-v0.3,math_test_00378_679ad820,math,MATH 5,math,378,0.1,7,minimal_json,default,0,0,0,1,14,5,12,0.0,0,cuda
mistral_7b_instruct_v0p3__math_test_00379_47fb8717__temp0.10__seed7,mistral_7b_instruct_v0p3,mistralai/Mistral-7B-Instruct-v0.3,math_test_00379_47fb8717,math,MATH 3,math,379,0.1,7,minimal_json,default,0,0,0,1,14,4,5,0.0,0,cuda
mistral_7b_instruct_v0p3__math_test_00380_5f1641b4__temp0.10__seed7,mistral_7b_instruct_v0p3,mistralai/Mistral-7B-Instruct-v0.3,math_test_00380_5f1641b4,math,MATH 5,math,380,0.1,7,minimal_json,default,0,0,0,1,14,14,13,0.0,0,cuda
mistral_7b_instruct_v0p3__math_test_00381_8df788ff__temp0.10__seed7,mistral_7b_instruct_v0p3,mistralai/Mistral-7B-Instruct-v0.3,math_test_00381_8df788ff,math,MATH 4,math,381,0.1,7,minimal_json,default,0,0,0,1,14,14,13,0.0,0,cuda
mistral_7b_instruct_v0p3__math_test_00382_38d763f6__temp0.10__seed7,mistral_7b_instruct_v0p3,mistralai/Mistral-7B-Instruct-v0.3,math_test_00382_38d763f6,math,MATH 5,math,382,0.1,7,minimal_json,default,0,0,0,1,14,5,4,0.0,0,cuda
mistral_7b_instruct_v0p3__math_test_00383_08527b10__temp0.10__seed7,mistral_7b_instruct_v0p3,mistralai/Mistral-7B-Instruct-v0.3,math_test_00383_08527b10,math,MATH 3,math,383,0.1,7,minimal_json,default,0,0,0,1,14,1,8,0.0,0,cuda
mistral_7b_instruct_v0p3__math_test_00384_b0468733__temp0.10__seed7,mistral_7b_instruct_v0p3,mistralai/Mistral-7B-Instruct-v0.3,math_test_00384_b0468733,math,MATH 4,math,384,0.1,7,minimal_json,default,0,0,0,1,14,1,7,0.0,0,cuda
mistral_7b_instruct_v0p3__math_test_00385_30dafe73__temp0.10__seed7,mistral_7b_instruct_v0p3,mistralai/Mistral-7B-Instruct-v0.3,math_test_00385_30dafe73,math,MATH 4,math,385,0.1,7,minimal_json,default,0,0,0,1,14,1,2,0.0,0,cuda
mistral_7b_instruct_v0p3__math_test_00386_07310b54__temp0.10__seed7,mistral_7b_instruct_v0p3,mistralai/Mistral-7B-Instruct-v0.3,math_test_00386_07310b54,math,MATH 4,math,386,0.1,7,minimal_json,default,0,0,0,1,14,6,7,0.0,0,cuda
mistral_7b_instruct_v0p3__math_test_00387_17210adf__temp0.10__seed7,mistral_7b_instruct_v0p3,mistralai/Mistral-7B-Instruct-v0.3,math_test_00387_17210adf,math,MATH 4,math,387,0.1,7,minimal_json,default,0,0,0,1,14,14,3,0.0,0,cuda
mistral_7b_instruct_v0p3__math_test_00388_11e6a957__temp0.10__seed7,mistral_7b_instruct_v0p3,mistralai/Mistral-7B-Instruct-v0.3,math_test_00388_11e6a957,math,MATH 2,math,388,0.1,7,minimal_json,default,0,0,0,1,14,1,1,0.0,0,cuda
mistral_7b_instruct_v0p3__math_test_00389_a5faa9e5__temp0.10__seed7,mistral_7b_instruct_v0p3,mistralai/Mistral-7B-Instruct-v0.3,math_test_00389_a5faa9e5,math,MATH 3,math,389,0.1,7,minimal_json,default,0,0,0,1,14,1,6,0.0,0,cuda
mistral_7b_instruct_v0p3__math_test_00390_ea31a6ca__temp0.10__seed7,mistral_7b_instruct_v0p3,mistralai/Mistral-7B-Instruct-v0.3,math_test_00390_ea31a6ca,math,MATH 2,math,390,0.1,7,minimal_json,default,0,0,0,1,14,14,4,0.0,0,cuda
mistral_7b_instruct_v0p3__math_test_00391_da45406a__temp0.10__seed7,mistral_7b_instruct_v0p3,mistralai/Mistral-7B-Instruct-v0.3,math_test_00391_da45406a,math,MATH 3,math,391,0.1,7,minimal_json,default,0,0,0,1,14,1,0,0.0,0,cuda
mistral_7b_instruct_v0p3__math_test_00392_5ec89a77__temp0.10__seed7,mistral_7b_instruct_v0p3,mistralai/Mistral-7B-Instruct-v0.3,math_test_00392_5ec89a77,math,MATH 4,math,392,0.1,7,minimal_json,default,0,1,1,1,1,14,13,1.0,0,cuda
mistral_7b_instruct_v0p3__math_test_00393_b3a1a15f__temp0.10__seed7,mistral_7b_instruct_v0p3,mistralai/Mistral-7B-Instruct-v0.3,math_test_00393_b3a1a15f,math,MATH 5,math,393,0.1,7,minimal_json,default,0,0,0,1,14,1,7,0.0,0,cuda
mistral_7b_instruct_v0p3__math_test_00394_372e8efa__temp0.10__seed7,mistral_7b_instruct_v0p3,mistralai/Mistral-7B-Instruct-v0.3,math_test_00394_372e8efa,math,MATH 4,math,394,0.1,7,minimal_json,default,0,0,0,1,14,2,0,0.0,0,cuda
mistral_7b_instruct_v0p3__math_test_00395_71129ef0__temp0.10__seed7,mistral_7b_instruct_v0p3,mistralai/Mistral-7B-Instruct-v0.3,math_test_00395_71129ef0,math,MATH 4,math,395,0.1,7,minimal_json,default,0,0,0,1,14,10,6,0.0,0,cuda
mistral_7b_instruct_v0p3__math_test_00396_ba3bcd56__temp0.10__seed7,mistral_7b_instruct_v0p3,mistralai/Mistral-7B-Instruct-v0.3,math_test_00396_ba3bcd56,math,MATH 5,math,396,0.1,7,minimal_json,default,0,1,0,3,3,1,2,0.9,1,cuda
mistral_7b_instruct_v0p3__math_test_00397_92c7504a__temp0.10__seed7,mistral_7b_instruct_v0p3,mistralai/Mistral-7B-Instruct-v0.3,math_test_00397_92c7504a,math,MATH 5,math,397,0.1,7,minimal_json,default,0,0,0,1,14,14,3,0.0,0,cuda
mistral_7b_instruct_v0p3__math_test_00398_23079a25__temp0.10__seed7,mistral_7b_instruct_v0p3,mistralai/Mistral-7B-Instruct-v0.3,math_test_00398_23079a25,math,MATH 3,math,398,0.1,7,minimal_json,default,0,0,0,1,14,5,7,0.0,0,cuda
mistral_7b_instruct_v0p3__math_test_00399_efffa141__temp0.10__seed7,mistral_7b_instruct_v0p3,mistralai/Mistral-7B-Instruct-v0.3,math_test_00399_efffa141,math,MATH 1,math,399,0.1,7,minimal_json,default,0,0,0,1,14,2,2,0.0,0,cuda
mistral_7b_instruct_v0p3__math_test_00400_8f10146b__temp0.10__seed7,mistral_7b_instruct_v0p3,mistralai/Mistral-7B-Instruct-v0.3,math_test_00400_8f10146b,math,MATH 3,math,400,0.1,7,minimal_json,default,0,0,0,1,14,1,2,0.0,0,cuda
mistral_7b_instruct_v0p3__math_test_00401_62859aeb__temp0.10__seed7,mistral_7b_instruct_v0p3,mistralai/Mistral-7B-Instruct-v0.3,math_test_00401_62859aeb,math,MATH 4,math,401,0.1,7,minimal_json,default,0,0,0,1,14,9,5,0.0,0,cuda
mistral_7b_instruct_v0p3__math_test_00402_d12fb851__temp0.10__seed7,mistral_7b_instruct_v0p3,mistralai/Mistral-7B-Instruct-v0.3,math_test_00402_d12fb851,math,MATH 4,math,402,0.1,7,minimal_json,default,0,0,0,1,14,3,5,0.0,0,cuda
mistral_7b_instruct_v0p3__math_test_00403_11b3b101__temp0.10__seed7,mistral_7b_instruct_v0p3,mistralai/Mistral-7B-Instruct-v0.3,math_test_00403_11b3b101,math,MATH 4,math,403,0.1,7,minimal_json,default,0,0,0,1,14,14,1,0.0,0,cuda
mistral_7b_instruct_v0p3__math_test_00404_da55437b__temp0.10__seed7,mistral_7b_instruct_v0p3,mistralai/Mistral-7B-Instruct-v0.3,math_test_00404_da55437b,math,MATH 1,math,404,0.1,7,minimal_json,default,0,0,0,1,14,1,3,0.0,0,cuda
mistral_7b_instruct_v0p3__math_test_00405_668162f1__temp0.10__seed7,mistral_7b_instruct_v0p3,mistralai/Mistral-7B-Instruct-v0.3,math_test_00405_668162f1,math,MATH 3,math,405,0.1,7,minimal_json,default,0,0,0,1,14,1,3,0.0,0,cuda
mistral_7b_instruct_v0p3__math_test_00406_895adc35__temp0.10__seed7,mistral_7b_instruct_v0p3,mistralai/Mistral-7B-Instruct-v0.3,math_test_00406_895adc35,math,MATH 3,math,406,0.1,7,minimal_json,default,0,0,0,1,14,14,7,0.0,0,cuda
mistral_7b_instruct_v0p3__math_test_00407_21645a77__temp0.10__seed7,mistral_7b_instruct_v0p3,mistralai/Mistral-7B-Instruct-v0.3,math_test_00407_21645a77,math,MATH 3,math,407,0.1,7,minimal_json,default,0,1,0,12,12,14,10,0.44999999999999996,1,cuda
mistral_7b_instruct_v0p3__math_test_00408_72a21fce__temp0.10__seed7,mistral_7b_instruct_v0p3,mistralai/Mistral-7B-Instruct-v0.3,math_test_00408_72a21fce,math,MATH 4,math,408,0.1,7,minimal_json,default,0,0,0,1,14,1,2,0.0,0,cuda
mistral_7b_instruct_v0p3__math_test_00409_2cbb5151__temp0.10__seed7,mistral_7b_instruct_v0p3,mistralai/Mistral-7B-Instruct-v0.3,math_test_00409_2cbb5151,math,MATH 4,math,409,0.1,7,minimal_json,default,0,0,0,1,14,14,3,0.0,0,cuda
mistral_7b_instruct_v0p3__math_test_00410_6885282d__temp0.10__seed7,mistral_7b_instruct_v0p3,mistralai/Mistral-7B-Instruct-v0.3,math_test_00410_6885282d,math,MATH 3,math,410,0.1,7,minimal_json,default,0,0,0,1,14,4,3,0.0,0,cuda
mistral_7b_instruct_v0p3__math_test_00411_6f5d00d6__temp0.10__seed7,mistral_7b_instruct_v0p3,mistralai/Mistral-7B-Instruct-v0.3,math_test_00411_6f5d00d6,math,MATH 5,math,411,0.1,7,minimal_json,default,0,0,0,1,14,2,5,0.0,0,cuda
mistral_7b_instruct_v0p3__math_test_00412_403b3454__temp0.10__seed7,mistral_7b_instruct_v0p3,mistralai/Mistral-7B-Instruct-v0.3,math_test_00412_403b3454,math,MATH 5,math,412,0.1,7,minimal_json,default,0,0,0,1,14,4,4,0.0,0,cuda
mistral_7b_instruct_v0p3__math_test_00413_a79cadf3__temp0.10__seed7,mistral_7b_instruct_v0p3,mistralai/Mistral-7B-Instruct-v0.3,math_test_00413_a79cadf3,math,MATH 3,math,413,0.1,7,minimal_json,default,0,0,0,1,14,1,3,0.0,0,cuda
mistral_7b_instruct_v0p3__math_test_00414_f8b3d5f2__temp0.10__seed7,mistral_7b_instruct_v0p3,mistralai/Mistral-7B-Instruct-v0.3,math_test_00414_f8b3d5f2,math,MATH 5,math,414,0.1,7,minimal_json,default,0,0,0,1,14,1,3,0.0,0,cuda
mistral_7b_instruct_v0p3__math_test_00415_df5709ae__temp0.10__seed7,mistral_7b_instruct_v0p3,mistralai/Mistral-7B-Instruct-v0.3,math_test_00415_df5709ae,math,MATH 4,math,415,0.1,7,minimal_json,default,0,0,0,1,14,2,4,0.0,0,cuda
mistral_7b_instruct_v0p3__math_test_00416_29223b4f__temp0.10__seed7,mistral_7b_instruct_v0p3,mistralai/Mistral-7B-Instruct-v0.3,math_test_00416_29223b4f,math,MATH 4,math,416,0.1,7,minimal_json,default,0,0,0,1,14,5,4,0.0,0,cuda
mistral_7b_instruct_v0p3__math_test_00417_f378f07d__temp0.10__seed7,mistral_7b_instruct_v0p3,mistralai/Mistral-7B-Instruct-v0.3,math_test_00417_f378f07d,math,MATH 1,math,417,0.1,7,minimal_json,default,0,0,0,1,14,3,2,0.0,0,cuda
mistral_7b_instruct_v0p3__math_test_00418_452dc872__temp0.10__seed7,mistral_7b_instruct_v0p3,mistralai/Mistral-7B-Instruct-v0.3,math_test_00418_452dc872,math,MATH 5,math,418,0.1,7,minimal_json,default,0,0,0,1,14,14,12,0.0,0,cuda
mistral_7b_instruct_v0p3__math_test_00419_dadaee3f__temp0.10__seed7,mistral_7b_instruct_v0p3,mistralai/Mistral-7B-Instruct-v0.3,math_test_00419_dadaee3f,math,MATH 2,math,419,0.1,7,minimal_json,default,0,1,1,1,1,3,8,1.0,1,cuda
mistral_7b_instruct_v0p3__math_test_00420_ecd5f88d__temp0.10__seed7,mistral_7b_instruct_v0p3,mistralai/Mistral-7B-Instruct-v0.3,math_test_00420_ecd5f88d,math,MATH 3,math,420,0.1,7,minimal_json,default,0,1,1,1,1,1,4,1.0,0,cuda
mistral_7b_instruct_v0p3__math_test_00421_c2187615__temp0.10__seed7,mistral_7b_instruct_v0p3,mistralai/Mistral-7B-Instruct-v0.3,math_test_00421_c2187615,math,MATH 3,math,421,0.1,7,minimal_json,default,0,1,1,1,1,1,4,1.0,0,cuda
mistral_7b_instruct_v0p3__math_test_00422_fec8190b__temp0.10__seed7,mistral_7b_instruct_v0p3,mistralai/Mistral-7B-Instruct-v0.3,math_test_00422_fec8190b,math,MATH 5,math,422,0.1,7,minimal_json,default,0,0,0,1,14,11,11,0.0,0,cuda
mistral_7b_instruct_v0p3__math_test_00423_19a18675__temp0.10__seed7,mistral_7b_instruct_v0p3,mistralai/Mistral-7B-Instruct-v0.3,math_test_00423_19a18675,math,MATH 4,math,423,0.1,7,minimal_json,default,0,0,0,1,14,7,6,0.0,0,cuda
mistral_7b_instruct_v0p3__math_test_00424_4db9759a__temp0.10__seed7,mistral_7b_instruct_v0p3,mistralai/Mistral-7B-Instruct-v0.3,math_test_00424_4db9759a,math,MATH 4,math,424,0.1,7,minimal_json,default,0,0,0,1,14,14,11,0.0,0,cuda
mistral_7b_instruct_v0p3__math_test_00425_88cd35aa__temp0.10__seed7,mistral_7b_instruct_v0p3,mistralai/Mistral-7B-Instruct-v0.3,math_test_00425_88cd35aa,math,MATH 4,math,425,0.1,7,minimal_json,default,0,0,0,1,14,14,9,0.0,0,cuda
mistral_7b_instruct_v0p3__math_test_00426_206b8557__temp0.10__seed7,mistral_7b_instruct_v0p3,mistralai/Mistral-7B-Instruct-v0.3,math_test_00426_206b8557,math,MATH 2,math,426,0.1,7,minimal_json,default,0,0,0,1,14,3,5,0.0,0,cuda
mistral_7b_instruct_v0p3__math_test_00427_f158b2bb__temp0.10__seed7,mistral_7b_instruct_v0p3,mistralai/Mistral-7B-Instruct-v0.3,math_test_00427_f158b2bb,math,MATH 4,math,427,0.1,7,minimal_json,default,0,0,0,1,14,10,10,0.0,0,cuda
mistral_7b_instruct_v0p3__math_test_00428_ecc1932f__temp0.10__seed7,mistral_7b_instruct_v0p3,mistralai/Mistral-7B-Instruct-v0.3,math_test_00428_ecc1932f,math,MATH 5,math,428,0.1,7,minimal_json,default,0,0,0,1,14,10,6,0.0,0,cuda
mistral_7b_instruct_v0p3__math_test_00429_0ed0c936__temp0.10__seed7,mistral_7b_instruct_v0p3,mistralai/Mistral-7B-Instruct-v0.3,math_test_00429_0ed0c936,math,MATH 2,math,429,0.1,7,minimal_json,default,0,0,0,1,14,1,4,0.0,0,cuda
mistral_7b_instruct_v0p3__math_test_00430_28f71d47__temp0.10__seed7,mistral_7b_instruct_v0p3,mistralai/Mistral-7B-Instruct-v0.3,math_test_00430_28f71d47,math,MATH 4,math,430,0.1,7,minimal_json,default,0,0,0,1,14,3,4,0.0,0,cuda
mistral_7b_instruct_v0p3__math_test_00431_a332c76b__temp0.10__seed7,mistral_7b_instruct_v0p3,mistralai/Mistral-7B-Instruct-v0.3,math_test_00431_a332c76b,math,MATH 5,math,431,0.1,7,minimal_json,default,0,0,0,1,14,9,9,0.0,0,cuda
mistral_7b_instruct_v0p3__math_test_00432_f6edb398__temp0.10__seed7,mistral_7b_instruct_v0p3,mistralai/Mistral-7B-Instruct-v0.3,math_test_00432_f6edb398,math,MATH 3,math,432,0.1,7,minimal_json,default,0,0,0,1,14,1,3,0.0,0,cuda
mistral_7b_instruct_v0p3__math_test_00433_25f606a1__temp0.10__seed7,mistral_7b_instruct_v0p3,mistralai/Mistral-7B-Instruct-v0.3,math_test_00433_25f606a1,math,MATH 2,math,433,0.1,7,minimal_json,default,0,0,0,1,14,5,6,0.0,0,cuda
mistral_7b_instruct_v0p3__math_test_00434_ad11ec3c__temp0.10__seed7,mistral_7b_instruct_v0p3,mistralai/Mistral-7B-Instruct-v0.3,math_test_00434_ad11ec3c,math,MATH 4,math,434,0.1,7,minimal_json,default,0,0,0,1,14,5,4,0.0,0,cuda
mistral_7b_instruct_v0p3__math_test_00435_c222bfff__temp0.10__seed7,mistral_7b_instruct_v0p3,mistralai/Mistral-7B-Instruct-v0.3,math_test_00435_c222bfff,math,MATH 1,math,435,0.1,7,minimal_json,default,0,1,1,1,1,1,4,1.0,0,cuda
mistral_7b_instruct_v0p3__math_test_00436_c183974b__temp0.10__seed7,mistral_7b_instruct_v0p3,mistralai/Mistral-7B-Instruct-v0.3,math_test_00436_c183974b,math,MATH 3,math,436,0.1,7,minimal_json,default,0,0,0,1,14,6,6,0.0,0,cuda
mistral_7b_instruct_v0p3__math_test_00437_07c4cf7f__temp0.10__seed7,mistral_7b_instruct_v0p3,mistralai/Mistral-7B-Instruct-v0.3,math_test_00437_07c4cf7f,math,MATH 3,math,437,0.1,7,minimal_json,default,0,1,1,1,1,1,4,1.0,1,cuda
mistral_7b_instruct_v0p3__math_test_00438_ea332f2c__temp0.10__seed7,mistral_7b_instruct_v0p3,mistralai/Mistral-7B-Instruct-v0.3,math_test_00438_ea332f2c,math,MATH 5,math,438,0.1,7,minimal_json,default,0,0,0,1,14,1,10,0.0,0,cuda
mistral_7b_instruct_v0p3__math_test_00439_fe7d8b6b__temp0.10__seed7,mistral_7b_instruct_v0p3,mistralai/Mistral-7B-Instruct-v0.3,math_test_00439_fe7d8b6b,math,MATH 3,math,439,0.1,7,minimal_json,default,0,1,0,3,3,2,2,0.9,1,cuda
mistral_7b_instruct_v0p3__math_test_00440_941bd991__temp0.10__seed7,mistral_7b_instruct_v0p3,mistralai/Mistral-7B-Instruct-v0.3,math_test_00440_941bd991,math,MATH 3,math,440,0.1,7,minimal_json,default,0,0,0,1,14,3,2,0.0,0,cuda
mistral_7b_instruct_v0p3__math_test_00441_d2f5328b__temp0.10__seed7,mistral_7b_instruct_v0p3,mistralai/Mistral-7B-Instruct-v0.3,math_test_00441_d2f5328b,math,MATH 3,math,441,0.1,7,minimal_json,default,0,0,0,1,14,4,2,0.0,0,cuda
mistral_7b_instruct_v0p3__math_test_00442_2d9f4473__temp0.10__seed7,mistral_7b_instruct_v0p3,mistralai/Mistral-7B-Instruct-v0.3,math_test_00442_2d9f4473,math,MATH 3,math,442,0.1,7,minimal_json,default,0,0,0,1,14,4,7,0.0,0,cuda
mistral_7b_instruct_v0p3__math_test_00443_e86eb3e6__temp0.10__seed7,mistral_7b_instruct_v0p3,mistralai/Mistral-7B-Instruct-v0.3,math_test_00443_e86eb3e6,math,MATH 3,math,443,0.1,7,minimal_json,default,0,0,0,1,14,4,6,0.0,0,cuda
mistral_7b_instruct_v0p3__math_test_00444_8230401f__temp0.10__seed7,mistral_7b_instruct_v0p3,mistralai/Mistral-7B-Instruct-v0.3,math_test_00444_8230401f,math,MATH 2,math,444,0.1,7,minimal_json,default,0,0,0,1,14,1,3,0.0,0,cuda
mistral_7b_instruct_v0p3__math_test_00445_295567c6__temp0.10__seed7,mistral_7b_instruct_v0p3,mistralai/Mistral-7B-Instruct-v0.3,math_test_00445_295567c6,math,MATH 4,math,445,0.1,7,minimal_json,default,0,0,0,1,14,5,6,0.0,0,cuda
mistral_7b_instruct_v0p3__math_test_00446_54f3a4b2__temp0.10__seed7,mistral_7b_instruct_v0p3,mistralai/Mistral-7B-Instruct-v0.3,math_test_00446_54f3a4b2,math,MATH 5,math,446,0.1,7,minimal_json,default,0,0,0,1,14,4,3,0.0,0,cuda
mistral_7b_instruct_v0p3__math_test_00447_716decc2__temp0.10__seed7,mistral_7b_instruct_v0p3,mistralai/Mistral-7B-Instruct-v0.3,math_test_00447_716decc2,math,MATH 1,math,447,0.1,7,minimal_json,default,0,1,1,1,1,6,5,1.0,0,cuda
mistral_7b_instruct_v0p3__math_test_00448_7dbbd02d__temp0.10__seed7,mistral_7b_instruct_v0p3,mistralai/Mistral-7B-Instruct-v0.3,math_test_00448_7dbbd02d,math,MATH 3,math,448,0.1,7,minimal_json,default,0,0,0,1,14,3,2,0.0,0,cuda
mistral_7b_instruct_v0p3__math_test_00449_2f12a8b9__temp0.10__seed7,mistral_7b_instruct_v0p3,mistralai/Mistral-7B-Instruct-v0.3,math_test_00449_2f12a8b9,math,MATH 5,math,449,0.1,7,minimal_json,default,0,0,0,1,14,14,2,0.0,0,cuda
mistral_7b_instruct_v0p3__math_test_00450_2fb65375__temp0.10__seed7,mistral_7b_instruct_v0p3,mistralai/Mistral-7B-Instruct-v0.3,math_test_00450_2fb65375,math,MATH 2,math,450,0.1,7,minimal_json,default,0,0,0,1,14,3,5,0.0,0,cuda
mistral_7b_instruct_v0p3__math_test_00451_daefed59__temp0.10__seed7,mistral_7b_instruct_v0p3,mistralai/Mistral-7B-Instruct-v0.3,math_test_00451_daefed59,math,MATH 1,math,451,0.1,7,minimal_json,default,0,0,0,1,14,14,8,0.0,0,cuda
mistral_7b_instruct_v0p3__math_test_00452_0a6f0014__temp0.10__seed7,mistral_7b_instruct_v0p3,mistralai/Mistral-7B-Instruct-v0.3,math_test_00452_0a6f0014,math,MATH 5,math,452,0.1,7,minimal_json,default,0,0,0,1,14,3,10,0.0,0,cuda
mistral_7b_instruct_v0p3__math_test_00453_e4690c39__temp0.10__seed7,mistral_7b_instruct_v0p3,mistralai/Mistral-7B-Instruct-v0.3,math_test_00453_e4690c39,math,MATH 4,math,453,0.1,7,minimal_json,default,0,1,0,2,2,3,3,0.95,0,cuda
mistral_7b_instruct_v0p3__math_test_00454_393f3656__temp0.10__seed7,mistral_7b_instruct_v0p3,mistralai/Mistral-7B-Instruct-v0.3,math_test_00454_393f3656,math,MATH 2,math,454,0.1,7,minimal_json,default,0,1,1,1,1,1,0,1.0,1,cuda
mistral_7b_instruct_v0p3__math_test_00455_23844847__temp0.10__seed7,mistral_7b_instruct_v0p3,mistralai/Mistral-7B-Instruct-v0.3,math_test_00455_23844847,math,MATH 5,math,455,0.1,7,minimal_json,default,0,0,0,1,14,2,0,0.0,0,cuda
mistral_7b_instruct_v0p3__math_test_00456_e4200fbf__temp0.10__seed7,mistral_7b_instruct_v0p3,mistralai/Mistral-7B-Instruct-v0.3,math_test_00456_e4200fbf,math,MATH 2,math,456,0.1,7,minimal_json,default,0,0,0,1,14,1,8,0.0,0,cuda
mistral_7b_instruct_v0p3__math_test_00457_5330f4b3__temp0.10__seed7,mistral_7b_instruct_v0p3,mistralai/Mistral-7B-Instruct-v0.3,math_test_00457_5330f4b3,math,MATH 1,math,457,0.1,7,minimal_json,default,0,0,0,1,14,1,3,0.0,0,cuda
mistral_7b_instruct_v0p3__math_test_00458_4085c1eb__temp0.10__seed7,mistral_7b_instruct_v0p3,mistralai/Mistral-7B-Instruct-v0.3,math_test_00458_4085c1eb,math,MATH 5,math,458,0.1,7,minimal_json,default,0,0,0,1,14,14,3,0.0,0,cuda
mistral_7b_instruct_v0p3__math_test_00459_3b21e715__temp0.10__seed7,mistral_7b_instruct_v0p3,mistralai/Mistral-7B-Instruct-v0.3,math_test_00459_3b21e715,math,MATH 4,math,459,0.1,7,minimal_json,default,0,0,0,1,14,14,9,0.0,0,cuda
mistral_7b_instruct_v0p3__math_test_00460_7d063370__temp0.10__seed7,mistral_7b_instruct_v0p3,mistralai/Mistral-7B-Instruct-v0.3,math_test_00460_7d063370,math,MATH 4,math,460,0.1,7,minimal_json,default,0,0,0,1,14,14,13,0.0,0,cuda
mistral_7b_instruct_v0p3__math_test_00461_5e43f1cd__temp0.10__seed7,mistral_7b_instruct_v0p3,mistralai/Mistral-7B-Instruct-v0.3,math_test_00461_5e43f1cd,math,MATH 3,math,461,0.1,7,minimal_json,default,0,0,0,1,14,3,4,0.0,0,cuda
mistral_7b_instruct_v0p3__math_test_00462_dd3cfaa0__temp0.10__seed7,mistral_7b_instruct_v0p3,mistralai/Mistral-7B-Instruct-v0.3,math_test_00462_dd3cfaa0,math,MATH 4,math,462,0.1,7,minimal_json,default,0,0,0,1,14,14,11,0.0,0,cuda
mistral_7b_instruct_v0p3__math_test_00463_bc52d545__temp0.10__seed7,mistral_7b_instruct_v0p3,mistralai/Mistral-7B-Instruct-v0.3,math_test_00463_bc52d545,math,MATH 4,math,463,0.1,7,minimal_json,default,0,0,0,1,14,1,2,0.0,0,cuda
mistral_7b_instruct_v0p3__math_test_00464_979fe366__temp0.10__seed7,mistral_7b_instruct_v0p3,mistralai/Mistral-7B-Instruct-v0.3,math_test_00464_979fe366,math,MATH 5,math,464,0.1,7,minimal_json,default,0,0,0,1,14,7,11,0.0,0,cuda
mistral_7b_instruct_v0p3__math_test_00465_240ca4d8__temp0.10__seed7,mistral_7b_instruct_v0p3,mistralai/Mistral-7B-Instruct-v0.3,math_test_00465_240ca4d8,math,MATH 2,math,465,0.1,7,minimal_json,default,0,1,1,1,1,14,5,1.0,0,cuda
mistral_7b_instruct_v0p3__math_test_00466_b3ac660a__temp0.10__seed7,mistral_7b_instruct_v0p3,mistralai/Mistral-7B-Instruct-v0.3,math_test_00466_b3ac660a,math,MATH 4,math,466,0.1,7,minimal_json,default,0,0,0,1,14,14,2,0.0,0,cuda
mistral_7b_instruct_v0p3__math_test_00467_eaadd0bc__temp0.10__seed7,mistral_7b_instruct_v0p3,mistralai/Mistral-7B-Instruct-v0.3,math_test_00467_eaadd0bc,math,MATH 3,math,467,0.1,7,minimal_json,default,0,0,0,1,14,1,2,0.0,0,cuda
mistral_7b_instruct_v0p3__math_test_00468_67c8ff7f__temp0.10__seed7,mistral_7b_instruct_v0p3,mistralai/Mistral-7B-Instruct-v0.3,math_test_00468_67c8ff7f,math,MATH 3,math,468,0.1,7,minimal_json,default,0,0,0,1,14,2,5,0.0,0,cuda
mistral_7b_instruct_v0p3__math_test_00469_bfdb0295__temp0.10__seed7,mistral_7b_instruct_v0p3,mistralai/Mistral-7B-Instruct-v0.3,math_test_00469_bfdb0295,math,MATH 5,math,469,0.1,7,minimal_json,default,0,0,0,1,14,14,8,0.0,0,cuda
mistral_7b_instruct_v0p3__math_test_00470_5db3c51e__temp0.10__seed7,mistral_7b_instruct_v0p3,mistralai/Mistral-7B-Instruct-v0.3,math_test_00470_5db3c51e,math,MATH 4,math,470,0.1,7,minimal_json,default,0,0,0,1,14,4,4,0.0,0,cuda
mistral_7b_instruct_v0p3__math_test_00471_3d41e63d__temp0.10__seed7,mistral_7b_instruct_v0p3,mistralai/Mistral-7B-Instruct-v0.3,math_test_00471_3d41e63d,math,MATH 5,math,471,0.1,7,minimal_json,default,0,0,0,1,14,13,11,0.0,0,cuda
mistral_7b_instruct_v0p3__math_test_00472_4acb3f94__temp0.10__seed7,mistral_7b_instruct_v0p3,mistralai/Mistral-7B-Instruct-v0.3,math_test_00472_4acb3f94,math,MATH 4,math,472,0.1,7,minimal_json,default,0,0,0,1,14,14,13,0.0,0,cuda
mistral_7b_instruct_v0p3__math_test_00473_e294330c__temp0.10__seed7,mistral_7b_instruct_v0p3,mistralai/Mistral-7B-Instruct-v0.3,math_test_00473_e294330c,math,MATH 5,math,473,0.1,7,minimal_json,default,0,0,0,1,14,5,6,0.0,0,cuda
mistral_7b_instruct_v0p3__math_test_00474_e8b47eda__temp0.10__seed7,mistral_7b_instruct_v0p3,mistralai/Mistral-7B-Instruct-v0.3,math_test_00474_e8b47eda,math,MATH 5,math,474,0.1,7,minimal_json,default,0,0,0,1,14,1,13,0.0,0,cuda
mistral_7b_instruct_v0p3__math_test_00475_f189eb4d__temp0.10__seed7,mistral_7b_instruct_v0p3,mistralai/Mistral-7B-Instruct-v0.3,math_test_00475_f189eb4d,math,MATH 2,math,475,0.1,7,minimal_json,default,0,1,0,3,3,3,2,0.9,1,cuda
mistral_7b_instruct_v0p3__math_test_00476_1c3d9d93__temp0.10__seed7,mistral_7b_instruct_v0p3,mistralai/Mistral-7B-Instruct-v0.3,math_test_00476_1c3d9d93,math,MATH 2,math,476,0.1,7,minimal_json,default,0,0,0,1,14,14,8,0.0,0,cuda
mistral_7b_instruct_v0p3__math_test_00477_9c19e671__temp0.10__seed7,mistral_7b_instruct_v0p3,mistralai/Mistral-7B-Instruct-v0.3,math_test_00477_9c19e671,math,MATH 3,math,477,0.1,7,minimal_json,default,0,0,0,1,14,6,7,0.0,0,cuda
mistral_7b_instruct_v0p3__math_test_00478_bde3ec32__temp0.10__seed7,mistral_7b_instruct_v0p3,mistralai/Mistral-7B-Instruct-v0.3,math_test_00478_bde3ec32,math,MATH 4,math,478,0.1,7,minimal_json,default,0,0,0,1,14,14,12,0.0,0,cuda
mistral_7b_instruct_v0p3__math_test_00479_aea5556d__temp0.10__seed7,mistral_7b_instruct_v0p3,mistralai/Mistral-7B-Instruct-v0.3,math_test_00479_aea5556d,math,MATH 5,math,479,0.1,7,minimal_json,default,0,0,0,1,14,1,0,0.0,0,cuda
mistral_7b_instruct_v0p3__math_test_00480_fb9447b2__temp0.10__seed7,mistral_7b_instruct_v0p3,mistralai/Mistral-7B-Instruct-v0.3,math_test_00480_fb9447b2,math,MATH 5,math,480,0.1,7,minimal_json,default,0,0,0,1,14,14,5,0.0,0,cuda
mistral_7b_instruct_v0p3__math_test_00481_47b01624__temp0.10__seed7,mistral_7b_instruct_v0p3,mistralai/Mistral-7B-Instruct-v0.3,math_test_00481_47b01624,math,MATH 5,math,481,0.1,7,minimal_json,default,0,0,0,1,14,14,5,0.0,0,cuda
mistral_7b_instruct_v0p3__math_test_00482_84ec0b89__temp0.10__seed7,mistral_7b_instruct_v0p3,mistralai/Mistral-7B-Instruct-v0.3,math_test_00482_84ec0b89,math,MATH 5,math,482,0.1,7,minimal_json,default,0,0,0,1,14,3,4,0.0,0,cuda
mistral_7b_instruct_v0p3__math_test_00483_053f5644__temp0.10__seed7,mistral_7b_instruct_v0p3,mistralai/Mistral-7B-Instruct-v0.3,math_test_00483_053f5644,math,MATH 2,math,483,0.1,7,minimal_json,default,0,1,0,2,2,1,1,0.95,1,cuda
mistral_7b_instruct_v0p3__math_test_00484_f2cd6be7__temp0.10__seed7,mistral_7b_instruct_v0p3,mistralai/Mistral-7B-Instruct-v0.3,math_test_00484_f2cd6be7,math,MATH 4,math,484,0.1,7,minimal_json,default,0,0,0,1,14,1,10,0.0,0,cuda
mistral_7b_instruct_v0p3__math_test_00485_25a9bc12__temp0.10__seed7,mistral_7b_instruct_v0p3,mistralai/Mistral-7B-Instruct-v0.3,math_test_00485_25a9bc12,math,MATH 4,math,485,0.1,7,minimal_json,default,0,0,0,1,14,1,2,0.0,0,cuda
mistral_7b_instruct_v0p3__math_test_00486_11e9a1ba__temp0.10__seed7,mistral_7b_instruct_v0p3,mistralai/Mistral-7B-Instruct-v0.3,math_test_00486_11e9a1ba,math,MATH 4,math,486,0.1,7,minimal_json,default,0,0,0,1,14,1,7,0.0,0,cuda
mistral_7b_instruct_v0p3__math_test_00487_f5dafb4d__temp0.10__seed7,mistral_7b_instruct_v0p3,mistralai/Mistral-7B-Instruct-v0.3,math_test_00487_f5dafb4d,math,MATH 2,math,487,0.1,7,minimal_json,default,0,0,0,1,14,5,2,0.0,0,cuda
mistral_7b_instruct_v0p3__math_test_00488_9e69b5fd__temp0.10__seed7,mistral_7b_instruct_v0p3,mistralai/Mistral-7B-Instruct-v0.3,math_test_00488_9e69b5fd,math,MATH 3,math,488,0.1,7,minimal_json,default,0,1,0,8,8,8,13,0.6499999999999999,1,cuda
mistral_7b_instruct_v0p3__math_test_00489_873b5ba3__temp0.10__seed7,mistral_7b_instruct_v0p3,mistralai/Mistral-7B-Instruct-v0.3,math_test_00489_873b5ba3,math,MATH 4,math,489,0.1,7,minimal_json,default,0,0,0,1,14,1,7,0.0,0,cuda
mistral_7b_instruct_v0p3__math_test_00490_548caf2b__temp0.10__seed7,mistral_7b_instruct_v0p3,mistralai/Mistral-7B-Instruct-v0.3,math_test_00490_548caf2b,math,MATH 5,math,490,0.1,7,minimal_json,default,0,0,0,1,14,14,12,0.0,0,cuda
mistral_7b_instruct_v0p3__math_test_00491_323b91c4__temp0.10__seed7,mistral_7b_instruct_v0p3,mistralai/Mistral-7B-Instruct-v0.3,math_test_00491_323b91c4,math,MATH 5,math,491,0.1,7,minimal_json,default,0,0,0,1,14,1,4,0.0,0,cuda
mistral_7b_instruct_v0p3__math_test_00492_c9945122__temp0.10__seed7,mistral_7b_instruct_v0p3,mistralai/Mistral-7B-Instruct-v0.3,math_test_00492_c9945122,math,MATH 2,math,492,0.1,7,minimal_json,default,0,0,0,1,14,14,4,0.0,0,cuda
mistral_7b_instruct_v0p3__math_test_00493_3f0c6e0c__temp0.10__seed7,mistral_7b_instruct_v0p3,mistralai/Mistral-7B-Instruct-v0.3,math_test_00493_3f0c6e0c,math,MATH 4,math,493,0.1,7,minimal_json,default,0,0,0,1,14,5,6,0.0,0,cuda
mistral_7b_instruct_v0p3__math_test_00494_b8d8e1ef__temp0.10__seed7,mistral_7b_instruct_v0p3,mistralai/Mistral-7B-Instruct-v0.3,math_test_00494_b8d8e1ef,math,MATH 5,math,494,0.1,7,minimal_json,default,0,0,0,1,14,1,3,0.0,0,cuda
mistral_7b_instruct_v0p3__math_test_00495_63ae400e__temp0.10__seed7,mistral_7b_instruct_v0p3,mistralai/Mistral-7B-Instruct-v0.3,math_test_00495_63ae400e,math,MATH 5,math,495,0.1,7,minimal_json,default,0,0,0,1,14,1,12,0.0,0,cuda
mistral_7b_instruct_v0p3__math_test_00496_401665a3__temp0.10__seed7,mistral_7b_instruct_v0p3,mistralai/Mistral-7B-Instruct-v0.3,math_test_00496_401665a3,math,MATH 5,math,496,0.1,7,minimal_json,default,0,0,0,1,14,1,2,0.0,0,cuda
mistral_7b_instruct_v0p3__math_test_00497_8d507426__temp0.10__seed7,mistral_7b_instruct_v0p3,mistralai/Mistral-7B-Instruct-v0.3,math_test_00497_8d507426,math,MATH 4,math,497,0.1,7,minimal_json,default,0,0,0,1,14,1,2,0.0,0,cuda
mistral_7b_instruct_v0p3__math_test_00498_743e3572__temp0.10__seed7,mistral_7b_instruct_v0p3,mistralai/Mistral-7B-Instruct-v0.3,math_test_00498_743e3572,math,MATH 4,math,498,0.1,7,minimal_json,default,0,0,0,1,14,2,6,0.0,0,cuda
mistral_7b_instruct_v0p3__math_test_00499_c3a514a9__temp0.10__seed7,mistral_7b_instruct_v0p3,mistralai/Mistral-7B-Instruct-v0.3,math_test_00499_c3a514a9,math,MATH 2,math,499,0.1,7,minimal_json,default,0,0,0,1,14,2,1,0.0,0,cuda
mistral_7b_instruct_v0p3__math_test_00000_5a6bb412__temp0.60__seed7,mistral_7b_instruct_v0p3,mistralai/Mistral-7B-Instruct-v0.3,math_test_00000_5a6bb412,math,MATH 4,math,0,0.6,7,minimal_json,default,0,0,0,1,14,2,1,0.0,0,cuda
mistral_7b_instruct_v0p3__math_test_00001_28176864__temp0.60__seed7,mistral_7b_instruct_v0p3,mistralai/Mistral-7B-Instruct-v0.3,math_test_00001_28176864,math,MATH 5,math,1,0.6,7,minimal_json,default,0,0,0,1,14,4,7,0.0,0,cuda
mistral_7b_instruct_v0p3__math_test_00002_12859ab8__temp0.60__seed7,mistral_7b_instruct_v0p3,mistralai/Mistral-7B-Instruct-v0.3,math_test_00002_12859ab8,math,MATH 5,math,2,0.6,7,minimal_json,default,0,0,0,1,14,1,1,0.0,0,cuda
mistral_7b_instruct_v0p3__math_test_00003_b88cddac__temp0.60__seed7,mistral_7b_instruct_v0p3,mistralai/Mistral-7B-Instruct-v0.3,math_test_00003_b88cddac,math,MATH 2,math,3,0.6,7,minimal_json,default,0,0,0,1,14,6,6,0.0,0,cuda
mistral_7b_instruct_v0p3__math_test_00004_d6afb929__temp0.60__seed7,mistral_7b_instruct_v0p3,mistralai/Mistral-7B-Instruct-v0.3,math_test_00004_d6afb929,math,MATH 5,math,4,0.6,7,minimal_json,default,0,0,0,1,14,14,13,0.0,0,cuda
mistral_7b_instruct_v0p3__math_test_00005_82ab404f__temp0.60__seed7,mistral_7b_instruct_v0p3,mistralai/Mistral-7B-Instruct-v0.3,math_test_00005_82ab404f,math,MATH 5,math,5,0.6,7,minimal_json,default,0,0,0,1,14,5,3,0.0,0,cuda
mistral_7b_instruct_v0p3__math_test_00006_27e7448e__temp0.60__seed7,mistral_7b_instruct_v0p3,mistralai/Mistral-7B-Instruct-v0.3,math_test_00006_27e7448e,math,MATH 4,math,6,0.6,7,minimal_json,default,0,0,0,1,14,14,3,0.0,0,cuda
mistral_7b_instruct_v0p3__math_test_00007_8a27500a__temp0.60__seed7,mistral_7b_instruct_v0p3,mistralai/Mistral-7B-Instruct-v0.3,math_test_00007_8a27500a,math,MATH 5,math,7,0.6,7,minimal_json,default,0,0,0,1,14,14,3,0.0,0,cuda
mistral_7b_instruct_v0p3__math_test_00008_e894d48c__temp0.60__seed7,mistral_7b_instruct_v0p3,mistralai/Mistral-7B-Instruct-v0.3,math_test_00008_e894d48c,math,MATH 2,math,8,0.6,7,minimal_json,default,0,0,0,1,14,2,4,0.0,0,cuda
mistral_7b_instruct_v0p3__math_test_00009_99c62e67__temp0.60__seed7,mistral_7b_instruct_v0p3,mistralai/Mistral-7B-Instruct-v0.3,math_test_00009_99c62e67,math,MATH 3,math,9,0.6,7,minimal_json,default,0,0,0,1,14,6,5,0.0,0,cuda
mistral_7b_instruct_v0p3__math_test_00010_88e977e0__temp0.60__seed7,mistral_7b_instruct_v0p3,mistralai/Mistral-7B-Instruct-v0.3,math_test_00010_88e977e0,math,MATH 3,math,10,0.6,7,minimal_json,default,0,0,0,1,14,11,9,0.0,0,cuda
mistral_7b_instruct_v0p3__math_test_00011_3e051151__temp0.60__seed7,mistral_7b_instruct_v0p3,mistralai/Mistral-7B-Instruct-v0.3,math_test_00011_3e051151,math,MATH 2,math,11,0.6,7,minimal_json,default,0,1,1,1,1,3,2,1.0,1,cuda
mistral_7b_instruct_v0p3__math_test_00012_2ce46331__temp0.60__seed7,mistral_7b_instruct_v0p3,mistralai/Mistral-7B-Instruct-v0.3,math_test_00012_2ce46331,math,MATH 5,math,12,0.6,7,minimal_json,default,0,0,0,1,14,1,9,0.0,0,cuda
mistral_7b_instruct_v0p3__math_test_00013_3fae6c79__temp0.60__seed7,mistral_7b_instruct_v0p3,mistralai/Mistral-7B-Instruct-v0.3,math_test_00013_3fae6c79,math,MATH 3,math,13,0.6,7,minimal_json,default,0,0,0,1,14,2,4,0.0,0,cuda
mistral_7b_instruct_v0p3__math_test_00014_4bed628b__temp0.60__seed7,mistral_7b_instruct_v0p3,mistralai/Mistral-7B-Instruct-v0.3,math_test_00014_4bed628b,math,MATH 4,math,14,0.6,7,minimal_json,default,0,0,0,1,14,1,0,0.0,0,cuda
mistral_7b_instruct_v0p3__math_test_00015_04ca2ad3__temp0.60__seed7,mistral_7b_instruct_v0p3,mistralai/Mistral-7B-Instruct-v0.3,math_test_00015_04ca2ad3,math,MATH 2,math,15,0.6,7,minimal_json,default,0,0,0,1,14,1,4,0.0,0,cuda
mistral_7b_instruct_v0p3__math_test_00016_da610902__temp0.60__seed7,mistral_7b_instruct_v0p3,mistralai/Mistral-7B-Instruct-v0.3,math_test_00016_da610902,math,MATH 1,math,16,0.6,7,minimal_json,default,0,0,0,1,14,1,1,0.0,0,cuda
mistral_7b_instruct_v0p3__math_test_00017_c6ed297b__temp0.60__seed7,mistral_7b_instruct_v0p3,mistralai/Mistral-7B-Instruct-v0.3,math_test_00017_c6ed297b,math,MATH 1,math,17,0.6,7,minimal_json,default,0,1,0,14,14,4,13,0.35,1,cuda
mistral_7b_instruct_v0p3__math_test_00018_407dceb0__temp0.60__seed7,mistral_7b_instruct_v0p3,mistralai/Mistral-7B-Instruct-v0.3,math_test_00018_407dceb0,math,MATH 3,math,18,0.6,7,minimal_json,default,0,0,0,1,14,1,5,0.0,0,cuda
mistral_7b_instruct_v0p3__math_test_00019_646b1b85__temp0.60__seed7,mistral_7b_instruct_v0p3,mistralai/Mistral-7B-Instruct-v0.3,math_test_00019_646b1b85,math,MATH 4,math,19,0.6,7,minimal_json,default,0,0,0,1,14,3,10,0.0,0,cuda
mistral_7b_instruct_v0p3__math_test_00020_f9bb4c02__temp0.60__seed7,mistral_7b_instruct_v0p3,mistralai/Mistral-7B-Instruct-v0.3,math_test_00020_f9bb4c02,math,MATH 5,math,20,0.6,7,minimal_json,default,0,0,0,1,14,14,11,0.0,0,cuda
mistral_7b_instruct_v0p3__math_test_00021_b40f659d__temp0.60__seed7,mistral_7b_instruct_v0p3,mistralai/Mistral-7B-Instruct-v0.3,math_test_00021_b40f659d,math,MATH 1,math,21,0.6,7,minimal_json,default,0,0,0,1,14,14,12,0.0,0,cuda
mistral_7b_instruct_v0p3__math_test_00022_8fba220b__temp0.60__seed7,mistral_7b_instruct_v0p3,mistralai/Mistral-7B-Instruct-v0.3,math_test_00022_8fba220b,math,MATH 4,math,22,0.6,7,minimal_json,default,0,1,0,6,6,9,9,0.75,0,cuda
mistral_7b_instruct_v0p3__math_test_00023_998c2d9c__temp0.60__seed7,mistral_7b_instruct_v0p3,mistralai/Mistral-7B-Instruct-v0.3,math_test_00023_998c2d9c,math,MATH 5,math,23,0.6,7,minimal_json,default,0,0,0,1,14,14,6,0.0,0,cuda
mistral_7b_instruct_v0p3__math_test_00024_f928c750__temp0.60__seed7,mistral_7b_instruct_v0p3,mistralai/Mistral-7B-Instruct-v0.3,math_test_00024_f928c750,math,MATH 4,math,24,0.6,7,minimal_json,default,0,0,0,1,14,5,3,0.0,0,cuda
mistral_7b_instruct_v0p3__math_test_00025_4388bd76__temp0.60__seed7,mistral_7b_instruct_v0p3,mistralai/Mistral-7B-Instruct-v0.3,math_test_00025_4388bd76,math,MATH 1,math,25,0.6,7,minimal_json,default,0,0,0,1,14,5,10,0.0,0,cuda
mistral_7b_instruct_v0p3__math_test_00026_4945051e__temp0.60__seed7,mistral_7b_instruct_v0p3,mistralai/Mistral-7B-Instruct-v0.3,math_test_00026_4945051e,math,MATH 1,math,26,0.6,7,minimal_json,default,0,0,0,1,14,14,11,0.0,0,cuda
mistral_7b_instruct_v0p3__math_test_00027_9d852676__temp0.60__seed7,mistral_7b_instruct_v0p3,mistralai/Mistral-7B-Instruct-v0.3,math_test_00027_9d852676,math,MATH 5,math,27,0.6,7,minimal_json,default,0,0,0,1,14,7,6,0.0,0,cuda
mistral_7b_instruct_v0p3__math_test_00028_a585adcc__temp0.60__seed7,mistral_7b_instruct_v0p3,mistralai/Mistral-7B-Instruct-v0.3,math_test_00028_a585adcc,math,MATH 2,math,28,0.6,7,minimal_json,default,0,0,0,1,14,1,5,0.0,0,cuda
mistral_7b_instruct_v0p3__math_test_00029_1b84e405__temp0.60__seed7,mistral_7b_instruct_v0p3,mistralai/Mistral-7B-Instruct-v0.3,math_test_00029_1b84e405,math,MATH 2,math,29,0.6,7,minimal_json,default,0,0,0,1,14,4,4,0.0,0,cuda
mistral_7b_instruct_v0p3__math_test_00030_a477f137__temp0.60__seed7,mistral_7b_instruct_v0p3,mistralai/Mistral-7B-Instruct-v0.3,math_test_00030_a477f137,math,MATH 4,math,30,0.6,7,minimal_json,default,0,0,0,1,14,14,9,0.0,0,cuda
mistral_7b_instruct_v0p3__math_test_00031_1bbccbd2__temp0.60__seed7,mistral_7b_instruct_v0p3,mistralai/Mistral-7B-Instruct-v0.3,math_test_00031_1bbccbd2,math,MATH 5,math,31,0.6,7,minimal_json,default,0,0,0,1,14,3,4,0.0,0,cuda
mistral_7b_instruct_v0p3__math_test_00032_f08fb3bb__temp0.60__seed7,mistral_7b_instruct_v0p3,mistralai/Mistral-7B-Instruct-v0.3,math_test_00032_f08fb3bb,math,MATH 3,math,32,0.6,7,minimal_json,default,0,1,0,2,2,13,8,0.95,0,cuda
mistral_7b_instruct_v0p3__math_test_00033_0f789c1f__temp0.60__seed7,mistral_7b_instruct_v0p3,mistralai/Mistral-7B-Instruct-v0.3,math_test_00033_0f789c1f,math,MATH 3,math,33,0.6,7,minimal_json,default,0,0,0,1,14,1,0,0.0,0,cuda
mistral_7b_instruct_v0p3__math_test_00034_dae3e9e5__temp0.60__seed7,mistral_7b_instruct_v0p3,mistralai/Mistral-7B-Instruct-v0.3,math_test_00034_dae3e9e5,math,MATH 3,math,34,0.6,7,minimal_json,default,0,0,0,1,14,8,12,0.0,0,cuda
mistral_7b_instruct_v0p3__math_test_00035_f144cd5e__temp0.60__seed7,mistral_7b_instruct_v0p3,mistralai/Mistral-7B-Instruct-v0.3,math_test_00035_f144cd5e,math,MATH 4,math,35,0.6,7,minimal_json,default,0,0,0,1,14,4,8,0.0,0,cuda
mistral_7b_instruct_v0p3__math_test_00036_ccf4238b__temp0.60__seed7,mistral_7b_instruct_v0p3,mistralai/Mistral-7B-Instruct-v0.3,math_test_00036_ccf4238b,math,MATH 2,math,36,0.6,7,minimal_json,default,0,0,0,1,14,3,13,0.0,0,cuda
mistral_7b_instruct_v0p3__math_test_00037_2426e280__temp0.60__seed7,mistral_7b_instruct_v0p3,mistralai/Mistral-7B-Instruct-v0.3,math_test_00037_2426e280,math,MATH 5,math,37,0.6,7,minimal_json,default,0,0,0,1,14,1,13,0.0,0,cuda
mistral_7b_instruct_v0p3__math_test_00038_0e7cb690__temp0.60__seed7,mistral_7b_instruct_v0p3,mistralai/Mistral-7B-Instruct-v0.3,math_test_00038_0e7cb690,math,MATH 5,math,38,0.6,7,minimal_json,default,0,0,0,1,14,7,8,0.0,0,cuda
mistral_7b_instruct_v0p3__math_test_00039_8ba6a72a__temp0.60__seed7,mistral_7b_instruct_v0p3,mistralai/Mistral-7B-Instruct-v0.3,math_test_00039_8ba6a72a,math,MATH 4,math,39,0.6,7,minimal_json,default,0,0,0,1,14,1,7,0.0,0,cuda
mistral_7b_instruct_v0p3__math_test_00040_814d16a0__temp0.60__seed7,mistral_7b_instruct_v0p3,mistralai/Mistral-7B-Instruct-v0.3,math_test_00040_814d16a0,math,MATH 2,math,40,0.6,7,minimal_json,default,0,0,0,1,14,3,0,0.0,0,cuda
mistral_7b_instruct_v0p3__math_test_00041_7ad395c5__temp0.60__seed7,mistral_7b_instruct_v0p3,mistralai/Mistral-7B-Instruct-v0.3,math_test_00041_7ad395c5,math,MATH 5,math,41,0.6,7,minimal_json,default,0,0,0,1,14,2,8,0.0,0,cuda
mistral_7b_instruct_v0p3__math_test_00042_39c9185d__temp0.60__seed7,mistral_7b_instruct_v0p3,mistralai/Mistral-7B-Instruct-v0.3,math_test_00042_39c9185d,math,MATH 4,math,42,0.6,7,minimal_json,default,0,0,0,1,14,14,13,0.0,0,cuda
mistral_7b_instruct_v0p3__math_test_00043_62275531__temp0.60__seed7,mistral_7b_instruct_v0p3,mistralai/Mistral-7B-Instruct-v0.3,math_test_00043_62275531,math,MATH 3,math,43,0.6,7,minimal_json,default,0,0,0,1,14,1,5,0.0,0,cuda
mistral_7b_instruct_v0p3__math_test_00044_810e3649__temp0.60__seed7,mistral_7b_instruct_v0p3,mistralai/Mistral-7B-Instruct-v0.3,math_test_00044_810e3649,math,MATH 2,math,44,0.6,7,minimal_json,default,0,0,0,1,14,14,9,0.0,0,cuda
mistral_7b_instruct_v0p3__math_test_00045_152ae8e8__temp0.60__seed7,mistral_7b_instruct_v0p3,mistralai/Mistral-7B-Instruct-v0.3,math_test_00045_152ae8e8,math,MATH 3,math,45,0.6,7,minimal_json,default,0,0,0,1,14,14,8,0.0,0,cuda
mistral_7b_instruct_v0p3__math_test_00046_3e08e6df__temp0.60__seed7,mistral_7b_instruct_v0p3,mistralai/Mistral-7B-Instruct-v0.3,math_test_00046_3e08e6df,math,MATH 2,math,46,0.6,7,minimal_json,default,0,1,0,2,2,2,7,0.95,1,cuda
mistral_7b_instruct_v0p3__math_test_00047_3a39ed4a__temp0.60__seed7,mistral_7b_instruct_v0p3,mistralai/Mistral-7B-Instruct-v0.3,math_test_00047_3a39ed4a,math,MATH 2,math,47,0.6,7,minimal_json,default,0,1,1,1,1,1,2,1.0,1,cuda
mistral_7b_instruct_v0p3__math_test_00048_6a611c4a__temp0.60__seed7,mistral_7b_instruct_v0p3,mistralai/Mistral-7B-Instruct-v0.3,math_test_00048_6a611c4a,math,MATH 2,math,48,0.6,7,minimal_json,default,0,0,0,1,14,2,0,0.0,0,cuda
mistral_7b_instruct_v0p3__math_test_00049_e45e9b10__temp0.60__seed7,mistral_7b_instruct_v0p3,mistralai/Mistral-7B-Instruct-v0.3,math_test_00049_e45e9b10,math,MATH 3,math,49,0.6,7,minimal_json,default,0,0,0,1,14,1,3,0.0,0,cuda
mistral_7b_instruct_v0p3__math_test_00050_f4090aaa__temp0.60__seed7,mistral_7b_instruct_v0p3,mistralai/Mistral-7B-Instruct-v0.3,math_test_00050_f4090aaa,math,MATH 4,math,50,0.6,7,minimal_json,default,0,0,0,1,14,1,2,0.0,0,cuda
mistral_7b_instruct_v0p3__math_test_00051_1e5ff908__temp0.60__seed7,mistral_7b_instruct_v0p3,mistralai/Mistral-7B-Instruct-v0.3,math_test_00051_1e5ff908,math,MATH 5,math,51,0.6,7,minimal_json,default,0,0,0,1,14,14,13,0.0,0,cuda
mistral_7b_instruct_v0p3__math_test_00052_5850e1b9__temp0.60__seed7,mistral_7b_instruct_v0p3,mistralai/Mistral-7B-Instruct-v0.3,math_test_00052_5850e1b9,math,MATH 3,math,52,0.6,7,minimal_json,default,0,0,0,1,14,14,12,0.0,0,cuda
mistral_7b_instruct_v0p3__math_test_00053_f8d21f23__temp0.60__seed7,mistral_7b_instruct_v0p3,mistralai/Mistral-7B-Instruct-v0.3,math_test_00053_f8d21f23,math,MATH 5,math,53,0.6,7,minimal_json,default,0,0,0,1,14,14,8,0.0,0,cuda
mistral_7b_instruct_v0p3__math_test_00054_ddf4c852__temp0.60__seed7,mistral_7b_instruct_v0p3,mistralai/Mistral-7B-Instruct-v0.3,math_test_00054_ddf4c852,math,MATH 2,math,54,0.6,7,minimal_json,default,0,0,0,1,14,5,7,0.0,0,cuda
mistral_7b_instruct_v0p3__math_test_00055_24952be5__temp0.60__seed7,mistral_7b_instruct_v0p3,mistralai/Mistral-7B-Instruct-v0.3,math_test_00055_24952be5,math,MATH 3,math,55,0.6,7,minimal_json,default,0,1,0,7,7,1,7,0.7,0,cuda
mistral_7b_instruct_v0p3__math_test_00056_a8c223a1__temp0.60__seed7,mistral_7b_instruct_v0p3,mistralai/Mistral-7B-Instruct-v0.3,math_test_00056_a8c223a1,math,MATH 3,math,56,0.6,7,minimal_json,default,0,0,0,1,14,9,9,0.0,0,cuda
mistral_7b_instruct_v0p3__math_test_00057_8236aaa4__temp0.60__seed7,mistral_7b_instruct_v0p3,mistralai/Mistral-7B-Instruct-v0.3,math_test_00057_8236aaa4,math,MATH 5,math,57,0.6,7,minimal_json,default,0,0,0,1,14,12,2,0.0,0,cuda
mistral_7b_instruct_v0p3__math_test_00058_7afa45ab__temp0.60__seed7,mistral_7b_instruct_v0p3,mistralai/Mistral-7B-Instruct-v0.3,math_test_00058_7afa45ab,math,MATH 2,math,58,0.6,7,minimal_json,default,0,0,0,1,14,1,2,0.0,0,cuda
mistral_7b_instruct_v0p3__math_test_00059_43a9d185__temp0.60__seed7,mistral_7b_instruct_v0p3,mistralai/Mistral-7B-Instruct-v0.3,math_test_00059_43a9d185,math,MATH 5,math,59,0.6,7,minimal_json,default,0,0,0,1,14,2,6,0.0,0,cuda
mistral_7b_instruct_v0p3__math_test_00060_a67ac75a__temp0.60__seed7,mistral_7b_instruct_v0p3,mistralai/Mistral-7B-Instruct-v0.3,math_test_00060_a67ac75a,math,MATH 4,math,60,0.6,7,minimal_json,default,0,0,0,1,14,2,12,0.0,0,cuda
mistral_7b_instruct_v0p3__math_test_00061_4943c966__temp0.60__seed7,mistral_7b_instruct_v0p3,mistralai/Mistral-7B-Instruct-v0.3,math_test_00061_4943c966,math,MATH 2,math,61,0.6,7,minimal_json,default,0,0,0,1,14,7,6,0.0,0,cuda
mistral_7b_instruct_v0p3__math_test_00062_ae97d603__temp0.60__seed7,mistral_7b_instruct_v0p3,mistralai/Mistral-7B-Instruct-v0.3,math_test_00062_ae97d603,math,MATH 4,math,62,0.6,7,minimal_json,default,0,0,0,1,14,5,4,0.0,0,cuda
mistral_7b_instruct_v0p3__math_test_00063_7eb01312__temp0.60__seed7,mistral_7b_instruct_v0p3,mistralai/Mistral-7B-Instruct-v0.3,math_test_00063_7eb01312,math,MATH 4,math,63,0.6,7,minimal_json,default,0,0,0,1,14,14,8,0.0,0,cuda
mistral_7b_instruct_v0p3__math_test_00064_56e26e67__temp0.60__seed7,mistral_7b_instruct_v0p3,mistralai/Mistral-7B-Instruct-v0.3,math_test_00064_56e26e67,math,MATH 5,math,64,0.6,7,minimal_json,default,0,0,0,1,14,3,2,0.0,0,cuda
mistral_7b_instruct_v0p3__math_test_00065_1d982f42__temp0.60__seed7,mistral_7b_instruct_v0p3,mistralai/Mistral-7B-Instruct-v0.3,math_test_00065_1d982f42,math,MATH 5,math,65,0.6,7,minimal_json,default,0,0,0,1,14,3,4,0.0,0,cuda
mistral_7b_instruct_v0p3__math_test_00066_c503000c__temp0.60__seed7,mistral_7b_instruct_v0p3,mistralai/Mistral-7B-Instruct-v0.3,math_test_00066_c503000c,math,MATH 3,math,66,0.6,7,minimal_json,default,0,0,0,1,14,1,6,0.0,0,cuda
mistral_7b_instruct_v0p3__math_test_00067_b2cca4da__temp0.60__seed7,mistral_7b_instruct_v0p3,mistralai/Mistral-7B-Instruct-v0.3,math_test_00067_b2cca4da,math,MATH 4,math,67,0.6,7,minimal_json,default,0,0,0,1,14,4,3,0.0,0,cuda
mistral_7b_instruct_v0p3__math_test_00068_ea595be8__temp0.60__seed7,mistral_7b_instruct_v0p3,mistralai/Mistral-7B-Instruct-v0.3,math_test_00068_ea595be8,math,MATH 2,math,68,0.6,7,minimal_json,default,0,1,0,3,3,1,2,0.9,1,cuda
mistral_7b_instruct_v0p3__math_test_00069_c6dad45a__temp0.60__seed7,mistral_7b_instruct_v0p3,mistralai/Mistral-7B-Instruct-v0.3,math_test_00069_c6dad45a,math,MATH 2,math,69,0.6,7,minimal_json,default,0,0,0,1,14,1,1,0.0,0,cuda
mistral_7b_instruct_v0p3__math_test_00070_96016437__temp0.60__seed7,mistral_7b_instruct_v0p3,mistralai/Mistral-7B-Instruct-v0.3,math_test_00070_96016437,math,MATH 1,math,70,0.6,7,minimal_json,default,0,0,0,1,14,2,4,0.0,0,cuda
mistral_7b_instruct_v0p3__math_test_00071_98672352__temp0.60__seed7,mistral_7b_instruct_v0p3,mistralai/Mistral-7B-Instruct-v0.3,math_test_00071_98672352,math,MATH 3,math,71,0.6,7,minimal_json,default,0,0,0,1,14,3,7,0.0,0,cuda
mistral_7b_instruct_v0p3__math_test_00072_76de8c53__temp0.60__seed7,mistral_7b_instruct_v0p3,mistralai/Mistral-7B-Instruct-v0.3,math_test_00072_76de8c53,math,MATH 5,math,72,0.6,7,minimal_json,default,0,0,0,1,14,14,7,0.0,0,cuda
mistral_7b_instruct_v0p3__math_test_00073_7f9e23c9__temp0.60__seed7,mistral_7b_instruct_v0p3,mistralai/Mistral-7B-Instruct-v0.3,math_test_00073_7f9e23c9,math,MATH 3,math,73,0.6,7,minimal_json,default,0,0,0,1,14,5,4,0.0,0,cuda
mistral_7b_instruct_v0p3__math_test_00074_5b6e5429__temp0.60__seed7,mistral_7b_instruct_v0p3,mistralai/Mistral-7B-Instruct-v0.3,math_test_00074_5b6e5429,math,MATH 2,math,74,0.6,7,minimal_json,default,0,1,0,4,4,12,8,0.85,0,cuda
mistral_7b_instruct_v0p3__math_test_00075_387f76f4__temp0.60__seed7,mistral_7b_instruct_v0p3,mistralai/Mistral-7B-Instruct-v0.3,math_test_00075_387f76f4,math,MATH 2,math,75,0.6,7,minimal_json,default,0,0,0,1,14,3,2,0.0,0,cuda
mistral_7b_instruct_v0p3__math_test_00076_b45bd200__temp0.60__seed7,mistral_7b_instruct_v0p3,mistralai/Mistral-7B-Instruct-v0.3,math_test_00076_b45bd200,math,MATH 3,math,76,0.6,7,minimal_json,default,0,0,0,1,14,2,3,0.0,0,cuda
mistral_7b_instruct_v0p3__math_test_00077_0fdb870e__temp0.60__seed7,mistral_7b_instruct_v0p3,mistralai/Mistral-7B-Instruct-v0.3,math_test_00077_0fdb870e,math,MATH 2,math,77,0.6,7,minimal_json,default,0,0,0,1,14,1,9,0.0,0,cuda
mistral_7b_instruct_v0p3__math_test_00078_7de927b7__temp0.60__seed7,mistral_7b_instruct_v0p3,mistralai/Mistral-7B-Instruct-v0.3,math_test_00078_7de927b7,math,MATH 3,math,78,0.6,7,minimal_json,default,0,1,1,1,1,1,13,1.0,0,cuda
mistral_7b_instruct_v0p3__math_test_00079_3f967fbe__temp0.60__seed7,mistral_7b_instruct_v0p3,mistralai/Mistral-7B-Instruct-v0.3,math_test_00079_3f967fbe,math,MATH 2,math,79,0.6,7,minimal_json,default,0,1,1,1,1,1,7,1.0,0,cuda
mistral_7b_instruct_v0p3__math_test_00080_ea7d5602__temp0.60__seed7,mistral_7b_instruct_v0p3,mistralai/Mistral-7B-Instruct-v0.3,math_test_00080_ea7d5602,math,MATH 5,math,80,0.6,7,minimal_json,default,0,0,0,1,14,10,10,0.0,0,cuda
mistral_7b_instruct_v0p3__math_test_00081_df488277__temp0.60__seed7,mistral_7b_instruct_v0p3,mistralai/Mistral-7B-Instruct-v0.3,math_test_00081_df488277,math,MATH 1,math,81,0.6,7,minimal_json,default,0,0,0,1,14,4,5,0.0,0,cuda
mistral_7b_instruct_v0p3__math_test_00082_7fd2e8f8__temp0.60__seed7,mistral_7b_instruct_v0p3,mistralai/Mistral-7B-Instruct-v0.3,math_test_00082_7fd2e8f8,math,MATH 3,math,82,0.6,7,minimal_json,default,0,0,0,1,14,3,6,0.0,0,cuda
mistral_7b_instruct_v0p3__math_test_00083_5465f015__temp0.60__seed7,mistral_7b_instruct_v0p3,mistralai/Mistral-7B-Instruct-v0.3,math_test_00083_5465f015,math,MATH 1,math,83,0.6,7,minimal_json,default,0,0,0,1,14,7,10,0.0,0,cuda
mistral_7b_instruct_v0p3__math_test_00084_c4267ccc__temp0.60__seed7,mistral_7b_instruct_v0p3,mistralai/Mistral-7B-Instruct-v0.3,math_test_00084_c4267ccc,math,MATH 5,math,84,0.6,7,minimal_json,default,0,0,0,1,14,1,0,0.0,0,cuda
mistral_7b_instruct_v0p3__math_test_00085_ab1a6003__temp0.60__seed7,mistral_7b_instruct_v0p3,mistralai/Mistral-7B-Instruct-v0.3,math_test_00085_ab1a6003,math,MATH 5,math,85,0.6,7,minimal_json,default,0,0,0,1,14,4,7,0.0,0,cuda
mistral_7b_instruct_v0p3__math_test_00086_3447bc00__temp0.60__seed7,mistral_7b_instruct_v0p3,mistralai/Mistral-7B-Instruct-v0.3,math_test_00086_3447bc00,math,MATH 5,math,86,0.6,7,minimal_json,default,0,0,0,1,14,1,3,0.0,0,cuda
mistral_7b_instruct_v0p3__math_test_00087_649d31a4__temp0.60__seed7,mistral_7b_instruct_v0p3,mistralai/Mistral-7B-Instruct-v0.3,math_test_00087_649d31a4,math,MATH 2,math,87,0.6,7,minimal_json,default,0,0,0,1,14,6,6,0.0,0,cuda
mistral_7b_instruct_v0p3__math_test_00088_207198c5__temp0.60__seed7,mistral_7b_instruct_v0p3,mistralai/Mistral-7B-Instruct-v0.3,math_test_00088_207198c5,math,MATH 2,math,88,0.6,7,minimal_json,default,0,0,0,1,14,2,8,0.0,0,cuda
mistral_7b_instruct_v0p3__math_test_00089_962971ae__temp0.60__seed7,mistral_7b_instruct_v0p3,mistralai/Mistral-7B-Instruct-v0.3,math_test_00089_962971ae,math,MATH 2,math,89,0.6,7,minimal_json,default,0,1,0,5,5,9,10,0.8,0,cuda
mistral_7b_instruct_v0p3__math_test_00090_f27fcf39__temp0.60__seed7,mistral_7b_instruct_v0p3,mistralai/Mistral-7B-Instruct-v0.3,math_test_00090_f27fcf39,math,MATH 4,math,90,0.6,7,minimal_json,default,0,0,0,1,14,1,7,0.0,0,cuda
mistral_7b_instruct_v0p3__math_test_00091_6c78d89b__temp0.60__seed7,mistral_7b_instruct_v0p3,mistralai/Mistral-7B-Instruct-v0.3,math_test_00091_6c78d89b,math,MATH 2,math,91,0.6,7,minimal_json,default,0,0,0,1,14,4,6,0.0,0,cuda
mistral_7b_instruct_v0p3__math_test_00092_d2ef929c__temp0.60__seed7,mistral_7b_instruct_v0p3,mistralai/Mistral-7B-Instruct-v0.3,math_test_00092_d2ef929c,math,MATH 3,math,92,0.6,7,minimal_json,default,0,0,0,1,14,1,10,0.0,0,cuda
mistral_7b_instruct_v0p3__math_test_00093_c6ee4fae__temp0.60__seed7,mistral_7b_instruct_v0p3,mistralai/Mistral-7B-Instruct-v0.3,math_test_00093_c6ee4fae,math,MATH 2,math,93,0.6,7,minimal_json,default,0,0,0,1,14,1,6,0.0,0,cuda
mistral_7b_instruct_v0p3__math_test_00094_82adbbe7__temp0.60__seed7,mistral_7b_instruct_v0p3,mistralai/Mistral-7B-Instruct-v0.3,math_test_00094_82adbbe7,math,MATH 5,math,94,0.6,7,minimal_json,default,0,0,0,1,14,1,5,0.0,0,cuda
mistral_7b_instruct_v0p3__math_test_00095_21ca381e__temp0.60__seed7,mistral_7b_instruct_v0p3,mistralai/Mistral-7B-Instruct-v0.3,math_test_00095_21ca381e,math,MATH 5,math,95,0.6,7,minimal_json,default,0,1,0,3,3,9,5,0.9,1,cuda
mistral_7b_instruct_v0p3__math_test_00096_9055d1e9__temp0.60__seed7,mistral_7b_instruct_v0p3,mistralai/Mistral-7B-Instruct-v0.3,math_test_00096_9055d1e9,math,MATH 5,math,96,0.6,7,minimal_json,default,0,0,0,1,14,14,6,0.0,0,cuda
mistral_7b_instruct_v0p3__math_test_00097_30394417__temp0.60__seed7,mistral_7b_instruct_v0p3,mistralai/Mistral-7B-Instruct-v0.3,math_test_00097_30394417,math,MATH 2,math,97,0.6,7,minimal_json,default,0,0,0,1,14,2,9,0.0,0,cuda
mistral_7b_instruct_v0p3__math_test_00098_9ceda233__temp0.60__seed7,mistral_7b_instruct_v0p3,mistralai/Mistral-7B-Instruct-v0.3,math_test_00098_9ceda233,math,MATH 5,math,98,0.6,7,minimal_json,default,0,0,0,1,14,2,4,0.0,0,cuda
mistral_7b_instruct_v0p3__math_test_00099_491d2137__temp0.60__seed7,mistral_7b_instruct_v0p3,mistralai/Mistral-7B-Instruct-v0.3,math_test_00099_491d2137,math,MATH 3,math,99,0.6,7,minimal_json,default,0,0,0,1,14,1,7,0.0,0,cuda
mistral_7b_instruct_v0p3__math_test_00100_941d341c__temp0.60__seed7,mistral_7b_instruct_v0p3,mistralai/Mistral-7B-Instruct-v0.3,math_test_00100_941d341c,math,MATH 1,math,100,0.6,7,minimal_json,default,0,0,0,1,14,1,4,0.0,0,cuda
mistral_7b_instruct_v0p3__math_test_00101_75e027f9__temp0.60__seed7,mistral_7b_instruct_v0p3,mistralai/Mistral-7B-Instruct-v0.3,math_test_00101_75e027f9,math,MATH 1,math,101,0.6,7,minimal_json,default,0,0,0,1,14,1,2,0.0,0,cuda
mistral_7b_instruct_v0p3__math_test_00102_129dd488__temp0.60__seed7,mistral_7b_instruct_v0p3,mistralai/Mistral-7B-Instruct-v0.3,math_test_00102_129dd488,math,MATH 3,math,102,0.6,7,minimal_json,default,0,0,0,1,14,14,12,0.0,0,cuda
mistral_7b_instruct_v0p3__math_test_00103_7b0f3b51__temp0.60__seed7,mistral_7b_instruct_v0p3,mistralai/Mistral-7B-Instruct-v0.3,math_test_00103_7b0f3b51,math,MATH 4,math,103,0.6,7,minimal_json,default,0,0,0,1,14,1,4,0.0,0,cuda
mistral_7b_instruct_v0p3__math_test_00104_d684f1e9__temp0.60__seed7,mistral_7b_instruct_v0p3,mistralai/Mistral-7B-Instruct-v0.3,math_test_00104_d684f1e9,math,MATH 2,math,104,0.6,7,minimal_json,default,0,0,0,1,14,1,2,0.0,0,cuda
mistral_7b_instruct_v0p3__math_test_00105_6b770d5f__temp0.60__seed7,mistral_7b_instruct_v0p3,mistralai/Mistral-7B-Instruct-v0.3,math_test_00105_6b770d5f,math,MATH 3,math,105,0.6,7,minimal_json,default,0,0,0,1,14,14,13,0.0,0,cuda
mistral_7b_instruct_v0p3__math_test_00106_6e98540c__temp0.60__seed7,mistral_7b_instruct_v0p3,mistralai/Mistral-7B-Instruct-v0.3,math_test_00106_6e98540c,math,MATH 3,math,106,0.6,7,minimal_json,default,0,0,0,1,14,4,3,0.0,0,cuda
mistral_7b_instruct_v0p3__math_test_00107_fd74cd11__temp0.60__seed7,mistral_7b_instruct_v0p3,mistralai/Mistral-7B-Instruct-v0.3,math_test_00107_fd74cd11,math,MATH 3,math,107,0.6,7,minimal_json,default,0,0,0,1,14,5,8,0.0,0,cuda
mistral_7b_instruct_v0p3__math_test_00108_611e7552__temp0.60__seed7,mistral_7b_instruct_v0p3,mistralai/Mistral-7B-Instruct-v0.3,math_test_00108_611e7552,math,MATH 1,math,108,0.6,7,minimal_json,default,0,0,0,1,14,1,5,0.0,0,cuda
mistral_7b_instruct_v0p3__math_test_00109_d90424d8__temp0.60__seed7,mistral_7b_instruct_v0p3,mistralai/Mistral-7B-Instruct-v0.3,math_test_00109_d90424d8,math,MATH 5,math,109,0.6,7,minimal_json,default,0,0,0,1,14,8,6,0.0,0,cuda
mistral_7b_instruct_v0p3__math_test_00110_72b3623f__temp0.60__seed7,mistral_7b_instruct_v0p3,mistralai/Mistral-7B-Instruct-v0.3,math_test_00110_72b3623f,math,MATH 1,math,110,0.6,7,minimal_json,default,0,0,0,1,14,1,12,0.0,0,cuda
mistral_7b_instruct_v0p3__math_test_00111_d752e2e3__temp0.60__seed7,mistral_7b_instruct_v0p3,mistralai/Mistral-7B-Instruct-v0.3,math_test_00111_d752e2e3,math,MATH 5,math,111,0.6,7,minimal_json,default,0,0,0,1,14,1,1,0.0,0,cuda
mistral_7b_instruct_v0p3__math_test_00112_84e6f7fa__temp0.60__seed7,mistral_7b_instruct_v0p3,mistralai/Mistral-7B-Instruct-v0.3,math_test_00112_84e6f7fa,math,MATH 2,math,112,0.6,7,minimal_json,default,0,0,0,1,14,6,10,0.0,0,cuda
mistral_7b_instruct_v0p3__math_test_00113_f30e88a0__temp0.60__seed7,mistral_7b_instruct_v0p3,mistralai/Mistral-7B-Instruct-v0.3,math_test_00113_f30e88a0,math,MATH 3,math,113,0.6,7,minimal_json,default,0,1,0,6,6,14,8,0.75,0,cuda
mistral_7b_instruct_v0p3__math_test_00114_deb9efc8__temp0.60__seed7,mistral_7b_instruct_v0p3,mistralai/Mistral-7B-Instruct-v0.3,math_test_00114_deb9efc8,math,MATH 2,math,114,0.6,7,minimal_json,default,0,0,0,1,14,1,7,0.0,0,cuda
mistral_7b_instruct_v0p3__math_test_00115_e20c9b7a__temp0.60__seed7,mistral_7b_instruct_v0p3,mistralai/Mistral-7B-Instruct-v0.3,math_test_00115_e20c9b7a,math,MATH 4,math,115,0.6,7,minimal_json,default,0,0,0,1,14,12,11,0.0,0,cuda
mistral_7b_instruct_v0p3__math_test_00116_61f50e3d__temp0.60__seed7,mistral_7b_instruct_v0p3,mistralai/Mistral-7B-Instruct-v0.3,math_test_00116_61f50e3d,math,MATH 4,math,116,0.6,7,minimal_json,default,0,0,0,1,14,1,2,0.0,0,cuda
mistral_7b_instruct_v0p3__math_test_00117_e884ad93__temp0.60__seed7,mistral_7b_instruct_v0p3,mistralai/Mistral-7B-Instruct-v0.3,math_test_00117_e884ad93,math,MATH 4,math,117,0.6,7,minimal_json,default,0,0,0,1,14,8,8,0.0,0,cuda
mistral_7b_instruct_v0p3__math_test_00118_fc8ebbb3__temp0.60__seed7,mistral_7b_instruct_v0p3,mistralai/Mistral-7B-Instruct-v0.3,math_test_00118_fc8ebbb3,math,MATH 1,math,118,0.6,7,minimal_json,default,0,0,0,1,14,4,9,0.0,0,cuda
mistral_7b_instruct_v0p3__math_test_00119_a6218ea2__temp0.60__seed7,mistral_7b_instruct_v0p3,mistralai/Mistral-7B-Instruct-v0.3,math_test_00119_a6218ea2,math,MATH 5,math,119,0.6,7,minimal_json,default,0,0,0,1,14,5,6,0.0,0,cuda
mistral_7b_instruct_v0p3__math_test_00120_8eef5288__temp0.60__seed7,mistral_7b_instruct_v0p3,mistralai/Mistral-7B-Instruct-v0.3,math_test_00120_8eef5288,math,MATH 2,math,120,0.6,7,minimal_json,default,0,0,0,1,14,3,13,0.0,0,cuda
mistral_7b_instruct_v0p3__math_test_00121_23cfdf25__temp0.60__seed7,mistral_7b_instruct_v0p3,mistralai/Mistral-7B-Instruct-v0.3,math_test_00121_23cfdf25,math,MATH 5,math,121,0.6,7,minimal_json,default,0,0,0,1,14,9,8,0.0,0,cuda
mistral_7b_instruct_v0p3__math_test_00122_fdf4300d__temp0.60__seed7,mistral_7b_instruct_v0p3,mistralai/Mistral-7B-Instruct-v0.3,math_test_00122_fdf4300d,math,MATH 3,math,122,0.6,7,minimal_json,default,0,0,0,1,14,5,2,0.0,0,cuda
mistral_7b_instruct_v0p3__math_test_00123_860f65d4__temp0.60__seed7,mistral_7b_instruct_v0p3,mistralai/Mistral-7B-Instruct-v0.3,math_test_00123_860f65d4,math,MATH 5,math,123,0.6,7,minimal_json,default,0,0,0,1,14,7,7,0.0,0,cuda
mistral_7b_instruct_v0p3__math_test_00124_93bacf2d__temp0.60__seed7,mistral_7b_instruct_v0p3,mistralai/Mistral-7B-Instruct-v0.3,math_test_00124_93bacf2d,math,MATH 4,math,124,0.6,7,minimal_json,default,0,0,0,1,14,1,1,0.0,0,cuda
mistral_7b_instruct_v0p3__math_test_00125_e5ac5620__temp0.60__seed7,mistral_7b_instruct_v0p3,mistralai/Mistral-7B-Instruct-v0.3,math_test_00125_e5ac5620,math,MATH 4,math,125,0.6,7,minimal_json,default,0,0,0,1,14,10,8,0.0,0,cuda
mistral_7b_instruct_v0p3__math_test_00126_81f4f6da__temp0.60__seed7,mistral_7b_instruct_v0p3,mistralai/Mistral-7B-Instruct-v0.3,math_test_00126_81f4f6da,math,MATH 3,math,126,0.6,7,minimal_json,default,0,0,0,1,14,5,7,0.0,0,cuda
mistral_7b_instruct_v0p3__math_test_00127_831d47a3__temp0.60__seed7,mistral_7b_instruct_v0p3,mistralai/Mistral-7B-Instruct-v0.3,math_test_00127_831d47a3,math,MATH 2,math,127,0.6,7,minimal_json,default,0,0,0,1,14,3,8,0.0,0,cuda
mistral_7b_instruct_v0p3__math_test_00128_34115c3f__temp0.60__seed7,mistral_7b_instruct_v0p3,mistralai/Mistral-7B-Instruct-v0.3,math_test_00128_34115c3f,math,MATH 4,math,128,0.6,7,minimal_json,default,0,0,0,1,14,14,12,0.0,0,cuda
mistral_7b_instruct_v0p3__math_test_00129_13560ab9__temp0.60__seed7,mistral_7b_instruct_v0p3,mistralai/Mistral-7B-Instruct-v0.3,math_test_00129_13560ab9,math,MATH 3,math,129,0.6,7,minimal_json,default,0,0,0,1,14,14,6,0.0,0,cuda
mistral_7b_instruct_v0p3__math_test_00130_587c37e4__temp0.60__seed7,mistral_7b_instruct_v0p3,mistralai/Mistral-7B-Instruct-v0.3,math_test_00130_587c37e4,math,MATH 4,math,130,0.6,7,minimal_json,default,0,0,0,1,14,13,9,0.0,0,cuda
mistral_7b_instruct_v0p3__math_test_00131_e4690c90__temp0.60__seed7,mistral_7b_instruct_v0p3,mistralai/Mistral-7B-Instruct-v0.3,math_test_00131_e4690c90,math,MATH 2,math,131,0.6,7,minimal_json,default,0,0,0,1,14,4,8,0.0,0,cuda
mistral_7b_instruct_v0p3__math_test_00132_9804c9ed__temp0.60__seed7,mistral_7b_instruct_v0p3,mistralai/Mistral-7B-Instruct-v0.3,math_test_00132_9804c9ed,math,MATH 4,math,132,0.6,7,minimal_json,default,0,0,0,1,14,7,13,0.0,0,cuda
mistral_7b_instruct_v0p3__math_test_00133_efc15efb__temp0.60__seed7,mistral_7b_instruct_v0p3,mistralai/Mistral-7B-Instruct-v0.3,math_test_00133_efc15efb,math,MATH 3,math,133,0.6,7,minimal_json,default,0,0,0,1,14,3,2,0.0,0,cuda
mistral_7b_instruct_v0p3__math_test_00134_729aab2d__temp0.60__seed7,mistral_7b_instruct_v0p3,mistralai/Mistral-7B-Instruct-v0.3,math_test_00134_729aab2d,math,MATH 5,math,134,0.6,7,minimal_json,default,0,0,0,1,14,14,13,0.0,0,cuda
mistral_7b_instruct_v0p3__math_test_00135_cc85526c__temp0.60__seed7,mistral_7b_instruct_v0p3,mistralai/Mistral-7B-Instruct-v0.3,math_test_00135_cc85526c,math,MATH 3,math,135,0.6,7,minimal_json,default,0,0,0,1,14,1,8,0.0,0,cuda
mistral_7b_instruct_v0p3__math_test_00136_8e69a186__temp0.60__seed7,mistral_7b_instruct_v0p3,mistralai/Mistral-7B-Instruct-v0.3,math_test_00136_8e69a186,math,MATH 2,math,136,0.6,7,minimal_json,default,0,0,0,1,14,3,3,0.0,0,cuda
mistral_7b_instruct_v0p3__math_test_00137_66c4d3d6__temp0.60__seed7,mistral_7b_instruct_v0p3,mistralai/Mistral-7B-Instruct-v0.3,math_test_00137_66c4d3d6,math,MATH 4,math,137,0.6,7,minimal_json,default,0,0,0,1,14,14,13,0.0,0,cuda
mistral_7b_instruct_v0p3__math_test_00138_3cca3484__temp0.60__seed7,mistral_7b_instruct_v0p3,mistralai/Mistral-7B-Instruct-v0.3,math_test_00138_3cca3484,math,MATH 5,math,138,0.6,7,minimal_json,default,0,0,0,1,14,14,7,0.0,0,cuda
mistral_7b_instruct_v0p3__math_test_00139_55101384__temp0.60__seed7,mistral_7b_instruct_v0p3,mistralai/Mistral-7B-Instruct-v0.3,math_test_00139_55101384,math,MATH 3,math,139,0.6,7,minimal_json,default,0,0,0,1,14,14,7,0.0,0,cuda
mistral_7b_instruct_v0p3__math_test_00140_9c2a8a8c__temp0.60__seed7,mistral_7b_instruct_v0p3,mistralai/Mistral-7B-Instruct-v0.3,math_test_00140_9c2a8a8c,math,MATH 5,math,140,0.6,7,minimal_json,default,0,0,0,1,14,8,6,0.0,0,cuda
mistral_7b_instruct_v0p3__math_test_00141_fa53302b__temp0.60__seed7,mistral_7b_instruct_v0p3,mistralai/Mistral-7B-Instruct-v0.3,math_test_00141_fa53302b,math,MATH 5,math,141,0.6,7,minimal_json,default,0,0,0,1,14,1,5,0.0,0,cuda
mistral_7b_instruct_v0p3__math_test_00142_a535d7ed__temp0.60__seed7,mistral_7b_instruct_v0p3,mistralai/Mistral-7B-Instruct-v0.3,math_test_00142_a535d7ed,math,MATH 3,math,142,0.6,7,minimal_json,default,0,0,0,1,14,14,12,0.0,0,cuda
mistral_7b_instruct_v0p3__math_test_00143_f0361309__temp0.60__seed7,mistral_7b_instruct_v0p3,mistralai/Mistral-7B-Instruct-v0.3,math_test_00143_f0361309,math,MATH 2,math,143,0.6,7,minimal_json,default,0,1,1,1,1,4,4,1.0,0,cuda
mistral_7b_instruct_v0p3__math_test_00144_3287fa74__temp0.60__seed7,mistral_7b_instruct_v0p3,mistralai/Mistral-7B-Instruct-v0.3,math_test_00144_3287fa74,math,MATH 1,math,144,0.6,7,minimal_json,default,0,0,0,1,14,10,2,0.0,0,cuda
mistral_7b_instruct_v0p3__math_test_00145_bb1c005f__temp0.60__seed7,mistral_7b_instruct_v0p3,mistralai/Mistral-7B-Instruct-v0.3,math_test_00145_bb1c005f,math,MATH 3,math,145,0.6,7,minimal_json,default,0,0,0,1,14,1,2,0.0,0,cuda
mistral_7b_instruct_v0p3__math_test_00146_faf5031d__temp0.60__seed7,mistral_7b_instruct_v0p3,mistralai/Mistral-7B-Instruct-v0.3,math_test_00146_faf5031d,math,MATH 3,math,146,0.6,7,minimal_json,default,0,0,0,1,14,2,4,0.0,0,cuda
mistral_7b_instruct_v0p3__math_test_00147_390c3a01__temp0.60__seed7,mistral_7b_instruct_v0p3,mistralai/Mistral-7B-Instruct-v0.3,math_test_00147_390c3a01,math,MATH 4,math,147,0.6,7,minimal_json,default,0,0,0,1,14,6,7,0.0,0,cuda
mistral_7b_instruct_v0p3__math_test_00148_c9dddba4__temp0.60__seed7,mistral_7b_instruct_v0p3,mistralai/Mistral-7B-Instruct-v0.3,math_test_00148_c9dddba4,math,MATH 3,math,148,0.6,7,minimal_json,default,0,0,0,1,14,6,6,0.0,0,cuda
mistral_7b_instruct_v0p3__math_test_00149_805d659b__temp0.60__seed7,mistral_7b_instruct_v0p3,mistralai/Mistral-7B-Instruct-v0.3,math_test_00149_805d659b,math,MATH 5,math,149,0.6,7,minimal_json,default,0,0,0,1,14,14,9,0.0,0,cuda
mistral_7b_instruct_v0p3__math_test_00150_f0a2fdf6__temp0.60__seed7,mistral_7b_instruct_v0p3,mistralai/Mistral-7B-Instruct-v0.3,math_test_00150_f0a2fdf6,math,MATH 4,math,150,0.6,7,minimal_json,default,0,0,0,1,14,1,2,0.0,0,cuda
mistral_7b_instruct_v0p3__math_test_00151_3228d9fb__temp0.60__seed7,mistral_7b_instruct_v0p3,mistralai/Mistral-7B-Instruct-v0.3,math_test_00151_3228d9fb,math,MATH 2,math,151,0.6,7,minimal_json,default,0,0,0,1,14,10,13,0.0,0,cuda
mistral_7b_instruct_v0p3__math_test_00152_df146136__temp0.60__seed7,mistral_7b_instruct_v0p3,mistralai/Mistral-7B-Instruct-v0.3,math_test_00152_df146136,math,MATH 4,math,152,0.6,7,minimal_json,default,0,0,0,1,14,3,7,0.0,0,cuda
mistral_7b_instruct_v0p3__math_test_00153_e0a74423__temp0.60__seed7,mistral_7b_instruct_v0p3,mistralai/Mistral-7B-Instruct-v0.3,math_test_00153_e0a74423,math,MATH 5,math,153,0.6,7,minimal_json,default,0,0,0,1,14,14,13,0.0,0,cuda
mistral_7b_instruct_v0p3__math_test_00154_7dc5f86e__temp0.60__seed7,mistral_7b_instruct_v0p3,mistralai/Mistral-7B-Instruct-v0.3,math_test_00154_7dc5f86e,math,MATH 2,math,154,0.6,7,minimal_json,default,0,1,1,1,1,1,6,1.0,1,cuda
mistral_7b_instruct_v0p3__math_test_00155_ee27b543__temp0.60__seed7,mistral_7b_instruct_v0p3,mistralai/Mistral-7B-Instruct-v0.3,math_test_00155_ee27b543,math,MATH 4,math,155,0.6,7,minimal_json,default,0,0,0,1,14,7,6,0.0,0,cuda
mistral_7b_instruct_v0p3__math_test_00156_95b47adc__temp0.60__seed7,mistral_7b_instruct_v0p3,mistralai/Mistral-7B-Instruct-v0.3,math_test_00156_95b47adc,math,MATH 3,math,156,0.6,7,minimal_json,default,0,0,0,1,14,14,13,0.0,0,cuda
mistral_7b_instruct_v0p3__math_test_00157_37701db8__temp0.60__seed7,mistral_7b_instruct_v0p3,mistralai/Mistral-7B-Instruct-v0.3,math_test_00157_37701db8,math,MATH 3,math,157,0.6,7,minimal_json,default,0,0,0,1,14,5,13,0.0,0,cuda
mistral_7b_instruct_v0p3__math_test_00158_15e70720__temp0.60__seed7,mistral_7b_instruct_v0p3,mistralai/Mistral-7B-Instruct-v0.3,math_test_00158_15e70720,math,MATH 1,math,158,0.6,7,minimal_json,default,0,1,0,3,3,3,3,0.9,0,cuda
mistral_7b_instruct_v0p3__math_test_00159_7acc030c__temp0.60__seed7,mistral_7b_instruct_v0p3,mistralai/Mistral-7B-Instruct-v0.3,math_test_00159_7acc030c,math,MATH 4,math,159,0.6,7,minimal_json,default,0,0,0,1,14,14,5,0.0,0,cuda
mistral_7b_instruct_v0p3__math_test_00160_e84fb95f__temp0.60__seed7,mistral_7b_instruct_v0p3,mistralai/Mistral-7B-Instruct-v0.3,math_test_00160_e84fb95f,math,MATH 5,math,160,0.6,7,minimal_json,default,0,0,0,1,14,5,6,0.0,0,cuda
mistral_7b_instruct_v0p3__math_test_00161_643e7dc4__temp0.60__seed7,mistral_7b_instruct_v0p3,mistralai/Mistral-7B-Instruct-v0.3,math_test_00161_643e7dc4,math,MATH 1,math,161,0.6,7,minimal_json,default,0,0,0,1,14,3,6,0.0,0,cuda
mistral_7b_instruct_v0p3__math_test_00162_45ed500c__temp0.60__seed7,mistral_7b_instruct_v0p3,mistralai/Mistral-7B-Instruct-v0.3,math_test_00162_45ed500c,math,MATH 3,math,162,0.6,7,minimal_json,default,0,0,0,1,14,3,11,0.0,0,cuda
mistral_7b_instruct_v0p3__math_test_00163_6f88c8c4__temp0.60__seed7,mistral_7b_instruct_v0p3,mistralai/Mistral-7B-Instruct-v0.3,math_test_00163_6f88c8c4,math,MATH 2,math,163,0.6,7,minimal_json,default,0,0,0,1,14,1,5,0.0,0,cuda
mistral_7b_instruct_v0p3__math_test_00164_a06c5428__temp0.60__seed7,mistral_7b_instruct_v0p3,mistralai/Mistral-7B-Instruct-v0.3,math_test_00164_a06c5428,math,MATH 3,math,164,0.6,7,minimal_json,default,0,0,0,1,14,14,13,0.0,0,cuda
mistral_7b_instruct_v0p3__math_test_00165_2bb09b99__temp0.60__seed7,mistral_7b_instruct_v0p3,mistralai/Mistral-7B-Instruct-v0.3,math_test_00165_2bb09b99,math,MATH 5,math,165,0.6,7,minimal_json,default,0,0,0,1,14,14,6,0.0,0,cuda
mistral_7b_instruct_v0p3__math_test_00166_e1652a94__temp0.60__seed7,mistral_7b_instruct_v0p3,mistralai/Mistral-7B-Instruct-v0.3,math_test_00166_e1652a94,math,MATH 2,math,166,0.6,7,minimal_json,default,0,0,0,1,14,14,6,0.0,0,cuda
mistral_7b_instruct_v0p3__math_test_00167_87ffe725__temp0.60__seed7,mistral_7b_instruct_v0p3,mistralai/Mistral-7B-Instruct-v0.3,math_test_00167_87ffe725,math,MATH 2,math,167,0.6,7,minimal_json,default,0,1,0,3,3,1,9,0.9,1,cuda
mistral_7b_instruct_v0p3__math_test_00168_0f3086b8__temp0.60__seed7,mistral_7b_instruct_v0p3,mistralai/Mistral-7B-Instruct-v0.3,math_test_00168_0f3086b8,math,MATH 2,math,168,0.6,7,minimal_json,default,0,0,0,1,14,14,13,0.0,0,cuda
mistral_7b_instruct_v0p3__math_test_00169_1a29884e__temp0.60__seed7,mistral_7b_instruct_v0p3,mistralai/Mistral-7B-Instruct-v0.3,math_test_00169_1a29884e,math,MATH 5,math,169,0.6,7,minimal_json,default,0,0,0,1,14,7,11,0.0,0,cuda
mistral_7b_instruct_v0p3__math_test_00170_7682a602__temp0.60__seed7,mistral_7b_instruct_v0p3,mistralai/Mistral-7B-Instruct-v0.3,math_test_00170_7682a602,math,MATH 5,math,170,0.6,7,minimal_json,default,0,0,0,1,14,1,3,0.0,0,cuda
mistral_7b_instruct_v0p3__math_test_00171_dae831e4__temp0.60__seed7,mistral_7b_instruct_v0p3,mistralai/Mistral-7B-Instruct-v0.3,math_test_00171_dae831e4,math,MATH 5,math,171,0.6,7,minimal_json,default,0,0,0,1,14,5,5,0.0,0,cuda
mistral_7b_instruct_v0p3__math_test_00172_6af9182b__temp0.60__seed7,mistral_7b_instruct_v0p3,mistralai/Mistral-7B-Instruct-v0.3,math_test_00172_6af9182b,math,MATH 4,math,172,0.6,7,minimal_json,default,0,0,0,1,14,2,3,0.0,0,cuda
mistral_7b_instruct_v0p3__math_test_00173_f7741471__temp0.60__seed7,mistral_7b_instruct_v0p3,mistralai/Mistral-7B-Instruct-v0.3,math_test_00173_f7741471,math,MATH 3,math,173,0.6,7,minimal_json,default,0,0,0,1,14,1,7,0.0,0,cuda
mistral_7b_instruct_v0p3__math_test_00174_660b0932__temp0.60__seed7,mistral_7b_instruct_v0p3,mistralai/Mistral-7B-Instruct-v0.3,math_test_00174_660b0932,math,MATH 3,math,174,0.6,7,minimal_json,default,0,0,0,1,14,14,11,0.0,0,cuda
mistral_7b_instruct_v0p3__math_test_00175_ad581760__temp0.60__seed7,mistral_7b_instruct_v0p3,mistralai/Mistral-7B-Instruct-v0.3,math_test_00175_ad581760,math,MATH 4,math,175,0.6,7,minimal_json,default,0,0,0,1,14,14,9,0.0,0,cuda
mistral_7b_instruct_v0p3__math_test_00176_3ab8fbcf__temp0.60__seed7,mistral_7b_instruct_v0p3,mistralai/Mistral-7B-Instruct-v0.3,math_test_00176_3ab8fbcf,math,MATH 2,math,176,0.6,7,minimal_json,default,0,0,0,1,14,14,7,0.0,0,cuda
mistral_7b_instruct_v0p3__math_test_00177_88f25299__temp0.60__seed7,mistral_7b_instruct_v0p3,mistralai/Mistral-7B-Instruct-v0.3,math_test_00177_88f25299,math,MATH 4,math,177,0.6,7,minimal_json,default,0,0,0,1,14,1,4,0.0,0,cuda
mistral_7b_instruct_v0p3__math_test_00178_af59f7e2__temp0.60__seed7,mistral_7b_instruct_v0p3,mistralai/Mistral-7B-Instruct-v0.3,math_test_00178_af59f7e2,math,MATH 1,math,178,0.6,7,minimal_json,default,0,0,0,1,14,2,9,0.0,0,cuda
mistral_7b_instruct_v0p3__math_test_00179_50c278d5__temp0.60__seed7,mistral_7b_instruct_v0p3,mistralai/Mistral-7B-Instruct-v0.3,math_test_00179_50c278d5,math,MATH 1,math,179,0.6,7,minimal_json,default,0,1,1,1,1,3,7,1.0,1,cuda
mistral_7b_instruct_v0p3__math_test_00180_409f8858__temp0.60__seed7,mistral_7b_instruct_v0p3,mistralai/Mistral-7B-Instruct-v0.3,math_test_00180_409f8858,math,MATH 4,math,180,0.6,7,minimal_json,default,0,0,0,1,14,1,2,0.0,0,cuda
mistral_7b_instruct_v0p3__math_test_00181_40a8a07f__temp0.60__seed7,mistral_7b_instruct_v0p3,mistralai/Mistral-7B-Instruct-v0.3,math_test_00181_40a8a07f,math,MATH 3,math,181,0.6,7,minimal_json,default,0,0,0,1,14,1,2,0.0,0,cuda
mistral_7b_instruct_v0p3__math_test_00182_5eec73ff__temp0.60__seed7,mistral_7b_instruct_v0p3,mistralai/Mistral-7B-Instruct-v0.3,math_test_00182_5eec73ff,math,MATH 4,math,182,0.6,7,minimal_json,default,0,0,0,1,14,1,0,0.0,0,cuda
mistral_7b_instruct_v0p3__math_test_00183_8feeefff__temp0.60__seed7,mistral_7b_instruct_v0p3,mistralai/Mistral-7B-Instruct-v0.3,math_test_00183_8feeefff,math,MATH 5,math,183,0.6,7,minimal_json,default,0,0,0,1,14,8,9,0.0,0,cuda
mistral_7b_instruct_v0p3__math_test_00184_78e3c175__temp0.60__seed7,mistral_7b_instruct_v0p3,mistralai/Mistral-7B-Instruct-v0.3,math_test_00184_78e3c175,math,MATH 4,math,184,0.6,7,minimal_json,default,0,0,0,1,14,12,10,0.0,0,cuda
mistral_7b_instruct_v0p3__math_test_00185_b9d67ef5__temp0.60__seed7,mistral_7b_instruct_v0p3,mistralai/Mistral-7B-Instruct-v0.3,math_test_00185_b9d67ef5,math,MATH 2,math,185,0.6,7,minimal_json,default,0,0,0,1,14,1,11,0.0,0,cuda
mistral_7b_instruct_v0p3__math_test_00186_ac02199f__temp0.60__seed7,mistral_7b_instruct_v0p3,mistralai/Mistral-7B-Instruct-v0.3,math_test_00186_ac02199f,math,MATH 5,math,186,0.6,7,minimal_json,default,0,0,0,1,14,4,7,0.0,0,cuda
mistral_7b_instruct_v0p3__math_test_00187_b2db12b1__temp0.60__seed7,mistral_7b_instruct_v0p3,mistralai/Mistral-7B-Instruct-v0.3,math_test_00187_b2db12b1,math,MATH 5,math,187,0.6,7,minimal_json,default,0,0,0,1,14,4,6,0.0,0,cuda
mistral_7b_instruct_v0p3__math_test_00188_c57b9f68__temp0.60__seed7,mistral_7b_instruct_v0p3,mistralai/Mistral-7B-Instruct-v0.3,math_test_00188_c57b9f68,math,MATH 4,math,188,0.6,7,minimal_json,default,0,0,0,1,14,1,4,0.0,0,cuda
mistral_7b_instruct_v0p3__math_test_00189_d2f49b7f__temp0.60__seed7,mistral_7b_instruct_v0p3,mistralai/Mistral-7B-Instruct-v0.3,math_test_00189_d2f49b7f,math,MATH 5,math,189,0.6,7,minimal_json,default,0,0,0,1,14,1,3,0.0,0,cuda
mistral_7b_instruct_v0p3__math_test_00190_ad0c55dc__temp0.60__seed7,mistral_7b_instruct_v0p3,mistralai/Mistral-7B-Instruct-v0.3,math_test_00190_ad0c55dc,math,MATH 2,math,190,0.6,7,minimal_json,default,0,0,0,1,14,14,10,0.0,0,cuda
mistral_7b_instruct_v0p3__math_test_00191_b20822d9__temp0.60__seed7,mistral_7b_instruct_v0p3,mistralai/Mistral-7B-Instruct-v0.3,math_test_00191_b20822d9,math,MATH 3,math,191,0.6,7,minimal_json,default,0,0,0,1,14,10,13,0.0,0,cuda
mistral_7b_instruct_v0p3__math_test_00192_a6795966__temp0.60__seed7,mistral_7b_instruct_v0p3,mistralai/Mistral-7B-Instruct-v0.3,math_test_00192_a6795966,math,MATH 1,math,192,0.6,7,minimal_json,default,0,0,0,1,14,2,2,0.0,0,cuda
mistral_7b_instruct_v0p3__math_test_00193_027d8061__temp0.60__seed7,mistral_7b_instruct_v0p3,mistralai/Mistral-7B-Instruct-v0.3,math_test_00193_027d8061,math,MATH 3,math,193,0.6,7,minimal_json,default,0,0,0,1,14,10,9,0.0,0,cuda
mistral_7b_instruct_v0p3__math_test_00194_f51f6dd0__temp0.60__seed7,mistral_7b_instruct_v0p3,mistralai/Mistral-7B-Instruct-v0.3,math_test_00194_f51f6dd0,math,MATH 5,math,194,0.6,7,minimal_json,default,0,0,0,1,14,14,4,0.0,0,cuda
mistral_7b_instruct_v0p3__math_test_00195_7cc2d650__temp0.60__seed7,mistral_7b_instruct_v0p3,mistralai/Mistral-7B-Instruct-v0.3,math_test_00195_7cc2d650,math,MATH 2,math,195,0.6,7,minimal_json,default,0,1,0,6,6,14,10,0.75,0,cuda
mistral_7b_instruct_v0p3__math_test_00196_4e15c27d__temp0.60__seed7,mistral_7b_instruct_v0p3,mistralai/Mistral-7B-Instruct-v0.3,math_test_00196_4e15c27d,math,MATH 3,math,196,0.6,7,minimal_json,default,0,1,1,1,1,1,4,1.0,1,cuda
mistral_7b_instruct_v0p3__math_test_00197_ed195676__temp0.60__seed7,mistral_7b_instruct_v0p3,mistralai/Mistral-7B-Instruct-v0.3,math_test_00197_ed195676,math,MATH 5,math,197,0.6,7,minimal_json,default,0,0,0,1,14,5,12,0.0,0,cuda
mistral_7b_instruct_v0p3__math_test_00198_85b6e7ea__temp0.60__seed7,mistral_7b_instruct_v0p3,mistralai/Mistral-7B-Instruct-v0.3,math_test_00198_85b6e7ea,math,MATH 4,math,198,0.6,7,minimal_json,default,0,0,0,1,14,1,7,0.0,0,cuda
mistral_7b_instruct_v0p3__math_test_00199_c19f27fd__temp0.60__seed7,mistral_7b_instruct_v0p3,mistralai/Mistral-7B-Instruct-v0.3,math_test_00199_c19f27fd,math,MATH 5,math,199,0.6,7,minimal_json,default,0,0,0,1,14,14,7,0.0,0,cuda
mistral_7b_instruct_v0p3__math_test_00200_bd1fc1ea__temp0.60__seed7,mistral_7b_instruct_v0p3,mistralai/Mistral-7B-Instruct-v0.3,math_test_00200_bd1fc1ea,math,MATH 4,math,200,0.6,7,minimal_json,default,0,0,0,1,14,5,8,0.0,0,cuda
mistral_7b_instruct_v0p3__math_test_00201_464f6898__temp0.60__seed7,mistral_7b_instruct_v0p3,mistralai/Mistral-7B-Instruct-v0.3,math_test_00201_464f6898,math,MATH 5,math,201,0.6,7,minimal_json,default,0,0,0,1,14,8,8,0.0,0,cuda
mistral_7b_instruct_v0p3__math_test_00202_8904dc37__temp0.60__seed7,mistral_7b_instruct_v0p3,mistralai/Mistral-7B-Instruct-v0.3,math_test_00202_8904dc37,math,MATH 4,math,202,0.6,7,minimal_json,default,0,0,0,1,14,14,7,0.0,0,cuda
mistral_7b_instruct_v0p3__math_test_00203_d026abb8__temp0.60__seed7,mistral_7b_instruct_v0p3,mistralai/Mistral-7B-Instruct-v0.3,math_test_00203_d026abb8,math,MATH 4,math,203,0.6,7,minimal_json,default,0,0,0,1,14,1,1,0.0,0,cuda
mistral_7b_instruct_v0p3__math_test_00204_75f78286__temp0.60__seed7,mistral_7b_instruct_v0p3,mistralai/Mistral-7B-Instruct-v0.3,math_test_00204_75f78286,math,MATH 4,math,204,0.6,7,minimal_json,default,0,0,0,1,14,1,5,0.0,0,cuda
mistral_7b_instruct_v0p3__math_test_00205_35364df7__temp0.60__seed7,mistral_7b_instruct_v0p3,mistralai/Mistral-7B-Instruct-v0.3,math_test_00205_35364df7,math,MATH 3,math,205,0.6,7,minimal_json,default,0,1,0,7,7,14,7,0.7,0,cuda
mistral_7b_instruct_v0p3__math_test_00206_a6788c30__temp0.60__seed7,mistral_7b_instruct_v0p3,mistralai/Mistral-7B-Instruct-v0.3,math_test_00206_a6788c30,math,MATH 5,math,206,0.6,7,minimal_json,default,0,0,0,1,14,14,11,0.0,0,cuda
mistral_7b_instruct_v0p3__math_test_00207_627fc1ba__temp0.60__seed7,mistral_7b_instruct_v0p3,mistralai/Mistral-7B-Instruct-v0.3,math_test_00207_627fc1ba,math,MATH 5,math,207,0.6,7,minimal_json,default,0,0,0,1,14,14,9,0.0,0,cuda
mistral_7b_instruct_v0p3__math_test_00208_43f47031__temp0.60__seed7,mistral_7b_instruct_v0p3,mistralai/Mistral-7B-Instruct-v0.3,math_test_00208_43f47031,math,MATH 2,math,208,0.6,7,minimal_json,default,0,1,1,1,1,1,3,1.0,0,cuda
mistral_7b_instruct_v0p3__math_test_00209_877944fa__temp0.60__seed7,mistral_7b_instruct_v0p3,mistralai/Mistral-7B-Instruct-v0.3,math_test_00209_877944fa,math,MATH 4,math,209,0.6,7,minimal_json,default,0,0,0,1,14,10,8,0.0,0,cuda
mistral_7b_instruct_v0p3__math_test_00210_51592ad6__temp0.60__seed7,mistral_7b_instruct_v0p3,mistralai/Mistral-7B-Instruct-v0.3,math_test_00210_51592ad6,math,MATH 1,math,210,0.6,7,minimal_json,default,0,0,0,1,14,1,5,0.0,0,cuda
mistral_7b_instruct_v0p3__math_test_00211_4c873421__temp0.60__seed7,mistral_7b_instruct_v0p3,mistralai/Mistral-7B-Instruct-v0.3,math_test_00211_4c873421,math,MATH 2,math,211,0.6,7,minimal_json,default,0,1,1,1,1,4,2,1.0,1,cuda
mistral_7b_instruct_v0p3__math_test_00212_a1acafa6__temp0.60__seed7,mistral_7b_instruct_v0p3,mistralai/Mistral-7B-Instruct-v0.3,math_test_00212_a1acafa6,math,MATH 4,math,212,0.6,7,minimal_json,default,0,0,0,1,14,14,13,0.0,0,cuda
mistral_7b_instruct_v0p3__math_test_00213_4bf84a38__temp0.60__seed7,mistral_7b_instruct_v0p3,mistralai/Mistral-7B-Instruct-v0.3,math_test_00213_4bf84a38,math,MATH 1,math,213,0.6,7,minimal_json,default,0,0,0,1,14,1,3,0.0,0,cuda
mistral_7b_instruct_v0p3__math_test_00214_dd220dbb__temp0.60__seed7,mistral_7b_instruct_v0p3,mistralai/Mistral-7B-Instruct-v0.3,math_test_00214_dd220dbb,math,MATH 2,math,214,0.6,7,minimal_json,default,0,0,0,1,14,3,6,0.0,0,cuda
mistral_7b_instruct_v0p3__math_test_00215_d650ba63__temp0.60__seed7,mistral_7b_instruct_v0p3,mistralai/Mistral-7B-Instruct-v0.3,math_test_00215_d650ba63,math,MATH 2,math,215,0.6,7,minimal_json,default,0,1,0,2,2,2,3,0.95,1,cuda
mistral_7b_instruct_v0p3__math_test_00216_bb0c5189__temp0.60__seed7,mistral_7b_instruct_v0p3,mistralai/Mistral-7B-Instruct-v0.3,math_test_00216_bb0c5189,math,MATH 3,math,216,0.6,7,minimal_json,default,0,0,0,1,14,4,6,0.0,0,cuda
mistral_7b_instruct_v0p3__math_test_00217_f16ba217__temp0.60__seed7,mistral_7b_instruct_v0p3,mistralai/Mistral-7B-Instruct-v0.3,math_test_00217_f16ba217,math,MATH 5,math,217,0.6,7,minimal_json,default,0,0,0,1,14,14,13,0.0,0,cuda
mistral_7b_instruct_v0p3__math_test_00218_9ebeec12__temp0.60__seed7,mistral_7b_instruct_v0p3,mistralai/Mistral-7B-Instruct-v0.3,math_test_00218_9ebeec12,math,MATH 1,math,218,0.6,7,minimal_json,default,0,1,1,1,1,3,2,1.0,1,cuda
mistral_7b_instruct_v0p3__math_test_00219_9ce0114c__temp0.60__seed7,mistral_7b_instruct_v0p3,mistralai/Mistral-7B-Instruct-v0.3,math_test_00219_9ce0114c,math,MATH 3,math,219,0.6,7,minimal_json,default,0,0,0,1,14,13,7,0.0,0,cuda
mistral_7b_instruct_v0p3__math_test_00220_c9d4415d__temp0.60__seed7,mistral_7b_instruct_v0p3,mistralai/Mistral-7B-Instruct-v0.3,math_test_00220_c9d4415d,math,MATH 2,math,220,0.6,7,minimal_json,default,0,0,0,1,14,1,2,0.0,0,cuda
mistral_7b_instruct_v0p3__math_test_00221_6ddce785__temp0.60__seed7,mistral_7b_instruct_v0p3,mistralai/Mistral-7B-Instruct-v0.3,math_test_00221_6ddce785,math,MATH 4,math,221,0.6,7,minimal_json,default,0,0,0,1,14,10,13,0.0,0,cuda
mistral_7b_instruct_v0p3__math_test_00222_67d6eb88__temp0.60__seed7,mistral_7b_instruct_v0p3,mistralai/Mistral-7B-Instruct-v0.3,math_test_00222_67d6eb88,math,MATH 5,math,222,0.6,7,minimal_json,default,0,0,0,1,14,5,6,0.0,0,cuda
mistral_7b_instruct_v0p3__math_test_00223_e0d9f4b1__temp0.60__seed7,mistral_7b_instruct_v0p3,mistralai/Mistral-7B-Instruct-v0.3,math_test_00223_e0d9f4b1,math,MATH 4,math,223,0.6,7,minimal_json,default,0,0,0,1,14,8,7,0.0,0,cuda
mistral_7b_instruct_v0p3__math_test_00224_a4838f9f__temp0.60__seed7,mistral_7b_instruct_v0p3,mistralai/Mistral-7B-Instruct-v0.3,math_test_00224_a4838f9f,math,MATH 3,math,224,0.6,7,minimal_json,default,0,0,0,1,14,2,2,0.0,0,cuda
mistral_7b_instruct_v0p3__math_test_00225_aa62338d__temp0.60__seed7,mistral_7b_instruct_v0p3,mistralai/Mistral-7B-Instruct-v0.3,math_test_00225_aa62338d,math,MATH 2,math,225,0.6,7,minimal_json,default,0,0,0,1,14,1,2,0.0,0,cuda
mistral_7b_instruct_v0p3__math_test_00226_4db0af17__temp0.60__seed7,mistral_7b_instruct_v0p3,mistralai/Mistral-7B-Instruct-v0.3,math_test_00226_4db0af17,math,MATH 3,math,226,0.6,7,minimal_json,default,0,0,0,1,14,2,6,0.0,0,cuda
mistral_7b_instruct_v0p3__math_test_00227_bd91686d__temp0.60__seed7,mistral_7b_instruct_v0p3,mistralai/Mistral-7B-Instruct-v0.3,math_test_00227_bd91686d,math,MATH 3,math,227,0.6,7,minimal_json,default,0,0,0,1,14,2,4,0.0,0,cuda
mistral_7b_instruct_v0p3__math_test_00228_f8913fbd__temp0.60__seed7,mistral_7b_instruct_v0p3,mistralai/Mistral-7B-Instruct-v0.3,math_test_00228_f8913fbd,math,MATH 4,math,228,0.6,7,minimal_json,default,0,0,0,1,14,4,9,0.0,0,cuda
mistral_7b_instruct_v0p3__math_test_00229_3671f9fa__temp0.60__seed7,mistral_7b_instruct_v0p3,mistralai/Mistral-7B-Instruct-v0.3,math_test_00229_3671f9fa,math,MATH 5,math,229,0.6,7,minimal_json,default,0,0,0,1,14,5,6,0.0,0,cuda
mistral_7b_instruct_v0p3__math_test_00230_5de9111d__temp0.60__seed7,mistral_7b_instruct_v0p3,mistralai/Mistral-7B-Instruct-v0.3,math_test_00230_5de9111d,math,MATH 1,math,230,0.6,7,minimal_json,default,0,0,0,1,14,4,9,0.0,0,cuda
mistral_7b_instruct_v0p3__math_test_00231_f1b686d3__temp0.60__seed7,mistral_7b_instruct_v0p3,mistralai/Mistral-7B-Instruct-v0.3,math_test_00231_f1b686d3,math,MATH 5,math,231,0.6,7,minimal_json,default,0,0,0,1,14,1,3,0.0,0,cuda
mistral_7b_instruct_v0p3__math_test_00232_99f94cd0__temp0.60__seed7,mistral_7b_instruct_v0p3,mistralai/Mistral-7B-Instruct-v0.3,math_test_00232_99f94cd0,math,MATH 3,math,232,0.6,7,minimal_json,default,0,0,0,1,14,2,7,0.0,0,cuda
mistral_7b_instruct_v0p3__math_test_00233_05e64b69__temp0.60__seed7,mistral_7b_instruct_v0p3,mistralai/Mistral-7B-Instruct-v0.3,math_test_00233_05e64b69,math,MATH 5,math,233,0.6,7,minimal_json,default,0,0,0,1,14,7,0,0.0,0,cuda
mistral_7b_instruct_v0p3__math_test_00234_03dfd5f4__temp0.60__seed7,mistral_7b_instruct_v0p3,mistralai/Mistral-7B-Instruct-v0.3,math_test_00234_03dfd5f4,math,MATH 3,math,234,0.6,7,minimal_json,default,0,0,0,1,14,7,10,0.0,0,cuda
mistral_7b_instruct_v0p3__math_test_00235_13c2c9be__temp0.60__seed7,mistral_7b_instruct_v0p3,mistralai/Mistral-7B-Instruct-v0.3,math_test_00235_13c2c9be,math,MATH 4,math,235,0.6,7,minimal_json,default,0,0,0,1,14,5,8,0.0,0,cuda
mistral_7b_instruct_v0p3__math_test_00236_d5de6a08__temp0.60__seed7,mistral_7b_instruct_v0p3,mistralai/Mistral-7B-Instruct-v0.3,math_test_00236_d5de6a08,math,MATH 1,math,236,0.6,7,minimal_json,default,0,0,0,1,14,4,9,0.0,0,cuda
mistral_7b_instruct_v0p3__math_test_00237_4bcd0b41__temp0.60__seed7,mistral_7b_instruct_v0p3,mistralai/Mistral-7B-Instruct-v0.3,math_test_00237_4bcd0b41,math,MATH 5,math,237,0.6,7,minimal_json,default,0,0,0,1,14,14,5,0.0,0,cuda
mistral_7b_instruct_v0p3__math_test_00238_c8c67f45__temp0.60__seed7,mistral_7b_instruct_v0p3,mistralai/Mistral-7B-Instruct-v0.3,math_test_00238_c8c67f45,math,MATH 4,math,238,0.6,7,minimal_json,default,0,0,0,1,14,14,11,0.0,0,cuda
mistral_7b_instruct_v0p3__math_test_00239_9b20bddf__temp0.60__seed7,mistral_7b_instruct_v0p3,mistralai/Mistral-7B-Instruct-v0.3,math_test_00239_9b20bddf,math,MATH 1,math,239,0.6,7,minimal_json,default,0,1,1,1,1,1,0,1.0,1,cuda
mistral_7b_instruct_v0p3__math_test_00240_52c92561__temp0.60__seed7,mistral_7b_instruct_v0p3,mistralai/Mistral-7B-Instruct-v0.3,math_test_00240_52c92561,math,MATH 2,math,240,0.6,7,minimal_json,default,0,0,0,1,14,11,12,0.0,0,cuda
mistral_7b_instruct_v0p3__math_test_00241_5a34024d__temp0.60__seed7,mistral_7b_instruct_v0p3,mistralai/Mistral-7B-Instruct-v0.3,math_test_00241_5a34024d,math,MATH 1,math,241,0.6,7,minimal_json,default,0,0,0,1,14,14,11,0.0,0,cuda
mistral_7b_instruct_v0p3__math_test_00242_277ad5c0__temp0.60__seed7,mistral_7b_instruct_v0p3,mistralai/Mistral-7B-Instruct-v0.3,math_test_00242_277ad5c0,math,MATH 3,math,242,0.6,7,minimal_json,default,0,0,0,1,14,3,4,0.0,0,cuda
mistral_7b_instruct_v0p3__math_test_00243_869ecc6c__temp0.60__seed7,mistral_7b_instruct_v0p3,mistralai/Mistral-7B-Instruct-v0.3,math_test_00243_869ecc6c,math,MATH 4,math,243,0.6,7,minimal_json,default,0,0,0,1,14,1,4,0.0,0,cuda
mistral_7b_instruct_v0p3__math_test_00244_1b6efbf5__temp0.60__seed7,mistral_7b_instruct_v0p3,mistralai/Mistral-7B-Instruct-v0.3,math_test_00244_1b6efbf5,math,MATH 2,math,244,0.6,7,minimal_json,default,0,1,1,1,1,12,10,1.0,0,cuda
mistral_7b_instruct_v0p3__math_test_00245_373bfa07__temp0.60__seed7,mistral_7b_instruct_v0p3,mistralai/Mistral-7B-Instruct-v0.3,math_test_00245_373bfa07,math,MATH 5,math,245,0.6,7,minimal_json,default,0,0,0,1,14,9,5,0.0,0,cuda
mistral_7b_instruct_v0p3__math_test_00246_08e34813__temp0.60__seed7,mistral_7b_instruct_v0p3,mistralai/Mistral-7B-Instruct-v0.3,math_test_00246_08e34813,math,MATH 3,math,246,0.6,7,minimal_json,default,0,1,1,1,1,3,4,1.0,1,cuda
mistral_7b_instruct_v0p3__math_test_00247_24a6a2d8__temp0.60__seed7,mistral_7b_instruct_v0p3,mistralai/Mistral-7B-Instruct-v0.3,math_test_00247_24a6a2d8,math,MATH 4,math,247,0.6,7,minimal_json,default,0,0,0,1,14,3,10,0.0,0,cuda
mistral_7b_instruct_v0p3__math_test_00248_740b47e0__temp0.60__seed7,mistral_7b_instruct_v0p3,mistralai/Mistral-7B-Instruct-v0.3,math_test_00248_740b47e0,math,MATH 2,math,248,0.6,7,minimal_json,default,0,1,0,2,2,1,3,0.95,1,cuda
mistral_7b_instruct_v0p3__math_test_00249_89ab90f1__temp0.60__seed7,mistral_7b_instruct_v0p3,mistralai/Mistral-7B-Instruct-v0.3,math_test_00249_89ab90f1,math,MATH 3,math,249,0.6,7,minimal_json,default,0,0,0,1,14,3,6,0.0,0,cuda
mistral_7b_instruct_v0p3__math_test_00250_893f6d22__temp0.60__seed7,mistral_7b_instruct_v0p3,mistralai/Mistral-7B-Instruct-v0.3,math_test_00250_893f6d22,math,MATH 3,math,250,0.6,7,minimal_json,default,0,1,0,2,2,11,6,0.95,0,cuda
mistral_7b_instruct_v0p3__math_test_00251_3dd2446e__temp0.60__seed7,mistral_7b_instruct_v0p3,mistralai/Mistral-7B-Instruct-v0.3,math_test_00251_3dd2446e,math,MATH 3,math,251,0.6,7,minimal_json,default,0,0,0,1,14,1,12,0.0,0,cuda
mistral_7b_instruct_v0p3__math_test_00252_b3e21c72__temp0.60__seed7,mistral_7b_instruct_v0p3,mistralai/Mistral-7B-Instruct-v0.3,math_test_00252_b3e21c72,math,MATH 3,math,252,0.6,7,minimal_json,default,0,1,1,1,1,1,2,1.0,1,cuda
mistral_7b_instruct_v0p3__math_test_00253_d4df8de3__temp0.60__seed7,mistral_7b_instruct_v0p3,mistralai/Mistral-7B-Instruct-v0.3,math_test_00253_d4df8de3,math,MATH 5,math,253,0.6,7,minimal_json,default,0,0,0,1,14,14,13,0.0,0,cuda
mistral_7b_instruct_v0p3__math_test_00254_a92a5bc3__temp0.60__seed7,mistral_7b_instruct_v0p3,mistralai/Mistral-7B-Instruct-v0.3,math_test_00254_a92a5bc3,math,MATH 4,math,254,0.6,7,minimal_json,default,0,0,0,1,14,4,11,0.0,0,cuda
mistral_7b_instruct_v0p3__math_test_00255_5f3fe168__temp0.60__seed7,mistral_7b_instruct_v0p3,mistralai/Mistral-7B-Instruct-v0.3,math_test_00255_5f3fe168,math,MATH 2,math,255,0.6,7,minimal_json,default,0,1,1,1,1,1,3,1.0,1,cuda
mistral_7b_instruct_v0p3__math_test_00256_d959374f__temp0.60__seed7,mistral_7b_instruct_v0p3,mistralai/Mistral-7B-Instruct-v0.3,math_test_00256_d959374f,math,MATH 1,math,256,0.6,7,minimal_json,default,0,0,0,1,14,2,10,0.0,0,cuda
mistral_7b_instruct_v0p3__math_test_00257_20ddae87__temp0.60__seed7,mistral_7b_instruct_v0p3,mistralai/Mistral-7B-Instruct-v0.3,math_test_00257_20ddae87,math,MATH 3,math,257,0.6,7,minimal_json,default,0,0,0,1,14,11,11,0.0,0,cuda
mistral_7b_instruct_v0p3__math_test_00258_44fb0c1c__temp0.60__seed7,mistral_7b_instruct_v0p3,mistralai/Mistral-7B-Instruct-v0.3,math_test_00258_44fb0c1c,math,MATH 5,math,258,0.6,7,minimal_json,default,0,0,0,1,14,5,8,0.0,0,cuda
mistral_7b_instruct_v0p3__math_test_00259_2ab6b817__temp0.60__seed7,mistral_7b_instruct_v0p3,mistralai/Mistral-7B-Instruct-v0.3,math_test_00259_2ab6b817,math,MATH 5,math,259,0.6,7,minimal_json,default,0,0,0,1,14,14,13,0.0,0,cuda
mistral_7b_instruct_v0p3__math_test_00260_efa62d11__temp0.60__seed7,mistral_7b_instruct_v0p3,mistralai/Mistral-7B-Instruct-v0.3,math_test_00260_efa62d11,math,MATH 4,math,260,0.6,7,minimal_json,default,0,0,0,1,14,3,8,0.0,0,cuda
mistral_7b_instruct_v0p3__math_test_00261_4f02172b__temp0.60__seed7,mistral_7b_instruct_v0p3,mistralai/Mistral-7B-Instruct-v0.3,math_test_00261_4f02172b,math,MATH 5,math,261,0.6,7,minimal_json,default,0,0,0,1,14,5,9,0.0,0,cuda
mistral_7b_instruct_v0p3__math_test_00262_5be48d75__temp0.60__seed7,mistral_7b_instruct_v0p3,mistralai/Mistral-7B-Instruct-v0.3,math_test_00262_5be48d75,math,MATH 4,math,262,0.6,7,minimal_json,default,0,0,0,1,14,5,7,0.0,0,cuda
mistral_7b_instruct_v0p3__math_test_00263_10d94c24__temp0.60__seed7,mistral_7b_instruct_v0p3,mistralai/Mistral-7B-Instruct-v0.3,math_test_00263_10d94c24,math,MATH 3,math,263,0.6,7,minimal_json,default,0,0,0,1,14,7,13,0.0,0,cuda
mistral_7b_instruct_v0p3__math_test_00264_ca7f6fd1__temp0.60__seed7,mistral_7b_instruct_v0p3,mistralai/Mistral-7B-Instruct-v0.3,math_test_00264_ca7f6fd1,math,MATH 4,math,264,0.6,7,minimal_json,default,0,0,0,1,14,2,9,0.0,0,cuda
mistral_7b_instruct_v0p3__math_test_00265_3b8ec9e0__temp0.60__seed7,mistral_7b_instruct_v0p3,mistralai/Mistral-7B-Instruct-v0.3,math_test_00265_3b8ec9e0,math,MATH 4,math,265,0.6,7,minimal_json,default,0,0,0,1,14,1,1,0.0,0,cuda
mistral_7b_instruct_v0p3__math_test_00266_dbf10789__temp0.60__seed7,mistral_7b_instruct_v0p3,mistralai/Mistral-7B-Instruct-v0.3,math_test_00266_dbf10789,math,MATH 4,math,266,0.6,7,minimal_json,default,0,0,0,1,14,8,2,0.0,0,cuda
mistral_7b_instruct_v0p3__math_test_00267_a33fc5f4__temp0.60__seed7,mistral_7b_instruct_v0p3,mistralai/Mistral-7B-Instruct-v0.3,math_test_00267_a33fc5f4,math,MATH 1,math,267,0.6,7,minimal_json,default,0,1,1,1,1,1,1,1.0,1,cuda
mistral_7b_instruct_v0p3__math_test_00268_64a42184__temp0.60__seed7,mistral_7b_instruct_v0p3,mistralai/Mistral-7B-Instruct-v0.3,math_test_00268_64a42184,math,MATH 3,math,268,0.6,7,minimal_json,default,0,0,0,1,14,14,11,0.0,0,cuda
mistral_7b_instruct_v0p3__math_test_00269_3a892d62__temp0.60__seed7,mistral_7b_instruct_v0p3,mistralai/Mistral-7B-Instruct-v0.3,math_test_00269_3a892d62,math,MATH 1,math,269,0.6,7,minimal_json,default,0,0,0,1,14,14,3,0.0,0,cuda
mistral_7b_instruct_v0p3__math_test_00270_d6fa4f7c__temp0.60__seed7,mistral_7b_instruct_v0p3,mistralai/Mistral-7B-Instruct-v0.3,math_test_00270_d6fa4f7c,math,MATH 4,math,270,0.6,7,minimal_json,default,0,0,0,1,14,1,3,0.0,0,cuda
mistral_7b_instruct_v0p3__math_test_00271_0cd3b758__temp0.60__seed7,mistral_7b_instruct_v0p3,mistralai/Mistral-7B-Instruct-v0.3,math_test_00271_0cd3b758,math,MATH 4,math,271,0.6,7,minimal_json,default,0,0,0,1,14,7,9,0.0,0,cuda
mistral_7b_instruct_v0p3__math_test_00272_84359c4d__temp0.60__seed7,mistral_7b_instruct_v0p3,mistralai/Mistral-7B-Instruct-v0.3,math_test_00272_84359c4d,math,MATH 2,math,272,0.6,7,minimal_json,default,0,0,0,1,14,1,3,0.0,0,cuda
mistral_7b_instruct_v0p3__math_test_00273_a9e9a1de__temp0.60__seed7,mistral_7b_instruct_v0p3,mistralai/Mistral-7B-Instruct-v0.3,math_test_00273_a9e9a1de,math,MATH 2,math,273,0.6,7,minimal_json,default,0,1,1,1,1,1,4,1.0,1,cuda
mistral_7b_instruct_v0p3__math_test_00274_75abc690__temp0.60__seed7,mistral_7b_instruct_v0p3,mistralai/Mistral-7B-Instruct-v0.3,math_test_00274_75abc690,math,MATH 4,math,274,0.6,7,minimal_json,default,0,0,0,1,14,2,1,0.0,0,cuda
mistral_7b_instruct_v0p3__math_test_00275_4384cd3d__temp0.60__seed7,mistral_7b_instruct_v0p3,mistralai/Mistral-7B-Instruct-v0.3,math_test_00275_4384cd3d,math,MATH 4,math,275,0.6,7,minimal_json,default,0,0,0,1,14,14,13,0.0,0,cuda
mistral_7b_instruct_v0p3__math_test_00276_845d624e__temp0.60__seed7,mistral_7b_instruct_v0p3,mistralai/Mistral-7B-Instruct-v0.3,math_test_00276_845d624e,math,MATH 5,math,276,0.6,7,minimal_json,default,0,0,0,1,14,1,2,0.0,0,cuda
mistral_7b_instruct_v0p3__math_test_00277_c86dc9b8__temp0.60__seed7,mistral_7b_instruct_v0p3,mistralai/Mistral-7B-Instruct-v0.3,math_test_00277_c86dc9b8,math,MATH 2,math,277,0.6,7,minimal_json,default,0,0,0,1,14,1,4,0.0,0,cuda
mistral_7b_instruct_v0p3__math_test_00278_f57d1ab7__temp0.60__seed7,mistral_7b_instruct_v0p3,mistralai/Mistral-7B-Instruct-v0.3,math_test_00278_f57d1ab7,math,MATH 1,math,278,0.6,7,minimal_json,default,0,0,0,1,14,1,6,0.0,0,cuda
mistral_7b_instruct_v0p3__math_test_00279_c9a3fe90__temp0.60__seed7,mistral_7b_instruct_v0p3,mistralai/Mistral-7B-Instruct-v0.3,math_test_00279_c9a3fe90,math,MATH 4,math,279,0.6,7,minimal_json,default,0,0,0,1,14,14,2,0.0,0,cuda
mistral_7b_instruct_v0p3__math_test_00280_fa6589e1__temp0.60__seed7,mistral_7b_instruct_v0p3,mistralai/Mistral-7B-Instruct-v0.3,math_test_00280_fa6589e1,math,MATH 4,math,280,0.6,7,minimal_json,default,0,0,0,1,14,1,2,0.0,0,cuda
mistral_7b_instruct_v0p3__math_test_00281_c1845e7d__temp0.60__seed7,mistral_7b_instruct_v0p3,mistralai/Mistral-7B-Instruct-v0.3,math_test_00281_c1845e7d,math,MATH 3,math,281,0.6,7,minimal_json,default,0,0,0,1,14,2,3,0.0,0,cuda
mistral_7b_instruct_v0p3__math_test_00282_92f3a353__temp0.60__seed7,mistral_7b_instruct_v0p3,mistralai/Mistral-7B-Instruct-v0.3,math_test_00282_92f3a353,math,MATH 5,math,282,0.6,7,minimal_json,default,0,0,0,1,14,1,7,0.0,0,cuda
mistral_7b_instruct_v0p3__math_test_00283_7135627a__temp0.60__seed7,mistral_7b_instruct_v0p3,mistralai/Mistral-7B-Instruct-v0.3,math_test_00283_7135627a,math,MATH 5,math,283,0.6,7,minimal_json,default,0,0,0,1,14,1,3,0.0,0,cuda
mistral_7b_instruct_v0p3__math_test_00284_d7b7add8__temp0.60__seed7,mistral_7b_instruct_v0p3,mistralai/Mistral-7B-Instruct-v0.3,math_test_00284_d7b7add8,math,MATH 5,math,284,0.6,7,minimal_json,default,0,0,0,1,14,4,12,0.0,0,cuda
mistral_7b_instruct_v0p3__math_test_00285_2a685be2__temp0.60__seed7,mistral_7b_instruct_v0p3,mistralai/Mistral-7B-Instruct-v0.3,math_test_00285_2a685be2,math,MATH 4,math,285,0.6,7,minimal_json,default,0,0,0,1,14,1,2,0.0,0,cuda
mistral_7b_instruct_v0p3__math_test_00286_2378497f__temp0.60__seed7,mistral_7b_instruct_v0p3,mistralai/Mistral-7B-Instruct-v0.3,math_test_00286_2378497f,math,MATH 5,math,286,0.6,7,minimal_json,default,0,0,0,1,14,2,8,0.0,0,cuda
mistral_7b_instruct_v0p3__math_test_00287_ab35a62d__temp0.60__seed7,mistral_7b_instruct_v0p3,mistralai/Mistral-7B-Instruct-v0.3,math_test_00287_ab35a62d,math,MATH 5,math,287,0.6,7,minimal_json,default,0,0,0,1,14,1,5,0.0,0,cuda
mistral_7b_instruct_v0p3__math_test_00288_99b25b6b__temp0.60__seed7,mistral_7b_instruct_v0p3,mistralai/Mistral-7B-Instruct-v0.3,math_test_00288_99b25b6b,math,MATH 4,math,288,0.6,7,minimal_json,default,0,0,0,1,14,3,7,0.0,0,cuda
mistral_7b_instruct_v0p3__math_test_00289_65b47d19__temp0.60__seed7,mistral_7b_instruct_v0p3,mistralai/Mistral-7B-Instruct-v0.3,math_test_00289_65b47d19,math,MATH 3,math,289,0.6,7,minimal_json,default,0,0,0,1,14,14,8,0.0,0,cuda
mistral_7b_instruct_v0p3__math_test_00290_1a809667__temp0.60__seed7,mistral_7b_instruct_v0p3,mistralai/Mistral-7B-Instruct-v0.3,math_test_00290_1a809667,math,MATH 4,math,290,0.6,7,minimal_json,default,0,0,0,1,14,4,6,0.0,0,cuda
mistral_7b_instruct_v0p3__math_test_00291_f0f80e1a__temp0.60__seed7,mistral_7b_instruct_v0p3,mistralai/Mistral-7B-Instruct-v0.3,math_test_00291_f0f80e1a,math,MATH 3,math,291,0.6,7,minimal_json,default,0,0,0,1,14,1,5,0.0,0,cuda
mistral_7b_instruct_v0p3__math_test_00292_9f87e110__temp0.60__seed7,mistral_7b_instruct_v0p3,mistralai/Mistral-7B-Instruct-v0.3,math_test_00292_9f87e110,math,MATH 4,math,292,0.6,7,minimal_json,default,0,0,0,1,14,8,10,0.0,0,cuda
mistral_7b_instruct_v0p3__math_test_00293_9a549464__temp0.60__seed7,mistral_7b_instruct_v0p3,mistralai/Mistral-7B-Instruct-v0.3,math_test_00293_9a549464,math,MATH 4,math,293,0.6,7,minimal_json,default,0,0,0,1,14,1,8,0.0,0,cuda
mistral_7b_instruct_v0p3__math_test_00294_bbfa98b4__temp0.60__seed7,mistral_7b_instruct_v0p3,mistralai/Mistral-7B-Instruct-v0.3,math_test_00294_bbfa98b4,math,MATH 3,math,294,0.6,7,minimal_json,default,0,0,0,1,14,1,4,0.0,0,cuda
mistral_7b_instruct_v0p3__math_test_00295_5384a318__temp0.60__seed7,mistral_7b_instruct_v0p3,mistralai/Mistral-7B-Instruct-v0.3,math_test_00295_5384a318,math,MATH 3,math,295,0.6,7,minimal_json,default,0,0,0,1,14,3,7,0.0,0,cuda
mistral_7b_instruct_v0p3__math_test_00296_dd695c69__temp0.60__seed7,mistral_7b_instruct_v0p3,mistralai/Mistral-7B-Instruct-v0.3,math_test_00296_dd695c69,math,MATH 5,math,296,0.6,7,minimal_json,default,0,0,0,1,14,13,13,0.0,0,cuda
mistral_7b_instruct_v0p3__math_test_00297_96f3b4cd__temp0.60__seed7,mistral_7b_instruct_v0p3,mistralai/Mistral-7B-Instruct-v0.3,math_test_00297_96f3b4cd,math,MATH 4,math,297,0.6,7,minimal_json,default,0,0,0,1,14,7,7,0.0,0,cuda
mistral_7b_instruct_v0p3__math_test_00298_cd93bf6b__temp0.60__seed7,mistral_7b_instruct_v0p3,mistralai/Mistral-7B-Instruct-v0.3,math_test_00298_cd93bf6b,math,MATH 2,math,298,0.6,7,minimal_json,default,0,0,0,1,14,4,11,0.0,0,cuda
mistral_7b_instruct_v0p3__math_test_00299_9edbd238__temp0.60__seed7,mistral_7b_instruct_v0p3,mistralai/Mistral-7B-Instruct-v0.3,math_test_00299_9edbd238,math,MATH 3,math,299,0.6,7,minimal_json,default,0,0,0,1,14,2,4,0.0,0,cuda
mistral_7b_instruct_v0p3__math_test_00300_7b4fb29f__temp0.60__seed7,mistral_7b_instruct_v0p3,mistralai/Mistral-7B-Instruct-v0.3,math_test_00300_7b4fb29f,math,MATH 5,math,300,0.6,7,minimal_json,default,0,0,0,1,14,3,7,0.0,0,cuda
mistral_7b_instruct_v0p3__math_test_00301_fe74163c__temp0.60__seed7,mistral_7b_instruct_v0p3,mistralai/Mistral-7B-Instruct-v0.3,math_test_00301_fe74163c,math,MATH 4,math,301,0.6,7,minimal_json,default,0,0,0,1,14,4,3,0.0,0,cuda
mistral_7b_instruct_v0p3__math_test_00302_555caaf5__temp0.60__seed7,mistral_7b_instruct_v0p3,mistralai/Mistral-7B-Instruct-v0.3,math_test_00302_555caaf5,math,MATH 5,math,302,0.6,7,minimal_json,default,0,0,0,1,14,6,7,0.0,0,cuda
mistral_7b_instruct_v0p3__math_test_00303_0a6043f3__temp0.60__seed7,mistral_7b_instruct_v0p3,mistralai/Mistral-7B-Instruct-v0.3,math_test_00303_0a6043f3,math,MATH 5,math,303,0.6,7,minimal_json,default,0,0,0,1,14,14,4,0.0,0,cuda
mistral_7b_instruct_v0p3__math_test_00304_782cacd3__temp0.60__seed7,mistral_7b_instruct_v0p3,mistralai/Mistral-7B-Instruct-v0.3,math_test_00304_782cacd3,math,MATH 5,math,304,0.6,7,minimal_json,default,0,0,0,1,14,7,5,0.0,0,cuda
mistral_7b_instruct_v0p3__math_test_00305_c8d180e8__temp0.60__seed7,mistral_7b_instruct_v0p3,mistralai/Mistral-7B-Instruct-v0.3,math_test_00305_c8d180e8,math,MATH 5,math,305,0.6,7,minimal_json,default,0,0,0,1,14,8,8,0.0,0,cuda
mistral_7b_instruct_v0p3__math_test_00306_15a3ec97__temp0.60__seed7,mistral_7b_instruct_v0p3,mistralai/Mistral-7B-Instruct-v0.3,math_test_00306_15a3ec97,math,MATH 4,math,306,0.6,7,minimal_json,default,0,0,0,1,14,10,9,0.0,0,cuda
mistral_7b_instruct_v0p3__math_test_00307_ac0e3789__temp0.60__seed7,mistral_7b_instruct_v0p3,mistralai/Mistral-7B-Instruct-v0.3,math_test_00307_ac0e3789,math,MATH 3,math,307,0.6,7,minimal_json,default,0,0,0,1,14,2,1,0.0,0,cuda
mistral_7b_instruct_v0p3__math_test_00308_35ec1d7b__temp0.60__seed7,mistral_7b_instruct_v0p3,mistralai/Mistral-7B-Instruct-v0.3,math_test_00308_35ec1d7b,math,MATH 4,math,308,0.6,7,minimal_json,default,0,0,0,1,14,12,9,0.0,0,cuda
mistral_7b_instruct_v0p3__math_test_00309_7be0b9c6__temp0.60__seed7,mistral_7b_instruct_v0p3,mistralai/Mistral-7B-Instruct-v0.3,math_test_00309_7be0b9c6,math,MATH 5,math,309,0.6,7,minimal_json,default,0,0,0,1,14,12,5,0.0,0,cuda
mistral_7b_instruct_v0p3__math_test_00310_2974ae8d__temp0.60__seed7,mistral_7b_instruct_v0p3,mistralai/Mistral-7B-Instruct-v0.3,math_test_00310_2974ae8d,math,MATH 2,math,310,0.6,7,minimal_json,default,0,0,0,1,14,5,3,0.0,0,cuda
mistral_7b_instruct_v0p3__math_test_00311_db5088ff__temp0.60__seed7,mistral_7b_instruct_v0p3,mistralai/Mistral-7B-Instruct-v0.3,math_test_00311_db5088ff,math,MATH 5,math,311,0.6,7,minimal_json,default,0,0,0,1,14,14,4,0.0,0,cuda
mistral_7b_instruct_v0p3__math_test_00312_74f8cf90__temp0.60__seed7,mistral_7b_instruct_v0p3,mistralai/Mistral-7B-Instruct-v0.3,math_test_00312_74f8cf90,math,MATH 1,math,312,0.6,7,minimal_json,default,0,0,0,1,14,3,9,0.0,0,cuda
mistral_7b_instruct_v0p3__math_test_00313_eb9feec2__temp0.60__seed7,mistral_7b_instruct_v0p3,mistralai/Mistral-7B-Instruct-v0.3,math_test_00313_eb9feec2,math,MATH 5,math,313,0.6,7,minimal_json,default,0,0,0,1,14,1,7,0.0,0,cuda
mistral_7b_instruct_v0p3__math_test_00314_1f87cb3d__temp0.60__seed7,mistral_7b_instruct_v0p3,mistralai/Mistral-7B-Instruct-v0.3,math_test_00314_1f87cb3d,math,MATH 5,math,314,0.6,7,minimal_json,default,0,0,0,1,14,6,8,0.0,0,cuda
mistral_7b_instruct_v0p3__math_test_00315_df923cac__temp0.60__seed7,mistral_7b_instruct_v0p3,mistralai/Mistral-7B-Instruct-v0.3,math_test_00315_df923cac,math,MATH 4,math,315,0.6,7,minimal_json,default,0,0,0,1,14,1,1,0.0,0,cuda
mistral_7b_instruct_v0p3__math_test_00316_d871c684__temp0.60__seed7,mistral_7b_instruct_v0p3,mistralai/Mistral-7B-Instruct-v0.3,math_test_00316_d871c684,math,MATH 5,math,316,0.6,7,minimal_json,default,0,0,0,1,14,1,8,0.0,0,cuda
mistral_7b_instruct_v0p3__math_test_00317_e0ee33c8__temp0.60__seed7,mistral_7b_instruct_v0p3,mistralai/Mistral-7B-Instruct-v0.3,math_test_00317_e0ee33c8,math,MATH 5,math,317,0.6,7,minimal_json,default,0,0,0,1,14,14,13,0.0,0,cuda
mistral_7b_instruct_v0p3__math_test_00318_126e857a__temp0.60__seed7,mistral_7b_instruct_v0p3,mistralai/Mistral-7B-Instruct-v0.3,math_test_00318_126e857a,math,MATH 1,math,318,0.6,7,minimal_json,default,0,0,0,1,14,2,0,0.0,0,cuda
mistral_7b_instruct_v0p3__math_test_00319_dde9f260__temp0.60__seed7,mistral_7b_instruct_v0p3,mistralai/Mistral-7B-Instruct-v0.3,math_test_00319_dde9f260,math,MATH 5,math,319,0.6,7,minimal_json,default,0,0,0,1,14,5,6,0.0,0,cuda
mistral_7b_instruct_v0p3__math_test_00320_e8f73851__temp0.60__seed7,mistral_7b_instruct_v0p3,mistralai/Mistral-7B-Instruct-v0.3,math_test_00320_e8f73851,math,MATH 2,math,320,0.6,7,minimal_json,default,0,0,0,1,14,13,0,0.0,0,cuda
mistral_7b_instruct_v0p3__math_test_00321_bf799ecc__temp0.60__seed7,mistral_7b_instruct_v0p3,mistralai/Mistral-7B-Instruct-v0.3,math_test_00321_bf799ecc,math,MATH 1,math,321,0.6,7,minimal_json,default,0,0,0,1,14,3,10,0.0,0,cuda
mistral_7b_instruct_v0p3__math_test_00322_ee8eb9c1__temp0.60__seed7,mistral_7b_instruct_v0p3,mistralai/Mistral-7B-Instruct-v0.3,math_test_00322_ee8eb9c1,math,MATH 3,math,322,0.6,7,minimal_json,default,0,0,0,1,14,5,7,0.0,0,cuda
mistral_7b_instruct_v0p3__math_test_00323_372c2d59__temp0.60__seed7,mistral_7b_instruct_v0p3,mistralai/Mistral-7B-Instruct-v0.3,math_test_00323_372c2d59,math,MATH 2,math,323,0.6,7,minimal_json,default,0,0,0,1,14,3,11,0.0,0,cuda
mistral_7b_instruct_v0p3__math_test_00324_5d4902ec__temp0.60__seed7,mistral_7b_instruct_v0p3,mistralai/Mistral-7B-Instruct-v0.3,math_test_00324_5d4902ec,math,MATH 5,math,324,0.6,7,minimal_json,default,0,0,0,1,14,8,7,0.0,0,cuda
mistral_7b_instruct_v0p3__math_test_00325_bf36a20b__temp0.60__seed7,mistral_7b_instruct_v0p3,mistralai/Mistral-7B-Instruct-v0.3,math_test_00325_bf36a20b,math,MATH 4,math,325,0.6,7,minimal_json,default,0,0,0,1,14,7,13,0.0,0,cuda
mistral_7b_instruct_v0p3__math_test_00326_2b3c488f__temp0.60__seed7,mistral_7b_instruct_v0p3,mistralai/Mistral-7B-Instruct-v0.3,math_test_00326_2b3c488f,math,MATH 3,math,326,0.6,7,minimal_json,default,0,0,0,1,14,8,10,0.0,0,cuda
mistral_7b_instruct_v0p3__math_test_00327_39c0048d__temp0.60__seed7,mistral_7b_instruct_v0p3,mistralai/Mistral-7B-Instruct-v0.3,math_test_00327_39c0048d,math,MATH 5,math,327,0.6,7,minimal_json,default,0,0,0,1,14,10,11,0.0,0,cuda
mistral_7b_instruct_v0p3__math_test_00328_fd5fbe30__temp0.60__seed7,mistral_7b_instruct_v0p3,mistralai/Mistral-7B-Instruct-v0.3,math_test_00328_fd5fbe30,math,MATH 3,math,328,0.6,7,minimal_json,default,0,0,0,1,14,1,5,0.0,0,cuda
mistral_7b_instruct_v0p3__math_test_00329_a0de4994__temp0.60__seed7,mistral_7b_instruct_v0p3,mistralai/Mistral-7B-Instruct-v0.3,math_test_00329_a0de4994,math,MATH 2,math,329,0.6,7,minimal_json,default,0,0,0,1,14,9,4,0.0,0,cuda
mistral_7b_instruct_v0p3__math_test_00330_45cea026__temp0.60__seed7,mistral_7b_instruct_v0p3,mistralai/Mistral-7B-Instruct-v0.3,math_test_00330_45cea026,math,MATH 2,math,330,0.6,7,minimal_json,default,0,0,0,1,14,5,9,0.0,0,cuda
mistral_7b_instruct_v0p3__math_test_00331_023902bd__temp0.60__seed7,mistral_7b_instruct_v0p3,mistralai/Mistral-7B-Instruct-v0.3,math_test_00331_023902bd,math,MATH 5,math,331,0.6,7,minimal_json,default,0,0,0,1,14,3,8,0.0,0,cuda
mistral_7b_instruct_v0p3__math_test_00332_5bacfa8c__temp0.60__seed7,mistral_7b_instruct_v0p3,mistralai/Mistral-7B-Instruct-v0.3,math_test_00332_5bacfa8c,math,MATH 5,math,332,0.6,7,minimal_json,default,0,0,0,1,14,1,10,0.0,0,cuda
mistral_7b_instruct_v0p3__math_test_00333_a31e71a6__temp0.60__seed7,mistral_7b_instruct_v0p3,mistralai/Mistral-7B-Instruct-v0.3,math_test_00333_a31e71a6,math,MATH 3,math,333,0.6,7,minimal_json,default,0,0,0,1,14,14,9,0.0,0,cuda
mistral_7b_instruct_v0p3__math_test_00334_18dac264__temp0.60__seed7,mistral_7b_instruct_v0p3,mistralai/Mistral-7B-Instruct-v0.3,math_test_00334_18dac264,math,MATH 5,math,334,0.6,7,minimal_json,default,0,0,0,1,14,14,10,0.0,0,cuda
mistral_7b_instruct_v0p3__math_test_00335_fde40de4__temp0.60__seed7,mistral_7b_instruct_v0p3,mistralai/Mistral-7B-Instruct-v0.3,math_test_00335_fde40de4,math,MATH 5,math,335,0.6,7,minimal_json,default,0,0,0,1,14,8,9,0.0,0,cuda
mistral_7b_instruct_v0p3__math_test_00336_0b4ea1e7__temp0.60__seed7,mistral_7b_instruct_v0p3,mistralai/Mistral-7B-Instruct-v0.3,math_test_00336_0b4ea1e7,math,MATH 3,math,336,0.6,7,minimal_json,default,0,0,0,1,14,14,12,0.0,0,cuda
mistral_7b_instruct_v0p3__math_test_00337_d02b019a__temp0.60__seed7,mistral_7b_instruct_v0p3,mistralai/Mistral-7B-Instruct-v0.3,math_test_00337_d02b019a,math,MATH 4,math,337,0.6,7,minimal_json,default,0,0,0,1,14,14,10,0.0,0,cuda
mistral_7b_instruct_v0p3__math_test_00338_6b6d2c6b__temp0.60__seed7,mistral_7b_instruct_v0p3,mistralai/Mistral-7B-Instruct-v0.3,math_test_00338_6b6d2c6b,math,MATH 2,math,338,0.6,7,minimal_json,default,0,1,1,1,1,1,4,1.0,1,cuda
mistral_7b_instruct_v0p3__math_test_00339_5722cb6d__temp0.60__seed7,mistral_7b_instruct_v0p3,mistralai/Mistral-7B-Instruct-v0.3,math_test_00339_5722cb6d,math,MATH 3,math,339,0.6,7,minimal_json,default,0,0,0,1,14,6,11,0.0,0,cuda
mistral_7b_instruct_v0p3__math_test_00340_c7e6fae6__temp0.60__seed7,mistral_7b_instruct_v0p3,mistralai/Mistral-7B-Instruct-v0.3,math_test_00340_c7e6fae6,math,MATH 4,math,340,0.6,7,minimal_json,default,0,0,0,1,14,14,7,0.0,0,cuda
mistral_7b_instruct_v0p3__math_test_00341_0734d253__temp0.60__seed7,mistral_7b_instruct_v0p3,mistralai/Mistral-7B-Instruct-v0.3,math_test_00341_0734d253,math,MATH 5,math,341,0.6,7,minimal_json,default,0,0,0,1,14,3,4,0.0,0,cuda
mistral_7b_instruct_v0p3__math_test_00342_1bb3298f__temp0.60__seed7,mistral_7b_instruct_v0p3,mistralai/Mistral-7B-Instruct-v0.3,math_test_00342_1bb3298f,math,MATH 5,math,342,0.6,7,minimal_json,default,0,0,0,1,14,1,5,0.0,0,cuda
mistral_7b_instruct_v0p3__math_test_00343_e54f9ee1__temp0.60__seed7,mistral_7b_instruct_v0p3,mistralai/Mistral-7B-Instruct-v0.3,math_test_00343_e54f9ee1,math,MATH 4,math,343,0.6,7,minimal_json,default,0,0,0,1,14,5,11,0.0,0,cuda
mistral_7b_instruct_v0p3__math_test_00344_64925ab7__temp0.60__seed7,mistral_7b_instruct_v0p3,mistralai/Mistral-7B-Instruct-v0.3,math_test_00344_64925ab7,math,MATH 4,math,344,0.6,7,minimal_json,default,0,0,0,1,14,1,2,0.0,0,cuda
mistral_7b_instruct_v0p3__math_test_00345_6af61995__temp0.60__seed7,mistral_7b_instruct_v0p3,mistralai/Mistral-7B-Instruct-v0.3,math_test_00345_6af61995,math,MATH 5,math,345,0.6,7,minimal_json,default,0,0,0,1,14,3,9,0.0,0,cuda
mistral_7b_instruct_v0p3__math_test_00346_baa6122d__temp0.60__seed7,mistral_7b_instruct_v0p3,mistralai/Mistral-7B-Instruct-v0.3,math_test_00346_baa6122d,math,MATH 5,math,346,0.6,7,minimal_json,default,0,0,0,1,14,1,6,0.0,0,cuda
mistral_7b_instruct_v0p3__math_test_00347_a2f7bec0__temp0.60__seed7,mistral_7b_instruct_v0p3,mistralai/Mistral-7B-Instruct-v0.3,math_test_00347_a2f7bec0,math,MATH 4,math,347,0.6,7,minimal_json,default,0,0,0,1,14,12,12,0.0,0,cuda
mistral_7b_instruct_v0p3__math_test_00348_86ddc3d0__temp0.60__seed7,mistral_7b_instruct_v0p3,mistralai/Mistral-7B-Instruct-v0.3,math_test_00348_86ddc3d0,math,MATH 5,math,348,0.6,7,minimal_json,default,0,0,0,1,14,5,3,0.0,0,cuda
mistral_7b_instruct_v0p3__math_test_00349_b9d9a1ba__temp0.60__seed7,mistral_7b_instruct_v0p3,mistralai/Mistral-7B-Instruct-v0.3,math_test_00349_b9d9a1ba,math,MATH 2,math,349,0.6,7,minimal_json,default,0,0,0,1,14,6,5,0.0,0,cuda
mistral_7b_instruct_v0p3__math_test_00350_02aacf73__temp0.60__seed7,mistral_7b_instruct_v0p3,mistralai/Mistral-7B-Instruct-v0.3,math_test_00350_02aacf73,math,MATH 1,math,350,0.6,7,minimal_json,default,0,1,0,3,3,2,7,0.9,0,cuda
mistral_7b_instruct_v0p3__math_test_00351_67aec9c5__temp0.60__seed7,mistral_7b_instruct_v0p3,mistralai/Mistral-7B-Instruct-v0.3,math_test_00351_67aec9c5,math,MATH 3,math,351,0.6,7,minimal_json,default,0,0,0,1,14,3,2,0.0,0,cuda
mistral_7b_instruct_v0p3__math_test_00352_e74ba0fa__temp0.60__seed7,mistral_7b_instruct_v0p3,mistralai/Mistral-7B-Instruct-v0.3,math_test_00352_e74ba0fa,math,MATH 5,math,352,0.6,7,minimal_json,default,0,0,0,1,14,14,13,0.0,0,cuda
mistral_7b_instruct_v0p3__math_test_00353_8c1deb6e__temp0.60__seed7,mistral_7b_instruct_v0p3,mistralai/Mistral-7B-Instruct-v0.3,math_test_00353_8c1deb6e,math,MATH 4,math,353,0.6,7,minimal_json,default,0,0,0,1,14,10,10,0.0,0,cuda
mistral_7b_instruct_v0p3__math_test_00354_47b050a9__temp0.60__seed7,mistral_7b_instruct_v0p3,mistralai/Mistral-7B-Instruct-v0.3,math_test_00354_47b050a9,math,MATH 5,math,354,0.6,7,minimal_json,default,0,0,0,1,14,14,8,0.0,0,cuda
mistral_7b_instruct_v0p3__math_test_00355_ec1c2c36__temp0.60__seed7,mistral_7b_instruct_v0p3,mistralai/Mistral-7B-Instruct-v0.3,math_test_00355_ec1c2c36,math,MATH 1,math,355,0.6,7,minimal_json,default,0,1,1,1,1,1,5,1.0,1,cuda
mistral_7b_instruct_v0p3__math_test_00356_f8a2ffc1__temp0.60__seed7,mistral_7b_instruct_v0p3,mistralai/Mistral-7B-Instruct-v0.3,math_test_00356_f8a2ffc1,math,MATH 4,math,356,0.6,7,minimal_json,default,0,0,0,1,14,3,9,0.0,0,cuda
mistral_7b_instruct_v0p3__math_test_00357_8a63afe5__temp0.60__seed7,mistral_7b_instruct_v0p3,mistralai/Mistral-7B-Instruct-v0.3,math_test_00357_8a63afe5,math,MATH 4,math,357,0.6,7,minimal_json,default,0,0,0,1,14,4,9,0.0,0,cuda
mistral_7b_instruct_v0p3__math_test_00358_76dfcccb__temp0.60__seed7,mistral_7b_instruct_v0p3,mistralai/Mistral-7B-Instruct-v0.3,math_test_00358_76dfcccb,math,MATH 4,math,358,0.6,7,minimal_json,default,0,1,0,9,9,14,12,0.6,0,cuda
mistral_7b_instruct_v0p3__math_test_00359_f093fce4__temp0.60__seed7,mistral_7b_instruct_v0p3,mistralai/Mistral-7B-Instruct-v0.3,math_test_00359_f093fce4,math,MATH 2,math,359,0.6,7,minimal_json,default,0,0,0,1,14,1,4,0.0,0,cuda
mistral_7b_instruct_v0p3__math_test_00360_e7cc4a6f__temp0.60__seed7,mistral_7b_instruct_v0p3,mistralai/Mistral-7B-Instruct-v0.3,math_test_00360_e7cc4a6f,math,MATH 4,math,360,0.6,7,minimal_json,default,0,0,0,1,14,8,6,0.0,0,cuda
mistral_7b_instruct_v0p3__math_test_00361_e7fdc3ec__temp0.60__seed7,mistral_7b_instruct_v0p3,mistralai/Mistral-7B-Instruct-v0.3,math_test_00361_e7fdc3ec,math,MATH 2,math,361,0.6,7,minimal_json,default,0,0,0,1,14,1,4,0.0,0,cuda
mistral_7b_instruct_v0p3__math_test_00362_a3ec21a8__temp0.60__seed7,mistral_7b_instruct_v0p3,mistralai/Mistral-7B-Instruct-v0.3,math_test_00362_a3ec21a8,math,MATH 5,math,362,0.6,7,minimal_json,default,0,0,0,1,14,14,13,0.0,0,cuda
mistral_7b_instruct_v0p3__math_test_00363_76d22eff__temp0.60__seed7,mistral_7b_instruct_v0p3,mistralai/Mistral-7B-Instruct-v0.3,math_test_00363_76d22eff,math,MATH 2,math,363,0.6,7,minimal_json,default,0,0,0,1,14,1,13,0.0,0,cuda
mistral_7b_instruct_v0p3__math_test_00364_48ea1907__temp0.60__seed7,mistral_7b_instruct_v0p3,mistralai/Mistral-7B-Instruct-v0.3,math_test_00364_48ea1907,math,MATH 2,math,364,0.6,7,minimal_json,default,0,0,0,1,14,3,7,0.0,0,cuda
mistral_7b_instruct_v0p3__math_test_00365_ee443bc9__temp0.60__seed7,mistral_7b_instruct_v0p3,mistralai/Mistral-7B-Instruct-v0.3,math_test_00365_ee443bc9,math,MATH 5,math,365,0.6,7,minimal_json,default,0,0,0,1,14,10,11,0.0,0,cuda
mistral_7b_instruct_v0p3__math_test_00366_e4373bdd__temp0.60__seed7,mistral_7b_instruct_v0p3,mistralai/Mistral-7B-Instruct-v0.3,math_test_00366_e4373bdd,math,MATH 4,math,366,0.6,7,minimal_json,default,0,0,0,1,14,6,10,0.0,0,cuda
mistral_7b_instruct_v0p3__math_test_00367_f645536a__temp0.60__seed7,mistral_7b_instruct_v0p3,mistralai/Mistral-7B-Instruct-v0.3,math_test_00367_f645536a,math,MATH 4,math,367,0.6,7,minimal_json,default,0,0,0,1,14,8,5,0.0,0,cuda
mistral_7b_instruct_v0p3__math_test_00368_3ac511d2__temp0.60__seed7,mistral_7b_instruct_v0p3,mistralai/Mistral-7B-Instruct-v0.3,math_test_00368_3ac511d2,math,MATH 2,math,368,0.6,7,minimal_json,default,0,1,1,1,1,6,6,1.0,1,cuda
mistral_7b_instruct_v0p3__math_test_00369_598cca5b__temp0.60__seed7,mistral_7b_instruct_v0p3,mistralai/Mistral-7B-Instruct-v0.3,math_test_00369_598cca5b,math,MATH 5,math,369,0.6,7,minimal_json,default,0,0,0,1,14,2,5,0.0,0,cuda
mistral_7b_instruct_v0p3__math_test_00370_ca991c57__temp0.60__seed7,mistral_7b_instruct_v0p3,mistralai/Mistral-7B-Instruct-v0.3,math_test_00370_ca991c57,math,MATH 4,math,370,0.6,7,minimal_json,default,0,1,1,1,1,1,2,1.0,0,cuda
mistral_7b_instruct_v0p3__math_test_00371_2bd6f928__temp0.60__seed7,mistral_7b_instruct_v0p3,mistralai/Mistral-7B-Instruct-v0.3,math_test_00371_2bd6f928,math,MATH 4,math,371,0.6,7,minimal_json,default,0,0,0,1,14,12,9,0.0,0,cuda
mistral_7b_instruct_v0p3__math_test_00372_b7f23143__temp0.60__seed7,mistral_7b_instruct_v0p3,mistralai/Mistral-7B-Instruct-v0.3,math_test_00372_b7f23143,math,MATH 2,math,372,0.6,7,minimal_json,default,0,0,0,1,14,2,1,0.0,0,cuda
mistral_7b_instruct_v0p3__math_test_00373_00badbcf__temp0.60__seed7,mistral_7b_instruct_v0p3,mistralai/Mistral-7B-Instruct-v0.3,math_test_00373_00badbcf,math,MATH 5,math,373,0.6,7,minimal_json,default,0,0,0,1,14,1,5,0.0,0,cuda
mistral_7b_instruct_v0p3__math_test_00374_6b1b63ff__temp0.60__seed7,mistral_7b_instruct_v0p3,mistralai/Mistral-7B-Instruct-v0.3,math_test_00374_6b1b63ff,math,MATH 2,math,374,0.6,7,minimal_json,default,0,0,0,1,14,1,2,0.0,0,cuda
mistral_7b_instruct_v0p3__math_test_00375_150bb464__temp0.60__seed7,mistral_7b_instruct_v0p3,mistralai/Mistral-7B-Instruct-v0.3,math_test_00375_150bb464,math,MATH 3,math,375,0.6,7,minimal_json,default,0,0,0,1,14,1,10,0.0,0,cuda
mistral_7b_instruct_v0p3__math_test_00376_61c1faed__temp0.60__seed7,mistral_7b_instruct_v0p3,mistralai/Mistral-7B-Instruct-v0.3,math_test_00376_61c1faed,math,MATH 1,math,376,0.6,7,minimal_json,default,0,0,0,1,14,1,4,0.0,0,cuda
mistral_7b_instruct_v0p3__math_test_00377_5a155369__temp0.60__seed7,mistral_7b_instruct_v0p3,mistralai/Mistral-7B-Instruct-v0.3,math_test_00377_5a155369,math,MATH 4,math,377,0.6,7,minimal_json,default,0,0,0,1,14,14,11,0.0,0,cuda
mistral_7b_instruct_v0p3__math_test_00378_679ad820__temp0.60__seed7,mistral_7b_instruct_v0p3,mistralai/Mistral-7B-Instruct-v0.3,math_test_00378_679ad820,math,MATH 5,math,378,0.6,7,minimal_json,default,0,0,0,1,14,14,8,0.0,0,cuda
mistral_7b_instruct_v0p3__math_test_00379_47fb8717__temp0.60__seed7,mistral_7b_instruct_v0p3,mistralai/Mistral-7B-Instruct-v0.3,math_test_00379_47fb8717,math,MATH 3,math,379,0.6,7,minimal_json,default,0,0,0,1,14,2,9,0.0,0,cuda
mistral_7b_instruct_v0p3__math_test_00380_5f1641b4__temp0.60__seed7,mistral_7b_instruct_v0p3,mistralai/Mistral-7B-Instruct-v0.3,math_test_00380_5f1641b4,math,MATH 5,math,380,0.6,7,minimal_json,default,0,0,0,1,14,7,13,0.0,0,cuda
mistral_7b_instruct_v0p3__math_test_00381_8df788ff__temp0.60__seed7,mistral_7b_instruct_v0p3,mistralai/Mistral-7B-Instruct-v0.3,math_test_00381_8df788ff,math,MATH 4,math,381,0.6,7,minimal_json,default,0,0,0,1,14,1,1,0.0,0,cuda
mistral_7b_instruct_v0p3__math_test_00382_38d763f6__temp0.60__seed7,mistral_7b_instruct_v0p3,mistralai/Mistral-7B-Instruct-v0.3,math_test_00382_38d763f6,math,MATH 5,math,382,0.6,7,minimal_json,default,0,0,0,1,14,5,6,0.0,0,cuda
mistral_7b_instruct_v0p3__math_test_00383_08527b10__temp0.60__seed7,mistral_7b_instruct_v0p3,mistralai/Mistral-7B-Instruct-v0.3,math_test_00383_08527b10,math,MATH 3,math,383,0.6,7,minimal_json,default,0,0,0,1,14,3,0,0.0,0,cuda
mistral_7b_instruct_v0p3__math_test_00384_b0468733__temp0.60__seed7,mistral_7b_instruct_v0p3,mistralai/Mistral-7B-Instruct-v0.3,math_test_00384_b0468733,math,MATH 4,math,384,0.6,7,minimal_json,default,0,0,0,1,14,1,8,0.0,0,cuda
mistral_7b_instruct_v0p3__math_test_00385_30dafe73__temp0.60__seed7,mistral_7b_instruct_v0p3,mistralai/Mistral-7B-Instruct-v0.3,math_test_00385_30dafe73,math,MATH 4,math,385,0.6,7,minimal_json,default,0,0,0,1,14,1,11,0.0,0,cuda
mistral_7b_instruct_v0p3__math_test_00386_07310b54__temp0.60__seed7,mistral_7b_instruct_v0p3,mistralai/Mistral-7B-Instruct-v0.3,math_test_00386_07310b54,math,MATH 4,math,386,0.6,7,minimal_json,default,0,0,0,1,14,6,4,0.0,0,cuda
mistral_7b_instruct_v0p3__math_test_00387_17210adf__temp0.60__seed7,mistral_7b_instruct_v0p3,mistralai/Mistral-7B-Instruct-v0.3,math_test_00387_17210adf,math,MATH 4,math,387,0.6,7,minimal_json,default,0,0,0,1,14,14,10,0.0,0,cuda
mistral_7b_instruct_v0p3__math_test_00388_11e6a957__temp0.60__seed7,mistral_7b_instruct_v0p3,mistralai/Mistral-7B-Instruct-v0.3,math_test_00388_11e6a957,math,MATH 2,math,388,0.6,7,minimal_json,default,0,0,0,1,14,1,10,0.0,0,cuda
mistral_7b_instruct_v0p3__math_test_00389_a5faa9e5__temp0.60__seed7,mistral_7b_instruct_v0p3,mistralai/Mistral-7B-Instruct-v0.3,math_test_00389_a5faa9e5,math,MATH 3,math,389,0.6,7,minimal_json,default,0,0,0,1,14,1,3,0.0,0,cuda
mistral_7b_instruct_v0p3__math_test_00390_ea31a6ca__temp0.60__seed7,mistral_7b_instruct_v0p3,mistralai/Mistral-7B-Instruct-v0.3,math_test_00390_ea31a6ca,math,MATH 2,math,390,0.6,7,minimal_json,default,0,0,0,1,14,9,11,0.0,0,cuda
mistral_7b_instruct_v0p3__math_test_00391_da45406a__temp0.60__seed7,mistral_7b_instruct_v0p3,mistralai/Mistral-7B-Instruct-v0.3,math_test_00391_da45406a,math,MATH 3,math,391,0.6,7,minimal_json,default,0,0,0,1,14,1,8,0.0,0,cuda
mistral_7b_instruct_v0p3__math_test_00392_5ec89a77__temp0.60__seed7,mistral_7b_instruct_v0p3,mistralai/Mistral-7B-Instruct-v0.3,math_test_00392_5ec89a77,math,MATH 4,math,392,0.6,7,minimal_json,default,0,0,0,1,14,1,8,0.0,0,cuda
mistral_7b_instruct_v0p3__math_test_00393_b3a1a15f__temp0.60__seed7,mistral_7b_instruct_v0p3,mistralai/Mistral-7B-Instruct-v0.3,math_test_00393_b3a1a15f,math,MATH 5,math,393,0.6,7,minimal_json,default,0,1,1,1,1,2,4,1.0,1,cuda
mistral_7b_instruct_v0p3__math_test_00394_372e8efa__temp0.60__seed7,mistral_7b_instruct_v0p3,mistralai/Mistral-7B-Instruct-v0.3,math_test_00394_372e8efa,math,MATH 4,math,394,0.6,7,minimal_json,default,0,0,0,1,14,4,2,0.0,0,cuda
mistral_7b_instruct_v0p3__math_test_00395_71129ef0__temp0.60__seed7,mistral_7b_instruct_v0p3,mistralai/Mistral-7B-Instruct-v0.3,math_test_00395_71129ef0,math,MATH 4,math,395,0.6,7,minimal_json,default,0,0,0,1,14,10,5,0.0,0,cuda
mistral_7b_instruct_v0p3__math_test_00396_ba3bcd56__temp0.60__seed7,mistral_7b_instruct_v0p3,mistralai/Mistral-7B-Instruct-v0.3,math_test_00396_ba3bcd56,math,MATH 5,math,396,0.6,7,minimal_json,default,0,0,0,1,14,14,6,0.0,0,cuda
mistral_7b_instruct_v0p3__math_test_00397_92c7504a__temp0.60__seed7,mistral_7b_instruct_v0p3,mistralai/Mistral-7B-Instruct-v0.3,math_test_00397_92c7504a,math,MATH 5,math,397,0.6,7,minimal_json,default,0,0,0,1,14,3,2,0.0,0,cuda
mistral_7b_instruct_v0p3__math_test_00398_23079a25__temp0.60__seed7,mistral_7b_instruct_v0p3,mistralai/Mistral-7B-Instruct-v0.3,math_test_00398_23079a25,math,MATH 3,math,398,0.6,7,minimal_json,default,0,0,0,1,14,8,11,0.0,0,cuda
mistral_7b_instruct_v0p3__math_test_00399_efffa141__temp0.60__seed7,mistral_7b_instruct_v0p3,mistralai/Mistral-7B-Instruct-v0.3,math_test_00399_efffa141,math,MATH 1,math,399,0.6,7,minimal_json,default,0,0,0,1,14,2,6,0.0,0,cuda
mistral_7b_instruct_v0p3__math_test_00400_8f10146b__temp0.60__seed7,mistral_7b_instruct_v0p3,mistralai/Mistral-7B-Instruct-v0.3,math_test_00400_8f10146b,math,MATH 3,math,400,0.6,7,minimal_json,default,0,0,0,1,14,14,10,0.0,0,cuda
mistral_7b_instruct_v0p3__math_test_00401_62859aeb__temp0.60__seed7,mistral_7b_instruct_v0p3,mistralai/Mistral-7B-Instruct-v0.3,math_test_00401_62859aeb,math,MATH 4,math,401,0.6,7,minimal_json,default,0,0,0,1,14,9,10,0.0,0,cuda
mistral_7b_instruct_v0p3__math_test_00402_d12fb851__temp0.60__seed7,mistral_7b_instruct_v0p3,mistralai/Mistral-7B-Instruct-v0.3,math_test_00402_d12fb851,math,MATH 4,math,402,0.6,7,minimal_json,default,0,0,0,1,14,3,2,0.0,0,cuda
mistral_7b_instruct_v0p3__math_test_00403_11b3b101__temp0.60__seed7,mistral_7b_instruct_v0p3,mistralai/Mistral-7B-Instruct-v0.3,math_test_00403_11b3b101,math,MATH 4,math,403,0.6,7,minimal_json,default,0,0,0,1,14,14,13,0.0,0,cuda
mistral_7b_instruct_v0p3__math_test_00404_da55437b__temp0.60__seed7,mistral_7b_instruct_v0p3,mistralai/Mistral-7B-Instruct-v0.3,math_test_00404_da55437b,math,MATH 1,math,404,0.6,7,minimal_json,default,0,1,1,1,1,2,8,1.0,0,cuda
mistral_7b_instruct_v0p3__math_test_00405_668162f1__temp0.60__seed7,mistral_7b_instruct_v0p3,mistralai/Mistral-7B-Instruct-v0.3,math_test_00405_668162f1,math,MATH 3,math,405,0.6,7,minimal_json,default,0,0,0,1,14,1,5,0.0,0,cuda
mistral_7b_instruct_v0p3__math_test_00406_895adc35__temp0.60__seed7,mistral_7b_instruct_v0p3,mistralai/Mistral-7B-Instruct-v0.3,math_test_00406_895adc35,math,MATH 3,math,406,0.6,7,minimal_json,default,0,0,0,1,14,14,6,0.0,0,cuda
mistral_7b_instruct_v0p3__math_test_00407_21645a77__temp0.60__seed7,mistral_7b_instruct_v0p3,mistralai/Mistral-7B-Instruct-v0.3,math_test_00407_21645a77,math,MATH 3,math,407,0.6,7,minimal_json,default,0,0,0,1,14,11,10,0.0,0,cuda
mistral_7b_instruct_v0p3__math_test_00408_72a21fce__temp0.60__seed7,mistral_7b_instruct_v0p3,mistralai/Mistral-7B-Instruct-v0.3,math_test_00408_72a21fce,math,MATH 4,math,408,0.6,7,minimal_json,default,0,1,1,1,1,2,7,1.0,0,cuda
mistral_7b_instruct_v0p3__math_test_00409_2cbb5151__temp0.60__seed7,mistral_7b_instruct_v0p3,mistralai/Mistral-7B-Instruct-v0.3,math_test_00409_2cbb5151,math,MATH 4,math,409,0.6,7,minimal_json,default,0,0,0,1,14,4,9,0.0,0,cuda
mistral_7b_instruct_v0p3__math_test_00410_6885282d__temp0.60__seed7,mistral_7b_instruct_v0p3,mistralai/Mistral-7B-Instruct-v0.3,math_test_00410_6885282d,math,MATH 3,math,410,0.6,7,minimal_json,default,0,0,0,1,14,14,13,0.0,0,cuda
mistral_7b_instruct_v0p3__math_test_00411_6f5d00d6__temp0.60__seed7,mistral_7b_instruct_v0p3,mistralai/Mistral-7B-Instruct-v0.3,math_test_00411_6f5d00d6,math,MATH 5,math,411,0.6,7,minimal_json,default,0,0,0,1,14,14,4,0.0,0,cuda
mistral_7b_instruct_v0p3__math_test_00412_403b3454__temp0.60__seed7,mistral_7b_instruct_v0p3,mistralai/Mistral-7B-Instruct-v0.3,math_test_00412_403b3454,math,MATH 5,math,412,0.6,7,minimal_json,default,0,0,0,1,14,1,4,0.0,0,cuda
mistral_7b_instruct_v0p3__math_test_00413_a79cadf3__temp0.60__seed7,mistral_7b_instruct_v0p3,mistralai/Mistral-7B-Instruct-v0.3,math_test_00413_a79cadf3,math,MATH 3,math,413,0.6,7,minimal_json,default,0,1,1,1,1,1,2,1.0,1,cuda
mistral_7b_instruct_v0p3__math_test_00414_f8b3d5f2__temp0.60__seed7,mistral_7b_instruct_v0p3,mistralai/Mistral-7B-Instruct-v0.3,math_test_00414_f8b3d5f2,math,MATH 5,math,414,0.6,7,minimal_json,default,0,0,0,1,14,13,5,0.0,0,cuda
mistral_7b_instruct_v0p3__math_test_00415_df5709ae__temp0.60__seed7,mistral_7b_instruct_v0p3,mistralai/Mistral-7B-Instruct-v0.3,math_test_00415_df5709ae,math,MATH 4,math,415,0.6,7,minimal_json,default,0,0,0,1,14,3,6,0.0,0,cuda
mistral_7b_instruct_v0p3__math_test_00416_29223b4f__temp0.60__seed7,mistral_7b_instruct_v0p3,mistralai/Mistral-7B-Instruct-v0.3,math_test_00416_29223b4f,math,MATH 4,math,416,0.6,7,minimal_json,default,0,0,0,1,14,4,13,0.0,0,cuda
mistral_7b_instruct_v0p3__math_test_00417_f378f07d__temp0.60__seed7,mistral_7b_instruct_v0p3,mistralai/Mistral-7B-Instruct-v0.3,math_test_00417_f378f07d,math,MATH 1,math,417,0.6,7,minimal_json,default,0,1,0,3,3,2,4,0.9,1,cuda
mistral_7b_instruct_v0p3__math_test_00418_452dc872__temp0.60__seed7,mistral_7b_instruct_v0p3,mistralai/Mistral-7B-Instruct-v0.3,math_test_00418_452dc872,math,MATH 5,math,418,0.6,7,minimal_json,default,0,0,0,1,14,6,5,0.0,0,cuda
mistral_7b_instruct_v0p3__math_test_00419_dadaee3f__temp0.60__seed7,mistral_7b_instruct_v0p3,mistralai/Mistral-7B-Instruct-v0.3,math_test_00419_dadaee3f,math,MATH 2,math,419,0.6,7,minimal_json,default,0,1,0,10,10,5,11,0.55,0,cuda
mistral_7b_instruct_v0p3__math_test_00420_ecd5f88d__temp0.60__seed7,mistral_7b_instruct_v0p3,mistralai/Mistral-7B-Instruct-v0.3,math_test_00420_ecd5f88d,math,MATH 3,math,420,0.6,7,minimal_json,default,0,1,0,6,6,1,6,0.75,1,cuda
mistral_7b_instruct_v0p3__math_test_00421_c2187615__temp0.60__seed7,mistral_7b_instruct_v0p3,mistralai/Mistral-7B-Instruct-v0.3,math_test_00421_c2187615,math,MATH 3,math,421,0.6,7,minimal_json,default,0,0,0,1,14,1,6,0.0,0,cuda
mistral_7b_instruct_v0p3__math_test_00422_fec8190b__temp0.60__seed7,mistral_7b_instruct_v0p3,mistralai/Mistral-7B-Instruct-v0.3,math_test_00422_fec8190b,math,MATH 5,math,422,0.6,7,minimal_json,default,0,0,0,1,14,14,7,0.0,0,cuda
mistral_7b_instruct_v0p3__math_test_00423_19a18675__temp0.60__seed7,mistral_7b_instruct_v0p3,mistralai/Mistral-7B-Instruct-v0.3,math_test_00423_19a18675,math,MATH 4,math,423,0.6,7,minimal_json,default,0,0,0,1,14,14,11,0.0,0,cuda
mistral_7b_instruct_v0p3__math_test_00424_4db9759a__temp0.60__seed7,mistral_7b_instruct_v0p3,mistralai/Mistral-7B-Instruct-v0.3,math_test_00424_4db9759a,math,MATH 4,math,424,0.6,7,minimal_json,default,0,0,0,1,14,14,11,0.0,0,cuda
mistral_7b_instruct_v0p3__math_test_00425_88cd35aa__temp0.60__seed7,mistral_7b_instruct_v0p3,mistralai/Mistral-7B-Instruct-v0.3,math_test_00425_88cd35aa,math,MATH 4,math,425,0.6,7,minimal_json,default,0,0,0,1,14,7,10,0.0,0,cuda
mistral_7b_instruct_v0p3__math_test_00426_206b8557__temp0.60__seed7,mistral_7b_instruct_v0p3,mistralai/Mistral-7B-Instruct-v0.3,math_test_00426_206b8557,math,MATH 2,math,426,0.6,7,minimal_json,default,0,0,0,1,14,3,7,0.0,0,cuda
mistral_7b_instruct_v0p3__math_test_00427_f158b2bb__temp0.60__seed7,mistral_7b_instruct_v0p3,mistralai/Mistral-7B-Instruct-v0.3,math_test_00427_f158b2bb,math,MATH 4,math,427,0.6,7,minimal_json,default,0,0,0,1,14,9,6,0.0,0,cuda
mistral_7b_instruct_v0p3__math_test_00428_ecc1932f__temp0.60__seed7,mistral_7b_instruct_v0p3,mistralai/Mistral-7B-Instruct-v0.3,math_test_00428_ecc1932f,math,MATH 5,math,428,0.6,7,minimal_json,default,0,0,0,1,14,1,7,0.0,0,cuda
mistral_7b_instruct_v0p3__math_test_00429_0ed0c936__temp0.60__seed7,mistral_7b_instruct_v0p3,mistralai/Mistral-7B-Instruct-v0.3,math_test_00429_0ed0c936,math,MATH 2,math,429,0.6,7,minimal_json,default,0,0,0,1,14,2,2,0.0,0,cuda
mistral_7b_instruct_v0p3__math_test_00430_28f71d47__temp0.60__seed7,mistral_7b_instruct_v0p3,mistralai/Mistral-7B-Instruct-v0.3,math_test_00430_28f71d47,math,MATH 4,math,430,0.6,7,minimal_json,default,0,0,0,1,14,10,10,0.0,0,cuda
mistral_7b_instruct_v0p3__math_test_00431_a332c76b__temp0.60__seed7,mistral_7b_instruct_v0p3,mistralai/Mistral-7B-Instruct-v0.3,math_test_00431_a332c76b,math,MATH 5,math,431,0.6,7,minimal_json,default,0,0,0,1,14,14,9,0.0,0,cuda
mistral_7b_instruct_v0p3__math_test_00432_f6edb398__temp0.60__seed7,mistral_7b_instruct_v0p3,mistralai/Mistral-7B-Instruct-v0.3,math_test_00432_f6edb398,math,MATH 3,math,432,0.6,7,minimal_json,default,0,0,0,1,14,1,2,0.0,0,cuda
mistral_7b_instruct_v0p3__math_test_00433_25f606a1__temp0.60__seed7,mistral_7b_instruct_v0p3,mistralai/Mistral-7B-Instruct-v0.3,math_test_00433_25f606a1,math,MATH 2,math,433,0.6,7,minimal_json,default,0,0,0,1,14,7,11,0.0,0,cuda
mistral_7b_instruct_v0p3__math_test_00434_ad11ec3c__temp0.60__seed7,mistral_7b_instruct_v0p3,mistralai/Mistral-7B-Instruct-v0.3,math_test_00434_ad11ec3c,math,MATH 4,math,434,0.6,7,minimal_json,default,0,0,0,1,14,1,2,0.0,0,cuda
mistral_7b_instruct_v0p3__math_test_00435_c222bfff__temp0.60__seed7,mistral_7b_instruct_v0p3,mistralai/Mistral-7B-Instruct-v0.3,math_test_00435_c222bfff,math,MATH 1,math,435,0.6,7,minimal_json,default,0,1,1,1,1,1,6,1.0,1,cuda
mistral_7b_instruct_v0p3__math_test_00436_c183974b__temp0.60__seed7,mistral_7b_instruct_v0p3,mistralai/Mistral-7B-Instruct-v0.3,math_test_00436_c183974b,math,MATH 3,math,436,0.6,7,minimal_json,default,0,0,0,1,14,14,13,0.0,0,cuda
mistral_7b_instruct_v0p3__math_test_00437_07c4cf7f__temp0.60__seed7,mistral_7b_instruct_v0p3,mistralai/Mistral-7B-Instruct-v0.3,math_test_00437_07c4cf7f,math,MATH 3,math,437,0.6,7,minimal_json,default,0,1,1,1,1,5,3,1.0,1,cuda
mistral_7b_instruct_v0p3__math_test_00438_ea332f2c__temp0.60__seed7,mistral_7b_instruct_v0p3,mistralai/Mistral-7B-Instruct-v0.3,math_test_00438_ea332f2c,math,MATH 5,math,438,0.6,7,minimal_json,default,0,0,0,1,14,14,12,0.0,0,cuda
mistral_7b_instruct_v0p3__math_test_00439_fe7d8b6b__temp0.60__seed7,mistral_7b_instruct_v0p3,mistralai/Mistral-7B-Instruct-v0.3,math_test_00439_fe7d8b6b,math,MATH 3,math,439,0.6,7,minimal_json,default,0,1,0,4,4,3,8,0.85,1,cuda
mistral_7b_instruct_v0p3__math_test_00440_941bd991__temp0.60__seed7,mistral_7b_instruct_v0p3,mistralai/Mistral-7B-Instruct-v0.3,math_test_00440_941bd991,math,MATH 3,math,440,0.6,7,minimal_json,default,0,0,0,1,14,10,8,0.0,0,cuda
mistral_7b_instruct_v0p3__math_test_00441_d2f5328b__temp0.60__seed7,mistral_7b_instruct_v0p3,mistralai/Mistral-7B-Instruct-v0.3,math_test_00441_d2f5328b,math,MATH 3,math,441,0.6,7,minimal_json,default,0,0,0,1,14,4,3,0.0,0,cuda
mistral_7b_instruct_v0p3__math_test_00442_2d9f4473__temp0.60__seed7,mistral_7b_instruct_v0p3,mistralai/Mistral-7B-Instruct-v0.3,math_test_00442_2d9f4473,math,MATH 3,math,442,0.6,7,minimal_json,default,0,0,0,1,14,1,6,0.0,0,cuda
mistral_7b_instruct_v0p3__math_test_00443_e86eb3e6__temp0.60__seed7,mistral_7b_instruct_v0p3,mistralai/Mistral-7B-Instruct-v0.3,math_test_00443_e86eb3e6,math,MATH 3,math,443,0.6,7,minimal_json,default,0,0,0,1,14,6,7,0.0,0,cuda
mistral_7b_instruct_v0p3__math_test_00444_8230401f__temp0.60__seed7,mistral_7b_instruct_v0p3,mistralai/Mistral-7B-Instruct-v0.3,math_test_00444_8230401f,math,MATH 2,math,444,0.6,7,minimal_json,default,0,0,0,1,14,3,4,0.0,0,cuda
mistral_7b_instruct_v0p3__math_test_00445_295567c6__temp0.60__seed7,mistral_7b_instruct_v0p3,mistralai/Mistral-7B-Instruct-v0.3,math_test_00445_295567c6,math,MATH 4,math,445,0.6,7,minimal_json,default,0,0,0,1,14,8,7,0.0,0,cuda
mistral_7b_instruct_v0p3__math_test_00446_54f3a4b2__temp0.60__seed7,mistral_7b_instruct_v0p3,mistralai/Mistral-7B-Instruct-v0.3,math_test_00446_54f3a4b2,math,MATH 5,math,446,0.6,7,minimal_json,default,0,0,0,1,14,14,0,0.0,0,cuda
mistral_7b_instruct_v0p3__math_test_00447_716decc2__temp0.60__seed7,mistral_7b_instruct_v0p3,mistralai/Mistral-7B-Instruct-v0.3,math_test_00447_716decc2,math,MATH 1,math,447,0.6,7,minimal_json,default,0,0,0,1,14,1,4,0.0,0,cuda
mistral_7b_instruct_v0p3__math_test_00448_7dbbd02d__temp0.60__seed7,mistral_7b_instruct_v0p3,mistralai/Mistral-7B-Instruct-v0.3,math_test_00448_7dbbd02d,math,MATH 3,math,448,0.6,7,minimal_json,default,0,0,0,1,14,1,8,0.0,0,cuda
mistral_7b_instruct_v0p3__math_test_00449_2f12a8b9__temp0.60__seed7,mistral_7b_instruct_v0p3,mistralai/Mistral-7B-Instruct-v0.3,math_test_00449_2f12a8b9,math,MATH 5,math,449,0.6,7,minimal_json,default,0,0,0,1,14,1,3,0.0,0,cuda
mistral_7b_instruct_v0p3__math_test_00450_2fb65375__temp0.60__seed7,mistral_7b_instruct_v0p3,mistralai/Mistral-7B-Instruct-v0.3,math_test_00450_2fb65375,math,MATH 2,math,450,0.6,7,minimal_json,default,0,0,0,1,14,14,10,0.0,0,cuda
mistral_7b_instruct_v0p3__math_test_00451_daefed59__temp0.60__seed7,mistral_7b_instruct_v0p3,mistralai/Mistral-7B-Instruct-v0.3,math_test_00451_daefed59,math,MATH 1,math,451,0.6,7,minimal_json,default,0,0,0,1,14,1,8,0.0,0,cuda
mistral_7b_instruct_v0p3__math_test_00452_0a6f0014__temp0.60__seed7,mistral_7b_instruct_v0p3,mistralai/Mistral-7B-Instruct-v0.3,math_test_00452_0a6f0014,math,MATH 5,math,452,0.6,7,minimal_json,default,0,0,0,1,14,14,3,0.0,0,cuda
mistral_7b_instruct_v0p3__math_test_00453_e4690c39__temp0.60__seed7,mistral_7b_instruct_v0p3,mistralai/Mistral-7B-Instruct-v0.3,math_test_00453_e4690c39,math,MATH 4,math,453,0.6,7,minimal_json,default,0,1,1,1,1,2,6,1.0,0,cuda
mistral_7b_instruct_v0p3__math_test_00454_393f3656__temp0.60__seed7,mistral_7b_instruct_v0p3,mistralai/Mistral-7B-Instruct-v0.3,math_test_00454_393f3656,math,MATH 2,math,454,0.6,7,minimal_json,default,0,0,0,1,14,3,6,0.0,0,cuda
mistral_7b_instruct_v0p3__math_test_00455_23844847__temp0.60__seed7,mistral_7b_instruct_v0p3,mistralai/Mistral-7B-Instruct-v0.3,math_test_00455_23844847,math,MATH 5,math,455,0.6,7,minimal_json,default,0,0,0,1,14,1,4,0.0,0,cuda
mistral_7b_instruct_v0p3__math_test_00456_e4200fbf__temp0.60__seed7,mistral_7b_instruct_v0p3,mistralai/Mistral-7B-Instruct-v0.3,math_test_00456_e4200fbf,math,MATH 2,math,456,0.6,7,minimal_json,default,0,0,0,1,14,2,7,0.0,0,cuda
mistral_7b_instruct_v0p3__math_test_00457_5330f4b3__temp0.60__seed7,mistral_7b_instruct_v0p3,mistralai/Mistral-7B-Instruct-v0.3,math_test_00457_5330f4b3,math,MATH 1,math,457,0.6,7,minimal_json,default,0,0,0,1,14,2,3,0.0,0,cuda
mistral_7b_instruct_v0p3__math_test_00458_4085c1eb__temp0.60__seed7,mistral_7b_instruct_v0p3,mistralai/Mistral-7B-Instruct-v0.3,math_test_00458_4085c1eb,math,MATH 5,math,458,0.6,7,minimal_json,default,0,0,0,1,14,1,2,0.0,0,cuda
mistral_7b_instruct_v0p3__math_test_00459_3b21e715__temp0.60__seed7,mistral_7b_instruct_v0p3,mistralai/Mistral-7B-Instruct-v0.3,math_test_00459_3b21e715,math,MATH 4,math,459,0.6,7,minimal_json,default,0,0,0,1,14,7,5,0.0,0,cuda
mistral_7b_instruct_v0p3__math_test_00460_7d063370__temp0.60__seed7,mistral_7b_instruct_v0p3,mistralai/Mistral-7B-Instruct-v0.3,math_test_00460_7d063370,math,MATH 4,math,460,0.6,7,minimal_json,default,0,0,0,1,14,14,7,0.0,0,cuda
mistral_7b_instruct_v0p3__math_test_00461_5e43f1cd__temp0.60__seed7,mistral_7b_instruct_v0p3,mistralai/Mistral-7B-Instruct-v0.3,math_test_00461_5e43f1cd,math,MATH 3,math,461,0.6,7,minimal_json,default,0,0,0,1,14,2,1,0.0,0,cuda
mistral_7b_instruct_v0p3__math_test_00462_dd3cfaa0__temp0.60__seed7,mistral_7b_instruct_v0p3,mistralai/Mistral-7B-Instruct-v0.3,math_test_00462_dd3cfaa0,math,MATH 4,math,462,0.6,7,minimal_json,default,0,0,0,1,14,14,13,0.0,0,cuda
mistral_7b_instruct_v0p3__math_test_00463_bc52d545__temp0.60__seed7,mistral_7b_instruct_v0p3,mistralai/Mistral-7B-Instruct-v0.3,math_test_00463_bc52d545,math,MATH 4,math,463,0.6,7,minimal_json,default,0,0,0,1,14,3,13,0.0,0,cuda
mistral_7b_instruct_v0p3__math_test_00464_979fe366__temp0.60__seed7,mistral_7b_instruct_v0p3,mistralai/Mistral-7B-Instruct-v0.3,math_test_00464_979fe366,math,MATH 5,math,464,0.6,7,minimal_json,default,0,0,0,1,14,7,5,0.0,0,cuda
mistral_7b_instruct_v0p3__math_test_00465_240ca4d8__temp0.60__seed7,mistral_7b_instruct_v0p3,mistralai/Mistral-7B-Instruct-v0.3,math_test_00465_240ca4d8,math,MATH 2,math,465,0.6,7,minimal_json,default,0,0,0,1,14,10,8,0.0,0,cuda
mistral_7b_instruct_v0p3__math_test_00466_b3ac660a__temp0.60__seed7,mistral_7b_instruct_v0p3,mistralai/Mistral-7B-Instruct-v0.3,math_test_00466_b3ac660a,math,MATH 4,math,466,0.6,7,minimal_json,default,0,0,0,1,14,8,10,0.0,0,cuda
mistral_7b_instruct_v0p3__math_test_00467_eaadd0bc__temp0.60__seed7,mistral_7b_instruct_v0p3,mistralai/Mistral-7B-Instruct-v0.3,math_test_00467_eaadd0bc,math,MATH 3,math,467,0.6,7,minimal_json,default,0,1,0,2,2,2,13,0.95,0,cuda
mistral_7b_instruct_v0p3__math_test_00468_67c8ff7f__temp0.60__seed7,mistral_7b_instruct_v0p3,mistralai/Mistral-7B-Instruct-v0.3,math_test_00468_67c8ff7f,math,MATH 3,math,468,0.6,7,minimal_json,default,0,0,0,1,14,2,9,0.0,0,cuda
mistral_7b_instruct_v0p3__math_test_00469_bfdb0295__temp0.60__seed7,mistral_7b_instruct_v0p3,mistralai/Mistral-7B-Instruct-v0.3,math_test_00469_bfdb0295,math,MATH 5,math,469,0.6,7,minimal_json,default,0,0,0,1,14,9,10,0.0,0,cuda
mistral_7b_instruct_v0p3__math_test_00470_5db3c51e__temp0.60__seed7,mistral_7b_instruct_v0p3,mistralai/Mistral-7B-Instruct-v0.3,math_test_00470_5db3c51e,math,MATH 4,math,470,0.6,7,minimal_json,default,0,0,0,1,14,14,13,0.0,0,cuda
mistral_7b_instruct_v0p3__math_test_00471_3d41e63d__temp0.60__seed7,mistral_7b_instruct_v0p3,mistralai/Mistral-7B-Instruct-v0.3,math_test_00471_3d41e63d,math,MATH 5,math,471,0.6,7,minimal_json,default,0,0,0,1,14,8,9,0.0,0,cuda
mistral_7b_instruct_v0p3__math_test_00472_4acb3f94__temp0.60__seed7,mistral_7b_instruct_v0p3,mistralai/Mistral-7B-Instruct-v0.3,math_test_00472_4acb3f94,math,MATH 4,math,472,0.6,7,minimal_json,default,0,0,0,1,14,14,12,0.0,0,cuda
mistral_7b_instruct_v0p3__math_test_00473_e294330c__temp0.60__seed7,mistral_7b_instruct_v0p3,mistralai/Mistral-7B-Instruct-v0.3,math_test_00473_e294330c,math,MATH 5,math,473,0.6,7,minimal_json,default,0,0,0,1,14,1,13,0.0,0,cuda
mistral_7b_instruct_v0p3__math_test_00474_e8b47eda__temp0.60__seed7,mistral_7b_instruct_v0p3,mistralai/Mistral-7B-Instruct-v0.3,math_test_00474_e8b47eda,math,MATH 5,math,474,0.6,7,minimal_json,default,0,0,0,1,14,1,12,0.0,0,cuda
mistral_7b_instruct_v0p3__math_test_00475_f189eb4d__temp0.60__seed7,mistral_7b_instruct_v0p3,mistralai/Mistral-7B-Instruct-v0.3,math_test_00475_f189eb4d,math,MATH 2,math,475,0.6,7,minimal_json,default,0,0,0,1,14,4,5,0.0,0,cuda
mistral_7b_instruct_v0p3__math_test_00476_1c3d9d93__temp0.60__seed7,mistral_7b_instruct_v0p3,mistralai/Mistral-7B-Instruct-v0.3,math_test_00476_1c3d9d93,math,MATH 2,math,476,0.6,7,minimal_json,default,0,0,0,1,14,14,6,0.0,0,cuda
mistral_7b_instruct_v0p3__math_test_00477_9c19e671__temp0.60__seed7,mistral_7b_instruct_v0p3,mistralai/Mistral-7B-Instruct-v0.3,math_test_00477_9c19e671,math,MATH 3,math,477,0.6,7,minimal_json,default,0,0,0,1,14,4,3,0.0,0,cuda
mistral_7b_instruct_v0p3__math_test_00478_bde3ec32__temp0.60__seed7,mistral_7b_instruct_v0p3,mistralai/Mistral-7B-Instruct-v0.3,math_test_00478_bde3ec32,math,MATH 4,math,478,0.6,7,minimal_json,default,0,0,0,1,14,14,7,0.0,0,cuda
mistral_7b_instruct_v0p3__math_test_00479_aea5556d__temp0.60__seed7,mistral_7b_instruct_v0p3,mistralai/Mistral-7B-Instruct-v0.3,math_test_00479_aea5556d,math,MATH 5,math,479,0.6,7,minimal_json,default,0,0,0,1,14,1,9,0.0,0,cuda
mistral_7b_instruct_v0p3__math_test_00480_fb9447b2__temp0.60__seed7,mistral_7b_instruct_v0p3,mistralai/Mistral-7B-Instruct-v0.3,math_test_00480_fb9447b2,math,MATH 5,math,480,0.6,7,minimal_json,default,0,0,0,1,14,14,12,0.0,0,cuda
mistral_7b_instruct_v0p3__math_test_00481_47b01624__temp0.60__seed7,mistral_7b_instruct_v0p3,mistralai/Mistral-7B-Instruct-v0.3,math_test_00481_47b01624,math,MATH 5,math,481,0.6,7,minimal_json,default,0,0,0,1,14,9,7,0.0,0,cuda
mistral_7b_instruct_v0p3__math_test_00482_84ec0b89__temp0.60__seed7,mistral_7b_instruct_v0p3,mistralai/Mistral-7B-Instruct-v0.3,math_test_00482_84ec0b89,math,MATH 5,math,482,0.6,7,minimal_json,default,0,0,0,1,14,4,5,0.0,0,cuda
mistral_7b_instruct_v0p3__math_test_00483_053f5644__temp0.60__seed7,mistral_7b_instruct_v0p3,mistralai/Mistral-7B-Instruct-v0.3,math_test_00483_053f5644,math,MATH 2,math,483,0.6,7,minimal_json,default,0,1,1,1,1,14,5,1.0,1,cuda
mistral_7b_instruct_v0p3__math_test_00484_f2cd6be7__temp0.60__seed7,mistral_7b_instruct_v0p3,mistralai/Mistral-7B-Instruct-v0.3,math_test_00484_f2cd6be7,math,MATH 4,math,484,0.6,7,minimal_json,default,0,0,0,1,14,14,13,0.0,0,cuda
mistral_7b_instruct_v0p3__math_test_00485_25a9bc12__temp0.60__seed7,mistral_7b_instruct_v0p3,mistralai/Mistral-7B-Instruct-v0.3,math_test_00485_25a9bc12,math,MATH 4,math,485,0.6,7,minimal_json,default,0,0,0,1,14,2,10,0.0,0,cuda
mistral_7b_instruct_v0p3__math_test_00486_11e9a1ba__temp0.60__seed7,mistral_7b_instruct_v0p3,mistralai/Mistral-7B-Instruct-v0.3,math_test_00486_11e9a1ba,math,MATH 4,math,486,0.6,7,minimal_json,default,0,0,0,1,14,1,2,0.0,0,cuda
mistral_7b_instruct_v0p3__math_test_00487_f5dafb4d__temp0.60__seed7,mistral_7b_instruct_v0p3,mistralai/Mistral-7B-Instruct-v0.3,math_test_00487_f5dafb4d,math,MATH 2,math,487,0.6,7,minimal_json,default,0,0,0,1,14,1,12,0.0,0,cuda
mistral_7b_instruct_v0p3__math_test_00488_9e69b5fd__temp0.60__seed7,mistral_7b_instruct_v0p3,mistralai/Mistral-7B-Instruct-v0.3,math_test_00488_9e69b5fd,math,MATH 3,math,488,0.6,7,minimal_json,default,0,0,0,1,14,7,5,0.0,0,cuda
mistral_7b_instruct_v0p3__math_test_00489_873b5ba3__temp0.60__seed7,mistral_7b_instruct_v0p3,mistralai/Mistral-7B-Instruct-v0.3,math_test_00489_873b5ba3,math,MATH 4,math,489,0.6,7,minimal_json,default,0,0,0,1,14,3,2,0.0,0,cuda
mistral_7b_instruct_v0p3__math_test_00490_548caf2b__temp0.60__seed7,mistral_7b_instruct_v0p3,mistralai/Mistral-7B-Instruct-v0.3,math_test_00490_548caf2b,math,MATH 5,math,490,0.6,7,minimal_json,default,0,0,0,1,14,3,13,0.0,0,cuda
mistral_7b_instruct_v0p3__math_test_00491_323b91c4__temp0.60__seed7,mistral_7b_instruct_v0p3,mistralai/Mistral-7B-Instruct-v0.3,math_test_00491_323b91c4,math,MATH 5,math,491,0.6,7,minimal_json,default,0,0,0,1,14,1,7,0.0,0,cuda
mistral_7b_instruct_v0p3__math_test_00492_c9945122__temp0.60__seed7,mistral_7b_instruct_v0p3,mistralai/Mistral-7B-Instruct-v0.3,math_test_00492_c9945122,math,MATH 2,math,492,0.6,7,minimal_json,default,0,0,0,1,14,4,3,0.0,0,cuda
mistral_7b_instruct_v0p3__math_test_00493_3f0c6e0c__temp0.60__seed7,mistral_7b_instruct_v0p3,mistralai/Mistral-7B-Instruct-v0.3,math_test_00493_3f0c6e0c,math,MATH 4,math,493,0.6,7,minimal_json,default,0,0,0,1,14,4,3,0.0,0,cuda
mistral_7b_instruct_v0p3__math_test_00494_b8d8e1ef__temp0.60__seed7,mistral_7b_instruct_v0p3,mistralai/Mistral-7B-Instruct-v0.3,math_test_00494_b8d8e1ef,math,MATH 5,math,494,0.6,7,minimal_json,default,0,0,0,1,14,1,1,0.0,0,cuda
mistral_7b_instruct_v0p3__math_test_00495_63ae400e__temp0.60__seed7,mistral_7b_instruct_v0p3,mistralai/Mistral-7B-Instruct-v0.3,math_test_00495_63ae400e,math,MATH 5,math,495,0.6,7,minimal_json,default,0,0,0,1,14,1,4,0.0,0,cuda
mistral_7b_instruct_v0p3__math_test_00496_401665a3__temp0.60__seed7,mistral_7b_instruct_v0p3,mistralai/Mistral-7B-Instruct-v0.3,math_test_00496_401665a3,math,MATH 5,math,496,0.6,7,minimal_json,default,0,0,0,1,14,2,2,0.0,0,cuda
mistral_7b_instruct_v0p3__math_test_00497_8d507426__temp0.60__seed7,mistral_7b_instruct_v0p3,mistralai/Mistral-7B-Instruct-v0.3,math_test_00497_8d507426,math,MATH 4,math,497,0.6,7,minimal_json,default,0,0,0,1,14,1,6,0.0,0,cuda
mistral_7b_instruct_v0p3__math_test_00498_743e3572__temp0.60__seed7,mistral_7b_instruct_v0p3,mistralai/Mistral-7B-Instruct-v0.3,math_test_00498_743e3572,math,MATH 4,math,498,0.6,7,minimal_json,default,0,1,0,7,7,7,11,0.7,0,cuda
mistral_7b_instruct_v0p3__math_test_00499_c3a514a9__temp0.60__seed7,mistral_7b_instruct_v0p3,mistralai/Mistral-7B-Instruct-v0.3,math_test_00499_c3a514a9,math,MATH 2,math,499,0.6,7,minimal_json,default,0,0,0,1,14,1,2,0.0,0,cuda
mistral_7b_instruct_v0p3__math_test_00000_5a6bb412__temp1.00__seed7,mistral_7b_instruct_v0p3,mistralai/Mistral-7B-Instruct-v0.3,math_test_00000_5a6bb412,math,MATH 4,math,0,1.0,7,minimal_json,default,0,0,0,1,14,6,6,0.0,0,cuda
mistral_7b_instruct_v0p3__math_test_00001_28176864__temp1.00__seed7,mistral_7b_instruct_v0p3,mistralai/Mistral-7B-Instruct-v0.3,math_test_00001_28176864,math,MATH 5,math,1,1.0,7,minimal_json,default,0,1,0,3,3,6,7,0.9,1,cuda
mistral_7b_instruct_v0p3__math_test_00002_12859ab8__temp1.00__seed7,mistral_7b_instruct_v0p3,mistralai/Mistral-7B-Instruct-v0.3,math_test_00002_12859ab8,math,MATH 5,math,2,1.0,7,minimal_json,default,0,0,0,1,14,2,6,0.0,0,cuda
mistral_7b_instruct_v0p3__math_test_00003_b88cddac__temp1.00__seed7,mistral_7b_instruct_v0p3,mistralai/Mistral-7B-Instruct-v0.3,math_test_00003_b88cddac,math,MATH 2,math,3,1.0,7,minimal_json,default,0,0,0,1,14,14,8,0.0,0,cuda
mistral_7b_instruct_v0p3__math_test_00004_d6afb929__temp1.00__seed7,mistral_7b_instruct_v0p3,mistralai/Mistral-7B-Instruct-v0.3,math_test_00004_d6afb929,math,MATH 5,math,4,1.0,7,minimal_json,default,0,0,0,1,14,14,13,0.0,0,cuda
mistral_7b_instruct_v0p3__math_test_00005_82ab404f__temp1.00__seed7,mistral_7b_instruct_v0p3,mistralai/Mistral-7B-Instruct-v0.3,math_test_00005_82ab404f,math,MATH 5,math,5,1.0,7,minimal_json,default,0,0,0,1,14,6,9,0.0,0,cuda
mistral_7b_instruct_v0p3__math_test_00006_27e7448e__temp1.00__seed7,mistral_7b_instruct_v0p3,mistralai/Mistral-7B-Instruct-v0.3,math_test_00006_27e7448e,math,MATH 4,math,6,1.0,7,minimal_json,default,0,0,0,1,14,1,0,0.0,0,cuda
mistral_7b_instruct_v0p3__math_test_00007_8a27500a__temp1.00__seed7,mistral_7b_instruct_v0p3,mistralai/Mistral-7B-Instruct-v0.3,math_test_00007_8a27500a,math,MATH 5,math,7,1.0,7,minimal_json,default,0,0,0,1,14,14,9,0.0,0,cuda
mistral_7b_instruct_v0p3__math_test_00008_e894d48c__temp1.00__seed7,mistral_7b_instruct_v0p3,mistralai/Mistral-7B-Instruct-v0.3,math_test_00008_e894d48c,math,MATH 2,math,8,1.0,7,minimal_json,default,0,0,0,1,14,2,1,0.0,0,cuda
mistral_7b_instruct_v0p3__math_test_00009_99c62e67__temp1.00__seed7,mistral_7b_instruct_v0p3,mistralai/Mistral-7B-Instruct-v0.3,math_test_00009_99c62e67,math,MATH 3,math,9,1.0,7,minimal_json,default,0,0,0,1,14,1,11,0.0,0,cuda
mistral_7b_instruct_v0p3__math_test_00010_88e977e0__temp1.00__seed7,mistral_7b_instruct_v0p3,mistralai/Mistral-7B-Instruct-v0.3,math_test_00010_88e977e0,math,MATH 3,math,10,1.0,7,minimal_json,default,0,0,0,1,14,9,10,0.0,0,cuda
mistral_7b_instruct_v0p3__math_test_00011_3e051151__temp1.00__seed7,mistral_7b_instruct_v0p3,mistralai/Mistral-7B-Instruct-v0.3,math_test_00011_3e051151,math,MATH 2,math,11,1.0,7,minimal_json,default,0,1,1,1,1,5,7,1.0,0,cuda
mistral_7b_instruct_v0p3__math_test_00012_2ce46331__temp1.00__seed7,mistral_7b_instruct_v0p3,mistralai/Mistral-7B-Instruct-v0.3,math_test_00012_2ce46331,math,MATH 5,math,12,1.0,7,minimal_json,default,0,0,0,1,14,4,5,0.0,0,cuda
mistral_7b_instruct_v0p3__math_test_00013_3fae6c79__temp1.00__seed7,mistral_7b_instruct_v0p3,mistralai/Mistral-7B-Instruct-v0.3,math_test_00013_3fae6c79,math,MATH 3,math,13,1.0,7,minimal_json,default,0,0,0,1,14,2,7,0.0,0,cuda
mistral_7b_instruct_v0p3__math_test_00014_4bed628b__temp1.00__seed7,mistral_7b_instruct_v0p3,mistralai/Mistral-7B-Instruct-v0.3,math_test_00014_4bed628b,math,MATH 4,math,14,1.0,7,minimal_json,default,0,0,0,1,14,1,5,0.0,0,cuda
mistral_7b_instruct_v0p3__math_test_00015_04ca2ad3__temp1.00__seed7,mistral_7b_instruct_v0p3,mistralai/Mistral-7B-Instruct-v0.3,math_test_00015_04ca2ad3,math,MATH 2,math,15,1.0,7,minimal_json,default,0,0,0,1,14,3,9,0.0,0,cuda
mistral_7b_instruct_v0p3__math_test_00016_da610902__temp1.00__seed7,mistral_7b_instruct_v0p3,mistralai/Mistral-7B-Instruct-v0.3,math_test_00016_da610902,math,MATH 1,math,16,1.0,7,minimal_json,default,0,0,0,1,14,3,7,0.0,0,cuda
mistral_7b_instruct_v0p3__math_test_00017_c6ed297b__temp1.00__seed7,mistral_7b_instruct_v0p3,mistralai/Mistral-7B-Instruct-v0.3,math_test_00017_c6ed297b,math,MATH 1,math,17,1.0,7,minimal_json,default,0,0,0,1,14,14,13,0.0,0,cuda
mistral_7b_instruct_v0p3__math_test_00018_407dceb0__temp1.00__seed7,mistral_7b_instruct_v0p3,mistralai/Mistral-7B-Instruct-v0.3,math_test_00018_407dceb0,math,MATH 3,math,18,1.0,7,minimal_json,default,0,0,0,1,14,1,6,0.0,0,cuda
mistral_7b_instruct_v0p3__math_test_00019_646b1b85__temp1.00__seed7,mistral_7b_instruct_v0p3,mistralai/Mistral-7B-Instruct-v0.3,math_test_00019_646b1b85,math,MATH 4,math,19,1.0,7,minimal_json,default,0,0,0,1,14,5,3,0.0,0,cuda
mistral_7b_instruct_v0p3__math_test_00020_f9bb4c02__temp1.00__seed7,mistral_7b_instruct_v0p3,mistralai/Mistral-7B-Instruct-v0.3,math_test_00020_f9bb4c02,math,MATH 5,math,20,1.0,7,minimal_json,default,0,0,0,1,14,14,12,0.0,0,cuda
mistral_7b_instruct_v0p3__math_test_00021_b40f659d__temp1.00__seed7,mistral_7b_instruct_v0p3,mistralai/Mistral-7B-Instruct-v0.3,math_test_00021_b40f659d,math,MATH 1,math,21,1.0,7,minimal_json,default,0,1,0,4,4,4,8,0.85,0,cuda
mistral_7b_instruct_v0p3__math_test_00022_8fba220b__temp1.00__seed7,mistral_7b_instruct_v0p3,mistralai/Mistral-7B-Instruct-v0.3,math_test_00022_8fba220b,math,MATH 4,math,22,1.0,7,minimal_json,default,0,0,0,1,14,8,4,0.0,0,cuda
mistral_7b_instruct_v0p3__math_test_00023_998c2d9c__temp1.00__seed7,mistral_7b_instruct_v0p3,mistralai/Mistral-7B-Instruct-v0.3,math_test_00023_998c2d9c,math,MATH 5,math,23,1.0,7,minimal_json,default,0,0,0,1,14,11,10,0.0,0,cuda
mistral_7b_instruct_v0p3__math_test_00024_f928c750__temp1.00__seed7,mistral_7b_instruct_v0p3,mistralai/Mistral-7B-Instruct-v0.3,math_test_00024_f928c750,math,MATH 4,math,24,1.0,7,minimal_json,default,0,0,0,1,14,6,8,0.0,0,cuda
mistral_7b_instruct_v0p3__math_test_00025_4388bd76__temp1.00__seed7,mistral_7b_instruct_v0p3,mistralai/Mistral-7B-Instruct-v0.3,math_test_00025_4388bd76,math,MATH 1,math,25,1.0,7,minimal_json,default,0,0,0,1,14,3,8,0.0,0,cuda
mistral_7b_instruct_v0p3__math_test_00026_4945051e__temp1.00__seed7,mistral_7b_instruct_v0p3,mistralai/Mistral-7B-Instruct-v0.3,math_test_00026_4945051e,math,MATH 1,math,26,1.0,7,minimal_json,default,0,0,0,1,14,1,12,0.0,0,cuda
mistral_7b_instruct_v0p3__math_test_00027_9d852676__temp1.00__seed7,mistral_7b_instruct_v0p3,mistralai/Mistral-7B-Instruct-v0.3,math_test_00027_9d852676,math,MATH 5,math,27,1.0,7,minimal_json,default,0,0,0,1,14,7,11,0.0,0,cuda
mistral_7b_instruct_v0p3__math_test_00028_a585adcc__temp1.00__seed7,mistral_7b_instruct_v0p3,mistralai/Mistral-7B-Instruct-v0.3,math_test_00028_a585adcc,math,MATH 2,math,28,1.0,7,minimal_json,default,0,1,0,5,5,9,12,0.8,0,cuda
mistral_7b_instruct_v0p3__math_test_00029_1b84e405__temp1.00__seed7,mistral_7b_instruct_v0p3,mistralai/Mistral-7B-Instruct-v0.3,math_test_00029_1b84e405,math,MATH 2,math,29,1.0,7,minimal_json,default,0,1,0,2,2,2,5,0.95,1,cuda
mistral_7b_instruct_v0p3__math_test_00030_a477f137__temp1.00__seed7,mistral_7b_instruct_v0p3,mistralai/Mistral-7B-Instruct-v0.3,math_test_00030_a477f137,math,MATH 4,math,30,1.0,7,minimal_json,default,0,0,0,1,14,6,11,0.0,0,cuda
mistral_7b_instruct_v0p3__math_test_00031_1bbccbd2__temp1.00__seed7,mistral_7b_instruct_v0p3,mistralai/Mistral-7B-Instruct-v0.3,math_test_00031_1bbccbd2,math,MATH 5,math,31,1.0,7,minimal_json,default,0,0,0,1,14,1,3,0.0,0,cuda
mistral_7b_instruct_v0p3__math_test_00032_f08fb3bb__temp1.00__seed7,mistral_7b_instruct_v0p3,mistralai/Mistral-7B-Instruct-v0.3,math_test_00032_f08fb3bb,math,MATH 3,math,32,1.0,7,minimal_json,default,0,1,0,10,10,14,13,0.55,1,cuda
mistral_7b_instruct_v0p3__math_test_00033_0f789c1f__temp1.00__seed7,mistral_7b_instruct_v0p3,mistralai/Mistral-7B-Instruct-v0.3,math_test_00033_0f789c1f,math,MATH 3,math,33,1.0,7,minimal_json,default,0,0,0,1,14,4,6,0.0,0,cuda
mistral_7b_instruct_v0p3__math_test_00034_dae3e9e5__temp1.00__seed7,mistral_7b_instruct_v0p3,mistralai/Mistral-7B-Instruct-v0.3,math_test_00034_dae3e9e5,math,MATH 3,math,34,1.0,7,minimal_json,default,0,0,0,1,14,14,13,0.0,0,cuda
mistral_7b_instruct_v0p3__math_test_00035_f144cd5e__temp1.00__seed7,mistral_7b_instruct_v0p3,mistralai/Mistral-7B-Instruct-v0.3,math_test_00035_f144cd5e,math,MATH 4,math,35,1.0,7,minimal_json,default,0,0,0,1,14,4,3,0.0,0,cuda
mistral_7b_instruct_v0p3__math_test_00036_ccf4238b__temp1.00__seed7,mistral_7b_instruct_v0p3,mistralai/Mistral-7B-Instruct-v0.3,math_test_00036_ccf4238b,math,MATH 2,math,36,1.0,7,minimal_json,default,0,0,0,1,14,8,11,0.0,0,cuda
mistral_7b_instruct_v0p3__math_test_00037_2426e280__temp1.00__seed7,mistral_7b_instruct_v0p3,mistralai/Mistral-7B-Instruct-v0.3,math_test_00037_2426e280,math,MATH 5,math,37,1.0,7,minimal_json,default,0,0,0,1,14,4,7,0.0,0,cuda
mistral_7b_instruct_v0p3__math_test_00038_0e7cb690__temp1.00__seed7,mistral_7b_instruct_v0p3,mistralai/Mistral-7B-Instruct-v0.3,math_test_00038_0e7cb690,math,MATH 5,math,38,1.0,7,minimal_json,default,0,0,0,1,14,4,5,0.0,0,cuda
mistral_7b_instruct_v0p3__math_test_00039_8ba6a72a__temp1.00__seed7,mistral_7b_instruct_v0p3,mistralai/Mistral-7B-Instruct-v0.3,math_test_00039_8ba6a72a,math,MATH 4,math,39,1.0,7,minimal_json,default,0,0,0,1,14,7,6,0.0,0,cuda
mistral_7b_instruct_v0p3__math_test_00040_814d16a0__temp1.00__seed7,mistral_7b_instruct_v0p3,mistralai/Mistral-7B-Instruct-v0.3,math_test_00040_814d16a0,math,MATH 2,math,40,1.0,7,minimal_json,default,0,0,0,1,14,1,2,0.0,0,cuda
mistral_7b_instruct_v0p3__math_test_00041_7ad395c5__temp1.00__seed7,mistral_7b_instruct_v0p3,mistralai/Mistral-7B-Instruct-v0.3,math_test_00041_7ad395c5,math,MATH 5,math,41,1.0,7,minimal_json,default,0,0,0,1,14,4,3,0.0,0,cuda
mistral_7b_instruct_v0p3__math_test_00042_39c9185d__temp1.00__seed7,mistral_7b_instruct_v0p3,mistralai/Mistral-7B-Instruct-v0.3,math_test_00042_39c9185d,math,MATH 4,math,42,1.0,7,minimal_json,default,0,0,0,1,14,14,12,0.0,0,cuda
mistral_7b_instruct_v0p3__math_test_00043_62275531__temp1.00__seed7,mistral_7b_instruct_v0p3,mistralai/Mistral-7B-Instruct-v0.3,math_test_00043_62275531,math,MATH 3,math,43,1.0,7,minimal_json,default,0,0,0,1,14,1,5,0.0,0,cuda
mistral_7b_instruct_v0p3__math_test_00044_810e3649__temp1.00__seed7,mistral_7b_instruct_v0p3,mistralai/Mistral-7B-Instruct-v0.3,math_test_00044_810e3649,math,MATH 2,math,44,1.0,7,minimal_json,default,0,0,0,1,14,12,11,0.0,0,cuda
mistral_7b_instruct_v0p3__math_test_00045_152ae8e8__temp1.00__seed7,mistral_7b_instruct_v0p3,mistralai/Mistral-7B-Instruct-v0.3,math_test_00045_152ae8e8,math,MATH 3,math,45,1.0,7,minimal_json,default,0,0,0,1,14,12,13,0.0,0,cuda
mistral_7b_instruct_v0p3__math_test_00046_3e08e6df__temp1.00__seed7,mistral_7b_instruct_v0p3,mistralai/Mistral-7B-Instruct-v0.3,math_test_00046_3e08e6df,math,MATH 2,math,46,1.0,7,minimal_json,default,0,0,0,1,14,3,10,0.0,0,cuda
mistral_7b_instruct_v0p3__math_test_00047_3a39ed4a__temp1.00__seed7,mistral_7b_instruct_v0p3,mistralai/Mistral-7B-Instruct-v0.3,math_test_00047_3a39ed4a,math,MATH 2,math,47,1.0,7,minimal_json,default,0,1,1,1,1,1,4,1.0,1,cuda
mistral_7b_instruct_v0p3__math_test_00048_6a611c4a__temp1.00__seed7,mistral_7b_instruct_v0p3,mistralai/Mistral-7B-Instruct-v0.3,math_test_00048_6a611c4a,math,MATH 2,math,48,1.0,7,minimal_json,default,0,1,0,2,2,2,5,0.95,1,cuda
mistral_7b_instruct_v0p3__math_test_00049_e45e9b10__temp1.00__seed7,mistral_7b_instruct_v0p3,mistralai/Mistral-7B-Instruct-v0.3,math_test_00049_e45e9b10,math,MATH 3,math,49,1.0,7,minimal_json,default,0,0,0,1,14,7,8,0.0,0,cuda
mistral_7b_instruct_v0p3__math_test_00050_f4090aaa__temp1.00__seed7,mistral_7b_instruct_v0p3,mistralai/Mistral-7B-Instruct-v0.3,math_test_00050_f4090aaa,math,MATH 4,math,50,1.0,7,minimal_json,default,0,0,0,1,14,4,7,0.0,0,cuda
mistral_7b_instruct_v0p3__math_test_00051_1e5ff908__temp1.00__seed7,mistral_7b_instruct_v0p3,mistralai/Mistral-7B-Instruct-v0.3,math_test_00051_1e5ff908,math,MATH 5,math,51,1.0,7,minimal_json,default,0,0,0,1,14,14,8,0.0,0,cuda
mistral_7b_instruct_v0p3__math_test_00052_5850e1b9__temp1.00__seed7,mistral_7b_instruct_v0p3,mistralai/Mistral-7B-Instruct-v0.3,math_test_00052_5850e1b9,math,MATH 3,math,52,1.0,7,minimal_json,default,0,1,0,3,3,1,3,0.9,1,cuda
mistral_7b_instruct_v0p3__math_test_00053_f8d21f23__temp1.00__seed7,mistral_7b_instruct_v0p3,mistralai/Mistral-7B-Instruct-v0.3,math_test_00053_f8d21f23,math,MATH 5,math,53,1.0,7,minimal_json,default,0,0,0,1,14,5,4,0.0,0,cuda
mistral_7b_instruct_v0p3__math_test_00054_ddf4c852__temp1.00__seed7,mistral_7b_instruct_v0p3,mistralai/Mistral-7B-Instruct-v0.3,math_test_00054_ddf4c852,math,MATH 2,math,54,1.0,7,minimal_json,default,0,0,0,1,14,5,12,0.0,0,cuda
mistral_7b_instruct_v0p3__math_test_00055_24952be5__temp1.00__seed7,mistral_7b_instruct_v0p3,mistralai/Mistral-7B-Instruct-v0.3,math_test_00055_24952be5,math,MATH 3,math,55,1.0,7,minimal_json,default,0,1,0,3,3,2,10,0.9,0,cuda
mistral_7b_instruct_v0p3__math_test_00056_a8c223a1__temp1.00__seed7,mistral_7b_instruct_v0p3,mistralai/Mistral-7B-Instruct-v0.3,math_test_00056_a8c223a1,math,MATH 3,math,56,1.0,7,minimal_json,default,0,0,0,1,14,12,12,0.0,0,cuda
mistral_7b_instruct_v0p3__math_test_00057_8236aaa4__temp1.00__seed7,mistral_7b_instruct_v0p3,mistralai/Mistral-7B-Instruct-v0.3,math_test_00057_8236aaa4,math,MATH 5,math,57,1.0,7,minimal_json,default,0,0,0,1,14,10,7,0.0,0,cuda
mistral_7b_instruct_v0p3__math_test_00058_7afa45ab__temp1.00__seed7,mistral_7b_instruct_v0p3,mistralai/Mistral-7B-Instruct-v0.3,math_test_00058_7afa45ab,math,MATH 2,math,58,1.0,7,minimal_json,default,0,0,0,1,14,1,10,0.0,0,cuda
mistral_7b_instruct_v0p3__math_test_00059_43a9d185__temp1.00__seed7,mistral_7b_instruct_v0p3,mistralai/Mistral-7B-Instruct-v0.3,math_test_00059_43a9d185,math,MATH 5,math,59,1.0,7,minimal_json,default,0,0,0,1,14,14,13,0.0,0,cuda
mistral_7b_instruct_v0p3__math_test_00060_a67ac75a__temp1.00__seed7,mistral_7b_instruct_v0p3,mistralai/Mistral-7B-Instruct-v0.3,math_test_00060_a67ac75a,math,MATH 4,math,60,1.0,7,minimal_json,default,0,0,0,1,14,11,10,0.0,0,cuda
mistral_7b_instruct_v0p3__math_test_00061_4943c966__temp1.00__seed7,mistral_7b_instruct_v0p3,mistralai/Mistral-7B-Instruct-v0.3,math_test_00061_4943c966,math,MATH 2,math,61,1.0,7,minimal_json,default,0,0,0,1,14,14,13,0.0,0,cuda
mistral_7b_instruct_v0p3__math_test_00062_ae97d603__temp1.00__seed7,mistral_7b_instruct_v0p3,mistralai/Mistral-7B-Instruct-v0.3,math_test_00062_ae97d603,math,MATH 4,math,62,1.0,7,minimal_json,default,0,0,0,1,14,1,3,0.0,0,cuda
mistral_7b_instruct_v0p3__math_test_00063_7eb01312__temp1.00__seed7,mistral_7b_instruct_v0p3,mistralai/Mistral-7B-Instruct-v0.3,math_test_00063_7eb01312,math,MATH 4,math,63,1.0,7,minimal_json,default,0,0,0,1,14,7,8,0.0,0,cuda
mistral_7b_instruct_v0p3__math_test_00064_56e26e67__temp1.00__seed7,mistral_7b_instruct_v0p3,mistralai/Mistral-7B-Instruct-v0.3,math_test_00064_56e26e67,math,MATH 5,math,64,1.0,7,minimal_json,default,0,0,0,1,14,4,5,0.0,0,cuda
mistral_7b_instruct_v0p3__math_test_00065_1d982f42__temp1.00__seed7,mistral_7b_instruct_v0p3,mistralai/Mistral-7B-Instruct-v0.3,math_test_00065_1d982f42,math,MATH 5,math,65,1.0,7,minimal_json,default,0,0,0,1,14,10,10,0.0,0,cuda
mistral_7b_instruct_v0p3__math_test_00066_c503000c__temp1.00__seed7,mistral_7b_instruct_v0p3,mistralai/Mistral-7B-Instruct-v0.3,math_test_00066_c503000c,math,MATH 3,math,66,1.0,7,minimal_json,default,0,0,0,1,14,1,2,0.0,0,cuda
mistral_7b_instruct_v0p3__math_test_00067_b2cca4da__temp1.00__seed7,mistral_7b_instruct_v0p3,mistralai/Mistral-7B-Instruct-v0.3,math_test_00067_b2cca4da,math,MATH 4,math,67,1.0,7,minimal_json,default,0,0,0,1,14,2,7,0.0,0,cuda
mistral_7b_instruct_v0p3__math_test_00068_ea595be8__temp1.00__seed7,mistral_7b_instruct_v0p3,mistralai/Mistral-7B-Instruct-v0.3,math_test_00068_ea595be8,math,MATH 2,math,68,1.0,7,minimal_json,default,0,0,0,1,14,1,0,0.0,0,cuda
mistral_7b_instruct_v0p3__math_test_00069_c6dad45a__temp1.00__seed7,mistral_7b_instruct_v0p3,mistralai/Mistral-7B-Instruct-v0.3,math_test_00069_c6dad45a,math,MATH 2,math,69,1.0,7,minimal_json,default,0,0,0,1,14,2,0,0.0,0,cuda
mistral_7b_instruct_v0p3__math_test_00070_96016437__temp1.00__seed7,mistral_7b_instruct_v0p3,mistralai/Mistral-7B-Instruct-v0.3,math_test_00070_96016437,math,MATH 1,math,70,1.0,7,minimal_json,default,0,0,0,1,14,1,11,0.0,0,cuda
mistral_7b_instruct_v0p3__math_test_00071_98672352__temp1.00__seed7,mistral_7b_instruct_v0p3,mistralai/Mistral-7B-Instruct-v0.3,math_test_00071_98672352,math,MATH 3,math,71,1.0,7,minimal_json,default,0,0,0,1,14,11,12,0.0,0,cuda
mistral_7b_instruct_v0p3__math_test_00072_76de8c53__temp1.00__seed7,mistral_7b_instruct_v0p3,mistralai/Mistral-7B-Instruct-v0.3,math_test_00072_76de8c53,math,MATH 5,math,72,1.0,7,minimal_json,default,0,0,0,1,14,3,3,0.0,0,cuda
mistral_7b_instruct_v0p3__math_test_00073_7f9e23c9__temp1.00__seed7,mistral_7b_instruct_v0p3,mistralai/Mistral-7B-Instruct-v0.3,math_test_00073_7f9e23c9,math,MATH 3,math,73,1.0,7,minimal_json,default,0,1,1,1,1,4,10,1.0,0,cuda
mistral_7b_instruct_v0p3__math_test_00074_5b6e5429__temp1.00__seed7,mistral_7b_instruct_v0p3,mistralai/Mistral-7B-Instruct-v0.3,math_test_00074_5b6e5429,math,MATH 2,math,74,1.0,7,minimal_json,default,0,0,0,1,14,13,13,0.0,0,cuda
mistral_7b_instruct_v0p3__math_test_00075_387f76f4__temp1.00__seed7,mistral_7b_instruct_v0p3,mistralai/Mistral-7B-Instruct-v0.3,math_test_00075_387f76f4,math,MATH 2,math,75,1.0,7,minimal_json,default,0,0,0,1,14,2,5,0.0,0,cuda
mistral_7b_instruct_v0p3__math_test_00076_b45bd200__temp1.00__seed7,mistral_7b_instruct_v0p3,mistralai/Mistral-7B-Instruct-v0.3,math_test_00076_b45bd200,math,MATH 3,math,76,1.0,7,minimal_json,default,0,0,0,1,14,2,4,0.0,0,cuda
mistral_7b_instruct_v0p3__math_test_00077_0fdb870e__temp1.00__seed7,mistral_7b_instruct_v0p3,mistralai/Mistral-7B-Instruct-v0.3,math_test_00077_0fdb870e,math,MATH 2,math,77,1.0,7,minimal_json,default,0,0,0,1,14,1,13,0.0,0,cuda
mistral_7b_instruct_v0p3__math_test_00078_7de927b7__temp1.00__seed7,mistral_7b_instruct_v0p3,mistralai/Mistral-7B-Instruct-v0.3,math_test_00078_7de927b7,math,MATH 3,math,78,1.0,7,minimal_json,default,0,0,0,1,14,1,0,0.0,0,cuda
mistral_7b_instruct_v0p3__math_test_00079_3f967fbe__temp1.00__seed7,mistral_7b_instruct_v0p3,mistralai/Mistral-7B-Instruct-v0.3,math_test_00079_3f967fbe,math,MATH 2,math,79,1.0,7,minimal_json,default,0,0,0,1,14,2,9,0.0,0,cuda
mistral_7b_instruct_v0p3__math_test_00080_ea7d5602__temp1.00__seed7,mistral_7b_instruct_v0p3,mistralai/Mistral-7B-Instruct-v0.3,math_test_00080_ea7d5602,math,MATH 5,math,80,1.0,7,minimal_json,default,0,0,0,1,14,3,6,0.0,0,cuda
mistral_7b_instruct_v0p3__math_test_00081_df488277__temp1.00__seed7,mistral_7b_instruct_v0p3,mistralai/Mistral-7B-Instruct-v0.3,math_test_00081_df488277,math,MATH 1,math,81,1.0,7,minimal_json,default,0,0,0,1,14,14,12,0.0,0,cuda
mistral_7b_instruct_v0p3__math_test_00082_7fd2e8f8__temp1.00__seed7,mistral_7b_instruct_v0p3,mistralai/Mistral-7B-Instruct-v0.3,math_test_00082_7fd2e8f8,math,MATH 3,math,82,1.0,7,minimal_json,default,0,0,0,1,14,8,10,0.0,0,cuda
mistral_7b_instruct_v0p3__math_test_00083_5465f015__temp1.00__seed7,mistral_7b_instruct_v0p3,mistralai/Mistral-7B-Instruct-v0.3,math_test_00083_5465f015,math,MATH 1,math,83,1.0,7,minimal_json,default,0,0,0,1,14,6,5,0.0,0,cuda
mistral_7b_instruct_v0p3__math_test_00084_c4267ccc__temp1.00__seed7,mistral_7b_instruct_v0p3,mistralai/Mistral-7B-Instruct-v0.3,math_test_00084_c4267ccc,math,MATH 5,math,84,1.0,7,minimal_json,default,0,0,0,1,14,3,8,0.0,0,cuda
mistral_7b_instruct_v0p3__math_test_00085_ab1a6003__temp1.00__seed7,mistral_7b_instruct_v0p3,mistralai/Mistral-7B-Instruct-v0.3,math_test_00085_ab1a6003,math,MATH 5,math,85,1.0,7,minimal_json,default,0,0,0,1,14,4,2,0.0,0,cuda
mistral_7b_instruct_v0p3__math_test_00086_3447bc00__temp1.00__seed7,mistral_7b_instruct_v0p3,mistralai/Mistral-7B-Instruct-v0.3,math_test_00086_3447bc00,math,MATH 5,math,86,1.0,7,minimal_json,default,0,0,0,1,14,4,3,0.0,0,cuda
mistral_7b_instruct_v0p3__math_test_00087_649d31a4__temp1.00__seed7,mistral_7b_instruct_v0p3,mistralai/Mistral-7B-Instruct-v0.3,math_test_00087_649d31a4,math,MATH 2,math,87,1.0,7,minimal_json,default,0,0,0,1,14,3,12,0.0,0,cuda
mistral_7b_instruct_v0p3__math_test_00088_207198c5__temp1.00__seed7,mistral_7b_instruct_v0p3,mistralai/Mistral-7B-Instruct-v0.3,math_test_00088_207198c5,math,MATH 2,math,88,1.0,7,minimal_json,default,0,0,0,1,14,5,7,0.0,0,cuda
mistral_7b_instruct_v0p3__math_test_00089_962971ae__temp1.00__seed7,mistral_7b_instruct_v0p3,mistralai/Mistral-7B-Instruct-v0.3,math_test_00089_962971ae,math,MATH 2,math,89,1.0,7,minimal_json,default,0,0,0,1,14,3,9,0.0,0,cuda
mistral_7b_instruct_v0p3__math_test_00090_f27fcf39__temp1.00__seed7,mistral_7b_instruct_v0p3,mistralai/Mistral-7B-Instruct-v0.3,math_test_00090_f27fcf39,math,MATH 4,math,90,1.0,7,minimal_json,default,0,0,0,1,14,3,5,0.0,0,cuda
mistral_7b_instruct_v0p3__math_test_00091_6c78d89b__temp1.00__seed7,mistral_7b_instruct_v0p3,mistralai/Mistral-7B-Instruct-v0.3,math_test_00091_6c78d89b,math,MATH 2,math,91,1.0,7,minimal_json,default,0,0,0,1,14,1,4,0.0,0,cuda
mistral_7b_instruct_v0p3__math_test_00092_d2ef929c__temp1.00__seed7,mistral_7b_instruct_v0p3,mistralai/Mistral-7B-Instruct-v0.3,math_test_00092_d2ef929c,math,MATH 3,math,92,1.0,7,minimal_json,default,0,0,0,1,14,6,9,0.0,0,cuda
mistral_7b_instruct_v0p3__math_test_00093_c6ee4fae__temp1.00__seed7,mistral_7b_instruct_v0p3,mistralai/Mistral-7B-Instruct-v0.3,math_test_00093_c6ee4fae,math,MATH 2,math,93,1.0,7,minimal_json,default,0,0,0,1,14,1,5,0.0,0,cuda
mistral_7b_instruct_v0p3__math_test_00094_82adbbe7__temp1.00__seed7,mistral_7b_instruct_v0p3,mistralai/Mistral-7B-Instruct-v0.3,math_test_00094_82adbbe7,math,MATH 5,math,94,1.0,7,minimal_json,default,0,0,0,1,14,2,11,0.0,0,cuda
mistral_7b_instruct_v0p3__math_test_00095_21ca381e__temp1.00__seed7,mistral_7b_instruct_v0p3,mistralai/Mistral-7B-Instruct-v0.3,math_test_00095_21ca381e,math,MATH 5,math,95,1.0,7,minimal_json,default,0,0,0,1,14,1,2,0.0,0,cuda
mistral_7b_instruct_v0p3__math_test_00096_9055d1e9__temp1.00__seed7,mistral_7b_instruct_v0p3,mistralai/Mistral-7B-Instruct-v0.3,math_test_00096_9055d1e9,math,MATH 5,math,96,1.0,7,minimal_json,default,0,0,0,1,14,14,13,0.0,0,cuda
mistral_7b_instruct_v0p3__math_test_00097_30394417__temp1.00__seed7,mistral_7b_instruct_v0p3,mistralai/Mistral-7B-Instruct-v0.3,math_test_00097_30394417,math,MATH 2,math,97,1.0,7,minimal_json,default,0,0,0,1,14,1,4,0.0,0,cuda
mistral_7b_instruct_v0p3__math_test_00098_9ceda233__temp1.00__seed7,mistral_7b_instruct_v0p3,mistralai/Mistral-7B-Instruct-v0.3,math_test_00098_9ceda233,math,MATH 5,math,98,1.0,7,minimal_json,default,0,1,1,1,1,2,7,1.0,0,cuda
mistral_7b_instruct_v0p3__math_test_00099_491d2137__temp1.00__seed7,mistral_7b_instruct_v0p3,mistralai/Mistral-7B-Instruct-v0.3,math_test_00099_491d2137,math,MATH 3,math,99,1.0,7,minimal_json,default,0,1,0,7,7,6,13,0.7,0,cuda
mistral_7b_instruct_v0p3__math_test_00100_941d341c__temp1.00__seed7,mistral_7b_instruct_v0p3,mistralai/Mistral-7B-Instruct-v0.3,math_test_00100_941d341c,math,MATH 1,math,100,1.0,7,minimal_json,default,0,1,0,3,3,2,6,0.9,0,cuda
mistral_7b_instruct_v0p3__math_test_00101_75e027f9__temp1.00__seed7,mistral_7b_instruct_v0p3,mistralai/Mistral-7B-Instruct-v0.3,math_test_00101_75e027f9,math,MATH 1,math,101,1.0,7,minimal_json,default,0,0,0,1,14,14,11,0.0,0,cuda
mistral_7b_instruct_v0p3__math_test_00102_129dd488__temp1.00__seed7,mistral_7b_instruct_v0p3,mistralai/Mistral-7B-Instruct-v0.3,math_test_00102_129dd488,math,MATH 3,math,102,1.0,7,minimal_json,default,0,0,0,1,14,4,2,0.0,0,cuda
mistral_7b_instruct_v0p3__math_test_00103_7b0f3b51__temp1.00__seed7,mistral_7b_instruct_v0p3,mistralai/Mistral-7B-Instruct-v0.3,math_test_00103_7b0f3b51,math,MATH 4,math,103,1.0,7,minimal_json,default,0,0,0,1,14,1,6,0.0,0,cuda
mistral_7b_instruct_v0p3__math_test_00104_d684f1e9__temp1.00__seed7,mistral_7b_instruct_v0p3,mistralai/Mistral-7B-Instruct-v0.3,math_test_00104_d684f1e9,math,MATH 2,math,104,1.0,7,minimal_json,default,0,0,0,1,14,1,1,0.0,0,cuda
mistral_7b_instruct_v0p3__math_test_00105_6b770d5f__temp1.00__seed7,mistral_7b_instruct_v0p3,mistralai/Mistral-7B-Instruct-v0.3,math_test_00105_6b770d5f,math,MATH 3,math,105,1.0,7,minimal_json,default,0,0,0,1,14,7,10,0.0,0,cuda
mistral_7b_instruct_v0p3__math_test_00106_6e98540c__temp1.00__seed7,mistral_7b_instruct_v0p3,mistralai/Mistral-7B-Instruct-v0.3,math_test_00106_6e98540c,math,MATH 3,math,106,1.0,7,minimal_json,default,0,0,0,1,14,3,8,0.0,0,cuda
mistral_7b_instruct_v0p3__math_test_00107_fd74cd11__temp1.00__seed7,mistral_7b_instruct_v0p3,mistralai/Mistral-7B-Instruct-v0.3,math_test_00107_fd74cd11,math,MATH 3,math,107,1.0,7,minimal_json,default,0,0,0,1,14,6,10,0.0,0,cuda
mistral_7b_instruct_v0p3__math_test_00108_611e7552__temp1.00__seed7,mistral_7b_instruct_v0p3,mistralai/Mistral-7B-Instruct-v0.3,math_test_00108_611e7552,math,MATH 1,math,108,1.0,7,minimal_json,default,0,1,0,7,7,1,11,0.7,0,cuda
mistral_7b_instruct_v0p3__math_test_00109_d90424d8__temp1.00__seed7,mistral_7b_instruct_v0p3,mistralai/Mistral-7B-Instruct-v0.3,math_test_00109_d90424d8,math,MATH 5,math,109,1.0,7,minimal_json,default,0,0,0,1,14,13,12,0.0,0,cuda
mistral_7b_instruct_v0p3__math_test_00110_72b3623f__temp1.00__seed7,mistral_7b_instruct_v0p3,mistralai/Mistral-7B-Instruct-v0.3,math_test_00110_72b3623f,math,MATH 1,math,110,1.0,7,minimal_json,default,0,1,1,1,1,8,8,1.0,0,cuda
mistral_7b_instruct_v0p3__math_test_00111_d752e2e3__temp1.00__seed7,mistral_7b_instruct_v0p3,mistralai/Mistral-7B-Instruct-v0.3,math_test_00111_d752e2e3,math,MATH 5,math,111,1.0,7,minimal_json,default,0,0,0,1,14,14,12,0.0,0,cuda
mistral_7b_instruct_v0p3__math_test_00112_84e6f7fa__temp1.00__seed7,mistral_7b_instruct_v0p3,mistralai/Mistral-7B-Instruct-v0.3,math_test_00112_84e6f7fa,math,MATH 2,math,112,1.0,7,minimal_json,default,0,0,0,1,14,14,13,0.0,0,cuda
mistral_7b_instruct_v0p3__math_test_00113_f30e88a0__temp1.00__seed7,mistral_7b_instruct_v0p3,mistralai/Mistral-7B-Instruct-v0.3,math_test_00113_f30e88a0,math,MATH 3,math,113,1.0,7,minimal_json,default,0,0,0,1,14,14,13,0.0,0,cuda
mistral_7b_instruct_v0p3__math_test_00114_deb9efc8__temp1.00__seed7,mistral_7b_instruct_v0p3,mistralai/Mistral-7B-Instruct-v0.3,math_test_00114_deb9efc8,math,MATH 2,math,114,1.0,7,minimal_json,default,0,0,0,1,14,4,6,0.0,0,cuda
mistral_7b_instruct_v0p3__math_test_00115_e20c9b7a__temp1.00__seed7,mistral_7b_instruct_v0p3,mistralai/Mistral-7B-Instruct-v0.3,math_test_00115_e20c9b7a,math,MATH 4,math,115,1.0,7,minimal_json,default,0,0,0,1,14,9,11,0.0,0,cuda
mistral_7b_instruct_v0p3__math_test_00116_61f50e3d__temp1.00__seed7,mistral_7b_instruct_v0p3,mistralai/Mistral-7B-Instruct-v0.3,math_test_00116_61f50e3d,math,MATH 4,math,116,1.0,7,minimal_json,default,0,0,0,1,14,1,7,0.0,0,cuda
mistral_7b_instruct_v0p3__math_test_00117_e884ad93__temp1.00__seed7,mistral_7b_instruct_v0p3,mistralai/Mistral-7B-Instruct-v0.3,math_test_00117_e884ad93,math,MATH 4,math,117,1.0,7,minimal_json,default,0,0,0,1,14,4,13,0.0,0,cuda
mistral_7b_instruct_v0p3__math_test_00118_fc8ebbb3__temp1.00__seed7,mistral_7b_instruct_v0p3,mistralai/Mistral-7B-Instruct-v0.3,math_test_00118_fc8ebbb3,math,MATH 1,math,118,1.0,7,minimal_json,default,0,1,0,4,4,4,6,0.85,0,cuda
mistral_7b_instruct_v0p3__math_test_00119_a6218ea2__temp1.00__seed7,mistral_7b_instruct_v0p3,mistralai/Mistral-7B-Instruct-v0.3,math_test_00119_a6218ea2,math,MATH 5,math,119,1.0,7,minimal_json,default,0,0,0,1,14,2,1,0.0,0,cuda
mistral_7b_instruct_v0p3__math_test_00120_8eef5288__temp1.00__seed7,mistral_7b_instruct_v0p3,mistralai/Mistral-7B-Instruct-v0.3,math_test_00120_8eef5288,math,MATH 2,math,120,1.0,7,minimal_json,default,0,0,0,1,14,3,6,0.0,0,cuda
mistral_7b_instruct_v0p3__math_test_00121_23cfdf25__temp1.00__seed7,mistral_7b_instruct_v0p3,mistralai/Mistral-7B-Instruct-v0.3,math_test_00121_23cfdf25,math,MATH 5,math,121,1.0,7,minimal_json,default,0,1,1,1,1,1,6,1.0,0,cuda
mistral_7b_instruct_v0p3__math_test_00122_fdf4300d__temp1.00__seed7,mistral_7b_instruct_v0p3,mistralai/Mistral-7B-Instruct-v0.3,math_test_00122_fdf4300d,math,MATH 3,math,122,1.0,7,minimal_json,default,0,0,0,1,14,2,4,0.0,0,cuda
mistral_7b_instruct_v0p3__math_test_00123_860f65d4__temp1.00__seed7,mistral_7b_instruct_v0p3,mistralai/Mistral-7B-Instruct-v0.3,math_test_00123_860f65d4,math,MATH 5,math,123,1.0,7,minimal_json,default,0,0,0,1,14,3,6,0.0,0,cuda
mistral_7b_instruct_v0p3__math_test_00124_93bacf2d__temp1.00__seed7,mistral_7b_instruct_v0p3,mistralai/Mistral-7B-Instruct-v0.3,math_test_00124_93bacf2d,math,MATH 4,math,124,1.0,7,minimal_json,default,0,0,0,1,14,9,7,0.0,0,cuda
mistral_7b_instruct_v0p3__math_test_00125_e5ac5620__temp1.00__seed7,mistral_7b_instruct_v0p3,mistralai/Mistral-7B-Instruct-v0.3,math_test_00125_e5ac5620,math,MATH 4,math,125,1.0,7,minimal_json,default,0,0,0,1,14,5,8,0.0,0,cuda
mistral_7b_instruct_v0p3__math_test_00126_81f4f6da__temp1.00__seed7,mistral_7b_instruct_v0p3,mistralai/Mistral-7B-Instruct-v0.3,math_test_00126_81f4f6da,math,MATH 3,math,126,1.0,7,minimal_json,default,0,0,0,1,14,6,7,0.0,0,cuda
mistral_7b_instruct_v0p3__math_test_00127_831d47a3__temp1.00__seed7,mistral_7b_instruct_v0p3,mistralai/Mistral-7B-Instruct-v0.3,math_test_00127_831d47a3,math,MATH 2,math,127,1.0,7,minimal_json,default,0,1,1,1,1,2,2,1.0,1,cuda
mistral_7b_instruct_v0p3__math_test_00128_34115c3f__temp1.00__seed7,mistral_7b_instruct_v0p3,mistralai/Mistral-7B-Instruct-v0.3,math_test_00128_34115c3f,math,MATH 4,math,128,1.0,7,minimal_json,default,0,0,0,1,14,6,7,0.0,0,cuda
mistral_7b_instruct_v0p3__math_test_00129_13560ab9__temp1.00__seed7,mistral_7b_instruct_v0p3,mistralai/Mistral-7B-Instruct-v0.3,math_test_00129_13560ab9,math,MATH 3,math,129,1.0,7,minimal_json,default,0,0,0,1,14,5,11,0.0,0,cuda
mistral_7b_instruct_v0p3__math_test_00130_587c37e4__temp1.00__seed7,mistral_7b_instruct_v0p3,mistralai/Mistral-7B-Instruct-v0.3,math_test_00130_587c37e4,math,MATH 4,math,130,1.0,7,minimal_json,default,0,0,0,1,14,14,13,0.0,0,cuda
mistral_7b_instruct_v0p3__math_test_00131_e4690c90__temp1.00__seed7,mistral_7b_instruct_v0p3,mistralai/Mistral-7B-Instruct-v0.3,math_test_00131_e4690c90,math,MATH 2,math,131,1.0,7,minimal_json,default,0,0,0,1,14,6,4,0.0,0,cuda
mistral_7b_instruct_v0p3__math_test_00132_9804c9ed__temp1.00__seed7,mistral_7b_instruct_v0p3,mistralai/Mistral-7B-Instruct-v0.3,math_test_00132_9804c9ed,math,MATH 4,math,132,1.0,7,minimal_json,default,0,0,0,1,14,3,7,0.0,0,cuda
mistral_7b_instruct_v0p3__math_test_00133_efc15efb__temp1.00__seed7,mistral_7b_instruct_v0p3,mistralai/Mistral-7B-Instruct-v0.3,math_test_00133_efc15efb,math,MATH 3,math,133,1.0,7,minimal_json,default,0,0,0,1,14,3,4,0.0,0,cuda
mistral_7b_instruct_v0p3__math_test_00134_729aab2d__temp1.00__seed7,mistral_7b_instruct_v0p3,mistralai/Mistral-7B-Instruct-v0.3,math_test_00134_729aab2d,math,MATH 5,math,134,1.0,7,minimal_json,default,0,0,0,1,14,14,13,0.0,0,cuda
mistral_7b_instruct_v0p3__math_test_00135_cc85526c__temp1.00__seed7,mistral_7b_instruct_v0p3,mistralai/Mistral-7B-Instruct-v0.3,math_test_00135_cc85526c,math,MATH 3,math,135,1.0,7,minimal_json,default,0,0,0,1,14,6,11,0.0,0,cuda
mistral_7b_instruct_v0p3__math_test_00136_8e69a186__temp1.00__seed7,mistral_7b_instruct_v0p3,mistralai/Mistral-7B-Instruct-v0.3,math_test_00136_8e69a186,math,MATH 2,math,136,1.0,7,minimal_json,default,0,0,0,1,14,2,2,0.0,0,cuda
mistral_7b_instruct_v0p3__math_test_00137_66c4d3d6__temp1.00__seed7,mistral_7b_instruct_v0p3,mistralai/Mistral-7B-Instruct-v0.3,math_test_00137_66c4d3d6,math,MATH 4,math,137,1.0,7,minimal_json,default,0,0,0,1,14,1,12,0.0,0,cuda
mistral_7b_instruct_v0p3__math_test_00138_3cca3484__temp1.00__seed7,mistral_7b_instruct_v0p3,mistralai/Mistral-7B-Instruct-v0.3,math_test_00138_3cca3484,math,MATH 5,math,138,1.0,7,minimal_json,default,0,0,0,1,14,2,5,0.0,0,cuda
mistral_7b_instruct_v0p3__math_test_00139_55101384__temp1.00__seed7,mistral_7b_instruct_v0p3,mistralai/Mistral-7B-Instruct-v0.3,math_test_00139_55101384,math,MATH 3,math,139,1.0,7,minimal_json,default,0,0,0,1,14,2,9,0.0,0,cuda
mistral_7b_instruct_v0p3__math_test_00140_9c2a8a8c__temp1.00__seed7,mistral_7b_instruct_v0p3,mistralai/Mistral-7B-Instruct-v0.3,math_test_00140_9c2a8a8c,math,MATH 5,math,140,1.0,7,minimal_json,default,0,0,0,1,14,1,7,0.0,0,cuda
mistral_7b_instruct_v0p3__math_test_00141_fa53302b__temp1.00__seed7,mistral_7b_instruct_v0p3,mistralai/Mistral-7B-Instruct-v0.3,math_test_00141_fa53302b,math,MATH 5,math,141,1.0,7,minimal_json,default,0,0,0,1,14,1,8,0.0,0,cuda
mistral_7b_instruct_v0p3__math_test_00142_a535d7ed__temp1.00__seed7,mistral_7b_instruct_v0p3,mistralai/Mistral-7B-Instruct-v0.3,math_test_00142_a535d7ed,math,MATH 3,math,142,1.0,7,minimal_json,default,0,0,0,1,14,6,8,0.0,0,cuda
mistral_7b_instruct_v0p3__math_test_00143_f0361309__temp1.00__seed7,mistral_7b_instruct_v0p3,mistralai/Mistral-7B-Instruct-v0.3,math_test_00143_f0361309,math,MATH 2,math,143,1.0,7,minimal_json,default,0,1,1,1,1,3,2,1.0,0,cuda
mistral_7b_instruct_v0p3__math_test_00144_3287fa74__temp1.00__seed7,mistral_7b_instruct_v0p3,mistralai/Mistral-7B-Instruct-v0.3,math_test_00144_3287fa74,math,MATH 1,math,144,1.0,7,minimal_json,default,0,0,0,1,14,4,5,0.0,0,cuda
mistral_7b_instruct_v0p3__math_test_00145_bb1c005f__temp1.00__seed7,mistral_7b_instruct_v0p3,mistralai/Mistral-7B-Instruct-v0.3,math_test_00145_bb1c005f,math,MATH 3,math,145,1.0,7,minimal_json,default,0,0,0,1,14,1,7,0.0,0,cuda
mistral_7b_instruct_v0p3__math_test_00146_faf5031d__temp1.00__seed7,mistral_7b_instruct_v0p3,mistralai/Mistral-7B-Instruct-v0.3,math_test_00146_faf5031d,math,MATH 3,math,146,1.0,7,minimal_json,default,0,0,0,1,14,3,11,0.0,0,cuda
mistral_7b_instruct_v0p3__math_test_00147_390c3a01__temp1.00__seed7,mistral_7b_instruct_v0p3,mistralai/Mistral-7B-Instruct-v0.3,math_test_00147_390c3a01,math,MATH 4,math,147,1.0,7,minimal_json,default,0,0,0,1,14,9,12,0.0,0,cuda
mistral_7b_instruct_v0p3__math_test_00148_c9dddba4__temp1.00__seed7,mistral_7b_instruct_v0p3,mistralai/Mistral-7B-Instruct-v0.3,math_test_00148_c9dddba4,math,MATH 3,math,148,1.0,7,minimal_json,default,0,0,0,1,14,1,4,0.0,0,cuda
mistral_7b_instruct_v0p3__math_test_00149_805d659b__temp1.00__seed7,mistral_7b_instruct_v0p3,mistralai/Mistral-7B-Instruct-v0.3,math_test_00149_805d659b,math,MATH 5,math,149,1.0,7,minimal_json,default,0,0,0,1,14,5,11,0.0,0,cuda
mistral_7b_instruct_v0p3__math_test_00150_f0a2fdf6__temp1.00__seed7,mistral_7b_instruct_v0p3,mistralai/Mistral-7B-Instruct-v0.3,math_test_00150_f0a2fdf6,math,MATH 4,math,150,1.0,7,minimal_json,default,0,0,0,1,14,3,4,0.0,0,cuda
mistral_7b_instruct_v0p3__math_test_00151_3228d9fb__temp1.00__seed7,mistral_7b_instruct_v0p3,mistralai/Mistral-7B-Instruct-v0.3,math_test_00151_3228d9fb,math,MATH 2,math,151,1.0,7,minimal_json,default,0,0,0,1,14,5,12,0.0,0,cuda
mistral_7b_instruct_v0p3__math_test_00152_df146136__temp1.00__seed7,mistral_7b_instruct_v0p3,mistralai/Mistral-7B-Instruct-v0.3,math_test_00152_df146136,math,MATH 4,math,152,1.0,7,minimal_json,default,0,0,0,1,14,5,8,0.0,0,cuda
mistral_7b_instruct_v0p3__math_test_00153_e0a74423__temp1.00__seed7,mistral_7b_instruct_v0p3,mistralai/Mistral-7B-Instruct-v0.3,math_test_00153_e0a74423,math,MATH 5,math,153,1.0,7,minimal_json,default,0,0,0,1,14,5,10,0.0,0,cuda
mistral_7b_instruct_v0p3__math_test_00154_7dc5f86e__temp1.00__seed7,mistral_7b_instruct_v0p3,mistralai/Mistral-7B-Instruct-v0.3,math_test_00154_7dc5f86e,math,MATH 2,math,154,1.0,7,minimal_json,default,0,1,1,1,1,1,9,1.0,0,cuda
mistral_7b_instruct_v0p3__math_test_00155_ee27b543__temp1.00__seed7,mistral_7b_instruct_v0p3,mistralai/Mistral-7B-Instruct-v0.3,math_test_00155_ee27b543,math,MATH 4,math,155,1.0,7,minimal_json,default,0,0,0,1,14,14,12,0.0,0,cuda
mistral_7b_instruct_v0p3__math_test_00156_95b47adc__temp1.00__seed7,mistral_7b_instruct_v0p3,mistralai/Mistral-7B-Instruct-v0.3,math_test_00156_95b47adc,math,MATH 3,math,156,1.0,7,minimal_json,default,0,0,0,1,14,14,9,0.0,0,cuda
mistral_7b_instruct_v0p3__math_test_00157_37701db8__temp1.00__seed7,mistral_7b_instruct_v0p3,mistralai/Mistral-7B-Instruct-v0.3,math_test_00157_37701db8,math,MATH 3,math,157,1.0,7,minimal_json,default,0,0,0,1,14,5,11,0.0,0,cuda
mistral_7b_instruct_v0p3__math_test_00158_15e70720__temp1.00__seed7,mistral_7b_instruct_v0p3,mistralai/Mistral-7B-Instruct-v0.3,math_test_00158_15e70720,math,MATH 1,math,158,1.0,7,minimal_json,default,0,1,1,1,1,3,3,1.0,1,cuda
mistral_7b_instruct_v0p3__math_test_00159_7acc030c__temp1.00__seed7,mistral_7b_instruct_v0p3,mistralai/Mistral-7B-Instruct-v0.3,math_test_00159_7acc030c,math,MATH 4,math,159,1.0,7,minimal_json,default,0,0,0,1,14,1,5,0.0,0,cuda
mistral_7b_instruct_v0p3__math_test_00160_e84fb95f__temp1.00__seed7,mistral_7b_instruct_v0p3,mistralai/Mistral-7B-Instruct-v0.3,math_test_00160_e84fb95f,math,MATH 5,math,160,1.0,7,minimal_json,default,0,0,0,1,14,7,9,0.0,0,cuda
mistral_7b_instruct_v0p3__math_test_00161_643e7dc4__temp1.00__seed7,mistral_7b_instruct_v0p3,mistralai/Mistral-7B-Instruct-v0.3,math_test_00161_643e7dc4,math,MATH 1,math,161,1.0,7,minimal_json,default,0,0,0,1,14,3,6,0.0,0,cuda
mistral_7b_instruct_v0p3__math_test_00162_45ed500c__temp1.00__seed7,mistral_7b_instruct_v0p3,mistralai/Mistral-7B-Instruct-v0.3,math_test_00162_45ed500c,math,MATH 3,math,162,1.0,7,minimal_json,default,0,0,0,1,14,14,9,0.0,0,cuda
mistral_7b_instruct_v0p3__math_test_00163_6f88c8c4__temp1.00__seed7,mistral_7b_instruct_v0p3,mistralai/Mistral-7B-Instruct-v0.3,math_test_00163_6f88c8c4,math,MATH 2,math,163,1.0,7,minimal_json,default,0,0,0,1,14,12,9,0.0,0,cuda
mistral_7b_instruct_v0p3__math_test_00164_a06c5428__temp1.00__seed7,mistral_7b_instruct_v0p3,mistralai/Mistral-7B-Instruct-v0.3,math_test_00164_a06c5428,math,MATH 3,math,164,1.0,7,minimal_json,default,0,0,0,1,14,11,6,0.0,0,cuda
mistral_7b_instruct_v0p3__math_test_00165_2bb09b99__temp1.00__seed7,mistral_7b_instruct_v0p3,mistralai/Mistral-7B-Instruct-v0.3,math_test_00165_2bb09b99,math,MATH 5,math,165,1.0,7,minimal_json,default,0,0,0,1,14,1,9,0.0,0,cuda
mistral_7b_instruct_v0p3__math_test_00166_e1652a94__temp1.00__seed7,mistral_7b_instruct_v0p3,mistralai/Mistral-7B-Instruct-v0.3,math_test_00166_e1652a94,math,MATH 2,math,166,1.0,7,minimal_json,default,0,0,0,1,14,14,13,0.0,0,cuda
mistral_7b_instruct_v0p3__math_test_00167_87ffe725__temp1.00__seed7,mistral_7b_instruct_v0p3,mistralai/Mistral-7B-Instruct-v0.3,math_test_00167_87ffe725,math,MATH 2,math,167,1.0,7,minimal_json,default,0,0,0,1,14,5,8,0.0,0,cuda
mistral_7b_instruct_v0p3__math_test_00168_0f3086b8__temp1.00__seed7,mistral_7b_instruct_v0p3,mistralai/Mistral-7B-Instruct-v0.3,math_test_00168_0f3086b8,math,MATH 2,math,168,1.0,7,minimal_json,default,0,0,0,1,14,2,9,0.0,0,cuda
mistral_7b_instruct_v0p3__math_test_00169_1a29884e__temp1.00__seed7,mistral_7b_instruct_v0p3,mistralai/Mistral-7B-Instruct-v0.3,math_test_00169_1a29884e,math,MATH 5,math,169,1.0,7,minimal_json,default,0,0,0,1,14,1,4,0.0,0,cuda
mistral_7b_instruct_v0p3__math_test_00170_7682a602__temp1.00__seed7,mistral_7b_instruct_v0p3,mistralai/Mistral-7B-Instruct-v0.3,math_test_00170_7682a602,math,MATH 5,math,170,1.0,7,minimal_json,default,0,0,0,1,14,9,9,0.0,0,cuda
mistral_7b_instruct_v0p3__math_test_00171_dae831e4__temp1.00__seed7,mistral_7b_instruct_v0p3,mistralai/Mistral-7B-Instruct-v0.3,math_test_00171_dae831e4,math,MATH 5,math,171,1.0,7,minimal_json,default,0,0,0,1,14,5,6,0.0,0,cuda
mistral_7b_instruct_v0p3__math_test_00172_6af9182b__temp1.00__seed7,mistral_7b_instruct_v0p3,mistralai/Mistral-7B-Instruct-v0.3,math_test_00172_6af9182b,math,MATH 4,math,172,1.0,7,minimal_json,default,0,1,0,10,10,8,13,0.55,0,cuda
mistral_7b_instruct_v0p3__math_test_00173_f7741471__temp1.00__seed7,mistral_7b_instruct_v0p3,mistralai/Mistral-7B-Instruct-v0.3,math_test_00173_f7741471,math,MATH 3,math,173,1.0,7,minimal_json,default,0,0,0,1,14,3,8,0.0,0,cuda
mistral_7b_instruct_v0p3__math_test_00174_660b0932__temp1.00__seed7,mistral_7b_instruct_v0p3,mistralai/Mistral-7B-Instruct-v0.3,math_test_00174_660b0932,math,MATH 3,math,174,1.0,7,minimal_json,default,0,0,0,1,14,9,10,0.0,0,cuda
mistral_7b_instruct_v0p3__math_test_00175_ad581760__temp1.00__seed7,mistral_7b_instruct_v0p3,mistralai/Mistral-7B-Instruct-v0.3,math_test_00175_ad581760,math,MATH 4,math,175,1.0,7,minimal_json,default,0,0,0,1,14,14,13,0.0,0,cuda
mistral_7b_instruct_v0p3__math_test_00176_3ab8fbcf__temp1.00__seed7,mistral_7b_instruct_v0p3,mistralai/Mistral-7B-Instruct-v0.3,math_test_00176_3ab8fbcf,math,MATH 2,math,176,1.0,7,minimal_json,default,0,0,0,1,14,1,7,0.0,0,cuda
mistral_7b_instruct_v0p3__math_test_00177_88f25299__temp1.00__seed7,mistral_7b_instruct_v0p3,mistralai/Mistral-7B-Instruct-v0.3,math_test_00177_88f25299,math,MATH 4,math,177,1.0,7,minimal_json,default,0,0,0,1,14,7,8,0.0,0,cuda
mistral_7b_instruct_v0p3__math_test_00178_af59f7e2__temp1.00__seed7,mistral_7b_instruct_v0p3,mistralai/Mistral-7B-Instruct-v0.3,math_test_00178_af59f7e2,math,MATH 1,math,178,1.0,7,minimal_json,default,0,1,1,1,1,1,6,1.0,1,cuda
mistral_7b_instruct_v0p3__math_test_00179_50c278d5__temp1.00__seed7,mistral_7b_instruct_v0p3,mistralai/Mistral-7B-Instruct-v0.3,math_test_00179_50c278d5,math,MATH 1,math,179,1.0,7,minimal_json,default,0,1,1,1,1,5,7,1.0,0,cuda
mistral_7b_instruct_v0p3__math_test_00180_409f8858__temp1.00__seed7,mistral_7b_instruct_v0p3,mistralai/Mistral-7B-Instruct-v0.3,math_test_00180_409f8858,math,MATH 4,math,180,1.0,7,minimal_json,default,0,1,1,1,1,1,4,1.0,0,cuda
mistral_7b_instruct_v0p3__math_test_00181_40a8a07f__temp1.00__seed7,mistral_7b_instruct_v0p3,mistralai/Mistral-7B-Instruct-v0.3,math_test_00181_40a8a07f,math,MATH 3,math,181,1.0,7,minimal_json,default,0,0,0,1,14,14,12,0.0,0,cuda
mistral_7b_instruct_v0p3__math_test_00182_5eec73ff__temp1.00__seed7,mistral_7b_instruct_v0p3,mistralai/Mistral-7B-Instruct-v0.3,math_test_00182_5eec73ff,math,MATH 4,math,182,1.0,7,minimal_json,default,0,0,0,1,14,9,10,0.0,0,cuda
mistral_7b_instruct_v0p3__math_test_00183_8feeefff__temp1.00__seed7,mistral_7b_instruct_v0p3,mistralai/Mistral-7B-Instruct-v0.3,math_test_00183_8feeefff,math,MATH 5,math,183,1.0,7,minimal_json,default,0,0,0,1,14,2,11,0.0,0,cuda
mistral_7b_instruct_v0p3__math_test_00184_78e3c175__temp1.00__seed7,mistral_7b_instruct_v0p3,mistralai/Mistral-7B-Instruct-v0.3,math_test_00184_78e3c175,math,MATH 4,math,184,1.0,7,minimal_json,default,0,0,0,1,14,10,10,0.0,0,cuda
mistral_7b_instruct_v0p3__math_test_00185_b9d67ef5__temp1.00__seed7,mistral_7b_instruct_v0p3,mistralai/Mistral-7B-Instruct-v0.3,math_test_00185_b9d67ef5,math,MATH 2,math,185,1.0,7,minimal_json,default,0,0,0,1,14,10,12,0.0,0,cuda
mistral_7b_instruct_v0p3__math_test_00186_ac02199f__temp1.00__seed7,mistral_7b_instruct_v0p3,mistralai/Mistral-7B-Instruct-v0.3,math_test_00186_ac02199f,math,MATH 5,math,186,1.0,7,minimal_json,default,0,0,0,1,14,1,7,0.0,0,cuda
mistral_7b_instruct_v0p3__math_test_00187_b2db12b1__temp1.00__seed7,mistral_7b_instruct_v0p3,mistralai/Mistral-7B-Instruct-v0.3,math_test_00187_b2db12b1,math,MATH 5,math,187,1.0,7,minimal_json,default,0,0,0,1,14,2,3,0.0,0,cuda
mistral_7b_instruct_v0p3__math_test_00188_c57b9f68__temp1.00__seed7,mistral_7b_instruct_v0p3,mistralai/Mistral-7B-Instruct-v0.3,math_test_00188_c57b9f68,math,MATH 4,math,188,1.0,7,minimal_json,default,0,1,1,1,1,5,7,1.0,0,cuda
mistral_7b_instruct_v0p3__math_test_00189_d2f49b7f__temp1.00__seed7,mistral_7b_instruct_v0p3,mistralai/Mistral-7B-Instruct-v0.3,math_test_00189_d2f49b7f,math,MATH 5,math,189,1.0,7,minimal_json,default,0,0,0,1,14,12,11,0.0,0,cuda
mistral_7b_instruct_v0p3__math_test_00190_ad0c55dc__temp1.00__seed7,mistral_7b_instruct_v0p3,mistralai/Mistral-7B-Instruct-v0.3,math_test_00190_ad0c55dc,math,MATH 2,math,190,1.0,7,minimal_json,default,0,0,0,1,14,9,12,0.0,0,cuda
mistral_7b_instruct_v0p3__math_test_00191_b20822d9__temp1.00__seed7,mistral_7b_instruct_v0p3,mistralai/Mistral-7B-Instruct-v0.3,math_test_00191_b20822d9,math,MATH 3,math,191,1.0,7,minimal_json,default,0,0,0,1,14,1,9,0.0,0,cuda
mistral_7b_instruct_v0p3__math_test_00192_a6795966__temp1.00__seed7,mistral_7b_instruct_v0p3,mistralai/Mistral-7B-Instruct-v0.3,math_test_00192_a6795966,math,MATH 1,math,192,1.0,7,minimal_json,default,0,0,0,1,14,4,5,0.0,0,cuda
mistral_7b_instruct_v0p3__math_test_00193_027d8061__temp1.00__seed7,mistral_7b_instruct_v0p3,mistralai/Mistral-7B-Instruct-v0.3,math_test_00193_027d8061,math,MATH 3,math,193,1.0,7,minimal_json,default,0,0,0,1,14,6,10,0.0,0,cuda
mistral_7b_instruct_v0p3__math_test_00194_f51f6dd0__temp1.00__seed7,mistral_7b_instruct_v0p3,mistralai/Mistral-7B-Instruct-v0.3,math_test_00194_f51f6dd0,math,MATH 5,math,194,1.0,7,minimal_json,default,0,0,0,1,14,11,11,0.0,0,cuda
mistral_7b_instruct_v0p3__math_test_00195_7cc2d650__temp1.00__seed7,mistral_7b_instruct_v0p3,mistralai/Mistral-7B-Instruct-v0.3,math_test_00195_7cc2d650,math,MATH 2,math,195,1.0,7,minimal_json,default,0,0,0,1,14,14,12,0.0,0,cuda
mistral_7b_instruct_v0p3__math_test_00196_4e15c27d__temp1.00__seed7,mistral_7b_instruct_v0p3,mistralai/Mistral-7B-Instruct-v0.3,math_test_00196_4e15c27d,math,MATH 3,math,196,1.0,7,minimal_json,default,0,0,0,1,14,1,3,0.0,0,cuda
mistral_7b_instruct_v0p3__math_test_00197_ed195676__temp1.00__seed7,mistral_7b_instruct_v0p3,mistralai/Mistral-7B-Instruct-v0.3,math_test_00197_ed195676,math,MATH 5,math,197,1.0,7,minimal_json,default,0,0,0,1,14,5,4,0.0,0,cuda
mistral_7b_instruct_v0p3__math_test_00198_85b6e7ea__temp1.00__seed7,mistral_7b_instruct_v0p3,mistralai/Mistral-7B-Instruct-v0.3,math_test_00198_85b6e7ea,math,MATH 4,math,198,1.0,7,minimal_json,default,0,0,0,1,14,1,6,0.0,0,cuda
mistral_7b_instruct_v0p3__math_test_00199_c19f27fd__temp1.00__seed7,mistral_7b_instruct_v0p3,mistralai/Mistral-7B-Instruct-v0.3,math_test_00199_c19f27fd,math,MATH 5,math,199,1.0,7,minimal_json,default,0,0,0,1,14,5,6,0.0,0,cuda
mistral_7b_instruct_v0p3__math_test_00200_bd1fc1ea__temp1.00__seed7,mistral_7b_instruct_v0p3,mistralai/Mistral-7B-Instruct-v0.3,math_test_00200_bd1fc1ea,math,MATH 4,math,200,1.0,7,minimal_json,default,0,0,0,1,14,14,12,0.0,0,cuda
mistral_7b_instruct_v0p3__math_test_00201_464f6898__temp1.00__seed7,mistral_7b_instruct_v0p3,mistralai/Mistral-7B-Instruct-v0.3,math_test_00201_464f6898,math,MATH 5,math,201,1.0,7,minimal_json,default,0,0,0,1,14,1,9,0.0,0,cuda
mistral_7b_instruct_v0p3__math_test_00202_8904dc37__temp1.00__seed7,mistral_7b_instruct_v0p3,mistralai/Mistral-7B-Instruct-v0.3,math_test_00202_8904dc37,math,MATH 4,math,202,1.0,7,minimal_json,default,0,0,0,1,14,5,3,0.0,0,cuda
mistral_7b_instruct_v0p3__math_test_00203_d026abb8__temp1.00__seed7,mistral_7b_instruct_v0p3,mistralai/Mistral-7B-Instruct-v0.3,math_test_00203_d026abb8,math,MATH 4,math,203,1.0,7,minimal_json,default,0,0,0,1,14,1,9,0.0,0,cuda
mistral_7b_instruct_v0p3__math_test_00204_75f78286__temp1.00__seed7,mistral_7b_instruct_v0p3,mistralai/Mistral-7B-Instruct-v0.3,math_test_00204_75f78286,math,MATH 4,math,204,1.0,7,minimal_json,default,0,0,0,1,14,1,5,0.0,0,cuda
mistral_7b_instruct_v0p3__math_test_00205_35364df7__temp1.00__seed7,mistral_7b_instruct_v0p3,mistralai/Mistral-7B-Instruct-v0.3,math_test_00205_35364df7,math,MATH 3,math,205,1.0,7,minimal_json,default,0,0,0,1,14,1,10,0.0,0,cuda
mistral_7b_instruct_v0p3__math_test_00206_a6788c30__temp1.00__seed7,mistral_7b_instruct_v0p3,mistralai/Mistral-7B-Instruct-v0.3,math_test_00206_a6788c30,math,MATH 5,math,206,1.0,7,minimal_json,default,0,0,0,1,14,12,13,0.0,0,cuda
mistral_7b_instruct_v0p3__math_test_00207_627fc1ba__temp1.00__seed7,mistral_7b_instruct_v0p3,mistralai/Mistral-7B-Instruct-v0.3,math_test_00207_627fc1ba,math,MATH 5,math,207,1.0,7,minimal_json,default,0,0,0,1,14,3,2,0.0,0,cuda
mistral_7b_instruct_v0p3__math_test_00208_43f47031__temp1.00__seed7,mistral_7b_instruct_v0p3,mistralai/Mistral-7B-Instruct-v0.3,math_test_00208_43f47031,math,MATH 2,math,208,1.0,7,minimal_json,default,0,1,1,1,1,4,2,1.0,1,cuda
mistral_7b_instruct_v0p3__math_test_00209_877944fa__temp1.00__seed7,mistral_7b_instruct_v0p3,mistralai/Mistral-7B-Instruct-v0.3,math_test_00209_877944fa,math,MATH 4,math,209,1.0,7,minimal_json,default,0,0,0,1,14,14,13,0.0,0,cuda
mistral_7b_instruct_v0p3__math_test_00210_51592ad6__temp1.00__seed7,mistral_7b_instruct_v0p3,mistralai/Mistral-7B-Instruct-v0.3,math_test_00210_51592ad6,math,MATH 1,math,210,1.0,7,minimal_json,default,0,0,0,1,14,1,1,0.0,0,cuda
mistral_7b_instruct_v0p3__math_test_00211_4c873421__temp1.00__seed7,mistral_7b_instruct_v0p3,mistralai/Mistral-7B-Instruct-v0.3,math_test_00211_4c873421,math,MATH 2,math,211,1.0,7,minimal_json,default,0,1,1,1,1,5,9,1.0,1,cuda
mistral_7b_instruct_v0p3__math_test_00212_a1acafa6__temp1.00__seed7,mistral_7b_instruct_v0p3,mistralai/Mistral-7B-Instruct-v0.3,math_test_00212_a1acafa6,math,MATH 4,math,212,1.0,7,minimal_json,default,0,0,0,1,14,14,13,0.0,0,cuda
mistral_7b_instruct_v0p3__math_test_00213_4bf84a38__temp1.00__seed7,mistral_7b_instruct_v0p3,mistralai/Mistral-7B-Instruct-v0.3,math_test_00213_4bf84a38,math,MATH 1,math,213,1.0,7,minimal_json,default,0,0,0,1,14,1,9,0.0,0,cuda
mistral_7b_instruct_v0p3__math_test_00214_dd220dbb__temp1.00__seed7,mistral_7b_instruct_v0p3,mistralai/Mistral-7B-Instruct-v0.3,math_test_00214_dd220dbb,math,MATH 2,math,214,1.0,7,minimal_json,default,0,0,0,1,14,2,6,0.0,0,cuda
mistral_7b_instruct_v0p3__math_test_00215_d650ba63__temp1.00__seed7,mistral_7b_instruct_v0p3,mistralai/Mistral-7B-Instruct-v0.3,math_test_00215_d650ba63,math,MATH 2,math,215,1.0,7,minimal_json,default,0,1,1,1,1,1,1,1.0,1,cuda
mistral_7b_instruct_v0p3__math_test_00216_bb0c5189__temp1.00__seed7,mistral_7b_instruct_v0p3,mistralai/Mistral-7B-Instruct-v0.3,math_test_00216_bb0c5189,math,MATH 3,math,216,1.0,7,minimal_json,default,0,0,0,1,14,14,4,0.0,0,cuda
mistral_7b_instruct_v0p3__math_test_00217_f16ba217__temp1.00__seed7,mistral_7b_instruct_v0p3,mistralai/Mistral-7B-Instruct-v0.3,math_test_00217_f16ba217,math,MATH 5,math,217,1.0,7,minimal_json,default,0,0,0,1,14,14,12,0.0,0,cuda
mistral_7b_instruct_v0p3__math_test_00218_9ebeec12__temp1.00__seed7,mistral_7b_instruct_v0p3,mistralai/Mistral-7B-Instruct-v0.3,math_test_00218_9ebeec12,math,MATH 1,math,218,1.0,7,minimal_json,default,0,1,1,1,1,1,4,1.0,1,cuda
mistral_7b_instruct_v0p3__math_test_00219_9ce0114c__temp1.00__seed7,mistral_7b_instruct_v0p3,mistralai/Mistral-7B-Instruct-v0.3,math_test_00219_9ce0114c,math,MATH 3,math,219,1.0,7,minimal_json,default,0,0,0,1,14,5,8,0.0,0,cuda
mistral_7b_instruct_v0p3__math_test_00220_c9d4415d__temp1.00__seed7,mistral_7b_instruct_v0p3,mistralai/Mistral-7B-Instruct-v0.3,math_test_00220_c9d4415d,math,MATH 2,math,220,1.0,7,minimal_json,default,0,0,0,1,14,1,13,0.0,0,cuda
mistral_7b_instruct_v0p3__math_test_00221_6ddce785__temp1.00__seed7,mistral_7b_instruct_v0p3,mistralai/Mistral-7B-Instruct-v0.3,math_test_00221_6ddce785,math,MATH 4,math,221,1.0,7,minimal_json,default,0,0,0,1,14,1,6,0.0,0,cuda
mistral_7b_instruct_v0p3__math_test_00222_67d6eb88__temp1.00__seed7,mistral_7b_instruct_v0p3,mistralai/Mistral-7B-Instruct-v0.3,math_test_00222_67d6eb88,math,MATH 5,math,222,1.0,7,minimal_json,default,0,0,0,1,14,1,13,0.0,0,cuda
mistral_7b_instruct_v0p3__math_test_00223_e0d9f4b1__temp1.00__seed7,mistral_7b_instruct_v0p3,mistralai/Mistral-7B-Instruct-v0.3,math_test_00223_e0d9f4b1,math,MATH 4,math,223,1.0,7,minimal_json,default,0,0,0,1,14,7,8,0.0,0,cuda
mistral_7b_instruct_v0p3__math_test_00224_a4838f9f__temp1.00__seed7,mistral_7b_instruct_v0p3,mistralai/Mistral-7B-Instruct-v0.3,math_test_00224_a4838f9f,math,MATH 3,math,224,1.0,7,minimal_json,default,0,0,0,1,14,1,2,0.0,0,cuda
mistral_7b_instruct_v0p3__math_test_00225_aa62338d__temp1.00__seed7,mistral_7b_instruct_v0p3,mistralai/Mistral-7B-Instruct-v0.3,math_test_00225_aa62338d,math,MATH 2,math,225,1.0,7,minimal_json,default,0,0,0,1,14,1,2,0.0,0,cuda
mistral_7b_instruct_v0p3__math_test_00226_4db0af17__temp1.00__seed7,mistral_7b_instruct_v0p3,mistralai/Mistral-7B-Instruct-v0.3,math_test_00226_4db0af17,math,MATH 3,math,226,1.0,7,minimal_json,default,0,0,0,1,14,12,11,0.0,0,cuda
mistral_7b_instruct_v0p3__math_test_00227_bd91686d__temp1.00__seed7,mistral_7b_instruct_v0p3,mistralai/Mistral-7B-Instruct-v0.3,math_test_00227_bd91686d,math,MATH 3,math,227,1.0,7,minimal_json,default,0,0,0,1,14,3,0,0.0,0,cuda
mistral_7b_instruct_v0p3__math_test_00228_f8913fbd__temp1.00__seed7,mistral_7b_instruct_v0p3,mistralai/Mistral-7B-Instruct-v0.3,math_test_00228_f8913fbd,math,MATH 4,math,228,1.0,7,minimal_json,default,0,1,1,1,1,3,11,1.0,0,cuda
mistral_7b_instruct_v0p3__math_test_00229_3671f9fa__temp1.00__seed7,mistral_7b_instruct_v0p3,mistralai/Mistral-7B-Instruct-v0.3,math_test_00229_3671f9fa,math,MATH 5,math,229,1.0,7,minimal_json,default,0,0,0,1,14,12,11,0.0,0,cuda
mistral_7b_instruct_v0p3__math_test_00230_5de9111d__temp1.00__seed7,mistral_7b_instruct_v0p3,mistralai/Mistral-7B-Instruct-v0.3,math_test_00230_5de9111d,math,MATH 1,math,230,1.0,7,minimal_json,default,0,0,0,1,14,5,5,0.0,0,cuda
mistral_7b_instruct_v0p3__math_test_00231_f1b686d3__temp1.00__seed7,mistral_7b_instruct_v0p3,mistralai/Mistral-7B-Instruct-v0.3,math_test_00231_f1b686d3,math,MATH 5,math,231,1.0,7,minimal_json,default,0,0,0,1,14,1,13,0.0,0,cuda
mistral_7b_instruct_v0p3__math_test_00232_99f94cd0__temp1.00__seed7,mistral_7b_instruct_v0p3,mistralai/Mistral-7B-Instruct-v0.3,math_test_00232_99f94cd0,math,MATH 3,math,232,1.0,7,minimal_json,default,0,1,0,10,10,1,12,0.55,1,cuda
mistral_7b_instruct_v0p3__math_test_00233_05e64b69__temp1.00__seed7,mistral_7b_instruct_v0p3,mistralai/Mistral-7B-Instruct-v0.3,math_test_00233_05e64b69,math,MATH 5,math,233,1.0,7,minimal_json,default,0,0,0,1,14,1,10,0.0,0,cuda
mistral_7b_instruct_v0p3__math_test_00234_03dfd5f4__temp1.00__seed7,mistral_7b_instruct_v0p3,mistralai/Mistral-7B-Instruct-v0.3,math_test_00234_03dfd5f4,math,MATH 3,math,234,1.0,7,minimal_json,default,0,1,1,1,1,4,7,1.0,0,cuda
mistral_7b_instruct_v0p3__math_test_00235_13c2c9be__temp1.00__seed7,mistral_7b_instruct_v0p3,mistralai/Mistral-7B-Instruct-v0.3,math_test_00235_13c2c9be,math,MATH 4,math,235,1.0,7,minimal_json,default,0,0,0,1,14,1,7,0.0,0,cuda
mistral_7b_instruct_v0p3__math_test_00236_d5de6a08__temp1.00__seed7,mistral_7b_instruct_v0p3,mistralai/Mistral-7B-Instruct-v0.3,math_test_00236_d5de6a08,math,MATH 1,math,236,1.0,7,minimal_json,default,0,0,0,1,14,4,12,0.0,0,cuda
mistral_7b_instruct_v0p3__math_test_00237_4bcd0b41__temp1.00__seed7,mistral_7b_instruct_v0p3,mistralai/Mistral-7B-Instruct-v0.3,math_test_00237_4bcd0b41,math,MATH 5,math,237,1.0,7,minimal_json,default,0,0,0,1,14,4,6,0.0,0,cuda
mistral_7b_instruct_v0p3__math_test_00238_c8c67f45__temp1.00__seed7,mistral_7b_instruct_v0p3,mistralai/Mistral-7B-Instruct-v0.3,math_test_00238_c8c67f45,math,MATH 4,math,238,1.0,7,minimal_json,default,0,0,0,1,14,14,6,0.0,0,cuda
mistral_7b_instruct_v0p3__math_test_00239_9b20bddf__temp1.00__seed7,mistral_7b_instruct_v0p3,mistralai/Mistral-7B-Instruct-v0.3,math_test_00239_9b20bddf,math,MATH 1,math,239,1.0,7,minimal_json,default,0,1,1,1,1,1,5,1.0,0,cuda
mistral_7b_instruct_v0p3__math_test_00240_52c92561__temp1.00__seed7,mistral_7b_instruct_v0p3,mistralai/Mistral-7B-Instruct-v0.3,math_test_00240_52c92561,math,MATH 2,math,240,1.0,7,minimal_json,default,0,0,0,1,14,14,13,0.0,0,cuda
mistral_7b_instruct_v0p3__math_test_00241_5a34024d__temp1.00__seed7,mistral_7b_instruct_v0p3,mistralai/Mistral-7B-Instruct-v0.3,math_test_00241_5a34024d,math,MATH 1,math,241,1.0,7,minimal_json,default,0,0,0,1,14,14,10,0.0,0,cuda
mistral_7b_instruct_v0p3__math_test_00242_277ad5c0__temp1.00__seed7,mistral_7b_instruct_v0p3,mistralai/Mistral-7B-Instruct-v0.3,math_test_00242_277ad5c0,math,MATH 3,math,242,1.0,7,minimal_json,default,0,0,0,1,14,10,8,0.0,0,cuda
mistral_7b_instruct_v0p3__math_test_00243_869ecc6c__temp1.00__seed7,mistral_7b_instruct_v0p3,mistralai/Mistral-7B-Instruct-v0.3,math_test_00243_869ecc6c,math,MATH 4,math,243,1.0,7,minimal_json,default,0,0,0,1,14,5,11,0.0,0,cuda
mistral_7b_instruct_v0p3__math_test_00244_1b6efbf5__temp1.00__seed7,mistral_7b_instruct_v0p3,mistralai/Mistral-7B-Instruct-v0.3,math_test_00244_1b6efbf5,math,MATH 2,math,244,1.0,7,minimal_json,default,0,0,0,1,14,1,9,0.0,0,cuda
mistral_7b_instruct_v0p3__math_test_00245_373bfa07__temp1.00__seed7,mistral_7b_instruct_v0p3,mistralai/Mistral-7B-Instruct-v0.3,math_test_00245_373bfa07,math,MATH 5,math,245,1.0,7,minimal_json,default,0,0,0,1,14,7,7,0.0,0,cuda
mistral_7b_instruct_v0p3__math_test_00246_08e34813__temp1.00__seed7,mistral_7b_instruct_v0p3,mistralai/Mistral-7B-Instruct-v0.3,math_test_00246_08e34813,math,MATH 3,math,246,1.0,7,minimal_json,default,0,0,0,1,14,4,8,0.0,0,cuda
mistral_7b_instruct_v0p3__math_test_00247_24a6a2d8__temp1.00__seed7,mistral_7b_instruct_v0p3,mistralai/Mistral-7B-Instruct-v0.3,math_test_00247_24a6a2d8,math,MATH 4,math,247,1.0,7,minimal_json,default,0,0,0,1,14,14,11,0.0,0,cuda
mistral_7b_instruct_v0p3__math_test_00248_740b47e0__temp1.00__seed7,mistral_7b_instruct_v0p3,mistralai/Mistral-7B-Instruct-v0.3,math_test_00248_740b47e0,math,MATH 2,math,248,1.0,7,minimal_json,default,0,1,0,2,2,1,3,0.95,1,cuda
mistral_7b_instruct_v0p3__math_test_00249_89ab90f1__temp1.00__seed7,mistral_7b_instruct_v0p3,mistralai/Mistral-7B-Instruct-v0.3,math_test_00249_89ab90f1,math,MATH 3,math,249,1.0,7,minimal_json,default,0,0,0,1,14,4,10,0.0,0,cuda
mistral_7b_instruct_v0p3__math_test_00250_893f6d22__temp1.00__seed7,mistral_7b_instruct_v0p3,mistralai/Mistral-7B-Instruct-v0.3,math_test_00250_893f6d22,math,MATH 3,math,250,1.0,7,minimal_json,default,0,1,0,5,5,6,6,0.8,0,cuda
mistral_7b_instruct_v0p3__math_test_00251_3dd2446e__temp1.00__seed7,mistral_7b_instruct_v0p3,mistralai/Mistral-7B-Instruct-v0.3,math_test_00251_3dd2446e,math,MATH 3,math,251,1.0,7,minimal_json,default,0,0,0,1,14,4,7,0.0,0,cuda
mistral_7b_instruct_v0p3__math_test_00252_b3e21c72__temp1.00__seed7,mistral_7b_instruct_v0p3,mistralai/Mistral-7B-Instruct-v0.3,math_test_00252_b3e21c72,math,MATH 3,math,252,1.0,7,minimal_json,default,0,1,1,1,1,1,4,1.0,0,cuda
mistral_7b_instruct_v0p3__math_test_00253_d4df8de3__temp1.00__seed7,mistral_7b_instruct_v0p3,mistralai/Mistral-7B-Instruct-v0.3,math_test_00253_d4df8de3,math,MATH 5,math,253,1.0,7,minimal_json,default,0,0,0,1,14,11,11,0.0,0,cuda
mistral_7b_instruct_v0p3__math_test_00254_a92a5bc3__temp1.00__seed7,mistral_7b_instruct_v0p3,mistralai/Mistral-7B-Instruct-v0.3,math_test_00254_a92a5bc3,math,MATH 4,math,254,1.0,7,minimal_json,default,0,0,0,1,14,6,10,0.0,0,cuda
mistral_7b_instruct_v0p3__math_test_00255_5f3fe168__temp1.00__seed7,mistral_7b_instruct_v0p3,mistralai/Mistral-7B-Instruct-v0.3,math_test_00255_5f3fe168,math,MATH 2,math,255,1.0,7,minimal_json,default,0,1,1,1,1,1,2,1.0,1,cuda
mistral_7b_instruct_v0p3__math_test_00256_d959374f__temp1.00__seed7,mistral_7b_instruct_v0p3,mistralai/Mistral-7B-Instruct-v0.3,math_test_00256_d959374f,math,MATH 1,math,256,1.0,7,minimal_json,default,0,0,0,1,14,1,8,0.0,0,cuda
mistral_7b_instruct_v0p3__math_test_00257_20ddae87__temp1.00__seed7,mistral_7b_instruct_v0p3,mistralai/Mistral-7B-Instruct-v0.3,math_test_00257_20ddae87,math,MATH 3,math,257,1.0,7,minimal_json,default,0,0,0,1,14,9,9,0.0,0,cuda
mistral_7b_instruct_v0p3__math_test_00258_44fb0c1c__temp1.00__seed7,mistral_7b_instruct_v0p3,mistralai/Mistral-7B-Instruct-v0.3,math_test_00258_44fb0c1c,math,MATH 5,math,258,1.0,7,minimal_json,default,0,0,0,1,14,2,9,0.0,0,cuda
mistral_7b_instruct_v0p3__math_test_00259_2ab6b817__temp1.00__seed7,mistral_7b_instruct_v0p3,mistralai/Mistral-7B-Instruct-v0.3,math_test_00259_2ab6b817,math,MATH 5,math,259,1.0,7,minimal_json,default,0,0,0,1,14,9,8,0.0,0,cuda
mistral_7b_instruct_v0p3__math_test_00260_efa62d11__temp1.00__seed7,mistral_7b_instruct_v0p3,mistralai/Mistral-7B-Instruct-v0.3,math_test_00260_efa62d11,math,MATH 4,math,260,1.0,7,minimal_json,default,0,0,0,1,14,4,11,0.0,0,cuda
mistral_7b_instruct_v0p3__math_test_00261_4f02172b__temp1.00__seed7,mistral_7b_instruct_v0p3,mistralai/Mistral-7B-Instruct-v0.3,math_test_00261_4f02172b,math,MATH 5,math,261,1.0,7,minimal_json,default,0,0,0,1,14,5,9,0.0,0,cuda
mistral_7b_instruct_v0p3__math_test_00262_5be48d75__temp1.00__seed7,mistral_7b_instruct_v0p3,mistralai/Mistral-7B-Instruct-v0.3,math_test_00262_5be48d75,math,MATH 4,math,262,1.0,7,minimal_json,default,0,0,0,1,14,1,0,0.0,0,cuda
mistral_7b_instruct_v0p3__math_test_00263_10d94c24__temp1.00__seed7,mistral_7b_instruct_v0p3,mistralai/Mistral-7B-Instruct-v0.3,math_test_00263_10d94c24,math,MATH 3,math,263,1.0,7,minimal_json,default,0,1,1,1,1,14,11,1.0,0,cuda
mistral_7b_instruct_v0p3__math_test_00264_ca7f6fd1__temp1.00__seed7,mistral_7b_instruct_v0p3,mistralai/Mistral-7B-Instruct-v0.3,math_test_00264_ca7f6fd1,math,MATH 4,math,264,1.0,7,minimal_json,default,0,0,0,1,14,3,6,0.0,0,cuda
mistral_7b_instruct_v0p3__math_test_00265_3b8ec9e0__temp1.00__seed7,mistral_7b_instruct_v0p3,mistralai/Mistral-7B-Instruct-v0.3,math_test_00265_3b8ec9e0,math,MATH 4,math,265,1.0,7,minimal_json,default,0,0,0,1,14,5,11,0.0,0,cuda
mistral_7b_instruct_v0p3__math_test_00266_dbf10789__temp1.00__seed7,mistral_7b_instruct_v0p3,mistralai/Mistral-7B-Instruct-v0.3,math_test_00266_dbf10789,math,MATH 4,math,266,1.0,7,minimal_json,default,0,0,0,1,14,4,6,0.0,0,cuda
mistral_7b_instruct_v0p3__math_test_00267_a33fc5f4__temp1.00__seed7,mistral_7b_instruct_v0p3,mistralai/Mistral-7B-Instruct-v0.3,math_test_00267_a33fc5f4,math,MATH 1,math,267,1.0,7,minimal_json,default,0,0,0,1,14,1,4,0.0,0,cuda
mistral_7b_instruct_v0p3__math_test_00268_64a42184__temp1.00__seed7,mistral_7b_instruct_v0p3,mistralai/Mistral-7B-Instruct-v0.3,math_test_00268_64a42184,math,MATH 3,math,268,1.0,7,minimal_json,default,0,0,0,1,14,12,11,0.0,0,cuda
mistral_7b_instruct_v0p3__math_test_00269_3a892d62__temp1.00__seed7,mistral_7b_instruct_v0p3,mistralai/Mistral-7B-Instruct-v0.3,math_test_00269_3a892d62,math,MATH 1,math,269,1.0,7,minimal_json,default,0,0,0,1,14,1,11,0.0,0,cuda
mistral_7b_instruct_v0p3__math_test_00270_d6fa4f7c__temp1.00__seed7,mistral_7b_instruct_v0p3,mistralai/Mistral-7B-Instruct-v0.3,math_test_00270_d6fa4f7c,math,MATH 4,math,270,1.0,7,minimal_json,default,0,0,0,1,14,12,10,0.0,0,cuda
mistral_7b_instruct_v0p3__math_test_00271_0cd3b758__temp1.00__seed7,mistral_7b_instruct_v0p3,mistralai/Mistral-7B-Instruct-v0.3,math_test_00271_0cd3b758,math,MATH 4,math,271,1.0,7,minimal_json,default,0,0,0,1,14,4,10,0.0,0,cuda
mistral_7b_instruct_v0p3__math_test_00272_84359c4d__temp1.00__seed7,mistral_7b_instruct_v0p3,mistralai/Mistral-7B-Instruct-v0.3,math_test_00272_84359c4d,math,MATH 2,math,272,1.0,7,minimal_json,default,0,1,0,3,3,1,6,0.9,1,cuda
mistral_7b_instruct_v0p3__math_test_00273_a9e9a1de__temp1.00__seed7,mistral_7b_instruct_v0p3,mistralai/Mistral-7B-Instruct-v0.3,math_test_00273_a9e9a1de,math,MATH 2,math,273,1.0,7,minimal_json,default,0,1,1,1,1,4,9,1.0,0,cuda
mistral_7b_instruct_v0p3__math_test_00274_75abc690__temp1.00__seed7,mistral_7b_instruct_v0p3,mistralai/Mistral-7B-Instruct-v0.3,math_test_00274_75abc690,math,MATH 4,math,274,1.0,7,minimal_json,default,0,0,0,1,14,1,1,0.0,0,cuda
mistral_7b_instruct_v0p3__math_test_00275_4384cd3d__temp1.00__seed7,mistral_7b_instruct_v0p3,mistralai/Mistral-7B-Instruct-v0.3,math_test_00275_4384cd3d,math,MATH 4,math,275,1.0,7,minimal_json,default,0,0,0,1,14,10,6,0.0,0,cuda
mistral_7b_instruct_v0p3__math_test_00276_845d624e__temp1.00__seed7,mistral_7b_instruct_v0p3,mistralai/Mistral-7B-Instruct-v0.3,math_test_00276_845d624e,math,MATH 5,math,276,1.0,7,minimal_json,default,0,0,0,1,14,1,8,0.0,0,cuda
mistral_7b_instruct_v0p3__math_test_00277_c86dc9b8__temp1.00__seed7,mistral_7b_instruct_v0p3,mistralai/Mistral-7B-Instruct-v0.3,math_test_00277_c86dc9b8,math,MATH 2,math,277,1.0,7,minimal_json,default,0,0,0,1,14,1,2,0.0,0,cuda
mistral_7b_instruct_v0p3__math_test_00278_f57d1ab7__temp1.00__seed7,mistral_7b_instruct_v0p3,mistralai/Mistral-7B-Instruct-v0.3,math_test_00278_f57d1ab7,math,MATH 1,math,278,1.0,7,minimal_json,default,0,0,0,1,14,1,7,0.0,0,cuda
mistral_7b_instruct_v0p3__math_test_00279_c9a3fe90__temp1.00__seed7,mistral_7b_instruct_v0p3,mistralai/Mistral-7B-Instruct-v0.3,math_test_00279_c9a3fe90,math,MATH 4,math,279,1.0,7,minimal_json,default,0,0,0,1,14,2,9,0.0,0,cuda
mistral_7b_instruct_v0p3__math_test_00280_fa6589e1__temp1.00__seed7,mistral_7b_instruct_v0p3,mistralai/Mistral-7B-Instruct-v0.3,math_test_00280_fa6589e1,math,MATH 4,math,280,1.0,7,minimal_json,default,0,0,0,1,14,1,8,0.0,0,cuda
mistral_7b_instruct_v0p3__math_test_00281_c1845e7d__temp1.00__seed7,mistral_7b_instruct_v0p3,mistralai/Mistral-7B-Instruct-v0.3,math_test_00281_c1845e7d,math,MATH 3,math,281,1.0,7,minimal_json,default,0,1,0,8,8,14,11,0.6499999999999999,1,cuda
mistral_7b_instruct_v0p3__math_test_00282_92f3a353__temp1.00__seed7,mistral_7b_instruct_v0p3,mistralai/Mistral-7B-Instruct-v0.3,math_test_00282_92f3a353,math,MATH 5,math,282,1.0,7,minimal_json,default,0,0,0,1,14,4,6,0.0,0,cuda
mistral_7b_instruct_v0p3__math_test_00283_7135627a__temp1.00__seed7,mistral_7b_instruct_v0p3,mistralai/Mistral-7B-Instruct-v0.3,math_test_00283_7135627a,math,MATH 5,math,283,1.0,7,minimal_json,default,0,0,0,1,14,8,2,0.0,0,cuda
mistral_7b_instruct_v0p3__math_test_00284_d7b7add8__temp1.00__seed7,mistral_7b_instruct_v0p3,mistralai/Mistral-7B-Instruct-v0.3,math_test_00284_d7b7add8,math,MATH 5,math,284,1.0,7,minimal_json,default,0,0,0,1,14,14,12,0.0,0,cuda
mistral_7b_instruct_v0p3__math_test_00285_2a685be2__temp1.00__seed7,mistral_7b_instruct_v0p3,mistralai/Mistral-7B-Instruct-v0.3,math_test_00285_2a685be2,math,MATH 4,math,285,1.0,7,minimal_json,default,0,0,0,1,14,1,11,0.0,0,cuda
mistral_7b_instruct_v0p3__math_test_00286_2378497f__temp1.00__seed7,mistral_7b_instruct_v0p3,mistralai/Mistral-7B-Instruct-v0.3,math_test_00286_2378497f,math,MATH 5,math,286,1.0,7,minimal_json,default,0,0,0,1,14,2,9,0.0,0,cuda
mistral_7b_instruct_v0p3__math_test_00287_ab35a62d__temp1.00__seed7,mistral_7b_instruct_v0p3,mistralai/Mistral-7B-Instruct-v0.3,math_test_00287_ab35a62d,math,MATH 5,math,287,1.0,7,minimal_json,default,0,0,0,1,14,3,10,0.0,0,cuda
mistral_7b_instruct_v0p3__math_test_00288_99b25b6b__temp1.00__seed7,mistral_7b_instruct_v0p3,mistralai/Mistral-7B-Instruct-v0.3,math_test_00288_99b25b6b,math,MATH 4,math,288,1.0,7,minimal_json,default,0,0,0,1,14,6,6,0.0,0,cuda
mistral_7b_instruct_v0p3__math_test_00289_65b47d19__temp1.00__seed7,mistral_7b_instruct_v0p3,mistralai/Mistral-7B-Instruct-v0.3,math_test_00289_65b47d19,math,MATH 3,math,289,1.0,7,minimal_json,default,0,0,0,1,14,14,13,0.0,0,cuda
mistral_7b_instruct_v0p3__math_test_00290_1a809667__temp1.00__seed7,mistral_7b_instruct_v0p3,mistralai/Mistral-7B-Instruct-v0.3,math_test_00290_1a809667,math,MATH 4,math,290,1.0,7,minimal_json,default,0,0,0,1,14,3,7,0.0,0,cuda
mistral_7b_instruct_v0p3__math_test_00291_f0f80e1a__temp1.00__seed7,mistral_7b_instruct_v0p3,mistralai/Mistral-7B-Instruct-v0.3,math_test_00291_f0f80e1a,math,MATH 3,math,291,1.0,7,minimal_json,default,0,0,0,1,14,1,9,0.0,0,cuda
mistral_7b_instruct_v0p3__math_test_00292_9f87e110__temp1.00__seed7,mistral_7b_instruct_v0p3,mistralai/Mistral-7B-Instruct-v0.3,math_test_00292_9f87e110,math,MATH 4,math,292,1.0,7,minimal_json,default,0,0,0,1,14,7,13,0.0,0,cuda
mistral_7b_instruct_v0p3__math_test_00293_9a549464__temp1.00__seed7,mistral_7b_instruct_v0p3,mistralai/Mistral-7B-Instruct-v0.3,math_test_00293_9a549464,math,MATH 4,math,293,1.0,7,minimal_json,default,0,0,0,1,14,1,8,0.0,0,cuda
mistral_7b_instruct_v0p3__math_test_00294_bbfa98b4__temp1.00__seed7,mistral_7b_instruct_v0p3,mistralai/Mistral-7B-Instruct-v0.3,math_test_00294_bbfa98b4,math,MATH 3,math,294,1.0,7,minimal_json,default,0,0,0,1,14,1,6,0.0,0,cuda
mistral_7b_instruct_v0p3__math_test_00295_5384a318__temp1.00__seed7,mistral_7b_instruct_v0p3,mistralai/Mistral-7B-Instruct-v0.3,math_test_00295_5384a318,math,MATH 3,math,295,1.0,7,minimal_json,default,0,0,0,1,14,13,10,0.0,0,cuda
mistral_7b_instruct_v0p3__math_test_00296_dd695c69__temp1.00__seed7,mistral_7b_instruct_v0p3,mistralai/Mistral-7B-Instruct-v0.3,math_test_00296_dd695c69,math,MATH 5,math,296,1.0,7,minimal_json,default,0,0,0,1,14,7,6,0.0,0,cuda
mistral_7b_instruct_v0p3__math_test_00297_96f3b4cd__temp1.00__seed7,mistral_7b_instruct_v0p3,mistralai/Mistral-7B-Instruct-v0.3,math_test_00297_96f3b4cd,math,MATH 4,math,297,1.0,7,minimal_json,default,0,0,0,1,14,4,6,0.0,0,cuda
mistral_7b_instruct_v0p3__math_test_00298_cd93bf6b__temp1.00__seed7,mistral_7b_instruct_v0p3,mistralai/Mistral-7B-Instruct-v0.3,math_test_00298_cd93bf6b,math,MATH 2,math,298,1.0,7,minimal_json,default,0,0,0,1,14,1,5,0.0,0,cuda
mistral_7b_instruct_v0p3__math_test_00299_9edbd238__temp1.00__seed7,mistral_7b_instruct_v0p3,mistralai/Mistral-7B-Instruct-v0.3,math_test_00299_9edbd238,math,MATH 3,math,299,1.0,7,minimal_json,default,0,0,0,1,14,3,5,0.0,0,cuda
mistral_7b_instruct_v0p3__math_test_00300_7b4fb29f__temp1.00__seed7,mistral_7b_instruct_v0p3,mistralai/Mistral-7B-Instruct-v0.3,math_test_00300_7b4fb29f,math,MATH 5,math,300,1.0,7,minimal_json,default,0,0,0,1,14,2,7,0.0,0,cuda
mistral_7b_instruct_v0p3__math_test_00301_fe74163c__temp1.00__seed7,mistral_7b_instruct_v0p3,mistralai/Mistral-7B-Instruct-v0.3,math_test_00301_fe74163c,math,MATH 4,math,301,1.0,7,minimal_json,default,0,0,0,1,14,14,5,0.0,0,cuda
mistral_7b_instruct_v0p3__math_test_00302_555caaf5__temp1.00__seed7,mistral_7b_instruct_v0p3,mistralai/Mistral-7B-Instruct-v0.3,math_test_00302_555caaf5,math,MATH 5,math,302,1.0,7,minimal_json,default,0,0,0,1,14,12,10,0.0,0,cuda
mistral_7b_instruct_v0p3__math_test_00303_0a6043f3__temp1.00__seed7,mistral_7b_instruct_v0p3,mistralai/Mistral-7B-Instruct-v0.3,math_test_00303_0a6043f3,math,MATH 5,math,303,1.0,7,minimal_json,default,0,0,0,1,14,14,9,0.0,0,cuda
mistral_7b_instruct_v0p3__math_test_00304_782cacd3__temp1.00__seed7,mistral_7b_instruct_v0p3,mistralai/Mistral-7B-Instruct-v0.3,math_test_00304_782cacd3,math,MATH 5,math,304,1.0,7,minimal_json,default,0,0,0,1,14,1,10,0.0,0,cuda
mistral_7b_instruct_v0p3__math_test_00305_c8d180e8__temp1.00__seed7,mistral_7b_instruct_v0p3,mistralai/Mistral-7B-Instruct-v0.3,math_test_00305_c8d180e8,math,MATH 5,math,305,1.0,7,minimal_json,default,0,0,0,1,14,14,10,0.0,0,cuda
mistral_7b_instruct_v0p3__math_test_00306_15a3ec97__temp1.00__seed7,mistral_7b_instruct_v0p3,mistralai/Mistral-7B-Instruct-v0.3,math_test_00306_15a3ec97,math,MATH 4,math,306,1.0,7,minimal_json,default,0,0,0,1,14,14,13,0.0,0,cuda
mistral_7b_instruct_v0p3__math_test_00307_ac0e3789__temp1.00__seed7,mistral_7b_instruct_v0p3,mistralai/Mistral-7B-Instruct-v0.3,math_test_00307_ac0e3789,math,MATH 3,math,307,1.0,7,minimal_json,default,0,0,0,1,14,3,10,0.0,0,cuda
mistral_7b_instruct_v0p3__math_test_00308_35ec1d7b__temp1.00__seed7,mistral_7b_instruct_v0p3,mistralai/Mistral-7B-Instruct-v0.3,math_test_00308_35ec1d7b,math,MATH 4,math,308,1.0,7,minimal_json,default,0,0,0,1,14,14,8,0.0,0,cuda
mistral_7b_instruct_v0p3__math_test_00309_7be0b9c6__temp1.00__seed7,mistral_7b_instruct_v0p3,mistralai/Mistral-7B-Instruct-v0.3,math_test_00309_7be0b9c6,math,MATH 5,math,309,1.0,7,minimal_json,default,0,0,0,1,14,9,10,0.0,0,cuda
mistral_7b_instruct_v0p3__math_test_00310_2974ae8d__temp1.00__seed7,mistral_7b_instruct_v0p3,mistralai/Mistral-7B-Instruct-v0.3,math_test_00310_2974ae8d,math,MATH 2,math,310,1.0,7,minimal_json,default,0,0,0,1,14,7,5,0.0,0,cuda
mistral_7b_instruct_v0p3__math_test_00311_db5088ff__temp1.00__seed7,mistral_7b_instruct_v0p3,mistralai/Mistral-7B-Instruct-v0.3,math_test_00311_db5088ff,math,MATH 5,math,311,1.0,7,minimal_json,default,0,0,0,1,14,3,2,0.0,0,cuda
mistral_7b_instruct_v0p3__math_test_00312_74f8cf90__temp1.00__seed7,mistral_7b_instruct_v0p3,mistralai/Mistral-7B-Instruct-v0.3,math_test_00312_74f8cf90,math,MATH 1,math,312,1.0,7,minimal_json,default,0,1,1,1,1,3,4,1.0,1,cuda
mistral_7b_instruct_v0p3__math_test_00313_eb9feec2__temp1.00__seed7,mistral_7b_instruct_v0p3,mistralai/Mistral-7B-Instruct-v0.3,math_test_00313_eb9feec2,math,MATH 5,math,313,1.0,7,minimal_json,default,0,0,0,1,14,14,10,0.0,0,cuda
mistral_7b_instruct_v0p3__math_test_00314_1f87cb3d__temp1.00__seed7,mistral_7b_instruct_v0p3,mistralai/Mistral-7B-Instruct-v0.3,math_test_00314_1f87cb3d,math,MATH 5,math,314,1.0,7,minimal_json,default,0,0,0,1,14,2,3,0.0,0,cuda
mistral_7b_instruct_v0p3__math_test_00315_df923cac__temp1.00__seed7,mistral_7b_instruct_v0p3,mistralai/Mistral-7B-Instruct-v0.3,math_test_00315_df923cac,math,MATH 4,math,315,1.0,7,minimal_json,default,0,1,0,13,13,14,10,0.3999999999999999,1,cuda
mistral_7b_instruct_v0p3__math_test_00316_d871c684__temp1.00__seed7,mistral_7b_instruct_v0p3,mistralai/Mistral-7B-Instruct-v0.3,math_test_00316_d871c684,math,MATH 5,math,316,1.0,7,minimal_json,default,0,0,0,1,14,9,7,0.0,0,cuda
mistral_7b_instruct_v0p3__math_test_00317_e0ee33c8__temp1.00__seed7,mistral_7b_instruct_v0p3,mistralai/Mistral-7B-Instruct-v0.3,math_test_00317_e0ee33c8,math,MATH 5,math,317,1.0,7,minimal_json,default,0,0,0,1,14,12,13,0.0,0,cuda
mistral_7b_instruct_v0p3__math_test_00318_126e857a__temp1.00__seed7,mistral_7b_instruct_v0p3,mistralai/Mistral-7B-Instruct-v0.3,math_test_00318_126e857a,math,MATH 1,math,318,1.0,7,minimal_json,default,0,0,0,1,14,1,0,0.0,0,cuda
mistral_7b_instruct_v0p3__math_test_00319_dde9f260__temp1.00__seed7,mistral_7b_instruct_v0p3,mistralai/Mistral-7B-Instruct-v0.3,math_test_00319_dde9f260,math,MATH 5,math,319,1.0,7,minimal_json,default,0,0,0,1,14,5,11,0.0,0,cuda
mistral_7b_instruct_v0p3__math_test_00320_e8f73851__temp1.00__seed7,mistral_7b_instruct_v0p3,mistralai/Mistral-7B-Instruct-v0.3,math_test_00320_e8f73851,math,MATH 2,math,320,1.0,7,minimal_json,default,0,0,0,1,14,7,10,0.0,0,cuda
mistral_7b_instruct_v0p3__math_test_00321_bf799ecc__temp1.00__seed7,mistral_7b_instruct_v0p3,mistralai/Mistral-7B-Instruct-v0.3,math_test_00321_bf799ecc,math,MATH 1,math,321,1.0,7,minimal_json,default,0,1,0,2,2,1,3,0.95,1,cuda
mistral_7b_instruct_v0p3__math_test_00322_ee8eb9c1__temp1.00__seed7,mistral_7b_instruct_v0p3,mistralai/Mistral-7B-Instruct-v0.3,math_test_00322_ee8eb9c1,math,MATH 3,math,322,1.0,7,minimal_json,default,0,0,0,1,14,1,6,0.0,0,cuda
mistral_7b_instruct_v0p3__math_test_00323_372c2d59__temp1.00__seed7,mistral_7b_instruct_v0p3,mistralai/Mistral-7B-Instruct-v0.3,math_test_00323_372c2d59,math,MATH 2,math,323,1.0,7,minimal_json,default,0,0,0,1,14,2,2,0.0,0,cuda
mistral_7b_instruct_v0p3__math_test_00324_5d4902ec__temp1.00__seed7,mistral_7b_instruct_v0p3,mistralai/Mistral-7B-Instruct-v0.3,math_test_00324_5d4902ec,math,MATH 5,math,324,1.0,7,minimal_json,default,0,0,0,1,14,6,10,0.0,0,cuda
mistral_7b_instruct_v0p3__math_test_00325_bf36a20b__temp1.00__seed7,mistral_7b_instruct_v0p3,mistralai/Mistral-7B-Instruct-v0.3,math_test_00325_bf36a20b,math,MATH 4,math,325,1.0,7,minimal_json,default,0,0,0,1,14,4,7,0.0,0,cuda
mistral_7b_instruct_v0p3__math_test_00326_2b3c488f__temp1.00__seed7,mistral_7b_instruct_v0p3,mistralai/Mistral-7B-Instruct-v0.3,math_test_00326_2b3c488f,math,MATH 3,math,326,1.0,7,minimal_json,default,0,0,0,1,14,4,13,0.0,0,cuda
mistral_7b_instruct_v0p3__math_test_00327_39c0048d__temp1.00__seed7,mistral_7b_instruct_v0p3,mistralai/Mistral-7B-Instruct-v0.3,math_test_00327_39c0048d,math,MATH 5,math,327,1.0,7,minimal_json,default,0,0,0,1,14,14,12,0.0,0,cuda
mistral_7b_instruct_v0p3__math_test_00328_fd5fbe30__temp1.00__seed7,mistral_7b_instruct_v0p3,mistralai/Mistral-7B-Instruct-v0.3,math_test_00328_fd5fbe30,math,MATH 3,math,328,1.0,7,minimal_json,default,0,0,0,1,14,1,4,0.0,0,cuda
mistral_7b_instruct_v0p3__math_test_00329_a0de4994__temp1.00__seed7,mistral_7b_instruct_v0p3,mistralai/Mistral-7B-Instruct-v0.3,math_test_00329_a0de4994,math,MATH 2,math,329,1.0,7,minimal_json,default,0,0,0,1,14,6,4,0.0,0,cuda
mistral_7b_instruct_v0p3__math_test_00330_45cea026__temp1.00__seed7,mistral_7b_instruct_v0p3,mistralai/Mistral-7B-Instruct-v0.3,math_test_00330_45cea026,math,MATH 2,math,330,1.0,7,minimal_json,default,0,0,0,1,14,5,5,0.0,0,cuda
mistral_7b_instruct_v0p3__math_test_00331_023902bd__temp1.00__seed7,mistral_7b_instruct_v0p3,mistralai/Mistral-7B-Instruct-v0.3,math_test_00331_023902bd,math,MATH 5,math,331,1.0,7,minimal_json,default,0,0,0,1,14,4,10,0.0,0,cuda
mistral_7b_instruct_v0p3__math_test_00332_5bacfa8c__temp1.00__seed7,mistral_7b_instruct_v0p3,mistralai/Mistral-7B-Instruct-v0.3,math_test_00332_5bacfa8c,math,MATH 5,math,332,1.0,7,minimal_json,default,0,0,0,1,14,1,7,0.0,0,cuda
mistral_7b_instruct_v0p3__math_test_00333_a31e71a6__temp1.00__seed7,mistral_7b_instruct_v0p3,mistralai/Mistral-7B-Instruct-v0.3,math_test_00333_a31e71a6,math,MATH 3,math,333,1.0,7,minimal_json,default,0,0,0,1,14,7,9,0.0,0,cuda
mistral_7b_instruct_v0p3__math_test_00334_18dac264__temp1.00__seed7,mistral_7b_instruct_v0p3,mistralai/Mistral-7B-Instruct-v0.3,math_test_00334_18dac264,math,MATH 5,math,334,1.0,7,minimal_json,default,0,0,0,1,14,7,13,0.0,0,cuda
mistral_7b_instruct_v0p3__math_test_00335_fde40de4__temp1.00__seed7,mistral_7b_instruct_v0p3,mistralai/Mistral-7B-Instruct-v0.3,math_test_00335_fde40de4,math,MATH 5,math,335,1.0,7,minimal_json,default,0,0,0,1,14,14,10,0.0,0,cuda
mistral_7b_instruct_v0p3__math_test_00336_0b4ea1e7__temp1.00__seed7,mistral_7b_instruct_v0p3,mistralai/Mistral-7B-Instruct-v0.3,math_test_00336_0b4ea1e7,math,MATH 3,math,336,1.0,7,minimal_json,default,0,0,0,1,14,14,8,0.0,0,cuda
mistral_7b_instruct_v0p3__math_test_00337_d02b019a__temp1.00__seed7,mistral_7b_instruct_v0p3,mistralai/Mistral-7B-Instruct-v0.3,math_test_00337_d02b019a,math,MATH 4,math,337,1.0,7,minimal_json,default,0,0,0,1,14,8,10,0.0,0,cuda
mistral_7b_instruct_v0p3__math_test_00338_6b6d2c6b__temp1.00__seed7,mistral_7b_instruct_v0p3,mistralai/Mistral-7B-Instruct-v0.3,math_test_00338_6b6d2c6b,math,MATH 2,math,338,1.0,7,minimal_json,default,0,1,1,1,1,5,2,1.0,1,cuda
mistral_7b_instruct_v0p3__math_test_00339_5722cb6d__temp1.00__seed7,mistral_7b_instruct_v0p3,mistralai/Mistral-7B-Instruct-v0.3,math_test_00339_5722cb6d,math,MATH 3,math,339,1.0,7,minimal_json,default,0,0,0,1,14,14,13,0.0,0,cuda
mistral_7b_instruct_v0p3__math_test_00340_c7e6fae6__temp1.00__seed7,mistral_7b_instruct_v0p3,mistralai/Mistral-7B-Instruct-v0.3,math_test_00340_c7e6fae6,math,MATH 4,math,340,1.0,7,minimal_json,default,0,0,0,1,14,11,8,0.0,0,cuda
mistral_7b_instruct_v0p3__math_test_00341_0734d253__temp1.00__seed7,mistral_7b_instruct_v0p3,mistralai/Mistral-7B-Instruct-v0.3,math_test_00341_0734d253,math,MATH 5,math,341,1.0,7,minimal_json,default,0,0,0,1,14,3,2,0.0,0,cuda
mistral_7b_instruct_v0p3__math_test_00342_1bb3298f__temp1.00__seed7,mistral_7b_instruct_v0p3,mistralai/Mistral-7B-Instruct-v0.3,math_test_00342_1bb3298f,math,MATH 5,math,342,1.0,7,minimal_json,default,0,0,0,1,14,12,10,0.0,0,cuda
mistral_7b_instruct_v0p3__math_test_00343_e54f9ee1__temp1.00__seed7,mistral_7b_instruct_v0p3,mistralai/Mistral-7B-Instruct-v0.3,math_test_00343_e54f9ee1,math,MATH 4,math,343,1.0,7,minimal_json,default,0,0,0,1,14,1,4,0.0,0,cuda
mistral_7b_instruct_v0p3__math_test_00344_64925ab7__temp1.00__seed7,mistral_7b_instruct_v0p3,mistralai/Mistral-7B-Instruct-v0.3,math_test_00344_64925ab7,math,MATH 4,math,344,1.0,7,minimal_json,default,0,0,0,1,14,1,11,0.0,0,cuda
mistral_7b_instruct_v0p3__math_test_00345_6af61995__temp1.00__seed7,mistral_7b_instruct_v0p3,mistralai/Mistral-7B-Instruct-v0.3,math_test_00345_6af61995,math,MATH 5,math,345,1.0,7,minimal_json,default,0,0,0,1,14,10,10,0.0,0,cuda
mistral_7b_instruct_v0p3__math_test_00346_baa6122d__temp1.00__seed7,mistral_7b_instruct_v0p3,mistralai/Mistral-7B-Instruct-v0.3,math_test_00346_baa6122d,math,MATH 5,math,346,1.0,7,minimal_json,default,0,0,0,1,14,1,11,0.0,0,cuda
mistral_7b_instruct_v0p3__math_test_00347_a2f7bec0__temp1.00__seed7,mistral_7b_instruct_v0p3,mistralai/Mistral-7B-Instruct-v0.3,math_test_00347_a2f7bec0,math,MATH 4,math,347,1.0,7,minimal_json,default,0,0,0,1,14,7,9,0.0,0,cuda
mistral_7b_instruct_v0p3__math_test_00348_86ddc3d0__temp1.00__seed7,mistral_7b_instruct_v0p3,mistralai/Mistral-7B-Instruct-v0.3,math_test_00348_86ddc3d0,math,MATH 5,math,348,1.0,7,minimal_json,default,0,0,0,1,14,5,6,0.0,0,cuda
mistral_7b_instruct_v0p3__math_test_00349_b9d9a1ba__temp1.00__seed7,mistral_7b_instruct_v0p3,mistralai/Mistral-7B-Instruct-v0.3,math_test_00349_b9d9a1ba,math,MATH 2,math,349,1.0,7,minimal_json,default,0,0,0,1,14,1,3,0.0,0,cuda
mistral_7b_instruct_v0p3__math_test_00350_02aacf73__temp1.00__seed7,mistral_7b_instruct_v0p3,mistralai/Mistral-7B-Instruct-v0.3,math_test_00350_02aacf73,math,MATH 1,math,350,1.0,7,minimal_json,default,0,0,0,1,14,1,6,0.0,0,cuda
mistral_7b_instruct_v0p3__math_test_00351_67aec9c5__temp1.00__seed7,mistral_7b_instruct_v0p3,mistralai/Mistral-7B-Instruct-v0.3,math_test_00351_67aec9c5,math,MATH 3,math,351,1.0,7,minimal_json,default,0,0,0,1,14,3,10,0.0,0,cuda
mistral_7b_instruct_v0p3__math_test_00352_e74ba0fa__temp1.00__seed7,mistral_7b_instruct_v0p3,mistralai/Mistral-7B-Instruct-v0.3,math_test_00352_e74ba0fa,math,MATH 5,math,352,1.0,7,minimal_json,default,0,0,0,1,14,1,8,0.0,0,cuda
mistral_7b_instruct_v0p3__math_test_00353_8c1deb6e__temp1.00__seed7,mistral_7b_instruct_v0p3,mistralai/Mistral-7B-Instruct-v0.3,math_test_00353_8c1deb6e,math,MATH 4,math,353,1.0,7,minimal_json,default,0,0,0,1,14,14,8,0.0,0,cuda
mistral_7b_instruct_v0p3__math_test_00354_47b050a9__temp1.00__seed7,mistral_7b_instruct_v0p3,mistralai/Mistral-7B-Instruct-v0.3,math_test_00354_47b050a9,math,MATH 5,math,354,1.0,7,minimal_json,default,0,0,0,1,14,14,13,0.0,0,cuda
mistral_7b_instruct_v0p3__math_test_00355_ec1c2c36__temp1.00__seed7,mistral_7b_instruct_v0p3,mistralai/Mistral-7B-Instruct-v0.3,math_test_00355_ec1c2c36,math,MATH 1,math,355,1.0,7,minimal_json,default,0,1,1,1,1,1,11,1.0,0,cuda
mistral_7b_instruct_v0p3__math_test_00356_f8a2ffc1__temp1.00__seed7,mistral_7b_instruct_v0p3,mistralai/Mistral-7B-Instruct-v0.3,math_test_00356_f8a2ffc1,math,MATH 4,math,356,1.0,7,minimal_json,default,0,0,0,1,14,12,13,0.0,0,cuda
mistral_7b_instruct_v0p3__math_test_00357_8a63afe5__temp1.00__seed7,mistral_7b_instruct_v0p3,mistralai/Mistral-7B-Instruct-v0.3,math_test_00357_8a63afe5,math,MATH 4,math,357,1.0,7,minimal_json,default,0,0,0,1,14,1,6,0.0,0,cuda
mistral_7b_instruct_v0p3__math_test_00358_76dfcccb__temp1.00__seed7,mistral_7b_instruct_v0p3,mistralai/Mistral-7B-Instruct-v0.3,math_test_00358_76dfcccb,math,MATH 4,math,358,1.0,7,minimal_json,default,0,0,0,1,14,14,11,0.0,0,cuda
mistral_7b_instruct_v0p3__math_test_00359_f093fce4__temp1.00__seed7,mistral_7b_instruct_v0p3,mistralai/Mistral-7B-Instruct-v0.3,math_test_00359_f093fce4,math,MATH 2,math,359,1.0,7,minimal_json,default,0,0,0,1,14,1,7,0.0,0,cuda
mistral_7b_instruct_v0p3__math_test_00360_e7cc4a6f__temp1.00__seed7,mistral_7b_instruct_v0p3,mistralai/Mistral-7B-Instruct-v0.3,math_test_00360_e7cc4a6f,math,MATH 4,math,360,1.0,7,minimal_json,default,0,0,0,1,14,3,2,0.0,0,cuda
mistral_7b_instruct_v0p3__math_test_00361_e7fdc3ec__temp1.00__seed7,mistral_7b_instruct_v0p3,mistralai/Mistral-7B-Instruct-v0.3,math_test_00361_e7fdc3ec,math,MATH 2,math,361,1.0,7,minimal_json,default,0,1,1,1,1,1,2,1.0,1,cuda
mistral_7b_instruct_v0p3__math_test_00362_a3ec21a8__temp1.00__seed7,mistral_7b_instruct_v0p3,mistralai/Mistral-7B-Instruct-v0.3,math_test_00362_a3ec21a8,math,MATH 5,math,362,1.0,7,minimal_json,default,0,0,0,1,14,14,12,0.0,0,cuda
mistral_7b_instruct_v0p3__math_test_00363_76d22eff__temp1.00__seed7,mistral_7b_instruct_v0p3,mistralai/Mistral-7B-Instruct-v0.3,math_test_00363_76d22eff,math,MATH 2,math,363,1.0,7,minimal_json,default,0,0,0,1,14,7,10,0.0,0,cuda
mistral_7b_instruct_v0p3__math_test_00364_48ea1907__temp1.00__seed7,mistral_7b_instruct_v0p3,mistralai/Mistral-7B-Instruct-v0.3,math_test_00364_48ea1907,math,MATH 2,math,364,1.0,7,minimal_json,default,0,0,0,1,14,1,8,0.0,0,cuda
mistral_7b_instruct_v0p3__math_test_00365_ee443bc9__temp1.00__seed7,mistral_7b_instruct_v0p3,mistralai/Mistral-7B-Instruct-v0.3,math_test_00365_ee443bc9,math,MATH 5,math,365,1.0,7,minimal_json,default,0,0,0,1,14,14,13,0.0,0,cuda
mistral_7b_instruct_v0p3__math_test_00366_e4373bdd__temp1.00__seed7,mistral_7b_instruct_v0p3,mistralai/Mistral-7B-Instruct-v0.3,math_test_00366_e4373bdd,math,MATH 4,math,366,1.0,7,minimal_json,default,0,0,0,1,14,8,12,0.0,0,cuda
mistral_7b_instruct_v0p3__math_test_00367_f645536a__temp1.00__seed7,mistral_7b_instruct_v0p3,mistralai/Mistral-7B-Instruct-v0.3,math_test_00367_f645536a,math,MATH 4,math,367,1.0,7,minimal_json,default,0,0,0,1,14,1,7,0.0,0,cuda
mistral_7b_instruct_v0p3__math_test_00368_3ac511d2__temp1.00__seed7,mistral_7b_instruct_v0p3,mistralai/Mistral-7B-Instruct-v0.3,math_test_00368_3ac511d2,math,MATH 2,math,368,1.0,7,minimal_json,default,0,0,0,1,14,1,12,0.0,0,cuda
mistral_7b_instruct_v0p3__math_test_00369_598cca5b__temp1.00__seed7,mistral_7b_instruct_v0p3,mistralai/Mistral-7B-Instruct-v0.3,math_test_00369_598cca5b,math,MATH 5,math,369,1.0,7,minimal_json,default,0,0,0,1,14,14,12,0.0,0,cuda
mistral_7b_instruct_v0p3__math_test_00370_ca991c57__temp1.00__seed7,mistral_7b_instruct_v0p3,mistralai/Mistral-7B-Instruct-v0.3,math_test_00370_ca991c57,math,MATH 4,math,370,1.0,7,minimal_json,default,0,0,0,1,14,1,7,0.0,0,cuda
mistral_7b_instruct_v0p3__math_test_00371_2bd6f928__temp1.00__seed7,mistral_7b_instruct_v0p3,mistralai/Mistral-7B-Instruct-v0.3,math_test_00371_2bd6f928,math,MATH 4,math,371,1.0,7,minimal_json,default,0,0,0,1,14,10,8,0.0,0,cuda
mistral_7b_instruct_v0p3__math_test_00372_b7f23143__temp1.00__seed7,mistral_7b_instruct_v0p3,mistralai/Mistral-7B-Instruct-v0.3,math_test_00372_b7f23143,math,MATH 2,math,372,1.0,7,minimal_json,default,0,0,0,1,14,7,5,0.0,0,cuda
mistral_7b_instruct_v0p3__math_test_00373_00badbcf__temp1.00__seed7,mistral_7b_instruct_v0p3,mistralai/Mistral-7B-Instruct-v0.3,math_test_00373_00badbcf,math,MATH 5,math,373,1.0,7,minimal_json,default,0,0,0,1,14,1,6,0.0,0,cuda
mistral_7b_instruct_v0p3__math_test_00374_6b1b63ff__temp1.00__seed7,mistral_7b_instruct_v0p3,mistralai/Mistral-7B-Instruct-v0.3,math_test_00374_6b1b63ff,math,MATH 2,math,374,1.0,7,minimal_json,default,0,0,0,1,14,5,4,0.0,0,cuda
mistral_7b_instruct_v0p3__math_test_00375_150bb464__temp1.00__seed7,mistral_7b_instruct_v0p3,mistralai/Mistral-7B-Instruct-v0.3,math_test_00375_150bb464,math,MATH 3,math,375,1.0,7,minimal_json,default,0,0,0,1,14,2,8,0.0,0,cuda
mistral_7b_instruct_v0p3__math_test_00376_61c1faed__temp1.00__seed7,mistral_7b_instruct_v0p3,mistralai/Mistral-7B-Instruct-v0.3,math_test_00376_61c1faed,math,MATH 1,math,376,1.0,7,minimal_json,default,0,0,0,1,14,1,7,0.0,0,cuda
mistral_7b_instruct_v0p3__math_test_00377_5a155369__temp1.00__seed7,mistral_7b_instruct_v0p3,mistralai/Mistral-7B-Instruct-v0.3,math_test_00377_5a155369,math,MATH 4,math,377,1.0,7,minimal_json,default,0,0,0,1,14,5,12,0.0,0,cuda
mistral_7b_instruct_v0p3__math_test_00378_679ad820__temp1.00__seed7,mistral_7b_instruct_v0p3,mistralai/Mistral-7B-Instruct-v0.3,math_test_00378_679ad820,math,MATH 5,math,378,1.0,7,minimal_json,default,0,0,0,1,14,8,6,0.0,0,cuda
mistral_7b_instruct_v0p3__math_test_00379_47fb8717__temp1.00__seed7,mistral_7b_instruct_v0p3,mistralai/Mistral-7B-Instruct-v0.3,math_test_00379_47fb8717,math,MATH 3,math,379,1.0,7,minimal_json,default,0,0,0,1,14,3,8,0.0,0,cuda
mistral_7b_instruct_v0p3__math_test_00380_5f1641b4__temp1.00__seed7,mistral_7b_instruct_v0p3,mistralai/Mistral-7B-Instruct-v0.3,math_test_00380_5f1641b4,math,MATH 5,math,380,1.0,7,minimal_json,default,0,0,0,1,14,10,13,0.0,0,cuda
mistral_7b_instruct_v0p3__math_test_00381_8df788ff__temp1.00__seed7,mistral_7b_instruct_v0p3,mistralai/Mistral-7B-Instruct-v0.3,math_test_00381_8df788ff,math,MATH 4,math,381,1.0,7,minimal_json,default,0,0,0,1,14,13,13,0.0,0,cuda
mistral_7b_instruct_v0p3__math_test_00382_38d763f6__temp1.00__seed7,mistral_7b_instruct_v0p3,mistralai/Mistral-7B-Instruct-v0.3,math_test_00382_38d763f6,math,MATH 5,math,382,1.0,7,minimal_json,default,0,0,0,1,14,4,5,0.0,0,cuda
mistral_7b_instruct_v0p3__math_test_00383_08527b10__temp1.00__seed7,mistral_7b_instruct_v0p3,mistralai/Mistral-7B-Instruct-v0.3,math_test_00383_08527b10,math,MATH 3,math,383,1.0,7,minimal_json,default,0,0,0,1,14,3,2,0.0,0,cuda
mistral_7b_instruct_v0p3__math_test_00384_b0468733__temp1.00__seed7,mistral_7b_instruct_v0p3,mistralai/Mistral-7B-Instruct-v0.3,math_test_00384_b0468733,math,MATH 4,math,384,1.0,7,minimal_json,default,0,0,0,1,14,1,10,0.0,0,cuda
mistral_7b_instruct_v0p3__math_test_00385_30dafe73__temp1.00__seed7,mistral_7b_instruct_v0p3,mistralai/Mistral-7B-Instruct-v0.3,math_test_00385_30dafe73,math,MATH 4,math,385,1.0,7,minimal_json,default,0,0,0,1,14,1,2,0.0,0,cuda
mistral_7b_instruct_v0p3__math_test_00386_07310b54__temp1.00__seed7,mistral_7b_instruct_v0p3,mistralai/Mistral-7B-Instruct-v0.3,math_test_00386_07310b54,math,MATH 4,math,386,1.0,7,minimal_json,default,0,0,0,1,14,8,4,0.0,0,cuda
mistral_7b_instruct_v0p3__math_test_00387_17210adf__temp1.00__seed7,mistral_7b_instruct_v0p3,mistralai/Mistral-7B-Instruct-v0.3,math_test_00387_17210adf,math,MATH 4,math,387,1.0,7,minimal_json,default,0,0,0,1,14,14,10,0.0,0,cuda
mistral_7b_instruct_v0p3__math_test_00388_11e6a957__temp1.00__seed7,mistral_7b_instruct_v0p3,mistralai/Mistral-7B-Instruct-v0.3,math_test_00388_11e6a957,math,MATH 2,math,388,1.0,7,minimal_json,default,0,0,0,1,14,1,9,0.0,0,cuda
mistral_7b_instruct_v0p3__math_test_00389_a5faa9e5__temp1.00__seed7,mistral_7b_instruct_v0p3,mistralai/Mistral-7B-Instruct-v0.3,math_test_00389_a5faa9e5,math,MATH 3,math,389,1.0,7,minimal_json,default,0,0,0,1,14,2,9,0.0,0,cuda
mistral_7b_instruct_v0p3__math_test_00390_ea31a6ca__temp1.00__seed7,mistral_7b_instruct_v0p3,mistralai/Mistral-7B-Instruct-v0.3,math_test_00390_ea31a6ca,math,MATH 2,math,390,1.0,7,minimal_json,default,0,0,0,1,14,8,10,0.0,0,cuda
mistral_7b_instruct_v0p3__math_test_00391_da45406a__temp1.00__seed7,mistral_7b_instruct_v0p3,mistralai/Mistral-7B-Instruct-v0.3,math_test_00391_da45406a,math,MATH 3,math,391,1.0,7,minimal_json,default,0,0,0,1,14,1,2,0.0,0,cuda
mistral_7b_instruct_v0p3__math_test_00392_5ec89a77__temp1.00__seed7,mistral_7b_instruct_v0p3,mistralai/Mistral-7B-Instruct-v0.3,math_test_00392_5ec89a77,math,MATH 4,math,392,1.0,7,minimal_json,default,0,0,0,1,14,14,13,0.0,0,cuda
mistral_7b_instruct_v0p3__math_test_00393_b3a1a15f__temp1.00__seed7,mistral_7b_instruct_v0p3,mistralai/Mistral-7B-Instruct-v0.3,math_test_00393_b3a1a15f,math,MATH 5,math,393,1.0,7,minimal_json,default,0,0,0,1,14,14,12,0.0,0,cuda
mistral_7b_instruct_v0p3__math_test_00394_372e8efa__temp1.00__seed7,mistral_7b_instruct_v0p3,mistralai/Mistral-7B-Instruct-v0.3,math_test_00394_372e8efa,math,MATH 4,math,394,1.0,7,minimal_json,default,0,0,0,1,14,6,7,0.0,0,cuda
mistral_7b_instruct_v0p3__math_test_00395_71129ef0__temp1.00__seed7,mistral_7b_instruct_v0p3,mistralai/Mistral-7B-Instruct-v0.3,math_test_00395_71129ef0,math,MATH 4,math,395,1.0,7,minimal_json,default,0,0,0,1,14,7,8,0.0,0,cuda
mistral_7b_instruct_v0p3__math_test_00396_ba3bcd56__temp1.00__seed7,mistral_7b_instruct_v0p3,mistralai/Mistral-7B-Instruct-v0.3,math_test_00396_ba3bcd56,math,MATH 5,math,396,1.0,7,minimal_json,default,0,0,0,1,14,5,4,0.0,0,cuda
mistral_7b_instruct_v0p3__math_test_00397_92c7504a__temp1.00__seed7,mistral_7b_instruct_v0p3,mistralai/Mistral-7B-Instruct-v0.3,math_test_00397_92c7504a,math,MATH 5,math,397,1.0,7,minimal_json,default,0,0,0,1,14,1,11,0.0,0,cuda
mistral_7b_instruct_v0p3__math_test_00398_23079a25__temp1.00__seed7,mistral_7b_instruct_v0p3,mistralai/Mistral-7B-Instruct-v0.3,math_test_00398_23079a25,math,MATH 3,math,398,1.0,7,minimal_json,default,0,1,0,2,2,14,12,0.95,0,cuda
mistral_7b_instruct_v0p3__math_test_00399_efffa141__temp1.00__seed7,mistral_7b_instruct_v0p3,mistralai/Mistral-7B-Instruct-v0.3,math_test_00399_efffa141,math,MATH 1,math,399,1.0,7,minimal_json,default,0,0,0,1,14,4,3,0.0,0,cuda
mistral_7b_instruct_v0p3__math_test_00400_8f10146b__temp1.00__seed7,mistral_7b_instruct_v0p3,mistralai/Mistral-7B-Instruct-v0.3,math_test_00400_8f10146b,math,MATH 3,math,400,1.0,7,minimal_json,default,0,0,0,1,14,14,4,0.0,0,cuda
mistral_7b_instruct_v0p3__math_test_00401_62859aeb__temp1.00__seed7,mistral_7b_instruct_v0p3,mistralai/Mistral-7B-Instruct-v0.3,math_test_00401_62859aeb,math,MATH 4,math,401,1.0,7,minimal_json,default,0,0,0,1,14,10,13,0.0,0,cuda
mistral_7b_instruct_v0p3__math_test_00402_d12fb851__temp1.00__seed7,mistral_7b_instruct_v0p3,mistralai/Mistral-7B-Instruct-v0.3,math_test_00402_d12fb851,math,MATH 4,math,402,1.0,7,minimal_json,default,0,0,0,1,14,5,4,0.0,0,cuda
mistral_7b_instruct_v0p3__math_test_00403_11b3b101__temp1.00__seed7,mistral_7b_instruct_v0p3,mistralai/Mistral-7B-Instruct-v0.3,math_test_00403_11b3b101,math,MATH 4,math,403,1.0,7,minimal_json,default,0,0,0,1,14,1,3,0.0,0,cuda
mistral_7b_instruct_v0p3__math_test_00404_da55437b__temp1.00__seed7,mistral_7b_instruct_v0p3,mistralai/Mistral-7B-Instruct-v0.3,math_test_00404_da55437b,math,MATH 1,math,404,1.0,7,minimal_json,default,0,0,0,1,14,3,4,0.0,0,cuda
mistral_7b_instruct_v0p3__math_test_00405_668162f1__temp1.00__seed7,mistral_7b_instruct_v0p3,mistralai/Mistral-7B-Instruct-v0.3,math_test_00405_668162f1,math,MATH 3,math,405,1.0,7,minimal_json,default,0,1,1,1,1,1,2,1.0,1,cuda
mistral_7b_instruct_v0p3__math_test_00406_895adc35__temp1.00__seed7,mistral_7b_instruct_v0p3,mistralai/Mistral-7B-Instruct-v0.3,math_test_00406_895adc35,math,MATH 3,math,406,1.0,7,minimal_json,default,0,0,0,1,14,1,11,0.0,0,cuda
mistral_7b_instruct_v0p3__math_test_00407_21645a77__temp1.00__seed7,mistral_7b_instruct_v0p3,mistralai/Mistral-7B-Instruct-v0.3,math_test_00407_21645a77,math,MATH 3,math,407,1.0,7,minimal_json,default,0,1,1,1,1,1,11,1.0,0,cuda
mistral_7b_instruct_v0p3__math_test_00408_72a21fce__temp1.00__seed7,mistral_7b_instruct_v0p3,mistralai/Mistral-7B-Instruct-v0.3,math_test_00408_72a21fce,math,MATH 4,math,408,1.0,7,minimal_json,default,0,0,0,1,14,1,2,0.0,0,cuda
mistral_7b_instruct_v0p3__math_test_00409_2cbb5151__temp1.00__seed7,mistral_7b_instruct_v0p3,mistralai/Mistral-7B-Instruct-v0.3,math_test_00409_2cbb5151,math,MATH 4,math,409,1.0,7,minimal_json,default,0,0,0,1,14,3,9,0.0,0,cuda
mistral_7b_instruct_v0p3__math_test_00410_6885282d__temp1.00__seed7,mistral_7b_instruct_v0p3,mistralai/Mistral-7B-Instruct-v0.3,math_test_00410_6885282d,math,MATH 3,math,410,1.0,7,minimal_json,default,0,0,0,1,14,5,5,0.0,0,cuda
mistral_7b_instruct_v0p3__math_test_00411_6f5d00d6__temp1.00__seed7,mistral_7b_instruct_v0p3,mistralai/Mistral-7B-Instruct-v0.3,math_test_00411_6f5d00d6,math,MATH 5,math,411,1.0,7,minimal_json,default,0,0,0,1,14,7,8,0.0,0,cuda
mistral_7b_instruct_v0p3__math_test_00412_403b3454__temp1.00__seed7,mistral_7b_instruct_v0p3,mistralai/Mistral-7B-Instruct-v0.3,math_test_00412_403b3454,math,MATH 5,math,412,1.0,7,minimal_json,default,0,0,0,1,14,4,12,0.0,0,cuda
mistral_7b_instruct_v0p3__math_test_00413_a79cadf3__temp1.00__seed7,mistral_7b_instruct_v0p3,mistralai/Mistral-7B-Instruct-v0.3,math_test_00413_a79cadf3,math,MATH 3,math,413,1.0,7,minimal_json,default,0,0,0,1,14,1,7,0.0,0,cuda
mistral_7b_instruct_v0p3__math_test_00414_f8b3d5f2__temp1.00__seed7,mistral_7b_instruct_v0p3,mistralai/Mistral-7B-Instruct-v0.3,math_test_00414_f8b3d5f2,math,MATH 5,math,414,1.0,7,minimal_json,default,0,0,0,1,14,14,8,0.0,0,cuda
mistral_7b_instruct_v0p3__math_test_00415_df5709ae__temp1.00__seed7,mistral_7b_instruct_v0p3,mistralai/Mistral-7B-Instruct-v0.3,math_test_00415_df5709ae,math,MATH 4,math,415,1.0,7,minimal_json,default,0,0,0,1,14,6,11,0.0,0,cuda
mistral_7b_instruct_v0p3__math_test_00416_29223b4f__temp1.00__seed7,mistral_7b_instruct_v0p3,mistralai/Mistral-7B-Instruct-v0.3,math_test_00416_29223b4f,math,MATH 4,math,416,1.0,7,minimal_json,default,0,0,0,1,14,2,12,0.0,0,cuda
mistral_7b_instruct_v0p3__math_test_00417_f378f07d__temp1.00__seed7,mistral_7b_instruct_v0p3,mistralai/Mistral-7B-Instruct-v0.3,math_test_00417_f378f07d,math,MATH 1,math,417,1.0,7,minimal_json,default,0,1,0,6,6,3,6,0.75,0,cuda
mistral_7b_instruct_v0p3__math_test_00418_452dc872__temp1.00__seed7,mistral_7b_instruct_v0p3,mistralai/Mistral-7B-Instruct-v0.3,math_test_00418_452dc872,math,MATH 5,math,418,1.0,7,minimal_json,default,0,1,1,1,1,1,4,1.0,0,cuda
mistral_7b_instruct_v0p3__math_test_00419_dadaee3f__temp1.00__seed7,mistral_7b_instruct_v0p3,mistralai/Mistral-7B-Instruct-v0.3,math_test_00419_dadaee3f,math,MATH 2,math,419,1.0,7,minimal_json,default,0,0,0,1,14,6,9,0.0,0,cuda
mistral_7b_instruct_v0p3__math_test_00420_ecd5f88d__temp1.00__seed7,mistral_7b_instruct_v0p3,mistralai/Mistral-7B-Instruct-v0.3,math_test_00420_ecd5f88d,math,MATH 3,math,420,1.0,7,minimal_json,default,0,0,0,1,14,1,5,0.0,0,cuda
mistral_7b_instruct_v0p3__math_test_00421_c2187615__temp1.00__seed7,mistral_7b_instruct_v0p3,mistralai/Mistral-7B-Instruct-v0.3,math_test_00421_c2187615,math,MATH 3,math,421,1.0,7,minimal_json,default,0,1,0,2,2,1,6,0.95,0,cuda
mistral_7b_instruct_v0p3__math_test_00422_fec8190b__temp1.00__seed7,mistral_7b_instruct_v0p3,mistralai/Mistral-7B-Instruct-v0.3,math_test_00422_fec8190b,math,MATH 5,math,422,1.0,7,minimal_json,default,0,0,0,1,14,4,11,0.0,0,cuda
mistral_7b_instruct_v0p3__math_test_00423_19a18675__temp1.00__seed7,mistral_7b_instruct_v0p3,mistralai/Mistral-7B-Instruct-v0.3,math_test_00423_19a18675,math,MATH 4,math,423,1.0,7,minimal_json,default,0,0,0,1,14,1,13,0.0,0,cuda
mistral_7b_instruct_v0p3__math_test_00424_4db9759a__temp1.00__seed7,mistral_7b_instruct_v0p3,mistralai/Mistral-7B-Instruct-v0.3,math_test_00424_4db9759a,math,MATH 4,math,424,1.0,7,minimal_json,default,0,0,0,1,14,8,10,0.0,0,cuda
mistral_7b_instruct_v0p3__math_test_00425_88cd35aa__temp1.00__seed7,mistral_7b_instruct_v0p3,mistralai/Mistral-7B-Instruct-v0.3,math_test_00425_88cd35aa,math,MATH 4,math,425,1.0,7,minimal_json,default,0,0,0,1,14,4,5,0.0,0,cuda
mistral_7b_instruct_v0p3__math_test_00426_206b8557__temp1.00__seed7,mistral_7b_instruct_v0p3,mistralai/Mistral-7B-Instruct-v0.3,math_test_00426_206b8557,math,MATH 2,math,426,1.0,7,minimal_json,default,0,0,0,1,14,2,5,0.0,0,cuda
mistral_7b_instruct_v0p3__math_test_00427_f158b2bb__temp1.00__seed7,mistral_7b_instruct_v0p3,mistralai/Mistral-7B-Instruct-v0.3,math_test_00427_f158b2bb,math,MATH 4,math,427,1.0,7,minimal_json,default,0,0,0,1,14,9,11,0.0,0,cuda
mistral_7b_instruct_v0p3__math_test_00428_ecc1932f__temp1.00__seed7,mistral_7b_instruct_v0p3,mistralai/Mistral-7B-Instruct-v0.3,math_test_00428_ecc1932f,math,MATH 5,math,428,1.0,7,minimal_json,default,0,0,0,1,14,14,13,0.0,0,cuda
mistral_7b_instruct_v0p3__math_test_00429_0ed0c936__temp1.00__seed7,mistral_7b_instruct_v0p3,mistralai/Mistral-7B-Instruct-v0.3,math_test_00429_0ed0c936,math,MATH 2,math,429,1.0,7,minimal_json,default,0,0,0,1,14,1,5,0.0,0,cuda
mistral_7b_instruct_v0p3__math_test_00430_28f71d47__temp1.00__seed7,mistral_7b_instruct_v0p3,mistralai/Mistral-7B-Instruct-v0.3,math_test_00430_28f71d47,math,MATH 4,math,430,1.0,7,minimal_json,default,0,0,0,1,14,6,6,0.0,0,cuda
mistral_7b_instruct_v0p3__math_test_00431_a332c76b__temp1.00__seed7,mistral_7b_instruct_v0p3,mistralai/Mistral-7B-Instruct-v0.3,math_test_00431_a332c76b,math,MATH 5,math,431,1.0,7,minimal_json,default,0,0,0,1,14,14,13,0.0,0,cuda
mistral_7b_instruct_v0p3__math_test_00432_f6edb398__temp1.00__seed7,mistral_7b_instruct_v0p3,mistralai/Mistral-7B-Instruct-v0.3,math_test_00432_f6edb398,math,MATH 3,math,432,1.0,7,minimal_json,default,0,1,1,1,1,1,0,1.0,1,cuda
mistral_7b_instruct_v0p3__math_test_00433_25f606a1__temp1.00__seed7,mistral_7b_instruct_v0p3,mistralai/Mistral-7B-Instruct-v0.3,math_test_00433_25f606a1,math,MATH 2,math,433,1.0,7,minimal_json,default,0,0,0,1,14,1,13,0.0,0,cuda
mistral_7b_instruct_v0p3__math_test_00434_ad11ec3c__temp1.00__seed7,mistral_7b_instruct_v0p3,mistralai/Mistral-7B-Instruct-v0.3,math_test_00434_ad11ec3c,math,MATH 4,math,434,1.0,7,minimal_json,default,0,0,0,1,14,2,10,0.0,0,cuda
mistral_7b_instruct_v0p3__math_test_00435_c222bfff__temp1.00__seed7,mistral_7b_instruct_v0p3,mistralai/Mistral-7B-Instruct-v0.3,math_test_00435_c222bfff,math,MATH 1,math,435,1.0,7,minimal_json,default,0,1,1,1,1,1,4,1.0,1,cuda
mistral_7b_instruct_v0p3__math_test_00436_c183974b__temp1.00__seed7,mistral_7b_instruct_v0p3,mistralai/Mistral-7B-Instruct-v0.3,math_test_00436_c183974b,math,MATH 3,math,436,1.0,7,minimal_json,default,0,0,0,1,14,9,9,0.0,0,cuda
mistral_7b_instruct_v0p3__math_test_00437_07c4cf7f__temp1.00__seed7,mistral_7b_instruct_v0p3,mistralai/Mistral-7B-Instruct-v0.3,math_test_00437_07c4cf7f,math,MATH 3,math,437,1.0,7,minimal_json,default,0,1,1,1,1,1,5,1.0,1,cuda
mistral_7b_instruct_v0p3__math_test_00438_ea332f2c__temp1.00__seed7,mistral_7b_instruct_v0p3,mistralai/Mistral-7B-Instruct-v0.3,math_test_00438_ea332f2c,math,MATH 5,math,438,1.0,7,minimal_json,default,0,0,0,1,14,1,11,0.0,0,cuda
mistral_7b_instruct_v0p3__math_test_00439_fe7d8b6b__temp1.00__seed7,mistral_7b_instruct_v0p3,mistralai/Mistral-7B-Instruct-v0.3,math_test_00439_fe7d8b6b,math,MATH 3,math,439,1.0,7,minimal_json,default,0,0,0,1,14,1,1,0.0,0,cuda
mistral_7b_instruct_v0p3__math_test_00440_941bd991__temp1.00__seed7,mistral_7b_instruct_v0p3,mistralai/Mistral-7B-Instruct-v0.3,math_test_00440_941bd991,math,MATH 3,math,440,1.0,7,minimal_json,default,0,0,0,1,14,1,2,0.0,0,cuda
mistral_7b_instruct_v0p3__math_test_00441_d2f5328b__temp1.00__seed7,mistral_7b_instruct_v0p3,mistralai/Mistral-7B-Instruct-v0.3,math_test_00441_d2f5328b,math,MATH 3,math,441,1.0,7,minimal_json,default,0,0,0,1,14,14,11,0.0,0,cuda
mistral_7b_instruct_v0p3__math_test_00442_2d9f4473__temp1.00__seed7,mistral_7b_instruct_v0p3,mistralai/Mistral-7B-Instruct-v0.3,math_test_00442_2d9f4473,math,MATH 3,math,442,1.0,7,minimal_json,default,0,0,0,1,14,3,5,0.0,0,cuda
mistral_7b_instruct_v0p3__math_test_00443_e86eb3e6__temp1.00__seed7,mistral_7b_instruct_v0p3,mistralai/Mistral-7B-Instruct-v0.3,math_test_00443_e86eb3e6,math,MATH 3,math,443,1.0,7,minimal_json,default,0,0,0,1,14,2,9,0.0,0,cuda
mistral_7b_instruct_v0p3__math_test_00444_8230401f__temp1.00__seed7,mistral_7b_instruct_v0p3,mistralai/Mistral-7B-Instruct-v0.3,math_test_00444_8230401f,math,MATH 2,math,444,1.0,7,minimal_json,default,0,0,0,1,14,1,10,0.0,0,cuda
mistral_7b_instruct_v0p3__math_test_00445_295567c6__temp1.00__seed7,mistral_7b_instruct_v0p3,mistralai/Mistral-7B-Instruct-v0.3,math_test_00445_295567c6,math,MATH 4,math,445,1.0,7,minimal_json,default,0,0,0,1,14,10,13,0.0,0,cuda
mistral_7b_instruct_v0p3__math_test_00446_54f3a4b2__temp1.00__seed7,mistral_7b_instruct_v0p3,mistralai/Mistral-7B-Instruct-v0.3,math_test_00446_54f3a4b2,math,MATH 5,math,446,1.0,7,minimal_json,default,0,0,0,1,14,13,11,0.0,0,cuda
mistral_7b_instruct_v0p3__math_test_00447_716decc2__temp1.00__seed7,mistral_7b_instruct_v0p3,mistralai/Mistral-7B-Instruct-v0.3,math_test_00447_716decc2,math,MATH 1,math,447,1.0,7,minimal_json,default,0,1,1,1,1,5,4,1.0,0,cuda
mistral_7b_instruct_v0p3__math_test_00448_7dbbd02d__temp1.00__seed7,mistral_7b_instruct_v0p3,mistralai/Mistral-7B-Instruct-v0.3,math_test_00448_7dbbd02d,math,MATH 3,math,448,1.0,7,minimal_json,default,0,1,1,1,1,4,2,1.0,1,cuda
mistral_7b_instruct_v0p3__math_test_00449_2f12a8b9__temp1.00__seed7,mistral_7b_instruct_v0p3,mistralai/Mistral-7B-Instruct-v0.3,math_test_00449_2f12a8b9,math,MATH 5,math,449,1.0,7,minimal_json,default,0,0,0,1,14,5,10,0.0,0,cuda
mistral_7b_instruct_v0p3__math_test_00450_2fb65375__temp1.00__seed7,mistral_7b_instruct_v0p3,mistralai/Mistral-7B-Instruct-v0.3,math_test_00450_2fb65375,math,MATH 2,math,450,1.0,7,minimal_json,default,0,0,0,1,14,5,7,0.0,0,cuda
mistral_7b_instruct_v0p3__math_test_00451_daefed59__temp1.00__seed7,mistral_7b_instruct_v0p3,mistralai/Mistral-7B-Instruct-v0.3,math_test_00451_daefed59,math,MATH 1,math,451,1.0,7,minimal_json,default,0,0,0,1,14,3,6,0.0,0,cuda
mistral_7b_instruct_v0p3__math_test_00452_0a6f0014__temp1.00__seed7,mistral_7b_instruct_v0p3,mistralai/Mistral-7B-Instruct-v0.3,math_test_00452_0a6f0014,math,MATH 5,math,452,1.0,7,minimal_json,default,0,1,1,1,1,4,9,1.0,1,cuda
mistral_7b_instruct_v0p3__math_test_00453_e4690c39__temp1.00__seed7,mistral_7b_instruct_v0p3,mistralai/Mistral-7B-Instruct-v0.3,math_test_00453_e4690c39,math,MATH 4,math,453,1.0,7,minimal_json,default,0,0,0,1,14,3,6,0.0,0,cuda
mistral_7b_instruct_v0p3__math_test_00454_393f3656__temp1.00__seed7,mistral_7b_instruct_v0p3,mistralai/Mistral-7B-Instruct-v0.3,math_test_00454_393f3656,math,MATH 2,math,454,1.0,7,minimal_json,default,0,1,1,1,1,1,2,1.0,1,cuda
mistral_7b_instruct_v0p3__math_test_00455_23844847__temp1.00__seed7,mistral_7b_instruct_v0p3,mistralai/Mistral-7B-Instruct-v0.3,math_test_00455_23844847,math,MATH 5,math,455,1.0,7,minimal_json,default,0,0,0,1,14,1,9,0.0,0,cuda
mistral_7b_instruct_v0p3__math_test_00456_e4200fbf__temp1.00__seed7,mistral_7b_instruct_v0p3,mistralai/Mistral-7B-Instruct-v0.3,math_test_00456_e4200fbf,math,MATH 2,math,456,1.0,7,minimal_json,default,0,0,0,1,14,8,9,0.0,0,cuda
mistral_7b_instruct_v0p3__math_test_00457_5330f4b3__temp1.00__seed7,mistral_7b_instruct_v0p3,mistralai/Mistral-7B-Instruct-v0.3,math_test_00457_5330f4b3,math,MATH 1,math,457,1.0,7,minimal_json,default,0,1,1,1,1,9,9,1.0,0,cuda
mistral_7b_instruct_v0p3__math_test_00458_4085c1eb__temp1.00__seed7,mistral_7b_instruct_v0p3,mistralai/Mistral-7B-Instruct-v0.3,math_test_00458_4085c1eb,math,MATH 5,math,458,1.0,7,minimal_json,default,0,0,0,1,14,1,2,0.0,0,cuda
mistral_7b_instruct_v0p3__math_test_00459_3b21e715__temp1.00__seed7,mistral_7b_instruct_v0p3,mistralai/Mistral-7B-Instruct-v0.3,math_test_00459_3b21e715,math,MATH 4,math,459,1.0,7,minimal_json,default,0,0,0,1,14,9,7,0.0,0,cuda
mistral_7b_instruct_v0p3__math_test_00460_7d063370__temp1.00__seed7,mistral_7b_instruct_v0p3,mistralai/Mistral-7B-Instruct-v0.3,math_test_00460_7d063370,math,MATH 4,math,460,1.0,7,minimal_json,default,0,0,0,1,14,14,7,0.0,0,cuda
mistral_7b_instruct_v0p3__math_test_00461_5e43f1cd__temp1.00__seed7,mistral_7b_instruct_v0p3,mistralai/Mistral-7B-Instruct-v0.3,math_test_00461_5e43f1cd,math,MATH 3,math,461,1.0,7,minimal_json,default,0,0,0,1,14,5,7,0.0,0,cuda
mistral_7b_instruct_v0p3__math_test_00462_dd3cfaa0__temp1.00__seed7,mistral_7b_instruct_v0p3,mistralai/Mistral-7B-Instruct-v0.3,math_test_00462_dd3cfaa0,math,MATH 4,math,462,1.0,7,minimal_json,default,0,0,0,1,14,6,9,0.0,0,cuda
mistral_7b_instruct_v0p3__math_test_00463_bc52d545__temp1.00__seed7,mistral_7b_instruct_v0p3,mistralai/Mistral-7B-Instruct-v0.3,math_test_00463_bc52d545,math,MATH 4,math,463,1.0,7,minimal_json,default,0,0,0,1,14,1,10,0.0,0,cuda
mistral_7b_instruct_v0p3__math_test_00464_979fe366__temp1.00__seed7,mistral_7b_instruct_v0p3,mistralai/Mistral-7B-Instruct-v0.3,math_test_00464_979fe366,math,MATH 5,math,464,1.0,7,minimal_json,default,0,0,0,1,14,14,13,0.0,0,cuda
mistral_7b_instruct_v0p3__math_test_00465_240ca4d8__temp1.00__seed7,mistral_7b_instruct_v0p3,mistralai/Mistral-7B-Instruct-v0.3,math_test_00465_240ca4d8,math,MATH 2,math,465,1.0,7,minimal_json,default,0,0,0,1,14,13,11,0.0,0,cuda
mistral_7b_instruct_v0p3__math_test_00466_b3ac660a__temp1.00__seed7,mistral_7b_instruct_v0p3,mistralai/Mistral-7B-Instruct-v0.3,math_test_00466_b3ac660a,math,MATH 4,math,466,1.0,7,minimal_json,default,0,0,0,1,14,1,2,0.0,0,cuda
mistral_7b_instruct_v0p3__math_test_00467_eaadd0bc__temp1.00__seed7,mistral_7b_instruct_v0p3,mistralai/Mistral-7B-Instruct-v0.3,math_test_00467_eaadd0bc,math,MATH 3,math,467,1.0,7,minimal_json,default,0,0,0,1,14,1,4,0.0,0,cuda
mistral_7b_instruct_v0p3__math_test_00468_67c8ff7f__temp1.00__seed7,mistral_7b_instruct_v0p3,mistralai/Mistral-7B-Instruct-v0.3,math_test_00468_67c8ff7f,math,MATH 3,math,468,1.0,7,minimal_json,default,0,0,0,1,14,14,11,0.0,0,cuda
mistral_7b_instruct_v0p3__math_test_00469_bfdb0295__temp1.00__seed7,mistral_7b_instruct_v0p3,mistralai/Mistral-7B-Instruct-v0.3,math_test_00469_bfdb0295,math,MATH 5,math,469,1.0,7,minimal_json,default,0,0,0,1,14,1,9,0.0,0,cuda
mistral_7b_instruct_v0p3__math_test_00470_5db3c51e__temp1.00__seed7,mistral_7b_instruct_v0p3,mistralai/Mistral-7B-Instruct-v0.3,math_test_00470_5db3c51e,math,MATH 4,math,470,1.0,7,minimal_json,default,0,0,0,1,14,11,10,0.0,0,cuda
mistral_7b_instruct_v0p3__math_test_00471_3d41e63d__temp1.00__seed7,mistral_7b_instruct_v0p3,mistralai/Mistral-7B-Instruct-v0.3,math_test_00471_3d41e63d,math,MATH 5,math,471,1.0,7,minimal_json,default,0,0,0,1,14,6,12,0.0,0,cuda
mistral_7b_instruct_v0p3__math_test_00472_4acb3f94__temp1.00__seed7,mistral_7b_instruct_v0p3,mistralai/Mistral-7B-Instruct-v0.3,math_test_00472_4acb3f94,math,MATH 4,math,472,1.0,7,minimal_json,default,0,0,0,1,14,14,12,0.0,0,cuda
mistral_7b_instruct_v0p3__math_test_00473_e294330c__temp1.00__seed7,mistral_7b_instruct_v0p3,mistralai/Mistral-7B-Instruct-v0.3,math_test_00473_e294330c,math,MATH 5,math,473,1.0,7,minimal_json,default,0,0,0,1,14,3,2,0.0,0,cuda
mistral_7b_instruct_v0p3__math_test_00474_e8b47eda__temp1.00__seed7,mistral_7b_instruct_v0p3,mistralai/Mistral-7B-Instruct-v0.3,math_test_00474_e8b47eda,math,MATH 5,math,474,1.0,7,minimal_json,default,0,0,0,1,14,4,10,0.0,0,cuda
mistral_7b_instruct_v0p3__math_test_00475_f189eb4d__temp1.00__seed7,mistral_7b_instruct_v0p3,mistralai/Mistral-7B-Instruct-v0.3,math_test_00475_f189eb4d,math,MATH 2,math,475,1.0,7,minimal_json,default,0,0,0,1,14,8,5,0.0,0,cuda
mistral_7b_instruct_v0p3__math_test_00476_1c3d9d93__temp1.00__seed7,mistral_7b_instruct_v0p3,mistralai/Mistral-7B-Instruct-v0.3,math_test_00476_1c3d9d93,math,MATH 2,math,476,1.0,7,minimal_json,default,0,0,0,1,14,6,6,0.0,0,cuda
mistral_7b_instruct_v0p3__math_test_00477_9c19e671__temp1.00__seed7,mistral_7b_instruct_v0p3,mistralai/Mistral-7B-Instruct-v0.3,math_test_00477_9c19e671,math,MATH 3,math,477,1.0,7,minimal_json,default,0,1,1,1,1,6,6,1.0,0,cuda
mistral_7b_instruct_v0p3__math_test_00478_bde3ec32__temp1.00__seed7,mistral_7b_instruct_v0p3,mistralai/Mistral-7B-Instruct-v0.3,math_test_00478_bde3ec32,math,MATH 4,math,478,1.0,7,minimal_json,default,0,0,0,1,14,14,13,0.0,0,cuda
mistral_7b_instruct_v0p3__math_test_00479_aea5556d__temp1.00__seed7,mistral_7b_instruct_v0p3,mistralai/Mistral-7B-Instruct-v0.3,math_test_00479_aea5556d,math,MATH 5,math,479,1.0,7,minimal_json,default,0,0,0,1,14,4,4,0.0,0,cuda
mistral_7b_instruct_v0p3__math_test_00480_fb9447b2__temp1.00__seed7,mistral_7b_instruct_v0p3,mistralai/Mistral-7B-Instruct-v0.3,math_test_00480_fb9447b2,math,MATH 5,math,480,1.0,7,minimal_json,default,0,0,0,1,14,14,8,0.0,0,cuda
mistral_7b_instruct_v0p3__math_test_00481_47b01624__temp1.00__seed7,mistral_7b_instruct_v0p3,mistralai/Mistral-7B-Instruct-v0.3,math_test_00481_47b01624,math,MATH 5,math,481,1.0,7,minimal_json,default,0,0,0,1,14,8,13,0.0,0,cuda
mistral_7b_instruct_v0p3__math_test_00482_84ec0b89__temp1.00__seed7,mistral_7b_instruct_v0p3,mistralai/Mistral-7B-Instruct-v0.3,math_test_00482_84ec0b89,math,MATH 5,math,482,1.0,7,minimal_json,default,0,0,0,1,14,3,2,0.0,0,cuda
mistral_7b_instruct_v0p3__math_test_00483_053f5644__temp1.00__seed7,mistral_7b_instruct_v0p3,mistralai/Mistral-7B-Instruct-v0.3,math_test_00483_053f5644,math,MATH 2,math,483,1.0,7,minimal_json,default,0,1,1,1,1,3,7,1.0,1,cuda
mistral_7b_instruct_v0p3__math_test_00484_f2cd6be7__temp1.00__seed7,mistral_7b_instruct_v0p3,mistralai/Mistral-7B-Instruct-v0.3,math_test_00484_f2cd6be7,math,MATH 4,math,484,1.0,7,minimal_json,default,0,0,0,1,14,5,8,0.0,0,cuda
mistral_7b_instruct_v0p3__math_test_00485_25a9bc12__temp1.00__seed7,mistral_7b_instruct_v0p3,mistralai/Mistral-7B-Instruct-v0.3,math_test_00485_25a9bc12,math,MATH 4,math,485,1.0,7,minimal_json,default,0,0,0,1,14,13,11,0.0,0,cuda
mistral_7b_instruct_v0p3__math_test_00486_11e9a1ba__temp1.00__seed7,mistral_7b_instruct_v0p3,mistralai/Mistral-7B-Instruct-v0.3,math_test_00486_11e9a1ba,math,MATH 4,math,486,1.0,7,minimal_json,default,0,0,0,1,14,3,13,0.0,0,cuda
mistral_7b_instruct_v0p3__math_test_00487_f5dafb4d__temp1.00__seed7,mistral_7b_instruct_v0p3,mistralai/Mistral-7B-Instruct-v0.3,math_test_00487_f5dafb4d,math,MATH 2,math,487,1.0,7,minimal_json,default,0,0,0,1,14,3,11,0.0,0,cuda
mistral_7b_instruct_v0p3__math_test_00488_9e69b5fd__temp1.00__seed7,mistral_7b_instruct_v0p3,mistralai/Mistral-7B-Instruct-v0.3,math_test_00488_9e69b5fd,math,MATH 3,math,488,1.0,7,minimal_json,default,0,0,0,1,14,6,12,0.0,0,cuda
mistral_7b_instruct_v0p3__math_test_00489_873b5ba3__temp1.00__seed7,mistral_7b_instruct_v0p3,mistralai/Mistral-7B-Instruct-v0.3,math_test_00489_873b5ba3,math,MATH 4,math,489,1.0,7,minimal_json,default,0,0,0,1,14,1,6,0.0,0,cuda
mistral_7b_instruct_v0p3__math_test_00490_548caf2b__temp1.00__seed7,mistral_7b_instruct_v0p3,mistralai/Mistral-7B-Instruct-v0.3,math_test_00490_548caf2b,math,MATH 5,math,490,1.0,7,minimal_json,default,0,0,0,1,14,14,13,0.0,0,cuda
mistral_7b_instruct_v0p3__math_test_00491_323b91c4__temp1.00__seed7,mistral_7b_instruct_v0p3,mistralai/Mistral-7B-Instruct-v0.3,math_test_00491_323b91c4,math,MATH 5,math,491,1.0,7,minimal_json,default,0,0,0,1,14,1,9,0.0,0,cuda
mistral_7b_instruct_v0p3__math_test_00492_c9945122__temp1.00__seed7,mistral_7b_instruct_v0p3,mistralai/Mistral-7B-Instruct-v0.3,math_test_00492_c9945122,math,MATH 2,math,492,1.0,7,minimal_json,default,0,0,0,1,14,4,5,0.0,0,cuda
mistral_7b_instruct_v0p3__math_test_00493_3f0c6e0c__temp1.00__seed7,mistral_7b_instruct_v0p3,mistralai/Mistral-7B-Instruct-v0.3,math_test_00493_3f0c6e0c,math,MATH 4,math,493,1.0,7,minimal_json,default,0,0,0,1,14,5,8,0.0,0,cuda
mistral_7b_instruct_v0p3__math_test_00494_b8d8e1ef__temp1.00__seed7,mistral_7b_instruct_v0p3,mistralai/Mistral-7B-Instruct-v0.3,math_test_00494_b8d8e1ef,math,MATH 5,math,494,1.0,7,minimal_json,default,0,0,0,1,14,1,5,0.0,0,cuda
mistral_7b_instruct_v0p3__math_test_00495_63ae400e__temp1.00__seed7,mistral_7b_instruct_v0p3,mistralai/Mistral-7B-Instruct-v0.3,math_test_00495_63ae400e,math,MATH 5,math,495,1.0,7,minimal_json,default,0,0,0,1,14,4,4,0.0,0,cuda
mistral_7b_instruct_v0p3__math_test_00496_401665a3__temp1.00__seed7,mistral_7b_instruct_v0p3,mistralai/Mistral-7B-Instruct-v0.3,math_test_00496_401665a3,math,MATH 5,math,496,1.0,7,minimal_json,default,0,0,0,1,14,1,0,0.0,0,cuda
mistral_7b_instruct_v0p3__math_test_00497_8d507426__temp1.00__seed7,mistral_7b_instruct_v0p3,mistralai/Mistral-7B-Instruct-v0.3,math_test_00497_8d507426,math,MATH 4,math,497,1.0,7,minimal_json,default,0,0,0,1,14,1,6,0.0,0,cuda
mistral_7b_instruct_v0p3__math_test_00498_743e3572__temp1.00__seed7,mistral_7b_instruct_v0p3,mistralai/Mistral-7B-Instruct-v0.3,math_test_00498_743e3572,math,MATH 4,math,498,1.0,7,minimal_json,default,0,0,0,1,14,5,10,0.0,0,cuda
mistral_7b_instruct_v0p3__math_test_00499_c3a514a9__temp1.00__seed7,mistral_7b_instruct_v0p3,mistralai/Mistral-7B-Instruct-v0.3,math_test_00499_c3a514a9,math,MATH 2,math,499,1.0,7,minimal_json,default,0,0,0,1,14,1,1,0.0,0,cuda
