policy,trajectory,task_id,baseline_correct,active_correct,baseline_generated_tokens,active_generated_tokens,baseline_auxiliary_tokens,active_auxiliary_tokens,active_stop_step,selected_step,reason
fixed_2,global_qwen2p5_0p5b_gsm8k::qwen2p5_0p5b__gsm8k_train_00000_b5828bc4__temp0.60__seed7,gsm8k_train_00000_b5828bc4,False,False,146,50,184,84,2,2,fixed_budget
fixed_2,global_qwen2p5_0p5b_gsm8k::qwen2p5_0p5b__gsm8k_train_00001_3691caf7__temp0.60__seed7,gsm8k_train_00001_3691caf7,False,False,303,134,239,114,2,2,fixed_budget
fixed_2,global_qwen2p5_0p5b_gsm8k::qwen2p5_0p5b__gsm8k_train_00002_ae407466__temp0.60__seed7,gsm8k_train_00002_ae407466,False,False,214,95,297,166,2,2,fixed_budget
fixed_2,global_qwen2p5_0p5b_gsm8k::qwen2p5_0p5b__gsm8k_train_00003_135cf83f__temp0.60__seed7,gsm8k_train_00003_135cf83f,False,False,212,119,244,101,2,2,fixed_budget
fixed_2,global_qwen2p5_0p5b_gsm8k::qwen2p5_0p5b__gsm8k_train_00004_3ee48c01__temp0.60__seed7,gsm8k_train_00004_3ee48c01,False,False,227,141,295,194,2,2,fixed_budget
fixed_2,global_qwen2p5_0p5b_gsm8k::qwen2p5_0p5b__gsm8k_train_00005_d0817615__temp0.60__seed7,gsm8k_train_00005_d0817615,False,False,445,239,462,405,2,2,fixed_budget
fixed_2,global_qwen2p5_0p5b_gsm8k::qwen2p5_0p5b__gsm8k_train_00006_4cf43e2d__temp0.60__seed7,gsm8k_train_00006_4cf43e2d,False,False,273,129,182,100,2,2,fixed_budget
fixed_2,global_qwen2p5_0p5b_gsm8k::qwen2p5_0p5b__gsm8k_train_00007_40d1aba4__temp0.60__seed7,gsm8k_train_00007_40d1aba4,False,True,669,213,317,76,2,2,fixed_budget
fixed_2,global_qwen2p5_0p5b_gsm8k::qwen2p5_0p5b__gsm8k_train_00008_cd4fe6cf__temp0.60__seed7,gsm8k_train_00008_cd4fe6cf,False,False,206,103,191,113,2,2,fixed_budget
fixed_2,global_qwen2p5_0p5b_gsm8k::qwen2p5_0p5b__gsm8k_train_00009_a1cbbbd0__temp0.60__seed7,gsm8k_train_00009_a1cbbbd0,False,True,240,155,150,42,2,1,fixed_budget
fixed_2,global_qwen2p5_0p5b_gsm8k::qwen2p5_0p5b__gsm8k_train_00010_8c587dfb__temp0.60__seed7,gsm8k_train_00010_8c587dfb,False,True,268,147,337,213,2,2,fixed_budget
fixed_2,global_qwen2p5_0p5b_gsm8k::qwen2p5_0p5b__gsm8k_train_00011_127045f3__temp0.60__seed7,gsm8k_train_00011_127045f3,True,True,346,145,267,145,2,2,fixed_budget
fixed_2,global_qwen2p5_0p5b_gsm8k::qwen2p5_0p5b__gsm8k_train_00012_6cf7f4b8__temp0.60__seed7,gsm8k_train_00012_6cf7f4b8,False,False,203,86,367,251,2,2,fixed_budget
fixed_2,global_qwen2p5_0p5b_gsm8k::qwen2p5_0p5b__gsm8k_train_00013_6f2b17c2__temp0.60__seed7,gsm8k_train_00013_6f2b17c2,False,False,181,78,191,87,2,2,fixed_budget
fixed_2,global_qwen2p5_0p5b_gsm8k::qwen2p5_0p5b__gsm8k_train_00014_f0103a9f__temp0.60__seed7,gsm8k_train_00014_f0103a9f,False,True,193,146,143,78,2,2,fixed_budget
fixed_2,global_qwen2p5_0p5b_gsm8k::qwen2p5_0p5b__gsm8k_train_00015_20b7f79a__temp0.60__seed7,gsm8k_train_00015_20b7f79a,False,False,220,118,199,83,2,2,fixed_budget
fixed_2,global_qwen2p5_0p5b_gsm8k::qwen2p5_0p5b__gsm8k_train_00016_0cef7ca3__temp0.60__seed7,gsm8k_train_00016_0cef7ca3,False,False,371,151,318,103,2,2,fixed_budget
fixed_2,global_qwen2p5_0p5b_gsm8k::qwen2p5_0p5b__gsm8k_train_00017_89d492f6__temp0.60__seed7,gsm8k_train_00017_89d492f6,False,False,258,138,205,68,2,2,fixed_budget
fixed_2,global_qwen2p5_0p5b_gsm8k::qwen2p5_0p5b__gsm8k_train_00018_86b6a534__temp0.60__seed7,gsm8k_train_00018_86b6a534,False,False,350,140,321,118,2,2,fixed_budget
fixed_2,global_qwen2p5_0p5b_gsm8k::qwen2p5_0p5b__gsm8k_train_00019_fe91f244__temp0.60__seed7,gsm8k_train_00019_fe91f244,False,False,165,66,159,63,2,2,fixed_budget
fixed_2,global_qwen2p5_0p5b_gsm8k::qwen2p5_0p5b__gsm8k_train_00020_7d8a849a__temp0.60__seed7,gsm8k_train_00020_7d8a849a,False,False,305,125,329,147,2,2,fixed_budget
fixed_2,global_qwen2p5_0p5b_gsm8k::qwen2p5_0p5b__gsm8k_train_00021_8849281d__temp0.60__seed7,gsm8k_train_00021_8849281d,False,False,403,248,451,300,2,2,fixed_budget
fixed_2,global_qwen2p5_0p5b_gsm8k::qwen2p5_0p5b__gsm8k_train_00022_80c4da46__temp0.60__seed7,gsm8k_train_00022_80c4da46,False,False,145,44,157,56,2,2,fixed_budget
fixed_2,global_qwen2p5_0p5b_gsm8k::qwen2p5_0p5b__gsm8k_train_00023_5c659510__temp0.60__seed7,gsm8k_train_00023_5c659510,True,True,284,127,411,184,2,2,fixed_budget
fixed_2,global_qwen2p5_0p5b_gsm8k::qwen2p5_0p5b__gsm8k_train_00024_f139cc04__temp0.60__seed7,gsm8k_train_00024_f139cc04,False,False,232,105,339,224,2,2,fixed_budget
fixed_2,global_qwen2p5_0p5b_gsm8k::qwen2p5_0p5b__gsm8k_train_00025_1a030c71__temp0.60__seed7,gsm8k_train_00025_1a030c71,False,False,371,284,264,177,2,2,fixed_budget
fixed_2,global_qwen2p5_0p5b_gsm8k::qwen2p5_0p5b__gsm8k_train_00026_bf9e0c24__temp0.60__seed7,gsm8k_train_00026_bf9e0c24,False,False,291,183,257,126,2,2,fixed_budget
fixed_2,global_qwen2p5_0p5b_gsm8k::qwen2p5_0p5b__gsm8k_train_00027_21e7ba75__temp0.60__seed7,gsm8k_train_00027_21e7ba75,False,False,324,113,300,125,2,2,fixed_budget
fixed_2,global_qwen2p5_0p5b_gsm8k::qwen2p5_0p5b__gsm8k_train_00028_07c2d0db__temp0.60__seed7,gsm8k_train_00028_07c2d0db,False,False,251,228,367,319,2,2,fixed_budget
fixed_2,global_qwen2p5_0p5b_gsm8k::qwen2p5_0p5b__gsm8k_train_00029_9fc74e20__temp0.60__seed7,gsm8k_train_00029_9fc74e20,False,False,193,94,255,159,2,2,fixed_budget
fixed_2,global_qwen2p5_0p5b_gsm8k::qwen2p5_0p5b__gsm8k_train_00030_4f09989a__temp0.60__seed7,gsm8k_train_00030_4f09989a,False,False,162,127,106,63,2,2,fixed_budget
fixed_2,global_qwen2p5_0p5b_gsm8k::qwen2p5_0p5b__gsm8k_train_00031_1c0c7800__temp0.60__seed7,gsm8k_train_00031_1c0c7800,False,False,335,156,366,242,2,2,fixed_budget
fixed_2,global_qwen2p5_0p5b_gsm8k::qwen2p5_0p5b__gsm8k_train_00032_366614d9__temp0.60__seed7,gsm8k_train_00032_366614d9,False,False,225,108,186,59,2,2,fixed_budget
fixed_2,global_qwen2p5_0p5b_gsm8k::qwen2p5_0p5b__gsm8k_train_00033_285b14f1__temp0.60__seed7,gsm8k_train_00033_285b14f1,False,False,211,68,240,122,2,2,fixed_budget
fixed_2,global_qwen2p5_0p5b_gsm8k::qwen2p5_0p5b__gsm8k_train_00034_b46e2eee__temp0.60__seed7,gsm8k_train_00034_b46e2eee,False,False,204,88,246,109,2,2,fixed_budget
fixed_2,global_qwen2p5_0p5b_gsm8k::qwen2p5_0p5b__gsm8k_train_00035_e581c993__temp0.60__seed7,gsm8k_train_00035_e581c993,False,False,211,142,231,124,2,2,fixed_budget
fixed_2,global_qwen2p5_0p5b_gsm8k::qwen2p5_0p5b__gsm8k_train_00036_5cc8bffa__temp0.60__seed7,gsm8k_train_00036_5cc8bffa,False,False,171,70,362,259,2,2,fixed_budget
fixed_2,global_qwen2p5_0p5b_gsm8k::qwen2p5_0p5b__gsm8k_train_00037_59a9e4e3__temp0.60__seed7,gsm8k_train_00037_59a9e4e3,True,False,247,134,226,85,2,2,fixed_budget
fixed_2,global_qwen2p5_0p5b_gsm8k::qwen2p5_0p5b__gsm8k_train_00038_40afacc8__temp0.60__seed7,gsm8k_train_00038_40afacc8,False,False,280,143,256,125,2,2,fixed_budget
fixed_2,global_qwen2p5_0p5b_gsm8k::qwen2p5_0p5b__gsm8k_train_00039_3f079edf__temp0.60__seed7,gsm8k_train_00039_3f079edf,False,False,164,66,212,112,2,2,fixed_budget
fixed_2,global_qwen2p5_0p5b_gsm8k::qwen2p5_0p5b__gsm8k_train_00040_26fced6d__temp0.60__seed7,gsm8k_train_00040_26fced6d,True,True,537,242,230,13,2,2,fixed_budget
fixed_2,global_qwen2p5_0p5b_gsm8k::qwen2p5_0p5b__gsm8k_train_00041_a5b39aca__temp0.60__seed7,gsm8k_train_00041_a5b39aca,False,False,330,123,180,124,2,2,fixed_budget
fixed_2,global_qwen2p5_0p5b_gsm8k::qwen2p5_0p5b__gsm8k_train_00042_90e751d7__temp0.60__seed7,gsm8k_train_00042_90e751d7,False,False,253,158,97,45,2,2,fixed_budget
fixed_2,global_qwen2p5_0p5b_gsm8k::qwen2p5_0p5b__gsm8k_train_00043_94f5ad37__temp0.60__seed7,gsm8k_train_00043_94f5ad37,False,False,212,98,215,101,2,2,fixed_budget
fixed_2,global_qwen2p5_0p5b_gsm8k::qwen2p5_0p5b__gsm8k_train_00044_9c745cd7__temp0.60__seed7,gsm8k_train_00044_9c745cd7,False,False,165,68,163,72,2,2,fixed_budget
fixed_2,global_qwen2p5_0p5b_gsm8k::qwen2p5_0p5b__gsm8k_train_00045_6652e47d__temp0.60__seed7,gsm8k_train_00045_6652e47d,False,False,202,109,126,32,2,2,fixed_budget
fixed_2,global_qwen2p5_0p5b_gsm8k::qwen2p5_0p5b__gsm8k_train_00046_9575ad8f__temp0.60__seed7,gsm8k_train_00046_9575ad8f,False,False,225,98,220,88,2,2,fixed_budget
fixed_2,global_qwen2p5_0p5b_gsm8k::qwen2p5_0p5b__gsm8k_train_00047_f2440a00__temp0.60__seed7,gsm8k_train_00047_f2440a00,True,True,245,113,387,263,2,1,fixed_budget
fixed_2,global_qwen2p5_0p5b_gsm8k::qwen2p5_0p5b__gsm8k_train_00048_11e2cfda__temp0.60__seed7,gsm8k_train_00048_11e2cfda,False,False,152,25,249,115,2,2,fixed_budget
fixed_2,global_qwen2p5_0p5b_gsm8k::qwen2p5_0p5b__gsm8k_train_00049_47b14786__temp0.60__seed7,gsm8k_train_00049_47b14786,False,False,209,101,303,160,2,2,fixed_budget
fixed_2,global_qwen2p5_0p5b_gsm8k::qwen2p5_0p5b__gsm8k_train_00050_573850e8__temp0.60__seed7,gsm8k_train_00050_573850e8,False,False,159,42,226,109,2,2,fixed_budget
fixed_2,global_qwen2p5_0p5b_gsm8k::qwen2p5_0p5b__gsm8k_train_00051_45d98db9__temp0.60__seed7,gsm8k_train_00051_45d98db9,False,False,202,80,175,52,2,2,fixed_budget
fixed_2,global_qwen2p5_0p5b_gsm8k::qwen2p5_0p5b__gsm8k_train_00052_62a46c30__temp0.60__seed7,gsm8k_train_00052_62a46c30,True,False,328,145,282,116,2,2,fixed_budget
fixed_2,global_qwen2p5_0p5b_gsm8k::qwen2p5_0p5b__gsm8k_train_00053_0f2bea45__temp0.60__seed7,gsm8k_train_00053_0f2bea45,False,False,136,82,166,93,2,2,fixed_budget
fixed_2,global_qwen2p5_0p5b_gsm8k::qwen2p5_0p5b__gsm8k_train_00054_2dc1e445__temp0.60__seed7,gsm8k_train_00054_2dc1e445,False,False,221,97,241,98,2,2,fixed_budget
fixed_2,global_qwen2p5_0p5b_gsm8k::qwen2p5_0p5b__gsm8k_train_00055_0a51a335__temp0.60__seed7,gsm8k_train_00055_0a51a335,False,False,234,104,229,76,2,2,fixed_budget
fixed_2,global_qwen2p5_0p5b_gsm8k::qwen2p5_0p5b__gsm8k_train_00056_1e4c2fc2__temp0.60__seed7,gsm8k_train_00056_1e4c2fc2,False,False,331,83,447,310,2,2,fixed_budget
fixed_2,global_qwen2p5_0p5b_gsm8k::qwen2p5_0p5b__gsm8k_train_00057_57b7f2d4__temp0.60__seed7,gsm8k_train_00057_57b7f2d4,False,False,210,96,328,103,2,2,fixed_budget
fixed_2,global_qwen2p5_0p5b_gsm8k::qwen2p5_0p5b__gsm8k_train_00058_43c88879__temp0.60__seed7,gsm8k_train_00058_43c88879,False,False,177,73,193,92,2,2,fixed_budget
fixed_2,global_qwen2p5_0p5b_gsm8k::qwen2p5_0p5b__gsm8k_train_00059_90db2977__temp0.60__seed7,gsm8k_train_00059_90db2977,False,False,237,83,230,97,2,2,fixed_budget
fixed_2,global_qwen2p5_0p5b_gsm8k::qwen2p5_0p5b__gsm8k_train_00060_9b3f9448__temp0.60__seed7,gsm8k_train_00060_9b3f9448,False,False,259,110,250,90,2,2,fixed_budget
fixed_2,global_qwen2p5_0p5b_gsm8k::qwen2p5_0p5b__gsm8k_train_00061_0e425d85__temp0.60__seed7,gsm8k_train_00061_0e425d85,False,False,357,202,212,49,2,1,fixed_budget
fixed_2,global_qwen2p5_0p5b_gsm8k::qwen2p5_0p5b__gsm8k_train_00062_8f0f003e__temp0.60__seed7,gsm8k_train_00062_8f0f003e,False,False,312,162,116,41,2,2,fixed_budget
fixed_2,global_qwen2p5_0p5b_gsm8k::qwen2p5_0p5b__gsm8k_train_00063_1418fe17__temp0.60__seed7,gsm8k_train_00063_1418fe17,True,True,247,120,230,116,2,2,fixed_budget
fixed_2,global_qwen2p5_0p5b_gsm8k::qwen2p5_0p5b__gsm8k_train_00064_a2146c67__temp0.60__seed7,gsm8k_train_00064_a2146c67,False,False,184,118,213,113,2,2,fixed_budget
fixed_2,global_qwen2p5_0p5b_gsm8k::qwen2p5_0p5b__gsm8k_train_00065_730f674d__temp0.60__seed7,gsm8k_train_00065_730f674d,False,False,308,161,296,126,2,2,fixed_budget
fixed_2,global_qwen2p5_0p5b_gsm8k::qwen2p5_0p5b__gsm8k_train_00066_657c5999__temp0.60__seed7,gsm8k_train_00066_657c5999,True,True,330,212,382,150,2,2,fixed_budget
fixed_2,global_qwen2p5_0p5b_gsm8k::qwen2p5_0p5b__gsm8k_train_00067_7ae2a064__temp0.60__seed7,gsm8k_train_00067_7ae2a064,False,False,265,140,252,127,2,2,fixed_budget
fixed_2,global_qwen2p5_0p5b_gsm8k::qwen2p5_0p5b__gsm8k_train_00068_76571793__temp0.60__seed7,gsm8k_train_00068_76571793,False,False,250,105,303,149,2,2,fixed_budget
fixed_2,global_qwen2p5_0p5b_gsm8k::qwen2p5_0p5b__gsm8k_train_00069_d68659f7__temp0.60__seed7,gsm8k_train_00069_d68659f7,False,False,218,118,197,68,2,2,fixed_budget
fixed_2,global_qwen2p5_0p5b_gsm8k::qwen2p5_0p5b__gsm8k_train_00070_71b9fc29__temp0.60__seed7,gsm8k_train_00070_71b9fc29,False,False,318,214,286,213,2,2,fixed_budget
fixed_2,global_qwen2p5_0p5b_gsm8k::qwen2p5_0p5b__gsm8k_train_00071_c665e122__temp0.60__seed7,gsm8k_train_00071_c665e122,False,False,299,179,118,31,2,2,fixed_budget
fixed_2,global_qwen2p5_0p5b_gsm8k::qwen2p5_0p5b__gsm8k_train_00072_29bf6ced__temp0.60__seed7,gsm8k_train_00072_29bf6ced,False,False,329,122,269,88,2,2,fixed_budget
fixed_2,global_qwen2p5_0p5b_gsm8k::qwen2p5_0p5b__gsm8k_train_00073_bba2194d__temp0.60__seed7,gsm8k_train_00073_bba2194d,False,False,213,96,268,146,2,2,fixed_budget
fixed_2,global_qwen2p5_0p5b_gsm8k::qwen2p5_0p5b__gsm8k_train_00074_f7b6c77d__temp0.60__seed7,gsm8k_train_00074_f7b6c77d,False,False,304,280,374,203,2,2,fixed_budget
fixed_2,global_qwen2p5_0p5b_gsm8k::qwen2p5_0p5b__gsm8k_train_00075_701b0438__temp0.60__seed7,gsm8k_train_00075_701b0438,False,False,343,191,256,131,2,2,fixed_budget
fixed_2,global_qwen2p5_0p5b_gsm8k::qwen2p5_0p5b__gsm8k_train_00076_4bc39af7__temp0.60__seed7,gsm8k_train_00076_4bc39af7,False,False,229,91,283,119,2,2,fixed_budget
fixed_2,global_qwen2p5_0p5b_gsm8k::qwen2p5_0p5b__gsm8k_train_00077_ef228274__temp0.60__seed7,gsm8k_train_00077_ef228274,False,False,210,88,216,84,2,2,fixed_budget
fixed_2,global_qwen2p5_0p5b_gsm8k::qwen2p5_0p5b__gsm8k_train_00078_8202f885__temp0.60__seed7,gsm8k_train_00078_8202f885,False,False,186,78,235,93,2,2,fixed_budget
fixed_2,global_qwen2p5_0p5b_gsm8k::qwen2p5_0p5b__gsm8k_train_00079_02bbd64d__temp0.60__seed7,gsm8k_train_00079_02bbd64d,False,False,249,138,193,66,2,2,fixed_budget
fixed_2,global_qwen2p5_0p5b_gsm8k::qwen2p5_0p5b__gsm8k_train_00080_9c0e3ea5__temp0.60__seed7,gsm8k_train_00080_9c0e3ea5,False,False,225,101,338,152,2,2,fixed_budget
fixed_2,global_qwen2p5_0p5b_gsm8k::qwen2p5_0p5b__gsm8k_train_00081_0f393056__temp0.60__seed7,gsm8k_train_00081_0f393056,False,False,510,315,302,101,2,2,fixed_budget
fixed_2,global_qwen2p5_0p5b_gsm8k::qwen2p5_0p5b__gsm8k_train_00082_3bc88e6c__temp0.60__seed7,gsm8k_train_00082_3bc88e6c,False,False,212,97,220,106,2,2,fixed_budget
fixed_2,global_qwen2p5_0p5b_gsm8k::qwen2p5_0p5b__gsm8k_train_00083_51275bdc__temp0.60__seed7,gsm8k_train_00083_51275bdc,False,False,167,53,168,53,2,2,fixed_budget
fixed_2,global_qwen2p5_0p5b_gsm8k::qwen2p5_0p5b__gsm8k_train_00084_3f815691__temp0.60__seed7,gsm8k_train_00084_3f815691,False,False,206,147,179,123,2,2,fixed_budget
fixed_2,global_qwen2p5_0p5b_gsm8k::qwen2p5_0p5b__gsm8k_train_00085_a89e3367__temp0.60__seed7,gsm8k_train_00085_a89e3367,False,False,191,65,257,134,2,2,fixed_budget
fixed_2,global_qwen2p5_0p5b_gsm8k::qwen2p5_0p5b__gsm8k_train_00086_af406602__temp0.60__seed7,gsm8k_train_00086_af406602,True,True,532,264,299,157,2,2,fixed_budget
fixed_2,global_qwen2p5_0p5b_gsm8k::qwen2p5_0p5b__gsm8k_train_00087_c84aacb9__temp0.60__seed7,gsm8k_train_00087_c84aacb9,False,False,166,50,202,90,2,2,fixed_budget
fixed_2,global_qwen2p5_0p5b_gsm8k::qwen2p5_0p5b__gsm8k_train_00088_f1f3640a__temp0.60__seed7,gsm8k_train_00088_f1f3640a,False,False,285,134,222,75,2,2,fixed_budget
fixed_2,global_qwen2p5_0p5b_gsm8k::qwen2p5_0p5b__gsm8k_train_00089_2aacad9b__temp0.60__seed7,gsm8k_train_00089_2aacad9b,False,False,403,104,337,136,2,1,fixed_budget
fixed_2,global_qwen2p5_0p5b_gsm8k::qwen2p5_0p5b__gsm8k_train_00090_29b27436__temp0.60__seed7,gsm8k_train_00090_29b27436,False,False,257,118,200,61,2,2,fixed_budget
fixed_2,global_qwen2p5_0p5b_gsm8k::qwen2p5_0p5b__gsm8k_train_00091_448c3a36__temp0.60__seed7,gsm8k_train_00091_448c3a36,True,True,234,108,165,45,2,2,fixed_budget
fixed_2,global_qwen2p5_0p5b_gsm8k::qwen2p5_0p5b__gsm8k_train_00092_223e8435__temp0.60__seed7,gsm8k_train_00092_223e8435,False,False,331,230,320,213,2,2,fixed_budget
fixed_2,global_qwen2p5_0p5b_gsm8k::qwen2p5_0p5b__gsm8k_train_00093_71d569f4__temp0.60__seed7,gsm8k_train_00093_71d569f4,True,True,319,174,177,61,2,2,fixed_budget
fixed_2,global_qwen2p5_0p5b_gsm8k::qwen2p5_0p5b__gsm8k_train_00094_8eaa9faa__temp0.60__seed7,gsm8k_train_00094_8eaa9faa,False,False,309,130,291,107,2,2,fixed_budget
fixed_2,global_qwen2p5_0p5b_gsm8k::qwen2p5_0p5b__gsm8k_train_00095_284c5d46__temp0.60__seed7,gsm8k_train_00095_284c5d46,False,False,194,72,315,197,2,2,fixed_budget
fixed_2,global_qwen2p5_0p5b_gsm8k::qwen2p5_0p5b__gsm8k_train_00096_6481a627__temp0.60__seed7,gsm8k_train_00096_6481a627,False,False,547,188,682,179,2,2,fixed_budget
fixed_2,global_qwen2p5_0p5b_gsm8k::qwen2p5_0p5b__gsm8k_train_00097_6bd27f05__temp0.60__seed7,gsm8k_train_00097_6bd27f05,False,False,237,104,241,123,2,2,fixed_budget
fixed_2,global_qwen2p5_0p5b_gsm8k::qwen2p5_0p5b__gsm8k_train_00098_d726f63c__temp0.60__seed7,gsm8k_train_00098_d726f63c,False,False,322,181,246,151,2,2,fixed_budget
fixed_2,global_qwen2p5_0p5b_gsm8k::qwen2p5_0p5b__gsm8k_train_00099_8293657a__temp0.60__seed7,gsm8k_train_00099_8293657a,False,False,452,198,397,176,2,2,fixed_budget
fixed_2,global_qwen2p5_0p5b_gsm8k::qwen2p5_0p5b__gsm8k_train_00100_d5a06669__temp0.60__seed7,gsm8k_train_00100_d5a06669,True,False,246,132,207,97,2,2,fixed_budget
fixed_2,global_qwen2p5_0p5b_gsm8k::qwen2p5_0p5b__gsm8k_train_00101_731d35d2__temp0.60__seed7,gsm8k_train_00101_731d35d2,False,False,176,83,88,44,2,2,fixed_budget
fixed_2,global_qwen2p5_0p5b_gsm8k::qwen2p5_0p5b__gsm8k_train_00102_0ea96c31__temp0.60__seed7,gsm8k_train_00102_0ea96c31,False,False,208,166,238,128,2,2,fixed_budget
fixed_2,global_qwen2p5_0p5b_gsm8k::qwen2p5_0p5b__gsm8k_train_00103_230412df__temp0.60__seed7,gsm8k_train_00103_230412df,False,False,180,87,187,96,2,2,fixed_budget
fixed_2,global_qwen2p5_0p5b_gsm8k::qwen2p5_0p5b__gsm8k_train_00104_d3998bd4__temp0.60__seed7,gsm8k_train_00104_d3998bd4,False,False,218,99,249,99,2,2,fixed_budget
fixed_2,global_qwen2p5_0p5b_gsm8k::qwen2p5_0p5b__gsm8k_train_00105_042a250a__temp0.60__seed7,gsm8k_train_00105_042a250a,False,False,222,95,217,86,2,2,fixed_budget
fixed_2,global_qwen2p5_0p5b_gsm8k::qwen2p5_0p5b__gsm8k_train_00106_8cad3b52__temp0.60__seed7,gsm8k_train_00106_8cad3b52,False,False,196,93,206,102,2,2,fixed_budget
fixed_2,global_qwen2p5_0p5b_gsm8k::qwen2p5_0p5b__gsm8k_train_00107_4caf115e__temp0.60__seed7,gsm8k_train_00107_4caf115e,False,False,271,167,172,47,2,2,fixed_budget
fixed_2,global_qwen2p5_0p5b_gsm8k::qwen2p5_0p5b__gsm8k_train_00108_5ac22bd3__temp0.60__seed7,gsm8k_train_00108_5ac22bd3,False,False,258,121,413,193,2,2,fixed_budget
fixed_2,global_qwen2p5_0p5b_gsm8k::qwen2p5_0p5b__gsm8k_train_00109_92e23e8b__temp0.60__seed7,gsm8k_train_00109_92e23e8b,False,False,246,100,227,98,2,2,fixed_budget
fixed_2,global_qwen2p5_0p5b_gsm8k::qwen2p5_0p5b__gsm8k_train_00110_3f6b3060__temp0.60__seed7,gsm8k_train_00110_3f6b3060,False,False,156,57,169,71,2,2,fixed_budget
fixed_2,global_qwen2p5_0p5b_gsm8k::qwen2p5_0p5b__gsm8k_train_00111_d25ba2bc__temp0.60__seed7,gsm8k_train_00111_d25ba2bc,False,False,354,132,256,79,2,2,fixed_budget
fixed_2,global_qwen2p5_0p5b_gsm8k::qwen2p5_0p5b__gsm8k_train_00112_d004953d__temp0.60__seed7,gsm8k_train_00112_d004953d,False,True,631,157,365,144,2,2,fixed_budget
fixed_2,global_qwen2p5_0p5b_gsm8k::qwen2p5_0p5b__gsm8k_train_00113_4b07acb1__temp0.60__seed7,gsm8k_train_00113_4b07acb1,False,False,232,99,196,74,2,2,fixed_budget
fixed_2,global_qwen2p5_0p5b_gsm8k::qwen2p5_0p5b__gsm8k_train_00114_475adb02__temp0.60__seed7,gsm8k_train_00114_475adb02,False,False,203,97,204,139,2,2,fixed_budget
fixed_2,global_qwen2p5_0p5b_gsm8k::qwen2p5_0p5b__gsm8k_train_00115_2d23fc87__temp0.60__seed7,gsm8k_train_00115_2d23fc87,True,True,451,248,229,136,2,2,fixed_budget
fixed_2,global_qwen2p5_0p5b_gsm8k::qwen2p5_0p5b__gsm8k_train_00116_2556d227__temp0.60__seed7,gsm8k_train_00116_2556d227,True,False,315,208,353,247,2,2,fixed_budget
fixed_2,global_qwen2p5_0p5b_gsm8k::qwen2p5_0p5b__gsm8k_train_00117_ad977811__temp0.60__seed7,gsm8k_train_00117_ad977811,False,False,541,249,432,237,2,2,fixed_budget
fixed_2,global_qwen2p5_0p5b_gsm8k::qwen2p5_0p5b__gsm8k_train_00118_a973f8cb__temp0.60__seed7,gsm8k_train_00118_a973f8cb,False,False,368,121,223,85,2,1,fixed_budget
fixed_2,global_qwen2p5_0p5b_gsm8k::qwen2p5_0p5b__gsm8k_train_00119_0de1b1ef__temp0.60__seed7,gsm8k_train_00119_0de1b1ef,False,False,258,163,259,152,2,2,fixed_budget
fixed_2,global_qwen2p5_0p5b_gsm8k::qwen2p5_0p5b__gsm8k_train_00120_7b987bc2__temp0.60__seed7,gsm8k_train_00120_7b987bc2,True,True,472,189,587,229,2,2,fixed_budget
fixed_2,global_qwen2p5_0p5b_gsm8k::qwen2p5_0p5b__gsm8k_train_00121_34e49988__temp0.60__seed7,gsm8k_train_00121_34e49988,False,False,251,118,380,253,2,2,fixed_budget
fixed_2,global_qwen2p5_0p5b_gsm8k::qwen2p5_0p5b__gsm8k_train_00122_85671496__temp0.60__seed7,gsm8k_train_00122_85671496,False,False,355,179,351,300,2,2,fixed_budget
fixed_2,global_qwen2p5_0p5b_gsm8k::qwen2p5_0p5b__gsm8k_train_00123_9e888b7b__temp0.60__seed7,gsm8k_train_00123_9e888b7b,False,False,205,75,219,94,2,2,fixed_budget
fixed_2,global_qwen2p5_0p5b_gsm8k::qwen2p5_0p5b__gsm8k_train_00124_19913472__temp0.60__seed7,gsm8k_train_00124_19913472,False,False,243,124,218,104,2,2,fixed_budget
fixed_2,global_qwen2p5_0p5b_gsm8k::qwen2p5_0p5b__gsm8k_train_00125_484d3aab__temp0.60__seed7,gsm8k_train_00125_484d3aab,True,True,162,69,216,123,2,2,fixed_budget
fixed_2,global_qwen2p5_0p5b_gsm8k::qwen2p5_0p5b__gsm8k_train_00126_5c93c15c__temp0.60__seed7,gsm8k_train_00126_5c93c15c,False,False,199,83,329,210,2,2,fixed_budget
fixed_2,global_qwen2p5_0p5b_gsm8k::qwen2p5_0p5b__gsm8k_train_00127_7b9040bd__temp0.60__seed7,gsm8k_train_00127_7b9040bd,False,False,248,157,271,140,2,2,fixed_budget
fixed_2,global_qwen2p5_0p5b_gsm8k::qwen2p5_0p5b__gsm8k_train_00128_47ebf5c6__temp0.60__seed7,gsm8k_train_00128_47ebf5c6,False,False,173,45,238,114,2,2,fixed_budget
fixed_2,global_qwen2p5_0p5b_gsm8k::qwen2p5_0p5b__gsm8k_train_00129_c31ed05e__temp0.60__seed7,gsm8k_train_00129_c31ed05e,False,False,196,88,186,77,2,2,fixed_budget
fixed_2,global_qwen2p5_0p5b_gsm8k::qwen2p5_0p5b__gsm8k_train_00130_75dd171f__temp0.60__seed7,gsm8k_train_00130_75dd171f,False,False,197,54,290,172,2,2,fixed_budget
fixed_2,global_qwen2p5_0p5b_gsm8k::qwen2p5_0p5b__gsm8k_train_00131_92ea4226__temp0.60__seed7,gsm8k_train_00131_92ea4226,False,False,331,206,265,146,2,2,fixed_budget
fixed_2,global_qwen2p5_0p5b_gsm8k::qwen2p5_0p5b__gsm8k_train_00132_97d4fa7f__temp0.60__seed7,gsm8k_train_00132_97d4fa7f,False,False,252,137,170,46,2,2,fixed_budget
fixed_2,global_qwen2p5_0p5b_gsm8k::qwen2p5_0p5b__gsm8k_train_00133_8d0b2ca9__temp0.60__seed7,gsm8k_train_00133_8d0b2ca9,False,False,147,38,189,84,2,2,fixed_budget
fixed_2,global_qwen2p5_0p5b_gsm8k::qwen2p5_0p5b__gsm8k_train_00134_0775ef2d__temp0.60__seed7,gsm8k_train_00134_0775ef2d,False,True,278,116,320,215,2,2,fixed_budget
fixed_2,global_qwen2p5_0p5b_gsm8k::qwen2p5_0p5b__gsm8k_train_00135_f0b99c1b__temp0.60__seed7,gsm8k_train_00135_f0b99c1b,False,False,219,57,258,96,2,2,fixed_budget
fixed_2,global_qwen2p5_0p5b_gsm8k::qwen2p5_0p5b__gsm8k_train_00136_5922bf98__temp0.60__seed7,gsm8k_train_00136_5922bf98,False,False,282,161,165,55,2,2,fixed_budget
fixed_2,global_qwen2p5_0p5b_gsm8k::qwen2p5_0p5b__gsm8k_train_00137_5ab5639d__temp0.60__seed7,gsm8k_train_00137_5ab5639d,True,True,193,81,194,79,2,2,fixed_budget
fixed_2,global_qwen2p5_0p5b_gsm8k::qwen2p5_0p5b__gsm8k_train_00138_96a94a19__temp0.60__seed7,gsm8k_train_00138_96a94a19,False,False,315,101,168,93,2,2,fixed_budget
fixed_2,global_qwen2p5_0p5b_gsm8k::qwen2p5_0p5b__gsm8k_train_00139_8d762338__temp0.60__seed7,gsm8k_train_00139_8d762338,False,False,178,108,154,74,2,2,fixed_budget
fixed_2,global_qwen2p5_0p5b_gsm8k::qwen2p5_0p5b__gsm8k_train_00140_55a37f13__temp0.60__seed7,gsm8k_train_00140_55a37f13,False,False,315,182,328,168,2,2,fixed_budget
fixed_2,global_qwen2p5_0p5b_gsm8k::qwen2p5_0p5b__gsm8k_train_00141_a5275925__temp0.60__seed7,gsm8k_train_00141_a5275925,False,False,248,108,181,58,2,2,fixed_budget
fixed_2,global_qwen2p5_0p5b_gsm8k::qwen2p5_0p5b__gsm8k_train_00142_534ffd84__temp0.60__seed7,gsm8k_train_00142_534ffd84,False,False,297,128,352,169,2,2,fixed_budget
fixed_2,global_qwen2p5_0p5b_gsm8k::qwen2p5_0p5b__gsm8k_train_00143_b52213e4__temp0.60__seed7,gsm8k_train_00143_b52213e4,False,False,176,63,186,76,2,2,fixed_budget
fixed_2,global_qwen2p5_0p5b_gsm8k::qwen2p5_0p5b__gsm8k_train_00144_db61f2fd__temp0.60__seed7,gsm8k_train_00144_db61f2fd,False,False,244,152,303,82,2,2,fixed_budget
fixed_2,global_qwen2p5_0p5b_gsm8k::qwen2p5_0p5b__gsm8k_train_00145_63fdba4d__temp0.60__seed7,gsm8k_train_00145_63fdba4d,True,True,214,103,236,93,2,2,fixed_budget
fixed_2,global_qwen2p5_0p5b_gsm8k::qwen2p5_0p5b__gsm8k_train_00146_84b32c93__temp0.60__seed7,gsm8k_train_00146_84b32c93,False,False,224,112,199,74,2,2,fixed_budget
fixed_2,global_qwen2p5_0p5b_gsm8k::qwen2p5_0p5b__gsm8k_train_00147_986fd9cb__temp0.60__seed7,gsm8k_train_00147_986fd9cb,True,True,451,303,243,104,2,2,fixed_budget
fixed_2,global_qwen2p5_0p5b_gsm8k::qwen2p5_0p5b__gsm8k_train_00148_063dff44__temp0.60__seed7,gsm8k_train_00148_063dff44,False,False,172,56,196,78,2,2,fixed_budget
fixed_2,global_qwen2p5_0p5b_gsm8k::qwen2p5_0p5b__gsm8k_train_00149_3771c034__temp0.60__seed7,gsm8k_train_00149_3771c034,False,True,367,215,284,183,2,2,fixed_budget
fixed_2,global_qwen2p5_0p5b_gsm8k::qwen2p5_0p5b__gsm8k_train_00150_e22b1bdf__temp0.60__seed7,gsm8k_train_00150_e22b1bdf,False,False,169,107,172,69,2,2,fixed_budget
fixed_2,global_qwen2p5_0p5b_gsm8k::qwen2p5_0p5b__gsm8k_train_00151_4bb7eefb__temp0.60__seed7,gsm8k_train_00151_4bb7eefb,False,False,187,96,159,69,2,2,fixed_budget
fixed_2,global_qwen2p5_0p5b_gsm8k::qwen2p5_0p5b__gsm8k_train_00152_2cb74a26__temp0.60__seed7,gsm8k_train_00152_2cb74a26,False,False,236,102,192,66,2,2,fixed_budget
fixed_2,global_qwen2p5_0p5b_gsm8k::qwen2p5_0p5b__gsm8k_train_00153_afb1af8f__temp0.60__seed7,gsm8k_train_00153_afb1af8f,False,False,221,108,281,171,2,2,fixed_budget
fixed_2,global_qwen2p5_0p5b_gsm8k::qwen2p5_0p5b__gsm8k_train_00154_a9b9e3d8__temp0.60__seed7,gsm8k_train_00154_a9b9e3d8,False,False,212,95,179,71,2,2,fixed_budget
fixed_2,global_qwen2p5_0p5b_gsm8k::qwen2p5_0p5b__gsm8k_train_00155_4c8b7c96__temp0.60__seed7,gsm8k_train_00155_4c8b7c96,False,False,219,95,226,89,2,2,fixed_budget
fixed_2,global_qwen2p5_0p5b_gsm8k::qwen2p5_0p5b__gsm8k_train_00156_daa5c92b__temp0.60__seed7,gsm8k_train_00156_daa5c92b,False,False,238,145,195,103,2,2,fixed_budget
fixed_2,global_qwen2p5_0p5b_gsm8k::qwen2p5_0p5b__gsm8k_train_00157_2b8c0bdc__temp0.60__seed7,gsm8k_train_00157_2b8c0bdc,False,True,256,159,194,40,2,2,fixed_budget
fixed_2,global_qwen2p5_0p5b_gsm8k::qwen2p5_0p5b__gsm8k_train_00158_e62259b6__temp0.60__seed7,gsm8k_train_00158_e62259b6,False,False,182,72,163,59,2,2,fixed_budget
fixed_2,global_qwen2p5_0p5b_gsm8k::qwen2p5_0p5b__gsm8k_train_00159_aaf4fb3e__temp0.60__seed7,gsm8k_train_00159_aaf4fb3e,False,False,238,122,211,103,2,2,fixed_budget
fixed_2,global_qwen2p5_0p5b_gsm8k::qwen2p5_0p5b__gsm8k_train_00160_e3ca64fa__temp0.60__seed7,gsm8k_train_00160_e3ca64fa,False,False,272,122,213,93,2,2,fixed_budget
fixed_2,global_qwen2p5_0p5b_gsm8k::qwen2p5_0p5b__gsm8k_train_00161_c9030195__temp0.60__seed7,gsm8k_train_00161_c9030195,False,False,305,214,289,187,2,2,fixed_budget
fixed_2,global_qwen2p5_0p5b_gsm8k::qwen2p5_0p5b__gsm8k_train_00162_c635097b__temp0.60__seed7,gsm8k_train_00162_c635097b,False,False,179,61,274,158,2,2,fixed_budget
fixed_2,global_qwen2p5_0p5b_gsm8k::qwen2p5_0p5b__gsm8k_train_00163_8e8be5fe__temp0.60__seed7,gsm8k_train_00163_8e8be5fe,False,False,235,115,340,141,2,1,fixed_budget
fixed_2,global_qwen2p5_0p5b_gsm8k::qwen2p5_0p5b__gsm8k_train_00164_04e62ecd__temp0.60__seed7,gsm8k_train_00164_04e62ecd,False,False,300,202,221,113,2,2,fixed_budget
fixed_2,global_qwen2p5_0p5b_gsm8k::qwen2p5_0p5b__gsm8k_train_00165_3ec73ad9__temp0.60__seed7,gsm8k_train_00165_3ec73ad9,False,False,452,248,448,190,2,2,fixed_budget
fixed_2,global_qwen2p5_0p5b_gsm8k::qwen2p5_0p5b__gsm8k_train_00166_99f3474a__temp0.60__seed7,gsm8k_train_00166_99f3474a,False,False,680,451,62,39,2,2,fixed_budget
fixed_2,global_qwen2p5_0p5b_gsm8k::qwen2p5_0p5b__gsm8k_train_00167_37f9f1d6__temp0.60__seed7,gsm8k_train_00167_37f9f1d6,False,False,237,99,187,80,2,2,fixed_budget
fixed_2,global_qwen2p5_0p5b_gsm8k::qwen2p5_0p5b__gsm8k_train_00168_70ab7e53__temp0.60__seed7,gsm8k_train_00168_70ab7e53,False,False,189,111,206,94,2,2,fixed_budget
fixed_2,global_qwen2p5_0p5b_gsm8k::qwen2p5_0p5b__gsm8k_train_00169_747e8aa0__temp0.60__seed7,gsm8k_train_00169_747e8aa0,False,False,330,219,185,87,2,2,fixed_budget
fixed_2,global_qwen2p5_0p5b_gsm8k::qwen2p5_0p5b__gsm8k_train_00170_2924103d__temp0.60__seed7,gsm8k_train_00170_2924103d,False,False,171,124,89,26,2,1,fixed_budget
fixed_2,global_qwen2p5_0p5b_gsm8k::qwen2p5_0p5b__gsm8k_train_00171_c0bf1711__temp0.60__seed7,gsm8k_train_00171_c0bf1711,False,False,233,88,215,87,2,2,fixed_budget
fixed_2,global_qwen2p5_0p5b_gsm8k::qwen2p5_0p5b__gsm8k_train_00172_44814345__temp0.60__seed7,gsm8k_train_00172_44814345,False,False,202,106,288,192,2,2,fixed_budget
fixed_2,global_qwen2p5_0p5b_gsm8k::qwen2p5_0p5b__gsm8k_train_00173_be809155__temp0.60__seed7,gsm8k_train_00173_be809155,False,False,175,72,204,88,2,2,fixed_budget
fixed_2,global_qwen2p5_0p5b_gsm8k::qwen2p5_0p5b__gsm8k_train_00174_1e0c256b__temp0.60__seed7,gsm8k_train_00174_1e0c256b,False,False,227,116,229,90,2,2,fixed_budget
fixed_2,global_qwen2p5_0p5b_gsm8k::qwen2p5_0p5b__gsm8k_train_00175_0873326a__temp0.60__seed7,gsm8k_train_00175_0873326a,False,False,340,249,362,246,2,2,fixed_budget
fixed_2,global_qwen2p5_0p5b_gsm8k::qwen2p5_0p5b__gsm8k_train_00176_719d94bb__temp0.60__seed7,gsm8k_train_00176_719d94bb,False,False,151,56,243,148,2,2,fixed_budget
fixed_2,global_qwen2p5_0p5b_gsm8k::qwen2p5_0p5b__gsm8k_train_00177_0a2eb591__temp0.60__seed7,gsm8k_train_00177_0a2eb591,False,False,186,75,159,48,2,2,fixed_budget
fixed_2,global_qwen2p5_0p5b_gsm8k::qwen2p5_0p5b__gsm8k_train_00178_64a3b80d__temp0.60__seed7,gsm8k_train_00178_64a3b80d,False,False,278,165,237,123,2,2,fixed_budget
fixed_2,global_qwen2p5_0p5b_gsm8k::qwen2p5_0p5b__gsm8k_train_00179_57585b14__temp0.60__seed7,gsm8k_train_00179_57585b14,True,True,292,153,258,137,2,2,fixed_budget
fixed_2,global_qwen2p5_0p5b_gsm8k::qwen2p5_0p5b__gsm8k_train_00180_7346e14b__temp0.60__seed7,gsm8k_train_00180_7346e14b,False,False,173,70,207,98,2,2,fixed_budget
fixed_2,global_qwen2p5_0p5b_gsm8k::qwen2p5_0p5b__gsm8k_train_00181_f87f92a8__temp0.60__seed7,gsm8k_train_00181_f87f92a8,False,False,234,91,319,112,2,2,fixed_budget
fixed_2,global_qwen2p5_0p5b_gsm8k::qwen2p5_0p5b__gsm8k_train_00182_2eae6ce0__temp0.60__seed7,gsm8k_train_00182_2eae6ce0,False,False,239,136,329,111,2,2,fixed_budget
fixed_2,global_qwen2p5_0p5b_gsm8k::qwen2p5_0p5b__gsm8k_train_00183_6bbc3c67__temp0.60__seed7,gsm8k_train_00183_6bbc3c67,False,False,259,116,401,253,2,2,fixed_budget
fixed_2,global_qwen2p5_0p5b_gsm8k::qwen2p5_0p5b__gsm8k_train_00184_ea542884__temp0.60__seed7,gsm8k_train_00184_ea542884,False,False,203,99,203,91,2,2,fixed_budget
fixed_2,global_qwen2p5_0p5b_gsm8k::qwen2p5_0p5b__gsm8k_train_00185_f5fac061__temp0.60__seed7,gsm8k_train_00185_f5fac061,False,False,175,69,165,61,2,2,fixed_budget
fixed_2,global_qwen2p5_0p5b_gsm8k::qwen2p5_0p5b__gsm8k_train_00186_af04022d__temp0.60__seed7,gsm8k_train_00186_af04022d,False,False,183,80,202,101,2,2,fixed_budget
fixed_2,global_qwen2p5_0p5b_gsm8k::qwen2p5_0p5b__gsm8k_train_00187_2192eb08__temp0.60__seed7,gsm8k_train_00187_2192eb08,False,False,210,121,191,130,2,2,fixed_budget
fixed_2,global_qwen2p5_0p5b_gsm8k::qwen2p5_0p5b__gsm8k_train_00188_e8608578__temp0.60__seed7,gsm8k_train_00188_e8608578,False,False,240,138,174,66,2,2,fixed_budget
fixed_2,global_qwen2p5_0p5b_gsm8k::qwen2p5_0p5b__gsm8k_train_00189_96b03f19__temp0.60__seed7,gsm8k_train_00189_96b03f19,False,False,186,47,264,132,2,2,fixed_budget
fixed_2,global_qwen2p5_0p5b_gsm8k::qwen2p5_0p5b__gsm8k_train_00190_c700b815__temp0.60__seed7,gsm8k_train_00190_c700b815,False,False,330,108,220,53,2,2,fixed_budget
fixed_2,global_qwen2p5_0p5b_gsm8k::qwen2p5_0p5b__gsm8k_train_00191_bf2b3508__temp0.60__seed7,gsm8k_train_00191_bf2b3508,False,False,274,56,214,73,2,2,fixed_budget
fixed_2,global_qwen2p5_0p5b_gsm8k::qwen2p5_0p5b__gsm8k_train_00192_a2a05a17__temp0.60__seed7,gsm8k_train_00192_a2a05a17,False,False,212,93,212,91,2,2,fixed_budget
fixed_2,global_qwen2p5_0p5b_gsm8k::qwen2p5_0p5b__gsm8k_train_00193_316cb5a7__temp0.60__seed7,gsm8k_train_00193_316cb5a7,False,False,151,85,378,268,2,2,fixed_budget
fixed_2,global_qwen2p5_0p5b_gsm8k::qwen2p5_0p5b__gsm8k_train_00194_fc7b694e__temp0.60__seed7,gsm8k_train_00194_fc7b694e,False,False,635,389,283,60,2,2,fixed_budget
fixed_2,global_qwen2p5_0p5b_gsm8k::qwen2p5_0p5b__gsm8k_train_00195_f6ba9480__temp0.60__seed7,gsm8k_train_00195_f6ba9480,False,False,333,126,296,168,2,2,fixed_budget
fixed_2,global_qwen2p5_0p5b_gsm8k::qwen2p5_0p5b__gsm8k_train_00196_4822538e__temp0.60__seed7,gsm8k_train_00196_4822538e,False,False,325,142,318,114,2,2,fixed_budget
fixed_2,global_qwen2p5_0p5b_gsm8k::qwen2p5_0p5b__gsm8k_train_00197_f5b62414__temp0.60__seed7,gsm8k_train_00197_f5b62414,False,False,192,105,207,91,2,2,fixed_budget
fixed_2,global_qwen2p5_0p5b_gsm8k::qwen2p5_0p5b__gsm8k_train_00198_116d0b0b__temp0.60__seed7,gsm8k_train_00198_116d0b0b,False,False,268,130,204,106,2,2,fixed_budget
fixed_2,global_qwen2p5_0p5b_gsm8k::qwen2p5_0p5b__gsm8k_train_00199_b1cae179__temp0.60__seed7,gsm8k_train_00199_b1cae179,False,False,343,172,508,314,2,2,fixed_budget
fixed_2,global_qwen2p5_0p5b_gsm8k::qwen2p5_0p5b__gsm8k_train_00200_86d3b46e__temp0.60__seed7,gsm8k_train_00200_86d3b46e,False,False,403,191,278,116,2,2,fixed_budget
fixed_2,global_qwen2p5_0p5b_gsm8k::qwen2p5_0p5b__gsm8k_train_00201_88e5b94e__temp0.60__seed7,gsm8k_train_00201_88e5b94e,False,False,217,88,224,84,2,2,fixed_budget
fixed_2,global_qwen2p5_0p5b_gsm8k::qwen2p5_0p5b__gsm8k_train_00202_ef524e01__temp0.60__seed7,gsm8k_train_00202_ef524e01,False,False,360,197,197,75,2,2,fixed_budget
fixed_2,global_qwen2p5_0p5b_gsm8k::qwen2p5_0p5b__gsm8k_train_00203_70f13d8d__temp0.60__seed7,gsm8k_train_00203_70f13d8d,False,False,267,147,217,91,2,2,fixed_budget
fixed_2,global_qwen2p5_0p5b_gsm8k::qwen2p5_0p5b__gsm8k_train_00204_6479a9b2__temp0.60__seed7,gsm8k_train_00204_6479a9b2,False,False,219,72,228,93,2,2,fixed_budget
fixed_2,global_qwen2p5_0p5b_gsm8k::qwen2p5_0p5b__gsm8k_train_00205_57eaa488__temp0.60__seed7,gsm8k_train_00205_57eaa488,False,False,185,75,288,162,2,2,fixed_budget
fixed_2,global_qwen2p5_0p5b_gsm8k::qwen2p5_0p5b__gsm8k_train_00206_a81f9c02__temp0.60__seed7,gsm8k_train_00206_a81f9c02,False,False,296,192,348,259,2,2,fixed_budget
fixed_2,global_qwen2p5_0p5b_gsm8k::qwen2p5_0p5b__gsm8k_train_00207_003dddd0__temp0.60__seed7,gsm8k_train_00207_003dddd0,False,False,191,79,435,321,2,2,fixed_budget
fixed_2,global_qwen2p5_0p5b_gsm8k::qwen2p5_0p5b__gsm8k_train_00208_0a589fae__temp0.60__seed7,gsm8k_train_00208_0a589fae,False,False,296,111,291,174,2,2,fixed_budget
fixed_2,global_qwen2p5_0p5b_gsm8k::qwen2p5_0p5b__gsm8k_train_00209_95c80176__temp0.60__seed7,gsm8k_train_00209_95c80176,False,True,333,231,282,167,2,2,fixed_budget
fixed_2,global_qwen2p5_0p5b_gsm8k::qwen2p5_0p5b__gsm8k_train_00210_d6550c57__temp0.60__seed7,gsm8k_train_00210_d6550c57,False,False,241,114,425,85,2,2,fixed_budget
fixed_2,global_qwen2p5_0p5b_gsm8k::qwen2p5_0p5b__gsm8k_train_00211_c3c39b27__temp0.60__seed7,gsm8k_train_00211_c3c39b27,True,True,384,208,268,151,2,2,fixed_budget
fixed_2,global_qwen2p5_0p5b_gsm8k::qwen2p5_0p5b__gsm8k_train_00212_553f7eb9__temp0.60__seed7,gsm8k_train_00212_553f7eb9,False,False,227,108,463,307,2,2,fixed_budget
fixed_2,global_qwen2p5_0p5b_gsm8k::qwen2p5_0p5b__gsm8k_train_00213_de93700d__temp0.60__seed7,gsm8k_train_00213_de93700d,False,False,284,121,444,172,2,2,fixed_budget
fixed_2,global_qwen2p5_0p5b_gsm8k::qwen2p5_0p5b__gsm8k_train_00214_1bd45727__temp0.60__seed7,gsm8k_train_00214_1bd45727,False,False,201,81,264,144,2,2,fixed_budget
fixed_2,global_qwen2p5_0p5b_gsm8k::qwen2p5_0p5b__gsm8k_train_00215_16f5d4da__temp0.60__seed7,gsm8k_train_00215_16f5d4da,False,False,299,164,453,266,2,2,fixed_budget
fixed_2,global_qwen2p5_0p5b_gsm8k::qwen2p5_0p5b__gsm8k_train_00216_04d03801__temp0.60__seed7,gsm8k_train_00216_04d03801,False,False,124,34,270,182,2,2,fixed_budget
fixed_2,global_qwen2p5_0p5b_gsm8k::qwen2p5_0p5b__gsm8k_train_00217_c30f5981__temp0.60__seed7,gsm8k_train_00217_c30f5981,False,False,189,100,243,154,2,2,fixed_budget
fixed_2,global_qwen2p5_0p5b_gsm8k::qwen2p5_0p5b__gsm8k_train_00218_7ca306c2__temp0.60__seed7,gsm8k_train_00218_7ca306c2,False,False,146,46,249,150,2,2,fixed_budget
fixed_2,global_qwen2p5_0p5b_gsm8k::qwen2p5_0p5b__gsm8k_train_00219_5da8c9d5__temp0.60__seed7,gsm8k_train_00219_5da8c9d5,False,False,202,99,222,122,2,2,fixed_budget
fixed_2,global_qwen2p5_0p5b_gsm8k::qwen2p5_0p5b__gsm8k_train_00220_6b7eb356__temp0.60__seed7,gsm8k_train_00220_6b7eb356,False,False,286,129,180,56,2,2,fixed_budget
fixed_2,global_qwen2p5_0p5b_gsm8k::qwen2p5_0p5b__gsm8k_train_00221_918943c8__temp0.60__seed7,gsm8k_train_00221_918943c8,False,False,350,212,347,210,2,2,fixed_budget
fixed_2,global_qwen2p5_0p5b_gsm8k::qwen2p5_0p5b__gsm8k_train_00222_534318ae__temp0.60__seed7,gsm8k_train_00222_534318ae,False,False,211,81,270,147,2,2,fixed_budget
fixed_2,global_qwen2p5_0p5b_gsm8k::qwen2p5_0p5b__gsm8k_train_00223_82fdc86b__temp0.60__seed7,gsm8k_train_00223_82fdc86b,False,False,305,149,254,105,2,2,fixed_budget
fixed_2,global_qwen2p5_0p5b_gsm8k::qwen2p5_0p5b__gsm8k_train_00224_5b9ba692__temp0.60__seed7,gsm8k_train_00224_5b9ba692,False,False,180,44,274,169,2,2,fixed_budget
fixed_2,global_qwen2p5_0p5b_gsm8k::qwen2p5_0p5b__gsm8k_train_00225_eb4c19c6__temp0.60__seed7,gsm8k_train_00225_eb4c19c6,True,True,238,119,344,127,2,2,fixed_budget
fixed_2,global_qwen2p5_0p5b_gsm8k::qwen2p5_0p5b__gsm8k_train_00226_39aa0b05__temp0.60__seed7,gsm8k_train_00226_39aa0b05,True,True,201,103,191,95,2,2,fixed_budget
fixed_2,global_qwen2p5_0p5b_gsm8k::qwen2p5_0p5b__gsm8k_train_00227_74dc6fd7__temp0.60__seed7,gsm8k_train_00227_74dc6fd7,False,False,318,196,319,250,2,2,fixed_budget
fixed_2,global_qwen2p5_0p5b_gsm8k::qwen2p5_0p5b__gsm8k_train_00228_fa209c1f__temp0.60__seed7,gsm8k_train_00228_fa209c1f,False,False,240,112,221,89,2,2,fixed_budget
fixed_2,global_qwen2p5_0p5b_gsm8k::qwen2p5_0p5b__gsm8k_train_00229_ee69cf41__temp0.60__seed7,gsm8k_train_00229_ee69cf41,False,False,197,121,112,50,2,2,fixed_budget
fixed_2,global_qwen2p5_0p5b_gsm8k::qwen2p5_0p5b__gsm8k_train_00230_6d66ebf2__temp0.60__seed7,gsm8k_train_00230_6d66ebf2,False,False,220,152,307,169,2,2,fixed_budget
fixed_2,global_qwen2p5_0p5b_gsm8k::qwen2p5_0p5b__gsm8k_train_00231_cedef501__temp0.60__seed7,gsm8k_train_00231_cedef501,False,False,181,73,221,113,2,2,fixed_budget
fixed_2,global_qwen2p5_0p5b_gsm8k::qwen2p5_0p5b__gsm8k_train_00232_cc297bcb__temp0.60__seed7,gsm8k_train_00232_cc297bcb,False,False,159,49,202,92,2,2,fixed_budget
fixed_2,global_qwen2p5_0p5b_gsm8k::qwen2p5_0p5b__gsm8k_train_00233_a24de4df__temp0.60__seed7,gsm8k_train_00233_a24de4df,False,False,310,214,226,124,2,2,fixed_budget
fixed_2,global_qwen2p5_0p5b_gsm8k::qwen2p5_0p5b__gsm8k_train_00234_dec70119__temp0.60__seed7,gsm8k_train_00234_dec70119,False,False,186,125,212,158,2,2,fixed_budget
fixed_2,global_qwen2p5_0p5b_gsm8k::qwen2p5_0p5b__gsm8k_train_00235_16021bf2__temp0.60__seed7,gsm8k_train_00235_16021bf2,False,False,204,68,204,68,2,1,fixed_budget
fixed_2,global_qwen2p5_0p5b_gsm8k::qwen2p5_0p5b__gsm8k_train_00236_88a38078__temp0.60__seed7,gsm8k_train_00236_88a38078,False,False,201,66,252,115,2,2,fixed_budget
fixed_2,global_qwen2p5_0p5b_gsm8k::qwen2p5_0p5b__gsm8k_train_00237_e53550f2__temp0.60__seed7,gsm8k_train_00237_e53550f2,False,False,218,57,232,83,2,2,fixed_budget
fixed_2,global_qwen2p5_0p5b_gsm8k::qwen2p5_0p5b__gsm8k_train_00238_a8724a09__temp0.60__seed7,gsm8k_train_00238_a8724a09,False,False,194,100,277,177,2,2,fixed_budget
fixed_2,global_qwen2p5_0p5b_gsm8k::qwen2p5_0p5b__gsm8k_train_00239_be0432a3__temp0.60__seed7,gsm8k_train_00239_be0432a3,False,False,284,128,382,201,2,2,fixed_budget
fixed_2,global_qwen2p5_0p5b_gsm8k::qwen2p5_0p5b__gsm8k_train_00240_e99722ca__temp0.60__seed7,gsm8k_train_00240_e99722ca,False,False,173,52,212,94,2,2,fixed_budget
fixed_2,global_qwen2p5_0p5b_gsm8k::qwen2p5_0p5b__gsm8k_train_00241_1f578d8b__temp0.60__seed7,gsm8k_train_00241_1f578d8b,False,False,334,101,239,36,2,1,fixed_budget
fixed_2,global_qwen2p5_0p5b_gsm8k::qwen2p5_0p5b__gsm8k_train_00242_ae567c96__temp0.60__seed7,gsm8k_train_00242_ae567c96,False,False,188,135,107,33,2,2,fixed_budget
fixed_2,global_qwen2p5_0p5b_gsm8k::qwen2p5_0p5b__gsm8k_train_00243_72ceeee9__temp0.60__seed7,gsm8k_train_00243_72ceeee9,False,False,176,62,229,119,2,2,fixed_budget
fixed_2,global_qwen2p5_0p5b_gsm8k::qwen2p5_0p5b__gsm8k_train_00244_3afa39a0__temp0.60__seed7,gsm8k_train_00244_3afa39a0,False,False,172,67,199,85,2,2,fixed_budget
fixed_2,global_qwen2p5_0p5b_gsm8k::qwen2p5_0p5b__gsm8k_train_00245_9d0c6381__temp0.60__seed7,gsm8k_train_00245_9d0c6381,False,False,250,144,170,62,2,1,fixed_budget
fixed_2,global_qwen2p5_0p5b_gsm8k::qwen2p5_0p5b__gsm8k_train_00246_2893b455__temp0.60__seed7,gsm8k_train_00246_2893b455,False,False,191,73,200,92,2,2,fixed_budget
fixed_2,global_qwen2p5_0p5b_gsm8k::qwen2p5_0p5b__gsm8k_train_00247_75fad492__temp0.60__seed7,gsm8k_train_00247_75fad492,False,False,153,63,180,90,2,2,fixed_budget
fixed_2,global_qwen2p5_0p5b_gsm8k::qwen2p5_0p5b__gsm8k_train_00248_c4586363__temp0.60__seed7,gsm8k_train_00248_c4586363,False,False,220,160,242,87,2,2,fixed_budget
fixed_2,global_qwen2p5_0p5b_gsm8k::qwen2p5_0p5b__gsm8k_train_00249_53256b7e__temp0.60__seed7,gsm8k_train_00249_53256b7e,False,False,306,176,325,161,2,2,fixed_budget
fixed_2,global_qwen2p5_0p5b_gsm8k::qwen2p5_0p5b__gsm8k_train_00250_52f63717__temp0.60__seed7,gsm8k_train_00250_52f63717,False,False,178,79,198,93,2,2,fixed_budget
fixed_2,global_qwen2p5_0p5b_gsm8k::qwen2p5_0p5b__gsm8k_train_00251_6a00efba__temp0.60__seed7,gsm8k_train_00251_6a00efba,False,False,186,88,259,108,2,2,fixed_budget
fixed_2,global_qwen2p5_0p5b_gsm8k::qwen2p5_0p5b__gsm8k_train_00252_fa7c84f4__temp0.60__seed7,gsm8k_train_00252_fa7c84f4,True,True,469,237,554,258,2,2,fixed_budget
fixed_2,global_qwen2p5_0p5b_gsm8k::qwen2p5_0p5b__gsm8k_train_00253_66aefa74__temp0.60__seed7,gsm8k_train_00253_66aefa74,False,False,216,90,273,115,2,2,fixed_budget
fixed_2,global_qwen2p5_0p5b_gsm8k::qwen2p5_0p5b__gsm8k_train_00254_b24e02a5__temp0.60__seed7,gsm8k_train_00254_b24e02a5,True,True,247,134,199,88,2,2,fixed_budget
fixed_2,global_qwen2p5_0p5b_gsm8k::qwen2p5_0p5b__gsm8k_train_00255_f29b83f7__temp0.60__seed7,gsm8k_train_00255_f29b83f7,False,False,254,123,209,85,2,2,fixed_budget
fixed_2,global_qwen2p5_0p5b_gsm8k::qwen2p5_0p5b__gsm8k_train_00256_e43dba3a__temp0.60__seed7,gsm8k_train_00256_e43dba3a,False,False,254,114,269,175,2,2,fixed_budget
fixed_2,global_qwen2p5_0p5b_gsm8k::qwen2p5_0p5b__gsm8k_train_00257_b629f4b9__temp0.60__seed7,gsm8k_train_00257_b629f4b9,False,False,222,82,197,97,2,2,fixed_budget
fixed_2,global_qwen2p5_0p5b_gsm8k::qwen2p5_0p5b__gsm8k_train_00258_5f7ebd32__temp0.60__seed7,gsm8k_train_00258_5f7ebd32,False,False,227,115,182,79,2,2,fixed_budget
fixed_2,global_qwen2p5_0p5b_gsm8k::qwen2p5_0p5b__gsm8k_train_00259_04d1467c__temp0.60__seed7,gsm8k_train_00259_04d1467c,False,False,163,65,137,47,2,2,fixed_budget
fixed_2,global_qwen2p5_0p5b_gsm8k::qwen2p5_0p5b__gsm8k_train_00260_b1adc13c__temp0.60__seed7,gsm8k_train_00260_b1adc13c,False,False,296,119,240,48,2,2,fixed_budget
fixed_2,global_qwen2p5_0p5b_gsm8k::qwen2p5_0p5b__gsm8k_train_00261_8a43e108__temp0.60__seed7,gsm8k_train_00261_8a43e108,False,False,221,119,284,178,2,2,fixed_budget
fixed_2,global_qwen2p5_0p5b_gsm8k::qwen2p5_0p5b__gsm8k_train_00262_81925122__temp0.60__seed7,gsm8k_train_00262_81925122,True,True,319,171,276,156,2,2,fixed_budget
fixed_2,global_qwen2p5_0p5b_gsm8k::qwen2p5_0p5b__gsm8k_train_00263_e37d331e__temp0.60__seed7,gsm8k_train_00263_e37d331e,False,False,231,135,192,114,2,2,fixed_budget
fixed_2,global_qwen2p5_0p5b_gsm8k::qwen2p5_0p5b__gsm8k_train_00264_bac7a4b2__temp0.60__seed7,gsm8k_train_00264_bac7a4b2,False,False,270,147,272,154,2,2,fixed_budget
fixed_2,global_qwen2p5_0p5b_gsm8k::qwen2p5_0p5b__gsm8k_train_00265_e3f05de9__temp0.60__seed7,gsm8k_train_00265_e3f05de9,False,False,308,127,237,103,2,2,fixed_budget
fixed_2,global_qwen2p5_0p5b_gsm8k::qwen2p5_0p5b__gsm8k_train_00266_454f6dc0__temp0.60__seed7,gsm8k_train_00266_454f6dc0,False,False,172,68,149,43,2,2,fixed_budget
fixed_2,global_qwen2p5_0p5b_gsm8k::qwen2p5_0p5b__gsm8k_train_00267_c3dce41c__temp0.60__seed7,gsm8k_train_00267_c3dce41c,False,False,145,51,229,112,2,2,fixed_budget
fixed_2,global_qwen2p5_0p5b_gsm8k::qwen2p5_0p5b__gsm8k_train_00268_a5745e31__temp0.60__seed7,gsm8k_train_00268_a5745e31,False,False,292,91,178,50,2,2,fixed_budget
fixed_2,global_qwen2p5_0p5b_gsm8k::qwen2p5_0p5b__gsm8k_train_00269_ed1098a8__temp0.60__seed7,gsm8k_train_00269_ed1098a8,False,False,537,197,224,109,2,2,fixed_budget
fixed_2,global_qwen2p5_0p5b_gsm8k::qwen2p5_0p5b__gsm8k_train_00270_55185930__temp0.60__seed7,gsm8k_train_00270_55185930,False,False,250,80,264,119,2,2,fixed_budget
fixed_2,global_qwen2p5_0p5b_gsm8k::qwen2p5_0p5b__gsm8k_train_00271_5eea4943__temp0.60__seed7,gsm8k_train_00271_5eea4943,False,False,375,119,322,136,2,2,fixed_budget
fixed_2,global_qwen2p5_0p5b_gsm8k::qwen2p5_0p5b__gsm8k_train_00272_27eebeec__temp0.60__seed7,gsm8k_train_00272_27eebeec,False,False,252,114,276,150,2,2,fixed_budget
fixed_2,global_qwen2p5_0p5b_gsm8k::qwen2p5_0p5b__gsm8k_train_00273_b495e813__temp0.60__seed7,gsm8k_train_00273_b495e813,False,False,161,65,204,88,2,2,fixed_budget
fixed_2,global_qwen2p5_0p5b_gsm8k::qwen2p5_0p5b__gsm8k_train_00274_03180f5b__temp0.60__seed7,gsm8k_train_00274_03180f5b,False,False,181,64,211,113,2,2,fixed_budget
fixed_2,global_qwen2p5_0p5b_gsm8k::qwen2p5_0p5b__gsm8k_train_00275_bf17b203__temp0.60__seed7,gsm8k_train_00275_bf17b203,False,False,181,80,147,45,2,2,fixed_budget
fixed_2,global_qwen2p5_0p5b_gsm8k::qwen2p5_0p5b__gsm8k_train_00276_4674940d__temp0.60__seed7,gsm8k_train_00276_4674940d,True,False,252,115,211,104,2,2,fixed_budget
fixed_2,global_qwen2p5_0p5b_gsm8k::qwen2p5_0p5b__gsm8k_train_00277_fc707c92__temp0.60__seed7,gsm8k_train_00277_fc707c92,False,False,202,92,263,152,2,2,fixed_budget
fixed_2,global_qwen2p5_0p5b_gsm8k::qwen2p5_0p5b__gsm8k_train_00278_1bea983e__temp0.60__seed7,gsm8k_train_00278_1bea983e,False,False,147,53,202,99,2,2,fixed_budget
fixed_2,global_qwen2p5_0p5b_gsm8k::qwen2p5_0p5b__gsm8k_train_00279_37085dc5__temp0.60__seed7,gsm8k_train_00279_37085dc5,False,False,786,512,163,160,2,2,fixed_budget
fixed_2,global_qwen2p5_0p5b_gsm8k::qwen2p5_0p5b__gsm8k_train_00280_a1255acc__temp0.60__seed7,gsm8k_train_00280_a1255acc,False,False,229,99,208,58,2,2,fixed_budget
fixed_2,global_qwen2p5_0p5b_gsm8k::qwen2p5_0p5b__gsm8k_train_00281_a116f238__temp0.60__seed7,gsm8k_train_00281_a116f238,False,False,223,118,167,64,2,2,fixed_budget
fixed_2,global_qwen2p5_0p5b_gsm8k::qwen2p5_0p5b__gsm8k_train_00282_351b3e99__temp0.60__seed7,gsm8k_train_00282_351b3e99,False,False,268,198,290,165,2,2,fixed_budget
fixed_2,global_qwen2p5_0p5b_gsm8k::qwen2p5_0p5b__gsm8k_train_00283_1ed728b7__temp0.60__seed7,gsm8k_train_00283_1ed728b7,False,False,261,146,207,122,2,2,fixed_budget
fixed_2,global_qwen2p5_0p5b_gsm8k::qwen2p5_0p5b__gsm8k_train_00284_101eec9e__temp0.60__seed7,gsm8k_train_00284_101eec9e,False,False,144,44,196,93,2,2,fixed_budget
fixed_2,global_qwen2p5_0p5b_gsm8k::qwen2p5_0p5b__gsm8k_train_00285_b01cf570__temp0.60__seed7,gsm8k_train_00285_b01cf570,False,False,226,112,354,77,2,2,fixed_budget
fixed_2,global_qwen2p5_0p5b_gsm8k::qwen2p5_0p5b__gsm8k_train_00286_c511337a__temp0.60__seed7,gsm8k_train_00286_c511337a,False,False,144,45,220,124,2,2,fixed_budget
fixed_2,global_qwen2p5_0p5b_gsm8k::qwen2p5_0p5b__gsm8k_train_00287_759f3ccd__temp0.60__seed7,gsm8k_train_00287_759f3ccd,False,False,169,75,154,58,2,2,fixed_budget
fixed_2,global_qwen2p5_0p5b_gsm8k::qwen2p5_0p5b__gsm8k_train_00288_9941b54a__temp0.60__seed7,gsm8k_train_00288_9941b54a,True,True,294,180,193,123,2,2,fixed_budget
fixed_2,global_qwen2p5_0p5b_gsm8k::qwen2p5_0p5b__gsm8k_train_00289_78b6355f__temp0.60__seed7,gsm8k_train_00289_78b6355f,False,False,308,119,239,102,2,2,fixed_budget
fixed_2,global_qwen2p5_0p5b_gsm8k::qwen2p5_0p5b__gsm8k_train_00290_793c43a0__temp0.60__seed7,gsm8k_train_00290_793c43a0,True,True,260,162,226,79,2,2,fixed_budget
fixed_2,global_qwen2p5_0p5b_gsm8k::qwen2p5_0p5b__gsm8k_train_00291_222e4b93__temp0.60__seed7,gsm8k_train_00291_222e4b93,False,False,237,108,295,138,2,2,fixed_budget
fixed_2,global_qwen2p5_0p5b_gsm8k::qwen2p5_0p5b__gsm8k_train_00292_613e5bf6__temp0.60__seed7,gsm8k_train_00292_613e5bf6,False,False,264,135,298,113,2,2,fixed_budget
fixed_2,global_qwen2p5_0p5b_gsm8k::qwen2p5_0p5b__gsm8k_train_00293_2ed3e21c__temp0.60__seed7,gsm8k_train_00293_2ed3e21c,False,False,211,88,256,121,2,2,fixed_budget
fixed_2,global_qwen2p5_0p5b_gsm8k::qwen2p5_0p5b__gsm8k_train_00294_c1d5fdf8__temp0.60__seed7,gsm8k_train_00294_c1d5fdf8,False,False,248,150,249,157,2,2,fixed_budget
fixed_2,global_qwen2p5_0p5b_gsm8k::qwen2p5_0p5b__gsm8k_train_00295_9256fde3__temp0.60__seed7,gsm8k_train_00295_9256fde3,False,True,358,244,254,75,2,2,fixed_budget
fixed_2,global_qwen2p5_0p5b_gsm8k::qwen2p5_0p5b__gsm8k_train_00296_9984d811__temp0.60__seed7,gsm8k_train_00296_9984d811,False,False,235,90,218,103,2,2,fixed_budget
fixed_2,global_qwen2p5_0p5b_gsm8k::qwen2p5_0p5b__gsm8k_train_00297_5f9c19ec__temp0.60__seed7,gsm8k_train_00297_5f9c19ec,False,False,254,114,328,174,2,2,fixed_budget
fixed_2,global_qwen2p5_0p5b_gsm8k::qwen2p5_0p5b__gsm8k_train_00298_f172703b__temp0.60__seed7,gsm8k_train_00298_f172703b,False,False,242,108,401,273,2,2,fixed_budget
fixed_2,global_qwen2p5_0p5b_gsm8k::qwen2p5_0p5b__gsm8k_train_00299_55e7dd80__temp0.60__seed7,gsm8k_train_00299_55e7dd80,False,False,161,35,387,261,2,2,fixed_budget
fixed_2,global_qwen2p5_0p5b_gsm8k::qwen2p5_0p5b__gsm8k_train_00300_178c50e8__temp0.60__seed7,gsm8k_train_00300_178c50e8,False,False,627,343,182,79,2,2,fixed_budget
fixed_2,global_qwen2p5_0p5b_gsm8k::qwen2p5_0p5b__gsm8k_train_00301_b83e6a92__temp0.60__seed7,gsm8k_train_00301_b83e6a92,True,True,256,105,276,98,2,2,fixed_budget
fixed_2,global_qwen2p5_0p5b_gsm8k::qwen2p5_0p5b__gsm8k_train_00302_60d41d6e__temp0.60__seed7,gsm8k_train_00302_60d41d6e,False,False,146,124,153,106,2,2,fixed_budget
fixed_2,global_qwen2p5_0p5b_gsm8k::qwen2p5_0p5b__gsm8k_train_00303_124e3c96__temp0.60__seed7,gsm8k_train_00303_124e3c96,False,False,260,136,314,203,2,2,fixed_budget
fixed_2,global_qwen2p5_0p5b_gsm8k::qwen2p5_0p5b__gsm8k_train_00304_a79860e3__temp0.60__seed7,gsm8k_train_00304_a79860e3,False,False,227,137,205,167,2,2,fixed_budget
fixed_2,global_qwen2p5_0p5b_gsm8k::qwen2p5_0p5b__gsm8k_train_00305_01c6f0cc__temp0.60__seed7,gsm8k_train_00305_01c6f0cc,True,True,201,107,186,92,2,2,fixed_budget
fixed_2,global_qwen2p5_0p5b_gsm8k::qwen2p5_0p5b__gsm8k_train_00306_0bff07c6__temp0.60__seed7,gsm8k_train_00306_0bff07c6,False,False,177,58,175,50,2,2,fixed_budget
fixed_2,global_qwen2p5_0p5b_gsm8k::qwen2p5_0p5b__gsm8k_train_00307_03498a83__temp0.60__seed7,gsm8k_train_00307_03498a83,True,True,310,118,380,146,2,2,fixed_budget
fixed_2,global_qwen2p5_0p5b_gsm8k::qwen2p5_0p5b__gsm8k_train_00308_70febfd0__temp0.60__seed7,gsm8k_train_00308_70febfd0,False,False,223,167,196,147,2,2,fixed_budget
fixed_2,global_qwen2p5_0p5b_gsm8k::qwen2p5_0p5b__gsm8k_train_00309_9db599dc__temp0.60__seed7,gsm8k_train_00309_9db599dc,False,False,175,55,196,91,2,2,fixed_budget
fixed_2,global_qwen2p5_0p5b_gsm8k::qwen2p5_0p5b__gsm8k_train_00310_a5024a26__temp0.60__seed7,gsm8k_train_00310_a5024a26,False,False,250,165,249,127,2,2,fixed_budget
fixed_2,global_qwen2p5_0p5b_gsm8k::qwen2p5_0p5b__gsm8k_train_00311_ec2ac658__temp0.60__seed7,gsm8k_train_00311_ec2ac658,False,False,296,115,209,107,2,2,fixed_budget
fixed_2,global_qwen2p5_0p5b_gsm8k::qwen2p5_0p5b__gsm8k_train_00312_94304b65__temp0.60__seed7,gsm8k_train_00312_94304b65,False,False,324,196,383,264,2,2,fixed_budget
fixed_2,global_qwen2p5_0p5b_gsm8k::qwen2p5_0p5b__gsm8k_train_00313_6a078d2b__temp0.60__seed7,gsm8k_train_00313_6a078d2b,False,False,390,190,122,68,2,2,fixed_budget
fixed_2,global_qwen2p5_0p5b_gsm8k::qwen2p5_0p5b__gsm8k_train_00314_8812385c__temp0.60__seed7,gsm8k_train_00314_8812385c,False,False,195,74,346,190,2,2,fixed_budget
fixed_2,global_qwen2p5_0p5b_gsm8k::qwen2p5_0p5b__gsm8k_train_00315_8d51cd4b__temp0.60__seed7,gsm8k_train_00315_8d51cd4b,False,False,171,57,262,152,2,2,fixed_budget
fixed_2,global_qwen2p5_0p5b_gsm8k::qwen2p5_0p5b__gsm8k_train_00316_adf25ddf__temp0.60__seed7,gsm8k_train_00316_adf25ddf,False,False,174,72,253,129,2,2,fixed_budget
fixed_2,global_qwen2p5_0p5b_gsm8k::qwen2p5_0p5b__gsm8k_train_00317_eaf49e29__temp0.60__seed7,gsm8k_train_00317_eaf49e29,True,True,157,148,282,193,2,2,fixed_budget
fixed_2,global_qwen2p5_0p5b_gsm8k::qwen2p5_0p5b__gsm8k_train_00318_d2ad9d17__temp0.60__seed7,gsm8k_train_00318_d2ad9d17,False,False,218,98,200,87,2,2,fixed_budget
fixed_2,global_qwen2p5_0p5b_gsm8k::qwen2p5_0p5b__gsm8k_train_00319_4dc76dab__temp0.60__seed7,gsm8k_train_00319_4dc76dab,False,False,344,135,305,173,2,2,fixed_budget
fixed_2,global_qwen2p5_0p5b_gsm8k::qwen2p5_0p5b__gsm8k_train_00320_c3fdec7a__temp0.60__seed7,gsm8k_train_00320_c3fdec7a,False,True,315,183,348,129,2,2,fixed_budget
fixed_2,global_qwen2p5_0p5b_gsm8k::qwen2p5_0p5b__gsm8k_train_00321_0d257b92__temp0.60__seed7,gsm8k_train_00321_0d257b92,False,False,383,249,232,128,2,2,fixed_budget
fixed_2,global_qwen2p5_0p5b_gsm8k::qwen2p5_0p5b__gsm8k_train_00322_ac2fb126__temp0.60__seed7,gsm8k_train_00322_ac2fb126,False,False,228,78,170,68,2,2,fixed_budget
fixed_2,global_qwen2p5_0p5b_gsm8k::qwen2p5_0p5b__gsm8k_train_00323_28b39657__temp0.60__seed7,gsm8k_train_00323_28b39657,False,False,460,163,413,226,2,2,fixed_budget
fixed_2,global_qwen2p5_0p5b_gsm8k::qwen2p5_0p5b__gsm8k_train_00324_cf13d88a__temp0.60__seed7,gsm8k_train_00324_cf13d88a,False,False,250,101,247,98,2,2,fixed_budget
fixed_2,global_qwen2p5_0p5b_gsm8k::qwen2p5_0p5b__gsm8k_train_00325_0a4e70f9__temp0.60__seed7,gsm8k_train_00325_0a4e70f9,False,False,291,124,207,70,2,2,fixed_budget
fixed_2,global_qwen2p5_0p5b_gsm8k::qwen2p5_0p5b__gsm8k_train_00326_79a58dec__temp0.60__seed7,gsm8k_train_00326_79a58dec,False,False,225,99,193,64,2,2,fixed_budget
fixed_2,global_qwen2p5_0p5b_gsm8k::qwen2p5_0p5b__gsm8k_train_00327_2b0e1317__temp0.60__seed7,gsm8k_train_00327_2b0e1317,False,False,292,148,220,90,2,2,fixed_budget
fixed_2,global_qwen2p5_0p5b_gsm8k::qwen2p5_0p5b__gsm8k_train_00328_ba349088__temp0.60__seed7,gsm8k_train_00328_ba349088,False,False,216,83,204,66,2,2,fixed_budget
fixed_2,global_qwen2p5_0p5b_gsm8k::qwen2p5_0p5b__gsm8k_train_00329_79b43409__temp0.60__seed7,gsm8k_train_00329_79b43409,False,False,281,153,283,133,2,2,fixed_budget
fixed_2,global_qwen2p5_0p5b_gsm8k::qwen2p5_0p5b__gsm8k_train_00330_58ae1037__temp0.60__seed7,gsm8k_train_00330_58ae1037,True,False,633,213,447,125,2,2,fixed_budget
fixed_2,global_qwen2p5_0p5b_gsm8k::qwen2p5_0p5b__gsm8k_train_00331_7fe14f6a__temp0.60__seed7,gsm8k_train_00331_7fe14f6a,False,False,270,118,193,78,2,2,fixed_budget
fixed_2,global_qwen2p5_0p5b_gsm8k::qwen2p5_0p5b__gsm8k_train_00332_813d296d__temp0.60__seed7,gsm8k_train_00332_813d296d,False,False,160,56,281,86,2,2,fixed_budget
fixed_2,global_qwen2p5_0p5b_gsm8k::qwen2p5_0p5b__gsm8k_train_00333_97556f60__temp0.60__seed7,gsm8k_train_00333_97556f60,False,False,163,52,383,230,2,2,fixed_budget
fixed_2,global_qwen2p5_0p5b_gsm8k::qwen2p5_0p5b__gsm8k_train_00334_4fd8b54a__temp0.60__seed7,gsm8k_train_00334_4fd8b54a,True,True,243,156,171,44,2,2,fixed_budget
fixed_2,global_qwen2p5_0p5b_gsm8k::qwen2p5_0p5b__gsm8k_train_00335_349160c7__temp0.60__seed7,gsm8k_train_00335_349160c7,False,True,485,158,287,78,2,1,fixed_budget
fixed_2,global_qwen2p5_0p5b_gsm8k::qwen2p5_0p5b__gsm8k_train_00336_90686554__temp0.60__seed7,gsm8k_train_00336_90686554,False,False,199,149,275,122,2,2,fixed_budget
fixed_2,global_qwen2p5_0p5b_gsm8k::qwen2p5_0p5b__gsm8k_train_00337_dec731e3__temp0.60__seed7,gsm8k_train_00337_dec731e3,False,False,199,140,222,103,2,2,fixed_budget
fixed_2,global_qwen2p5_0p5b_gsm8k::qwen2p5_0p5b__gsm8k_train_00338_8e51689a__temp0.60__seed7,gsm8k_train_00338_8e51689a,False,False,215,92,211,71,2,2,fixed_budget
fixed_2,global_qwen2p5_0p5b_gsm8k::qwen2p5_0p5b__gsm8k_train_00339_2142a2f1__temp0.60__seed7,gsm8k_train_00339_2142a2f1,False,False,233,93,255,121,2,2,fixed_budget
fixed_2,global_qwen2p5_0p5b_gsm8k::qwen2p5_0p5b__gsm8k_train_00340_c2a10e75__temp0.60__seed7,gsm8k_train_00340_c2a10e75,False,False,254,122,285,159,2,2,fixed_budget
fixed_2,global_qwen2p5_0p5b_gsm8k::qwen2p5_0p5b__gsm8k_train_00341_d44d6a9d__temp0.60__seed7,gsm8k_train_00341_d44d6a9d,False,False,265,139,203,84,2,2,fixed_budget
fixed_2,global_qwen2p5_0p5b_gsm8k::qwen2p5_0p5b__gsm8k_train_00342_82ac83d7__temp0.60__seed7,gsm8k_train_00342_82ac83d7,False,False,458,382,141,73,2,2,fixed_budget
fixed_2,global_qwen2p5_0p5b_gsm8k::qwen2p5_0p5b__gsm8k_train_00343_98ddd971__temp0.60__seed7,gsm8k_train_00343_98ddd971,True,False,197,95,175,72,2,2,fixed_budget
fixed_2,global_qwen2p5_0p5b_gsm8k::qwen2p5_0p5b__gsm8k_train_00344_5597dc05__temp0.60__seed7,gsm8k_train_00344_5597dc05,True,True,242,137,230,125,2,2,fixed_budget
fixed_2,global_qwen2p5_0p5b_gsm8k::qwen2p5_0p5b__gsm8k_train_00345_b58843e4__temp0.60__seed7,gsm8k_train_00345_b58843e4,False,False,263,139,235,130,2,2,fixed_budget
fixed_2,global_qwen2p5_0p5b_gsm8k::qwen2p5_0p5b__gsm8k_train_00346_72d3639f__temp0.60__seed7,gsm8k_train_00346_72d3639f,False,False,208,109,279,173,2,2,fixed_budget
fixed_2,global_qwen2p5_0p5b_gsm8k::qwen2p5_0p5b__gsm8k_train_00347_6074969f__temp0.60__seed7,gsm8k_train_00347_6074969f,False,False,210,93,219,102,2,2,fixed_budget
fixed_2,global_qwen2p5_0p5b_gsm8k::qwen2p5_0p5b__gsm8k_train_00348_85a85ec9__temp0.60__seed7,gsm8k_train_00348_85a85ec9,False,False,273,117,268,103,2,2,fixed_budget
fixed_2,global_qwen2p5_0p5b_gsm8k::qwen2p5_0p5b__gsm8k_train_00349_40a4ab0b__temp0.60__seed7,gsm8k_train_00349_40a4ab0b,False,False,213,108,291,169,2,2,fixed_budget
fixed_2,global_qwen2p5_0p5b_gsm8k::qwen2p5_0p5b__gsm8k_train_00350_7c77c8f5__temp0.60__seed7,gsm8k_train_00350_7c77c8f5,False,False,244,101,244,140,2,2,fixed_budget
fixed_2,global_qwen2p5_0p5b_gsm8k::qwen2p5_0p5b__gsm8k_train_00351_bff889e2__temp0.60__seed7,gsm8k_train_00351_bff889e2,False,False,274,169,194,81,2,2,fixed_budget
fixed_2,global_qwen2p5_0p5b_gsm8k::qwen2p5_0p5b__gsm8k_train_00352_70898572__temp0.60__seed7,gsm8k_train_00352_70898572,True,False,266,171,223,125,2,2,fixed_budget
fixed_2,global_qwen2p5_0p5b_gsm8k::qwen2p5_0p5b__gsm8k_train_00353_97c9dd71__temp0.60__seed7,gsm8k_train_00353_97c9dd71,False,False,297,125,151,62,2,2,fixed_budget
fixed_2,global_qwen2p5_0p5b_gsm8k::qwen2p5_0p5b__gsm8k_train_00354_2d7cee2e__temp0.60__seed7,gsm8k_train_00354_2d7cee2e,False,False,287,131,257,156,2,2,fixed_budget
fixed_2,global_qwen2p5_0p5b_gsm8k::qwen2p5_0p5b__gsm8k_train_00355_3e0d1c11__temp0.60__seed7,gsm8k_train_00355_3e0d1c11,False,False,247,70,304,120,2,2,fixed_budget
fixed_2,global_qwen2p5_0p5b_gsm8k::qwen2p5_0p5b__gsm8k_train_00356_02b693ce__temp0.60__seed7,gsm8k_train_00356_02b693ce,False,False,308,157,252,98,2,2,fixed_budget
fixed_2,global_qwen2p5_0p5b_gsm8k::qwen2p5_0p5b__gsm8k_train_00357_c0c69aad__temp0.60__seed7,gsm8k_train_00357_c0c69aad,False,False,166,97,239,151,2,2,fixed_budget
fixed_2,global_qwen2p5_0p5b_gsm8k::qwen2p5_0p5b__gsm8k_train_00358_925744af__temp0.60__seed7,gsm8k_train_00358_925744af,False,False,163,50,138,46,2,2,fixed_budget
fixed_2,global_qwen2p5_0p5b_gsm8k::qwen2p5_0p5b__gsm8k_train_00359_b6b01a67__temp0.60__seed7,gsm8k_train_00359_b6b01a67,True,True,226,119,146,37,2,2,fixed_budget
fixed_2,global_qwen2p5_0p5b_gsm8k::qwen2p5_0p5b__gsm8k_train_00360_2fd5df74__temp0.60__seed7,gsm8k_train_00360_2fd5df74,False,False,166,49,192,90,2,2,fixed_budget
fixed_2,global_qwen2p5_0p5b_gsm8k::qwen2p5_0p5b__gsm8k_train_00361_5f1cfbfb__temp0.60__seed7,gsm8k_train_00361_5f1cfbfb,False,False,155,44,235,120,2,2,fixed_budget
fixed_2,global_qwen2p5_0p5b_gsm8k::qwen2p5_0p5b__gsm8k_train_00362_5a048f5c__temp0.60__seed7,gsm8k_train_00362_5a048f5c,False,False,238,92,393,250,2,2,fixed_budget
fixed_2,global_qwen2p5_0p5b_gsm8k::qwen2p5_0p5b__gsm8k_train_00363_66409a67__temp0.60__seed7,gsm8k_train_00363_66409a67,True,True,168,100,211,96,2,2,fixed_budget
fixed_2,global_qwen2p5_0p5b_gsm8k::qwen2p5_0p5b__gsm8k_train_00364_1d8c1668__temp0.60__seed7,gsm8k_train_00364_1d8c1668,False,False,265,146,354,80,2,1,fixed_budget
fixed_2,global_qwen2p5_0p5b_gsm8k::qwen2p5_0p5b__gsm8k_train_00365_c44d2e28__temp0.60__seed7,gsm8k_train_00365_c44d2e28,True,False,315,251,150,112,2,2,fixed_budget
fixed_2,global_qwen2p5_0p5b_gsm8k::qwen2p5_0p5b__gsm8k_train_00366_d7a09b1d__temp0.60__seed7,gsm8k_train_00366_d7a09b1d,False,False,180,95,95,56,2,2,fixed_budget
fixed_2,global_qwen2p5_0p5b_gsm8k::qwen2p5_0p5b__gsm8k_train_00367_03038fa7__temp0.60__seed7,gsm8k_train_00367_03038fa7,False,False,266,133,228,89,2,2,fixed_budget
fixed_2,global_qwen2p5_0p5b_gsm8k::qwen2p5_0p5b__gsm8k_train_00368_e2816e32__temp0.60__seed7,gsm8k_train_00368_e2816e32,False,False,341,139,246,60,2,2,fixed_budget
fixed_2,global_qwen2p5_0p5b_gsm8k::qwen2p5_0p5b__gsm8k_train_00369_60cbcca3__temp0.60__seed7,gsm8k_train_00369_60cbcca3,False,False,150,50,290,176,2,2,fixed_budget
fixed_2,global_qwen2p5_0p5b_gsm8k::qwen2p5_0p5b__gsm8k_train_00370_09e34bf5__temp0.60__seed7,gsm8k_train_00370_09e34bf5,False,False,381,158,410,267,2,2,fixed_budget
fixed_2,global_qwen2p5_0p5b_gsm8k::qwen2p5_0p5b__gsm8k_train_00371_4fc432bd__temp0.60__seed7,gsm8k_train_00371_4fc432bd,False,False,269,158,251,102,2,2,fixed_budget
fixed_2,global_qwen2p5_0p5b_gsm8k::qwen2p5_0p5b__gsm8k_train_00372_9da1f8f3__temp0.60__seed7,gsm8k_train_00372_9da1f8f3,False,False,182,106,105,53,2,2,fixed_budget
fixed_2,global_qwen2p5_0p5b_gsm8k::qwen2p5_0p5b__gsm8k_train_00373_91efe6ba__temp0.60__seed7,gsm8k_train_00373_91efe6ba,False,False,240,73,239,57,2,2,fixed_budget
fixed_2,global_qwen2p5_0p5b_gsm8k::qwen2p5_0p5b__gsm8k_train_00374_a42b4164__temp0.60__seed7,gsm8k_train_00374_a42b4164,False,False,253,185,391,314,2,2,fixed_budget
fixed_2,global_qwen2p5_0p5b_gsm8k::qwen2p5_0p5b__gsm8k_train_00375_30405a9a__temp0.60__seed7,gsm8k_train_00375_30405a9a,True,True,175,83,177,87,2,2,fixed_budget
fixed_2,global_qwen2p5_0p5b_gsm8k::qwen2p5_0p5b__gsm8k_train_00376_daad0e07__temp0.60__seed7,gsm8k_train_00376_daad0e07,False,False,214,86,221,120,2,2,fixed_budget
fixed_2,global_qwen2p5_0p5b_gsm8k::qwen2p5_0p5b__gsm8k_train_00377_24b68c3f__temp0.60__seed7,gsm8k_train_00377_24b68c3f,False,False,182,88,284,133,2,2,fixed_budget
fixed_2,global_qwen2p5_0p5b_gsm8k::qwen2p5_0p5b__gsm8k_train_00378_a9b0ebbb__temp0.60__seed7,gsm8k_train_00378_a9b0ebbb,False,False,309,116,326,140,2,2,fixed_budget
fixed_2,global_qwen2p5_0p5b_gsm8k::qwen2p5_0p5b__gsm8k_train_00379_e82d6336__temp0.60__seed7,gsm8k_train_00379_e82d6336,True,True,257,162,379,275,2,2,fixed_budget
fixed_2,global_qwen2p5_0p5b_gsm8k::qwen2p5_0p5b__gsm8k_train_00380_1506e400__temp0.60__seed7,gsm8k_train_00380_1506e400,False,False,310,154,348,173,2,2,fixed_budget
fixed_2,global_qwen2p5_0p5b_gsm8k::qwen2p5_0p5b__gsm8k_train_00381_884ab0e4__temp0.60__seed7,gsm8k_train_00381_884ab0e4,False,False,231,102,252,117,2,2,fixed_budget
fixed_2,global_qwen2p5_0p5b_gsm8k::qwen2p5_0p5b__gsm8k_train_00382_9d509a52__temp0.60__seed7,gsm8k_train_00382_9d509a52,False,False,203,85,204,86,2,2,fixed_budget
fixed_2,global_qwen2p5_0p5b_gsm8k::qwen2p5_0p5b__gsm8k_train_00383_1b46d27c__temp0.60__seed7,gsm8k_train_00383_1b46d27c,False,False,152,49,190,83,2,2,fixed_budget
fixed_2,global_qwen2p5_0p5b_gsm8k::qwen2p5_0p5b__gsm8k_train_00384_30d9094c__temp0.60__seed7,gsm8k_train_00384_30d9094c,False,False,210,72,239,101,2,2,fixed_budget
fixed_2,global_qwen2p5_0p5b_gsm8k::qwen2p5_0p5b__gsm8k_train_00385_e90b6c3f__temp0.60__seed7,gsm8k_train_00385_e90b6c3f,False,False,147,82,135,33,2,2,fixed_budget
fixed_2,global_qwen2p5_0p5b_gsm8k::qwen2p5_0p5b__gsm8k_train_00386_3c2fb65d__temp0.60__seed7,gsm8k_train_00386_3c2fb65d,False,False,727,295,608,169,2,2,fixed_budget
fixed_2,global_qwen2p5_0p5b_gsm8k::qwen2p5_0p5b__gsm8k_train_00387_cf5267dd__temp0.60__seed7,gsm8k_train_00387_cf5267dd,True,True,189,103,190,83,2,2,fixed_budget
fixed_2,global_qwen2p5_0p5b_gsm8k::qwen2p5_0p5b__gsm8k_train_00388_43aa6ebe__temp0.60__seed7,gsm8k_train_00388_43aa6ebe,False,False,161,54,304,190,2,2,fixed_budget
fixed_2,global_qwen2p5_0p5b_gsm8k::qwen2p5_0p5b__gsm8k_train_00389_7aa25187__temp0.60__seed7,gsm8k_train_00389_7aa25187,False,False,208,104,203,91,2,2,fixed_budget
fixed_2,global_qwen2p5_0p5b_gsm8k::qwen2p5_0p5b__gsm8k_train_00390_b245c9c3__temp0.60__seed7,gsm8k_train_00390_b245c9c3,True,True,256,220,149,85,2,2,fixed_budget
fixed_2,global_qwen2p5_0p5b_gsm8k::qwen2p5_0p5b__gsm8k_train_00391_0b488089__temp0.60__seed7,gsm8k_train_00391_0b488089,True,True,191,77,228,128,2,2,fixed_budget
fixed_2,global_qwen2p5_0p5b_gsm8k::qwen2p5_0p5b__gsm8k_train_00392_7292120b__temp0.60__seed7,gsm8k_train_00392_7292120b,False,False,345,153,321,170,2,2,fixed_budget
fixed_2,global_qwen2p5_0p5b_gsm8k::qwen2p5_0p5b__gsm8k_train_00393_6dac68bf__temp0.60__seed7,gsm8k_train_00393_6dac68bf,False,False,350,225,240,113,2,2,fixed_budget
fixed_2,global_qwen2p5_0p5b_gsm8k::qwen2p5_0p5b__gsm8k_train_00394_d2de2460__temp0.60__seed7,gsm8k_train_00394_d2de2460,False,False,174,59,256,123,2,2,fixed_budget
fixed_2,global_qwen2p5_0p5b_gsm8k::qwen2p5_0p5b__gsm8k_train_00395_75332737__temp0.60__seed7,gsm8k_train_00395_75332737,False,False,235,118,242,102,2,2,fixed_budget
fixed_2,global_qwen2p5_0p5b_gsm8k::qwen2p5_0p5b__gsm8k_train_00396_4f079d9e__temp0.60__seed7,gsm8k_train_00396_4f079d9e,True,True,418,258,275,203,2,2,fixed_budget
fixed_2,global_qwen2p5_0p5b_gsm8k::qwen2p5_0p5b__gsm8k_train_00397_c7651224__temp0.60__seed7,gsm8k_train_00397_c7651224,False,False,242,111,228,104,2,2,fixed_budget
fixed_2,global_qwen2p5_0p5b_gsm8k::qwen2p5_0p5b__gsm8k_train_00398_bbdd9761__temp0.60__seed7,gsm8k_train_00398_bbdd9761,False,False,213,183,249,93,2,2,fixed_budget
fixed_2,global_qwen2p5_0p5b_gsm8k::qwen2p5_0p5b__gsm8k_train_00399_d3221990__temp0.60__seed7,gsm8k_train_00399_d3221990,False,True,293,170,326,196,2,2,fixed_budget
fixed_2,global_qwen2p5_0p5b_gsm8k::qwen2p5_0p5b__gsm8k_train_00400_fd55d0dd__temp0.60__seed7,gsm8k_train_00400_fd55d0dd,False,False,335,133,277,97,2,2,fixed_budget
fixed_2,global_qwen2p5_0p5b_gsm8k::qwen2p5_0p5b__gsm8k_train_00401_73bcf4f9__temp0.60__seed7,gsm8k_train_00401_73bcf4f9,False,False,299,131,198,67,2,2,fixed_budget
fixed_2,global_qwen2p5_0p5b_gsm8k::qwen2p5_0p5b__gsm8k_train_00402_02520dd6__temp0.60__seed7,gsm8k_train_00402_02520dd6,False,False,147,46,129,34,2,2,fixed_budget
fixed_2,global_qwen2p5_0p5b_gsm8k::qwen2p5_0p5b__gsm8k_train_00403_26dd39d5__temp0.60__seed7,gsm8k_train_00403_26dd39d5,False,False,567,302,317,143,2,2,fixed_budget
fixed_2,global_qwen2p5_0p5b_gsm8k::qwen2p5_0p5b__gsm8k_train_00404_73da7140__temp0.60__seed7,gsm8k_train_00404_73da7140,False,False,177,73,229,121,2,2,fixed_budget
fixed_2,global_qwen2p5_0p5b_gsm8k::qwen2p5_0p5b__gsm8k_train_00405_dc16c140__temp0.60__seed7,gsm8k_train_00405_dc16c140,False,False,167,47,214,97,2,2,fixed_budget
fixed_2,global_qwen2p5_0p5b_gsm8k::qwen2p5_0p5b__gsm8k_train_00406_5b2205dd__temp0.60__seed7,gsm8k_train_00406_5b2205dd,False,False,255,121,282,149,2,2,fixed_budget
fixed_2,global_qwen2p5_0p5b_gsm8k::qwen2p5_0p5b__gsm8k_train_00407_3ad5864c__temp0.60__seed7,gsm8k_train_00407_3ad5864c,False,False,196,81,199,94,2,2,fixed_budget
fixed_2,global_qwen2p5_0p5b_gsm8k::qwen2p5_0p5b__gsm8k_train_00408_8347f884__temp0.60__seed7,gsm8k_train_00408_8347f884,False,False,518,216,289,154,2,2,fixed_budget
fixed_2,global_qwen2p5_0p5b_gsm8k::qwen2p5_0p5b__gsm8k_train_00409_8d884dfc__temp0.60__seed7,gsm8k_train_00409_8d884dfc,False,False,177,124,245,140,2,2,fixed_budget
fixed_2,global_qwen2p5_0p5b_gsm8k::qwen2p5_0p5b__gsm8k_train_00410_14ef17d8__temp0.60__seed7,gsm8k_train_00410_14ef17d8,False,False,212,82,229,112,2,2,fixed_budget
fixed_2,global_qwen2p5_0p5b_gsm8k::qwen2p5_0p5b__gsm8k_train_00411_de717ea7__temp0.60__seed7,gsm8k_train_00411_de717ea7,True,True,243,102,245,106,2,2,fixed_budget
fixed_2,global_qwen2p5_0p5b_gsm8k::qwen2p5_0p5b__gsm8k_train_00412_12a34ea6__temp0.60__seed7,gsm8k_train_00412_12a34ea6,False,False,382,119,373,54,2,2,fixed_budget
fixed_2,global_qwen2p5_0p5b_gsm8k::qwen2p5_0p5b__gsm8k_train_00413_c3d9270d__temp0.60__seed7,gsm8k_train_00413_c3d9270d,False,False,187,109,311,156,2,2,fixed_budget
fixed_2,global_qwen2p5_0p5b_gsm8k::qwen2p5_0p5b__gsm8k_train_00414_b10ff9e0__temp0.60__seed7,gsm8k_train_00414_b10ff9e0,True,True,267,156,272,167,2,2,fixed_budget
fixed_2,global_qwen2p5_0p5b_gsm8k::qwen2p5_0p5b__gsm8k_train_00415_6bcafdd7__temp0.60__seed7,gsm8k_train_00415_6bcafdd7,False,False,288,146,216,50,2,2,fixed_budget
fixed_2,global_qwen2p5_0p5b_gsm8k::qwen2p5_0p5b__gsm8k_train_00416_5d47aa5a__temp0.60__seed7,gsm8k_train_00416_5d47aa5a,False,False,391,236,266,122,2,2,fixed_budget
fixed_2,global_qwen2p5_0p5b_gsm8k::qwen2p5_0p5b__gsm8k_train_00417_5fc1dcc0__temp0.60__seed7,gsm8k_train_00417_5fc1dcc0,False,False,322,86,158,10,2,2,fixed_budget
fixed_2,global_qwen2p5_0p5b_gsm8k::qwen2p5_0p5b__gsm8k_train_00418_a3a9a679__temp0.60__seed7,gsm8k_train_00418_a3a9a679,False,False,253,130,212,47,2,2,fixed_budget
fixed_2,global_qwen2p5_0p5b_gsm8k::qwen2p5_0p5b__gsm8k_train_00419_5059882c__temp0.60__seed7,gsm8k_train_00419_5059882c,False,False,218,47,190,76,2,2,fixed_budget
fixed_2,global_qwen2p5_0p5b_gsm8k::qwen2p5_0p5b__gsm8k_train_00420_f428f08a__temp0.60__seed7,gsm8k_train_00420_f428f08a,False,False,191,96,170,77,2,2,fixed_budget
fixed_2,global_qwen2p5_0p5b_gsm8k::qwen2p5_0p5b__gsm8k_train_00421_d416fb5e__temp0.60__seed7,gsm8k_train_00421_d416fb5e,False,False,286,123,408,60,2,1,fixed_budget
fixed_2,global_qwen2p5_0p5b_gsm8k::qwen2p5_0p5b__gsm8k_train_00422_b594187d__temp0.60__seed7,gsm8k_train_00422_b594187d,True,True,299,167,207,122,2,2,fixed_budget
fixed_2,global_qwen2p5_0p5b_gsm8k::qwen2p5_0p5b__gsm8k_train_00423_9285e93b__temp0.60__seed7,gsm8k_train_00423_9285e93b,False,False,268,172,468,248,2,2,fixed_budget
fixed_2,global_qwen2p5_0p5b_gsm8k::qwen2p5_0p5b__gsm8k_train_00424_38832a64__temp0.60__seed7,gsm8k_train_00424_38832a64,True,True,329,203,263,119,2,2,fixed_budget
fixed_2,global_qwen2p5_0p5b_gsm8k::qwen2p5_0p5b__gsm8k_train_00425_1e2311b8__temp0.60__seed7,gsm8k_train_00425_1e2311b8,False,False,458,324,412,311,2,2,fixed_budget
fixed_2,global_qwen2p5_0p5b_gsm8k::qwen2p5_0p5b__gsm8k_train_00426_a282618c__temp0.60__seed7,gsm8k_train_00426_a282618c,False,False,209,67,166,80,2,2,fixed_budget
fixed_2,global_qwen2p5_0p5b_gsm8k::qwen2p5_0p5b__gsm8k_train_00427_19f07260__temp0.60__seed7,gsm8k_train_00427_19f07260,False,False,157,55,157,62,2,2,fixed_budget
fixed_2,global_qwen2p5_0p5b_gsm8k::qwen2p5_0p5b__gsm8k_train_00428_0aa07209__temp0.60__seed7,gsm8k_train_00428_0aa07209,False,False,174,64,293,180,2,2,fixed_budget
fixed_2,global_qwen2p5_0p5b_gsm8k::qwen2p5_0p5b__gsm8k_train_00429_5b524699__temp0.60__seed7,gsm8k_train_00429_5b524699,False,False,245,138,263,138,2,2,fixed_budget
fixed_2,global_qwen2p5_0p5b_gsm8k::qwen2p5_0p5b__gsm8k_train_00430_4a1c79e9__temp0.60__seed7,gsm8k_train_00430_4a1c79e9,False,False,168,60,211,103,2,2,fixed_budget
fixed_2,global_qwen2p5_0p5b_gsm8k::qwen2p5_0p5b__gsm8k_train_00431_4ea4b590__temp0.60__seed7,gsm8k_train_00431_4ea4b590,False,False,247,149,243,144,2,2,fixed_budget
fixed_2,global_qwen2p5_0p5b_gsm8k::qwen2p5_0p5b__gsm8k_train_00432_14dae555__temp0.60__seed7,gsm8k_train_00432_14dae555,False,False,319,128,263,110,2,2,fixed_budget
fixed_2,global_qwen2p5_0p5b_gsm8k::qwen2p5_0p5b__gsm8k_train_00433_66831ea1__temp0.60__seed7,gsm8k_train_00433_66831ea1,False,False,363,182,297,104,2,2,fixed_budget
fixed_2,global_qwen2p5_0p5b_gsm8k::qwen2p5_0p5b__gsm8k_train_00434_54549646__temp0.60__seed7,gsm8k_train_00434_54549646,False,False,251,110,264,131,2,2,fixed_budget
fixed_2,global_qwen2p5_0p5b_gsm8k::qwen2p5_0p5b__gsm8k_train_00435_3fc28f2b__temp0.60__seed7,gsm8k_train_00435_3fc28f2b,False,False,228,165,180,132,2,2,fixed_budget
fixed_2,global_qwen2p5_0p5b_gsm8k::qwen2p5_0p5b__gsm8k_train_00436_24ae34a8__temp0.60__seed7,gsm8k_train_00436_24ae34a8,False,False,166,63,237,89,2,2,fixed_budget
fixed_2,global_qwen2p5_0p5b_gsm8k::qwen2p5_0p5b__gsm8k_train_00437_7e053f87__temp0.60__seed7,gsm8k_train_00437_7e053f87,False,False,184,82,231,111,2,2,fixed_budget
fixed_2,global_qwen2p5_0p5b_gsm8k::qwen2p5_0p5b__gsm8k_train_00438_b8505cf1__temp0.60__seed7,gsm8k_train_00438_b8505cf1,True,True,348,152,307,150,2,2,fixed_budget
fixed_2,global_qwen2p5_0p5b_gsm8k::qwen2p5_0p5b__gsm8k_train_00439_61371264__temp0.60__seed7,gsm8k_train_00439_61371264,False,False,204,86,252,122,2,2,fixed_budget
fixed_2,global_qwen2p5_0p5b_gsm8k::qwen2p5_0p5b__gsm8k_train_00440_7534b705__temp0.60__seed7,gsm8k_train_00440_7534b705,False,False,284,148,247,116,2,2,fixed_budget
fixed_2,global_qwen2p5_0p5b_gsm8k::qwen2p5_0p5b__gsm8k_train_00441_71482c9e__temp0.60__seed7,gsm8k_train_00441_71482c9e,True,True,290,202,167,57,2,2,fixed_budget
fixed_2,global_qwen2p5_0p5b_gsm8k::qwen2p5_0p5b__gsm8k_train_00442_5186a8d0__temp0.60__seed7,gsm8k_train_00442_5186a8d0,False,False,398,245,335,168,2,2,fixed_budget
fixed_2,global_qwen2p5_0p5b_gsm8k::qwen2p5_0p5b__gsm8k_train_00443_53cb9354__temp0.60__seed7,gsm8k_train_00443_53cb9354,False,True,267,168,218,72,2,2,fixed_budget
fixed_2,global_qwen2p5_0p5b_gsm8k::qwen2p5_0p5b__gsm8k_train_00444_3d58fa4c__temp0.60__seed7,gsm8k_train_00444_3d58fa4c,False,True,444,152,296,128,2,2,fixed_budget
fixed_2,global_qwen2p5_0p5b_gsm8k::qwen2p5_0p5b__gsm8k_train_00445_a99a06a6__temp0.60__seed7,gsm8k_train_00445_a99a06a6,False,False,170,96,192,163,2,2,fixed_budget
fixed_2,global_qwen2p5_0p5b_gsm8k::qwen2p5_0p5b__gsm8k_train_00446_2d877008__temp0.60__seed7,gsm8k_train_00446_2d877008,False,False,152,49,210,107,2,2,fixed_budget
fixed_2,global_qwen2p5_0p5b_gsm8k::qwen2p5_0p5b__gsm8k_train_00447_8756df90__temp0.60__seed7,gsm8k_train_00447_8756df90,False,False,136,37,190,88,2,2,fixed_budget
fixed_2,global_qwen2p5_0p5b_gsm8k::qwen2p5_0p5b__gsm8k_train_00448_1ffff8c2__temp0.60__seed7,gsm8k_train_00448_1ffff8c2,False,False,166,75,200,100,2,2,fixed_budget
fixed_2,global_qwen2p5_0p5b_gsm8k::qwen2p5_0p5b__gsm8k_train_00449_67ea9071__temp0.60__seed7,gsm8k_train_00449_67ea9071,False,False,181,75,278,168,2,2,fixed_budget
fixed_2,global_qwen2p5_0p5b_gsm8k::qwen2p5_0p5b__gsm8k_train_00450_9fc2570c__temp0.60__seed7,gsm8k_train_00450_9fc2570c,False,False,163,127,393,262,2,2,fixed_budget
fixed_2,global_qwen2p5_0p5b_gsm8k::qwen2p5_0p5b__gsm8k_train_00451_dbb0ac4d__temp0.60__seed7,gsm8k_train_00451_dbb0ac4d,False,False,186,72,241,115,2,2,fixed_budget
fixed_2,global_qwen2p5_0p5b_gsm8k::qwen2p5_0p5b__gsm8k_train_00452_5eb81d0d__temp0.60__seed7,gsm8k_train_00452_5eb81d0d,False,False,258,75,406,106,2,2,fixed_budget
fixed_2,global_qwen2p5_0p5b_gsm8k::qwen2p5_0p5b__gsm8k_train_00453_ead65c2b__temp0.60__seed7,gsm8k_train_00453_ead65c2b,False,False,174,22,294,146,2,2,fixed_budget
fixed_2,global_qwen2p5_0p5b_gsm8k::qwen2p5_0p5b__gsm8k_train_00454_3f51e724__temp0.60__seed7,gsm8k_train_00454_3f51e724,False,False,242,157,151,32,2,2,fixed_budget
fixed_2,global_qwen2p5_0p5b_gsm8k::qwen2p5_0p5b__gsm8k_train_00455_1ba51c88__temp0.60__seed7,gsm8k_train_00455_1ba51c88,True,False,228,121,299,205,2,2,fixed_budget
fixed_2,global_qwen2p5_0p5b_gsm8k::qwen2p5_0p5b__gsm8k_train_00456_5818d304__temp0.60__seed7,gsm8k_train_00456_5818d304,True,True,415,147,124,120,2,2,fixed_budget
fixed_2,global_qwen2p5_0p5b_gsm8k::qwen2p5_0p5b__gsm8k_train_00457_20e60001__temp0.60__seed7,gsm8k_train_00457_20e60001,False,False,233,97,244,102,2,2,fixed_budget
fixed_2,global_qwen2p5_0p5b_gsm8k::qwen2p5_0p5b__gsm8k_train_00458_15e84edb__temp0.60__seed7,gsm8k_train_00458_15e84edb,False,False,199,70,314,169,2,2,fixed_budget
fixed_2,global_qwen2p5_0p5b_gsm8k::qwen2p5_0p5b__gsm8k_train_00459_697e690c__temp0.60__seed7,gsm8k_train_00459_697e690c,True,True,155,64,315,154,2,2,fixed_budget
fixed_2,global_qwen2p5_0p5b_gsm8k::qwen2p5_0p5b__gsm8k_train_00460_173dc1e6__temp0.60__seed7,gsm8k_train_00460_173dc1e6,False,False,257,213,189,91,2,2,fixed_budget
fixed_2,global_qwen2p5_0p5b_gsm8k::qwen2p5_0p5b__gsm8k_train_00461_c2762107__temp0.60__seed7,gsm8k_train_00461_c2762107,True,True,234,115,181,80,2,2,fixed_budget
fixed_2,global_qwen2p5_0p5b_gsm8k::qwen2p5_0p5b__gsm8k_train_00462_d5f2bc81__temp0.60__seed7,gsm8k_train_00462_d5f2bc81,False,False,214,86,179,58,2,2,fixed_budget
fixed_2,global_qwen2p5_0p5b_gsm8k::qwen2p5_0p5b__gsm8k_train_00463_fbbaa707__temp0.60__seed7,gsm8k_train_00463_fbbaa707,False,False,167,76,293,132,2,2,fixed_budget
fixed_2,global_qwen2p5_0p5b_gsm8k::qwen2p5_0p5b__gsm8k_train_00464_8b1c0a47__temp0.60__seed7,gsm8k_train_00464_8b1c0a47,False,False,300,243,217,80,2,2,fixed_budget
fixed_2,global_qwen2p5_0p5b_gsm8k::qwen2p5_0p5b__gsm8k_train_00465_e88fcabd__temp0.60__seed7,gsm8k_train_00465_e88fcabd,False,False,335,78,214,80,2,2,fixed_budget
fixed_2,global_qwen2p5_0p5b_gsm8k::qwen2p5_0p5b__gsm8k_train_00466_79c74467__temp0.60__seed7,gsm8k_train_00466_79c74467,False,False,188,60,240,99,2,2,fixed_budget
fixed_2,global_qwen2p5_0p5b_gsm8k::qwen2p5_0p5b__gsm8k_train_00467_46e1b14c__temp0.60__seed7,gsm8k_train_00467_46e1b14c,False,False,202,78,226,101,2,2,fixed_budget
fixed_2,global_qwen2p5_0p5b_gsm8k::qwen2p5_0p5b__gsm8k_train_00468_4f8cc2e6__temp0.60__seed7,gsm8k_train_00468_4f8cc2e6,False,True,448,123,434,80,2,2,fixed_budget
fixed_2,global_qwen2p5_0p5b_gsm8k::qwen2p5_0p5b__gsm8k_train_00469_b8c02f8f__temp0.60__seed7,gsm8k_train_00469_b8c02f8f,False,False,319,181,444,217,2,2,fixed_budget
fixed_2,global_qwen2p5_0p5b_gsm8k::qwen2p5_0p5b__gsm8k_train_00470_05b7dcc7__temp0.60__seed7,gsm8k_train_00470_05b7dcc7,False,False,305,129,183,108,2,2,fixed_budget
fixed_2,global_qwen2p5_0p5b_gsm8k::qwen2p5_0p5b__gsm8k_train_00471_6958c646__temp0.60__seed7,gsm8k_train_00471_6958c646,False,False,195,63,195,75,2,2,fixed_budget
fixed_2,global_qwen2p5_0p5b_gsm8k::qwen2p5_0p5b__gsm8k_train_00472_50e3a56a__temp0.60__seed7,gsm8k_train_00472_50e3a56a,False,False,172,69,152,47,2,2,fixed_budget
fixed_2,global_qwen2p5_0p5b_gsm8k::qwen2p5_0p5b__gsm8k_train_00473_926c50c9__temp0.60__seed7,gsm8k_train_00473_926c50c9,False,False,239,93,248,71,2,2,fixed_budget
fixed_2,global_qwen2p5_0p5b_gsm8k::qwen2p5_0p5b__gsm8k_train_00474_c3816fd6__temp0.60__seed7,gsm8k_train_00474_c3816fd6,True,True,300,188,282,132,2,2,fixed_budget
fixed_2,global_qwen2p5_0p5b_gsm8k::qwen2p5_0p5b__gsm8k_train_00475_b4eae3d3__temp0.60__seed7,gsm8k_train_00475_b4eae3d3,False,False,210,62,260,133,2,2,fixed_budget
fixed_2,global_qwen2p5_0p5b_gsm8k::qwen2p5_0p5b__gsm8k_train_00476_4df2013a__temp0.60__seed7,gsm8k_train_00476_4df2013a,False,False,232,99,291,123,2,2,fixed_budget
fixed_2,global_qwen2p5_0p5b_gsm8k::qwen2p5_0p5b__gsm8k_train_00477_adc7978e__temp0.60__seed7,gsm8k_train_00477_adc7978e,False,False,210,95,439,334,2,2,fixed_budget
fixed_2,global_qwen2p5_0p5b_gsm8k::qwen2p5_0p5b__gsm8k_train_00478_19647995__temp0.60__seed7,gsm8k_train_00478_19647995,False,False,246,145,168,63,2,2,fixed_budget
fixed_2,global_qwen2p5_0p5b_gsm8k::qwen2p5_0p5b__gsm8k_train_00479_c9497af5__temp0.60__seed7,gsm8k_train_00479_c9497af5,False,False,234,84,264,131,2,2,fixed_budget
fixed_2,global_qwen2p5_0p5b_gsm8k::qwen2p5_0p5b__gsm8k_train_00480_c7ac907e__temp0.60__seed7,gsm8k_train_00480_c7ac907e,False,False,182,91,151,59,2,2,fixed_budget
fixed_2,global_qwen2p5_0p5b_gsm8k::qwen2p5_0p5b__gsm8k_train_00481_446a1373__temp0.60__seed7,gsm8k_train_00481_446a1373,False,False,241,63,289,165,2,2,fixed_budget
fixed_2,global_qwen2p5_0p5b_gsm8k::qwen2p5_0p5b__gsm8k_train_00482_8a4e0f45__temp0.60__seed7,gsm8k_train_00482_8a4e0f45,False,False,294,181,141,75,2,2,fixed_budget
fixed_2,global_qwen2p5_0p5b_gsm8k::qwen2p5_0p5b__gsm8k_train_00483_2bbe064c__temp0.60__seed7,gsm8k_train_00483_2bbe064c,False,False,187,87,300,195,2,2,fixed_budget
fixed_2,global_qwen2p5_0p5b_gsm8k::qwen2p5_0p5b__gsm8k_train_00484_1272d43c__temp0.60__seed7,gsm8k_train_00484_1272d43c,False,False,394,198,231,123,2,2,fixed_budget
fixed_2,global_qwen2p5_0p5b_gsm8k::qwen2p5_0p5b__gsm8k_train_00485_df42abb5__temp0.60__seed7,gsm8k_train_00485_df42abb5,False,False,172,56,262,143,2,2,fixed_budget
fixed_2,global_qwen2p5_0p5b_gsm8k::qwen2p5_0p5b__gsm8k_train_00486_211b7643__temp0.60__seed7,gsm8k_train_00486_211b7643,False,False,291,212,318,197,2,2,fixed_budget
fixed_2,global_qwen2p5_0p5b_gsm8k::qwen2p5_0p5b__gsm8k_train_00487_172f60d4__temp0.60__seed7,gsm8k_train_00487_172f60d4,False,False,207,117,237,147,2,2,fixed_budget
fixed_2,global_qwen2p5_0p5b_gsm8k::qwen2p5_0p5b__gsm8k_train_00488_97dc49fd__temp0.60__seed7,gsm8k_train_00488_97dc49fd,False,False,303,132,339,162,2,2,fixed_budget
fixed_2,global_qwen2p5_0p5b_gsm8k::qwen2p5_0p5b__gsm8k_train_00489_20f8762a__temp0.60__seed7,gsm8k_train_00489_20f8762a,True,True,276,186,390,142,2,2,fixed_budget
fixed_2,global_qwen2p5_0p5b_gsm8k::qwen2p5_0p5b__gsm8k_train_00490_b1da46d2__temp0.60__seed7,gsm8k_train_00490_b1da46d2,False,True,305,160,215,76,2,2,fixed_budget
fixed_2,global_qwen2p5_0p5b_gsm8k::qwen2p5_0p5b__gsm8k_train_00491_d552f519__temp0.60__seed7,gsm8k_train_00491_d552f519,False,False,197,86,298,126,2,2,fixed_budget
fixed_2,global_qwen2p5_0p5b_gsm8k::qwen2p5_0p5b__gsm8k_train_00492_4d56269c__temp0.60__seed7,gsm8k_train_00492_4d56269c,True,True,201,82,206,93,2,2,fixed_budget
fixed_2,global_qwen2p5_0p5b_gsm8k::qwen2p5_0p5b__gsm8k_train_00493_bdda0c8e__temp0.60__seed7,gsm8k_train_00493_bdda0c8e,False,False,202,88,242,153,2,2,fixed_budget
fixed_2,global_qwen2p5_0p5b_gsm8k::qwen2p5_0p5b__gsm8k_train_00494_837c70ae__temp0.60__seed7,gsm8k_train_00494_837c70ae,False,False,637,405,645,306,2,2,fixed_budget
fixed_2,global_qwen2p5_0p5b_gsm8k::qwen2p5_0p5b__gsm8k_train_00495_d2bda970__temp0.60__seed7,gsm8k_train_00495_d2bda970,False,False,351,172,332,168,2,2,fixed_budget
fixed_2,global_qwen2p5_0p5b_gsm8k::qwen2p5_0p5b__gsm8k_train_00496_e6c2f698__temp0.60__seed7,gsm8k_train_00496_e6c2f698,False,False,249,122,268,130,2,2,fixed_budget
fixed_2,global_qwen2p5_0p5b_gsm8k::qwen2p5_0p5b__gsm8k_train_00497_5b07364e__temp0.60__seed7,gsm8k_train_00497_5b07364e,False,False,211,138,368,231,2,2,fixed_budget
fixed_2,global_qwen2p5_0p5b_gsm8k::qwen2p5_0p5b__gsm8k_train_00498_52832c16__temp0.60__seed7,gsm8k_train_00498_52832c16,False,False,153,39,194,59,2,2,fixed_budget
fixed_2,global_qwen2p5_0p5b_gsm8k::qwen2p5_0p5b__gsm8k_train_00499_8942a62c__temp0.60__seed7,gsm8k_train_00499_8942a62c,False,False,195,96,188,50,2,2,fixed_budget
fixed_2,global_qwen2p5_0p5b_gsm8k::qwen2p5_0p5b__gsm8k_train_00500_5f39a9ad__temp0.60__seed7,gsm8k_train_00500_5f39a9ad,False,False,134,52,140,53,2,2,fixed_budget
fixed_2,global_qwen2p5_0p5b_gsm8k::qwen2p5_0p5b__gsm8k_train_00501_efc096f1__temp0.60__seed7,gsm8k_train_00501_efc096f1,False,False,139,44,239,146,2,2,fixed_budget
fixed_2,global_qwen2p5_0p5b_gsm8k::qwen2p5_0p5b__gsm8k_train_00502_80096cc9__temp0.60__seed7,gsm8k_train_00502_80096cc9,False,False,297,157,231,92,2,2,fixed_budget
fixed_2,global_qwen2p5_0p5b_gsm8k::qwen2p5_0p5b__gsm8k_train_00503_a9518996__temp0.60__seed7,gsm8k_train_00503_a9518996,False,False,248,86,402,291,2,2,fixed_budget
fixed_2,global_qwen2p5_0p5b_gsm8k::qwen2p5_0p5b__gsm8k_train_00504_e6d2e6ea__temp0.60__seed7,gsm8k_train_00504_e6d2e6ea,False,False,273,157,186,108,2,2,fixed_budget
fixed_2,global_qwen2p5_0p5b_gsm8k::qwen2p5_0p5b__gsm8k_train_00505_4440ebaf__temp0.60__seed7,gsm8k_train_00505_4440ebaf,False,False,273,160,165,133,2,2,fixed_budget
fixed_2,global_qwen2p5_0p5b_gsm8k::qwen2p5_0p5b__gsm8k_train_00506_d0e5242b__temp0.60__seed7,gsm8k_train_00506_d0e5242b,False,False,158,47,171,52,2,2,fixed_budget
fixed_2,global_qwen2p5_0p5b_gsm8k::qwen2p5_0p5b__gsm8k_train_00507_b04b0565__temp0.60__seed7,gsm8k_train_00507_b04b0565,False,False,204,98,287,193,2,2,fixed_budget
fixed_2,global_qwen2p5_0p5b_gsm8k::qwen2p5_0p5b__gsm8k_train_00508_3b1dcfd5__temp0.60__seed7,gsm8k_train_00508_3b1dcfd5,False,False,318,164,389,160,2,2,fixed_budget
fixed_2,global_qwen2p5_0p5b_gsm8k::qwen2p5_0p5b__gsm8k_train_00509_27c682f7__temp0.60__seed7,gsm8k_train_00509_27c682f7,False,False,206,82,173,50,2,2,fixed_budget
fixed_2,global_qwen2p5_0p5b_gsm8k::qwen2p5_0p5b__gsm8k_train_00510_123640c4__temp0.60__seed7,gsm8k_train_00510_123640c4,False,False,173,57,437,319,2,2,fixed_budget
fixed_2,global_qwen2p5_0p5b_gsm8k::qwen2p5_0p5b__gsm8k_train_00511_ba33df35__temp0.60__seed7,gsm8k_train_00511_ba33df35,False,False,300,132,270,108,2,2,fixed_budget
fixed_2,global_qwen2p5_0p5b_gsm8k::qwen2p5_0p5b__gsm8k_train_00512_c43e5ccc__temp0.60__seed7,gsm8k_train_00512_c43e5ccc,False,False,398,212,369,125,2,2,fixed_budget
fixed_2,global_qwen2p5_0p5b_gsm8k::qwen2p5_0p5b__gsm8k_train_00513_bdb08447__temp0.60__seed7,gsm8k_train_00513_bdb08447,False,False,193,109,123,43,2,2,fixed_budget
fixed_2,global_qwen2p5_0p5b_gsm8k::qwen2p5_0p5b__gsm8k_train_00514_8ed427a9__temp0.60__seed7,gsm8k_train_00514_8ed427a9,False,False,275,122,209,52,2,2,fixed_budget
fixed_2,global_qwen2p5_0p5b_gsm8k::qwen2p5_0p5b__gsm8k_train_00515_e570a908__temp0.60__seed7,gsm8k_train_00515_e570a908,False,False,423,302,291,170,2,2,fixed_budget
fixed_2,global_qwen2p5_0p5b_gsm8k::qwen2p5_0p5b__gsm8k_train_00516_09d2347d__temp0.60__seed7,gsm8k_train_00516_09d2347d,False,False,372,98,188,69,2,1,fixed_budget
fixed_2,global_qwen2p5_0p5b_gsm8k::qwen2p5_0p5b__gsm8k_train_00517_8da13e42__temp0.60__seed7,gsm8k_train_00517_8da13e42,False,False,285,175,238,102,2,2,fixed_budget
fixed_2,global_qwen2p5_0p5b_gsm8k::qwen2p5_0p5b__gsm8k_train_00518_0aca116d__temp0.60__seed7,gsm8k_train_00518_0aca116d,True,False,518,264,351,167,2,2,fixed_budget
fixed_2,global_qwen2p5_0p5b_gsm8k::qwen2p5_0p5b__gsm8k_train_00519_df1a4ed8__temp0.60__seed7,gsm8k_train_00519_df1a4ed8,False,False,205,85,226,109,2,2,fixed_budget
fixed_2,global_qwen2p5_0p5b_gsm8k::qwen2p5_0p5b__gsm8k_train_00520_14cb9f87__temp0.60__seed7,gsm8k_train_00520_14cb9f87,False,False,222,81,248,122,2,2,fixed_budget
fixed_2,global_qwen2p5_0p5b_gsm8k::qwen2p5_0p5b__gsm8k_train_00521_9a77e027__temp0.60__seed7,gsm8k_train_00521_9a77e027,False,False,373,241,409,257,2,2,fixed_budget
fixed_2,global_qwen2p5_0p5b_gsm8k::qwen2p5_0p5b__gsm8k_train_00522_ceeba2cc__temp0.60__seed7,gsm8k_train_00522_ceeba2cc,False,False,388,328,620,68,2,2,fixed_budget
fixed_2,global_qwen2p5_0p5b_gsm8k::qwen2p5_0p5b__gsm8k_train_00523_b5a53d32__temp0.60__seed7,gsm8k_train_00523_b5a53d32,False,False,156,54,174,62,2,2,fixed_budget
fixed_2,global_qwen2p5_0p5b_gsm8k::qwen2p5_0p5b__gsm8k_train_00524_e0f4a159__temp0.60__seed7,gsm8k_train_00524_e0f4a159,False,False,175,80,278,175,2,2,fixed_budget
fixed_2,global_qwen2p5_0p5b_gsm8k::qwen2p5_0p5b__gsm8k_train_00525_b2ec57de__temp0.60__seed7,gsm8k_train_00525_b2ec57de,False,False,254,134,262,171,2,2,fixed_budget
fixed_2,global_qwen2p5_0p5b_gsm8k::qwen2p5_0p5b__gsm8k_train_00526_0b70dc5a__temp0.60__seed7,gsm8k_train_00526_0b70dc5a,False,False,241,151,250,127,2,2,fixed_budget
fixed_2,global_qwen2p5_0p5b_gsm8k::qwen2p5_0p5b__gsm8k_train_00527_633a006c__temp0.60__seed7,gsm8k_train_00527_633a006c,False,False,221,112,210,132,2,2,fixed_budget
fixed_2,global_qwen2p5_0p5b_gsm8k::qwen2p5_0p5b__gsm8k_train_00528_2d718fff__temp0.60__seed7,gsm8k_train_00528_2d718fff,False,False,166,139,161,21,2,2,fixed_budget
fixed_2,global_qwen2p5_0p5b_gsm8k::qwen2p5_0p5b__gsm8k_train_00529_eaf73b33__temp0.60__seed7,gsm8k_train_00529_eaf73b33,True,False,203,72,263,129,2,2,fixed_budget
fixed_2,global_qwen2p5_0p5b_gsm8k::qwen2p5_0p5b__gsm8k_train_00530_54d7ba8d__temp0.60__seed7,gsm8k_train_00530_54d7ba8d,False,False,248,116,248,116,2,2,fixed_budget
fixed_2,global_qwen2p5_0p5b_gsm8k::qwen2p5_0p5b__gsm8k_train_00531_58b37a58__temp0.60__seed7,gsm8k_train_00531_58b37a58,False,False,173,71,165,63,2,2,fixed_budget
fixed_2,global_qwen2p5_0p5b_gsm8k::qwen2p5_0p5b__gsm8k_train_00532_29ed0b08__temp0.60__seed7,gsm8k_train_00532_29ed0b08,False,False,243,167,195,159,2,2,fixed_budget
fixed_2,global_qwen2p5_0p5b_gsm8k::qwen2p5_0p5b__gsm8k_train_00533_7773fc36__temp0.60__seed7,gsm8k_train_00533_7773fc36,False,False,264,140,214,81,2,2,fixed_budget
fixed_2,global_qwen2p5_0p5b_gsm8k::qwen2p5_0p5b__gsm8k_train_00534_b0be75be__temp0.60__seed7,gsm8k_train_00534_b0be75be,False,False,197,116,259,110,2,2,fixed_budget
fixed_2,global_qwen2p5_0p5b_gsm8k::qwen2p5_0p5b__gsm8k_train_00535_9465dd13__temp0.60__seed7,gsm8k_train_00535_9465dd13,False,True,203,101,302,82,2,2,fixed_budget
fixed_2,global_qwen2p5_0p5b_gsm8k::qwen2p5_0p5b__gsm8k_train_00536_0fc151fa__temp0.60__seed7,gsm8k_train_00536_0fc151fa,True,True,333,158,244,65,2,2,fixed_budget
fixed_2,global_qwen2p5_0p5b_gsm8k::qwen2p5_0p5b__gsm8k_train_00537_1fc1f8bd__temp0.60__seed7,gsm8k_train_00537_1fc1f8bd,True,True,546,228,352,162,2,2,fixed_budget
fixed_2,global_qwen2p5_0p5b_gsm8k::qwen2p5_0p5b__gsm8k_train_00538_860f3ae0__temp0.60__seed7,gsm8k_train_00538_860f3ae0,False,False,663,324,336,184,2,2,fixed_budget
fixed_2,global_qwen2p5_0p5b_gsm8k::qwen2p5_0p5b__gsm8k_train_00539_814b7fa5__temp0.60__seed7,gsm8k_train_00539_814b7fa5,False,False,211,88,227,110,2,2,fixed_budget
fixed_2,global_qwen2p5_0p5b_gsm8k::qwen2p5_0p5b__gsm8k_train_00540_035472f0__temp0.60__seed7,gsm8k_train_00540_035472f0,False,False,226,102,196,86,2,2,fixed_budget
fixed_2,global_qwen2p5_0p5b_gsm8k::qwen2p5_0p5b__gsm8k_train_00541_e32d6f22__temp0.60__seed7,gsm8k_train_00541_e32d6f22,False,False,191,70,135,42,2,2,fixed_budget
fixed_2,global_qwen2p5_0p5b_gsm8k::qwen2p5_0p5b__gsm8k_train_00542_a3e05d4f__temp0.60__seed7,gsm8k_train_00542_a3e05d4f,False,False,386,262,418,119,2,2,fixed_budget
fixed_2,global_qwen2p5_0p5b_gsm8k::qwen2p5_0p5b__gsm8k_train_00543_574fcc53__temp0.60__seed7,gsm8k_train_00543_574fcc53,False,False,198,78,223,111,2,2,fixed_budget
fixed_2,global_qwen2p5_0p5b_gsm8k::qwen2p5_0p5b__gsm8k_train_00544_952795bc__temp0.60__seed7,gsm8k_train_00544_952795bc,False,False,243,96,317,169,2,2,fixed_budget
fixed_2,global_qwen2p5_0p5b_gsm8k::qwen2p5_0p5b__gsm8k_train_00545_9e3be551__temp0.60__seed7,gsm8k_train_00545_9e3be551,False,False,287,129,355,198,2,2,fixed_budget
fixed_2,global_qwen2p5_0p5b_gsm8k::qwen2p5_0p5b__gsm8k_train_00546_398295ad__temp0.60__seed7,gsm8k_train_00546_398295ad,False,False,224,100,293,169,2,2,fixed_budget
fixed_2,global_qwen2p5_0p5b_gsm8k::qwen2p5_0p5b__gsm8k_train_00547_c33655dd__temp0.60__seed7,gsm8k_train_00547_c33655dd,False,False,257,154,201,130,2,2,fixed_budget
fixed_2,global_qwen2p5_0p5b_gsm8k::qwen2p5_0p5b__gsm8k_train_00548_42caa4b7__temp0.60__seed7,gsm8k_train_00548_42caa4b7,False,False,185,83,232,122,2,2,fixed_budget
fixed_2,global_qwen2p5_0p5b_gsm8k::qwen2p5_0p5b__gsm8k_train_00549_b16aa324__temp0.60__seed7,gsm8k_train_00549_b16aa324,False,False,163,61,251,149,2,2,fixed_budget
fixed_2,global_qwen2p5_0p5b_gsm8k::qwen2p5_0p5b__gsm8k_train_00550_b2554117__temp0.60__seed7,gsm8k_train_00550_b2554117,False,False,283,127,96,27,2,1,fixed_budget
fixed_2,global_qwen2p5_0p5b_gsm8k::qwen2p5_0p5b__gsm8k_train_00551_919d91fb__temp0.60__seed7,gsm8k_train_00551_919d91fb,False,False,262,112,206,90,2,2,fixed_budget
fixed_2,global_qwen2p5_0p5b_gsm8k::qwen2p5_0p5b__gsm8k_train_00552_2ef0613a__temp0.60__seed7,gsm8k_train_00552_2ef0613a,False,False,326,195,237,116,2,2,fixed_budget
fixed_2,global_qwen2p5_0p5b_gsm8k::qwen2p5_0p5b__gsm8k_train_00553_d8484dfe__temp0.60__seed7,gsm8k_train_00553_d8484dfe,False,False,295,135,305,179,2,2,fixed_budget
fixed_2,global_qwen2p5_0p5b_gsm8k::qwen2p5_0p5b__gsm8k_train_00554_38413bbc__temp0.60__seed7,gsm8k_train_00554_38413bbc,False,False,207,84,274,72,2,2,fixed_budget
fixed_2,global_qwen2p5_0p5b_gsm8k::qwen2p5_0p5b__gsm8k_train_00555_dee00fb0__temp0.60__seed7,gsm8k_train_00555_dee00fb0,True,True,260,92,435,303,2,2,fixed_budget
fixed_2,global_qwen2p5_0p5b_gsm8k::qwen2p5_0p5b__gsm8k_train_00556_e4201a87__temp0.60__seed7,gsm8k_train_00556_e4201a87,False,False,215,86,291,160,2,2,fixed_budget
fixed_2,global_qwen2p5_0p5b_gsm8k::qwen2p5_0p5b__gsm8k_train_00557_c4600c6a__temp0.60__seed7,gsm8k_train_00557_c4600c6a,False,False,211,89,240,102,2,2,fixed_budget
fixed_2,global_qwen2p5_0p5b_gsm8k::qwen2p5_0p5b__gsm8k_train_00558_e00f7acf__temp0.60__seed7,gsm8k_train_00558_e00f7acf,False,True,215,116,227,126,2,2,fixed_budget
fixed_2,global_qwen2p5_0p5b_gsm8k::qwen2p5_0p5b__gsm8k_train_00559_7f2e32e4__temp0.60__seed7,gsm8k_train_00559_7f2e32e4,False,True,562,413,403,286,2,2,fixed_budget
fixed_2,global_qwen2p5_0p5b_gsm8k::qwen2p5_0p5b__gsm8k_train_00560_494396e7__temp0.60__seed7,gsm8k_train_00560_494396e7,False,False,170,52,159,55,2,2,fixed_budget
fixed_2,global_qwen2p5_0p5b_gsm8k::qwen2p5_0p5b__gsm8k_train_00561_adce15a7__temp0.60__seed7,gsm8k_train_00561_adce15a7,False,False,249,88,227,62,2,2,fixed_budget
fixed_2,global_qwen2p5_0p5b_gsm8k::qwen2p5_0p5b__gsm8k_train_00562_3b1beeac__temp0.60__seed7,gsm8k_train_00562_3b1beeac,False,False,410,313,114,47,2,2,fixed_budget
fixed_2,global_qwen2p5_0p5b_gsm8k::qwen2p5_0p5b__gsm8k_train_00563_16134e47__temp0.60__seed7,gsm8k_train_00563_16134e47,False,False,230,147,264,109,2,2,fixed_budget
fixed_2,global_qwen2p5_0p5b_gsm8k::qwen2p5_0p5b__gsm8k_train_00564_d28a40a9__temp0.60__seed7,gsm8k_train_00564_d28a40a9,True,False,227,63,187,55,2,2,fixed_budget
fixed_2,global_qwen2p5_0p5b_gsm8k::qwen2p5_0p5b__gsm8k_train_00565_82252103__temp0.60__seed7,gsm8k_train_00565_82252103,False,False,162,41,214,83,2,2,fixed_budget
fixed_2,global_qwen2p5_0p5b_gsm8k::qwen2p5_0p5b__gsm8k_train_00566_fff31e2b__temp0.60__seed7,gsm8k_train_00566_fff31e2b,True,True,271,121,292,146,2,2,fixed_budget
fixed_2,global_qwen2p5_0p5b_gsm8k::qwen2p5_0p5b__gsm8k_train_00567_fcb9a432__temp0.60__seed7,gsm8k_train_00567_fcb9a432,False,False,266,127,205,72,2,2,fixed_budget
fixed_2,global_qwen2p5_0p5b_gsm8k::qwen2p5_0p5b__gsm8k_train_00568_f4386aea__temp0.60__seed7,gsm8k_train_00568_f4386aea,False,False,297,168,171,8,2,2,fixed_budget
fixed_2,global_qwen2p5_0p5b_gsm8k::qwen2p5_0p5b__gsm8k_train_00569_6739650f__temp0.60__seed7,gsm8k_train_00569_6739650f,False,False,208,145,207,163,2,2,fixed_budget
fixed_2,global_qwen2p5_0p5b_gsm8k::qwen2p5_0p5b__gsm8k_train_00570_3baef353__temp0.60__seed7,gsm8k_train_00570_3baef353,False,False,224,81,182,68,2,2,fixed_budget
fixed_2,global_qwen2p5_0p5b_gsm8k::qwen2p5_0p5b__gsm8k_train_00571_878e6fec__temp0.60__seed7,gsm8k_train_00571_878e6fec,False,False,274,113,331,191,2,2,fixed_budget
fixed_2,global_qwen2p5_0p5b_gsm8k::qwen2p5_0p5b__gsm8k_train_00572_f47a72e1__temp0.60__seed7,gsm8k_train_00572_f47a72e1,True,True,230,134,193,80,2,2,fixed_budget
fixed_2,global_qwen2p5_0p5b_gsm8k::qwen2p5_0p5b__gsm8k_train_00573_9ed0cbc7__temp0.60__seed7,gsm8k_train_00573_9ed0cbc7,True,True,233,141,134,79,2,2,fixed_budget
fixed_2,global_qwen2p5_0p5b_gsm8k::qwen2p5_0p5b__gsm8k_train_00574_2ee64a4c__temp0.60__seed7,gsm8k_train_00574_2ee64a4c,False,False,234,113,241,97,2,2,fixed_budget
fixed_2,global_qwen2p5_0p5b_gsm8k::qwen2p5_0p5b__gsm8k_train_00575_75d842ed__temp0.60__seed7,gsm8k_train_00575_75d842ed,False,False,320,248,161,101,2,2,fixed_budget
fixed_2,global_qwen2p5_0p5b_gsm8k::qwen2p5_0p5b__gsm8k_train_00576_830a59a3__temp0.60__seed7,gsm8k_train_00576_830a59a3,False,False,206,101,242,136,2,2,fixed_budget
fixed_2,global_qwen2p5_0p5b_gsm8k::qwen2p5_0p5b__gsm8k_train_00577_7dd7b4fc__temp0.60__seed7,gsm8k_train_00577_7dd7b4fc,False,False,510,224,513,216,2,2,fixed_budget
fixed_2,global_qwen2p5_0p5b_gsm8k::qwen2p5_0p5b__gsm8k_train_00578_d2e038fe__temp0.60__seed7,gsm8k_train_00578_d2e038fe,False,False,292,201,295,186,2,2,fixed_budget
fixed_2,global_qwen2p5_0p5b_gsm8k::qwen2p5_0p5b__gsm8k_train_00579_9f3d69ca__temp0.60__seed7,gsm8k_train_00579_9f3d69ca,False,False,231,81,246,102,2,2,fixed_budget
fixed_2,global_qwen2p5_0p5b_gsm8k::qwen2p5_0p5b__gsm8k_train_00580_af0f130b__temp0.60__seed7,gsm8k_train_00580_af0f130b,False,False,263,65,279,159,2,2,fixed_budget
fixed_2,global_qwen2p5_0p5b_gsm8k::qwen2p5_0p5b__gsm8k_train_00581_d6a26989__temp0.60__seed7,gsm8k_train_00581_d6a26989,True,True,320,197,231,108,2,2,fixed_budget
fixed_2,global_qwen2p5_0p5b_gsm8k::qwen2p5_0p5b__gsm8k_train_00582_c920130f__temp0.60__seed7,gsm8k_train_00582_c920130f,False,False,216,121,200,94,2,2,fixed_budget
fixed_2,global_qwen2p5_0p5b_gsm8k::qwen2p5_0p5b__gsm8k_train_00583_116f9c47__temp0.60__seed7,gsm8k_train_00583_116f9c47,False,False,263,119,251,105,2,2,fixed_budget
fixed_2,global_qwen2p5_0p5b_gsm8k::qwen2p5_0p5b__gsm8k_train_00584_791dd44c__temp0.60__seed7,gsm8k_train_00584_791dd44c,False,False,327,117,218,75,2,2,fixed_budget
fixed_2,global_qwen2p5_0p5b_gsm8k::qwen2p5_0p5b__gsm8k_train_00585_6c5db15e__temp0.60__seed7,gsm8k_train_00585_6c5db15e,False,False,179,74,188,81,2,2,fixed_budget
fixed_2,global_qwen2p5_0p5b_gsm8k::qwen2p5_0p5b__gsm8k_train_00586_70e415e5__temp0.60__seed7,gsm8k_train_00586_70e415e5,False,False,218,105,156,54,2,2,fixed_budget
fixed_2,global_qwen2p5_0p5b_gsm8k::qwen2p5_0p5b__gsm8k_train_00587_82a208a6__temp0.60__seed7,gsm8k_train_00587_82a208a6,False,False,243,94,277,132,2,2,fixed_budget
fixed_2,global_qwen2p5_0p5b_gsm8k::qwen2p5_0p5b__gsm8k_train_00588_9cdcc9dd__temp0.60__seed7,gsm8k_train_00588_9cdcc9dd,False,False,153,48,198,89,2,2,fixed_budget
fixed_2,global_qwen2p5_0p5b_gsm8k::qwen2p5_0p5b__gsm8k_train_00589_2eeb50e8__temp0.60__seed7,gsm8k_train_00589_2eeb50e8,False,False,296,152,349,202,2,2,fixed_budget
fixed_2,global_qwen2p5_0p5b_gsm8k::qwen2p5_0p5b__gsm8k_train_00590_c3ac53fd__temp0.60__seed7,gsm8k_train_00590_c3ac53fd,False,False,142,49,161,67,2,2,fixed_budget
fixed_2,global_qwen2p5_0p5b_gsm8k::qwen2p5_0p5b__gsm8k_train_00591_98e25ac1__temp0.60__seed7,gsm8k_train_00591_98e25ac1,False,False,189,68,241,122,2,2,fixed_budget
fixed_2,global_qwen2p5_0p5b_gsm8k::qwen2p5_0p5b__gsm8k_train_00592_7177dfb9__temp0.60__seed7,gsm8k_train_00592_7177dfb9,False,False,220,90,221,110,2,2,fixed_budget
fixed_2,global_qwen2p5_0p5b_gsm8k::qwen2p5_0p5b__gsm8k_train_00593_37dbd26e__temp0.60__seed7,gsm8k_train_00593_37dbd26e,True,True,234,130,279,167,2,2,fixed_budget
fixed_2,global_qwen2p5_0p5b_gsm8k::qwen2p5_0p5b__gsm8k_train_00594_bedf2581__temp0.60__seed7,gsm8k_train_00594_bedf2581,True,True,502,273,297,168,2,2,fixed_budget
fixed_2,global_qwen2p5_0p5b_gsm8k::qwen2p5_0p5b__gsm8k_train_00595_a8aa3766__temp0.60__seed7,gsm8k_train_00595_a8aa3766,False,False,333,144,272,110,2,2,fixed_budget
fixed_2,global_qwen2p5_0p5b_gsm8k::qwen2p5_0p5b__gsm8k_train_00596_6313785c__temp0.60__seed7,gsm8k_train_00596_6313785c,False,False,175,68,195,90,2,2,fixed_budget
fixed_2,global_qwen2p5_0p5b_gsm8k::qwen2p5_0p5b__gsm8k_train_00597_1a567f3f__temp0.60__seed7,gsm8k_train_00597_1a567f3f,False,False,182,86,193,103,2,2,fixed_budget
fixed_2,global_qwen2p5_0p5b_gsm8k::qwen2p5_0p5b__gsm8k_train_00598_69bb8544__temp0.60__seed7,gsm8k_train_00598_69bb8544,False,False,177,75,153,43,2,2,fixed_budget
fixed_2,global_qwen2p5_0p5b_gsm8k::qwen2p5_0p5b__gsm8k_train_00599_62914f3d__temp0.60__seed7,gsm8k_train_00599_62914f3d,False,False,231,112,189,69,2,2,fixed_budget
fixed_2,global_qwen2p5_0p5b_gsm8k::qwen2p5_0p5b__gsm8k_train_00600_ea96d302__temp0.60__seed7,gsm8k_train_00600_ea96d302,False,False,394,230,330,218,2,2,fixed_budget
fixed_2,global_qwen2p5_0p5b_gsm8k::qwen2p5_0p5b__gsm8k_train_00601_d8f60eca__temp0.60__seed7,gsm8k_train_00601_d8f60eca,False,False,231,101,283,128,2,2,fixed_budget
fixed_2,global_qwen2p5_0p5b_gsm8k::qwen2p5_0p5b__gsm8k_train_00602_e22c9268__temp0.60__seed7,gsm8k_train_00602_e22c9268,False,False,254,133,318,140,2,2,fixed_budget
fixed_2,global_qwen2p5_0p5b_gsm8k::qwen2p5_0p5b__gsm8k_train_00603_162a2cc4__temp0.60__seed7,gsm8k_train_00603_162a2cc4,False,False,221,96,188,79,2,2,fixed_budget
fixed_2,global_qwen2p5_0p5b_gsm8k::qwen2p5_0p5b__gsm8k_train_00604_fc5ba13c__temp0.60__seed7,gsm8k_train_00604_fc5ba13c,True,True,284,80,260,134,2,2,fixed_budget
fixed_2,global_qwen2p5_0p5b_gsm8k::qwen2p5_0p5b__gsm8k_train_00605_76c9a040__temp0.60__seed7,gsm8k_train_00605_76c9a040,False,False,149,43,398,291,2,2,fixed_budget
fixed_2,global_qwen2p5_0p5b_gsm8k::qwen2p5_0p5b__gsm8k_train_00606_6e44ade9__temp0.60__seed7,gsm8k_train_00606_6e44ade9,False,False,257,163,283,141,2,2,fixed_budget
fixed_2,global_qwen2p5_0p5b_gsm8k::qwen2p5_0p5b__gsm8k_train_00607_5a0b6b81__temp0.60__seed7,gsm8k_train_00607_5a0b6b81,False,False,216,85,232,108,2,2,fixed_budget
fixed_2,global_qwen2p5_0p5b_gsm8k::qwen2p5_0p5b__gsm8k_train_00608_b97d067a__temp0.60__seed7,gsm8k_train_00608_b97d067a,False,False,206,140,199,90,2,2,fixed_budget
fixed_2,global_qwen2p5_0p5b_gsm8k::qwen2p5_0p5b__gsm8k_train_00609_6ccf1a05__temp0.60__seed7,gsm8k_train_00609_6ccf1a05,False,False,302,127,312,162,2,2,fixed_budget
fixed_2,global_qwen2p5_0p5b_gsm8k::qwen2p5_0p5b__gsm8k_train_00610_c247d362__temp0.60__seed7,gsm8k_train_00610_c247d362,False,False,129,39,133,51,2,2,fixed_budget
fixed_2,global_qwen2p5_0p5b_gsm8k::qwen2p5_0p5b__gsm8k_train_00611_95572a2c__temp0.60__seed7,gsm8k_train_00611_95572a2c,False,False,340,238,301,180,2,2,fixed_budget
fixed_2,global_qwen2p5_0p5b_gsm8k::qwen2p5_0p5b__gsm8k_train_00612_0e99c814__temp0.60__seed7,gsm8k_train_00612_0e99c814,False,False,215,99,253,120,2,2,fixed_budget
fixed_2,global_qwen2p5_0p5b_gsm8k::qwen2p5_0p5b__gsm8k_train_00613_25cc85e2__temp0.60__seed7,gsm8k_train_00613_25cc85e2,False,False,193,72,217,91,2,2,fixed_budget
fixed_2,global_qwen2p5_0p5b_gsm8k::qwen2p5_0p5b__gsm8k_train_00614_ce639c2b__temp0.60__seed7,gsm8k_train_00614_ce639c2b,False,False,198,107,174,107,2,2,fixed_budget
fixed_2,global_qwen2p5_0p5b_gsm8k::qwen2p5_0p5b__gsm8k_train_00615_ee6e9f9e__temp0.60__seed7,gsm8k_train_00615_ee6e9f9e,False,False,222,102,276,156,2,2,fixed_budget
fixed_2,global_qwen2p5_0p5b_gsm8k::qwen2p5_0p5b__gsm8k_train_00616_c9d2d40e__temp0.60__seed7,gsm8k_train_00616_c9d2d40e,False,False,191,62,311,177,2,2,fixed_budget
fixed_2,global_qwen2p5_0p5b_gsm8k::qwen2p5_0p5b__gsm8k_train_00617_19f6171c__temp0.60__seed7,gsm8k_train_00617_19f6171c,False,False,206,94,275,160,2,2,fixed_budget
fixed_2,global_qwen2p5_0p5b_gsm8k::qwen2p5_0p5b__gsm8k_train_00618_aa2881ed__temp0.60__seed7,gsm8k_train_00618_aa2881ed,False,False,243,117,221,102,2,2,fixed_budget
fixed_2,global_qwen2p5_0p5b_gsm8k::qwen2p5_0p5b__gsm8k_train_00619_e46ff4cb__temp0.60__seed7,gsm8k_train_00619_e46ff4cb,False,False,229,117,165,53,2,2,fixed_budget
fixed_2,global_qwen2p5_0p5b_gsm8k::qwen2p5_0p5b__gsm8k_train_00620_6fe49917__temp0.60__seed7,gsm8k_train_00620_6fe49917,False,False,232,97,250,106,2,2,fixed_budget
fixed_2,global_qwen2p5_0p5b_gsm8k::qwen2p5_0p5b__gsm8k_train_00621_1ef80208__temp0.60__seed7,gsm8k_train_00621_1ef80208,False,False,263,150,234,124,2,2,fixed_budget
fixed_2,global_qwen2p5_0p5b_gsm8k::qwen2p5_0p5b__gsm8k_train_00622_a1b89d42__temp0.60__seed7,gsm8k_train_00622_a1b89d42,False,False,201,73,202,33,2,1,fixed_budget
fixed_2,global_qwen2p5_0p5b_gsm8k::qwen2p5_0p5b__gsm8k_train_00623_46caa3fa__temp0.60__seed7,gsm8k_train_00623_46caa3fa,False,False,414,299,525,236,2,2,fixed_budget
fixed_2,global_qwen2p5_0p5b_gsm8k::qwen2p5_0p5b__gsm8k_train_00624_3cc94f07__temp0.60__seed7,gsm8k_train_00624_3cc94f07,False,False,157,90,149,61,2,2,fixed_budget
fixed_2,global_qwen2p5_0p5b_gsm8k::qwen2p5_0p5b__gsm8k_train_00625_a13155c6__temp0.60__seed7,gsm8k_train_00625_a13155c6,False,False,162,59,300,189,2,2,fixed_budget
fixed_2,global_qwen2p5_0p5b_gsm8k::qwen2p5_0p5b__gsm8k_train_00626_19cc9b27__temp0.60__seed7,gsm8k_train_00626_19cc9b27,False,False,262,65,309,149,2,2,fixed_budget
fixed_2,global_qwen2p5_0p5b_gsm8k::qwen2p5_0p5b__gsm8k_train_00627_4dc01451__temp0.60__seed7,gsm8k_train_00627_4dc01451,False,False,180,52,195,72,2,2,fixed_budget
fixed_2,global_qwen2p5_0p5b_gsm8k::qwen2p5_0p5b__gsm8k_train_00628_52f71c2c__temp0.60__seed7,gsm8k_train_00628_52f71c2c,False,False,274,130,245,84,2,2,fixed_budget
fixed_2,global_qwen2p5_0p5b_gsm8k::qwen2p5_0p5b__gsm8k_train_00629_629c48bd__temp0.60__seed7,gsm8k_train_00629_629c48bd,False,False,196,100,225,97,2,2,fixed_budget
fixed_2,global_qwen2p5_0p5b_gsm8k::qwen2p5_0p5b__gsm8k_train_00630_3e17c59b__temp0.60__seed7,gsm8k_train_00630_3e17c59b,False,False,463,293,310,211,2,2,fixed_budget
fixed_2,global_qwen2p5_0p5b_gsm8k::qwen2p5_0p5b__gsm8k_train_00631_72c94558__temp0.60__seed7,gsm8k_train_00631_72c94558,False,False,239,80,251,127,2,2,fixed_budget
fixed_2,global_qwen2p5_0p5b_gsm8k::qwen2p5_0p5b__gsm8k_train_00632_3130dfea__temp0.60__seed7,gsm8k_train_00632_3130dfea,False,False,226,122,304,204,2,2,fixed_budget
fixed_2,global_qwen2p5_0p5b_gsm8k::qwen2p5_0p5b__gsm8k_train_00633_66149bb8__temp0.60__seed7,gsm8k_train_00633_66149bb8,False,False,262,142,269,174,2,2,fixed_budget
fixed_2,global_qwen2p5_0p5b_gsm8k::qwen2p5_0p5b__gsm8k_train_00634_903a1565__temp0.60__seed7,gsm8k_train_00634_903a1565,False,False,147,43,353,289,2,2,fixed_budget
fixed_2,global_qwen2p5_0p5b_gsm8k::qwen2p5_0p5b__gsm8k_train_00635_acb98ff7__temp0.60__seed7,gsm8k_train_00635_acb98ff7,False,False,449,270,115,40,2,2,fixed_budget
fixed_2,global_qwen2p5_0p5b_gsm8k::qwen2p5_0p5b__gsm8k_train_00636_c67c36e5__temp0.60__seed7,gsm8k_train_00636_c67c36e5,False,False,164,95,216,117,2,2,fixed_budget
fixed_2,global_qwen2p5_0p5b_gsm8k::qwen2p5_0p5b__gsm8k_train_00637_281389a8__temp0.60__seed7,gsm8k_train_00637_281389a8,False,False,277,126,300,127,2,2,fixed_budget
fixed_2,global_qwen2p5_0p5b_gsm8k::qwen2p5_0p5b__gsm8k_train_00638_548c2b58__temp0.60__seed7,gsm8k_train_00638_548c2b58,False,False,164,67,174,81,2,2,fixed_budget
fixed_2,global_qwen2p5_0p5b_gsm8k::qwen2p5_0p5b__gsm8k_train_00639_c163a443__temp0.60__seed7,gsm8k_train_00639_c163a443,True,True,319,129,191,104,2,2,fixed_budget
fixed_2,global_qwen2p5_0p5b_gsm8k::qwen2p5_0p5b__gsm8k_train_00640_7e0a8df1__temp0.60__seed7,gsm8k_train_00640_7e0a8df1,False,False,298,104,144,27,2,2,fixed_budget
fixed_2,global_qwen2p5_0p5b_gsm8k::qwen2p5_0p5b__gsm8k_train_00641_965ff867__temp0.60__seed7,gsm8k_train_00641_965ff867,False,False,341,102,235,52,2,1,fixed_budget
fixed_2,global_qwen2p5_0p5b_gsm8k::qwen2p5_0p5b__gsm8k_train_00642_453709dc__temp0.60__seed7,gsm8k_train_00642_453709dc,False,False,139,35,273,105,2,2,fixed_budget
fixed_2,global_qwen2p5_0p5b_gsm8k::qwen2p5_0p5b__gsm8k_train_00643_78e128d5__temp0.60__seed7,gsm8k_train_00643_78e128d5,False,False,216,140,167,108,2,2,fixed_budget
fixed_2,global_qwen2p5_0p5b_gsm8k::qwen2p5_0p5b__gsm8k_train_00644_47dd39ea__temp0.60__seed7,gsm8k_train_00644_47dd39ea,False,False,195,69,233,132,2,2,fixed_budget
fixed_2,global_qwen2p5_0p5b_gsm8k::qwen2p5_0p5b__gsm8k_train_00645_26f59dc3__temp0.60__seed7,gsm8k_train_00645_26f59dc3,False,False,148,106,44,20,2,2,fixed_budget
fixed_2,global_qwen2p5_0p5b_gsm8k::qwen2p5_0p5b__gsm8k_train_00646_e48cc4f7__temp0.60__seed7,gsm8k_train_00646_e48cc4f7,True,True,270,154,234,81,2,2,fixed_budget
fixed_2,global_qwen2p5_0p5b_gsm8k::qwen2p5_0p5b__gsm8k_train_00647_b89361bf__temp0.60__seed7,gsm8k_train_00647_b89361bf,False,False,361,163,457,264,2,2,fixed_budget
fixed_2,global_qwen2p5_0p5b_gsm8k::qwen2p5_0p5b__gsm8k_train_00648_ec4fe5c1__temp0.60__seed7,gsm8k_train_00648_ec4fe5c1,False,False,194,78,347,227,2,2,fixed_budget
fixed_2,global_qwen2p5_0p5b_gsm8k::qwen2p5_0p5b__gsm8k_train_00649_bfba01ad__temp0.60__seed7,gsm8k_train_00649_bfba01ad,False,False,297,100,464,298,2,2,fixed_budget
fixed_2,global_qwen2p5_0p5b_gsm8k::qwen2p5_0p5b__gsm8k_train_00650_36b3fb22__temp0.60__seed7,gsm8k_train_00650_36b3fb22,False,False,382,200,241,77,2,2,fixed_budget
fixed_2,global_qwen2p5_0p5b_gsm8k::qwen2p5_0p5b__gsm8k_train_00651_c02e910d__temp0.60__seed7,gsm8k_train_00651_c02e910d,False,False,258,124,214,90,2,2,fixed_budget
fixed_2,global_qwen2p5_0p5b_gsm8k::qwen2p5_0p5b__gsm8k_train_00652_23355526__temp0.60__seed7,gsm8k_train_00652_23355526,False,True,175,116,228,97,2,2,fixed_budget
fixed_2,global_qwen2p5_0p5b_gsm8k::qwen2p5_0p5b__gsm8k_train_00653_2ebf3d55__temp0.60__seed7,gsm8k_train_00653_2ebf3d55,False,False,472,290,267,87,2,2,fixed_budget
fixed_2,global_qwen2p5_0p5b_gsm8k::qwen2p5_0p5b__gsm8k_train_00654_07c67795__temp0.60__seed7,gsm8k_train_00654_07c67795,False,False,146,50,283,187,2,2,fixed_budget
fixed_2,global_qwen2p5_0p5b_gsm8k::qwen2p5_0p5b__gsm8k_train_00655_5bfcf310__temp0.60__seed7,gsm8k_train_00655_5bfcf310,False,False,298,154,175,126,2,2,fixed_budget
fixed_2,global_qwen2p5_0p5b_gsm8k::qwen2p5_0p5b__gsm8k_train_00656_25b8efff__temp0.60__seed7,gsm8k_train_00656_25b8efff,False,False,179,66,221,93,2,2,fixed_budget
fixed_2,global_qwen2p5_0p5b_gsm8k::qwen2p5_0p5b__gsm8k_train_00657_a2946a72__temp0.60__seed7,gsm8k_train_00657_a2946a72,False,False,194,95,275,171,2,2,fixed_budget
fixed_2,global_qwen2p5_0p5b_gsm8k::qwen2p5_0p5b__gsm8k_train_00658_ea45503e__temp0.60__seed7,gsm8k_train_00658_ea45503e,False,False,289,178,275,186,2,2,fixed_budget
fixed_2,global_qwen2p5_0p5b_gsm8k::qwen2p5_0p5b__gsm8k_train_00659_9d4a20a1__temp0.60__seed7,gsm8k_train_00659_9d4a20a1,False,False,257,106,235,102,2,2,fixed_budget
fixed_2,global_qwen2p5_0p5b_gsm8k::qwen2p5_0p5b__gsm8k_train_00660_cad566ca__temp0.60__seed7,gsm8k_train_00660_cad566ca,False,False,189,84,214,97,2,2,fixed_budget
fixed_2,global_qwen2p5_0p5b_gsm8k::qwen2p5_0p5b__gsm8k_train_00661_0c81ecdd__temp0.60__seed7,gsm8k_train_00661_0c81ecdd,False,False,305,226,126,64,2,1,fixed_budget
fixed_2,global_qwen2p5_0p5b_gsm8k::qwen2p5_0p5b__gsm8k_train_00662_e13e5b29__temp0.60__seed7,gsm8k_train_00662_e13e5b29,False,False,225,115,219,95,2,2,fixed_budget
fixed_2,global_qwen2p5_0p5b_gsm8k::qwen2p5_0p5b__gsm8k_train_00663_1784329b__temp0.60__seed7,gsm8k_train_00663_1784329b,False,False,160,65,211,110,2,2,fixed_budget
fixed_2,global_qwen2p5_0p5b_gsm8k::qwen2p5_0p5b__gsm8k_train_00664_177b97e5__temp0.60__seed7,gsm8k_train_00664_177b97e5,False,False,382,310,375,118,2,2,fixed_budget
fixed_2,global_qwen2p5_0p5b_gsm8k::qwen2p5_0p5b__gsm8k_train_00665_6cd2c8c9__temp0.60__seed7,gsm8k_train_00665_6cd2c8c9,False,False,181,64,210,114,2,2,fixed_budget
fixed_2,global_qwen2p5_0p5b_gsm8k::qwen2p5_0p5b__gsm8k_train_00666_48319fad__temp0.60__seed7,gsm8k_train_00666_48319fad,False,False,181,41,252,148,2,2,fixed_budget
fixed_2,global_qwen2p5_0p5b_gsm8k::qwen2p5_0p5b__gsm8k_train_00667_6defeed1__temp0.60__seed7,gsm8k_train_00667_6defeed1,False,False,197,93,188,74,2,2,fixed_budget
fixed_2,global_qwen2p5_0p5b_gsm8k::qwen2p5_0p5b__gsm8k_train_00668_556c8cf6__temp0.60__seed7,gsm8k_train_00668_556c8cf6,False,False,286,163,340,194,2,2,fixed_budget
fixed_2,global_qwen2p5_0p5b_gsm8k::qwen2p5_0p5b__gsm8k_train_00669_089fc55f__temp0.60__seed7,gsm8k_train_00669_089fc55f,False,False,263,122,220,73,2,2,fixed_budget
fixed_2,global_qwen2p5_0p5b_gsm8k::qwen2p5_0p5b__gsm8k_train_00670_c74769f0__temp0.60__seed7,gsm8k_train_00670_c74769f0,False,False,157,61,167,74,2,2,fixed_budget
fixed_2,global_qwen2p5_0p5b_gsm8k::qwen2p5_0p5b__gsm8k_train_00671_752e41de__temp0.60__seed7,gsm8k_train_00671_752e41de,False,False,185,80,113,42,2,2,fixed_budget
fixed_2,global_qwen2p5_0p5b_gsm8k::qwen2p5_0p5b__gsm8k_train_00672_d43a8ade__temp0.60__seed7,gsm8k_train_00672_d43a8ade,False,False,149,51,334,236,2,2,fixed_budget
fixed_2,global_qwen2p5_0p5b_gsm8k::qwen2p5_0p5b__gsm8k_train_00673_e099e8a4__temp0.60__seed7,gsm8k_train_00673_e099e8a4,False,False,209,100,394,292,2,2,fixed_budget
fixed_2,global_qwen2p5_0p5b_gsm8k::qwen2p5_0p5b__gsm8k_train_00674_308dcfbb__temp0.60__seed7,gsm8k_train_00674_308dcfbb,False,False,273,154,133,36,2,2,fixed_budget
fixed_2,global_qwen2p5_0p5b_gsm8k::qwen2p5_0p5b__gsm8k_train_00675_53f015a4__temp0.60__seed7,gsm8k_train_00675_53f015a4,False,False,384,251,340,227,2,2,fixed_budget
fixed_2,global_qwen2p5_0p5b_gsm8k::qwen2p5_0p5b__gsm8k_train_00676_b7ca592d__temp0.60__seed7,gsm8k_train_00676_b7ca592d,False,False,513,124,338,143,2,2,fixed_budget
fixed_2,global_qwen2p5_0p5b_gsm8k::qwen2p5_0p5b__gsm8k_train_00677_c1094882__temp0.60__seed7,gsm8k_train_00677_c1094882,False,False,423,200,310,125,2,2,fixed_budget
fixed_2,global_qwen2p5_0p5b_gsm8k::qwen2p5_0p5b__gsm8k_train_00678_da97a379__temp0.60__seed7,gsm8k_train_00678_da97a379,False,False,196,67,199,64,2,2,fixed_budget
fixed_2,global_qwen2p5_0p5b_gsm8k::qwen2p5_0p5b__gsm8k_train_00679_bcb37711__temp0.60__seed7,gsm8k_train_00679_bcb37711,False,False,335,191,419,305,2,2,fixed_budget
fixed_2,global_qwen2p5_0p5b_gsm8k::qwen2p5_0p5b__gsm8k_train_00680_79369168__temp0.60__seed7,gsm8k_train_00680_79369168,True,False,301,172,204,155,2,2,fixed_budget
fixed_2,global_qwen2p5_0p5b_gsm8k::qwen2p5_0p5b__gsm8k_train_00681_85218f14__temp0.60__seed7,gsm8k_train_00681_85218f14,False,False,407,256,520,261,2,2,fixed_budget
fixed_2,global_qwen2p5_0p5b_gsm8k::qwen2p5_0p5b__gsm8k_train_00682_060274b7__temp0.60__seed7,gsm8k_train_00682_060274b7,False,False,229,178,292,272,2,2,fixed_budget
fixed_2,global_qwen2p5_0p5b_gsm8k::qwen2p5_0p5b__gsm8k_train_00683_d0f279b9__temp0.60__seed7,gsm8k_train_00683_d0f279b9,False,False,184,63,243,122,2,2,fixed_budget
fixed_2,global_qwen2p5_0p5b_gsm8k::qwen2p5_0p5b__gsm8k_train_00684_50b9e21e__temp0.60__seed7,gsm8k_train_00684_50b9e21e,False,False,263,99,249,49,2,2,fixed_budget
fixed_2,global_qwen2p5_0p5b_gsm8k::qwen2p5_0p5b__gsm8k_train_00685_7b70d37f__temp0.60__seed7,gsm8k_train_00685_7b70d37f,False,False,133,43,213,117,2,2,fixed_budget
fixed_2,global_qwen2p5_0p5b_gsm8k::qwen2p5_0p5b__gsm8k_train_00686_fdc6c361__temp0.60__seed7,gsm8k_train_00686_fdc6c361,False,False,161,54,273,156,2,2,fixed_budget
fixed_2,global_qwen2p5_0p5b_gsm8k::qwen2p5_0p5b__gsm8k_train_00687_1674c4bd__temp0.60__seed7,gsm8k_train_00687_1674c4bd,False,False,443,289,492,191,2,2,fixed_budget
fixed_2,global_qwen2p5_0p5b_gsm8k::qwen2p5_0p5b__gsm8k_train_00688_09add8af__temp0.60__seed7,gsm8k_train_00688_09add8af,False,False,201,95,316,215,2,2,fixed_budget
fixed_2,global_qwen2p5_0p5b_gsm8k::qwen2p5_0p5b__gsm8k_train_00689_f21fca56__temp0.60__seed7,gsm8k_train_00689_f21fca56,False,False,588,265,303,159,2,2,fixed_budget
fixed_2,global_qwen2p5_0p5b_gsm8k::qwen2p5_0p5b__gsm8k_train_00690_6ebe05b2__temp0.60__seed7,gsm8k_train_00690_6ebe05b2,False,False,279,144,191,158,2,2,fixed_budget
fixed_2,global_qwen2p5_0p5b_gsm8k::qwen2p5_0p5b__gsm8k_train_00691_fd92088c__temp0.60__seed7,gsm8k_train_00691_fd92088c,False,False,185,124,183,93,2,2,fixed_budget
fixed_2,global_qwen2p5_0p5b_gsm8k::qwen2p5_0p5b__gsm8k_train_00692_9fa1afdf__temp0.60__seed7,gsm8k_train_00692_9fa1afdf,False,False,298,110,264,85,2,2,fixed_budget
fixed_2,global_qwen2p5_0p5b_gsm8k::qwen2p5_0p5b__gsm8k_train_00693_1317f296__temp0.60__seed7,gsm8k_train_00693_1317f296,True,True,283,181,373,274,2,2,fixed_budget
fixed_2,global_qwen2p5_0p5b_gsm8k::qwen2p5_0p5b__gsm8k_train_00694_7f380847__temp0.60__seed7,gsm8k_train_00694_7f380847,False,False,180,83,243,143,2,2,fixed_budget
fixed_2,global_qwen2p5_0p5b_gsm8k::qwen2p5_0p5b__gsm8k_train_00695_f002bb80__temp0.60__seed7,gsm8k_train_00695_f002bb80,False,False,163,52,200,91,2,2,fixed_budget
fixed_2,global_qwen2p5_0p5b_gsm8k::qwen2p5_0p5b__gsm8k_train_00696_05c7abe2__temp0.60__seed7,gsm8k_train_00696_05c7abe2,False,False,297,168,166,44,2,2,fixed_budget
fixed_2,global_qwen2p5_0p5b_gsm8k::qwen2p5_0p5b__gsm8k_train_00697_4e15c642__temp0.60__seed7,gsm8k_train_00697_4e15c642,False,False,291,100,307,208,2,2,fixed_budget
fixed_2,global_qwen2p5_0p5b_gsm8k::qwen2p5_0p5b__gsm8k_train_00698_aef9cb6b__temp0.60__seed7,gsm8k_train_00698_aef9cb6b,False,False,459,341,233,129,2,2,fixed_budget
fixed_2,global_qwen2p5_0p5b_gsm8k::qwen2p5_0p5b__gsm8k_train_00699_23f62852__temp0.60__seed7,gsm8k_train_00699_23f62852,False,False,328,206,347,280,2,2,fixed_budget
fixed_2,global_qwen2p5_0p5b_gsm8k::qwen2p5_0p5b__gsm8k_train_00700_8745d482__temp0.60__seed7,gsm8k_train_00700_8745d482,False,False,175,70,202,97,2,2,fixed_budget
fixed_2,global_qwen2p5_0p5b_gsm8k::qwen2p5_0p5b__gsm8k_train_00701_5dd955e7__temp0.60__seed7,gsm8k_train_00701_5dd955e7,False,False,207,115,225,103,2,2,fixed_budget
fixed_2,global_qwen2p5_0p5b_gsm8k::qwen2p5_0p5b__gsm8k_train_00702_27ed400a__temp0.60__seed7,gsm8k_train_00702_27ed400a,False,False,208,71,266,139,2,2,fixed_budget
fixed_2,global_qwen2p5_0p5b_gsm8k::qwen2p5_0p5b__gsm8k_train_00703_92005d31__temp0.60__seed7,gsm8k_train_00703_92005d31,False,False,198,69,388,261,2,2,fixed_budget
fixed_2,global_qwen2p5_0p5b_gsm8k::qwen2p5_0p5b__gsm8k_train_00704_57ab474a__temp0.60__seed7,gsm8k_train_00704_57ab474a,False,False,259,115,272,112,2,2,fixed_budget
fixed_2,global_qwen2p5_0p5b_gsm8k::qwen2p5_0p5b__gsm8k_train_00705_132e5aa5__temp0.60__seed7,gsm8k_train_00705_132e5aa5,False,True,278,130,182,106,2,2,fixed_budget
fixed_2,global_qwen2p5_0p5b_gsm8k::qwen2p5_0p5b__gsm8k_train_00706_0cd59d24__temp0.60__seed7,gsm8k_train_00706_0cd59d24,False,False,226,106,236,122,2,2,fixed_budget
fixed_2,global_qwen2p5_0p5b_gsm8k::qwen2p5_0p5b__gsm8k_train_00707_754c167c__temp0.60__seed7,gsm8k_train_00707_754c167c,False,False,522,246,440,194,2,2,fixed_budget
fixed_2,global_qwen2p5_0p5b_gsm8k::qwen2p5_0p5b__gsm8k_train_00708_ed3d46d7__temp0.60__seed7,gsm8k_train_00708_ed3d46d7,False,False,363,247,353,179,2,2,fixed_budget
fixed_2,global_qwen2p5_0p5b_gsm8k::qwen2p5_0p5b__gsm8k_train_00709_bf80b3f4__temp0.60__seed7,gsm8k_train_00709_bf80b3f4,False,False,198,88,275,150,2,2,fixed_budget
fixed_2,global_qwen2p5_0p5b_gsm8k::qwen2p5_0p5b__gsm8k_train_00710_5b263254__temp0.60__seed7,gsm8k_train_00710_5b263254,False,False,267,120,219,90,2,2,fixed_budget
fixed_2,global_qwen2p5_0p5b_gsm8k::qwen2p5_0p5b__gsm8k_train_00711_3723ed58__temp0.60__seed7,gsm8k_train_00711_3723ed58,True,True,168,47,209,97,2,2,fixed_budget
fixed_2,global_qwen2p5_0p5b_gsm8k::qwen2p5_0p5b__gsm8k_train_00712_dccf57a4__temp0.60__seed7,gsm8k_train_00712_dccf57a4,True,False,289,133,261,129,2,2,fixed_budget
fixed_2,global_qwen2p5_0p5b_gsm8k::qwen2p5_0p5b__gsm8k_train_00713_9f447414__temp0.60__seed7,gsm8k_train_00713_9f447414,False,False,271,142,160,148,2,2,fixed_budget
fixed_2,global_qwen2p5_0p5b_gsm8k::qwen2p5_0p5b__gsm8k_train_00714_23733297__temp0.60__seed7,gsm8k_train_00714_23733297,False,False,206,80,235,120,2,2,fixed_budget
fixed_2,global_qwen2p5_0p5b_gsm8k::qwen2p5_0p5b__gsm8k_train_00715_aae0366d__temp0.60__seed7,gsm8k_train_00715_aae0366d,False,False,232,106,289,133,2,2,fixed_budget
fixed_2,global_qwen2p5_0p5b_gsm8k::qwen2p5_0p5b__gsm8k_train_00716_22edcf0e__temp0.60__seed7,gsm8k_train_00716_22edcf0e,False,False,284,211,243,74,2,1,fixed_budget
fixed_2,global_qwen2p5_0p5b_gsm8k::qwen2p5_0p5b__gsm8k_train_00717_5ee8c96a__temp0.60__seed7,gsm8k_train_00717_5ee8c96a,False,False,219,86,252,132,2,2,fixed_budget
fixed_2,global_qwen2p5_0p5b_gsm8k::qwen2p5_0p5b__gsm8k_train_00718_8af4c494__temp0.60__seed7,gsm8k_train_00718_8af4c494,False,False,308,196,337,152,2,2,fixed_budget
fixed_2,global_qwen2p5_0p5b_gsm8k::qwen2p5_0p5b__gsm8k_train_00719_f5e55d4f__temp0.60__seed7,gsm8k_train_00719_f5e55d4f,False,False,284,127,333,110,2,2,fixed_budget
fixed_2,global_qwen2p5_0p5b_gsm8k::qwen2p5_0p5b__gsm8k_train_00720_4bd60b5b__temp0.60__seed7,gsm8k_train_00720_4bd60b5b,False,False,304,163,213,71,2,2,fixed_budget
fixed_2,global_qwen2p5_0p5b_gsm8k::qwen2p5_0p5b__gsm8k_train_00721_18c81e58__temp0.60__seed7,gsm8k_train_00721_18c81e58,False,False,424,241,296,183,2,2,fixed_budget
fixed_2,global_qwen2p5_0p5b_gsm8k::qwen2p5_0p5b__gsm8k_train_00722_8deb2677__temp0.60__seed7,gsm8k_train_00722_8deb2677,False,False,169,61,301,203,2,2,fixed_budget
fixed_2,global_qwen2p5_0p5b_gsm8k::qwen2p5_0p5b__gsm8k_train_00723_1391877d__temp0.60__seed7,gsm8k_train_00723_1391877d,False,False,224,108,185,74,2,2,fixed_budget
fixed_2,global_qwen2p5_0p5b_gsm8k::qwen2p5_0p5b__gsm8k_train_00724_1bca03c8__temp0.60__seed7,gsm8k_train_00724_1bca03c8,False,False,206,63,216,72,2,2,fixed_budget
fixed_2,global_qwen2p5_0p5b_gsm8k::qwen2p5_0p5b__gsm8k_train_00725_a126dd85__temp0.60__seed7,gsm8k_train_00725_a126dd85,False,False,341,231,366,245,2,2,fixed_budget
fixed_2,global_qwen2p5_0p5b_gsm8k::qwen2p5_0p5b__gsm8k_train_00726_558cb0ee__temp0.60__seed7,gsm8k_train_00726_558cb0ee,True,True,280,139,239,98,2,2,fixed_budget
fixed_2,global_qwen2p5_0p5b_gsm8k::qwen2p5_0p5b__gsm8k_train_00727_8708370b__temp0.60__seed7,gsm8k_train_00727_8708370b,False,False,514,303,342,243,2,2,fixed_budget
fixed_2,global_qwen2p5_0p5b_gsm8k::qwen2p5_0p5b__gsm8k_train_00728_f43af346__temp0.60__seed7,gsm8k_train_00728_f43af346,False,False,193,82,162,57,2,2,fixed_budget
fixed_2,global_qwen2p5_0p5b_gsm8k::qwen2p5_0p5b__gsm8k_train_00729_5b2c58dd__temp0.60__seed7,gsm8k_train_00729_5b2c58dd,False,False,173,51,255,137,2,2,fixed_budget
fixed_2,global_qwen2p5_0p5b_gsm8k::qwen2p5_0p5b__gsm8k_train_00730_17e00a26__temp0.60__seed7,gsm8k_train_00730_17e00a26,False,False,182,84,316,189,2,2,fixed_budget
fixed_2,global_qwen2p5_0p5b_gsm8k::qwen2p5_0p5b__gsm8k_train_00731_891753d4__temp0.60__seed7,gsm8k_train_00731_891753d4,False,False,167,51,170,64,2,2,fixed_budget
fixed_2,global_qwen2p5_0p5b_gsm8k::qwen2p5_0p5b__gsm8k_train_00732_6e459b90__temp0.60__seed7,gsm8k_train_00732_6e459b90,False,False,179,59,222,79,2,1,fixed_budget
fixed_2,global_qwen2p5_0p5b_gsm8k::qwen2p5_0p5b__gsm8k_train_00733_3adebf18__temp0.60__seed7,gsm8k_train_00733_3adebf18,False,False,280,116,195,90,2,2,fixed_budget
fixed_2,global_qwen2p5_0p5b_gsm8k::qwen2p5_0p5b__gsm8k_train_00734_71688755__temp0.60__seed7,gsm8k_train_00734_71688755,False,False,147,51,180,62,2,2,fixed_budget
fixed_2,global_qwen2p5_0p5b_gsm8k::qwen2p5_0p5b__gsm8k_train_00735_96692741__temp0.60__seed7,gsm8k_train_00735_96692741,False,False,227,121,188,69,2,2,fixed_budget
fixed_2,global_qwen2p5_0p5b_gsm8k::qwen2p5_0p5b__gsm8k_train_00736_2e2a6de4__temp0.60__seed7,gsm8k_train_00736_2e2a6de4,True,True,202,62,266,127,2,2,fixed_budget
fixed_2,global_qwen2p5_0p5b_gsm8k::qwen2p5_0p5b__gsm8k_train_00737_e0413246__temp0.60__seed7,gsm8k_train_00737_e0413246,False,False,185,72,250,64,2,2,fixed_budget
fixed_2,global_qwen2p5_0p5b_gsm8k::qwen2p5_0p5b__gsm8k_train_00738_7f705d3e__temp0.60__seed7,gsm8k_train_00738_7f705d3e,False,False,199,85,194,80,2,2,fixed_budget
fixed_2,global_qwen2p5_0p5b_gsm8k::qwen2p5_0p5b__gsm8k_train_00739_cb1984e0__temp0.60__seed7,gsm8k_train_00739_cb1984e0,False,False,253,113,256,88,2,2,fixed_budget
fixed_2,global_qwen2p5_0p5b_gsm8k::qwen2p5_0p5b__gsm8k_train_00740_59a7a8e2__temp0.60__seed7,gsm8k_train_00740_59a7a8e2,True,True,249,133,248,121,2,2,fixed_budget
fixed_2,global_qwen2p5_0p5b_gsm8k::qwen2p5_0p5b__gsm8k_train_00741_459b60f0__temp0.60__seed7,gsm8k_train_00741_459b60f0,False,False,299,126,296,108,2,2,fixed_budget
fixed_2,global_qwen2p5_0p5b_gsm8k::qwen2p5_0p5b__gsm8k_train_00742_c08778d1__temp0.60__seed7,gsm8k_train_00742_c08778d1,True,True,467,339,202,80,2,2,fixed_budget
fixed_2,global_qwen2p5_0p5b_gsm8k::qwen2p5_0p5b__gsm8k_train_00743_401cced8__temp0.60__seed7,gsm8k_train_00743_401cced8,False,False,406,278,130,40,2,2,fixed_budget
fixed_2,global_qwen2p5_0p5b_gsm8k::qwen2p5_0p5b__gsm8k_train_00744_4da8246a__temp0.60__seed7,gsm8k_train_00744_4da8246a,False,False,278,246,344,130,2,2,fixed_budget
fixed_2,global_qwen2p5_0p5b_gsm8k::qwen2p5_0p5b__gsm8k_train_00745_a6873170__temp0.60__seed7,gsm8k_train_00745_a6873170,False,False,261,113,348,200,2,2,fixed_budget
fixed_2,global_qwen2p5_0p5b_gsm8k::qwen2p5_0p5b__gsm8k_train_00746_7622cb6a__temp0.60__seed7,gsm8k_train_00746_7622cb6a,False,False,183,89,258,164,2,2,fixed_budget
fixed_2,global_qwen2p5_0p5b_gsm8k::qwen2p5_0p5b__gsm8k_train_00747_fed013a7__temp0.60__seed7,gsm8k_train_00747_fed013a7,False,False,246,118,236,116,2,2,fixed_budget
fixed_2,global_qwen2p5_0p5b_gsm8k::qwen2p5_0p5b__gsm8k_train_00748_586a5449__temp0.60__seed7,gsm8k_train_00748_586a5449,False,False,415,262,226,85,2,2,fixed_budget
fixed_2,global_qwen2p5_0p5b_gsm8k::qwen2p5_0p5b__gsm8k_train_00749_46f1f073__temp0.60__seed7,gsm8k_train_00749_46f1f073,False,False,354,161,224,105,2,2,fixed_budget
fixed_2,global_qwen2p5_0p5b_gsm8k::qwen2p5_0p5b__gsm8k_train_00750_c0bf3383__temp0.60__seed7,gsm8k_train_00750_c0bf3383,False,False,272,156,249,124,2,2,fixed_budget
fixed_2,global_qwen2p5_0p5b_gsm8k::qwen2p5_0p5b__gsm8k_train_00751_2b568383__temp0.60__seed7,gsm8k_train_00751_2b568383,False,False,188,64,247,111,2,2,fixed_budget
fixed_2,global_qwen2p5_0p5b_gsm8k::qwen2p5_0p5b__gsm8k_train_00752_5c0263dd__temp0.60__seed7,gsm8k_train_00752_5c0263dd,False,False,233,88,204,129,2,2,fixed_budget
fixed_2,global_qwen2p5_0p5b_gsm8k::qwen2p5_0p5b__gsm8k_train_00753_009db154__temp0.60__seed7,gsm8k_train_00753_009db154,False,False,201,82,216,93,2,2,fixed_budget
fixed_2,global_qwen2p5_0p5b_gsm8k::qwen2p5_0p5b__gsm8k_train_00754_730af61c__temp0.60__seed7,gsm8k_train_00754_730af61c,False,False,436,209,318,155,2,2,fixed_budget
fixed_2,global_qwen2p5_0p5b_gsm8k::qwen2p5_0p5b__gsm8k_train_00755_4a4355e3__temp0.60__seed7,gsm8k_train_00755_4a4355e3,False,False,223,125,154,59,2,1,fixed_budget
fixed_2,global_qwen2p5_0p5b_gsm8k::qwen2p5_0p5b__gsm8k_train_00756_d0cf333a__temp0.60__seed7,gsm8k_train_00756_d0cf333a,False,False,173,124,180,129,2,2,fixed_budget
fixed_2,global_qwen2p5_0p5b_gsm8k::qwen2p5_0p5b__gsm8k_train_00757_30de395d__temp0.60__seed7,gsm8k_train_00757_30de395d,False,False,133,41,177,89,2,2,fixed_budget
fixed_2,global_qwen2p5_0p5b_gsm8k::qwen2p5_0p5b__gsm8k_train_00758_77427630__temp0.60__seed7,gsm8k_train_00758_77427630,False,False,307,140,81,15,2,2,fixed_budget
fixed_2,global_qwen2p5_0p5b_gsm8k::qwen2p5_0p5b__gsm8k_train_00759_7b42cc1e__temp0.60__seed7,gsm8k_train_00759_7b42cc1e,False,False,252,147,200,100,2,2,fixed_budget
fixed_2,global_qwen2p5_0p5b_gsm8k::qwen2p5_0p5b__gsm8k_train_00760_6c8e1121__temp0.60__seed7,gsm8k_train_00760_6c8e1121,False,False,200,78,243,121,2,2,fixed_budget
fixed_2,global_qwen2p5_0p5b_gsm8k::qwen2p5_0p5b__gsm8k_train_00761_78ebf822__temp0.60__seed7,gsm8k_train_00761_78ebf822,True,True,259,175,328,132,2,1,fixed_budget
fixed_2,global_qwen2p5_0p5b_gsm8k::qwen2p5_0p5b__gsm8k_train_00762_c59b427b__temp0.60__seed7,gsm8k_train_00762_c59b427b,False,False,254,113,250,106,2,2,fixed_budget
fixed_2,global_qwen2p5_0p5b_gsm8k::qwen2p5_0p5b__gsm8k_train_00763_2454b845__temp0.60__seed7,gsm8k_train_00763_2454b845,False,False,414,279,200,80,2,2,fixed_budget
fixed_2,global_qwen2p5_0p5b_gsm8k::qwen2p5_0p5b__gsm8k_train_00764_25cfab32__temp0.60__seed7,gsm8k_train_00764_25cfab32,False,False,335,124,358,149,2,2,fixed_budget
fixed_2,global_qwen2p5_0p5b_gsm8k::qwen2p5_0p5b__gsm8k_train_00765_2f085156__temp0.60__seed7,gsm8k_train_00765_2f085156,True,True,362,181,335,176,2,2,fixed_budget
fixed_2,global_qwen2p5_0p5b_gsm8k::qwen2p5_0p5b__gsm8k_train_00766_397d6a52__temp0.60__seed7,gsm8k_train_00766_397d6a52,False,False,212,85,218,98,2,2,fixed_budget
fixed_2,global_qwen2p5_0p5b_gsm8k::qwen2p5_0p5b__gsm8k_train_00767_98dc18e8__temp0.60__seed7,gsm8k_train_00767_98dc18e8,False,False,163,70,249,163,2,2,fixed_budget
fixed_2,global_qwen2p5_0p5b_gsm8k::qwen2p5_0p5b__gsm8k_train_00768_da32f5af__temp0.60__seed7,gsm8k_train_00768_da32f5af,False,False,254,86,256,114,2,2,fixed_budget
fixed_2,global_qwen2p5_0p5b_gsm8k::qwen2p5_0p5b__gsm8k_train_00769_f3dbbfca__temp0.60__seed7,gsm8k_train_00769_f3dbbfca,False,False,312,137,309,153,2,2,fixed_budget
fixed_2,global_qwen2p5_0p5b_gsm8k::qwen2p5_0p5b__gsm8k_train_00770_04f15acf__temp0.60__seed7,gsm8k_train_00770_04f15acf,False,False,301,138,280,192,2,2,fixed_budget
fixed_2,global_qwen2p5_0p5b_gsm8k::qwen2p5_0p5b__gsm8k_train_00771_8ec29ac5__temp0.60__seed7,gsm8k_train_00771_8ec29ac5,False,False,176,53,169,58,2,2,fixed_budget
fixed_2,global_qwen2p5_0p5b_gsm8k::qwen2p5_0p5b__gsm8k_train_00772_6022254d__temp0.60__seed7,gsm8k_train_00772_6022254d,False,False,175,65,434,291,2,2,fixed_budget
fixed_2,global_qwen2p5_0p5b_gsm8k::qwen2p5_0p5b__gsm8k_train_00773_53e1cab1__temp0.60__seed7,gsm8k_train_00773_53e1cab1,False,False,309,117,302,103,2,2,fixed_budget
fixed_2,global_qwen2p5_0p5b_gsm8k::qwen2p5_0p5b__gsm8k_train_00774_11d7ea54__temp0.60__seed7,gsm8k_train_00774_11d7ea54,False,False,165,66,187,88,2,2,fixed_budget
fixed_2,global_qwen2p5_0p5b_gsm8k::qwen2p5_0p5b__gsm8k_train_00775_642f8846__temp0.60__seed7,gsm8k_train_00775_642f8846,False,False,219,143,237,90,2,2,fixed_budget
fixed_2,global_qwen2p5_0p5b_gsm8k::qwen2p5_0p5b__gsm8k_train_00776_f7d8ef9f__temp0.60__seed7,gsm8k_train_00776_f7d8ef9f,False,False,300,127,251,123,2,2,fixed_budget
fixed_2,global_qwen2p5_0p5b_gsm8k::qwen2p5_0p5b__gsm8k_train_00777_d4c4c268__temp0.60__seed7,gsm8k_train_00777_d4c4c268,False,False,197,91,180,70,2,2,fixed_budget
fixed_2,global_qwen2p5_0p5b_gsm8k::qwen2p5_0p5b__gsm8k_train_00778_d3d7de97__temp0.60__seed7,gsm8k_train_00778_d3d7de97,False,False,223,113,161,53,2,2,fixed_budget
fixed_2,global_qwen2p5_0p5b_gsm8k::qwen2p5_0p5b__gsm8k_train_00779_0fa14946__temp0.60__seed7,gsm8k_train_00779_0fa14946,False,False,193,86,199,97,2,2,fixed_budget
fixed_2,global_qwen2p5_0p5b_gsm8k::qwen2p5_0p5b__gsm8k_train_00780_6f6d6884__temp0.60__seed7,gsm8k_train_00780_6f6d6884,False,False,266,141,172,68,2,2,fixed_budget
fixed_2,global_qwen2p5_0p5b_gsm8k::qwen2p5_0p5b__gsm8k_train_00781_9752cbcb__temp0.60__seed7,gsm8k_train_00781_9752cbcb,False,False,213,108,211,82,2,2,fixed_budget
fixed_2,global_qwen2p5_0p5b_gsm8k::qwen2p5_0p5b__gsm8k_train_00782_f6e411be__temp0.60__seed7,gsm8k_train_00782_f6e411be,False,False,342,200,265,121,2,2,fixed_budget
fixed_2,global_qwen2p5_0p5b_gsm8k::qwen2p5_0p5b__gsm8k_train_00783_b41d31cc__temp0.60__seed7,gsm8k_train_00783_b41d31cc,False,False,476,204,295,57,2,2,fixed_budget
fixed_2,global_qwen2p5_0p5b_gsm8k::qwen2p5_0p5b__gsm8k_train_00784_273d7eb8__temp0.60__seed7,gsm8k_train_00784_273d7eb8,False,False,215,139,204,63,2,2,fixed_budget
fixed_2,global_qwen2p5_0p5b_gsm8k::qwen2p5_0p5b__gsm8k_train_00785_49a11c8c__temp0.60__seed7,gsm8k_train_00785_49a11c8c,False,False,513,257,52,16,2,1,fixed_budget
fixed_2,global_qwen2p5_0p5b_gsm8k::qwen2p5_0p5b__gsm8k_train_00786_4b8f338b__temp0.60__seed7,gsm8k_train_00786_4b8f338b,False,True,157,50,263,173,2,2,fixed_budget
fixed_2,global_qwen2p5_0p5b_gsm8k::qwen2p5_0p5b__gsm8k_train_00787_2f937f86__temp0.60__seed7,gsm8k_train_00787_2f937f86,False,False,302,114,367,215,2,2,fixed_budget
fixed_2,global_qwen2p5_0p5b_gsm8k::qwen2p5_0p5b__gsm8k_train_00788_7878474e__temp0.60__seed7,gsm8k_train_00788_7878474e,False,False,223,92,234,106,2,2,fixed_budget
fixed_2,global_qwen2p5_0p5b_gsm8k::qwen2p5_0p5b__gsm8k_train_00789_bf752696__temp0.60__seed7,gsm8k_train_00789_bf752696,False,False,574,137,422,133,2,1,fixed_budget
fixed_2,global_qwen2p5_0p5b_gsm8k::qwen2p5_0p5b__gsm8k_train_00790_70ab7837__temp0.60__seed7,gsm8k_train_00790_70ab7837,False,False,293,130,206,100,2,2,fixed_budget
fixed_2,global_qwen2p5_0p5b_gsm8k::qwen2p5_0p5b__gsm8k_train_00791_7cf8f4a6__temp0.60__seed7,gsm8k_train_00791_7cf8f4a6,False,False,428,156,261,95,2,2,fixed_budget
fixed_2,global_qwen2p5_0p5b_gsm8k::qwen2p5_0p5b__gsm8k_train_00792_31f68d79__temp0.60__seed7,gsm8k_train_00792_31f68d79,True,True,378,152,352,123,2,2,fixed_budget
fixed_2,global_qwen2p5_0p5b_gsm8k::qwen2p5_0p5b__gsm8k_train_00793_85850cb5__temp0.60__seed7,gsm8k_train_00793_85850cb5,False,False,173,60,187,66,2,2,fixed_budget
fixed_2,global_qwen2p5_0p5b_gsm8k::qwen2p5_0p5b__gsm8k_train_00794_933d6984__temp0.60__seed7,gsm8k_train_00794_933d6984,False,False,235,96,225,86,2,2,fixed_budget
fixed_2,global_qwen2p5_0p5b_gsm8k::qwen2p5_0p5b__gsm8k_train_00795_b08a4d55__temp0.60__seed7,gsm8k_train_00795_b08a4d55,False,False,206,78,266,133,2,2,fixed_budget
fixed_2,global_qwen2p5_0p5b_gsm8k::qwen2p5_0p5b__gsm8k_train_00796_fe2382a8__temp0.60__seed7,gsm8k_train_00796_fe2382a8,False,False,200,75,248,71,2,2,fixed_budget
fixed_2,global_qwen2p5_0p5b_gsm8k::qwen2p5_0p5b__gsm8k_train_00797_d7d478a4__temp0.60__seed7,gsm8k_train_00797_d7d478a4,False,False,495,231,497,201,2,1,fixed_budget
fixed_2,global_qwen2p5_0p5b_gsm8k::qwen2p5_0p5b__gsm8k_train_00798_690f81e5__temp0.60__seed7,gsm8k_train_00798_690f81e5,False,False,275,136,331,197,2,2,fixed_budget
fixed_2,global_qwen2p5_0p5b_gsm8k::qwen2p5_0p5b__gsm8k_train_00799_fd7ec684__temp0.60__seed7,gsm8k_train_00799_fd7ec684,False,False,222,166,284,171,2,2,fixed_budget
fixed_2,global_qwen2p5_0p5b_gsm8k::qwen2p5_0p5b__gsm8k_train_00800_24d0c78a__temp0.60__seed7,gsm8k_train_00800_24d0c78a,False,False,157,60,162,60,2,2,fixed_budget
fixed_2,global_qwen2p5_0p5b_gsm8k::qwen2p5_0p5b__gsm8k_train_00801_122f3eab__temp0.60__seed7,gsm8k_train_00801_122f3eab,False,False,141,35,262,149,2,2,fixed_budget
fixed_2,global_qwen2p5_0p5b_gsm8k::qwen2p5_0p5b__gsm8k_train_00802_4653665e__temp0.60__seed7,gsm8k_train_00802_4653665e,False,False,219,149,176,90,2,2,fixed_budget
fixed_2,global_qwen2p5_0p5b_gsm8k::qwen2p5_0p5b__gsm8k_train_00803_0e9a0d26__temp0.60__seed7,gsm8k_train_00803_0e9a0d26,False,False,327,213,178,64,2,2,fixed_budget
fixed_2,global_qwen2p5_0p5b_gsm8k::qwen2p5_0p5b__gsm8k_train_00804_941bf861__temp0.60__seed7,gsm8k_train_00804_941bf861,False,False,277,120,268,121,2,2,fixed_budget
fixed_2,global_qwen2p5_0p5b_gsm8k::qwen2p5_0p5b__gsm8k_train_00805_b5dad599__temp0.60__seed7,gsm8k_train_00805_b5dad599,False,False,217,84,392,262,2,2,fixed_budget
fixed_2,global_qwen2p5_0p5b_gsm8k::qwen2p5_0p5b__gsm8k_train_00806_66039dd7__temp0.60__seed7,gsm8k_train_00806_66039dd7,False,False,179,79,178,70,2,2,fixed_budget
fixed_2,global_qwen2p5_0p5b_gsm8k::qwen2p5_0p5b__gsm8k_train_00807_b89ba6c4__temp0.60__seed7,gsm8k_train_00807_b89ba6c4,False,False,268,104,308,157,2,2,fixed_budget
fixed_2,global_qwen2p5_0p5b_gsm8k::qwen2p5_0p5b__gsm8k_train_00808_533981b8__temp0.60__seed7,gsm8k_train_00808_533981b8,False,False,267,168,372,209,2,2,fixed_budget
fixed_2,global_qwen2p5_0p5b_gsm8k::qwen2p5_0p5b__gsm8k_train_00809_487db442__temp0.60__seed7,gsm8k_train_00809_487db442,False,True,335,161,228,149,2,1,fixed_budget
fixed_2,global_qwen2p5_0p5b_gsm8k::qwen2p5_0p5b__gsm8k_train_00810_5f69fdf5__temp0.60__seed7,gsm8k_train_00810_5f69fdf5,False,False,153,41,198,104,2,2,fixed_budget
fixed_2,global_qwen2p5_0p5b_gsm8k::qwen2p5_0p5b__gsm8k_train_00811_46a655f4__temp0.60__seed7,gsm8k_train_00811_46a655f4,False,True,241,120,267,174,2,2,fixed_budget
fixed_2,global_qwen2p5_0p5b_gsm8k::qwen2p5_0p5b__gsm8k_train_00812_e042fc2a__temp0.60__seed7,gsm8k_train_00812_e042fc2a,False,False,220,94,192,77,2,2,fixed_budget
fixed_2,global_qwen2p5_0p5b_gsm8k::qwen2p5_0p5b__gsm8k_train_00813_1d703b13__temp0.60__seed7,gsm8k_train_00813_1d703b13,True,True,256,130,280,120,2,2,fixed_budget
fixed_2,global_qwen2p5_0p5b_gsm8k::qwen2p5_0p5b__gsm8k_train_00814_48e6378c__temp0.60__seed7,gsm8k_train_00814_48e6378c,False,False,475,125,453,189,2,1,fixed_budget
fixed_2,global_qwen2p5_0p5b_gsm8k::qwen2p5_0p5b__gsm8k_train_00815_544a7d5e__temp0.60__seed7,gsm8k_train_00815_544a7d5e,False,False,241,121,168,48,2,2,fixed_budget
fixed_2,global_qwen2p5_0p5b_gsm8k::qwen2p5_0p5b__gsm8k_train_00816_c64b3a1f__temp0.60__seed7,gsm8k_train_00816_c64b3a1f,False,False,138,41,146,50,2,2,fixed_budget
fixed_2,global_qwen2p5_0p5b_gsm8k::qwen2p5_0p5b__gsm8k_train_00817_c40956ac__temp0.60__seed7,gsm8k_train_00817_c40956ac,False,False,246,113,194,64,2,2,fixed_budget
fixed_2,global_qwen2p5_0p5b_gsm8k::qwen2p5_0p5b__gsm8k_train_00818_0dece01b__temp0.60__seed7,gsm8k_train_00818_0dece01b,False,False,253,134,246,138,2,2,fixed_budget
fixed_2,global_qwen2p5_0p5b_gsm8k::qwen2p5_0p5b__gsm8k_train_00819_40b446e4__temp0.60__seed7,gsm8k_train_00819_40b446e4,False,False,183,75,176,75,2,2,fixed_budget
fixed_2,global_qwen2p5_0p5b_gsm8k::qwen2p5_0p5b__gsm8k_train_00820_45f9df61__temp0.60__seed7,gsm8k_train_00820_45f9df61,False,False,440,174,427,162,2,2,fixed_budget
fixed_2,global_qwen2p5_0p5b_gsm8k::qwen2p5_0p5b__gsm8k_train_00821_9ae69764__temp0.60__seed7,gsm8k_train_00821_9ae69764,True,False,239,141,220,126,2,2,fixed_budget
fixed_2,global_qwen2p5_0p5b_gsm8k::qwen2p5_0p5b__gsm8k_train_00822_245f9313__temp0.60__seed7,gsm8k_train_00822_245f9313,False,False,152,47,235,121,2,2,fixed_budget
fixed_2,global_qwen2p5_0p5b_gsm8k::qwen2p5_0p5b__gsm8k_train_00823_75c0846b__temp0.60__seed7,gsm8k_train_00823_75c0846b,False,False,176,152,199,145,2,2,fixed_budget
fixed_2,global_qwen2p5_0p5b_gsm8k::qwen2p5_0p5b__gsm8k_train_00824_9453d6cd__temp0.60__seed7,gsm8k_train_00824_9453d6cd,False,False,246,159,224,200,2,2,fixed_budget
fixed_2,global_qwen2p5_0p5b_gsm8k::qwen2p5_0p5b__gsm8k_train_00825_95781d15__temp0.60__seed7,gsm8k_train_00825_95781d15,True,True,237,125,285,129,2,2,fixed_budget
fixed_2,global_qwen2p5_0p5b_gsm8k::qwen2p5_0p5b__gsm8k_train_00826_deaedff3__temp0.60__seed7,gsm8k_train_00826_deaedff3,True,False,286,123,286,236,2,2,fixed_budget
fixed_2,global_qwen2p5_0p5b_gsm8k::qwen2p5_0p5b__gsm8k_train_00827_58e46bc9__temp0.60__seed7,gsm8k_train_00827_58e46bc9,False,False,306,204,318,192,2,2,fixed_budget
fixed_2,global_qwen2p5_0p5b_gsm8k::qwen2p5_0p5b__gsm8k_train_00828_ca1f6e0f__temp0.60__seed7,gsm8k_train_00828_ca1f6e0f,False,False,417,290,316,108,2,2,fixed_budget
fixed_2,global_qwen2p5_0p5b_gsm8k::qwen2p5_0p5b__gsm8k_train_00829_eb072cbc__temp0.60__seed7,gsm8k_train_00829_eb072cbc,False,False,223,83,221,98,2,2,fixed_budget
fixed_2,global_qwen2p5_0p5b_gsm8k::qwen2p5_0p5b__gsm8k_train_00830_0c06af60__temp0.60__seed7,gsm8k_train_00830_0c06af60,False,False,172,80,169,79,2,2,fixed_budget
fixed_2,global_qwen2p5_0p5b_gsm8k::qwen2p5_0p5b__gsm8k_train_00831_9b24daf8__temp0.60__seed7,gsm8k_train_00831_9b24daf8,False,False,182,134,137,77,2,1,fixed_budget
fixed_2,global_qwen2p5_0p5b_gsm8k::qwen2p5_0p5b__gsm8k_train_00832_714f09da__temp0.60__seed7,gsm8k_train_00832_714f09da,False,False,201,63,363,231,2,2,fixed_budget
fixed_2,global_qwen2p5_0p5b_gsm8k::qwen2p5_0p5b__gsm8k_train_00833_7222ddad__temp0.60__seed7,gsm8k_train_00833_7222ddad,False,False,189,112,232,118,2,2,fixed_budget
fixed_2,global_qwen2p5_0p5b_gsm8k::qwen2p5_0p5b__gsm8k_train_00834_ca92aa99__temp0.60__seed7,gsm8k_train_00834_ca92aa99,True,True,455,271,257,85,2,2,fixed_budget
fixed_2,global_qwen2p5_0p5b_gsm8k::qwen2p5_0p5b__gsm8k_train_00835_e3156bc4__temp0.60__seed7,gsm8k_train_00835_e3156bc4,False,False,250,142,210,106,2,2,fixed_budget
fixed_2,global_qwen2p5_0p5b_gsm8k::qwen2p5_0p5b__gsm8k_train_00836_24f05dba__temp0.60__seed7,gsm8k_train_00836_24f05dba,False,False,214,77,261,122,2,2,fixed_budget
fixed_2,global_qwen2p5_0p5b_gsm8k::qwen2p5_0p5b__gsm8k_train_00837_17ed5851__temp0.60__seed7,gsm8k_train_00837_17ed5851,True,True,228,102,212,83,2,2,fixed_budget
fixed_2,global_qwen2p5_0p5b_gsm8k::qwen2p5_0p5b__gsm8k_train_00838_0d0bff08__temp0.60__seed7,gsm8k_train_00838_0d0bff08,False,False,190,63,244,134,2,2,fixed_budget
fixed_2,global_qwen2p5_0p5b_gsm8k::qwen2p5_0p5b__gsm8k_train_00839_35f0348c__temp0.60__seed7,gsm8k_train_00839_35f0348c,False,False,217,74,229,125,2,2,fixed_budget
fixed_2,global_qwen2p5_0p5b_gsm8k::qwen2p5_0p5b__gsm8k_train_00840_68ad7cd7__temp0.60__seed7,gsm8k_train_00840_68ad7cd7,False,False,274,109,270,96,2,2,fixed_budget
fixed_2,global_qwen2p5_0p5b_gsm8k::qwen2p5_0p5b__gsm8k_train_00841_5822f5f5__temp0.60__seed7,gsm8k_train_00841_5822f5f5,False,False,351,231,351,237,2,2,fixed_budget
fixed_2,global_qwen2p5_0p5b_gsm8k::qwen2p5_0p5b__gsm8k_train_00842_c4de2703__temp0.60__seed7,gsm8k_train_00842_c4de2703,False,False,127,31,226,120,2,2,fixed_budget
fixed_2,global_qwen2p5_0p5b_gsm8k::qwen2p5_0p5b__gsm8k_train_00843_d1ebf8ad__temp0.60__seed7,gsm8k_train_00843_d1ebf8ad,False,False,233,92,223,91,2,2,fixed_budget
fixed_2,global_qwen2p5_0p5b_gsm8k::qwen2p5_0p5b__gsm8k_train_00844_09f41389__temp0.60__seed7,gsm8k_train_00844_09f41389,False,False,377,182,320,188,2,2,fixed_budget
fixed_2,global_qwen2p5_0p5b_gsm8k::qwen2p5_0p5b__gsm8k_train_00845_9feac79b__temp0.60__seed7,gsm8k_train_00845_9feac79b,False,False,219,101,203,104,2,2,fixed_budget
fixed_2,global_qwen2p5_0p5b_gsm8k::qwen2p5_0p5b__gsm8k_train_00846_253ad856__temp0.60__seed7,gsm8k_train_00846_253ad856,False,False,200,105,351,140,2,2,fixed_budget
fixed_2,global_qwen2p5_0p5b_gsm8k::qwen2p5_0p5b__gsm8k_train_00847_6f875d3c__temp0.60__seed7,gsm8k_train_00847_6f875d3c,False,False,434,161,255,74,2,2,fixed_budget
fixed_2,global_qwen2p5_0p5b_gsm8k::qwen2p5_0p5b__gsm8k_train_00848_60f76ce5__temp0.60__seed7,gsm8k_train_00848_60f76ce5,False,False,336,128,309,130,2,2,fixed_budget
fixed_2,global_qwen2p5_0p5b_gsm8k::qwen2p5_0p5b__gsm8k_train_00849_edaebffa__temp0.60__seed7,gsm8k_train_00849_edaebffa,False,False,325,227,300,180,2,2,fixed_budget
fixed_2,global_qwen2p5_0p5b_gsm8k::qwen2p5_0p5b__gsm8k_train_00850_2653e246__temp0.60__seed7,gsm8k_train_00850_2653e246,False,False,174,54,176,62,2,2,fixed_budget
fixed_2,global_qwen2p5_0p5b_gsm8k::qwen2p5_0p5b__gsm8k_train_00851_0a4722cd__temp0.60__seed7,gsm8k_train_00851_0a4722cd,False,False,245,114,196,71,2,2,fixed_budget
fixed_2,global_qwen2p5_0p5b_gsm8k::qwen2p5_0p5b__gsm8k_train_00852_f92bdaf7__temp0.60__seed7,gsm8k_train_00852_f92bdaf7,False,False,704,344,455,273,2,2,fixed_budget
fixed_2,global_qwen2p5_0p5b_gsm8k::qwen2p5_0p5b__gsm8k_train_00853_f402050e__temp0.60__seed7,gsm8k_train_00853_f402050e,False,False,159,53,152,47,2,2,fixed_budget
fixed_2,global_qwen2p5_0p5b_gsm8k::qwen2p5_0p5b__gsm8k_train_00854_e6110b1c__temp0.60__seed7,gsm8k_train_00854_e6110b1c,False,False,211,106,229,103,2,2,fixed_budget
fixed_2,global_qwen2p5_0p5b_gsm8k::qwen2p5_0p5b__gsm8k_train_00855_41fe3f63__temp0.60__seed7,gsm8k_train_00855_41fe3f63,False,False,175,48,154,39,2,2,fixed_budget
fixed_2,global_qwen2p5_0p5b_gsm8k::qwen2p5_0p5b__gsm8k_train_00856_f4c1904c__temp0.60__seed7,gsm8k_train_00856_f4c1904c,False,False,296,163,258,143,2,2,fixed_budget
fixed_2,global_qwen2p5_0p5b_gsm8k::qwen2p5_0p5b__gsm8k_train_00857_259485bc__temp0.60__seed7,gsm8k_train_00857_259485bc,False,False,203,45,200,60,2,2,fixed_budget
fixed_2,global_qwen2p5_0p5b_gsm8k::qwen2p5_0p5b__gsm8k_train_00858_59c8870f__temp0.60__seed7,gsm8k_train_00858_59c8870f,False,True,418,353,274,202,2,2,fixed_budget
fixed_2,global_qwen2p5_0p5b_gsm8k::qwen2p5_0p5b__gsm8k_train_00859_7b3fc9dc__temp0.60__seed7,gsm8k_train_00859_7b3fc9dc,False,False,221,112,277,148,2,2,fixed_budget
fixed_2,global_qwen2p5_0p5b_gsm8k::qwen2p5_0p5b__gsm8k_train_00860_365f149c__temp0.60__seed7,gsm8k_train_00860_365f149c,False,False,219,76,264,152,2,2,fixed_budget
fixed_2,global_qwen2p5_0p5b_gsm8k::qwen2p5_0p5b__gsm8k_train_00861_6408414e__temp0.60__seed7,gsm8k_train_00861_6408414e,False,False,179,72,191,77,2,2,fixed_budget
fixed_2,global_qwen2p5_0p5b_gsm8k::qwen2p5_0p5b__gsm8k_train_00862_c30c3f90__temp0.60__seed7,gsm8k_train_00862_c30c3f90,False,False,292,172,193,166,2,2,fixed_budget
fixed_2,global_qwen2p5_0p5b_gsm8k::qwen2p5_0p5b__gsm8k_train_00863_f8933013__temp0.60__seed7,gsm8k_train_00863_f8933013,False,False,311,134,151,13,2,2,fixed_budget
fixed_2,global_qwen2p5_0p5b_gsm8k::qwen2p5_0p5b__gsm8k_train_00864_26c9c1b9__temp0.60__seed7,gsm8k_train_00864_26c9c1b9,False,False,174,54,265,151,2,2,fixed_budget
fixed_2,global_qwen2p5_0p5b_gsm8k::qwen2p5_0p5b__gsm8k_train_00865_b43f5589__temp0.60__seed7,gsm8k_train_00865_b43f5589,False,False,172,54,214,97,2,2,fixed_budget
fixed_2,global_qwen2p5_0p5b_gsm8k::qwen2p5_0p5b__gsm8k_train_00866_1635a4db__temp0.60__seed7,gsm8k_train_00866_1635a4db,False,False,300,124,282,117,2,2,fixed_budget
fixed_2,global_qwen2p5_0p5b_gsm8k::qwen2p5_0p5b__gsm8k_train_00867_fb39ec3c__temp0.60__seed7,gsm8k_train_00867_fb39ec3c,False,False,214,104,399,244,2,2,fixed_budget
fixed_2,global_qwen2p5_0p5b_gsm8k::qwen2p5_0p5b__gsm8k_train_00868_8418a0c4__temp0.60__seed7,gsm8k_train_00868_8418a0c4,False,False,297,144,291,120,2,2,fixed_budget
fixed_2,global_qwen2p5_0p5b_gsm8k::qwen2p5_0p5b__gsm8k_train_00869_ce4cef0f__temp0.60__seed7,gsm8k_train_00869_ce4cef0f,False,False,316,117,174,60,2,2,fixed_budget
fixed_2,global_qwen2p5_0p5b_gsm8k::qwen2p5_0p5b__gsm8k_train_00870_2ad368ba__temp0.60__seed7,gsm8k_train_00870_2ad368ba,False,False,167,66,269,131,2,2,fixed_budget
fixed_2,global_qwen2p5_0p5b_gsm8k::qwen2p5_0p5b__gsm8k_train_00871_acfe8486__temp0.60__seed7,gsm8k_train_00871_acfe8486,False,False,270,107,295,193,2,2,fixed_budget
fixed_2,global_qwen2p5_0p5b_gsm8k::qwen2p5_0p5b__gsm8k_train_00872_8dc939d7__temp0.60__seed7,gsm8k_train_00872_8dc939d7,False,False,302,197,239,113,2,2,fixed_budget
fixed_2,global_qwen2p5_0p5b_gsm8k::qwen2p5_0p5b__gsm8k_train_00873_ae3e262b__temp0.60__seed7,gsm8k_train_00873_ae3e262b,False,False,233,118,436,200,2,2,fixed_budget
fixed_2,global_qwen2p5_0p5b_gsm8k::qwen2p5_0p5b__gsm8k_train_00874_330f8840__temp0.60__seed7,gsm8k_train_00874_330f8840,False,False,247,90,261,142,2,2,fixed_budget
fixed_2,global_qwen2p5_0p5b_gsm8k::qwen2p5_0p5b__gsm8k_train_00875_ed5c5721__temp0.60__seed7,gsm8k_train_00875_ed5c5721,False,False,171,46,202,100,2,2,fixed_budget
fixed_2,global_qwen2p5_0p5b_gsm8k::qwen2p5_0p5b__gsm8k_train_00876_3c6cfda8__temp0.60__seed7,gsm8k_train_00876_3c6cfda8,False,True,587,255,414,107,2,2,fixed_budget
fixed_2,global_qwen2p5_0p5b_gsm8k::qwen2p5_0p5b__gsm8k_train_00877_af4d0752__temp0.60__seed7,gsm8k_train_00877_af4d0752,False,True,233,119,199,96,2,2,fixed_budget
fixed_2,global_qwen2p5_0p5b_gsm8k::qwen2p5_0p5b__gsm8k_train_00878_d5cfb157__temp0.60__seed7,gsm8k_train_00878_d5cfb157,False,False,250,105,216,58,2,2,fixed_budget
fixed_2,global_qwen2p5_0p5b_gsm8k::qwen2p5_0p5b__gsm8k_train_00879_404baa67__temp0.60__seed7,gsm8k_train_00879_404baa67,False,False,130,34,347,262,2,2,fixed_budget
fixed_2,global_qwen2p5_0p5b_gsm8k::qwen2p5_0p5b__gsm8k_train_00880_5f01402c__temp0.60__seed7,gsm8k_train_00880_5f01402c,False,False,267,129,336,192,2,2,fixed_budget
fixed_2,global_qwen2p5_0p5b_gsm8k::qwen2p5_0p5b__gsm8k_train_00881_2d270359__temp0.60__seed7,gsm8k_train_00881_2d270359,False,False,166,64,198,93,2,2,fixed_budget
fixed_2,global_qwen2p5_0p5b_gsm8k::qwen2p5_0p5b__gsm8k_train_00882_e5c72056__temp0.60__seed7,gsm8k_train_00882_e5c72056,True,True,369,92,361,194,2,2,fixed_budget
fixed_2,global_qwen2p5_0p5b_gsm8k::qwen2p5_0p5b__gsm8k_train_00883_aab1fac9__temp0.60__seed7,gsm8k_train_00883_aab1fac9,False,False,244,100,224,90,2,2,fixed_budget
fixed_2,global_qwen2p5_0p5b_gsm8k::qwen2p5_0p5b__gsm8k_train_00884_77631081__temp0.60__seed7,gsm8k_train_00884_77631081,False,False,189,59,214,86,2,2,fixed_budget
fixed_2,global_qwen2p5_0p5b_gsm8k::qwen2p5_0p5b__gsm8k_train_00885_0219c760__temp0.60__seed7,gsm8k_train_00885_0219c760,False,False,208,69,267,119,2,2,fixed_budget
fixed_2,global_qwen2p5_0p5b_gsm8k::qwen2p5_0p5b__gsm8k_train_00886_d4684383__temp0.60__seed7,gsm8k_train_00886_d4684383,False,False,324,149,278,103,2,2,fixed_budget
fixed_2,global_qwen2p5_0p5b_gsm8k::qwen2p5_0p5b__gsm8k_train_00887_0bf50804__temp0.60__seed7,gsm8k_train_00887_0bf50804,True,True,242,116,129,37,2,2,fixed_budget
fixed_2,global_qwen2p5_0p5b_gsm8k::qwen2p5_0p5b__gsm8k_train_00888_10a87415__temp0.60__seed7,gsm8k_train_00888_10a87415,False,False,244,103,238,103,2,2,fixed_budget
fixed_2,global_qwen2p5_0p5b_gsm8k::qwen2p5_0p5b__gsm8k_train_00889_86b8c5cb__temp0.60__seed7,gsm8k_train_00889_86b8c5cb,False,False,271,84,228,99,2,2,fixed_budget
fixed_2,global_qwen2p5_0p5b_gsm8k::qwen2p5_0p5b__gsm8k_train_00890_acbdf809__temp0.60__seed7,gsm8k_train_00890_acbdf809,False,False,352,178,368,196,2,2,fixed_budget
fixed_2,global_qwen2p5_0p5b_gsm8k::qwen2p5_0p5b__gsm8k_train_00891_c8033227__temp0.60__seed7,gsm8k_train_00891_c8033227,True,True,271,143,274,107,2,2,fixed_budget
fixed_2,global_qwen2p5_0p5b_gsm8k::qwen2p5_0p5b__gsm8k_train_00892_0be3d42e__temp0.60__seed7,gsm8k_train_00892_0be3d42e,False,False,297,214,272,114,2,2,fixed_budget
fixed_2,global_qwen2p5_0p5b_gsm8k::qwen2p5_0p5b__gsm8k_train_00893_11b9ac0e__temp0.60__seed7,gsm8k_train_00893_11b9ac0e,False,False,279,174,396,266,2,2,fixed_budget
fixed_2,global_qwen2p5_0p5b_gsm8k::qwen2p5_0p5b__gsm8k_train_00894_7b2741f5__temp0.60__seed7,gsm8k_train_00894_7b2741f5,False,False,226,88,311,168,2,2,fixed_budget
fixed_2,global_qwen2p5_0p5b_gsm8k::qwen2p5_0p5b__gsm8k_train_00895_df77acd0__temp0.60__seed7,gsm8k_train_00895_df77acd0,False,False,243,118,345,198,2,2,fixed_budget
fixed_2,global_qwen2p5_0p5b_gsm8k::qwen2p5_0p5b__gsm8k_train_00896_9e41f480__temp0.60__seed7,gsm8k_train_00896_9e41f480,False,False,248,116,299,171,2,2,fixed_budget
fixed_2,global_qwen2p5_0p5b_gsm8k::qwen2p5_0p5b__gsm8k_train_00897_9e038cbd__temp0.60__seed7,gsm8k_train_00897_9e038cbd,False,False,232,136,299,192,2,2,fixed_budget
fixed_2,global_qwen2p5_0p5b_gsm8k::qwen2p5_0p5b__gsm8k_train_00898_bcd1aa28__temp0.60__seed7,gsm8k_train_00898_bcd1aa28,False,False,180,55,81,13,2,1,fixed_budget
fixed_2,global_qwen2p5_0p5b_gsm8k::qwen2p5_0p5b__gsm8k_train_00899_091efa0b__temp0.60__seed7,gsm8k_train_00899_091efa0b,True,True,265,172,124,44,2,2,fixed_budget
fixed_2,global_qwen2p5_0p5b_gsm8k::qwen2p5_0p5b__gsm8k_train_00900_e19f05d7__temp0.60__seed7,gsm8k_train_00900_e19f05d7,False,False,444,227,512,167,2,2,fixed_budget
fixed_2,global_qwen2p5_0p5b_gsm8k::qwen2p5_0p5b__gsm8k_train_00901_6be4f16f__temp0.60__seed7,gsm8k_train_00901_6be4f16f,False,False,190,83,244,194,2,1,fixed_budget
fixed_2,global_qwen2p5_0p5b_gsm8k::qwen2p5_0p5b__gsm8k_train_00902_8a4e78e8__temp0.60__seed7,gsm8k_train_00902_8a4e78e8,True,False,260,139,259,95,2,2,fixed_budget
fixed_2,global_qwen2p5_0p5b_gsm8k::qwen2p5_0p5b__gsm8k_train_00903_6fb0e286__temp0.60__seed7,gsm8k_train_00903_6fb0e286,False,False,237,104,264,64,2,2,fixed_budget
fixed_2,global_qwen2p5_0p5b_gsm8k::qwen2p5_0p5b__gsm8k_train_00904_907ef7fc__temp0.60__seed7,gsm8k_train_00904_907ef7fc,False,False,194,125,216,129,2,2,fixed_budget
fixed_2,global_qwen2p5_0p5b_gsm8k::qwen2p5_0p5b__gsm8k_train_00905_fee1a622__temp0.60__seed7,gsm8k_train_00905_fee1a622,True,True,299,137,281,53,2,2,fixed_budget
fixed_2,global_qwen2p5_0p5b_gsm8k::qwen2p5_0p5b__gsm8k_train_00906_89960744__temp0.60__seed7,gsm8k_train_00906_89960744,False,False,169,70,169,63,2,2,fixed_budget
fixed_2,global_qwen2p5_0p5b_gsm8k::qwen2p5_0p5b__gsm8k_train_00907_1c8cb186__temp0.60__seed7,gsm8k_train_00907_1c8cb186,False,False,241,112,256,120,2,2,fixed_budget
fixed_2,global_qwen2p5_0p5b_gsm8k::qwen2p5_0p5b__gsm8k_train_00908_1e3aa165__temp0.60__seed7,gsm8k_train_00908_1e3aa165,False,False,201,95,283,169,2,2,fixed_budget
fixed_2,global_qwen2p5_0p5b_gsm8k::qwen2p5_0p5b__gsm8k_train_00909_f8ec982b__temp0.60__seed7,gsm8k_train_00909_f8ec982b,False,False,276,178,102,68,2,2,fixed_budget
fixed_2,global_qwen2p5_0p5b_gsm8k::qwen2p5_0p5b__gsm8k_train_00910_0a2e32cd__temp0.60__seed7,gsm8k_train_00910_0a2e32cd,True,False,364,209,351,169,2,2,fixed_budget
fixed_2,global_qwen2p5_0p5b_gsm8k::qwen2p5_0p5b__gsm8k_train_00911_756cc672__temp0.60__seed7,gsm8k_train_00911_756cc672,False,False,202,89,157,43,2,2,fixed_budget
fixed_2,global_qwen2p5_0p5b_gsm8k::qwen2p5_0p5b__gsm8k_train_00912_35259d68__temp0.60__seed7,gsm8k_train_00912_35259d68,False,False,251,109,213,80,2,2,fixed_budget
fixed_2,global_qwen2p5_0p5b_gsm8k::qwen2p5_0p5b__gsm8k_train_00913_49f74295__temp0.60__seed7,gsm8k_train_00913_49f74295,False,False,184,72,230,113,2,2,fixed_budget
fixed_2,global_qwen2p5_0p5b_gsm8k::qwen2p5_0p5b__gsm8k_train_00914_f58b298f__temp0.60__seed7,gsm8k_train_00914_f58b298f,False,False,168,87,223,145,2,2,fixed_budget
fixed_2,global_qwen2p5_0p5b_gsm8k::qwen2p5_0p5b__gsm8k_train_00915_061cd577__temp0.60__seed7,gsm8k_train_00915_061cd577,False,False,165,67,209,111,2,2,fixed_budget
fixed_2,global_qwen2p5_0p5b_gsm8k::qwen2p5_0p5b__gsm8k_train_00916_79183bf9__temp0.60__seed7,gsm8k_train_00916_79183bf9,False,False,152,46,231,130,2,2,fixed_budget
fixed_2,global_qwen2p5_0p5b_gsm8k::qwen2p5_0p5b__gsm8k_train_00917_a2c8ec63__temp0.60__seed7,gsm8k_train_00917_a2c8ec63,False,False,268,143,235,73,2,1,fixed_budget
fixed_2,global_qwen2p5_0p5b_gsm8k::qwen2p5_0p5b__gsm8k_train_00918_766938fa__temp0.60__seed7,gsm8k_train_00918_766938fa,False,False,276,107,278,109,2,2,fixed_budget
fixed_2,global_qwen2p5_0p5b_gsm8k::qwen2p5_0p5b__gsm8k_train_00919_40a052eb__temp0.60__seed7,gsm8k_train_00919_40a052eb,False,False,254,123,189,49,2,2,fixed_budget
fixed_2,global_qwen2p5_0p5b_gsm8k::qwen2p5_0p5b__gsm8k_train_00920_e246f332__temp0.60__seed7,gsm8k_train_00920_e246f332,False,False,582,392,234,100,2,2,fixed_budget
fixed_2,global_qwen2p5_0p5b_gsm8k::qwen2p5_0p5b__gsm8k_train_00921_19300b03__temp0.60__seed7,gsm8k_train_00921_19300b03,False,False,188,87,211,98,2,2,fixed_budget
fixed_2,global_qwen2p5_0p5b_gsm8k::qwen2p5_0p5b__gsm8k_train_00922_4610e56a__temp0.60__seed7,gsm8k_train_00922_4610e56a,False,False,247,144,235,127,2,2,fixed_budget
fixed_2,global_qwen2p5_0p5b_gsm8k::qwen2p5_0p5b__gsm8k_train_00923_528b4fc3__temp0.60__seed7,gsm8k_train_00923_528b4fc3,False,False,228,99,166,76,2,2,fixed_budget
fixed_2,global_qwen2p5_0p5b_gsm8k::qwen2p5_0p5b__gsm8k_train_00924_b6c0271e__temp0.60__seed7,gsm8k_train_00924_b6c0271e,False,False,276,116,299,61,2,2,fixed_budget
fixed_2,global_qwen2p5_0p5b_gsm8k::qwen2p5_0p5b__gsm8k_train_00925_e2a40b1e__temp0.60__seed7,gsm8k_train_00925_e2a40b1e,True,True,456,230,306,83,2,2,fixed_budget
fixed_2,global_qwen2p5_0p5b_gsm8k::qwen2p5_0p5b__gsm8k_train_00926_be65c80e__temp0.60__seed7,gsm8k_train_00926_be65c80e,False,False,261,107,218,84,2,2,fixed_budget
fixed_2,global_qwen2p5_0p5b_gsm8k::qwen2p5_0p5b__gsm8k_train_00927_ab3d457b__temp0.60__seed7,gsm8k_train_00927_ab3d457b,True,True,223,70,215,90,2,2,fixed_budget
fixed_2,global_qwen2p5_0p5b_gsm8k::qwen2p5_0p5b__gsm8k_train_00928_9abe04af__temp0.60__seed7,gsm8k_train_00928_9abe04af,False,False,249,109,265,116,2,2,fixed_budget
fixed_2,global_qwen2p5_0p5b_gsm8k::qwen2p5_0p5b__gsm8k_train_00929_8e929a45__temp0.60__seed7,gsm8k_train_00929_8e929a45,False,False,271,90,380,93,2,2,fixed_budget
fixed_2,global_qwen2p5_0p5b_gsm8k::qwen2p5_0p5b__gsm8k_train_00930_b2d02b89__temp0.60__seed7,gsm8k_train_00930_b2d02b89,False,False,269,105,156,51,2,2,fixed_budget
fixed_2,global_qwen2p5_0p5b_gsm8k::qwen2p5_0p5b__gsm8k_train_00931_9d02d66b__temp0.60__seed7,gsm8k_train_00931_9d02d66b,False,False,293,187,257,158,2,2,fixed_budget
fixed_2,global_qwen2p5_0p5b_gsm8k::qwen2p5_0p5b__gsm8k_train_00932_998b7b1e__temp0.60__seed7,gsm8k_train_00932_998b7b1e,True,True,239,109,277,202,2,1,fixed_budget
fixed_2,global_qwen2p5_0p5b_gsm8k::qwen2p5_0p5b__gsm8k_train_00933_ccc68c0b__temp0.60__seed7,gsm8k_train_00933_ccc68c0b,False,False,169,45,365,236,2,2,fixed_budget
fixed_2,global_qwen2p5_0p5b_gsm8k::qwen2p5_0p5b__gsm8k_train_00934_c7364d3d__temp0.60__seed7,gsm8k_train_00934_c7364d3d,True,True,216,69,211,51,2,2,fixed_budget
fixed_2,global_qwen2p5_0p5b_gsm8k::qwen2p5_0p5b__gsm8k_train_00935_b1042bd9__temp0.60__seed7,gsm8k_train_00935_b1042bd9,True,True,254,151,250,108,2,2,fixed_budget
fixed_2,global_qwen2p5_0p5b_gsm8k::qwen2p5_0p5b__gsm8k_train_00936_bcfb2d00__temp0.60__seed7,gsm8k_train_00936_bcfb2d00,False,False,161,59,161,60,2,2,fixed_budget
fixed_2,global_qwen2p5_0p5b_gsm8k::qwen2p5_0p5b__gsm8k_train_00937_0001b0f8__temp0.60__seed7,gsm8k_train_00937_0001b0f8,False,False,229,67,234,125,2,2,fixed_budget
fixed_2,global_qwen2p5_0p5b_gsm8k::qwen2p5_0p5b__gsm8k_train_00938_ed21b67a__temp0.60__seed7,gsm8k_train_00938_ed21b67a,False,False,344,108,411,196,2,2,fixed_budget
fixed_2,global_qwen2p5_0p5b_gsm8k::qwen2p5_0p5b__gsm8k_train_00939_82a9ee8c__temp0.60__seed7,gsm8k_train_00939_82a9ee8c,True,True,286,126,239,103,2,2,fixed_budget
fixed_2,global_qwen2p5_0p5b_gsm8k::qwen2p5_0p5b__gsm8k_train_00940_a5dce55c__temp0.60__seed7,gsm8k_train_00940_a5dce55c,False,False,167,49,185,58,2,2,fixed_budget
fixed_2,global_qwen2p5_0p5b_gsm8k::qwen2p5_0p5b__gsm8k_train_00941_312d7115__temp0.60__seed7,gsm8k_train_00941_312d7115,True,True,142,45,187,91,2,2,fixed_budget
fixed_2,global_qwen2p5_0p5b_gsm8k::qwen2p5_0p5b__gsm8k_train_00942_f33da110__temp0.60__seed7,gsm8k_train_00942_f33da110,False,False,232,109,135,69,2,2,fixed_budget
fixed_2,global_qwen2p5_0p5b_gsm8k::qwen2p5_0p5b__gsm8k_train_00943_61d5ab9a__temp0.60__seed7,gsm8k_train_00943_61d5ab9a,False,False,375,142,344,153,2,2,fixed_budget
fixed_2,global_qwen2p5_0p5b_gsm8k::qwen2p5_0p5b__gsm8k_train_00944_aefb25bf__temp0.60__seed7,gsm8k_train_00944_aefb25bf,False,False,134,64,397,281,2,2,fixed_budget
fixed_2,global_qwen2p5_0p5b_gsm8k::qwen2p5_0p5b__gsm8k_train_00945_300c9137__temp0.60__seed7,gsm8k_train_00945_300c9137,False,False,317,227,258,143,2,2,fixed_budget
fixed_2,global_qwen2p5_0p5b_gsm8k::qwen2p5_0p5b__gsm8k_train_00946_edc0cbb4__temp0.60__seed7,gsm8k_train_00946_edc0cbb4,False,True,288,143,360,171,2,2,fixed_budget
fixed_2,global_qwen2p5_0p5b_gsm8k::qwen2p5_0p5b__gsm8k_train_00947_655dfe50__temp0.60__seed7,gsm8k_train_00947_655dfe50,False,False,239,138,270,185,2,2,fixed_budget
fixed_2,global_qwen2p5_0p5b_gsm8k::qwen2p5_0p5b__gsm8k_train_00948_b2d0480c__temp0.60__seed7,gsm8k_train_00948_b2d0480c,False,False,419,200,444,214,2,2,fixed_budget
fixed_2,global_qwen2p5_0p5b_gsm8k::qwen2p5_0p5b__gsm8k_train_00949_d8ef206b__temp0.60__seed7,gsm8k_train_00949_d8ef206b,False,False,395,291,238,124,2,2,fixed_budget
fixed_2,global_qwen2p5_0p5b_gsm8k::qwen2p5_0p5b__gsm8k_train_00950_85e843ca__temp0.60__seed7,gsm8k_train_00950_85e843ca,False,False,314,214,137,49,2,2,fixed_budget
fixed_2,global_qwen2p5_0p5b_gsm8k::qwen2p5_0p5b__gsm8k_train_00951_3f075354__temp0.60__seed7,gsm8k_train_00951_3f075354,False,False,315,138,333,131,2,2,fixed_budget
fixed_2,global_qwen2p5_0p5b_gsm8k::qwen2p5_0p5b__gsm8k_train_00952_e7e7e577__temp0.60__seed7,gsm8k_train_00952_e7e7e577,False,False,136,43,359,259,2,2,fixed_budget
fixed_2,global_qwen2p5_0p5b_gsm8k::qwen2p5_0p5b__gsm8k_train_00953_dcb1b994__temp0.60__seed7,gsm8k_train_00953_dcb1b994,False,False,170,69,201,92,2,2,fixed_budget
fixed_2,global_qwen2p5_0p5b_gsm8k::qwen2p5_0p5b__gsm8k_train_00954_302a63a2__temp0.60__seed7,gsm8k_train_00954_302a63a2,False,False,190,100,176,84,2,2,fixed_budget
fixed_2,global_qwen2p5_0p5b_gsm8k::qwen2p5_0p5b__gsm8k_train_00955_592bd44c__temp0.60__seed7,gsm8k_train_00955_592bd44c,False,False,156,51,202,104,2,2,fixed_budget
fixed_2,global_qwen2p5_0p5b_gsm8k::qwen2p5_0p5b__gsm8k_train_00956_6c227bb2__temp0.60__seed7,gsm8k_train_00956_6c227bb2,False,False,142,94,155,86,2,2,fixed_budget
fixed_2,global_qwen2p5_0p5b_gsm8k::qwen2p5_0p5b__gsm8k_train_00957_4d273306__temp0.60__seed7,gsm8k_train_00957_4d273306,False,False,183,54,200,83,2,1,fixed_budget
fixed_2,global_qwen2p5_0p5b_gsm8k::qwen2p5_0p5b__gsm8k_train_00958_8a716941__temp0.60__seed7,gsm8k_train_00958_8a716941,False,False,616,370,662,256,2,2,fixed_budget
fixed_2,global_qwen2p5_0p5b_gsm8k::qwen2p5_0p5b__gsm8k_train_00959_8e0a3eec__temp0.60__seed7,gsm8k_train_00959_8e0a3eec,False,False,233,162,96,49,2,2,fixed_budget
fixed_2,global_qwen2p5_0p5b_gsm8k::qwen2p5_0p5b__gsm8k_train_00960_826474fb__temp0.60__seed7,gsm8k_train_00960_826474fb,False,False,229,117,229,113,2,2,fixed_budget
fixed_2,global_qwen2p5_0p5b_gsm8k::qwen2p5_0p5b__gsm8k_train_00961_91dbffe9__temp0.60__seed7,gsm8k_train_00961_91dbffe9,False,False,152,132,55,5,2,2,fixed_budget
fixed_2,global_qwen2p5_0p5b_gsm8k::qwen2p5_0p5b__gsm8k_train_00962_5322e248__temp0.60__seed7,gsm8k_train_00962_5322e248,False,False,223,95,263,164,2,2,fixed_budget
fixed_2,global_qwen2p5_0p5b_gsm8k::qwen2p5_0p5b__gsm8k_train_00963_871a5d5b__temp0.60__seed7,gsm8k_train_00963_871a5d5b,False,False,141,48,133,44,2,2,fixed_budget
fixed_2,global_qwen2p5_0p5b_gsm8k::qwen2p5_0p5b__gsm8k_train_00964_bd4d0fb9__temp0.60__seed7,gsm8k_train_00964_bd4d0fb9,False,False,217,107,121,65,2,1,fixed_budget
fixed_2,global_qwen2p5_0p5b_gsm8k::qwen2p5_0p5b__gsm8k_train_00965_d5eccfa8__temp0.60__seed7,gsm8k_train_00965_d5eccfa8,False,False,208,79,210,88,2,2,fixed_budget
fixed_2,global_qwen2p5_0p5b_gsm8k::qwen2p5_0p5b__gsm8k_train_00966_a908793f__temp0.60__seed7,gsm8k_train_00966_a908793f,False,False,367,115,461,170,2,1,fixed_budget
fixed_2,global_qwen2p5_0p5b_gsm8k::qwen2p5_0p5b__gsm8k_train_00967_3dc9bba2__temp0.60__seed7,gsm8k_train_00967_3dc9bba2,False,False,282,129,303,143,2,2,fixed_budget
fixed_2,global_qwen2p5_0p5b_gsm8k::qwen2p5_0p5b__gsm8k_train_00968_de3463cb__temp0.60__seed7,gsm8k_train_00968_de3463cb,False,False,211,70,273,152,2,2,fixed_budget
fixed_2,global_qwen2p5_0p5b_gsm8k::qwen2p5_0p5b__gsm8k_train_00969_95cb1a9c__temp0.60__seed7,gsm8k_train_00969_95cb1a9c,True,True,260,189,372,154,2,2,fixed_budget
fixed_2,global_qwen2p5_0p5b_gsm8k::qwen2p5_0p5b__gsm8k_train_00970_392c10bf__temp0.60__seed7,gsm8k_train_00970_392c10bf,False,False,230,96,180,66,2,2,fixed_budget
fixed_2,global_qwen2p5_0p5b_gsm8k::qwen2p5_0p5b__gsm8k_train_00971_081b4b75__temp0.60__seed7,gsm8k_train_00971_081b4b75,False,False,248,82,192,42,2,2,fixed_budget
fixed_2,global_qwen2p5_0p5b_gsm8k::qwen2p5_0p5b__gsm8k_train_00972_f9859fb3__temp0.60__seed7,gsm8k_train_00972_f9859fb3,False,False,405,130,478,377,2,2,fixed_budget
fixed_2,global_qwen2p5_0p5b_gsm8k::qwen2p5_0p5b__gsm8k_train_00973_c5dc1963__temp0.60__seed7,gsm8k_train_00973_c5dc1963,False,False,137,43,181,85,2,2,fixed_budget
fixed_2,global_qwen2p5_0p5b_gsm8k::qwen2p5_0p5b__gsm8k_train_00974_0c18d385__temp0.60__seed7,gsm8k_train_00974_0c18d385,True,True,233,129,214,106,2,2,fixed_budget
fixed_2,global_qwen2p5_0p5b_gsm8k::qwen2p5_0p5b__gsm8k_train_00975_63ee7f48__temp0.60__seed7,gsm8k_train_00975_63ee7f48,False,False,489,269,337,220,2,2,fixed_budget
fixed_2,global_qwen2p5_0p5b_gsm8k::qwen2p5_0p5b__gsm8k_train_00976_6f3a4870__temp0.60__seed7,gsm8k_train_00976_6f3a4870,False,False,213,96,213,92,2,2,fixed_budget
fixed_2,global_qwen2p5_0p5b_gsm8k::qwen2p5_0p5b__gsm8k_train_00977_8a13f875__temp0.60__seed7,gsm8k_train_00977_8a13f875,False,False,200,100,211,109,2,2,fixed_budget
fixed_2,global_qwen2p5_0p5b_gsm8k::qwen2p5_0p5b__gsm8k_train_00978_2c923e4f__temp0.60__seed7,gsm8k_train_00978_2c923e4f,False,False,307,205,169,69,2,2,fixed_budget
fixed_2,global_qwen2p5_0p5b_gsm8k::qwen2p5_0p5b__gsm8k_train_00979_55ebc3ac__temp0.60__seed7,gsm8k_train_00979_55ebc3ac,False,False,250,152,343,232,2,2,fixed_budget
fixed_2,global_qwen2p5_0p5b_gsm8k::qwen2p5_0p5b__gsm8k_train_00980_441d1630__temp0.60__seed7,gsm8k_train_00980_441d1630,False,False,228,101,281,155,2,2,fixed_budget
fixed_2,global_qwen2p5_0p5b_gsm8k::qwen2p5_0p5b__gsm8k_train_00981_5eaa2078__temp0.60__seed7,gsm8k_train_00981_5eaa2078,False,False,199,82,333,194,2,2,fixed_budget
fixed_2,global_qwen2p5_0p5b_gsm8k::qwen2p5_0p5b__gsm8k_train_00982_5e57c53f__temp0.60__seed7,gsm8k_train_00982_5e57c53f,False,False,145,51,210,114,2,2,fixed_budget
fixed_2,global_qwen2p5_0p5b_gsm8k::qwen2p5_0p5b__gsm8k_train_00983_c7be2d52__temp0.60__seed7,gsm8k_train_00983_c7be2d52,False,False,354,233,163,53,2,2,fixed_budget
fixed_2,global_qwen2p5_0p5b_gsm8k::qwen2p5_0p5b__gsm8k_train_00984_7920c907__temp0.60__seed7,gsm8k_train_00984_7920c907,False,False,194,98,267,191,2,2,fixed_budget
fixed_2,global_qwen2p5_0p5b_gsm8k::qwen2p5_0p5b__gsm8k_train_00985_57753de3__temp0.60__seed7,gsm8k_train_00985_57753de3,False,False,315,122,316,111,2,2,fixed_budget
fixed_2,global_qwen2p5_0p5b_gsm8k::qwen2p5_0p5b__gsm8k_train_00986_9c9d07ba__temp0.60__seed7,gsm8k_train_00986_9c9d07ba,False,False,236,126,273,141,2,2,fixed_budget
fixed_2,global_qwen2p5_0p5b_gsm8k::qwen2p5_0p5b__gsm8k_train_00987_8594e46d__temp0.60__seed7,gsm8k_train_00987_8594e46d,False,False,201,92,243,135,2,2,fixed_budget
fixed_2,global_qwen2p5_0p5b_gsm8k::qwen2p5_0p5b__gsm8k_train_00988_db44b52a__temp0.60__seed7,gsm8k_train_00988_db44b52a,False,False,243,116,351,199,2,2,fixed_budget
fixed_2,global_qwen2p5_0p5b_gsm8k::qwen2p5_0p5b__gsm8k_train_00989_50152650__temp0.60__seed7,gsm8k_train_00989_50152650,True,True,252,155,511,164,2,1,fixed_budget
fixed_2,global_qwen2p5_0p5b_gsm8k::qwen2p5_0p5b__gsm8k_train_00990_6a8947a1__temp0.60__seed7,gsm8k_train_00990_6a8947a1,False,False,445,298,284,41,2,2,fixed_budget
fixed_2,global_qwen2p5_0p5b_gsm8k::qwen2p5_0p5b__gsm8k_train_00991_e015655a__temp0.60__seed7,gsm8k_train_00991_e015655a,False,False,256,123,244,125,2,2,fixed_budget
fixed_2,global_qwen2p5_0p5b_gsm8k::qwen2p5_0p5b__gsm8k_train_00992_ca9718dd__temp0.60__seed7,gsm8k_train_00992_ca9718dd,False,False,210,76,302,128,2,2,fixed_budget
fixed_2,global_qwen2p5_0p5b_gsm8k::qwen2p5_0p5b__gsm8k_train_00993_a987ea53__temp0.60__seed7,gsm8k_train_00993_a987ea53,False,False,370,73,384,251,2,2,fixed_budget
fixed_2,global_qwen2p5_0p5b_gsm8k::qwen2p5_0p5b__gsm8k_train_00994_a2920ae7__temp0.60__seed7,gsm8k_train_00994_a2920ae7,False,False,186,93,244,124,2,2,fixed_budget
fixed_2,global_qwen2p5_0p5b_gsm8k::qwen2p5_0p5b__gsm8k_train_00995_23dcec56__temp0.60__seed7,gsm8k_train_00995_23dcec56,False,False,206,116,318,47,2,2,fixed_budget
fixed_2,global_qwen2p5_0p5b_gsm8k::qwen2p5_0p5b__gsm8k_train_00996_db8eb5c1__temp0.60__seed7,gsm8k_train_00996_db8eb5c1,False,False,235,94,256,101,2,1,fixed_budget
fixed_2,global_qwen2p5_0p5b_gsm8k::qwen2p5_0p5b__gsm8k_train_00997_480af89d__temp0.60__seed7,gsm8k_train_00997_480af89d,False,False,327,232,255,159,2,2,fixed_budget
fixed_2,global_qwen2p5_0p5b_gsm8k::qwen2p5_0p5b__gsm8k_train_00998_35bfdc26__temp0.60__seed7,gsm8k_train_00998_35bfdc26,False,False,155,44,185,71,2,2,fixed_budget
fixed_2,global_qwen2p5_0p5b_gsm8k::qwen2p5_0p5b__gsm8k_train_00999_b20a487a__temp0.60__seed7,gsm8k_train_00999_b20a487a,True,False,136,100,271,39,2,2,fixed_budget
fixed_2,global_qwen2p5_0p5b_math::qwen2p5_0p5b__math_test_00000_5a6bb412__temp0.60__seed7,math_test_00000_5a6bb412,False,False,144,60,367,285,2,2,fixed_budget
fixed_2,global_qwen2p5_0p5b_math::qwen2p5_0p5b__math_test_00001_28176864__temp0.60__seed7,math_test_00001_28176864,False,False,203,142,252,125,2,2,fixed_budget
fixed_2,global_qwen2p5_0p5b_math::qwen2p5_0p5b__math_test_00002_12859ab8__temp0.60__seed7,math_test_00002_12859ab8,False,False,237,78,184,44,2,2,fixed_budget
fixed_2,global_qwen2p5_0p5b_math::qwen2p5_0p5b__math_test_00003_b88cddac__temp0.60__seed7,math_test_00003_b88cddac,False,False,100,71,244,172,2,2,fixed_budget
fixed_2,global_qwen2p5_0p5b_math::qwen2p5_0p5b__math_test_00004_d6afb929__temp0.60__seed7,math_test_00004_d6afb929,False,False,294,99,262,77,2,2,fixed_budget
fixed_2,global_qwen2p5_0p5b_math::qwen2p5_0p5b__math_test_00005_82ab404f__temp0.60__seed7,math_test_00005_82ab404f,False,False,449,313,555,316,2,2,fixed_budget
fixed_2,global_qwen2p5_0p5b_math::qwen2p5_0p5b__math_test_00006_27e7448e__temp0.60__seed7,math_test_00006_27e7448e,False,False,307,160,397,232,2,2,fixed_budget
fixed_2,global_qwen2p5_0p5b_math::qwen2p5_0p5b__math_test_00007_8a27500a__temp0.60__seed7,math_test_00007_8a27500a,False,False,230,90,291,263,2,2,fixed_budget
fixed_2,global_qwen2p5_0p5b_math::qwen2p5_0p5b__math_test_00008_e894d48c__temp0.60__seed7,math_test_00008_e894d48c,False,False,188,83,291,169,2,2,fixed_budget
fixed_2,global_qwen2p5_0p5b_math::qwen2p5_0p5b__math_test_00009_99c62e67__temp0.60__seed7,math_test_00009_99c62e67,False,False,199,82,379,262,2,2,fixed_budget
fixed_2,global_qwen2p5_0p5b_math::qwen2p5_0p5b__math_test_00010_88e977e0__temp0.60__seed7,math_test_00010_88e977e0,False,False,644,512,849,309,2,2,fixed_budget
fixed_2,global_qwen2p5_0p5b_math::qwen2p5_0p5b__math_test_00011_3e051151__temp0.60__seed7,math_test_00011_3e051151,False,False,232,100,195,60,2,2,fixed_budget
fixed_2,global_qwen2p5_0p5b_math::qwen2p5_0p5b__math_test_00012_2ce46331__temp0.60__seed7,math_test_00012_2ce46331,False,False,250,67,339,170,2,2,fixed_budget
fixed_2,global_qwen2p5_0p5b_math::qwen2p5_0p5b__math_test_00013_3fae6c79__temp0.60__seed7,math_test_00013_3fae6c79,False,False,232,98,223,91,2,2,fixed_budget
fixed_2,global_qwen2p5_0p5b_math::qwen2p5_0p5b__math_test_00014_4bed628b__temp0.60__seed7,math_test_00014_4bed628b,False,False,292,133,257,119,2,2,fixed_budget
fixed_2,global_qwen2p5_0p5b_math::qwen2p5_0p5b__math_test_00015_04ca2ad3__temp0.60__seed7,math_test_00015_04ca2ad3,False,False,441,257,545,387,2,2,fixed_budget
fixed_2,global_qwen2p5_0p5b_math::qwen2p5_0p5b__math_test_00016_da610902__temp0.60__seed7,math_test_00016_da610902,False,False,374,151,441,187,2,2,fixed_budget
fixed_2,global_qwen2p5_0p5b_math::qwen2p5_0p5b__math_test_00017_c6ed297b__temp0.60__seed7,math_test_00017_c6ed297b,False,False,303,172,423,303,2,2,fixed_budget
fixed_2,global_qwen2p5_0p5b_math::qwen2p5_0p5b__math_test_00018_407dceb0__temp0.60__seed7,math_test_00018_407dceb0,False,False,386,236,159,61,2,2,fixed_budget
fixed_2,global_qwen2p5_0p5b_math::qwen2p5_0p5b__math_test_00019_646b1b85__temp0.60__seed7,math_test_00019_646b1b85,False,False,223,118,171,84,2,2,fixed_budget
fixed_2,global_qwen2p5_0p5b_math::qwen2p5_0p5b__math_test_00020_f9bb4c02__temp0.60__seed7,math_test_00020_f9bb4c02,False,False,359,224,235,134,2,2,fixed_budget
fixed_2,global_qwen2p5_0p5b_math::qwen2p5_0p5b__math_test_00021_b40f659d__temp0.60__seed7,math_test_00021_b40f659d,False,False,362,194,288,170,2,2,fixed_budget
fixed_2,global_qwen2p5_0p5b_math::qwen2p5_0p5b__math_test_00022_8fba220b__temp0.60__seed7,math_test_00022_8fba220b,False,False,299,165,245,118,2,2,fixed_budget
fixed_2,global_qwen2p5_0p5b_math::qwen2p5_0p5b__math_test_00023_998c2d9c__temp0.60__seed7,math_test_00023_998c2d9c,False,False,723,512,727,512,2,2,fixed_budget
fixed_2,global_qwen2p5_0p5b_math::qwen2p5_0p5b__math_test_00024_f928c750__temp0.60__seed7,math_test_00024_f928c750,False,False,191,176,284,263,2,2,fixed_budget
fixed_2,global_qwen2p5_0p5b_math::qwen2p5_0p5b__math_test_00025_4388bd76__temp0.60__seed7,math_test_00025_4388bd76,False,False,248,141,377,218,2,2,fixed_budget
fixed_2,global_qwen2p5_0p5b_math::qwen2p5_0p5b__math_test_00026_4945051e__temp0.60__seed7,math_test_00026_4945051e,False,False,265,161,421,322,2,2,fixed_budget
fixed_2,global_qwen2p5_0p5b_math::qwen2p5_0p5b__math_test_00027_9d852676__temp0.60__seed7,math_test_00027_9d852676,False,False,180,30,422,279,2,2,fixed_budget
fixed_2,global_qwen2p5_0p5b_math::qwen2p5_0p5b__math_test_00028_a585adcc__temp0.60__seed7,math_test_00028_a585adcc,False,False,371,167,329,89,2,2,fixed_budget
fixed_2,global_qwen2p5_0p5b_math::qwen2p5_0p5b__math_test_00029_1b84e405__temp0.60__seed7,math_test_00029_1b84e405,False,False,368,186,245,54,2,2,fixed_budget
fixed_2,global_qwen2p5_0p5b_math::qwen2p5_0p5b__math_test_00030_a477f137__temp0.60__seed7,math_test_00030_a477f137,False,False,528,171,407,205,2,2,fixed_budget
fixed_2,global_qwen2p5_0p5b_math::qwen2p5_0p5b__math_test_00031_1bbccbd2__temp0.60__seed7,math_test_00031_1bbccbd2,False,False,456,201,283,87,2,2,fixed_budget
fixed_2,global_qwen2p5_0p5b_math::qwen2p5_0p5b__math_test_00032_f08fb3bb__temp0.60__seed7,math_test_00032_f08fb3bb,False,False,427,192,212,10,2,2,fixed_budget
fixed_2,global_qwen2p5_0p5b_math::qwen2p5_0p5b__math_test_00033_0f789c1f__temp0.60__seed7,math_test_00033_0f789c1f,False,False,274,84,287,105,2,2,fixed_budget
fixed_2,global_qwen2p5_0p5b_math::qwen2p5_0p5b__math_test_00034_dae3e9e5__temp0.60__seed7,math_test_00034_dae3e9e5,False,False,366,318,375,341,2,2,fixed_budget
fixed_2,global_qwen2p5_0p5b_math::qwen2p5_0p5b__math_test_00035_f144cd5e__temp0.60__seed7,math_test_00035_f144cd5e,False,False,356,178,614,512,2,2,fixed_budget
fixed_2,global_qwen2p5_0p5b_math::qwen2p5_0p5b__math_test_00036_ccf4238b__temp0.60__seed7,math_test_00036_ccf4238b,False,False,662,213,576,257,2,2,fixed_budget
fixed_2,global_qwen2p5_0p5b_math::qwen2p5_0p5b__math_test_00037_2426e280__temp0.60__seed7,math_test_00037_2426e280,False,False,258,99,310,166,2,2,fixed_budget
fixed_2,global_qwen2p5_0p5b_math::qwen2p5_0p5b__math_test_00038_0e7cb690__temp0.60__seed7,math_test_00038_0e7cb690,False,False,221,183,151,77,2,2,fixed_budget
fixed_2,global_qwen2p5_0p5b_math::qwen2p5_0p5b__math_test_00039_8ba6a72a__temp0.60__seed7,math_test_00039_8ba6a72a,False,False,339,79,556,253,2,2,fixed_budget
fixed_2,global_qwen2p5_0p5b_math::qwen2p5_0p5b__math_test_00040_814d16a0__temp0.60__seed7,math_test_00040_814d16a0,False,False,230,161,144,86,2,2,fixed_budget
fixed_2,global_qwen2p5_0p5b_math::qwen2p5_0p5b__math_test_00041_7ad395c5__temp0.60__seed7,math_test_00041_7ad395c5,False,False,389,165,423,194,2,2,fixed_budget
fixed_2,global_qwen2p5_0p5b_math::qwen2p5_0p5b__math_test_00042_39c9185d__temp0.60__seed7,math_test_00042_39c9185d,False,False,179,43,181,58,2,2,fixed_budget
fixed_2,global_qwen2p5_0p5b_math::qwen2p5_0p5b__math_test_00043_62275531__temp0.60__seed7,math_test_00043_62275531,False,False,190,108,171,71,2,2,fixed_budget
fixed_2,global_qwen2p5_0p5b_math::qwen2p5_0p5b__math_test_00044_810e3649__temp0.60__seed7,math_test_00044_810e3649,False,False,273,106,277,136,2,2,fixed_budget
fixed_2,global_qwen2p5_0p5b_math::qwen2p5_0p5b__math_test_00045_152ae8e8__temp0.60__seed7,math_test_00045_152ae8e8,False,False,282,234,59,4,2,2,fixed_budget
fixed_2,global_qwen2p5_0p5b_math::qwen2p5_0p5b__math_test_00046_3e08e6df__temp0.60__seed7,math_test_00046_3e08e6df,False,False,350,123,391,191,2,2,fixed_budget
fixed_2,global_qwen2p5_0p5b_math::qwen2p5_0p5b__math_test_00047_3a39ed4a__temp0.60__seed7,math_test_00047_3a39ed4a,False,False,277,141,264,128,2,2,fixed_budget
fixed_2,global_qwen2p5_0p5b_math::qwen2p5_0p5b__math_test_00048_6a611c4a__temp0.60__seed7,math_test_00048_6a611c4a,False,False,151,48,143,46,2,2,fixed_budget
fixed_2,global_qwen2p5_0p5b_math::qwen2p5_0p5b__math_test_00049_e45e9b10__temp0.60__seed7,math_test_00049_e45e9b10,False,False,289,137,311,159,2,2,fixed_budget
fixed_2,global_qwen2p5_0p5b_math::qwen2p5_0p5b__math_test_00050_f4090aaa__temp0.60__seed7,math_test_00050_f4090aaa,False,False,797,295,503,196,2,2,fixed_budget
fixed_2,global_qwen2p5_0p5b_math::qwen2p5_0p5b__math_test_00051_1e5ff908__temp0.60__seed7,math_test_00051_1e5ff908,False,False,342,213,291,134,2,2,fixed_budget
fixed_2,global_qwen2p5_0p5b_math::qwen2p5_0p5b__math_test_00052_5850e1b9__temp0.60__seed7,math_test_00052_5850e1b9,False,False,404,223,426,191,2,2,fixed_budget
fixed_2,global_qwen2p5_0p5b_math::qwen2p5_0p5b__math_test_00053_f8d21f23__temp0.60__seed7,math_test_00053_f8d21f23,False,False,319,110,343,107,2,2,fixed_budget
fixed_2,global_qwen2p5_0p5b_math::qwen2p5_0p5b__math_test_00054_ddf4c852__temp0.60__seed7,math_test_00054_ddf4c852,False,False,381,118,561,478,2,2,fixed_budget
fixed_2,global_qwen2p5_0p5b_math::qwen2p5_0p5b__math_test_00055_24952be5__temp0.60__seed7,math_test_00055_24952be5,False,False,687,455,386,159,2,2,fixed_budget
fixed_2,global_qwen2p5_0p5b_math::qwen2p5_0p5b__math_test_00056_a8c223a1__temp0.60__seed7,math_test_00056_a8c223a1,False,False,221,110,270,164,2,2,fixed_budget
fixed_2,global_qwen2p5_0p5b_math::qwen2p5_0p5b__math_test_00057_8236aaa4__temp0.60__seed7,math_test_00057_8236aaa4,False,False,191,79,194,101,2,2,fixed_budget
fixed_2,global_qwen2p5_0p5b_math::qwen2p5_0p5b__math_test_00058_7afa45ab__temp0.60__seed7,math_test_00058_7afa45ab,False,False,147,59,156,68,2,2,fixed_budget
fixed_2,global_qwen2p5_0p5b_math::qwen2p5_0p5b__math_test_00059_43a9d185__temp0.60__seed7,math_test_00059_43a9d185,False,False,303,134,228,31,2,2,fixed_budget
fixed_2,global_qwen2p5_0p5b_math::qwen2p5_0p5b__math_test_00060_a67ac75a__temp0.60__seed7,math_test_00060_a67ac75a,False,False,325,85,335,99,2,2,fixed_budget
fixed_2,global_qwen2p5_0p5b_math::qwen2p5_0p5b__math_test_00061_4943c966__temp0.60__seed7,math_test_00061_4943c966,False,False,149,50,176,74,2,2,fixed_budget
fixed_2,global_qwen2p5_0p5b_math::qwen2p5_0p5b__math_test_00062_ae97d603__temp0.60__seed7,math_test_00062_ae97d603,False,False,376,295,513,281,2,2,fixed_budget
fixed_2,global_qwen2p5_0p5b_math::qwen2p5_0p5b__math_test_00063_7eb01312__temp0.60__seed7,math_test_00063_7eb01312,False,False,222,82,415,266,2,2,fixed_budget
fixed_2,global_qwen2p5_0p5b_math::qwen2p5_0p5b__math_test_00064_56e26e67__temp0.60__seed7,math_test_00064_56e26e67,False,False,249,63,263,137,2,2,fixed_budget
fixed_2,global_qwen2p5_0p5b_math::qwen2p5_0p5b__math_test_00065_1d982f42__temp0.60__seed7,math_test_00065_1d982f42,False,False,528,331,764,434,2,2,fixed_budget
fixed_2,global_qwen2p5_0p5b_math::qwen2p5_0p5b__math_test_00066_c503000c__temp0.60__seed7,math_test_00066_c503000c,False,False,349,181,284,103,2,2,fixed_budget
fixed_2,global_qwen2p5_0p5b_math::qwen2p5_0p5b__math_test_00067_b2cca4da__temp0.60__seed7,math_test_00067_b2cca4da,False,False,227,77,297,150,2,2,fixed_budget
fixed_2,global_qwen2p5_0p5b_math::qwen2p5_0p5b__math_test_00068_ea595be8__temp0.60__seed7,math_test_00068_ea595be8,False,False,219,113,191,77,2,2,fixed_budget
fixed_2,global_qwen2p5_0p5b_math::qwen2p5_0p5b__math_test_00069_c6dad45a__temp0.60__seed7,math_test_00069_c6dad45a,False,False,212,84,211,52,2,2,fixed_budget
fixed_2,global_qwen2p5_0p5b_math::qwen2p5_0p5b__math_test_00070_96016437__temp0.60__seed7,math_test_00070_96016437,True,False,275,117,278,117,2,2,fixed_budget
fixed_2,global_qwen2p5_0p5b_math::qwen2p5_0p5b__math_test_00071_98672352__temp0.60__seed7,math_test_00071_98672352,False,False,162,60,177,60,2,2,fixed_budget
fixed_2,global_qwen2p5_0p5b_math::qwen2p5_0p5b__math_test_00072_76de8c53__temp0.60__seed7,math_test_00072_76de8c53,False,False,342,130,401,157,2,2,fixed_budget
fixed_2,global_qwen2p5_0p5b_math::qwen2p5_0p5b__math_test_00073_7f9e23c9__temp0.60__seed7,math_test_00073_7f9e23c9,False,False,198,83,305,179,2,2,fixed_budget
fixed_2,global_qwen2p5_0p5b_math::qwen2p5_0p5b__math_test_00074_5b6e5429__temp0.60__seed7,math_test_00074_5b6e5429,True,True,296,104,466,301,2,2,fixed_budget
fixed_2,global_qwen2p5_0p5b_math::qwen2p5_0p5b__math_test_00075_387f76f4__temp0.60__seed7,math_test_00075_387f76f4,True,True,207,82,177,62,2,2,fixed_budget
fixed_2,global_qwen2p5_0p5b_math::qwen2p5_0p5b__math_test_00076_b45bd200__temp0.60__seed7,math_test_00076_b45bd200,False,False,801,288,699,432,2,2,fixed_budget
fixed_2,global_qwen2p5_0p5b_math::qwen2p5_0p5b__math_test_00077_0fdb870e__temp0.60__seed7,math_test_00077_0fdb870e,False,False,438,191,434,181,2,2,fixed_budget
fixed_2,global_qwen2p5_0p5b_math::qwen2p5_0p5b__math_test_00078_7de927b7__temp0.60__seed7,math_test_00078_7de927b7,False,False,415,199,413,154,2,2,fixed_budget
fixed_2,global_qwen2p5_0p5b_math::qwen2p5_0p5b__math_test_00079_3f967fbe__temp0.60__seed7,math_test_00079_3f967fbe,False,False,125,41,180,71,2,2,fixed_budget
fixed_2,global_qwen2p5_0p5b_math::qwen2p5_0p5b__math_test_00080_ea7d5602__temp0.60__seed7,math_test_00080_ea7d5602,False,False,195,99,340,206,2,2,fixed_budget
fixed_2,global_qwen2p5_0p5b_math::qwen2p5_0p5b__math_test_00081_df488277__temp0.60__seed7,math_test_00081_df488277,False,False,220,111,275,162,2,2,fixed_budget
fixed_2,global_qwen2p5_0p5b_math::qwen2p5_0p5b__math_test_00082_7fd2e8f8__temp0.60__seed7,math_test_00082_7fd2e8f8,False,False,174,38,272,98,2,2,fixed_budget
fixed_2,global_qwen2p5_0p5b_math::qwen2p5_0p5b__math_test_00083_5465f015__temp0.60__seed7,math_test_00083_5465f015,False,False,204,90,304,181,2,2,fixed_budget
fixed_2,global_qwen2p5_0p5b_math::qwen2p5_0p5b__math_test_00084_c4267ccc__temp0.60__seed7,math_test_00084_c4267ccc,False,False,149,54,192,37,2,2,fixed_budget
fixed_2,global_qwen2p5_0p5b_math::qwen2p5_0p5b__math_test_00085_ab1a6003__temp0.60__seed7,math_test_00085_ab1a6003,True,True,298,134,351,194,2,2,fixed_budget
fixed_2,global_qwen2p5_0p5b_math::qwen2p5_0p5b__math_test_00086_3447bc00__temp0.60__seed7,math_test_00086_3447bc00,False,False,473,290,317,135,2,2,fixed_budget
fixed_2,global_qwen2p5_0p5b_math::qwen2p5_0p5b__math_test_00087_649d31a4__temp0.60__seed7,math_test_00087_649d31a4,False,False,202,67,200,86,2,2,fixed_budget
fixed_2,global_qwen2p5_0p5b_math::qwen2p5_0p5b__math_test_00088_207198c5__temp0.60__seed7,math_test_00088_207198c5,False,False,174,108,194,128,2,2,fixed_budget
fixed_2,global_qwen2p5_0p5b_math::qwen2p5_0p5b__math_test_00089_962971ae__temp0.60__seed7,math_test_00089_962971ae,False,False,141,48,256,158,2,2,fixed_budget
fixed_2,global_qwen2p5_0p5b_math::qwen2p5_0p5b__math_test_00090_f27fcf39__temp0.60__seed7,math_test_00090_f27fcf39,False,False,407,298,398,133,2,2,fixed_budget
fixed_2,global_qwen2p5_0p5b_math::qwen2p5_0p5b__math_test_00091_6c78d89b__temp0.60__seed7,math_test_00091_6c78d89b,False,False,454,192,443,168,2,2,fixed_budget
fixed_2,global_qwen2p5_0p5b_math::qwen2p5_0p5b__math_test_00092_d2ef929c__temp0.60__seed7,math_test_00092_d2ef929c,False,False,219,96,327,216,2,2,fixed_budget
fixed_2,global_qwen2p5_0p5b_math::qwen2p5_0p5b__math_test_00093_c6ee4fae__temp0.60__seed7,math_test_00093_c6ee4fae,False,False,420,153,351,145,2,2,fixed_budget
fixed_2,global_qwen2p5_0p5b_math::qwen2p5_0p5b__math_test_00094_82adbbe7__temp0.60__seed7,math_test_00094_82adbbe7,False,False,630,301,526,147,2,2,fixed_budget
fixed_2,global_qwen2p5_0p5b_math::qwen2p5_0p5b__math_test_00095_21ca381e__temp0.60__seed7,math_test_00095_21ca381e,False,False,298,55,284,142,2,2,fixed_budget
fixed_2,global_qwen2p5_0p5b_math::qwen2p5_0p5b__math_test_00096_9055d1e9__temp0.60__seed7,math_test_00096_9055d1e9,False,False,476,184,386,105,2,2,fixed_budget
fixed_2,global_qwen2p5_0p5b_math::qwen2p5_0p5b__math_test_00097_30394417__temp0.60__seed7,math_test_00097_30394417,False,False,388,74,161,48,2,2,fixed_budget
fixed_2,global_qwen2p5_0p5b_math::qwen2p5_0p5b__math_test_00098_9ceda233__temp0.60__seed7,math_test_00098_9ceda233,False,False,321,241,283,257,2,2,fixed_budget
fixed_2,global_qwen2p5_0p5b_math::qwen2p5_0p5b__math_test_00099_491d2137__temp0.60__seed7,math_test_00099_491d2137,False,False,221,116,214,76,2,2,fixed_budget
fixed_2,global_qwen2p5_0p5b_math::qwen2p5_0p5b__math_test_00100_941d341c__temp0.60__seed7,math_test_00100_941d341c,False,False,223,105,220,99,2,2,fixed_budget
fixed_2,global_qwen2p5_0p5b_math::qwen2p5_0p5b__math_test_00101_75e027f9__temp0.60__seed7,math_test_00101_75e027f9,True,True,438,121,327,77,2,2,fixed_budget
fixed_2,global_qwen2p5_0p5b_math::qwen2p5_0p5b__math_test_00102_129dd488__temp0.60__seed7,math_test_00102_129dd488,False,False,220,90,352,236,2,2,fixed_budget
fixed_2,global_qwen2p5_0p5b_math::qwen2p5_0p5b__math_test_00103_7b0f3b51__temp0.60__seed7,math_test_00103_7b0f3b51,False,False,298,158,205,69,2,2,fixed_budget
fixed_2,global_qwen2p5_0p5b_math::qwen2p5_0p5b__math_test_00104_d684f1e9__temp0.60__seed7,math_test_00104_d684f1e9,True,True,338,218,287,158,2,2,fixed_budget
fixed_2,global_qwen2p5_0p5b_math::qwen2p5_0p5b__math_test_00105_6b770d5f__temp0.60__seed7,math_test_00105_6b770d5f,False,False,521,259,420,359,2,2,fixed_budget
fixed_2,global_qwen2p5_0p5b_math::qwen2p5_0p5b__math_test_00106_6e98540c__temp0.60__seed7,math_test_00106_6e98540c,False,False,230,137,59,35,2,2,fixed_budget
fixed_2,global_qwen2p5_0p5b_math::qwen2p5_0p5b__math_test_00107_fd74cd11__temp0.60__seed7,math_test_00107_fd74cd11,False,False,269,93,317,144,2,2,fixed_budget
fixed_2,global_qwen2p5_0p5b_math::qwen2p5_0p5b__math_test_00108_611e7552__temp0.60__seed7,math_test_00108_611e7552,False,False,305,110,347,197,2,2,fixed_budget
fixed_2,global_qwen2p5_0p5b_math::qwen2p5_0p5b__math_test_00109_d90424d8__temp0.60__seed7,math_test_00109_d90424d8,False,False,99,26,218,110,2,2,fixed_budget
fixed_2,global_qwen2p5_0p5b_math::qwen2p5_0p5b__math_test_00110_72b3623f__temp0.60__seed7,math_test_00110_72b3623f,False,False,277,121,316,118,2,2,fixed_budget
fixed_2,global_qwen2p5_0p5b_math::qwen2p5_0p5b__math_test_00111_d752e2e3__temp0.60__seed7,math_test_00111_d752e2e3,False,False,430,170,507,248,2,2,fixed_budget
fixed_2,global_qwen2p5_0p5b_math::qwen2p5_0p5b__math_test_00112_84e6f7fa__temp0.60__seed7,math_test_00112_84e6f7fa,False,False,254,94,241,81,2,2,fixed_budget
fixed_2,global_qwen2p5_0p5b_math::qwen2p5_0p5b__math_test_00113_f30e88a0__temp0.60__seed7,math_test_00113_f30e88a0,False,False,495,314,344,158,2,2,fixed_budget
fixed_2,global_qwen2p5_0p5b_math::qwen2p5_0p5b__math_test_00114_deb9efc8__temp0.60__seed7,math_test_00114_deb9efc8,False,True,246,166,347,228,2,2,fixed_budget
fixed_2,global_qwen2p5_0p5b_math::qwen2p5_0p5b__math_test_00115_e20c9b7a__temp0.60__seed7,math_test_00115_e20c9b7a,False,False,356,200,627,337,2,2,fixed_budget
fixed_2,global_qwen2p5_0p5b_math::qwen2p5_0p5b__math_test_00116_61f50e3d__temp0.60__seed7,math_test_00116_61f50e3d,False,False,279,138,316,173,2,2,fixed_budget
fixed_2,global_qwen2p5_0p5b_math::qwen2p5_0p5b__math_test_00117_e884ad93__temp0.60__seed7,math_test_00117_e884ad93,False,False,293,154,484,327,2,2,fixed_budget
fixed_2,global_qwen2p5_0p5b_math::qwen2p5_0p5b__math_test_00118_fc8ebbb3__temp0.60__seed7,math_test_00118_fc8ebbb3,False,False,502,298,395,214,2,2,fixed_budget
fixed_2,global_qwen2p5_0p5b_math::qwen2p5_0p5b__math_test_00119_a6218ea2__temp0.60__seed7,math_test_00119_a6218ea2,False,False,294,114,300,233,2,2,fixed_budget
fixed_2,global_qwen2p5_0p5b_math::qwen2p5_0p5b__math_test_00120_8eef5288__temp0.60__seed7,math_test_00120_8eef5288,False,False,172,53,233,110,2,2,fixed_budget
fixed_2,global_qwen2p5_0p5b_math::qwen2p5_0p5b__math_test_00121_23cfdf25__temp0.60__seed7,math_test_00121_23cfdf25,False,False,343,199,334,190,2,2,fixed_budget
fixed_2,global_qwen2p5_0p5b_math::qwen2p5_0p5b__math_test_00122_fdf4300d__temp0.60__seed7,math_test_00122_fdf4300d,False,False,438,314,271,138,2,2,fixed_budget
fixed_2,global_qwen2p5_0p5b_math::qwen2p5_0p5b__math_test_00123_860f65d4__temp0.60__seed7,math_test_00123_860f65d4,False,False,426,258,576,441,2,2,fixed_budget
fixed_2,global_qwen2p5_0p5b_math::qwen2p5_0p5b__math_test_00124_93bacf2d__temp0.60__seed7,math_test_00124_93bacf2d,False,False,178,70,192,88,2,2,fixed_budget
fixed_2,global_qwen2p5_0p5b_math::qwen2p5_0p5b__math_test_00125_e5ac5620__temp0.60__seed7,math_test_00125_e5ac5620,False,False,83,57,225,160,2,2,fixed_budget
fixed_2,global_qwen2p5_0p5b_math::qwen2p5_0p5b__math_test_00126_81f4f6da__temp0.60__seed7,math_test_00126_81f4f6da,False,False,310,206,378,120,2,2,fixed_budget
fixed_2,global_qwen2p5_0p5b_math::qwen2p5_0p5b__math_test_00127_831d47a3__temp0.60__seed7,math_test_00127_831d47a3,False,False,359,242,343,175,2,2,fixed_budget
fixed_2,global_qwen2p5_0p5b_math::qwen2p5_0p5b__math_test_00128_34115c3f__temp0.60__seed7,math_test_00128_34115c3f,False,False,560,345,468,358,2,2,fixed_budget
fixed_2,global_qwen2p5_0p5b_math::qwen2p5_0p5b__math_test_00129_13560ab9__temp0.60__seed7,math_test_00129_13560ab9,False,False,273,162,102,14,2,2,fixed_budget
fixed_2,global_qwen2p5_0p5b_math::qwen2p5_0p5b__math_test_00130_587c37e4__temp0.60__seed7,math_test_00130_587c37e4,False,False,270,100,340,199,2,2,fixed_budget
fixed_2,global_qwen2p5_0p5b_math::qwen2p5_0p5b__math_test_00131_e4690c90__temp0.60__seed7,math_test_00131_e4690c90,False,False,346,148,297,147,2,2,fixed_budget
fixed_2,global_qwen2p5_0p5b_math::qwen2p5_0p5b__math_test_00132_9804c9ed__temp0.60__seed7,math_test_00132_9804c9ed,False,False,283,144,403,268,2,2,fixed_budget
fixed_2,global_qwen2p5_0p5b_math::qwen2p5_0p5b__math_test_00133_efc15efb__temp0.60__seed7,math_test_00133_efc15efb,False,False,400,214,330,135,2,2,fixed_budget
fixed_2,global_qwen2p5_0p5b_math::qwen2p5_0p5b__math_test_00134_729aab2d__temp0.60__seed7,math_test_00134_729aab2d,False,False,448,257,479,264,2,2,fixed_budget
fixed_2,global_qwen2p5_0p5b_math::qwen2p5_0p5b__math_test_00135_cc85526c__temp0.60__seed7,math_test_00135_cc85526c,False,False,273,132,289,141,2,2,fixed_budget
fixed_2,global_qwen2p5_0p5b_math::qwen2p5_0p5b__math_test_00136_8e69a186__temp0.60__seed7,math_test_00136_8e69a186,False,False,113,87,218,66,2,2,fixed_budget
fixed_2,global_qwen2p5_0p5b_math::qwen2p5_0p5b__math_test_00137_66c4d3d6__temp0.60__seed7,math_test_00137_66c4d3d6,False,False,377,224,278,38,2,2,fixed_budget
fixed_2,global_qwen2p5_0p5b_math::qwen2p5_0p5b__math_test_00138_3cca3484__temp0.60__seed7,math_test_00138_3cca3484,False,False,259,127,199,63,2,2,fixed_budget
fixed_2,global_qwen2p5_0p5b_math::qwen2p5_0p5b__math_test_00139_55101384__temp0.60__seed7,math_test_00139_55101384,False,False,350,214,367,171,2,2,fixed_budget
fixed_2,global_qwen2p5_0p5b_math::qwen2p5_0p5b__math_test_00140_9c2a8a8c__temp0.60__seed7,math_test_00140_9c2a8a8c,False,False,477,120,821,468,2,2,fixed_budget
fixed_2,global_qwen2p5_0p5b_math::qwen2p5_0p5b__math_test_00141_fa53302b__temp0.60__seed7,math_test_00141_fa53302b,False,False,260,162,324,204,2,2,fixed_budget
fixed_2,global_qwen2p5_0p5b_math::qwen2p5_0p5b__math_test_00142_a535d7ed__temp0.60__seed7,math_test_00142_a535d7ed,False,False,181,111,310,122,2,2,fixed_budget
fixed_2,global_qwen2p5_0p5b_math::qwen2p5_0p5b__math_test_00143_f0361309__temp0.60__seed7,math_test_00143_f0361309,True,True,212,101,207,96,2,2,fixed_budget
fixed_2,global_qwen2p5_0p5b_math::qwen2p5_0p5b__math_test_00144_3287fa74__temp0.60__seed7,math_test_00144_3287fa74,True,False,249,111,215,77,2,2,fixed_budget
fixed_2,global_qwen2p5_0p5b_math::qwen2p5_0p5b__math_test_00145_bb1c005f__temp0.60__seed7,math_test_00145_bb1c005f,False,False,349,124,321,140,2,2,fixed_budget
fixed_2,global_qwen2p5_0p5b_math::qwen2p5_0p5b__math_test_00146_faf5031d__temp0.60__seed7,math_test_00146_faf5031d,False,False,376,299,463,431,2,2,fixed_budget
fixed_2,global_qwen2p5_0p5b_math::qwen2p5_0p5b__math_test_00147_390c3a01__temp0.60__seed7,math_test_00147_390c3a01,True,True,372,147,282,94,2,2,fixed_budget
fixed_2,global_qwen2p5_0p5b_math::qwen2p5_0p5b__math_test_00148_c9dddba4__temp0.60__seed7,math_test_00148_c9dddba4,False,False,318,140,307,109,2,2,fixed_budget
fixed_2,global_qwen2p5_0p5b_math::qwen2p5_0p5b__math_test_00149_805d659b__temp0.60__seed7,math_test_00149_805d659b,False,False,505,116,839,402,2,2,fixed_budget
fixed_2,global_qwen2p5_0p5b_math::qwen2p5_0p5b__math_test_00150_f0a2fdf6__temp0.60__seed7,math_test_00150_f0a2fdf6,False,False,239,130,301,142,2,2,fixed_budget
fixed_2,global_qwen2p5_0p5b_math::qwen2p5_0p5b__math_test_00151_3228d9fb__temp0.60__seed7,math_test_00151_3228d9fb,False,False,227,87,185,52,2,2,fixed_budget
fixed_2,global_qwen2p5_0p5b_math::qwen2p5_0p5b__math_test_00152_df146136__temp0.60__seed7,math_test_00152_df146136,False,False,304,131,272,75,2,2,fixed_budget
fixed_2,global_qwen2p5_0p5b_math::qwen2p5_0p5b__math_test_00153_e0a74423__temp0.60__seed7,math_test_00153_e0a74423,False,False,319,146,411,221,2,2,fixed_budget
fixed_2,global_qwen2p5_0p5b_math::qwen2p5_0p5b__math_test_00154_7dc5f86e__temp0.60__seed7,math_test_00154_7dc5f86e,False,False,208,62,236,126,2,2,fixed_budget
fixed_2,global_qwen2p5_0p5b_math::qwen2p5_0p5b__math_test_00155_ee27b543__temp0.60__seed7,math_test_00155_ee27b543,False,False,377,129,429,131,2,2,fixed_budget
fixed_2,global_qwen2p5_0p5b_math::qwen2p5_0p5b__math_test_00156_95b47adc__temp0.60__seed7,math_test_00156_95b47adc,False,False,354,206,253,124,2,2,fixed_budget
fixed_2,global_qwen2p5_0p5b_math::qwen2p5_0p5b__math_test_00157_37701db8__temp0.60__seed7,math_test_00157_37701db8,False,False,233,78,168,62,2,2,fixed_budget
fixed_2,global_qwen2p5_0p5b_math::qwen2p5_0p5b__math_test_00158_15e70720__temp0.60__seed7,math_test_00158_15e70720,False,False,205,87,207,159,2,2,fixed_budget
fixed_2,global_qwen2p5_0p5b_math::qwen2p5_0p5b__math_test_00159_7acc030c__temp0.60__seed7,math_test_00159_7acc030c,False,False,415,166,413,164,2,2,fixed_budget
fixed_2,global_qwen2p5_0p5b_math::qwen2p5_0p5b__math_test_00160_e84fb95f__temp0.60__seed7,math_test_00160_e84fb95f,False,False,212,87,276,149,2,2,fixed_budget
fixed_2,global_qwen2p5_0p5b_math::qwen2p5_0p5b__math_test_00161_643e7dc4__temp0.60__seed7,math_test_00161_643e7dc4,False,False,338,126,328,116,2,2,fixed_budget
fixed_2,global_qwen2p5_0p5b_math::qwen2p5_0p5b__math_test_00162_45ed500c__temp0.60__seed7,math_test_00162_45ed500c,False,False,369,189,460,327,2,2,fixed_budget
fixed_2,global_qwen2p5_0p5b_math::qwen2p5_0p5b__math_test_00163_6f88c8c4__temp0.60__seed7,math_test_00163_6f88c8c4,False,False,381,191,277,174,2,2,fixed_budget
fixed_2,global_qwen2p5_0p5b_math::qwen2p5_0p5b__math_test_00164_a06c5428__temp0.60__seed7,math_test_00164_a06c5428,False,False,253,106,282,59,2,2,fixed_budget
fixed_2,global_qwen2p5_0p5b_math::qwen2p5_0p5b__math_test_00165_2bb09b99__temp0.60__seed7,math_test_00165_2bb09b99,False,False,311,104,174,58,2,2,fixed_budget
fixed_2,global_qwen2p5_0p5b_math::qwen2p5_0p5b__math_test_00166_e1652a94__temp0.60__seed7,math_test_00166_e1652a94,False,False,267,152,119,57,2,2,fixed_budget
fixed_2,global_qwen2p5_0p5b_math::qwen2p5_0p5b__math_test_00167_87ffe725__temp0.60__seed7,math_test_00167_87ffe725,False,False,321,187,545,350,2,2,fixed_budget
fixed_2,global_qwen2p5_0p5b_math::qwen2p5_0p5b__math_test_00168_0f3086b8__temp0.60__seed7,math_test_00168_0f3086b8,False,False,160,52,226,118,2,2,fixed_budget
fixed_2,global_qwen2p5_0p5b_math::qwen2p5_0p5b__math_test_00169_1a29884e__temp0.60__seed7,math_test_00169_1a29884e,False,False,341,249,279,179,2,2,fixed_budget
fixed_2,global_qwen2p5_0p5b_math::qwen2p5_0p5b__math_test_00170_7682a602__temp0.60__seed7,math_test_00170_7682a602,False,False,581,233,493,110,2,2,fixed_budget
fixed_2,global_qwen2p5_0p5b_math::qwen2p5_0p5b__math_test_00171_dae831e4__temp0.60__seed7,math_test_00171_dae831e4,False,False,207,81,357,200,2,2,fixed_budget
fixed_2,global_qwen2p5_0p5b_math::qwen2p5_0p5b__math_test_00172_6af9182b__temp0.60__seed7,math_test_00172_6af9182b,False,False,170,65,205,71,2,2,fixed_budget
fixed_2,global_qwen2p5_0p5b_math::qwen2p5_0p5b__math_test_00173_f7741471__temp0.60__seed7,math_test_00173_f7741471,False,False,526,283,523,298,2,2,fixed_budget
fixed_2,global_qwen2p5_0p5b_math::qwen2p5_0p5b__math_test_00174_660b0932__temp0.60__seed7,math_test_00174_660b0932,False,False,199,52,226,89,2,2,fixed_budget
fixed_2,global_qwen2p5_0p5b_math::qwen2p5_0p5b__math_test_00175_ad581760__temp0.60__seed7,math_test_00175_ad581760,False,False,336,252,59,5,2,2,fixed_budget
fixed_2,global_qwen2p5_0p5b_math::qwen2p5_0p5b__math_test_00176_3ab8fbcf__temp0.60__seed7,math_test_00176_3ab8fbcf,False,False,244,65,205,132,2,2,fixed_budget
fixed_2,global_qwen2p5_0p5b_math::qwen2p5_0p5b__math_test_00177_88f25299__temp0.60__seed7,math_test_00177_88f25299,False,False,275,154,238,146,2,2,fixed_budget
fixed_2,global_qwen2p5_0p5b_math::qwen2p5_0p5b__math_test_00178_af59f7e2__temp0.60__seed7,math_test_00178_af59f7e2,False,False,412,180,482,308,2,2,fixed_budget
fixed_2,global_qwen2p5_0p5b_math::qwen2p5_0p5b__math_test_00179_50c278d5__temp0.60__seed7,math_test_00179_50c278d5,False,False,197,45,169,74,2,2,fixed_budget
fixed_2,global_qwen2p5_0p5b_math::qwen2p5_0p5b__math_test_00180_409f8858__temp0.60__seed7,math_test_00180_409f8858,False,False,214,83,261,119,2,2,fixed_budget
fixed_2,global_qwen2p5_0p5b_math::qwen2p5_0p5b__math_test_00181_40a8a07f__temp0.60__seed7,math_test_00181_40a8a07f,False,False,326,109,248,75,2,2,fixed_budget
fixed_2,global_qwen2p5_0p5b_math::qwen2p5_0p5b__math_test_00182_5eec73ff__temp0.60__seed7,math_test_00182_5eec73ff,False,False,572,216,536,325,2,2,fixed_budget
fixed_2,global_qwen2p5_0p5b_math::qwen2p5_0p5b__math_test_00183_8feeefff__temp0.60__seed7,math_test_00183_8feeefff,False,False,330,55,471,266,2,2,fixed_budget
fixed_2,global_qwen2p5_0p5b_math::qwen2p5_0p5b__math_test_00184_78e3c175__temp0.60__seed7,math_test_00184_78e3c175,False,False,557,328,354,121,2,2,fixed_budget
fixed_2,global_qwen2p5_0p5b_math::qwen2p5_0p5b__math_test_00185_b9d67ef5__temp0.60__seed7,math_test_00185_b9d67ef5,False,False,269,119,341,165,2,2,fixed_budget
fixed_2,global_qwen2p5_0p5b_math::qwen2p5_0p5b__math_test_00186_ac02199f__temp0.60__seed7,math_test_00186_ac02199f,False,False,770,464,424,261,2,2,fixed_budget
fixed_2,global_qwen2p5_0p5b_math::qwen2p5_0p5b__math_test_00187_b2db12b1__temp0.60__seed7,math_test_00187_b2db12b1,False,False,142,58,281,152,2,2,fixed_budget
fixed_2,global_qwen2p5_0p5b_math::qwen2p5_0p5b__math_test_00188_c57b9f68__temp0.60__seed7,math_test_00188_c57b9f68,False,False,269,69,209,69,2,2,fixed_budget
fixed_2,global_qwen2p5_0p5b_math::qwen2p5_0p5b__math_test_00189_d2f49b7f__temp0.60__seed7,math_test_00189_d2f49b7f,False,False,365,189,404,258,2,2,fixed_budget
fixed_2,global_qwen2p5_0p5b_math::qwen2p5_0p5b__math_test_00190_ad0c55dc__temp0.60__seed7,math_test_00190_ad0c55dc,False,False,169,48,197,87,2,2,fixed_budget
fixed_2,global_qwen2p5_0p5b_math::qwen2p5_0p5b__math_test_00191_b20822d9__temp0.60__seed7,math_test_00191_b20822d9,False,False,783,512,425,167,2,2,fixed_budget
fixed_2,global_qwen2p5_0p5b_math::qwen2p5_0p5b__math_test_00192_a6795966__temp0.60__seed7,math_test_00192_a6795966,True,False,372,150,208,93,2,2,fixed_budget
fixed_2,global_qwen2p5_0p5b_math::qwen2p5_0p5b__math_test_00193_027d8061__temp0.60__seed7,math_test_00193_027d8061,False,False,278,140,275,125,2,2,fixed_budget
fixed_2,global_qwen2p5_0p5b_math::qwen2p5_0p5b__math_test_00194_f51f6dd0__temp0.60__seed7,math_test_00194_f51f6dd0,False,False,500,310,239,52,2,2,fixed_budget
fixed_2,global_qwen2p5_0p5b_math::qwen2p5_0p5b__math_test_00195_7cc2d650__temp0.60__seed7,math_test_00195_7cc2d650,False,False,194,92,250,148,2,2,fixed_budget
fixed_2,global_qwen2p5_0p5b_math::qwen2p5_0p5b__math_test_00196_4e15c27d__temp0.60__seed7,math_test_00196_4e15c27d,False,False,299,259,345,290,2,2,fixed_budget
fixed_2,global_qwen2p5_0p5b_math::qwen2p5_0p5b__math_test_00197_ed195676__temp0.60__seed7,math_test_00197_ed195676,False,False,312,144,328,159,2,2,fixed_budget
fixed_2,global_qwen2p5_0p5b_math::qwen2p5_0p5b__math_test_00198_85b6e7ea__temp0.60__seed7,math_test_00198_85b6e7ea,True,False,371,220,253,97,2,2,fixed_budget
fixed_2,global_qwen2p5_0p5b_math::qwen2p5_0p5b__math_test_00199_c19f27fd__temp0.60__seed7,math_test_00199_c19f27fd,False,False,333,89,559,135,2,2,fixed_budget
fixed_2,global_qwen2p5_0p5b_math::qwen2p5_0p5b__math_test_00200_bd1fc1ea__temp0.60__seed7,math_test_00200_bd1fc1ea,False,False,243,72,315,180,2,2,fixed_budget
fixed_2,global_qwen2p5_0p5b_math::qwen2p5_0p5b__math_test_00201_464f6898__temp0.60__seed7,math_test_00201_464f6898,False,False,428,412,283,257,2,2,fixed_budget
fixed_2,global_qwen2p5_0p5b_math::qwen2p5_0p5b__math_test_00202_8904dc37__temp0.60__seed7,math_test_00202_8904dc37,False,False,299,158,210,64,2,2,fixed_budget
fixed_2,global_qwen2p5_0p5b_math::qwen2p5_0p5b__math_test_00203_d026abb8__temp0.60__seed7,math_test_00203_d026abb8,False,False,305,111,282,77,2,2,fixed_budget
fixed_2,global_qwen2p5_0p5b_math::qwen2p5_0p5b__math_test_00204_75f78286__temp0.60__seed7,math_test_00204_75f78286,False,False,307,81,517,328,2,2,fixed_budget
fixed_2,global_qwen2p5_0p5b_math::qwen2p5_0p5b__math_test_00205_35364df7__temp0.60__seed7,math_test_00205_35364df7,False,False,290,188,125,61,2,2,fixed_budget
fixed_2,global_qwen2p5_0p5b_math::qwen2p5_0p5b__math_test_00206_a6788c30__temp0.60__seed7,math_test_00206_a6788c30,False,False,448,208,630,503,2,2,fixed_budget
fixed_2,global_qwen2p5_0p5b_math::qwen2p5_0p5b__math_test_00207_627fc1ba__temp0.60__seed7,math_test_00207_627fc1ba,False,False,279,257,43,17,2,2,fixed_budget
fixed_2,global_qwen2p5_0p5b_math::qwen2p5_0p5b__math_test_00208_43f47031__temp0.60__seed7,math_test_00208_43f47031,False,False,140,37,127,48,2,2,fixed_budget
fixed_2,global_qwen2p5_0p5b_math::qwen2p5_0p5b__math_test_00209_877944fa__temp0.60__seed7,math_test_00209_877944fa,False,False,383,195,338,105,2,2,fixed_budget
fixed_2,global_qwen2p5_0p5b_math::qwen2p5_0p5b__math_test_00210_51592ad6__temp0.60__seed7,math_test_00210_51592ad6,False,False,331,124,240,114,2,2,fixed_budget
fixed_2,global_qwen2p5_0p5b_math::qwen2p5_0p5b__math_test_00211_4c873421__temp0.60__seed7,math_test_00211_4c873421,False,True,201,103,213,76,2,2,fixed_budget
fixed_2,global_qwen2p5_0p5b_math::qwen2p5_0p5b__math_test_00212_a1acafa6__temp0.60__seed7,math_test_00212_a1acafa6,False,False,317,149,447,281,2,2,fixed_budget
fixed_2,global_qwen2p5_0p5b_math::qwen2p5_0p5b__math_test_00213_4bf84a38__temp0.60__seed7,math_test_00213_4bf84a38,False,False,352,197,362,195,2,2,fixed_budget
fixed_2,global_qwen2p5_0p5b_math::qwen2p5_0p5b__math_test_00214_dd220dbb__temp0.60__seed7,math_test_00214_dd220dbb,False,False,200,92,173,67,2,2,fixed_budget
fixed_2,global_qwen2p5_0p5b_math::qwen2p5_0p5b__math_test_00215_d650ba63__temp0.60__seed7,math_test_00215_d650ba63,False,False,130,41,170,77,2,2,fixed_budget
fixed_2,global_qwen2p5_0p5b_math::qwen2p5_0p5b__math_test_00216_bb0c5189__temp0.60__seed7,math_test_00216_bb0c5189,False,False,285,77,456,215,2,2,fixed_budget
fixed_2,global_qwen2p5_0p5b_math::qwen2p5_0p5b__math_test_00217_f16ba217__temp0.60__seed7,math_test_00217_f16ba217,False,False,505,328,506,353,2,2,fixed_budget
fixed_2,global_qwen2p5_0p5b_math::qwen2p5_0p5b__math_test_00218_9ebeec12__temp0.60__seed7,math_test_00218_9ebeec12,True,True,306,140,298,129,2,2,fixed_budget
fixed_2,global_qwen2p5_0p5b_math::qwen2p5_0p5b__math_test_00219_9ce0114c__temp0.60__seed7,math_test_00219_9ce0114c,True,True,228,128,181,80,2,2,fixed_budget
fixed_2,global_qwen2p5_0p5b_math::qwen2p5_0p5b__math_test_00220_c9d4415d__temp0.60__seed7,math_test_00220_c9d4415d,False,False,246,108,281,123,2,2,fixed_budget
fixed_2,global_qwen2p5_0p5b_math::qwen2p5_0p5b__math_test_00221_6ddce785__temp0.60__seed7,math_test_00221_6ddce785,False,False,235,91,316,178,2,2,fixed_budget
fixed_2,global_qwen2p5_0p5b_math::qwen2p5_0p5b__math_test_00222_67d6eb88__temp0.60__seed7,math_test_00222_67d6eb88,False,False,247,96,477,318,2,2,fixed_budget
fixed_2,global_qwen2p5_0p5b_math::qwen2p5_0p5b__math_test_00223_e0d9f4b1__temp0.60__seed7,math_test_00223_e0d9f4b1,False,False,396,294,305,176,2,2,fixed_budget
fixed_2,global_qwen2p5_0p5b_math::qwen2p5_0p5b__math_test_00224_a4838f9f__temp0.60__seed7,math_test_00224_a4838f9f,False,False,205,64,203,77,2,2,fixed_budget
fixed_2,global_qwen2p5_0p5b_math::qwen2p5_0p5b__math_test_00225_aa62338d__temp0.60__seed7,math_test_00225_aa62338d,True,False,262,97,228,78,2,2,fixed_budget
fixed_2,global_qwen2p5_0p5b_math::qwen2p5_0p5b__math_test_00226_4db0af17__temp0.60__seed7,math_test_00226_4db0af17,False,False,148,51,393,243,2,2,fixed_budget
fixed_2,global_qwen2p5_0p5b_math::qwen2p5_0p5b__math_test_00227_bd91686d__temp0.60__seed7,math_test_00227_bd91686d,False,False,121,23,183,87,2,2,fixed_budget
fixed_2,global_qwen2p5_0p5b_math::qwen2p5_0p5b__math_test_00228_f8913fbd__temp0.60__seed7,math_test_00228_f8913fbd,False,False,164,60,241,117,2,2,fixed_budget
fixed_2,global_qwen2p5_0p5b_math::qwen2p5_0p5b__math_test_00229_3671f9fa__temp0.60__seed7,math_test_00229_3671f9fa,False,False,261,140,245,117,2,2,fixed_budget
fixed_2,global_qwen2p5_0p5b_math::qwen2p5_0p5b__math_test_00230_5de9111d__temp0.60__seed7,math_test_00230_5de9111d,False,False,233,72,292,128,2,2,fixed_budget
fixed_2,global_qwen2p5_0p5b_math::qwen2p5_0p5b__math_test_00231_f1b686d3__temp0.60__seed7,math_test_00231_f1b686d3,False,False,285,175,495,161,2,2,fixed_budget
fixed_2,global_qwen2p5_0p5b_math::qwen2p5_0p5b__math_test_00232_99f94cd0__temp0.60__seed7,math_test_00232_99f94cd0,False,False,213,84,217,90,2,2,fixed_budget
fixed_2,global_qwen2p5_0p5b_math::qwen2p5_0p5b__math_test_00233_05e64b69__temp0.60__seed7,math_test_00233_05e64b69,False,False,531,229,498,113,2,2,fixed_budget
fixed_2,global_qwen2p5_0p5b_math::qwen2p5_0p5b__math_test_00234_03dfd5f4__temp0.60__seed7,math_test_00234_03dfd5f4,False,False,290,153,295,157,2,2,fixed_budget
fixed_2,global_qwen2p5_0p5b_math::qwen2p5_0p5b__math_test_00235_13c2c9be__temp0.60__seed7,math_test_00235_13c2c9be,False,False,552,445,276,219,2,2,fixed_budget
fixed_2,global_qwen2p5_0p5b_math::qwen2p5_0p5b__math_test_00236_d5de6a08__temp0.60__seed7,math_test_00236_d5de6a08,False,False,328,82,335,96,2,2,fixed_budget
fixed_2,global_qwen2p5_0p5b_math::qwen2p5_0p5b__math_test_00237_4bcd0b41__temp0.60__seed7,math_test_00237_4bcd0b41,True,False,338,157,271,203,2,2,fixed_budget
fixed_2,global_qwen2p5_0p5b_math::qwen2p5_0p5b__math_test_00238_c8c67f45__temp0.60__seed7,math_test_00238_c8c67f45,False,False,455,224,441,150,2,2,fixed_budget
fixed_2,global_qwen2p5_0p5b_math::qwen2p5_0p5b__math_test_00239_9b20bddf__temp0.60__seed7,math_test_00239_9b20bddf,True,True,189,78,189,78,2,2,fixed_budget
fixed_2,global_qwen2p5_0p5b_math::qwen2p5_0p5b__math_test_00240_52c92561__temp0.60__seed7,math_test_00240_52c92561,False,False,600,350,440,100,2,2,fixed_budget
fixed_2,global_qwen2p5_0p5b_math::qwen2p5_0p5b__math_test_00241_5a34024d__temp0.60__seed7,math_test_00241_5a34024d,False,False,147,40,178,39,2,2,fixed_budget
fixed_2,global_qwen2p5_0p5b_math::qwen2p5_0p5b__math_test_00242_277ad5c0__temp0.60__seed7,math_test_00242_277ad5c0,False,False,234,156,190,77,2,2,fixed_budget
fixed_2,global_qwen2p5_0p5b_math::qwen2p5_0p5b__math_test_00243_869ecc6c__temp0.60__seed7,math_test_00243_869ecc6c,False,False,217,58,280,121,2,2,fixed_budget
fixed_2,global_qwen2p5_0p5b_math::qwen2p5_0p5b__math_test_00244_1b6efbf5__temp0.60__seed7,math_test_00244_1b6efbf5,False,True,132,18,151,89,2,2,fixed_budget
fixed_2,global_qwen2p5_0p5b_math::qwen2p5_0p5b__math_test_00245_373bfa07__temp0.60__seed7,math_test_00245_373bfa07,False,False,260,226,399,368,2,2,fixed_budget
fixed_2,global_qwen2p5_0p5b_math::qwen2p5_0p5b__math_test_00246_08e34813__temp0.60__seed7,math_test_00246_08e34813,False,False,201,51,266,123,2,2,fixed_budget
fixed_2,global_qwen2p5_0p5b_math::qwen2p5_0p5b__math_test_00247_24a6a2d8__temp0.60__seed7,math_test_00247_24a6a2d8,False,False,404,181,473,265,2,2,fixed_budget
fixed_2,global_qwen2p5_0p5b_math::qwen2p5_0p5b__math_test_00248_740b47e0__temp0.60__seed7,math_test_00248_740b47e0,True,True,264,123,282,140,2,2,fixed_budget
fixed_2,global_qwen2p5_0p5b_math::qwen2p5_0p5b__math_test_00249_89ab90f1__temp0.60__seed7,math_test_00249_89ab90f1,False,False,378,188,292,100,2,2,fixed_budget
fixed_2,global_qwen2p5_0p5b_math::qwen2p5_0p5b__math_test_00250_893f6d22__temp0.60__seed7,math_test_00250_893f6d22,True,True,348,146,337,161,2,2,fixed_budget
fixed_2,global_qwen2p5_0p5b_math::qwen2p5_0p5b__math_test_00251_3dd2446e__temp0.60__seed7,math_test_00251_3dd2446e,False,False,388,180,396,127,2,2,fixed_budget
fixed_2,global_qwen2p5_0p5b_math::qwen2p5_0p5b__math_test_00252_b3e21c72__temp0.60__seed7,math_test_00252_b3e21c72,False,False,240,94,247,108,2,2,fixed_budget
fixed_2,global_qwen2p5_0p5b_math::qwen2p5_0p5b__math_test_00253_d4df8de3__temp0.60__seed7,math_test_00253_d4df8de3,False,False,221,92,178,49,2,2,fixed_budget
fixed_2,global_qwen2p5_0p5b_math::qwen2p5_0p5b__math_test_00254_a92a5bc3__temp0.60__seed7,math_test_00254_a92a5bc3,False,False,420,177,175,79,2,2,fixed_budget
fixed_2,global_qwen2p5_0p5b_math::qwen2p5_0p5b__math_test_00255_5f3fe168__temp0.60__seed7,math_test_00255_5f3fe168,True,True,126,39,132,42,2,2,fixed_budget
fixed_2,global_qwen2p5_0p5b_math::qwen2p5_0p5b__math_test_00256_d959374f__temp0.60__seed7,math_test_00256_d959374f,False,False,233,104,210,77,2,2,fixed_budget
fixed_2,global_qwen2p5_0p5b_math::qwen2p5_0p5b__math_test_00257_20ddae87__temp0.60__seed7,math_test_00257_20ddae87,False,False,260,106,258,104,2,2,fixed_budget
fixed_2,global_qwen2p5_0p5b_math::qwen2p5_0p5b__math_test_00258_44fb0c1c__temp0.60__seed7,math_test_00258_44fb0c1c,False,False,322,135,388,169,2,2,fixed_budget
fixed_2,global_qwen2p5_0p5b_math::qwen2p5_0p5b__math_test_00259_2ab6b817__temp0.60__seed7,math_test_00259_2ab6b817,False,False,192,71,443,294,2,2,fixed_budget
fixed_2,global_qwen2p5_0p5b_math::qwen2p5_0p5b__math_test_00260_efa62d11__temp0.60__seed7,math_test_00260_efa62d11,False,False,219,91,179,49,2,2,fixed_budget
fixed_2,global_qwen2p5_0p5b_math::qwen2p5_0p5b__math_test_00261_4f02172b__temp0.60__seed7,math_test_00261_4f02172b,False,False,412,396,180,177,2,2,fixed_budget
fixed_2,global_qwen2p5_0p5b_math::qwen2p5_0p5b__math_test_00262_5be48d75__temp0.60__seed7,math_test_00262_5be48d75,False,False,233,143,85,29,2,2,fixed_budget
fixed_2,global_qwen2p5_0p5b_math::qwen2p5_0p5b__math_test_00263_10d94c24__temp0.60__seed7,math_test_00263_10d94c24,True,False,411,164,438,162,2,2,fixed_budget
fixed_2,global_qwen2p5_0p5b_math::qwen2p5_0p5b__math_test_00264_ca7f6fd1__temp0.60__seed7,math_test_00264_ca7f6fd1,False,False,288,98,303,172,2,2,fixed_budget
fixed_2,global_qwen2p5_0p5b_math::qwen2p5_0p5b__math_test_00265_3b8ec9e0__temp0.60__seed7,math_test_00265_3b8ec9e0,False,False,252,130,184,61,2,2,fixed_budget
fixed_2,global_qwen2p5_0p5b_math::qwen2p5_0p5b__math_test_00266_dbf10789__temp0.60__seed7,math_test_00266_dbf10789,False,False,321,190,498,349,2,2,fixed_budget
fixed_2,global_qwen2p5_0p5b_math::qwen2p5_0p5b__math_test_00267_a33fc5f4__temp0.60__seed7,math_test_00267_a33fc5f4,True,True,518,270,459,199,2,2,fixed_budget
fixed_2,global_qwen2p5_0p5b_math::qwen2p5_0p5b__math_test_00268_64a42184__temp0.60__seed7,math_test_00268_64a42184,False,False,277,106,212,59,2,2,fixed_budget
fixed_2,global_qwen2p5_0p5b_math::qwen2p5_0p5b__math_test_00269_3a892d62__temp0.60__seed7,math_test_00269_3a892d62,False,False,239,64,330,170,2,2,fixed_budget
fixed_2,global_qwen2p5_0p5b_math::qwen2p5_0p5b__math_test_00270_d6fa4f7c__temp0.60__seed7,math_test_00270_d6fa4f7c,False,False,251,170,134,34,2,2,fixed_budget
fixed_2,global_qwen2p5_0p5b_math::qwen2p5_0p5b__math_test_00271_0cd3b758__temp0.60__seed7,math_test_00271_0cd3b758,False,False,209,174,334,232,2,2,fixed_budget
fixed_2,global_qwen2p5_0p5b_math::qwen2p5_0p5b__math_test_00272_84359c4d__temp0.60__seed7,math_test_00272_84359c4d,False,False,172,69,165,67,2,2,fixed_budget
fixed_2,global_qwen2p5_0p5b_math::qwen2p5_0p5b__math_test_00273_a9e9a1de__temp0.60__seed7,math_test_00273_a9e9a1de,False,False,405,73,381,192,2,2,fixed_budget
fixed_2,global_qwen2p5_0p5b_math::qwen2p5_0p5b__math_test_00274_75abc690__temp0.60__seed7,math_test_00274_75abc690,False,False,216,104,243,77,2,2,fixed_budget
fixed_2,global_qwen2p5_0p5b_math::qwen2p5_0p5b__math_test_00275_4384cd3d__temp0.60__seed7,math_test_00275_4384cd3d,False,False,353,173,322,81,2,2,fixed_budget
fixed_2,global_qwen2p5_0p5b_math::qwen2p5_0p5b__math_test_00276_845d624e__temp0.60__seed7,math_test_00276_845d624e,False,False,291,127,275,129,2,2,fixed_budget
fixed_2,global_qwen2p5_0p5b_math::qwen2p5_0p5b__math_test_00277_c86dc9b8__temp0.60__seed7,math_test_00277_c86dc9b8,True,True,431,248,200,86,2,2,fixed_budget
fixed_2,global_qwen2p5_0p5b_math::qwen2p5_0p5b__math_test_00278_f57d1ab7__temp0.60__seed7,math_test_00278_f57d1ab7,False,False,536,201,390,95,2,2,fixed_budget
fixed_2,global_qwen2p5_0p5b_math::qwen2p5_0p5b__math_test_00279_c9a3fe90__temp0.60__seed7,math_test_00279_c9a3fe90,False,False,218,100,190,22,2,2,fixed_budget
fixed_2,global_qwen2p5_0p5b_math::qwen2p5_0p5b__math_test_00280_fa6589e1__temp0.60__seed7,math_test_00280_fa6589e1,False,False,320,156,360,122,2,2,fixed_budget
fixed_2,global_qwen2p5_0p5b_math::qwen2p5_0p5b__math_test_00281_c1845e7d__temp0.60__seed7,math_test_00281_c1845e7d,False,False,196,47,400,266,2,2,fixed_budget
fixed_2,global_qwen2p5_0p5b_math::qwen2p5_0p5b__math_test_00282_92f3a353__temp0.60__seed7,math_test_00282_92f3a353,False,False,329,257,31,9,2,2,fixed_budget
fixed_2,global_qwen2p5_0p5b_math::qwen2p5_0p5b__math_test_00283_7135627a__temp0.60__seed7,math_test_00283_7135627a,False,False,266,69,240,103,2,2,fixed_budget
fixed_2,global_qwen2p5_0p5b_math::qwen2p5_0p5b__math_test_00284_d7b7add8__temp0.60__seed7,math_test_00284_d7b7add8,False,False,195,84,394,279,2,2,fixed_budget
fixed_2,global_qwen2p5_0p5b_math::qwen2p5_0p5b__math_test_00285_2a685be2__temp0.60__seed7,math_test_00285_2a685be2,False,False,369,270,261,152,2,2,fixed_budget
fixed_2,global_qwen2p5_0p5b_math::qwen2p5_0p5b__math_test_00286_2378497f__temp0.60__seed7,math_test_00286_2378497f,False,False,352,135,169,108,2,2,fixed_budget
fixed_2,global_qwen2p5_0p5b_math::qwen2p5_0p5b__math_test_00287_ab35a62d__temp0.60__seed7,math_test_00287_ab35a62d,False,False,592,375,504,327,2,2,fixed_budget
fixed_2,global_qwen2p5_0p5b_math::qwen2p5_0p5b__math_test_00288_99b25b6b__temp0.60__seed7,math_test_00288_99b25b6b,False,False,347,155,380,196,2,2,fixed_budget
fixed_2,global_qwen2p5_0p5b_math::qwen2p5_0p5b__math_test_00289_65b47d19__temp0.60__seed7,math_test_00289_65b47d19,False,False,764,509,555,326,2,2,fixed_budget
fixed_2,global_qwen2p5_0p5b_math::qwen2p5_0p5b__math_test_00290_1a809667__temp0.60__seed7,math_test_00290_1a809667,False,False,651,213,445,139,2,2,fixed_budget
fixed_2,global_qwen2p5_0p5b_math::qwen2p5_0p5b__math_test_00291_f0f80e1a__temp0.60__seed7,math_test_00291_f0f80e1a,False,False,320,153,433,252,2,2,fixed_budget
fixed_2,global_qwen2p5_0p5b_math::qwen2p5_0p5b__math_test_00292_9f87e110__temp0.60__seed7,math_test_00292_9f87e110,False,False,384,136,451,240,2,2,fixed_budget
fixed_2,global_qwen2p5_0p5b_math::qwen2p5_0p5b__math_test_00293_9a549464__temp0.60__seed7,math_test_00293_9a549464,False,False,315,189,261,90,2,2,fixed_budget
fixed_2,global_qwen2p5_0p5b_math::qwen2p5_0p5b__math_test_00294_bbfa98b4__temp0.60__seed7,math_test_00294_bbfa98b4,False,False,354,137,649,285,2,2,fixed_budget
fixed_2,global_qwen2p5_0p5b_math::qwen2p5_0p5b__math_test_00295_5384a318__temp0.60__seed7,math_test_00295_5384a318,False,False,170,72,289,97,2,2,fixed_budget
fixed_2,global_qwen2p5_0p5b_math::qwen2p5_0p5b__math_test_00296_dd695c69__temp0.60__seed7,math_test_00296_dd695c69,False,False,623,300,167,83,2,2,fixed_budget
fixed_2,global_qwen2p5_0p5b_math::qwen2p5_0p5b__math_test_00297_96f3b4cd__temp0.60__seed7,math_test_00297_96f3b4cd,False,False,201,85,252,110,2,2,fixed_budget
fixed_2,global_qwen2p5_0p5b_math::qwen2p5_0p5b__math_test_00298_cd93bf6b__temp0.60__seed7,math_test_00298_cd93bf6b,True,False,383,164,365,262,2,2,fixed_budget
fixed_2,global_qwen2p5_0p5b_math::qwen2p5_0p5b__math_test_00299_9edbd238__temp0.60__seed7,math_test_00299_9edbd238,False,False,312,124,422,247,2,2,fixed_budget
fixed_2,global_qwen2p5_0p5b_math::qwen2p5_0p5b__math_test_00300_7b4fb29f__temp0.60__seed7,math_test_00300_7b4fb29f,False,False,367,217,302,152,2,2,fixed_budget
fixed_2,global_qwen2p5_0p5b_math::qwen2p5_0p5b__math_test_00301_fe74163c__temp0.60__seed7,math_test_00301_fe74163c,False,False,257,76,465,327,2,2,fixed_budget
fixed_2,global_qwen2p5_0p5b_math::qwen2p5_0p5b__math_test_00302_555caaf5__temp0.60__seed7,math_test_00302_555caaf5,False,False,576,512,427,322,2,2,fixed_budget
fixed_2,global_qwen2p5_0p5b_math::qwen2p5_0p5b__math_test_00303_0a6043f3__temp0.60__seed7,math_test_00303_0a6043f3,False,False,525,322,332,155,2,2,fixed_budget
fixed_2,global_qwen2p5_0p5b_math::qwen2p5_0p5b__math_test_00304_782cacd3__temp0.60__seed7,math_test_00304_782cacd3,False,False,224,127,333,159,2,2,fixed_budget
fixed_2,global_qwen2p5_0p5b_math::qwen2p5_0p5b__math_test_00305_c8d180e8__temp0.60__seed7,math_test_00305_c8d180e8,False,False,400,235,397,196,2,2,fixed_budget
fixed_2,global_qwen2p5_0p5b_math::qwen2p5_0p5b__math_test_00306_15a3ec97__temp0.60__seed7,math_test_00306_15a3ec97,False,False,242,111,180,56,2,2,fixed_budget
fixed_2,global_qwen2p5_0p5b_math::qwen2p5_0p5b__math_test_00307_ac0e3789__temp0.60__seed7,math_test_00307_ac0e3789,False,False,318,150,303,100,2,2,fixed_budget
fixed_2,global_qwen2p5_0p5b_math::qwen2p5_0p5b__math_test_00308_35ec1d7b__temp0.60__seed7,math_test_00308_35ec1d7b,False,False,270,121,32,2,2,2,fixed_budget
fixed_2,global_qwen2p5_0p5b_math::qwen2p5_0p5b__math_test_00309_7be0b9c6__temp0.60__seed7,math_test_00309_7be0b9c6,False,False,328,126,533,329,2,2,fixed_budget
fixed_2,global_qwen2p5_0p5b_math::qwen2p5_0p5b__math_test_00310_2974ae8d__temp0.60__seed7,math_test_00310_2974ae8d,False,False,477,168,326,62,2,2,fixed_budget
fixed_2,global_qwen2p5_0p5b_math::qwen2p5_0p5b__math_test_00311_db5088ff__temp0.60__seed7,math_test_00311_db5088ff,False,False,264,126,287,138,2,2,fixed_budget
fixed_2,global_qwen2p5_0p5b_math::qwen2p5_0p5b__math_test_00312_74f8cf90__temp0.60__seed7,math_test_00312_74f8cf90,True,True,227,121,198,86,2,2,fixed_budget
fixed_2,global_qwen2p5_0p5b_math::qwen2p5_0p5b__math_test_00313_eb9feec2__temp0.60__seed7,math_test_00313_eb9feec2,False,False,438,181,379,117,2,2,fixed_budget
fixed_2,global_qwen2p5_0p5b_math::qwen2p5_0p5b__math_test_00314_1f87cb3d__temp0.60__seed7,math_test_00314_1f87cb3d,False,False,418,297,477,39,2,2,fixed_budget
fixed_2,global_qwen2p5_0p5b_math::qwen2p5_0p5b__math_test_00315_df923cac__temp0.60__seed7,math_test_00315_df923cac,False,False,134,45,165,74,2,2,fixed_budget
fixed_2,global_qwen2p5_0p5b_math::qwen2p5_0p5b__math_test_00316_d871c684__temp0.60__seed7,math_test_00316_d871c684,False,False,265,109,295,137,2,2,fixed_budget
fixed_2,global_qwen2p5_0p5b_math::qwen2p5_0p5b__math_test_00317_e0ee33c8__temp0.60__seed7,math_test_00317_e0ee33c8,False,False,560,268,725,512,2,2,fixed_budget
fixed_2,global_qwen2p5_0p5b_math::qwen2p5_0p5b__math_test_00318_126e857a__temp0.60__seed7,math_test_00318_126e857a,False,False,564,475,210,76,2,2,fixed_budget
fixed_2,global_qwen2p5_0p5b_math::qwen2p5_0p5b__math_test_00319_dde9f260__temp0.60__seed7,math_test_00319_dde9f260,False,False,275,116,225,65,2,2,fixed_budget
fixed_2,global_qwen2p5_0p5b_math::qwen2p5_0p5b__math_test_00320_e8f73851__temp0.60__seed7,math_test_00320_e8f73851,False,False,263,178,397,124,2,2,fixed_budget
fixed_2,global_qwen2p5_0p5b_math::qwen2p5_0p5b__math_test_00321_bf799ecc__temp0.60__seed7,math_test_00321_bf799ecc,False,False,401,290,320,123,2,2,fixed_budget
fixed_2,global_qwen2p5_0p5b_math::qwen2p5_0p5b__math_test_00322_ee8eb9c1__temp0.60__seed7,math_test_00322_ee8eb9c1,False,False,167,70,348,196,2,2,fixed_budget
fixed_2,global_qwen2p5_0p5b_math::qwen2p5_0p5b__math_test_00323_372c2d59__temp0.60__seed7,math_test_00323_372c2d59,False,False,382,210,505,312,2,2,fixed_budget
fixed_2,global_qwen2p5_0p5b_math::qwen2p5_0p5b__math_test_00324_5d4902ec__temp0.60__seed7,math_test_00324_5d4902ec,False,False,203,57,410,302,2,2,fixed_budget
fixed_2,global_qwen2p5_0p5b_math::qwen2p5_0p5b__math_test_00325_bf36a20b__temp0.60__seed7,math_test_00325_bf36a20b,True,True,248,115,306,144,2,2,fixed_budget
fixed_2,global_qwen2p5_0p5b_math::qwen2p5_0p5b__math_test_00326_2b3c488f__temp0.60__seed7,math_test_00326_2b3c488f,False,False,309,122,281,103,2,2,fixed_budget
fixed_2,global_qwen2p5_0p5b_math::qwen2p5_0p5b__math_test_00327_39c0048d__temp0.60__seed7,math_test_00327_39c0048d,False,False,727,298,453,312,2,2,fixed_budget
fixed_2,global_qwen2p5_0p5b_math::qwen2p5_0p5b__math_test_00328_fd5fbe30__temp0.60__seed7,math_test_00328_fd5fbe30,False,False,393,314,247,186,2,2,fixed_budget
fixed_2,global_qwen2p5_0p5b_math::qwen2p5_0p5b__math_test_00329_a0de4994__temp0.60__seed7,math_test_00329_a0de4994,False,False,166,135,149,103,2,2,fixed_budget
fixed_2,global_qwen2p5_0p5b_math::qwen2p5_0p5b__math_test_00330_45cea026__temp0.60__seed7,math_test_00330_45cea026,False,False,343,257,242,156,2,2,fixed_budget
fixed_2,global_qwen2p5_0p5b_math::qwen2p5_0p5b__math_test_00331_023902bd__temp0.60__seed7,math_test_00331_023902bd,False,False,345,196,390,168,2,2,fixed_budget
fixed_2,global_qwen2p5_0p5b_math::qwen2p5_0p5b__math_test_00332_5bacfa8c__temp0.60__seed7,math_test_00332_5bacfa8c,False,False,337,228,197,89,2,2,fixed_budget
fixed_2,global_qwen2p5_0p5b_math::qwen2p5_0p5b__math_test_00333_a31e71a6__temp0.60__seed7,math_test_00333_a31e71a6,False,False,757,175,561,201,2,2,fixed_budget
fixed_2,global_qwen2p5_0p5b_math::qwen2p5_0p5b__math_test_00334_18dac264__temp0.60__seed7,math_test_00334_18dac264,False,False,666,391,532,341,2,2,fixed_budget
fixed_2,global_qwen2p5_0p5b_math::qwen2p5_0p5b__math_test_00335_fde40de4__temp0.60__seed7,math_test_00335_fde40de4,False,False,373,306,457,308,2,2,fixed_budget
fixed_2,global_qwen2p5_0p5b_math::qwen2p5_0p5b__math_test_00336_0b4ea1e7__temp0.60__seed7,math_test_00336_0b4ea1e7,False,False,339,209,171,5,2,2,fixed_budget
fixed_2,global_qwen2p5_0p5b_math::qwen2p5_0p5b__math_test_00337_d02b019a__temp0.60__seed7,math_test_00337_d02b019a,False,False,315,177,642,282,2,2,fixed_budget
fixed_2,global_qwen2p5_0p5b_math::qwen2p5_0p5b__math_test_00338_6b6d2c6b__temp0.60__seed7,math_test_00338_6b6d2c6b,False,False,142,45,142,46,2,2,fixed_budget
fixed_2,global_qwen2p5_0p5b_math::qwen2p5_0p5b__math_test_00339_5722cb6d__temp0.60__seed7,math_test_00339_5722cb6d,False,False,288,53,218,47,2,2,fixed_budget
fixed_2,global_qwen2p5_0p5b_math::qwen2p5_0p5b__math_test_00340_c7e6fae6__temp0.60__seed7,math_test_00340_c7e6fae6,False,False,250,177,408,311,2,2,fixed_budget
fixed_2,global_qwen2p5_0p5b_math::qwen2p5_0p5b__math_test_00341_0734d253__temp0.60__seed7,math_test_00341_0734d253,False,False,273,148,317,177,2,2,fixed_budget
fixed_2,global_qwen2p5_0p5b_math::qwen2p5_0p5b__math_test_00342_1bb3298f__temp0.60__seed7,math_test_00342_1bb3298f,False,False,438,88,367,228,2,2,fixed_budget
fixed_2,global_qwen2p5_0p5b_math::qwen2p5_0p5b__math_test_00343_e54f9ee1__temp0.60__seed7,math_test_00343_e54f9ee1,False,False,212,83,409,238,2,2,fixed_budget
fixed_2,global_qwen2p5_0p5b_math::qwen2p5_0p5b__math_test_00344_64925ab7__temp0.60__seed7,math_test_00344_64925ab7,False,False,310,231,234,80,2,2,fixed_budget
fixed_2,global_qwen2p5_0p5b_math::qwen2p5_0p5b__math_test_00345_6af61995__temp0.60__seed7,math_test_00345_6af61995,False,False,119,29,198,124,2,2,fixed_budget
fixed_2,global_qwen2p5_0p5b_math::qwen2p5_0p5b__math_test_00346_baa6122d__temp0.60__seed7,math_test_00346_baa6122d,False,False,181,103,169,110,2,2,fixed_budget
fixed_2,global_qwen2p5_0p5b_math::qwen2p5_0p5b__math_test_00347_a2f7bec0__temp0.60__seed7,math_test_00347_a2f7bec0,False,False,125,122,506,369,2,2,fixed_budget
fixed_2,global_qwen2p5_0p5b_math::qwen2p5_0p5b__math_test_00348_86ddc3d0__temp0.60__seed7,math_test_00348_86ddc3d0,False,False,279,120,402,227,2,2,fixed_budget
fixed_2,global_qwen2p5_0p5b_math::qwen2p5_0p5b__math_test_00349_b9d9a1ba__temp0.60__seed7,math_test_00349_b9d9a1ba,False,False,193,134,113,50,2,2,fixed_budget
fixed_2,global_qwen2p5_0p5b_math::qwen2p5_0p5b__math_test_00350_02aacf73__temp0.60__seed7,math_test_00350_02aacf73,False,False,317,172,319,112,2,2,fixed_budget
fixed_2,global_qwen2p5_0p5b_math::qwen2p5_0p5b__math_test_00351_67aec9c5__temp0.60__seed7,math_test_00351_67aec9c5,False,False,192,121,256,147,2,2,fixed_budget
fixed_2,global_qwen2p5_0p5b_math::qwen2p5_0p5b__math_test_00352_e74ba0fa__temp0.60__seed7,math_test_00352_e74ba0fa,False,False,338,110,344,109,2,2,fixed_budget
fixed_2,global_qwen2p5_0p5b_math::qwen2p5_0p5b__math_test_00353_8c1deb6e__temp0.60__seed7,math_test_00353_8c1deb6e,False,False,265,185,366,257,2,2,fixed_budget
fixed_2,global_qwen2p5_0p5b_math::qwen2p5_0p5b__math_test_00354_47b050a9__temp0.60__seed7,math_test_00354_47b050a9,False,False,263,169,217,181,2,2,fixed_budget
fixed_2,global_qwen2p5_0p5b_math::qwen2p5_0p5b__math_test_00355_ec1c2c36__temp0.60__seed7,math_test_00355_ec1c2c36,False,False,208,84,218,94,2,2,fixed_budget
fixed_2,global_qwen2p5_0p5b_math::qwen2p5_0p5b__math_test_00356_f8a2ffc1__temp0.60__seed7,math_test_00356_f8a2ffc1,False,False,151,49,352,242,2,2,fixed_budget
fixed_2,global_qwen2p5_0p5b_math::qwen2p5_0p5b__math_test_00357_8a63afe5__temp0.60__seed7,math_test_00357_8a63afe5,False,False,318,128,518,229,2,2,fixed_budget
fixed_2,global_qwen2p5_0p5b_math::qwen2p5_0p5b__math_test_00358_76dfcccb__temp0.60__seed7,math_test_00358_76dfcccb,False,False,391,248,403,166,2,2,fixed_budget
fixed_2,global_qwen2p5_0p5b_math::qwen2p5_0p5b__math_test_00359_f093fce4__temp0.60__seed7,math_test_00359_f093fce4,False,False,267,120,269,123,2,2,fixed_budget
fixed_2,global_qwen2p5_0p5b_math::qwen2p5_0p5b__math_test_00360_e7cc4a6f__temp0.60__seed7,math_test_00360_e7cc4a6f,False,False,171,78,166,68,2,2,fixed_budget
fixed_2,global_qwen2p5_0p5b_math::qwen2p5_0p5b__math_test_00361_e7fdc3ec__temp0.60__seed7,math_test_00361_e7fdc3ec,False,False,315,151,262,105,2,2,fixed_budget
fixed_2,global_qwen2p5_0p5b_math::qwen2p5_0p5b__math_test_00362_a3ec21a8__temp0.60__seed7,math_test_00362_a3ec21a8,False,False,130,52,137,52,2,2,fixed_budget
fixed_2,global_qwen2p5_0p5b_math::qwen2p5_0p5b__math_test_00363_76d22eff__temp0.60__seed7,math_test_00363_76d22eff,True,True,325,128,348,158,2,2,fixed_budget
fixed_2,global_qwen2p5_0p5b_math::qwen2p5_0p5b__math_test_00364_48ea1907__temp0.60__seed7,math_test_00364_48ea1907,False,False,312,158,174,71,2,2,fixed_budget
fixed_2,global_qwen2p5_0p5b_math::qwen2p5_0p5b__math_test_00365_ee443bc9__temp0.60__seed7,math_test_00365_ee443bc9,False,False,519,328,225,63,2,2,fixed_budget
fixed_2,global_qwen2p5_0p5b_math::qwen2p5_0p5b__math_test_00366_e4373bdd__temp0.60__seed7,math_test_00366_e4373bdd,False,False,316,214,175,63,2,2,fixed_budget
fixed_2,global_qwen2p5_0p5b_math::qwen2p5_0p5b__math_test_00367_f645536a__temp0.60__seed7,math_test_00367_f645536a,False,False,323,153,274,112,2,2,fixed_budget
fixed_2,global_qwen2p5_0p5b_math::qwen2p5_0p5b__math_test_00368_3ac511d2__temp0.60__seed7,math_test_00368_3ac511d2,False,False,514,238,649,258,2,2,fixed_budget
fixed_2,global_qwen2p5_0p5b_math::qwen2p5_0p5b__math_test_00369_598cca5b__temp0.60__seed7,math_test_00369_598cca5b,False,False,246,147,634,363,2,2,fixed_budget
fixed_2,global_qwen2p5_0p5b_math::qwen2p5_0p5b__math_test_00370_ca991c57__temp0.60__seed7,math_test_00370_ca991c57,False,False,251,118,237,44,2,2,fixed_budget
fixed_2,global_qwen2p5_0p5b_math::qwen2p5_0p5b__math_test_00371_2bd6f928__temp0.60__seed7,math_test_00371_2bd6f928,False,False,442,273,573,349,2,2,fixed_budget
fixed_2,global_qwen2p5_0p5b_math::qwen2p5_0p5b__math_test_00372_b7f23143__temp0.60__seed7,math_test_00372_b7f23143,False,False,390,170,408,149,2,2,fixed_budget
fixed_2,global_qwen2p5_0p5b_math::qwen2p5_0p5b__math_test_00373_00badbcf__temp0.60__seed7,math_test_00373_00badbcf,False,False,168,67,259,154,2,2,fixed_budget
fixed_2,global_qwen2p5_0p5b_math::qwen2p5_0p5b__math_test_00374_6b1b63ff__temp0.60__seed7,math_test_00374_6b1b63ff,False,False,239,77,276,136,2,2,fixed_budget
fixed_2,global_qwen2p5_0p5b_math::qwen2p5_0p5b__math_test_00375_150bb464__temp0.60__seed7,math_test_00375_150bb464,False,False,373,166,274,146,2,2,fixed_budget
fixed_2,global_qwen2p5_0p5b_math::qwen2p5_0p5b__math_test_00376_61c1faed__temp0.60__seed7,math_test_00376_61c1faed,False,False,237,76,276,164,2,2,fixed_budget
fixed_2,global_qwen2p5_0p5b_math::qwen2p5_0p5b__math_test_00377_5a155369__temp0.60__seed7,math_test_00377_5a155369,False,False,181,54,226,109,2,2,fixed_budget
fixed_2,global_qwen2p5_0p5b_math::qwen2p5_0p5b__math_test_00378_679ad820__temp0.60__seed7,math_test_00378_679ad820,False,False,281,127,373,270,2,2,fixed_budget
fixed_2,global_qwen2p5_0p5b_math::qwen2p5_0p5b__math_test_00379_47fb8717__temp0.60__seed7,math_test_00379_47fb8717,True,True,437,167,318,185,2,2,fixed_budget
fixed_2,global_qwen2p5_0p5b_math::qwen2p5_0p5b__math_test_00380_5f1641b4__temp0.60__seed7,math_test_00380_5f1641b4,False,False,457,228,387,201,2,2,fixed_budget
fixed_2,global_qwen2p5_0p5b_math::qwen2p5_0p5b__math_test_00381_8df788ff__temp0.60__seed7,math_test_00381_8df788ff,False,False,467,195,376,97,2,2,fixed_budget
fixed_2,global_qwen2p5_0p5b_math::qwen2p5_0p5b__math_test_00382_38d763f6__temp0.60__seed7,math_test_00382_38d763f6,False,False,290,170,79,28,2,2,fixed_budget
fixed_2,global_qwen2p5_0p5b_math::qwen2p5_0p5b__math_test_00383_08527b10__temp0.60__seed7,math_test_00383_08527b10,False,False,393,76,214,87,2,2,fixed_budget
fixed_2,global_qwen2p5_0p5b_math::qwen2p5_0p5b__math_test_00384_b0468733__temp0.60__seed7,math_test_00384_b0468733,False,False,272,86,216,99,2,2,fixed_budget
fixed_2,global_qwen2p5_0p5b_math::qwen2p5_0p5b__math_test_00385_30dafe73__temp0.60__seed7,math_test_00385_30dafe73,False,False,477,235,439,199,2,2,fixed_budget
fixed_2,global_qwen2p5_0p5b_math::qwen2p5_0p5b__math_test_00386_07310b54__temp0.60__seed7,math_test_00386_07310b54,False,False,433,257,274,124,2,2,fixed_budget
fixed_2,global_qwen2p5_0p5b_math::qwen2p5_0p5b__math_test_00387_17210adf__temp0.60__seed7,math_test_00387_17210adf,False,False,210,72,308,101,2,2,fixed_budget
fixed_2,global_qwen2p5_0p5b_math::qwen2p5_0p5b__math_test_00388_11e6a957__temp0.60__seed7,math_test_00388_11e6a957,False,False,236,116,301,120,2,2,fixed_budget
fixed_2,global_qwen2p5_0p5b_math::qwen2p5_0p5b__math_test_00389_a5faa9e5__temp0.60__seed7,math_test_00389_a5faa9e5,False,False,296,170,245,100,2,2,fixed_budget
fixed_2,global_qwen2p5_0p5b_math::qwen2p5_0p5b__math_test_00390_ea31a6ca__temp0.60__seed7,math_test_00390_ea31a6ca,False,False,503,219,186,40,2,2,fixed_budget
fixed_2,global_qwen2p5_0p5b_math::qwen2p5_0p5b__math_test_00391_da45406a__temp0.60__seed7,math_test_00391_da45406a,False,False,178,68,185,74,2,2,fixed_budget
fixed_2,global_qwen2p5_0p5b_math::qwen2p5_0p5b__math_test_00392_5ec89a77__temp0.60__seed7,math_test_00392_5ec89a77,False,False,372,122,455,291,2,2,fixed_budget
fixed_2,global_qwen2p5_0p5b_math::qwen2p5_0p5b__math_test_00393_b3a1a15f__temp0.60__seed7,math_test_00393_b3a1a15f,False,False,248,179,329,215,2,2,fixed_budget
fixed_2,global_qwen2p5_0p5b_math::qwen2p5_0p5b__math_test_00394_372e8efa__temp0.60__seed7,math_test_00394_372e8efa,False,False,190,77,194,38,2,2,fixed_budget
fixed_2,global_qwen2p5_0p5b_math::qwen2p5_0p5b__math_test_00395_71129ef0__temp0.60__seed7,math_test_00395_71129ef0,False,False,186,102,150,55,2,2,fixed_budget
fixed_2,global_qwen2p5_0p5b_math::qwen2p5_0p5b__math_test_00396_ba3bcd56__temp0.60__seed7,math_test_00396_ba3bcd56,False,False,405,174,294,101,2,2,fixed_budget
fixed_2,global_qwen2p5_0p5b_math::qwen2p5_0p5b__math_test_00397_92c7504a__temp0.60__seed7,math_test_00397_92c7504a,False,False,258,142,254,111,2,2,fixed_budget
fixed_2,global_qwen2p5_0p5b_math::qwen2p5_0p5b__math_test_00398_23079a25__temp0.60__seed7,math_test_00398_23079a25,False,False,248,101,272,84,2,2,fixed_budget
fixed_2,global_qwen2p5_0p5b_math::qwen2p5_0p5b__math_test_00399_efffa141__temp0.60__seed7,math_test_00399_efffa141,False,False,475,106,415,105,2,2,fixed_budget
fixed_2,global_qwen2p5_0p5b_math::qwen2p5_0p5b__math_test_00400_8f10146b__temp0.60__seed7,math_test_00400_8f10146b,True,True,403,258,374,215,2,2,fixed_budget
fixed_2,global_qwen2p5_0p5b_math::qwen2p5_0p5b__math_test_00401_62859aeb__temp0.60__seed7,math_test_00401_62859aeb,False,False,210,120,361,276,2,2,fixed_budget
fixed_2,global_qwen2p5_0p5b_math::qwen2p5_0p5b__math_test_00402_d12fb851__temp0.60__seed7,math_test_00402_d12fb851,False,False,204,93,163,126,2,2,fixed_budget
fixed_2,global_qwen2p5_0p5b_math::qwen2p5_0p5b__math_test_00403_11b3b101__temp0.60__seed7,math_test_00403_11b3b101,False,False,253,142,259,106,2,2,fixed_budget
fixed_2,global_qwen2p5_0p5b_math::qwen2p5_0p5b__math_test_00404_da55437b__temp0.60__seed7,math_test_00404_da55437b,False,False,242,121,172,71,2,2,fixed_budget
fixed_2,global_qwen2p5_0p5b_math::qwen2p5_0p5b__math_test_00405_668162f1__temp0.60__seed7,math_test_00405_668162f1,False,False,397,176,298,93,2,2,fixed_budget
fixed_2,global_qwen2p5_0p5b_math::qwen2p5_0p5b__math_test_00406_895adc35__temp0.60__seed7,math_test_00406_895adc35,False,False,428,132,467,115,2,2,fixed_budget
fixed_2,global_qwen2p5_0p5b_math::qwen2p5_0p5b__math_test_00407_21645a77__temp0.60__seed7,math_test_00407_21645a77,False,False,296,65,244,108,2,2,fixed_budget
fixed_2,global_qwen2p5_0p5b_math::qwen2p5_0p5b__math_test_00408_72a21fce__temp0.60__seed7,math_test_00408_72a21fce,False,False,220,93,162,61,2,2,fixed_budget
fixed_2,global_qwen2p5_0p5b_math::qwen2p5_0p5b__math_test_00409_2cbb5151__temp0.60__seed7,math_test_00409_2cbb5151,False,False,272,167,199,59,2,2,fixed_budget
fixed_2,global_qwen2p5_0p5b_math::qwen2p5_0p5b__math_test_00410_6885282d__temp0.60__seed7,math_test_00410_6885282d,False,False,630,234,459,158,2,2,fixed_budget
fixed_2,global_qwen2p5_0p5b_math::qwen2p5_0p5b__math_test_00411_6f5d00d6__temp0.60__seed7,math_test_00411_6f5d00d6,False,False,187,80,326,246,2,2,fixed_budget
fixed_2,global_qwen2p5_0p5b_math::qwen2p5_0p5b__math_test_00412_403b3454__temp0.60__seed7,math_test_00412_403b3454,False,False,242,147,556,416,2,2,fixed_budget
fixed_2,global_qwen2p5_0p5b_math::qwen2p5_0p5b__math_test_00413_a79cadf3__temp0.60__seed7,math_test_00413_a79cadf3,False,False,229,93,384,243,2,2,fixed_budget
fixed_2,global_qwen2p5_0p5b_math::qwen2p5_0p5b__math_test_00414_f8b3d5f2__temp0.60__seed7,math_test_00414_f8b3d5f2,False,False,294,131,307,146,2,2,fixed_budget
fixed_2,global_qwen2p5_0p5b_math::qwen2p5_0p5b__math_test_00415_df5709ae__temp0.60__seed7,math_test_00415_df5709ae,False,False,140,41,212,111,2,2,fixed_budget
fixed_2,global_qwen2p5_0p5b_math::qwen2p5_0p5b__math_test_00416_29223b4f__temp0.60__seed7,math_test_00416_29223b4f,False,False,269,233,100,67,2,2,fixed_budget
fixed_2,global_qwen2p5_0p5b_math::qwen2p5_0p5b__math_test_00417_f378f07d__temp0.60__seed7,math_test_00417_f378f07d,False,False,205,98,275,101,2,2,fixed_budget
fixed_2,global_qwen2p5_0p5b_math::qwen2p5_0p5b__math_test_00418_452dc872__temp0.60__seed7,math_test_00418_452dc872,False,False,212,90,157,61,2,2,fixed_budget
fixed_2,global_qwen2p5_0p5b_math::qwen2p5_0p5b__math_test_00419_dadaee3f__temp0.60__seed7,math_test_00419_dadaee3f,True,True,380,192,386,193,2,2,fixed_budget
fixed_2,global_qwen2p5_0p5b_math::qwen2p5_0p5b__math_test_00420_ecd5f88d__temp0.60__seed7,math_test_00420_ecd5f88d,True,True,197,70,217,99,2,2,fixed_budget
fixed_2,global_qwen2p5_0p5b_math::qwen2p5_0p5b__math_test_00421_c2187615__temp0.60__seed7,math_test_00421_c2187615,False,False,363,240,231,107,2,2,fixed_budget
fixed_2,global_qwen2p5_0p5b_math::qwen2p5_0p5b__math_test_00422_fec8190b__temp0.60__seed7,math_test_00422_fec8190b,False,False,516,251,428,184,2,2,fixed_budget
fixed_2,global_qwen2p5_0p5b_math::qwen2p5_0p5b__math_test_00423_19a18675__temp0.60__seed7,math_test_00423_19a18675,False,False,1095,512,820,467,2,2,fixed_budget
fixed_2,global_qwen2p5_0p5b_math::qwen2p5_0p5b__math_test_00424_4db9759a__temp0.60__seed7,math_test_00424_4db9759a,False,False,251,99,196,64,2,2,fixed_budget
fixed_2,global_qwen2p5_0p5b_math::qwen2p5_0p5b__math_test_00425_88cd35aa__temp0.60__seed7,math_test_00425_88cd35aa,False,False,235,66,296,128,2,2,fixed_budget
fixed_2,global_qwen2p5_0p5b_math::qwen2p5_0p5b__math_test_00426_206b8557__temp0.60__seed7,math_test_00426_206b8557,False,False,210,92,213,94,2,2,fixed_budget
fixed_2,global_qwen2p5_0p5b_math::qwen2p5_0p5b__math_test_00427_f158b2bb__temp0.60__seed7,math_test_00427_f158b2bb,False,False,208,57,221,64,2,2,fixed_budget
fixed_2,global_qwen2p5_0p5b_math::qwen2p5_0p5b__math_test_00428_ecc1932f__temp0.60__seed7,math_test_00428_ecc1932f,False,False,943,512,903,271,2,2,fixed_budget
fixed_2,global_qwen2p5_0p5b_math::qwen2p5_0p5b__math_test_00429_0ed0c936__temp0.60__seed7,math_test_00429_0ed0c936,False,False,160,86,288,175,2,2,fixed_budget
fixed_2,global_qwen2p5_0p5b_math::qwen2p5_0p5b__math_test_00430_28f71d47__temp0.60__seed7,math_test_00430_28f71d47,False,False,248,112,319,172,2,2,fixed_budget
fixed_2,global_qwen2p5_0p5b_math::qwen2p5_0p5b__math_test_00431_a332c76b__temp0.60__seed7,math_test_00431_a332c76b,False,False,885,451,698,173,2,2,fixed_budget
fixed_2,global_qwen2p5_0p5b_math::qwen2p5_0p5b__math_test_00432_f6edb398__temp0.60__seed7,math_test_00432_f6edb398,False,False,255,106,259,115,2,2,fixed_budget
fixed_2,global_qwen2p5_0p5b_math::qwen2p5_0p5b__math_test_00433_25f606a1__temp0.60__seed7,math_test_00433_25f606a1,False,False,225,44,184,43,2,2,fixed_budget
fixed_2,global_qwen2p5_0p5b_math::qwen2p5_0p5b__math_test_00434_ad11ec3c__temp0.60__seed7,math_test_00434_ad11ec3c,False,False,192,76,208,91,2,2,fixed_budget
fixed_2,global_qwen2p5_0p5b_math::qwen2p5_0p5b__math_test_00435_c222bfff__temp0.60__seed7,math_test_00435_c222bfff,True,False,152,47,189,88,2,2,fixed_budget
fixed_2,global_qwen2p5_0p5b_math::qwen2p5_0p5b__math_test_00436_c183974b__temp0.60__seed7,math_test_00436_c183974b,False,False,593,390,442,165,2,2,fixed_budget
fixed_2,global_qwen2p5_0p5b_math::qwen2p5_0p5b__math_test_00437_07c4cf7f__temp0.60__seed7,math_test_00437_07c4cf7f,False,False,437,139,426,145,2,2,fixed_budget
fixed_2,global_qwen2p5_0p5b_math::qwen2p5_0p5b__math_test_00438_ea332f2c__temp0.60__seed7,math_test_00438_ea332f2c,False,False,254,95,308,70,2,2,fixed_budget
fixed_2,global_qwen2p5_0p5b_math::qwen2p5_0p5b__math_test_00439_fe7d8b6b__temp0.60__seed7,math_test_00439_fe7d8b6b,False,False,195,81,191,87,2,2,fixed_budget
fixed_2,global_qwen2p5_0p5b_math::qwen2p5_0p5b__math_test_00440_941bd991__temp0.60__seed7,math_test_00440_941bd991,False,False,246,122,264,119,2,2,fixed_budget
fixed_2,global_qwen2p5_0p5b_math::qwen2p5_0p5b__math_test_00441_d2f5328b__temp0.60__seed7,math_test_00441_d2f5328b,False,False,490,338,674,512,2,2,fixed_budget
fixed_2,global_qwen2p5_0p5b_math::qwen2p5_0p5b__math_test_00442_2d9f4473__temp0.60__seed7,math_test_00442_2d9f4473,False,False,112,33,353,184,2,2,fixed_budget
fixed_2,global_qwen2p5_0p5b_math::qwen2p5_0p5b__math_test_00443_e86eb3e6__temp0.60__seed7,math_test_00443_e86eb3e6,False,False,511,300,326,141,2,2,fixed_budget
fixed_2,global_qwen2p5_0p5b_math::qwen2p5_0p5b__math_test_00444_8230401f__temp0.60__seed7,math_test_00444_8230401f,False,False,234,72,305,131,2,2,fixed_budget
fixed_2,global_qwen2p5_0p5b_math::qwen2p5_0p5b__math_test_00445_295567c6__temp0.60__seed7,math_test_00445_295567c6,False,False,333,166,337,157,2,2,fixed_budget
fixed_2,global_qwen2p5_0p5b_math::qwen2p5_0p5b__math_test_00446_54f3a4b2__temp0.60__seed7,math_test_00446_54f3a4b2,False,False,243,104,304,177,2,2,fixed_budget
fixed_2,global_qwen2p5_0p5b_math::qwen2p5_0p5b__math_test_00447_716decc2__temp0.60__seed7,math_test_00447_716decc2,False,False,233,132,189,73,2,2,fixed_budget
fixed_2,global_qwen2p5_0p5b_math::qwen2p5_0p5b__math_test_00448_7dbbd02d__temp0.60__seed7,math_test_00448_7dbbd02d,False,False,224,122,138,63,2,2,fixed_budget
fixed_2,global_qwen2p5_0p5b_math::qwen2p5_0p5b__math_test_00449_2f12a8b9__temp0.60__seed7,math_test_00449_2f12a8b9,False,False,338,118,361,110,2,2,fixed_budget
fixed_2,global_qwen2p5_0p5b_math::qwen2p5_0p5b__math_test_00450_2fb65375__temp0.60__seed7,math_test_00450_2fb65375,False,False,542,407,274,163,2,2,fixed_budget
fixed_2,global_qwen2p5_0p5b_math::qwen2p5_0p5b__math_test_00451_daefed59__temp0.60__seed7,math_test_00451_daefed59,False,False,644,478,305,187,2,2,fixed_budget
fixed_2,global_qwen2p5_0p5b_math::qwen2p5_0p5b__math_test_00452_0a6f0014__temp0.60__seed7,math_test_00452_0a6f0014,False,False,219,90,269,145,2,2,fixed_budget
fixed_2,global_qwen2p5_0p5b_math::qwen2p5_0p5b__math_test_00453_e4690c39__temp0.60__seed7,math_test_00453_e4690c39,False,False,194,164,253,217,2,2,fixed_budget
fixed_2,global_qwen2p5_0p5b_math::qwen2p5_0p5b__math_test_00454_393f3656__temp0.60__seed7,math_test_00454_393f3656,False,False,234,76,260,98,2,2,fixed_budget
fixed_2,global_qwen2p5_0p5b_math::qwen2p5_0p5b__math_test_00455_23844847__temp0.60__seed7,math_test_00455_23844847,False,False,272,143,167,45,2,2,fixed_budget
fixed_2,global_qwen2p5_0p5b_math::qwen2p5_0p5b__math_test_00456_e4200fbf__temp0.60__seed7,math_test_00456_e4200fbf,False,False,470,214,332,116,2,2,fixed_budget
fixed_2,global_qwen2p5_0p5b_math::qwen2p5_0p5b__math_test_00457_5330f4b3__temp0.60__seed7,math_test_00457_5330f4b3,False,False,439,182,599,265,2,2,fixed_budget
fixed_2,global_qwen2p5_0p5b_math::qwen2p5_0p5b__math_test_00458_4085c1eb__temp0.60__seed7,math_test_00458_4085c1eb,False,False,191,68,475,317,2,2,fixed_budget
fixed_2,global_qwen2p5_0p5b_math::qwen2p5_0p5b__math_test_00459_3b21e715__temp0.60__seed7,math_test_00459_3b21e715,False,False,305,85,471,138,2,2,fixed_budget
fixed_2,global_qwen2p5_0p5b_math::qwen2p5_0p5b__math_test_00460_7d063370__temp0.60__seed7,math_test_00460_7d063370,False,False,185,163,260,257,2,2,fixed_budget
fixed_2,global_qwen2p5_0p5b_math::qwen2p5_0p5b__math_test_00461_5e43f1cd__temp0.60__seed7,math_test_00461_5e43f1cd,False,False,182,74,206,91,2,2,fixed_budget
fixed_2,global_qwen2p5_0p5b_math::qwen2p5_0p5b__math_test_00462_dd3cfaa0__temp0.60__seed7,math_test_00462_dd3cfaa0,False,False,255,66,446,288,2,2,fixed_budget
fixed_2,global_qwen2p5_0p5b_math::qwen2p5_0p5b__math_test_00463_bc52d545__temp0.60__seed7,math_test_00463_bc52d545,False,False,248,106,279,114,2,2,fixed_budget
fixed_2,global_qwen2p5_0p5b_math::qwen2p5_0p5b__math_test_00464_979fe366__temp0.60__seed7,math_test_00464_979fe366,False,False,408,142,597,97,2,2,fixed_budget
fixed_2,global_qwen2p5_0p5b_math::qwen2p5_0p5b__math_test_00465_240ca4d8__temp0.60__seed7,math_test_00465_240ca4d8,False,False,183,104,129,50,2,2,fixed_budget
fixed_2,global_qwen2p5_0p5b_math::qwen2p5_0p5b__math_test_00466_b3ac660a__temp0.60__seed7,math_test_00466_b3ac660a,False,False,425,150,310,197,2,2,fixed_budget
fixed_2,global_qwen2p5_0p5b_math::qwen2p5_0p5b__math_test_00467_eaadd0bc__temp0.60__seed7,math_test_00467_eaadd0bc,False,False,402,174,376,153,2,2,fixed_budget
fixed_2,global_qwen2p5_0p5b_math::qwen2p5_0p5b__math_test_00468_67c8ff7f__temp0.60__seed7,math_test_00468_67c8ff7f,False,False,380,132,197,4,2,2,fixed_budget
fixed_2,global_qwen2p5_0p5b_math::qwen2p5_0p5b__math_test_00469_bfdb0295__temp0.60__seed7,math_test_00469_bfdb0295,False,False,433,205,313,251,2,2,fixed_budget
fixed_2,global_qwen2p5_0p5b_math::qwen2p5_0p5b__math_test_00470_5db3c51e__temp0.60__seed7,math_test_00470_5db3c51e,False,False,370,216,297,4,2,2,fixed_budget
fixed_2,global_qwen2p5_0p5b_math::qwen2p5_0p5b__math_test_00471_3d41e63d__temp0.60__seed7,math_test_00471_3d41e63d,False,False,172,45,406,182,2,2,fixed_budget
fixed_2,global_qwen2p5_0p5b_math::qwen2p5_0p5b__math_test_00472_4acb3f94__temp0.60__seed7,math_test_00472_4acb3f94,False,False,286,122,341,75,2,2,fixed_budget
fixed_2,global_qwen2p5_0p5b_math::qwen2p5_0p5b__math_test_00473_e294330c__temp0.60__seed7,math_test_00473_e294330c,False,False,490,231,353,283,2,2,fixed_budget
fixed_2,global_qwen2p5_0p5b_math::qwen2p5_0p5b__math_test_00474_e8b47eda__temp0.60__seed7,math_test_00474_e8b47eda,False,False,221,93,248,126,2,2,fixed_budget
fixed_2,global_qwen2p5_0p5b_math::qwen2p5_0p5b__math_test_00475_f189eb4d__temp0.60__seed7,math_test_00475_f189eb4d,False,False,434,257,538,193,2,2,fixed_budget
fixed_2,global_qwen2p5_0p5b_math::qwen2p5_0p5b__math_test_00476_1c3d9d93__temp0.60__seed7,math_test_00476_1c3d9d93,False,False,441,289,322,146,2,2,fixed_budget
fixed_2,global_qwen2p5_0p5b_math::qwen2p5_0p5b__math_test_00477_9c19e671__temp0.60__seed7,math_test_00477_9c19e671,False,False,227,132,152,82,2,2,fixed_budget
fixed_2,global_qwen2p5_0p5b_math::qwen2p5_0p5b__math_test_00478_bde3ec32__temp0.60__seed7,math_test_00478_bde3ec32,False,False,362,187,449,264,2,2,fixed_budget
fixed_2,global_qwen2p5_0p5b_math::qwen2p5_0p5b__math_test_00479_aea5556d__temp0.60__seed7,math_test_00479_aea5556d,False,False,468,258,687,477,2,2,fixed_budget
fixed_2,global_qwen2p5_0p5b_math::qwen2p5_0p5b__math_test_00480_fb9447b2__temp0.60__seed7,math_test_00480_fb9447b2,False,False,178,55,518,389,2,2,fixed_budget
fixed_2,global_qwen2p5_0p5b_math::qwen2p5_0p5b__math_test_00481_47b01624__temp0.60__seed7,math_test_00481_47b01624,False,False,468,348,410,126,2,2,fixed_budget
fixed_2,global_qwen2p5_0p5b_math::qwen2p5_0p5b__math_test_00482_84ec0b89__temp0.60__seed7,math_test_00482_84ec0b89,False,False,394,165,395,192,2,2,fixed_budget
fixed_2,global_qwen2p5_0p5b_math::qwen2p5_0p5b__math_test_00483_053f5644__temp0.60__seed7,math_test_00483_053f5644,True,False,214,144,204,81,2,2,fixed_budget
fixed_2,global_qwen2p5_0p5b_math::qwen2p5_0p5b__math_test_00484_f2cd6be7__temp0.60__seed7,math_test_00484_f2cd6be7,False,False,741,337,579,319,2,2,fixed_budget
fixed_2,global_qwen2p5_0p5b_math::qwen2p5_0p5b__math_test_00485_25a9bc12__temp0.60__seed7,math_test_00485_25a9bc12,False,False,329,168,346,180,2,2,fixed_budget
fixed_2,global_qwen2p5_0p5b_math::qwen2p5_0p5b__math_test_00486_11e9a1ba__temp0.60__seed7,math_test_00486_11e9a1ba,False,False,184,57,269,158,2,2,fixed_budget
fixed_2,global_qwen2p5_0p5b_math::qwen2p5_0p5b__math_test_00487_f5dafb4d__temp0.60__seed7,math_test_00487_f5dafb4d,False,False,175,76,205,97,2,2,fixed_budget
fixed_2,global_qwen2p5_0p5b_math::qwen2p5_0p5b__math_test_00488_9e69b5fd__temp0.60__seed7,math_test_00488_9e69b5fd,False,False,278,147,339,123,2,2,fixed_budget
fixed_2,global_qwen2p5_0p5b_math::qwen2p5_0p5b__math_test_00489_873b5ba3__temp0.60__seed7,math_test_00489_873b5ba3,False,False,491,300,334,82,2,2,fixed_budget
fixed_2,global_qwen2p5_0p5b_math::qwen2p5_0p5b__math_test_00490_548caf2b__temp0.60__seed7,math_test_00490_548caf2b,True,False,416,184,612,395,2,2,fixed_budget
fixed_2,global_qwen2p5_0p5b_math::qwen2p5_0p5b__math_test_00491_323b91c4__temp0.60__seed7,math_test_00491_323b91c4,False,False,264,114,254,100,2,2,fixed_budget
fixed_2,global_qwen2p5_0p5b_math::qwen2p5_0p5b__math_test_00492_c9945122__temp0.60__seed7,math_test_00492_c9945122,False,False,317,98,472,277,2,2,fixed_budget
fixed_2,global_qwen2p5_0p5b_math::qwen2p5_0p5b__math_test_00493_3f0c6e0c__temp0.60__seed7,math_test_00493_3f0c6e0c,False,False,268,109,407,218,2,2,fixed_budget
fixed_2,global_qwen2p5_0p5b_math::qwen2p5_0p5b__math_test_00494_b8d8e1ef__temp0.60__seed7,math_test_00494_b8d8e1ef,False,False,221,73,294,154,2,2,fixed_budget
fixed_2,global_qwen2p5_0p5b_math::qwen2p5_0p5b__math_test_00495_63ae400e__temp0.60__seed7,math_test_00495_63ae400e,False,False,249,90,363,202,2,2,fixed_budget
fixed_2,global_qwen2p5_0p5b_math::qwen2p5_0p5b__math_test_00496_401665a3__temp0.60__seed7,math_test_00496_401665a3,False,False,331,129,200,55,2,2,fixed_budget
fixed_2,global_qwen2p5_0p5b_math::qwen2p5_0p5b__math_test_00497_8d507426__temp0.60__seed7,math_test_00497_8d507426,False,False,432,291,279,120,2,2,fixed_budget
fixed_2,global_qwen2p5_0p5b_math::qwen2p5_0p5b__math_test_00498_743e3572__temp0.60__seed7,math_test_00498_743e3572,False,False,561,332,320,83,2,2,fixed_budget
fixed_2,global_qwen2p5_0p5b_math::qwen2p5_0p5b__math_test_00499_c3a514a9__temp0.60__seed7,math_test_00499_c3a514a9,False,False,235,93,204,89,2,2,fixed_budget
