run_id,brier,auc,n,scope
deepseek_r1_distill_1p5b__arc_test_00000_398537ec__temp0.10__seed7,0.248695759680448,0.625,8,per_run_oof
deepseek_r1_distill_1p5b__arc_test_00000_398537ec__temp0.60__seed7,0.2187702149106322,0.75,8,per_run_oof
deepseek_r1_distill_1p5b__arc_test_00000_398537ec__temp1.00__seed7,0.23198467522573263,0.875,8,per_run_oof
deepseek_r1_distill_1p5b__arc_test_00001_d4bf1bf9__temp0.10__seed7,0.24096381576051132,0.7142857142857143,8,per_run_oof
deepseek_r1_distill_1p5b__arc_test_00001_d4bf1bf9__temp0.60__seed7,0.2515365842452161,0.5,8,per_run_oof
deepseek_r1_distill_1p5b__arc_test_00001_d4bf1bf9__temp1.00__seed7,0.23818913037254402,0.2857142857142857,8,per_run_oof
deepseek_r1_distill_1p5b__arc_test_00002_eef48f5d__temp0.10__seed7,0.22167897623309415,,8,per_run_oof
deepseek_r1_distill_1p5b__arc_test_00002_eef48f5d__temp0.60__seed7,0.21414686713659406,,8,per_run_oof
deepseek_r1_distill_1p5b__arc_test_00002_eef48f5d__temp1.00__seed7,0.21557982214564825,0.8571428571428572,8,per_run_oof
deepseek_r1_distill_1p5b__arc_test_00003_c16c54fb__temp0.10__seed7,0.2628623227259384,0.39999999999999997,8,per_run_oof
deepseek_r1_distill_1p5b__arc_test_00003_c16c54fb__temp0.60__seed7,0.28215276412270196,,8,per_run_oof
deepseek_r1_distill_1p5b__arc_test_00003_c16c54fb__temp1.00__seed7,0.3043914751506117,,8,per_run_oof
deepseek_r1_distill_1p5b__arc_test_00004_89613a4b__temp0.10__seed7,0.39806912113138737,,8,per_run_oof
deepseek_r1_distill_1p5b__arc_test_00004_89613a4b__temp0.60__seed7,0.23717991826524382,0.3333333333333333,8,per_run_oof
deepseek_r1_distill_1p5b__arc_test_00004_89613a4b__temp1.00__seed7,0.2171704637835039,0.8125,8,per_run_oof
deepseek_r1_distill_1p5b__arc_test_00005_2943784f__temp0.10__seed7,0.2216884526636596,0.8333333333333333,8,per_run_oof
deepseek_r1_distill_1p5b__arc_test_00005_2943784f__temp0.60__seed7,0.23160151265673176,0.75,8,per_run_oof
deepseek_r1_distill_1p5b__arc_test_00005_2943784f__temp1.00__seed7,0.22348130176566977,0.9166666666666667,8,per_run_oof
deepseek_r1_distill_1p5b__arc_test_00006_73fea8aa__temp0.10__seed7,0.22805176728632717,0.8571428571428571,8,per_run_oof
deepseek_r1_distill_1p5b__arc_test_00006_73fea8aa__temp0.60__seed7,0.2293595566161796,1.0,8,per_run_oof
deepseek_r1_distill_1p5b__arc_test_00006_73fea8aa__temp1.00__seed7,0.23788254391756802,0.8333333333333334,8,per_run_oof
deepseek_r1_distill_1p5b__arc_test_00007_55ae159f__temp0.10__seed7,0.23561664544161337,0.8571428571428571,8,per_run_oof
deepseek_r1_distill_1p5b__arc_test_00007_55ae159f__temp0.60__seed7,0.24487047698348308,1.0,8,per_run_oof
deepseek_r1_distill_1p5b__arc_test_00007_55ae159f__temp1.00__seed7,0.23760754158864184,0.9333333333333333,8,per_run_oof
deepseek_r1_distill_1p5b__arc_test_00008_3926edfe__temp0.10__seed7,0.275348235559585,0.0,8,per_run_oof
deepseek_r1_distill_1p5b__arc_test_00008_3926edfe__temp0.60__seed7,0.30820807976218656,,8,per_run_oof
deepseek_r1_distill_1p5b__arc_test_00008_3926edfe__temp1.00__seed7,0.29449579870285886,,8,per_run_oof
deepseek_r1_distill_1p5b__arc_test_00009_0cb3f159__temp0.10__seed7,0.4123513543688592,,8,per_run_oof
deepseek_r1_distill_1p5b__arc_test_00009_0cb3f159__temp0.60__seed7,0.24356965798491523,0.8333333333333333,8,per_run_oof
deepseek_r1_distill_1p5b__arc_test_00009_0cb3f159__temp1.00__seed7,0.2507408854064114,,8,per_run_oof
deepseek_r1_distill_1p5b__arc_test_00010_38aa3c95__temp0.10__seed7,0.2554272983243034,0.5333333333333333,8,per_run_oof
deepseek_r1_distill_1p5b__arc_test_00010_38aa3c95__temp0.60__seed7,0.21374284735416021,0.8571428571428571,8,per_run_oof
deepseek_r1_distill_1p5b__arc_test_00010_38aa3c95__temp1.00__seed7,0.21904878314329107,,8,per_run_oof
deepseek_r1_distill_1p5b__arc_test_00011_0a8e7a55__temp0.10__seed7,0.2639175486901518,0.5833333333333333,8,per_run_oof
deepseek_r1_distill_1p5b__arc_test_00011_0a8e7a55__temp0.60__seed7,0.23921312120077554,,8,per_run_oof
deepseek_r1_distill_1p5b__arc_test_00011_0a8e7a55__temp1.00__seed7,0.22835901468510644,,8,per_run_oof
deepseek_r1_distill_1p5b__arc_test_00012_90d98cc0__temp0.10__seed7,0.2505111041376167,,8,per_run_oof
deepseek_r1_distill_1p5b__arc_test_00012_90d98cc0__temp0.60__seed7,0.2745721799827091,,8,per_run_oof
deepseek_r1_distill_1p5b__arc_test_00012_90d98cc0__temp1.00__seed7,0.2673685240064058,,8,per_run_oof
deepseek_r1_distill_1p5b__arc_test_00013_6647a8fe__temp0.10__seed7,0.252252795794928,,8,per_run_oof
deepseek_r1_distill_1p5b__arc_test_00013_6647a8fe__temp0.60__seed7,0.30213171353847207,,8,per_run_oof
deepseek_r1_distill_1p5b__arc_test_00013_6647a8fe__temp1.00__seed7,0.23973149503554525,0.625,8,per_run_oof
deepseek_r1_distill_1p5b__arc_test_00014_7f872561__temp0.10__seed7,0.25868480078444145,,8,per_run_oof
deepseek_r1_distill_1p5b__arc_test_00014_7f872561__temp0.60__seed7,0.2434638890282657,0.1428571428571429,8,per_run_oof
deepseek_r1_distill_1p5b__arc_test_00014_7f872561__temp1.00__seed7,0.25427678169427137,,8,per_run_oof
deepseek_r1_distill_1p5b__arc_test_00015_495befc7__temp0.10__seed7,0.2131467266623486,1.0,8,per_run_oof
deepseek_r1_distill_1p5b__arc_test_00015_495befc7__temp0.60__seed7,0.21849327438900717,0.5833333333333334,8,per_run_oof
deepseek_r1_distill_1p5b__arc_test_00015_495befc7__temp1.00__seed7,0.21866755041789324,0.6666666666666667,8,per_run_oof
deepseek_r1_distill_1p5b__arc_test_00016_75d83e3f__temp0.10__seed7,0.2465253670640765,0.6666666666666667,8,per_run_oof
deepseek_r1_distill_1p5b__arc_test_00016_75d83e3f__temp0.60__seed7,0.24198338456093627,0.75,8,per_run_oof
deepseek_r1_distill_1p5b__arc_test_00016_75d83e3f__temp1.00__seed7,0.23108058416410868,0.9333333333333333,8,per_run_oof
deepseek_r1_distill_1p5b__arc_test_00017_dac51f3a__temp0.10__seed7,0.2247805303405488,,8,per_run_oof
deepseek_r1_distill_1p5b__arc_test_00017_dac51f3a__temp0.60__seed7,0.2396287486954719,,8,per_run_oof
deepseek_r1_distill_1p5b__arc_test_00017_dac51f3a__temp1.00__seed7,0.26098351164297834,0.08333333333333331,8,per_run_oof
deepseek_r1_distill_1p5b__arc_test_00018_9925db26__temp0.10__seed7,0.26308928433164,0.1428571428571429,8,per_run_oof
deepseek_r1_distill_1p5b__arc_test_00018_9925db26__temp0.60__seed7,0.28555936623730166,,8,per_run_oof
deepseek_r1_distill_1p5b__arc_test_00018_9925db26__temp1.00__seed7,0.19853428129211576,1.0,8,per_run_oof
deepseek_r1_distill_1p5b__arc_test_00019_1a50b7f7__temp0.10__seed7,0.24851667863967924,0.6666666666666667,8,per_run_oof
deepseek_r1_distill_1p5b__arc_test_00019_1a50b7f7__temp0.60__seed7,0.2558668170970037,0.19999999999999998,8,per_run_oof
deepseek_r1_distill_1p5b__arc_test_00019_1a50b7f7__temp1.00__seed7,0.22969995252123637,0.7333333333333334,8,per_run_oof
deepseek_r1_distill_1p5b__arc_test_00020_d3e511bf__temp0.10__seed7,0.3004855165213726,,8,per_run_oof
deepseek_r1_distill_1p5b__arc_test_00020_d3e511bf__temp0.60__seed7,0.2555815085886247,0.5,8,per_run_oof
deepseek_r1_distill_1p5b__arc_test_00020_d3e511bf__temp1.00__seed7,0.25075863029916023,0.1428571428571429,8,per_run_oof
deepseek_r1_distill_1p5b__arc_test_00021_ce0d3229__temp0.10__seed7,0.25009308447661993,0.6666666666666667,8,per_run_oof
deepseek_r1_distill_1p5b__arc_test_00021_ce0d3229__temp0.60__seed7,0.25701926848198875,,8,per_run_oof
deepseek_r1_distill_1p5b__arc_test_00021_ce0d3229__temp1.00__seed7,0.28176952583912585,0.6666666666666667,8,per_run_oof
deepseek_r1_distill_1p5b__arc_test_00022_51e7e2c1__temp0.10__seed7,0.24021571708632472,0.4285714285714286,8,per_run_oof
deepseek_r1_distill_1p5b__arc_test_00022_51e7e2c1__temp0.60__seed7,0.2527398869115124,,8,per_run_oof
deepseek_r1_distill_1p5b__arc_test_00022_51e7e2c1__temp1.00__seed7,0.25476031234740104,0.25,8,per_run_oof
deepseek_r1_distill_1p5b__arc_test_00023_56ce0db0__temp0.10__seed7,0.3077503192195921,,8,per_run_oof
deepseek_r1_distill_1p5b__arc_test_00023_56ce0db0__temp0.60__seed7,0.27559441113038785,0.1428571428571429,8,per_run_oof
deepseek_r1_distill_1p5b__arc_test_00023_56ce0db0__temp1.00__seed7,0.2133126011619016,0.8,8,per_run_oof
deepseek_r1_distill_1p5b__arc_test_00024_75e3f15b__temp0.10__seed7,0.24620232421083613,0.5625,8,per_run_oof
deepseek_r1_distill_1p5b__arc_test_00024_75e3f15b__temp0.60__seed7,0.2320165746890094,0.8125,8,per_run_oof
deepseek_r1_distill_1p5b__arc_test_00024_75e3f15b__temp1.00__seed7,0.24390788400557012,0.625,8,per_run_oof
deepseek_r1_distill_1p5b__arc_test_00025_aa1dfcf3__temp0.10__seed7,0.21851322879145926,,8,per_run_oof
deepseek_r1_distill_1p5b__arc_test_00025_aa1dfcf3__temp0.60__seed7,0.23244249755414947,0.2857142857142857,8,per_run_oof
deepseek_r1_distill_1p5b__arc_test_00025_aa1dfcf3__temp1.00__seed7,0.2235699777265971,,8,per_run_oof
deepseek_r1_distill_1p5b__arc_test_00026_653ac6a4__temp0.10__seed7,0.2681337525622546,0.1428571428571429,8,per_run_oof
deepseek_r1_distill_1p5b__arc_test_00026_653ac6a4__temp0.60__seed7,0.2488525923971518,0.75,8,per_run_oof
deepseek_r1_distill_1p5b__arc_test_00026_653ac6a4__temp1.00__seed7,0.2539997794042327,0.4166666666666667,8,per_run_oof
deepseek_r1_distill_1p5b__arc_test_00027_4de7cd96__temp0.10__seed7,0.23092487927119948,0.6666666666666667,8,per_run_oof
deepseek_r1_distill_1p5b__arc_test_00027_4de7cd96__temp0.60__seed7,0.21329663292241585,,8,per_run_oof
deepseek_r1_distill_1p5b__arc_test_00027_4de7cd96__temp1.00__seed7,0.24361547633305514,0.4375,8,per_run_oof
deepseek_r1_distill_1p5b__arc_test_00028_de472a7b__temp0.10__seed7,0.26415105685760754,,8,per_run_oof
deepseek_r1_distill_1p5b__arc_test_00028_de472a7b__temp0.60__seed7,0.42374994594184723,,8,per_run_oof
deepseek_r1_distill_1p5b__arc_test_00028_de472a7b__temp1.00__seed7,0.2732545922538143,,8,per_run_oof
deepseek_r1_distill_1p5b__arc_test_00029_9ab7fc82__temp0.10__seed7,0.26672085126909434,0.16666666666666669,8,per_run_oof
deepseek_r1_distill_1p5b__arc_test_00029_9ab7fc82__temp0.60__seed7,0.2593027140661628,0.41666666666666663,8,per_run_oof
deepseek_r1_distill_1p5b__arc_test_00029_9ab7fc82__temp1.00__seed7,0.25249798857958017,0.7142857142857143,8,per_run_oof
deepseek_r1_distill_1p5b__arc_test_00030_1a7be7be__temp0.10__seed7,0.3090114699488825,0.1428571428571429,8,per_run_oof
deepseek_r1_distill_1p5b__arc_test_00030_1a7be7be__temp0.60__seed7,0.24671913315681257,0.4666666666666666,8,per_run_oof
deepseek_r1_distill_1p5b__arc_test_00030_1a7be7be__temp1.00__seed7,0.23689250176752252,,8,per_run_oof
deepseek_r1_distill_1p5b__arc_test_00031_16af4104__temp0.10__seed7,0.2558630470045469,0.19999999999999998,8,per_run_oof
deepseek_r1_distill_1p5b__arc_test_00031_16af4104__temp0.60__seed7,0.2271411077977909,0.7333333333333333,8,per_run_oof
deepseek_r1_distill_1p5b__arc_test_00031_16af4104__temp1.00__seed7,0.296103955178433,0.39999999999999997,8,per_run_oof
deepseek_r1_distill_1p5b__arc_test_00032_d2b2ae1f__temp0.10__seed7,0.25140967083082066,0.0,8,per_run_oof
deepseek_r1_distill_1p5b__arc_test_00032_d2b2ae1f__temp0.60__seed7,0.23995690654177443,,8,per_run_oof
deepseek_r1_distill_1p5b__arc_test_00032_d2b2ae1f__temp1.00__seed7,0.23611694731492616,,8,per_run_oof
deepseek_r1_distill_1p5b__arc_test_00033_936f56a6__temp0.10__seed7,0.2891421196198533,0.0,8,per_run_oof
deepseek_r1_distill_1p5b__arc_test_00033_936f56a6__temp0.60__seed7,0.2329225333037018,,8,per_run_oof
deepseek_r1_distill_1p5b__arc_test_00033_936f56a6__temp1.00__seed7,0.288594949019163,,8,per_run_oof
deepseek_r1_distill_1p5b__arc_test_00034_485f96ab__temp0.10__seed7,0.22877993615832448,0.7142857142857143,8,per_run_oof
deepseek_r1_distill_1p5b__arc_test_00034_485f96ab__temp0.60__seed7,0.2406872651909234,,8,per_run_oof
deepseek_r1_distill_1p5b__arc_test_00034_485f96ab__temp1.00__seed7,0.2644986348959575,,8,per_run_oof
deepseek_r1_distill_1p5b__arc_test_00035_aad2d50d__temp0.10__seed7,0.2193030511693876,,8,per_run_oof
deepseek_r1_distill_1p5b__arc_test_00035_aad2d50d__temp0.60__seed7,0.22364958802868828,,8,per_run_oof
deepseek_r1_distill_1p5b__arc_test_00035_aad2d50d__temp1.00__seed7,0.23399133137906164,0.8571428571428571,8,per_run_oof
deepseek_r1_distill_1p5b__arc_test_00036_99d6267d__temp0.10__seed7,0.23661673181294435,,8,per_run_oof
deepseek_r1_distill_1p5b__arc_test_00036_99d6267d__temp0.60__seed7,0.24705251519172258,,8,per_run_oof
deepseek_r1_distill_1p5b__arc_test_00036_99d6267d__temp1.00__seed7,0.20655791588395897,,8,per_run_oof
deepseek_r1_distill_1p5b__arc_test_00037_10f2fddf__temp0.10__seed7,0.24369474505706878,,8,per_run_oof
deepseek_r1_distill_1p5b__arc_test_00037_10f2fddf__temp0.60__seed7,0.26802615585622336,,8,per_run_oof
deepseek_r1_distill_1p5b__arc_test_00037_10f2fddf__temp1.00__seed7,0.26355415648157376,,8,per_run_oof
deepseek_r1_distill_1p5b__arc_test_00038_715b0bef__temp0.10__seed7,0.250398312201673,0.2857142857142857,8,per_run_oof
deepseek_r1_distill_1p5b__arc_test_00038_715b0bef__temp0.60__seed7,0.2535186661078358,0.5833333333333334,8,per_run_oof
deepseek_r1_distill_1p5b__arc_test_00038_715b0bef__temp1.00__seed7,0.2657427507757532,0.16666666666666663,8,per_run_oof
deepseek_r1_distill_1p5b__arc_test_00039_3e277a72__temp0.10__seed7,0.27525974256776387,,8,per_run_oof
deepseek_r1_distill_1p5b__arc_test_00039_3e277a72__temp0.60__seed7,0.206250025029199,0.5714285714285714,8,per_run_oof
deepseek_r1_distill_1p5b__arc_test_00039_3e277a72__temp1.00__seed7,0.3657153801480829,,8,per_run_oof
deepseek_r1_distill_1p5b__arc_test_00040_aeb16c3b__temp0.10__seed7,0.2801532489965788,,8,per_run_oof
deepseek_r1_distill_1p5b__arc_test_00040_aeb16c3b__temp0.60__seed7,0.27654323095619077,,8,per_run_oof
deepseek_r1_distill_1p5b__arc_test_00040_aeb16c3b__temp1.00__seed7,0.2717856968839759,,8,per_run_oof
deepseek_r1_distill_1p5b__arc_test_00041_57e4090f__temp0.10__seed7,0.25720386319760447,0.375,8,per_run_oof
deepseek_r1_distill_1p5b__arc_test_00041_57e4090f__temp0.60__seed7,0.27077612478227964,0.3333333333333333,8,per_run_oof
deepseek_r1_distill_1p5b__arc_test_00041_57e4090f__temp1.00__seed7,0.2748585891506009,0.39999999999999997,8,per_run_oof
deepseek_r1_distill_1p5b__arc_test_00042_eaad77d4__temp0.10__seed7,0.2510601679197498,0.5625,8,per_run_oof
deepseek_r1_distill_1p5b__arc_test_00042_eaad77d4__temp0.60__seed7,0.2500520834170378,0.5625,8,per_run_oof
deepseek_r1_distill_1p5b__arc_test_00042_eaad77d4__temp1.00__seed7,0.24557434201566386,0.625,8,per_run_oof
deepseek_r1_distill_1p5b__arc_test_00043_90dea090__temp0.10__seed7,0.22707809823209762,,8,per_run_oof
deepseek_r1_distill_1p5b__arc_test_00043_90dea090__temp0.60__seed7,0.23561026573630472,0.33333333333333337,8,per_run_oof
deepseek_r1_distill_1p5b__arc_test_00043_90dea090__temp1.00__seed7,0.2451565086802646,0.4666666666666666,8,per_run_oof
deepseek_r1_distill_1p5b__arc_test_00044_64e186ec__temp0.10__seed7,0.23431505489811333,0.75,8,per_run_oof
deepseek_r1_distill_1p5b__arc_test_00044_64e186ec__temp0.60__seed7,0.21698838137667134,0.9166666666666667,8,per_run_oof
deepseek_r1_distill_1p5b__arc_test_00044_64e186ec__temp1.00__seed7,0.20658616540782782,,8,per_run_oof
deepseek_r1_distill_1p5b__arc_test_00045_a364fb0e__temp0.10__seed7,0.24716834764757475,0.4166666666666667,8,per_run_oof
deepseek_r1_distill_1p5b__arc_test_00045_a364fb0e__temp0.60__seed7,0.2508614900952382,,8,per_run_oof
deepseek_r1_distill_1p5b__arc_test_00045_a364fb0e__temp1.00__seed7,0.2527912004252264,,8,per_run_oof
deepseek_r1_distill_1p5b__arc_test_00046_3eac725f__temp0.10__seed7,0.2261091014359164,0.1428571428571429,8,per_run_oof
deepseek_r1_distill_1p5b__arc_test_00046_3eac725f__temp0.60__seed7,0.23208213137984174,0.7142857142857143,8,per_run_oof
deepseek_r1_distill_1p5b__arc_test_00046_3eac725f__temp1.00__seed7,0.1935460551060614,,8,per_run_oof
deepseek_r1_distill_1p5b__arc_test_00047_e5e078eb__temp0.10__seed7,0.2521505132645509,0.2857142857142857,8,per_run_oof
deepseek_r1_distill_1p5b__arc_test_00047_e5e078eb__temp0.60__seed7,0.24452843195200527,0.5714285714285714,8,per_run_oof
deepseek_r1_distill_1p5b__arc_test_00047_e5e078eb__temp1.00__seed7,0.26360567261441736,,8,per_run_oof
deepseek_r1_distill_1p5b__arc_test_00048_e95d73f4__temp0.10__seed7,0.27697950521349257,0.4285714285714286,8,per_run_oof
deepseek_r1_distill_1p5b__arc_test_00048_e95d73f4__temp0.60__seed7,0.2468888439813518,0.8333333333333334,8,per_run_oof
deepseek_r1_distill_1p5b__arc_test_00048_e95d73f4__temp1.00__seed7,0.2541668591599184,0.6666666666666667,8,per_run_oof
deepseek_r1_distill_1p5b__arc_test_00049_d116647f__temp0.10__seed7,0.2453852682032028,,8,per_run_oof
deepseek_r1_distill_1p5b__arc_test_00049_d116647f__temp0.60__seed7,0.24300452931093194,0.75,8,per_run_oof
deepseek_r1_distill_1p5b__arc_test_00049_d116647f__temp1.00__seed7,0.22451708348549787,0.6666666666666666,8,per_run_oof
deepseek_r1_distill_1p5b__arc_test_00050_b8e70b73__temp0.10__seed7,0.2901294267109057,0.2857142857142857,8,per_run_oof
deepseek_r1_distill_1p5b__arc_test_00050_b8e70b73__temp0.60__seed7,0.2886643840519811,,8,per_run_oof
deepseek_r1_distill_1p5b__arc_test_00050_b8e70b73__temp1.00__seed7,0.2793277229822603,,8,per_run_oof
deepseek_r1_distill_1p5b__arc_test_00051_5eb63cf4__temp0.10__seed7,0.23482755756817394,,8,per_run_oof
deepseek_r1_distill_1p5b__arc_test_00051_5eb63cf4__temp0.60__seed7,0.23949457786284645,0.9333333333333333,8,per_run_oof
deepseek_r1_distill_1p5b__arc_test_00051_5eb63cf4__temp1.00__seed7,0.21765261319248158,0.625,8,per_run_oof
deepseek_r1_distill_1p5b__arc_test_00052_ec5a8597__temp0.10__seed7,0.21884754224569325,0.4285714285714286,8,per_run_oof
deepseek_r1_distill_1p5b__arc_test_00052_ec5a8597__temp0.60__seed7,0.20366272702418708,,8,per_run_oof
deepseek_r1_distill_1p5b__arc_test_00052_ec5a8597__temp1.00__seed7,0.20297145945919848,,8,per_run_oof
deepseek_r1_distill_1p5b__arc_test_00053_c9b0a942__temp0.10__seed7,0.23621067562645723,0.2857142857142857,8,per_run_oof
deepseek_r1_distill_1p5b__arc_test_00053_c9b0a942__temp0.60__seed7,0.2776059382332756,,8,per_run_oof
deepseek_r1_distill_1p5b__arc_test_00053_c9b0a942__temp1.00__seed7,0.26447205132277213,,8,per_run_oof
deepseek_r1_distill_1p5b__arc_test_00054_a5d562be__temp0.10__seed7,0.24429618327614308,0.0,8,per_run_oof
deepseek_r1_distill_1p5b__arc_test_00054_a5d562be__temp0.60__seed7,0.2512548939889469,0.3125,8,per_run_oof
deepseek_r1_distill_1p5b__arc_test_00054_a5d562be__temp1.00__seed7,0.230857101652496,0.5,8,per_run_oof
deepseek_r1_distill_1p5b__arc_test_00055_6b308877__temp0.10__seed7,0.23417955838181076,0.8666666666666667,8,per_run_oof
deepseek_r1_distill_1p5b__arc_test_00055_6b308877__temp0.60__seed7,0.23078116813784572,0.9166666666666667,8,per_run_oof
deepseek_r1_distill_1p5b__arc_test_00055_6b308877__temp1.00__seed7,0.24991478604163886,0.8333333333333333,8,per_run_oof
deepseek_r1_distill_1p5b__arc_test_00056_9af0a219__temp0.10__seed7,0.23615637168728726,0.75,8,per_run_oof
deepseek_r1_distill_1p5b__arc_test_00056_9af0a219__temp0.60__seed7,0.23664229523646138,0.75,8,per_run_oof
deepseek_r1_distill_1p5b__arc_test_00056_9af0a219__temp1.00__seed7,0.2635275970955755,,8,per_run_oof
deepseek_r1_distill_1p5b__arc_test_00057_f156a7fc__temp0.10__seed7,0.22766089035988257,0.2857142857142857,8,per_run_oof
deepseek_r1_distill_1p5b__arc_test_00057_f156a7fc__temp0.60__seed7,0.23425626902940458,0.1428571428571429,8,per_run_oof
deepseek_r1_distill_1p5b__arc_test_00057_f156a7fc__temp1.00__seed7,0.2325204396615923,0.5833333333333333,8,per_run_oof
deepseek_r1_distill_1p5b__arc_test_00058_25585c43__temp0.10__seed7,0.2504657195866775,0.33333333333333326,8,per_run_oof
deepseek_r1_distill_1p5b__arc_test_00058_25585c43__temp0.60__seed7,0.24861951859474135,0.33333333333333337,8,per_run_oof
deepseek_r1_distill_1p5b__arc_test_00058_25585c43__temp1.00__seed7,0.2670504487371105,0.5,8,per_run_oof
deepseek_r1_distill_1p5b__arc_test_00059_9f3bba93__temp0.10__seed7,0.27498158139819673,,8,per_run_oof
deepseek_r1_distill_1p5b__arc_test_00059_9f3bba93__temp0.60__seed7,0.25205692619253833,,8,per_run_oof
deepseek_r1_distill_1p5b__arc_test_00059_9f3bba93__temp1.00__seed7,0.29081486404705603,,8,per_run_oof
deepseek_r1_distill_1p5b__arc_test_00060_27a26900__temp0.10__seed7,0.27237529812402883,0.2857142857142857,8,per_run_oof
deepseek_r1_distill_1p5b__arc_test_00060_27a26900__temp0.60__seed7,0.27042771813478783,0.0,8,per_run_oof
deepseek_r1_distill_1p5b__arc_test_00060_27a26900__temp1.00__seed7,0.3360842715139011,0.5,8,per_run_oof
deepseek_r1_distill_1p5b__arc_test_00061_e952a7cb__temp0.10__seed7,0.2825967040543223,0.4666666666666666,8,per_run_oof
deepseek_r1_distill_1p5b__arc_test_00061_e952a7cb__temp0.60__seed7,0.2423336261880586,0.5,8,per_run_oof
deepseek_r1_distill_1p5b__arc_test_00061_e952a7cb__temp1.00__seed7,0.26336622445228464,0.4,8,per_run_oof
deepseek_r1_distill_1p5b__arc_test_00062_9c6ccfe2__temp0.10__seed7,0.25194777881815167,0.4375,8,per_run_oof
deepseek_r1_distill_1p5b__arc_test_00062_9c6ccfe2__temp0.60__seed7,0.24778078785449537,0.5625,8,per_run_oof
deepseek_r1_distill_1p5b__arc_test_00062_9c6ccfe2__temp1.00__seed7,0.23656639888542036,0.5,8,per_run_oof
deepseek_r1_distill_1p5b__arc_test_00063_0bbf7904__temp0.10__seed7,0.23453688152177685,0.1428571428571429,8,per_run_oof
deepseek_r1_distill_1p5b__arc_test_00063_0bbf7904__temp0.60__seed7,0.2162117477892413,0.2857142857142857,8,per_run_oof
deepseek_r1_distill_1p5b__arc_test_00063_0bbf7904__temp1.00__seed7,0.24666401521703635,0.39999999999999997,8,per_run_oof
deepseek_r1_distill_1p5b__arc_test_00064_30e8911f__temp0.10__seed7,0.22605173819037905,0.5714285714285714,8,per_run_oof
deepseek_r1_distill_1p5b__arc_test_00064_30e8911f__temp0.60__seed7,0.24356062549875448,,8,per_run_oof
deepseek_r1_distill_1p5b__arc_test_00064_30e8911f__temp1.00__seed7,0.2292239813552488,,8,per_run_oof
deepseek_r1_distill_1p5b__arc_test_00065_0c30043d__temp0.10__seed7,0.243102203875126,0.4166666666666667,8,per_run_oof
deepseek_r1_distill_1p5b__arc_test_00065_0c30043d__temp0.60__seed7,0.23138400268896642,,8,per_run_oof
deepseek_r1_distill_1p5b__arc_test_00065_0c30043d__temp1.00__seed7,0.24088524253851784,0.7333333333333334,8,per_run_oof
deepseek_r1_distill_1p5b__arc_test_00066_a4f22ec7__temp0.10__seed7,0.2658054067357152,0.0,8,per_run_oof
deepseek_r1_distill_1p5b__arc_test_00066_a4f22ec7__temp0.60__seed7,0.31283205606208186,,8,per_run_oof
deepseek_r1_distill_1p5b__arc_test_00066_a4f22ec7__temp1.00__seed7,0.22621954923668058,0.6,8,per_run_oof
deepseek_r1_distill_1p5b__arc_test_00067_39a5e863__temp0.10__seed7,0.28532926957738086,,8,per_run_oof
deepseek_r1_distill_1p5b__arc_test_00067_39a5e863__temp0.60__seed7,0.29405742389373735,,8,per_run_oof
deepseek_r1_distill_1p5b__arc_test_00067_39a5e863__temp1.00__seed7,0.27526315573519744,,8,per_run_oof
deepseek_r1_distill_1p5b__arc_test_00068_169f201a__temp0.10__seed7,0.23557347960707162,0.8571428571428571,8,per_run_oof
deepseek_r1_distill_1p5b__arc_test_00068_169f201a__temp0.60__seed7,0.2339997409162049,1.0,8,per_run_oof
deepseek_r1_distill_1p5b__arc_test_00068_169f201a__temp1.00__seed7,0.23357920569949395,0.8,8,per_run_oof
deepseek_r1_distill_1p5b__arc_test_00069_c44c4bd5__temp0.10__seed7,0.2266517432331595,1.0,8,per_run_oof
deepseek_r1_distill_1p5b__arc_test_00069_c44c4bd5__temp0.60__seed7,0.2360051292536986,0.9166666666666667,8,per_run_oof
deepseek_r1_distill_1p5b__arc_test_00069_c44c4bd5__temp1.00__seed7,0.22136284208571747,0.6875,8,per_run_oof
deepseek_r1_distill_1p5b__arc_test_00070_7f98502f__temp0.10__seed7,0.26342290280217284,0.42857142857142855,8,per_run_oof
deepseek_r1_distill_1p5b__arc_test_00070_7f98502f__temp0.60__seed7,0.24341060563730144,1.0,8,per_run_oof
deepseek_r1_distill_1p5b__arc_test_00070_7f98502f__temp1.00__seed7,0.2470661504079741,0.5333333333333334,8,per_run_oof
deepseek_r1_distill_1p5b__arc_test_00071_78c9064f__temp0.10__seed7,0.22858354161309724,,8,per_run_oof
deepseek_r1_distill_1p5b__arc_test_00071_78c9064f__temp0.60__seed7,0.2530212579900527,0.4666666666666666,8,per_run_oof
deepseek_r1_distill_1p5b__arc_test_00071_78c9064f__temp1.00__seed7,0.24638229058383224,,8,per_run_oof
deepseek_r1_distill_1p5b__arc_test_00072_25b05898__temp0.10__seed7,0.2353702436089436,0.5,8,per_run_oof
deepseek_r1_distill_1p5b__arc_test_00072_25b05898__temp0.60__seed7,0.2576852543298228,0.0,8,per_run_oof
deepseek_r1_distill_1p5b__arc_test_00072_25b05898__temp1.00__seed7,0.274528903010464,0.1428571428571429,8,per_run_oof
deepseek_r1_distill_1p5b__arc_test_00073_ed2fea3a__temp0.10__seed7,0.17881147025411695,0.7333333333333334,8,per_run_oof
deepseek_r1_distill_1p5b__arc_test_00073_ed2fea3a__temp0.60__seed7,0.15861317721481635,0.9333333333333333,8,per_run_oof
deepseek_r1_distill_1p5b__arc_test_00073_ed2fea3a__temp1.00__seed7,0.2518838435764632,,8,per_run_oof
deepseek_r1_distill_1p5b__arc_test_00074_86e6443b__temp0.10__seed7,0.25526269068684976,0.5714285714285714,8,per_run_oof
deepseek_r1_distill_1p5b__arc_test_00074_86e6443b__temp0.60__seed7,0.22684308637905748,1.0,8,per_run_oof
deepseek_r1_distill_1p5b__arc_test_00074_86e6443b__temp1.00__seed7,0.19239303363343097,0.6666666666666667,8,per_run_oof
deepseek_r1_distill_1p5b__arc_test_00075_fc461c98__temp0.10__seed7,0.20082037662802768,,8,per_run_oof
deepseek_r1_distill_1p5b__arc_test_00075_fc461c98__temp0.60__seed7,0.19774149920250256,1.0,8,per_run_oof
deepseek_r1_distill_1p5b__arc_test_00075_fc461c98__temp1.00__seed7,0.2505368418605166,0.4166666666666667,8,per_run_oof
deepseek_r1_distill_1p5b__arc_test_00076_e201619a__temp0.10__seed7,0.2438356714863332,0.8571428571428571,8,per_run_oof
deepseek_r1_distill_1p5b__arc_test_00076_e201619a__temp0.60__seed7,0.234442996795946,0.9166666666666667,8,per_run_oof
deepseek_r1_distill_1p5b__arc_test_00076_e201619a__temp1.00__seed7,0.23288089887103958,0.8125,8,per_run_oof
deepseek_r1_distill_1p5b__arc_test_00077_cbb70e60__temp0.10__seed7,0.23343909558997572,0.5,8,per_run_oof
deepseek_r1_distill_1p5b__arc_test_00077_cbb70e60__temp0.60__seed7,0.2392238874979285,0.5,8,per_run_oof
deepseek_r1_distill_1p5b__arc_test_00077_cbb70e60__temp1.00__seed7,0.2350478599453415,0.25,8,per_run_oof
deepseek_r1_distill_1p5b__arc_test_00078_9d260e71__temp0.10__seed7,0.2523660164079536,0.16666666666666663,8,per_run_oof
deepseek_r1_distill_1p5b__arc_test_00078_9d260e71__temp0.60__seed7,0.20139738823775613,1.0,8,per_run_oof
deepseek_r1_distill_1p5b__arc_test_00078_9d260e71__temp1.00__seed7,0.23686418816051258,,8,per_run_oof
deepseek_r1_distill_1p5b__arc_test_00079_73a6dca6__temp0.10__seed7,0.23083931234713845,,8,per_run_oof
deepseek_r1_distill_1p5b__arc_test_00079_73a6dca6__temp0.60__seed7,0.23405706839502693,,8,per_run_oof
deepseek_r1_distill_1p5b__arc_test_00079_73a6dca6__temp1.00__seed7,0.23199320126219214,0.4285714285714286,8,per_run_oof
deepseek_r1_distill_1p5b__arc_test_00080_a44020c4__temp0.10__seed7,0.2363057754344965,0.7142857142857143,8,per_run_oof
deepseek_r1_distill_1p5b__arc_test_00080_a44020c4__temp0.60__seed7,0.21231562911137963,1.0,8,per_run_oof
deepseek_r1_distill_1p5b__arc_test_00080_a44020c4__temp1.00__seed7,0.2530005718394139,0.25,8,per_run_oof
deepseek_r1_distill_1p5b__arc_test_00081_e1b4d5ef__temp0.10__seed7,0.24852261413068139,0.5714285714285714,8,per_run_oof
deepseek_r1_distill_1p5b__arc_test_00081_e1b4d5ef__temp0.60__seed7,0.24822878912647006,0.4,8,per_run_oof
deepseek_r1_distill_1p5b__arc_test_00081_e1b4d5ef__temp1.00__seed7,0.27143983658276893,0.6,8,per_run_oof
deepseek_r1_distill_1p5b__arc_test_00082_02dec4b3__temp0.10__seed7,0.24300447283626506,0.39999999999999997,8,per_run_oof
deepseek_r1_distill_1p5b__arc_test_00082_02dec4b3__temp0.60__seed7,0.234501098361801,0.5,8,per_run_oof
deepseek_r1_distill_1p5b__arc_test_00082_02dec4b3__temp1.00__seed7,0.23773577385756997,0.5333333333333333,8,per_run_oof
deepseek_r1_distill_1p5b__arc_test_00083_4aac759c__temp0.10__seed7,0.20799659524630987,0.7142857142857143,8,per_run_oof
deepseek_r1_distill_1p5b__arc_test_00083_4aac759c__temp0.60__seed7,0.20284983958002395,,8,per_run_oof
deepseek_r1_distill_1p5b__arc_test_00083_4aac759c__temp1.00__seed7,0.22878913928212052,,8,per_run_oof
deepseek_r1_distill_1p5b__arc_test_00084_12ae98c6__temp0.10__seed7,0.21781284039364956,,8,per_run_oof
deepseek_r1_distill_1p5b__arc_test_00084_12ae98c6__temp0.60__seed7,0.24927061833145775,0.2857142857142857,8,per_run_oof
deepseek_r1_distill_1p5b__arc_test_00084_12ae98c6__temp1.00__seed7,0.24244917685452078,0.16666666666666663,8,per_run_oof
deepseek_r1_distill_1p5b__arc_test_00085_63d1eedd__temp0.10__seed7,0.22703006316452368,0.4285714285714286,8,per_run_oof
deepseek_r1_distill_1p5b__arc_test_00085_63d1eedd__temp0.60__seed7,0.2704464414327417,0.1428571428571429,8,per_run_oof
deepseek_r1_distill_1p5b__arc_test_00085_63d1eedd__temp1.00__seed7,0.2251828361940466,,8,per_run_oof
deepseek_r1_distill_1p5b__arc_test_00086_9f0f396a__temp0.10__seed7,0.23397928830782963,0.4285714285714286,8,per_run_oof
deepseek_r1_distill_1p5b__arc_test_00086_9f0f396a__temp0.60__seed7,0.27604733994863884,,8,per_run_oof
deepseek_r1_distill_1p5b__arc_test_00086_9f0f396a__temp1.00__seed7,0.20777421571280083,0.5714285714285714,8,per_run_oof
deepseek_r1_distill_1p5b__arc_test_00087_1238aced__temp0.10__seed7,0.2790654575376348,,8,per_run_oof
deepseek_r1_distill_1p5b__arc_test_00087_1238aced__temp0.60__seed7,0.25703128893931737,0.8571428571428571,8,per_run_oof
deepseek_r1_distill_1p5b__arc_test_00087_1238aced__temp1.00__seed7,0.2652008160021961,0.4,8,per_run_oof
deepseek_r1_distill_1p5b__arc_test_00088_09b7c1fe__temp0.10__seed7,0.2862479394016496,,8,per_run_oof
deepseek_r1_distill_1p5b__arc_test_00088_09b7c1fe__temp0.60__seed7,0.29384104036266057,,8,per_run_oof
deepseek_r1_distill_1p5b__arc_test_00088_09b7c1fe__temp1.00__seed7,0.2682896901866135,,8,per_run_oof
deepseek_r1_distill_1p5b__arc_test_00089_f6eda772__temp0.10__seed7,0.2525400418276713,0.8571428571428571,8,per_run_oof
deepseek_r1_distill_1p5b__arc_test_00089_f6eda772__temp0.60__seed7,0.24929231048099249,0.8333333333333334,8,per_run_oof
deepseek_r1_distill_1p5b__arc_test_00089_f6eda772__temp1.00__seed7,0.2385162683042172,0.75,8,per_run_oof
deepseek_r1_distill_1p5b__arc_test_00090_d52bf241__temp0.10__seed7,0.24493482876280612,,8,per_run_oof
deepseek_r1_distill_1p5b__arc_test_00090_d52bf241__temp0.60__seed7,0.24744502928660866,0.33333333333333337,8,per_run_oof
deepseek_r1_distill_1p5b__arc_test_00090_d52bf241__temp1.00__seed7,0.2439207685727643,,8,per_run_oof
deepseek_r1_distill_1p5b__arc_test_00091_eec80c32__temp0.10__seed7,0.21377069489863515,0.4285714285714286,8,per_run_oof
deepseek_r1_distill_1p5b__arc_test_00091_eec80c32__temp0.60__seed7,0.21191543042108402,0.4285714285714286,8,per_run_oof
deepseek_r1_distill_1p5b__arc_test_00091_eec80c32__temp1.00__seed7,0.19226493199261935,,8,per_run_oof
deepseek_r1_distill_1p5b__arc_test_00092_25cc90e9__temp0.10__seed7,0.26378304163508337,0.0,8,per_run_oof
deepseek_r1_distill_1p5b__arc_test_00092_25cc90e9__temp0.60__seed7,0.23850899780665957,0.6,8,per_run_oof
deepseek_r1_distill_1p5b__arc_test_00092_25cc90e9__temp1.00__seed7,0.24142525721563723,0.2857142857142857,8,per_run_oof
deepseek_r1_distill_1p5b__arc_test_00093_ffa047d0__temp0.10__seed7,0.26238188596309375,0.5333333333333333,8,per_run_oof
deepseek_r1_distill_1p5b__arc_test_00093_ffa047d0__temp0.60__seed7,0.2641843204813475,0.5714285714285714,8,per_run_oof
deepseek_r1_distill_1p5b__arc_test_00093_ffa047d0__temp1.00__seed7,0.2914956735942209,0.16666666666666669,8,per_run_oof
deepseek_r1_distill_1p5b__arc_test_00094_2b05164d__temp0.10__seed7,0.21456875315548166,,8,per_run_oof
deepseek_r1_distill_1p5b__arc_test_00094_2b05164d__temp0.60__seed7,0.2273285360435623,,8,per_run_oof
deepseek_r1_distill_1p5b__arc_test_00094_2b05164d__temp1.00__seed7,0.1737943997586482,,8,per_run_oof
deepseek_r1_distill_1p5b__arc_test_00095_722bf474__temp0.10__seed7,0.24278297869060644,1.0,8,per_run_oof
deepseek_r1_distill_1p5b__arc_test_00095_722bf474__temp0.60__seed7,0.2592950507602837,0.5,8,per_run_oof
deepseek_r1_distill_1p5b__arc_test_00095_722bf474__temp1.00__seed7,0.2614524426710576,0.25,8,per_run_oof
deepseek_r1_distill_1p5b__arc_test_00096_a416b353__temp0.10__seed7,0.21148613905783215,,8,per_run_oof
deepseek_r1_distill_1p5b__arc_test_00096_a416b353__temp0.60__seed7,0.23640468397395303,,8,per_run_oof
deepseek_r1_distill_1p5b__arc_test_00096_a416b353__temp1.00__seed7,0.21373919156030213,,8,per_run_oof
deepseek_r1_distill_1p5b__arc_test_00097_d48ca1a8__temp0.10__seed7,0.24553531991997052,0.2857142857142857,8,per_run_oof
deepseek_r1_distill_1p5b__arc_test_00097_d48ca1a8__temp0.60__seed7,0.21360640939377776,,8,per_run_oof
deepseek_r1_distill_1p5b__arc_test_00097_d48ca1a8__temp1.00__seed7,0.23588427536518464,0.4285714285714286,8,per_run_oof
deepseek_r1_distill_1p5b__arc_test_00098_f974ffda__temp0.10__seed7,0.24188146043928507,0.1428571428571429,8,per_run_oof
deepseek_r1_distill_1p5b__arc_test_00098_f974ffda__temp0.60__seed7,0.23115042947062645,0.1428571428571429,8,per_run_oof
deepseek_r1_distill_1p5b__arc_test_00098_f974ffda__temp1.00__seed7,0.20116144865100533,0.5333333333333333,8,per_run_oof
deepseek_r1_distill_1p5b__arc_test_00099_4d9d0c52__temp0.10__seed7,0.2784160229435443,,8,per_run_oof
deepseek_r1_distill_1p5b__arc_test_00099_4d9d0c52__temp0.60__seed7,0.3055703187900452,0.0,8,per_run_oof
deepseek_r1_distill_1p5b__arc_test_00099_4d9d0c52__temp1.00__seed7,0.25113306931562246,0.5,8,per_run_oof
deepseek_r1_distill_1p5b__arc_test_00100_ce179d3c__temp0.10__seed7,0.22471269055074228,,8,per_run_oof
deepseek_r1_distill_1p5b__arc_test_00100_ce179d3c__temp0.60__seed7,0.23921044192038493,,8,per_run_oof
deepseek_r1_distill_1p5b__arc_test_00100_ce179d3c__temp1.00__seed7,0.22601014518051432,,8,per_run_oof
deepseek_r1_distill_1p5b__arc_test_00101_d427e017__temp0.10__seed7,0.24444432109371808,0.4285714285714286,8,per_run_oof
deepseek_r1_distill_1p5b__arc_test_00101_d427e017__temp0.60__seed7,0.26739226419568757,,8,per_run_oof
deepseek_r1_distill_1p5b__arc_test_00101_d427e017__temp1.00__seed7,0.2188853162266588,,8,per_run_oof
deepseek_r1_distill_1p5b__arc_test_00102_4c432e78__temp0.10__seed7,0.1894695704206406,,8,per_run_oof
deepseek_r1_distill_1p5b__arc_test_00102_4c432e78__temp0.60__seed7,0.18919148827574678,1.0,8,per_run_oof
deepseek_r1_distill_1p5b__arc_test_00102_4c432e78__temp1.00__seed7,0.21292654155094565,0.8571428571428571,8,per_run_oof
deepseek_r1_distill_1p5b__arc_test_00103_58df92c7__temp0.10__seed7,0.23395362285914414,0.7142857142857143,8,per_run_oof
deepseek_r1_distill_1p5b__arc_test_00103_58df92c7__temp0.60__seed7,0.2284818669222099,0.7333333333333333,8,per_run_oof
deepseek_r1_distill_1p5b__arc_test_00103_58df92c7__temp1.00__seed7,0.22313265946676344,,8,per_run_oof
deepseek_r1_distill_1p5b__arc_test_00104_a0fbbd6b__temp0.10__seed7,0.235065956153815,0.2857142857142857,8,per_run_oof
deepseek_r1_distill_1p5b__arc_test_00104_a0fbbd6b__temp0.60__seed7,0.22638310073815532,,8,per_run_oof
deepseek_r1_distill_1p5b__arc_test_00104_a0fbbd6b__temp1.00__seed7,0.2449304694708866,0.1428571428571429,8,per_run_oof
deepseek_r1_distill_1p5b__arc_test_00105_2d55a679__temp0.10__seed7,0.23735406234709078,0.5,8,per_run_oof
deepseek_r1_distill_1p5b__arc_test_00105_2d55a679__temp0.60__seed7,0.2662021476714867,0.0,8,per_run_oof
deepseek_r1_distill_1p5b__arc_test_00105_2d55a679__temp1.00__seed7,0.242697824940036,,8,per_run_oof
deepseek_r1_distill_1p5b__arc_test_00106_2a02de88__temp0.10__seed7,0.2759759388215959,0.1428571428571429,8,per_run_oof
deepseek_r1_distill_1p5b__arc_test_00106_2a02de88__temp0.60__seed7,0.26561730807420125,,8,per_run_oof
deepseek_r1_distill_1p5b__arc_test_00106_2a02de88__temp1.00__seed7,0.24935366205294926,0.1428571428571429,8,per_run_oof
deepseek_r1_distill_1p5b__arc_test_00107_1ad2fb25__temp0.10__seed7,0.2505990448333211,,8,per_run_oof
deepseek_r1_distill_1p5b__arc_test_00107_1ad2fb25__temp0.60__seed7,0.2954655522760681,,8,per_run_oof
deepseek_r1_distill_1p5b__arc_test_00107_1ad2fb25__temp1.00__seed7,0.25779918969378446,0.3333333333333333,8,per_run_oof
deepseek_r1_distill_1p5b__arc_test_00108_b35bbe2a__temp0.10__seed7,0.23289357410251219,0.4285714285714286,8,per_run_oof
deepseek_r1_distill_1p5b__arc_test_00108_b35bbe2a__temp0.60__seed7,0.2532897498879967,,8,per_run_oof
deepseek_r1_distill_1p5b__arc_test_00108_b35bbe2a__temp1.00__seed7,0.24235793838354455,0.6,8,per_run_oof
deepseek_r1_distill_1p5b__arc_test_00109_70bcbd08__temp0.10__seed7,0.23901667638665317,0.08333333333333331,8,per_run_oof
deepseek_r1_distill_1p5b__arc_test_00109_70bcbd08__temp0.60__seed7,0.22330781900168067,0.8666666666666667,8,per_run_oof
deepseek_r1_distill_1p5b__arc_test_00109_70bcbd08__temp1.00__seed7,0.2352943742372579,0.5333333333333333,8,per_run_oof
deepseek_r1_distill_1p5b__arc_test_00110_f0d7582a__temp0.10__seed7,0.27059429946624913,,8,per_run_oof
deepseek_r1_distill_1p5b__arc_test_00110_f0d7582a__temp0.60__seed7,0.22911272687190953,,8,per_run_oof
deepseek_r1_distill_1p5b__arc_test_00110_f0d7582a__temp1.00__seed7,0.26368107661218226,,8,per_run_oof
deepseek_r1_distill_1p5b__arc_test_00111_fc89f3f2__temp0.10__seed7,0.26952332341594654,,8,per_run_oof
deepseek_r1_distill_1p5b__arc_test_00111_fc89f3f2__temp0.60__seed7,0.2622113904071157,0.0,8,per_run_oof
deepseek_r1_distill_1p5b__arc_test_00111_fc89f3f2__temp1.00__seed7,0.2431895574970448,,8,per_run_oof
deepseek_r1_distill_1p5b__arc_test_00112_4bcd3ac1__temp0.10__seed7,0.18542090310201173,,8,per_run_oof
deepseek_r1_distill_1p5b__arc_test_00112_4bcd3ac1__temp0.60__seed7,0.20285544523758484,,8,per_run_oof
deepseek_r1_distill_1p5b__arc_test_00112_4bcd3ac1__temp1.00__seed7,0.2018634758438747,,8,per_run_oof
deepseek_r1_distill_1p5b__arc_test_00113_32901c5f__temp0.10__seed7,0.28663295469372163,,8,per_run_oof
deepseek_r1_distill_1p5b__arc_test_00113_32901c5f__temp0.60__seed7,0.29631237982367964,,8,per_run_oof
deepseek_r1_distill_1p5b__arc_test_00113_32901c5f__temp1.00__seed7,0.2950750847937482,,8,per_run_oof
deepseek_r1_distill_1p5b__arc_test_00114_43d0cf66__temp0.10__seed7,0.21865551146310658,,8,per_run_oof
deepseek_r1_distill_1p5b__arc_test_00114_43d0cf66__temp0.60__seed7,0.23002110132228504,0.4285714285714286,8,per_run_oof
deepseek_r1_distill_1p5b__arc_test_00114_43d0cf66__temp1.00__seed7,0.22569706403922218,,8,per_run_oof
deepseek_r1_distill_1p5b__arc_test_00115_56efbf0d__temp0.10__seed7,0.2630342479704311,0.19999999999999998,8,per_run_oof
deepseek_r1_distill_1p5b__arc_test_00115_56efbf0d__temp0.60__seed7,0.2698856177701834,0.16666666666666669,8,per_run_oof
deepseek_r1_distill_1p5b__arc_test_00115_56efbf0d__temp1.00__seed7,0.23646547886128017,,8,per_run_oof
deepseek_r1_distill_1p5b__arc_test_00116_08d3d129__temp0.10__seed7,0.23888172159324678,0.8125,8,per_run_oof
deepseek_r1_distill_1p5b__arc_test_00116_08d3d129__temp0.60__seed7,0.2155819717372237,0.9166666666666667,8,per_run_oof
deepseek_r1_distill_1p5b__arc_test_00116_08d3d129__temp1.00__seed7,0.24666344976928317,0.6666666666666666,8,per_run_oof
deepseek_r1_distill_1p5b__arc_test_00117_da3420e1__temp0.10__seed7,0.316511684298317,,8,per_run_oof
deepseek_r1_distill_1p5b__arc_test_00117_da3420e1__temp0.60__seed7,0.1991863423648099,0.8666666666666667,8,per_run_oof
deepseek_r1_distill_1p5b__arc_test_00117_da3420e1__temp1.00__seed7,0.22922742707087918,0.7333333333333334,8,per_run_oof
deepseek_r1_distill_1p5b__arc_test_00118_3edfe427__temp0.10__seed7,0.24862652677801825,,8,per_run_oof
deepseek_r1_distill_1p5b__arc_test_00118_3edfe427__temp0.60__seed7,0.2247855318331995,,8,per_run_oof
deepseek_r1_distill_1p5b__arc_test_00118_3edfe427__temp1.00__seed7,0.21973473809962035,,8,per_run_oof
deepseek_r1_distill_1p5b__arc_test_00119_c47d514f__temp0.10__seed7,0.22564090074661314,0.8333333333333334,8,per_run_oof
deepseek_r1_distill_1p5b__arc_test_00119_c47d514f__temp0.60__seed7,0.2213341324565397,1.0,8,per_run_oof
deepseek_r1_distill_1p5b__arc_test_00119_c47d514f__temp1.00__seed7,0.2243397281862602,0.7333333333333333,8,per_run_oof
deepseek_r1_distill_1p5b__arc_test_00120_b6152894__temp0.10__seed7,0.27158095584824865,,8,per_run_oof
deepseek_r1_distill_1p5b__arc_test_00120_b6152894__temp0.60__seed7,0.25507293440624146,0.1428571428571429,8,per_run_oof
deepseek_r1_distill_1p5b__arc_test_00120_b6152894__temp1.00__seed7,0.24159484040172544,0.5333333333333333,8,per_run_oof
deepseek_r1_distill_1p5b__arc_test_00121_817d2f09__temp0.10__seed7,0.28657296607585514,0.16666666666666663,8,per_run_oof
deepseek_r1_distill_1p5b__arc_test_00121_817d2f09__temp0.60__seed7,0.3037190685155253,,8,per_run_oof
deepseek_r1_distill_1p5b__arc_test_00121_817d2f09__temp1.00__seed7,0.2979786087113555,0.2857142857142857,8,per_run_oof
deepseek_r1_distill_1p5b__arc_test_00122_e254ba57__temp0.10__seed7,0.25578383257759324,,8,per_run_oof
deepseek_r1_distill_1p5b__arc_test_00122_e254ba57__temp0.60__seed7,0.25333940344816686,,8,per_run_oof
deepseek_r1_distill_1p5b__arc_test_00122_e254ba57__temp1.00__seed7,0.2326071006205121,0.1428571428571429,8,per_run_oof
deepseek_r1_distill_1p5b__arc_test_00123_79966ff1__temp0.10__seed7,0.20308006620617935,,8,per_run_oof
deepseek_r1_distill_1p5b__arc_test_00123_79966ff1__temp0.60__seed7,0.19047634077794756,,8,per_run_oof
deepseek_r1_distill_1p5b__arc_test_00123_79966ff1__temp1.00__seed7,0.21644762554511696,1.0,8,per_run_oof
deepseek_r1_distill_1p5b__arc_test_00124_fa94e97d__temp0.10__seed7,0.21849964441311326,0.4285714285714286,8,per_run_oof
deepseek_r1_distill_1p5b__arc_test_00124_fa94e97d__temp0.60__seed7,0.23683172996276583,,8,per_run_oof
deepseek_r1_distill_1p5b__arc_test_00124_fa94e97d__temp1.00__seed7,0.25563294901457834,0.0,8,per_run_oof
deepseek_r1_distill_1p5b__arc_test_00125_37e8898b__temp0.10__seed7,0.25680800608798016,0.3125,8,per_run_oof
deepseek_r1_distill_1p5b__arc_test_00125_37e8898b__temp0.60__seed7,0.23354867891637632,0.4166666666666667,8,per_run_oof
deepseek_r1_distill_1p5b__arc_test_00125_37e8898b__temp1.00__seed7,0.24950046443756507,0.16666666666666669,8,per_run_oof
deepseek_r1_distill_1p5b__arc_test_00126_455c64d7__temp0.10__seed7,0.24892260022865245,0.6666666666666666,8,per_run_oof
deepseek_r1_distill_1p5b__arc_test_00126_455c64d7__temp0.60__seed7,0.2551057947692457,0.9166666666666667,8,per_run_oof
deepseek_r1_distill_1p5b__arc_test_00126_455c64d7__temp1.00__seed7,0.28009088601220244,1.0,8,per_run_oof
deepseek_r1_distill_1p5b__arc_test_00127_9cf81ecf__temp0.10__seed7,0.23948294002318193,0.8,8,per_run_oof
deepseek_r1_distill_1p5b__arc_test_00127_9cf81ecf__temp0.60__seed7,0.24191984827722213,1.0,8,per_run_oof
deepseek_r1_distill_1p5b__arc_test_00127_9cf81ecf__temp1.00__seed7,0.249096061784281,0.6,8,per_run_oof
deepseek_r1_distill_1p5b__arc_test_00128_ddc460f2__temp0.10__seed7,0.2486667921749495,0.8,8,per_run_oof
deepseek_r1_distill_1p5b__arc_test_00128_ddc460f2__temp0.60__seed7,0.2736212975875426,0.41666666666666663,8,per_run_oof
deepseek_r1_distill_1p5b__arc_test_00128_ddc460f2__temp1.00__seed7,0.25408414427794507,0.5333333333333334,8,per_run_oof
deepseek_r1_distill_1p5b__arc_test_00129_fde0c41b__temp0.10__seed7,0.21961936888190453,0.7142857142857143,8,per_run_oof
deepseek_r1_distill_1p5b__arc_test_00129_fde0c41b__temp0.60__seed7,0.23489588906472775,0.1428571428571429,8,per_run_oof
deepseek_r1_distill_1p5b__arc_test_00129_fde0c41b__temp1.00__seed7,0.24312035136892446,0.0,8,per_run_oof
deepseek_r1_distill_1p5b__arc_test_00130_b78a68c2__temp0.10__seed7,0.24246515562858822,,8,per_run_oof
deepseek_r1_distill_1p5b__arc_test_00130_b78a68c2__temp0.60__seed7,0.24646812138744334,0.33333333333333337,8,per_run_oof
deepseek_r1_distill_1p5b__arc_test_00130_b78a68c2__temp1.00__seed7,0.2545488071890066,0.25,8,per_run_oof
deepseek_r1_distill_1p5b__arc_test_00131_1e04f7f3__temp0.10__seed7,0.24807440383524654,,8,per_run_oof
deepseek_r1_distill_1p5b__arc_test_00131_1e04f7f3__temp0.60__seed7,0.24893004194274881,,8,per_run_oof
deepseek_r1_distill_1p5b__arc_test_00131_1e04f7f3__temp1.00__seed7,0.24946098125019994,,8,per_run_oof
deepseek_r1_distill_1p5b__arc_test_00132_3856b48c__temp0.10__seed7,0.2498537769620155,0.5333333333333333,8,per_run_oof
deepseek_r1_distill_1p5b__arc_test_00132_3856b48c__temp0.60__seed7,0.24179385534240636,0.75,8,per_run_oof
deepseek_r1_distill_1p5b__arc_test_00132_3856b48c__temp1.00__seed7,0.26275520643951317,0.0,8,per_run_oof
deepseek_r1_distill_1p5b__arc_test_00133_fa32a5b7__temp0.10__seed7,0.25548801744926786,,8,per_run_oof
deepseek_r1_distill_1p5b__arc_test_00133_fa32a5b7__temp0.60__seed7,0.24665383837005586,,8,per_run_oof
deepseek_r1_distill_1p5b__arc_test_00133_fa32a5b7__temp1.00__seed7,0.2520897116853402,,8,per_run_oof
deepseek_r1_distill_1p5b__arc_test_00134_19415ae4__temp0.10__seed7,0.2568912288207501,0.1428571428571429,8,per_run_oof
deepseek_r1_distill_1p5b__arc_test_00134_19415ae4__temp0.60__seed7,0.2817997664933552,0.08333333333333331,8,per_run_oof
deepseek_r1_distill_1p5b__arc_test_00134_19415ae4__temp1.00__seed7,0.24826779611224387,0.1428571428571429,8,per_run_oof
deepseek_r1_distill_1p5b__arc_test_00135_f4ce879e__temp0.10__seed7,0.2317167607205879,0.5,8,per_run_oof
deepseek_r1_distill_1p5b__arc_test_00135_f4ce879e__temp0.60__seed7,0.22677780367246458,0.2857142857142857,8,per_run_oof
deepseek_r1_distill_1p5b__arc_test_00135_f4ce879e__temp1.00__seed7,0.2433052962305211,0.4666666666666666,8,per_run_oof
deepseek_r1_distill_1p5b__arc_test_00136_35b5670f__temp0.10__seed7,0.25590928846258565,0.2857142857142857,8,per_run_oof
deepseek_r1_distill_1p5b__arc_test_00136_35b5670f__temp0.60__seed7,0.2345310883793114,,8,per_run_oof
deepseek_r1_distill_1p5b__arc_test_00136_35b5670f__temp1.00__seed7,0.24039307508180505,0.6875,8,per_run_oof
deepseek_r1_distill_1p5b__arc_test_00137_308a8747__temp0.10__seed7,0.23460124841947855,0.6666666666666666,8,per_run_oof
deepseek_r1_distill_1p5b__arc_test_00137_308a8747__temp0.60__seed7,0.19919245210840628,,8,per_run_oof
deepseek_r1_distill_1p5b__arc_test_00137_308a8747__temp1.00__seed7,0.2385072537501027,,8,per_run_oof
deepseek_r1_distill_1p5b__arc_test_00138_7b80c598__temp0.10__seed7,0.24957660749039656,0.5333333333333333,8,per_run_oof
deepseek_r1_distill_1p5b__arc_test_00138_7b80c598__temp0.60__seed7,0.29580152583352204,,8,per_run_oof
deepseek_r1_distill_1p5b__arc_test_00138_7b80c598__temp1.00__seed7,0.3129010712296707,,8,per_run_oof
deepseek_r1_distill_1p5b__arc_test_00139_889893b5__temp0.10__seed7,0.2772791105074568,0.25,8,per_run_oof
deepseek_r1_distill_1p5b__arc_test_00139_889893b5__temp0.60__seed7,0.3632434485220359,,8,per_run_oof
deepseek_r1_distill_1p5b__arc_test_00139_889893b5__temp1.00__seed7,0.281395253499061,,8,per_run_oof
deepseek_r1_distill_1p5b__arc_test_00140_af156b8d__temp0.10__seed7,0.26727606166472384,,8,per_run_oof
deepseek_r1_distill_1p5b__arc_test_00140_af156b8d__temp0.60__seed7,0.2657448563087492,0.3333333333333333,8,per_run_oof
deepseek_r1_distill_1p5b__arc_test_00140_af156b8d__temp1.00__seed7,0.25510041798421923,0.5,8,per_run_oof
deepseek_r1_distill_1p5b__arc_test_00141_38c02509__temp0.10__seed7,0.22321114733130767,,8,per_run_oof
deepseek_r1_distill_1p5b__arc_test_00141_38c02509__temp0.60__seed7,0.23363785664692507,0.2857142857142857,8,per_run_oof
deepseek_r1_distill_1p5b__arc_test_00141_38c02509__temp1.00__seed7,0.1937485188874156,,8,per_run_oof
deepseek_r1_distill_1p5b__arc_test_00142_8f55df16__temp0.10__seed7,0.23628814314220645,,8,per_run_oof
deepseek_r1_distill_1p5b__arc_test_00142_8f55df16__temp0.60__seed7,0.22064614779414654,,8,per_run_oof
deepseek_r1_distill_1p5b__arc_test_00142_8f55df16__temp1.00__seed7,0.21028506836975852,,8,per_run_oof
deepseek_r1_distill_1p5b__arc_test_00143_f01860a1__temp0.10__seed7,0.25670504196019245,0.5,8,per_run_oof
deepseek_r1_distill_1p5b__arc_test_00143_f01860a1__temp0.60__seed7,0.26204244348187117,0.7142857142857143,8,per_run_oof
deepseek_r1_distill_1p5b__arc_test_00143_f01860a1__temp1.00__seed7,0.14256144867922993,0.8,8,per_run_oof
deepseek_r1_distill_1p5b__arc_test_00144_27670959__temp0.10__seed7,0.24940773029754437,,8,per_run_oof
deepseek_r1_distill_1p5b__arc_test_00144_27670959__temp0.60__seed7,0.2357511202533062,0.7142857142857143,8,per_run_oof
deepseek_r1_distill_1p5b__arc_test_00144_27670959__temp1.00__seed7,0.2580932432551446,0.2857142857142857,8,per_run_oof
deepseek_r1_distill_1p5b__arc_test_00145_75096f81__temp0.10__seed7,0.26765350639381474,,8,per_run_oof
deepseek_r1_distill_1p5b__arc_test_00145_75096f81__temp0.60__seed7,0.25468021915396,0.0,8,per_run_oof
deepseek_r1_distill_1p5b__arc_test_00145_75096f81__temp1.00__seed7,0.2524526235055382,,8,per_run_oof
deepseek_r1_distill_1p5b__arc_test_00146_2b88c50d__temp0.10__seed7,0.20937887902554414,0.5714285714285714,8,per_run_oof
deepseek_r1_distill_1p5b__arc_test_00146_2b88c50d__temp0.60__seed7,0.1843512156131677,0.8,8,per_run_oof
deepseek_r1_distill_1p5b__arc_test_00146_2b88c50d__temp1.00__seed7,0.4525694701533643,,8,per_run_oof
deepseek_r1_distill_1p5b__arc_test_00147_e6a31c8f__temp0.10__seed7,0.24192814532799622,,8,per_run_oof
deepseek_r1_distill_1p5b__arc_test_00147_e6a31c8f__temp0.60__seed7,0.2710954334841959,,8,per_run_oof
deepseek_r1_distill_1p5b__arc_test_00147_e6a31c8f__temp1.00__seed7,0.238959972451143,0.2857142857142857,8,per_run_oof
deepseek_r1_distill_1p5b__arc_test_00148_58c7396e__temp0.10__seed7,0.22337666190121508,,8,per_run_oof
deepseek_r1_distill_1p5b__arc_test_00148_58c7396e__temp0.60__seed7,0.22451410685850037,0.2857142857142857,8,per_run_oof
deepseek_r1_distill_1p5b__arc_test_00148_58c7396e__temp1.00__seed7,0.22675178090084158,1.0,8,per_run_oof
deepseek_r1_distill_1p5b__arc_test_00149_8c977ff0__temp0.10__seed7,0.2632658698981609,,8,per_run_oof
deepseek_r1_distill_1p5b__arc_test_00149_8c977ff0__temp0.60__seed7,0.24277678508168485,,8,per_run_oof
deepseek_r1_distill_1p5b__arc_test_00149_8c977ff0__temp1.00__seed7,0.26558633831251344,,8,per_run_oof
deepseek_r1_distill_1p5b__arc_test_00150_9a244739__temp0.10__seed7,0.26516453704326126,0.4666666666666666,8,per_run_oof
deepseek_r1_distill_1p5b__arc_test_00150_9a244739__temp0.60__seed7,0.2783995290718047,0.33333333333333337,8,per_run_oof
deepseek_r1_distill_1p5b__arc_test_00150_9a244739__temp1.00__seed7,0.232718917689366,1.0,8,per_run_oof
deepseek_r1_distill_1p5b__arc_test_00151_80fd0076__temp0.10__seed7,0.24287207789964033,0.6666666666666667,8,per_run_oof
deepseek_r1_distill_1p5b__arc_test_00151_80fd0076__temp0.60__seed7,0.24676051214240258,0.5625,8,per_run_oof
deepseek_r1_distill_1p5b__arc_test_00151_80fd0076__temp1.00__seed7,0.21072259787846548,,8,per_run_oof
deepseek_r1_distill_1p5b__arc_test_00152_5e9217b5__temp0.10__seed7,0.24115324869623211,0.6875,8,per_run_oof
deepseek_r1_distill_1p5b__arc_test_00152_5e9217b5__temp0.60__seed7,0.24204820456649417,0.6,8,per_run_oof
deepseek_r1_distill_1p5b__arc_test_00152_5e9217b5__temp1.00__seed7,0.23177060340464403,0.8125,8,per_run_oof
deepseek_r1_distill_1p5b__arc_test_00153_2d4afb75__temp0.10__seed7,0.24622614167140844,0.1428571428571429,8,per_run_oof
deepseek_r1_distill_1p5b__arc_test_00153_2d4afb75__temp0.60__seed7,0.2556905021038214,0.26666666666666666,8,per_run_oof
deepseek_r1_distill_1p5b__arc_test_00153_2d4afb75__temp1.00__seed7,0.24256007302064708,0.75,8,per_run_oof
deepseek_r1_distill_1p5b__arc_test_00154_224d0261__temp0.10__seed7,0.2557478337530491,0.2666666666666666,8,per_run_oof
deepseek_r1_distill_1p5b__arc_test_00154_224d0261__temp0.60__seed7,0.22311602107324813,1.0,8,per_run_oof
deepseek_r1_distill_1p5b__arc_test_00154_224d0261__temp1.00__seed7,0.21865859439427063,1.0,8,per_run_oof
deepseek_r1_distill_1p5b__arc_test_00155_ca1b941c__temp0.10__seed7,0.22620320042580327,,8,per_run_oof
deepseek_r1_distill_1p5b__arc_test_00155_ca1b941c__temp0.60__seed7,0.258786871772529,,8,per_run_oof
deepseek_r1_distill_1p5b__arc_test_00155_ca1b941c__temp1.00__seed7,0.23239622751146163,,8,per_run_oof
deepseek_r1_distill_1p5b__arc_test_00156_ee094300__temp0.10__seed7,0.26025948630365836,0.2,8,per_run_oof
deepseek_r1_distill_1p5b__arc_test_00156_ee094300__temp0.60__seed7,0.25686631583956887,0.4666666666666667,8,per_run_oof
deepseek_r1_distill_1p5b__arc_test_00156_ee094300__temp1.00__seed7,0.24588889761795354,0.5625,8,per_run_oof
deepseek_r1_distill_1p5b__arc_test_00157_f89a1068__temp0.10__seed7,0.23634439679675034,0.7333333333333333,8,per_run_oof
deepseek_r1_distill_1p5b__arc_test_00157_f89a1068__temp0.60__seed7,0.25295649326693515,0.13333333333333333,8,per_run_oof
deepseek_r1_distill_1p5b__arc_test_00157_f89a1068__temp1.00__seed7,0.27549631350004344,,8,per_run_oof
deepseek_r1_distill_1p5b__arc_test_00158_ec72f274__temp0.10__seed7,0.243297239181313,0.5,8,per_run_oof
deepseek_r1_distill_1p5b__arc_test_00158_ec72f274__temp0.60__seed7,0.24118093659024264,0.33333333333333337,8,per_run_oof
deepseek_r1_distill_1p5b__arc_test_00158_ec72f274__temp1.00__seed7,0.21264687136263008,,8,per_run_oof
deepseek_r1_distill_1p5b__arc_test_00159_33a9d07e__temp0.10__seed7,0.2355425192453901,0.8,8,per_run_oof
deepseek_r1_distill_1p5b__arc_test_00159_33a9d07e__temp0.60__seed7,0.24709666649533088,0.6666666666666667,8,per_run_oof
deepseek_r1_distill_1p5b__arc_test_00159_33a9d07e__temp1.00__seed7,0.20815229102379365,0.7333333333333333,8,per_run_oof
deepseek_r1_distill_1p5b__arc_test_00160_c1c6d9ce__temp0.10__seed7,0.19558503753682624,0.1428571428571429,8,per_run_oof
deepseek_r1_distill_1p5b__arc_test_00160_c1c6d9ce__temp0.60__seed7,0.22372533507008205,0.2857142857142857,8,per_run_oof
deepseek_r1_distill_1p5b__arc_test_00160_c1c6d9ce__temp1.00__seed7,0.20883289683949957,,8,per_run_oof
deepseek_r1_distill_1p5b__arc_test_00161_7109ff3c__temp0.10__seed7,0.23892636641503656,0.75,8,per_run_oof
deepseek_r1_distill_1p5b__arc_test_00161_7109ff3c__temp0.60__seed7,0.2397214690040645,0.5333333333333333,8,per_run_oof
deepseek_r1_distill_1p5b__arc_test_00161_7109ff3c__temp1.00__seed7,0.24043683609875982,0.8,8,per_run_oof
deepseek_r1_distill_1p5b__arc_test_00162_ac76e6c7__temp0.10__seed7,0.2228038919707973,0.75,8,per_run_oof
deepseek_r1_distill_1p5b__arc_test_00162_ac76e6c7__temp0.60__seed7,0.23194169404522935,0.4285714285714286,8,per_run_oof
deepseek_r1_distill_1p5b__arc_test_00162_ac76e6c7__temp1.00__seed7,0.24120308927130008,0.7333333333333334,8,per_run_oof
deepseek_r1_distill_1p5b__arc_test_00163_a8dc8e64__temp0.10__seed7,0.25568956073178817,1.0,8,per_run_oof
deepseek_r1_distill_1p5b__arc_test_00163_a8dc8e64__temp0.60__seed7,0.2580625319048059,0.6,8,per_run_oof
deepseek_r1_distill_1p5b__arc_test_00163_a8dc8e64__temp1.00__seed7,0.2616165094804699,0.5333333333333334,8,per_run_oof
deepseek_r1_distill_1p5b__arc_test_00164_c6cd4e9d__temp0.10__seed7,0.24220038481168454,0.5333333333333333,8,per_run_oof
deepseek_r1_distill_1p5b__arc_test_00164_c6cd4e9d__temp0.60__seed7,0.22624671313181444,0.9166666666666667,8,per_run_oof
deepseek_r1_distill_1p5b__arc_test_00164_c6cd4e9d__temp1.00__seed7,0.23921191468192013,0.6666666666666666,8,per_run_oof
deepseek_r1_distill_1p5b__arc_test_00165_5ab82acf__temp0.10__seed7,0.2813816795516565,,8,per_run_oof
deepseek_r1_distill_1p5b__arc_test_00165_5ab82acf__temp0.60__seed7,0.2622679769686932,,8,per_run_oof
deepseek_r1_distill_1p5b__arc_test_00165_5ab82acf__temp1.00__seed7,0.25282855069921195,,8,per_run_oof
deepseek_r1_distill_1p5b__arc_test_00166_ef208ee6__temp0.10__seed7,0.2536472870568602,,8,per_run_oof
deepseek_r1_distill_1p5b__arc_test_00166_ef208ee6__temp0.60__seed7,0.2886052823822616,0.0,8,per_run_oof
deepseek_r1_distill_1p5b__arc_test_00166_ef208ee6__temp1.00__seed7,0.25693859201285835,0.33333333333333337,8,per_run_oof
deepseek_r1_distill_1p5b__arc_test_00167_35cdcebc__temp0.10__seed7,0.2666501095913421,0.41666666666666663,8,per_run_oof
deepseek_r1_distill_1p5b__arc_test_00167_35cdcebc__temp0.60__seed7,0.3118451689217254,,8,per_run_oof
deepseek_r1_distill_1p5b__arc_test_00167_35cdcebc__temp1.00__seed7,0.2551997000340647,,8,per_run_oof
deepseek_r1_distill_1p5b__arc_test_00168_b255fa40__temp0.10__seed7,0.2514652177767783,0.5833333333333333,8,per_run_oof
deepseek_r1_distill_1p5b__arc_test_00168_b255fa40__temp0.60__seed7,0.25072914534617063,0.0,8,per_run_oof
deepseek_r1_distill_1p5b__arc_test_00168_b255fa40__temp1.00__seed7,0.24412486034349187,0.2857142857142857,8,per_run_oof
deepseek_r1_distill_1p5b__arc_test_00169_a1607bcb__temp0.10__seed7,0.2655911940442225,,8,per_run_oof
deepseek_r1_distill_1p5b__arc_test_00169_a1607bcb__temp0.60__seed7,0.24581444013936088,0.7142857142857143,8,per_run_oof
deepseek_r1_distill_1p5b__arc_test_00169_a1607bcb__temp1.00__seed7,0.25049697864287074,,8,per_run_oof
deepseek_r1_distill_1p5b__arc_test_00170_f44cfa7e__temp0.10__seed7,0.2960318321456926,,8,per_run_oof
deepseek_r1_distill_1p5b__arc_test_00170_f44cfa7e__temp0.60__seed7,0.2947893732157568,,8,per_run_oof
deepseek_r1_distill_1p5b__arc_test_00170_f44cfa7e__temp1.00__seed7,0.2800302911313412,,8,per_run_oof
deepseek_r1_distill_1p5b__arc_test_00171_612c4710__temp0.10__seed7,0.2633572080970262,0.08333333333333331,8,per_run_oof
deepseek_r1_distill_1p5b__arc_test_00171_612c4710__temp0.60__seed7,0.25187806823248365,0.4666666666666667,8,per_run_oof
deepseek_r1_distill_1p5b__arc_test_00171_612c4710__temp1.00__seed7,0.24921781395658077,0.6,8,per_run_oof
deepseek_r1_distill_1p5b__arc_test_00172_c90d6043__temp0.10__seed7,0.28824480965313015,0.0,8,per_run_oof
deepseek_r1_distill_1p5b__arc_test_00172_c90d6043__temp0.60__seed7,0.2744350341357669,,8,per_run_oof
deepseek_r1_distill_1p5b__arc_test_00172_c90d6043__temp1.00__seed7,0.231550274125731,1.0,8,per_run_oof
deepseek_r1_distill_1p5b__arc_test_00173_627098d1__temp0.10__seed7,0.28451911722932677,,8,per_run_oof
deepseek_r1_distill_1p5b__arc_test_00173_627098d1__temp0.60__seed7,0.2624929034339609,0.1428571428571429,8,per_run_oof
deepseek_r1_distill_1p5b__arc_test_00173_627098d1__temp1.00__seed7,0.2695457627733555,,8,per_run_oof
deepseek_r1_distill_1p5b__arc_test_00174_5f5df804__temp0.10__seed7,0.23205060967300906,,8,per_run_oof
deepseek_r1_distill_1p5b__arc_test_00174_5f5df804__temp0.60__seed7,0.2505206327450633,0.4166666666666667,8,per_run_oof
deepseek_r1_distill_1p5b__arc_test_00174_5f5df804__temp1.00__seed7,0.24802621451658993,,8,per_run_oof
deepseek_r1_distill_1p5b__arc_test_00175_eb8d450c__temp0.10__seed7,0.2679201087178551,0.1428571428571429,8,per_run_oof
deepseek_r1_distill_1p5b__arc_test_00175_eb8d450c__temp0.60__seed7,0.2389527162388057,,8,per_run_oof
deepseek_r1_distill_1p5b__arc_test_00175_eb8d450c__temp1.00__seed7,0.23989865635038193,0.5714285714285714,8,per_run_oof
deepseek_r1_distill_1p5b__arc_test_00176_9044ff73__temp0.10__seed7,0.23374064609697504,0.6666666666666666,8,per_run_oof
deepseek_r1_distill_1p5b__arc_test_00176_9044ff73__temp0.60__seed7,0.20862720301905224,,8,per_run_oof
deepseek_r1_distill_1p5b__arc_test_00176_9044ff73__temp1.00__seed7,0.32218124337550946,0.75,8,per_run_oof
deepseek_r1_distill_1p5b__arc_test_00177_ecdb4f07__temp0.10__seed7,0.2452635660662958,,8,per_run_oof
deepseek_r1_distill_1p5b__arc_test_00177_ecdb4f07__temp0.60__seed7,0.22973615842905873,0.5714285714285714,8,per_run_oof
deepseek_r1_distill_1p5b__arc_test_00177_ecdb4f07__temp1.00__seed7,0.22923151376090115,,8,per_run_oof
deepseek_r1_distill_1p5b__arc_test_00178_b35de25d__temp0.10__seed7,0.20982974699209073,1.0,8,per_run_oof
deepseek_r1_distill_1p5b__arc_test_00178_b35de25d__temp0.60__seed7,0.2936670946174199,0.2857142857142857,8,per_run_oof
deepseek_r1_distill_1p5b__arc_test_00178_b35de25d__temp1.00__seed7,0.2819439321016523,0.4166666666666667,8,per_run_oof
deepseek_r1_distill_1p5b__arc_test_00179_9aae52b3__temp0.10__seed7,0.26380348118805164,,8,per_run_oof
deepseek_r1_distill_1p5b__arc_test_00179_9aae52b3__temp0.60__seed7,0.2554974137540694,1.0,8,per_run_oof
deepseek_r1_distill_1p5b__arc_test_00179_9aae52b3__temp1.00__seed7,0.266913717712834,,8,per_run_oof
deepseek_r1_distill_1p5b__arc_test_00180_5b3b7513__temp0.10__seed7,0.24261723980952127,0.5,8,per_run_oof
deepseek_r1_distill_1p5b__arc_test_00180_5b3b7513__temp0.60__seed7,0.25541982472904745,0.4285714285714286,8,per_run_oof
deepseek_r1_distill_1p5b__arc_test_00180_5b3b7513__temp1.00__seed7,0.23886573929757726,0.75,8,per_run_oof
deepseek_r1_distill_1p5b__arc_test_00181_676f95f8__temp0.10__seed7,0.24581831288619882,0.8333333333333334,8,per_run_oof
deepseek_r1_distill_1p5b__arc_test_00181_676f95f8__temp0.60__seed7,0.23703717786042333,0.625,8,per_run_oof
deepseek_r1_distill_1p5b__arc_test_00181_676f95f8__temp1.00__seed7,0.23868211413757512,0.9375,8,per_run_oof
deepseek_r1_distill_1p5b__arc_test_00182_8e34a240__temp0.10__seed7,0.2322735241731977,0.8,8,per_run_oof
deepseek_r1_distill_1p5b__arc_test_00182_8e34a240__temp0.60__seed7,0.29712834906016194,0.2857142857142857,8,per_run_oof
deepseek_r1_distill_1p5b__arc_test_00182_8e34a240__temp1.00__seed7,0.2503667873505689,0.6,8,per_run_oof
deepseek_r1_distill_1p5b__arc_test_00183_bde98ede__temp0.10__seed7,0.25295986031542017,0.3333333333333333,8,per_run_oof
deepseek_r1_distill_1p5b__arc_test_00183_bde98ede__temp0.60__seed7,0.25170714257628757,0.4,8,per_run_oof
deepseek_r1_distill_1p5b__arc_test_00183_bde98ede__temp1.00__seed7,0.2306292366319735,0.75,8,per_run_oof
deepseek_r1_distill_1p5b__arc_test_00184_6aa6fe3b__temp0.10__seed7,0.26537480685499537,,8,per_run_oof
deepseek_r1_distill_1p5b__arc_test_00184_6aa6fe3b__temp0.60__seed7,0.2582286105950281,0.7333333333333333,8,per_run_oof
deepseek_r1_distill_1p5b__arc_test_00184_6aa6fe3b__temp1.00__seed7,0.26640149117472306,0.1428571428571429,8,per_run_oof
deepseek_r1_distill_1p5b__arc_test_00185_3532a91b__temp0.10__seed7,0.251798812812412,0.2857142857142857,8,per_run_oof
deepseek_r1_distill_1p5b__arc_test_00185_3532a91b__temp0.60__seed7,0.27328237928757404,,8,per_run_oof
deepseek_r1_distill_1p5b__arc_test_00185_3532a91b__temp1.00__seed7,0.22943785981883222,0.7142857142857143,8,per_run_oof
deepseek_r1_distill_1p5b__arc_test_00186_b155986b__temp0.10__seed7,0.2611255431894559,,8,per_run_oof
deepseek_r1_distill_1p5b__arc_test_00186_b155986b__temp0.60__seed7,0.24398147351864255,,8,per_run_oof
deepseek_r1_distill_1p5b__arc_test_00186_b155986b__temp1.00__seed7,0.23983005149696496,,8,per_run_oof
deepseek_r1_distill_1p5b__arc_test_00187_8b14d075__temp0.10__seed7,0.27833797265374005,0.1428571428571429,8,per_run_oof
deepseek_r1_distill_1p5b__arc_test_00187_8b14d075__temp0.60__seed7,0.2651497538898755,0.19999999999999998,8,per_run_oof
deepseek_r1_distill_1p5b__arc_test_00187_8b14d075__temp1.00__seed7,0.24065798105063743,0.5833333333333334,8,per_run_oof
deepseek_r1_distill_1p5b__arc_test_00188_cba61eb1__temp0.10__seed7,0.2469256690133047,0.625,8,per_run_oof
deepseek_r1_distill_1p5b__arc_test_00188_cba61eb1__temp0.60__seed7,0.24634598192319962,0.33333333333333337,8,per_run_oof
deepseek_r1_distill_1p5b__arc_test_00188_cba61eb1__temp1.00__seed7,0.2444298641443342,0.5833333333333334,8,per_run_oof
deepseek_r1_distill_1p5b__arc_test_00189_40e3fa22__temp0.10__seed7,0.2564207323352289,0.16666666666666669,8,per_run_oof
deepseek_r1_distill_1p5b__arc_test_00189_40e3fa22__temp0.60__seed7,0.24243599866627313,0.4285714285714286,8,per_run_oof
deepseek_r1_distill_1p5b__arc_test_00189_40e3fa22__temp1.00__seed7,0.23656729232010792,0.6666666666666667,8,per_run_oof
deepseek_r1_distill_1p5b__arc_test_00190_7dd0fb1b__temp0.10__seed7,0.23660611984611224,0.6666666666666666,8,per_run_oof
deepseek_r1_distill_1p5b__arc_test_00190_7dd0fb1b__temp0.60__seed7,0.23397352695018955,0.625,8,per_run_oof
deepseek_r1_distill_1p5b__arc_test_00190_7dd0fb1b__temp1.00__seed7,0.23641777077698128,0.8,8,per_run_oof
deepseek_r1_distill_1p5b__arc_test_00191_ff19377e__temp0.10__seed7,0.25060889121825886,,8,per_run_oof
deepseek_r1_distill_1p5b__arc_test_00191_ff19377e__temp0.60__seed7,0.22083950592443738,0.2857142857142857,8,per_run_oof
deepseek_r1_distill_1p5b__arc_test_00191_ff19377e__temp1.00__seed7,0.21613994973822434,0.0,8,per_run_oof
deepseek_r1_distill_1p5b__arc_test_00192_07e59469__temp0.10__seed7,0.24339941894885733,0.8,8,per_run_oof
deepseek_r1_distill_1p5b__arc_test_00192_07e59469__temp0.60__seed7,0.2586784957384418,1.0,8,per_run_oof
deepseek_r1_distill_1p5b__arc_test_00192_07e59469__temp1.00__seed7,0.24622820574951337,0.6666666666666666,8,per_run_oof
deepseek_r1_distill_1p5b__arc_test_00193_4793d226__temp0.10__seed7,0.2665325224631667,0.0,8,per_run_oof
deepseek_r1_distill_1p5b__arc_test_00193_4793d226__temp0.60__seed7,0.22145287006625336,0.6875,8,per_run_oof
deepseek_r1_distill_1p5b__arc_test_00193_4793d226__temp1.00__seed7,0.20853414871491038,0.9166666666666667,8,per_run_oof
deepseek_r1_distill_1p5b__arc_test_00194_538d24a9__temp0.10__seed7,0.24000244280247585,0.5333333333333333,8,per_run_oof
deepseek_r1_distill_1p5b__arc_test_00194_538d24a9__temp0.60__seed7,0.2320711029211066,0.2857142857142857,8,per_run_oof
deepseek_r1_distill_1p5b__arc_test_00194_538d24a9__temp1.00__seed7,0.22986010358222655,0.4666666666666667,8,per_run_oof
deepseek_r1_distill_1p5b__arc_test_00195_21dd34ee__temp0.10__seed7,0.19687948953931012,,8,per_run_oof
deepseek_r1_distill_1p5b__arc_test_00195_21dd34ee__temp0.60__seed7,0.17361828176609534,1.0,8,per_run_oof
deepseek_r1_distill_1p5b__arc_test_00195_21dd34ee__temp1.00__seed7,0.2256941037512432,0.6666666666666667,8,per_run_oof
deepseek_r1_distill_1p5b__arc_test_00196_6dcd8a63__temp0.10__seed7,0.24658264416953854,0.5,8,per_run_oof
deepseek_r1_distill_1p5b__arc_test_00196_6dcd8a63__temp0.60__seed7,0.288167552729796,,8,per_run_oof
deepseek_r1_distill_1p5b__arc_test_00196_6dcd8a63__temp1.00__seed7,0.26115345873582985,,8,per_run_oof
deepseek_r1_distill_1p5b__arc_test_00197_69e8335d__temp0.10__seed7,0.24383280206994873,,8,per_run_oof
deepseek_r1_distill_1p5b__arc_test_00197_69e8335d__temp0.60__seed7,0.2861754155340726,0.5,8,per_run_oof
deepseek_r1_distill_1p5b__arc_test_00197_69e8335d__temp1.00__seed7,0.21508359884373804,0.7333333333333334,8,per_run_oof
deepseek_r1_distill_1p5b__arc_test_00198_f407d662__temp0.10__seed7,0.27047697756840317,0.33333333333333337,8,per_run_oof
deepseek_r1_distill_1p5b__arc_test_00198_f407d662__temp0.60__seed7,0.30250318941926224,,8,per_run_oof
deepseek_r1_distill_1p5b__arc_test_00198_f407d662__temp1.00__seed7,0.2636784261200104,0.33333333333333337,8,per_run_oof
deepseek_r1_distill_1p5b__arc_test_00199_989978c5__temp0.10__seed7,0.2054333079632083,,8,per_run_oof
deepseek_r1_distill_1p5b__arc_test_00199_989978c5__temp0.60__seed7,0.26034755593906694,,8,per_run_oof
deepseek_r1_distill_1p5b__arc_test_00199_989978c5__temp1.00__seed7,0.23265519424808953,,8,per_run_oof
deepseek_r1_distill_1p5b__arc_test_00200_baff531a__temp0.10__seed7,0.2723630527458936,,8,per_run_oof
deepseek_r1_distill_1p5b__arc_test_00200_baff531a__temp0.60__seed7,0.29113912398184477,,8,per_run_oof
deepseek_r1_distill_1p5b__arc_test_00200_baff531a__temp1.00__seed7,0.26507248391417254,,8,per_run_oof
deepseek_r1_distill_1p5b__arc_test_00201_ee325462__temp0.10__seed7,0.2530983836869972,0.625,8,per_run_oof
deepseek_r1_distill_1p5b__arc_test_00201_ee325462__temp0.60__seed7,0.23632221979726226,1.0,8,per_run_oof
deepseek_r1_distill_1p5b__arc_test_00201_ee325462__temp1.00__seed7,0.2642856315881584,0.7142857142857143,8,per_run_oof
deepseek_r1_distill_1p5b__arc_test_00202_46459f16__temp0.10__seed7,0.2228107027052758,0.8333333333333333,8,per_run_oof
deepseek_r1_distill_1p5b__arc_test_00202_46459f16__temp0.60__seed7,0.2359128616634678,0.75,8,per_run_oof
deepseek_r1_distill_1p5b__arc_test_00202_46459f16__temp1.00__seed7,0.25174843615321807,0.4375,8,per_run_oof
deepseek_r1_distill_1p5b__arc_test_00203_0b706945__temp0.10__seed7,0.22906874731057233,,8,per_run_oof
deepseek_r1_distill_1p5b__arc_test_00203_0b706945__temp0.60__seed7,0.19940676326072088,,8,per_run_oof
deepseek_r1_distill_1p5b__arc_test_00203_0b706945__temp1.00__seed7,0.2602708486310744,0.0,8,per_run_oof
deepseek_r1_distill_1p5b__arc_test_00204_71e57156__temp0.10__seed7,0.25562857335920514,,8,per_run_oof
deepseek_r1_distill_1p5b__arc_test_00204_71e57156__temp0.60__seed7,0.24387587621859175,,8,per_run_oof
deepseek_r1_distill_1p5b__arc_test_00204_71e57156__temp1.00__seed7,0.2557866372184228,0.75,8,per_run_oof
deepseek_r1_distill_1p5b__arc_test_00205_79bd34ae__temp0.10__seed7,0.2672048633878161,0.41666666666666663,8,per_run_oof
deepseek_r1_distill_1p5b__arc_test_00205_79bd34ae__temp0.60__seed7,0.2600023737578653,0.4166666666666667,8,per_run_oof
deepseek_r1_distill_1p5b__arc_test_00205_79bd34ae__temp1.00__seed7,0.27961665310985295,,8,per_run_oof
deepseek_r1_distill_1p5b__arc_test_00206_9aa565bd__temp0.10__seed7,0.23855528705055562,0.8125,8,per_run_oof
deepseek_r1_distill_1p5b__arc_test_00206_9aa565bd__temp0.60__seed7,0.24228607116662684,0.2857142857142857,8,per_run_oof
deepseek_r1_distill_1p5b__arc_test_00206_9aa565bd__temp1.00__seed7,0.2603876027205515,0.0,8,per_run_oof
deepseek_r1_distill_1p5b__arc_test_00207_426a6b0b__temp0.10__seed7,0.2283503825557325,,8,per_run_oof
deepseek_r1_distill_1p5b__arc_test_00207_426a6b0b__temp0.60__seed7,0.23678911210308118,0.9166666666666667,8,per_run_oof
deepseek_r1_distill_1p5b__arc_test_00207_426a6b0b__temp1.00__seed7,0.24385574486760886,0.6666666666666667,8,per_run_oof
deepseek_r1_distill_1p5b__arc_test_00208_e7e8e33f__temp0.10__seed7,0.2988382297343051,,8,per_run_oof
deepseek_r1_distill_1p5b__arc_test_00208_e7e8e33f__temp0.60__seed7,0.27265159771190095,,8,per_run_oof
deepseek_r1_distill_1p5b__arc_test_00208_e7e8e33f__temp1.00__seed7,0.24433220385610457,0.4285714285714286,8,per_run_oof
deepseek_r1_distill_1p5b__arc_test_00209_0c33d577__temp0.10__seed7,0.2552885323355198,0.5,8,per_run_oof
deepseek_r1_distill_1p5b__arc_test_00209_0c33d577__temp0.60__seed7,0.2354400218422978,,8,per_run_oof
deepseek_r1_distill_1p5b__arc_test_00209_0c33d577__temp1.00__seed7,0.20027919138969638,,8,per_run_oof
deepseek_r1_distill_1p5b__arc_test_00210_3822e3fd__temp0.10__seed7,0.23987208952912115,,8,per_run_oof
deepseek_r1_distill_1p5b__arc_test_00210_3822e3fd__temp0.60__seed7,0.25577413597466,,8,per_run_oof
deepseek_r1_distill_1p5b__arc_test_00210_3822e3fd__temp1.00__seed7,0.23072146774537033,,8,per_run_oof
deepseek_r1_distill_1p5b__arc_test_00211_313873fb__temp0.10__seed7,0.23771846216174458,0.5714285714285714,8,per_run_oof
deepseek_r1_distill_1p5b__arc_test_00211_313873fb__temp0.60__seed7,0.2509856323405797,,8,per_run_oof
deepseek_r1_distill_1p5b__arc_test_00211_313873fb__temp1.00__seed7,0.21848413367502711,0.9166666666666667,8,per_run_oof
deepseek_r1_distill_1p5b__arc_test_00212_d175ae79__temp0.10__seed7,0.22975286553093632,0.2857142857142857,8,per_run_oof
deepseek_r1_distill_1p5b__arc_test_00212_d175ae79__temp0.60__seed7,0.3331257524533492,,8,per_run_oof
deepseek_r1_distill_1p5b__arc_test_00212_d175ae79__temp1.00__seed7,0.24316819946063445,0.3333333333333333,8,per_run_oof
deepseek_r1_distill_1p5b__arc_test_00213_5e4158c2__temp0.10__seed7,0.23055730852123285,0.8,8,per_run_oof
deepseek_r1_distill_1p5b__arc_test_00213_5e4158c2__temp0.60__seed7,0.3448503929860613,0.4285714285714286,8,per_run_oof
deepseek_r1_distill_1p5b__arc_test_00213_5e4158c2__temp1.00__seed7,0.2737889253123972,0.0,8,per_run_oof
deepseek_r1_distill_1p5b__arc_test_00214_209b3efe__temp0.10__seed7,0.2637482857451736,,8,per_run_oof
deepseek_r1_distill_1p5b__arc_test_00214_209b3efe__temp0.60__seed7,0.27487630902689864,,8,per_run_oof
deepseek_r1_distill_1p5b__arc_test_00214_209b3efe__temp1.00__seed7,0.26531731493847455,,8,per_run_oof
deepseek_r1_distill_1p5b__arc_test_00215_be1ebc8b__temp0.10__seed7,0.2694966709931792,0.25,8,per_run_oof
deepseek_r1_distill_1p5b__arc_test_00215_be1ebc8b__temp0.60__seed7,0.2540402343902441,0.41666666666666663,8,per_run_oof
deepseek_r1_distill_1p5b__arc_test_00215_be1ebc8b__temp1.00__seed7,0.23838858459652487,0.5833333333333333,8,per_run_oof
deepseek_r1_distill_1p5b__arc_test_00216_ab4703bf__temp0.10__seed7,0.2405964670315992,,8,per_run_oof
deepseek_r1_distill_1p5b__arc_test_00216_ab4703bf__temp0.60__seed7,0.21524677369521933,0.8571428571428571,8,per_run_oof
deepseek_r1_distill_1p5b__arc_test_00216_ab4703bf__temp1.00__seed7,0.25442730438202316,0.6666666666666667,8,per_run_oof
deepseek_r1_distill_1p5b__arc_test_00217_bf4df470__temp0.10__seed7,0.2519192988965451,0.5333333333333333,8,per_run_oof
deepseek_r1_distill_1p5b__arc_test_00217_bf4df470__temp0.60__seed7,0.23282609160709383,0.9375,8,per_run_oof
deepseek_r1_distill_1p5b__arc_test_00217_bf4df470__temp1.00__seed7,0.24898286007899317,0.5714285714285714,8,per_run_oof
deepseek_r1_distill_1p5b__arc_test_00218_46fcf61c__temp0.10__seed7,0.20273766729041093,1.0,8,per_run_oof
deepseek_r1_distill_1p5b__arc_test_00218_46fcf61c__temp0.60__seed7,0.21165758719728783,0.9333333333333333,8,per_run_oof
deepseek_r1_distill_1p5b__arc_test_00218_46fcf61c__temp1.00__seed7,0.2225008011702131,0.8571428571428572,8,per_run_oof
deepseek_r1_distill_1p5b__arc_test_00219_c870c797__temp0.10__seed7,0.25189880533985043,0.6666666666666667,8,per_run_oof
deepseek_r1_distill_1p5b__arc_test_00219_c870c797__temp0.60__seed7,0.24211179576236014,0.9166666666666667,8,per_run_oof
deepseek_r1_distill_1p5b__arc_test_00219_c870c797__temp1.00__seed7,0.2178523528206739,0.9166666666666667,8,per_run_oof
deepseek_r1_distill_1p5b__arc_test_00220_097cf44e__temp0.10__seed7,0.24786953566948405,,8,per_run_oof
deepseek_r1_distill_1p5b__arc_test_00220_097cf44e__temp0.60__seed7,0.23450449601171158,0.1428571428571429,8,per_run_oof
deepseek_r1_distill_1p5b__arc_test_00220_097cf44e__temp1.00__seed7,0.27622724863415116,0.0,8,per_run_oof
deepseek_r1_distill_1p5b__arc_test_00221_5bd5f5b6__temp0.10__seed7,0.045962953686594574,,8,per_run_oof
deepseek_r1_distill_1p5b__arc_test_00221_5bd5f5b6__temp0.60__seed7,0.2670241690736656,0.8571428571428571,8,per_run_oof
deepseek_r1_distill_1p5b__arc_test_00221_5bd5f5b6__temp1.00__seed7,0.23278465288597613,,8,per_run_oof
deepseek_r1_distill_1p5b__arc_test_00222_a684f4f8__temp0.10__seed7,0.20837868551161295,0.1428571428571429,8,per_run_oof
deepseek_r1_distill_1p5b__arc_test_00222_a684f4f8__temp0.60__seed7,0.22014800257601985,,8,per_run_oof
deepseek_r1_distill_1p5b__arc_test_00222_a684f4f8__temp1.00__seed7,0.2300626778179682,0.3333333333333333,8,per_run_oof
deepseek_r1_distill_1p5b__arc_test_00223_6e7d642d__temp0.10__seed7,0.23731087450026378,0.8333333333333334,8,per_run_oof
deepseek_r1_distill_1p5b__arc_test_00223_6e7d642d__temp0.60__seed7,0.23845939859317306,1.0,8,per_run_oof
deepseek_r1_distill_1p5b__arc_test_00223_6e7d642d__temp1.00__seed7,0.22381321930820425,1.0,8,per_run_oof
deepseek_r1_distill_1p5b__arc_test_00224_582d24d6__temp0.10__seed7,0.21709397588647794,0.2857142857142857,8,per_run_oof
deepseek_r1_distill_1p5b__arc_test_00224_582d24d6__temp0.60__seed7,0.24531633279306575,0.4666666666666666,8,per_run_oof
deepseek_r1_distill_1p5b__arc_test_00224_582d24d6__temp1.00__seed7,0.21915791287628125,0.8333333333333334,8,per_run_oof
deepseek_r1_distill_1p5b__arc_test_00225_da3fac34__temp0.10__seed7,0.28810363357516144,,8,per_run_oof
deepseek_r1_distill_1p5b__arc_test_00225_da3fac34__temp0.60__seed7,0.33679426150700553,,8,per_run_oof
deepseek_r1_distill_1p5b__arc_test_00225_da3fac34__temp1.00__seed7,0.353119760145314,,8,per_run_oof
deepseek_r1_distill_1p5b__arc_test_00226_73745ecc__temp0.10__seed7,0.22614963172799493,0.5833333333333333,8,per_run_oof
deepseek_r1_distill_1p5b__arc_test_00226_73745ecc__temp0.60__seed7,0.24038826511717687,0.5,8,per_run_oof
deepseek_r1_distill_1p5b__arc_test_00226_73745ecc__temp1.00__seed7,0.22366988908772806,0.5333333333333334,8,per_run_oof
deepseek_r1_distill_1p5b__arc_test_00227_01644897__temp0.10__seed7,0.25594913815212644,0.4166666666666667,8,per_run_oof
deepseek_r1_distill_1p5b__arc_test_00227_01644897__temp0.60__seed7,0.22327875796517077,,8,per_run_oof
deepseek_r1_distill_1p5b__arc_test_00227_01644897__temp1.00__seed7,0.24700001123811374,0.3333333333333333,8,per_run_oof
deepseek_r1_distill_1p5b__arc_test_00228_74062832__temp0.10__seed7,0.30844294789521337,,8,per_run_oof
deepseek_r1_distill_1p5b__arc_test_00228_74062832__temp0.60__seed7,0.32295631279809256,,8,per_run_oof
deepseek_r1_distill_1p5b__arc_test_00228_74062832__temp1.00__seed7,0.2669272344566904,0.9166666666666667,8,per_run_oof
deepseek_r1_distill_1p5b__arc_test_00229_791d4ee9__temp0.10__seed7,0.24316172526510946,0.5625,8,per_run_oof
deepseek_r1_distill_1p5b__arc_test_00229_791d4ee9__temp0.60__seed7,0.2298195794267101,0.8571428571428572,8,per_run_oof
deepseek_r1_distill_1p5b__arc_test_00229_791d4ee9__temp1.00__seed7,0.2147758155244875,,8,per_run_oof
deepseek_r1_distill_1p5b__arc_test_00230_c727a8e3__temp0.10__seed7,0.2481425059584904,0.6666666666666667,8,per_run_oof
deepseek_r1_distill_1p5b__arc_test_00230_c727a8e3__temp0.60__seed7,0.23598394553766955,,8,per_run_oof
deepseek_r1_distill_1p5b__arc_test_00230_c727a8e3__temp1.00__seed7,0.25130540660801437,0.6,8,per_run_oof
deepseek_r1_distill_1p5b__arc_test_00231_c3b445e1__temp0.10__seed7,0.2888457570473321,0.2857142857142857,8,per_run_oof
deepseek_r1_distill_1p5b__arc_test_00231_c3b445e1__temp0.60__seed7,0.24205348725994605,0.8,8,per_run_oof
deepseek_r1_distill_1p5b__arc_test_00231_c3b445e1__temp1.00__seed7,0.2929569819644513,0.4166666666666667,8,per_run_oof
deepseek_r1_distill_1p5b__arc_test_00232_9c0acfca__temp0.10__seed7,0.23488564044258228,1.0,8,per_run_oof
deepseek_r1_distill_1p5b__arc_test_00232_9c0acfca__temp0.60__seed7,0.2504082334247925,1.0,8,per_run_oof
deepseek_r1_distill_1p5b__arc_test_00232_9c0acfca__temp1.00__seed7,0.20899501644397547,0.8125,8,per_run_oof
deepseek_r1_distill_1p5b__arc_test_00233_1a5e4054__temp0.10__seed7,0.23700523739172813,0.6875,8,per_run_oof
deepseek_r1_distill_1p5b__arc_test_00233_1a5e4054__temp0.60__seed7,0.2333981392866052,0.8125,8,per_run_oof
deepseek_r1_distill_1p5b__arc_test_00233_1a5e4054__temp1.00__seed7,0.2750987349236377,0.5625,8,per_run_oof
deepseek_r1_distill_1p5b__arc_test_00234_34339fc0__temp0.10__seed7,0.24965406685445024,0.5,8,per_run_oof
deepseek_r1_distill_1p5b__arc_test_00234_34339fc0__temp0.60__seed7,0.2386477768568638,0.7142857142857143,8,per_run_oof
deepseek_r1_distill_1p5b__arc_test_00234_34339fc0__temp1.00__seed7,0.23391415845949626,0.8125,8,per_run_oof
deepseek_r1_distill_1p5b__arc_test_00235_f711fc61__temp0.10__seed7,0.24497671232078547,,8,per_run_oof
deepseek_r1_distill_1p5b__arc_test_00235_f711fc61__temp0.60__seed7,0.2379804554159934,0.1428571428571429,8,per_run_oof
deepseek_r1_distill_1p5b__arc_test_00235_f711fc61__temp1.00__seed7,0.23794255167265638,,8,per_run_oof
deepseek_r1_distill_1p5b__arc_test_00236_512aedd1__temp0.10__seed7,0.25660217379311284,1.0,8,per_run_oof
deepseek_r1_distill_1p5b__arc_test_00236_512aedd1__temp0.60__seed7,0.25580525884850447,0.33333333333333326,8,per_run_oof
deepseek_r1_distill_1p5b__arc_test_00236_512aedd1__temp1.00__seed7,0.21833762555760766,0.4285714285714286,8,per_run_oof
deepseek_r1_distill_1p5b__arc_test_00237_397f6822__temp0.10__seed7,0.2890478951913158,,8,per_run_oof
deepseek_r1_distill_1p5b__arc_test_00237_397f6822__temp0.60__seed7,0.24363711912056626,0.6,8,per_run_oof
deepseek_r1_distill_1p5b__arc_test_00237_397f6822__temp1.00__seed7,0.27328793193365664,0.2857142857142857,8,per_run_oof
deepseek_r1_distill_1p5b__arc_test_00238_694f40e1__temp0.10__seed7,0.24486402650872074,0.625,8,per_run_oof
deepseek_r1_distill_1p5b__arc_test_00238_694f40e1__temp0.60__seed7,0.2521575722463707,0.3333333333333333,8,per_run_oof
deepseek_r1_distill_1p5b__arc_test_00238_694f40e1__temp1.00__seed7,0.24088909768105513,0.3333333333333333,8,per_run_oof
deepseek_r1_distill_1p5b__arc_test_00239_e856ec75__temp0.10__seed7,0.25142459876575096,0.8571428571428571,8,per_run_oof
deepseek_r1_distill_1p5b__arc_test_00239_e856ec75__temp0.60__seed7,0.25862324704558715,0.7142857142857143,8,per_run_oof
deepseek_r1_distill_1p5b__arc_test_00239_e856ec75__temp1.00__seed7,0.2480617631455485,0.8571428571428571,8,per_run_oof
deepseek_r1_distill_1p5b__arc_test_00240_6adb9c73__temp0.10__seed7,0.2648529783048262,0.26666666666666666,8,per_run_oof
deepseek_r1_distill_1p5b__arc_test_00240_6adb9c73__temp0.60__seed7,0.22398751167049225,0.9166666666666667,8,per_run_oof
deepseek_r1_distill_1p5b__arc_test_00240_6adb9c73__temp1.00__seed7,0.290099731040682,0.08333333333333331,8,per_run_oof
deepseek_r1_distill_1p5b__arc_test_00241_aea7337b__temp0.10__seed7,0.24353622421225682,0.16666666666666669,8,per_run_oof
deepseek_r1_distill_1p5b__arc_test_00241_aea7337b__temp0.60__seed7,0.2450506750141549,0.33333333333333337,8,per_run_oof
deepseek_r1_distill_1p5b__arc_test_00241_aea7337b__temp1.00__seed7,0.2528406938985468,0.6666666666666667,8,per_run_oof
deepseek_r1_distill_1p5b__arc_test_00242_ee3950c7__temp0.10__seed7,0.23787404846797666,,8,per_run_oof
deepseek_r1_distill_1p5b__arc_test_00242_ee3950c7__temp0.60__seed7,0.26006670297469525,0.0,8,per_run_oof
deepseek_r1_distill_1p5b__arc_test_00242_ee3950c7__temp1.00__seed7,0.20904454937758732,,8,per_run_oof
deepseek_r1_distill_1p5b__arc_test_00243_090c01fc__temp0.10__seed7,0.25939002892170926,0.25,8,per_run_oof
deepseek_r1_distill_1p5b__arc_test_00243_090c01fc__temp0.60__seed7,0.2248911907208569,0.8571428571428572,8,per_run_oof
deepseek_r1_distill_1p5b__arc_test_00243_090c01fc__temp1.00__seed7,0.24761880835621472,,8,per_run_oof
deepseek_r1_distill_1p5b__arc_test_00244_eac3cb67__temp0.10__seed7,0.23535003682456593,,8,per_run_oof
deepseek_r1_distill_1p5b__arc_test_00244_eac3cb67__temp0.60__seed7,0.23319458427709072,,8,per_run_oof
deepseek_r1_distill_1p5b__arc_test_00244_eac3cb67__temp1.00__seed7,0.24325102125239745,,8,per_run_oof
deepseek_r1_distill_1p5b__arc_test_00245_e7db20d6__temp0.10__seed7,0.2332306755253862,,8,per_run_oof
deepseek_r1_distill_1p5b__arc_test_00245_e7db20d6__temp0.60__seed7,0.23336785361622497,0.75,8,per_run_oof
deepseek_r1_distill_1p5b__arc_test_00245_e7db20d6__temp1.00__seed7,0.2839989769349922,0.33333333333333337,8,per_run_oof
deepseek_r1_distill_1p5b__arc_test_00246_a4dca82a__temp0.10__seed7,0.19752088228306905,,8,per_run_oof
deepseek_r1_distill_1p5b__arc_test_00246_a4dca82a__temp0.60__seed7,0.25621628483637365,,8,per_run_oof
deepseek_r1_distill_1p5b__arc_test_00246_a4dca82a__temp1.00__seed7,0.224130568450028,,8,per_run_oof
deepseek_r1_distill_1p5b__arc_test_00247_26a37da4__temp0.10__seed7,0.27553754900386207,0.2666666666666666,8,per_run_oof
deepseek_r1_distill_1p5b__arc_test_00247_26a37da4__temp0.60__seed7,0.29049613491302556,0.1428571428571429,8,per_run_oof
deepseek_r1_distill_1p5b__arc_test_00247_26a37da4__temp1.00__seed7,0.26402847107913463,0.4666666666666667,8,per_run_oof
deepseek_r1_distill_1p5b__arc_test_00248_e837902f__temp0.10__seed7,0.21240147755383737,,8,per_run_oof
deepseek_r1_distill_1p5b__arc_test_00248_e837902f__temp0.60__seed7,0.2097939815880151,,8,per_run_oof
deepseek_r1_distill_1p5b__arc_test_00248_e837902f__temp1.00__seed7,0.25711817855412655,0.16666666666666669,8,per_run_oof
deepseek_r1_distill_1p5b__arc_test_00249_d6f66ee0__temp0.10__seed7,0.24098965455713886,0.5333333333333333,8,per_run_oof
deepseek_r1_distill_1p5b__arc_test_00249_d6f66ee0__temp0.60__seed7,0.23028855373954488,0.25,8,per_run_oof
deepseek_r1_distill_1p5b__arc_test_00249_d6f66ee0__temp1.00__seed7,0.2473108013384919,0.6666666666666667,8,per_run_oof
deepseek_r1_distill_1p5b__arc_test_00250_f494c296__temp0.10__seed7,0.25733131968596457,0.4166666666666667,8,per_run_oof
deepseek_r1_distill_1p5b__arc_test_00250_f494c296__temp0.60__seed7,0.2543929904327621,,8,per_run_oof
deepseek_r1_distill_1p5b__arc_test_00250_f494c296__temp1.00__seed7,0.2541042084904451,0.4285714285714286,8,per_run_oof
deepseek_r1_distill_1p5b__arc_test_00251_80eac29b__temp0.10__seed7,0.2551100817203751,0.16666666666666663,8,per_run_oof
deepseek_r1_distill_1p5b__arc_test_00251_80eac29b__temp0.60__seed7,0.21644201676757954,0.6666666666666667,8,per_run_oof
deepseek_r1_distill_1p5b__arc_test_00251_80eac29b__temp1.00__seed7,0.22534363048385464,1.0,8,per_run_oof
deepseek_r1_distill_1p5b__arc_test_00252_e5585101__temp0.10__seed7,0.22464425769869426,0.4285714285714286,8,per_run_oof
deepseek_r1_distill_1p5b__arc_test_00252_e5585101__temp0.60__seed7,0.21363674161936824,,8,per_run_oof
deepseek_r1_distill_1p5b__arc_test_00252_e5585101__temp1.00__seed7,0.20826172270739807,1.0,8,per_run_oof
deepseek_r1_distill_1p5b__arc_test_00253_8b812a8a__temp0.10__seed7,0.23407681893939086,0.6666666666666666,8,per_run_oof
deepseek_r1_distill_1p5b__arc_test_00253_8b812a8a__temp0.60__seed7,0.2390406315516889,,8,per_run_oof
deepseek_r1_distill_1p5b__arc_test_00253_8b812a8a__temp1.00__seed7,0.25796594644691095,,8,per_run_oof
deepseek_r1_distill_1p5b__arc_test_00254_992b459f__temp0.10__seed7,0.2509102816712303,0.5714285714285714,8,per_run_oof
deepseek_r1_distill_1p5b__arc_test_00254_992b459f__temp0.60__seed7,0.23562035243373203,0.5333333333333333,8,per_run_oof
deepseek_r1_distill_1p5b__arc_test_00254_992b459f__temp1.00__seed7,0.27035547314120273,0.25,8,per_run_oof
deepseek_r1_distill_1p5b__arc_test_00255_ab08e434__temp0.10__seed7,0.24487205846028054,0.5625,8,per_run_oof
deepseek_r1_distill_1p5b__arc_test_00255_ab08e434__temp0.60__seed7,0.24335813938128506,,8,per_run_oof
deepseek_r1_distill_1p5b__arc_test_00255_ab08e434__temp1.00__seed7,0.23491119911845496,0.4285714285714286,8,per_run_oof
deepseek_r1_distill_1p5b__arc_test_00256_73563be9__temp0.10__seed7,0.2476319776809668,0.0,8,per_run_oof
deepseek_r1_distill_1p5b__arc_test_00256_73563be9__temp0.60__seed7,0.28151908683963855,,8,per_run_oof
deepseek_r1_distill_1p5b__arc_test_00256_73563be9__temp1.00__seed7,0.23296534442495404,0.5714285714285714,8,per_run_oof
deepseek_r1_distill_1p5b__arc_test_00257_01acf152__temp0.10__seed7,0.25825291820540575,0.1428571428571429,8,per_run_oof
deepseek_r1_distill_1p5b__arc_test_00257_01acf152__temp0.60__seed7,0.2523824748562418,0.5,8,per_run_oof
deepseek_r1_distill_1p5b__arc_test_00257_01acf152__temp1.00__seed7,0.24220283516801583,0.6,8,per_run_oof
deepseek_r1_distill_1p5b__arc_test_00258_6a879ef1__temp0.10__seed7,0.23646173128254175,0.0,8,per_run_oof
deepseek_r1_distill_1p5b__arc_test_00258_6a879ef1__temp0.60__seed7,0.24650200803768463,0.39999999999999997,8,per_run_oof
deepseek_r1_distill_1p5b__arc_test_00258_6a879ef1__temp1.00__seed7,0.22213888864063402,,8,per_run_oof
deepseek_r1_distill_1p5b__arc_test_00259_6493bd62__temp0.10__seed7,0.22127761607357072,,8,per_run_oof
deepseek_r1_distill_1p5b__arc_test_00259_6493bd62__temp0.60__seed7,0.21031466752488273,,8,per_run_oof
deepseek_r1_distill_1p5b__arc_test_00259_6493bd62__temp1.00__seed7,0.23777040223055237,,8,per_run_oof
deepseek_r1_distill_1p5b__arc_test_00260_9c369e3f__temp0.10__seed7,0.23055681842233008,0.2857142857142857,8,per_run_oof
deepseek_r1_distill_1p5b__arc_test_00260_9c369e3f__temp0.60__seed7,0.23695841832231196,0.4285714285714286,8,per_run_oof
deepseek_r1_distill_1p5b__arc_test_00260_9c369e3f__temp1.00__seed7,0.23359138809474106,0.6666666666666667,8,per_run_oof
deepseek_r1_distill_1p5b__arc_test_00261_bd91b0d2__temp0.10__seed7,0.24071239101764363,0.2857142857142857,8,per_run_oof
deepseek_r1_distill_1p5b__arc_test_00261_bd91b0d2__temp0.60__seed7,0.3045557197530959,0.0,8,per_run_oof
deepseek_r1_distill_1p5b__arc_test_00261_bd91b0d2__temp1.00__seed7,0.23157641094087503,0.5,8,per_run_oof
deepseek_r1_distill_1p5b__arc_test_00262_378e4c2d__temp0.10__seed7,0.2529075309443617,0.5833333333333333,8,per_run_oof
deepseek_r1_distill_1p5b__arc_test_00262_378e4c2d__temp0.60__seed7,0.2748342954466597,,8,per_run_oof
deepseek_r1_distill_1p5b__arc_test_00262_378e4c2d__temp1.00__seed7,0.2766689258334152,,8,per_run_oof
deepseek_r1_distill_1p5b__arc_test_00263_1ca9e9de__temp0.10__seed7,0.2831444990551277,0.125,8,per_run_oof
deepseek_r1_distill_1p5b__arc_test_00263_1ca9e9de__temp0.60__seed7,0.21552419463032932,,8,per_run_oof
deepseek_r1_distill_1p5b__arc_test_00263_1ca9e9de__temp1.00__seed7,0.20124635541358538,,8,per_run_oof
deepseek_r1_distill_1p5b__arc_test_00264_dda0b59d__temp0.10__seed7,0.19422068138417475,,8,per_run_oof
deepseek_r1_distill_1p5b__arc_test_00264_dda0b59d__temp0.60__seed7,0.22284388564073554,0.7333333333333333,8,per_run_oof
deepseek_r1_distill_1p5b__arc_test_00264_dda0b59d__temp1.00__seed7,0.20902411494970025,,8,per_run_oof
deepseek_r1_distill_1p5b__arc_test_00265_1d1eed16__temp0.10__seed7,0.24226890302922208,0.625,8,per_run_oof
deepseek_r1_distill_1p5b__arc_test_00265_1d1eed16__temp0.60__seed7,0.25750729483109436,0.39999999999999997,8,per_run_oof
deepseek_r1_distill_1p5b__arc_test_00265_1d1eed16__temp1.00__seed7,0.2391657397439087,0.6875,8,per_run_oof
deepseek_r1_distill_1p5b__arc_test_00266_d59e88fe__temp0.10__seed7,0.23406923872009733,0.5333333333333333,8,per_run_oof
deepseek_r1_distill_1p5b__arc_test_00266_d59e88fe__temp0.60__seed7,0.22215180940067514,,8,per_run_oof
deepseek_r1_distill_1p5b__arc_test_00266_d59e88fe__temp1.00__seed7,0.1943579068479863,,8,per_run_oof
deepseek_r1_distill_1p5b__arc_test_00267_0f835ed5__temp0.10__seed7,0.23336038530214184,1.0,8,per_run_oof
deepseek_r1_distill_1p5b__arc_test_00267_0f835ed5__temp0.60__seed7,0.23967537297400698,0.8666666666666667,8,per_run_oof
deepseek_r1_distill_1p5b__arc_test_00267_0f835ed5__temp1.00__seed7,0.24111761722238256,0.8333333333333333,8,per_run_oof
deepseek_r1_distill_1p5b__arc_test_00268_5b12089f__temp0.10__seed7,0.22794390127096528,0.8571428571428571,8,per_run_oof
deepseek_r1_distill_1p5b__arc_test_00268_5b12089f__temp0.60__seed7,0.20699466996073337,,8,per_run_oof
deepseek_r1_distill_1p5b__arc_test_00268_5b12089f__temp1.00__seed7,0.23096346012137037,0.8125,8,per_run_oof
deepseek_r1_distill_1p5b__arc_test_00269_7ee8bce6__temp0.10__seed7,0.25883259154317084,,8,per_run_oof
deepseek_r1_distill_1p5b__arc_test_00269_7ee8bce6__temp0.60__seed7,0.2820630978133539,0.4285714285714286,8,per_run_oof
deepseek_r1_distill_1p5b__arc_test_00269_7ee8bce6__temp1.00__seed7,0.2667224478614384,0.1428571428571429,8,per_run_oof
deepseek_r1_distill_1p5b__arc_test_00270_9797a61e__temp0.10__seed7,0.2154216216414377,0.8333333333333334,8,per_run_oof
deepseek_r1_distill_1p5b__arc_test_00270_9797a61e__temp0.60__seed7,0.2589507731510038,0.6666666666666667,8,per_run_oof
deepseek_r1_distill_1p5b__arc_test_00270_9797a61e__temp1.00__seed7,0.2929373171995011,,8,per_run_oof
deepseek_r1_distill_1p5b__arc_test_00271_dc9048d3__temp0.10__seed7,0.24702403900360995,0.625,8,per_run_oof
deepseek_r1_distill_1p5b__arc_test_00271_dc9048d3__temp0.60__seed7,0.2839579814008001,,8,per_run_oof
deepseek_r1_distill_1p5b__arc_test_00271_dc9048d3__temp1.00__seed7,0.2736166833655845,0.1428571428571429,8,per_run_oof
deepseek_r1_distill_1p5b__arc_test_00272_ee17c4c8__temp0.10__seed7,0.24587408478877262,0.5333333333333333,8,per_run_oof
deepseek_r1_distill_1p5b__arc_test_00272_ee17c4c8__temp0.60__seed7,0.25033484641464987,0.41666666666666663,8,per_run_oof
deepseek_r1_distill_1p5b__arc_test_00272_ee17c4c8__temp1.00__seed7,0.2238575549911735,0.9333333333333333,8,per_run_oof
deepseek_r1_distill_1p5b__arc_test_00273_b997fd4e__temp0.10__seed7,0.2342239902734239,,8,per_run_oof
deepseek_r1_distill_1p5b__arc_test_00273_b997fd4e__temp0.60__seed7,0.21988519118864655,0.8571428571428572,8,per_run_oof
deepseek_r1_distill_1p5b__arc_test_00273_b997fd4e__temp1.00__seed7,0.21050274849775774,,8,per_run_oof
deepseek_r1_distill_1p5b__arc_test_00274_a74e5699__temp0.10__seed7,0.23252546241241148,,8,per_run_oof
deepseek_r1_distill_1p5b__arc_test_00274_a74e5699__temp0.60__seed7,0.28276715204580516,,8,per_run_oof
deepseek_r1_distill_1p5b__arc_test_00274_a74e5699__temp1.00__seed7,0.2746529783663119,,8,per_run_oof
deepseek_r1_distill_1p5b__arc_test_00275_596151c2__temp0.10__seed7,0.19297975957488292,,8,per_run_oof
deepseek_r1_distill_1p5b__arc_test_00275_596151c2__temp0.60__seed7,0.2274708485564656,0.2857142857142857,8,per_run_oof
deepseek_r1_distill_1p5b__arc_test_00275_596151c2__temp1.00__seed7,0.20813097894091392,,8,per_run_oof
deepseek_r1_distill_1p5b__arc_test_00276_c2cefe09__temp0.10__seed7,0.28645578627718543,0.0,8,per_run_oof
deepseek_r1_distill_1p5b__arc_test_00276_c2cefe09__temp0.60__seed7,0.3326151384180527,0.16666666666666669,8,per_run_oof
deepseek_r1_distill_1p5b__arc_test_00276_c2cefe09__temp1.00__seed7,0.22594130645763982,0.9333333333333333,8,per_run_oof
deepseek_r1_distill_1p5b__arc_test_00277_9faf8219__temp0.10__seed7,0.2900793722523312,,8,per_run_oof
deepseek_r1_distill_1p5b__arc_test_00277_9faf8219__temp0.60__seed7,0.2853772782305003,,8,per_run_oof
deepseek_r1_distill_1p5b__arc_test_00277_9faf8219__temp1.00__seed7,0.2558496241980574,,8,per_run_oof
deepseek_r1_distill_1p5b__arc_test_00278_8fc1e732__temp0.10__seed7,0.26380163889026514,,8,per_run_oof
deepseek_r1_distill_1p5b__arc_test_00278_8fc1e732__temp0.60__seed7,0.2717201219242172,,8,per_run_oof
deepseek_r1_distill_1p5b__arc_test_00278_8fc1e732__temp1.00__seed7,0.25671917575618103,0.4285714285714286,8,per_run_oof
deepseek_r1_distill_1p5b__arc_test_00279_890033b7__temp0.10__seed7,0.2438980138406439,0.625,8,per_run_oof
deepseek_r1_distill_1p5b__arc_test_00279_890033b7__temp0.60__seed7,0.2473530933149375,0.25,8,per_run_oof
deepseek_r1_distill_1p5b__arc_test_00279_890033b7__temp1.00__seed7,0.23441959430925607,0.8333333333333333,8,per_run_oof
deepseek_r1_distill_1p5b__arc_test_00280_6086acb4__temp0.10__seed7,0.2619761639707634,0.6666666666666666,8,per_run_oof
deepseek_r1_distill_1p5b__arc_test_00280_6086acb4__temp0.60__seed7,0.24763516427780324,0.8571428571428571,8,per_run_oof
deepseek_r1_distill_1p5b__arc_test_00280_6086acb4__temp1.00__seed7,0.2319355807031404,1.0,8,per_run_oof
deepseek_r1_distill_1p5b__arc_test_00281_3edf5f7c__temp0.10__seed7,0.1800474370726838,0.75,8,per_run_oof
deepseek_r1_distill_1p5b__arc_test_00281_3edf5f7c__temp0.60__seed7,0.22153801983496887,0.6000000000000001,8,per_run_oof
deepseek_r1_distill_1p5b__arc_test_00281_3edf5f7c__temp1.00__seed7,0.2459461342999843,0.75,8,per_run_oof
deepseek_r1_distill_1p5b__arc_test_00282_18a50a3d__temp0.10__seed7,0.1934035265923501,,8,per_run_oof
deepseek_r1_distill_1p5b__arc_test_00282_18a50a3d__temp0.60__seed7,0.2425393968977534,,8,per_run_oof
deepseek_r1_distill_1p5b__arc_test_00282_18a50a3d__temp1.00__seed7,0.23642859137247368,,8,per_run_oof
deepseek_r1_distill_1p5b__arc_test_00283_9f2902d5__temp0.10__seed7,0.23186116386083994,0.8125,8,per_run_oof
deepseek_r1_distill_1p5b__arc_test_00283_9f2902d5__temp0.60__seed7,0.19465352804021502,0.8571428571428571,8,per_run_oof
deepseek_r1_distill_1p5b__arc_test_00283_9f2902d5__temp1.00__seed7,0.18185789055592314,0.7142857142857143,8,per_run_oof
deepseek_r1_distill_1p5b__arc_test_00284_10cb5673__temp0.10__seed7,0.21390377008750378,,8,per_run_oof
deepseek_r1_distill_1p5b__arc_test_00284_10cb5673__temp0.60__seed7,0.24437650247098958,0.5714285714285714,8,per_run_oof
deepseek_r1_distill_1p5b__arc_test_00284_10cb5673__temp1.00__seed7,0.23955966450945515,,8,per_run_oof
deepseek_r1_distill_1p5b__arc_test_00285_d40e9f15__temp0.10__seed7,0.2163809266337124,0.6000000000000001,8,per_run_oof
deepseek_r1_distill_1p5b__arc_test_00285_d40e9f15__temp0.60__seed7,0.21624089130160642,,8,per_run_oof
deepseek_r1_distill_1p5b__arc_test_00285_d40e9f15__temp1.00__seed7,0.18192769585404533,,8,per_run_oof
deepseek_r1_distill_1p5b__arc_test_00286_0773fa77__temp0.10__seed7,0.26576030261497385,,8,per_run_oof
deepseek_r1_distill_1p5b__arc_test_00286_0773fa77__temp0.60__seed7,0.26949510635526985,0.1428571428571429,8,per_run_oof
deepseek_r1_distill_1p5b__arc_test_00286_0773fa77__temp1.00__seed7,0.25031630924724774,0.16666666666666669,8,per_run_oof
deepseek_r1_distill_1p5b__arc_test_00287_19839f07__temp0.10__seed7,0.25196049695334133,0.2857142857142857,8,per_run_oof
deepseek_r1_distill_1p5b__arc_test_00287_19839f07__temp0.60__seed7,0.2476905989329513,,8,per_run_oof
deepseek_r1_distill_1p5b__arc_test_00287_19839f07__temp1.00__seed7,0.19525350198727787,0.75,8,per_run_oof
deepseek_r1_distill_1p5b__arc_test_00288_e90a5f0c__temp0.10__seed7,0.28030307107431573,,8,per_run_oof
deepseek_r1_distill_1p5b__arc_test_00288_e90a5f0c__temp0.60__seed7,0.291964345900545,,8,per_run_oof
deepseek_r1_distill_1p5b__arc_test_00288_e90a5f0c__temp1.00__seed7,0.2530654708610895,0.5,8,per_run_oof
deepseek_r1_distill_1p5b__arc_test_00289_a783fa79__temp0.10__seed7,0.20807907078957177,,8,per_run_oof
deepseek_r1_distill_1p5b__arc_test_00289_a783fa79__temp0.60__seed7,0.24021382141110487,,8,per_run_oof
deepseek_r1_distill_1p5b__arc_test_00289_a783fa79__temp1.00__seed7,0.20355310208265998,,8,per_run_oof
deepseek_r1_distill_1p5b__arc_test_00290_cda60f09__temp0.10__seed7,0.2348638628959962,0.6000000000000001,8,per_run_oof
deepseek_r1_distill_1p5b__arc_test_00290_cda60f09__temp0.60__seed7,0.193249832519124,1.0,8,per_run_oof
deepseek_r1_distill_1p5b__arc_test_00290_cda60f09__temp1.00__seed7,0.19878938814536234,,8,per_run_oof
deepseek_r1_distill_1p5b__arc_test_00291_3092c86e__temp0.10__seed7,0.2711170304439325,0.0,8,per_run_oof
deepseek_r1_distill_1p5b__arc_test_00291_3092c86e__temp0.60__seed7,0.2463646130663929,0.4285714285714286,8,per_run_oof
deepseek_r1_distill_1p5b__arc_test_00291_3092c86e__temp1.00__seed7,0.24595486815689604,0.5,8,per_run_oof
deepseek_r1_distill_1p5b__arc_test_00292_73ead151__temp0.10__seed7,0.23087028282592287,1.0,8,per_run_oof
deepseek_r1_distill_1p5b__arc_test_00292_73ead151__temp0.60__seed7,0.2367916709719568,0.6,8,per_run_oof
deepseek_r1_distill_1p5b__arc_test_00292_73ead151__temp1.00__seed7,0.2518566565047087,0.5625,8,per_run_oof
deepseek_r1_distill_1p5b__arc_test_00293_970b4fd6__temp0.10__seed7,0.26386813283261923,,8,per_run_oof
deepseek_r1_distill_1p5b__arc_test_00293_970b4fd6__temp0.60__seed7,0.2486920509322424,0.8571428571428571,8,per_run_oof
deepseek_r1_distill_1p5b__arc_test_00293_970b4fd6__temp1.00__seed7,0.25619409769657564,0.4375,8,per_run_oof
deepseek_r1_distill_1p5b__arc_test_00294_062a3bf2__temp0.10__seed7,0.23460909830634938,0.8571428571428571,8,per_run_oof
deepseek_r1_distill_1p5b__arc_test_00294_062a3bf2__temp0.60__seed7,0.22358931905936558,,8,per_run_oof
deepseek_r1_distill_1p5b__arc_test_00294_062a3bf2__temp1.00__seed7,0.22842543223961595,0.9166666666666667,8,per_run_oof
deepseek_r1_distill_1p5b__arc_test_00295_f0549092__temp0.10__seed7,0.2798036151872097,,8,per_run_oof
deepseek_r1_distill_1p5b__arc_test_00295_f0549092__temp0.60__seed7,0.28571313330519277,,8,per_run_oof
deepseek_r1_distill_1p5b__arc_test_00295_f0549092__temp1.00__seed7,0.2919604217899522,0.0,8,per_run_oof
deepseek_r1_distill_1p5b__arc_test_00296_629ab988__temp0.10__seed7,0.2375113493736518,0.4285714285714286,8,per_run_oof
deepseek_r1_distill_1p5b__arc_test_00296_629ab988__temp0.60__seed7,0.24194693255692296,,8,per_run_oof
deepseek_r1_distill_1p5b__arc_test_00296_629ab988__temp1.00__seed7,0.2149933738283044,,8,per_run_oof
deepseek_r1_distill_1p5b__arc_test_00297_8696a932__temp0.10__seed7,0.21371646008477121,0.4285714285714286,8,per_run_oof
deepseek_r1_distill_1p5b__arc_test_00297_8696a932__temp0.60__seed7,0.21984235632460078,0.2857142857142857,8,per_run_oof
deepseek_r1_distill_1p5b__arc_test_00297_8696a932__temp1.00__seed7,0.2866526438841426,0.1428571428571429,8,per_run_oof
deepseek_r1_distill_1p5b__arc_test_00298_3258495d__temp0.10__seed7,0.22331439072194417,,8,per_run_oof
deepseek_r1_distill_1p5b__arc_test_00298_3258495d__temp0.60__seed7,0.22770560646574273,0.8571428571428571,8,per_run_oof
deepseek_r1_distill_1p5b__arc_test_00298_3258495d__temp1.00__seed7,0.22726071133773498,1.0,8,per_run_oof
deepseek_r1_distill_1p5b__arc_test_00299_511f7585__temp0.10__seed7,0.25568361667225453,0.8571428571428571,8,per_run_oof
deepseek_r1_distill_1p5b__arc_test_00299_511f7585__temp0.60__seed7,0.2376510385724095,,8,per_run_oof
deepseek_r1_distill_1p5b__arc_test_00299_511f7585__temp1.00__seed7,0.2559170830935509,0.7142857142857143,8,per_run_oof
deepseek_r1_distill_1p5b__arc_test_00300_2adf3ed7__temp0.10__seed7,0.22761525853693718,,8,per_run_oof
deepseek_r1_distill_1p5b__arc_test_00300_2adf3ed7__temp0.60__seed7,0.23632920986982553,,8,per_run_oof
deepseek_r1_distill_1p5b__arc_test_00300_2adf3ed7__temp1.00__seed7,0.23934611446019927,,8,per_run_oof
deepseek_r1_distill_1p5b__arc_test_00301_71f149ab__temp0.10__seed7,0.21951087039334113,0.2857142857142857,8,per_run_oof
deepseek_r1_distill_1p5b__arc_test_00301_71f149ab__temp0.60__seed7,0.23621339849205758,0.5,8,per_run_oof
deepseek_r1_distill_1p5b__arc_test_00301_71f149ab__temp1.00__seed7,0.20553742102042227,,8,per_run_oof
deepseek_r1_distill_1p5b__arc_test_00302_067ef958__temp0.10__seed7,0.234907560494255,0.4285714285714286,8,per_run_oof
deepseek_r1_distill_1p5b__arc_test_00302_067ef958__temp0.60__seed7,0.21696343130677678,,8,per_run_oof
deepseek_r1_distill_1p5b__arc_test_00302_067ef958__temp1.00__seed7,0.21313934115504046,,8,per_run_oof
deepseek_r1_distill_1p5b__arc_test_00303_5f214f65__temp0.10__seed7,0.2520112319402418,,8,per_run_oof
deepseek_r1_distill_1p5b__arc_test_00303_5f214f65__temp0.60__seed7,0.20978048718133202,0.6666666666666666,8,per_run_oof
deepseek_r1_distill_1p5b__arc_test_00303_5f214f65__temp1.00__seed7,0.2487186349165052,0.0,8,per_run_oof
deepseek_r1_distill_1p5b__arc_test_00304_68a61690__temp0.10__seed7,0.25675833338013354,,8,per_run_oof
deepseek_r1_distill_1p5b__arc_test_00304_68a61690__temp0.60__seed7,0.24761852691930758,0.7142857142857143,8,per_run_oof
deepseek_r1_distill_1p5b__arc_test_00304_68a61690__temp1.00__seed7,0.20649769968448106,0.8333333333333334,8,per_run_oof
deepseek_r1_distill_1p5b__arc_test_00305_b8a94dee__temp0.10__seed7,0.2686624252661668,,8,per_run_oof
deepseek_r1_distill_1p5b__arc_test_00305_b8a94dee__temp0.60__seed7,0.2489012864391314,0.4285714285714286,8,per_run_oof
deepseek_r1_distill_1p5b__arc_test_00305_b8a94dee__temp1.00__seed7,0.21476091175396617,1.0,8,per_run_oof
deepseek_r1_distill_1p5b__arc_test_00306_569880d5__temp0.10__seed7,0.21558702409426903,,8,per_run_oof
deepseek_r1_distill_1p5b__arc_test_00306_569880d5__temp0.60__seed7,0.22109547553963654,,8,per_run_oof
deepseek_r1_distill_1p5b__arc_test_00306_569880d5__temp1.00__seed7,0.22806534201893053,0.8571428571428571,8,per_run_oof
deepseek_r1_distill_1p5b__arc_test_00307_342fce9a__temp0.10__seed7,0.21164254827164497,0.8571428571428571,8,per_run_oof
deepseek_r1_distill_1p5b__arc_test_00307_342fce9a__temp0.60__seed7,0.22705403161786025,0.5833333333333334,8,per_run_oof
deepseek_r1_distill_1p5b__arc_test_00307_342fce9a__temp1.00__seed7,0.239612957113649,0.5625,8,per_run_oof
deepseek_r1_distill_1p5b__arc_test_00308_7c35de8f__temp0.10__seed7,0.2769840361578887,,8,per_run_oof
deepseek_r1_distill_1p5b__arc_test_00308_7c35de8f__temp0.60__seed7,0.27482347290509335,,8,per_run_oof
deepseek_r1_distill_1p5b__arc_test_00308_7c35de8f__temp1.00__seed7,0.2760395707329033,,8,per_run_oof
deepseek_r1_distill_1p5b__arc_test_00309_2326f22b__temp0.10__seed7,0.29477070348006773,0.0,8,per_run_oof
deepseek_r1_distill_1p5b__arc_test_00309_2326f22b__temp0.60__seed7,0.2976454210237921,,8,per_run_oof
deepseek_r1_distill_1p5b__arc_test_00309_2326f22b__temp1.00__seed7,0.28669806568658374,0.2857142857142857,8,per_run_oof
deepseek_r1_distill_1p5b__arc_test_00310_d803e449__temp0.10__seed7,0.26881166472740603,,8,per_run_oof
deepseek_r1_distill_1p5b__arc_test_00310_d803e449__temp0.60__seed7,0.26516874639846966,0.7142857142857143,8,per_run_oof
deepseek_r1_distill_1p5b__arc_test_00310_d803e449__temp1.00__seed7,0.2424539993293881,0.8333333333333334,8,per_run_oof
deepseek_r1_distill_1p5b__arc_test_00311_22e258f1__temp0.10__seed7,0.23353080919216151,,8,per_run_oof
deepseek_r1_distill_1p5b__arc_test_00311_22e258f1__temp0.60__seed7,0.24320817409116524,0.7142857142857143,8,per_run_oof
deepseek_r1_distill_1p5b__arc_test_00311_22e258f1__temp1.00__seed7,0.2502657157178759,0.4666666666666666,8,per_run_oof
deepseek_r1_distill_1p5b__arc_test_00312_46de9ba7__temp0.10__seed7,0.23017543989205957,0.375,8,per_run_oof
deepseek_r1_distill_1p5b__arc_test_00312_46de9ba7__temp0.60__seed7,0.24739220253888283,0.5625,8,per_run_oof
deepseek_r1_distill_1p5b__arc_test_00312_46de9ba7__temp1.00__seed7,0.23557338641123246,0.7142857142857143,8,per_run_oof
deepseek_r1_distill_1p5b__arc_test_00313_6a647b21__temp0.10__seed7,0.24524734860675979,0.7333333333333333,8,per_run_oof
deepseek_r1_distill_1p5b__arc_test_00313_6a647b21__temp0.60__seed7,0.23879115270765794,0.6875,8,per_run_oof
deepseek_r1_distill_1p5b__arc_test_00313_6a647b21__temp1.00__seed7,0.24698431931517545,0.6666666666666667,8,per_run_oof
deepseek_r1_distill_1p5b__arc_test_00314_c9337b20__temp0.10__seed7,0.23783200763500062,0.25,8,per_run_oof
deepseek_r1_distill_1p5b__arc_test_00314_c9337b20__temp0.60__seed7,0.2360449836204988,0.33333333333333337,8,per_run_oof
deepseek_r1_distill_1p5b__arc_test_00314_c9337b20__temp1.00__seed7,0.23439317980341157,0.7142857142857143,8,per_run_oof
deepseek_r1_distill_1p5b__arc_test_00315_04264bf6__temp0.10__seed7,0.23864100452750642,0.5714285714285714,8,per_run_oof
deepseek_r1_distill_1p5b__arc_test_00315_04264bf6__temp0.60__seed7,0.2606217797364327,,8,per_run_oof
deepseek_r1_distill_1p5b__arc_test_00315_04264bf6__temp1.00__seed7,0.24491588747188742,0.8571428571428572,8,per_run_oof
deepseek_r1_distill_1p5b__arc_test_00316_3de47e95__temp0.10__seed7,0.23425722950918293,0.0,8,per_run_oof
deepseek_r1_distill_1p5b__arc_test_00316_3de47e95__temp0.60__seed7,0.22985548379934,0.5833333333333334,8,per_run_oof
deepseek_r1_distill_1p5b__arc_test_00316_3de47e95__temp1.00__seed7,0.1916003466708734,,8,per_run_oof
deepseek_r1_distill_1p5b__arc_test_00317_6f9be3d9__temp0.10__seed7,0.279099454900927,,8,per_run_oof
deepseek_r1_distill_1p5b__arc_test_00317_6f9be3d9__temp0.60__seed7,0.2590040755336247,,8,per_run_oof
deepseek_r1_distill_1p5b__arc_test_00317_6f9be3d9__temp1.00__seed7,0.21613482789912306,,8,per_run_oof
deepseek_r1_distill_1p5b__arc_test_00318_3f0be9a6__temp0.10__seed7,0.2518911256202292,0.1428571428571429,8,per_run_oof
deepseek_r1_distill_1p5b__arc_test_00318_3f0be9a6__temp0.60__seed7,0.23166291441472553,0.8125,8,per_run_oof
deepseek_r1_distill_1p5b__arc_test_00318_3f0be9a6__temp1.00__seed7,0.22431904919882062,,8,per_run_oof
deepseek_r1_distill_1p5b__arc_test_00319_9b046cae__temp0.10__seed7,0.24516245138814619,0.5333333333333333,8,per_run_oof
deepseek_r1_distill_1p5b__arc_test_00319_9b046cae__temp0.60__seed7,0.2368989449634999,0.5833333333333334,8,per_run_oof
deepseek_r1_distill_1p5b__arc_test_00319_9b046cae__temp1.00__seed7,0.2493620134176782,0.5333333333333333,8,per_run_oof
deepseek_r1_distill_1p5b__arc_test_00320_46d19bd1__temp0.10__seed7,0.23126009188074784,0.1428571428571429,8,per_run_oof
deepseek_r1_distill_1p5b__arc_test_00320_46d19bd1__temp0.60__seed7,0.2539753330781203,,8,per_run_oof
deepseek_r1_distill_1p5b__arc_test_00320_46d19bd1__temp1.00__seed7,0.21823227352668567,,8,per_run_oof
deepseek_r1_distill_1p5b__arc_test_00321_443c5c74__temp0.10__seed7,0.22234606262438522,1.0,8,per_run_oof
deepseek_r1_distill_1p5b__arc_test_00321_443c5c74__temp0.60__seed7,0.22659777268690207,0.9333333333333333,8,per_run_oof
deepseek_r1_distill_1p5b__arc_test_00321_443c5c74__temp1.00__seed7,0.22496244241692945,1.0,8,per_run_oof
deepseek_r1_distill_1p5b__arc_test_00322_a862010b__temp0.10__seed7,0.25569469212534207,0.375,8,per_run_oof
deepseek_r1_distill_1p5b__arc_test_00322_a862010b__temp0.60__seed7,0.22987434006940993,0.5833333333333333,8,per_run_oof
deepseek_r1_distill_1p5b__arc_test_00322_a862010b__temp1.00__seed7,0.2507091567420595,0.4285714285714286,8,per_run_oof
deepseek_r1_distill_1p5b__arc_test_00323_1d6a50b8__temp0.10__seed7,0.23641646293315693,0.8666666666666667,8,per_run_oof
deepseek_r1_distill_1p5b__arc_test_00323_1d6a50b8__temp0.60__seed7,0.26893710848276425,0.6666666666666667,8,per_run_oof
deepseek_r1_distill_1p5b__arc_test_00323_1d6a50b8__temp1.00__seed7,0.2089690375609013,0.8333333333333334,8,per_run_oof
deepseek_r1_distill_1p5b__arc_test_00324_f52c20ae__temp0.10__seed7,0.25426420073244205,,8,per_run_oof
deepseek_r1_distill_1p5b__arc_test_00324_f52c20ae__temp0.60__seed7,0.2703127038187546,0.2857142857142857,8,per_run_oof
deepseek_r1_distill_1p5b__arc_test_00324_f52c20ae__temp1.00__seed7,0.27800162097871267,,8,per_run_oof
deepseek_r1_distill_1p5b__arc_test_00325_3a2e8dd5__temp0.10__seed7,0.2446343138194128,0.6666666666666666,8,per_run_oof
deepseek_r1_distill_1p5b__arc_test_00325_3a2e8dd5__temp0.60__seed7,0.2547662014778533,0.4,8,per_run_oof
deepseek_r1_distill_1p5b__arc_test_00325_3a2e8dd5__temp1.00__seed7,0.23474943342045496,0.9166666666666667,8,per_run_oof
deepseek_r1_distill_1p5b__arc_test_00326_e67c5fe9__temp0.10__seed7,0.24436678196707992,0.5625,8,per_run_oof
deepseek_r1_distill_1p5b__arc_test_00326_e67c5fe9__temp0.60__seed7,0.2303258331891213,0.8666666666666667,8,per_run_oof
deepseek_r1_distill_1p5b__arc_test_00326_e67c5fe9__temp1.00__seed7,0.24965066916080442,0.39999999999999997,8,per_run_oof
deepseek_r1_distill_1p5b__arc_test_00327_5805f8ad__temp0.10__seed7,0.2692373226452329,0.4285714285714286,8,per_run_oof
deepseek_r1_distill_1p5b__arc_test_00327_5805f8ad__temp0.60__seed7,0.28784875717459935,,8,per_run_oof
deepseek_r1_distill_1p5b__arc_test_00327_5805f8ad__temp1.00__seed7,0.2639048509218568,0.2857142857142857,8,per_run_oof
deepseek_r1_distill_1p5b__arc_test_00328_5d8bd275__temp0.10__seed7,0.25866363533764636,0.4,8,per_run_oof
deepseek_r1_distill_1p5b__arc_test_00328_5d8bd275__temp0.60__seed7,0.21704759608156415,,8,per_run_oof
deepseek_r1_distill_1p5b__arc_test_00328_5d8bd275__temp1.00__seed7,0.2582750769647921,0.4166666666666667,8,per_run_oof
deepseek_r1_distill_1p5b__arc_test_00329_a05816f6__temp0.10__seed7,0.2508122753329892,,8,per_run_oof
deepseek_r1_distill_1p5b__arc_test_00329_a05816f6__temp0.60__seed7,0.28375274338813405,,8,per_run_oof
deepseek_r1_distill_1p5b__arc_test_00329_a05816f6__temp1.00__seed7,0.24021640166157815,,8,per_run_oof
deepseek_r1_distill_1p5b__arc_test_00330_f3d05923__temp0.10__seed7,0.27121805573133484,,8,per_run_oof
deepseek_r1_distill_1p5b__arc_test_00330_f3d05923__temp0.60__seed7,0.2578893152056482,,8,per_run_oof
deepseek_r1_distill_1p5b__arc_test_00330_f3d05923__temp1.00__seed7,0.2356609779149823,,8,per_run_oof
deepseek_r1_distill_1p5b__arc_test_00331_921d7c59__temp0.10__seed7,0.2526743479967422,,8,per_run_oof
deepseek_r1_distill_1p5b__arc_test_00331_921d7c59__temp0.60__seed7,0.22588736535782156,,8,per_run_oof
deepseek_r1_distill_1p5b__arc_test_00331_921d7c59__temp1.00__seed7,0.18872774544849202,0.7142857142857143,8,per_run_oof
deepseek_r1_distill_1p5b__arc_test_00332_1ef5ad04__temp0.10__seed7,0.23977952325883498,0.7333333333333334,8,per_run_oof
deepseek_r1_distill_1p5b__arc_test_00332_1ef5ad04__temp0.60__seed7,0.24645869024355566,0.8571428571428571,8,per_run_oof
deepseek_r1_distill_1p5b__arc_test_00332_1ef5ad04__temp1.00__seed7,0.2548838040830144,0.7142857142857143,8,per_run_oof
deepseek_r1_distill_1p5b__arc_test_00333_eb9e5ddb__temp0.10__seed7,0.27081032622619317,,8,per_run_oof
deepseek_r1_distill_1p5b__arc_test_00333_eb9e5ddb__temp0.60__seed7,0.2928289052436124,,8,per_run_oof
deepseek_r1_distill_1p5b__arc_test_00333_eb9e5ddb__temp1.00__seed7,0.24031837636477177,0.8333333333333334,8,per_run_oof
deepseek_r1_distill_1p5b__arc_test_00334_39cea5b1__temp0.10__seed7,0.32145996509488306,,8,per_run_oof
deepseek_r1_distill_1p5b__arc_test_00334_39cea5b1__temp0.60__seed7,0.29651286640708324,,8,per_run_oof
deepseek_r1_distill_1p5b__arc_test_00334_39cea5b1__temp1.00__seed7,0.2734636821552767,,8,per_run_oof
deepseek_r1_distill_1p5b__arc_test_00335_d093b0cc__temp0.10__seed7,0.3241361105218039,,8,per_run_oof
deepseek_r1_distill_1p5b__arc_test_00335_d093b0cc__temp0.60__seed7,0.29363997147698695,0.2857142857142857,8,per_run_oof
deepseek_r1_distill_1p5b__arc_test_00335_d093b0cc__temp1.00__seed7,0.23111686472410814,0.5,8,per_run_oof
deepseek_r1_distill_1p5b__arc_test_00336_9c0a7cb1__temp0.10__seed7,0.24447226987337703,0.3333333333333333,8,per_run_oof
deepseek_r1_distill_1p5b__arc_test_00336_9c0a7cb1__temp0.60__seed7,0.24702579586017945,0.5625,8,per_run_oof
deepseek_r1_distill_1p5b__arc_test_00336_9c0a7cb1__temp1.00__seed7,0.25880304149476596,0.25,8,per_run_oof
deepseek_r1_distill_1p5b__arc_test_00337_bfd04e06__temp0.10__seed7,0.23283336076861527,1.0,8,per_run_oof
deepseek_r1_distill_1p5b__arc_test_00337_bfd04e06__temp0.60__seed7,0.2436121219524474,1.0,8,per_run_oof
deepseek_r1_distill_1p5b__arc_test_00337_bfd04e06__temp1.00__seed7,0.2471053651198517,0.8,8,per_run_oof
deepseek_r1_distill_1p5b__arc_test_00338_e8c12e79__temp0.10__seed7,0.26776825198369214,,8,per_run_oof
deepseek_r1_distill_1p5b__arc_test_00338_e8c12e79__temp0.60__seed7,0.3225790497254333,,8,per_run_oof
deepseek_r1_distill_1p5b__arc_test_00338_e8c12e79__temp1.00__seed7,0.28607145519605826,0.1428571428571429,8,per_run_oof
deepseek_r1_distill_1p5b__arc_test_00339_73c46b12__temp0.10__seed7,0.19743549958180207,,8,per_run_oof
deepseek_r1_distill_1p5b__arc_test_00339_73c46b12__temp0.60__seed7,0.21772124160245965,0.1428571428571429,8,per_run_oof
deepseek_r1_distill_1p5b__arc_test_00339_73c46b12__temp1.00__seed7,0.2027380557245766,,8,per_run_oof
deepseek_r1_distill_1p5b__arc_test_00340_261864e1__temp0.10__seed7,0.2560884704634183,0.0,8,per_run_oof
deepseek_r1_distill_1p5b__arc_test_00340_261864e1__temp0.60__seed7,0.24471753273595168,0.1428571428571429,8,per_run_oof
deepseek_r1_distill_1p5b__arc_test_00340_261864e1__temp1.00__seed7,0.2562272040903494,0.0,8,per_run_oof
deepseek_r1_distill_1p5b__arc_test_00341_7ea29d45__temp0.10__seed7,0.2358016243350593,0.7333333333333333,8,per_run_oof
deepseek_r1_distill_1p5b__arc_test_00341_7ea29d45__temp0.60__seed7,0.26485610043823216,,8,per_run_oof
deepseek_r1_distill_1p5b__arc_test_00341_7ea29d45__temp1.00__seed7,0.247802224428853,0.4285714285714286,8,per_run_oof
deepseek_r1_distill_1p5b__arc_test_00342_80337fed__temp0.10__seed7,0.2408210496986061,0.4285714285714286,8,per_run_oof
deepseek_r1_distill_1p5b__arc_test_00342_80337fed__temp0.60__seed7,0.2281592356181406,0.4285714285714286,8,per_run_oof
deepseek_r1_distill_1p5b__arc_test_00342_80337fed__temp1.00__seed7,0.22366502402672506,,8,per_run_oof
deepseek_r1_distill_1p5b__arc_test_00343_7abc93de__temp0.10__seed7,0.27414978286230396,,8,per_run_oof
deepseek_r1_distill_1p5b__arc_test_00343_7abc93de__temp0.60__seed7,0.27776785857317665,0.4285714285714286,8,per_run_oof
deepseek_r1_distill_1p5b__arc_test_00343_7abc93de__temp1.00__seed7,0.2560578746742245,,8,per_run_oof
deepseek_r1_distill_1p5b__arc_test_00344_84bb146b__temp0.10__seed7,0.23201826359253946,0.9375,8,per_run_oof
deepseek_r1_distill_1p5b__arc_test_00344_84bb146b__temp0.60__seed7,0.21399623041700963,1.0,8,per_run_oof
deepseek_r1_distill_1p5b__arc_test_00344_84bb146b__temp1.00__seed7,0.21478505211614551,,8,per_run_oof
deepseek_r1_distill_1p5b__arc_test_00345_8d933cd2__temp0.10__seed7,0.2052268461332007,0.8333333333333334,8,per_run_oof
deepseek_r1_distill_1p5b__arc_test_00345_8d933cd2__temp0.60__seed7,0.2154833890821209,,8,per_run_oof
deepseek_r1_distill_1p5b__arc_test_00345_8d933cd2__temp1.00__seed7,0.19748847340187178,0.4285714285714286,8,per_run_oof
deepseek_r1_distill_1p5b__arc_test_00346_08326f7e__temp0.10__seed7,0.22990578786103522,0.8,8,per_run_oof
deepseek_r1_distill_1p5b__arc_test_00346_08326f7e__temp0.60__seed7,0.24035907548297172,0.5333333333333334,8,per_run_oof
deepseek_r1_distill_1p5b__arc_test_00346_08326f7e__temp1.00__seed7,0.2669439298723348,0.26666666666666666,8,per_run_oof
deepseek_r1_distill_1p5b__arc_test_00347_700060bd__temp0.10__seed7,0.2358229199662366,0.6666666666666666,8,per_run_oof
deepseek_r1_distill_1p5b__arc_test_00347_700060bd__temp0.60__seed7,0.25200376199080987,0.19999999999999996,8,per_run_oof
deepseek_r1_distill_1p5b__arc_test_00347_700060bd__temp1.00__seed7,0.18841759941642794,0.9166666666666667,8,per_run_oof
deepseek_r1_distill_1p5b__arc_test_00348_1581a6bc__temp0.10__seed7,0.25068447340026623,0.5,8,per_run_oof
deepseek_r1_distill_1p5b__arc_test_00348_1581a6bc__temp0.60__seed7,0.23344136891597939,1.0,8,per_run_oof
deepseek_r1_distill_1p5b__arc_test_00348_1581a6bc__temp1.00__seed7,0.22067068762142777,,8,per_run_oof
deepseek_r1_distill_1p5b__arc_test_00349_2d015f04__temp0.10__seed7,0.2379559021648874,0.4166666666666667,8,per_run_oof
deepseek_r1_distill_1p5b__arc_test_00349_2d015f04__temp0.60__seed7,0.22760856461074652,,8,per_run_oof
deepseek_r1_distill_1p5b__arc_test_00349_2d015f04__temp1.00__seed7,0.2459524212542732,0.1428571428571429,8,per_run_oof
deepseek_r1_distill_1p5b__arc_test_00350_54e913b1__temp0.10__seed7,0.24774694101839045,0.5625,8,per_run_oof
deepseek_r1_distill_1p5b__arc_test_00350_54e913b1__temp0.60__seed7,0.24899145904013087,0.6666666666666666,8,per_run_oof
deepseek_r1_distill_1p5b__arc_test_00350_54e913b1__temp1.00__seed7,0.2735140699107821,,8,per_run_oof
deepseek_r1_distill_1p5b__arc_test_00351_3ff214fc__temp0.10__seed7,0.22878822531033477,,8,per_run_oof
deepseek_r1_distill_1p5b__arc_test_00351_3ff214fc__temp0.60__seed7,0.22502599352904568,,8,per_run_oof
deepseek_r1_distill_1p5b__arc_test_00351_3ff214fc__temp1.00__seed7,0.21803774939426884,0.5714285714285714,8,per_run_oof
deepseek_r1_distill_1p5b__arc_test_00352_6fea005d__temp0.10__seed7,0.2588481660454828,0.25,8,per_run_oof
deepseek_r1_distill_1p5b__arc_test_00352_6fea005d__temp0.60__seed7,0.2515631236228549,,8,per_run_oof
deepseek_r1_distill_1p5b__arc_test_00352_6fea005d__temp1.00__seed7,0.23912117734726368,0.2857142857142857,8,per_run_oof
deepseek_r1_distill_1p5b__arc_test_00353_3038599a__temp0.10__seed7,0.2081146966246105,,8,per_run_oof
deepseek_r1_distill_1p5b__arc_test_00353_3038599a__temp0.60__seed7,0.2332254703034178,0.75,8,per_run_oof
deepseek_r1_distill_1p5b__arc_test_00353_3038599a__temp1.00__seed7,0.2478487602949456,0.4285714285714286,8,per_run_oof
deepseek_r1_distill_1p5b__arc_test_00354_d732b729__temp0.10__seed7,0.22920115154254878,0.5833333333333334,8,per_run_oof
deepseek_r1_distill_1p5b__arc_test_00354_d732b729__temp0.60__seed7,0.24087669571823278,,8,per_run_oof
deepseek_r1_distill_1p5b__arc_test_00354_d732b729__temp1.00__seed7,0.22372472392691733,0.7142857142857143,8,per_run_oof
deepseek_r1_distill_1p5b__arc_test_00355_86e261d3__temp0.10__seed7,0.24992621266357595,0.4666666666666667,8,per_run_oof
deepseek_r1_distill_1p5b__arc_test_00355_86e261d3__temp0.60__seed7,0.21769803580060865,,8,per_run_oof
deepseek_r1_distill_1p5b__arc_test_00355_86e261d3__temp1.00__seed7,0.2569747957927404,0.25,8,per_run_oof
deepseek_r1_distill_1p5b__arc_test_00356_c3cf20a2__temp0.10__seed7,0.24924205471167443,,8,per_run_oof
deepseek_r1_distill_1p5b__arc_test_00356_c3cf20a2__temp0.60__seed7,0.25127629542306285,,8,per_run_oof
deepseek_r1_distill_1p5b__arc_test_00356_c3cf20a2__temp1.00__seed7,0.2419900363918056,0.5714285714285714,8,per_run_oof
deepseek_r1_distill_1p5b__arc_test_00357_c9520544__temp0.10__seed7,0.273476375886226,,8,per_run_oof
deepseek_r1_distill_1p5b__arc_test_00357_c9520544__temp0.60__seed7,0.2621884135055508,0.25,8,per_run_oof
deepseek_r1_distill_1p5b__arc_test_00357_c9520544__temp1.00__seed7,0.2671880244808347,,8,per_run_oof
deepseek_r1_distill_1p5b__arc_test_00358_1fa0a666__temp0.10__seed7,0.2886959677542271,,8,per_run_oof
deepseek_r1_distill_1p5b__arc_test_00358_1fa0a666__temp0.60__seed7,0.25719177443738256,0.4166666666666667,8,per_run_oof
deepseek_r1_distill_1p5b__arc_test_00358_1fa0a666__temp1.00__seed7,0.2737137590095726,,8,per_run_oof
deepseek_r1_distill_1p5b__arc_test_00359_50cdd935__temp0.10__seed7,0.24002613818068724,0.4166666666666667,8,per_run_oof
deepseek_r1_distill_1p5b__arc_test_00359_50cdd935__temp0.60__seed7,0.24412029197719276,0.6,8,per_run_oof
deepseek_r1_distill_1p5b__arc_test_00359_50cdd935__temp1.00__seed7,0.25134947732436175,0.4166666666666667,8,per_run_oof
deepseek_r1_distill_1p5b__arc_test_00360_963eb34a__temp0.10__seed7,0.20192043519601613,0.9375,8,per_run_oof
deepseek_r1_distill_1p5b__arc_test_00360_963eb34a__temp0.60__seed7,0.19295385062000298,0.75,8,per_run_oof
deepseek_r1_distill_1p5b__arc_test_00360_963eb34a__temp1.00__seed7,0.29470346451304136,,8,per_run_oof
deepseek_r1_distill_1p5b__arc_test_00361_9680c5e6__temp0.10__seed7,0.2464052143165636,0.8,8,per_run_oof
deepseek_r1_distill_1p5b__arc_test_00361_9680c5e6__temp0.60__seed7,0.23545794024360034,0.8571428571428572,8,per_run_oof
deepseek_r1_distill_1p5b__arc_test_00361_9680c5e6__temp1.00__seed7,0.26528821093181804,0.46666666666666673,8,per_run_oof
deepseek_r1_distill_1p5b__arc_test_00362_8989fa13__temp0.10__seed7,0.25705741712225905,0.0,8,per_run_oof
deepseek_r1_distill_1p5b__arc_test_00362_8989fa13__temp0.60__seed7,0.2324736403297824,0.2857142857142857,8,per_run_oof
deepseek_r1_distill_1p5b__arc_test_00362_8989fa13__temp1.00__seed7,0.22842181827300678,0.7142857142857143,8,per_run_oof
deepseek_r1_distill_1p5b__arc_test_00363_d09e73e1__temp0.10__seed7,0.22859596471025614,0.8571428571428571,8,per_run_oof
deepseek_r1_distill_1p5b__arc_test_00363_d09e73e1__temp0.60__seed7,0.2528218786706728,0.4666666666666667,8,per_run_oof
deepseek_r1_distill_1p5b__arc_test_00363_d09e73e1__temp1.00__seed7,0.21234418249043896,,8,per_run_oof
deepseek_r1_distill_1p5b__arc_test_00364_f961994a__temp0.10__seed7,0.24176133180418546,0.6875,8,per_run_oof
deepseek_r1_distill_1p5b__arc_test_00364_f961994a__temp0.60__seed7,0.21624488447119067,0.8571428571428571,8,per_run_oof
deepseek_r1_distill_1p5b__arc_test_00364_f961994a__temp1.00__seed7,0.2534964414124681,0.6666666666666666,8,per_run_oof
deepseek_r1_distill_1p5b__arc_test_00365_fc1a2043__temp0.10__seed7,0.2272235965898758,0.9166666666666667,8,per_run_oof
deepseek_r1_distill_1p5b__arc_test_00365_fc1a2043__temp0.60__seed7,0.2319903709812,0.6666666666666667,8,per_run_oof
deepseek_r1_distill_1p5b__arc_test_00365_fc1a2043__temp1.00__seed7,0.26074391115067186,0.26666666666666666,8,per_run_oof
deepseek_r1_distill_1p5b__arc_test_00366_749ea83e__temp0.10__seed7,0.26025143743141305,,8,per_run_oof
deepseek_r1_distill_1p5b__arc_test_00366_749ea83e__temp0.60__seed7,0.24836293804085918,0.0,8,per_run_oof
deepseek_r1_distill_1p5b__arc_test_00366_749ea83e__temp1.00__seed7,0.2212543539334712,,8,per_run_oof
deepseek_r1_distill_1p5b__arc_test_00367_5cb0240d__temp0.10__seed7,0.24646903938397408,0.5,8,per_run_oof
deepseek_r1_distill_1p5b__arc_test_00367_5cb0240d__temp0.60__seed7,0.22671999855804587,1.0,8,per_run_oof
deepseek_r1_distill_1p5b__arc_test_00367_5cb0240d__temp1.00__seed7,0.23488376705687336,0.75,8,per_run_oof
deepseek_r1_distill_1p5b__arc_test_00368_90e92ee8__temp0.10__seed7,0.2414831131433332,,8,per_run_oof
deepseek_r1_distill_1p5b__arc_test_00368_90e92ee8__temp0.60__seed7,0.25683983752059775,,8,per_run_oof
deepseek_r1_distill_1p5b__arc_test_00368_90e92ee8__temp1.00__seed7,0.22031525160937399,1.0,8,per_run_oof
deepseek_r1_distill_1p5b__arc_test_00369_14f62ec1__temp0.10__seed7,0.22739993431363514,,8,per_run_oof
deepseek_r1_distill_1p5b__arc_test_00369_14f62ec1__temp0.60__seed7,0.21390980994108366,,8,per_run_oof
deepseek_r1_distill_1p5b__arc_test_00369_14f62ec1__temp1.00__seed7,0.21533443399814967,,8,per_run_oof
deepseek_r1_distill_1p5b__arc_test_00370_541784ff__temp0.10__seed7,0.24083974869863234,,8,per_run_oof
deepseek_r1_distill_1p5b__arc_test_00370_541784ff__temp0.60__seed7,0.2029586492775,,8,per_run_oof
deepseek_r1_distill_1p5b__arc_test_00370_541784ff__temp1.00__seed7,0.21732993911326856,,8,per_run_oof
deepseek_r1_distill_1p5b__arc_test_00371_61d05f33__temp0.10__seed7,0.23248941483285596,0.5833333333333334,8,per_run_oof
deepseek_r1_distill_1p5b__arc_test_00371_61d05f33__temp0.60__seed7,0.2522164950067543,,8,per_run_oof
deepseek_r1_distill_1p5b__arc_test_00371_61d05f33__temp1.00__seed7,0.22674430327766257,0.8333333333333334,8,per_run_oof
deepseek_r1_distill_1p5b__arc_test_00372_d190f034__temp0.10__seed7,0.2668142072880104,,8,per_run_oof
deepseek_r1_distill_1p5b__arc_test_00372_d190f034__temp0.60__seed7,0.2694924455277266,0.5714285714285714,8,per_run_oof
deepseek_r1_distill_1p5b__arc_test_00372_d190f034__temp1.00__seed7,0.29490890112701723,,8,per_run_oof
deepseek_r1_distill_1p5b__arc_test_00373_5814041d__temp0.10__seed7,0.2254307494191794,,8,per_run_oof
deepseek_r1_distill_1p5b__arc_test_00373_5814041d__temp0.60__seed7,0.2274742941090903,0.41666666666666663,8,per_run_oof
deepseek_r1_distill_1p5b__arc_test_00373_5814041d__temp1.00__seed7,0.2343709876742898,,8,per_run_oof
deepseek_r1_distill_1p5b__arc_test_00374_eeef776d__temp0.10__seed7,0.2601605683601237,,8,per_run_oof
deepseek_r1_distill_1p5b__arc_test_00374_eeef776d__temp0.60__seed7,0.2572622234326225,,8,per_run_oof
deepseek_r1_distill_1p5b__arc_test_00374_eeef776d__temp1.00__seed7,0.22953371982687848,0.5714285714285714,8,per_run_oof
deepseek_r1_distill_1p5b__arc_test_00375_a3ec4d7e__temp0.10__seed7,0.2699619222276437,,8,per_run_oof
deepseek_r1_distill_1p5b__arc_test_00375_a3ec4d7e__temp0.60__seed7,0.2847000594922664,,8,per_run_oof
deepseek_r1_distill_1p5b__arc_test_00375_a3ec4d7e__temp1.00__seed7,0.25846715401378095,,8,per_run_oof
deepseek_r1_distill_1p5b__arc_test_00376_f1c08288__temp0.10__seed7,0.22884133257881875,0.6666666666666667,8,per_run_oof
deepseek_r1_distill_1p5b__arc_test_00376_f1c08288__temp0.60__seed7,0.22081978463100707,,8,per_run_oof
deepseek_r1_distill_1p5b__arc_test_00376_f1c08288__temp1.00__seed7,0.23024577967818144,0.5,8,per_run_oof
deepseek_r1_distill_1p5b__arc_test_00377_48873156__temp0.10__seed7,0.2557400129835101,0.4666666666666666,8,per_run_oof
deepseek_r1_distill_1p5b__arc_test_00377_48873156__temp0.60__seed7,0.22089372500472876,,8,per_run_oof
deepseek_r1_distill_1p5b__arc_test_00377_48873156__temp1.00__seed7,0.23801224334276858,0.8333333333333334,8,per_run_oof
deepseek_r1_distill_1p5b__arc_test_00378_eb3c1b7c__temp0.10__seed7,0.22949499512703447,0.5,8,per_run_oof
deepseek_r1_distill_1p5b__arc_test_00378_eb3c1b7c__temp0.60__seed7,0.2556845714824785,0.8333333333333334,8,per_run_oof
deepseek_r1_distill_1p5b__arc_test_00378_eb3c1b7c__temp1.00__seed7,0.2524963962037293,0.5333333333333334,8,per_run_oof
deepseek_r1_distill_1p5b__arc_test_00379_2cc6079d__temp0.10__seed7,0.21449535019299043,0.8571428571428571,8,per_run_oof
deepseek_r1_distill_1p5b__arc_test_00379_2cc6079d__temp0.60__seed7,0.2447693200973396,0.5333333333333334,8,per_run_oof
deepseek_r1_distill_1p5b__arc_test_00379_2cc6079d__temp1.00__seed7,0.2377898152502132,0.75,8,per_run_oof
deepseek_r1_distill_1p5b__arc_test_00380_89cc3cdf__temp0.10__seed7,0.24310384904151977,,8,per_run_oof
deepseek_r1_distill_1p5b__arc_test_00380_89cc3cdf__temp0.60__seed7,0.2502589753732998,,8,per_run_oof
deepseek_r1_distill_1p5b__arc_test_00380_89cc3cdf__temp1.00__seed7,0.22809077655854929,,8,per_run_oof
deepseek_r1_distill_1p5b__arc_test_00381_93afedf3__temp0.10__seed7,0.2516722277408803,0.4285714285714286,8,per_run_oof
deepseek_r1_distill_1p5b__arc_test_00381_93afedf3__temp0.60__seed7,0.267653019049177,0.5714285714285714,8,per_run_oof
deepseek_r1_distill_1p5b__arc_test_00381_93afedf3__temp1.00__seed7,0.2305177135571288,1.0,8,per_run_oof
deepseek_r1_distill_1p5b__arc_test_00382_1003b882__temp0.10__seed7,0.2703745545747078,0.19999999999999996,8,per_run_oof
deepseek_r1_distill_1p5b__arc_test_00382_1003b882__temp0.60__seed7,0.2706459987309042,,8,per_run_oof
deepseek_r1_distill_1p5b__arc_test_00382_1003b882__temp1.00__seed7,0.2740868150493059,0.4285714285714286,8,per_run_oof
deepseek_r1_distill_1p5b__arc_test_00383_6a698269__temp0.10__seed7,0.24638239808886495,0.6666666666666666,8,per_run_oof
deepseek_r1_distill_1p5b__arc_test_00383_6a698269__temp0.60__seed7,0.24447373863022756,0.6666666666666667,8,per_run_oof
deepseek_r1_distill_1p5b__arc_test_00383_6a698269__temp1.00__seed7,0.26350295689737024,0.3125,8,per_run_oof
deepseek_r1_distill_1p5b__arc_test_00384_5fee9f1d__temp0.10__seed7,0.2603274889590863,0.13333333333333333,8,per_run_oof
deepseek_r1_distill_1p5b__arc_test_00384_5fee9f1d__temp0.60__seed7,0.2428378430716598,0.1428571428571429,8,per_run_oof
deepseek_r1_distill_1p5b__arc_test_00384_5fee9f1d__temp1.00__seed7,0.23947878355924132,0.2857142857142857,8,per_run_oof
deepseek_r1_distill_1p5b__arc_test_00385_21b81e4d__temp0.10__seed7,0.2716204287509215,0.2857142857142857,8,per_run_oof
deepseek_r1_distill_1p5b__arc_test_00385_21b81e4d__temp0.60__seed7,0.241448566294908,0.5714285714285714,8,per_run_oof
deepseek_r1_distill_1p5b__arc_test_00385_21b81e4d__temp1.00__seed7,0.26779914811903155,0.41666666666666663,8,per_run_oof
deepseek_r1_distill_1p5b__arc_test_00386_510d3831__temp0.10__seed7,0.22665175102591867,0.4285714285714286,8,per_run_oof
deepseek_r1_distill_1p5b__arc_test_00386_510d3831__temp0.60__seed7,0.24360401265116374,,8,per_run_oof
deepseek_r1_distill_1p5b__arc_test_00386_510d3831__temp1.00__seed7,0.19853757323350532,1.0,8,per_run_oof
deepseek_r1_distill_1p5b__arc_test_00387_b2f54c38__temp0.10__seed7,0.2512171127778575,0.6,8,per_run_oof
deepseek_r1_distill_1p5b__arc_test_00387_b2f54c38__temp0.60__seed7,0.23681666079681712,0.4285714285714286,8,per_run_oof
deepseek_r1_distill_1p5b__arc_test_00387_b2f54c38__temp1.00__seed7,0.24395011276473308,0.6666666666666666,8,per_run_oof
deepseek_r1_distill_1p5b__arc_test_00388_2ad5430d__temp0.10__seed7,0.1949290329320552,,8,per_run_oof
deepseek_r1_distill_1p5b__arc_test_00388_2ad5430d__temp0.60__seed7,0.19120893119708662,,8,per_run_oof
deepseek_r1_distill_1p5b__arc_test_00388_2ad5430d__temp1.00__seed7,0.2254330000920892,0.2857142857142857,8,per_run_oof
deepseek_r1_distill_1p5b__arc_test_00389_ea18f85c__temp0.10__seed7,0.21289099642679238,0.8571428571428572,8,per_run_oof
deepseek_r1_distill_1p5b__arc_test_00389_ea18f85c__temp0.60__seed7,0.23132954200006173,0.1428571428571429,8,per_run_oof
deepseek_r1_distill_1p5b__arc_test_00389_ea18f85c__temp1.00__seed7,0.22182054499343132,0.5714285714285714,8,per_run_oof
deepseek_r1_distill_1p5b__arc_test_00390_c123b71e__temp0.10__seed7,0.24166356549850163,0.41666666666666663,8,per_run_oof
deepseek_r1_distill_1p5b__arc_test_00390_c123b71e__temp0.60__seed7,0.26617572860398964,0.4666666666666667,8,per_run_oof
deepseek_r1_distill_1p5b__arc_test_00390_c123b71e__temp1.00__seed7,0.2553907474164605,0.4375,8,per_run_oof
deepseek_r1_distill_1p5b__arc_test_00391_d0bb2364__temp0.10__seed7,0.22448942308150427,,8,per_run_oof
deepseek_r1_distill_1p5b__arc_test_00391_d0bb2364__temp0.60__seed7,0.2546506112763599,0.4285714285714286,8,per_run_oof
deepseek_r1_distill_1p5b__arc_test_00391_d0bb2364__temp1.00__seed7,0.2636796624874048,,8,per_run_oof
deepseek_r1_distill_1p5b__arc_test_00392_5c6cca71__temp0.10__seed7,0.25981787501110376,0.0,8,per_run_oof
deepseek_r1_distill_1p5b__arc_test_00392_5c6cca71__temp0.60__seed7,0.19675570585852994,,8,per_run_oof
deepseek_r1_distill_1p5b__arc_test_00392_5c6cca71__temp1.00__seed7,0.23514497090756137,,8,per_run_oof
deepseek_r1_distill_1p5b__arc_test_00393_365cb767__temp0.10__seed7,0.2551263910095377,0.3333333333333333,8,per_run_oof
deepseek_r1_distill_1p5b__arc_test_00393_365cb767__temp0.60__seed7,0.2742794851606668,0.0,8,per_run_oof
deepseek_r1_distill_1p5b__arc_test_00393_365cb767__temp1.00__seed7,0.26667372764344555,0.0,8,per_run_oof
deepseek_r1_distill_1p5b__arc_test_00394_c1006e24__temp0.10__seed7,0.224021163157878,,8,per_run_oof
deepseek_r1_distill_1p5b__arc_test_00394_c1006e24__temp0.60__seed7,0.2023050257933634,,8,per_run_oof
deepseek_r1_distill_1p5b__arc_test_00394_c1006e24__temp1.00__seed7,0.1911893025903049,,8,per_run_oof
deepseek_r1_distill_1p5b__arc_test_00395_19220aa4__temp0.10__seed7,0.26671106157924995,0.7142857142857143,8,per_run_oof
deepseek_r1_distill_1p5b__arc_test_00395_19220aa4__temp0.60__seed7,0.2507774830624878,0.6,8,per_run_oof
deepseek_r1_distill_1p5b__arc_test_00395_19220aa4__temp1.00__seed7,0.3880239253424358,0.3333333333333333,8,per_run_oof
deepseek_r1_distill_1p5b__arc_test_00396_199e30ec__temp0.10__seed7,0.24572438281071585,0.5625,8,per_run_oof
deepseek_r1_distill_1p5b__arc_test_00396_199e30ec__temp0.60__seed7,0.2020690111841618,,8,per_run_oof
deepseek_r1_distill_1p5b__arc_test_00396_199e30ec__temp1.00__seed7,0.22819754284226346,0.7333333333333334,8,per_run_oof
deepseek_r1_distill_1p5b__arc_test_00397_6ed7da59__temp0.10__seed7,0.255388695789992,0.1428571428571429,8,per_run_oof
deepseek_r1_distill_1p5b__arc_test_00397_6ed7da59__temp0.60__seed7,0.2490267300207441,0.5714285714285714,8,per_run_oof
deepseek_r1_distill_1p5b__arc_test_00397_6ed7da59__temp1.00__seed7,0.2515989310402911,,8,per_run_oof
deepseek_r1_distill_1p5b__arc_test_00398_615e437d__temp0.10__seed7,0.2555352749749242,,8,per_run_oof
deepseek_r1_distill_1p5b__arc_test_00398_615e437d__temp0.60__seed7,0.25975756241420855,,8,per_run_oof
deepseek_r1_distill_1p5b__arc_test_00398_615e437d__temp1.00__seed7,0.30078849846910893,,8,per_run_oof
deepseek_r1_distill_1p5b__arc_test_00399_8bb72554__temp0.10__seed7,0.2132806458879084,0.9166666666666667,8,per_run_oof
deepseek_r1_distill_1p5b__arc_test_00399_8bb72554__temp0.60__seed7,0.2264403352158123,0.5833333333333333,8,per_run_oof
deepseek_r1_distill_1p5b__arc_test_00399_8bb72554__temp1.00__seed7,0.2370604749529709,,8,per_run_oof
deepseek_r1_distill_1p5b__arc_test_00400_bfe816dd__temp0.10__seed7,0.30876007746802814,0.1428571428571429,8,per_run_oof
deepseek_r1_distill_1p5b__arc_test_00400_bfe816dd__temp0.60__seed7,0.2781297949596671,0.08333333333333331,8,per_run_oof
deepseek_r1_distill_1p5b__arc_test_00400_bfe816dd__temp1.00__seed7,0.2664201310045535,0.1875,8,per_run_oof
deepseek_r1_distill_1p5b__arc_test_00401_4e35eaf6__temp0.10__seed7,0.26254237026907223,0.08333333333333331,8,per_run_oof
deepseek_r1_distill_1p5b__arc_test_00401_4e35eaf6__temp0.60__seed7,0.27319969902563424,0.33333333333333337,8,per_run_oof
deepseek_r1_distill_1p5b__arc_test_00401_4e35eaf6__temp1.00__seed7,0.26641138668453435,0.5714285714285714,8,per_run_oof
deepseek_r1_distill_1p5b__arc_test_00402_e0792da4__temp0.10__seed7,0.24365253854497515,0.41666666666666663,8,per_run_oof
deepseek_r1_distill_1p5b__arc_test_00402_e0792da4__temp0.60__seed7,0.2517042004771647,0.19999999999999996,8,per_run_oof
deepseek_r1_distill_1p5b__arc_test_00402_e0792da4__temp1.00__seed7,0.2484451885814471,0.4285714285714286,8,per_run_oof
deepseek_r1_distill_1p5b__arc_test_00403_9558705a__temp0.10__seed7,0.2662738656095758,,8,per_run_oof
deepseek_r1_distill_1p5b__arc_test_00403_9558705a__temp0.60__seed7,0.2755890269022594,,8,per_run_oof
deepseek_r1_distill_1p5b__arc_test_00403_9558705a__temp1.00__seed7,0.24960649558085585,,8,per_run_oof
deepseek_r1_distill_1p5b__arc_test_00404_8769cf53__temp0.10__seed7,0.22019318483479333,0.5714285714285714,8,per_run_oof
deepseek_r1_distill_1p5b__arc_test_00404_8769cf53__temp0.60__seed7,0.2332927789181065,0.6666666666666667,8,per_run_oof
deepseek_r1_distill_1p5b__arc_test_00404_8769cf53__temp1.00__seed7,0.21972960744452008,,8,per_run_oof
deepseek_r1_distill_1p5b__arc_test_00405_0f969551__temp0.10__seed7,0.2561072498021621,0.5333333333333333,8,per_run_oof
deepseek_r1_distill_1p5b__arc_test_00405_0f969551__temp0.60__seed7,0.2514373523245548,0.39999999999999997,8,per_run_oof
deepseek_r1_distill_1p5b__arc_test_00405_0f969551__temp1.00__seed7,0.23285475899227953,,8,per_run_oof
deepseek_r1_distill_1p5b__arc_test_00406_7424fa6b__temp0.10__seed7,0.25126497810665416,0.3333333333333333,8,per_run_oof
deepseek_r1_distill_1p5b__arc_test_00406_7424fa6b__temp0.60__seed7,0.24049067452133951,0.4285714285714286,8,per_run_oof
deepseek_r1_distill_1p5b__arc_test_00406_7424fa6b__temp1.00__seed7,0.23036151802400714,0.4285714285714286,8,per_run_oof
deepseek_r1_distill_1p5b__arc_test_00407_86df5880__temp0.10__seed7,0.2563414972485536,0.25,8,per_run_oof
deepseek_r1_distill_1p5b__arc_test_00407_86df5880__temp0.60__seed7,0.24619476781166313,0.6000000000000001,8,per_run_oof
deepseek_r1_distill_1p5b__arc_test_00407_86df5880__temp1.00__seed7,0.2514511709642545,1.0,8,per_run_oof
deepseek_r1_distill_1p5b__arc_test_00408_4c2fa905__temp0.10__seed7,0.2478160961819343,0.8,8,per_run_oof
deepseek_r1_distill_1p5b__arc_test_00408_4c2fa905__temp0.60__seed7,0.2543002130684495,0.8,8,per_run_oof
deepseek_r1_distill_1p5b__arc_test_00408_4c2fa905__temp1.00__seed7,0.24007222051986246,0.8666666666666667,8,per_run_oof
deepseek_r1_distill_1p5b__arc_test_00409_e083d145__temp0.10__seed7,0.25098744461042755,0.1428571428571429,8,per_run_oof
deepseek_r1_distill_1p5b__arc_test_00409_e083d145__temp0.60__seed7,0.2679988796344359,0.1428571428571429,8,per_run_oof
deepseek_r1_distill_1p5b__arc_test_00409_e083d145__temp1.00__seed7,0.23118007668861365,0.5714285714285714,8,per_run_oof
deepseek_r1_distill_1p5b__arc_test_00410_c7538370__temp0.10__seed7,0.2532589490870685,0.8666666666666667,8,per_run_oof
deepseek_r1_distill_1p5b__arc_test_00410_c7538370__temp0.60__seed7,0.2450021120199416,0.4666666666666666,8,per_run_oof
deepseek_r1_distill_1p5b__arc_test_00410_c7538370__temp1.00__seed7,0.26895478509190895,0.19999999999999998,8,per_run_oof
deepseek_r1_distill_1p5b__arc_test_00411_bfdfc9d1__temp0.10__seed7,0.25886698539934394,,8,per_run_oof
deepseek_r1_distill_1p5b__arc_test_00411_bfdfc9d1__temp0.60__seed7,0.27770294147926855,,8,per_run_oof
deepseek_r1_distill_1p5b__arc_test_00411_bfdfc9d1__temp1.00__seed7,0.24015769178119778,0.0,8,per_run_oof
deepseek_r1_distill_1p5b__arc_test_00412_1998b3aa__temp0.10__seed7,0.25261978865466495,0.5714285714285714,8,per_run_oof
deepseek_r1_distill_1p5b__arc_test_00412_1998b3aa__temp0.60__seed7,0.23916635095359617,,8,per_run_oof
deepseek_r1_distill_1p5b__arc_test_00412_1998b3aa__temp1.00__seed7,0.21743204568714625,,8,per_run_oof
deepseek_r1_distill_1p5b__arc_test_00413_302e6269__temp0.10__seed7,0.2722644529781515,,8,per_run_oof
deepseek_r1_distill_1p5b__arc_test_00413_302e6269__temp0.60__seed7,0.25103049870138056,,8,per_run_oof
deepseek_r1_distill_1p5b__arc_test_00413_302e6269__temp1.00__seed7,0.2821544733312623,0.0,8,per_run_oof
deepseek_r1_distill_1p5b__arc_test_00414_526ea1cc__temp0.10__seed7,0.2613479231741309,0.16666666666666669,8,per_run_oof
deepseek_r1_distill_1p5b__arc_test_00414_526ea1cc__temp0.60__seed7,0.24756828576328407,0.5833333333333333,8,per_run_oof
deepseek_r1_distill_1p5b__arc_test_00414_526ea1cc__temp1.00__seed7,0.23571990647170796,0.8125,8,per_run_oof
deepseek_r1_distill_1p5b__arc_test_00415_8541da3f__temp0.10__seed7,0.2590142632473631,0.3125,8,per_run_oof
deepseek_r1_distill_1p5b__arc_test_00415_8541da3f__temp0.60__seed7,0.25804127667785215,0.375,8,per_run_oof
deepseek_r1_distill_1p5b__arc_test_00415_8541da3f__temp1.00__seed7,0.2239163395934178,1.0,8,per_run_oof
deepseek_r1_distill_1p5b__arc_test_00416_1c8c83d8__temp0.10__seed7,0.21670860830397803,,8,per_run_oof
deepseek_r1_distill_1p5b__arc_test_00416_1c8c83d8__temp0.60__seed7,0.23392112434086598,0.1428571428571429,8,per_run_oof
deepseek_r1_distill_1p5b__arc_test_00416_1c8c83d8__temp1.00__seed7,0.20792560792662718,,8,per_run_oof
deepseek_r1_distill_1p5b__arc_test_00417_d4feaa19__temp0.10__seed7,0.2827969632717525,,8,per_run_oof
deepseek_r1_distill_1p5b__arc_test_00417_d4feaa19__temp0.60__seed7,0.23824024919452808,0.6666666666666666,8,per_run_oof
deepseek_r1_distill_1p5b__arc_test_00417_d4feaa19__temp1.00__seed7,0.2723625322803309,,8,per_run_oof
deepseek_r1_distill_1p5b__arc_test_00418_9c8ca325__temp0.10__seed7,0.2418068912656523,0.6666666666666667,8,per_run_oof
deepseek_r1_distill_1p5b__arc_test_00418_9c8ca325__temp0.60__seed7,0.2048198182598061,0.6,8,per_run_oof
deepseek_r1_distill_1p5b__arc_test_00418_9c8ca325__temp1.00__seed7,0.24198809157044424,0.75,8,per_run_oof
deepseek_r1_distill_1p5b__arc_test_00419_9e662f9b__temp0.10__seed7,0.2280019530199009,,8,per_run_oof
deepseek_r1_distill_1p5b__arc_test_00419_9e662f9b__temp0.60__seed7,0.27421630674026276,,8,per_run_oof
deepseek_r1_distill_1p5b__arc_test_00419_9e662f9b__temp1.00__seed7,0.23794897722127673,,8,per_run_oof
deepseek_r1_distill_1p5b__arc_test_00420_d643f074__temp0.10__seed7,0.24241609750749984,,8,per_run_oof
deepseek_r1_distill_1p5b__arc_test_00420_d643f074__temp0.60__seed7,0.2987591030416957,,8,per_run_oof
deepseek_r1_distill_1p5b__arc_test_00420_d643f074__temp1.00__seed7,0.32103004914826316,,8,per_run_oof
deepseek_r1_distill_1p5b__arc_test_00421_dde0e2e8__temp0.10__seed7,0.2335243325450744,0.1428571428571429,8,per_run_oof
deepseek_r1_distill_1p5b__arc_test_00421_dde0e2e8__temp0.60__seed7,0.2397434150110214,0.2857142857142857,8,per_run_oof
deepseek_r1_distill_1p5b__arc_test_00421_dde0e2e8__temp1.00__seed7,0.2043812390274774,,8,per_run_oof
deepseek_r1_distill_1p5b__arc_test_00422_6dc84e52__temp0.10__seed7,0.21175852028416353,0.5714285714285714,8,per_run_oof
deepseek_r1_distill_1p5b__arc_test_00422_6dc84e52__temp0.60__seed7,0.23493518283481724,,8,per_run_oof
deepseek_r1_distill_1p5b__arc_test_00422_6dc84e52__temp1.00__seed7,0.2535899244849547,0.0,8,per_run_oof
deepseek_r1_distill_1p5b__arc_test_00423_e5103000__temp0.10__seed7,0.22384593076234655,,8,per_run_oof
deepseek_r1_distill_1p5b__arc_test_00423_e5103000__temp0.60__seed7,0.23678249359371042,0.2857142857142857,8,per_run_oof
deepseek_r1_distill_1p5b__arc_test_00423_e5103000__temp1.00__seed7,0.24714855345369494,0.2857142857142857,8,per_run_oof
deepseek_r1_distill_1p5b__arc_test_00424_67b41086__temp0.10__seed7,0.2229878480372398,0.1428571428571429,8,per_run_oof
deepseek_r1_distill_1p5b__arc_test_00424_67b41086__temp0.60__seed7,0.23187966692162282,0.4166666666666667,8,per_run_oof
deepseek_r1_distill_1p5b__arc_test_00424_67b41086__temp1.00__seed7,0.22886173854258035,0.5833333333333334,8,per_run_oof
deepseek_r1_distill_1p5b__arc_test_00425_e3b3f101__temp0.10__seed7,0.2607068491170114,,8,per_run_oof
deepseek_r1_distill_1p5b__arc_test_00425_e3b3f101__temp0.60__seed7,0.26343117935801696,,8,per_run_oof
deepseek_r1_distill_1p5b__arc_test_00425_e3b3f101__temp1.00__seed7,0.26202195104941245,,8,per_run_oof
deepseek_r1_distill_1p5b__arc_test_00426_8ace8de5__temp0.10__seed7,0.25149428349056085,0.08333333333333331,8,per_run_oof
deepseek_r1_distill_1p5b__arc_test_00426_8ace8de5__temp0.60__seed7,0.26157927424854704,,8,per_run_oof
deepseek_r1_distill_1p5b__arc_test_00426_8ace8de5__temp1.00__seed7,0.22530891467711395,,8,per_run_oof
deepseek_r1_distill_1p5b__arc_test_00427_87d4709d__temp0.10__seed7,0.24050119413368548,0.6875,8,per_run_oof
deepseek_r1_distill_1p5b__arc_test_00427_87d4709d__temp0.60__seed7,0.25039517008350365,0.3125,8,per_run_oof
deepseek_r1_distill_1p5b__arc_test_00427_87d4709d__temp1.00__seed7,0.2717693195346562,0.5833333333333334,8,per_run_oof
deepseek_r1_distill_1p5b__arc_test_00428_7287612b__temp0.10__seed7,0.2302947619853284,0.8333333333333334,8,per_run_oof
deepseek_r1_distill_1p5b__arc_test_00428_7287612b__temp0.60__seed7,0.24984465123983907,0.39999999999999997,8,per_run_oof
deepseek_r1_distill_1p5b__arc_test_00428_7287612b__temp1.00__seed7,0.24280176348869098,0.625,8,per_run_oof
deepseek_r1_distill_1p5b__arc_test_00429_ecc4d8f9__temp0.10__seed7,0.27920262248778716,0.0,8,per_run_oof
deepseek_r1_distill_1p5b__arc_test_00429_ecc4d8f9__temp0.60__seed7,0.264004171237746,0.4285714285714286,8,per_run_oof
deepseek_r1_distill_1p5b__arc_test_00429_ecc4d8f9__temp1.00__seed7,0.2711426148887989,,8,per_run_oof
deepseek_r1_distill_1p5b__arc_test_00430_1f117cb5__temp0.10__seed7,0.2380029767793866,0.9333333333333333,8,per_run_oof
deepseek_r1_distill_1p5b__arc_test_00430_1f117cb5__temp0.60__seed7,0.24026202542268943,,8,per_run_oof
deepseek_r1_distill_1p5b__arc_test_00430_1f117cb5__temp1.00__seed7,0.25596521656851445,0.16666666666666669,8,per_run_oof
deepseek_r1_distill_1p5b__arc_test_00431_ed38e3fb__temp0.10__seed7,0.2258486992108033,,8,per_run_oof
deepseek_r1_distill_1p5b__arc_test_00431_ed38e3fb__temp0.60__seed7,0.2463993427869552,0.5333333333333333,8,per_run_oof
deepseek_r1_distill_1p5b__arc_test_00431_ed38e3fb__temp1.00__seed7,0.25725126078838323,0.1428571428571429,8,per_run_oof
deepseek_r1_distill_1p5b__arc_test_00432_b2081734__temp0.10__seed7,0.2600203311031717,,8,per_run_oof
deepseek_r1_distill_1p5b__arc_test_00432_b2081734__temp0.60__seed7,0.22314242734682474,,8,per_run_oof
deepseek_r1_distill_1p5b__arc_test_00432_b2081734__temp1.00__seed7,0.23937945855780524,,8,per_run_oof
deepseek_r1_distill_1p5b__arc_test_00433_8f97d596__temp0.10__seed7,0.27007037794258726,0.0,8,per_run_oof
deepseek_r1_distill_1p5b__arc_test_00433_8f97d596__temp0.60__seed7,0.2434649460228584,0.7142857142857143,8,per_run_oof
deepseek_r1_distill_1p5b__arc_test_00433_8f97d596__temp1.00__seed7,0.23826975259394875,0.5,8,per_run_oof
deepseek_r1_distill_1p5b__arc_test_00434_5dc9b930__temp0.10__seed7,0.22090521249365858,0.1428571428571429,8,per_run_oof
deepseek_r1_distill_1p5b__arc_test_00434_5dc9b930__temp0.60__seed7,0.22122304692243325,,8,per_run_oof
deepseek_r1_distill_1p5b__arc_test_00434_5dc9b930__temp1.00__seed7,0.2361204123980811,0.25,8,per_run_oof
deepseek_r1_distill_1p5b__arc_test_00435_5a5808a0__temp0.10__seed7,0.25145034590664,,8,per_run_oof
deepseek_r1_distill_1p5b__arc_test_00435_5a5808a0__temp0.60__seed7,0.266579252896777,,8,per_run_oof
deepseek_r1_distill_1p5b__arc_test_00435_5a5808a0__temp1.00__seed7,0.2419838578822655,0.1428571428571429,8,per_run_oof
deepseek_r1_distill_1p5b__arc_test_00436_1db7d473__temp0.10__seed7,0.242391205004245,,8,per_run_oof
deepseek_r1_distill_1p5b__arc_test_00436_1db7d473__temp0.60__seed7,0.2747638146123961,,8,per_run_oof
deepseek_r1_distill_1p5b__arc_test_00436_1db7d473__temp1.00__seed7,0.24786582358563397,,8,per_run_oof
deepseek_r1_distill_1p5b__arc_test_00437_68fe5af1__temp0.10__seed7,0.22334555684755697,,8,per_run_oof
deepseek_r1_distill_1p5b__arc_test_00437_68fe5af1__temp0.60__seed7,0.23369909141861891,,8,per_run_oof
deepseek_r1_distill_1p5b__arc_test_00437_68fe5af1__temp1.00__seed7,0.21628637909021145,,8,per_run_oof
deepseek_r1_distill_1p5b__arc_test_00438_e1530cd1__temp0.10__seed7,0.263858422431407,0.08333333333333331,8,per_run_oof
deepseek_r1_distill_1p5b__arc_test_00438_e1530cd1__temp0.60__seed7,0.2611874124369237,0.33333333333333337,8,per_run_oof
deepseek_r1_distill_1p5b__arc_test_00438_e1530cd1__temp1.00__seed7,0.25575284935940085,0.5333333333333333,8,per_run_oof
deepseek_r1_distill_1p5b__arc_test_00439_7f2749ab__temp0.10__seed7,0.2246372929137737,0.8666666666666667,8,per_run_oof
deepseek_r1_distill_1p5b__arc_test_00439_7f2749ab__temp0.60__seed7,0.24793443083061517,0.08333333333333331,8,per_run_oof
deepseek_r1_distill_1p5b__arc_test_00439_7f2749ab__temp1.00__seed7,0.24839241866628659,0.33333333333333337,8,per_run_oof
deepseek_r1_distill_1p5b__arc_test_00440_9fd46dcf__temp0.10__seed7,0.246393667256623,,8,per_run_oof
deepseek_r1_distill_1p5b__arc_test_00440_9fd46dcf__temp0.60__seed7,0.23743496535443587,,8,per_run_oof
deepseek_r1_distill_1p5b__arc_test_00440_9fd46dcf__temp1.00__seed7,0.2083096925801796,,8,per_run_oof
deepseek_r1_distill_1p5b__arc_test_00441_fd113834__temp0.10__seed7,0.2479189368441545,0.5625,8,per_run_oof
deepseek_r1_distill_1p5b__arc_test_00441_fd113834__temp0.60__seed7,0.24397126057481872,0.6,8,per_run_oof
deepseek_r1_distill_1p5b__arc_test_00441_fd113834__temp1.00__seed7,0.23969724409317084,0.8666666666666667,8,per_run_oof
deepseek_r1_distill_1p5b__arc_test_00442_69416ff4__temp0.10__seed7,0.23635806835200301,0.1428571428571429,8,per_run_oof
deepseek_r1_distill_1p5b__arc_test_00442_69416ff4__temp0.60__seed7,0.2084469248193242,,8,per_run_oof
deepseek_r1_distill_1p5b__arc_test_00442_69416ff4__temp1.00__seed7,0.23052747908273652,0.2857142857142857,8,per_run_oof
deepseek_r1_distill_1p5b__arc_test_00443_0f84df40__temp0.10__seed7,0.23903359107416386,0.2857142857142857,8,per_run_oof
deepseek_r1_distill_1p5b__arc_test_00443_0f84df40__temp0.60__seed7,0.2086349349648197,,8,per_run_oof
deepseek_r1_distill_1p5b__arc_test_00443_0f84df40__temp1.00__seed7,0.24362513724983642,0.6666666666666667,8,per_run_oof
deepseek_r1_distill_1p5b__arc_test_00444_6650d6a2__temp0.10__seed7,0.27222403387144845,,8,per_run_oof
deepseek_r1_distill_1p5b__arc_test_00444_6650d6a2__temp0.60__seed7,0.2491342350856825,,8,per_run_oof
deepseek_r1_distill_1p5b__arc_test_00444_6650d6a2__temp1.00__seed7,0.27961203615241453,0.0,8,per_run_oof
deepseek_r1_distill_1p5b__arc_test_00445_579013e4__temp0.10__seed7,0.20472617615365213,,8,per_run_oof
deepseek_r1_distill_1p5b__arc_test_00445_579013e4__temp0.60__seed7,0.23829586800195457,,8,per_run_oof
deepseek_r1_distill_1p5b__arc_test_00445_579013e4__temp1.00__seed7,0.22564543138964366,0.1428571428571429,8,per_run_oof
deepseek_r1_distill_1p5b__arc_test_00446_83c6cc68__temp0.10__seed7,0.24467813490707951,0.4666666666666666,8,per_run_oof
deepseek_r1_distill_1p5b__arc_test_00446_83c6cc68__temp0.60__seed7,0.23715701196605724,0.7333333333333334,8,per_run_oof
deepseek_r1_distill_1p5b__arc_test_00446_83c6cc68__temp1.00__seed7,0.2376192055211483,0.8571428571428571,8,per_run_oof
deepseek_r1_distill_1p5b__arc_test_00447_3639fb8d__temp0.10__seed7,0.25228799166054205,0.39999999999999997,8,per_run_oof
deepseek_r1_distill_1p5b__arc_test_00447_3639fb8d__temp0.60__seed7,0.24771306714929114,0.5,8,per_run_oof
deepseek_r1_distill_1p5b__arc_test_00447_3639fb8d__temp1.00__seed7,0.33384187032853835,0.2666666666666667,8,per_run_oof
deepseek_r1_distill_1p5b__arc_test_00448_de7139db__temp0.10__seed7,0.28028696938264863,0.25,8,per_run_oof
deepseek_r1_distill_1p5b__arc_test_00448_de7139db__temp0.60__seed7,0.26715002997405124,0.25,8,per_run_oof
deepseek_r1_distill_1p5b__arc_test_00448_de7139db__temp1.00__seed7,0.2309068758992998,,8,per_run_oof
deepseek_r1_distill_1p5b__arc_test_00449_d9f61263__temp0.10__seed7,0.25755069002723646,0.3333333333333333,8,per_run_oof
deepseek_r1_distill_1p5b__arc_test_00449_d9f61263__temp0.60__seed7,0.2520350786910301,0.4285714285714286,8,per_run_oof
deepseek_r1_distill_1p5b__arc_test_00449_d9f61263__temp1.00__seed7,0.279892041387681,,8,per_run_oof
deepseek_r1_distill_1p5b__arc_test_00450_0952139a__temp0.10__seed7,0.24779671199076597,,8,per_run_oof
deepseek_r1_distill_1p5b__arc_test_00450_0952139a__temp0.60__seed7,0.28209408427435634,,8,per_run_oof
deepseek_r1_distill_1p5b__arc_test_00450_0952139a__temp1.00__seed7,0.25189416584256863,,8,per_run_oof
deepseek_r1_distill_1p5b__arc_test_00451_8e4556d1__temp0.10__seed7,0.23568400994950683,0.8125,8,per_run_oof
deepseek_r1_distill_1p5b__arc_test_00451_8e4556d1__temp0.60__seed7,0.23994576799807982,0.625,8,per_run_oof
deepseek_r1_distill_1p5b__arc_test_00451_8e4556d1__temp1.00__seed7,0.24798295171572154,0.0,8,per_run_oof
deepseek_r1_distill_1p5b__arc_test_00452_47a47cff__temp0.10__seed7,0.2085941548900288,,8,per_run_oof
deepseek_r1_distill_1p5b__arc_test_00452_47a47cff__temp0.60__seed7,0.21877326305058936,0.5714285714285714,8,per_run_oof
deepseek_r1_distill_1p5b__arc_test_00452_47a47cff__temp1.00__seed7,0.2484322304006562,,8,per_run_oof
deepseek_r1_distill_1p5b__arc_test_00453_40ed6bb4__temp0.10__seed7,0.1895679385036888,,8,per_run_oof
deepseek_r1_distill_1p5b__arc_test_00453_40ed6bb4__temp0.60__seed7,0.2277382034964765,0.8125,8,per_run_oof
deepseek_r1_distill_1p5b__arc_test_00453_40ed6bb4__temp1.00__seed7,0.22874341268709536,,8,per_run_oof
deepseek_r1_distill_1p5b__arc_test_00454_2e61fff0__temp0.10__seed7,0.26823260851871517,,8,per_run_oof
deepseek_r1_distill_1p5b__arc_test_00454_2e61fff0__temp0.60__seed7,0.3606749893021841,0.0,8,per_run_oof
deepseek_r1_distill_1p5b__arc_test_00454_2e61fff0__temp1.00__seed7,0.26385660893828056,0.4166666666666667,8,per_run_oof
deepseek_r1_distill_1p5b__arc_test_00455_2cdb2af4__temp0.10__seed7,0.2629245321091367,,8,per_run_oof
deepseek_r1_distill_1p5b__arc_test_00455_2cdb2af4__temp0.60__seed7,0.27773190645666646,,8,per_run_oof
deepseek_r1_distill_1p5b__arc_test_00455_2cdb2af4__temp1.00__seed7,0.22186706392765718,,8,per_run_oof
deepseek_r1_distill_1p5b__arc_test_00456_92cff282__temp0.10__seed7,0.25190662788677765,0.0,8,per_run_oof
deepseek_r1_distill_1p5b__arc_test_00456_92cff282__temp0.60__seed7,0.17997600162070337,1.0,8,per_run_oof
deepseek_r1_distill_1p5b__arc_test_00456_92cff282__temp1.00__seed7,0.2159730965914833,1.0,8,per_run_oof
deepseek_r1_distill_1p5b__arc_test_00457_f210958e__temp0.10__seed7,0.22505495586363683,,8,per_run_oof
deepseek_r1_distill_1p5b__arc_test_00457_f210958e__temp0.60__seed7,0.23660395587619928,0.8571428571428571,8,per_run_oof
deepseek_r1_distill_1p5b__arc_test_00457_f210958e__temp1.00__seed7,0.21213966877463059,1.0,8,per_run_oof
deepseek_r1_distill_1p5b__arc_test_00458_8bc2e6c0__temp0.10__seed7,0.2338079406398157,,8,per_run_oof
deepseek_r1_distill_1p5b__arc_test_00458_8bc2e6c0__temp0.60__seed7,0.2419932718361147,,8,per_run_oof
deepseek_r1_distill_1p5b__arc_test_00458_8bc2e6c0__temp1.00__seed7,0.24415649160494024,0.16666666666666669,8,per_run_oof
deepseek_r1_distill_1p5b__arc_test_00459_96b9cbbc__temp0.10__seed7,0.1798095024493826,0.9375,8,per_run_oof
deepseek_r1_distill_1p5b__arc_test_00459_96b9cbbc__temp0.60__seed7,0.30540147632539366,0.39999999999999997,8,per_run_oof
deepseek_r1_distill_1p5b__arc_test_00459_96b9cbbc__temp1.00__seed7,0.28579064852855607,0.4166666666666667,8,per_run_oof
deepseek_r1_distill_1p5b__arc_test_00460_84e47e98__temp0.10__seed7,0.25877104360437336,,8,per_run_oof
deepseek_r1_distill_1p5b__arc_test_00460_84e47e98__temp0.60__seed7,0.24454690143864052,,8,per_run_oof
deepseek_r1_distill_1p5b__arc_test_00460_84e47e98__temp1.00__seed7,0.2627943883134066,,8,per_run_oof
deepseek_r1_distill_1p5b__arc_test_00461_9ce2c221__temp0.10__seed7,0.26189047824779604,0.6666666666666666,8,per_run_oof
deepseek_r1_distill_1p5b__arc_test_00461_9ce2c221__temp0.60__seed7,0.2527795084615547,,8,per_run_oof
deepseek_r1_distill_1p5b__arc_test_00461_9ce2c221__temp1.00__seed7,0.27908287771526896,0.8571428571428571,8,per_run_oof
deepseek_r1_distill_1p5b__arc_test_00462_3543ccc3__temp0.10__seed7,0.2537353105044483,0.5333333333333333,8,per_run_oof
deepseek_r1_distill_1p5b__arc_test_00462_3543ccc3__temp0.60__seed7,0.22983331053392808,0.7142857142857143,8,per_run_oof
deepseek_r1_distill_1p5b__arc_test_00462_3543ccc3__temp1.00__seed7,0.23581290892244158,,8,per_run_oof
deepseek_r1_distill_1p5b__arc_test_00463_936f56a6__temp0.10__seed7,0.22227950334884383,,8,per_run_oof
deepseek_r1_distill_1p5b__arc_test_00463_936f56a6__temp0.60__seed7,0.2265866133461484,,8,per_run_oof
deepseek_r1_distill_1p5b__arc_test_00463_936f56a6__temp1.00__seed7,0.22050032835570957,0.8571428571428571,8,per_run_oof
deepseek_r1_distill_1p5b__arc_test_00464_1c6f5ced__temp0.10__seed7,0.24420979621327113,0.8333333333333334,8,per_run_oof
deepseek_r1_distill_1p5b__arc_test_00464_1c6f5ced__temp0.60__seed7,0.2287896712577738,0.1428571428571429,8,per_run_oof
deepseek_r1_distill_1p5b__arc_test_00464_1c6f5ced__temp1.00__seed7,0.2575863205661794,0.5,8,per_run_oof
deepseek_r1_distill_1p5b__arc_test_00465_c79235f3__temp0.10__seed7,0.27914583519682995,,8,per_run_oof
deepseek_r1_distill_1p5b__arc_test_00465_c79235f3__temp0.60__seed7,0.2923717850625254,,8,per_run_oof
deepseek_r1_distill_1p5b__arc_test_00465_c79235f3__temp1.00__seed7,0.2575099040631627,0.1428571428571429,8,per_run_oof
deepseek_r1_distill_1p5b__arc_test_00466_fdbf98ae__temp0.10__seed7,0.2286696403107082,1.0,8,per_run_oof
deepseek_r1_distill_1p5b__arc_test_00466_fdbf98ae__temp0.60__seed7,0.25394197077771635,0.4,8,per_run_oof
deepseek_r1_distill_1p5b__arc_test_00466_fdbf98ae__temp1.00__seed7,0.2934003315707216,0.8571428571428572,8,per_run_oof
deepseek_r1_distill_1p5b__arc_test_00467_824e4f06__temp0.10__seed7,0.2290749323115021,0.5,8,per_run_oof
deepseek_r1_distill_1p5b__arc_test_00467_824e4f06__temp0.60__seed7,0.23566198056812637,0.6,8,per_run_oof
deepseek_r1_distill_1p5b__arc_test_00467_824e4f06__temp1.00__seed7,0.2489261724334244,0.5833333333333334,8,per_run_oof
deepseek_r1_distill_1p5b__arc_test_00468_237145d7__temp0.10__seed7,0.2477714049054115,0.5714285714285714,8,per_run_oof
deepseek_r1_distill_1p5b__arc_test_00468_237145d7__temp0.60__seed7,0.2584882763846045,,8,per_run_oof
deepseek_r1_distill_1p5b__arc_test_00468_237145d7__temp1.00__seed7,0.2439186526945633,0.7333333333333333,8,per_run_oof
deepseek_r1_distill_1p5b__arc_test_00469_ea59a9ff__temp0.10__seed7,0.23082113341908903,0.5714285714285714,8,per_run_oof
deepseek_r1_distill_1p5b__arc_test_00469_ea59a9ff__temp0.60__seed7,0.2461317023454213,,8,per_run_oof
deepseek_r1_distill_1p5b__arc_test_00469_ea59a9ff__temp1.00__seed7,0.243149582076366,0.0,8,per_run_oof
deepseek_r1_distill_1p5b__arc_test_00470_f33f9574__temp0.10__seed7,0.24897596798495134,0.7142857142857143,8,per_run_oof
deepseek_r1_distill_1p5b__arc_test_00470_f33f9574__temp0.60__seed7,0.23091542896848233,1.0,8,per_run_oof
deepseek_r1_distill_1p5b__arc_test_00470_f33f9574__temp1.00__seed7,0.24261997204267655,1.0,8,per_run_oof
deepseek_r1_distill_1p5b__arc_test_00471_70514a76__temp0.10__seed7,0.2649660497239785,0.75,8,per_run_oof
deepseek_r1_distill_1p5b__arc_test_00471_70514a76__temp0.60__seed7,0.2361000147737104,,8,per_run_oof
deepseek_r1_distill_1p5b__arc_test_00471_70514a76__temp1.00__seed7,0.27665489055345427,,8,per_run_oof
deepseek_r1_distill_1p5b__arc_test_00472_b2b2fb94__temp0.10__seed7,0.26001456394190314,0.39999999999999997,8,per_run_oof
deepseek_r1_distill_1p5b__arc_test_00472_b2b2fb94__temp0.60__seed7,0.198208828643421,0.8333333333333333,8,per_run_oof
deepseek_r1_distill_1p5b__arc_test_00472_b2b2fb94__temp1.00__seed7,0.21646971233375784,1.0,8,per_run_oof
deepseek_r1_distill_1p5b__arc_test_00473_b5136afa__temp0.10__seed7,0.21812677655849386,,8,per_run_oof
deepseek_r1_distill_1p5b__arc_test_00473_b5136afa__temp0.60__seed7,0.23333176633261,0.5333333333333332,8,per_run_oof
deepseek_r1_distill_1p5b__arc_test_00473_b5136afa__temp1.00__seed7,0.2317912072881385,0.0,8,per_run_oof
deepseek_r1_distill_1p5b__arc_test_00474_a7c577b2__temp0.10__seed7,0.2574773650947616,0.0,8,per_run_oof
deepseek_r1_distill_1p5b__arc_test_00474_a7c577b2__temp0.60__seed7,0.26665166483321523,,8,per_run_oof
deepseek_r1_distill_1p5b__arc_test_00474_a7c577b2__temp1.00__seed7,0.2652132357109421,,8,per_run_oof
deepseek_r1_distill_1p5b__arc_test_00475_f8b88a76__temp0.10__seed7,0.24573169435214276,0.0,8,per_run_oof
deepseek_r1_distill_1p5b__arc_test_00475_f8b88a76__temp0.60__seed7,0.2349842676659024,,8,per_run_oof
deepseek_r1_distill_1p5b__arc_test_00475_f8b88a76__temp1.00__seed7,0.2245416257680233,0.2857142857142857,8,per_run_oof
deepseek_r1_distill_1p5b__arc_test_00476_fb07057b__temp0.10__seed7,0.2836757560752306,,8,per_run_oof
deepseek_r1_distill_1p5b__arc_test_00476_fb07057b__temp0.60__seed7,0.28048795627773415,,8,per_run_oof
deepseek_r1_distill_1p5b__arc_test_00476_fb07057b__temp1.00__seed7,0.2450533266453833,0.41666666666666663,8,per_run_oof
deepseek_r1_distill_1p5b__arc_test_00477_a81f16b5__temp0.10__seed7,0.23515125216519006,,8,per_run_oof
deepseek_r1_distill_1p5b__arc_test_00477_a81f16b5__temp0.60__seed7,0.2612999029605039,0.1428571428571429,8,per_run_oof
deepseek_r1_distill_1p5b__arc_test_00477_a81f16b5__temp1.00__seed7,0.2780217350188251,,8,per_run_oof
deepseek_r1_distill_1p5b__arc_test_00478_4c9725ae__temp0.10__seed7,0.22444881046276915,,8,per_run_oof
deepseek_r1_distill_1p5b__arc_test_00478_4c9725ae__temp0.60__seed7,0.2544843260494911,,8,per_run_oof
deepseek_r1_distill_1p5b__arc_test_00478_4c9725ae__temp1.00__seed7,0.24676391217743998,,8,per_run_oof
deepseek_r1_distill_1p5b__arc_test_00479_cb276647__temp0.10__seed7,0.23096406973678776,0.875,8,per_run_oof
deepseek_r1_distill_1p5b__arc_test_00479_cb276647__temp0.60__seed7,0.22978827054743767,0.5714285714285714,8,per_run_oof
deepseek_r1_distill_1p5b__arc_test_00479_cb276647__temp1.00__seed7,0.24157829762827698,0.8571428571428571,8,per_run_oof
deepseek_r1_distill_1p5b__arc_test_00480_99c4d43c__temp0.10__seed7,0.24575826429605319,0.4666666666666667,8,per_run_oof
deepseek_r1_distill_1p5b__arc_test_00480_99c4d43c__temp0.60__seed7,0.25886633345555654,,8,per_run_oof
deepseek_r1_distill_1p5b__arc_test_00480_99c4d43c__temp1.00__seed7,0.23137049328526532,0.2857142857142857,8,per_run_oof
deepseek_r1_distill_1p5b__arc_test_00481_f0c655bc__temp0.10__seed7,0.23717736897932742,0.5,8,per_run_oof
deepseek_r1_distill_1p5b__arc_test_00481_f0c655bc__temp0.60__seed7,0.24512266745934186,0.6666666666666667,8,per_run_oof
deepseek_r1_distill_1p5b__arc_test_00481_f0c655bc__temp1.00__seed7,0.2877516406290941,0.375,8,per_run_oof
deepseek_r1_distill_1p5b__arc_test_00482_783ef923__temp0.10__seed7,0.2311363271174456,,8,per_run_oof
deepseek_r1_distill_1p5b__arc_test_00482_783ef923__temp0.60__seed7,0.2329748123658268,0.5714285714285714,8,per_run_oof
deepseek_r1_distill_1p5b__arc_test_00482_783ef923__temp1.00__seed7,0.2470428972371881,0.4666666666666666,8,per_run_oof
deepseek_r1_distill_1p5b__arc_test_00483_9384181a__temp0.10__seed7,0.231216872615365,1.0,8,per_run_oof
deepseek_r1_distill_1p5b__arc_test_00483_9384181a__temp0.60__seed7,0.23293496750081322,0.8,8,per_run_oof
deepseek_r1_distill_1p5b__arc_test_00483_9384181a__temp1.00__seed7,0.22104230784127296,0.9166666666666667,8,per_run_oof
deepseek_r1_distill_1p5b__arc_test_00484_a5597afb__temp0.10__seed7,0.2404697489515458,1.0,8,per_run_oof
deepseek_r1_distill_1p5b__arc_test_00484_a5597afb__temp0.60__seed7,0.23621341258216022,0.6666666666666667,8,per_run_oof
deepseek_r1_distill_1p5b__arc_test_00484_a5597afb__temp1.00__seed7,0.24457758130455748,0.625,8,per_run_oof
deepseek_r1_distill_1p5b__arc_test_00485_4b8d4e29__temp0.10__seed7,0.2202848517791045,,8,per_run_oof
deepseek_r1_distill_1p5b__arc_test_00485_4b8d4e29__temp0.60__seed7,0.254067412750048,0.2857142857142857,8,per_run_oof
deepseek_r1_distill_1p5b__arc_test_00485_4b8d4e29__temp1.00__seed7,0.24897592818298178,0.3125,8,per_run_oof
deepseek_r1_distill_1p5b__arc_test_00486_605c0abe__temp0.10__seed7,0.2520853687782979,,8,per_run_oof
deepseek_r1_distill_1p5b__arc_test_00486_605c0abe__temp0.60__seed7,0.23108163323927766,0.1428571428571429,8,per_run_oof
deepseek_r1_distill_1p5b__arc_test_00486_605c0abe__temp1.00__seed7,0.23637871341065853,0.5833333333333334,8,per_run_oof
deepseek_r1_distill_1p5b__arc_test_00487_b2bdd1ce__temp0.10__seed7,0.22534915542519757,1.0,8,per_run_oof
deepseek_r1_distill_1p5b__arc_test_00487_b2bdd1ce__temp0.60__seed7,0.21228641899503237,,8,per_run_oof
deepseek_r1_distill_1p5b__arc_test_00487_b2bdd1ce__temp1.00__seed7,0.2421180577820936,0.2857142857142857,8,per_run_oof
deepseek_r1_distill_1p5b__arc_test_00488_5463da3a__temp0.10__seed7,0.26557221387586655,0.2857142857142857,8,per_run_oof
deepseek_r1_distill_1p5b__arc_test_00488_5463da3a__temp0.60__seed7,0.2633364724659187,0.5714285714285714,8,per_run_oof
deepseek_r1_distill_1p5b__arc_test_00488_5463da3a__temp1.00__seed7,0.2699243110741577,0.25,8,per_run_oof
deepseek_r1_distill_1p5b__arc_test_00489_c703c0a9__temp0.10__seed7,0.20712734475910055,,8,per_run_oof
deepseek_r1_distill_1p5b__arc_test_00489_c703c0a9__temp0.60__seed7,0.24722422644884015,0.5833333333333334,8,per_run_oof
deepseek_r1_distill_1p5b__arc_test_00489_c703c0a9__temp1.00__seed7,0.24537805288134354,0.7142857142857143,8,per_run_oof
deepseek_r1_distill_1p5b__arc_test_00490_4f08600f__temp0.10__seed7,0.24658864454596863,,8,per_run_oof
deepseek_r1_distill_1p5b__arc_test_00490_4f08600f__temp0.60__seed7,0.22382055876639978,,8,per_run_oof
deepseek_r1_distill_1p5b__arc_test_00490_4f08600f__temp1.00__seed7,0.2464246259828002,,8,per_run_oof
deepseek_r1_distill_1p5b__arc_test_00491_ded1fb77__temp0.10__seed7,0.2526258662870665,,8,per_run_oof
deepseek_r1_distill_1p5b__arc_test_00491_ded1fb77__temp0.60__seed7,0.2528674626844252,,8,per_run_oof
deepseek_r1_distill_1p5b__arc_test_00491_ded1fb77__temp1.00__seed7,0.23260574716032856,,8,per_run_oof
deepseek_r1_distill_1p5b__arc_test_00492_6cb78bde__temp0.10__seed7,0.23080752114436953,,8,per_run_oof
deepseek_r1_distill_1p5b__arc_test_00492_6cb78bde__temp0.60__seed7,0.24273115065057105,,8,per_run_oof
deepseek_r1_distill_1p5b__arc_test_00492_6cb78bde__temp1.00__seed7,0.23592355172428658,0.5833333333333334,8,per_run_oof
deepseek_r1_distill_1p5b__arc_test_00493_955ed165__temp0.10__seed7,0.24580688305033618,0.4666666666666666,8,per_run_oof
deepseek_r1_distill_1p5b__arc_test_00493_955ed165__temp0.60__seed7,0.23462360128459825,0.9166666666666667,8,per_run_oof
deepseek_r1_distill_1p5b__arc_test_00493_955ed165__temp1.00__seed7,0.2565192664193463,0.13333333333333333,8,per_run_oof
deepseek_r1_distill_1p5b__arc_test_00494_7d9bb2d6__temp0.10__seed7,0.2826387865741591,,8,per_run_oof
deepseek_r1_distill_1p5b__arc_test_00494_7d9bb2d6__temp0.60__seed7,0.24263708343352686,0.1428571428571429,8,per_run_oof
deepseek_r1_distill_1p5b__arc_test_00494_7d9bb2d6__temp1.00__seed7,0.2800475589420035,,8,per_run_oof
deepseek_r1_distill_1p5b__arc_test_00495_e38f696f__temp0.10__seed7,0.25590753433766034,0.8333333333333334,8,per_run_oof
deepseek_r1_distill_1p5b__arc_test_00495_e38f696f__temp0.60__seed7,0.24392639299422353,0.5625,8,per_run_oof
deepseek_r1_distill_1p5b__arc_test_00495_e38f696f__temp1.00__seed7,0.24263267800101151,0.8,8,per_run_oof
deepseek_r1_distill_1p5b__arc_test_00496_4f83df33__temp0.10__seed7,0.24554677034925332,0.1428571428571429,8,per_run_oof
deepseek_r1_distill_1p5b__arc_test_00496_4f83df33__temp0.60__seed7,0.24763232570178972,0.1428571428571429,8,per_run_oof
deepseek_r1_distill_1p5b__arc_test_00496_4f83df33__temp1.00__seed7,0.24803279911221104,0.16666666666666663,8,per_run_oof
deepseek_r1_distill_1p5b__arc_test_00497_703134ee__temp0.10__seed7,0.25751165159473377,,8,per_run_oof
deepseek_r1_distill_1p5b__arc_test_00497_703134ee__temp0.60__seed7,0.2539826494569021,,8,per_run_oof
deepseek_r1_distill_1p5b__arc_test_00497_703134ee__temp1.00__seed7,0.2587266541161586,0.16666666666666663,8,per_run_oof
deepseek_r1_distill_1p5b__arc_test_00498_84afdcdc__temp0.10__seed7,0.2631715182231391,,8,per_run_oof
deepseek_r1_distill_1p5b__arc_test_00498_84afdcdc__temp0.60__seed7,0.30026419035876484,,8,per_run_oof
deepseek_r1_distill_1p5b__arc_test_00498_84afdcdc__temp1.00__seed7,0.28531221674613805,,8,per_run_oof
deepseek_r1_distill_1p5b__arc_test_00499_c2a68a4a__temp0.10__seed7,0.26845314009393484,0.16666666666666669,8,per_run_oof
deepseek_r1_distill_1p5b__arc_test_00499_c2a68a4a__temp0.60__seed7,0.24479358952613411,0.75,8,per_run_oof
deepseek_r1_distill_1p5b__arc_test_00499_c2a68a4a__temp1.00__seed7,0.2486852514010192,0.6,8,per_run_oof
__pooled__,0.2458720349772312,0.5565922634769844,12000,pooled_oof
