phase,temperature,seed,step,requested_batch_size,realized_batch_size,prompt_tokens,generated_tokens,wall_clock_seconds,examples_per_second,tokens_per_second,tokenize_seconds,generation_seconds,forward_seconds,postprocess_seconds,hidden_state_write_seconds,gpu_memory_allocated_gb,gpu_memory_reserved_gb,gpu_max_memory_allocated_gb,gpu_max_memory_reserved_gb,split_count,oom_retry_count
generate,0.1,7,1,6,6,1569,841,21.64478458100075,0.2772030360268242,38.85462554975986,0.0032443159998365445,20.50517864700032,1.1172879850000754,0.01837157499994646,0.0,14.969566345214844,15.462890625,15.029588222503662,15.462890625,1,0
generate,0.1,7,2,6,6,2075,711,21.371403588999783,0.28074899128704395,33.26875546751471,0.0030520089994752198,20.01801458799946,1.3320467089997692,0.018027858000095875,0.0,15.182886123657227,16.0,15.257689476013184,16.0,1,0
hidden_state_write,0.1,7,0,6,6,0,0,0.0297282150004321,,,0.0,0.0,0.0,0.0,0.0297282150004321,13.508431434631348,16.0,15.257689476013184,16.0,0,0
generate,0.1,7,1,6,6,1586,712,15.899537807999877,0.3773694601978361,44.78117594347655,0.0026697160001276643,14.819781296999281,1.0653271549999772,0.011472932000287983,0.0,14.884010314941406,16.0,14.958725452423096,16.0,1,0
generate,0.1,7,2,6,6,2147,633,17.571826626000075,0.34145567946374605,36.02357418342521,0.003678342000057455,16.083164351999585,1.4716254360000676,0.01308718900054373,0.0,15.317744255065918,16.25390625,15.419691562652588,16.25390625,1,0
hidden_state_write,0.1,7,0,6,6,0,0,0.029619593000461464,,,0.0,0.0,0.0,0.0,0.029619593000461464,13.508431434631348,16.25390625,15.419691562652588,16.25390625,0,0
