phase,temperature,seed,step,requested_batch_size,realized_batch_size,prompt_tokens,generated_tokens,wall_clock_seconds,examples_per_second,tokens_per_second,tokenize_seconds,generation_seconds,forward_seconds,postprocess_seconds,hidden_state_write_seconds,gpu_memory_allocated_gb,gpu_memory_reserved_gb,gpu_max_memory_allocated_gb,gpu_max_memory_reserved_gb,split_count,oom_retry_count
generate,0.1,7,1,4,4,1014,455,13.332352106999679,0.30002207921736046,34.12751151097475,0.002529029000470473,12.759143268999651,0.5623525769997286,0.00790009899992583,0.0,14.301993370056152,14.552734375,14.3383469581604,14.552734375,1,0
generate,0.1,7,2,4,4,1394,322,7.913985299999695,0.5054343479763798,40.68746501209857,0.0024330349997399026,7.2612446749999435,0.6461128389992155,0.003933756000151334,0.0,14.358642578125,14.72265625,14.401015281677246,14.72265625,1,0
hidden_state_write,0.1,7,0,4,4,0,0,0.019925460000195017,,,0.0,0.0,0.0,0.0,0.019925460000195017,13.508431434631348,14.72265625,14.401015281677246,14.72265625,0,0
generate,0.1,7,1,4,4,1053,527,14.297414837999895,0.2797708568522987,36.859810390290356,0.0019153430002916139,13.643434064000758,0.6444475329999477,0.007276061000084155,0.0,14.355005264282227,14.72265625,14.39450454711914,14.72265625,1,0
generate,0.1,7,2,4,4,1505,335,10.117007273000127,0.3953738385337573,33.11255897720217,0.002720890000091458,9.34256765400005,0.7661189050004396,0.005330493999281316,0.0,14.51691722869873,15.11328125,14.571787357330322,15.11328125,1,0
hidden_state_write,0.1,7,0,4,4,0,0,0.020204677999572596,,,0.0,0.0,0.0,0.0,0.020204677999572596,13.508431434631348,15.11328125,14.571787357330322,15.11328125,0,0
generate,0.1,7,1,4,4,1088,482,14.717774626000391,0.27178021824940896,32.74951629905378,0.002219787999820255,13.975995856999361,0.7314920540002277,0.007779700999890338,0.0,14.429924011230469,15.11328125,14.477159023284912,15.11328125,1,0
generate,0.1,7,2,4,4,1494,418,11.563452536999648,0.34591744872054225,36.148373391296666,0.002640533999510808,10.680871195999316,0.8745501739995234,0.005143129999851226,0.0,14.63401985168457,15.26953125,14.690431118011475,15.26953125,1,0
hidden_state_write,0.1,7,0,4,4,0,0,0.01990510199993878,,,0.0,0.0,0.0,0.0,0.01990510199993878,13.508431434631348,15.26953125,14.690431118011475,15.26953125,0,0
