run_id,brier,auc,n,scope
qwen2p5_7b__gsm8k_train_00000_b5828bc4__temp0.10__seed7,0.11170490987497698,,10,per_run_oof
qwen2p5_7b__gsm8k_train_00000_b5828bc4__temp0.60__seed7,0.16465961581221084,,10,per_run_oof
qwen2p5_7b__gsm8k_train_00000_b5828bc4__temp1.00__seed7,0.24334864258249805,,10,per_run_oof
qwen2p5_7b__gsm8k_train_00001_3691caf7__temp0.10__seed7,0.1355835303913604,1.0,10,per_run_oof
qwen2p5_7b__gsm8k_train_00001_3691caf7__temp0.60__seed7,0.23192627250278158,,10,per_run_oof
qwen2p5_7b__gsm8k_train_00001_3691caf7__temp1.00__seed7,0.1920349710439233,0.8571428571428571,10,per_run_oof
qwen2p5_7b__gsm8k_train_00002_ae407466__temp0.10__seed7,0.11774372406932246,1.0,10,per_run_oof
qwen2p5_7b__gsm8k_train_00002_ae407466__temp0.60__seed7,0.09101901062341866,1.0,10,per_run_oof
qwen2p5_7b__gsm8k_train_00002_ae407466__temp1.00__seed7,0.12286913846534468,0.9523809523809524,10,per_run_oof
qwen2p5_7b__gsm8k_train_00003_135cf83f__temp0.10__seed7,0.11793731764444301,,10,per_run_oof
qwen2p5_7b__gsm8k_train_00003_135cf83f__temp0.60__seed7,0.16144898275965494,,10,per_run_oof
qwen2p5_7b__gsm8k_train_00003_135cf83f__temp1.00__seed7,0.14075846510868356,1.0,10,per_run_oof
qwen2p5_7b__gsm8k_train_00004_3ee48c01__temp0.10__seed7,0.2485005246529147,0.33333333333333337,10,per_run_oof
qwen2p5_7b__gsm8k_train_00004_3ee48c01__temp0.60__seed7,0.20675218294601616,0.8095238095238095,10,per_run_oof
qwen2p5_7b__gsm8k_train_00004_3ee48c01__temp1.00__seed7,0.21374450413349547,,10,per_run_oof
qwen2p5_7b__gsm8k_train_00005_d0817615__temp0.10__seed7,0.11805906005980918,1.0,10,per_run_oof
qwen2p5_7b__gsm8k_train_00005_d0817615__temp0.60__seed7,0.19674936756023062,,10,per_run_oof
qwen2p5_7b__gsm8k_train_00005_d0817615__temp1.00__seed7,0.15697553839999528,0.7500000000000001,10,per_run_oof
qwen2p5_7b__gsm8k_train_00006_4cf43e2d__temp0.10__seed7,0.12694244486141038,1.0,10,per_run_oof
qwen2p5_7b__gsm8k_train_00006_4cf43e2d__temp0.60__seed7,0.09661341392328972,1.0,10,per_run_oof
qwen2p5_7b__gsm8k_train_00006_4cf43e2d__temp1.00__seed7,0.15849507008609942,1.0,10,per_run_oof
qwen2p5_7b__gsm8k_train_00007_40d1aba4__temp0.10__seed7,0.16609756078780274,,10,per_run_oof
qwen2p5_7b__gsm8k_train_00007_40d1aba4__temp0.60__seed7,0.21786261880871746,0.7777777777777778,10,per_run_oof
qwen2p5_7b__gsm8k_train_00007_40d1aba4__temp1.00__seed7,0.15705671126994966,0.8888888888888888,10,per_run_oof
qwen2p5_7b__gsm8k_train_00008_cd4fe6cf__temp0.10__seed7,0.539343919979315,,10,per_run_oof
qwen2p5_7b__gsm8k_train_00008_cd4fe6cf__temp0.60__seed7,0.20310660108984857,0.7777777777777778,10,per_run_oof
qwen2p5_7b__gsm8k_train_00008_cd4fe6cf__temp1.00__seed7,0.21353621853699623,,10,per_run_oof
qwen2p5_7b__gsm8k_train_00009_a1cbbbd0__temp0.10__seed7,0.0638306911611737,1.0,10,per_run_oof
qwen2p5_7b__gsm8k_train_00009_a1cbbbd0__temp0.60__seed7,0.2906059366681949,,10,per_run_oof
qwen2p5_7b__gsm8k_train_00009_a1cbbbd0__temp1.00__seed7,0.1962462629490201,0.875,10,per_run_oof
qwen2p5_7b__gsm8k_train_00010_8c587dfb__temp0.10__seed7,0.07310931618608615,1.0,10,per_run_oof
qwen2p5_7b__gsm8k_train_00010_8c587dfb__temp0.60__seed7,0.12465920947846705,0.9523809523809524,10,per_run_oof
qwen2p5_7b__gsm8k_train_00010_8c587dfb__temp1.00__seed7,0.14321700693275244,0.9166666666666667,10,per_run_oof
qwen2p5_7b__gsm8k_train_00011_127045f3__temp0.10__seed7,0.19395359662389042,,10,per_run_oof
qwen2p5_7b__gsm8k_train_00011_127045f3__temp0.60__seed7,0.1022473320548037,1.0,10,per_run_oof
qwen2p5_7b__gsm8k_train_00011_127045f3__temp1.00__seed7,0.13639518814154938,,10,per_run_oof
qwen2p5_7b__gsm8k_train_00012_6cf7f4b8__temp0.10__seed7,0.21881601382151666,,10,per_run_oof
qwen2p5_7b__gsm8k_train_00012_6cf7f4b8__temp0.60__seed7,0.30834160951951006,,10,per_run_oof
qwen2p5_7b__gsm8k_train_00012_6cf7f4b8__temp1.00__seed7,0.09947797650309405,1.0,10,per_run_oof
qwen2p5_7b__gsm8k_train_00013_6f2b17c2__temp0.10__seed7,0.15116900835984842,,10,per_run_oof
qwen2p5_7b__gsm8k_train_00013_6f2b17c2__temp0.60__seed7,0.13677134991513823,,10,per_run_oof
qwen2p5_7b__gsm8k_train_00013_6f2b17c2__temp1.00__seed7,0.18001189154583447,0.8888888888888888,10,per_run_oof
qwen2p5_7b__gsm8k_train_00014_f0103a9f__temp0.10__seed7,0.08724770199981721,1.0,10,per_run_oof
qwen2p5_7b__gsm8k_train_00014_f0103a9f__temp0.60__seed7,0.1995795604643664,0.9047619047619049,10,per_run_oof
qwen2p5_7b__gsm8k_train_00014_f0103a9f__temp1.00__seed7,0.15794190415548762,0.875,10,per_run_oof
qwen2p5_7b__gsm8k_train_00015_20b7f79a__temp0.10__seed7,0.15180175484522218,0.9600000000000001,10,per_run_oof
qwen2p5_7b__gsm8k_train_00015_20b7f79a__temp0.60__seed7,0.10695667805469929,1.0,10,per_run_oof
qwen2p5_7b__gsm8k_train_00015_20b7f79a__temp1.00__seed7,0.2861742105996625,0.6666666666666666,10,per_run_oof
qwen2p5_7b__gsm8k_train_00016_0cef7ca3__temp0.10__seed7,0.06384690640226187,1.0,10,per_run_oof
qwen2p5_7b__gsm8k_train_00016_0cef7ca3__temp0.60__seed7,0.10396995124627298,1.0,10,per_run_oof
qwen2p5_7b__gsm8k_train_00016_0cef7ca3__temp1.00__seed7,0.11808471658266798,1.0,10,per_run_oof
qwen2p5_7b__gsm8k_train_00017_89d492f6__temp0.10__seed7,0.30746068975503876,,10,per_run_oof
qwen2p5_7b__gsm8k_train_00017_89d492f6__temp0.60__seed7,0.3442520987442955,,10,per_run_oof
qwen2p5_7b__gsm8k_train_00017_89d492f6__temp1.00__seed7,0.07404462826718697,1.0,10,per_run_oof
qwen2p5_7b__gsm8k_train_00018_86b6a534__temp0.10__seed7,0.32931325162780833,,10,per_run_oof
qwen2p5_7b__gsm8k_train_00018_86b6a534__temp0.60__seed7,0.07736854340055492,1.0,10,per_run_oof
qwen2p5_7b__gsm8k_train_00018_86b6a534__temp1.00__seed7,0.10791426376325933,1.0,10,per_run_oof
qwen2p5_7b__gsm8k_train_00019_fe91f244__temp0.10__seed7,0.15963786440366326,,10,per_run_oof
qwen2p5_7b__gsm8k_train_00019_fe91f244__temp0.60__seed7,0.14193589817983784,1.0,10,per_run_oof
qwen2p5_7b__gsm8k_train_00019_fe91f244__temp1.00__seed7,0.27615511746227006,,10,per_run_oof
qwen2p5_7b__gsm8k_train_00020_7d8a849a__temp0.10__seed7,0.18283235864304365,0.9523809523809524,10,per_run_oof
qwen2p5_7b__gsm8k_train_00020_7d8a849a__temp0.60__seed7,0.11876875747574951,1.0,10,per_run_oof
qwen2p5_7b__gsm8k_train_00020_7d8a849a__temp1.00__seed7,0.11047947639502223,1.0,10,per_run_oof
qwen2p5_7b__gsm8k_train_00021_8849281d__temp0.10__seed7,0.25066564256905294,,10,per_run_oof
qwen2p5_7b__gsm8k_train_00021_8849281d__temp0.60__seed7,0.20759260616911485,,10,per_run_oof
qwen2p5_7b__gsm8k_train_00021_8849281d__temp1.00__seed7,0.16062523861485287,1.0,10,per_run_oof
qwen2p5_7b__gsm8k_train_00022_80c4da46__temp0.10__seed7,0.06766491738629019,1.0,10,per_run_oof
qwen2p5_7b__gsm8k_train_00022_80c4da46__temp0.60__seed7,0.06812124592965911,1.0,10,per_run_oof
qwen2p5_7b__gsm8k_train_00022_80c4da46__temp1.00__seed7,0.08953718008002307,1.0,10,per_run_oof
qwen2p5_7b__gsm8k_train_00023_5c659510__temp0.10__seed7,0.21589689675009413,1.0,10,per_run_oof
qwen2p5_7b__gsm8k_train_00023_5c659510__temp0.60__seed7,0.20557567050984904,0.8888888888888888,10,per_run_oof
qwen2p5_7b__gsm8k_train_00023_5c659510__temp1.00__seed7,0.25810090059745533,,10,per_run_oof
qwen2p5_7b__gsm8k_train_00024_f139cc04__temp0.10__seed7,0.18309987362229477,,10,per_run_oof
qwen2p5_7b__gsm8k_train_00024_f139cc04__temp0.60__seed7,0.06533351918086065,1.0,10,per_run_oof
qwen2p5_7b__gsm8k_train_00024_f139cc04__temp1.00__seed7,0.1796311459191746,0.8571428571428571,10,per_run_oof
qwen2p5_7b__gsm8k_train_00025_1a030c71__temp0.10__seed7,0.19576119100136988,,10,per_run_oof
qwen2p5_7b__gsm8k_train_00025_1a030c71__temp0.60__seed7,0.1127976341605815,1.0,10,per_run_oof
qwen2p5_7b__gsm8k_train_00025_1a030c71__temp1.00__seed7,0.17379680480552903,0.8888888888888888,10,per_run_oof
qwen2p5_7b__gsm8k_train_00026_bf9e0c24__temp0.10__seed7,0.43049642599579235,,10,per_run_oof
qwen2p5_7b__gsm8k_train_00026_bf9e0c24__temp0.60__seed7,0.40328458605816647,0.2222222222222222,10,per_run_oof
qwen2p5_7b__gsm8k_train_00026_bf9e0c24__temp1.00__seed7,0.3436456705233133,,10,per_run_oof
qwen2p5_7b__gsm8k_train_00027_21e7ba75__temp0.10__seed7,0.08763089887161758,1.0,10,per_run_oof
qwen2p5_7b__gsm8k_train_00027_21e7ba75__temp0.60__seed7,0.12374761873926281,1.0,10,per_run_oof
qwen2p5_7b__gsm8k_train_00027_21e7ba75__temp1.00__seed7,0.08735782536332136,1.0,10,per_run_oof
qwen2p5_7b__gsm8k_train_00028_07c2d0db__temp0.10__seed7,0.11698992540415487,1.0,10,per_run_oof
qwen2p5_7b__gsm8k_train_00028_07c2d0db__temp0.60__seed7,0.19936451198162602,,10,per_run_oof
qwen2p5_7b__gsm8k_train_00028_07c2d0db__temp1.00__seed7,0.11813718878860247,1.0,10,per_run_oof
qwen2p5_7b__gsm8k_train_00029_9fc74e20__temp0.10__seed7,0.08169469117627762,1.0,10,per_run_oof
qwen2p5_7b__gsm8k_train_00029_9fc74e20__temp0.60__seed7,0.13795364034768193,0.9523809523809524,10,per_run_oof
qwen2p5_7b__gsm8k_train_00029_9fc74e20__temp1.00__seed7,0.13952158707209233,1.0,10,per_run_oof
qwen2p5_7b__gsm8k_train_00030_4f09989a__temp0.10__seed7,0.06438279329338291,1.0,10,per_run_oof
qwen2p5_7b__gsm8k_train_00030_4f09989a__temp0.60__seed7,0.2545061220028463,,10,per_run_oof
qwen2p5_7b__gsm8k_train_00030_4f09989a__temp1.00__seed7,0.2154245464014864,,10,per_run_oof
qwen2p5_7b__gsm8k_train_00031_1c0c7800__temp0.10__seed7,0.17513111098511908,1.0,10,per_run_oof
qwen2p5_7b__gsm8k_train_00031_1c0c7800__temp0.60__seed7,0.16803728993962685,1.0,10,per_run_oof
qwen2p5_7b__gsm8k_train_00031_1c0c7800__temp1.00__seed7,0.3108401533838762,,10,per_run_oof
qwen2p5_7b__gsm8k_train_00032_366614d9__temp0.10__seed7,0.12999216287790286,,10,per_run_oof
qwen2p5_7b__gsm8k_train_00032_366614d9__temp0.60__seed7,0.19324414413525526,,10,per_run_oof
qwen2p5_7b__gsm8k_train_00032_366614d9__temp1.00__seed7,0.16576939673337204,0.8888888888888888,10,per_run_oof
qwen2p5_7b__gsm8k_train_00033_285b14f1__temp0.10__seed7,0.4226410476259126,,10,per_run_oof
qwen2p5_7b__gsm8k_train_00033_285b14f1__temp0.60__seed7,0.4041261795359142,,10,per_run_oof
qwen2p5_7b__gsm8k_train_00033_285b14f1__temp1.00__seed7,0.13230878731765672,1.0,10,per_run_oof
qwen2p5_7b__gsm8k_train_00034_b46e2eee__temp0.10__seed7,0.14758255450294594,1.0,10,per_run_oof
qwen2p5_7b__gsm8k_train_00034_b46e2eee__temp0.60__seed7,0.40059318555090195,,10,per_run_oof
qwen2p5_7b__gsm8k_train_00034_b46e2eee__temp1.00__seed7,0.3127615392173441,,10,per_run_oof
qwen2p5_7b__gsm8k_train_00035_e581c993__temp0.10__seed7,0.07474310184956952,1.0,10,per_run_oof
qwen2p5_7b__gsm8k_train_00035_e581c993__temp0.60__seed7,0.190566610249444,0.7916666666666667,10,per_run_oof
qwen2p5_7b__gsm8k_train_00035_e581c993__temp1.00__seed7,0.32051279179304687,,10,per_run_oof
qwen2p5_7b__gsm8k_train_00036_5cc8bffa__temp0.10__seed7,0.12213999421358446,0.8888888888888888,10,per_run_oof
qwen2p5_7b__gsm8k_train_00036_5cc8bffa__temp0.60__seed7,0.19073828722888814,,10,per_run_oof
qwen2p5_7b__gsm8k_train_00036_5cc8bffa__temp1.00__seed7,0.17262249201547192,0.9523809523809524,10,per_run_oof
qwen2p5_7b__gsm8k_train_00037_59a9e4e3__temp0.10__seed7,0.18132593947966763,,10,per_run_oof
qwen2p5_7b__gsm8k_train_00037_59a9e4e3__temp0.60__seed7,0.529913648239866,,10,per_run_oof
qwen2p5_7b__gsm8k_train_00037_59a9e4e3__temp1.00__seed7,0.16466337692609107,0.9375,10,per_run_oof
qwen2p5_7b__gsm8k_train_00038_40afacc8__temp0.10__seed7,0.20836826664006347,,10,per_run_oof
qwen2p5_7b__gsm8k_train_00038_40afacc8__temp0.60__seed7,0.10454772062925713,1.0,10,per_run_oof
qwen2p5_7b__gsm8k_train_00038_40afacc8__temp1.00__seed7,0.09329579878750299,1.0,10,per_run_oof
qwen2p5_7b__gsm8k_train_00039_3f079edf__temp0.10__seed7,0.14659137098943875,1.0,10,per_run_oof
qwen2p5_7b__gsm8k_train_00039_3f079edf__temp0.60__seed7,0.4257061941124669,,10,per_run_oof
qwen2p5_7b__gsm8k_train_00039_3f079edf__temp1.00__seed7,0.38878472142717396,,10,per_run_oof
qwen2p5_7b__gsm8k_train_00040_26fced6d__temp0.10__seed7,0.28574322295829313,,10,per_run_oof
qwen2p5_7b__gsm8k_train_00040_26fced6d__temp0.60__seed7,0.13333824932041388,0.9375,10,per_run_oof
qwen2p5_7b__gsm8k_train_00040_26fced6d__temp1.00__seed7,0.30574252422817183,,10,per_run_oof
qwen2p5_7b__gsm8k_train_00041_a5b39aca__temp0.10__seed7,0.5499033267365558,,10,per_run_oof
qwen2p5_7b__gsm8k_train_00041_a5b39aca__temp0.60__seed7,0.1617741952469829,0.8888888888888888,10,per_run_oof
qwen2p5_7b__gsm8k_train_00041_a5b39aca__temp1.00__seed7,0.18820299336003135,1.0,10,per_run_oof
qwen2p5_7b__gsm8k_train_00042_90e751d7__temp0.10__seed7,0.0718534115335586,1.0,10,per_run_oof
qwen2p5_7b__gsm8k_train_00042_90e751d7__temp0.60__seed7,0.15328993350029768,1.0,10,per_run_oof
qwen2p5_7b__gsm8k_train_00042_90e751d7__temp1.00__seed7,0.15732694103275122,0.8888888888888888,10,per_run_oof
qwen2p5_7b__gsm8k_train_00043_94f5ad37__temp0.10__seed7,0.312152625017562,,10,per_run_oof
qwen2p5_7b__gsm8k_train_00043_94f5ad37__temp0.60__seed7,0.15493515233417313,0.875,10,per_run_oof
qwen2p5_7b__gsm8k_train_00043_94f5ad37__temp1.00__seed7,0.1703499330813115,1.0,10,per_run_oof
qwen2p5_7b__gsm8k_train_00044_9c745cd7__temp0.10__seed7,0.11777341451226593,,10,per_run_oof
qwen2p5_7b__gsm8k_train_00044_9c745cd7__temp0.60__seed7,0.14654522095116912,,10,per_run_oof
qwen2p5_7b__gsm8k_train_00044_9c745cd7__temp1.00__seed7,0.1296383911348819,,10,per_run_oof
qwen2p5_7b__gsm8k_train_00045_6652e47d__temp0.10__seed7,0.13871704313388972,1.0,10,per_run_oof
qwen2p5_7b__gsm8k_train_00045_6652e47d__temp0.60__seed7,0.12016296493623532,1.0,10,per_run_oof
qwen2p5_7b__gsm8k_train_00045_6652e47d__temp1.00__seed7,0.2346323899598297,,10,per_run_oof
qwen2p5_7b__gsm8k_train_00046_9575ad8f__temp0.10__seed7,0.05969871012983311,,10,per_run_oof
qwen2p5_7b__gsm8k_train_00046_9575ad8f__temp0.60__seed7,0.09444397691479606,,10,per_run_oof
qwen2p5_7b__gsm8k_train_00046_9575ad8f__temp1.00__seed7,0.14464274823648948,0.5,10,per_run_oof
qwen2p5_7b__gsm8k_train_00047_f2440a00__temp0.10__seed7,0.4189344725730078,0.2916666666666667,10,per_run_oof
qwen2p5_7b__gsm8k_train_00047_f2440a00__temp0.60__seed7,0.12312064572852018,0.9047619047619049,10,per_run_oof
qwen2p5_7b__gsm8k_train_00047_f2440a00__temp1.00__seed7,0.1300685889933206,1.0,10,per_run_oof
qwen2p5_7b__gsm8k_train_00048_11e2cfda__temp0.10__seed7,0.17284235073077528,,10,per_run_oof
qwen2p5_7b__gsm8k_train_00048_11e2cfda__temp0.60__seed7,0.18555953774146153,,10,per_run_oof
qwen2p5_7b__gsm8k_train_00048_11e2cfda__temp1.00__seed7,0.1800332864313289,,10,per_run_oof
qwen2p5_7b__gsm8k_train_00049_47b14786__temp0.10__seed7,0.18374272660293253,,10,per_run_oof
qwen2p5_7b__gsm8k_train_00049_47b14786__temp0.60__seed7,0.18083809060312045,1.0,10,per_run_oof
qwen2p5_7b__gsm8k_train_00049_47b14786__temp1.00__seed7,0.1504139389799737,1.0,10,per_run_oof
qwen2p5_7b__gsm8k_train_00050_573850e8__temp0.10__seed7,0.11198093819759429,1.0,10,per_run_oof
qwen2p5_7b__gsm8k_train_00050_573850e8__temp0.60__seed7,0.27417581440376765,,10,per_run_oof
qwen2p5_7b__gsm8k_train_00050_573850e8__temp1.00__seed7,0.24869116827012153,,10,per_run_oof
qwen2p5_7b__gsm8k_train_00051_45d98db9__temp0.10__seed7,0.12926684699193863,1.0,10,per_run_oof
qwen2p5_7b__gsm8k_train_00051_45d98db9__temp0.60__seed7,0.155930309750554,1.0,10,per_run_oof
qwen2p5_7b__gsm8k_train_00051_45d98db9__temp1.00__seed7,0.11352206087719949,1.0,10,per_run_oof
qwen2p5_7b__gsm8k_train_00052_62a46c30__temp0.10__seed7,0.3602162286463061,,10,per_run_oof
qwen2p5_7b__gsm8k_train_00052_62a46c30__temp0.60__seed7,0.3665428097112356,,10,per_run_oof
qwen2p5_7b__gsm8k_train_00052_62a46c30__temp1.00__seed7,0.11678154184988739,1.0,10,per_run_oof
qwen2p5_7b__gsm8k_train_00053_0f2bea45__temp0.10__seed7,0.1413429024243422,1.0,10,per_run_oof
qwen2p5_7b__gsm8k_train_00053_0f2bea45__temp0.60__seed7,0.2193454217902949,,10,per_run_oof
qwen2p5_7b__gsm8k_train_00053_0f2bea45__temp1.00__seed7,0.1576897684186249,0.8571428571428571,10,per_run_oof
qwen2p5_7b__gsm8k_train_00054_2dc1e445__temp0.10__seed7,0.09342603472264494,1.0,10,per_run_oof
qwen2p5_7b__gsm8k_train_00054_2dc1e445__temp0.60__seed7,0.24119624692665925,,10,per_run_oof
qwen2p5_7b__gsm8k_train_00054_2dc1e445__temp1.00__seed7,0.12063059017628874,1.0,10,per_run_oof
qwen2p5_7b__gsm8k_train_00055_0a51a335__temp0.10__seed7,0.43742541298685395,0.2222222222222222,10,per_run_oof
qwen2p5_7b__gsm8k_train_00055_0a51a335__temp0.60__seed7,0.3686978721314287,0.2222222222222222,10,per_run_oof
qwen2p5_7b__gsm8k_train_00055_0a51a335__temp1.00__seed7,0.15427219449415336,0.8888888888888888,10,per_run_oof
qwen2p5_7b__gsm8k_train_00056_1e4c2fc2__temp0.10__seed7,0.17884205411482684,0.9583333333333334,10,per_run_oof
qwen2p5_7b__gsm8k_train_00056_1e4c2fc2__temp0.60__seed7,0.2703701920203988,,10,per_run_oof
qwen2p5_7b__gsm8k_train_00056_1e4c2fc2__temp1.00__seed7,0.13695848066923794,1.0,10,per_run_oof
qwen2p5_7b__gsm8k_train_00057_57b7f2d4__temp0.10__seed7,0.3151893539980244,,10,per_run_oof
qwen2p5_7b__gsm8k_train_00057_57b7f2d4__temp0.60__seed7,0.21875931146009142,,10,per_run_oof
qwen2p5_7b__gsm8k_train_00057_57b7f2d4__temp1.00__seed7,0.24547181894659625,,10,per_run_oof
qwen2p5_7b__gsm8k_train_00058_43c88879__temp0.10__seed7,0.11972454338246777,1.0,10,per_run_oof
qwen2p5_7b__gsm8k_train_00058_43c88879__temp0.60__seed7,0.1646576515733002,,10,per_run_oof
qwen2p5_7b__gsm8k_train_00058_43c88879__temp1.00__seed7,0.08279388688870551,1.0,10,per_run_oof
qwen2p5_7b__gsm8k_train_00059_90db2977__temp0.10__seed7,0.4051147415602626,,10,per_run_oof
qwen2p5_7b__gsm8k_train_00059_90db2977__temp0.60__seed7,0.18100448600542443,1.0,10,per_run_oof
qwen2p5_7b__gsm8k_train_00059_90db2977__temp1.00__seed7,0.231207955073733,1.0,10,per_run_oof
qwen2p5_7b__gsm8k_train_00060_9b3f9448__temp0.10__seed7,0.14785937459759918,0.8888888888888888,10,per_run_oof
qwen2p5_7b__gsm8k_train_00060_9b3f9448__temp0.60__seed7,0.09257351368151076,1.0,10,per_run_oof
qwen2p5_7b__gsm8k_train_00060_9b3f9448__temp1.00__seed7,0.3190079783833377,,10,per_run_oof
qwen2p5_7b__gsm8k_train_00061_0e425d85__temp0.10__seed7,0.07944934076328243,1.0,10,per_run_oof
qwen2p5_7b__gsm8k_train_00061_0e425d85__temp0.60__seed7,0.265215593041133,,10,per_run_oof
qwen2p5_7b__gsm8k_train_00061_0e425d85__temp1.00__seed7,0.2818774316936962,,10,per_run_oof
qwen2p5_7b__gsm8k_train_00062_8f0f003e__temp0.10__seed7,0.164133911255208,,10,per_run_oof
qwen2p5_7b__gsm8k_train_00062_8f0f003e__temp0.60__seed7,0.16189168319186498,,10,per_run_oof
qwen2p5_7b__gsm8k_train_00062_8f0f003e__temp1.00__seed7,0.13187234599370942,,10,per_run_oof
qwen2p5_7b__gsm8k_train_00063_1418fe17__temp0.10__seed7,0.21559809996951218,,10,per_run_oof
qwen2p5_7b__gsm8k_train_00063_1418fe17__temp0.60__seed7,0.3317720916978554,0.0,10,per_run_oof
qwen2p5_7b__gsm8k_train_00063_1418fe17__temp1.00__seed7,0.28343503708220136,,10,per_run_oof
qwen2p5_7b__gsm8k_train_00064_a2146c67__temp0.10__seed7,0.14135828392802693,0.92,10,per_run_oof
qwen2p5_7b__gsm8k_train_00064_a2146c67__temp0.60__seed7,0.15613521718821638,1.0,10,per_run_oof
qwen2p5_7b__gsm8k_train_00064_a2146c67__temp1.00__seed7,0.1997986744246036,0.8888888888888888,10,per_run_oof
qwen2p5_7b__gsm8k_train_00065_730f674d__temp0.10__seed7,0.03887075503523101,,10,per_run_oof
qwen2p5_7b__gsm8k_train_00065_730f674d__temp0.60__seed7,0.12096703155457984,1.0,10,per_run_oof
qwen2p5_7b__gsm8k_train_00065_730f674d__temp1.00__seed7,0.3266628739684883,,10,per_run_oof
qwen2p5_7b__gsm8k_train_00066_657c5999__temp0.10__seed7,0.14361698165888265,1.0,10,per_run_oof
qwen2p5_7b__gsm8k_train_00066_657c5999__temp0.60__seed7,0.19291060353896414,0.8571428571428571,10,per_run_oof
qwen2p5_7b__gsm8k_train_00066_657c5999__temp1.00__seed7,0.15386251993941083,0.9583333333333334,10,per_run_oof
qwen2p5_7b__gsm8k_train_00067_7ae2a064__temp0.10__seed7,0.2226159478472089,,10,per_run_oof
qwen2p5_7b__gsm8k_train_00067_7ae2a064__temp0.60__seed7,0.2579659722772997,,10,per_run_oof
qwen2p5_7b__gsm8k_train_00067_7ae2a064__temp1.00__seed7,0.22962267483455395,0.68,10,per_run_oof
qwen2p5_7b__gsm8k_train_00068_76571793__temp0.10__seed7,0.3169344980015956,,10,per_run_oof
qwen2p5_7b__gsm8k_train_00068_76571793__temp0.60__seed7,0.33174349052172386,,10,per_run_oof
qwen2p5_7b__gsm8k_train_00068_76571793__temp1.00__seed7,0.21257241334138274,0.7777777777777778,10,per_run_oof
qwen2p5_7b__gsm8k_train_00069_d68659f7__temp0.10__seed7,0.19734337443500646,,10,per_run_oof
qwen2p5_7b__gsm8k_train_00069_d68659f7__temp0.60__seed7,0.41817630252358545,0.11111111111111116,10,per_run_oof
qwen2p5_7b__gsm8k_train_00069_d68659f7__temp1.00__seed7,0.2536478734414091,1.0,10,per_run_oof
qwen2p5_7b__gsm8k_train_00070_71b9fc29__temp0.10__seed7,0.11276830290130617,,10,per_run_oof
qwen2p5_7b__gsm8k_train_00070_71b9fc29__temp0.60__seed7,0.31181460744032663,,10,per_run_oof
qwen2p5_7b__gsm8k_train_00070_71b9fc29__temp1.00__seed7,0.4120999550348025,,10,per_run_oof
qwen2p5_7b__gsm8k_train_00071_c665e122__temp0.10__seed7,0.22028048845532772,,10,per_run_oof
qwen2p5_7b__gsm8k_train_00071_c665e122__temp0.60__seed7,0.09897950503336009,1.0,10,per_run_oof
qwen2p5_7b__gsm8k_train_00071_c665e122__temp1.00__seed7,0.16316839466956945,,10,per_run_oof
qwen2p5_7b__gsm8k_train_00072_29bf6ced__temp0.10__seed7,0.09330700013733847,1.0,10,per_run_oof
qwen2p5_7b__gsm8k_train_00072_29bf6ced__temp0.60__seed7,0.13103960051244753,1.0,10,per_run_oof
qwen2p5_7b__gsm8k_train_00072_29bf6ced__temp1.00__seed7,0.16530656270959926,1.0,10,per_run_oof
qwen2p5_7b__gsm8k_train_00073_bba2194d__temp0.10__seed7,0.07273564046765169,1.0,10,per_run_oof
qwen2p5_7b__gsm8k_train_00073_bba2194d__temp0.60__seed7,0.14530379226284704,0.9583333333333334,10,per_run_oof
qwen2p5_7b__gsm8k_train_00073_bba2194d__temp1.00__seed7,0.31328859032364453,0.2222222222222222,10,per_run_oof
qwen2p5_7b__gsm8k_train_00074_f7b6c77d__temp0.10__seed7,0.17184217041409938,,10,per_run_oof
qwen2p5_7b__gsm8k_train_00074_f7b6c77d__temp0.60__seed7,0.10534702063997177,1.0,10,per_run_oof
qwen2p5_7b__gsm8k_train_00074_f7b6c77d__temp1.00__seed7,0.19935274567713518,1.0,10,per_run_oof
qwen2p5_7b__gsm8k_train_00075_701b0438__temp0.10__seed7,0.12111449671181478,0.8888888888888888,10,per_run_oof
qwen2p5_7b__gsm8k_train_00075_701b0438__temp0.60__seed7,0.07242465347435426,1.0,10,per_run_oof
qwen2p5_7b__gsm8k_train_00075_701b0438__temp1.00__seed7,0.32367961814610124,,10,per_run_oof
qwen2p5_7b__gsm8k_train_00076_4bc39af7__temp0.10__seed7,0.08997209944428129,1.0,10,per_run_oof
qwen2p5_7b__gsm8k_train_00076_4bc39af7__temp0.60__seed7,0.12820806972117532,0.92,10,per_run_oof
qwen2p5_7b__gsm8k_train_00076_4bc39af7__temp1.00__seed7,0.1561854759626206,1.0,10,per_run_oof
qwen2p5_7b__gsm8k_train_00077_ef228274__temp0.10__seed7,0.17037341753653532,,10,per_run_oof
qwen2p5_7b__gsm8k_train_00077_ef228274__temp0.60__seed7,0.24982549757700862,,10,per_run_oof
qwen2p5_7b__gsm8k_train_00077_ef228274__temp1.00__seed7,0.1977392008637795,,10,per_run_oof
qwen2p5_7b__gsm8k_train_00078_8202f885__temp0.10__seed7,0.1409600756523008,,10,per_run_oof
qwen2p5_7b__gsm8k_train_00078_8202f885__temp0.60__seed7,0.1865847513032494,1.0,10,per_run_oof
qwen2p5_7b__gsm8k_train_00078_8202f885__temp1.00__seed7,0.09641710631168052,1.0,10,per_run_oof
qwen2p5_7b__gsm8k_train_00079_02bbd64d__temp0.10__seed7,0.12319904519713551,1.0,10,per_run_oof
qwen2p5_7b__gsm8k_train_00079_02bbd64d__temp0.60__seed7,0.15293388408653324,0.875,10,per_run_oof
qwen2p5_7b__gsm8k_train_00079_02bbd64d__temp1.00__seed7,0.24153635506096682,,10,per_run_oof
qwen2p5_7b__gsm8k_train_00080_9c0e3ea5__temp0.10__seed7,0.1721428816072252,1.0,10,per_run_oof
qwen2p5_7b__gsm8k_train_00080_9c0e3ea5__temp0.60__seed7,0.1975408659810923,1.0,10,per_run_oof
qwen2p5_7b__gsm8k_train_00080_9c0e3ea5__temp1.00__seed7,0.47112735129576266,1.0,10,per_run_oof
qwen2p5_7b__gsm8k_train_00081_0f393056__temp0.10__seed7,0.2827638999450056,,10,per_run_oof
qwen2p5_7b__gsm8k_train_00081_0f393056__temp0.60__seed7,0.12662204249831396,1.0,10,per_run_oof
qwen2p5_7b__gsm8k_train_00081_0f393056__temp1.00__seed7,0.17164297692443292,,10,per_run_oof
qwen2p5_7b__gsm8k_train_00082_3bc88e6c__temp0.10__seed7,0.12680267974631745,1.0,10,per_run_oof
qwen2p5_7b__gsm8k_train_00082_3bc88e6c__temp0.60__seed7,0.2868026675381875,,10,per_run_oof
qwen2p5_7b__gsm8k_train_00082_3bc88e6c__temp1.00__seed7,0.18775511137174622,,10,per_run_oof
qwen2p5_7b__gsm8k_train_00083_51275bdc__temp0.10__seed7,0.23536338287067862,,10,per_run_oof
qwen2p5_7b__gsm8k_train_00083_51275bdc__temp0.60__seed7,0.09483317618244991,1.0,10,per_run_oof
qwen2p5_7b__gsm8k_train_00083_51275bdc__temp1.00__seed7,0.18494749921339498,0.8888888888888888,10,per_run_oof
qwen2p5_7b__gsm8k_train_00084_3f815691__temp0.10__seed7,0.12106185206322415,1.0,10,per_run_oof
qwen2p5_7b__gsm8k_train_00084_3f815691__temp0.60__seed7,0.33517195005390577,,10,per_run_oof
qwen2p5_7b__gsm8k_train_00084_3f815691__temp1.00__seed7,0.17190987087625448,1.0,10,per_run_oof
qwen2p5_7b__gsm8k_train_00085_a89e3367__temp0.10__seed7,0.17159527340218386,0.9375,10,per_run_oof
qwen2p5_7b__gsm8k_train_00085_a89e3367__temp0.60__seed7,0.12427228630519149,1.0,10,per_run_oof
qwen2p5_7b__gsm8k_train_00085_a89e3367__temp1.00__seed7,0.25954472653469207,,10,per_run_oof
qwen2p5_7b__gsm8k_train_00086_af406602__temp0.10__seed7,0.14098079102588185,1.0,10,per_run_oof
qwen2p5_7b__gsm8k_train_00086_af406602__temp0.60__seed7,0.19399361766102471,1.0,10,per_run_oof
qwen2p5_7b__gsm8k_train_00086_af406602__temp1.00__seed7,0.3737866222711277,,10,per_run_oof
qwen2p5_7b__gsm8k_train_00087_c84aacb9__temp0.10__seed7,0.14162963842510573,0.875,10,per_run_oof
qwen2p5_7b__gsm8k_train_00087_c84aacb9__temp0.60__seed7,0.11796349885586424,1.0,10,per_run_oof
qwen2p5_7b__gsm8k_train_00087_c84aacb9__temp1.00__seed7,0.4108001186995664,,10,per_run_oof
qwen2p5_7b__gsm8k_train_00088_f1f3640a__temp0.10__seed7,0.16760477654899741,,10,per_run_oof
qwen2p5_7b__gsm8k_train_00088_f1f3640a__temp0.60__seed7,0.25228076654988907,,10,per_run_oof
qwen2p5_7b__gsm8k_train_00088_f1f3640a__temp1.00__seed7,0.3523150132641949,,10,per_run_oof
qwen2p5_7b__gsm8k_train_00089_2aacad9b__temp0.10__seed7,0.1270597107444533,1.0,10,per_run_oof
qwen2p5_7b__gsm8k_train_00089_2aacad9b__temp0.60__seed7,0.14403489162550875,0.9375,10,per_run_oof
qwen2p5_7b__gsm8k_train_00089_2aacad9b__temp1.00__seed7,0.07465509741156309,1.0,10,per_run_oof
qwen2p5_7b__gsm8k_train_00090_29b27436__temp0.10__seed7,0.12610012781665153,,10,per_run_oof
qwen2p5_7b__gsm8k_train_00090_29b27436__temp0.60__seed7,0.15533633473536768,,10,per_run_oof
qwen2p5_7b__gsm8k_train_00090_29b27436__temp1.00__seed7,0.1624758509149932,,10,per_run_oof
qwen2p5_7b__gsm8k_train_00091_448c3a36__temp0.10__seed7,0.13030434784517345,0.9375,10,per_run_oof
qwen2p5_7b__gsm8k_train_00091_448c3a36__temp0.60__seed7,0.15002897930808276,1.0,10,per_run_oof
qwen2p5_7b__gsm8k_train_00091_448c3a36__temp1.00__seed7,0.10272733860038549,1.0,10,per_run_oof
qwen2p5_7b__gsm8k_train_00092_223e8435__temp0.10__seed7,0.10433989590904347,1.0,10,per_run_oof
qwen2p5_7b__gsm8k_train_00092_223e8435__temp0.60__seed7,0.1358236641565,0.8571428571428571,10,per_run_oof
qwen2p5_7b__gsm8k_train_00092_223e8435__temp1.00__seed7,0.09863302094986678,1.0,10,per_run_oof
qwen2p5_7b__gsm8k_train_00093_71d569f4__temp0.10__seed7,0.1273712247775354,1.0,10,per_run_oof
qwen2p5_7b__gsm8k_train_00093_71d569f4__temp0.60__seed7,0.12328330896146729,1.0,10,per_run_oof
qwen2p5_7b__gsm8k_train_00093_71d569f4__temp1.00__seed7,0.14660745311684906,0.8571428571428571,10,per_run_oof
qwen2p5_7b__gsm8k_train_00094_8eaa9faa__temp0.10__seed7,0.3351738439719523,,10,per_run_oof
qwen2p5_7b__gsm8k_train_00094_8eaa9faa__temp0.60__seed7,0.1344611664195936,1.0,10,per_run_oof
qwen2p5_7b__gsm8k_train_00094_8eaa9faa__temp1.00__seed7,0.1438469851571762,1.0,10,per_run_oof
qwen2p5_7b__gsm8k_train_00095_284c5d46__temp0.10__seed7,0.11395324460989038,,10,per_run_oof
qwen2p5_7b__gsm8k_train_00095_284c5d46__temp0.60__seed7,0.10900033199985189,,10,per_run_oof
qwen2p5_7b__gsm8k_train_00095_284c5d46__temp1.00__seed7,0.20200059481575225,,10,per_run_oof
qwen2p5_7b__gsm8k_train_00096_6481a627__temp0.10__seed7,0.31645893146629217,,10,per_run_oof
qwen2p5_7b__gsm8k_train_00096_6481a627__temp0.60__seed7,0.28908402445577164,,10,per_run_oof
qwen2p5_7b__gsm8k_train_00096_6481a627__temp1.00__seed7,0.329275419439514,,10,per_run_oof
qwen2p5_7b__gsm8k_train_00097_6bd27f05__temp0.10__seed7,0.26875434391971886,,10,per_run_oof
qwen2p5_7b__gsm8k_train_00097_6bd27f05__temp0.60__seed7,0.2928592382931861,,10,per_run_oof
qwen2p5_7b__gsm8k_train_00097_6bd27f05__temp1.00__seed7,0.12914275903069822,,10,per_run_oof
qwen2p5_7b__gsm8k_train_00098_d726f63c__temp0.10__seed7,0.11916235832211888,1.0,10,per_run_oof
qwen2p5_7b__gsm8k_train_00098_d726f63c__temp0.60__seed7,0.07157936313735312,1.0,10,per_run_oof
qwen2p5_7b__gsm8k_train_00098_d726f63c__temp1.00__seed7,0.15286159992659373,1.0,10,per_run_oof
qwen2p5_7b__gsm8k_train_00099_8293657a__temp0.10__seed7,0.1082622190850409,1.0,10,per_run_oof
qwen2p5_7b__gsm8k_train_00099_8293657a__temp0.60__seed7,0.10290402343590843,1.0,10,per_run_oof
qwen2p5_7b__gsm8k_train_00099_8293657a__temp1.00__seed7,0.28704950736836315,,10,per_run_oof
qwen2p5_7b__gsm8k_train_00100_d5a06669__temp0.10__seed7,0.07618939676001732,1.0,10,per_run_oof
qwen2p5_7b__gsm8k_train_00100_d5a06669__temp0.60__seed7,0.23673350153822964,0.7777777777777778,10,per_run_oof
qwen2p5_7b__gsm8k_train_00100_d5a06669__temp1.00__seed7,0.37403254518622997,,10,per_run_oof
qwen2p5_7b__gsm8k_train_00101_731d35d2__temp0.10__seed7,0.18219505713114348,1.0,10,per_run_oof
qwen2p5_7b__gsm8k_train_00101_731d35d2__temp0.60__seed7,0.4255859990000161,0.0,10,per_run_oof
qwen2p5_7b__gsm8k_train_00101_731d35d2__temp1.00__seed7,0.20919900666302932,,10,per_run_oof
qwen2p5_7b__gsm8k_train_00102_0ea96c31__temp0.10__seed7,0.3493196173753085,,10,per_run_oof
qwen2p5_7b__gsm8k_train_00102_0ea96c31__temp0.60__seed7,0.023528937231418523,,10,per_run_oof
qwen2p5_7b__gsm8k_train_00102_0ea96c31__temp1.00__seed7,0.3218409325847665,,10,per_run_oof
qwen2p5_7b__gsm8k_train_00103_230412df__temp0.10__seed7,0.09315387414259482,1.0,10,per_run_oof
qwen2p5_7b__gsm8k_train_00103_230412df__temp0.60__seed7,0.14582572385204248,1.0,10,per_run_oof
qwen2p5_7b__gsm8k_train_00103_230412df__temp1.00__seed7,0.19708426353798333,,10,per_run_oof
qwen2p5_7b__gsm8k_train_00104_d3998bd4__temp0.10__seed7,0.16671176337347898,1.0,10,per_run_oof
qwen2p5_7b__gsm8k_train_00104_d3998bd4__temp0.60__seed7,0.26490449103993363,,10,per_run_oof
qwen2p5_7b__gsm8k_train_00104_d3998bd4__temp1.00__seed7,0.2082334095628136,1.0,10,per_run_oof
qwen2p5_7b__gsm8k_train_00105_042a250a__temp0.10__seed7,0.17734574428431124,,10,per_run_oof
qwen2p5_7b__gsm8k_train_00105_042a250a__temp0.60__seed7,0.12734752021948126,1.0,10,per_run_oof
qwen2p5_7b__gsm8k_train_00105_042a250a__temp1.00__seed7,0.1814506076445229,,10,per_run_oof
qwen2p5_7b__gsm8k_train_00106_8cad3b52__temp0.10__seed7,0.06655527743657513,1.0,10,per_run_oof
qwen2p5_7b__gsm8k_train_00106_8cad3b52__temp0.60__seed7,0.102691601047886,1.0,10,per_run_oof
qwen2p5_7b__gsm8k_train_00106_8cad3b52__temp1.00__seed7,0.13876128085637315,1.0,10,per_run_oof
qwen2p5_7b__gsm8k_train_00107_4caf115e__temp0.10__seed7,0.24090538127863942,,10,per_run_oof
qwen2p5_7b__gsm8k_train_00107_4caf115e__temp0.60__seed7,0.2624620584411123,,10,per_run_oof
qwen2p5_7b__gsm8k_train_00107_4caf115e__temp1.00__seed7,0.33549026719592,,10,per_run_oof
qwen2p5_7b__gsm8k_train_00108_5ac22bd3__temp0.10__seed7,0.1716040016067421,1.0,10,per_run_oof
qwen2p5_7b__gsm8k_train_00108_5ac22bd3__temp0.60__seed7,0.14395236440666315,1.0,10,per_run_oof
qwen2p5_7b__gsm8k_train_00108_5ac22bd3__temp1.00__seed7,0.3219779535184752,0.25,10,per_run_oof
qwen2p5_7b__gsm8k_train_00109_92e23e8b__temp0.10__seed7,0.20812291954841972,0.8125,10,per_run_oof
qwen2p5_7b__gsm8k_train_00109_92e23e8b__temp0.60__seed7,0.09558352662804097,1.0,10,per_run_oof
qwen2p5_7b__gsm8k_train_00109_92e23e8b__temp1.00__seed7,0.33335967429631513,,10,per_run_oof
qwen2p5_7b__gsm8k_train_00110_3f6b3060__temp0.10__seed7,0.2380832555853996,0.3125,10,per_run_oof
qwen2p5_7b__gsm8k_train_00110_3f6b3060__temp0.60__seed7,0.12666401708778052,0.9166666666666667,10,per_run_oof
qwen2p5_7b__gsm8k_train_00110_3f6b3060__temp1.00__seed7,0.18274727584422698,,10,per_run_oof
qwen2p5_7b__gsm8k_train_00111_d25ba2bc__temp0.10__seed7,0.11683934657987419,1.0,10,per_run_oof
qwen2p5_7b__gsm8k_train_00111_d25ba2bc__temp0.60__seed7,0.31074945473414656,,10,per_run_oof
qwen2p5_7b__gsm8k_train_00111_d25ba2bc__temp1.00__seed7,0.10080073349759718,1.0,10,per_run_oof
qwen2p5_7b__gsm8k_train_00112_d004953d__temp0.10__seed7,0.15810344118039088,1.0,10,per_run_oof
qwen2p5_7b__gsm8k_train_00112_d004953d__temp0.60__seed7,0.1547524033289866,,10,per_run_oof
qwen2p5_7b__gsm8k_train_00112_d004953d__temp1.00__seed7,0.2431540917728195,,10,per_run_oof
qwen2p5_7b__gsm8k_train_00113_4b07acb1__temp0.10__seed7,0.13077523950983436,1.0,10,per_run_oof
qwen2p5_7b__gsm8k_train_00113_4b07acb1__temp0.60__seed7,0.10545381281272463,1.0,10,per_run_oof
qwen2p5_7b__gsm8k_train_00113_4b07acb1__temp1.00__seed7,0.10772645037152277,1.0,10,per_run_oof
qwen2p5_7b__gsm8k_train_00114_475adb02__temp0.10__seed7,0.2833686352357029,0.2222222222222222,10,per_run_oof
qwen2p5_7b__gsm8k_train_00114_475adb02__temp0.60__seed7,0.34061108243053456,,10,per_run_oof
qwen2p5_7b__gsm8k_train_00114_475adb02__temp1.00__seed7,0.33554430859629863,,10,per_run_oof
qwen2p5_7b__gsm8k_train_00115_2d23fc87__temp0.10__seed7,0.3913926906955424,0.11111111111111116,10,per_run_oof
qwen2p5_7b__gsm8k_train_00115_2d23fc87__temp0.60__seed7,0.16717129744962728,0.9375,10,per_run_oof
qwen2p5_7b__gsm8k_train_00115_2d23fc87__temp1.00__seed7,0.09580934859339606,1.0,10,per_run_oof
qwen2p5_7b__gsm8k_train_00116_2556d227__temp0.10__seed7,0.07412355385404332,1.0,10,per_run_oof
qwen2p5_7b__gsm8k_train_00116_2556d227__temp0.60__seed7,0.2792024840162074,,10,per_run_oof
qwen2p5_7b__gsm8k_train_00116_2556d227__temp1.00__seed7,0.14461552414728573,,10,per_run_oof
qwen2p5_7b__gsm8k_train_00117_ad977811__temp0.10__seed7,0.29704949186858864,1.0,10,per_run_oof
qwen2p5_7b__gsm8k_train_00117_ad977811__temp0.60__seed7,0.22951634351201927,,10,per_run_oof
qwen2p5_7b__gsm8k_train_00117_ad977811__temp1.00__seed7,0.24258831698101818,,10,per_run_oof
qwen2p5_7b__gsm8k_train_00118_a973f8cb__temp0.10__seed7,0.15400897519650963,0.9375,10,per_run_oof
qwen2p5_7b__gsm8k_train_00118_a973f8cb__temp0.60__seed7,0.23768935770005375,,10,per_run_oof
qwen2p5_7b__gsm8k_train_00118_a973f8cb__temp1.00__seed7,0.15356305657328304,,10,per_run_oof
qwen2p5_7b__gsm8k_train_00119_0de1b1ef__temp0.10__seed7,0.09745955726127792,1.0,10,per_run_oof
qwen2p5_7b__gsm8k_train_00119_0de1b1ef__temp0.60__seed7,0.10528610173077255,1.0,10,per_run_oof
qwen2p5_7b__gsm8k_train_00119_0de1b1ef__temp1.00__seed7,0.1368434729184751,1.0,10,per_run_oof
qwen2p5_7b__gsm8k_train_00120_7b987bc2__temp0.10__seed7,0.1509941928753169,1.0,10,per_run_oof
qwen2p5_7b__gsm8k_train_00120_7b987bc2__temp0.60__seed7,0.1469474483894792,,10,per_run_oof
qwen2p5_7b__gsm8k_train_00120_7b987bc2__temp1.00__seed7,0.10740670046021387,1.0,10,per_run_oof
qwen2p5_7b__gsm8k_train_00121_34e49988__temp0.10__seed7,0.19211180049705695,1.0,10,per_run_oof
qwen2p5_7b__gsm8k_train_00121_34e49988__temp0.60__seed7,0.22496937473423184,,10,per_run_oof
qwen2p5_7b__gsm8k_train_00121_34e49988__temp1.00__seed7,0.15100736844692014,0.9523809523809524,10,per_run_oof
qwen2p5_7b__gsm8k_train_00122_85671496__temp0.10__seed7,0.15858585610489925,1.0,10,per_run_oof
qwen2p5_7b__gsm8k_train_00122_85671496__temp0.60__seed7,0.3005200538417502,0.75,10,per_run_oof
qwen2p5_7b__gsm8k_train_00122_85671496__temp1.00__seed7,0.11589831354565099,1.0,10,per_run_oof
qwen2p5_7b__gsm8k_train_00123_9e888b7b__temp0.10__seed7,0.22526797841487928,,10,per_run_oof
qwen2p5_7b__gsm8k_train_00123_9e888b7b__temp0.60__seed7,0.4439198425170229,0.11111111111111116,10,per_run_oof
qwen2p5_7b__gsm8k_train_00123_9e888b7b__temp1.00__seed7,0.1495274299939388,1.0,10,per_run_oof
qwen2p5_7b__gsm8k_train_00124_19913472__temp0.10__seed7,0.1830083380491332,0.8888888888888888,10,per_run_oof
qwen2p5_7b__gsm8k_train_00124_19913472__temp0.60__seed7,0.3388866163957325,,10,per_run_oof
qwen2p5_7b__gsm8k_train_00124_19913472__temp1.00__seed7,0.2013294402060346,0.8125,10,per_run_oof
qwen2p5_7b__gsm8k_train_00125_484d3aab__temp0.10__seed7,0.164164023550113,,10,per_run_oof
qwen2p5_7b__gsm8k_train_00125_484d3aab__temp0.60__seed7,0.1707014067046766,,10,per_run_oof
qwen2p5_7b__gsm8k_train_00125_484d3aab__temp1.00__seed7,0.18639738787448304,,10,per_run_oof
qwen2p5_7b__gsm8k_train_00126_5c93c15c__temp0.10__seed7,0.17427094193841228,,10,per_run_oof
qwen2p5_7b__gsm8k_train_00126_5c93c15c__temp0.60__seed7,0.09948820446212656,1.0,10,per_run_oof
qwen2p5_7b__gsm8k_train_00126_5c93c15c__temp1.00__seed7,0.10278943543797348,1.0,10,per_run_oof
qwen2p5_7b__gsm8k_train_00127_7b9040bd__temp0.10__seed7,0.41335679548652016,,10,per_run_oof
qwen2p5_7b__gsm8k_train_00127_7b9040bd__temp0.60__seed7,0.08102592010875564,1.0,10,per_run_oof
qwen2p5_7b__gsm8k_train_00127_7b9040bd__temp1.00__seed7,0.25244120600295794,0.11111111111111116,10,per_run_oof
qwen2p5_7b__gsm8k_train_00128_47ebf5c6__temp0.10__seed7,0.1195615360268802,0.0,10,per_run_oof
qwen2p5_7b__gsm8k_train_00128_47ebf5c6__temp0.60__seed7,0.3259240881135582,0.125,10,per_run_oof
qwen2p5_7b__gsm8k_train_00128_47ebf5c6__temp1.00__seed7,0.03953042236971589,,10,per_run_oof
qwen2p5_7b__gsm8k_train_00129_c31ed05e__temp0.10__seed7,0.0660516680150474,1.0,10,per_run_oof
qwen2p5_7b__gsm8k_train_00129_c31ed05e__temp0.60__seed7,0.25431548065274706,0.5714285714285714,10,per_run_oof
qwen2p5_7b__gsm8k_train_00129_c31ed05e__temp1.00__seed7,0.18118935894227656,0.875,10,per_run_oof
qwen2p5_7b__gsm8k_train_00130_75dd171f__temp0.10__seed7,0.09059375259442921,1.0,10,per_run_oof
qwen2p5_7b__gsm8k_train_00130_75dd171f__temp0.60__seed7,0.22617880292358264,1.0,10,per_run_oof
qwen2p5_7b__gsm8k_train_00130_75dd171f__temp1.00__seed7,0.05150825788327586,1.0,10,per_run_oof
qwen2p5_7b__gsm8k_train_00131_92ea4226__temp0.10__seed7,0.03883690685933816,,10,per_run_oof
qwen2p5_7b__gsm8k_train_00131_92ea4226__temp0.60__seed7,0.16851577296894835,,10,per_run_oof
qwen2p5_7b__gsm8k_train_00131_92ea4226__temp1.00__seed7,0.19037211891686545,,10,per_run_oof
qwen2p5_7b__gsm8k_train_00132_97d4fa7f__temp0.10__seed7,0.14384986271406924,0.875,10,per_run_oof
qwen2p5_7b__gsm8k_train_00132_97d4fa7f__temp0.60__seed7,0.07091422233531117,1.0,10,per_run_oof
qwen2p5_7b__gsm8k_train_00132_97d4fa7f__temp1.00__seed7,0.09462557666058428,1.0,10,per_run_oof
qwen2p5_7b__gsm8k_train_00133_8d0b2ca9__temp0.10__seed7,0.09631314171274619,1.0,10,per_run_oof
qwen2p5_7b__gsm8k_train_00133_8d0b2ca9__temp0.60__seed7,0.1687768619956167,0.8888888888888888,10,per_run_oof
qwen2p5_7b__gsm8k_train_00133_8d0b2ca9__temp1.00__seed7,0.24753525687230377,0.625,10,per_run_oof
qwen2p5_7b__gsm8k_train_00134_0775ef2d__temp0.10__seed7,0.14348667300208412,0.8888888888888888,10,per_run_oof
qwen2p5_7b__gsm8k_train_00134_0775ef2d__temp0.60__seed7,0.13949259068308692,0.8888888888888888,10,per_run_oof
qwen2p5_7b__gsm8k_train_00134_0775ef2d__temp1.00__seed7,0.13932073508039886,0.9375,10,per_run_oof
qwen2p5_7b__gsm8k_train_00135_f0b99c1b__temp0.10__seed7,0.11066587414964513,1.0,10,per_run_oof
qwen2p5_7b__gsm8k_train_00135_f0b99c1b__temp0.60__seed7,0.12645731342039737,,10,per_run_oof
qwen2p5_7b__gsm8k_train_00135_f0b99c1b__temp1.00__seed7,0.16009556911259254,,10,per_run_oof
qwen2p5_7b__gsm8k_train_00136_5922bf98__temp0.10__seed7,0.08681283249936063,1.0,10,per_run_oof
qwen2p5_7b__gsm8k_train_00136_5922bf98__temp0.60__seed7,0.14648603866674342,0.5625,10,per_run_oof
qwen2p5_7b__gsm8k_train_00136_5922bf98__temp1.00__seed7,0.20369680398167128,,10,per_run_oof
qwen2p5_7b__gsm8k_train_00137_5ab5639d__temp0.10__seed7,0.3929882286854748,0.11999999999999997,10,per_run_oof
qwen2p5_7b__gsm8k_train_00137_5ab5639d__temp0.60__seed7,0.4019251899608534,0.0,10,per_run_oof
qwen2p5_7b__gsm8k_train_00137_5ab5639d__temp1.00__seed7,0.1716325970854315,0.4375,10,per_run_oof
qwen2p5_7b__gsm8k_train_00138_96a94a19__temp0.10__seed7,0.32898444045759045,,10,per_run_oof
qwen2p5_7b__gsm8k_train_00138_96a94a19__temp0.60__seed7,0.2587874059251314,,10,per_run_oof
qwen2p5_7b__gsm8k_train_00138_96a94a19__temp1.00__seed7,0.3797766735340337,,10,per_run_oof
qwen2p5_7b__gsm8k_train_00139_8d762338__temp0.10__seed7,0.10885671696784796,1.0,10,per_run_oof
qwen2p5_7b__gsm8k_train_00139_8d762338__temp0.60__seed7,0.15408872705046686,0.8888888888888888,10,per_run_oof
qwen2p5_7b__gsm8k_train_00139_8d762338__temp1.00__seed7,0.22158945400392396,0.8571428571428571,10,per_run_oof
qwen2p5_7b__gsm8k_train_00140_55a37f13__temp0.10__seed7,0.19301067497411467,,10,per_run_oof
qwen2p5_7b__gsm8k_train_00140_55a37f13__temp0.60__seed7,0.18365418531269367,0.875,10,per_run_oof
qwen2p5_7b__gsm8k_train_00140_55a37f13__temp1.00__seed7,0.39845269045555193,0.11111111111111116,10,per_run_oof
qwen2p5_7b__gsm8k_train_00141_a5275925__temp0.10__seed7,0.15808749071367928,0.875,10,per_run_oof
qwen2p5_7b__gsm8k_train_00141_a5275925__temp0.60__seed7,0.16227787708071556,0.8888888888888888,10,per_run_oof
qwen2p5_7b__gsm8k_train_00141_a5275925__temp1.00__seed7,0.16915937181213642,1.0,10,per_run_oof
qwen2p5_7b__gsm8k_train_00142_534ffd84__temp0.10__seed7,0.11232688838846036,1.0,10,per_run_oof
qwen2p5_7b__gsm8k_train_00142_534ffd84__temp0.60__seed7,0.11290898925070576,1.0,10,per_run_oof
qwen2p5_7b__gsm8k_train_00142_534ffd84__temp1.00__seed7,0.14157373106341165,0.9166666666666667,10,per_run_oof
qwen2p5_7b__gsm8k_train_00143_b52213e4__temp0.10__seed7,0.10165366443470485,1.0,10,per_run_oof
qwen2p5_7b__gsm8k_train_00143_b52213e4__temp0.60__seed7,0.09063061791746399,1.0,10,per_run_oof
qwen2p5_7b__gsm8k_train_00143_b52213e4__temp1.00__seed7,0.1542767031704996,0.9523809523809524,10,per_run_oof
qwen2p5_7b__gsm8k_train_00144_db61f2fd__temp0.10__seed7,0.06726807616244876,1.0,10,per_run_oof
qwen2p5_7b__gsm8k_train_00144_db61f2fd__temp0.60__seed7,0.12561677565495677,1.0,10,per_run_oof
qwen2p5_7b__gsm8k_train_00144_db61f2fd__temp1.00__seed7,0.0788656295060931,1.0,10,per_run_oof
qwen2p5_7b__gsm8k_train_00145_63fdba4d__temp0.10__seed7,0.40813760337917004,,10,per_run_oof
qwen2p5_7b__gsm8k_train_00145_63fdba4d__temp0.60__seed7,0.33727713479819066,,10,per_run_oof
qwen2p5_7b__gsm8k_train_00145_63fdba4d__temp1.00__seed7,0.3411678217743864,,10,per_run_oof
qwen2p5_7b__gsm8k_train_00146_84b32c93__temp0.10__seed7,0.13110836724153108,0.9523809523809524,10,per_run_oof
qwen2p5_7b__gsm8k_train_00146_84b32c93__temp0.60__seed7,0.13151180145123037,1.0,10,per_run_oof
qwen2p5_7b__gsm8k_train_00146_84b32c93__temp1.00__seed7,0.10510733053454586,1.0,10,per_run_oof
qwen2p5_7b__gsm8k_train_00147_986fd9cb__temp0.10__seed7,0.12390114904417429,1.0,10,per_run_oof
qwen2p5_7b__gsm8k_train_00147_986fd9cb__temp0.60__seed7,0.4016624243375991,0.875,10,per_run_oof
qwen2p5_7b__gsm8k_train_00147_986fd9cb__temp1.00__seed7,0.25719827669683337,,10,per_run_oof
qwen2p5_7b__gsm8k_train_00148_063dff44__temp0.10__seed7,0.10798591090734963,1.0,10,per_run_oof
qwen2p5_7b__gsm8k_train_00148_063dff44__temp0.60__seed7,0.33623347011457505,,10,per_run_oof
qwen2p5_7b__gsm8k_train_00148_063dff44__temp1.00__seed7,0.15001037920605872,1.0,10,per_run_oof
qwen2p5_7b__gsm8k_train_00149_3771c034__temp0.10__seed7,0.46421782518919796,0.0,10,per_run_oof
qwen2p5_7b__gsm8k_train_00149_3771c034__temp0.60__seed7,0.12320160886977076,0.9375,10,per_run_oof
qwen2p5_7b__gsm8k_train_00149_3771c034__temp1.00__seed7,0.21004386229744704,,10,per_run_oof
qwen2p5_7b__gsm8k_train_00150_e22b1bdf__temp0.10__seed7,0.20123948941847355,,10,per_run_oof
qwen2p5_7b__gsm8k_train_00150_e22b1bdf__temp0.60__seed7,0.14644297356442354,,10,per_run_oof
qwen2p5_7b__gsm8k_train_00150_e22b1bdf__temp1.00__seed7,0.2616158492000987,,10,per_run_oof
qwen2p5_7b__gsm8k_train_00151_4bb7eefb__temp0.10__seed7,0.18637146440107136,,10,per_run_oof
qwen2p5_7b__gsm8k_train_00151_4bb7eefb__temp0.60__seed7,0.13026819918329122,0.9375,10,per_run_oof
qwen2p5_7b__gsm8k_train_00151_4bb7eefb__temp1.00__seed7,0.18756983877955585,,10,per_run_oof
qwen2p5_7b__gsm8k_train_00152_2cb74a26__temp0.10__seed7,0.23410345019679957,,10,per_run_oof
qwen2p5_7b__gsm8k_train_00152_2cb74a26__temp0.60__seed7,0.2705525380530807,,10,per_run_oof
qwen2p5_7b__gsm8k_train_00152_2cb74a26__temp1.00__seed7,0.12266520449653957,1.0,10,per_run_oof
qwen2p5_7b__gsm8k_train_00153_afb1af8f__temp0.10__seed7,0.21800349734293975,,10,per_run_oof
qwen2p5_7b__gsm8k_train_00153_afb1af8f__temp0.60__seed7,0.17612250208031885,0.8888888888888888,10,per_run_oof
qwen2p5_7b__gsm8k_train_00153_afb1af8f__temp1.00__seed7,0.25717294689214165,0.8888888888888888,10,per_run_oof
qwen2p5_7b__gsm8k_train_00154_a9b9e3d8__temp0.10__seed7,0.1378985772440886,,10,per_run_oof
qwen2p5_7b__gsm8k_train_00154_a9b9e3d8__temp0.60__seed7,0.28775406382933766,,10,per_run_oof
qwen2p5_7b__gsm8k_train_00154_a9b9e3d8__temp1.00__seed7,0.21818695303302885,0.875,10,per_run_oof
qwen2p5_7b__gsm8k_train_00155_4c8b7c96__temp0.10__seed7,0.06368896505187392,,10,per_run_oof
qwen2p5_7b__gsm8k_train_00155_4c8b7c96__temp0.60__seed7,0.25276089421453063,,10,per_run_oof
qwen2p5_7b__gsm8k_train_00155_4c8b7c96__temp1.00__seed7,0.2279239362359367,,10,per_run_oof
qwen2p5_7b__gsm8k_train_00156_daa5c92b__temp0.10__seed7,0.15116982836886414,1.0,10,per_run_oof
qwen2p5_7b__gsm8k_train_00156_daa5c92b__temp0.60__seed7,0.15555354840626268,0.8888888888888888,10,per_run_oof
qwen2p5_7b__gsm8k_train_00156_daa5c92b__temp1.00__seed7,0.1082319073458335,1.0,10,per_run_oof
qwen2p5_7b__gsm8k_train_00157_2b8c0bdc__temp0.10__seed7,0.24233363971645114,1.0,10,per_run_oof
qwen2p5_7b__gsm8k_train_00157_2b8c0bdc__temp0.60__seed7,0.1120873779820829,1.0,10,per_run_oof
qwen2p5_7b__gsm8k_train_00157_2b8c0bdc__temp1.00__seed7,0.26796091369261854,0.7777777777777778,10,per_run_oof
qwen2p5_7b__gsm8k_train_00158_e62259b6__temp0.10__seed7,0.14897928790408338,0.9523809523809524,10,per_run_oof
qwen2p5_7b__gsm8k_train_00158_e62259b6__temp0.60__seed7,0.1230119232849387,1.0,10,per_run_oof
qwen2p5_7b__gsm8k_train_00158_e62259b6__temp1.00__seed7,0.11470298208513888,1.0,10,per_run_oof
qwen2p5_7b__gsm8k_train_00159_aaf4fb3e__temp0.10__seed7,0.16290674687778128,0.9375,10,per_run_oof
qwen2p5_7b__gsm8k_train_00159_aaf4fb3e__temp0.60__seed7,0.11092402873048508,1.0,10,per_run_oof
qwen2p5_7b__gsm8k_train_00159_aaf4fb3e__temp1.00__seed7,0.1160509205888173,0.92,10,per_run_oof
qwen2p5_7b__gsm8k_train_00160_e3ca64fa__temp0.10__seed7,0.2596139329119189,,10,per_run_oof
qwen2p5_7b__gsm8k_train_00160_e3ca64fa__temp0.60__seed7,0.18584929233043815,,10,per_run_oof
qwen2p5_7b__gsm8k_train_00160_e3ca64fa__temp1.00__seed7,0.07508104698909922,1.0,10,per_run_oof
qwen2p5_7b__gsm8k_train_00161_c9030195__temp0.10__seed7,0.2143678772288927,0.5,10,per_run_oof
qwen2p5_7b__gsm8k_train_00161_c9030195__temp0.60__seed7,0.08235938803638129,,10,per_run_oof
qwen2p5_7b__gsm8k_train_00161_c9030195__temp1.00__seed7,0.33053245634832856,,10,per_run_oof
qwen2p5_7b__gsm8k_train_00162_c635097b__temp0.10__seed7,0.12976537607237834,1.0,10,per_run_oof
qwen2p5_7b__gsm8k_train_00162_c635097b__temp0.60__seed7,0.11007962280239451,1.0,10,per_run_oof
qwen2p5_7b__gsm8k_train_00162_c635097b__temp1.00__seed7,0.18300530812347585,0.9375,10,per_run_oof
qwen2p5_7b__gsm8k_train_00163_8e8be5fe__temp0.10__seed7,0.22495986512713717,0.4444444444444444,10,per_run_oof
qwen2p5_7b__gsm8k_train_00163_8e8be5fe__temp0.60__seed7,0.3088020041515294,,10,per_run_oof
qwen2p5_7b__gsm8k_train_00163_8e8be5fe__temp1.00__seed7,0.15542550422139284,1.0,10,per_run_oof
qwen2p5_7b__gsm8k_train_00164_04e62ecd__temp0.10__seed7,0.32478849824215833,,10,per_run_oof
qwen2p5_7b__gsm8k_train_00164_04e62ecd__temp0.60__seed7,0.16860680273778483,0.9166666666666666,10,per_run_oof
qwen2p5_7b__gsm8k_train_00164_04e62ecd__temp1.00__seed7,0.21509032762801233,,10,per_run_oof
qwen2p5_7b__gsm8k_train_00165_3ec73ad9__temp0.10__seed7,0.06345501972765547,1.0,10,per_run_oof
qwen2p5_7b__gsm8k_train_00165_3ec73ad9__temp0.60__seed7,0.3944340216155827,,10,per_run_oof
qwen2p5_7b__gsm8k_train_00165_3ec73ad9__temp1.00__seed7,0.33299593869220456,,10,per_run_oof
qwen2p5_7b__gsm8k_train_00166_99f3474a__temp0.10__seed7,0.36401495774049974,,10,per_run_oof
qwen2p5_7b__gsm8k_train_00166_99f3474a__temp0.60__seed7,0.1477535212562463,0.8571428571428571,10,per_run_oof
qwen2p5_7b__gsm8k_train_00166_99f3474a__temp1.00__seed7,0.1507668096928287,0.76,10,per_run_oof
qwen2p5_7b__gsm8k_train_00167_37f9f1d6__temp0.10__seed7,0.18702209992647642,0.9375,10,per_run_oof
qwen2p5_7b__gsm8k_train_00167_37f9f1d6__temp0.60__seed7,0.16056426270131802,1.0,10,per_run_oof
qwen2p5_7b__gsm8k_train_00167_37f9f1d6__temp1.00__seed7,0.2678199270330945,,10,per_run_oof
qwen2p5_7b__gsm8k_train_00168_70ab7e53__temp0.10__seed7,0.20330782513934506,1.0,10,per_run_oof
qwen2p5_7b__gsm8k_train_00168_70ab7e53__temp0.60__seed7,0.15770791598599082,,10,per_run_oof
qwen2p5_7b__gsm8k_train_00168_70ab7e53__temp1.00__seed7,0.1847508204261782,1.0,10,per_run_oof
qwen2p5_7b__gsm8k_train_00169_747e8aa0__temp0.10__seed7,0.13280927430364733,1.0,10,per_run_oof
qwen2p5_7b__gsm8k_train_00169_747e8aa0__temp0.60__seed7,0.25214260206094224,,10,per_run_oof
qwen2p5_7b__gsm8k_train_00169_747e8aa0__temp1.00__seed7,0.11025553868643959,1.0,10,per_run_oof
qwen2p5_7b__gsm8k_train_00170_2924103d__temp0.10__seed7,0.5548738642732453,,10,per_run_oof
qwen2p5_7b__gsm8k_train_00170_2924103d__temp0.60__seed7,0.1366815719582959,,10,per_run_oof
qwen2p5_7b__gsm8k_train_00170_2924103d__temp1.00__seed7,0.14020671726070763,,10,per_run_oof
qwen2p5_7b__gsm8k_train_00171_c0bf1711__temp0.10__seed7,0.2248887118183181,,10,per_run_oof
qwen2p5_7b__gsm8k_train_00171_c0bf1711__temp0.60__seed7,0.3519153339093871,,10,per_run_oof
qwen2p5_7b__gsm8k_train_00171_c0bf1711__temp1.00__seed7,0.11733311152839487,1.0,10,per_run_oof
qwen2p5_7b__gsm8k_train_00172_44814345__temp0.10__seed7,0.15762188148124587,0.8888888888888888,10,per_run_oof
qwen2p5_7b__gsm8k_train_00172_44814345__temp0.60__seed7,0.12835231403864633,,10,per_run_oof
qwen2p5_7b__gsm8k_train_00172_44814345__temp1.00__seed7,0.1429802074222472,,10,per_run_oof
qwen2p5_7b__gsm8k_train_00173_be809155__temp0.10__seed7,0.13317239115988216,1.0,10,per_run_oof
qwen2p5_7b__gsm8k_train_00173_be809155__temp0.60__seed7,0.16427849419768248,0.875,10,per_run_oof
qwen2p5_7b__gsm8k_train_00173_be809155__temp1.00__seed7,0.2053905464698941,0.9375,10,per_run_oof
qwen2p5_7b__gsm8k_train_00174_1e0c256b__temp0.10__seed7,0.19607252063058217,1.0,10,per_run_oof
qwen2p5_7b__gsm8k_train_00174_1e0c256b__temp0.60__seed7,0.07623725390768211,1.0,10,per_run_oof
qwen2p5_7b__gsm8k_train_00174_1e0c256b__temp1.00__seed7,0.17888368661098814,0.9375,10,per_run_oof
qwen2p5_7b__gsm8k_train_00175_0873326a__temp0.10__seed7,0.48325977089387917,,10,per_run_oof
qwen2p5_7b__gsm8k_train_00175_0873326a__temp0.60__seed7,0.17766861892298252,1.0,10,per_run_oof
qwen2p5_7b__gsm8k_train_00175_0873326a__temp1.00__seed7,0.32233165477562836,0.2222222222222222,10,per_run_oof
qwen2p5_7b__gsm8k_train_00176_719d94bb__temp0.10__seed7,0.16020164044915913,1.0,10,per_run_oof
qwen2p5_7b__gsm8k_train_00176_719d94bb__temp0.60__seed7,0.2815167452653118,,10,per_run_oof
qwen2p5_7b__gsm8k_train_00176_719d94bb__temp1.00__seed7,0.12558035083055516,0.875,10,per_run_oof
qwen2p5_7b__gsm8k_train_00177_0a2eb591__temp0.10__seed7,0.20485645266069724,1.0,10,per_run_oof
qwen2p5_7b__gsm8k_train_00177_0a2eb591__temp0.60__seed7,0.08670426704278669,1.0,10,per_run_oof
qwen2p5_7b__gsm8k_train_00177_0a2eb591__temp1.00__seed7,0.09117371653843481,1.0,10,per_run_oof
qwen2p5_7b__gsm8k_train_00178_64a3b80d__temp0.10__seed7,0.3539785739588811,,10,per_run_oof
qwen2p5_7b__gsm8k_train_00178_64a3b80d__temp0.60__seed7,0.29492973658199706,,10,per_run_oof
qwen2p5_7b__gsm8k_train_00178_64a3b80d__temp1.00__seed7,0.38046115123582674,,10,per_run_oof
qwen2p5_7b__gsm8k_train_00179_57585b14__temp0.10__seed7,0.12170301631067533,1.0,10,per_run_oof
qwen2p5_7b__gsm8k_train_00179_57585b14__temp0.60__seed7,0.18089803116455402,,10,per_run_oof
qwen2p5_7b__gsm8k_train_00179_57585b14__temp1.00__seed7,0.1333923305138786,1.0,10,per_run_oof
qwen2p5_7b__gsm8k_train_00180_7346e14b__temp0.10__seed7,0.15289886109670853,0.8888888888888888,10,per_run_oof
qwen2p5_7b__gsm8k_train_00180_7346e14b__temp0.60__seed7,0.1928287104883411,0.875,10,per_run_oof
qwen2p5_7b__gsm8k_train_00180_7346e14b__temp1.00__seed7,0.1574770638797937,1.0,10,per_run_oof
qwen2p5_7b__gsm8k_train_00181_f87f92a8__temp0.10__seed7,0.26512997310463127,0.11111111111111116,10,per_run_oof
qwen2p5_7b__gsm8k_train_00181_f87f92a8__temp0.60__seed7,0.3142722738528942,0.2222222222222222,10,per_run_oof
qwen2p5_7b__gsm8k_train_00181_f87f92a8__temp1.00__seed7,0.42966354674690627,,10,per_run_oof
qwen2p5_7b__gsm8k_train_00182_2eae6ce0__temp0.10__seed7,0.0652790511571481,1.0,10,per_run_oof
qwen2p5_7b__gsm8k_train_00182_2eae6ce0__temp0.60__seed7,0.15398910093625098,0.8888888888888888,10,per_run_oof
qwen2p5_7b__gsm8k_train_00182_2eae6ce0__temp1.00__seed7,0.16814563346274716,0.8888888888888888,10,per_run_oof
qwen2p5_7b__gsm8k_train_00183_6bbc3c67__temp0.10__seed7,0.14423498647057434,1.0,10,per_run_oof
qwen2p5_7b__gsm8k_train_00183_6bbc3c67__temp0.60__seed7,0.37727456959301037,,10,per_run_oof
qwen2p5_7b__gsm8k_train_00183_6bbc3c67__temp1.00__seed7,0.4695187067829917,0.04761904761904763,10,per_run_oof
qwen2p5_7b__gsm8k_train_00184_ea542884__temp0.10__seed7,0.15952385770984362,1.0,10,per_run_oof
qwen2p5_7b__gsm8k_train_00184_ea542884__temp0.60__seed7,0.14265222275001496,1.0,10,per_run_oof
qwen2p5_7b__gsm8k_train_00184_ea542884__temp1.00__seed7,0.2656804455314784,,10,per_run_oof
qwen2p5_7b__gsm8k_train_00185_f5fac061__temp0.10__seed7,0.3121515122685672,,10,per_run_oof
qwen2p5_7b__gsm8k_train_00185_f5fac061__temp0.60__seed7,0.26082849292173876,,10,per_run_oof
qwen2p5_7b__gsm8k_train_00185_f5fac061__temp1.00__seed7,0.16957231381790608,1.0,10,per_run_oof
qwen2p5_7b__gsm8k_train_00186_af04022d__temp0.10__seed7,0.22558896744688944,,10,per_run_oof
qwen2p5_7b__gsm8k_train_00186_af04022d__temp0.60__seed7,0.2240026670198664,1.0,10,per_run_oof
qwen2p5_7b__gsm8k_train_00186_af04022d__temp1.00__seed7,0.23698583726988526,,10,per_run_oof
qwen2p5_7b__gsm8k_train_00187_2192eb08__temp0.10__seed7,0.16028787552322848,1.0,10,per_run_oof
qwen2p5_7b__gsm8k_train_00187_2192eb08__temp0.60__seed7,0.5091343691760783,0.5625,10,per_run_oof
qwen2p5_7b__gsm8k_train_00187_2192eb08__temp1.00__seed7,0.2690080139866098,,10,per_run_oof
qwen2p5_7b__gsm8k_train_00188_e8608578__temp0.10__seed7,0.2399475959729072,,10,per_run_oof
qwen2p5_7b__gsm8k_train_00188_e8608578__temp0.60__seed7,0.24110020613435124,0.6799999999999999,10,per_run_oof
qwen2p5_7b__gsm8k_train_00188_e8608578__temp1.00__seed7,0.08278487293128264,,10,per_run_oof
qwen2p5_7b__gsm8k_train_00189_96b03f19__temp0.10__seed7,0.14237007154070033,0.8888888888888888,10,per_run_oof
qwen2p5_7b__gsm8k_train_00189_96b03f19__temp0.60__seed7,0.13855238436948888,,10,per_run_oof
qwen2p5_7b__gsm8k_train_00189_96b03f19__temp1.00__seed7,0.13632760482297662,1.0,10,per_run_oof
qwen2p5_7b__gsm8k_train_00190_c700b815__temp0.10__seed7,0.13338865869382005,0.875,10,per_run_oof
qwen2p5_7b__gsm8k_train_00190_c700b815__temp0.60__seed7,0.12663969373190992,1.0,10,per_run_oof
qwen2p5_7b__gsm8k_train_00190_c700b815__temp1.00__seed7,0.176233514732027,0.875,10,per_run_oof
qwen2p5_7b__gsm8k_train_00191_bf2b3508__temp0.10__seed7,0.2860725517135879,,10,per_run_oof
qwen2p5_7b__gsm8k_train_00191_bf2b3508__temp0.60__seed7,0.21642887052088047,,10,per_run_oof
qwen2p5_7b__gsm8k_train_00191_bf2b3508__temp1.00__seed7,0.3690137411328175,,10,per_run_oof
qwen2p5_7b__gsm8k_train_00192_a2a05a17__temp0.10__seed7,0.24935776926535533,,10,per_run_oof
qwen2p5_7b__gsm8k_train_00192_a2a05a17__temp0.60__seed7,0.20174226312910717,1.0,10,per_run_oof
qwen2p5_7b__gsm8k_train_00192_a2a05a17__temp1.00__seed7,0.26161230358278703,,10,per_run_oof
qwen2p5_7b__gsm8k_train_00193_316cb5a7__temp0.10__seed7,0.16751419918818386,0.8888888888888888,10,per_run_oof
qwen2p5_7b__gsm8k_train_00193_316cb5a7__temp0.60__seed7,0.32072704184389056,0.875,10,per_run_oof
qwen2p5_7b__gsm8k_train_00193_316cb5a7__temp1.00__seed7,0.4780006111061881,0.375,10,per_run_oof
qwen2p5_7b__gsm8k_train_00194_fc7b694e__temp0.10__seed7,0.1408263551257901,1.0,10,per_run_oof
qwen2p5_7b__gsm8k_train_00194_fc7b694e__temp0.60__seed7,0.22784145510085638,0.7619047619047619,10,per_run_oof
qwen2p5_7b__gsm8k_train_00194_fc7b694e__temp1.00__seed7,0.3529211218342593,0.2222222222222222,10,per_run_oof
qwen2p5_7b__gsm8k_train_00195_f6ba9480__temp0.10__seed7,0.3871725275329619,,10,per_run_oof
qwen2p5_7b__gsm8k_train_00195_f6ba9480__temp0.60__seed7,0.2593052099928236,0.4444444444444444,10,per_run_oof
qwen2p5_7b__gsm8k_train_00195_f6ba9480__temp1.00__seed7,0.24216480139503846,,10,per_run_oof
qwen2p5_7b__gsm8k_train_00196_4822538e__temp0.10__seed7,0.15654927770134977,0.8888888888888888,10,per_run_oof
qwen2p5_7b__gsm8k_train_00196_4822538e__temp0.60__seed7,0.47388528687053844,0.0,10,per_run_oof
qwen2p5_7b__gsm8k_train_00196_4822538e__temp1.00__seed7,0.16513347540879103,,10,per_run_oof
qwen2p5_7b__gsm8k_train_00197_f5b62414__temp0.10__seed7,0.16955705399584353,0.5,10,per_run_oof
qwen2p5_7b__gsm8k_train_00197_f5b62414__temp0.60__seed7,0.11360000780498036,0.9583333333333334,10,per_run_oof
qwen2p5_7b__gsm8k_train_00197_f5b62414__temp1.00__seed7,0.24028249054042122,0.875,10,per_run_oof
qwen2p5_7b__gsm8k_train_00198_116d0b0b__temp0.10__seed7,0.11522097906470415,0.9375,10,per_run_oof
qwen2p5_7b__gsm8k_train_00198_116d0b0b__temp0.60__seed7,0.22615497860298978,0.7777777777777778,10,per_run_oof
qwen2p5_7b__gsm8k_train_00198_116d0b0b__temp1.00__seed7,0.24204413106179978,0.875,10,per_run_oof
qwen2p5_7b__gsm8k_train_00199_b1cae179__temp0.10__seed7,0.12278410631722518,1.0,10,per_run_oof
qwen2p5_7b__gsm8k_train_00199_b1cae179__temp0.60__seed7,0.34729802101472146,,10,per_run_oof
qwen2p5_7b__gsm8k_train_00199_b1cae179__temp1.00__seed7,0.1558833525131845,0.8888888888888888,10,per_run_oof
qwen2p5_7b__gsm8k_train_00200_86d3b46e__temp0.10__seed7,0.13955126840714574,0.8888888888888888,10,per_run_oof
qwen2p5_7b__gsm8k_train_00200_86d3b46e__temp0.60__seed7,0.24612805784303432,,10,per_run_oof
qwen2p5_7b__gsm8k_train_00200_86d3b46e__temp1.00__seed7,0.14517097958886974,,10,per_run_oof
qwen2p5_7b__gsm8k_train_00201_88e5b94e__temp0.10__seed7,0.2717443098425326,0.4375,10,per_run_oof
qwen2p5_7b__gsm8k_train_00201_88e5b94e__temp0.60__seed7,0.13623741546816998,1.0,10,per_run_oof
qwen2p5_7b__gsm8k_train_00201_88e5b94e__temp1.00__seed7,0.1414129801720963,0.75,10,per_run_oof
qwen2p5_7b__gsm8k_train_00202_ef524e01__temp0.10__seed7,0.22077089990306664,,10,per_run_oof
qwen2p5_7b__gsm8k_train_00202_ef524e01__temp0.60__seed7,0.280684399999029,,10,per_run_oof
qwen2p5_7b__gsm8k_train_00202_ef524e01__temp1.00__seed7,0.2538188203899037,,10,per_run_oof
qwen2p5_7b__gsm8k_train_00203_70f13d8d__temp0.10__seed7,0.3947512012934065,,10,per_run_oof
qwen2p5_7b__gsm8k_train_00203_70f13d8d__temp0.60__seed7,0.2655206835639971,,10,per_run_oof
qwen2p5_7b__gsm8k_train_00203_70f13d8d__temp1.00__seed7,0.10933697779792191,1.0,10,per_run_oof
qwen2p5_7b__gsm8k_train_00204_6479a9b2__temp0.10__seed7,0.26611510424098245,,10,per_run_oof
qwen2p5_7b__gsm8k_train_00204_6479a9b2__temp0.60__seed7,0.11144568524496398,1.0,10,per_run_oof
qwen2p5_7b__gsm8k_train_00204_6479a9b2__temp1.00__seed7,0.09211760263854958,1.0,10,per_run_oof
qwen2p5_7b__gsm8k_train_00205_57eaa488__temp0.10__seed7,0.224609767876116,0.75,10,per_run_oof
qwen2p5_7b__gsm8k_train_00205_57eaa488__temp0.60__seed7,0.10013479248056227,1.0,10,per_run_oof
qwen2p5_7b__gsm8k_train_00205_57eaa488__temp1.00__seed7,0.3260430458315824,,10,per_run_oof
qwen2p5_7b__gsm8k_train_00206_a81f9c02__temp0.10__seed7,0.11702219667014188,1.0,10,per_run_oof
qwen2p5_7b__gsm8k_train_00206_a81f9c02__temp0.60__seed7,0.1130334298033766,1.0,10,per_run_oof
qwen2p5_7b__gsm8k_train_00206_a81f9c02__temp1.00__seed7,0.25260803064186355,,10,per_run_oof
qwen2p5_7b__gsm8k_train_00207_003dddd0__temp0.10__seed7,0.11760096954246739,1.0,10,per_run_oof
qwen2p5_7b__gsm8k_train_00207_003dddd0__temp0.60__seed7,0.10274372700706699,1.0,10,per_run_oof
qwen2p5_7b__gsm8k_train_00207_003dddd0__temp1.00__seed7,0.3725109875706777,0.0625,10,per_run_oof
qwen2p5_7b__gsm8k_train_00208_0a589fae__temp0.10__seed7,0.07801556573346576,1.0,10,per_run_oof
qwen2p5_7b__gsm8k_train_00208_0a589fae__temp0.60__seed7,0.3251986710747986,,10,per_run_oof
qwen2p5_7b__gsm8k_train_00208_0a589fae__temp1.00__seed7,0.10907879720193056,1.0,10,per_run_oof
qwen2p5_7b__gsm8k_train_00209_95c80176__temp0.10__seed7,0.19917368954796394,0.7500000000000001,10,per_run_oof
qwen2p5_7b__gsm8k_train_00209_95c80176__temp0.60__seed7,0.25554616581095724,,10,per_run_oof
qwen2p5_7b__gsm8k_train_00209_95c80176__temp1.00__seed7,0.213872515274331,,10,per_run_oof
qwen2p5_7b__gsm8k_train_00210_d6550c57__temp0.10__seed7,0.2640600211367984,0.25,10,per_run_oof
qwen2p5_7b__gsm8k_train_00210_d6550c57__temp0.60__seed7,0.17648188117134828,1.0,10,per_run_oof
qwen2p5_7b__gsm8k_train_00210_d6550c57__temp1.00__seed7,0.14224475819101862,,10,per_run_oof
qwen2p5_7b__gsm8k_train_00211_c3c39b27__temp0.10__seed7,0.21379092693529733,,10,per_run_oof
qwen2p5_7b__gsm8k_train_00211_c3c39b27__temp0.60__seed7,0.22157711169277983,,10,per_run_oof
qwen2p5_7b__gsm8k_train_00211_c3c39b27__temp1.00__seed7,0.3645083311132925,,10,per_run_oof
qwen2p5_7b__gsm8k_train_00212_553f7eb9__temp0.10__seed7,0.24414341268987413,0.9523809523809524,10,per_run_oof
qwen2p5_7b__gsm8k_train_00212_553f7eb9__temp0.60__seed7,0.24017568762848115,0.2857142857142857,10,per_run_oof
qwen2p5_7b__gsm8k_train_00212_553f7eb9__temp1.00__seed7,0.19156142684141883,,10,per_run_oof
qwen2p5_7b__gsm8k_train_00213_de93700d__temp0.10__seed7,0.1766797591967027,0.9375,10,per_run_oof
qwen2p5_7b__gsm8k_train_00213_de93700d__temp0.60__seed7,0.3410386439325051,,10,per_run_oof
qwen2p5_7b__gsm8k_train_00213_de93700d__temp1.00__seed7,0.14185100827216318,1.0,10,per_run_oof
qwen2p5_7b__gsm8k_train_00214_1bd45727__temp0.10__seed7,0.1756833182951182,,10,per_run_oof
qwen2p5_7b__gsm8k_train_00214_1bd45727__temp0.60__seed7,0.1965299176413902,1.0,10,per_run_oof
qwen2p5_7b__gsm8k_train_00214_1bd45727__temp1.00__seed7,0.19669170118221566,1.0,10,per_run_oof
qwen2p5_7b__gsm8k_train_00215_16f5d4da__temp0.10__seed7,0.19780413206235578,0.8888888888888888,10,per_run_oof
qwen2p5_7b__gsm8k_train_00215_16f5d4da__temp0.60__seed7,0.08242133039964207,1.0,10,per_run_oof
qwen2p5_7b__gsm8k_train_00215_16f5d4da__temp1.00__seed7,0.08517406364895752,1.0,10,per_run_oof
qwen2p5_7b__gsm8k_train_00216_04d03801__temp0.10__seed7,0.18693608131580858,0.7777777777777778,10,per_run_oof
qwen2p5_7b__gsm8k_train_00216_04d03801__temp0.60__seed7,0.18687884138780647,0.875,10,per_run_oof
qwen2p5_7b__gsm8k_train_00216_04d03801__temp1.00__seed7,0.19405935690510107,0.7777777777777778,10,per_run_oof
qwen2p5_7b__gsm8k_train_00217_c30f5981__temp0.10__seed7,0.35808685910159893,,10,per_run_oof
qwen2p5_7b__gsm8k_train_00217_c30f5981__temp0.60__seed7,0.20199600717568528,0.9375,10,per_run_oof
qwen2p5_7b__gsm8k_train_00217_c30f5981__temp1.00__seed7,0.2003131523061228,0.7916666666666667,10,per_run_oof
qwen2p5_7b__gsm8k_train_00218_7ca306c2__temp0.10__seed7,0.19500954543811494,,10,per_run_oof
qwen2p5_7b__gsm8k_train_00218_7ca306c2__temp0.60__seed7,0.15638252263247926,0.9523809523809524,10,per_run_oof
qwen2p5_7b__gsm8k_train_00218_7ca306c2__temp1.00__seed7,0.13755647260324286,1.0,10,per_run_oof
qwen2p5_7b__gsm8k_train_00219_5da8c9d5__temp0.10__seed7,0.31823334169452605,,10,per_run_oof
qwen2p5_7b__gsm8k_train_00219_5da8c9d5__temp0.60__seed7,0.21281796678243375,,10,per_run_oof
qwen2p5_7b__gsm8k_train_00219_5da8c9d5__temp1.00__seed7,0.1049218975499463,1.0,10,per_run_oof
qwen2p5_7b__gsm8k_train_00220_6b7eb356__temp0.10__seed7,0.13873528833073728,1.0,10,per_run_oof
qwen2p5_7b__gsm8k_train_00220_6b7eb356__temp0.60__seed7,0.13279755602948234,1.0,10,per_run_oof
qwen2p5_7b__gsm8k_train_00220_6b7eb356__temp1.00__seed7,0.20075989111600992,1.0,10,per_run_oof
qwen2p5_7b__gsm8k_train_00221_918943c8__temp0.10__seed7,0.12099664979569517,1.0,10,per_run_oof
qwen2p5_7b__gsm8k_train_00221_918943c8__temp0.60__seed7,0.15254192155215882,0.8333333333333334,10,per_run_oof
qwen2p5_7b__gsm8k_train_00221_918943c8__temp1.00__seed7,0.33543254998099625,,10,per_run_oof
qwen2p5_7b__gsm8k_train_00222_534318ae__temp0.10__seed7,0.10263748069839781,1.0,10,per_run_oof
qwen2p5_7b__gsm8k_train_00222_534318ae__temp0.60__seed7,0.12704631445250475,1.0,10,per_run_oof
qwen2p5_7b__gsm8k_train_00222_534318ae__temp1.00__seed7,0.13210484660632404,1.0,10,per_run_oof
qwen2p5_7b__gsm8k_train_00223_82fdc86b__temp0.10__seed7,0.23666567179146605,0.9375,10,per_run_oof
qwen2p5_7b__gsm8k_train_00223_82fdc86b__temp0.60__seed7,0.10527045183629384,1.0,10,per_run_oof
qwen2p5_7b__gsm8k_train_00223_82fdc86b__temp1.00__seed7,0.15677238701813917,0.8888888888888888,10,per_run_oof
qwen2p5_7b__gsm8k_train_00224_5b9ba692__temp0.10__seed7,0.3874516599814694,,10,per_run_oof
qwen2p5_7b__gsm8k_train_00224_5b9ba692__temp0.60__seed7,0.34182898849279947,,10,per_run_oof
qwen2p5_7b__gsm8k_train_00224_5b9ba692__temp1.00__seed7,0.1368919119758484,0.9375,10,per_run_oof
qwen2p5_7b__gsm8k_train_00225_eb4c19c6__temp0.10__seed7,0.14055181231906447,1.0,10,per_run_oof
qwen2p5_7b__gsm8k_train_00225_eb4c19c6__temp0.60__seed7,0.38711046434665486,,10,per_run_oof
qwen2p5_7b__gsm8k_train_00225_eb4c19c6__temp1.00__seed7,0.14520094285863214,0.9166666666666667,10,per_run_oof
qwen2p5_7b__gsm8k_train_00226_39aa0b05__temp0.10__seed7,0.13269070502538616,,10,per_run_oof
qwen2p5_7b__gsm8k_train_00226_39aa0b05__temp0.60__seed7,0.14479748212077856,,10,per_run_oof
qwen2p5_7b__gsm8k_train_00226_39aa0b05__temp1.00__seed7,0.16637818474387764,,10,per_run_oof
qwen2p5_7b__gsm8k_train_00227_74dc6fd7__temp0.10__seed7,0.11360465510214783,1.0,10,per_run_oof
qwen2p5_7b__gsm8k_train_00227_74dc6fd7__temp0.60__seed7,0.19637883536537773,0.8400000000000001,10,per_run_oof
qwen2p5_7b__gsm8k_train_00227_74dc6fd7__temp1.00__seed7,0.34536543212087484,,10,per_run_oof
qwen2p5_7b__gsm8k_train_00228_fa209c1f__temp0.10__seed7,0.13059943160909926,1.0,10,per_run_oof
qwen2p5_7b__gsm8k_train_00228_fa209c1f__temp0.60__seed7,0.10751569747886647,1.0,10,per_run_oof
qwen2p5_7b__gsm8k_train_00228_fa209c1f__temp1.00__seed7,0.24688611296075846,,10,per_run_oof
qwen2p5_7b__gsm8k_train_00229_ee69cf41__temp0.10__seed7,0.3510669674958041,,10,per_run_oof
qwen2p5_7b__gsm8k_train_00229_ee69cf41__temp0.60__seed7,0.3894029164291439,,10,per_run_oof
qwen2p5_7b__gsm8k_train_00229_ee69cf41__temp1.00__seed7,0.2446212470646502,,10,per_run_oof
qwen2p5_7b__gsm8k_train_00230_6d66ebf2__temp0.10__seed7,0.18347272109506113,0.5833333333333333,10,per_run_oof
qwen2p5_7b__gsm8k_train_00230_6d66ebf2__temp0.60__seed7,0.13048599288746737,,10,per_run_oof
qwen2p5_7b__gsm8k_train_00230_6d66ebf2__temp1.00__seed7,0.22791274986021187,,10,per_run_oof
qwen2p5_7b__gsm8k_train_00231_cedef501__temp0.10__seed7,0.3835742545765292,0.11111111111111116,10,per_run_oof
qwen2p5_7b__gsm8k_train_00231_cedef501__temp0.60__seed7,0.14538537828913314,1.0,10,per_run_oof
qwen2p5_7b__gsm8k_train_00231_cedef501__temp1.00__seed7,0.3576396388749744,,10,per_run_oof
qwen2p5_7b__gsm8k_train_00232_cc297bcb__temp0.10__seed7,0.17614978550991062,0.8888888888888888,10,per_run_oof
qwen2p5_7b__gsm8k_train_00232_cc297bcb__temp0.60__seed7,0.1107781908977726,1.0,10,per_run_oof
qwen2p5_7b__gsm8k_train_00232_cc297bcb__temp1.00__seed7,0.10769047370011972,1.0,10,per_run_oof
qwen2p5_7b__gsm8k_train_00233_a24de4df__temp0.10__seed7,0.12679714642395512,0.9375,10,per_run_oof
qwen2p5_7b__gsm8k_train_00233_a24de4df__temp0.60__seed7,0.42062097506969237,,10,per_run_oof
qwen2p5_7b__gsm8k_train_00233_a24de4df__temp1.00__seed7,0.14816286393080322,0.9047619047619048,10,per_run_oof
qwen2p5_7b__gsm8k_train_00234_dec70119__temp0.10__seed7,0.1499527847883725,1.0,10,per_run_oof
qwen2p5_7b__gsm8k_train_00234_dec70119__temp0.60__seed7,0.1399373562293382,1.0,10,per_run_oof
qwen2p5_7b__gsm8k_train_00234_dec70119__temp1.00__seed7,0.1565982680574245,,10,per_run_oof
qwen2p5_7b__gsm8k_train_00235_16021bf2__temp0.10__seed7,0.22974251727755174,0.11111111111111116,10,per_run_oof
qwen2p5_7b__gsm8k_train_00235_16021bf2__temp0.60__seed7,0.26186721053566614,,10,per_run_oof
qwen2p5_7b__gsm8k_train_00235_16021bf2__temp1.00__seed7,0.19914959214011257,0.5625,10,per_run_oof
qwen2p5_7b__gsm8k_train_00236_88a38078__temp0.10__seed7,0.056180883651963484,,10,per_run_oof
qwen2p5_7b__gsm8k_train_00236_88a38078__temp0.60__seed7,0.10504803419118616,1.0,10,per_run_oof
qwen2p5_7b__gsm8k_train_00236_88a38078__temp1.00__seed7,0.13455283870156198,1.0,10,per_run_oof
qwen2p5_7b__gsm8k_train_00237_e53550f2__temp0.10__seed7,0.14113156700097695,0.875,10,per_run_oof
qwen2p5_7b__gsm8k_train_00237_e53550f2__temp0.60__seed7,0.3381537749097775,0.11111111111111116,10,per_run_oof
qwen2p5_7b__gsm8k_train_00237_e53550f2__temp1.00__seed7,0.07283785306126264,1.0,10,per_run_oof
qwen2p5_7b__gsm8k_train_00238_a8724a09__temp0.10__seed7,0.14119413780807186,0.9375,10,per_run_oof
qwen2p5_7b__gsm8k_train_00238_a8724a09__temp0.60__seed7,0.2907172052265209,0.11111111111111116,10,per_run_oof
qwen2p5_7b__gsm8k_train_00238_a8724a09__temp1.00__seed7,0.11012689713228192,1.0,10,per_run_oof
qwen2p5_7b__gsm8k_train_00239_be0432a3__temp0.10__seed7,0.16002274555066479,,10,per_run_oof
qwen2p5_7b__gsm8k_train_00239_be0432a3__temp0.60__seed7,0.3165060430459346,,10,per_run_oof
qwen2p5_7b__gsm8k_train_00239_be0432a3__temp1.00__seed7,0.13549296497099764,,10,per_run_oof
qwen2p5_7b__gsm8k_train_00240_e99722ca__temp0.10__seed7,0.08685328084436066,1.0,10,per_run_oof
qwen2p5_7b__gsm8k_train_00240_e99722ca__temp0.60__seed7,0.15214774209228069,0.9375,10,per_run_oof
qwen2p5_7b__gsm8k_train_00240_e99722ca__temp1.00__seed7,0.4387379318952064,0.0,10,per_run_oof
qwen2p5_7b__gsm8k_train_00241_1f578d8b__temp0.10__seed7,0.31331371574975514,,10,per_run_oof
qwen2p5_7b__gsm8k_train_00241_1f578d8b__temp0.60__seed7,0.12128899202614789,1.0,10,per_run_oof
qwen2p5_7b__gsm8k_train_00241_1f578d8b__temp1.00__seed7,0.4792335315945337,0.8888888888888888,10,per_run_oof
qwen2p5_7b__gsm8k_train_00242_ae567c96__temp0.10__seed7,0.3824041348806827,,10,per_run_oof
qwen2p5_7b__gsm8k_train_00242_ae567c96__temp0.60__seed7,0.22298210114230624,,10,per_run_oof
qwen2p5_7b__gsm8k_train_00242_ae567c96__temp1.00__seed7,0.333728148606599,,10,per_run_oof
qwen2p5_7b__gsm8k_train_00243_72ceeee9__temp0.10__seed7,0.21417574193681732,,10,per_run_oof
qwen2p5_7b__gsm8k_train_00243_72ceeee9__temp0.60__seed7,0.2757503468101782,,10,per_run_oof
qwen2p5_7b__gsm8k_train_00243_72ceeee9__temp1.00__seed7,0.33881770769589376,0.8888888888888888,10,per_run_oof
qwen2p5_7b__gsm8k_train_00244_3afa39a0__temp0.10__seed7,0.16917081057602718,,10,per_run_oof
qwen2p5_7b__gsm8k_train_00244_3afa39a0__temp0.60__seed7,0.10180504517800348,1.0,10,per_run_oof
qwen2p5_7b__gsm8k_train_00244_3afa39a0__temp1.00__seed7,0.2513408453221966,1.0,10,per_run_oof
qwen2p5_7b__gsm8k_train_00245_9d0c6381__temp0.10__seed7,0.3924120647022773,,10,per_run_oof
qwen2p5_7b__gsm8k_train_00245_9d0c6381__temp0.60__seed7,0.16471657335050396,0.8888888888888888,10,per_run_oof
qwen2p5_7b__gsm8k_train_00245_9d0c6381__temp1.00__seed7,0.2354307633141806,0.8888888888888888,10,per_run_oof
qwen2p5_7b__gsm8k_train_00246_2893b455__temp0.10__seed7,0.263037696184805,0.875,10,per_run_oof
qwen2p5_7b__gsm8k_train_00246_2893b455__temp0.60__seed7,0.1933932648728393,1.0,10,per_run_oof
qwen2p5_7b__gsm8k_train_00246_2893b455__temp1.00__seed7,0.1949389217833754,1.0,10,per_run_oof
qwen2p5_7b__gsm8k_train_00247_75fad492__temp0.10__seed7,0.12486384222140531,1.0,10,per_run_oof
qwen2p5_7b__gsm8k_train_00247_75fad492__temp0.60__seed7,0.18144096233685045,1.0,10,per_run_oof
qwen2p5_7b__gsm8k_train_00247_75fad492__temp1.00__seed7,0.19560922501960176,,10,per_run_oof
qwen2p5_7b__gsm8k_train_00248_c4586363__temp0.10__seed7,0.25287573937395424,1.0,10,per_run_oof
qwen2p5_7b__gsm8k_train_00248_c4586363__temp0.60__seed7,0.11840157920414404,1.0,10,per_run_oof
qwen2p5_7b__gsm8k_train_00248_c4586363__temp1.00__seed7,0.20647800925490906,1.0,10,per_run_oof
qwen2p5_7b__gsm8k_train_00249_53256b7e__temp0.10__seed7,0.14082311570691264,1.0,10,per_run_oof
qwen2p5_7b__gsm8k_train_00249_53256b7e__temp0.60__seed7,0.10079226256633578,1.0,10,per_run_oof
qwen2p5_7b__gsm8k_train_00249_53256b7e__temp1.00__seed7,0.12210190805848782,1.0,10,per_run_oof
qwen2p5_7b__gsm8k_train_00250_52f63717__temp0.10__seed7,0.3194854875181509,,10,per_run_oof
qwen2p5_7b__gsm8k_train_00250_52f63717__temp0.60__seed7,0.1406576270076268,0.9375,10,per_run_oof
qwen2p5_7b__gsm8k_train_00250_52f63717__temp1.00__seed7,0.3439660076103417,,10,per_run_oof
qwen2p5_7b__gsm8k_train_00251_6a00efba__temp0.10__seed7,0.19884387181194213,,10,per_run_oof
qwen2p5_7b__gsm8k_train_00251_6a00efba__temp0.60__seed7,0.18012383390136502,,10,per_run_oof
qwen2p5_7b__gsm8k_train_00251_6a00efba__temp1.00__seed7,0.2772544965566095,,10,per_run_oof
qwen2p5_7b__gsm8k_train_00252_fa7c84f4__temp0.10__seed7,0.270136640901318,,10,per_run_oof
qwen2p5_7b__gsm8k_train_00252_fa7c84f4__temp0.60__seed7,0.3069249826466912,,10,per_run_oof
qwen2p5_7b__gsm8k_train_00252_fa7c84f4__temp1.00__seed7,0.11784785940857342,1.0,10,per_run_oof
qwen2p5_7b__gsm8k_train_00253_66aefa74__temp0.10__seed7,0.33012039585810005,,10,per_run_oof
qwen2p5_7b__gsm8k_train_00253_66aefa74__temp0.60__seed7,0.2803748974568506,,10,per_run_oof
qwen2p5_7b__gsm8k_train_00253_66aefa74__temp1.00__seed7,0.22632296980341007,,10,per_run_oof
qwen2p5_7b__gsm8k_train_00254_b24e02a5__temp0.10__seed7,0.2275292202603139,,10,per_run_oof
qwen2p5_7b__gsm8k_train_00254_b24e02a5__temp0.60__seed7,0.2525612971937795,,10,per_run_oof
qwen2p5_7b__gsm8k_train_00254_b24e02a5__temp1.00__seed7,0.1645836469523419,0.9375,10,per_run_oof
qwen2p5_7b__gsm8k_train_00255_f29b83f7__temp0.10__seed7,0.1624584746384021,0.8888888888888888,10,per_run_oof
qwen2p5_7b__gsm8k_train_00255_f29b83f7__temp0.60__seed7,0.14305820168918715,,10,per_run_oof
qwen2p5_7b__gsm8k_train_00255_f29b83f7__temp1.00__seed7,0.21850631360557635,1.0,10,per_run_oof
qwen2p5_7b__gsm8k_train_00256_e43dba3a__temp0.10__seed7,0.1440363958907279,0.8888888888888888,10,per_run_oof
qwen2p5_7b__gsm8k_train_00256_e43dba3a__temp0.60__seed7,0.19404784787712476,0.8888888888888888,10,per_run_oof
qwen2p5_7b__gsm8k_train_00256_e43dba3a__temp1.00__seed7,0.2562317149139962,0.8888888888888888,10,per_run_oof
qwen2p5_7b__gsm8k_train_00257_b629f4b9__temp0.10__seed7,0.06552180676554945,1.0,10,per_run_oof
qwen2p5_7b__gsm8k_train_00257_b629f4b9__temp0.60__seed7,0.20901697977147932,0.875,10,per_run_oof
qwen2p5_7b__gsm8k_train_00257_b629f4b9__temp1.00__seed7,0.1516535983064618,1.0,10,per_run_oof
qwen2p5_7b__gsm8k_train_00258_5f7ebd32__temp0.10__seed7,0.20383415066230026,,10,per_run_oof
qwen2p5_7b__gsm8k_train_00258_5f7ebd32__temp0.60__seed7,0.09399379550369977,1.0,10,per_run_oof
qwen2p5_7b__gsm8k_train_00258_5f7ebd32__temp1.00__seed7,0.27885866808684917,0.33333333333333337,10,per_run_oof
qwen2p5_7b__gsm8k_train_00259_04d1467c__temp0.10__seed7,0.27799875195797913,,10,per_run_oof
qwen2p5_7b__gsm8k_train_00259_04d1467c__temp0.60__seed7,0.13768088151845626,0.9375,10,per_run_oof
qwen2p5_7b__gsm8k_train_00259_04d1467c__temp1.00__seed7,0.25361363817136723,,10,per_run_oof
qwen2p5_7b__gsm8k_train_00260_b1adc13c__temp0.10__seed7,0.15443692446038562,1.0,10,per_run_oof
qwen2p5_7b__gsm8k_train_00260_b1adc13c__temp0.60__seed7,0.1494884508500868,0.8888888888888888,10,per_run_oof
qwen2p5_7b__gsm8k_train_00260_b1adc13c__temp1.00__seed7,0.11665295956858616,1.0,10,per_run_oof
qwen2p5_7b__gsm8k_train_00261_8a43e108__temp0.10__seed7,0.16633061958814738,,10,per_run_oof
qwen2p5_7b__gsm8k_train_00261_8a43e108__temp0.60__seed7,0.31606618397713915,1.0,10,per_run_oof
qwen2p5_7b__gsm8k_train_00261_8a43e108__temp1.00__seed7,0.16268858179502693,0.875,10,per_run_oof
qwen2p5_7b__gsm8k_train_00262_81925122__temp0.10__seed7,0.217181221362955,0.7777777777777778,10,per_run_oof
qwen2p5_7b__gsm8k_train_00262_81925122__temp0.60__seed7,0.27961733564230984,0.7777777777777778,10,per_run_oof
qwen2p5_7b__gsm8k_train_00262_81925122__temp1.00__seed7,0.16446564732686875,,10,per_run_oof
qwen2p5_7b__gsm8k_train_00263_e37d331e__temp0.10__seed7,0.15110699406884248,1.0,10,per_run_oof
qwen2p5_7b__gsm8k_train_00263_e37d331e__temp0.60__seed7,0.293835287945207,0.75,10,per_run_oof
qwen2p5_7b__gsm8k_train_00263_e37d331e__temp1.00__seed7,0.08228425988811447,1.0,10,per_run_oof
qwen2p5_7b__gsm8k_train_00264_bac7a4b2__temp0.10__seed7,0.631099299546893,,10,per_run_oof
qwen2p5_7b__gsm8k_train_00264_bac7a4b2__temp0.60__seed7,0.1568158075048426,,10,per_run_oof
qwen2p5_7b__gsm8k_train_00264_bac7a4b2__temp1.00__seed7,0.3509236101249264,0.0,10,per_run_oof
qwen2p5_7b__gsm8k_train_00265_e3f05de9__temp0.10__seed7,0.10125045692433365,1.0,10,per_run_oof
qwen2p5_7b__gsm8k_train_00265_e3f05de9__temp0.60__seed7,0.11405773719364791,,10,per_run_oof
qwen2p5_7b__gsm8k_train_00265_e3f05de9__temp1.00__seed7,0.09401025525723669,1.0,10,per_run_oof
qwen2p5_7b__gsm8k_train_00266_454f6dc0__temp0.10__seed7,0.08295311062412189,1.0,10,per_run_oof
qwen2p5_7b__gsm8k_train_00266_454f6dc0__temp0.60__seed7,0.17198483112370688,0.8888888888888888,10,per_run_oof
qwen2p5_7b__gsm8k_train_00266_454f6dc0__temp1.00__seed7,0.2887939266939338,0.8571428571428571,10,per_run_oof
qwen2p5_7b__gsm8k_train_00267_c3dce41c__temp0.10__seed7,0.17928401519519188,,10,per_run_oof
qwen2p5_7b__gsm8k_train_00267_c3dce41c__temp0.60__seed7,0.17629262329025264,,10,per_run_oof
qwen2p5_7b__gsm8k_train_00267_c3dce41c__temp1.00__seed7,0.14852259412186014,1.0,10,per_run_oof
qwen2p5_7b__gsm8k_train_00268_a5745e31__temp0.10__seed7,0.05977139063674397,1.0,10,per_run_oof
qwen2p5_7b__gsm8k_train_00268_a5745e31__temp0.60__seed7,0.08953818817427753,1.0,10,per_run_oof
qwen2p5_7b__gsm8k_train_00268_a5745e31__temp1.00__seed7,0.10214502274857495,1.0,10,per_run_oof
qwen2p5_7b__gsm8k_train_00269_ed1098a8__temp0.10__seed7,0.35202973336823473,,10,per_run_oof
qwen2p5_7b__gsm8k_train_00269_ed1098a8__temp0.60__seed7,0.15959555739365267,1.0,10,per_run_oof
qwen2p5_7b__gsm8k_train_00269_ed1098a8__temp1.00__seed7,0.26265501149047327,,10,per_run_oof
qwen2p5_7b__gsm8k_train_00270_55185930__temp0.10__seed7,0.16592339116624433,0.8,10,per_run_oof
qwen2p5_7b__gsm8k_train_00270_55185930__temp0.60__seed7,0.34484424531509633,,10,per_run_oof
qwen2p5_7b__gsm8k_train_00270_55185930__temp1.00__seed7,0.26002234911529126,0.33333333333333337,10,per_run_oof
qwen2p5_7b__gsm8k_train_00271_5eea4943__temp0.10__seed7,0.13675239825698002,0.8888888888888888,10,per_run_oof
qwen2p5_7b__gsm8k_train_00271_5eea4943__temp0.60__seed7,0.1995219228411747,0.7777777777777778,10,per_run_oof
qwen2p5_7b__gsm8k_train_00271_5eea4943__temp1.00__seed7,0.21188249735631132,0.875,10,per_run_oof
qwen2p5_7b__gsm8k_train_00272_27eebeec__temp0.10__seed7,0.13916538099529005,1.0,10,per_run_oof
qwen2p5_7b__gsm8k_train_00272_27eebeec__temp0.60__seed7,0.09885437598224142,1.0,10,per_run_oof
qwen2p5_7b__gsm8k_train_00272_27eebeec__temp1.00__seed7,0.13933557001089647,0.92,10,per_run_oof
qwen2p5_7b__gsm8k_train_00273_b495e813__temp0.10__seed7,0.17994042350028977,,10,per_run_oof
qwen2p5_7b__gsm8k_train_00273_b495e813__temp0.60__seed7,0.12768176889334024,,10,per_run_oof
qwen2p5_7b__gsm8k_train_00273_b495e813__temp1.00__seed7,0.15178142339163142,,10,per_run_oof
qwen2p5_7b__gsm8k_train_00274_03180f5b__temp0.10__seed7,0.10092569641293145,1.0,10,per_run_oof
qwen2p5_7b__gsm8k_train_00274_03180f5b__temp0.60__seed7,0.19161745708536723,,10,per_run_oof
qwen2p5_7b__gsm8k_train_00274_03180f5b__temp1.00__seed7,0.21147163901934704,1.0,10,per_run_oof
qwen2p5_7b__gsm8k_train_00275_bf17b203__temp0.10__seed7,0.11936652026691259,1.0,10,per_run_oof
qwen2p5_7b__gsm8k_train_00275_bf17b203__temp0.60__seed7,0.13825337258667103,1.0,10,per_run_oof
qwen2p5_7b__gsm8k_train_00275_bf17b203__temp1.00__seed7,0.1392796697943718,0.9047619047619048,10,per_run_oof
qwen2p5_7b__gsm8k_train_00276_4674940d__temp0.10__seed7,0.15703104651232105,0.875,10,per_run_oof
qwen2p5_7b__gsm8k_train_00276_4674940d__temp0.60__seed7,0.2193461618652482,1.0,10,per_run_oof
qwen2p5_7b__gsm8k_train_00276_4674940d__temp1.00__seed7,0.20391733454129995,0.5,10,per_run_oof
qwen2p5_7b__gsm8k_train_00277_fc707c92__temp0.10__seed7,0.2288936842860531,,10,per_run_oof
qwen2p5_7b__gsm8k_train_00277_fc707c92__temp0.60__seed7,0.263032404101576,,10,per_run_oof
qwen2p5_7b__gsm8k_train_00277_fc707c92__temp1.00__seed7,0.3856324730124314,0.2222222222222222,10,per_run_oof
qwen2p5_7b__gsm8k_train_00278_1bea983e__temp0.10__seed7,0.07147198917347944,,10,per_run_oof
qwen2p5_7b__gsm8k_train_00278_1bea983e__temp0.60__seed7,0.10356163613947537,1.0,10,per_run_oof
qwen2p5_7b__gsm8k_train_00278_1bea983e__temp1.00__seed7,0.1930944465228425,,10,per_run_oof
qwen2p5_7b__gsm8k_train_00279_37085dc5__temp0.10__seed7,0.04495758593926946,,10,per_run_oof
qwen2p5_7b__gsm8k_train_00279_37085dc5__temp0.60__seed7,0.2722324565122337,,10,per_run_oof
qwen2p5_7b__gsm8k_train_00279_37085dc5__temp1.00__seed7,0.15906144066010658,0.875,10,per_run_oof
qwen2p5_7b__gsm8k_train_00280_a1255acc__temp0.10__seed7,0.14193605751146982,1.0,10,per_run_oof
qwen2p5_7b__gsm8k_train_00280_a1255acc__temp0.60__seed7,0.1985602365812531,0.8888888888888888,10,per_run_oof
qwen2p5_7b__gsm8k_train_00280_a1255acc__temp1.00__seed7,0.1524954751123847,1.0,10,per_run_oof
qwen2p5_7b__gsm8k_train_00281_a116f238__temp0.10__seed7,0.11152557306551061,,10,per_run_oof
qwen2p5_7b__gsm8k_train_00281_a116f238__temp0.60__seed7,0.21337322816013615,0.9375,10,per_run_oof
qwen2p5_7b__gsm8k_train_00281_a116f238__temp1.00__seed7,0.1332925902342967,1.0,10,per_run_oof
qwen2p5_7b__gsm8k_train_00282_351b3e99__temp0.10__seed7,0.10811265591946669,1.0,10,per_run_oof
qwen2p5_7b__gsm8k_train_00282_351b3e99__temp0.60__seed7,0.20038496546508705,,10,per_run_oof
qwen2p5_7b__gsm8k_train_00282_351b3e99__temp1.00__seed7,0.12266566550506472,1.0,10,per_run_oof
qwen2p5_7b__gsm8k_train_00283_1ed728b7__temp0.10__seed7,0.2671448824045546,,10,per_run_oof
qwen2p5_7b__gsm8k_train_00283_1ed728b7__temp0.60__seed7,0.19938383473853238,,10,per_run_oof
qwen2p5_7b__gsm8k_train_00283_1ed728b7__temp1.00__seed7,0.13617244277412427,1.0,10,per_run_oof
qwen2p5_7b__gsm8k_train_00284_101eec9e__temp0.10__seed7,0.12709903436106443,1.0,10,per_run_oof
qwen2p5_7b__gsm8k_train_00284_101eec9e__temp0.60__seed7,0.1835851281553838,,10,per_run_oof
qwen2p5_7b__gsm8k_train_00284_101eec9e__temp1.00__seed7,0.12034174538562577,1.0,10,per_run_oof
qwen2p5_7b__gsm8k_train_00285_b01cf570__temp0.10__seed7,0.24543244636491082,,10,per_run_oof
qwen2p5_7b__gsm8k_train_00285_b01cf570__temp0.60__seed7,0.3608952350317082,,10,per_run_oof
qwen2p5_7b__gsm8k_train_00285_b01cf570__temp1.00__seed7,0.1745912629100284,,10,per_run_oof
qwen2p5_7b__gsm8k_train_00286_c511337a__temp0.10__seed7,0.2107037009664589,,10,per_run_oof
qwen2p5_7b__gsm8k_train_00286_c511337a__temp0.60__seed7,0.26103197221446495,,10,per_run_oof
qwen2p5_7b__gsm8k_train_00286_c511337a__temp1.00__seed7,0.2679221392436243,,10,per_run_oof
qwen2p5_7b__gsm8k_train_00287_759f3ccd__temp0.10__seed7,0.2792351165067491,0.11111111111111116,10,per_run_oof
qwen2p5_7b__gsm8k_train_00287_759f3ccd__temp0.60__seed7,0.414591400268554,0.11111111111111116,10,per_run_oof
qwen2p5_7b__gsm8k_train_00287_759f3ccd__temp1.00__seed7,0.37103577189739,1.0,10,per_run_oof
qwen2p5_7b__gsm8k_train_00288_9941b54a__temp0.10__seed7,0.21884094493434816,,10,per_run_oof
qwen2p5_7b__gsm8k_train_00288_9941b54a__temp0.60__seed7,0.08347020499248535,1.0,10,per_run_oof
qwen2p5_7b__gsm8k_train_00288_9941b54a__temp1.00__seed7,0.16712924081911734,0.8888888888888888,10,per_run_oof
qwen2p5_7b__gsm8k_train_00289_78b6355f__temp0.10__seed7,0.19553231506378846,,10,per_run_oof
qwen2p5_7b__gsm8k_train_00289_78b6355f__temp0.60__seed7,0.20523945675916253,,10,per_run_oof
qwen2p5_7b__gsm8k_train_00289_78b6355f__temp1.00__seed7,0.1932401473897007,,10,per_run_oof
qwen2p5_7b__gsm8k_train_00290_793c43a0__temp0.10__seed7,0.09254805436758211,1.0,10,per_run_oof
qwen2p5_7b__gsm8k_train_00290_793c43a0__temp0.60__seed7,0.1955017414125269,0.6190476190476191,10,per_run_oof
qwen2p5_7b__gsm8k_train_00290_793c43a0__temp1.00__seed7,0.14657758257279657,0.9375,10,per_run_oof
qwen2p5_7b__gsm8k_train_00291_222e4b93__temp0.10__seed7,0.10352287862478801,1.0,10,per_run_oof
qwen2p5_7b__gsm8k_train_00291_222e4b93__temp0.60__seed7,0.07400555134457724,1.0,10,per_run_oof
qwen2p5_7b__gsm8k_train_00291_222e4b93__temp1.00__seed7,0.15751618217810215,0.9375,10,per_run_oof
qwen2p5_7b__gsm8k_train_00292_613e5bf6__temp0.10__seed7,0.1959287400401352,,10,per_run_oof
qwen2p5_7b__gsm8k_train_00292_613e5bf6__temp0.60__seed7,0.232096327488511,1.0,10,per_run_oof
qwen2p5_7b__gsm8k_train_00292_613e5bf6__temp1.00__seed7,0.23951334077394987,0.75,10,per_run_oof
qwen2p5_7b__gsm8k_train_00293_2ed3e21c__temp0.10__seed7,0.19960809887866082,,10,per_run_oof
qwen2p5_7b__gsm8k_train_00293_2ed3e21c__temp0.60__seed7,0.18111134979002794,,10,per_run_oof
qwen2p5_7b__gsm8k_train_00293_2ed3e21c__temp1.00__seed7,0.20714191655996156,,10,per_run_oof
qwen2p5_7b__gsm8k_train_00294_c1d5fdf8__temp0.10__seed7,0.12642374661137346,0.9523809523809524,10,per_run_oof
qwen2p5_7b__gsm8k_train_00294_c1d5fdf8__temp0.60__seed7,0.13896330964737344,0.9375,10,per_run_oof
qwen2p5_7b__gsm8k_train_00294_c1d5fdf8__temp1.00__seed7,0.1279474034392792,1.0,10,per_run_oof
qwen2p5_7b__gsm8k_train_00295_9256fde3__temp0.10__seed7,0.21727639313864872,1.0,10,per_run_oof
qwen2p5_7b__gsm8k_train_00295_9256fde3__temp0.60__seed7,0.18525867771882937,,10,per_run_oof
qwen2p5_7b__gsm8k_train_00295_9256fde3__temp1.00__seed7,0.12013641446051966,1.0,10,per_run_oof
qwen2p5_7b__gsm8k_train_00296_9984d811__temp0.10__seed7,0.33818951143618886,,10,per_run_oof
qwen2p5_7b__gsm8k_train_00296_9984d811__temp0.60__seed7,0.25014855450694695,,10,per_run_oof
qwen2p5_7b__gsm8k_train_00296_9984d811__temp1.00__seed7,0.09511793626725361,1.0,10,per_run_oof
qwen2p5_7b__gsm8k_train_00297_5f9c19ec__temp0.10__seed7,0.18700731017704394,,10,per_run_oof
qwen2p5_7b__gsm8k_train_00297_5f9c19ec__temp0.60__seed7,0.24810982471479476,,10,per_run_oof
qwen2p5_7b__gsm8k_train_00297_5f9c19ec__temp1.00__seed7,0.4242369056777296,0.11111111111111116,10,per_run_oof
qwen2p5_7b__gsm8k_train_00298_f172703b__temp0.10__seed7,0.16037621656938203,,10,per_run_oof
qwen2p5_7b__gsm8k_train_00298_f172703b__temp0.60__seed7,0.21533841375836754,,10,per_run_oof
qwen2p5_7b__gsm8k_train_00298_f172703b__temp1.00__seed7,0.1872445674780229,,10,per_run_oof
qwen2p5_7b__gsm8k_train_00299_55e7dd80__temp0.10__seed7,0.16974809934944218,0.8888888888888888,10,per_run_oof
qwen2p5_7b__gsm8k_train_00299_55e7dd80__temp0.60__seed7,0.188742902446819,,10,per_run_oof
qwen2p5_7b__gsm8k_train_00299_55e7dd80__temp1.00__seed7,0.03559697104805928,,10,per_run_oof
qwen2p5_7b__gsm8k_train_00300_178c50e8__temp0.10__seed7,0.2651134713663984,,10,per_run_oof
qwen2p5_7b__gsm8k_train_00300_178c50e8__temp0.60__seed7,0.28078862722453457,,10,per_run_oof
qwen2p5_7b__gsm8k_train_00300_178c50e8__temp1.00__seed7,0.10546743478842546,,10,per_run_oof
qwen2p5_7b__gsm8k_train_00301_b83e6a92__temp0.10__seed7,0.11891025719897585,1.0,10,per_run_oof
qwen2p5_7b__gsm8k_train_00301_b83e6a92__temp0.60__seed7,0.4344163381438797,,10,per_run_oof
qwen2p5_7b__gsm8k_train_00301_b83e6a92__temp1.00__seed7,0.20251889988764044,0.6666666666666667,10,per_run_oof
qwen2p5_7b__gsm8k_train_00302_60d41d6e__temp0.10__seed7,0.1613509623469938,,10,per_run_oof
qwen2p5_7b__gsm8k_train_00302_60d41d6e__temp0.60__seed7,0.10972998020500804,1.0,10,per_run_oof
qwen2p5_7b__gsm8k_train_00302_60d41d6e__temp1.00__seed7,0.17565199117767827,1.0,10,per_run_oof
qwen2p5_7b__gsm8k_train_00303_124e3c96__temp0.10__seed7,0.21313874887775652,,10,per_run_oof
qwen2p5_7b__gsm8k_train_00303_124e3c96__temp0.60__seed7,0.1944521545357398,0.8571428571428571,10,per_run_oof
qwen2p5_7b__gsm8k_train_00303_124e3c96__temp1.00__seed7,0.38512961147020647,,10,per_run_oof
qwen2p5_7b__gsm8k_train_00304_a79860e3__temp0.10__seed7,0.40616296445373584,,10,per_run_oof
qwen2p5_7b__gsm8k_train_00304_a79860e3__temp0.60__seed7,0.4172050011528408,,10,per_run_oof
qwen2p5_7b__gsm8k_train_00304_a79860e3__temp1.00__seed7,0.3809416520081824,,10,per_run_oof
qwen2p5_7b__gsm8k_train_00305_01c6f0cc__temp0.10__seed7,0.18878164557444754,,10,per_run_oof
qwen2p5_7b__gsm8k_train_00305_01c6f0cc__temp0.60__seed7,0.12383860608336332,1.0,10,per_run_oof
qwen2p5_7b__gsm8k_train_00305_01c6f0cc__temp1.00__seed7,0.15362765190607053,1.0,10,per_run_oof
qwen2p5_7b__gsm8k_train_00306_0bff07c6__temp0.10__seed7,0.1403067338728201,1.0,10,per_run_oof
qwen2p5_7b__gsm8k_train_00306_0bff07c6__temp0.60__seed7,0.19416868060882464,,10,per_run_oof
qwen2p5_7b__gsm8k_train_00306_0bff07c6__temp1.00__seed7,0.13815723700404112,1.0,10,per_run_oof
qwen2p5_7b__gsm8k_train_00307_03498a83__temp0.10__seed7,0.154670185000694,,10,per_run_oof
qwen2p5_7b__gsm8k_train_00307_03498a83__temp0.60__seed7,0.1176321163469731,1.0,10,per_run_oof
qwen2p5_7b__gsm8k_train_00307_03498a83__temp1.00__seed7,0.16518535990104807,1.0,10,per_run_oof
qwen2p5_7b__gsm8k_train_00308_70febfd0__temp0.10__seed7,0.05547193722591599,,10,per_run_oof
qwen2p5_7b__gsm8k_train_00308_70febfd0__temp0.60__seed7,0.12288059361781796,,10,per_run_oof
qwen2p5_7b__gsm8k_train_00308_70febfd0__temp1.00__seed7,0.15991850686780906,0.4375,10,per_run_oof
qwen2p5_7b__gsm8k_train_00309_9db599dc__temp0.10__seed7,0.18365194712557065,,10,per_run_oof
qwen2p5_7b__gsm8k_train_00309_9db599dc__temp0.60__seed7,0.1572077738632363,0.8888888888888888,10,per_run_oof
qwen2p5_7b__gsm8k_train_00309_9db599dc__temp1.00__seed7,0.1368757566032128,1.0,10,per_run_oof
qwen2p5_7b__gsm8k_train_00310_a5024a26__temp0.10__seed7,0.47196785440442374,0.11111111111111116,10,per_run_oof
qwen2p5_7b__gsm8k_train_00310_a5024a26__temp0.60__seed7,0.12941317739886124,1.0,10,per_run_oof
qwen2p5_7b__gsm8k_train_00310_a5024a26__temp1.00__seed7,0.16339199818384867,,10,per_run_oof
qwen2p5_7b__gsm8k_train_00311_ec2ac658__temp0.10__seed7,0.07687764771173541,1.0,10,per_run_oof
qwen2p5_7b__gsm8k_train_00311_ec2ac658__temp0.60__seed7,0.28256230767829066,,10,per_run_oof
qwen2p5_7b__gsm8k_train_00311_ec2ac658__temp1.00__seed7,0.15155974921264195,0.8571428571428571,10,per_run_oof
qwen2p5_7b__gsm8k_train_00312_94304b65__temp0.10__seed7,0.18680124822697636,,10,per_run_oof
qwen2p5_7b__gsm8k_train_00312_94304b65__temp0.60__seed7,0.37721605037527045,,10,per_run_oof
qwen2p5_7b__gsm8k_train_00312_94304b65__temp1.00__seed7,0.29565328335951724,,10,per_run_oof
qwen2p5_7b__gsm8k_train_00313_6a078d2b__temp0.10__seed7,0.22719332648294027,0.9166666666666666,10,per_run_oof
qwen2p5_7b__gsm8k_train_00313_6a078d2b__temp0.60__seed7,0.20058971683764973,1.0,10,per_run_oof
qwen2p5_7b__gsm8k_train_00313_6a078d2b__temp1.00__seed7,0.33506850863139725,,10,per_run_oof
qwen2p5_7b__gsm8k_train_00314_8812385c__temp0.10__seed7,0.1831855608541765,,10,per_run_oof
qwen2p5_7b__gsm8k_train_00314_8812385c__temp0.60__seed7,0.3314516664888355,0.33333333333333337,10,per_run_oof
qwen2p5_7b__gsm8k_train_00314_8812385c__temp1.00__seed7,0.16632820551069732,1.0,10,per_run_oof
qwen2p5_7b__gsm8k_train_00315_8d51cd4b__temp0.10__seed7,0.08844681058273228,,10,per_run_oof
qwen2p5_7b__gsm8k_train_00315_8d51cd4b__temp0.60__seed7,0.17466276189112384,0.8888888888888888,10,per_run_oof
qwen2p5_7b__gsm8k_train_00315_8d51cd4b__temp1.00__seed7,0.17989881785499007,1.0,10,per_run_oof
qwen2p5_7b__gsm8k_train_00316_adf25ddf__temp0.10__seed7,0.18188613225780664,0.9375,10,per_run_oof
qwen2p5_7b__gsm8k_train_00316_adf25ddf__temp0.60__seed7,0.16355177062512385,,10,per_run_oof
qwen2p5_7b__gsm8k_train_00316_adf25ddf__temp1.00__seed7,0.12982715073789397,1.0,10,per_run_oof
qwen2p5_7b__gsm8k_train_00317_eaf49e29__temp0.10__seed7,0.17700165708596055,0.9375,10,per_run_oof
qwen2p5_7b__gsm8k_train_00317_eaf49e29__temp0.60__seed7,0.1119504049312742,1.0,10,per_run_oof
qwen2p5_7b__gsm8k_train_00317_eaf49e29__temp1.00__seed7,0.4200583875211417,0.0,10,per_run_oof
qwen2p5_7b__gsm8k_train_00318_d2ad9d17__temp0.10__seed7,0.1970299776301805,0.8888888888888888,10,per_run_oof
qwen2p5_7b__gsm8k_train_00318_d2ad9d17__temp0.60__seed7,0.2291018187071797,0.8888888888888888,10,per_run_oof
qwen2p5_7b__gsm8k_train_00318_d2ad9d17__temp1.00__seed7,0.17116737844126437,0.8888888888888888,10,per_run_oof
qwen2p5_7b__gsm8k_train_00319_4dc76dab__temp0.10__seed7,0.306800864083214,1.0,10,per_run_oof
qwen2p5_7b__gsm8k_train_00319_4dc76dab__temp0.60__seed7,0.401415814274217,0.2222222222222222,10,per_run_oof
qwen2p5_7b__gsm8k_train_00319_4dc76dab__temp1.00__seed7,0.24051070471724056,1.0,10,per_run_oof
qwen2p5_7b__gsm8k_train_00320_c3fdec7a__temp0.10__seed7,0.11124344087292719,1.0,10,per_run_oof
qwen2p5_7b__gsm8k_train_00320_c3fdec7a__temp0.60__seed7,0.16350388976281294,1.0,10,per_run_oof
qwen2p5_7b__gsm8k_train_00320_c3fdec7a__temp1.00__seed7,0.17735754072194765,,10,per_run_oof
qwen2p5_7b__gsm8k_train_00321_0d257b92__temp0.10__seed7,0.12482473319481224,1.0,10,per_run_oof
qwen2p5_7b__gsm8k_train_00321_0d257b92__temp0.60__seed7,0.1533435248075971,0.8888888888888888,10,per_run_oof
qwen2p5_7b__gsm8k_train_00321_0d257b92__temp1.00__seed7,0.14833718383786504,0.9166666666666667,10,per_run_oof
qwen2p5_7b__gsm8k_train_00322_ac2fb126__temp0.10__seed7,0.17673974664109685,,10,per_run_oof
qwen2p5_7b__gsm8k_train_00322_ac2fb126__temp0.60__seed7,0.2503557467453875,,10,per_run_oof
qwen2p5_7b__gsm8k_train_00322_ac2fb126__temp1.00__seed7,0.10338061439548843,1.0,10,per_run_oof
qwen2p5_7b__gsm8k_train_00323_28b39657__temp0.10__seed7,0.1803005841175191,1.0,10,per_run_oof
qwen2p5_7b__gsm8k_train_00323_28b39657__temp0.60__seed7,0.20920131565106037,1.0,10,per_run_oof
qwen2p5_7b__gsm8k_train_00323_28b39657__temp1.00__seed7,0.08880439482836464,1.0,10,per_run_oof
qwen2p5_7b__gsm8k_train_00324_cf13d88a__temp0.10__seed7,0.17579374273151288,,10,per_run_oof
qwen2p5_7b__gsm8k_train_00324_cf13d88a__temp0.60__seed7,0.10592066832678966,1.0,10,per_run_oof
qwen2p5_7b__gsm8k_train_00324_cf13d88a__temp1.00__seed7,0.17615651110622615,0.9375,10,per_run_oof
qwen2p5_7b__gsm8k_train_00325_0a4e70f9__temp0.10__seed7,0.2513989115420737,,10,per_run_oof
qwen2p5_7b__gsm8k_train_00325_0a4e70f9__temp0.60__seed7,0.08431650407745792,1.0,10,per_run_oof
qwen2p5_7b__gsm8k_train_00325_0a4e70f9__temp1.00__seed7,0.3335009018980633,,10,per_run_oof
qwen2p5_7b__gsm8k_train_00326_79a58dec__temp0.10__seed7,0.1718147098880544,,10,per_run_oof
qwen2p5_7b__gsm8k_train_00326_79a58dec__temp0.60__seed7,0.13256802404305665,1.0,10,per_run_oof
qwen2p5_7b__gsm8k_train_00326_79a58dec__temp1.00__seed7,0.2115884790177142,,10,per_run_oof
qwen2p5_7b__gsm8k_train_00327_2b0e1317__temp0.10__seed7,0.1108586239649616,1.0,10,per_run_oof
qwen2p5_7b__gsm8k_train_00327_2b0e1317__temp0.60__seed7,0.10885171402844203,1.0,10,per_run_oof
qwen2p5_7b__gsm8k_train_00327_2b0e1317__temp1.00__seed7,0.12385093512034143,0.9047619047619049,10,per_run_oof
qwen2p5_7b__gsm8k_train_00328_ba349088__temp0.10__seed7,0.40586392337224836,,10,per_run_oof
qwen2p5_7b__gsm8k_train_00328_ba349088__temp0.60__seed7,0.3034501774780297,,10,per_run_oof
qwen2p5_7b__gsm8k_train_00328_ba349088__temp1.00__seed7,0.2260012670979406,,10,per_run_oof
qwen2p5_7b__gsm8k_train_00329_79b43409__temp0.10__seed7,0.10638773497679388,1.0,10,per_run_oof
qwen2p5_7b__gsm8k_train_00329_79b43409__temp0.60__seed7,0.12653307463966543,0.9523809523809524,10,per_run_oof
qwen2p5_7b__gsm8k_train_00329_79b43409__temp1.00__seed7,0.14277503329351873,0.75,10,per_run_oof
qwen2p5_7b__gsm8k_train_00330_58ae1037__temp0.10__seed7,0.241887860351386,,10,per_run_oof
qwen2p5_7b__gsm8k_train_00330_58ae1037__temp0.60__seed7,0.3111692914744025,0.2222222222222222,10,per_run_oof
qwen2p5_7b__gsm8k_train_00330_58ae1037__temp1.00__seed7,0.15465640611040843,0.9047619047619049,10,per_run_oof
qwen2p5_7b__gsm8k_train_00331_7fe14f6a__temp0.10__seed7,0.10653854890158884,1.0,10,per_run_oof
qwen2p5_7b__gsm8k_train_00331_7fe14f6a__temp0.60__seed7,0.17744963084506474,0.9523809523809524,10,per_run_oof
qwen2p5_7b__gsm8k_train_00331_7fe14f6a__temp1.00__seed7,0.1272277262272008,1.0,10,per_run_oof
qwen2p5_7b__gsm8k_train_00332_813d296d__temp0.10__seed7,0.3998183027546449,0.25,10,per_run_oof
qwen2p5_7b__gsm8k_train_00332_813d296d__temp0.60__seed7,0.23890227300519168,,10,per_run_oof
qwen2p5_7b__gsm8k_train_00332_813d296d__temp1.00__seed7,0.0892024828558023,1.0,10,per_run_oof
qwen2p5_7b__gsm8k_train_00333_97556f60__temp0.10__seed7,0.12522070466114255,0.9583333333333334,10,per_run_oof
qwen2p5_7b__gsm8k_train_00333_97556f60__temp0.60__seed7,0.32962981611932657,,10,per_run_oof
qwen2p5_7b__gsm8k_train_00333_97556f60__temp1.00__seed7,0.1344932477552534,0.9523809523809524,10,per_run_oof
qwen2p5_7b__gsm8k_train_00334_4fd8b54a__temp0.10__seed7,0.31557112181266816,0.2222222222222222,10,per_run_oof
qwen2p5_7b__gsm8k_train_00334_4fd8b54a__temp0.60__seed7,0.12574625845661677,1.0,10,per_run_oof
qwen2p5_7b__gsm8k_train_00334_4fd8b54a__temp1.00__seed7,0.1633898305636336,1.0,10,per_run_oof
qwen2p5_7b__gsm8k_train_00335_349160c7__temp0.10__seed7,0.07279074383117186,1.0,10,per_run_oof
qwen2p5_7b__gsm8k_train_00335_349160c7__temp0.60__seed7,0.11116021470218149,1.0,10,per_run_oof
qwen2p5_7b__gsm8k_train_00335_349160c7__temp1.00__seed7,0.3060748347316001,,10,per_run_oof
qwen2p5_7b__gsm8k_train_00336_90686554__temp0.10__seed7,0.236569145942642,0.7083333333333334,10,per_run_oof
qwen2p5_7b__gsm8k_train_00336_90686554__temp0.60__seed7,0.0639379231877459,1.0,10,per_run_oof
qwen2p5_7b__gsm8k_train_00336_90686554__temp1.00__seed7,0.18476956638371717,0.8571428571428571,10,per_run_oof
qwen2p5_7b__gsm8k_train_00337_dec731e3__temp0.10__seed7,0.33711929761866694,,10,per_run_oof
qwen2p5_7b__gsm8k_train_00337_dec731e3__temp0.60__seed7,0.22502760725826673,,10,per_run_oof
qwen2p5_7b__gsm8k_train_00337_dec731e3__temp1.00__seed7,0.10014695701363163,1.0,10,per_run_oof
qwen2p5_7b__gsm8k_train_00338_8e51689a__temp0.10__seed7,0.3338534411190362,,10,per_run_oof
qwen2p5_7b__gsm8k_train_00338_8e51689a__temp0.60__seed7,0.25228072710880867,,10,per_run_oof
qwen2p5_7b__gsm8k_train_00338_8e51689a__temp1.00__seed7,0.11098011878154199,0.9583333333333334,10,per_run_oof
qwen2p5_7b__gsm8k_train_00339_2142a2f1__temp0.10__seed7,0.10528262285441167,1.0,10,per_run_oof
qwen2p5_7b__gsm8k_train_00339_2142a2f1__temp0.60__seed7,0.0860121523074893,1.0,10,per_run_oof
qwen2p5_7b__gsm8k_train_00339_2142a2f1__temp1.00__seed7,0.16974440645933658,,10,per_run_oof
qwen2p5_7b__gsm8k_train_00340_c2a10e75__temp0.10__seed7,0.1833459837541172,0.8888888888888888,10,per_run_oof
qwen2p5_7b__gsm8k_train_00340_c2a10e75__temp0.60__seed7,0.3738973845409078,0.0,10,per_run_oof
qwen2p5_7b__gsm8k_train_00340_c2a10e75__temp1.00__seed7,0.20843996351593902,0.8888888888888888,10,per_run_oof
qwen2p5_7b__gsm8k_train_00341_d44d6a9d__temp0.10__seed7,0.14547502883995586,1.0,10,per_run_oof
qwen2p5_7b__gsm8k_train_00341_d44d6a9d__temp0.60__seed7,0.31492818195985656,,10,per_run_oof
qwen2p5_7b__gsm8k_train_00341_d44d6a9d__temp1.00__seed7,0.23190194625745061,,10,per_run_oof
qwen2p5_7b__gsm8k_train_00342_82ac83d7__temp0.10__seed7,0.34372228948677763,,10,per_run_oof
qwen2p5_7b__gsm8k_train_00342_82ac83d7__temp0.60__seed7,0.129118636763239,,10,per_run_oof
qwen2p5_7b__gsm8k_train_00342_82ac83d7__temp1.00__seed7,0.36875985458169874,,10,per_run_oof
qwen2p5_7b__gsm8k_train_00343_98ddd971__temp0.10__seed7,0.2117651784353159,0.75,10,per_run_oof
qwen2p5_7b__gsm8k_train_00343_98ddd971__temp0.60__seed7,0.12188443174289265,1.0,10,per_run_oof
qwen2p5_7b__gsm8k_train_00343_98ddd971__temp1.00__seed7,0.20834252870836684,0.875,10,per_run_oof
qwen2p5_7b__gsm8k_train_00344_5597dc05__temp0.10__seed7,0.10329973148891866,1.0,10,per_run_oof
qwen2p5_7b__gsm8k_train_00344_5597dc05__temp0.60__seed7,0.09266571149565016,1.0,10,per_run_oof
qwen2p5_7b__gsm8k_train_00344_5597dc05__temp1.00__seed7,0.16665492576865434,0.8888888888888888,10,per_run_oof
qwen2p5_7b__gsm8k_train_00345_b58843e4__temp0.10__seed7,0.1814125471733103,1.0,10,per_run_oof
qwen2p5_7b__gsm8k_train_00345_b58843e4__temp0.60__seed7,0.11537916595116895,1.0,10,per_run_oof
qwen2p5_7b__gsm8k_train_00345_b58843e4__temp1.00__seed7,0.1466543852815685,,10,per_run_oof
qwen2p5_7b__gsm8k_train_00346_72d3639f__temp0.10__seed7,0.11018825540845412,1.0,10,per_run_oof
qwen2p5_7b__gsm8k_train_00346_72d3639f__temp0.60__seed7,0.40425349053877896,,10,per_run_oof
qwen2p5_7b__gsm8k_train_00346_72d3639f__temp1.00__seed7,0.36663140450560366,,10,per_run_oof
qwen2p5_7b__gsm8k_train_00347_6074969f__temp0.10__seed7,0.19506977953658208,0.875,10,per_run_oof
qwen2p5_7b__gsm8k_train_00347_6074969f__temp0.60__seed7,0.14531982216232447,0.8888888888888888,10,per_run_oof
qwen2p5_7b__gsm8k_train_00347_6074969f__temp1.00__seed7,0.14367106625806478,,10,per_run_oof
qwen2p5_7b__gsm8k_train_00348_85a85ec9__temp0.10__seed7,0.3914945630281138,,10,per_run_oof
qwen2p5_7b__gsm8k_train_00348_85a85ec9__temp0.60__seed7,0.25560258948293985,,10,per_run_oof
qwen2p5_7b__gsm8k_train_00348_85a85ec9__temp1.00__seed7,0.3554212150150298,,10,per_run_oof
qwen2p5_7b__gsm8k_train_00349_40a4ab0b__temp0.10__seed7,0.18331582394802276,1.0,10,per_run_oof
qwen2p5_7b__gsm8k_train_00349_40a4ab0b__temp0.60__seed7,0.12674596178955552,1.0,10,per_run_oof
qwen2p5_7b__gsm8k_train_00349_40a4ab0b__temp1.00__seed7,0.38266698191393017,,10,per_run_oof
qwen2p5_7b__gsm8k_train_00350_7c77c8f5__temp0.10__seed7,0.39850311832998775,,10,per_run_oof
qwen2p5_7b__gsm8k_train_00350_7c77c8f5__temp0.60__seed7,0.19895999383113025,,10,per_run_oof
qwen2p5_7b__gsm8k_train_00350_7c77c8f5__temp1.00__seed7,0.19839626322500614,0.875,10,per_run_oof
qwen2p5_7b__gsm8k_train_00351_bff889e2__temp0.10__seed7,0.2548472700970503,,10,per_run_oof
qwen2p5_7b__gsm8k_train_00351_bff889e2__temp0.60__seed7,0.1578841444909257,0.9523809523809524,10,per_run_oof
qwen2p5_7b__gsm8k_train_00351_bff889e2__temp1.00__seed7,0.171151135357337,0.6666666666666666,10,per_run_oof
qwen2p5_7b__gsm8k_train_00352_70898572__temp0.10__seed7,0.13282381291957496,0.8888888888888888,10,per_run_oof
qwen2p5_7b__gsm8k_train_00352_70898572__temp0.60__seed7,0.1705121728562516,,10,per_run_oof
qwen2p5_7b__gsm8k_train_00352_70898572__temp1.00__seed7,0.3593096762087536,,10,per_run_oof
qwen2p5_7b__gsm8k_train_00353_97c9dd71__temp0.10__seed7,0.12737244097494613,0.9523809523809524,10,per_run_oof
qwen2p5_7b__gsm8k_train_00353_97c9dd71__temp0.60__seed7,0.22801926702196473,,10,per_run_oof
qwen2p5_7b__gsm8k_train_00353_97c9dd71__temp1.00__seed7,0.0956333250958979,1.0,10,per_run_oof
qwen2p5_7b__gsm8k_train_00354_2d7cee2e__temp0.10__seed7,0.305862588434547,,10,per_run_oof
qwen2p5_7b__gsm8k_train_00354_2d7cee2e__temp0.60__seed7,0.11442561409064322,,10,per_run_oof
qwen2p5_7b__gsm8k_train_00354_2d7cee2e__temp1.00__seed7,0.24117347318077612,,10,per_run_oof
qwen2p5_7b__gsm8k_train_00355_3e0d1c11__temp0.10__seed7,0.1211902030093712,1.0,10,per_run_oof
qwen2p5_7b__gsm8k_train_00355_3e0d1c11__temp0.60__seed7,0.15472605012589485,,10,per_run_oof
qwen2p5_7b__gsm8k_train_00355_3e0d1c11__temp1.00__seed7,0.10041041008193503,1.0,10,per_run_oof
qwen2p5_7b__gsm8k_train_00356_02b693ce__temp0.10__seed7,0.1615469606448766,0.9166666666666667,10,per_run_oof
qwen2p5_7b__gsm8k_train_00356_02b693ce__temp0.60__seed7,0.14458563676594727,1.0,10,per_run_oof
qwen2p5_7b__gsm8k_train_00356_02b693ce__temp1.00__seed7,0.21278151711514828,,10,per_run_oof
qwen2p5_7b__gsm8k_train_00357_c0c69aad__temp0.10__seed7,0.09361246349741274,1.0,10,per_run_oof
qwen2p5_7b__gsm8k_train_00357_c0c69aad__temp0.60__seed7,0.17484501959860552,0.7083333333333334,10,per_run_oof
qwen2p5_7b__gsm8k_train_00357_c0c69aad__temp1.00__seed7,0.26715763810631615,,10,per_run_oof
qwen2p5_7b__gsm8k_train_00358_925744af__temp0.10__seed7,0.13349163439400583,1.0,10,per_run_oof
qwen2p5_7b__gsm8k_train_00358_925744af__temp0.60__seed7,0.10344456045450472,1.0,10,per_run_oof
qwen2p5_7b__gsm8k_train_00358_925744af__temp1.00__seed7,0.12418501322724287,1.0,10,per_run_oof
qwen2p5_7b__gsm8k_train_00359_b6b01a67__temp0.10__seed7,0.39648841522057665,,10,per_run_oof
qwen2p5_7b__gsm8k_train_00359_b6b01a67__temp0.60__seed7,0.16142420525206108,0.8888888888888888,10,per_run_oof
qwen2p5_7b__gsm8k_train_00359_b6b01a67__temp1.00__seed7,0.4079074400774174,,10,per_run_oof
qwen2p5_7b__gsm8k_train_00360_2fd5df74__temp0.10__seed7,0.20539730011462187,,10,per_run_oof
qwen2p5_7b__gsm8k_train_00360_2fd5df74__temp0.60__seed7,0.21071651241841502,,10,per_run_oof
qwen2p5_7b__gsm8k_train_00360_2fd5df74__temp1.00__seed7,0.08885960452128565,1.0,10,per_run_oof
qwen2p5_7b__gsm8k_train_00361_5f1cfbfb__temp0.10__seed7,0.18557757771015182,,10,per_run_oof
qwen2p5_7b__gsm8k_train_00361_5f1cfbfb__temp0.60__seed7,0.11225214065123482,1.0,10,per_run_oof
qwen2p5_7b__gsm8k_train_00361_5f1cfbfb__temp1.00__seed7,0.3173387398485724,,10,per_run_oof
qwen2p5_7b__gsm8k_train_00362_5a048f5c__temp0.10__seed7,0.2429521645410638,0.5714285714285715,10,per_run_oof
qwen2p5_7b__gsm8k_train_00362_5a048f5c__temp0.60__seed7,0.17539950181301173,0.8571428571428571,10,per_run_oof
qwen2p5_7b__gsm8k_train_00362_5a048f5c__temp1.00__seed7,0.22420035496613896,0.9375,10,per_run_oof
qwen2p5_7b__gsm8k_train_00363_66409a67__temp0.10__seed7,0.27517994566277226,,10,per_run_oof
qwen2p5_7b__gsm8k_train_00363_66409a67__temp0.60__seed7,0.09935444185673298,1.0,10,per_run_oof
qwen2p5_7b__gsm8k_train_00363_66409a67__temp1.00__seed7,0.30084026465950425,,10,per_run_oof
qwen2p5_7b__gsm8k_train_00364_1d8c1668__temp0.10__seed7,0.08483019276680824,1.0,10,per_run_oof
qwen2p5_7b__gsm8k_train_00364_1d8c1668__temp0.60__seed7,0.41552376494340393,0.11111111111111116,10,per_run_oof
qwen2p5_7b__gsm8k_train_00364_1d8c1668__temp1.00__seed7,0.40155390151054415,0.2222222222222222,10,per_run_oof
qwen2p5_7b__gsm8k_train_00365_c44d2e28__temp0.10__seed7,0.10638039395419974,1.0,10,per_run_oof
qwen2p5_7b__gsm8k_train_00365_c44d2e28__temp0.60__seed7,0.15715000042450716,0.8888888888888888,10,per_run_oof
qwen2p5_7b__gsm8k_train_00365_c44d2e28__temp1.00__seed7,0.21846709184252924,,10,per_run_oof
qwen2p5_7b__gsm8k_train_00366_d7a09b1d__temp0.10__seed7,0.16248081475984516,1.0,10,per_run_oof
qwen2p5_7b__gsm8k_train_00366_d7a09b1d__temp0.60__seed7,0.19152305318764778,0.9523809523809524,10,per_run_oof
qwen2p5_7b__gsm8k_train_00366_d7a09b1d__temp1.00__seed7,0.3821153028302237,0.11111111111111116,10,per_run_oof
qwen2p5_7b__gsm8k_train_00367_03038fa7__temp0.10__seed7,0.09112566321443119,1.0,10,per_run_oof
qwen2p5_7b__gsm8k_train_00367_03038fa7__temp0.60__seed7,0.16023055762718472,,10,per_run_oof
qwen2p5_7b__gsm8k_train_00367_03038fa7__temp1.00__seed7,0.14406974228713307,,10,per_run_oof
qwen2p5_7b__gsm8k_train_00368_e2816e32__temp0.10__seed7,0.17700810066325084,,10,per_run_oof
qwen2p5_7b__gsm8k_train_00368_e2816e32__temp0.60__seed7,0.1771166232482014,,10,per_run_oof
qwen2p5_7b__gsm8k_train_00368_e2816e32__temp1.00__seed7,0.14312759312391604,1.0,10,per_run_oof
qwen2p5_7b__gsm8k_train_00369_60cbcca3__temp0.10__seed7,0.06983133902902608,1.0,10,per_run_oof
qwen2p5_7b__gsm8k_train_00369_60cbcca3__temp0.60__seed7,0.3886844481566317,0.2222222222222222,10,per_run_oof
qwen2p5_7b__gsm8k_train_00369_60cbcca3__temp1.00__seed7,0.2245080181812628,,10,per_run_oof
qwen2p5_7b__gsm8k_train_00370_09e34bf5__temp0.10__seed7,0.09677708504827738,1.0,10,per_run_oof
qwen2p5_7b__gsm8k_train_00370_09e34bf5__temp0.60__seed7,0.2965478390960969,,10,per_run_oof
qwen2p5_7b__gsm8k_train_00370_09e34bf5__temp1.00__seed7,0.39100921299385805,,10,per_run_oof
qwen2p5_7b__gsm8k_train_00371_4fc432bd__temp0.10__seed7,0.19509387513688192,,10,per_run_oof
qwen2p5_7b__gsm8k_train_00371_4fc432bd__temp0.60__seed7,0.15200644476548594,,10,per_run_oof
qwen2p5_7b__gsm8k_train_00371_4fc432bd__temp1.00__seed7,0.07910665048214241,,10,per_run_oof
qwen2p5_7b__gsm8k_train_00372_9da1f8f3__temp0.10__seed7,0.07970967358008346,1.0,10,per_run_oof
qwen2p5_7b__gsm8k_train_00372_9da1f8f3__temp0.60__seed7,0.10707574835650202,1.0,10,per_run_oof
qwen2p5_7b__gsm8k_train_00372_9da1f8f3__temp1.00__seed7,0.20510716020780745,1.0,10,per_run_oof
qwen2p5_7b__gsm8k_train_00373_91efe6ba__temp0.10__seed7,0.18579834521498934,,10,per_run_oof
qwen2p5_7b__gsm8k_train_00373_91efe6ba__temp0.60__seed7,0.17566286600693906,,10,per_run_oof
qwen2p5_7b__gsm8k_train_00373_91efe6ba__temp1.00__seed7,0.13590075735599666,1.0,10,per_run_oof
qwen2p5_7b__gsm8k_train_00374_a42b4164__temp0.10__seed7,0.11837198703013138,0.0,10,per_run_oof
qwen2p5_7b__gsm8k_train_00374_a42b4164__temp0.60__seed7,0.2933890873328867,,10,per_run_oof
qwen2p5_7b__gsm8k_train_00374_a42b4164__temp1.00__seed7,0.18554236813344635,,10,per_run_oof
qwen2p5_7b__gsm8k_train_00375_30405a9a__temp0.10__seed7,0.1753604156173384,0.9047619047619049,10,per_run_oof
qwen2p5_7b__gsm8k_train_00375_30405a9a__temp0.60__seed7,0.1855690418608093,0.7142857142857144,10,per_run_oof
qwen2p5_7b__gsm8k_train_00375_30405a9a__temp1.00__seed7,0.24073448305060122,0.0,10,per_run_oof
qwen2p5_7b__gsm8k_train_00376_daad0e07__temp0.10__seed7,0.16850812861416645,,10,per_run_oof
qwen2p5_7b__gsm8k_train_00376_daad0e07__temp0.60__seed7,0.12843292327990896,0.9583333333333334,10,per_run_oof
qwen2p5_7b__gsm8k_train_00376_daad0e07__temp1.00__seed7,0.14760490446156008,0.8888888888888888,10,per_run_oof
qwen2p5_7b__gsm8k_train_00377_24b68c3f__temp0.10__seed7,0.12452599533064837,1.0,10,per_run_oof
qwen2p5_7b__gsm8k_train_00377_24b68c3f__temp0.60__seed7,0.19632594127628317,,10,per_run_oof
qwen2p5_7b__gsm8k_train_00377_24b68c3f__temp1.00__seed7,0.1821812364344904,0.9047619047619048,10,per_run_oof
qwen2p5_7b__gsm8k_train_00378_a9b0ebbb__temp0.10__seed7,0.24824406531012028,,10,per_run_oof
qwen2p5_7b__gsm8k_train_00378_a9b0ebbb__temp0.60__seed7,0.12495648085124456,1.0,10,per_run_oof
qwen2p5_7b__gsm8k_train_00378_a9b0ebbb__temp1.00__seed7,0.1010968664260816,1.0,10,per_run_oof
qwen2p5_7b__gsm8k_train_00379_e82d6336__temp0.10__seed7,0.1659476522013299,0.8888888888888888,10,per_run_oof
qwen2p5_7b__gsm8k_train_00379_e82d6336__temp0.60__seed7,0.12803921459824785,1.0,10,per_run_oof
qwen2p5_7b__gsm8k_train_00379_e82d6336__temp1.00__seed7,0.15270861438736885,0.8888888888888888,10,per_run_oof
qwen2p5_7b__gsm8k_train_00380_1506e400__temp0.10__seed7,0.32020045346022075,,10,per_run_oof
qwen2p5_7b__gsm8k_train_00380_1506e400__temp0.60__seed7,0.15634875399328374,0.9166666666666667,10,per_run_oof
qwen2p5_7b__gsm8k_train_00380_1506e400__temp1.00__seed7,0.14859607442585854,0.8333333333333334,10,per_run_oof
qwen2p5_7b__gsm8k_train_00381_884ab0e4__temp0.10__seed7,0.2053559501162487,0.8888888888888888,10,per_run_oof
qwen2p5_7b__gsm8k_train_00381_884ab0e4__temp0.60__seed7,0.11967844113121187,0.92,10,per_run_oof
qwen2p5_7b__gsm8k_train_00381_884ab0e4__temp1.00__seed7,0.06762531329091528,1.0,10,per_run_oof
qwen2p5_7b__gsm8k_train_00382_9d509a52__temp0.10__seed7,0.10873762568198349,1.0,10,per_run_oof
qwen2p5_7b__gsm8k_train_00382_9d509a52__temp0.60__seed7,0.3567105789361259,,10,per_run_oof
qwen2p5_7b__gsm8k_train_00382_9d509a52__temp1.00__seed7,0.13202738901926972,1.0,10,per_run_oof
qwen2p5_7b__gsm8k_train_00383_1b46d27c__temp0.10__seed7,0.32149751538727306,0.11111111111111116,10,per_run_oof
qwen2p5_7b__gsm8k_train_00383_1b46d27c__temp0.60__seed7,0.4045356231557428,0.125,10,per_run_oof
qwen2p5_7b__gsm8k_train_00383_1b46d27c__temp1.00__seed7,0.29548184026068636,,10,per_run_oof
qwen2p5_7b__gsm8k_train_00384_30d9094c__temp0.10__seed7,0.114319938142912,1.0,10,per_run_oof
qwen2p5_7b__gsm8k_train_00384_30d9094c__temp0.60__seed7,0.10491933748347207,1.0,10,per_run_oof
qwen2p5_7b__gsm8k_train_00384_30d9094c__temp1.00__seed7,0.14766325034721398,,10,per_run_oof
qwen2p5_7b__gsm8k_train_00385_e90b6c3f__temp0.10__seed7,0.2011915752435097,,10,per_run_oof
qwen2p5_7b__gsm8k_train_00385_e90b6c3f__temp0.60__seed7,0.2141600566637034,,10,per_run_oof
qwen2p5_7b__gsm8k_train_00385_e90b6c3f__temp1.00__seed7,0.23347798314081603,0.875,10,per_run_oof
qwen2p5_7b__gsm8k_train_00386_3c2fb65d__temp0.10__seed7,0.3564148557289609,,10,per_run_oof
qwen2p5_7b__gsm8k_train_00386_3c2fb65d__temp0.60__seed7,0.08745623854907003,1.0,10,per_run_oof
qwen2p5_7b__gsm8k_train_00386_3c2fb65d__temp1.00__seed7,0.20055329626403556,1.0,10,per_run_oof
qwen2p5_7b__gsm8k_train_00387_cf5267dd__temp0.10__seed7,0.15927692162002946,,10,per_run_oof
qwen2p5_7b__gsm8k_train_00387_cf5267dd__temp0.60__seed7,0.17321017826513857,1.0,10,per_run_oof
qwen2p5_7b__gsm8k_train_00387_cf5267dd__temp1.00__seed7,0.1669247878020288,0.8888888888888888,10,per_run_oof
qwen2p5_7b__gsm8k_train_00388_43aa6ebe__temp0.10__seed7,0.12248513859093384,1.0,10,per_run_oof
qwen2p5_7b__gsm8k_train_00388_43aa6ebe__temp0.60__seed7,0.1804835177658249,,10,per_run_oof
qwen2p5_7b__gsm8k_train_00388_43aa6ebe__temp1.00__seed7,0.264605777852386,,10,per_run_oof
qwen2p5_7b__gsm8k_train_00389_7aa25187__temp0.10__seed7,0.6530377041062237,,10,per_run_oof
qwen2p5_7b__gsm8k_train_00389_7aa25187__temp0.60__seed7,0.08066277794134745,1.0,10,per_run_oof
qwen2p5_7b__gsm8k_train_00389_7aa25187__temp1.00__seed7,0.14514933599052432,1.0,10,per_run_oof
qwen2p5_7b__gsm8k_train_00390_b245c9c3__temp0.10__seed7,0.1558980895248155,0.875,10,per_run_oof
qwen2p5_7b__gsm8k_train_00390_b245c9c3__temp0.60__seed7,0.4328221105719675,0.0,10,per_run_oof
qwen2p5_7b__gsm8k_train_00390_b245c9c3__temp1.00__seed7,0.3063308876909489,0.4444444444444444,10,per_run_oof
qwen2p5_7b__gsm8k_train_00391_0b488089__temp0.10__seed7,0.1671094980677818,0.8888888888888888,10,per_run_oof
qwen2p5_7b__gsm8k_train_00391_0b488089__temp0.60__seed7,0.14064850898061304,0.8888888888888888,10,per_run_oof
qwen2p5_7b__gsm8k_train_00391_0b488089__temp1.00__seed7,0.4979837852348455,0.2222222222222222,10,per_run_oof
qwen2p5_7b__gsm8k_train_00392_7292120b__temp0.10__seed7,0.47783758836074003,,10,per_run_oof
qwen2p5_7b__gsm8k_train_00392_7292120b__temp0.60__seed7,0.31224868288735713,,10,per_run_oof
qwen2p5_7b__gsm8k_train_00392_7292120b__temp1.00__seed7,0.3952993317008689,,10,per_run_oof
qwen2p5_7b__gsm8k_train_00393_6dac68bf__temp0.10__seed7,0.09919806024927015,1.0,10,per_run_oof
qwen2p5_7b__gsm8k_train_00393_6dac68bf__temp0.60__seed7,0.15269802573698882,0.92,10,per_run_oof
qwen2p5_7b__gsm8k_train_00393_6dac68bf__temp1.00__seed7,0.1531619898343855,1.0,10,per_run_oof
qwen2p5_7b__gsm8k_train_00394_d2de2460__temp0.10__seed7,0.337898168969453,0.08000000000000002,10,per_run_oof
qwen2p5_7b__gsm8k_train_00394_d2de2460__temp0.60__seed7,0.3594269417616457,0.4444444444444444,10,per_run_oof
qwen2p5_7b__gsm8k_train_00394_d2de2460__temp1.00__seed7,0.22418964075566036,,10,per_run_oof
qwen2p5_7b__gsm8k_train_00395_75332737__temp0.10__seed7,0.41047603849067765,0.2222222222222222,10,per_run_oof
qwen2p5_7b__gsm8k_train_00395_75332737__temp0.60__seed7,0.30947294483596965,,10,per_run_oof
qwen2p5_7b__gsm8k_train_00395_75332737__temp1.00__seed7,0.33390928634402817,0.2222222222222222,10,per_run_oof
qwen2p5_7b__gsm8k_train_00396_4f079d9e__temp0.10__seed7,0.17698898741113078,,10,per_run_oof
qwen2p5_7b__gsm8k_train_00396_4f079d9e__temp0.60__seed7,0.09916232956383789,1.0,10,per_run_oof
qwen2p5_7b__gsm8k_train_00396_4f079d9e__temp1.00__seed7,0.15511201464311103,,10,per_run_oof
qwen2p5_7b__gsm8k_train_00397_c7651224__temp0.10__seed7,0.3483782437480736,,10,per_run_oof
qwen2p5_7b__gsm8k_train_00397_c7651224__temp0.60__seed7,0.13971441215664188,1.0,10,per_run_oof
qwen2p5_7b__gsm8k_train_00397_c7651224__temp1.00__seed7,0.19826163468359057,0.5625,10,per_run_oof
qwen2p5_7b__gsm8k_train_00398_bbdd9761__temp0.10__seed7,0.1119016980735504,1.0,10,per_run_oof
qwen2p5_7b__gsm8k_train_00398_bbdd9761__temp0.60__seed7,0.2166391961500281,,10,per_run_oof
qwen2p5_7b__gsm8k_train_00398_bbdd9761__temp1.00__seed7,0.20702284007634955,,10,per_run_oof
qwen2p5_7b__gsm8k_train_00399_d3221990__temp0.10__seed7,0.14003310241125952,,10,per_run_oof
qwen2p5_7b__gsm8k_train_00399_d3221990__temp0.60__seed7,0.17721181234561417,1.0,10,per_run_oof
qwen2p5_7b__gsm8k_train_00399_d3221990__temp1.00__seed7,0.13641086595167845,0.8888888888888888,10,per_run_oof
qwen2p5_7b__gsm8k_train_00400_fd55d0dd__temp0.10__seed7,0.14698941306807375,1.0,10,per_run_oof
qwen2p5_7b__gsm8k_train_00400_fd55d0dd__temp0.60__seed7,0.14011842636939636,1.0,10,per_run_oof
qwen2p5_7b__gsm8k_train_00400_fd55d0dd__temp1.00__seed7,0.10502476070100912,1.0,10,per_run_oof
qwen2p5_7b__gsm8k_train_00401_73bcf4f9__temp0.10__seed7,0.33071395796685005,,10,per_run_oof
qwen2p5_7b__gsm8k_train_00401_73bcf4f9__temp0.60__seed7,0.3408493427242627,,10,per_run_oof
qwen2p5_7b__gsm8k_train_00401_73bcf4f9__temp1.00__seed7,0.205198832506322,,10,per_run_oof
qwen2p5_7b__gsm8k_train_00402_02520dd6__temp0.10__seed7,0.46477178394234564,,10,per_run_oof
qwen2p5_7b__gsm8k_train_00402_02520dd6__temp0.60__seed7,0.42313811352046515,,10,per_run_oof
qwen2p5_7b__gsm8k_train_00402_02520dd6__temp1.00__seed7,0.3497720391722622,,10,per_run_oof
qwen2p5_7b__gsm8k_train_00403_26dd39d5__temp0.10__seed7,0.2232723426691435,,10,per_run_oof
qwen2p5_7b__gsm8k_train_00403_26dd39d5__temp0.60__seed7,0.2774946467043324,,10,per_run_oof
qwen2p5_7b__gsm8k_train_00403_26dd39d5__temp1.00__seed7,0.025321484904434716,,10,per_run_oof
qwen2p5_7b__gsm8k_train_00404_73da7140__temp0.10__seed7,0.0696540267008275,1.0,10,per_run_oof
qwen2p5_7b__gsm8k_train_00404_73da7140__temp0.60__seed7,0.0817581303458527,1.0,10,per_run_oof
qwen2p5_7b__gsm8k_train_00404_73da7140__temp1.00__seed7,0.15171261356362026,0.875,10,per_run_oof
qwen2p5_7b__gsm8k_train_00405_dc16c140__temp0.10__seed7,0.3117505610151687,,10,per_run_oof
qwen2p5_7b__gsm8k_train_00405_dc16c140__temp0.60__seed7,0.16564436365560856,0.8888888888888888,10,per_run_oof
qwen2p5_7b__gsm8k_train_00405_dc16c140__temp1.00__seed7,0.1296837503457186,1.0,10,per_run_oof
qwen2p5_7b__gsm8k_train_00406_5b2205dd__temp0.10__seed7,0.11949627658706466,,10,per_run_oof
qwen2p5_7b__gsm8k_train_00406_5b2205dd__temp0.60__seed7,0.0933746470376716,1.0,10,per_run_oof
qwen2p5_7b__gsm8k_train_00406_5b2205dd__temp1.00__seed7,0.29726078945065465,,10,per_run_oof
qwen2p5_7b__gsm8k_train_00407_3ad5864c__temp0.10__seed7,0.1595722638335127,1.0,10,per_run_oof
qwen2p5_7b__gsm8k_train_00407_3ad5864c__temp0.60__seed7,0.13730355701218025,1.0,10,per_run_oof
qwen2p5_7b__gsm8k_train_00407_3ad5864c__temp1.00__seed7,0.11644891842916268,1.0,10,per_run_oof
qwen2p5_7b__gsm8k_train_00408_8347f884__temp0.10__seed7,0.1024515039305676,1.0,10,per_run_oof
qwen2p5_7b__gsm8k_train_00408_8347f884__temp0.60__seed7,0.24905916263142527,,10,per_run_oof
qwen2p5_7b__gsm8k_train_00408_8347f884__temp1.00__seed7,0.18441885717526457,,10,per_run_oof
qwen2p5_7b__gsm8k_train_00409_8d884dfc__temp0.10__seed7,0.1052194615132225,1.0,10,per_run_oof
qwen2p5_7b__gsm8k_train_00409_8d884dfc__temp0.60__seed7,0.20364810388939839,0.875,10,per_run_oof
qwen2p5_7b__gsm8k_train_00409_8d884dfc__temp1.00__seed7,0.14053944235239335,0.9375,10,per_run_oof
qwen2p5_7b__gsm8k_train_00410_14ef17d8__temp0.10__seed7,0.12462020595119754,1.0,10,per_run_oof
qwen2p5_7b__gsm8k_train_00410_14ef17d8__temp0.60__seed7,0.37509949184353025,0.11111111111111116,10,per_run_oof
qwen2p5_7b__gsm8k_train_00410_14ef17d8__temp1.00__seed7,0.2062831928503514,0.875,10,per_run_oof
qwen2p5_7b__gsm8k_train_00411_de717ea7__temp0.10__seed7,0.2601798597736091,,10,per_run_oof
qwen2p5_7b__gsm8k_train_00411_de717ea7__temp0.60__seed7,0.10840121463531723,1.0,10,per_run_oof
qwen2p5_7b__gsm8k_train_00411_de717ea7__temp1.00__seed7,0.3465802021155341,,10,per_run_oof
qwen2p5_7b__gsm8k_train_00412_12a34ea6__temp0.10__seed7,0.11310105309778425,1.0,10,per_run_oof
qwen2p5_7b__gsm8k_train_00412_12a34ea6__temp0.60__seed7,0.1567204650116653,1.0,10,per_run_oof
qwen2p5_7b__gsm8k_train_00412_12a34ea6__temp1.00__seed7,0.20836262362992083,0.9375,10,per_run_oof
qwen2p5_7b__gsm8k_train_00413_c3d9270d__temp0.10__seed7,0.14527921904745816,1.0,10,per_run_oof
qwen2p5_7b__gsm8k_train_00413_c3d9270d__temp0.60__seed7,0.13334695332026164,0.875,10,per_run_oof
qwen2p5_7b__gsm8k_train_00413_c3d9270d__temp1.00__seed7,0.14879161090735735,0.8888888888888888,10,per_run_oof
qwen2p5_7b__gsm8k_train_00414_b10ff9e0__temp0.10__seed7,0.5966445867286599,,10,per_run_oof
qwen2p5_7b__gsm8k_train_00414_b10ff9e0__temp0.60__seed7,0.177171310496282,,10,per_run_oof
qwen2p5_7b__gsm8k_train_00414_b10ff9e0__temp1.00__seed7,0.1671161709106845,,10,per_run_oof
qwen2p5_7b__gsm8k_train_00415_6bcafdd7__temp0.10__seed7,0.26840123954421174,,10,per_run_oof
qwen2p5_7b__gsm8k_train_00415_6bcafdd7__temp0.60__seed7,0.1949941459850612,,10,per_run_oof
qwen2p5_7b__gsm8k_train_00415_6bcafdd7__temp1.00__seed7,0.12182729574916248,,10,per_run_oof
qwen2p5_7b__gsm8k_train_00416_5d47aa5a__temp0.10__seed7,0.11916252735898539,1.0,10,per_run_oof
qwen2p5_7b__gsm8k_train_00416_5d47aa5a__temp0.60__seed7,0.13967081020268407,1.0,10,per_run_oof
qwen2p5_7b__gsm8k_train_00416_5d47aa5a__temp1.00__seed7,0.13012735785233137,1.0,10,per_run_oof
qwen2p5_7b__gsm8k_train_00417_5fc1dcc0__temp0.10__seed7,0.2811804210396144,,10,per_run_oof
qwen2p5_7b__gsm8k_train_00417_5fc1dcc0__temp0.60__seed7,0.3488567544331529,,10,per_run_oof
qwen2p5_7b__gsm8k_train_00417_5fc1dcc0__temp1.00__seed7,0.1582254626148877,1.0,10,per_run_oof
qwen2p5_7b__gsm8k_train_00418_a3a9a679__temp0.10__seed7,0.23798185143877001,1.0,10,per_run_oof
qwen2p5_7b__gsm8k_train_00418_a3a9a679__temp0.60__seed7,0.21512894110869998,1.0,10,per_run_oof
qwen2p5_7b__gsm8k_train_00418_a3a9a679__temp1.00__seed7,0.35820780177071765,0.11111111111111116,10,per_run_oof
qwen2p5_7b__gsm8k_train_00419_5059882c__temp0.10__seed7,0.06384174526134975,1.0,10,per_run_oof
qwen2p5_7b__gsm8k_train_00419_5059882c__temp0.60__seed7,0.07046953317933743,1.0,10,per_run_oof
qwen2p5_7b__gsm8k_train_00419_5059882c__temp1.00__seed7,0.3617523600559847,0.0,10,per_run_oof
qwen2p5_7b__gsm8k_train_00420_f428f08a__temp0.10__seed7,0.1331662603703222,1.0,10,per_run_oof
qwen2p5_7b__gsm8k_train_00420_f428f08a__temp0.60__seed7,0.27874173899864074,0.75,10,per_run_oof
qwen2p5_7b__gsm8k_train_00420_f428f08a__temp1.00__seed7,0.29781148867981805,,10,per_run_oof
qwen2p5_7b__gsm8k_train_00421_d416fb5e__temp0.10__seed7,0.44382413570435125,,10,per_run_oof
qwen2p5_7b__gsm8k_train_00421_d416fb5e__temp0.60__seed7,0.10863604120021988,1.0,10,per_run_oof
qwen2p5_7b__gsm8k_train_00421_d416fb5e__temp1.00__seed7,0.4346393763106695,,10,per_run_oof
qwen2p5_7b__gsm8k_train_00422_b594187d__temp0.10__seed7,0.37218123374479195,,10,per_run_oof
qwen2p5_7b__gsm8k_train_00422_b594187d__temp0.60__seed7,0.13082859324547186,1.0,10,per_run_oof
qwen2p5_7b__gsm8k_train_00422_b594187d__temp1.00__seed7,0.3432673827814181,,10,per_run_oof
qwen2p5_7b__gsm8k_train_00423_9285e93b__temp0.10__seed7,0.24807074851019567,0.9523809523809524,10,per_run_oof
qwen2p5_7b__gsm8k_train_00423_9285e93b__temp0.60__seed7,0.14927003582039128,1.0,10,per_run_oof
qwen2p5_7b__gsm8k_train_00423_9285e93b__temp1.00__seed7,0.2695787056276976,,10,per_run_oof
qwen2p5_7b__gsm8k_train_00424_38832a64__temp0.10__seed7,0.3350707052817262,,10,per_run_oof
qwen2p5_7b__gsm8k_train_00424_38832a64__temp0.60__seed7,0.07887930401489777,1.0,10,per_run_oof
qwen2p5_7b__gsm8k_train_00424_38832a64__temp1.00__seed7,0.08550881696799292,1.0,10,per_run_oof
qwen2p5_7b__gsm8k_train_00425_1e2311b8__temp0.10__seed7,0.20370923091498128,1.0,10,per_run_oof
qwen2p5_7b__gsm8k_train_00425_1e2311b8__temp0.60__seed7,0.22110503867171477,0.8888888888888888,10,per_run_oof
qwen2p5_7b__gsm8k_train_00425_1e2311b8__temp1.00__seed7,0.21956554881969984,0.4444444444444444,10,per_run_oof
qwen2p5_7b__gsm8k_train_00426_a282618c__temp0.10__seed7,0.09580483566268597,1.0,10,per_run_oof
qwen2p5_7b__gsm8k_train_00426_a282618c__temp0.60__seed7,0.09353524499392793,1.0,10,per_run_oof
qwen2p5_7b__gsm8k_train_00426_a282618c__temp1.00__seed7,0.2940456210463942,,10,per_run_oof
qwen2p5_7b__gsm8k_train_00427_19f07260__temp0.10__seed7,0.18303276803477544,,10,per_run_oof
qwen2p5_7b__gsm8k_train_00427_19f07260__temp0.60__seed7,0.14864001477156386,0.9375,10,per_run_oof
qwen2p5_7b__gsm8k_train_00427_19f07260__temp1.00__seed7,0.2457246681876472,,10,per_run_oof
qwen2p5_7b__gsm8k_train_00428_0aa07209__temp0.10__seed7,0.11249905338488371,1.0,10,per_run_oof
qwen2p5_7b__gsm8k_train_00428_0aa07209__temp0.60__seed7,0.17924175844806906,0.9047619047619048,10,per_run_oof
qwen2p5_7b__gsm8k_train_00428_0aa07209__temp1.00__seed7,0.15327483451899984,1.0,10,per_run_oof
qwen2p5_7b__gsm8k_train_00429_5b524699__temp0.10__seed7,0.28133842957633504,,10,per_run_oof
qwen2p5_7b__gsm8k_train_00429_5b524699__temp0.60__seed7,0.36795661966207793,,10,per_run_oof
qwen2p5_7b__gsm8k_train_00429_5b524699__temp1.00__seed7,0.20662095809345557,0.8125,10,per_run_oof
qwen2p5_7b__gsm8k_train_00430_4a1c79e9__temp0.10__seed7,0.09693210956252594,1.0,10,per_run_oof
qwen2p5_7b__gsm8k_train_00430_4a1c79e9__temp0.60__seed7,0.11168614624522481,1.0,10,per_run_oof
qwen2p5_7b__gsm8k_train_00430_4a1c79e9__temp1.00__seed7,0.14007500774341008,,10,per_run_oof
qwen2p5_7b__gsm8k_train_00431_4ea4b590__temp0.10__seed7,0.1148010675308716,1.0,10,per_run_oof
qwen2p5_7b__gsm8k_train_00431_4ea4b590__temp0.60__seed7,0.3942079953608184,0.2222222222222222,10,per_run_oof
qwen2p5_7b__gsm8k_train_00431_4ea4b590__temp1.00__seed7,0.168756775512643,1.0,10,per_run_oof
qwen2p5_7b__gsm8k_train_00432_14dae555__temp0.10__seed7,0.21912593309836037,,10,per_run_oof
qwen2p5_7b__gsm8k_train_00432_14dae555__temp0.60__seed7,0.38223614964346075,0.4444444444444444,10,per_run_oof
qwen2p5_7b__gsm8k_train_00432_14dae555__temp1.00__seed7,0.2282603956732486,,10,per_run_oof
qwen2p5_7b__gsm8k_train_00433_66831ea1__temp0.10__seed7,0.21686954738236713,,10,per_run_oof
qwen2p5_7b__gsm8k_train_00433_66831ea1__temp0.60__seed7,0.16680186423811785,,10,per_run_oof
qwen2p5_7b__gsm8k_train_00433_66831ea1__temp1.00__seed7,0.2215241760449233,,10,per_run_oof
qwen2p5_7b__gsm8k_train_00434_54549646__temp0.10__seed7,0.1921243315158032,,10,per_run_oof
qwen2p5_7b__gsm8k_train_00434_54549646__temp0.60__seed7,0.19682761409553565,,10,per_run_oof
qwen2p5_7b__gsm8k_train_00434_54549646__temp1.00__seed7,0.1470888609175352,,10,per_run_oof
qwen2p5_7b__gsm8k_train_00435_3fc28f2b__temp0.10__seed7,0.16146689982238555,,10,per_run_oof
qwen2p5_7b__gsm8k_train_00435_3fc28f2b__temp0.60__seed7,0.09264915478265061,1.0,10,per_run_oof
qwen2p5_7b__gsm8k_train_00435_3fc28f2b__temp1.00__seed7,0.15120713064248398,,10,per_run_oof
qwen2p5_7b__gsm8k_train_00436_24ae34a8__temp0.10__seed7,0.458019513086943,,10,per_run_oof
qwen2p5_7b__gsm8k_train_00436_24ae34a8__temp0.60__seed7,0.4093306347936808,,10,per_run_oof
qwen2p5_7b__gsm8k_train_00436_24ae34a8__temp1.00__seed7,0.3269549131690945,0.25,10,per_run_oof
qwen2p5_7b__gsm8k_train_00437_7e053f87__temp0.10__seed7,0.3903198602990988,,10,per_run_oof
qwen2p5_7b__gsm8k_train_00437_7e053f87__temp0.60__seed7,0.11591544494819858,1.0,10,per_run_oof
qwen2p5_7b__gsm8k_train_00437_7e053f87__temp1.00__seed7,0.14211244012593555,1.0,10,per_run_oof
qwen2p5_7b__gsm8k_train_00438_b8505cf1__temp0.10__seed7,0.18411822785159723,0.8125,10,per_run_oof
qwen2p5_7b__gsm8k_train_00438_b8505cf1__temp0.60__seed7,0.17717992152609954,,10,per_run_oof
qwen2p5_7b__gsm8k_train_00438_b8505cf1__temp1.00__seed7,0.14283485315258873,1.0,10,per_run_oof
qwen2p5_7b__gsm8k_train_00439_61371264__temp0.10__seed7,0.15733092083885503,0.9375,10,per_run_oof
qwen2p5_7b__gsm8k_train_00439_61371264__temp0.60__seed7,0.3375251437770902,,10,per_run_oof
qwen2p5_7b__gsm8k_train_00439_61371264__temp1.00__seed7,0.21077327543499877,0.8888888888888888,10,per_run_oof
qwen2p5_7b__gsm8k_train_00440_7534b705__temp0.10__seed7,0.13664154028848882,,10,per_run_oof
qwen2p5_7b__gsm8k_train_00440_7534b705__temp0.60__seed7,0.07100344870580035,1.0,10,per_run_oof
qwen2p5_7b__gsm8k_train_00440_7534b705__temp1.00__seed7,0.08482241167591184,1.0,10,per_run_oof
qwen2p5_7b__gsm8k_train_00441_71482c9e__temp0.10__seed7,0.08859729176369839,1.0,10,per_run_oof
qwen2p5_7b__gsm8k_train_00441_71482c9e__temp0.60__seed7,0.108128894496123,1.0,10,per_run_oof
qwen2p5_7b__gsm8k_train_00441_71482c9e__temp1.00__seed7,0.13812928774544458,1.0,10,per_run_oof
qwen2p5_7b__gsm8k_train_00442_5186a8d0__temp0.10__seed7,0.45396242824204946,0.0,10,per_run_oof
qwen2p5_7b__gsm8k_train_00442_5186a8d0__temp0.60__seed7,0.26350727495920684,0.5,10,per_run_oof
qwen2p5_7b__gsm8k_train_00442_5186a8d0__temp1.00__seed7,0.16496412989931597,1.0,10,per_run_oof
qwen2p5_7b__gsm8k_train_00443_53cb9354__temp0.10__seed7,0.13341917349444893,,10,per_run_oof
qwen2p5_7b__gsm8k_train_00443_53cb9354__temp0.60__seed7,0.12059255185431972,1.0,10,per_run_oof
qwen2p5_7b__gsm8k_train_00443_53cb9354__temp1.00__seed7,0.1532782614922526,,10,per_run_oof
qwen2p5_7b__gsm8k_train_00444_3d58fa4c__temp0.10__seed7,0.3583672091536688,,10,per_run_oof
qwen2p5_7b__gsm8k_train_00444_3d58fa4c__temp0.60__seed7,0.2490625591118932,,10,per_run_oof
qwen2p5_7b__gsm8k_train_00444_3d58fa4c__temp1.00__seed7,0.20007219528080794,,10,per_run_oof
qwen2p5_7b__gsm8k_train_00445_a99a06a6__temp0.10__seed7,0.3292929723717378,,10,per_run_oof
qwen2p5_7b__gsm8k_train_00445_a99a06a6__temp0.60__seed7,0.2524724907840185,,10,per_run_oof
qwen2p5_7b__gsm8k_train_00445_a99a06a6__temp1.00__seed7,0.13012446113083675,,10,per_run_oof
qwen2p5_7b__gsm8k_train_00446_2d877008__temp0.10__seed7,0.1402469274614381,,10,per_run_oof
qwen2p5_7b__gsm8k_train_00446_2d877008__temp0.60__seed7,0.15093430185502496,,10,per_run_oof
qwen2p5_7b__gsm8k_train_00446_2d877008__temp1.00__seed7,0.2640266689443428,,10,per_run_oof
qwen2p5_7b__gsm8k_train_00447_8756df90__temp0.10__seed7,0.34871649064628685,0.2222222222222222,10,per_run_oof
qwen2p5_7b__gsm8k_train_00447_8756df90__temp0.60__seed7,0.13094610424385336,1.0,10,per_run_oof
qwen2p5_7b__gsm8k_train_00447_8756df90__temp1.00__seed7,0.2473381299768791,0.2222222222222222,10,per_run_oof
qwen2p5_7b__gsm8k_train_00448_1ffff8c2__temp0.10__seed7,0.15274755806152446,0.8888888888888888,10,per_run_oof
qwen2p5_7b__gsm8k_train_00448_1ffff8c2__temp0.60__seed7,0.17291519666721147,0.8888888888888888,10,per_run_oof
qwen2p5_7b__gsm8k_train_00448_1ffff8c2__temp1.00__seed7,0.4033290505090372,0.11111111111111116,10,per_run_oof
qwen2p5_7b__gsm8k_train_00449_67ea9071__temp0.10__seed7,0.1677690383916795,0.8888888888888888,10,per_run_oof
qwen2p5_7b__gsm8k_train_00449_67ea9071__temp0.60__seed7,0.1329549839818779,1.0,10,per_run_oof
qwen2p5_7b__gsm8k_train_00449_67ea9071__temp1.00__seed7,0.10196697141138751,1.0,10,per_run_oof
qwen2p5_7b__gsm8k_train_00450_9fc2570c__temp0.10__seed7,0.12611909013257974,1.0,10,per_run_oof
qwen2p5_7b__gsm8k_train_00450_9fc2570c__temp0.60__seed7,0.06853170282347804,1.0,10,per_run_oof
qwen2p5_7b__gsm8k_train_00450_9fc2570c__temp1.00__seed7,0.13966027444043527,1.0,10,per_run_oof
qwen2p5_7b__gsm8k_train_00451_dbb0ac4d__temp0.10__seed7,0.10527264965298369,1.0,10,per_run_oof
qwen2p5_7b__gsm8k_train_00451_dbb0ac4d__temp0.60__seed7,0.1349896029504544,1.0,10,per_run_oof
qwen2p5_7b__gsm8k_train_00451_dbb0ac4d__temp1.00__seed7,0.1132996240567544,1.0,10,per_run_oof
qwen2p5_7b__gsm8k_train_00452_5eb81d0d__temp0.10__seed7,0.2638543368587486,,10,per_run_oof
qwen2p5_7b__gsm8k_train_00452_5eb81d0d__temp0.60__seed7,0.343974647442603,0.2222222222222222,10,per_run_oof
qwen2p5_7b__gsm8k_train_00452_5eb81d0d__temp1.00__seed7,0.30465324730713855,,10,per_run_oof
qwen2p5_7b__gsm8k_train_00453_ead65c2b__temp0.10__seed7,0.15425075393782148,0.9375,10,per_run_oof
qwen2p5_7b__gsm8k_train_00453_ead65c2b__temp0.60__seed7,0.1376249058032613,1.0,10,per_run_oof
qwen2p5_7b__gsm8k_train_00453_ead65c2b__temp1.00__seed7,0.10913462020575149,1.0,10,per_run_oof
qwen2p5_7b__gsm8k_train_00454_3f51e724__temp0.10__seed7,0.3165903509986741,,10,per_run_oof
qwen2p5_7b__gsm8k_train_00454_3f51e724__temp0.60__seed7,0.35106431256827225,,10,per_run_oof
qwen2p5_7b__gsm8k_train_00454_3f51e724__temp1.00__seed7,0.1458672512913154,0.9583333333333334,10,per_run_oof
qwen2p5_7b__gsm8k_train_00455_1ba51c88__temp0.10__seed7,0.1996282154994688,1.0,10,per_run_oof
qwen2p5_7b__gsm8k_train_00455_1ba51c88__temp0.60__seed7,0.12982011191606632,1.0,10,per_run_oof
qwen2p5_7b__gsm8k_train_00455_1ba51c88__temp1.00__seed7,0.15184748029787803,,10,per_run_oof
qwen2p5_7b__gsm8k_train_00456_5818d304__temp0.10__seed7,0.11501754530838035,1.0,10,per_run_oof
qwen2p5_7b__gsm8k_train_00456_5818d304__temp0.60__seed7,0.08698921216372299,1.0,10,per_run_oof
qwen2p5_7b__gsm8k_train_00456_5818d304__temp1.00__seed7,0.41557248441331474,0.125,10,per_run_oof
qwen2p5_7b__gsm8k_train_00457_20e60001__temp0.10__seed7,0.14943826338182212,0.8888888888888888,10,per_run_oof
qwen2p5_7b__gsm8k_train_00457_20e60001__temp0.60__seed7,0.13210163709968592,1.0,10,per_run_oof
qwen2p5_7b__gsm8k_train_00457_20e60001__temp1.00__seed7,0.20074734856269766,0.5625,10,per_run_oof
qwen2p5_7b__gsm8k_train_00458_15e84edb__temp0.10__seed7,0.4103000707807377,0.11111111111111116,10,per_run_oof
qwen2p5_7b__gsm8k_train_00458_15e84edb__temp0.60__seed7,0.07928653975487257,1.0,10,per_run_oof
qwen2p5_7b__gsm8k_train_00458_15e84edb__temp1.00__seed7,0.17418666732456883,1.0,10,per_run_oof
qwen2p5_7b__gsm8k_train_00459_697e690c__temp0.10__seed7,0.1069327425927564,0.9523809523809524,10,per_run_oof
qwen2p5_7b__gsm8k_train_00459_697e690c__temp0.60__seed7,0.18264103199648676,0.875,10,per_run_oof
qwen2p5_7b__gsm8k_train_00459_697e690c__temp1.00__seed7,0.3123286522686871,,10,per_run_oof
qwen2p5_7b__gsm8k_train_00460_173dc1e6__temp0.10__seed7,0.10054379398006055,1.0,10,per_run_oof
qwen2p5_7b__gsm8k_train_00460_173dc1e6__temp0.60__seed7,0.1356046964314424,1.0,10,per_run_oof
qwen2p5_7b__gsm8k_train_00460_173dc1e6__temp1.00__seed7,0.1195213941195911,1.0,10,per_run_oof
qwen2p5_7b__gsm8k_train_00461_c2762107__temp0.10__seed7,0.12103190555368379,1.0,10,per_run_oof
qwen2p5_7b__gsm8k_train_00461_c2762107__temp0.60__seed7,0.1988578526971859,0.8125,10,per_run_oof
qwen2p5_7b__gsm8k_train_00461_c2762107__temp1.00__seed7,0.265542899231489,,10,per_run_oof
qwen2p5_7b__gsm8k_train_00462_d5f2bc81__temp0.10__seed7,0.17392833647223527,,10,per_run_oof
qwen2p5_7b__gsm8k_train_00462_d5f2bc81__temp0.60__seed7,0.250968607017692,1.0,10,per_run_oof
qwen2p5_7b__gsm8k_train_00462_d5f2bc81__temp1.00__seed7,0.2049529554314602,,10,per_run_oof
qwen2p5_7b__gsm8k_train_00463_fbbaa707__temp0.10__seed7,0.14245115887158835,1.0,10,per_run_oof
qwen2p5_7b__gsm8k_train_00463_fbbaa707__temp0.60__seed7,0.13795763665695468,1.0,10,per_run_oof
qwen2p5_7b__gsm8k_train_00463_fbbaa707__temp1.00__seed7,0.1693590701060052,0.9375,10,per_run_oof
qwen2p5_7b__gsm8k_train_00464_8b1c0a47__temp0.10__seed7,0.2335025866860619,1.0,10,per_run_oof
qwen2p5_7b__gsm8k_train_00464_8b1c0a47__temp0.60__seed7,0.15408092471840448,0.8888888888888888,10,per_run_oof
qwen2p5_7b__gsm8k_train_00464_8b1c0a47__temp1.00__seed7,0.2229511324853597,0.33333333333333337,10,per_run_oof
qwen2p5_7b__gsm8k_train_00465_e88fcabd__temp0.10__seed7,0.14768150472021943,0.9047619047619048,10,per_run_oof
qwen2p5_7b__gsm8k_train_00465_e88fcabd__temp0.60__seed7,0.1195887883434589,1.0,10,per_run_oof
qwen2p5_7b__gsm8k_train_00465_e88fcabd__temp1.00__seed7,0.0896232576602441,1.0,10,per_run_oof
qwen2p5_7b__gsm8k_train_00466_79c74467__temp0.10__seed7,0.1780698680781861,0.8888888888888888,10,per_run_oof
qwen2p5_7b__gsm8k_train_00466_79c74467__temp0.60__seed7,0.11200138451130429,1.0,10,per_run_oof
qwen2p5_7b__gsm8k_train_00466_79c74467__temp1.00__seed7,0.3416708432977317,,10,per_run_oof
qwen2p5_7b__gsm8k_train_00467_46e1b14c__temp0.10__seed7,0.09717326381983822,,10,per_run_oof
qwen2p5_7b__gsm8k_train_00467_46e1b14c__temp0.60__seed7,0.475370442447698,,10,per_run_oof
qwen2p5_7b__gsm8k_train_00467_46e1b14c__temp1.00__seed7,0.1202628295052337,1.0,10,per_run_oof
qwen2p5_7b__gsm8k_train_00468_4f8cc2e6__temp0.10__seed7,0.12791182337187182,1.0,10,per_run_oof
qwen2p5_7b__gsm8k_train_00468_4f8cc2e6__temp0.60__seed7,0.37231675469830866,,10,per_run_oof
qwen2p5_7b__gsm8k_train_00468_4f8cc2e6__temp1.00__seed7,0.11539502931898668,1.0,10,per_run_oof
qwen2p5_7b__gsm8k_train_00469_b8c02f8f__temp0.10__seed7,0.12244152988498476,1.0,10,per_run_oof
qwen2p5_7b__gsm8k_train_00469_b8c02f8f__temp0.60__seed7,0.12910514593718084,1.0,10,per_run_oof
qwen2p5_7b__gsm8k_train_00469_b8c02f8f__temp1.00__seed7,0.15453256162542145,0.8400000000000001,10,per_run_oof
qwen2p5_7b__gsm8k_train_00470_05b7dcc7__temp0.10__seed7,0.07415094129361685,1.0,10,per_run_oof
qwen2p5_7b__gsm8k_train_00470_05b7dcc7__temp0.60__seed7,0.4147574522381003,,10,per_run_oof
qwen2p5_7b__gsm8k_train_00470_05b7dcc7__temp1.00__seed7,0.0744866463394857,1.0,10,per_run_oof
qwen2p5_7b__gsm8k_train_00471_6958c646__temp0.10__seed7,0.12378236841420545,1.0,10,per_run_oof
qwen2p5_7b__gsm8k_train_00471_6958c646__temp0.60__seed7,0.07496456879820919,1.0,10,per_run_oof
qwen2p5_7b__gsm8k_train_00471_6958c646__temp1.00__seed7,0.13249481460278628,1.0,10,per_run_oof
qwen2p5_7b__gsm8k_train_00472_50e3a56a__temp0.10__seed7,0.49896349218447644,0.0,10,per_run_oof
qwen2p5_7b__gsm8k_train_00472_50e3a56a__temp0.60__seed7,0.13657550404317362,,10,per_run_oof
qwen2p5_7b__gsm8k_train_00472_50e3a56a__temp1.00__seed7,0.415062396711782,,10,per_run_oof
qwen2p5_7b__gsm8k_train_00473_926c50c9__temp0.10__seed7,0.10630528570879041,1.0,10,per_run_oof
qwen2p5_7b__gsm8k_train_00473_926c50c9__temp0.60__seed7,0.13465635232833634,0.8888888888888888,10,per_run_oof
qwen2p5_7b__gsm8k_train_00473_926c50c9__temp1.00__seed7,0.09757978111137752,1.0,10,per_run_oof
qwen2p5_7b__gsm8k_train_00474_c3816fd6__temp0.10__seed7,0.11944049844715383,1.0,10,per_run_oof
qwen2p5_7b__gsm8k_train_00474_c3816fd6__temp0.60__seed7,0.18800050844993096,,10,per_run_oof
qwen2p5_7b__gsm8k_train_00474_c3816fd6__temp1.00__seed7,0.10199982108363237,1.0,10,per_run_oof
qwen2p5_7b__gsm8k_train_00475_b4eae3d3__temp0.10__seed7,0.19770738560487816,,10,per_run_oof
qwen2p5_7b__gsm8k_train_00475_b4eae3d3__temp0.60__seed7,0.08515815007845057,1.0,10,per_run_oof
qwen2p5_7b__gsm8k_train_00475_b4eae3d3__temp1.00__seed7,0.15579607865571904,,10,per_run_oof
qwen2p5_7b__gsm8k_train_00476_4df2013a__temp0.10__seed7,0.2547562798162958,,10,per_run_oof
qwen2p5_7b__gsm8k_train_00476_4df2013a__temp0.60__seed7,0.18578776214543133,,10,per_run_oof
qwen2p5_7b__gsm8k_train_00476_4df2013a__temp1.00__seed7,0.39302257426782405,0.0625,10,per_run_oof
qwen2p5_7b__gsm8k_train_00477_adc7978e__temp0.10__seed7,0.19766125268336635,,10,per_run_oof
qwen2p5_7b__gsm8k_train_00477_adc7978e__temp0.60__seed7,0.03179823905795939,,10,per_run_oof
qwen2p5_7b__gsm8k_train_00477_adc7978e__temp1.00__seed7,0.14905939815937358,1.0,10,per_run_oof
qwen2p5_7b__gsm8k_train_00478_19647995__temp0.10__seed7,0.3688489120433015,,10,per_run_oof
qwen2p5_7b__gsm8k_train_00478_19647995__temp0.60__seed7,0.08651228872591964,1.0,10,per_run_oof
qwen2p5_7b__gsm8k_train_00478_19647995__temp1.00__seed7,0.09034441283116415,1.0,10,per_run_oof
qwen2p5_7b__gsm8k_train_00479_c9497af5__temp0.10__seed7,0.15177597682004912,0.9047619047619048,10,per_run_oof
qwen2p5_7b__gsm8k_train_00479_c9497af5__temp0.60__seed7,0.11750281067089022,1.0,10,per_run_oof
qwen2p5_7b__gsm8k_train_00479_c9497af5__temp1.00__seed7,0.13289728800210443,1.0,10,per_run_oof
qwen2p5_7b__gsm8k_train_00480_c7ac907e__temp0.10__seed7,0.16859301304134153,0.6666666666666667,10,per_run_oof
qwen2p5_7b__gsm8k_train_00480_c7ac907e__temp0.60__seed7,0.09110391710295071,1.0,10,per_run_oof
qwen2p5_7b__gsm8k_train_00480_c7ac907e__temp1.00__seed7,0.1430080861738854,1.0,10,per_run_oof
qwen2p5_7b__gsm8k_train_00481_446a1373__temp0.10__seed7,0.249520040320441,,10,per_run_oof
qwen2p5_7b__gsm8k_train_00481_446a1373__temp0.60__seed7,0.2829256126762999,,10,per_run_oof
qwen2p5_7b__gsm8k_train_00481_446a1373__temp1.00__seed7,0.09202898287446108,1.0,10,per_run_oof
qwen2p5_7b__gsm8k_train_00482_8a4e0f45__temp0.10__seed7,0.27701954395529804,,10,per_run_oof
qwen2p5_7b__gsm8k_train_00482_8a4e0f45__temp0.60__seed7,0.2617603928901663,,10,per_run_oof
qwen2p5_7b__gsm8k_train_00482_8a4e0f45__temp1.00__seed7,0.3339233928079862,,10,per_run_oof
qwen2p5_7b__gsm8k_train_00483_2bbe064c__temp0.10__seed7,0.10351027654116822,1.0,10,per_run_oof
qwen2p5_7b__gsm8k_train_00483_2bbe064c__temp0.60__seed7,0.1465630161242795,1.0,10,per_run_oof
qwen2p5_7b__gsm8k_train_00483_2bbe064c__temp1.00__seed7,0.09707834097150982,1.0,10,per_run_oof
qwen2p5_7b__gsm8k_train_00484_1272d43c__temp0.10__seed7,0.12768226864704152,0.9600000000000001,10,per_run_oof
qwen2p5_7b__gsm8k_train_00484_1272d43c__temp0.60__seed7,0.22963985657768626,0.7142857142857142,10,per_run_oof
qwen2p5_7b__gsm8k_train_00484_1272d43c__temp1.00__seed7,0.08646433121791146,1.0,10,per_run_oof
qwen2p5_7b__gsm8k_train_00485_df42abb5__temp0.10__seed7,0.08621505792152681,1.0,10,per_run_oof
qwen2p5_7b__gsm8k_train_00485_df42abb5__temp0.60__seed7,0.18362919919170984,,10,per_run_oof
qwen2p5_7b__gsm8k_train_00485_df42abb5__temp1.00__seed7,0.20858163189808915,,10,per_run_oof
qwen2p5_7b__gsm8k_train_00486_211b7643__temp0.10__seed7,0.13803563267918867,,10,per_run_oof
qwen2p5_7b__gsm8k_train_00486_211b7643__temp0.60__seed7,0.09892382728931393,1.0,10,per_run_oof
qwen2p5_7b__gsm8k_train_00486_211b7643__temp1.00__seed7,0.07793985222751121,1.0,10,per_run_oof
qwen2p5_7b__gsm8k_train_00487_172f60d4__temp0.10__seed7,0.06276003936444141,1.0,10,per_run_oof
qwen2p5_7b__gsm8k_train_00487_172f60d4__temp0.60__seed7,0.1256586392055772,0.9523809523809524,10,per_run_oof
qwen2p5_7b__gsm8k_train_00487_172f60d4__temp1.00__seed7,0.16418263799523797,0.8888888888888888,10,per_run_oof
qwen2p5_7b__gsm8k_train_00488_97dc49fd__temp0.10__seed7,0.11899105168423445,0.8888888888888888,10,per_run_oof
qwen2p5_7b__gsm8k_train_00488_97dc49fd__temp0.60__seed7,0.06877192530559528,1.0,10,per_run_oof
qwen2p5_7b__gsm8k_train_00488_97dc49fd__temp1.00__seed7,0.3571962720113586,,10,per_run_oof
qwen2p5_7b__gsm8k_train_00489_20f8762a__temp0.10__seed7,0.1482857851269169,0.875,10,per_run_oof
qwen2p5_7b__gsm8k_train_00489_20f8762a__temp0.60__seed7,0.10417851909607971,1.0,10,per_run_oof
qwen2p5_7b__gsm8k_train_00489_20f8762a__temp1.00__seed7,0.24038318997319452,0.8095238095238095,10,per_run_oof
qwen2p5_7b__gsm8k_train_00490_b1da46d2__temp0.10__seed7,0.10789428595120479,1.0,10,per_run_oof
qwen2p5_7b__gsm8k_train_00490_b1da46d2__temp0.60__seed7,0.11265372979982477,1.0,10,per_run_oof
qwen2p5_7b__gsm8k_train_00490_b1da46d2__temp1.00__seed7,0.3855472857512075,,10,per_run_oof
qwen2p5_7b__gsm8k_train_00491_d552f519__temp0.10__seed7,0.10258082298992835,1.0,10,per_run_oof
qwen2p5_7b__gsm8k_train_00491_d552f519__temp0.60__seed7,0.3195199785251651,,10,per_run_oof
qwen2p5_7b__gsm8k_train_00491_d552f519__temp1.00__seed7,0.15609909522028892,0.5,10,per_run_oof
qwen2p5_7b__gsm8k_train_00492_4d56269c__temp0.10__seed7,0.1624478633912449,0.9375,10,per_run_oof
qwen2p5_7b__gsm8k_train_00492_4d56269c__temp0.60__seed7,0.14875866841387864,0.875,10,per_run_oof
qwen2p5_7b__gsm8k_train_00492_4d56269c__temp1.00__seed7,0.09599981503145391,1.0,10,per_run_oof
qwen2p5_7b__gsm8k_train_00493_bdda0c8e__temp0.10__seed7,0.44285129837650505,,10,per_run_oof
qwen2p5_7b__gsm8k_train_00493_bdda0c8e__temp0.60__seed7,0.16276436051563914,1.0,10,per_run_oof
qwen2p5_7b__gsm8k_train_00493_bdda0c8e__temp1.00__seed7,0.17458399688945694,0.875,10,per_run_oof
qwen2p5_7b__gsm8k_train_00494_837c70ae__temp0.10__seed7,0.11207333698572837,1.0,10,per_run_oof
qwen2p5_7b__gsm8k_train_00494_837c70ae__temp0.60__seed7,0.30510597165340014,,10,per_run_oof
qwen2p5_7b__gsm8k_train_00494_837c70ae__temp1.00__seed7,0.19511742722854272,0.9375,10,per_run_oof
qwen2p5_7b__gsm8k_train_00495_d2bda970__temp0.10__seed7,0.590760807244262,,10,per_run_oof
qwen2p5_7b__gsm8k_train_00495_d2bda970__temp0.60__seed7,0.1363435960847162,,10,per_run_oof
qwen2p5_7b__gsm8k_train_00495_d2bda970__temp1.00__seed7,0.6635288204657468,,10,per_run_oof
qwen2p5_7b__gsm8k_train_00496_e6c2f698__temp0.10__seed7,0.1790026169915987,0.9375,10,per_run_oof
qwen2p5_7b__gsm8k_train_00496_e6c2f698__temp0.60__seed7,0.12152854795217076,1.0,10,per_run_oof
qwen2p5_7b__gsm8k_train_00496_e6c2f698__temp1.00__seed7,0.13601825098375087,0.9523809523809524,10,per_run_oof
qwen2p5_7b__gsm8k_train_00497_5b07364e__temp0.10__seed7,0.21286533646911782,,10,per_run_oof
qwen2p5_7b__gsm8k_train_00497_5b07364e__temp0.60__seed7,0.18357553830626894,,10,per_run_oof
qwen2p5_7b__gsm8k_train_00497_5b07364e__temp1.00__seed7,0.18695872879726766,0.8888888888888888,10,per_run_oof
qwen2p5_7b__gsm8k_train_00498_52832c16__temp0.10__seed7,0.22534917728587125,,10,per_run_oof
qwen2p5_7b__gsm8k_train_00498_52832c16__temp0.60__seed7,0.2147371256074285,,10,per_run_oof
qwen2p5_7b__gsm8k_train_00498_52832c16__temp1.00__seed7,0.1346605975879179,1.0,10,per_run_oof
qwen2p5_7b__gsm8k_train_00499_8942a62c__temp0.10__seed7,0.08928102768352071,1.0,10,per_run_oof
qwen2p5_7b__gsm8k_train_00499_8942a62c__temp0.60__seed7,0.1440258675325215,0.9375,10,per_run_oof
qwen2p5_7b__gsm8k_train_00499_8942a62c__temp1.00__seed7,0.2103891756867879,,10,per_run_oof
__pooled__,0.19815179136870056,0.7468313193185954,15000,pooled_oof
