step,q_t,n_repairs,n_corruptions,repair_rate,corruption_rate,hazard_mu,entropy_mean,confidence_mean,answer_changed_rate,hidden_shift_mean,n_transitions
1,0.36444444444444446,48,246,0.08391608391608392,0.75,-0.26999999999999996,0.2582769097222222,50.0,0.0,0.0,900
2,0.14444444444444443,160,65,0.2077922077922078,0.5,0.055555555555555594,0.26605631510416666,50.577777777777776,0.8188888888888889,66.95760242038303,900
3,0.25,264,32,0.39111111111111113,0.14222222222222222,0.20777777777777778,0.24930040147569443,54.61666666666667,0.6455555555555555,58.92638164520264,900
4,0.5077777777777778,164,24,0.37020316027088035,0.0525164113785558,0.10555555555555556,0.23292236328125,69.12777777777778,0.51,59.35170553101434,900
5,0.6633333333333333,71,12,0.23432343234323433,0.020100502512562814,0.015555555555555559,0.21117886013454862,82.73777777777778,0.33,52.97876518090566,900
6,0.7288888888888889,33,17,0.13524590163934427,0.025914634146341462,-0.03222222222222222,0.16456217447916666,88.13333333333334,0.14555555555555555,38.72322491698795,900
7,0.7466666666666667,23,7,0.10087719298245613,0.010416666666666666,-0.03222222222222223,0.13866797553168403,91.86666666666666,0.09444444444444444,32.44757732603285,900
8,0.7644444444444445,15,2,0.07075471698113207,0.0029069767441860465,-0.03555555555555556,0.10137936062282986,94.75,0.057777777777777775,25.678239724371167,900
9,0.7788888888888889,4,4,0.020100502512562814,0.005706134094151213,-0.05,0.0912312995062934,95.40444444444445,0.03111111111111111,21.84764191389084,900
