step,q_t,n_repairs,n_corruptions,repair_rate,corruption_rate,hazard_mu,entropy_mean,confidence_mean,answer_changed_rate,hidden_shift_mean,n_transitions
1,0.3627450980392157,10,50,0.07692307692307693,0.6756756756756757,-0.24607843137254903,0.2545979817708333,50.0,0.0,0.0,204
2,0.16666666666666666,29,14,0.17058823529411765,0.4117647058823529,0.02352941176470591,0.2609911151960784,50.490196078431374,0.803921568627451,67.21296497419769,204
3,0.24019607843137256,67,9,0.432258064516129,0.1836734693877551,0.23431372549019608,0.24102424172794118,55.34313725490196,0.5980392156862745,57.065643160950906,204
4,0.5245098039215687,32,6,0.32989690721649484,0.056074766355140186,0.07745098039215685,0.2255859375,69.50980392156863,0.5245098039215687,57.07708873000799,204
5,0.6519607843137255,20,0,0.28169014084507044,0.0,0.048039215686274506,0.19075401156556374,83.55392156862744,0.2696078431372549,46.91564674704683,204
6,0.75,3,4,0.058823529411764705,0.026143790849673203,-0.054901960784313725,0.13407000373391545,88.25980392156863,0.12745098039215685,32.54527465502421,204
7,0.7450980392156863,6,1,0.11538461538461539,0.006578947368421052,-0.025490196078431376,0.10733406216490503,90.4656862745098,0.07352941176470588,23.204737724042406,204
8,0.7696078431372549,2,0,0.0425531914893617,0.0,,0.07292070575788909,93.45588235294117,0.05392156862745098,17.969058854907168,204
9,0.7794117647058824,2,0,0.044444444444444446,0.0,,0.06098795872108609,94.68137254901961,0.0196078431372549,13.06530048683578,204
