detector,mean_stop_step,mean_stop_utility,mean_oracle_utility,mean_oracle_gap,false_early_rate,false_late_rate,mean_false_late_severity
oracle,2.4766666666666666,0.760611111111111,0.760611111111111,0.0,0.0,0.0,0.0
hazard_drift,4.928888888888889,0.5413333333333333,0.760611111111111,0.21927777777777777,0.04555555555555556,0.7711111111111111,2.578888888888889
e_process,7.0,0.4466666666666666,0.760611111111111,0.31394444444444447,0.015555555555555555,0.9711111111111111,4.5488888888888885
empirical_bernstein,9.0,0.3788888888888889,0.760611111111111,0.38172222222222224,0.0011111111111111111,0.9911111111111112,6.524444444444445
never_stop,10.0,0.32888888888888895,0.760611111111111,0.4317222222222222,0.0,0.9988888888888889,7.523333333333333
