feature,mean_abs_corr,mean_auc
hidden_l2_shift,0.08435137155880484,0.5670859139519742
pca_velocity_norm,0.059220674180597815,0.5469843606953678
hidden_kl_divergence,0.03936479413861048,0.44612044366594505
