feature,mean_abs_corr,mean_auc
hidden_l2_shift,0.08435137155880493,0.5670859139519742
pca_velocity_norm,0.059220682474910774,0.5469845677825153
hidden_kl_divergence,0.03936479413861054,0.44612044366594505
