run_id,brier,auc,n,scope
qwen2p5_32b__math_test_00000_5a6bb412__temp0.10__seed7,0.06175123683282922,1.0,14,per_run_oof
qwen2p5_32b__math_test_00000_5a6bb412__temp0.60__seed7,0.15859066699281943,,14,per_run_oof
qwen2p5_32b__math_test_00000_5a6bb412__temp1.00__seed7,0.09797915794140206,1.0,14,per_run_oof
qwen2p5_32b__math_test_00001_28176864__temp0.10__seed7,0.28503046549069666,,14,per_run_oof
qwen2p5_32b__math_test_00001_28176864__temp0.60__seed7,0.32958653226217616,,14,per_run_oof
qwen2p5_32b__math_test_00001_28176864__temp1.00__seed7,0.37976675342656196,,14,per_run_oof
qwen2p5_32b__math_test_00002_12859ab8__temp0.10__seed7,0.15156513136828004,0.8333333333333334,14,per_run_oof
qwen2p5_32b__math_test_00002_12859ab8__temp0.60__seed7,0.11194880367623448,0.9393939393939393,14,per_run_oof
qwen2p5_32b__math_test_00002_12859ab8__temp1.00__seed7,0.10453500566108209,0.9696969696969697,14,per_run_oof
qwen2p5_32b__math_test_00003_b88cddac__temp0.10__seed7,0.10902014446258876,0.975,14,per_run_oof
qwen2p5_32b__math_test_00003_b88cddac__temp0.60__seed7,0.32265861168914417,,14,per_run_oof
qwen2p5_32b__math_test_00003_b88cddac__temp1.00__seed7,0.2751795783420677,,14,per_run_oof
qwen2p5_32b__math_test_00004_d6afb929__temp0.10__seed7,0.18684395311227944,,14,per_run_oof
qwen2p5_32b__math_test_00004_d6afb929__temp0.60__seed7,0.26075393061967034,,14,per_run_oof
qwen2p5_32b__math_test_00004_d6afb929__temp1.00__seed7,0.33689350782875715,,14,per_run_oof
qwen2p5_32b__math_test_00005_82ab404f__temp0.10__seed7,0.2867906676474799,,14,per_run_oof
qwen2p5_32b__math_test_00005_82ab404f__temp0.60__seed7,0.32417589965012983,,14,per_run_oof
qwen2p5_32b__math_test_00005_82ab404f__temp1.00__seed7,0.1777202913156454,,14,per_run_oof
qwen2p5_32b__math_test_00006_27e7448e__temp0.10__seed7,0.17290302438256241,0.9583333333333333,14,per_run_oof
qwen2p5_32b__math_test_00006_27e7448e__temp0.60__seed7,0.11583266302730637,1.0,14,per_run_oof
qwen2p5_32b__math_test_00006_27e7448e__temp1.00__seed7,0.13579626530237468,0.975,14,per_run_oof
qwen2p5_32b__math_test_00007_8a27500a__temp0.10__seed7,0.007905612026454876,,14,per_run_oof
qwen2p5_32b__math_test_00007_8a27500a__temp0.60__seed7,0.016423140107046767,,14,per_run_oof
qwen2p5_32b__math_test_00007_8a27500a__temp1.00__seed7,0.0890286885805258,,14,per_run_oof
qwen2p5_32b__math_test_00008_e894d48c__temp0.10__seed7,0.08490024089361113,,14,per_run_oof
qwen2p5_32b__math_test_00008_e894d48c__temp0.60__seed7,0.09023908955685626,1.0,14,per_run_oof
qwen2p5_32b__math_test_00008_e894d48c__temp1.00__seed7,0.15705432877583175,0.8484848484848485,14,per_run_oof
qwen2p5_32b__math_test_00009_99c62e67__temp0.10__seed7,0.2829431420911301,,14,per_run_oof
qwen2p5_32b__math_test_00009_99c62e67__temp0.60__seed7,0.40453880668282677,,14,per_run_oof
qwen2p5_32b__math_test_00009_99c62e67__temp1.00__seed7,0.31261057075020693,,14,per_run_oof
qwen2p5_32b__math_test_00010_88e977e0__temp0.10__seed7,0.30262416099560147,,14,per_run_oof
qwen2p5_32b__math_test_00010_88e977e0__temp0.60__seed7,0.4493682406593376,,14,per_run_oof
qwen2p5_32b__math_test_00010_88e977e0__temp1.00__seed7,0.09182208676995415,0.9696969696969697,14,per_run_oof
qwen2p5_32b__math_test_00011_3e051151__temp0.10__seed7,0.21017762496603432,,14,per_run_oof
qwen2p5_32b__math_test_00011_3e051151__temp0.60__seed7,0.10030059963715353,1.0,14,per_run_oof
qwen2p5_32b__math_test_00011_3e051151__temp1.00__seed7,0.10927777431063239,1.0,14,per_run_oof
qwen2p5_32b__math_test_00012_2ce46331__temp0.10__seed7,0.2528317583507639,,14,per_run_oof
qwen2p5_32b__math_test_00012_2ce46331__temp0.60__seed7,0.35637618832666973,,14,per_run_oof
qwen2p5_32b__math_test_00012_2ce46331__temp1.00__seed7,0.3775734914049293,,14,per_run_oof
qwen2p5_32b__math_test_00013_3fae6c79__temp0.10__seed7,0.05588638811892789,1.0,14,per_run_oof
qwen2p5_32b__math_test_00013_3fae6c79__temp0.60__seed7,0.08753744768009175,1.0,14,per_run_oof
qwen2p5_32b__math_test_00013_3fae6c79__temp1.00__seed7,0.09015539517339481,1.0,14,per_run_oof
qwen2p5_32b__math_test_00014_4bed628b__temp0.10__seed7,0.11431304375106056,0.9393939393939394,14,per_run_oof
qwen2p5_32b__math_test_00014_4bed628b__temp0.60__seed7,0.1426518216500309,1.0,14,per_run_oof
qwen2p5_32b__math_test_00014_4bed628b__temp1.00__seed7,0.051943229386655736,1.0,14,per_run_oof
qwen2p5_32b__math_test_00015_04ca2ad3__temp0.10__seed7,0.32567126487254977,,14,per_run_oof
qwen2p5_32b__math_test_00015_04ca2ad3__temp0.60__seed7,0.3713501924715385,,14,per_run_oof
qwen2p5_32b__math_test_00015_04ca2ad3__temp1.00__seed7,0.2378806210512907,,14,per_run_oof
qwen2p5_32b__math_test_00016_da610902__temp0.10__seed7,0.19510052558301513,,14,per_run_oof
qwen2p5_32b__math_test_00016_da610902__temp0.60__seed7,0.08515482968721153,0.9696969696969697,14,per_run_oof
qwen2p5_32b__math_test_00016_da610902__temp1.00__seed7,0.12822394675936752,,14,per_run_oof
qwen2p5_32b__math_test_00017_c6ed297b__temp0.10__seed7,0.1422524373371923,0.925,14,per_run_oof
qwen2p5_32b__math_test_00017_c6ed297b__temp0.60__seed7,0.09583987976695797,0.9591836734693877,14,per_run_oof
qwen2p5_32b__math_test_00017_c6ed297b__temp1.00__seed7,0.09082533055649634,1.0,14,per_run_oof
qwen2p5_32b__math_test_00018_407dceb0__temp0.10__seed7,0.20619398263868263,,14,per_run_oof
qwen2p5_32b__math_test_00018_407dceb0__temp0.60__seed7,0.17821328568518213,,14,per_run_oof
qwen2p5_32b__math_test_00018_407dceb0__temp1.00__seed7,0.15785047048284936,1.0,14,per_run_oof
qwen2p5_32b__math_test_00019_646b1b85__temp0.10__seed7,0.22683692839857564,0.3,14,per_run_oof
qwen2p5_32b__math_test_00019_646b1b85__temp0.60__seed7,0.22114663273614435,0.475,14,per_run_oof
qwen2p5_32b__math_test_00019_646b1b85__temp1.00__seed7,0.2226878123671463,0.525,14,per_run_oof
qwen2p5_32b__math_test_00020_f9bb4c02__temp0.10__seed7,0.058932541452714295,,14,per_run_oof
qwen2p5_32b__math_test_00020_f9bb4c02__temp0.60__seed7,0.18949714289776978,,14,per_run_oof
qwen2p5_32b__math_test_00020_f9bb4c02__temp1.00__seed7,0.2805378638775392,,14,per_run_oof
qwen2p5_32b__math_test_00021_b40f659d__temp0.10__seed7,0.08520534326986748,1.0,14,per_run_oof
qwen2p5_32b__math_test_00021_b40f659d__temp0.60__seed7,0.13613749974329217,0.9230769230769231,14,per_run_oof
qwen2p5_32b__math_test_00021_b40f659d__temp1.00__seed7,0.11326029942191156,1.0,14,per_run_oof
qwen2p5_32b__math_test_00022_8fba220b__temp0.10__seed7,0.12442537729542588,1.0,14,per_run_oof
qwen2p5_32b__math_test_00022_8fba220b__temp0.60__seed7,0.14056051368598035,0.625,14,per_run_oof
qwen2p5_32b__math_test_00022_8fba220b__temp1.00__seed7,0.08586386403954363,1.0,14,per_run_oof
qwen2p5_32b__math_test_00023_998c2d9c__temp0.10__seed7,0.17239306658776127,,14,per_run_oof
qwen2p5_32b__math_test_00023_998c2d9c__temp0.60__seed7,0.2974123553817107,,14,per_run_oof
qwen2p5_32b__math_test_00023_998c2d9c__temp1.00__seed7,0.40139575908130976,,14,per_run_oof
qwen2p5_32b__math_test_00024_f928c750__temp0.10__seed7,0.11233119300626491,0.875,14,per_run_oof
qwen2p5_32b__math_test_00024_f928c750__temp0.60__seed7,0.11269120943764861,0.7083333333333333,14,per_run_oof
qwen2p5_32b__math_test_00024_f928c750__temp1.00__seed7,0.19415777591256472,0.7878787878787878,14,per_run_oof
qwen2p5_32b__math_test_00025_4388bd76__temp0.10__seed7,0.16002982488802145,,14,per_run_oof
qwen2p5_32b__math_test_00025_4388bd76__temp0.60__seed7,0.17686367388417848,0.75,14,per_run_oof
qwen2p5_32b__math_test_00025_4388bd76__temp1.00__seed7,0.14638927256935846,0.9166666666666667,14,per_run_oof
qwen2p5_32b__math_test_00026_4945051e__temp0.10__seed7,0.014287211612719486,,14,per_run_oof
qwen2p5_32b__math_test_00026_4945051e__temp0.60__seed7,0.3186172901722006,0.8222222222222222,14,per_run_oof
qwen2p5_32b__math_test_00026_4945051e__temp1.00__seed7,0.11698719527651678,0.0,14,per_run_oof
qwen2p5_32b__math_test_00027_9d852676__temp0.10__seed7,0.30672390498465496,,14,per_run_oof
qwen2p5_32b__math_test_00027_9d852676__temp0.60__seed7,0.3390664955588042,,14,per_run_oof
qwen2p5_32b__math_test_00027_9d852676__temp1.00__seed7,0.19165667834547775,,14,per_run_oof
qwen2p5_32b__math_test_00028_a585adcc__temp0.10__seed7,0.10307054953869503,0.9791666666666667,14,per_run_oof
qwen2p5_32b__math_test_00028_a585adcc__temp0.60__seed7,0.25965840717759886,0.15384615384615385,14,per_run_oof
qwen2p5_32b__math_test_00028_a585adcc__temp1.00__seed7,0.28164548336243284,,14,per_run_oof
qwen2p5_32b__math_test_00029_1b84e405__temp0.10__seed7,0.14944017313068975,0.979591836734694,14,per_run_oof
qwen2p5_32b__math_test_00029_1b84e405__temp0.60__seed7,0.09257657694011383,1.0,14,per_run_oof
qwen2p5_32b__math_test_00029_1b84e405__temp1.00__seed7,0.13904385301333516,0.9,14,per_run_oof
qwen2p5_32b__math_test_00030_a477f137__temp0.10__seed7,0.14721869321686487,0.8571428571428571,14,per_run_oof
qwen2p5_32b__math_test_00030_a477f137__temp0.60__seed7,0.21654906771492652,0.8666666666666667,14,per_run_oof
qwen2p5_32b__math_test_00030_a477f137__temp1.00__seed7,0.08678975489673545,1.0,14,per_run_oof
qwen2p5_32b__math_test_00031_1bbccbd2__temp0.10__seed7,0.08872202635932265,0.8979591836734694,14,per_run_oof
qwen2p5_32b__math_test_00031_1bbccbd2__temp0.60__seed7,0.04798175001453063,1.0,14,per_run_oof
qwen2p5_32b__math_test_00031_1bbccbd2__temp1.00__seed7,0.11133171065823756,0.9791666666666666,14,per_run_oof
qwen2p5_32b__math_test_00032_f08fb3bb__temp0.10__seed7,0.4399489634785372,0.8787878787878788,14,per_run_oof
qwen2p5_32b__math_test_00032_f08fb3bb__temp0.60__seed7,0.15893478429644733,1.0,14,per_run_oof
qwen2p5_32b__math_test_00032_f08fb3bb__temp1.00__seed7,0.3173824110263902,,14,per_run_oof
qwen2p5_32b__math_test_00033_0f789c1f__temp0.10__seed7,0.18664041518980642,,14,per_run_oof
qwen2p5_32b__math_test_00033_0f789c1f__temp0.60__seed7,0.21399409640831527,,14,per_run_oof
qwen2p5_32b__math_test_00033_0f789c1f__temp1.00__seed7,0.3879576718572136,,14,per_run_oof
qwen2p5_32b__math_test_00034_dae3e9e5__temp0.10__seed7,0.11829736344538233,0.9090909090909091,14,per_run_oof
qwen2p5_32b__math_test_00034_dae3e9e5__temp0.60__seed7,0.13121826307040174,0.979591836734694,14,per_run_oof
qwen2p5_32b__math_test_00034_dae3e9e5__temp1.00__seed7,0.07866890372893764,1.0,14,per_run_oof
qwen2p5_32b__math_test_00035_f144cd5e__temp0.10__seed7,0.16408790173227386,0.975,14,per_run_oof
qwen2p5_32b__math_test_00035_f144cd5e__temp0.60__seed7,0.18291447908797137,0.95,14,per_run_oof
qwen2p5_32b__math_test_00035_f144cd5e__temp1.00__seed7,0.2564226548451617,,14,per_run_oof
qwen2p5_32b__math_test_00036_ccf4238b__temp0.10__seed7,0.11358975081604553,0.9777777777777779,14,per_run_oof
qwen2p5_32b__math_test_00036_ccf4238b__temp0.60__seed7,0.1675346265165309,0.9375,14,per_run_oof
qwen2p5_32b__math_test_00036_ccf4238b__temp1.00__seed7,0.1099932171301861,1.0,14,per_run_oof
qwen2p5_32b__math_test_00037_2426e280__temp0.10__seed7,0.12139150959649761,0.9166666666666666,14,per_run_oof
qwen2p5_32b__math_test_00037_2426e280__temp0.60__seed7,0.0708859609729799,1.0,14,per_run_oof
qwen2p5_32b__math_test_00037_2426e280__temp1.00__seed7,0.11650456244197241,1.0,14,per_run_oof
qwen2p5_32b__math_test_00038_0e7cb690__temp0.10__seed7,0.08556037615792164,1.0,14,per_run_oof
qwen2p5_32b__math_test_00038_0e7cb690__temp0.60__seed7,0.08322831116775434,0.9555555555555556,14,per_run_oof
qwen2p5_32b__math_test_00038_0e7cb690__temp1.00__seed7,0.13103877464892802,0.8888888888888888,14,per_run_oof
qwen2p5_32b__math_test_00039_8ba6a72a__temp0.10__seed7,0.22113308674919838,0.6666666666666667,14,per_run_oof
qwen2p5_32b__math_test_00039_8ba6a72a__temp0.60__seed7,0.08519318838686714,0.9791666666666667,14,per_run_oof
qwen2p5_32b__math_test_00039_8ba6a72a__temp1.00__seed7,0.06785926015029937,1.0,14,per_run_oof
qwen2p5_32b__math_test_00040_814d16a0__temp0.10__seed7,0.08213436781205508,1.0,14,per_run_oof
qwen2p5_32b__math_test_00040_814d16a0__temp0.60__seed7,0.4177629331773292,,14,per_run_oof
qwen2p5_32b__math_test_00040_814d16a0__temp1.00__seed7,0.08636162052064253,1.0,14,per_run_oof
qwen2p5_32b__math_test_00041_7ad395c5__temp0.10__seed7,0.26574002978418965,,14,per_run_oof
qwen2p5_32b__math_test_00041_7ad395c5__temp0.60__seed7,0.2356424283378466,,14,per_run_oof
qwen2p5_32b__math_test_00041_7ad395c5__temp1.00__seed7,0.09621001798005037,,14,per_run_oof
qwen2p5_32b__math_test_00042_39c9185d__temp0.10__seed7,0.35690759480252526,,14,per_run_oof
qwen2p5_32b__math_test_00042_39c9185d__temp0.60__seed7,0.24190742820411537,,14,per_run_oof
qwen2p5_32b__math_test_00042_39c9185d__temp1.00__seed7,0.21946504176815446,,14,per_run_oof
qwen2p5_32b__math_test_00043_62275531__temp0.10__seed7,0.11132758404185797,1.0,14,per_run_oof
qwen2p5_32b__math_test_00043_62275531__temp0.60__seed7,0.13942436647309772,1.0,14,per_run_oof
qwen2p5_32b__math_test_00043_62275531__temp1.00__seed7,0.10391034734202466,1.0,14,per_run_oof
qwen2p5_32b__math_test_00044_810e3649__temp0.10__seed7,0.1086723506614862,1.0,14,per_run_oof
qwen2p5_32b__math_test_00044_810e3649__temp0.60__seed7,0.10269721846112731,1.0,14,per_run_oof
qwen2p5_32b__math_test_00044_810e3649__temp1.00__seed7,0.13227511962165264,1.0,14,per_run_oof
qwen2p5_32b__math_test_00045_152ae8e8__temp0.10__seed7,0.2129993654172615,,14,per_run_oof
qwen2p5_32b__math_test_00045_152ae8e8__temp0.60__seed7,0.33635018877793105,,14,per_run_oof
qwen2p5_32b__math_test_00045_152ae8e8__temp1.00__seed7,0.20411380326920184,,14,per_run_oof
qwen2p5_32b__math_test_00046_3e08e6df__temp0.10__seed7,0.14384611327861152,1.0,14,per_run_oof
qwen2p5_32b__math_test_00046_3e08e6df__temp0.60__seed7,0.41456976600218925,,14,per_run_oof
qwen2p5_32b__math_test_00046_3e08e6df__temp1.00__seed7,0.18653343812382744,,14,per_run_oof
qwen2p5_32b__math_test_00047_3a39ed4a__temp0.10__seed7,0.06002310976494768,,14,per_run_oof
qwen2p5_32b__math_test_00047_3a39ed4a__temp0.60__seed7,0.06712974606751342,,14,per_run_oof
qwen2p5_32b__math_test_00047_3a39ed4a__temp1.00__seed7,0.1258513526970901,,14,per_run_oof
qwen2p5_32b__math_test_00048_6a611c4a__temp0.10__seed7,0.3574120793419445,,14,per_run_oof
qwen2p5_32b__math_test_00048_6a611c4a__temp0.60__seed7,0.08639379055669837,1.0,14,per_run_oof
qwen2p5_32b__math_test_00048_6a611c4a__temp1.00__seed7,0.36203792729568013,,14,per_run_oof
qwen2p5_32b__math_test_00049_e45e9b10__temp0.10__seed7,0.08342085604255044,1.0,14,per_run_oof
qwen2p5_32b__math_test_00049_e45e9b10__temp0.60__seed7,0.32987697870071514,,14,per_run_oof
qwen2p5_32b__math_test_00049_e45e9b10__temp1.00__seed7,0.3118886453158373,,14,per_run_oof
qwen2p5_32b__math_test_00050_f4090aaa__temp0.10__seed7,0.08369002540200995,1.0,14,per_run_oof
qwen2p5_32b__math_test_00050_f4090aaa__temp0.60__seed7,0.07101303710105923,1.0,14,per_run_oof
qwen2p5_32b__math_test_00050_f4090aaa__temp1.00__seed7,0.13591453886282098,0.8775510204081632,14,per_run_oof
qwen2p5_32b__math_test_00051_1e5ff908__temp0.10__seed7,0.2794755567264055,,14,per_run_oof
qwen2p5_32b__math_test_00051_1e5ff908__temp0.60__seed7,0.059572115472879376,,14,per_run_oof
qwen2p5_32b__math_test_00051_1e5ff908__temp1.00__seed7,0.10459358987460046,,14,per_run_oof
qwen2p5_32b__math_test_00052_5850e1b9__temp0.10__seed7,0.12973353546138303,1.0,14,per_run_oof
qwen2p5_32b__math_test_00052_5850e1b9__temp0.60__seed7,0.12724010940525046,1.0,14,per_run_oof
qwen2p5_32b__math_test_00052_5850e1b9__temp1.00__seed7,0.05774304856347601,1.0,14,per_run_oof
qwen2p5_32b__math_test_00053_f8d21f23__temp0.10__seed7,0.21152510195058474,,14,per_run_oof
qwen2p5_32b__math_test_00053_f8d21f23__temp0.60__seed7,0.0652240045149417,,14,per_run_oof
qwen2p5_32b__math_test_00053_f8d21f23__temp1.00__seed7,0.24043612382849908,,14,per_run_oof
qwen2p5_32b__math_test_00054_ddf4c852__temp0.10__seed7,0.40191202764608425,,14,per_run_oof
qwen2p5_32b__math_test_00054_ddf4c852__temp0.60__seed7,0.4424910707071211,,14,per_run_oof
qwen2p5_32b__math_test_00054_ddf4c852__temp1.00__seed7,0.11347864002663612,0.9583333333333334,14,per_run_oof
qwen2p5_32b__math_test_00055_24952be5__temp0.10__seed7,0.09326929562029473,1.0,14,per_run_oof
qwen2p5_32b__math_test_00055_24952be5__temp0.60__seed7,0.06829505992157474,1.0,14,per_run_oof
qwen2p5_32b__math_test_00055_24952be5__temp1.00__seed7,0.17894834596820688,1.0,14,per_run_oof
qwen2p5_32b__math_test_00056_a8c223a1__temp0.10__seed7,0.16317368789256168,0.8666666666666667,14,per_run_oof
qwen2p5_32b__math_test_00056_a8c223a1__temp0.60__seed7,0.10844923992081243,,14,per_run_oof
qwen2p5_32b__math_test_00056_a8c223a1__temp1.00__seed7,0.08628080416335493,1.0,14,per_run_oof
qwen2p5_32b__math_test_00057_8236aaa4__temp0.10__seed7,0.0948775371997912,1.0,14,per_run_oof
qwen2p5_32b__math_test_00057_8236aaa4__temp0.60__seed7,0.38947803797183844,,14,per_run_oof
qwen2p5_32b__math_test_00057_8236aaa4__temp1.00__seed7,0.07315354081267891,1.0,14,per_run_oof
qwen2p5_32b__math_test_00058_7afa45ab__temp0.10__seed7,0.37560725008392554,0.8,14,per_run_oof
qwen2p5_32b__math_test_00058_7afa45ab__temp0.60__seed7,0.2845565165865969,0.9230769230769231,14,per_run_oof
qwen2p5_32b__math_test_00058_7afa45ab__temp1.00__seed7,0.10987359716731179,1.0,14,per_run_oof
qwen2p5_32b__math_test_00059_43a9d185__temp0.10__seed7,0.1475588782994059,0.75,14,per_run_oof
qwen2p5_32b__math_test_00059_43a9d185__temp0.60__seed7,0.15418720562337201,,14,per_run_oof
qwen2p5_32b__math_test_00059_43a9d185__temp1.00__seed7,0.13454178963026606,,14,per_run_oof
qwen2p5_32b__math_test_00060_a67ac75a__temp0.10__seed7,0.08551879341672512,1.0,14,per_run_oof
qwen2p5_32b__math_test_00060_a67ac75a__temp0.60__seed7,0.05986352962497301,1.0,14,per_run_oof
qwen2p5_32b__math_test_00060_a67ac75a__temp1.00__seed7,0.03352474538752913,1.0,14,per_run_oof
qwen2p5_32b__math_test_00061_4943c966__temp0.10__seed7,0.0788241467179852,1.0,14,per_run_oof
qwen2p5_32b__math_test_00061_4943c966__temp0.60__seed7,0.20436836458782562,,14,per_run_oof
qwen2p5_32b__math_test_00061_4943c966__temp1.00__seed7,0.1304726434989973,0.9090909090909091,14,per_run_oof
qwen2p5_32b__math_test_00062_ae97d603__temp0.10__seed7,0.11364562178177785,1.0,14,per_run_oof
qwen2p5_32b__math_test_00062_ae97d603__temp0.60__seed7,0.09714564685561701,0.979591836734694,14,per_run_oof
qwen2p5_32b__math_test_00062_ae97d603__temp1.00__seed7,0.11705719150427991,0.975,14,per_run_oof
qwen2p5_32b__math_test_00063_7eb01312__temp0.10__seed7,0.5422810752317772,0.22916666666666669,14,per_run_oof
qwen2p5_32b__math_test_00063_7eb01312__temp0.60__seed7,0.17969072274867326,,14,per_run_oof
qwen2p5_32b__math_test_00063_7eb01312__temp1.00__seed7,0.008380904146880652,,14,per_run_oof
qwen2p5_32b__math_test_00064_56e26e67__temp0.10__seed7,0.010261883166084092,,14,per_run_oof
qwen2p5_32b__math_test_00064_56e26e67__temp0.60__seed7,0.09596529170825364,,14,per_run_oof
qwen2p5_32b__math_test_00064_56e26e67__temp1.00__seed7,0.31329563111030234,,14,per_run_oof
qwen2p5_32b__math_test_00065_1d982f42__temp0.10__seed7,0.060122780363524086,,14,per_run_oof
qwen2p5_32b__math_test_00065_1d982f42__temp0.60__seed7,0.1965091187544523,,14,per_run_oof
qwen2p5_32b__math_test_00065_1d982f42__temp1.00__seed7,0.17934318205979136,,14,per_run_oof
qwen2p5_32b__math_test_00066_c503000c__temp0.10__seed7,0.14484873402220158,,14,per_run_oof
qwen2p5_32b__math_test_00066_c503000c__temp0.60__seed7,0.16599872205848612,0.9777777777777779,14,per_run_oof
qwen2p5_32b__math_test_00066_c503000c__temp1.00__seed7,0.3264806917570434,0.7575757575757576,14,per_run_oof
qwen2p5_32b__math_test_00067_b2cca4da__temp0.10__seed7,0.10810790127554228,0.9230769230769231,14,per_run_oof
qwen2p5_32b__math_test_00067_b2cca4da__temp0.60__seed7,0.09169832310329343,1.0,14,per_run_oof
qwen2p5_32b__math_test_00067_b2cca4da__temp1.00__seed7,0.7546812627950995,0.787878787878788,14,per_run_oof
qwen2p5_32b__math_test_00068_ea595be8__temp0.10__seed7,0.08106855334613781,1.0,14,per_run_oof
qwen2p5_32b__math_test_00068_ea595be8__temp0.60__seed7,0.34434384084418523,,14,per_run_oof
qwen2p5_32b__math_test_00068_ea595be8__temp1.00__seed7,0.20599520036822141,,14,per_run_oof
qwen2p5_32b__math_test_00069_c6dad45a__temp0.10__seed7,0.1177036566448892,0.9166666666666666,14,per_run_oof
qwen2p5_32b__math_test_00069_c6dad45a__temp0.60__seed7,0.1127104041738571,0.9777777777777779,14,per_run_oof
qwen2p5_32b__math_test_00069_c6dad45a__temp1.00__seed7,0.20927652146990167,1.0,14,per_run_oof
qwen2p5_32b__math_test_00070_96016437__temp0.10__seed7,0.11002903420539172,,14,per_run_oof
qwen2p5_32b__math_test_00070_96016437__temp0.60__seed7,0.2175365242278069,,14,per_run_oof
qwen2p5_32b__math_test_00070_96016437__temp1.00__seed7,0.14355762114233286,0.9090909090909092,14,per_run_oof
qwen2p5_32b__math_test_00071_98672352__temp0.10__seed7,0.123532721239722,1.0,14,per_run_oof
qwen2p5_32b__math_test_00071_98672352__temp0.60__seed7,0.17731273054214797,0.675,14,per_run_oof
qwen2p5_32b__math_test_00071_98672352__temp1.00__seed7,0.1632499101824854,0.9,14,per_run_oof
qwen2p5_32b__math_test_00072_76de8c53__temp0.10__seed7,0.27672693692412714,,14,per_run_oof
qwen2p5_32b__math_test_00072_76de8c53__temp0.60__seed7,0.07318443212487769,1.0,14,per_run_oof
qwen2p5_32b__math_test_00072_76de8c53__temp1.00__seed7,0.1316942859017999,1.0,14,per_run_oof
qwen2p5_32b__math_test_00073_7f9e23c9__temp0.10__seed7,0.07733131664032918,,14,per_run_oof
qwen2p5_32b__math_test_00073_7f9e23c9__temp0.60__seed7,0.0991500736026919,,14,per_run_oof
qwen2p5_32b__math_test_00073_7f9e23c9__temp1.00__seed7,0.0737883286237637,,14,per_run_oof
qwen2p5_32b__math_test_00074_5b6e5429__temp0.10__seed7,0.15795077857171141,0.925,14,per_run_oof
qwen2p5_32b__math_test_00074_5b6e5429__temp0.60__seed7,0.26565017747244785,0.8787878787878789,14,per_run_oof
qwen2p5_32b__math_test_00074_5b6e5429__temp1.00__seed7,0.052519240154833925,1.0,14,per_run_oof
qwen2p5_32b__math_test_00075_387f76f4__temp0.10__seed7,0.4614919251772815,,14,per_run_oof
qwen2p5_32b__math_test_00075_387f76f4__temp0.60__seed7,0.35981408763339795,,14,per_run_oof
qwen2p5_32b__math_test_00075_387f76f4__temp1.00__seed7,0.16302388065793316,1.0,14,per_run_oof
qwen2p5_32b__math_test_00076_b45bd200__temp0.10__seed7,0.3592888993846764,,14,per_run_oof
qwen2p5_32b__math_test_00076_b45bd200__temp0.60__seed7,0.4467808113666667,,14,per_run_oof
qwen2p5_32b__math_test_00076_b45bd200__temp1.00__seed7,0.41992851398769976,,14,per_run_oof
qwen2p5_32b__math_test_00077_0fdb870e__temp0.10__seed7,0.11352523395509238,0.9166666666666667,14,per_run_oof
qwen2p5_32b__math_test_00077_0fdb870e__temp0.60__seed7,0.12412605227558014,0.9393939393939393,14,per_run_oof
qwen2p5_32b__math_test_00077_0fdb870e__temp1.00__seed7,0.11381179668428895,0.9696969696969697,14,per_run_oof
qwen2p5_32b__math_test_00078_7de927b7__temp0.10__seed7,0.17471694430998977,,14,per_run_oof
qwen2p5_32b__math_test_00078_7de927b7__temp0.60__seed7,0.17573369047862972,,14,per_run_oof
qwen2p5_32b__math_test_00078_7de927b7__temp1.00__seed7,0.14404666324853294,,14,per_run_oof
qwen2p5_32b__math_test_00079_3f967fbe__temp0.10__seed7,0.10753740483528561,1.0,14,per_run_oof
qwen2p5_32b__math_test_00079_3f967fbe__temp0.60__seed7,0.12312130604385048,0.9230769230769231,14,per_run_oof
qwen2p5_32b__math_test_00079_3f967fbe__temp1.00__seed7,0.16680983306568772,0.7692307692307693,14,per_run_oof
qwen2p5_32b__math_test_00080_ea7d5602__temp0.10__seed7,0.13064978792407037,,14,per_run_oof
qwen2p5_32b__math_test_00080_ea7d5602__temp0.60__seed7,0.1509390427062081,,14,per_run_oof
qwen2p5_32b__math_test_00080_ea7d5602__temp1.00__seed7,0.187084404665489,,14,per_run_oof
qwen2p5_32b__math_test_00081_df488277__temp0.10__seed7,0.16252317959087725,,14,per_run_oof
qwen2p5_32b__math_test_00081_df488277__temp0.60__seed7,0.08007635049828155,1.0,14,per_run_oof
qwen2p5_32b__math_test_00081_df488277__temp1.00__seed7,0.1622303121886979,1.0,14,per_run_oof
qwen2p5_32b__math_test_00082_7fd2e8f8__temp0.10__seed7,0.44366436572042145,,14,per_run_oof
qwen2p5_32b__math_test_00082_7fd2e8f8__temp0.60__seed7,0.34089489468825207,,14,per_run_oof
qwen2p5_32b__math_test_00082_7fd2e8f8__temp1.00__seed7,0.47077954797678023,,14,per_run_oof
qwen2p5_32b__math_test_00083_5465f015__temp0.10__seed7,0.0721378491016619,1.0,14,per_run_oof
qwen2p5_32b__math_test_00083_5465f015__temp0.60__seed7,0.07827255753902017,1.0,14,per_run_oof
qwen2p5_32b__math_test_00083_5465f015__temp1.00__seed7,0.18349886375899724,,14,per_run_oof
qwen2p5_32b__math_test_00084_c4267ccc__temp0.10__seed7,0.23720954773584982,,14,per_run_oof
qwen2p5_32b__math_test_00084_c4267ccc__temp0.60__seed7,0.19964612825696296,,14,per_run_oof
qwen2p5_32b__math_test_00084_c4267ccc__temp1.00__seed7,0.13688843160201605,,14,per_run_oof
qwen2p5_32b__math_test_00085_ab1a6003__temp0.10__seed7,0.12614546245518807,0.9696969696969697,14,per_run_oof
qwen2p5_32b__math_test_00085_ab1a6003__temp0.60__seed7,0.17578078826609228,0.9166666666666666,14,per_run_oof
qwen2p5_32b__math_test_00085_ab1a6003__temp1.00__seed7,0.16584587074202567,0.9,14,per_run_oof
qwen2p5_32b__math_test_00086_3447bc00__temp0.10__seed7,0.1920298931925956,,14,per_run_oof
qwen2p5_32b__math_test_00086_3447bc00__temp0.60__seed7,0.10187312049646916,0.9696969696969697,14,per_run_oof
qwen2p5_32b__math_test_00086_3447bc00__temp1.00__seed7,0.18607451170373926,,14,per_run_oof
qwen2p5_32b__math_test_00087_649d31a4__temp0.10__seed7,0.08278347873347389,1.0,14,per_run_oof
qwen2p5_32b__math_test_00087_649d31a4__temp0.60__seed7,0.5013790770193118,,14,per_run_oof
qwen2p5_32b__math_test_00087_649d31a4__temp1.00__seed7,0.1307446837264796,0.925,14,per_run_oof
qwen2p5_32b__math_test_00088_207198c5__temp0.10__seed7,0.12321795033313489,1.0,14,per_run_oof
qwen2p5_32b__math_test_00088_207198c5__temp0.60__seed7,0.11544667837798737,1.0,14,per_run_oof
qwen2p5_32b__math_test_00088_207198c5__temp1.00__seed7,0.4196192727821072,,14,per_run_oof
qwen2p5_32b__math_test_00089_962971ae__temp0.10__seed7,0.08200166326860005,1.0,14,per_run_oof
qwen2p5_32b__math_test_00089_962971ae__temp0.60__seed7,0.13002587750653977,1.0,14,per_run_oof
qwen2p5_32b__math_test_00089_962971ae__temp1.00__seed7,0.17832270303362233,0.7692307692307693,14,per_run_oof
qwen2p5_32b__math_test_00090_f27fcf39__temp0.10__seed7,0.1876947490916427,1.0,14,per_run_oof
qwen2p5_32b__math_test_00090_f27fcf39__temp0.60__seed7,0.16826487668651516,1.0,14,per_run_oof
qwen2p5_32b__math_test_00090_f27fcf39__temp1.00__seed7,0.145532215911133,0.9555555555555556,14,per_run_oof
qwen2p5_32b__math_test_00091_6c78d89b__temp0.10__seed7,0.09810560366149866,1.0,14,per_run_oof
qwen2p5_32b__math_test_00091_6c78d89b__temp0.60__seed7,0.09293800076762712,1.0,14,per_run_oof
qwen2p5_32b__math_test_00091_6c78d89b__temp1.00__seed7,0.11474473454597815,1.0,14,per_run_oof
qwen2p5_32b__math_test_00092_d2ef929c__temp0.10__seed7,0.3410106937903323,,14,per_run_oof
qwen2p5_32b__math_test_00092_d2ef929c__temp0.60__seed7,0.29299514886447003,,14,per_run_oof
qwen2p5_32b__math_test_00092_d2ef929c__temp1.00__seed7,0.21571874084694403,,14,per_run_oof
qwen2p5_32b__math_test_00093_c6ee4fae__temp0.10__seed7,0.100174093376224,1.0,14,per_run_oof
qwen2p5_32b__math_test_00093_c6ee4fae__temp0.60__seed7,0.15128558966479638,0.9230769230769231,14,per_run_oof
qwen2p5_32b__math_test_00093_c6ee4fae__temp1.00__seed7,0.15854462525473517,1.0,14,per_run_oof
qwen2p5_32b__math_test_00094_82adbbe7__temp0.10__seed7,0.1115586966100275,,14,per_run_oof
qwen2p5_32b__math_test_00094_82adbbe7__temp0.60__seed7,0.2695027254834678,,14,per_run_oof
qwen2p5_32b__math_test_00094_82adbbe7__temp1.00__seed7,0.02897962517130767,,14,per_run_oof
qwen2p5_32b__math_test_00095_21ca381e__temp0.10__seed7,0.46564938264431055,0.0,14,per_run_oof
qwen2p5_32b__math_test_00095_21ca381e__temp0.60__seed7,0.4026376938756128,,14,per_run_oof
qwen2p5_32b__math_test_00095_21ca381e__temp1.00__seed7,0.1342944678636296,1.0,14,per_run_oof
qwen2p5_32b__math_test_00096_9055d1e9__temp0.10__seed7,0.2450263836939634,,14,per_run_oof
qwen2p5_32b__math_test_00096_9055d1e9__temp0.60__seed7,0.001178467841392774,,14,per_run_oof
qwen2p5_32b__math_test_00096_9055d1e9__temp1.00__seed7,0.25494091361934196,,14,per_run_oof
qwen2p5_32b__math_test_00097_30394417__temp0.10__seed7,0.27228151581980603,,14,per_run_oof
qwen2p5_32b__math_test_00097_30394417__temp0.60__seed7,0.3078456804794443,,14,per_run_oof
qwen2p5_32b__math_test_00097_30394417__temp1.00__seed7,0.2269713977493588,,14,per_run_oof
qwen2p5_32b__math_test_00098_9ceda233__temp0.10__seed7,0.08763561941749587,,14,per_run_oof
qwen2p5_32b__math_test_00098_9ceda233__temp0.60__seed7,0.11376111927039309,0.9791666666666667,14,per_run_oof
qwen2p5_32b__math_test_00098_9ceda233__temp1.00__seed7,0.08404955256507592,1.0,14,per_run_oof
qwen2p5_32b__math_test_00099_491d2137__temp0.10__seed7,0.4078771304160888,,14,per_run_oof
qwen2p5_32b__math_test_00099_491d2137__temp0.60__seed7,0.5324843204094881,,14,per_run_oof
qwen2p5_32b__math_test_00099_491d2137__temp1.00__seed7,0.4780091490815933,,14,per_run_oof
qwen2p5_32b__math_test_00100_941d341c__temp0.10__seed7,0.06912370169365577,1.0,14,per_run_oof
qwen2p5_32b__math_test_00100_941d341c__temp0.60__seed7,0.08061433479238896,1.0,14,per_run_oof
qwen2p5_32b__math_test_00100_941d341c__temp1.00__seed7,0.06115647306934864,1.0,14,per_run_oof
qwen2p5_32b__math_test_00101_75e027f9__temp0.10__seed7,0.30540908076280077,,14,per_run_oof
qwen2p5_32b__math_test_00101_75e027f9__temp0.60__seed7,0.1393750972049039,1.0,14,per_run_oof
qwen2p5_32b__math_test_00101_75e027f9__temp1.00__seed7,0.15536055386389488,1.0,14,per_run_oof
qwen2p5_32b__math_test_00102_129dd488__temp0.10__seed7,0.23568310836235623,0.6458333333333333,14,per_run_oof
qwen2p5_32b__math_test_00102_129dd488__temp0.60__seed7,0.10244442994743153,1.0,14,per_run_oof
qwen2p5_32b__math_test_00102_129dd488__temp1.00__seed7,0.2128175276442818,,14,per_run_oof
qwen2p5_32b__math_test_00103_7b0f3b51__temp0.10__seed7,0.1273190529485293,1.0,14,per_run_oof
qwen2p5_32b__math_test_00103_7b0f3b51__temp0.60__seed7,0.1039763511968972,1.0,14,per_run_oof
qwen2p5_32b__math_test_00103_7b0f3b51__temp1.00__seed7,0.09333102138978246,1.0,14,per_run_oof
qwen2p5_32b__math_test_00104_d684f1e9__temp0.10__seed7,0.1052992429227504,1.0,14,per_run_oof
qwen2p5_32b__math_test_00104_d684f1e9__temp0.60__seed7,0.16528242446751223,1.0,14,per_run_oof
qwen2p5_32b__math_test_00104_d684f1e9__temp1.00__seed7,0.12941989566679596,1.0,14,per_run_oof
qwen2p5_32b__math_test_00105_6b770d5f__temp0.10__seed7,0.16293072034538067,,14,per_run_oof
qwen2p5_32b__math_test_00105_6b770d5f__temp0.60__seed7,0.30817097525348036,,14,per_run_oof
qwen2p5_32b__math_test_00105_6b770d5f__temp1.00__seed7,0.13645221814827743,,14,per_run_oof
qwen2p5_32b__math_test_00106_6e98540c__temp0.10__seed7,0.08603569169784346,,14,per_run_oof
qwen2p5_32b__math_test_00106_6e98540c__temp0.60__seed7,0.5539754289038041,,14,per_run_oof
qwen2p5_32b__math_test_00106_6e98540c__temp1.00__seed7,0.16422047387263045,0.8571428571428572,14,per_run_oof
qwen2p5_32b__math_test_00107_fd74cd11__temp0.10__seed7,0.2577122466273291,,14,per_run_oof
qwen2p5_32b__math_test_00107_fd74cd11__temp0.60__seed7,0.2755301154082711,,14,per_run_oof
qwen2p5_32b__math_test_00107_fd74cd11__temp1.00__seed7,0.18073593102822078,0.8888888888888888,14,per_run_oof
qwen2p5_32b__math_test_00108_611e7552__temp0.10__seed7,0.21069050650961962,,14,per_run_oof
qwen2p5_32b__math_test_00108_611e7552__temp0.60__seed7,0.17984797227482405,1.0,14,per_run_oof
qwen2p5_32b__math_test_00108_611e7552__temp1.00__seed7,0.190675720720855,1.0,14,per_run_oof
qwen2p5_32b__math_test_00109_d90424d8__temp0.10__seed7,0.37185895397588925,,14,per_run_oof
qwen2p5_32b__math_test_00109_d90424d8__temp0.60__seed7,0.3136634647920224,,14,per_run_oof
qwen2p5_32b__math_test_00109_d90424d8__temp1.00__seed7,0.05936401284177232,,14,per_run_oof
qwen2p5_32b__math_test_00110_72b3623f__temp0.10__seed7,0.22180430684146818,,14,per_run_oof
qwen2p5_32b__math_test_00110_72b3623f__temp0.60__seed7,0.10752781999628144,1.0,14,per_run_oof
qwen2p5_32b__math_test_00110_72b3623f__temp1.00__seed7,0.15076975180836133,,14,per_run_oof
qwen2p5_32b__math_test_00111_d752e2e3__temp0.10__seed7,0.16115162968675684,0.7272727272727273,14,per_run_oof
qwen2p5_32b__math_test_00111_d752e2e3__temp0.60__seed7,0.1440551298887533,1.0,14,per_run_oof
qwen2p5_32b__math_test_00111_d752e2e3__temp1.00__seed7,0.18473182249897074,0.925,14,per_run_oof
qwen2p5_32b__math_test_00112_84e6f7fa__temp0.10__seed7,0.0777032435935616,0.9791666666666667,14,per_run_oof
qwen2p5_32b__math_test_00112_84e6f7fa__temp0.60__seed7,0.17072663609521857,,14,per_run_oof
qwen2p5_32b__math_test_00112_84e6f7fa__temp1.00__seed7,0.12452205516157536,0.9583333333333333,14,per_run_oof
qwen2p5_32b__math_test_00113_f30e88a0__temp0.10__seed7,0.09606371246540772,1.0,14,per_run_oof
qwen2p5_32b__math_test_00113_f30e88a0__temp0.60__seed7,0.21697300964396274,1.0,14,per_run_oof
qwen2p5_32b__math_test_00113_f30e88a0__temp1.00__seed7,0.12813251257890784,1.0,14,per_run_oof
qwen2p5_32b__math_test_00114_deb9efc8__temp0.10__seed7,0.1210586421404776,1.0,14,per_run_oof
qwen2p5_32b__math_test_00114_deb9efc8__temp0.60__seed7,0.07515561372438771,1.0,14,per_run_oof
qwen2p5_32b__math_test_00114_deb9efc8__temp1.00__seed7,0.08426407844646265,1.0,14,per_run_oof
qwen2p5_32b__math_test_00115_e20c9b7a__temp0.10__seed7,0.05352134563269242,,14,per_run_oof
qwen2p5_32b__math_test_00115_e20c9b7a__temp0.60__seed7,0.2560528879573918,,14,per_run_oof
qwen2p5_32b__math_test_00115_e20c9b7a__temp1.00__seed7,0.019817060037861395,,14,per_run_oof
qwen2p5_32b__math_test_00116_61f50e3d__temp0.10__seed7,0.4536312684753924,,14,per_run_oof
qwen2p5_32b__math_test_00116_61f50e3d__temp0.60__seed7,0.34667959944089294,,14,per_run_oof
qwen2p5_32b__math_test_00116_61f50e3d__temp1.00__seed7,0.13718477265801188,0.9591836734693878,14,per_run_oof
qwen2p5_32b__math_test_00117_e884ad93__temp0.10__seed7,0.12333426199195255,0.9591836734693877,14,per_run_oof
qwen2p5_32b__math_test_00117_e884ad93__temp0.60__seed7,0.36564996115460796,,14,per_run_oof
qwen2p5_32b__math_test_00117_e884ad93__temp1.00__seed7,0.19220303453696105,,14,per_run_oof
qwen2p5_32b__math_test_00118_fc8ebbb3__temp0.10__seed7,0.12705084756306687,1.0,14,per_run_oof
qwen2p5_32b__math_test_00118_fc8ebbb3__temp0.60__seed7,0.1555786151030704,,14,per_run_oof
qwen2p5_32b__math_test_00118_fc8ebbb3__temp1.00__seed7,0.1778672354587125,1.0,14,per_run_oof
qwen2p5_32b__math_test_00119_a6218ea2__temp0.10__seed7,0.15510126404342187,,14,per_run_oof
qwen2p5_32b__math_test_00119_a6218ea2__temp0.60__seed7,0.2744502154162492,,14,per_run_oof
qwen2p5_32b__math_test_00119_a6218ea2__temp1.00__seed7,0.08434363227771309,,14,per_run_oof
qwen2p5_32b__math_test_00120_8eef5288__temp0.10__seed7,0.0938921913645482,1.0,14,per_run_oof
qwen2p5_32b__math_test_00120_8eef5288__temp0.60__seed7,0.1980594335240274,0.9387755102040816,14,per_run_oof
qwen2p5_32b__math_test_00120_8eef5288__temp1.00__seed7,0.12312599161093352,0.9591836734693877,14,per_run_oof
qwen2p5_32b__math_test_00121_23cfdf25__temp0.10__seed7,0.13487577733166137,0.975,14,per_run_oof
qwen2p5_32b__math_test_00121_23cfdf25__temp0.60__seed7,0.1545678861885245,0.8367346938775511,14,per_run_oof
qwen2p5_32b__math_test_00121_23cfdf25__temp1.00__seed7,0.05285330032457074,1.0,14,per_run_oof
qwen2p5_32b__math_test_00122_fdf4300d__temp0.10__seed7,0.10125328853327811,1.0,14,per_run_oof
qwen2p5_32b__math_test_00122_fdf4300d__temp0.60__seed7,0.2966540368600657,,14,per_run_oof
qwen2p5_32b__math_test_00122_fdf4300d__temp1.00__seed7,0.15310703573550485,0.9375,14,per_run_oof
qwen2p5_32b__math_test_00123_860f65d4__temp0.10__seed7,0.002754425421680807,,14,per_run_oof
qwen2p5_32b__math_test_00123_860f65d4__temp0.60__seed7,0.20735493685416345,,14,per_run_oof
qwen2p5_32b__math_test_00123_860f65d4__temp1.00__seed7,0.051225258604227296,,14,per_run_oof
qwen2p5_32b__math_test_00124_93bacf2d__temp0.10__seed7,0.15325008820356806,0.875,14,per_run_oof
qwen2p5_32b__math_test_00124_93bacf2d__temp0.60__seed7,0.37532108802712355,,14,per_run_oof
qwen2p5_32b__math_test_00124_93bacf2d__temp1.00__seed7,0.15883031829861585,0.9111111111111111,14,per_run_oof
qwen2p5_32b__math_test_00125_e5ac5620__temp0.10__seed7,0.08085689006579434,1.0,14,per_run_oof
qwen2p5_32b__math_test_00125_e5ac5620__temp0.60__seed7,0.19353455880205228,,14,per_run_oof
qwen2p5_32b__math_test_00125_e5ac5620__temp1.00__seed7,0.11081461949986261,0.9583333333333334,14,per_run_oof
qwen2p5_32b__math_test_00126_81f4f6da__temp0.10__seed7,0.03746839064181714,,14,per_run_oof
qwen2p5_32b__math_test_00126_81f4f6da__temp0.60__seed7,0.3960435555193043,0.775,14,per_run_oof
qwen2p5_32b__math_test_00126_81f4f6da__temp1.00__seed7,0.1523854187158221,,14,per_run_oof
qwen2p5_32b__math_test_00127_831d47a3__temp0.10__seed7,0.15056948139331008,1.0,14,per_run_oof
qwen2p5_32b__math_test_00127_831d47a3__temp0.60__seed7,0.1094089417050016,1.0,14,per_run_oof
qwen2p5_32b__math_test_00127_831d47a3__temp1.00__seed7,0.08738088615712115,1.0,14,per_run_oof
qwen2p5_32b__math_test_00128_34115c3f__temp0.10__seed7,0.12178378271954812,0.975,14,per_run_oof
qwen2p5_32b__math_test_00128_34115c3f__temp0.60__seed7,0.13545372924487523,0.9583333333333333,14,per_run_oof
qwen2p5_32b__math_test_00128_34115c3f__temp1.00__seed7,0.26582018483953684,,14,per_run_oof
qwen2p5_32b__math_test_00129_13560ab9__temp0.10__seed7,0.07483332826105484,0.0,14,per_run_oof
qwen2p5_32b__math_test_00129_13560ab9__temp0.60__seed7,0.11989408197470205,1.0,14,per_run_oof
qwen2p5_32b__math_test_00129_13560ab9__temp1.00__seed7,0.18546696377796512,0.9230769230769231,14,per_run_oof
qwen2p5_32b__math_test_00130_587c37e4__temp0.10__seed7,0.06417996858295978,,14,per_run_oof
qwen2p5_32b__math_test_00130_587c37e4__temp0.60__seed7,0.16881402845258056,,14,per_run_oof
qwen2p5_32b__math_test_00130_587c37e4__temp1.00__seed7,0.17886854903960098,,14,per_run_oof
qwen2p5_32b__math_test_00131_e4690c90__temp0.10__seed7,0.1471230890189175,0.8958333333333334,14,per_run_oof
qwen2p5_32b__math_test_00131_e4690c90__temp0.60__seed7,0.12927953021068408,1.0,14,per_run_oof
qwen2p5_32b__math_test_00131_e4690c90__temp1.00__seed7,0.3138760390443514,,14,per_run_oof
qwen2p5_32b__math_test_00132_9804c9ed__temp0.10__seed7,0.10734927065865943,0.9555555555555555,14,per_run_oof
qwen2p5_32b__math_test_00132_9804c9ed__temp0.60__seed7,0.0843246885041693,1.0,14,per_run_oof
qwen2p5_32b__math_test_00132_9804c9ed__temp1.00__seed7,0.18389065672569913,0.7878787878787878,14,per_run_oof
qwen2p5_32b__math_test_00133_efc15efb__temp0.10__seed7,0.047674771353799064,1.0,14,per_run_oof
qwen2p5_32b__math_test_00133_efc15efb__temp0.60__seed7,0.13283069058259037,1.0,14,per_run_oof
qwen2p5_32b__math_test_00133_efc15efb__temp1.00__seed7,0.3843242485524168,,14,per_run_oof
qwen2p5_32b__math_test_00134_729aab2d__temp0.10__seed7,0.16732856133120874,1.0,14,per_run_oof
qwen2p5_32b__math_test_00134_729aab2d__temp0.60__seed7,0.012771079064735461,,14,per_run_oof
qwen2p5_32b__math_test_00134_729aab2d__temp1.00__seed7,0.06469253243433262,0.8461538461538461,14,per_run_oof
qwen2p5_32b__math_test_00135_cc85526c__temp0.10__seed7,0.13883849428016148,0.9090909090909091,14,per_run_oof
qwen2p5_32b__math_test_00135_cc85526c__temp0.60__seed7,0.1334038537458464,0.9090909090909091,14,per_run_oof
qwen2p5_32b__math_test_00135_cc85526c__temp1.00__seed7,0.07556755778571356,1.0,14,per_run_oof
qwen2p5_32b__math_test_00136_8e69a186__temp0.10__seed7,0.004202185247023718,,14,per_run_oof
qwen2p5_32b__math_test_00136_8e69a186__temp0.60__seed7,0.024445766169511905,1.0,14,per_run_oof
qwen2p5_32b__math_test_00136_8e69a186__temp1.00__seed7,0.17042774761392473,1.0,14,per_run_oof
qwen2p5_32b__math_test_00137_66c4d3d6__temp0.10__seed7,0.21851691637843265,0.8222222222222222,14,per_run_oof
qwen2p5_32b__math_test_00137_66c4d3d6__temp0.60__seed7,0.27351366443988767,0.6923076923076923,14,per_run_oof
qwen2p5_32b__math_test_00137_66c4d3d6__temp1.00__seed7,0.18880833445433237,,14,per_run_oof
qwen2p5_32b__math_test_00138_3cca3484__temp0.10__seed7,0.260940452463109,,14,per_run_oof
qwen2p5_32b__math_test_00138_3cca3484__temp0.60__seed7,0.2558460233465432,,14,per_run_oof
qwen2p5_32b__math_test_00138_3cca3484__temp1.00__seed7,0.2328481226614741,,14,per_run_oof
qwen2p5_32b__math_test_00139_55101384__temp0.10__seed7,0.1033967120367165,1.0,14,per_run_oof
qwen2p5_32b__math_test_00139_55101384__temp0.60__seed7,0.1064115170466106,1.0,14,per_run_oof
qwen2p5_32b__math_test_00139_55101384__temp1.00__seed7,0.278164562238664,,14,per_run_oof
qwen2p5_32b__math_test_00140_9c2a8a8c__temp0.10__seed7,0.0852155174426287,0.979591836734694,14,per_run_oof
qwen2p5_32b__math_test_00140_9c2a8a8c__temp0.60__seed7,0.3075994859731598,,14,per_run_oof
qwen2p5_32b__math_test_00140_9c2a8a8c__temp1.00__seed7,0.08190547008436126,,14,per_run_oof
qwen2p5_32b__math_test_00141_fa53302b__temp0.10__seed7,0.09312083779496724,0.9777777777777779,14,per_run_oof
qwen2p5_32b__math_test_00141_fa53302b__temp0.60__seed7,0.18958451715125704,0.7777777777777778,14,per_run_oof
qwen2p5_32b__math_test_00141_fa53302b__temp1.00__seed7,0.16152815035199253,0.9,14,per_run_oof
qwen2p5_32b__math_test_00142_a535d7ed__temp0.10__seed7,0.09170450597521886,,14,per_run_oof
qwen2p5_32b__math_test_00142_a535d7ed__temp0.60__seed7,0.10377077719897265,,14,per_run_oof
qwen2p5_32b__math_test_00142_a535d7ed__temp1.00__seed7,0.4616309719107788,,14,per_run_oof
qwen2p5_32b__math_test_00143_f0361309__temp0.10__seed7,0.06724138715362314,,14,per_run_oof
qwen2p5_32b__math_test_00143_f0361309__temp0.60__seed7,0.12111508290816149,,14,per_run_oof
qwen2p5_32b__math_test_00143_f0361309__temp1.00__seed7,0.0608013857476389,,14,per_run_oof
qwen2p5_32b__math_test_00144_3287fa74__temp0.10__seed7,0.0077080954750897174,,14,per_run_oof
qwen2p5_32b__math_test_00144_3287fa74__temp0.60__seed7,0.007501998646190347,,14,per_run_oof
qwen2p5_32b__math_test_00144_3287fa74__temp1.00__seed7,0.08305659411957862,1.0,14,per_run_oof
qwen2p5_32b__math_test_00145_bb1c005f__temp0.10__seed7,0.10611871555458048,1.0,14,per_run_oof
qwen2p5_32b__math_test_00145_bb1c005f__temp0.60__seed7,0.12726405980696465,0.9555555555555555,14,per_run_oof
qwen2p5_32b__math_test_00145_bb1c005f__temp1.00__seed7,0.24972110296516276,,14,per_run_oof
qwen2p5_32b__math_test_00146_faf5031d__temp0.10__seed7,0.10227204475844022,1.0,14,per_run_oof
qwen2p5_32b__math_test_00146_faf5031d__temp0.60__seed7,0.20011857775722355,0.8125,14,per_run_oof
qwen2p5_32b__math_test_00146_faf5031d__temp1.00__seed7,0.16237561930821404,0.9583333333333334,14,per_run_oof
qwen2p5_32b__math_test_00147_390c3a01__temp0.10__seed7,0.15696912849049613,0.9583333333333333,14,per_run_oof
qwen2p5_32b__math_test_00147_390c3a01__temp0.60__seed7,0.3268337782147895,,14,per_run_oof
qwen2p5_32b__math_test_00147_390c3a01__temp1.00__seed7,0.15700320996592623,0.875,14,per_run_oof
qwen2p5_32b__math_test_00148_c9dddba4__temp0.10__seed7,0.11748531218515713,1.0,14,per_run_oof
qwen2p5_32b__math_test_00148_c9dddba4__temp0.60__seed7,0.2965627226130307,,14,per_run_oof
qwen2p5_32b__math_test_00148_c9dddba4__temp1.00__seed7,0.08471091451505504,1.0,14,per_run_oof
qwen2p5_32b__math_test_00149_805d659b__temp0.10__seed7,0.26629160795339213,0.9166666666666667,14,per_run_oof
qwen2p5_32b__math_test_00149_805d659b__temp0.60__seed7,0.3757132393244716,,14,per_run_oof
qwen2p5_32b__math_test_00149_805d659b__temp1.00__seed7,0.24407241305820201,0.6666666666666666,14,per_run_oof
qwen2p5_32b__math_test_00150_f0a2fdf6__temp0.10__seed7,0.02901654726551597,,14,per_run_oof
qwen2p5_32b__math_test_00150_f0a2fdf6__temp0.60__seed7,0.14812200468551895,0.9375,14,per_run_oof
qwen2p5_32b__math_test_00150_f0a2fdf6__temp1.00__seed7,0.17614525016574034,0.9,14,per_run_oof
qwen2p5_32b__math_test_00151_3228d9fb__temp0.10__seed7,0.12465728921468032,1.0,14,per_run_oof
qwen2p5_32b__math_test_00151_3228d9fb__temp0.60__seed7,0.08619527551745701,1.0,14,per_run_oof
qwen2p5_32b__math_test_00151_3228d9fb__temp1.00__seed7,0.10920450982615691,0.9791666666666667,14,per_run_oof
qwen2p5_32b__math_test_00152_df146136__temp0.10__seed7,0.20459454317915177,0.8125,14,per_run_oof
qwen2p5_32b__math_test_00152_df146136__temp0.60__seed7,0.1287541287296143,1.0,14,per_run_oof
qwen2p5_32b__math_test_00152_df146136__temp1.00__seed7,0.17642662984144056,0.9090909090909091,14,per_run_oof
qwen2p5_32b__math_test_00153_e0a74423__temp0.10__seed7,0.13743089653729293,1.0,14,per_run_oof
qwen2p5_32b__math_test_00153_e0a74423__temp0.60__seed7,0.11619859210500275,0.9777777777777779,14,per_run_oof
qwen2p5_32b__math_test_00153_e0a74423__temp1.00__seed7,0.10688971195104989,1.0,14,per_run_oof
qwen2p5_32b__math_test_00154_7dc5f86e__temp0.10__seed7,0.06977978789112253,1.0,14,per_run_oof
qwen2p5_32b__math_test_00154_7dc5f86e__temp0.60__seed7,0.05723361226726167,1.0,14,per_run_oof
qwen2p5_32b__math_test_00154_7dc5f86e__temp1.00__seed7,0.09006937966848162,0.9696969696969697,14,per_run_oof
qwen2p5_32b__math_test_00155_ee27b543__temp0.10__seed7,0.0999875797854052,0.975,14,per_run_oof
qwen2p5_32b__math_test_00155_ee27b543__temp0.60__seed7,0.11857500070702673,1.0,14,per_run_oof
qwen2p5_32b__math_test_00155_ee27b543__temp1.00__seed7,0.13478123168270875,0.95,14,per_run_oof
qwen2p5_32b__math_test_00156_95b47adc__temp0.10__seed7,0.1278530801392676,0.9333333333333333,14,per_run_oof
qwen2p5_32b__math_test_00156_95b47adc__temp0.60__seed7,0.12179772127740603,0.9375,14,per_run_oof
qwen2p5_32b__math_test_00156_95b47adc__temp1.00__seed7,0.2241388344026589,0.7916666666666667,14,per_run_oof
qwen2p5_32b__math_test_00157_37701db8__temp0.10__seed7,0.0503540302152954,1.0,14,per_run_oof
qwen2p5_32b__math_test_00157_37701db8__temp0.60__seed7,0.12253299081610618,0.8775510204081632,14,per_run_oof
qwen2p5_32b__math_test_00157_37701db8__temp1.00__seed7,0.03248043416628711,,14,per_run_oof
qwen2p5_32b__math_test_00158_15e70720__temp0.10__seed7,0.20549568325146456,,14,per_run_oof
qwen2p5_32b__math_test_00158_15e70720__temp0.60__seed7,0.13420774423249882,1.0,14,per_run_oof
qwen2p5_32b__math_test_00158_15e70720__temp1.00__seed7,0.3515303063243385,,14,per_run_oof
qwen2p5_32b__math_test_00159_7acc030c__temp0.10__seed7,0.09311793761765773,1.0,14,per_run_oof
qwen2p5_32b__math_test_00159_7acc030c__temp0.60__seed7,0.08448176208185235,1.0,14,per_run_oof
qwen2p5_32b__math_test_00159_7acc030c__temp1.00__seed7,0.10436712924898729,1.0,14,per_run_oof
qwen2p5_32b__math_test_00160_e84fb95f__temp0.10__seed7,0.15616071697332168,,14,per_run_oof
qwen2p5_32b__math_test_00160_e84fb95f__temp0.60__seed7,0.3208848193358332,,14,per_run_oof
qwen2p5_32b__math_test_00160_e84fb95f__temp1.00__seed7,0.006939363985778151,,14,per_run_oof
qwen2p5_32b__math_test_00161_643e7dc4__temp0.10__seed7,0.13750635162065222,1.0,14,per_run_oof
qwen2p5_32b__math_test_00161_643e7dc4__temp0.60__seed7,0.07650676061652072,1.0,14,per_run_oof
qwen2p5_32b__math_test_00161_643e7dc4__temp1.00__seed7,0.10363629192851835,1.0,14,per_run_oof
qwen2p5_32b__math_test_00162_45ed500c__temp0.10__seed7,0.15859587651767035,0.9555555555555555,14,per_run_oof
qwen2p5_32b__math_test_00162_45ed500c__temp0.60__seed7,0.3460786727329787,0.6749999999999999,14,per_run_oof
qwen2p5_32b__math_test_00162_45ed500c__temp1.00__seed7,0.10731568252787922,1.0,14,per_run_oof
qwen2p5_32b__math_test_00163_6f88c8c4__temp0.10__seed7,0.2754451123356362,,14,per_run_oof
qwen2p5_32b__math_test_00163_6f88c8c4__temp0.60__seed7,0.11045766349648549,1.0,14,per_run_oof
qwen2p5_32b__math_test_00163_6f88c8c4__temp1.00__seed7,0.11887074037020895,0.9,14,per_run_oof
qwen2p5_32b__math_test_00164_a06c5428__temp0.10__seed7,0.2065337449894218,,14,per_run_oof
qwen2p5_32b__math_test_00164_a06c5428__temp0.60__seed7,0.2774527821930416,,14,per_run_oof
qwen2p5_32b__math_test_00164_a06c5428__temp1.00__seed7,0.31013975503078445,,14,per_run_oof
qwen2p5_32b__math_test_00165_2bb09b99__temp0.10__seed7,0.17963132637825113,0.9696969696969697,14,per_run_oof
qwen2p5_32b__math_test_00165_2bb09b99__temp0.60__seed7,0.2464640881593924,1.0,14,per_run_oof
qwen2p5_32b__math_test_00165_2bb09b99__temp1.00__seed7,0.147567454472314,1.0,14,per_run_oof
qwen2p5_32b__math_test_00166_e1652a94__temp0.10__seed7,0.1270707218317003,0.7692307692307693,14,per_run_oof
qwen2p5_32b__math_test_00166_e1652a94__temp0.60__seed7,0.11386879452138518,0.9583333333333333,14,per_run_oof
qwen2p5_32b__math_test_00166_e1652a94__temp1.00__seed7,0.08473174851341483,1.0,14,per_run_oof
qwen2p5_32b__math_test_00167_87ffe725__temp0.10__seed7,0.1535022785157321,0.9583333333333333,14,per_run_oof
qwen2p5_32b__math_test_00167_87ffe725__temp0.60__seed7,0.12298656280875775,0.9583333333333333,14,per_run_oof
qwen2p5_32b__math_test_00167_87ffe725__temp1.00__seed7,0.11815733814876696,1.0,14,per_run_oof
qwen2p5_32b__math_test_00168_0f3086b8__temp0.10__seed7,0.10405182070499595,1.0,14,per_run_oof
qwen2p5_32b__math_test_00168_0f3086b8__temp0.60__seed7,0.11865970772018666,1.0,14,per_run_oof
qwen2p5_32b__math_test_00168_0f3086b8__temp1.00__seed7,0.4603611666723876,,14,per_run_oof
qwen2p5_32b__math_test_00169_1a29884e__temp0.10__seed7,0.10294094584129843,,14,per_run_oof
qwen2p5_32b__math_test_00169_1a29884e__temp0.60__seed7,0.1332128034182452,,14,per_run_oof
qwen2p5_32b__math_test_00169_1a29884e__temp1.00__seed7,0.14259324285306407,,14,per_run_oof
qwen2p5_32b__math_test_00170_7682a602__temp0.10__seed7,0.034811345837524446,1.0,14,per_run_oof
qwen2p5_32b__math_test_00170_7682a602__temp0.60__seed7,0.10676176892387203,1.0,14,per_run_oof
qwen2p5_32b__math_test_00170_7682a602__temp1.00__seed7,0.11235559287240622,1.0,14,per_run_oof
qwen2p5_32b__math_test_00171_dae831e4__temp0.10__seed7,0.062212818746834535,1.0,14,per_run_oof
qwen2p5_32b__math_test_00171_dae831e4__temp0.60__seed7,0.13963927096642853,0.9387755102040817,14,per_run_oof
qwen2p5_32b__math_test_00171_dae831e4__temp1.00__seed7,0.15081556346109964,0.8541666666666667,14,per_run_oof
qwen2p5_32b__math_test_00172_6af9182b__temp0.10__seed7,0.07881652269201869,1.0,14,per_run_oof
qwen2p5_32b__math_test_00172_6af9182b__temp0.60__seed7,0.07556033301467,1.0,14,per_run_oof
qwen2p5_32b__math_test_00172_6af9182b__temp1.00__seed7,0.07116882590046412,1.0,14,per_run_oof
qwen2p5_32b__math_test_00173_f7741471__temp0.10__seed7,0.3554956061072394,,14,per_run_oof
qwen2p5_32b__math_test_00173_f7741471__temp0.60__seed7,0.31534258151283945,,14,per_run_oof
qwen2p5_32b__math_test_00173_f7741471__temp1.00__seed7,0.317309733346511,,14,per_run_oof
qwen2p5_32b__math_test_00174_660b0932__temp0.10__seed7,0.25361115861807665,,14,per_run_oof
qwen2p5_32b__math_test_00174_660b0932__temp0.60__seed7,0.24944629270710367,0.7083333333333334,14,per_run_oof
qwen2p5_32b__math_test_00174_660b0932__temp1.00__seed7,0.3813261466479834,,14,per_run_oof
qwen2p5_32b__math_test_00175_ad581760__temp0.10__seed7,0.11274051394821637,,14,per_run_oof
qwen2p5_32b__math_test_00175_ad581760__temp0.60__seed7,0.06585791952155273,,14,per_run_oof
qwen2p5_32b__math_test_00175_ad581760__temp1.00__seed7,0.05599157054079674,,14,per_run_oof
qwen2p5_32b__math_test_00176_3ab8fbcf__temp0.10__seed7,0.359267453702304,0.0,14,per_run_oof
qwen2p5_32b__math_test_00176_3ab8fbcf__temp0.60__seed7,0.26223146523900753,0.9230769230769231,14,per_run_oof
qwen2p5_32b__math_test_00176_3ab8fbcf__temp1.00__seed7,0.3622444341322188,,14,per_run_oof
qwen2p5_32b__math_test_00177_88f25299__temp0.10__seed7,0.2919706299750192,,14,per_run_oof
qwen2p5_32b__math_test_00177_88f25299__temp0.60__seed7,0.24620449736516864,,14,per_run_oof
qwen2p5_32b__math_test_00177_88f25299__temp1.00__seed7,0.29684699948712573,,14,per_run_oof
qwen2p5_32b__math_test_00178_af59f7e2__temp0.10__seed7,0.11182382180033254,1.0,14,per_run_oof
qwen2p5_32b__math_test_00178_af59f7e2__temp0.60__seed7,0.12446088062869423,1.0,14,per_run_oof
qwen2p5_32b__math_test_00178_af59f7e2__temp1.00__seed7,0.09801604668928786,1.0,14,per_run_oof
qwen2p5_32b__math_test_00179_50c278d5__temp0.10__seed7,0.11465582851952881,,14,per_run_oof
qwen2p5_32b__math_test_00179_50c278d5__temp0.60__seed7,0.08088258842420305,,14,per_run_oof
qwen2p5_32b__math_test_00179_50c278d5__temp1.00__seed7,0.145516029754327,,14,per_run_oof
qwen2p5_32b__math_test_00180_409f8858__temp0.10__seed7,0.2323612802057133,,14,per_run_oof
qwen2p5_32b__math_test_00180_409f8858__temp0.60__seed7,0.10779174971758566,1.0,14,per_run_oof
qwen2p5_32b__math_test_00180_409f8858__temp1.00__seed7,0.17992065264740192,0.5833333333333334,14,per_run_oof
qwen2p5_32b__math_test_00181_40a8a07f__temp0.10__seed7,0.09987251072218446,1.0,14,per_run_oof
qwen2p5_32b__math_test_00181_40a8a07f__temp0.60__seed7,0.07372500710350369,,14,per_run_oof
qwen2p5_32b__math_test_00181_40a8a07f__temp1.00__seed7,0.20559928744545636,,14,per_run_oof
qwen2p5_32b__math_test_00182_5eec73ff__temp0.10__seed7,0.11555831199608825,1.0,14,per_run_oof
qwen2p5_32b__math_test_00182_5eec73ff__temp0.60__seed7,0.10402285556253228,0.9555555555555555,14,per_run_oof
qwen2p5_32b__math_test_00182_5eec73ff__temp1.00__seed7,0.33019512352781344,0.2666666666666667,14,per_run_oof
qwen2p5_32b__math_test_00183_8feeefff__temp0.10__seed7,0.08540003472183957,1.0,14,per_run_oof
qwen2p5_32b__math_test_00183_8feeefff__temp0.60__seed7,0.36239523783172534,0.23076923076923073,14,per_run_oof
qwen2p5_32b__math_test_00183_8feeefff__temp1.00__seed7,0.1078541458444839,1.0,14,per_run_oof
qwen2p5_32b__math_test_00184_78e3c175__temp0.10__seed7,0.1814348889565853,0.9230769230769231,14,per_run_oof
qwen2p5_32b__math_test_00184_78e3c175__temp0.60__seed7,0.09493009608229594,1.0,14,per_run_oof
qwen2p5_32b__math_test_00184_78e3c175__temp1.00__seed7,0.12562710342555009,0.9393939393939393,14,per_run_oof
qwen2p5_32b__math_test_00185_b9d67ef5__temp0.10__seed7,0.08960934506384977,1.0,14,per_run_oof
qwen2p5_32b__math_test_00185_b9d67ef5__temp0.60__seed7,0.09687705626087409,1.0,14,per_run_oof
qwen2p5_32b__math_test_00185_b9d67ef5__temp1.00__seed7,0.2767439907618039,,14,per_run_oof
qwen2p5_32b__math_test_00186_ac02199f__temp0.10__seed7,0.24305236398236518,,14,per_run_oof
qwen2p5_32b__math_test_00186_ac02199f__temp0.60__seed7,0.19550258950707655,,14,per_run_oof
qwen2p5_32b__math_test_00186_ac02199f__temp1.00__seed7,0.21410829684015473,,14,per_run_oof
qwen2p5_32b__math_test_00187_b2db12b1__temp0.10__seed7,0.2824481676124337,,14,per_run_oof
qwen2p5_32b__math_test_00187_b2db12b1__temp0.60__seed7,0.3474292517799564,,14,per_run_oof
qwen2p5_32b__math_test_00187_b2db12b1__temp1.00__seed7,0.18090580325623623,1.0,14,per_run_oof
qwen2p5_32b__math_test_00188_c57b9f68__temp0.10__seed7,0.08158970001582887,1.0,14,per_run_oof
qwen2p5_32b__math_test_00188_c57b9f68__temp0.60__seed7,0.09273438088156502,1.0,14,per_run_oof
qwen2p5_32b__math_test_00188_c57b9f68__temp1.00__seed7,0.10207094221321619,1.0,14,per_run_oof
qwen2p5_32b__math_test_00189_d2f49b7f__temp0.10__seed7,0.19665483195205496,0.9,14,per_run_oof
qwen2p5_32b__math_test_00189_d2f49b7f__temp0.60__seed7,0.25436070523462195,,14,per_run_oof
qwen2p5_32b__math_test_00189_d2f49b7f__temp1.00__seed7,0.3321287004733885,,14,per_run_oof
qwen2p5_32b__math_test_00190_ad0c55dc__temp0.10__seed7,0.08421913639306235,0.9791666666666667,14,per_run_oof
qwen2p5_32b__math_test_00190_ad0c55dc__temp0.60__seed7,0.1639776607546674,,14,per_run_oof
qwen2p5_32b__math_test_00190_ad0c55dc__temp1.00__seed7,0.2519896962325849,,14,per_run_oof
qwen2p5_32b__math_test_00191_b20822d9__temp0.10__seed7,0.1578288944133945,0.9166666666666667,14,per_run_oof
qwen2p5_32b__math_test_00191_b20822d9__temp0.60__seed7,0.1669610555577054,,14,per_run_oof
qwen2p5_32b__math_test_00191_b20822d9__temp1.00__seed7,0.3129732827886266,,14,per_run_oof
qwen2p5_32b__math_test_00192_a6795966__temp0.10__seed7,0.43862700508848534,,14,per_run_oof
qwen2p5_32b__math_test_00192_a6795966__temp0.60__seed7,0.1480680065089166,,14,per_run_oof
qwen2p5_32b__math_test_00192_a6795966__temp1.00__seed7,0.5125474770813248,,14,per_run_oof
qwen2p5_32b__math_test_00193_027d8061__temp0.10__seed7,0.108666766495917,0.9583333333333333,14,per_run_oof
qwen2p5_32b__math_test_00193_027d8061__temp0.60__seed7,0.10093568913574691,,14,per_run_oof
qwen2p5_32b__math_test_00193_027d8061__temp1.00__seed7,0.09901142625782867,1.0,14,per_run_oof
qwen2p5_32b__math_test_00194_f51f6dd0__temp0.10__seed7,0.11342094980006553,,14,per_run_oof
qwen2p5_32b__math_test_00194_f51f6dd0__temp0.60__seed7,0.15176651459518117,,14,per_run_oof
qwen2p5_32b__math_test_00194_f51f6dd0__temp1.00__seed7,0.15501995233347543,,14,per_run_oof
qwen2p5_32b__math_test_00195_7cc2d650__temp0.10__seed7,0.15731443547567878,1.0,14,per_run_oof
qwen2p5_32b__math_test_00195_7cc2d650__temp0.60__seed7,0.2138560570574922,,14,per_run_oof
qwen2p5_32b__math_test_00195_7cc2d650__temp1.00__seed7,0.23097581970871497,,14,per_run_oof
qwen2p5_32b__math_test_00196_4e15c27d__temp0.10__seed7,0.16275139183501475,0.9230769230769231,14,per_run_oof
qwen2p5_32b__math_test_00196_4e15c27d__temp0.60__seed7,0.1853318169911111,0.9777777777777777,14,per_run_oof
qwen2p5_32b__math_test_00196_4e15c27d__temp1.00__seed7,0.17203067572698047,0.8461538461538461,14,per_run_oof
qwen2p5_32b__math_test_00197_ed195676__temp0.10__seed7,0.22529910039171133,0.8461538461538461,14,per_run_oof
qwen2p5_32b__math_test_00197_ed195676__temp0.60__seed7,0.26583639776473567,0.9696969696969697,14,per_run_oof
qwen2p5_32b__math_test_00197_ed195676__temp1.00__seed7,0.2502731613185361,0.9583333333333333,14,per_run_oof
qwen2p5_32b__math_test_00198_85b6e7ea__temp0.10__seed7,0.38397254195793223,,14,per_run_oof
qwen2p5_32b__math_test_00198_85b6e7ea__temp0.60__seed7,0.3581686112675758,,14,per_run_oof
qwen2p5_32b__math_test_00198_85b6e7ea__temp1.00__seed7,0.2502819234756403,,14,per_run_oof
qwen2p5_32b__math_test_00199_c19f27fd__temp0.10__seed7,0.003748176552569405,,14,per_run_oof
qwen2p5_32b__math_test_00199_c19f27fd__temp0.60__seed7,0.21611979046194452,1.0,14,per_run_oof
qwen2p5_32b__math_test_00199_c19f27fd__temp1.00__seed7,0.07484727614474938,,14,per_run_oof
qwen2p5_32b__math_test_00200_bd1fc1ea__temp0.10__seed7,0.40190627817529273,,14,per_run_oof
qwen2p5_32b__math_test_00200_bd1fc1ea__temp0.60__seed7,0.41210377758775235,,14,per_run_oof
qwen2p5_32b__math_test_00200_bd1fc1ea__temp1.00__seed7,0.4843994393903149,,14,per_run_oof
qwen2p5_32b__math_test_00201_464f6898__temp0.10__seed7,0.16298095238122548,,14,per_run_oof
qwen2p5_32b__math_test_00201_464f6898__temp0.60__seed7,0.024832452756491513,,14,per_run_oof
qwen2p5_32b__math_test_00201_464f6898__temp1.00__seed7,0.22548052169941046,,14,per_run_oof
qwen2p5_32b__math_test_00202_8904dc37__temp0.10__seed7,0.09569010044699898,1.0,14,per_run_oof
qwen2p5_32b__math_test_00202_8904dc37__temp0.60__seed7,0.10453017585474568,1.0,14,per_run_oof
qwen2p5_32b__math_test_00202_8904dc37__temp1.00__seed7,0.06003359535048771,1.0,14,per_run_oof
qwen2p5_32b__math_test_00203_d026abb8__temp0.10__seed7,0.13464708035231285,1.0,14,per_run_oof
qwen2p5_32b__math_test_00203_d026abb8__temp0.60__seed7,0.10563492587212807,1.0,14,per_run_oof
qwen2p5_32b__math_test_00203_d026abb8__temp1.00__seed7,0.0948246574892679,1.0,14,per_run_oof
qwen2p5_32b__math_test_00204_75f78286__temp0.10__seed7,0.29268424878705696,,14,per_run_oof
qwen2p5_32b__math_test_00204_75f78286__temp0.60__seed7,0.05072686842949769,1.0,14,per_run_oof
qwen2p5_32b__math_test_00204_75f78286__temp1.00__seed7,0.05122005170488197,1.0,14,per_run_oof
qwen2p5_32b__math_test_00205_35364df7__temp0.10__seed7,0.08174486153013084,1.0,14,per_run_oof
qwen2p5_32b__math_test_00205_35364df7__temp0.60__seed7,0.15930593621038372,1.0,14,per_run_oof
qwen2p5_32b__math_test_00205_35364df7__temp1.00__seed7,0.3296503598264133,,14,per_run_oof
qwen2p5_32b__math_test_00206_a6788c30__temp0.10__seed7,0.1466322704887828,,14,per_run_oof
qwen2p5_32b__math_test_00206_a6788c30__temp0.60__seed7,0.21776065537355546,,14,per_run_oof
qwen2p5_32b__math_test_00206_a6788c30__temp1.00__seed7,0.049759292917416535,,14,per_run_oof
qwen2p5_32b__math_test_00207_627fc1ba__temp0.10__seed7,0.13890298892576342,,14,per_run_oof
qwen2p5_32b__math_test_00207_627fc1ba__temp0.60__seed7,0.17747357858480314,,14,per_run_oof
qwen2p5_32b__math_test_00207_627fc1ba__temp1.00__seed7,0.03953346564862953,1.0,14,per_run_oof
qwen2p5_32b__math_test_00208_43f47031__temp0.10__seed7,0.10827090532048393,,14,per_run_oof
qwen2p5_32b__math_test_00208_43f47031__temp0.60__seed7,0.09278742846580508,,14,per_run_oof
qwen2p5_32b__math_test_00208_43f47031__temp1.00__seed7,0.05439908696684627,,14,per_run_oof
qwen2p5_32b__math_test_00209_877944fa__temp0.10__seed7,0.00750358740033089,,14,per_run_oof
qwen2p5_32b__math_test_00209_877944fa__temp0.60__seed7,0.06993623156436854,,14,per_run_oof
qwen2p5_32b__math_test_00209_877944fa__temp1.00__seed7,0.06047067842496369,,14,per_run_oof
qwen2p5_32b__math_test_00210_51592ad6__temp0.10__seed7,0.08050023257424525,1.0,14,per_run_oof
qwen2p5_32b__math_test_00210_51592ad6__temp0.60__seed7,0.09448382514829827,1.0,14,per_run_oof
qwen2p5_32b__math_test_00210_51592ad6__temp1.00__seed7,0.09418631187535333,1.0,14,per_run_oof
qwen2p5_32b__math_test_00211_4c873421__temp0.10__seed7,0.07051074678257722,,14,per_run_oof
qwen2p5_32b__math_test_00211_4c873421__temp0.60__seed7,0.07636986926852266,,14,per_run_oof
qwen2p5_32b__math_test_00211_4c873421__temp1.00__seed7,0.0748986333789772,,14,per_run_oof
qwen2p5_32b__math_test_00212_a1acafa6__temp0.10__seed7,0.2725122730760404,,14,per_run_oof
qwen2p5_32b__math_test_00212_a1acafa6__temp0.60__seed7,0.0950436043815117,,14,per_run_oof
qwen2p5_32b__math_test_00212_a1acafa6__temp1.00__seed7,0.10351974445438039,,14,per_run_oof
qwen2p5_32b__math_test_00213_4bf84a38__temp0.10__seed7,0.17425525193563704,,14,per_run_oof
qwen2p5_32b__math_test_00213_4bf84a38__temp0.60__seed7,0.10323732756378852,1.0,14,per_run_oof
qwen2p5_32b__math_test_00213_4bf84a38__temp1.00__seed7,0.09427826263617929,1.0,14,per_run_oof
qwen2p5_32b__math_test_00214_dd220dbb__temp0.10__seed7,0.12904676389476502,1.0,14,per_run_oof
qwen2p5_32b__math_test_00214_dd220dbb__temp0.60__seed7,0.1971225815756005,1.0,14,per_run_oof
qwen2p5_32b__math_test_00214_dd220dbb__temp1.00__seed7,0.13252297155572285,0.9230769230769231,14,per_run_oof
qwen2p5_32b__math_test_00215_d650ba63__temp0.10__seed7,0.08374643027718072,1.0,14,per_run_oof
qwen2p5_32b__math_test_00215_d650ba63__temp0.60__seed7,0.08009009080654465,1.0,14,per_run_oof
qwen2p5_32b__math_test_00215_d650ba63__temp1.00__seed7,0.18063329216832516,0.8666666666666667,14,per_run_oof
qwen2p5_32b__math_test_00216_bb0c5189__temp0.10__seed7,0.10996266325821857,0.9090909090909091,14,per_run_oof
qwen2p5_32b__math_test_00216_bb0c5189__temp0.60__seed7,0.06473418157812245,1.0,14,per_run_oof
qwen2p5_32b__math_test_00216_bb0c5189__temp1.00__seed7,0.11363488900529795,0.6923076923076923,14,per_run_oof
qwen2p5_32b__math_test_00217_f16ba217__temp0.10__seed7,0.03825756273408317,,14,per_run_oof
qwen2p5_32b__math_test_00217_f16ba217__temp0.60__seed7,0.20241337800017148,,14,per_run_oof
qwen2p5_32b__math_test_00217_f16ba217__temp1.00__seed7,0.07618217385478007,,14,per_run_oof
qwen2p5_32b__math_test_00218_9ebeec12__temp0.10__seed7,0.10665831184345258,1.0,14,per_run_oof
qwen2p5_32b__math_test_00218_9ebeec12__temp0.60__seed7,0.10647254316500285,1.0,14,per_run_oof
qwen2p5_32b__math_test_00218_9ebeec12__temp1.00__seed7,0.17874249133250783,0.3076923076923077,14,per_run_oof
qwen2p5_32b__math_test_00219_9ce0114c__temp0.10__seed7,0.11594925720100767,,14,per_run_oof
qwen2p5_32b__math_test_00219_9ce0114c__temp0.60__seed7,0.12542227268532402,,14,per_run_oof
qwen2p5_32b__math_test_00219_9ce0114c__temp1.00__seed7,0.06959996802394852,,14,per_run_oof
qwen2p5_32b__math_test_00220_c9d4415d__temp0.10__seed7,0.15135303644767112,0.9230769230769231,14,per_run_oof
qwen2p5_32b__math_test_00220_c9d4415d__temp0.60__seed7,0.12436366703452895,0.9090909090909092,14,per_run_oof
qwen2p5_32b__math_test_00220_c9d4415d__temp1.00__seed7,0.1598240478118044,0.825,14,per_run_oof
qwen2p5_32b__math_test_00221_6ddce785__temp0.10__seed7,0.14498417746094613,,14,per_run_oof
qwen2p5_32b__math_test_00221_6ddce785__temp0.60__seed7,0.07551642413709116,,14,per_run_oof
qwen2p5_32b__math_test_00221_6ddce785__temp1.00__seed7,0.1527041033021669,1.0,14,per_run_oof
qwen2p5_32b__math_test_00222_67d6eb88__temp0.10__seed7,0.07954118892628094,0.9791666666666667,14,per_run_oof
qwen2p5_32b__math_test_00222_67d6eb88__temp0.60__seed7,0.08563754831153902,1.0,14,per_run_oof
qwen2p5_32b__math_test_00222_67d6eb88__temp1.00__seed7,0.13207610643502612,1.0,14,per_run_oof
qwen2p5_32b__math_test_00223_e0d9f4b1__temp0.10__seed7,0.0846784547438157,1.0,14,per_run_oof
qwen2p5_32b__math_test_00223_e0d9f4b1__temp0.60__seed7,0.09433472097035135,1.0,14,per_run_oof
qwen2p5_32b__math_test_00223_e0d9f4b1__temp1.00__seed7,0.10043128974753769,1.0,14,per_run_oof
qwen2p5_32b__math_test_00224_a4838f9f__temp0.10__seed7,0.2288824405214757,,14,per_run_oof
qwen2p5_32b__math_test_00224_a4838f9f__temp0.60__seed7,0.19728450032395797,1.0,14,per_run_oof
qwen2p5_32b__math_test_00224_a4838f9f__temp1.00__seed7,0.1587397346774461,0.9333333333333333,14,per_run_oof
qwen2p5_32b__math_test_00225_aa62338d__temp0.10__seed7,0.11640312090642134,1.0,14,per_run_oof
qwen2p5_32b__math_test_00225_aa62338d__temp0.60__seed7,0.18170197868051205,1.0,14,per_run_oof
qwen2p5_32b__math_test_00225_aa62338d__temp1.00__seed7,0.0748727044419872,1.0,14,per_run_oof
qwen2p5_32b__math_test_00226_4db0af17__temp0.10__seed7,0.2743778156370333,,14,per_run_oof
qwen2p5_32b__math_test_00226_4db0af17__temp0.60__seed7,0.2968206853103439,,14,per_run_oof
qwen2p5_32b__math_test_00226_4db0af17__temp1.00__seed7,0.3149008177508456,,14,per_run_oof
qwen2p5_32b__math_test_00227_bd91686d__temp0.10__seed7,0.1578493584653627,,14,per_run_oof
qwen2p5_32b__math_test_00227_bd91686d__temp0.60__seed7,0.13085758548234233,,14,per_run_oof
qwen2p5_32b__math_test_00227_bd91686d__temp1.00__seed7,0.12967683021443277,,14,per_run_oof
qwen2p5_32b__math_test_00228_f8913fbd__temp0.10__seed7,0.10031300630776463,0.979591836734694,14,per_run_oof
qwen2p5_32b__math_test_00228_f8913fbd__temp0.60__seed7,0.15735421247971357,0.8888888888888888,14,per_run_oof
qwen2p5_32b__math_test_00228_f8913fbd__temp1.00__seed7,0.29902539362372865,0.3076923076923077,14,per_run_oof
qwen2p5_32b__math_test_00229_3671f9fa__temp0.10__seed7,0.3199899606300031,,14,per_run_oof
qwen2p5_32b__math_test_00229_3671f9fa__temp0.60__seed7,0.36034237505692335,,14,per_run_oof
qwen2p5_32b__math_test_00229_3671f9fa__temp1.00__seed7,0.3690580787655876,,14,per_run_oof
qwen2p5_32b__math_test_00230_5de9111d__temp0.10__seed7,0.13951995554139204,1.0,14,per_run_oof
qwen2p5_32b__math_test_00230_5de9111d__temp0.60__seed7,0.33426190842623377,0.5416666666666666,14,per_run_oof
qwen2p5_32b__math_test_00230_5de9111d__temp1.00__seed7,0.1346242533438227,0.9777777777777779,14,per_run_oof
qwen2p5_32b__math_test_00231_f1b686d3__temp0.10__seed7,0.3273723543508466,,14,per_run_oof
qwen2p5_32b__math_test_00231_f1b686d3__temp0.60__seed7,0.24832969128728632,,14,per_run_oof
qwen2p5_32b__math_test_00231_f1b686d3__temp1.00__seed7,0.1323827254852657,0.9,14,per_run_oof
qwen2p5_32b__math_test_00232_99f94cd0__temp0.10__seed7,0.1704145731943829,1.0,14,per_run_oof
qwen2p5_32b__math_test_00232_99f94cd0__temp0.60__seed7,0.2081137169702727,1.0,14,per_run_oof
qwen2p5_32b__math_test_00232_99f94cd0__temp1.00__seed7,0.17132317787431814,1.0,14,per_run_oof
qwen2p5_32b__math_test_00233_05e64b69__temp0.10__seed7,0.254599605197652,,14,per_run_oof
qwen2p5_32b__math_test_00233_05e64b69__temp0.60__seed7,0.02636142241088126,1.0,14,per_run_oof
qwen2p5_32b__math_test_00233_05e64b69__temp1.00__seed7,0.22687141757617316,0.8125,14,per_run_oof
qwen2p5_32b__math_test_00234_03dfd5f4__temp0.10__seed7,0.10402057695915197,,14,per_run_oof
qwen2p5_32b__math_test_00234_03dfd5f4__temp0.60__seed7,0.08858146328573842,,14,per_run_oof
qwen2p5_32b__math_test_00234_03dfd5f4__temp1.00__seed7,0.10756470484861487,,14,per_run_oof
qwen2p5_32b__math_test_00235_13c2c9be__temp0.10__seed7,0.045268222572067855,,14,per_run_oof
qwen2p5_32b__math_test_00235_13c2c9be__temp0.60__seed7,0.22245838393080034,1.0,14,per_run_oof
qwen2p5_32b__math_test_00235_13c2c9be__temp1.00__seed7,0.14939468390808122,0.9090909090909091,14,per_run_oof
qwen2p5_32b__math_test_00236_d5de6a08__temp0.10__seed7,0.3761827758518012,,14,per_run_oof
qwen2p5_32b__math_test_00236_d5de6a08__temp0.60__seed7,0.2424921258491095,,14,per_run_oof
qwen2p5_32b__math_test_00236_d5de6a08__temp1.00__seed7,0.45852324023758523,,14,per_run_oof
qwen2p5_32b__math_test_00237_4bcd0b41__temp0.10__seed7,0.3774026036712791,,14,per_run_oof
qwen2p5_32b__math_test_00237_4bcd0b41__temp0.60__seed7,0.3217014872086275,,14,per_run_oof
qwen2p5_32b__math_test_00237_4bcd0b41__temp1.00__seed7,0.27831951650492687,,14,per_run_oof
qwen2p5_32b__math_test_00238_c8c67f45__temp0.10__seed7,0.18218402729292574,0.75,14,per_run_oof
qwen2p5_32b__math_test_00238_c8c67f45__temp0.60__seed7,0.06419175902433898,,14,per_run_oof
qwen2p5_32b__math_test_00238_c8c67f45__temp1.00__seed7,0.09387767022284611,,14,per_run_oof
qwen2p5_32b__math_test_00239_9b20bddf__temp0.10__seed7,0.09055092728530903,,14,per_run_oof
qwen2p5_32b__math_test_00239_9b20bddf__temp0.60__seed7,0.08972684140456723,,14,per_run_oof
qwen2p5_32b__math_test_00239_9b20bddf__temp1.00__seed7,0.0694118281734107,1.0,14,per_run_oof
qwen2p5_32b__math_test_00240_52c92561__temp0.10__seed7,0.10586087905530249,,14,per_run_oof
qwen2p5_32b__math_test_00240_52c92561__temp0.60__seed7,0.011143765336078863,,14,per_run_oof
qwen2p5_32b__math_test_00240_52c92561__temp1.00__seed7,0.00880113926471261,,14,per_run_oof
qwen2p5_32b__math_test_00241_5a34024d__temp0.10__seed7,0.09090990507270706,1.0,14,per_run_oof
qwen2p5_32b__math_test_00241_5a34024d__temp0.60__seed7,0.10754158264248463,1.0,14,per_run_oof
qwen2p5_32b__math_test_00241_5a34024d__temp1.00__seed7,0.08959771920069007,1.0,14,per_run_oof
qwen2p5_32b__math_test_00242_277ad5c0__temp0.10__seed7,0.3714617601718216,,14,per_run_oof
qwen2p5_32b__math_test_00242_277ad5c0__temp0.60__seed7,0.41131397032881895,,14,per_run_oof
qwen2p5_32b__math_test_00242_277ad5c0__temp1.00__seed7,0.4809115135520524,,14,per_run_oof
qwen2p5_32b__math_test_00243_869ecc6c__temp0.10__seed7,0.19097577352050404,0.8,14,per_run_oof
qwen2p5_32b__math_test_00243_869ecc6c__temp0.60__seed7,0.5251396107613394,0.15384615384615385,14,per_run_oof
qwen2p5_32b__math_test_00243_869ecc6c__temp1.00__seed7,0.15981779278767166,0.9375,14,per_run_oof
qwen2p5_32b__math_test_00244_1b6efbf5__temp0.10__seed7,0.13825193842085146,0.9696969696969697,14,per_run_oof
qwen2p5_32b__math_test_00244_1b6efbf5__temp0.60__seed7,0.10898805048955064,1.0,14,per_run_oof
qwen2p5_32b__math_test_00244_1b6efbf5__temp1.00__seed7,0.08616689858792599,1.0,14,per_run_oof
qwen2p5_32b__math_test_00245_373bfa07__temp0.10__seed7,0.054421734769755474,,14,per_run_oof
qwen2p5_32b__math_test_00245_373bfa07__temp0.60__seed7,0.04525462243417583,,14,per_run_oof
qwen2p5_32b__math_test_00245_373bfa07__temp1.00__seed7,0.11017861294716884,,14,per_run_oof
qwen2p5_32b__math_test_00246_08e34813__temp0.10__seed7,0.08422538954111132,1.0,14,per_run_oof
qwen2p5_32b__math_test_00246_08e34813__temp0.60__seed7,0.12627951084955466,0.875,14,per_run_oof
qwen2p5_32b__math_test_00246_08e34813__temp1.00__seed7,0.08751518967921189,1.0,14,per_run_oof
qwen2p5_32b__math_test_00247_24a6a2d8__temp0.10__seed7,0.081717303024613,0.9777777777777777,14,per_run_oof
qwen2p5_32b__math_test_00247_24a6a2d8__temp0.60__seed7,0.1566350327567354,0.85,14,per_run_oof
qwen2p5_32b__math_test_00247_24a6a2d8__temp1.00__seed7,0.23118908893026108,,14,per_run_oof
qwen2p5_32b__math_test_00248_740b47e0__temp0.10__seed7,0.41938829127852023,,14,per_run_oof
qwen2p5_32b__math_test_00248_740b47e0__temp0.60__seed7,0.38189555395938085,,14,per_run_oof
qwen2p5_32b__math_test_00248_740b47e0__temp1.00__seed7,0.37098040993232867,,14,per_run_oof
qwen2p5_32b__math_test_00249_89ab90f1__temp0.10__seed7,0.0995073081163397,1.0,14,per_run_oof
qwen2p5_32b__math_test_00249_89ab90f1__temp0.60__seed7,0.2736530750043535,,14,per_run_oof
qwen2p5_32b__math_test_00249_89ab90f1__temp1.00__seed7,0.42212974306809425,,14,per_run_oof
qwen2p5_32b__math_test_00250_893f6d22__temp0.10__seed7,0.12035888119489106,1.0,14,per_run_oof
qwen2p5_32b__math_test_00250_893f6d22__temp0.60__seed7,0.08608645532457512,1.0,14,per_run_oof
qwen2p5_32b__math_test_00250_893f6d22__temp1.00__seed7,0.10354022733664232,1.0,14,per_run_oof
qwen2p5_32b__math_test_00251_3dd2446e__temp0.10__seed7,0.2563837458234439,,14,per_run_oof
qwen2p5_32b__math_test_00251_3dd2446e__temp0.60__seed7,0.17961561251639982,1.0,14,per_run_oof
qwen2p5_32b__math_test_00251_3dd2446e__temp1.00__seed7,0.14103135616087284,,14,per_run_oof
qwen2p5_32b__math_test_00252_b3e21c72__temp0.10__seed7,0.15796868773712522,1.0,14,per_run_oof
qwen2p5_32b__math_test_00252_b3e21c72__temp0.60__seed7,0.1053687513427832,1.0,14,per_run_oof
qwen2p5_32b__math_test_00252_b3e21c72__temp1.00__seed7,0.27139791343766045,,14,per_run_oof
qwen2p5_32b__math_test_00253_d4df8de3__temp0.10__seed7,0.15304676196319458,,14,per_run_oof
qwen2p5_32b__math_test_00253_d4df8de3__temp0.60__seed7,0.2570454373918717,,14,per_run_oof
qwen2p5_32b__math_test_00253_d4df8de3__temp1.00__seed7,0.23929670975594677,,14,per_run_oof
qwen2p5_32b__math_test_00254_a92a5bc3__temp0.10__seed7,0.09693691131482067,1.0,14,per_run_oof
qwen2p5_32b__math_test_00254_a92a5bc3__temp0.60__seed7,0.14604227379963433,,14,per_run_oof
qwen2p5_32b__math_test_00254_a92a5bc3__temp1.00__seed7,0.1512094295832939,0.8571428571428571,14,per_run_oof
qwen2p5_32b__math_test_00255_5f3fe168__temp0.10__seed7,0.11503849783513322,,14,per_run_oof
qwen2p5_32b__math_test_00255_5f3fe168__temp0.60__seed7,0.08102665008745649,,14,per_run_oof
qwen2p5_32b__math_test_00255_5f3fe168__temp1.00__seed7,0.07635708576219427,,14,per_run_oof
qwen2p5_32b__math_test_00256_d959374f__temp0.10__seed7,0.056521892706427025,1.0,14,per_run_oof
qwen2p5_32b__math_test_00256_d959374f__temp0.60__seed7,0.13749403481329178,1.0,14,per_run_oof
qwen2p5_32b__math_test_00256_d959374f__temp1.00__seed7,0.07213469150459098,1.0,14,per_run_oof
qwen2p5_32b__math_test_00257_20ddae87__temp0.10__seed7,0.09461636615492962,,14,per_run_oof
qwen2p5_32b__math_test_00257_20ddae87__temp0.60__seed7,0.17625149084522568,,14,per_run_oof
qwen2p5_32b__math_test_00257_20ddae87__temp1.00__seed7,0.13264217335820946,,14,per_run_oof
qwen2p5_32b__math_test_00258_44fb0c1c__temp0.10__seed7,0.33352563302983296,,14,per_run_oof
qwen2p5_32b__math_test_00258_44fb0c1c__temp0.60__seed7,0.27905538968645904,,14,per_run_oof
qwen2p5_32b__math_test_00258_44fb0c1c__temp1.00__seed7,0.101323714684963,0.9791666666666666,14,per_run_oof
qwen2p5_32b__math_test_00259_2ab6b817__temp0.10__seed7,0.3734518731747937,,14,per_run_oof
qwen2p5_32b__math_test_00259_2ab6b817__temp0.60__seed7,0.24508786247239514,,14,per_run_oof
qwen2p5_32b__math_test_00259_2ab6b817__temp1.00__seed7,0.44858178666310666,,14,per_run_oof
qwen2p5_32b__math_test_00260_efa62d11__temp0.10__seed7,0.1256029705884186,0.925,14,per_run_oof
qwen2p5_32b__math_test_00260_efa62d11__temp0.60__seed7,0.11769146096430448,0.95,14,per_run_oof
qwen2p5_32b__math_test_00260_efa62d11__temp1.00__seed7,0.12816674288801758,0.975,14,per_run_oof
qwen2p5_32b__math_test_00261_4f02172b__temp0.10__seed7,0.3095314527657715,,14,per_run_oof
qwen2p5_32b__math_test_00261_4f02172b__temp0.60__seed7,0.2763945147247716,,14,per_run_oof
qwen2p5_32b__math_test_00261_4f02172b__temp1.00__seed7,0.08947846239232504,,14,per_run_oof
qwen2p5_32b__math_test_00262_5be48d75__temp0.10__seed7,0.1279108105396111,1.0,14,per_run_oof
qwen2p5_32b__math_test_00262_5be48d75__temp0.60__seed7,0.13852148724251528,1.0,14,per_run_oof
qwen2p5_32b__math_test_00262_5be48d75__temp1.00__seed7,0.2177595135072545,,14,per_run_oof
qwen2p5_32b__math_test_00263_10d94c24__temp0.10__seed7,0.2617281696613919,0.8775510204081631,14,per_run_oof
qwen2p5_32b__math_test_00263_10d94c24__temp0.60__seed7,0.11200055014461677,,14,per_run_oof
qwen2p5_32b__math_test_00263_10d94c24__temp1.00__seed7,0.170875300126414,,14,per_run_oof
qwen2p5_32b__math_test_00264_ca7f6fd1__temp0.10__seed7,0.09507122618388995,1.0,14,per_run_oof
qwen2p5_32b__math_test_00264_ca7f6fd1__temp0.60__seed7,0.08232279438560981,1.0,14,per_run_oof
qwen2p5_32b__math_test_00264_ca7f6fd1__temp1.00__seed7,0.0868324669926657,1.0,14,per_run_oof
qwen2p5_32b__math_test_00265_3b8ec9e0__temp0.10__seed7,0.20230974549307038,1.0,14,per_run_oof
qwen2p5_32b__math_test_00265_3b8ec9e0__temp0.60__seed7,0.22207465627999917,1.0,14,per_run_oof
qwen2p5_32b__math_test_00265_3b8ec9e0__temp1.00__seed7,0.1408941413146347,1.0,14,per_run_oof
qwen2p5_32b__math_test_00266_dbf10789__temp0.10__seed7,0.17213434622776771,,14,per_run_oof
qwen2p5_32b__math_test_00266_dbf10789__temp0.60__seed7,0.26506891997753,,14,per_run_oof
qwen2p5_32b__math_test_00266_dbf10789__temp1.00__seed7,0.14585785465939466,1.0,14,per_run_oof
qwen2p5_32b__math_test_00267_a33fc5f4__temp0.10__seed7,0.17230477211986692,,14,per_run_oof
qwen2p5_32b__math_test_00267_a33fc5f4__temp0.60__seed7,0.07063199240808854,1.0,14,per_run_oof
qwen2p5_32b__math_test_00267_a33fc5f4__temp1.00__seed7,0.08328394081690241,1.0,14,per_run_oof
qwen2p5_32b__math_test_00268_64a42184__temp0.10__seed7,0.09620962804972558,1.0,14,per_run_oof
qwen2p5_32b__math_test_00268_64a42184__temp0.60__seed7,0.0021261397175003347,,14,per_run_oof
qwen2p5_32b__math_test_00268_64a42184__temp1.00__seed7,0.1996728618230946,0.8250000000000001,14,per_run_oof
qwen2p5_32b__math_test_00269_3a892d62__temp0.10__seed7,0.1509032037038474,,14,per_run_oof
qwen2p5_32b__math_test_00269_3a892d62__temp0.60__seed7,0.22421172506489517,0.6,14,per_run_oof
qwen2p5_32b__math_test_00269_3a892d62__temp1.00__seed7,0.1529795311620264,0.7272727272727273,14,per_run_oof
qwen2p5_32b__math_test_00270_d6fa4f7c__temp0.10__seed7,0.180719547897281,,14,per_run_oof
qwen2p5_32b__math_test_00270_d6fa4f7c__temp0.60__seed7,0.29138444584953016,,14,per_run_oof
qwen2p5_32b__math_test_00270_d6fa4f7c__temp1.00__seed7,0.09092619622955808,1.0,14,per_run_oof
qwen2p5_32b__math_test_00271_0cd3b758__temp0.10__seed7,0.35060033311182026,,14,per_run_oof
qwen2p5_32b__math_test_00271_0cd3b758__temp0.60__seed7,0.3470831824074299,,14,per_run_oof
qwen2p5_32b__math_test_00271_0cd3b758__temp1.00__seed7,0.3409462196617766,,14,per_run_oof
qwen2p5_32b__math_test_00272_84359c4d__temp0.10__seed7,0.09878028013066398,1.0,14,per_run_oof
qwen2p5_32b__math_test_00272_84359c4d__temp0.60__seed7,0.13362669475451608,0.9583333333333334,14,per_run_oof
qwen2p5_32b__math_test_00272_84359c4d__temp1.00__seed7,0.1304751729306692,0.9166666666666666,14,per_run_oof
qwen2p5_32b__math_test_00273_a9e9a1de__temp0.10__seed7,0.10809165102873083,1.0,14,per_run_oof
qwen2p5_32b__math_test_00273_a9e9a1de__temp0.60__seed7,0.18600513017577433,,14,per_run_oof
qwen2p5_32b__math_test_00273_a9e9a1de__temp1.00__seed7,0.08965312612454089,1.0,14,per_run_oof
qwen2p5_32b__math_test_00274_75abc690__temp0.10__seed7,0.04863777998624931,1.0,14,per_run_oof
qwen2p5_32b__math_test_00274_75abc690__temp0.60__seed7,0.21176712706268339,0.9583333333333333,14,per_run_oof
qwen2p5_32b__math_test_00274_75abc690__temp1.00__seed7,0.33716774504826785,,14,per_run_oof
qwen2p5_32b__math_test_00275_4384cd3d__temp0.10__seed7,0.3533334690178248,,14,per_run_oof
qwen2p5_32b__math_test_00275_4384cd3d__temp0.60__seed7,0.26173498199489437,,14,per_run_oof
qwen2p5_32b__math_test_00275_4384cd3d__temp1.00__seed7,0.37890423735607676,,14,per_run_oof
qwen2p5_32b__math_test_00276_845d624e__temp0.10__seed7,0.2800594791586743,,14,per_run_oof
qwen2p5_32b__math_test_00276_845d624e__temp0.60__seed7,0.29169225935313975,,14,per_run_oof
qwen2p5_32b__math_test_00276_845d624e__temp1.00__seed7,0.36817118769288587,,14,per_run_oof
qwen2p5_32b__math_test_00277_c86dc9b8__temp0.10__seed7,0.08924831996483,1.0,14,per_run_oof
qwen2p5_32b__math_test_00277_c86dc9b8__temp0.60__seed7,0.16728089940335703,,14,per_run_oof
qwen2p5_32b__math_test_00277_c86dc9b8__temp1.00__seed7,0.05793411985549213,1.0,14,per_run_oof
qwen2p5_32b__math_test_00278_f57d1ab7__temp0.10__seed7,0.16248047515841252,,14,per_run_oof
qwen2p5_32b__math_test_00278_f57d1ab7__temp0.60__seed7,0.17415867718090158,0.7575757575757576,14,per_run_oof
qwen2p5_32b__math_test_00278_f57d1ab7__temp1.00__seed7,0.3467731410260623,,14,per_run_oof
qwen2p5_32b__math_test_00279_c9a3fe90__temp0.10__seed7,0.2796150807553354,,14,per_run_oof
qwen2p5_32b__math_test_00279_c9a3fe90__temp0.60__seed7,0.09327926573841404,,14,per_run_oof
qwen2p5_32b__math_test_00279_c9a3fe90__temp1.00__seed7,0.04659427949908849,,14,per_run_oof
qwen2p5_32b__math_test_00280_fa6589e1__temp0.10__seed7,0.1204766600031356,0.9583333333333333,14,per_run_oof
qwen2p5_32b__math_test_00280_fa6589e1__temp0.60__seed7,0.43996410918004986,0.18181818181818177,14,per_run_oof
qwen2p5_32b__math_test_00280_fa6589e1__temp1.00__seed7,0.37520646115894835,,14,per_run_oof
qwen2p5_32b__math_test_00281_c1845e7d__temp0.10__seed7,0.10024749926884795,1.0,14,per_run_oof
qwen2p5_32b__math_test_00281_c1845e7d__temp0.60__seed7,0.09703478973736128,1.0,14,per_run_oof
qwen2p5_32b__math_test_00281_c1845e7d__temp1.00__seed7,0.0997430223516482,0.9166666666666666,14,per_run_oof
qwen2p5_32b__math_test_00282_92f3a353__temp0.10__seed7,0.24633060989194572,,14,per_run_oof
qwen2p5_32b__math_test_00282_92f3a353__temp0.60__seed7,0.1291800263786675,0.9393939393939393,14,per_run_oof
qwen2p5_32b__math_test_00282_92f3a353__temp1.00__seed7,0.009047365371955511,,14,per_run_oof
qwen2p5_32b__math_test_00283_7135627a__temp0.10__seed7,0.048626089689628824,1.0,14,per_run_oof
qwen2p5_32b__math_test_00283_7135627a__temp0.60__seed7,0.27880803378489266,,14,per_run_oof
qwen2p5_32b__math_test_00283_7135627a__temp1.00__seed7,0.2534200457845441,,14,per_run_oof
qwen2p5_32b__math_test_00284_d7b7add8__temp0.10__seed7,0.2876513268102144,,14,per_run_oof
qwen2p5_32b__math_test_00284_d7b7add8__temp0.60__seed7,0.18131875100886738,,14,per_run_oof
qwen2p5_32b__math_test_00284_d7b7add8__temp1.00__seed7,0.06612940884369418,,14,per_run_oof
qwen2p5_32b__math_test_00285_2a685be2__temp0.10__seed7,0.07292502451136045,1.0,14,per_run_oof
qwen2p5_32b__math_test_00285_2a685be2__temp0.60__seed7,0.09567802344773228,1.0,14,per_run_oof
qwen2p5_32b__math_test_00285_2a685be2__temp1.00__seed7,0.3805138580511055,,14,per_run_oof
qwen2p5_32b__math_test_00286_2378497f__temp0.10__seed7,0.10808313886927964,1.0,14,per_run_oof
qwen2p5_32b__math_test_00286_2378497f__temp0.60__seed7,0.23861617817455902,,14,per_run_oof
qwen2p5_32b__math_test_00286_2378497f__temp1.00__seed7,0.31092804700637977,,14,per_run_oof
qwen2p5_32b__math_test_00287_ab35a62d__temp0.10__seed7,0.04474720151343929,,14,per_run_oof
qwen2p5_32b__math_test_00287_ab35a62d__temp0.60__seed7,0.03006259500923967,,14,per_run_oof
qwen2p5_32b__math_test_00287_ab35a62d__temp1.00__seed7,0.05995750125123882,,14,per_run_oof
qwen2p5_32b__math_test_00288_99b25b6b__temp0.10__seed7,0.24386491167217536,,14,per_run_oof
qwen2p5_32b__math_test_00288_99b25b6b__temp0.60__seed7,0.19866789448216407,,14,per_run_oof
qwen2p5_32b__math_test_00288_99b25b6b__temp1.00__seed7,0.267643433983774,,14,per_run_oof
qwen2p5_32b__math_test_00289_65b47d19__temp0.10__seed7,0.2364728102606042,,14,per_run_oof
qwen2p5_32b__math_test_00289_65b47d19__temp0.60__seed7,0.0422115503063217,,14,per_run_oof
qwen2p5_32b__math_test_00289_65b47d19__temp1.00__seed7,0.2509553559320721,,14,per_run_oof
qwen2p5_32b__math_test_00290_1a809667__temp0.10__seed7,0.34730016500064426,,14,per_run_oof
qwen2p5_32b__math_test_00290_1a809667__temp0.60__seed7,0.24647098630534772,0.9230769230769231,14,per_run_oof
qwen2p5_32b__math_test_00290_1a809667__temp1.00__seed7,0.359148838862201,,14,per_run_oof
qwen2p5_32b__math_test_00291_f0f80e1a__temp0.10__seed7,0.3478693158071879,,14,per_run_oof
qwen2p5_32b__math_test_00291_f0f80e1a__temp0.60__seed7,0.1144367980594999,0.9777777777777779,14,per_run_oof
qwen2p5_32b__math_test_00291_f0f80e1a__temp1.00__seed7,0.11343952456427932,0.9387755102040816,14,per_run_oof
qwen2p5_32b__math_test_00292_9f87e110__temp0.10__seed7,0.1597745023932339,,14,per_run_oof
qwen2p5_32b__math_test_00292_9f87e110__temp0.60__seed7,0.16761406758936975,,14,per_run_oof
qwen2p5_32b__math_test_00292_9f87e110__temp1.00__seed7,0.09480048451988383,,14,per_run_oof
qwen2p5_32b__math_test_00293_9a549464__temp0.10__seed7,0.09129008647753455,1.0,14,per_run_oof
qwen2p5_32b__math_test_00293_9a549464__temp0.60__seed7,0.28109633472796747,,14,per_run_oof
qwen2p5_32b__math_test_00293_9a549464__temp1.00__seed7,0.400842979198191,0.8958333333333334,14,per_run_oof
qwen2p5_32b__math_test_00294_bbfa98b4__temp0.10__seed7,0.12037793801692451,1.0,14,per_run_oof
qwen2p5_32b__math_test_00294_bbfa98b4__temp0.60__seed7,0.0921352614006506,1.0,14,per_run_oof
qwen2p5_32b__math_test_00294_bbfa98b4__temp1.00__seed7,0.1698849329767003,1.0,14,per_run_oof
qwen2p5_32b__math_test_00295_5384a318__temp0.10__seed7,0.2538663583513697,,14,per_run_oof
qwen2p5_32b__math_test_00295_5384a318__temp0.60__seed7,0.17239126286196246,0.95,14,per_run_oof
qwen2p5_32b__math_test_00295_5384a318__temp1.00__seed7,0.1238517389702152,,14,per_run_oof
qwen2p5_32b__math_test_00296_dd695c69__temp0.10__seed7,0.10245073499068037,,14,per_run_oof
qwen2p5_32b__math_test_00296_dd695c69__temp0.60__seed7,0.03802945595395057,,14,per_run_oof
qwen2p5_32b__math_test_00296_dd695c69__temp1.00__seed7,0.19702740912634395,,14,per_run_oof
qwen2p5_32b__math_test_00297_96f3b4cd__temp0.10__seed7,0.14913980550732667,,14,per_run_oof
qwen2p5_32b__math_test_00297_96f3b4cd__temp0.60__seed7,0.2293770971989097,,14,per_run_oof
qwen2p5_32b__math_test_00297_96f3b4cd__temp1.00__seed7,0.16780388792131923,0.4242424242424242,14,per_run_oof
qwen2p5_32b__math_test_00298_cd93bf6b__temp0.10__seed7,0.17383455820996835,,14,per_run_oof
qwen2p5_32b__math_test_00298_cd93bf6b__temp0.60__seed7,0.18453733410878534,,14,per_run_oof
qwen2p5_32b__math_test_00298_cd93bf6b__temp1.00__seed7,0.12742057112636787,1.0,14,per_run_oof
qwen2p5_32b__math_test_00299_9edbd238__temp0.10__seed7,0.11147367425737724,0.9393939393939393,14,per_run_oof
qwen2p5_32b__math_test_00299_9edbd238__temp0.60__seed7,0.10683649593058724,0.9393939393939393,14,per_run_oof
qwen2p5_32b__math_test_00299_9edbd238__temp1.00__seed7,0.14317899485569652,0.925,14,per_run_oof
qwen2p5_32b__math_test_00300_7b4fb29f__temp0.10__seed7,0.40157140439461003,,14,per_run_oof
qwen2p5_32b__math_test_00300_7b4fb29f__temp0.60__seed7,0.09352552977796355,,14,per_run_oof
qwen2p5_32b__math_test_00300_7b4fb29f__temp1.00__seed7,0.4254164997873416,,14,per_run_oof
qwen2p5_32b__math_test_00301_fe74163c__temp0.10__seed7,0.1453306651389271,,14,per_run_oof
qwen2p5_32b__math_test_00301_fe74163c__temp0.60__seed7,0.1533395840978766,,14,per_run_oof
qwen2p5_32b__math_test_00301_fe74163c__temp1.00__seed7,0.1564963487826614,,14,per_run_oof
qwen2p5_32b__math_test_00302_555caaf5__temp0.10__seed7,0.23749850855459556,,14,per_run_oof
qwen2p5_32b__math_test_00302_555caaf5__temp0.60__seed7,0.32177304476835344,,14,per_run_oof
qwen2p5_32b__math_test_00302_555caaf5__temp1.00__seed7,0.07191065361280984,1.0,14,per_run_oof
qwen2p5_32b__math_test_00303_0a6043f3__temp0.10__seed7,0.10427692578130572,,14,per_run_oof
qwen2p5_32b__math_test_00303_0a6043f3__temp0.60__seed7,0.173478497764434,,14,per_run_oof
qwen2p5_32b__math_test_00303_0a6043f3__temp1.00__seed7,0.22946890019741373,,14,per_run_oof
qwen2p5_32b__math_test_00304_782cacd3__temp0.10__seed7,0.31385972060129663,,14,per_run_oof
qwen2p5_32b__math_test_00304_782cacd3__temp0.60__seed7,0.18417621200480414,,14,per_run_oof
qwen2p5_32b__math_test_00304_782cacd3__temp1.00__seed7,0.4608228367680397,,14,per_run_oof
qwen2p5_32b__math_test_00305_c8d180e8__temp0.10__seed7,0.08374784831581893,0.9090909090909091,14,per_run_oof
qwen2p5_32b__math_test_00305_c8d180e8__temp0.60__seed7,0.22324331065575295,,14,per_run_oof
qwen2p5_32b__math_test_00305_c8d180e8__temp1.00__seed7,0.318433680255972,,14,per_run_oof
qwen2p5_32b__math_test_00306_15a3ec97__temp0.10__seed7,0.11933743704829991,,14,per_run_oof
qwen2p5_32b__math_test_00306_15a3ec97__temp0.60__seed7,0.10474248747054764,,14,per_run_oof
qwen2p5_32b__math_test_00306_15a3ec97__temp1.00__seed7,0.17899247219943545,,14,per_run_oof
qwen2p5_32b__math_test_00307_ac0e3789__temp0.10__seed7,0.1456501829477864,0.9583333333333333,14,per_run_oof
qwen2p5_32b__math_test_00307_ac0e3789__temp0.60__seed7,0.10187763603656105,1.0,14,per_run_oof
qwen2p5_32b__math_test_00307_ac0e3789__temp1.00__seed7,0.309228092456688,,14,per_run_oof
qwen2p5_32b__math_test_00308_35ec1d7b__temp0.10__seed7,0.02280659540621966,,14,per_run_oof
qwen2p5_32b__math_test_00308_35ec1d7b__temp0.60__seed7,0.013466890586144165,,14,per_run_oof
qwen2p5_32b__math_test_00308_35ec1d7b__temp1.00__seed7,0.12667662236666338,,14,per_run_oof
qwen2p5_32b__math_test_00309_7be0b9c6__temp0.10__seed7,0.13133849627909186,,14,per_run_oof
qwen2p5_32b__math_test_00309_7be0b9c6__temp0.60__seed7,0.0020667448036975457,,14,per_run_oof
qwen2p5_32b__math_test_00309_7be0b9c6__temp1.00__seed7,0.15206988434114901,,14,per_run_oof
qwen2p5_32b__math_test_00310_2974ae8d__temp0.10__seed7,0.16231835753263507,,14,per_run_oof
qwen2p5_32b__math_test_00310_2974ae8d__temp0.60__seed7,0.0872063987168644,1.0,14,per_run_oof
qwen2p5_32b__math_test_00310_2974ae8d__temp1.00__seed7,0.0952642860472019,1.0,14,per_run_oof
qwen2p5_32b__math_test_00311_db5088ff__temp0.10__seed7,0.35997000953540553,,14,per_run_oof
qwen2p5_32b__math_test_00311_db5088ff__temp0.60__seed7,0.364319280267413,,14,per_run_oof
qwen2p5_32b__math_test_00311_db5088ff__temp1.00__seed7,0.3618335113160746,,14,per_run_oof
qwen2p5_32b__math_test_00312_74f8cf90__temp0.10__seed7,0.1603738134480643,,14,per_run_oof
qwen2p5_32b__math_test_00312_74f8cf90__temp0.60__seed7,0.10336994186698799,1.0,14,per_run_oof
qwen2p5_32b__math_test_00312_74f8cf90__temp1.00__seed7,0.08144059849977739,1.0,14,per_run_oof
qwen2p5_32b__math_test_00313_eb9feec2__temp0.10__seed7,0.11781573388559576,0.9777777777777779,14,per_run_oof
qwen2p5_32b__math_test_00313_eb9feec2__temp0.60__seed7,0.10291576605835563,0.9555555555555555,14,per_run_oof
qwen2p5_32b__math_test_00313_eb9feec2__temp1.00__seed7,0.11472563637679824,0.9591836734693877,14,per_run_oof
qwen2p5_32b__math_test_00314_1f87cb3d__temp0.10__seed7,0.04251449836289859,,14,per_run_oof
qwen2p5_32b__math_test_00314_1f87cb3d__temp0.60__seed7,0.3108922998149703,,14,per_run_oof
qwen2p5_32b__math_test_00314_1f87cb3d__temp1.00__seed7,0.06915204569121458,1.0,14,per_run_oof
qwen2p5_32b__math_test_00315_df923cac__temp0.10__seed7,0.12553291647740633,1.0,14,per_run_oof
qwen2p5_32b__math_test_00315_df923cac__temp0.60__seed7,0.22179430530621436,,14,per_run_oof
qwen2p5_32b__math_test_00315_df923cac__temp1.00__seed7,0.21409696371918416,0.9111111111111112,14,per_run_oof
qwen2p5_32b__math_test_00316_d871c684__temp0.10__seed7,0.34337901354806544,0.46153846153846156,14,per_run_oof
qwen2p5_32b__math_test_00316_d871c684__temp0.60__seed7,0.07165538184288744,1.0,14,per_run_oof
qwen2p5_32b__math_test_00316_d871c684__temp1.00__seed7,0.09528309005906754,1.0,14,per_run_oof
qwen2p5_32b__math_test_00317_e0ee33c8__temp0.10__seed7,0.135759045748333,,14,per_run_oof
qwen2p5_32b__math_test_00317_e0ee33c8__temp0.60__seed7,0.15501344179634718,,14,per_run_oof
qwen2p5_32b__math_test_00317_e0ee33c8__temp1.00__seed7,0.26335204522748873,,14,per_run_oof
qwen2p5_32b__math_test_00318_126e857a__temp0.10__seed7,0.43742437367600634,,14,per_run_oof
qwen2p5_32b__math_test_00318_126e857a__temp0.60__seed7,0.14428012867272844,0.9333333333333333,14,per_run_oof
qwen2p5_32b__math_test_00318_126e857a__temp1.00__seed7,0.14495408867050738,1.0,14,per_run_oof
qwen2p5_32b__math_test_00319_dde9f260__temp0.10__seed7,0.12400737775361048,0.975,14,per_run_oof
qwen2p5_32b__math_test_00319_dde9f260__temp0.60__seed7,0.09058698653339652,1.0,14,per_run_oof
qwen2p5_32b__math_test_00319_dde9f260__temp1.00__seed7,0.11267767744302641,0.8888888888888888,14,per_run_oof
qwen2p5_32b__math_test_00320_e8f73851__temp0.10__seed7,0.04192330621495271,,14,per_run_oof
qwen2p5_32b__math_test_00320_e8f73851__temp0.60__seed7,0.1307499452558489,0.9333333333333333,14,per_run_oof
qwen2p5_32b__math_test_00320_e8f73851__temp1.00__seed7,0.3066590218321233,,14,per_run_oof
qwen2p5_32b__math_test_00321_bf799ecc__temp0.10__seed7,0.1270499765032081,,14,per_run_oof
qwen2p5_32b__math_test_00321_bf799ecc__temp0.60__seed7,0.1224385043967972,0.9166666666666666,14,per_run_oof
qwen2p5_32b__math_test_00321_bf799ecc__temp1.00__seed7,0.09972126594031708,1.0,14,per_run_oof
qwen2p5_32b__math_test_00322_ee8eb9c1__temp0.10__seed7,0.0955240535062106,1.0,14,per_run_oof
qwen2p5_32b__math_test_00322_ee8eb9c1__temp0.60__seed7,0.1347015092025813,1.0,14,per_run_oof
qwen2p5_32b__math_test_00322_ee8eb9c1__temp1.00__seed7,0.4647556795785408,0.0,14,per_run_oof
qwen2p5_32b__math_test_00323_372c2d59__temp0.10__seed7,0.37085673117769735,,14,per_run_oof
qwen2p5_32b__math_test_00323_372c2d59__temp0.60__seed7,0.14806959737368033,1.0,14,per_run_oof
qwen2p5_32b__math_test_00323_372c2d59__temp1.00__seed7,0.07957794570347686,1.0,14,per_run_oof
qwen2p5_32b__math_test_00324_5d4902ec__temp0.10__seed7,0.11583232650811559,1.0,14,per_run_oof
qwen2p5_32b__math_test_00324_5d4902ec__temp0.60__seed7,0.03809048339250331,1.0,14,per_run_oof
qwen2p5_32b__math_test_00324_5d4902ec__temp1.00__seed7,0.0429245664990538,,14,per_run_oof
qwen2p5_32b__math_test_00325_bf36a20b__temp0.10__seed7,0.13583920763811813,0.9111111111111112,14,per_run_oof
qwen2p5_32b__math_test_00325_bf36a20b__temp0.60__seed7,0.14547647286225082,,14,per_run_oof
qwen2p5_32b__math_test_00325_bf36a20b__temp1.00__seed7,0.018561695983370926,,14,per_run_oof
qwen2p5_32b__math_test_00326_2b3c488f__temp0.10__seed7,0.21248210517248295,,14,per_run_oof
qwen2p5_32b__math_test_00326_2b3c488f__temp0.60__seed7,0.1110028645361207,,14,per_run_oof
qwen2p5_32b__math_test_00326_2b3c488f__temp1.00__seed7,0.12974137478438558,,14,per_run_oof
qwen2p5_32b__math_test_00327_39c0048d__temp0.10__seed7,0.1110494020192178,1.0,14,per_run_oof
qwen2p5_32b__math_test_00327_39c0048d__temp0.60__seed7,0.20840716311238344,1.0,14,per_run_oof
qwen2p5_32b__math_test_00327_39c0048d__temp1.00__seed7,0.10704639536260474,1.0,14,per_run_oof
qwen2p5_32b__math_test_00328_fd5fbe30__temp0.10__seed7,0.12814776448500756,0.9393939393939393,14,per_run_oof
qwen2p5_32b__math_test_00328_fd5fbe30__temp0.60__seed7,0.1792158245528996,1.0,14,per_run_oof
qwen2p5_32b__math_test_00328_fd5fbe30__temp1.00__seed7,0.12022436837390116,1.0,14,per_run_oof
qwen2p5_32b__math_test_00329_a0de4994__temp0.10__seed7,0.08793653606332134,1.0,14,per_run_oof
qwen2p5_32b__math_test_00329_a0de4994__temp0.60__seed7,0.09593728040924539,1.0,14,per_run_oof
qwen2p5_32b__math_test_00329_a0de4994__temp1.00__seed7,0.12128540389608795,0.9230769230769231,14,per_run_oof
qwen2p5_32b__math_test_00330_45cea026__temp0.10__seed7,0.08988780524707558,1.0,14,per_run_oof
qwen2p5_32b__math_test_00330_45cea026__temp0.60__seed7,0.0789079945614727,1.0,14,per_run_oof
qwen2p5_32b__math_test_00330_45cea026__temp1.00__seed7,0.16631567487268598,0.9393939393939394,14,per_run_oof
qwen2p5_32b__math_test_00331_023902bd__temp0.10__seed7,0.38388883789234,,14,per_run_oof
qwen2p5_32b__math_test_00331_023902bd__temp0.60__seed7,0.3906974062564292,,14,per_run_oof
qwen2p5_32b__math_test_00331_023902bd__temp1.00__seed7,0.31790215780161823,,14,per_run_oof
qwen2p5_32b__math_test_00332_5bacfa8c__temp0.10__seed7,0.11877259317383557,1.0,14,per_run_oof
qwen2p5_32b__math_test_00332_5bacfa8c__temp0.60__seed7,0.07618662680485765,1.0,14,per_run_oof
qwen2p5_32b__math_test_00332_5bacfa8c__temp1.00__seed7,0.2670376078742332,0.07692307692307687,14,per_run_oof
qwen2p5_32b__math_test_00333_a31e71a6__temp0.10__seed7,0.37855330690592737,,14,per_run_oof
qwen2p5_32b__math_test_00333_a31e71a6__temp0.60__seed7,0.311548470129597,,14,per_run_oof
qwen2p5_32b__math_test_00333_a31e71a6__temp1.00__seed7,0.32739354174989843,,14,per_run_oof
qwen2p5_32b__math_test_00334_18dac264__temp0.10__seed7,0.18183124080946558,,14,per_run_oof
qwen2p5_32b__math_test_00334_18dac264__temp0.60__seed7,0.21982927829561905,,14,per_run_oof
qwen2p5_32b__math_test_00334_18dac264__temp1.00__seed7,0.24212241276354554,,14,per_run_oof
qwen2p5_32b__math_test_00335_fde40de4__temp0.10__seed7,0.12484374799323439,1.0,14,per_run_oof
qwen2p5_32b__math_test_00335_fde40de4__temp0.60__seed7,0.10278775312863546,0.979591836734694,14,per_run_oof
qwen2p5_32b__math_test_00335_fde40de4__temp1.00__seed7,0.3326328567064821,,14,per_run_oof
qwen2p5_32b__math_test_00336_0b4ea1e7__temp0.10__seed7,0.13411122844552745,,14,per_run_oof
qwen2p5_32b__math_test_00336_0b4ea1e7__temp0.60__seed7,0.2299994890775201,,14,per_run_oof
qwen2p5_32b__math_test_00336_0b4ea1e7__temp1.00__seed7,0.15393263178632668,,14,per_run_oof
qwen2p5_32b__math_test_00337_d02b019a__temp0.10__seed7,0.20470788228596498,0.7999999999999999,14,per_run_oof
qwen2p5_32b__math_test_00337_d02b019a__temp0.60__seed7,0.2595752899363292,,14,per_run_oof
qwen2p5_32b__math_test_00337_d02b019a__temp1.00__seed7,0.23844209770293423,,14,per_run_oof
qwen2p5_32b__math_test_00338_6b6d2c6b__temp0.10__seed7,0.17688978089810461,1.0,14,per_run_oof
qwen2p5_32b__math_test_00338_6b6d2c6b__temp0.60__seed7,0.134511675093768,,14,per_run_oof
qwen2p5_32b__math_test_00338_6b6d2c6b__temp1.00__seed7,0.20651031952800386,,14,per_run_oof
qwen2p5_32b__math_test_00339_5722cb6d__temp0.10__seed7,0.21025061307799517,,14,per_run_oof
qwen2p5_32b__math_test_00339_5722cb6d__temp0.60__seed7,0.13993741320288644,,14,per_run_oof
qwen2p5_32b__math_test_00339_5722cb6d__temp1.00__seed7,0.1999522325383001,,14,per_run_oof
qwen2p5_32b__math_test_00340_c7e6fae6__temp0.10__seed7,0.05280646648010885,,14,per_run_oof
qwen2p5_32b__math_test_00340_c7e6fae6__temp0.60__seed7,0.15826012338672144,,14,per_run_oof
qwen2p5_32b__math_test_00340_c7e6fae6__temp1.00__seed7,0.1544263053144277,,14,per_run_oof
qwen2p5_32b__math_test_00341_0734d253__temp0.10__seed7,0.10296998078782803,,14,per_run_oof
qwen2p5_32b__math_test_00341_0734d253__temp0.60__seed7,0.2010238457211822,,14,per_run_oof
qwen2p5_32b__math_test_00341_0734d253__temp1.00__seed7,0.21849737122680285,,14,per_run_oof
qwen2p5_32b__math_test_00342_1bb3298f__temp0.10__seed7,0.19488933412682607,0.8444444444444444,14,per_run_oof
qwen2p5_32b__math_test_00342_1bb3298f__temp0.60__seed7,0.19040652903997982,0.8666666666666667,14,per_run_oof
qwen2p5_32b__math_test_00342_1bb3298f__temp1.00__seed7,0.20917987111996958,0.6666666666666666,14,per_run_oof
qwen2p5_32b__math_test_00343_e54f9ee1__temp0.10__seed7,0.28268585980691746,,14,per_run_oof
qwen2p5_32b__math_test_00343_e54f9ee1__temp0.60__seed7,0.3529608857711385,,14,per_run_oof
qwen2p5_32b__math_test_00343_e54f9ee1__temp1.00__seed7,0.21883510182903507,,14,per_run_oof
qwen2p5_32b__math_test_00344_64925ab7__temp0.10__seed7,0.1837146993274538,,14,per_run_oof
qwen2p5_32b__math_test_00344_64925ab7__temp0.60__seed7,0.2496464315203001,,14,per_run_oof
qwen2p5_32b__math_test_00344_64925ab7__temp1.00__seed7,0.1832117225987792,,14,per_run_oof
qwen2p5_32b__math_test_00345_6af61995__temp0.10__seed7,0.3924314810846952,,14,per_run_oof
qwen2p5_32b__math_test_00345_6af61995__temp0.60__seed7,0.4134657268489444,,14,per_run_oof
qwen2p5_32b__math_test_00345_6af61995__temp1.00__seed7,0.42426135491109723,,14,per_run_oof
qwen2p5_32b__math_test_00346_baa6122d__temp0.10__seed7,0.2307542517500296,,14,per_run_oof
qwen2p5_32b__math_test_00346_baa6122d__temp0.60__seed7,0.1318014244748397,1.0,14,per_run_oof
qwen2p5_32b__math_test_00346_baa6122d__temp1.00__seed7,0.32098930764293715,,14,per_run_oof
qwen2p5_32b__math_test_00347_a2f7bec0__temp0.10__seed7,0.3516074694249624,,14,per_run_oof
qwen2p5_32b__math_test_00347_a2f7bec0__temp0.60__seed7,0.009628284094019144,,14,per_run_oof
qwen2p5_32b__math_test_00347_a2f7bec0__temp1.00__seed7,0.09456461823551363,,14,per_run_oof
qwen2p5_32b__math_test_00348_86ddc3d0__temp0.10__seed7,0.4282523769579124,,14,per_run_oof
qwen2p5_32b__math_test_00348_86ddc3d0__temp0.60__seed7,0.3126106254726518,,14,per_run_oof
qwen2p5_32b__math_test_00348_86ddc3d0__temp1.00__seed7,0.1193441923260821,0.9333333333333333,14,per_run_oof
qwen2p5_32b__math_test_00349_b9d9a1ba__temp0.10__seed7,0.12425046553267911,1.0,14,per_run_oof
qwen2p5_32b__math_test_00349_b9d9a1ba__temp0.60__seed7,0.09525230200761144,1.0,14,per_run_oof
qwen2p5_32b__math_test_00349_b9d9a1ba__temp1.00__seed7,0.1730525599890477,,14,per_run_oof
qwen2p5_32b__math_test_00350_02aacf73__temp0.10__seed7,0.034992917287158254,1.0,14,per_run_oof
qwen2p5_32b__math_test_00350_02aacf73__temp0.60__seed7,0.11138487435392298,0.975,14,per_run_oof
qwen2p5_32b__math_test_00350_02aacf73__temp1.00__seed7,0.1026437683877817,1.0,14,per_run_oof
qwen2p5_32b__math_test_00351_67aec9c5__temp0.10__seed7,0.16813986169677575,1.0,14,per_run_oof
qwen2p5_32b__math_test_00351_67aec9c5__temp0.60__seed7,0.05293995520711412,,14,per_run_oof
qwen2p5_32b__math_test_00351_67aec9c5__temp1.00__seed7,0.2017011572608321,0.8461538461538461,14,per_run_oof
qwen2p5_32b__math_test_00352_e74ba0fa__temp0.10__seed7,0.14480320400925464,0.9583333333333334,14,per_run_oof
qwen2p5_32b__math_test_00352_e74ba0fa__temp0.60__seed7,0.3152732506579727,,14,per_run_oof
qwen2p5_32b__math_test_00352_e74ba0fa__temp1.00__seed7,0.269619912358647,0.7555555555555555,14,per_run_oof
qwen2p5_32b__math_test_00353_8c1deb6e__temp0.10__seed7,0.13852242098110554,,14,per_run_oof
qwen2p5_32b__math_test_00353_8c1deb6e__temp0.60__seed7,0.19929613419293496,,14,per_run_oof
qwen2p5_32b__math_test_00353_8c1deb6e__temp1.00__seed7,0.29964392809568186,,14,per_run_oof
qwen2p5_32b__math_test_00354_47b050a9__temp0.10__seed7,0.20875255176596488,,14,per_run_oof
qwen2p5_32b__math_test_00354_47b050a9__temp0.60__seed7,0.21787128896539856,,14,per_run_oof
qwen2p5_32b__math_test_00354_47b050a9__temp1.00__seed7,0.2417823817228326,,14,per_run_oof
qwen2p5_32b__math_test_00355_ec1c2c36__temp0.10__seed7,0.07444821587444184,,14,per_run_oof
qwen2p5_32b__math_test_00355_ec1c2c36__temp0.60__seed7,0.06746948844684694,,14,per_run_oof
qwen2p5_32b__math_test_00355_ec1c2c36__temp1.00__seed7,0.07420719825405452,,14,per_run_oof
qwen2p5_32b__math_test_00356_f8a2ffc1__temp0.10__seed7,0.1943196236454065,0.9583333333333333,14,per_run_oof
qwen2p5_32b__math_test_00356_f8a2ffc1__temp0.60__seed7,0.13522854486346114,1.0,14,per_run_oof
qwen2p5_32b__math_test_00356_f8a2ffc1__temp1.00__seed7,0.176348730883863,1.0,14,per_run_oof
qwen2p5_32b__math_test_00357_8a63afe5__temp0.10__seed7,0.09792774583837886,1.0,14,per_run_oof
qwen2p5_32b__math_test_00357_8a63afe5__temp0.60__seed7,0.10281628046474235,1.0,14,per_run_oof
qwen2p5_32b__math_test_00357_8a63afe5__temp1.00__seed7,0.20057336660669312,0.9230769230769231,14,per_run_oof
qwen2p5_32b__math_test_00358_76dfcccb__temp0.10__seed7,0.1233067937907669,0.95,14,per_run_oof
qwen2p5_32b__math_test_00358_76dfcccb__temp0.60__seed7,0.09282268856434642,0.95,14,per_run_oof
qwen2p5_32b__math_test_00358_76dfcccb__temp1.00__seed7,0.14449513302369166,0.9230769230769231,14,per_run_oof
qwen2p5_32b__math_test_00359_f093fce4__temp0.10__seed7,0.4431783644999897,,14,per_run_oof
qwen2p5_32b__math_test_00359_f093fce4__temp0.60__seed7,0.05959417454473005,1.0,14,per_run_oof
qwen2p5_32b__math_test_00359_f093fce4__temp1.00__seed7,0.07485531902419504,1.0,14,per_run_oof
qwen2p5_32b__math_test_00360_e7cc4a6f__temp0.10__seed7,0.1098946486071025,0.9,14,per_run_oof
qwen2p5_32b__math_test_00360_e7cc4a6f__temp0.60__seed7,0.2940056639444842,,14,per_run_oof
qwen2p5_32b__math_test_00360_e7cc4a6f__temp1.00__seed7,0.11801856835396544,1.0,14,per_run_oof
qwen2p5_32b__math_test_00361_e7fdc3ec__temp0.10__seed7,0.1579246137459715,0.95,14,per_run_oof
qwen2p5_32b__math_test_00361_e7fdc3ec__temp0.60__seed7,0.10774220522863232,0.9777777777777779,14,per_run_oof
qwen2p5_32b__math_test_00361_e7fdc3ec__temp1.00__seed7,0.14016494142937636,0.95,14,per_run_oof
qwen2p5_32b__math_test_00362_a3ec21a8__temp0.10__seed7,0.00240521783165002,,14,per_run_oof
qwen2p5_32b__math_test_00362_a3ec21a8__temp0.60__seed7,0.0671879490164521,,14,per_run_oof
qwen2p5_32b__math_test_00362_a3ec21a8__temp1.00__seed7,0.09533008688003745,,14,per_run_oof
qwen2p5_32b__math_test_00363_76d22eff__temp0.10__seed7,0.3892372577175559,,14,per_run_oof
qwen2p5_32b__math_test_00363_76d22eff__temp0.60__seed7,0.17029161123896147,1.0,14,per_run_oof
qwen2p5_32b__math_test_00363_76d22eff__temp1.00__seed7,0.1630044272249251,,14,per_run_oof
qwen2p5_32b__math_test_00364_48ea1907__temp0.10__seed7,0.10152276179257068,1.0,14,per_run_oof
qwen2p5_32b__math_test_00364_48ea1907__temp0.60__seed7,0.07148107214199968,1.0,14,per_run_oof
qwen2p5_32b__math_test_00364_48ea1907__temp1.00__seed7,0.11077181279300281,0.9591836734693877,14,per_run_oof
qwen2p5_32b__math_test_00365_ee443bc9__temp0.10__seed7,0.10655610692177146,,14,per_run_oof
qwen2p5_32b__math_test_00365_ee443bc9__temp0.60__seed7,0.1750580325344715,,14,per_run_oof
qwen2p5_32b__math_test_00365_ee443bc9__temp1.00__seed7,0.28302921283765314,0.9,14,per_run_oof
qwen2p5_32b__math_test_00366_e4373bdd__temp0.10__seed7,0.14225711362283372,0.9,14,per_run_oof
qwen2p5_32b__math_test_00366_e4373bdd__temp0.60__seed7,0.01206084125938721,1.0,14,per_run_oof
qwen2p5_32b__math_test_00366_e4373bdd__temp1.00__seed7,0.17650104300978256,0.8888888888888888,14,per_run_oof
qwen2p5_32b__math_test_00367_f645536a__temp0.10__seed7,0.05476734961132717,,14,per_run_oof
qwen2p5_32b__math_test_00367_f645536a__temp0.60__seed7,0.3747515493792838,,14,per_run_oof
qwen2p5_32b__math_test_00367_f645536a__temp1.00__seed7,0.3859713597424625,,14,per_run_oof
qwen2p5_32b__math_test_00368_3ac511d2__temp0.10__seed7,0.10578828752662704,1.0,14,per_run_oof
qwen2p5_32b__math_test_00368_3ac511d2__temp0.60__seed7,0.07963272125192393,1.0,14,per_run_oof
qwen2p5_32b__math_test_00368_3ac511d2__temp1.00__seed7,0.16986713995912753,0.8222222222222222,14,per_run_oof
qwen2p5_32b__math_test_00369_598cca5b__temp0.10__seed7,0.18689406716517878,,14,per_run_oof
qwen2p5_32b__math_test_00369_598cca5b__temp0.60__seed7,0.06359442737676106,1.0,14,per_run_oof
qwen2p5_32b__math_test_00369_598cca5b__temp1.00__seed7,0.34460777466714,,14,per_run_oof
qwen2p5_32b__math_test_00370_ca991c57__temp0.10__seed7,0.42826718053276475,,14,per_run_oof
qwen2p5_32b__math_test_00370_ca991c57__temp0.60__seed7,0.3883376091130723,,14,per_run_oof
qwen2p5_32b__math_test_00370_ca991c57__temp1.00__seed7,0.1588352214442942,1.0,14,per_run_oof
qwen2p5_32b__math_test_00371_2bd6f928__temp0.10__seed7,0.20687768352444807,0.9583333333333333,14,per_run_oof
qwen2p5_32b__math_test_00371_2bd6f928__temp0.60__seed7,0.1209407345618215,1.0,14,per_run_oof
qwen2p5_32b__math_test_00371_2bd6f928__temp1.00__seed7,0.21351566596693677,1.0,14,per_run_oof
qwen2p5_32b__math_test_00372_b7f23143__temp0.10__seed7,0.08605344620064374,1.0,14,per_run_oof
qwen2p5_32b__math_test_00372_b7f23143__temp0.60__seed7,0.0888540485358913,1.0,14,per_run_oof
qwen2p5_32b__math_test_00372_b7f23143__temp1.00__seed7,0.22905637870753473,0.9,14,per_run_oof
qwen2p5_32b__math_test_00373_00badbcf__temp0.10__seed7,0.07022785186499336,1.0,14,per_run_oof
qwen2p5_32b__math_test_00373_00badbcf__temp0.60__seed7,0.11150192145805797,0.9696969696969697,14,per_run_oof
qwen2p5_32b__math_test_00373_00badbcf__temp1.00__seed7,0.10092756590866024,1.0,14,per_run_oof
qwen2p5_32b__math_test_00374_6b1b63ff__temp0.10__seed7,0.18968167820132448,1.0,14,per_run_oof
qwen2p5_32b__math_test_00374_6b1b63ff__temp0.60__seed7,0.09020247544026809,1.0,14,per_run_oof
qwen2p5_32b__math_test_00374_6b1b63ff__temp1.00__seed7,0.09968088317949196,1.0,14,per_run_oof
qwen2p5_32b__math_test_00375_150bb464__temp0.10__seed7,0.10487207764815977,1.0,14,per_run_oof
qwen2p5_32b__math_test_00375_150bb464__temp0.60__seed7,0.10202969716347568,0.975,14,per_run_oof
qwen2p5_32b__math_test_00375_150bb464__temp1.00__seed7,0.12383136466019971,0.975,14,per_run_oof
qwen2p5_32b__math_test_00376_61c1faed__temp0.10__seed7,0.12845196136738365,1.0,14,per_run_oof
qwen2p5_32b__math_test_00376_61c1faed__temp0.60__seed7,0.13265952840702863,1.0,14,per_run_oof
qwen2p5_32b__math_test_00376_61c1faed__temp1.00__seed7,0.4439483376682997,,14,per_run_oof
qwen2p5_32b__math_test_00377_5a155369__temp0.10__seed7,0.2883140792617215,0.7708333333333334,14,per_run_oof
qwen2p5_32b__math_test_00377_5a155369__temp0.60__seed7,0.25905266583395914,0.6666666666666666,14,per_run_oof
qwen2p5_32b__math_test_00377_5a155369__temp1.00__seed7,0.13446652669825598,0.9090909090909091,14,per_run_oof
qwen2p5_32b__math_test_00378_679ad820__temp0.10__seed7,0.12013456994070308,0.9166666666666667,14,per_run_oof
qwen2p5_32b__math_test_00378_679ad820__temp0.60__seed7,0.17377336937673063,,14,per_run_oof
qwen2p5_32b__math_test_00378_679ad820__temp1.00__seed7,0.0987437516162271,1.0,14,per_run_oof
qwen2p5_32b__math_test_00379_47fb8717__temp0.10__seed7,0.09325773378441349,0.9696969696969697,14,per_run_oof
qwen2p5_32b__math_test_00379_47fb8717__temp0.60__seed7,0.09224052067875098,1.0,14,per_run_oof
qwen2p5_32b__math_test_00379_47fb8717__temp1.00__seed7,0.3562443456686199,,14,per_run_oof
qwen2p5_32b__math_test_00380_5f1641b4__temp0.10__seed7,0.3069615134826066,,14,per_run_oof
qwen2p5_32b__math_test_00380_5f1641b4__temp0.60__seed7,0.10138138737646711,,14,per_run_oof
qwen2p5_32b__math_test_00380_5f1641b4__temp1.00__seed7,0.29148400095313454,,14,per_run_oof
qwen2p5_32b__math_test_00381_8df788ff__temp0.10__seed7,0.08940652666276043,1.0,14,per_run_oof
qwen2p5_32b__math_test_00381_8df788ff__temp0.60__seed7,0.15826340141624815,1.0,14,per_run_oof
qwen2p5_32b__math_test_00381_8df788ff__temp1.00__seed7,0.12271415203520382,1.0,14,per_run_oof
qwen2p5_32b__math_test_00382_38d763f6__temp0.10__seed7,0.06142600162529742,1.0,14,per_run_oof
qwen2p5_32b__math_test_00382_38d763f6__temp0.60__seed7,0.23537576424172688,,14,per_run_oof
qwen2p5_32b__math_test_00382_38d763f6__temp1.00__seed7,0.39945543608395767,,14,per_run_oof
qwen2p5_32b__math_test_00383_08527b10__temp0.10__seed7,0.3231835465821273,0.5757575757575757,14,per_run_oof
qwen2p5_32b__math_test_00383_08527b10__temp0.60__seed7,0.10387210056704262,1.0,14,per_run_oof
qwen2p5_32b__math_test_00383_08527b10__temp1.00__seed7,0.12921736203113626,1.0,14,per_run_oof
qwen2p5_32b__math_test_00384_b0468733__temp0.10__seed7,0.0960637887038589,1.0,14,per_run_oof
qwen2p5_32b__math_test_00384_b0468733__temp0.60__seed7,0.1323139165801482,0.7083333333333333,14,per_run_oof
qwen2p5_32b__math_test_00384_b0468733__temp1.00__seed7,0.06567485912194876,1.0,14,per_run_oof
qwen2p5_32b__math_test_00385_30dafe73__temp0.10__seed7,0.16563044914563158,1.0,14,per_run_oof
qwen2p5_32b__math_test_00385_30dafe73__temp0.60__seed7,0.4556504369118244,,14,per_run_oof
qwen2p5_32b__math_test_00385_30dafe73__temp1.00__seed7,0.1646991594312002,0.8181818181818182,14,per_run_oof
qwen2p5_32b__math_test_00386_07310b54__temp0.10__seed7,0.08126762373042255,,14,per_run_oof
qwen2p5_32b__math_test_00386_07310b54__temp0.60__seed7,0.0801122210497692,,14,per_run_oof
qwen2p5_32b__math_test_00386_07310b54__temp1.00__seed7,0.11637021099045397,,14,per_run_oof
qwen2p5_32b__math_test_00387_17210adf__temp0.10__seed7,0.1449411255793311,,14,per_run_oof
qwen2p5_32b__math_test_00387_17210adf__temp0.60__seed7,0.21803024456612954,,14,per_run_oof
qwen2p5_32b__math_test_00387_17210adf__temp1.00__seed7,0.1796574237809979,,14,per_run_oof
qwen2p5_32b__math_test_00388_11e6a957__temp0.10__seed7,0.0867761051865711,1.0,14,per_run_oof
qwen2p5_32b__math_test_00388_11e6a957__temp0.60__seed7,0.12332145531248595,1.0,14,per_run_oof
qwen2p5_32b__math_test_00388_11e6a957__temp1.00__seed7,0.15072555136352525,1.0,14,per_run_oof
qwen2p5_32b__math_test_00389_a5faa9e5__temp0.10__seed7,0.08656410196051838,1.0,14,per_run_oof
qwen2p5_32b__math_test_00389_a5faa9e5__temp0.60__seed7,0.08674064520841274,1.0,14,per_run_oof
qwen2p5_32b__math_test_00389_a5faa9e5__temp1.00__seed7,0.09279731835181329,1.0,14,per_run_oof
qwen2p5_32b__math_test_00390_ea31a6ca__temp0.10__seed7,0.0031023382868104184,,14,per_run_oof
qwen2p5_32b__math_test_00390_ea31a6ca__temp0.60__seed7,0.17604913116090973,,14,per_run_oof
qwen2p5_32b__math_test_00390_ea31a6ca__temp1.00__seed7,0.008243214622016404,,14,per_run_oof
qwen2p5_32b__math_test_00391_da45406a__temp0.10__seed7,0.13679658638186926,,14,per_run_oof
qwen2p5_32b__math_test_00391_da45406a__temp0.60__seed7,0.18370197827221937,,14,per_run_oof
qwen2p5_32b__math_test_00391_da45406a__temp1.00__seed7,0.22652127085643944,,14,per_run_oof
qwen2p5_32b__math_test_00392_5ec89a77__temp0.10__seed7,0.1918811098121533,0.9393939393939394,14,per_run_oof
qwen2p5_32b__math_test_00392_5ec89a77__temp0.60__seed7,0.18467301672767375,0.8958333333333334,14,per_run_oof
qwen2p5_32b__math_test_00392_5ec89a77__temp1.00__seed7,0.2950225676781847,0.9,14,per_run_oof
qwen2p5_32b__math_test_00393_b3a1a15f__temp0.10__seed7,0.11205456961279724,1.0,14,per_run_oof
qwen2p5_32b__math_test_00393_b3a1a15f__temp0.60__seed7,0.12223867991227776,1.0,14,per_run_oof
qwen2p5_32b__math_test_00393_b3a1a15f__temp1.00__seed7,0.09888353250538091,1.0,14,per_run_oof
qwen2p5_32b__math_test_00394_372e8efa__temp0.10__seed7,0.09467215601384962,1.0,14,per_run_oof
qwen2p5_32b__math_test_00394_372e8efa__temp0.60__seed7,0.29391748828597597,,14,per_run_oof
qwen2p5_32b__math_test_00394_372e8efa__temp1.00__seed7,0.13247567785940978,0.9591836734693878,14,per_run_oof
qwen2p5_32b__math_test_00395_71129ef0__temp0.10__seed7,0.04379098604044874,,14,per_run_oof
qwen2p5_32b__math_test_00395_71129ef0__temp0.60__seed7,0.10177752019308746,,14,per_run_oof
qwen2p5_32b__math_test_00395_71129ef0__temp1.00__seed7,0.16033792683566683,,14,per_run_oof
qwen2p5_32b__math_test_00396_ba3bcd56__temp0.10__seed7,0.39366164238702533,0.0,14,per_run_oof
qwen2p5_32b__math_test_00396_ba3bcd56__temp0.60__seed7,0.09273215858780195,1.0,14,per_run_oof
qwen2p5_32b__math_test_00396_ba3bcd56__temp1.00__seed7,0.36047759517295186,,14,per_run_oof
qwen2p5_32b__math_test_00397_92c7504a__temp0.10__seed7,0.27106895579351364,,14,per_run_oof
qwen2p5_32b__math_test_00397_92c7504a__temp0.60__seed7,0.26696478583065114,,14,per_run_oof
qwen2p5_32b__math_test_00397_92c7504a__temp1.00__seed7,0.1381756714418636,1.0,14,per_run_oof
qwen2p5_32b__math_test_00398_23079a25__temp0.10__seed7,0.08350198018164183,0.979591836734694,14,per_run_oof
qwen2p5_32b__math_test_00398_23079a25__temp0.60__seed7,0.13178836337474267,1.0,14,per_run_oof
qwen2p5_32b__math_test_00398_23079a25__temp1.00__seed7,0.11571183635946893,1.0,14,per_run_oof
qwen2p5_32b__math_test_00399_efffa141__temp0.10__seed7,0.06359876144798772,1.0,14,per_run_oof
qwen2p5_32b__math_test_00399_efffa141__temp0.60__seed7,0.2102596156013848,0.875,14,per_run_oof
qwen2p5_32b__math_test_00399_efffa141__temp1.00__seed7,0.11764434438263091,1.0,14,per_run_oof
qwen2p5_32b__math_test_00400_8f10146b__temp0.10__seed7,0.24345205294456893,0.5777777777777777,14,per_run_oof
qwen2p5_32b__math_test_00400_8f10146b__temp0.60__seed7,0.2788566728149873,,14,per_run_oof
qwen2p5_32b__math_test_00400_8f10146b__temp1.00__seed7,0.27047485231495483,,14,per_run_oof
qwen2p5_32b__math_test_00401_62859aeb__temp0.10__seed7,0.2147731108649333,1.0,14,per_run_oof
qwen2p5_32b__math_test_00401_62859aeb__temp0.60__seed7,0.16075496066174044,1.0,14,per_run_oof
qwen2p5_32b__math_test_00401_62859aeb__temp1.00__seed7,0.12072197263187497,1.0,14,per_run_oof
qwen2p5_32b__math_test_00402_d12fb851__temp0.10__seed7,0.3638535322298675,,14,per_run_oof
qwen2p5_32b__math_test_00402_d12fb851__temp0.60__seed7,0.29067889888138143,,14,per_run_oof
qwen2p5_32b__math_test_00402_d12fb851__temp1.00__seed7,0.30354663459054115,,14,per_run_oof
qwen2p5_32b__math_test_00403_11b3b101__temp0.10__seed7,0.3306182606521228,,14,per_run_oof
qwen2p5_32b__math_test_00403_11b3b101__temp0.60__seed7,0.25911703458768764,0.5510204081632653,14,per_run_oof
qwen2p5_32b__math_test_00403_11b3b101__temp1.00__seed7,0.3256726491210724,,14,per_run_oof
qwen2p5_32b__math_test_00404_da55437b__temp0.10__seed7,0.11159153463306017,,14,per_run_oof
qwen2p5_32b__math_test_00404_da55437b__temp0.60__seed7,0.08150979733713705,1.0,14,per_run_oof
qwen2p5_32b__math_test_00404_da55437b__temp1.00__seed7,0.09809834702544751,,14,per_run_oof
qwen2p5_32b__math_test_00405_668162f1__temp0.10__seed7,0.5468254468368613,0.27272727272727276,14,per_run_oof
qwen2p5_32b__math_test_00405_668162f1__temp0.60__seed7,0.09186209178591319,1.0,14,per_run_oof
qwen2p5_32b__math_test_00405_668162f1__temp1.00__seed7,0.14649514704040878,0.9090909090909091,14,per_run_oof
qwen2p5_32b__math_test_00406_895adc35__temp0.10__seed7,0.36853920602607787,,14,per_run_oof
qwen2p5_32b__math_test_00406_895adc35__temp0.60__seed7,0.2940651691882476,,14,per_run_oof
qwen2p5_32b__math_test_00406_895adc35__temp1.00__seed7,0.01865461907989885,1.0,14,per_run_oof
qwen2p5_32b__math_test_00407_21645a77__temp0.10__seed7,0.28081238309063694,,14,per_run_oof
qwen2p5_32b__math_test_00407_21645a77__temp0.60__seed7,0.14473006857398923,,14,per_run_oof
qwen2p5_32b__math_test_00407_21645a77__temp1.00__seed7,0.2771960137352668,,14,per_run_oof
qwen2p5_32b__math_test_00408_72a21fce__temp0.10__seed7,0.0987428623135159,1.0,14,per_run_oof
qwen2p5_32b__math_test_00408_72a21fce__temp0.60__seed7,0.11719045424529143,1.0,14,per_run_oof
qwen2p5_32b__math_test_00408_72a21fce__temp1.00__seed7,0.11103519366600066,0.9696969696969697,14,per_run_oof
qwen2p5_32b__math_test_00409_2cbb5151__temp0.10__seed7,0.03407448685257692,,14,per_run_oof
qwen2p5_32b__math_test_00409_2cbb5151__temp0.60__seed7,0.320460181843971,,14,per_run_oof
qwen2p5_32b__math_test_00409_2cbb5151__temp1.00__seed7,0.269258407379532,,14,per_run_oof
qwen2p5_32b__math_test_00410_6885282d__temp0.10__seed7,0.03315654880003871,,14,per_run_oof
qwen2p5_32b__math_test_00410_6885282d__temp0.60__seed7,0.14257146094241424,0.9111111111111111,14,per_run_oof
qwen2p5_32b__math_test_00410_6885282d__temp1.00__seed7,0.038487456152625873,,14,per_run_oof
qwen2p5_32b__math_test_00411_6f5d00d6__temp0.10__seed7,0.3261985850581568,,14,per_run_oof
qwen2p5_32b__math_test_00411_6f5d00d6__temp0.60__seed7,0.20761718904223844,,14,per_run_oof
qwen2p5_32b__math_test_00411_6f5d00d6__temp1.00__seed7,0.3079468393933807,,14,per_run_oof
qwen2p5_32b__math_test_00412_403b3454__temp0.10__seed7,0.14132245663829032,0.9375,14,per_run_oof
qwen2p5_32b__math_test_00412_403b3454__temp0.60__seed7,0.12796971997488998,0.9166666666666667,14,per_run_oof
qwen2p5_32b__math_test_00412_403b3454__temp1.00__seed7,0.030652709735544768,1.0,14,per_run_oof
qwen2p5_32b__math_test_00413_a79cadf3__temp0.10__seed7,0.2906997898847159,,14,per_run_oof
qwen2p5_32b__math_test_00413_a79cadf3__temp0.60__seed7,0.2737952676171703,0.0,14,per_run_oof
qwen2p5_32b__math_test_00413_a79cadf3__temp1.00__seed7,0.15597388888100333,1.0,14,per_run_oof
qwen2p5_32b__math_test_00414_f8b3d5f2__temp0.10__seed7,0.02060821801715948,,14,per_run_oof
qwen2p5_32b__math_test_00414_f8b3d5f2__temp0.60__seed7,0.14421003038490718,,14,per_run_oof
qwen2p5_32b__math_test_00414_f8b3d5f2__temp1.00__seed7,0.12610411899972573,,14,per_run_oof
qwen2p5_32b__math_test_00415_df5709ae__temp0.10__seed7,0.09586342450023759,,14,per_run_oof
qwen2p5_32b__math_test_00415_df5709ae__temp0.60__seed7,0.13779115238816808,,14,per_run_oof
qwen2p5_32b__math_test_00415_df5709ae__temp1.00__seed7,0.006881083337665412,,14,per_run_oof
qwen2p5_32b__math_test_00416_29223b4f__temp0.10__seed7,0.10321279895505173,1.0,14,per_run_oof
qwen2p5_32b__math_test_00416_29223b4f__temp0.60__seed7,0.13366902913903453,0.9696969696969697,14,per_run_oof
qwen2p5_32b__math_test_00416_29223b4f__temp1.00__seed7,0.1605599822568196,0.7878787878787878,14,per_run_oof
qwen2p5_32b__math_test_00417_f378f07d__temp0.10__seed7,0.2549992041145872,0.07692307692307693,14,per_run_oof
qwen2p5_32b__math_test_00417_f378f07d__temp0.60__seed7,0.3907245217126026,,14,per_run_oof
qwen2p5_32b__math_test_00417_f378f07d__temp1.00__seed7,0.5124734615752718,0.7083333333333333,14,per_run_oof
qwen2p5_32b__math_test_00418_452dc872__temp0.10__seed7,0.2423623701274305,,14,per_run_oof
qwen2p5_32b__math_test_00418_452dc872__temp0.60__seed7,0.16915861478073335,,14,per_run_oof
qwen2p5_32b__math_test_00418_452dc872__temp1.00__seed7,0.027668245142586746,,14,per_run_oof
qwen2p5_32b__math_test_00419_dadaee3f__temp0.10__seed7,0.3192952050703613,,14,per_run_oof
qwen2p5_32b__math_test_00419_dadaee3f__temp0.60__seed7,0.1934930875666025,0.9166666666666666,14,per_run_oof
qwen2p5_32b__math_test_00419_dadaee3f__temp1.00__seed7,0.22397729968462834,0.8461538461538461,14,per_run_oof
qwen2p5_32b__math_test_00420_ecd5f88d__temp0.10__seed7,0.1861988681636589,,14,per_run_oof
qwen2p5_32b__math_test_00420_ecd5f88d__temp0.60__seed7,0.1698292883017538,,14,per_run_oof
qwen2p5_32b__math_test_00420_ecd5f88d__temp1.00__seed7,0.2498757091126593,1.0,14,per_run_oof
qwen2p5_32b__math_test_00421_c2187615__temp0.10__seed7,0.12182489772262654,1.0,14,per_run_oof
qwen2p5_32b__math_test_00421_c2187615__temp0.60__seed7,0.14341613770703412,,14,per_run_oof
qwen2p5_32b__math_test_00421_c2187615__temp1.00__seed7,0.1284603627510606,0.8461538461538461,14,per_run_oof
qwen2p5_32b__math_test_00422_fec8190b__temp0.10__seed7,0.0033997553176524013,,14,per_run_oof
qwen2p5_32b__math_test_00422_fec8190b__temp0.60__seed7,0.12240849370673677,,14,per_run_oof
qwen2p5_32b__math_test_00422_fec8190b__temp1.00__seed7,0.12877315300352052,,14,per_run_oof
qwen2p5_32b__math_test_00423_19a18675__temp0.10__seed7,0.22011718688542087,0.9591836734693877,14,per_run_oof
qwen2p5_32b__math_test_00423_19a18675__temp0.60__seed7,0.1588665808675135,,14,per_run_oof
qwen2p5_32b__math_test_00423_19a18675__temp1.00__seed7,0.048368957203643204,1.0,14,per_run_oof
qwen2p5_32b__math_test_00424_4db9759a__temp0.10__seed7,0.19619497295117294,1.0,14,per_run_oof
qwen2p5_32b__math_test_00424_4db9759a__temp0.60__seed7,0.14996125374302158,0.925,14,per_run_oof
qwen2p5_32b__math_test_00424_4db9759a__temp1.00__seed7,0.22613494306494092,0.775,14,per_run_oof
qwen2p5_32b__math_test_00425_88cd35aa__temp0.10__seed7,0.3073429455403297,,14,per_run_oof
qwen2p5_32b__math_test_00425_88cd35aa__temp0.60__seed7,0.07533768794121963,,14,per_run_oof
qwen2p5_32b__math_test_00425_88cd35aa__temp1.00__seed7,0.06263248465158298,,14,per_run_oof
qwen2p5_32b__math_test_00426_206b8557__temp0.10__seed7,0.1791672684721344,0.8461538461538461,14,per_run_oof
qwen2p5_32b__math_test_00426_206b8557__temp0.60__seed7,0.09443757920695188,,14,per_run_oof
qwen2p5_32b__math_test_00426_206b8557__temp1.00__seed7,0.2478108947776839,,14,per_run_oof
qwen2p5_32b__math_test_00427_f158b2bb__temp0.10__seed7,0.08135800229823219,1.0,14,per_run_oof
qwen2p5_32b__math_test_00427_f158b2bb__temp0.60__seed7,0.0045077359886057725,,14,per_run_oof
qwen2p5_32b__math_test_00427_f158b2bb__temp1.00__seed7,0.11849945204619321,1.0,14,per_run_oof
qwen2p5_32b__math_test_00428_ecc1932f__temp0.10__seed7,0.2194072173971864,,14,per_run_oof
qwen2p5_32b__math_test_00428_ecc1932f__temp0.60__seed7,0.2096307464249043,,14,per_run_oof
qwen2p5_32b__math_test_00428_ecc1932f__temp1.00__seed7,0.19957665626821627,,14,per_run_oof
qwen2p5_32b__math_test_00429_0ed0c936__temp0.10__seed7,0.12229456779552653,1.0,14,per_run_oof
qwen2p5_32b__math_test_00429_0ed0c936__temp0.60__seed7,0.09103943248110845,1.0,14,per_run_oof
qwen2p5_32b__math_test_00429_0ed0c936__temp1.00__seed7,0.16922293284828702,1.0,14,per_run_oof
qwen2p5_32b__math_test_00430_28f71d47__temp0.10__seed7,0.07551507622439223,1.0,14,per_run_oof
qwen2p5_32b__math_test_00430_28f71d47__temp0.60__seed7,0.08633182136253846,1.0,14,per_run_oof
qwen2p5_32b__math_test_00430_28f71d47__temp1.00__seed7,0.11553717214065164,0.9393939393939393,14,per_run_oof
qwen2p5_32b__math_test_00431_a332c76b__temp0.10__seed7,0.229177366221916,,14,per_run_oof
qwen2p5_32b__math_test_00431_a332c76b__temp0.60__seed7,0.32680548796519165,0.4897959183673469,14,per_run_oof
qwen2p5_32b__math_test_00431_a332c76b__temp1.00__seed7,0.1701065583493079,,14,per_run_oof
qwen2p5_32b__math_test_00432_f6edb398__temp0.10__seed7,0.2086136247754657,0.975,14,per_run_oof
qwen2p5_32b__math_test_00432_f6edb398__temp0.60__seed7,0.13250689141271302,0.9166666666666666,14,per_run_oof
qwen2p5_32b__math_test_00432_f6edb398__temp1.00__seed7,0.1486150939728929,1.0,14,per_run_oof
qwen2p5_32b__math_test_00433_25f606a1__temp0.10__seed7,0.10870985260258789,0.975,14,per_run_oof
qwen2p5_32b__math_test_00433_25f606a1__temp0.60__seed7,0.06210714126319052,1.0,14,per_run_oof
qwen2p5_32b__math_test_00433_25f606a1__temp1.00__seed7,0.160328486771763,0.8666666666666667,14,per_run_oof
qwen2p5_32b__math_test_00434_ad11ec3c__temp0.10__seed7,0.09150079415044246,0.979591836734694,14,per_run_oof
qwen2p5_32b__math_test_00434_ad11ec3c__temp0.60__seed7,0.08840250541743049,0.9791666666666666,14,per_run_oof
qwen2p5_32b__math_test_00434_ad11ec3c__temp1.00__seed7,0.0729278598062136,1.0,14,per_run_oof
qwen2p5_32b__math_test_00435_c222bfff__temp0.10__seed7,0.1543754202427233,,14,per_run_oof
qwen2p5_32b__math_test_00435_c222bfff__temp0.60__seed7,0.12545406272707507,1.0,14,per_run_oof
qwen2p5_32b__math_test_00435_c222bfff__temp1.00__seed7,0.1276437577356197,,14,per_run_oof
qwen2p5_32b__math_test_00436_c183974b__temp0.10__seed7,0.17097805833551222,0.9166666666666666,14,per_run_oof
qwen2p5_32b__math_test_00436_c183974b__temp0.60__seed7,0.2067046043818038,0.7777777777777778,14,per_run_oof
qwen2p5_32b__math_test_00436_c183974b__temp1.00__seed7,0.3155968175341051,0.7555555555555555,14,per_run_oof
qwen2p5_32b__math_test_00437_07c4cf7f__temp0.10__seed7,0.06995452311550368,1.0,14,per_run_oof
qwen2p5_32b__math_test_00437_07c4cf7f__temp0.60__seed7,0.09494196700934505,1.0,14,per_run_oof
qwen2p5_32b__math_test_00437_07c4cf7f__temp1.00__seed7,0.12101221476186057,1.0,14,per_run_oof
qwen2p5_32b__math_test_00438_ea332f2c__temp0.10__seed7,0.29254163836666935,0.3846153846153846,14,per_run_oof
qwen2p5_32b__math_test_00438_ea332f2c__temp0.60__seed7,0.1898801325657614,,14,per_run_oof
qwen2p5_32b__math_test_00438_ea332f2c__temp1.00__seed7,0.13480356968262283,1.0,14,per_run_oof
qwen2p5_32b__math_test_00439_fe7d8b6b__temp0.10__seed7,0.06305854662322255,1.0,14,per_run_oof
qwen2p5_32b__math_test_00439_fe7d8b6b__temp0.60__seed7,0.07218817963451032,1.0,14,per_run_oof
qwen2p5_32b__math_test_00439_fe7d8b6b__temp1.00__seed7,0.07636352945674599,1.0,14,per_run_oof
qwen2p5_32b__math_test_00440_941bd991__temp0.10__seed7,0.15987926137991268,1.0,14,per_run_oof
qwen2p5_32b__math_test_00440_941bd991__temp0.60__seed7,0.12324449826308015,1.0,14,per_run_oof
qwen2p5_32b__math_test_00440_941bd991__temp1.00__seed7,0.1095390441387479,1.0,14,per_run_oof
qwen2p5_32b__math_test_00441_d2f5328b__temp0.10__seed7,0.19635379359164565,0.9230769230769231,14,per_run_oof
qwen2p5_32b__math_test_00441_d2f5328b__temp0.60__seed7,0.16551223429582845,,14,per_run_oof
qwen2p5_32b__math_test_00441_d2f5328b__temp1.00__seed7,0.2895802925245846,0.9166666666666666,14,per_run_oof
qwen2p5_32b__math_test_00442_2d9f4473__temp0.10__seed7,0.04818054848790375,,14,per_run_oof
qwen2p5_32b__math_test_00442_2d9f4473__temp0.60__seed7,0.1391271516186699,,14,per_run_oof
qwen2p5_32b__math_test_00442_2d9f4473__temp1.00__seed7,0.3305723615620256,,14,per_run_oof
qwen2p5_32b__math_test_00443_e86eb3e6__temp0.10__seed7,0.3606312716323202,,14,per_run_oof
qwen2p5_32b__math_test_00443_e86eb3e6__temp0.60__seed7,0.4122091189843423,,14,per_run_oof
qwen2p5_32b__math_test_00443_e86eb3e6__temp1.00__seed7,0.38792219024591784,,14,per_run_oof
qwen2p5_32b__math_test_00444_8230401f__temp0.10__seed7,0.32386235102254407,,14,per_run_oof
qwen2p5_32b__math_test_00444_8230401f__temp0.60__seed7,0.12200634942119239,1.0,14,per_run_oof
qwen2p5_32b__math_test_00444_8230401f__temp1.00__seed7,0.44061432772357234,,14,per_run_oof
qwen2p5_32b__math_test_00445_295567c6__temp0.10__seed7,0.11534172458772389,,14,per_run_oof
qwen2p5_32b__math_test_00445_295567c6__temp0.60__seed7,0.15025951234252696,,14,per_run_oof
qwen2p5_32b__math_test_00445_295567c6__temp1.00__seed7,0.1544593915995873,,14,per_run_oof
qwen2p5_32b__math_test_00446_54f3a4b2__temp0.10__seed7,0.33760185467903975,,14,per_run_oof
qwen2p5_32b__math_test_00446_54f3a4b2__temp0.60__seed7,0.4103546173985971,,14,per_run_oof
qwen2p5_32b__math_test_00446_54f3a4b2__temp1.00__seed7,0.06866677177273597,1.0,14,per_run_oof
qwen2p5_32b__math_test_00447_716decc2__temp0.10__seed7,0.10559956184096046,1.0,14,per_run_oof
qwen2p5_32b__math_test_00447_716decc2__temp0.60__seed7,0.12709216054420225,0.9166666666666667,14,per_run_oof
qwen2p5_32b__math_test_00447_716decc2__temp1.00__seed7,0.11302973600050985,1.0,14,per_run_oof
qwen2p5_32b__math_test_00448_7dbbd02d__temp0.10__seed7,0.08256475529341847,1.0,14,per_run_oof
qwen2p5_32b__math_test_00448_7dbbd02d__temp0.60__seed7,0.3577983934396413,0.23076923076923073,14,per_run_oof
qwen2p5_32b__math_test_00448_7dbbd02d__temp1.00__seed7,0.18045591288557733,0.9166666666666666,14,per_run_oof
qwen2p5_32b__math_test_00449_2f12a8b9__temp0.10__seed7,0.29091317509018516,,14,per_run_oof
qwen2p5_32b__math_test_00449_2f12a8b9__temp0.60__seed7,0.12651511883530006,,14,per_run_oof
qwen2p5_32b__math_test_00449_2f12a8b9__temp1.00__seed7,0.2336203308453453,,14,per_run_oof
qwen2p5_32b__math_test_00450_2fb65375__temp0.10__seed7,0.1139562577555471,1.0,14,per_run_oof
qwen2p5_32b__math_test_00450_2fb65375__temp0.60__seed7,0.08129154928932572,1.0,14,per_run_oof
qwen2p5_32b__math_test_00450_2fb65375__temp1.00__seed7,0.114751144861342,0.975,14,per_run_oof
qwen2p5_32b__math_test_00451_daefed59__temp0.10__seed7,0.2628325457735246,,14,per_run_oof
qwen2p5_32b__math_test_00451_daefed59__temp0.60__seed7,0.4348642795829684,,14,per_run_oof
qwen2p5_32b__math_test_00451_daefed59__temp1.00__seed7,0.3807546636717712,,14,per_run_oof
qwen2p5_32b__math_test_00452_0a6f0014__temp0.10__seed7,0.07824157645241593,1.0,14,per_run_oof
qwen2p5_32b__math_test_00452_0a6f0014__temp0.60__seed7,0.08440094331352603,1.0,14,per_run_oof
qwen2p5_32b__math_test_00452_0a6f0014__temp1.00__seed7,0.4745114425878219,,14,per_run_oof
qwen2p5_32b__math_test_00453_e4690c39__temp0.10__seed7,0.14913719710974824,1.0,14,per_run_oof
qwen2p5_32b__math_test_00453_e4690c39__temp0.60__seed7,0.25898905763031765,,14,per_run_oof
qwen2p5_32b__math_test_00453_e4690c39__temp1.00__seed7,0.393259671166145,,14,per_run_oof
qwen2p5_32b__math_test_00454_393f3656__temp0.10__seed7,0.07047571123097095,1.0,14,per_run_oof
qwen2p5_32b__math_test_00454_393f3656__temp0.60__seed7,0.10643981665152202,0.875,14,per_run_oof
qwen2p5_32b__math_test_00454_393f3656__temp1.00__seed7,0.11406351503506333,0.8888888888888888,14,per_run_oof
qwen2p5_32b__math_test_00455_23844847__temp0.10__seed7,0.06153622873103538,1.0,14,per_run_oof
qwen2p5_32b__math_test_00455_23844847__temp0.60__seed7,0.07460754944536338,,14,per_run_oof
qwen2p5_32b__math_test_00455_23844847__temp1.00__seed7,0.11225469065552864,0.9166666666666667,14,per_run_oof
qwen2p5_32b__math_test_00456_e4200fbf__temp0.10__seed7,0.2724105597692463,,14,per_run_oof
qwen2p5_32b__math_test_00456_e4200fbf__temp0.60__seed7,0.31779772988085797,,14,per_run_oof
qwen2p5_32b__math_test_00456_e4200fbf__temp1.00__seed7,0.18542627682442397,,14,per_run_oof
qwen2p5_32b__math_test_00457_5330f4b3__temp0.10__seed7,0.10931932816308228,1.0,14,per_run_oof
qwen2p5_32b__math_test_00457_5330f4b3__temp0.60__seed7,0.1268360650261857,1.0,14,per_run_oof
qwen2p5_32b__math_test_00457_5330f4b3__temp1.00__seed7,0.08911967708700552,1.0,14,per_run_oof
qwen2p5_32b__math_test_00458_4085c1eb__temp0.10__seed7,0.175626463086021,1.0,14,per_run_oof
qwen2p5_32b__math_test_00458_4085c1eb__temp0.60__seed7,0.15593882289850328,0.8571428571428571,14,per_run_oof
qwen2p5_32b__math_test_00458_4085c1eb__temp1.00__seed7,0.087485460422858,1.0,14,per_run_oof
qwen2p5_32b__math_test_00459_3b21e715__temp0.10__seed7,0.13484451236978998,0.9696969696969697,14,per_run_oof
qwen2p5_32b__math_test_00459_3b21e715__temp0.60__seed7,0.12692710229365664,0.9393939393939393,14,per_run_oof
qwen2p5_32b__math_test_00459_3b21e715__temp1.00__seed7,0.06818926044258469,1.0,14,per_run_oof
qwen2p5_32b__math_test_00460_7d063370__temp0.10__seed7,0.03794409001455083,,14,per_run_oof
qwen2p5_32b__math_test_00460_7d063370__temp0.60__seed7,0.03318951978132411,,14,per_run_oof
qwen2p5_32b__math_test_00460_7d063370__temp1.00__seed7,0.16782549278807662,1.0,14,per_run_oof
qwen2p5_32b__math_test_00461_5e43f1cd__temp0.10__seed7,0.10182407564915452,1.0,14,per_run_oof
qwen2p5_32b__math_test_00461_5e43f1cd__temp0.60__seed7,0.10101126246531755,1.0,14,per_run_oof
qwen2p5_32b__math_test_00461_5e43f1cd__temp1.00__seed7,0.08454198075437742,1.0,14,per_run_oof
qwen2p5_32b__math_test_00462_dd3cfaa0__temp0.10__seed7,0.34172706696585886,,14,per_run_oof
qwen2p5_32b__math_test_00462_dd3cfaa0__temp0.60__seed7,0.3030206354415843,,14,per_run_oof
qwen2p5_32b__math_test_00462_dd3cfaa0__temp1.00__seed7,0.2922251665168125,,14,per_run_oof
qwen2p5_32b__math_test_00463_bc52d545__temp0.10__seed7,0.12211725834660057,0.875,14,per_run_oof
qwen2p5_32b__math_test_00463_bc52d545__temp0.60__seed7,0.08242877655556405,0.9791666666666667,14,per_run_oof
qwen2p5_32b__math_test_00463_bc52d545__temp1.00__seed7,0.0695344289220545,1.0,14,per_run_oof
qwen2p5_32b__math_test_00464_979fe366__temp0.10__seed7,0.19002379239355288,,14,per_run_oof
qwen2p5_32b__math_test_00464_979fe366__temp0.60__seed7,0.20936886547555025,,14,per_run_oof
qwen2p5_32b__math_test_00464_979fe366__temp1.00__seed7,0.016509125017679253,,14,per_run_oof
qwen2p5_32b__math_test_00465_240ca4d8__temp0.10__seed7,0.44390848538088107,0.0,14,per_run_oof
qwen2p5_32b__math_test_00465_240ca4d8__temp0.60__seed7,0.4269873094553418,,14,per_run_oof
qwen2p5_32b__math_test_00465_240ca4d8__temp1.00__seed7,0.3351869459620699,,14,per_run_oof
qwen2p5_32b__math_test_00466_b3ac660a__temp0.10__seed7,0.23692259435924948,0.9230769230769231,14,per_run_oof
qwen2p5_32b__math_test_00466_b3ac660a__temp0.60__seed7,0.159940595171078,0.8333333333333333,14,per_run_oof
qwen2p5_32b__math_test_00466_b3ac660a__temp1.00__seed7,0.15950110203477255,0.9,14,per_run_oof
qwen2p5_32b__math_test_00467_eaadd0bc__temp0.10__seed7,0.10081581129692588,1.0,14,per_run_oof
qwen2p5_32b__math_test_00467_eaadd0bc__temp0.60__seed7,0.06377996145673959,1.0,14,per_run_oof
qwen2p5_32b__math_test_00467_eaadd0bc__temp1.00__seed7,0.12540005746098631,0.9166666666666666,14,per_run_oof
qwen2p5_32b__math_test_00468_67c8ff7f__temp0.10__seed7,0.11080663863624172,,14,per_run_oof
qwen2p5_32b__math_test_00468_67c8ff7f__temp0.60__seed7,0.08622622434026975,0.9777777777777779,14,per_run_oof
qwen2p5_32b__math_test_00468_67c8ff7f__temp1.00__seed7,0.1732417021157946,,14,per_run_oof
qwen2p5_32b__math_test_00469_bfdb0295__temp0.10__seed7,0.21854107442440104,0.9,14,per_run_oof
qwen2p5_32b__math_test_00469_bfdb0295__temp0.60__seed7,0.1796047543581359,0.95,14,per_run_oof
qwen2p5_32b__math_test_00469_bfdb0295__temp1.00__seed7,0.0322814010949514,,14,per_run_oof
qwen2p5_32b__math_test_00470_5db3c51e__temp0.10__seed7,0.13562145967865447,,14,per_run_oof
qwen2p5_32b__math_test_00470_5db3c51e__temp0.60__seed7,0.022185640259782726,,14,per_run_oof
qwen2p5_32b__math_test_00470_5db3c51e__temp1.00__seed7,0.21473028263231675,,14,per_run_oof
qwen2p5_32b__math_test_00471_3d41e63d__temp0.10__seed7,0.13532118961369644,,14,per_run_oof
qwen2p5_32b__math_test_00471_3d41e63d__temp0.60__seed7,0.1393598585524202,,14,per_run_oof
qwen2p5_32b__math_test_00471_3d41e63d__temp1.00__seed7,0.021916395321974248,,14,per_run_oof
qwen2p5_32b__math_test_00472_4acb3f94__temp0.10__seed7,0.10640608511548964,0.9777777777777779,14,per_run_oof
qwen2p5_32b__math_test_00472_4acb3f94__temp0.60__seed7,0.2512422936292088,,14,per_run_oof
qwen2p5_32b__math_test_00472_4acb3f94__temp1.00__seed7,0.3002841094004918,,14,per_run_oof
qwen2p5_32b__math_test_00473_e294330c__temp0.10__seed7,0.12330050036069809,0.9777777777777779,14,per_run_oof
qwen2p5_32b__math_test_00473_e294330c__temp0.60__seed7,0.13837088136531134,0.9183673469387755,14,per_run_oof
qwen2p5_32b__math_test_00473_e294330c__temp1.00__seed7,0.17985199706081986,1.0,14,per_run_oof
qwen2p5_32b__math_test_00474_e8b47eda__temp0.10__seed7,0.06842595941105552,1.0,14,per_run_oof
qwen2p5_32b__math_test_00474_e8b47eda__temp0.60__seed7,0.14310686402948428,0.875,14,per_run_oof
qwen2p5_32b__math_test_00474_e8b47eda__temp1.00__seed7,0.2994171825880739,,14,per_run_oof
qwen2p5_32b__math_test_00475_f189eb4d__temp0.10__seed7,0.09457091724419894,1.0,14,per_run_oof
qwen2p5_32b__math_test_00475_f189eb4d__temp0.60__seed7,0.09049698845016475,1.0,14,per_run_oof
qwen2p5_32b__math_test_00475_f189eb4d__temp1.00__seed7,0.07326357835290578,1.0,14,per_run_oof
qwen2p5_32b__math_test_00476_1c3d9d93__temp0.10__seed7,0.11257113920758739,0.9090909090909091,14,per_run_oof
qwen2p5_32b__math_test_00476_1c3d9d93__temp0.60__seed7,0.44527325606400814,,14,per_run_oof
qwen2p5_32b__math_test_00476_1c3d9d93__temp1.00__seed7,0.1843680972114126,0.8,14,per_run_oof
qwen2p5_32b__math_test_00477_9c19e671__temp0.10__seed7,0.11259136561124497,0.9166666666666666,14,per_run_oof
qwen2p5_32b__math_test_00477_9c19e671__temp0.60__seed7,0.0984312927279399,0.9696969696969697,14,per_run_oof
qwen2p5_32b__math_test_00477_9c19e671__temp1.00__seed7,0.10341346171959122,1.0,14,per_run_oof
qwen2p5_32b__math_test_00478_bde3ec32__temp0.10__seed7,0.4494035646092248,,14,per_run_oof
qwen2p5_32b__math_test_00478_bde3ec32__temp0.60__seed7,0.21875119319252098,,14,per_run_oof
qwen2p5_32b__math_test_00478_bde3ec32__temp1.00__seed7,0.014890582557308059,,14,per_run_oof
qwen2p5_32b__math_test_00479_aea5556d__temp0.10__seed7,0.22317552898693505,0.23076923076923073,14,per_run_oof
qwen2p5_32b__math_test_00479_aea5556d__temp0.60__seed7,0.13965685351236856,,14,per_run_oof
qwen2p5_32b__math_test_00479_aea5556d__temp1.00__seed7,0.22111014013433875,1.0,14,per_run_oof
qwen2p5_32b__math_test_00480_fb9447b2__temp0.10__seed7,0.1634497229504304,,14,per_run_oof
qwen2p5_32b__math_test_00480_fb9447b2__temp0.60__seed7,0.027101087731954986,,14,per_run_oof
qwen2p5_32b__math_test_00480_fb9447b2__temp1.00__seed7,0.1470350643504937,1.0,14,per_run_oof
qwen2p5_32b__math_test_00481_47b01624__temp0.10__seed7,0.20505856194709668,,14,per_run_oof
qwen2p5_32b__math_test_00481_47b01624__temp0.60__seed7,0.2669269956102369,,14,per_run_oof
qwen2p5_32b__math_test_00481_47b01624__temp1.00__seed7,0.1930376878118376,,14,per_run_oof
qwen2p5_32b__math_test_00482_84ec0b89__temp0.10__seed7,0.1706795115533221,,14,per_run_oof
qwen2p5_32b__math_test_00482_84ec0b89__temp0.60__seed7,0.1537374880936523,,14,per_run_oof
qwen2p5_32b__math_test_00482_84ec0b89__temp1.00__seed7,0.30171720568278004,,14,per_run_oof
qwen2p5_32b__math_test_00483_053f5644__temp0.10__seed7,0.16487214550025572,0.9387755102040817,14,per_run_oof
qwen2p5_32b__math_test_00483_053f5644__temp0.60__seed7,0.08143108181136048,1.0,14,per_run_oof
qwen2p5_32b__math_test_00483_053f5644__temp1.00__seed7,0.1417143288362329,0.8666666666666667,14,per_run_oof
qwen2p5_32b__math_test_00484_f2cd6be7__temp0.10__seed7,0.32720861909193394,,14,per_run_oof
qwen2p5_32b__math_test_00484_f2cd6be7__temp0.60__seed7,0.29673762035392653,,14,per_run_oof
qwen2p5_32b__math_test_00484_f2cd6be7__temp1.00__seed7,0.3117445734940469,,14,per_run_oof
qwen2p5_32b__math_test_00485_25a9bc12__temp0.10__seed7,0.12421750908393715,0.9166666666666666,14,per_run_oof
qwen2p5_32b__math_test_00485_25a9bc12__temp0.60__seed7,0.0854728585083794,1.0,14,per_run_oof
qwen2p5_32b__math_test_00485_25a9bc12__temp1.00__seed7,0.17710872426565422,0.825,14,per_run_oof
qwen2p5_32b__math_test_00486_11e9a1ba__temp0.10__seed7,0.15083388513914434,0.9777777777777779,14,per_run_oof
qwen2p5_32b__math_test_00486_11e9a1ba__temp0.60__seed7,0.13469257912541224,0.9333333333333333,14,per_run_oof
qwen2p5_32b__math_test_00486_11e9a1ba__temp1.00__seed7,0.22030568046896115,,14,per_run_oof
qwen2p5_32b__math_test_00487_f5dafb4d__temp0.10__seed7,0.12163857919642128,0.9583333333333333,14,per_run_oof
qwen2p5_32b__math_test_00487_f5dafb4d__temp0.60__seed7,0.044182057478050894,1.0,14,per_run_oof
qwen2p5_32b__math_test_00487_f5dafb4d__temp1.00__seed7,0.13631739700166415,1.0,14,per_run_oof
qwen2p5_32b__math_test_00488_9e69b5fd__temp0.10__seed7,0.0919011522371955,,14,per_run_oof
qwen2p5_32b__math_test_00488_9e69b5fd__temp0.60__seed7,0.16122329278157257,,14,per_run_oof
qwen2p5_32b__math_test_00488_9e69b5fd__temp1.00__seed7,0.07872392387836813,,14,per_run_oof
qwen2p5_32b__math_test_00489_873b5ba3__temp0.10__seed7,0.3437461235872714,,14,per_run_oof
qwen2p5_32b__math_test_00489_873b5ba3__temp0.60__seed7,0.10037828681043459,1.0,14,per_run_oof
qwen2p5_32b__math_test_00489_873b5ba3__temp1.00__seed7,0.13800034080068507,0.9375,14,per_run_oof
qwen2p5_32b__math_test_00490_548caf2b__temp0.10__seed7,0.00723501817915436,,14,per_run_oof
qwen2p5_32b__math_test_00490_548caf2b__temp0.60__seed7,0.00737422562359305,,14,per_run_oof
qwen2p5_32b__math_test_00490_548caf2b__temp1.00__seed7,0.025296247297217883,,14,per_run_oof
qwen2p5_32b__math_test_00491_323b91c4__temp0.10__seed7,0.28276675884326286,,14,per_run_oof
qwen2p5_32b__math_test_00491_323b91c4__temp0.60__seed7,0.13940558527215136,0.8958333333333334,14,per_run_oof
qwen2p5_32b__math_test_00491_323b91c4__temp1.00__seed7,0.38811207634636247,,14,per_run_oof
qwen2p5_32b__math_test_00492_c9945122__temp0.10__seed7,0.24077212468913411,1.0,14,per_run_oof
qwen2p5_32b__math_test_00492_c9945122__temp0.60__seed7,0.16576546730276556,0.6444444444444445,14,per_run_oof
qwen2p5_32b__math_test_00492_c9945122__temp1.00__seed7,0.13929360867357535,0.8666666666666667,14,per_run_oof
qwen2p5_32b__math_test_00493_3f0c6e0c__temp0.10__seed7,0.4763399897437405,,14,per_run_oof
qwen2p5_32b__math_test_00493_3f0c6e0c__temp0.60__seed7,0.1261240114826583,1.0,14,per_run_oof
qwen2p5_32b__math_test_00493_3f0c6e0c__temp1.00__seed7,0.4344202007988223,,14,per_run_oof
qwen2p5_32b__math_test_00494_b8d8e1ef__temp0.10__seed7,0.10489770377413883,1.0,14,per_run_oof
qwen2p5_32b__math_test_00494_b8d8e1ef__temp0.60__seed7,0.1393856324267902,1.0,14,per_run_oof
qwen2p5_32b__math_test_00494_b8d8e1ef__temp1.00__seed7,0.3576674026582504,,14,per_run_oof
qwen2p5_32b__math_test_00495_63ae400e__temp0.10__seed7,0.04288842243259846,1.0,14,per_run_oof
qwen2p5_32b__math_test_00495_63ae400e__temp0.60__seed7,0.12617778117723563,1.0,14,per_run_oof
qwen2p5_32b__math_test_00495_63ae400e__temp1.00__seed7,0.11741818982704652,1.0,14,per_run_oof
qwen2p5_32b__math_test_00496_401665a3__temp0.10__seed7,0.3392652478318384,,14,per_run_oof
qwen2p5_32b__math_test_00496_401665a3__temp0.60__seed7,0.2899966829673942,,14,per_run_oof
qwen2p5_32b__math_test_00496_401665a3__temp1.00__seed7,0.36874026326936377,,14,per_run_oof
qwen2p5_32b__math_test_00497_8d507426__temp0.10__seed7,0.21097506713488692,1.0,14,per_run_oof
qwen2p5_32b__math_test_00497_8d507426__temp0.60__seed7,0.13972200039851504,1.0,14,per_run_oof
qwen2p5_32b__math_test_00497_8d507426__temp1.00__seed7,0.1889751602099787,0.9230769230769231,14,per_run_oof
qwen2p5_32b__math_test_00498_743e3572__temp0.10__seed7,0.2016273894471873,,14,per_run_oof
qwen2p5_32b__math_test_00498_743e3572__temp0.60__seed7,0.10886058569911117,1.0,14,per_run_oof
qwen2p5_32b__math_test_00498_743e3572__temp1.00__seed7,0.09429720338302691,1.0,14,per_run_oof
qwen2p5_32b__math_test_00499_c3a514a9__temp0.10__seed7,0.29771192287657616,,14,per_run_oof
qwen2p5_32b__math_test_00499_c3a514a9__temp0.60__seed7,0.10311342572744067,1.0,14,per_run_oof
qwen2p5_32b__math_test_00499_c3a514a9__temp1.00__seed7,0.4337610294898021,,14,per_run_oof
__pooled__,0.17537286872082566,0.8185510284267692,21000,pooled_oof
