phase,temperature,seed,step,requested_batch_size,realized_batch_size,prompt_tokens,generated_tokens,wall_clock_seconds,examples_per_second,tokens_per_second,tokenize_seconds,generation_seconds,forward_seconds,postprocess_seconds,hidden_state_write_seconds,gpu_memory_allocated_gb,gpu_memory_reserved_gb,gpu_max_memory_allocated_gb,gpu_max_memory_reserved_gb,split_count,oom_retry_count
generate,0.1,7,1,4,4,1014,554,37.132489950000036,0.10772237480939509,14.91954891110122,0.0025162459996863618,36.30324457100005,0.8142266919999201,0.012106232999940403,0.0,4.792721271514893,5.1953125,4.896249771118164,5.1953125,1,0
generate,0.1,7,2,4,4,1272,294,14.920594358000017,0.26808583519029244,19.704308886486494,0.0019134290000693,14.20454436099999,0.7087711960002707,0.005150928000148269,0.0,4.687926769256592,5.1953125,4.790241718292236,5.1953125,1,0
hidden_state_write,0.1,7,0,4,4,0,0,0.02027973899976132,,,0.0,0.0,0.0,0.0,0.02027973899976132,3.862496852874756,5.1953125,4.790241718292236,5.1953125,0,0
generate,0.1,7,1,4,4,1053,699,33.742812588000106,0.11854376364057194,20.715522696189947,0.001922066000133782,32.936184281999886,0.7969328199997108,0.007537527000295086,0.0,4.799252986907959,5.1953125,4.8939595222473145,5.1953125,1,0
generate,0.1,7,2,4,4,1676,399,20.18508306600006,0.19816614016008866,19.767072480968842,0.0021418370001811127,19.224089303000255,0.9533792180000091,0.005272289999993518,0.0,4.980981826782227,5.48828125,5.082996845245361,5.48828125,1,0
hidden_state_write,0.1,7,0,4,4,0,0,0.01996117199996661,,,0.0,0.0,0.0,0.0,0.01996117199996661,3.862496852874756,5.48828125,5.082996845245361,5.48828125,0,0
