run_id,brier,auc,n,scope
qwen2p5_3b__math_test_00000_5a6bb412__temp0.10__seed7,0.27184247119607935,,14,per_run_oof
qwen2p5_3b__math_test_00000_5a6bb412__temp0.60__seed7,0.4232589883823628,,14,per_run_oof
qwen2p5_3b__math_test_00000_5a6bb412__temp1.00__seed7,0.46148921123853953,0.07692307692307687,14,per_run_oof
qwen2p5_3b__math_test_00001_28176864__temp0.10__seed7,0.09545583557561353,,14,per_run_oof
qwen2p5_3b__math_test_00001_28176864__temp0.60__seed7,0.3280484872186177,,14,per_run_oof
qwen2p5_3b__math_test_00001_28176864__temp1.00__seed7,0.3062461418197126,,14,per_run_oof
qwen2p5_3b__math_test_00002_12859ab8__temp0.10__seed7,0.292207910441823,,14,per_run_oof
qwen2p5_3b__math_test_00002_12859ab8__temp0.60__seed7,0.06623616631319335,,14,per_run_oof
qwen2p5_3b__math_test_00002_12859ab8__temp1.00__seed7,0.38393438925637774,,14,per_run_oof
qwen2p5_3b__math_test_00003_b88cddac__temp0.10__seed7,0.08391519548731312,,14,per_run_oof
qwen2p5_3b__math_test_00003_b88cddac__temp0.60__seed7,0.08811006178617577,,14,per_run_oof
qwen2p5_3b__math_test_00003_b88cddac__temp1.00__seed7,0.0793530288166503,,14,per_run_oof
qwen2p5_3b__math_test_00004_d6afb929__temp0.10__seed7,0.2236247215524636,,14,per_run_oof
qwen2p5_3b__math_test_00004_d6afb929__temp0.60__seed7,0.23318033810145147,,14,per_run_oof
qwen2p5_3b__math_test_00004_d6afb929__temp1.00__seed7,0.12107244321035607,,14,per_run_oof
qwen2p5_3b__math_test_00005_82ab404f__temp0.10__seed7,0.09248991100680595,,14,per_run_oof
qwen2p5_3b__math_test_00005_82ab404f__temp0.60__seed7,0.3434164413252134,,14,per_run_oof
qwen2p5_3b__math_test_00005_82ab404f__temp1.00__seed7,0.08322515647890076,,14,per_run_oof
qwen2p5_3b__math_test_00006_27e7448e__temp0.10__seed7,0.11372318811188878,,14,per_run_oof
qwen2p5_3b__math_test_00006_27e7448e__temp0.60__seed7,0.08686925726508629,,14,per_run_oof
qwen2p5_3b__math_test_00006_27e7448e__temp1.00__seed7,0.11633804033484395,,14,per_run_oof
qwen2p5_3b__math_test_00007_8a27500a__temp0.10__seed7,0.11430356207725038,,14,per_run_oof
qwen2p5_3b__math_test_00007_8a27500a__temp0.60__seed7,0.10466606563163171,,14,per_run_oof
qwen2p5_3b__math_test_00007_8a27500a__temp1.00__seed7,0.06736707545794976,,14,per_run_oof
qwen2p5_3b__math_test_00008_e894d48c__temp0.10__seed7,0.1188869508435588,1.0,14,per_run_oof
qwen2p5_3b__math_test_00008_e894d48c__temp0.60__seed7,0.36914090743780337,,14,per_run_oof
qwen2p5_3b__math_test_00008_e894d48c__temp1.00__seed7,0.39426021962838337,0.15384615384615385,14,per_run_oof
qwen2p5_3b__math_test_00009_99c62e67__temp0.10__seed7,0.3555209366058346,,14,per_run_oof
qwen2p5_3b__math_test_00009_99c62e67__temp0.60__seed7,0.3312566407892778,,14,per_run_oof
qwen2p5_3b__math_test_00009_99c62e67__temp1.00__seed7,0.4273455235812721,,14,per_run_oof
qwen2p5_3b__math_test_00010_88e977e0__temp0.10__seed7,0.0739209247002823,,14,per_run_oof
qwen2p5_3b__math_test_00010_88e977e0__temp0.60__seed7,0.16550990794830606,,14,per_run_oof
qwen2p5_3b__math_test_00010_88e977e0__temp1.00__seed7,0.09667598128973871,,14,per_run_oof
qwen2p5_3b__math_test_00011_3e051151__temp0.10__seed7,0.16008553548300317,,14,per_run_oof
qwen2p5_3b__math_test_00011_3e051151__temp0.60__seed7,0.476676117363834,0.0,14,per_run_oof
qwen2p5_3b__math_test_00011_3e051151__temp1.00__seed7,0.15752731832204828,,14,per_run_oof
qwen2p5_3b__math_test_00012_2ce46331__temp0.10__seed7,0.23676180343029637,,14,per_run_oof
qwen2p5_3b__math_test_00012_2ce46331__temp0.60__seed7,0.13674849119759644,,14,per_run_oof
qwen2p5_3b__math_test_00012_2ce46331__temp1.00__seed7,0.11421343921599651,,14,per_run_oof
qwen2p5_3b__math_test_00013_3fae6c79__temp0.10__seed7,0.5134647320273525,,14,per_run_oof
qwen2p5_3b__math_test_00013_3fae6c79__temp0.60__seed7,0.15154819040166004,1.0,14,per_run_oof
qwen2p5_3b__math_test_00013_3fae6c79__temp1.00__seed7,0.5537032487126031,,14,per_run_oof
qwen2p5_3b__math_test_00014_4bed628b__temp0.10__seed7,0.07887626868406039,,14,per_run_oof
qwen2p5_3b__math_test_00014_4bed628b__temp0.60__seed7,0.08621829479685261,,14,per_run_oof
qwen2p5_3b__math_test_00014_4bed628b__temp1.00__seed7,0.25609768681245926,,14,per_run_oof
qwen2p5_3b__math_test_00015_04ca2ad3__temp0.10__seed7,0.3400656478506686,,14,per_run_oof
qwen2p5_3b__math_test_00015_04ca2ad3__temp0.60__seed7,0.24517053470194258,,14,per_run_oof
qwen2p5_3b__math_test_00015_04ca2ad3__temp1.00__seed7,0.38167010306984117,,14,per_run_oof
qwen2p5_3b__math_test_00016_da610902__temp0.10__seed7,0.2384962907029279,1.0,14,per_run_oof
qwen2p5_3b__math_test_00016_da610902__temp0.60__seed7,0.0942862836161691,1.0,14,per_run_oof
qwen2p5_3b__math_test_00016_da610902__temp1.00__seed7,0.10368154079885131,1.0,14,per_run_oof
qwen2p5_3b__math_test_00017_c6ed297b__temp0.10__seed7,0.25388547687915664,,14,per_run_oof
qwen2p5_3b__math_test_00017_c6ed297b__temp0.60__seed7,0.23763955501298556,1.0,14,per_run_oof
qwen2p5_3b__math_test_00017_c6ed297b__temp1.00__seed7,0.2888612402476792,,14,per_run_oof
qwen2p5_3b__math_test_00018_407dceb0__temp0.10__seed7,0.09798599707100855,1.0,14,per_run_oof
qwen2p5_3b__math_test_00018_407dceb0__temp0.60__seed7,0.2555068584579946,0.975,14,per_run_oof
qwen2p5_3b__math_test_00018_407dceb0__temp1.00__seed7,0.227925783449334,0.9166666666666666,14,per_run_oof
qwen2p5_3b__math_test_00019_646b1b85__temp0.10__seed7,0.3778384111928618,,14,per_run_oof
qwen2p5_3b__math_test_00019_646b1b85__temp0.60__seed7,0.39228215794141474,,14,per_run_oof
qwen2p5_3b__math_test_00019_646b1b85__temp1.00__seed7,0.4587769057219325,,14,per_run_oof
qwen2p5_3b__math_test_00020_f9bb4c02__temp0.10__seed7,0.17770375264573005,,14,per_run_oof
qwen2p5_3b__math_test_00020_f9bb4c02__temp0.60__seed7,0.09013031761567185,,14,per_run_oof
qwen2p5_3b__math_test_00020_f9bb4c02__temp1.00__seed7,0.06515365865387937,,14,per_run_oof
qwen2p5_3b__math_test_00021_b40f659d__temp0.10__seed7,0.32350117238179116,,14,per_run_oof
qwen2p5_3b__math_test_00021_b40f659d__temp0.60__seed7,0.23855725090027335,0.6666666666666666,14,per_run_oof
qwen2p5_3b__math_test_00021_b40f659d__temp1.00__seed7,0.3986422715976287,0.5416666666666667,14,per_run_oof
qwen2p5_3b__math_test_00022_8fba220b__temp0.10__seed7,0.29875996885606265,,14,per_run_oof
qwen2p5_3b__math_test_00022_8fba220b__temp0.60__seed7,0.1297931737989934,,14,per_run_oof
qwen2p5_3b__math_test_00022_8fba220b__temp1.00__seed7,0.46802323875909607,,14,per_run_oof
qwen2p5_3b__math_test_00023_998c2d9c__temp0.10__seed7,0.14419577376550227,,14,per_run_oof
qwen2p5_3b__math_test_00023_998c2d9c__temp0.60__seed7,0.12609396116542929,,14,per_run_oof
qwen2p5_3b__math_test_00023_998c2d9c__temp1.00__seed7,0.17570179606666164,,14,per_run_oof
qwen2p5_3b__math_test_00024_f928c750__temp0.10__seed7,0.22881765558580056,,14,per_run_oof
qwen2p5_3b__math_test_00024_f928c750__temp0.60__seed7,0.24055308092345534,,14,per_run_oof
qwen2p5_3b__math_test_00024_f928c750__temp1.00__seed7,0.19822026264362522,,14,per_run_oof
qwen2p5_3b__math_test_00025_4388bd76__temp0.10__seed7,0.04821368912871487,,14,per_run_oof
qwen2p5_3b__math_test_00025_4388bd76__temp0.60__seed7,0.21948406240393514,,14,per_run_oof
qwen2p5_3b__math_test_00025_4388bd76__temp1.00__seed7,0.12390907070853609,,14,per_run_oof
qwen2p5_3b__math_test_00026_4945051e__temp0.10__seed7,0.35434839675466573,,14,per_run_oof
qwen2p5_3b__math_test_00026_4945051e__temp0.60__seed7,0.48061123815196743,,14,per_run_oof
qwen2p5_3b__math_test_00026_4945051e__temp1.00__seed7,0.3724336426099329,0.8787878787878788,14,per_run_oof
qwen2p5_3b__math_test_00027_9d852676__temp0.10__seed7,0.15725250030446597,,14,per_run_oof
qwen2p5_3b__math_test_00027_9d852676__temp0.60__seed7,0.10549097668083571,,14,per_run_oof
qwen2p5_3b__math_test_00027_9d852676__temp1.00__seed7,0.26246293394364995,,14,per_run_oof
qwen2p5_3b__math_test_00028_a585adcc__temp0.10__seed7,0.2974963786353825,,14,per_run_oof
qwen2p5_3b__math_test_00028_a585adcc__temp0.60__seed7,0.35853862177613804,,14,per_run_oof
qwen2p5_3b__math_test_00028_a585adcc__temp1.00__seed7,0.2656234460796068,,14,per_run_oof
qwen2p5_3b__math_test_00029_1b84e405__temp0.10__seed7,0.10229735940669564,1.0,14,per_run_oof
qwen2p5_3b__math_test_00029_1b84e405__temp0.60__seed7,0.130957812935981,0.9583333333333333,14,per_run_oof
qwen2p5_3b__math_test_00029_1b84e405__temp1.00__seed7,0.21352215936508362,0.8775510204081632,14,per_run_oof
qwen2p5_3b__math_test_00030_a477f137__temp0.10__seed7,0.07769010690682718,,14,per_run_oof
qwen2p5_3b__math_test_00030_a477f137__temp0.60__seed7,0.2505668931811741,0.8666666666666667,14,per_run_oof
qwen2p5_3b__math_test_00030_a477f137__temp1.00__seed7,0.26978398459478237,1.0,14,per_run_oof
qwen2p5_3b__math_test_00031_1bbccbd2__temp0.10__seed7,0.07900528782733308,,14,per_run_oof
qwen2p5_3b__math_test_00031_1bbccbd2__temp0.60__seed7,0.18436552755209532,,14,per_run_oof
qwen2p5_3b__math_test_00031_1bbccbd2__temp1.00__seed7,0.2146763676898956,,14,per_run_oof
qwen2p5_3b__math_test_00032_f08fb3bb__temp0.10__seed7,0.05760054003451159,,14,per_run_oof
qwen2p5_3b__math_test_00032_f08fb3bb__temp0.60__seed7,0.0633856261726072,,14,per_run_oof
qwen2p5_3b__math_test_00032_f08fb3bb__temp1.00__seed7,0.37490367063525293,,14,per_run_oof
qwen2p5_3b__math_test_00033_0f789c1f__temp0.10__seed7,0.12968498525481958,,14,per_run_oof
qwen2p5_3b__math_test_00033_0f789c1f__temp0.60__seed7,0.12571554916699804,,14,per_run_oof
qwen2p5_3b__math_test_00033_0f789c1f__temp1.00__seed7,0.13754610017160568,,14,per_run_oof
qwen2p5_3b__math_test_00034_dae3e9e5__temp0.10__seed7,0.05510326368201348,,14,per_run_oof
qwen2p5_3b__math_test_00034_dae3e9e5__temp0.60__seed7,0.07243437822705205,,14,per_run_oof
qwen2p5_3b__math_test_00034_dae3e9e5__temp1.00__seed7,0.10036370838023898,,14,per_run_oof
qwen2p5_3b__math_test_00035_f144cd5e__temp0.10__seed7,0.050253650437775375,,14,per_run_oof
qwen2p5_3b__math_test_00035_f144cd5e__temp0.60__seed7,0.08478835987063489,,14,per_run_oof
qwen2p5_3b__math_test_00035_f144cd5e__temp1.00__seed7,0.10431418192239543,,14,per_run_oof
qwen2p5_3b__math_test_00036_ccf4238b__temp0.10__seed7,0.37370900602207596,,14,per_run_oof
qwen2p5_3b__math_test_00036_ccf4238b__temp0.60__seed7,0.28454958438018496,,14,per_run_oof
qwen2p5_3b__math_test_00036_ccf4238b__temp1.00__seed7,0.33998881375869144,,14,per_run_oof
qwen2p5_3b__math_test_00037_2426e280__temp0.10__seed7,0.22051958522731216,,14,per_run_oof
qwen2p5_3b__math_test_00037_2426e280__temp0.60__seed7,0.07506153544574783,,14,per_run_oof
qwen2p5_3b__math_test_00037_2426e280__temp1.00__seed7,0.26719370878953147,,14,per_run_oof
qwen2p5_3b__math_test_00038_0e7cb690__temp0.10__seed7,0.08188268041369609,,14,per_run_oof
qwen2p5_3b__math_test_00038_0e7cb690__temp0.60__seed7,0.21152435706841705,,14,per_run_oof
qwen2p5_3b__math_test_00038_0e7cb690__temp1.00__seed7,0.3199361846417322,,14,per_run_oof
qwen2p5_3b__math_test_00039_8ba6a72a__temp0.10__seed7,0.060872829798796615,,14,per_run_oof
qwen2p5_3b__math_test_00039_8ba6a72a__temp0.60__seed7,0.02993985336542752,,14,per_run_oof
qwen2p5_3b__math_test_00039_8ba6a72a__temp1.00__seed7,0.03821697436162139,,14,per_run_oof
qwen2p5_3b__math_test_00040_814d16a0__temp0.10__seed7,0.08839035221813382,,14,per_run_oof
qwen2p5_3b__math_test_00040_814d16a0__temp0.60__seed7,0.3070486634156084,0.15384615384615385,14,per_run_oof
qwen2p5_3b__math_test_00040_814d16a0__temp1.00__seed7,0.08840261853006692,1.0,14,per_run_oof
qwen2p5_3b__math_test_00041_7ad395c5__temp0.10__seed7,0.0936482813240026,,14,per_run_oof
qwen2p5_3b__math_test_00041_7ad395c5__temp0.60__seed7,0.09030874982998191,,14,per_run_oof
qwen2p5_3b__math_test_00041_7ad395c5__temp1.00__seed7,0.06901279341758246,,14,per_run_oof
qwen2p5_3b__math_test_00042_39c9185d__temp0.10__seed7,0.01942795876304498,,14,per_run_oof
qwen2p5_3b__math_test_00042_39c9185d__temp0.60__seed7,0.2302922493032389,,14,per_run_oof
qwen2p5_3b__math_test_00042_39c9185d__temp1.00__seed7,0.05497745061962765,,14,per_run_oof
qwen2p5_3b__math_test_00043_62275531__temp0.10__seed7,0.43111034031623335,,14,per_run_oof
qwen2p5_3b__math_test_00043_62275531__temp0.60__seed7,0.21952405305955897,,14,per_run_oof
qwen2p5_3b__math_test_00043_62275531__temp1.00__seed7,0.22524551620527763,0.8787878787878788,14,per_run_oof
qwen2p5_3b__math_test_00044_810e3649__temp0.10__seed7,0.2191730324180429,,14,per_run_oof
qwen2p5_3b__math_test_00044_810e3649__temp0.60__seed7,0.38136109082929426,,14,per_run_oof
qwen2p5_3b__math_test_00044_810e3649__temp1.00__seed7,0.3051517840823384,,14,per_run_oof
qwen2p5_3b__math_test_00045_152ae8e8__temp0.10__seed7,0.023781494785691137,,14,per_run_oof
qwen2p5_3b__math_test_00045_152ae8e8__temp0.60__seed7,0.06138885708103262,,14,per_run_oof
qwen2p5_3b__math_test_00045_152ae8e8__temp1.00__seed7,0.3450231036533568,,14,per_run_oof
qwen2p5_3b__math_test_00046_3e08e6df__temp0.10__seed7,0.36098755370362634,,14,per_run_oof
qwen2p5_3b__math_test_00046_3e08e6df__temp0.60__seed7,0.37221747661856297,0.07692307692307687,14,per_run_oof
qwen2p5_3b__math_test_00046_3e08e6df__temp1.00__seed7,0.09155869890367573,1.0,14,per_run_oof
qwen2p5_3b__math_test_00047_3a39ed4a__temp0.10__seed7,0.13043173452692175,1.0,14,per_run_oof
qwen2p5_3b__math_test_00047_3a39ed4a__temp0.60__seed7,0.10839160366444353,0.9166666666666666,14,per_run_oof
qwen2p5_3b__math_test_00047_3a39ed4a__temp1.00__seed7,0.16557418655430095,,14,per_run_oof
qwen2p5_3b__math_test_00048_6a611c4a__temp0.10__seed7,0.18833686458419788,0.875,14,per_run_oof
qwen2p5_3b__math_test_00048_6a611c4a__temp0.60__seed7,0.17821455688873328,,14,per_run_oof
qwen2p5_3b__math_test_00048_6a611c4a__temp1.00__seed7,0.24128194195570668,,14,per_run_oof
qwen2p5_3b__math_test_00049_e45e9b10__temp0.10__seed7,0.09485478590314551,,14,per_run_oof
qwen2p5_3b__math_test_00049_e45e9b10__temp0.60__seed7,0.2135317259651262,,14,per_run_oof
qwen2p5_3b__math_test_00049_e45e9b10__temp1.00__seed7,0.18104755376259943,,14,per_run_oof
qwen2p5_3b__math_test_00050_f4090aaa__temp0.10__seed7,0.24060923416709903,,14,per_run_oof
qwen2p5_3b__math_test_00050_f4090aaa__temp0.60__seed7,0.1485349810960326,,14,per_run_oof
qwen2p5_3b__math_test_00050_f4090aaa__temp1.00__seed7,0.3367907212516875,,14,per_run_oof
qwen2p5_3b__math_test_00051_1e5ff908__temp0.10__seed7,0.06655488623695896,,14,per_run_oof
qwen2p5_3b__math_test_00051_1e5ff908__temp0.60__seed7,0.1155573839264272,,14,per_run_oof
qwen2p5_3b__math_test_00051_1e5ff908__temp1.00__seed7,0.10964602524627957,,14,per_run_oof
qwen2p5_3b__math_test_00052_5850e1b9__temp0.10__seed7,0.2362986121536126,1.0,14,per_run_oof
qwen2p5_3b__math_test_00052_5850e1b9__temp0.60__seed7,0.10990648781676755,,14,per_run_oof
qwen2p5_3b__math_test_00052_5850e1b9__temp1.00__seed7,0.12600122978025854,1.0,14,per_run_oof
qwen2p5_3b__math_test_00053_f8d21f23__temp0.10__seed7,0.17652570340230805,,14,per_run_oof
qwen2p5_3b__math_test_00053_f8d21f23__temp0.60__seed7,0.13313173037946144,,14,per_run_oof
qwen2p5_3b__math_test_00053_f8d21f23__temp1.00__seed7,0.04332671829648505,,14,per_run_oof
qwen2p5_3b__math_test_00054_ddf4c852__temp0.10__seed7,0.20837898438993965,,14,per_run_oof
qwen2p5_3b__math_test_00054_ddf4c852__temp0.60__seed7,0.048701101564207254,,14,per_run_oof
qwen2p5_3b__math_test_00054_ddf4c852__temp1.00__seed7,0.1056349822260312,,14,per_run_oof
qwen2p5_3b__math_test_00055_24952be5__temp0.10__seed7,0.3593632205699216,,14,per_run_oof
qwen2p5_3b__math_test_00055_24952be5__temp0.60__seed7,0.4353450824909329,,14,per_run_oof
qwen2p5_3b__math_test_00055_24952be5__temp1.00__seed7,0.46440548605174864,,14,per_run_oof
qwen2p5_3b__math_test_00056_a8c223a1__temp0.10__seed7,0.10391227505305554,,14,per_run_oof
qwen2p5_3b__math_test_00056_a8c223a1__temp0.60__seed7,0.11193416994144585,,14,per_run_oof
qwen2p5_3b__math_test_00056_a8c223a1__temp1.00__seed7,0.11293120163469673,,14,per_run_oof
qwen2p5_3b__math_test_00057_8236aaa4__temp0.10__seed7,0.3851169930499136,,14,per_run_oof
qwen2p5_3b__math_test_00057_8236aaa4__temp0.60__seed7,0.435682857818528,,14,per_run_oof
qwen2p5_3b__math_test_00057_8236aaa4__temp1.00__seed7,0.3000386514146575,,14,per_run_oof
qwen2p5_3b__math_test_00058_7afa45ab__temp0.10__seed7,0.47749771361600357,0.2916666666666667,14,per_run_oof
qwen2p5_3b__math_test_00058_7afa45ab__temp0.60__seed7,0.3892118547957046,,14,per_run_oof
qwen2p5_3b__math_test_00058_7afa45ab__temp1.00__seed7,0.2518174422810014,,14,per_run_oof
qwen2p5_3b__math_test_00059_43a9d185__temp0.10__seed7,0.24386919463485107,,14,per_run_oof
qwen2p5_3b__math_test_00059_43a9d185__temp0.60__seed7,0.11729549767134816,,14,per_run_oof
qwen2p5_3b__math_test_00059_43a9d185__temp1.00__seed7,0.17435206078739257,,14,per_run_oof
qwen2p5_3b__math_test_00060_a67ac75a__temp0.10__seed7,0.05745695039099313,,14,per_run_oof
qwen2p5_3b__math_test_00060_a67ac75a__temp0.60__seed7,0.17119787683567725,,14,per_run_oof
qwen2p5_3b__math_test_00060_a67ac75a__temp1.00__seed7,0.173712240549861,,14,per_run_oof
qwen2p5_3b__math_test_00061_4943c966__temp0.10__seed7,0.30680293913756823,0.07692307692307687,14,per_run_oof
qwen2p5_3b__math_test_00061_4943c966__temp0.60__seed7,0.2154960545305186,1.0,14,per_run_oof
qwen2p5_3b__math_test_00061_4943c966__temp1.00__seed7,0.20062761989991415,0.5384615384615384,14,per_run_oof
qwen2p5_3b__math_test_00062_ae97d603__temp0.10__seed7,0.13539757305298908,,14,per_run_oof
qwen2p5_3b__math_test_00062_ae97d603__temp0.60__seed7,0.42557460190126745,,14,per_run_oof
qwen2p5_3b__math_test_00062_ae97d603__temp1.00__seed7,0.17239306455931674,,14,per_run_oof
qwen2p5_3b__math_test_00063_7eb01312__temp0.10__seed7,0.10626016722808809,,14,per_run_oof
qwen2p5_3b__math_test_00063_7eb01312__temp0.60__seed7,0.12657691935491214,,14,per_run_oof
qwen2p5_3b__math_test_00063_7eb01312__temp1.00__seed7,0.07237525089973997,,14,per_run_oof
qwen2p5_3b__math_test_00064_56e26e67__temp0.10__seed7,0.3388586447420721,,14,per_run_oof
qwen2p5_3b__math_test_00064_56e26e67__temp0.60__seed7,0.2656590232423984,,14,per_run_oof
qwen2p5_3b__math_test_00064_56e26e67__temp1.00__seed7,0.08925103574599337,,14,per_run_oof
qwen2p5_3b__math_test_00065_1d982f42__temp0.10__seed7,0.06422846036380737,,14,per_run_oof
qwen2p5_3b__math_test_00065_1d982f42__temp0.60__seed7,0.024754017180715092,,14,per_run_oof
qwen2p5_3b__math_test_00065_1d982f42__temp1.00__seed7,0.0383557352196927,,14,per_run_oof
qwen2p5_3b__math_test_00066_c503000c__temp0.10__seed7,0.3314655516996929,,14,per_run_oof
qwen2p5_3b__math_test_00066_c503000c__temp0.60__seed7,0.18789060359901247,0.9696969696969697,14,per_run_oof
qwen2p5_3b__math_test_00066_c503000c__temp1.00__seed7,0.09185244971106207,,14,per_run_oof
qwen2p5_3b__math_test_00067_b2cca4da__temp0.10__seed7,0.11094452726547144,0.9230769230769231,14,per_run_oof
qwen2p5_3b__math_test_00067_b2cca4da__temp0.60__seed7,0.07956922878314786,1.0,14,per_run_oof
qwen2p5_3b__math_test_00067_b2cca4da__temp1.00__seed7,0.17235223353663934,0.08333333333333333,14,per_run_oof
qwen2p5_3b__math_test_00068_ea595be8__temp0.10__seed7,0.23613106121154795,0.5757575757575757,14,per_run_oof
qwen2p5_3b__math_test_00068_ea595be8__temp0.60__seed7,0.22913018266943017,,14,per_run_oof
qwen2p5_3b__math_test_00068_ea595be8__temp1.00__seed7,0.20623433414553585,,14,per_run_oof
qwen2p5_3b__math_test_00069_c6dad45a__temp0.10__seed7,0.29000124728678606,0.3076923076923077,14,per_run_oof
qwen2p5_3b__math_test_00069_c6dad45a__temp0.60__seed7,0.4375436967836581,,14,per_run_oof
qwen2p5_3b__math_test_00069_c6dad45a__temp1.00__seed7,0.17964179746061637,0.7575757575757576,14,per_run_oof
qwen2p5_3b__math_test_00070_96016437__temp0.10__seed7,0.4356796608338728,,14,per_run_oof
qwen2p5_3b__math_test_00070_96016437__temp0.60__seed7,0.49971864139169647,,14,per_run_oof
qwen2p5_3b__math_test_00070_96016437__temp1.00__seed7,0.22026836958320492,0.5111111111111111,14,per_run_oof
qwen2p5_3b__math_test_00071_98672352__temp0.10__seed7,0.22201115189530135,,14,per_run_oof
qwen2p5_3b__math_test_00071_98672352__temp0.60__seed7,0.24015078481314037,,14,per_run_oof
qwen2p5_3b__math_test_00071_98672352__temp1.00__seed7,0.3802595966348012,,14,per_run_oof
qwen2p5_3b__math_test_00072_76de8c53__temp0.10__seed7,0.24621213824885607,,14,per_run_oof
qwen2p5_3b__math_test_00072_76de8c53__temp0.60__seed7,0.2453419042853222,,14,per_run_oof
qwen2p5_3b__math_test_00072_76de8c53__temp1.00__seed7,0.08862691764223112,,14,per_run_oof
qwen2p5_3b__math_test_00073_7f9e23c9__temp0.10__seed7,0.4982597557297957,0.23076923076923073,14,per_run_oof
qwen2p5_3b__math_test_00073_7f9e23c9__temp0.60__seed7,0.2432587657485869,0.6222222222222222,14,per_run_oof
qwen2p5_3b__math_test_00073_7f9e23c9__temp1.00__seed7,0.09625722607104072,1.0,14,per_run_oof
qwen2p5_3b__math_test_00074_5b6e5429__temp0.10__seed7,0.19947808960083555,0.6,14,per_run_oof
qwen2p5_3b__math_test_00074_5b6e5429__temp0.60__seed7,0.13931160922671695,0.8958333333333334,14,per_run_oof
qwen2p5_3b__math_test_00074_5b6e5429__temp1.00__seed7,0.19548800730672714,,14,per_run_oof
qwen2p5_3b__math_test_00075_387f76f4__temp0.10__seed7,0.4404964930326167,,14,per_run_oof
qwen2p5_3b__math_test_00075_387f76f4__temp0.60__seed7,0.2896301143301265,0.7333333333333333,14,per_run_oof
qwen2p5_3b__math_test_00075_387f76f4__temp1.00__seed7,0.46975914882157926,0.20833333333333337,14,per_run_oof
qwen2p5_3b__math_test_00076_b45bd200__temp0.10__seed7,0.3120410286006513,,14,per_run_oof
qwen2p5_3b__math_test_00076_b45bd200__temp0.60__seed7,0.44957414495908277,,14,per_run_oof
qwen2p5_3b__math_test_00076_b45bd200__temp1.00__seed7,0.3866598312741276,,14,per_run_oof
qwen2p5_3b__math_test_00077_0fdb870e__temp0.10__seed7,0.13374920315124975,,14,per_run_oof
qwen2p5_3b__math_test_00077_0fdb870e__temp0.60__seed7,0.13018811501123298,,14,per_run_oof
qwen2p5_3b__math_test_00077_0fdb870e__temp1.00__seed7,0.1935617903852012,0.15384615384615385,14,per_run_oof
qwen2p5_3b__math_test_00078_7de927b7__temp0.10__seed7,0.17790710266230927,0.9230769230769231,14,per_run_oof
qwen2p5_3b__math_test_00078_7de927b7__temp0.60__seed7,0.17778812122714002,0.46153846153846156,14,per_run_oof
qwen2p5_3b__math_test_00078_7de927b7__temp1.00__seed7,0.12534413374018233,1.0,14,per_run_oof
qwen2p5_3b__math_test_00079_3f967fbe__temp0.10__seed7,0.38598850760121445,0.9166666666666667,14,per_run_oof
qwen2p5_3b__math_test_00079_3f967fbe__temp0.60__seed7,0.47118128723897695,,14,per_run_oof
qwen2p5_3b__math_test_00079_3f967fbe__temp1.00__seed7,0.16279393254874508,0.875,14,per_run_oof
qwen2p5_3b__math_test_00080_ea7d5602__temp0.10__seed7,0.3034931138571054,0.9791666666666667,14,per_run_oof
qwen2p5_3b__math_test_00080_ea7d5602__temp0.60__seed7,0.18492831337455137,,14,per_run_oof
qwen2p5_3b__math_test_00080_ea7d5602__temp1.00__seed7,0.13033719574962932,0.9183673469387755,14,per_run_oof
qwen2p5_3b__math_test_00081_df488277__temp0.10__seed7,0.13295975270422827,0.625,14,per_run_oof
qwen2p5_3b__math_test_00081_df488277__temp0.60__seed7,0.11485147862757251,,14,per_run_oof
qwen2p5_3b__math_test_00081_df488277__temp1.00__seed7,0.12982887420810774,0.3076923076923077,14,per_run_oof
qwen2p5_3b__math_test_00082_7fd2e8f8__temp0.10__seed7,0.24543700624209178,,14,per_run_oof
qwen2p5_3b__math_test_00082_7fd2e8f8__temp0.60__seed7,0.31131291305357817,0.65,14,per_run_oof
qwen2p5_3b__math_test_00082_7fd2e8f8__temp1.00__seed7,0.23981348474624523,0.6875,14,per_run_oof
qwen2p5_3b__math_test_00083_5465f015__temp0.10__seed7,0.29618051919862054,0.7916666666666666,14,per_run_oof
qwen2p5_3b__math_test_00083_5465f015__temp0.60__seed7,0.18234784524788883,0.9393939393939393,14,per_run_oof
qwen2p5_3b__math_test_00083_5465f015__temp1.00__seed7,0.42849592975623446,0.15384615384615385,14,per_run_oof
qwen2p5_3b__math_test_00084_c4267ccc__temp0.10__seed7,0.05970854465904386,,14,per_run_oof
qwen2p5_3b__math_test_00084_c4267ccc__temp0.60__seed7,0.09432848463254197,,14,per_run_oof
qwen2p5_3b__math_test_00084_c4267ccc__temp1.00__seed7,0.1041640951442139,,14,per_run_oof
qwen2p5_3b__math_test_00085_ab1a6003__temp0.10__seed7,0.24438352787391496,0.45833333333333337,14,per_run_oof
qwen2p5_3b__math_test_00085_ab1a6003__temp0.60__seed7,0.3307398012815244,0.07692307692307687,14,per_run_oof
qwen2p5_3b__math_test_00085_ab1a6003__temp1.00__seed7,0.3461998847341,,14,per_run_oof
qwen2p5_3b__math_test_00086_3447bc00__temp0.10__seed7,0.060249531412657924,,14,per_run_oof
qwen2p5_3b__math_test_00086_3447bc00__temp0.60__seed7,0.09888796528922691,,14,per_run_oof
qwen2p5_3b__math_test_00086_3447bc00__temp1.00__seed7,0.13702606163259928,,14,per_run_oof
qwen2p5_3b__math_test_00087_649d31a4__temp0.10__seed7,0.48220658227718743,0.0,14,per_run_oof
qwen2p5_3b__math_test_00087_649d31a4__temp0.60__seed7,0.12543335928954166,0.8333333333333333,14,per_run_oof
qwen2p5_3b__math_test_00087_649d31a4__temp1.00__seed7,0.4952504724238781,,14,per_run_oof
qwen2p5_3b__math_test_00088_207198c5__temp0.10__seed7,0.45657963302428156,,14,per_run_oof
qwen2p5_3b__math_test_00088_207198c5__temp0.60__seed7,0.3840837859226145,,14,per_run_oof
qwen2p5_3b__math_test_00088_207198c5__temp1.00__seed7,0.4334178752453444,,14,per_run_oof
qwen2p5_3b__math_test_00089_962971ae__temp0.10__seed7,0.071882710361003,,14,per_run_oof
qwen2p5_3b__math_test_00089_962971ae__temp0.60__seed7,0.38396519729339496,0.6060606060606061,14,per_run_oof
qwen2p5_3b__math_test_00089_962971ae__temp1.00__seed7,0.12638495078975273,0.9166666666666667,14,per_run_oof
qwen2p5_3b__math_test_00090_f27fcf39__temp0.10__seed7,0.15552865193539808,,14,per_run_oof
qwen2p5_3b__math_test_00090_f27fcf39__temp0.60__seed7,0.09222036209720468,,14,per_run_oof
qwen2p5_3b__math_test_00090_f27fcf39__temp1.00__seed7,0.3698794744426994,,14,per_run_oof
qwen2p5_3b__math_test_00091_6c78d89b__temp0.10__seed7,0.34610407919708924,,14,per_run_oof
qwen2p5_3b__math_test_00091_6c78d89b__temp0.60__seed7,0.45438263173258403,,14,per_run_oof
qwen2p5_3b__math_test_00091_6c78d89b__temp1.00__seed7,0.4339728594872037,,14,per_run_oof
qwen2p5_3b__math_test_00092_d2ef929c__temp0.10__seed7,0.45023072016408355,,14,per_run_oof
qwen2p5_3b__math_test_00092_d2ef929c__temp0.60__seed7,0.39168053583405577,,14,per_run_oof
qwen2p5_3b__math_test_00092_d2ef929c__temp1.00__seed7,0.19172158323158572,,14,per_run_oof
qwen2p5_3b__math_test_00093_c6ee4fae__temp0.10__seed7,0.19294469606139433,0.9166666666666666,14,per_run_oof
qwen2p5_3b__math_test_00093_c6ee4fae__temp0.60__seed7,0.37251636495843116,0.0,14,per_run_oof
qwen2p5_3b__math_test_00093_c6ee4fae__temp1.00__seed7,0.35844721911217653,0.25,14,per_run_oof
qwen2p5_3b__math_test_00094_82adbbe7__temp0.10__seed7,0.10741935128888826,,14,per_run_oof
qwen2p5_3b__math_test_00094_82adbbe7__temp0.60__seed7,0.058759108737612774,,14,per_run_oof
qwen2p5_3b__math_test_00094_82adbbe7__temp1.00__seed7,0.1182718528184863,,14,per_run_oof
qwen2p5_3b__math_test_00095_21ca381e__temp0.10__seed7,0.4035598241427221,,14,per_run_oof
qwen2p5_3b__math_test_00095_21ca381e__temp0.60__seed7,0.0823366945623519,,14,per_run_oof
qwen2p5_3b__math_test_00095_21ca381e__temp1.00__seed7,0.07934006676923706,,14,per_run_oof
qwen2p5_3b__math_test_00096_9055d1e9__temp0.10__seed7,0.09262538386305455,,14,per_run_oof
qwen2p5_3b__math_test_00096_9055d1e9__temp0.60__seed7,0.10963727582956306,,14,per_run_oof
qwen2p5_3b__math_test_00096_9055d1e9__temp1.00__seed7,0.12083808666861844,,14,per_run_oof
qwen2p5_3b__math_test_00097_30394417__temp0.10__seed7,0.0397168953121595,,14,per_run_oof
qwen2p5_3b__math_test_00097_30394417__temp0.60__seed7,0.06112306744593115,,14,per_run_oof
qwen2p5_3b__math_test_00097_30394417__temp1.00__seed7,0.08826521260887467,,14,per_run_oof
qwen2p5_3b__math_test_00098_9ceda233__temp0.10__seed7,0.09618558340756893,,14,per_run_oof
qwen2p5_3b__math_test_00098_9ceda233__temp0.60__seed7,0.2654987181952146,,14,per_run_oof
qwen2p5_3b__math_test_00098_9ceda233__temp1.00__seed7,0.1303773690207691,0.9791666666666667,14,per_run_oof
qwen2p5_3b__math_test_00099_491d2137__temp0.10__seed7,0.4152943190067861,,14,per_run_oof
qwen2p5_3b__math_test_00099_491d2137__temp0.60__seed7,0.3674674131451954,0.5151515151515151,14,per_run_oof
qwen2p5_3b__math_test_00099_491d2137__temp1.00__seed7,0.11898828225773221,0.9791666666666667,14,per_run_oof
qwen2p5_3b__math_test_00100_941d341c__temp0.10__seed7,0.14529436857352898,,14,per_run_oof
qwen2p5_3b__math_test_00100_941d341c__temp0.60__seed7,0.09110382445790842,1.0,14,per_run_oof
qwen2p5_3b__math_test_00100_941d341c__temp1.00__seed7,0.42988947140916567,,14,per_run_oof
qwen2p5_3b__math_test_00101_75e027f9__temp0.10__seed7,0.12839110553003028,,14,per_run_oof
qwen2p5_3b__math_test_00101_75e027f9__temp0.60__seed7,0.1872035615313706,,14,per_run_oof
qwen2p5_3b__math_test_00101_75e027f9__temp1.00__seed7,0.3597085701124758,,14,per_run_oof
qwen2p5_3b__math_test_00102_129dd488__temp0.10__seed7,0.4235623283893961,,14,per_run_oof
qwen2p5_3b__math_test_00102_129dd488__temp0.60__seed7,0.21220232565710986,,14,per_run_oof
qwen2p5_3b__math_test_00102_129dd488__temp1.00__seed7,0.2402325772703636,,14,per_run_oof
qwen2p5_3b__math_test_00103_7b0f3b51__temp0.10__seed7,0.14175821901384134,,14,per_run_oof
qwen2p5_3b__math_test_00103_7b0f3b51__temp0.60__seed7,0.11261780792462027,,14,per_run_oof
qwen2p5_3b__math_test_00103_7b0f3b51__temp1.00__seed7,0.135464120965015,0.95,14,per_run_oof
qwen2p5_3b__math_test_00104_d684f1e9__temp0.10__seed7,0.1990215433001019,0.5833333333333333,14,per_run_oof
qwen2p5_3b__math_test_00104_d684f1e9__temp0.60__seed7,0.4557200082956289,,14,per_run_oof
qwen2p5_3b__math_test_00104_d684f1e9__temp1.00__seed7,0.3044966367281418,0.4285714285714286,14,per_run_oof
qwen2p5_3b__math_test_00105_6b770d5f__temp0.10__seed7,0.28698329821923146,,14,per_run_oof
qwen2p5_3b__math_test_00105_6b770d5f__temp0.60__seed7,0.4095336925803398,,14,per_run_oof
qwen2p5_3b__math_test_00105_6b770d5f__temp1.00__seed7,0.4747916997555093,,14,per_run_oof
qwen2p5_3b__math_test_00106_6e98540c__temp0.10__seed7,0.1450907071184666,0.979591836734694,14,per_run_oof
qwen2p5_3b__math_test_00106_6e98540c__temp0.60__seed7,0.21635956068686937,,14,per_run_oof
qwen2p5_3b__math_test_00106_6e98540c__temp1.00__seed7,0.46837717627340986,,14,per_run_oof
qwen2p5_3b__math_test_00107_fd74cd11__temp0.10__seed7,0.1360217785785737,,14,per_run_oof
qwen2p5_3b__math_test_00107_fd74cd11__temp0.60__seed7,0.2873776467432121,,14,per_run_oof
qwen2p5_3b__math_test_00107_fd74cd11__temp1.00__seed7,0.08979010203138939,,14,per_run_oof
qwen2p5_3b__math_test_00108_611e7552__temp0.10__seed7,0.38946157406017673,0.2888888888888889,14,per_run_oof
qwen2p5_3b__math_test_00108_611e7552__temp0.60__seed7,0.2915316082094556,,14,per_run_oof
qwen2p5_3b__math_test_00108_611e7552__temp1.00__seed7,0.3229320623114561,,14,per_run_oof
qwen2p5_3b__math_test_00109_d90424d8__temp0.10__seed7,0.21629754458766257,,14,per_run_oof
qwen2p5_3b__math_test_00109_d90424d8__temp0.60__seed7,0.30634089964162264,,14,per_run_oof
qwen2p5_3b__math_test_00109_d90424d8__temp1.00__seed7,0.1650742295043383,,14,per_run_oof
qwen2p5_3b__math_test_00110_72b3623f__temp0.10__seed7,0.1677584255125378,0.7692307692307693,14,per_run_oof
qwen2p5_3b__math_test_00110_72b3623f__temp0.60__seed7,0.195604913520768,0.16666666666666666,14,per_run_oof
qwen2p5_3b__math_test_00110_72b3623f__temp1.00__seed7,0.16408862148821565,1.0,14,per_run_oof
qwen2p5_3b__math_test_00111_d752e2e3__temp0.10__seed7,0.060503543399104125,,14,per_run_oof
qwen2p5_3b__math_test_00111_d752e2e3__temp0.60__seed7,0.07391060364689449,,14,per_run_oof
qwen2p5_3b__math_test_00111_d752e2e3__temp1.00__seed7,0.03280017677244522,,14,per_run_oof
qwen2p5_3b__math_test_00112_84e6f7fa__temp0.10__seed7,0.20809338876479475,0.85,14,per_run_oof
qwen2p5_3b__math_test_00112_84e6f7fa__temp0.60__seed7,0.2117836056723163,0.3076923076923077,14,per_run_oof
qwen2p5_3b__math_test_00112_84e6f7fa__temp1.00__seed7,0.2857526140246347,,14,per_run_oof
qwen2p5_3b__math_test_00113_f30e88a0__temp0.10__seed7,0.09339419869386346,,14,per_run_oof
qwen2p5_3b__math_test_00113_f30e88a0__temp0.60__seed7,0.07101047239756471,,14,per_run_oof
qwen2p5_3b__math_test_00113_f30e88a0__temp1.00__seed7,0.15772131454967156,0.9375,14,per_run_oof
qwen2p5_3b__math_test_00114_deb9efc8__temp0.10__seed7,0.3196541257369316,,14,per_run_oof
qwen2p5_3b__math_test_00114_deb9efc8__temp0.60__seed7,0.4382712210934258,,14,per_run_oof
qwen2p5_3b__math_test_00114_deb9efc8__temp1.00__seed7,0.4576929693453953,,14,per_run_oof
qwen2p5_3b__math_test_00115_e20c9b7a__temp0.10__seed7,0.08733643514078648,,14,per_run_oof
qwen2p5_3b__math_test_00115_e20c9b7a__temp0.60__seed7,0.10648629984985412,,14,per_run_oof
qwen2p5_3b__math_test_00115_e20c9b7a__temp1.00__seed7,0.4079939211794561,,14,per_run_oof
qwen2p5_3b__math_test_00116_61f50e3d__temp0.10__seed7,0.2658887389671178,,14,per_run_oof
qwen2p5_3b__math_test_00116_61f50e3d__temp0.60__seed7,0.45736153593552664,,14,per_run_oof
qwen2p5_3b__math_test_00116_61f50e3d__temp1.00__seed7,0.32915430126049544,,14,per_run_oof
qwen2p5_3b__math_test_00117_e884ad93__temp0.10__seed7,0.4175503062417447,,14,per_run_oof
qwen2p5_3b__math_test_00117_e884ad93__temp0.60__seed7,0.16007814892138272,,14,per_run_oof
qwen2p5_3b__math_test_00117_e884ad93__temp1.00__seed7,0.16239625317359754,,14,per_run_oof
qwen2p5_3b__math_test_00118_fc8ebbb3__temp0.10__seed7,0.16153760394588448,1.0,14,per_run_oof
qwen2p5_3b__math_test_00118_fc8ebbb3__temp0.60__seed7,0.16575758693819953,,14,per_run_oof
qwen2p5_3b__math_test_00118_fc8ebbb3__temp1.00__seed7,0.3402544169419845,,14,per_run_oof
qwen2p5_3b__math_test_00119_a6218ea2__temp0.10__seed7,0.04234090607615442,,14,per_run_oof
qwen2p5_3b__math_test_00119_a6218ea2__temp0.60__seed7,0.17547714714530607,,14,per_run_oof
qwen2p5_3b__math_test_00119_a6218ea2__temp1.00__seed7,0.10683321429852534,,14,per_run_oof
qwen2p5_3b__math_test_00120_8eef5288__temp0.10__seed7,0.307704687781496,,14,per_run_oof
qwen2p5_3b__math_test_00120_8eef5288__temp0.60__seed7,0.26817644307798405,,14,per_run_oof
qwen2p5_3b__math_test_00120_8eef5288__temp1.00__seed7,0.32394556328964047,,14,per_run_oof
qwen2p5_3b__math_test_00121_23cfdf25__temp0.10__seed7,0.05529537211575549,,14,per_run_oof
qwen2p5_3b__math_test_00121_23cfdf25__temp0.60__seed7,0.080467630697835,,14,per_run_oof
qwen2p5_3b__math_test_00121_23cfdf25__temp1.00__seed7,0.05046683496780115,,14,per_run_oof
qwen2p5_3b__math_test_00122_fdf4300d__temp0.10__seed7,0.13042672167469768,0.6666666666666667,14,per_run_oof
qwen2p5_3b__math_test_00122_fdf4300d__temp0.60__seed7,0.3019542696598834,0.3846153846153846,14,per_run_oof
qwen2p5_3b__math_test_00122_fdf4300d__temp1.00__seed7,0.17515852947493826,,14,per_run_oof
qwen2p5_3b__math_test_00123_860f65d4__temp0.10__seed7,0.0671817174010166,,14,per_run_oof
qwen2p5_3b__math_test_00123_860f65d4__temp0.60__seed7,0.12080930242011505,,14,per_run_oof
qwen2p5_3b__math_test_00123_860f65d4__temp1.00__seed7,0.07746327134315908,,14,per_run_oof
qwen2p5_3b__math_test_00124_93bacf2d__temp0.10__seed7,0.39912287082046355,,14,per_run_oof
qwen2p5_3b__math_test_00124_93bacf2d__temp0.60__seed7,0.36997362680193724,,14,per_run_oof
qwen2p5_3b__math_test_00124_93bacf2d__temp1.00__seed7,0.3491998429375724,,14,per_run_oof
qwen2p5_3b__math_test_00125_e5ac5620__temp0.10__seed7,0.07890685373866609,,14,per_run_oof
qwen2p5_3b__math_test_00125_e5ac5620__temp0.60__seed7,0.20498327185309492,,14,per_run_oof
qwen2p5_3b__math_test_00125_e5ac5620__temp1.00__seed7,0.35349191211315706,,14,per_run_oof
qwen2p5_3b__math_test_00126_81f4f6da__temp0.10__seed7,0.15913809484222766,,14,per_run_oof
qwen2p5_3b__math_test_00126_81f4f6da__temp0.60__seed7,0.12975719785103423,,14,per_run_oof
qwen2p5_3b__math_test_00126_81f4f6da__temp1.00__seed7,0.1329008225393759,,14,per_run_oof
qwen2p5_3b__math_test_00127_831d47a3__temp0.10__seed7,0.36693724002484646,0.25,14,per_run_oof
qwen2p5_3b__math_test_00127_831d47a3__temp0.60__seed7,0.3001501285655915,,14,per_run_oof
qwen2p5_3b__math_test_00127_831d47a3__temp1.00__seed7,0.4870842105281446,0.0,14,per_run_oof
qwen2p5_3b__math_test_00128_34115c3f__temp0.10__seed7,0.12366501822482277,,14,per_run_oof
qwen2p5_3b__math_test_00128_34115c3f__temp0.60__seed7,0.08878211239303539,,14,per_run_oof
qwen2p5_3b__math_test_00128_34115c3f__temp1.00__seed7,0.24392003523148786,,14,per_run_oof
qwen2p5_3b__math_test_00129_13560ab9__temp0.10__seed7,0.08879333648934189,,14,per_run_oof
qwen2p5_3b__math_test_00129_13560ab9__temp0.60__seed7,0.30381586959994283,,14,per_run_oof
qwen2p5_3b__math_test_00129_13560ab9__temp1.00__seed7,0.3402418919734301,,14,per_run_oof
qwen2p5_3b__math_test_00130_587c37e4__temp0.10__seed7,0.10603344625704374,,14,per_run_oof
qwen2p5_3b__math_test_00130_587c37e4__temp0.60__seed7,0.1401814487181226,,14,per_run_oof
qwen2p5_3b__math_test_00130_587c37e4__temp1.00__seed7,0.12252086572934116,,14,per_run_oof
qwen2p5_3b__math_test_00131_e4690c90__temp0.10__seed7,0.044481389869057635,,14,per_run_oof
qwen2p5_3b__math_test_00131_e4690c90__temp0.60__seed7,0.06968646065972796,,14,per_run_oof
qwen2p5_3b__math_test_00131_e4690c90__temp1.00__seed7,0.19444851015286987,0.3846153846153846,14,per_run_oof
qwen2p5_3b__math_test_00132_9804c9ed__temp0.10__seed7,0.42698362996786837,0.8181818181818181,14,per_run_oof
qwen2p5_3b__math_test_00132_9804c9ed__temp0.60__seed7,0.09708303395770534,1.0,14,per_run_oof
qwen2p5_3b__math_test_00132_9804c9ed__temp1.00__seed7,0.14038979329054022,1.0,14,per_run_oof
qwen2p5_3b__math_test_00133_efc15efb__temp0.10__seed7,0.38688014179009905,,14,per_run_oof
qwen2p5_3b__math_test_00133_efc15efb__temp0.60__seed7,0.40769819442799016,,14,per_run_oof
qwen2p5_3b__math_test_00133_efc15efb__temp1.00__seed7,0.2911147653846894,,14,per_run_oof
qwen2p5_3b__math_test_00134_729aab2d__temp0.10__seed7,0.0501421779211529,,14,per_run_oof
qwen2p5_3b__math_test_00134_729aab2d__temp0.60__seed7,0.20495740378465205,,14,per_run_oof
qwen2p5_3b__math_test_00134_729aab2d__temp1.00__seed7,0.22094241221555327,,14,per_run_oof
qwen2p5_3b__math_test_00135_cc85526c__temp0.10__seed7,0.0928946282484399,,14,per_run_oof
qwen2p5_3b__math_test_00135_cc85526c__temp0.60__seed7,0.10380635566344121,,14,per_run_oof
qwen2p5_3b__math_test_00135_cc85526c__temp1.00__seed7,0.12499805157527791,,14,per_run_oof
qwen2p5_3b__math_test_00136_8e69a186__temp0.10__seed7,0.029326076979587036,,14,per_run_oof
qwen2p5_3b__math_test_00136_8e69a186__temp0.60__seed7,0.11576098690377548,,14,per_run_oof
qwen2p5_3b__math_test_00136_8e69a186__temp1.00__seed7,0.1801685486317207,,14,per_run_oof
qwen2p5_3b__math_test_00137_66c4d3d6__temp0.10__seed7,0.12014060629038754,,14,per_run_oof
qwen2p5_3b__math_test_00137_66c4d3d6__temp0.60__seed7,0.24306744290383556,,14,per_run_oof
qwen2p5_3b__math_test_00137_66c4d3d6__temp1.00__seed7,0.11959021602025247,,14,per_run_oof
qwen2p5_3b__math_test_00138_3cca3484__temp0.10__seed7,0.3422326326969793,,14,per_run_oof
qwen2p5_3b__math_test_00138_3cca3484__temp0.60__seed7,0.3397491725948374,,14,per_run_oof
qwen2p5_3b__math_test_00138_3cca3484__temp1.00__seed7,0.09795608402899525,1.0,14,per_run_oof
qwen2p5_3b__math_test_00139_55101384__temp0.10__seed7,0.3214176886672514,0.3333333333333333,14,per_run_oof
qwen2p5_3b__math_test_00139_55101384__temp0.60__seed7,0.3721566681697618,,14,per_run_oof
qwen2p5_3b__math_test_00139_55101384__temp1.00__seed7,0.20097964312654157,0.6666666666666667,14,per_run_oof
qwen2p5_3b__math_test_00140_9c2a8a8c__temp0.10__seed7,0.050329283712763746,,14,per_run_oof
qwen2p5_3b__math_test_00140_9c2a8a8c__temp0.60__seed7,0.04577693296709212,,14,per_run_oof
qwen2p5_3b__math_test_00140_9c2a8a8c__temp1.00__seed7,0.023793307844809795,,14,per_run_oof
qwen2p5_3b__math_test_00141_fa53302b__temp0.10__seed7,0.18814045587084846,0.9583333333333333,14,per_run_oof
qwen2p5_3b__math_test_00141_fa53302b__temp0.60__seed7,0.2025605529742251,,14,per_run_oof
qwen2p5_3b__math_test_00141_fa53302b__temp1.00__seed7,0.3737410382607054,,14,per_run_oof
qwen2p5_3b__math_test_00142_a535d7ed__temp0.10__seed7,0.26642231459295357,0.8571428571428571,14,per_run_oof
qwen2p5_3b__math_test_00142_a535d7ed__temp0.60__seed7,0.4317988723466247,,14,per_run_oof
qwen2p5_3b__math_test_00142_a535d7ed__temp1.00__seed7,0.4499374791212708,,14,per_run_oof
qwen2p5_3b__math_test_00143_f0361309__temp0.10__seed7,0.10778459428132747,,14,per_run_oof
qwen2p5_3b__math_test_00143_f0361309__temp0.60__seed7,0.09188170082863838,,14,per_run_oof
qwen2p5_3b__math_test_00143_f0361309__temp1.00__seed7,0.09774596650717929,1.0,14,per_run_oof
qwen2p5_3b__math_test_00144_3287fa74__temp0.10__seed7,0.09258346060965279,,14,per_run_oof
qwen2p5_3b__math_test_00144_3287fa74__temp0.60__seed7,0.08728804682571746,,14,per_run_oof
qwen2p5_3b__math_test_00144_3287fa74__temp1.00__seed7,0.3723989352223424,,14,per_run_oof
qwen2p5_3b__math_test_00145_bb1c005f__temp0.10__seed7,0.4296618871068287,,14,per_run_oof
qwen2p5_3b__math_test_00145_bb1c005f__temp0.60__seed7,0.326508146698608,,14,per_run_oof
qwen2p5_3b__math_test_00145_bb1c005f__temp1.00__seed7,0.3655359184090446,,14,per_run_oof
qwen2p5_3b__math_test_00146_faf5031d__temp0.10__seed7,0.07359473676813175,,14,per_run_oof
qwen2p5_3b__math_test_00146_faf5031d__temp0.60__seed7,0.023964900434470946,,14,per_run_oof
qwen2p5_3b__math_test_00146_faf5031d__temp1.00__seed7,0.0606707229937988,,14,per_run_oof
qwen2p5_3b__math_test_00147_390c3a01__temp0.10__seed7,0.44169770541916675,1.0,14,per_run_oof
qwen2p5_3b__math_test_00147_390c3a01__temp0.60__seed7,0.42170399449620305,0.6666666666666666,14,per_run_oof
qwen2p5_3b__math_test_00147_390c3a01__temp1.00__seed7,0.361456811398519,0.3846153846153846,14,per_run_oof
qwen2p5_3b__math_test_00148_c9dddba4__temp0.10__seed7,0.2702766440769661,,14,per_run_oof
qwen2p5_3b__math_test_00148_c9dddba4__temp0.60__seed7,0.13415535679759835,1.0,14,per_run_oof
qwen2p5_3b__math_test_00148_c9dddba4__temp1.00__seed7,0.32814330174199985,,14,per_run_oof
qwen2p5_3b__math_test_00149_805d659b__temp0.10__seed7,0.18258062123011393,,14,per_run_oof
qwen2p5_3b__math_test_00149_805d659b__temp0.60__seed7,0.09340919411693087,,14,per_run_oof
qwen2p5_3b__math_test_00149_805d659b__temp1.00__seed7,0.044471021672163644,,14,per_run_oof
qwen2p5_3b__math_test_00150_f0a2fdf6__temp0.10__seed7,0.42493374569320735,,14,per_run_oof
qwen2p5_3b__math_test_00150_f0a2fdf6__temp0.60__seed7,0.22994416390564162,,14,per_run_oof
qwen2p5_3b__math_test_00150_f0a2fdf6__temp1.00__seed7,0.30586086275581664,,14,per_run_oof
qwen2p5_3b__math_test_00151_3228d9fb__temp0.10__seed7,0.13686923631271117,1.0,14,per_run_oof
qwen2p5_3b__math_test_00151_3228d9fb__temp0.60__seed7,0.19451618240688934,,14,per_run_oof
qwen2p5_3b__math_test_00151_3228d9fb__temp1.00__seed7,0.14967823710907296,1.0,14,per_run_oof
qwen2p5_3b__math_test_00152_df146136__temp0.10__seed7,0.2662668709329871,,14,per_run_oof
qwen2p5_3b__math_test_00152_df146136__temp0.60__seed7,0.07034969121925123,,14,per_run_oof
qwen2p5_3b__math_test_00152_df146136__temp1.00__seed7,0.21499840087192787,,14,per_run_oof
qwen2p5_3b__math_test_00153_e0a74423__temp0.10__seed7,0.32281232294043516,,14,per_run_oof
qwen2p5_3b__math_test_00153_e0a74423__temp0.60__seed7,0.29158825310682246,,14,per_run_oof
qwen2p5_3b__math_test_00153_e0a74423__temp1.00__seed7,0.15039694448149726,1.0,14,per_run_oof
qwen2p5_3b__math_test_00154_7dc5f86e__temp0.10__seed7,0.13653706323320064,0.8461538461538461,14,per_run_oof
qwen2p5_3b__math_test_00154_7dc5f86e__temp0.60__seed7,0.49888074388496495,0.8461538461538461,14,per_run_oof
qwen2p5_3b__math_test_00154_7dc5f86e__temp1.00__seed7,0.13660184400698933,,14,per_run_oof
qwen2p5_3b__math_test_00155_ee27b543__temp0.10__seed7,0.0605720328748416,,14,per_run_oof
qwen2p5_3b__math_test_00155_ee27b543__temp0.60__seed7,0.12645378944630875,0.5,14,per_run_oof
qwen2p5_3b__math_test_00155_ee27b543__temp1.00__seed7,0.05050251490339423,,14,per_run_oof
qwen2p5_3b__math_test_00156_95b47adc__temp0.10__seed7,0.44971841041553284,,14,per_run_oof
qwen2p5_3b__math_test_00156_95b47adc__temp0.60__seed7,0.14017842112668844,0.9583333333333334,14,per_run_oof
qwen2p5_3b__math_test_00156_95b47adc__temp1.00__seed7,0.06362192691980191,,14,per_run_oof
qwen2p5_3b__math_test_00157_37701db8__temp0.10__seed7,0.1886865032579537,,14,per_run_oof
qwen2p5_3b__math_test_00157_37701db8__temp0.60__seed7,0.04606873714757683,,14,per_run_oof
qwen2p5_3b__math_test_00157_37701db8__temp1.00__seed7,0.08714674466772573,,14,per_run_oof
qwen2p5_3b__math_test_00158_15e70720__temp0.10__seed7,0.17480544342637158,,14,per_run_oof
qwen2p5_3b__math_test_00158_15e70720__temp0.60__seed7,0.19397669092351189,,14,per_run_oof
qwen2p5_3b__math_test_00158_15e70720__temp1.00__seed7,0.3337580429536667,,14,per_run_oof
qwen2p5_3b__math_test_00159_7acc030c__temp0.10__seed7,0.3155372368585455,,14,per_run_oof
qwen2p5_3b__math_test_00159_7acc030c__temp0.60__seed7,0.22448310620455034,,14,per_run_oof
qwen2p5_3b__math_test_00159_7acc030c__temp1.00__seed7,0.11634834286765199,1.0,14,per_run_oof
qwen2p5_3b__math_test_00160_e84fb95f__temp0.10__seed7,0.04618984385120901,,14,per_run_oof
qwen2p5_3b__math_test_00160_e84fb95f__temp0.60__seed7,0.18728055413516362,,14,per_run_oof
qwen2p5_3b__math_test_00160_e84fb95f__temp1.00__seed7,0.24493992500955228,,14,per_run_oof
qwen2p5_3b__math_test_00161_643e7dc4__temp0.10__seed7,0.33541843260271786,,14,per_run_oof
qwen2p5_3b__math_test_00161_643e7dc4__temp0.60__seed7,0.44740337403631114,,14,per_run_oof
qwen2p5_3b__math_test_00161_643e7dc4__temp1.00__seed7,0.16050139897493437,0.825,14,per_run_oof
qwen2p5_3b__math_test_00162_45ed500c__temp0.10__seed7,0.2794169599608697,,14,per_run_oof
qwen2p5_3b__math_test_00162_45ed500c__temp0.60__seed7,0.31720427115450434,1.0,14,per_run_oof
qwen2p5_3b__math_test_00162_45ed500c__temp1.00__seed7,0.15778953275751753,,14,per_run_oof
qwen2p5_3b__math_test_00163_6f88c8c4__temp0.10__seed7,0.13172283722975214,,14,per_run_oof
qwen2p5_3b__math_test_00163_6f88c8c4__temp0.60__seed7,0.29386656149395296,,14,per_run_oof
qwen2p5_3b__math_test_00163_6f88c8c4__temp1.00__seed7,0.3163464608439229,,14,per_run_oof
qwen2p5_3b__math_test_00164_a06c5428__temp0.10__seed7,0.055766935150225384,,14,per_run_oof
qwen2p5_3b__math_test_00164_a06c5428__temp0.60__seed7,0.21173143129850308,,14,per_run_oof
qwen2p5_3b__math_test_00164_a06c5428__temp1.00__seed7,0.043838849402941346,,14,per_run_oof
qwen2p5_3b__math_test_00165_2bb09b99__temp0.10__seed7,0.09875434942628243,,14,per_run_oof
qwen2p5_3b__math_test_00165_2bb09b99__temp0.60__seed7,0.17126083566824754,,14,per_run_oof
qwen2p5_3b__math_test_00165_2bb09b99__temp1.00__seed7,0.03412371322509029,,14,per_run_oof
qwen2p5_3b__math_test_00166_e1652a94__temp0.10__seed7,0.06493257211542636,,14,per_run_oof
qwen2p5_3b__math_test_00166_e1652a94__temp0.60__seed7,0.10883199283236795,1.0,14,per_run_oof
qwen2p5_3b__math_test_00166_e1652a94__temp1.00__seed7,0.2877156386770818,0.46153846153846156,14,per_run_oof
qwen2p5_3b__math_test_00167_87ffe725__temp0.10__seed7,0.19508528643018955,1.0,14,per_run_oof
qwen2p5_3b__math_test_00167_87ffe725__temp0.60__seed7,0.40939425797124834,1.0,14,per_run_oof
qwen2p5_3b__math_test_00167_87ffe725__temp1.00__seed7,0.23446226892102365,0.4242424242424243,14,per_run_oof
qwen2p5_3b__math_test_00168_0f3086b8__temp0.10__seed7,0.17765224825528728,,14,per_run_oof
qwen2p5_3b__math_test_00168_0f3086b8__temp0.60__seed7,0.16017967553093007,0.8541666666666667,14,per_run_oof
qwen2p5_3b__math_test_00168_0f3086b8__temp1.00__seed7,0.12593617740319024,0.9583333333333333,14,per_run_oof
qwen2p5_3b__math_test_00169_1a29884e__temp0.10__seed7,0.0323546673102157,,14,per_run_oof
qwen2p5_3b__math_test_00169_1a29884e__temp0.60__seed7,0.09519025529392766,,14,per_run_oof
qwen2p5_3b__math_test_00169_1a29884e__temp1.00__seed7,0.08785204982134702,,14,per_run_oof
qwen2p5_3b__math_test_00170_7682a602__temp0.10__seed7,0.026743599621079504,,14,per_run_oof
qwen2p5_3b__math_test_00170_7682a602__temp0.60__seed7,0.04411896198542914,,14,per_run_oof
qwen2p5_3b__math_test_00170_7682a602__temp1.00__seed7,0.10043323459408818,,14,per_run_oof
qwen2p5_3b__math_test_00171_dae831e4__temp0.10__seed7,0.26530870102492704,,14,per_run_oof
qwen2p5_3b__math_test_00171_dae831e4__temp0.60__seed7,0.24433791485084086,,14,per_run_oof
qwen2p5_3b__math_test_00171_dae831e4__temp1.00__seed7,0.25063773173002724,,14,per_run_oof
qwen2p5_3b__math_test_00172_6af9182b__temp0.10__seed7,0.4492482565183676,,14,per_run_oof
qwen2p5_3b__math_test_00172_6af9182b__temp0.60__seed7,0.47730071703704546,,14,per_run_oof
qwen2p5_3b__math_test_00172_6af9182b__temp1.00__seed7,0.5068616387155878,,14,per_run_oof
qwen2p5_3b__math_test_00173_f7741471__temp0.10__seed7,0.42545864178302406,,14,per_run_oof
qwen2p5_3b__math_test_00173_f7741471__temp0.60__seed7,0.3814567988927924,,14,per_run_oof
qwen2p5_3b__math_test_00173_f7741471__temp1.00__seed7,0.08958733657479037,,14,per_run_oof
qwen2p5_3b__math_test_00174_660b0932__temp0.10__seed7,0.29854927643526846,,14,per_run_oof
qwen2p5_3b__math_test_00174_660b0932__temp0.60__seed7,0.16426227764571497,,14,per_run_oof
qwen2p5_3b__math_test_00174_660b0932__temp1.00__seed7,0.25723892846852425,,14,per_run_oof
qwen2p5_3b__math_test_00175_ad581760__temp0.10__seed7,0.06628599681262029,,14,per_run_oof
qwen2p5_3b__math_test_00175_ad581760__temp0.60__seed7,0.1368126679468271,,14,per_run_oof
qwen2p5_3b__math_test_00175_ad581760__temp1.00__seed7,0.055795746424275934,,14,per_run_oof
qwen2p5_3b__math_test_00176_3ab8fbcf__temp0.10__seed7,0.38650424197057237,,14,per_run_oof
qwen2p5_3b__math_test_00176_3ab8fbcf__temp0.60__seed7,0.153432813796218,,14,per_run_oof
qwen2p5_3b__math_test_00176_3ab8fbcf__temp1.00__seed7,0.11153179902743197,,14,per_run_oof
qwen2p5_3b__math_test_00177_88f25299__temp0.10__seed7,0.3184577435655847,,14,per_run_oof
qwen2p5_3b__math_test_00177_88f25299__temp0.60__seed7,0.4039347260937823,,14,per_run_oof
qwen2p5_3b__math_test_00177_88f25299__temp1.00__seed7,0.43724365875767524,,14,per_run_oof
qwen2p5_3b__math_test_00178_af59f7e2__temp0.10__seed7,0.46238560073523954,,14,per_run_oof
qwen2p5_3b__math_test_00178_af59f7e2__temp0.60__seed7,0.3125399722015561,1.0,14,per_run_oof
qwen2p5_3b__math_test_00178_af59f7e2__temp1.00__seed7,0.3434202364111057,0.5454545454545454,14,per_run_oof
qwen2p5_3b__math_test_00179_50c278d5__temp0.10__seed7,0.24070824375812513,,14,per_run_oof
qwen2p5_3b__math_test_00179_50c278d5__temp0.60__seed7,0.380008344983445,0.07692307692307687,14,per_run_oof
qwen2p5_3b__math_test_00179_50c278d5__temp1.00__seed7,0.1518772233726334,,14,per_run_oof
qwen2p5_3b__math_test_00180_409f8858__temp0.10__seed7,0.3268493611318091,,14,per_run_oof
qwen2p5_3b__math_test_00180_409f8858__temp0.60__seed7,0.3682460631653523,,14,per_run_oof
qwen2p5_3b__math_test_00180_409f8858__temp1.00__seed7,0.12174642208639938,0.9230769230769231,14,per_run_oof
qwen2p5_3b__math_test_00181_40a8a07f__temp0.10__seed7,0.11330646900510519,,14,per_run_oof
qwen2p5_3b__math_test_00181_40a8a07f__temp0.60__seed7,0.21196880177290237,0.7272727272727273,14,per_run_oof
qwen2p5_3b__math_test_00181_40a8a07f__temp1.00__seed7,0.09118483099527322,,14,per_run_oof
qwen2p5_3b__math_test_00182_5eec73ff__temp0.10__seed7,0.10606342534613154,,14,per_run_oof
qwen2p5_3b__math_test_00182_5eec73ff__temp0.60__seed7,0.34828251298323604,,14,per_run_oof
qwen2p5_3b__math_test_00182_5eec73ff__temp1.00__seed7,0.14428729853248698,,14,per_run_oof
qwen2p5_3b__math_test_00183_8feeefff__temp0.10__seed7,0.1196896302593269,,14,per_run_oof
qwen2p5_3b__math_test_00183_8feeefff__temp0.60__seed7,0.1345761510704502,,14,per_run_oof
qwen2p5_3b__math_test_00183_8feeefff__temp1.00__seed7,0.053591759509699174,,14,per_run_oof
qwen2p5_3b__math_test_00184_78e3c175__temp0.10__seed7,0.4285806865807368,,14,per_run_oof
qwen2p5_3b__math_test_00184_78e3c175__temp0.60__seed7,0.44813800878803584,,14,per_run_oof
qwen2p5_3b__math_test_00184_78e3c175__temp1.00__seed7,0.24642851697874207,,14,per_run_oof
qwen2p5_3b__math_test_00185_b9d67ef5__temp0.10__seed7,0.1673952060012565,,14,per_run_oof
qwen2p5_3b__math_test_00185_b9d67ef5__temp0.60__seed7,0.09560972524778534,,14,per_run_oof
qwen2p5_3b__math_test_00185_b9d67ef5__temp1.00__seed7,0.221119872100753,,14,per_run_oof
qwen2p5_3b__math_test_00186_ac02199f__temp0.10__seed7,0.12917546413438175,,14,per_run_oof
qwen2p5_3b__math_test_00186_ac02199f__temp0.60__seed7,0.18398704691493473,,14,per_run_oof
qwen2p5_3b__math_test_00186_ac02199f__temp1.00__seed7,0.29120688576713377,,14,per_run_oof
qwen2p5_3b__math_test_00187_b2db12b1__temp0.10__seed7,0.3291118442157178,,14,per_run_oof
qwen2p5_3b__math_test_00187_b2db12b1__temp0.60__seed7,0.40988446674204165,,14,per_run_oof
qwen2p5_3b__math_test_00187_b2db12b1__temp1.00__seed7,0.2368815875161574,,14,per_run_oof
qwen2p5_3b__math_test_00188_c57b9f68__temp0.10__seed7,0.2685464580084227,,14,per_run_oof
qwen2p5_3b__math_test_00188_c57b9f68__temp0.60__seed7,0.17367471057940692,0.07692307692307687,14,per_run_oof
qwen2p5_3b__math_test_00188_c57b9f68__temp1.00__seed7,0.4502732615535265,,14,per_run_oof
qwen2p5_3b__math_test_00189_d2f49b7f__temp0.10__seed7,0.0642098622318967,,14,per_run_oof
qwen2p5_3b__math_test_00189_d2f49b7f__temp0.60__seed7,0.05975818743621022,,14,per_run_oof
qwen2p5_3b__math_test_00189_d2f49b7f__temp1.00__seed7,0.30258885075266456,,14,per_run_oof
qwen2p5_3b__math_test_00190_ad0c55dc__temp0.10__seed7,0.17643247555732924,,14,per_run_oof
qwen2p5_3b__math_test_00190_ad0c55dc__temp0.60__seed7,0.05989016169743342,,14,per_run_oof
qwen2p5_3b__math_test_00190_ad0c55dc__temp1.00__seed7,0.23301492304294613,,14,per_run_oof
qwen2p5_3b__math_test_00191_b20822d9__temp0.10__seed7,0.054026892747821485,,14,per_run_oof
qwen2p5_3b__math_test_00191_b20822d9__temp0.60__seed7,0.13349421738668404,,14,per_run_oof
qwen2p5_3b__math_test_00191_b20822d9__temp1.00__seed7,0.19038689007734044,0.75,14,per_run_oof
qwen2p5_3b__math_test_00192_a6795966__temp0.10__seed7,0.28499385460193893,,14,per_run_oof
qwen2p5_3b__math_test_00192_a6795966__temp0.60__seed7,0.39573408853400827,,14,per_run_oof
qwen2p5_3b__math_test_00192_a6795966__temp1.00__seed7,0.15945396640830792,,14,per_run_oof
qwen2p5_3b__math_test_00193_027d8061__temp0.10__seed7,0.4458686323623778,,14,per_run_oof
qwen2p5_3b__math_test_00193_027d8061__temp0.60__seed7,0.44769494382525543,,14,per_run_oof
qwen2p5_3b__math_test_00193_027d8061__temp1.00__seed7,0.4114109425171422,,14,per_run_oof
qwen2p5_3b__math_test_00194_f51f6dd0__temp0.10__seed7,0.04759224013084303,,14,per_run_oof
qwen2p5_3b__math_test_00194_f51f6dd0__temp0.60__seed7,0.04799717128714248,,14,per_run_oof
qwen2p5_3b__math_test_00194_f51f6dd0__temp1.00__seed7,0.01219501702887513,,14,per_run_oof
qwen2p5_3b__math_test_00195_7cc2d650__temp0.10__seed7,0.046309669915843274,,14,per_run_oof
qwen2p5_3b__math_test_00195_7cc2d650__temp0.60__seed7,0.052027980796054925,,14,per_run_oof
qwen2p5_3b__math_test_00195_7cc2d650__temp1.00__seed7,0.07998193943658996,,14,per_run_oof
qwen2p5_3b__math_test_00196_4e15c27d__temp0.10__seed7,0.10029635755301965,1.0,14,per_run_oof
qwen2p5_3b__math_test_00196_4e15c27d__temp0.60__seed7,0.1884041266811785,0.38461538461538464,14,per_run_oof
qwen2p5_3b__math_test_00196_4e15c27d__temp1.00__seed7,0.12010145115009717,1.0,14,per_run_oof
qwen2p5_3b__math_test_00197_ed195676__temp0.10__seed7,0.026200053287623527,,14,per_run_oof
qwen2p5_3b__math_test_00197_ed195676__temp0.60__seed7,0.03293233885874878,,14,per_run_oof
qwen2p5_3b__math_test_00197_ed195676__temp1.00__seed7,0.05788846766218684,,14,per_run_oof
qwen2p5_3b__math_test_00198_85b6e7ea__temp0.10__seed7,0.037298620143972346,,14,per_run_oof
qwen2p5_3b__math_test_00198_85b6e7ea__temp0.60__seed7,0.2653747090675451,,14,per_run_oof
qwen2p5_3b__math_test_00198_85b6e7ea__temp1.00__seed7,0.14336679005006375,,14,per_run_oof
qwen2p5_3b__math_test_00199_c19f27fd__temp0.10__seed7,0.23209973199750755,,14,per_run_oof
qwen2p5_3b__math_test_00199_c19f27fd__temp0.60__seed7,0.03490066508290545,,14,per_run_oof
qwen2p5_3b__math_test_00199_c19f27fd__temp1.00__seed7,0.0960658161883052,,14,per_run_oof
qwen2p5_3b__math_test_00200_bd1fc1ea__temp0.10__seed7,0.14348690432988567,,14,per_run_oof
qwen2p5_3b__math_test_00200_bd1fc1ea__temp0.60__seed7,0.3623571218351264,,14,per_run_oof
qwen2p5_3b__math_test_00200_bd1fc1ea__temp1.00__seed7,0.11425687368902872,1.0,14,per_run_oof
qwen2p5_3b__math_test_00201_464f6898__temp0.10__seed7,0.053501954419823236,,14,per_run_oof
qwen2p5_3b__math_test_00201_464f6898__temp0.60__seed7,0.24347197580298463,,14,per_run_oof
qwen2p5_3b__math_test_00201_464f6898__temp1.00__seed7,0.3048639401763865,,14,per_run_oof
qwen2p5_3b__math_test_00202_8904dc37__temp0.10__seed7,0.05685854707815496,,14,per_run_oof
qwen2p5_3b__math_test_00202_8904dc37__temp0.60__seed7,0.4011858482052236,,14,per_run_oof
qwen2p5_3b__math_test_00202_8904dc37__temp1.00__seed7,0.36160573442175575,,14,per_run_oof
qwen2p5_3b__math_test_00203_d026abb8__temp0.10__seed7,0.39011602550783175,,14,per_run_oof
qwen2p5_3b__math_test_00203_d026abb8__temp0.60__seed7,0.1308518001644596,1.0,14,per_run_oof
qwen2p5_3b__math_test_00203_d026abb8__temp1.00__seed7,0.1929320132648027,0.9230769230769231,14,per_run_oof
qwen2p5_3b__math_test_00204_75f78286__temp0.10__seed7,0.29883928009251826,,14,per_run_oof
qwen2p5_3b__math_test_00204_75f78286__temp0.60__seed7,0.4007664987424323,0.6666666666666667,14,per_run_oof
qwen2p5_3b__math_test_00204_75f78286__temp1.00__seed7,0.1530001513062271,0.9090909090909092,14,per_run_oof
qwen2p5_3b__math_test_00205_35364df7__temp0.10__seed7,0.24431642866560005,,14,per_run_oof
qwen2p5_3b__math_test_00205_35364df7__temp0.60__seed7,0.06384316160466638,,14,per_run_oof
qwen2p5_3b__math_test_00205_35364df7__temp1.00__seed7,0.26897045084232535,0.07692307692307687,14,per_run_oof
qwen2p5_3b__math_test_00206_a6788c30__temp0.10__seed7,0.05554901030165755,,14,per_run_oof
qwen2p5_3b__math_test_00206_a6788c30__temp0.60__seed7,0.06581288741148741,,14,per_run_oof
qwen2p5_3b__math_test_00206_a6788c30__temp1.00__seed7,0.05165037039038781,,14,per_run_oof
qwen2p5_3b__math_test_00207_627fc1ba__temp0.10__seed7,0.04928941241453554,,14,per_run_oof
qwen2p5_3b__math_test_00207_627fc1ba__temp0.60__seed7,0.05606865638702408,,14,per_run_oof
qwen2p5_3b__math_test_00207_627fc1ba__temp1.00__seed7,0.09853534246723286,,14,per_run_oof
qwen2p5_3b__math_test_00208_43f47031__temp0.10__seed7,0.3079677339980093,0.6666666666666666,14,per_run_oof
qwen2p5_3b__math_test_00208_43f47031__temp0.60__seed7,0.43050594478758997,0.8461538461538461,14,per_run_oof
qwen2p5_3b__math_test_00208_43f47031__temp1.00__seed7,0.11662461196006955,1.0,14,per_run_oof
qwen2p5_3b__math_test_00209_877944fa__temp0.10__seed7,0.058537606084583436,,14,per_run_oof
qwen2p5_3b__math_test_00209_877944fa__temp0.60__seed7,0.0925393215391072,,14,per_run_oof
qwen2p5_3b__math_test_00209_877944fa__temp1.00__seed7,0.17134678033249745,,14,per_run_oof
qwen2p5_3b__math_test_00210_51592ad6__temp0.10__seed7,0.14611924323845213,1.0,14,per_run_oof
qwen2p5_3b__math_test_00210_51592ad6__temp0.60__seed7,0.13502869098847614,1.0,14,per_run_oof
qwen2p5_3b__math_test_00210_51592ad6__temp1.00__seed7,0.14047869765734114,0.9583333333333333,14,per_run_oof
qwen2p5_3b__math_test_00211_4c873421__temp0.10__seed7,0.0929193907078401,,14,per_run_oof
qwen2p5_3b__math_test_00211_4c873421__temp0.60__seed7,0.06663924324409987,,14,per_run_oof
qwen2p5_3b__math_test_00211_4c873421__temp1.00__seed7,0.06515258689100552,,14,per_run_oof
qwen2p5_3b__math_test_00212_a1acafa6__temp0.10__seed7,0.057382379754827094,,14,per_run_oof
qwen2p5_3b__math_test_00212_a1acafa6__temp0.60__seed7,0.10142167556609408,,14,per_run_oof
qwen2p5_3b__math_test_00212_a1acafa6__temp1.00__seed7,0.06248792148886138,,14,per_run_oof
qwen2p5_3b__math_test_00213_4bf84a38__temp0.10__seed7,0.09505905658256848,1.0,14,per_run_oof
qwen2p5_3b__math_test_00213_4bf84a38__temp0.60__seed7,0.16945329911227094,0.9393939393939394,14,per_run_oof
qwen2p5_3b__math_test_00213_4bf84a38__temp1.00__seed7,0.3285638573357463,0.7916666666666666,14,per_run_oof
qwen2p5_3b__math_test_00214_dd220dbb__temp0.10__seed7,0.23680345725787064,0.6458333333333334,14,per_run_oof
qwen2p5_3b__math_test_00214_dd220dbb__temp0.60__seed7,0.4117127414075639,,14,per_run_oof
qwen2p5_3b__math_test_00214_dd220dbb__temp1.00__seed7,0.13747645747523113,1.0,14,per_run_oof
qwen2p5_3b__math_test_00215_d650ba63__temp0.10__seed7,0.5237791115360194,,14,per_run_oof
qwen2p5_3b__math_test_00215_d650ba63__temp0.60__seed7,0.2526490136643301,0.41666666666666663,14,per_run_oof
qwen2p5_3b__math_test_00215_d650ba63__temp1.00__seed7,0.47831354355621,0.23076923076923073,14,per_run_oof
qwen2p5_3b__math_test_00216_bb0c5189__temp0.10__seed7,0.22236935364376517,,14,per_run_oof
qwen2p5_3b__math_test_00216_bb0c5189__temp0.60__seed7,0.3352750519632134,,14,per_run_oof
qwen2p5_3b__math_test_00216_bb0c5189__temp1.00__seed7,0.14927294035593638,,14,per_run_oof
qwen2p5_3b__math_test_00217_f16ba217__temp0.10__seed7,0.12024960999106947,,14,per_run_oof
qwen2p5_3b__math_test_00217_f16ba217__temp0.60__seed7,0.028666539336035708,,14,per_run_oof
qwen2p5_3b__math_test_00217_f16ba217__temp1.00__seed7,0.017014455948640983,,14,per_run_oof
qwen2p5_3b__math_test_00218_9ebeec12__temp0.10__seed7,0.4623148961098887,,14,per_run_oof
qwen2p5_3b__math_test_00218_9ebeec12__temp0.60__seed7,0.31299266344150245,0.9696969696969697,14,per_run_oof
qwen2p5_3b__math_test_00218_9ebeec12__temp1.00__seed7,0.1445176652655827,,14,per_run_oof
qwen2p5_3b__math_test_00219_9ce0114c__temp0.10__seed7,0.22555936302407492,0.6222222222222222,14,per_run_oof
qwen2p5_3b__math_test_00219_9ce0114c__temp0.60__seed7,0.5402058420467727,0.07692307692307687,14,per_run_oof
qwen2p5_3b__math_test_00219_9ce0114c__temp1.00__seed7,0.3902324354915813,0.3076923076923077,14,per_run_oof
qwen2p5_3b__math_test_00220_c9d4415d__temp0.10__seed7,0.14399170205071582,1.0,14,per_run_oof
qwen2p5_3b__math_test_00220_c9d4415d__temp0.60__seed7,0.25580846444085786,,14,per_run_oof
qwen2p5_3b__math_test_00220_c9d4415d__temp1.00__seed7,0.3428697183780772,,14,per_run_oof
qwen2p5_3b__math_test_00221_6ddce785__temp0.10__seed7,0.4346350672247853,,14,per_run_oof
qwen2p5_3b__math_test_00221_6ddce785__temp0.60__seed7,0.39108434881527604,,14,per_run_oof
qwen2p5_3b__math_test_00221_6ddce785__temp1.00__seed7,0.20748951188645934,0.8888888888888888,14,per_run_oof
qwen2p5_3b__math_test_00222_67d6eb88__temp0.10__seed7,0.09802412281463106,,14,per_run_oof
qwen2p5_3b__math_test_00222_67d6eb88__temp0.60__seed7,0.0652154245637837,,14,per_run_oof
qwen2p5_3b__math_test_00222_67d6eb88__temp1.00__seed7,0.4268953849652937,,14,per_run_oof
qwen2p5_3b__math_test_00223_e0d9f4b1__temp0.10__seed7,0.24095954574594175,,14,per_run_oof
qwen2p5_3b__math_test_00223_e0d9f4b1__temp0.60__seed7,0.3277910104966586,,14,per_run_oof
qwen2p5_3b__math_test_00223_e0d9f4b1__temp1.00__seed7,0.09550535770961402,,14,per_run_oof
qwen2p5_3b__math_test_00224_a4838f9f__temp0.10__seed7,0.1660319066953056,,14,per_run_oof
qwen2p5_3b__math_test_00224_a4838f9f__temp0.60__seed7,0.2882296745392197,,14,per_run_oof
qwen2p5_3b__math_test_00224_a4838f9f__temp1.00__seed7,0.47419890288039307,0.041666666666666685,14,per_run_oof
qwen2p5_3b__math_test_00225_aa62338d__temp0.10__seed7,0.2896785982725901,,14,per_run_oof
qwen2p5_3b__math_test_00225_aa62338d__temp0.60__seed7,0.3483378325467954,,14,per_run_oof
qwen2p5_3b__math_test_00225_aa62338d__temp1.00__seed7,0.08218556661547739,1.0,14,per_run_oof
qwen2p5_3b__math_test_00226_4db0af17__temp0.10__seed7,0.23501205157262967,,14,per_run_oof
qwen2p5_3b__math_test_00226_4db0af17__temp0.60__seed7,0.22877664228590305,,14,per_run_oof
qwen2p5_3b__math_test_00226_4db0af17__temp1.00__seed7,0.4106361651940557,,14,per_run_oof
qwen2p5_3b__math_test_00227_bd91686d__temp0.10__seed7,0.11321546976495625,,14,per_run_oof
qwen2p5_3b__math_test_00227_bd91686d__temp0.60__seed7,0.11613398200703792,,14,per_run_oof
qwen2p5_3b__math_test_00227_bd91686d__temp1.00__seed7,0.33889231751330573,,14,per_run_oof
qwen2p5_3b__math_test_00228_f8913fbd__temp0.10__seed7,0.37510777498017533,,14,per_run_oof
qwen2p5_3b__math_test_00228_f8913fbd__temp0.60__seed7,0.3500617424897751,,14,per_run_oof
qwen2p5_3b__math_test_00228_f8913fbd__temp1.00__seed7,0.09615336937228304,,14,per_run_oof
qwen2p5_3b__math_test_00229_3671f9fa__temp0.10__seed7,0.028476901204658376,,14,per_run_oof
qwen2p5_3b__math_test_00229_3671f9fa__temp0.60__seed7,0.05719095946414071,,14,per_run_oof
qwen2p5_3b__math_test_00229_3671f9fa__temp1.00__seed7,0.0683290200131226,,14,per_run_oof
qwen2p5_3b__math_test_00230_5de9111d__temp0.10__seed7,0.1917012845675093,0.9387755102040816,14,per_run_oof
qwen2p5_3b__math_test_00230_5de9111d__temp0.60__seed7,0.24979717374608093,,14,per_run_oof
qwen2p5_3b__math_test_00230_5de9111d__temp1.00__seed7,0.17902514662111427,0.9166666666666666,14,per_run_oof
qwen2p5_3b__math_test_00231_f1b686d3__temp0.10__seed7,0.10240431582299862,,14,per_run_oof
qwen2p5_3b__math_test_00231_f1b686d3__temp0.60__seed7,0.2887409492562511,,14,per_run_oof
qwen2p5_3b__math_test_00231_f1b686d3__temp1.00__seed7,0.2290051047364882,,14,per_run_oof
qwen2p5_3b__math_test_00232_99f94cd0__temp0.10__seed7,0.1481396007028289,0.95,14,per_run_oof
qwen2p5_3b__math_test_00232_99f94cd0__temp0.60__seed7,0.4204543422603451,,14,per_run_oof
qwen2p5_3b__math_test_00232_99f94cd0__temp1.00__seed7,0.32373405587897075,,14,per_run_oof
qwen2p5_3b__math_test_00233_05e64b69__temp0.10__seed7,0.17147314056525456,,14,per_run_oof
qwen2p5_3b__math_test_00233_05e64b69__temp0.60__seed7,0.1293136699272554,,14,per_run_oof
qwen2p5_3b__math_test_00233_05e64b69__temp1.00__seed7,0.2182509049910148,,14,per_run_oof
qwen2p5_3b__math_test_00234_03dfd5f4__temp0.10__seed7,0.10744924988502992,1.0,14,per_run_oof
qwen2p5_3b__math_test_00234_03dfd5f4__temp0.60__seed7,0.12116827266482628,1.0,14,per_run_oof
qwen2p5_3b__math_test_00234_03dfd5f4__temp1.00__seed7,0.13056032683817093,0.9230769230769231,14,per_run_oof
qwen2p5_3b__math_test_00235_13c2c9be__temp0.10__seed7,0.08193683118373866,,14,per_run_oof
qwen2p5_3b__math_test_00235_13c2c9be__temp0.60__seed7,0.2932904853487658,,14,per_run_oof
qwen2p5_3b__math_test_00235_13c2c9be__temp1.00__seed7,0.07669268178218357,,14,per_run_oof
qwen2p5_3b__math_test_00236_d5de6a08__temp0.10__seed7,0.3230542080418619,,14,per_run_oof
qwen2p5_3b__math_test_00236_d5de6a08__temp0.60__seed7,0.09718315073310717,,14,per_run_oof
qwen2p5_3b__math_test_00236_d5de6a08__temp1.00__seed7,0.46932259099164647,,14,per_run_oof
qwen2p5_3b__math_test_00237_4bcd0b41__temp0.10__seed7,0.045478337104960534,,14,per_run_oof
qwen2p5_3b__math_test_00237_4bcd0b41__temp0.60__seed7,0.26459785598708757,,14,per_run_oof
qwen2p5_3b__math_test_00237_4bcd0b41__temp1.00__seed7,0.038863428806617466,,14,per_run_oof
qwen2p5_3b__math_test_00238_c8c67f45__temp0.10__seed7,0.03338222274886337,,14,per_run_oof
qwen2p5_3b__math_test_00238_c8c67f45__temp0.60__seed7,0.13583965405003687,,14,per_run_oof
qwen2p5_3b__math_test_00238_c8c67f45__temp1.00__seed7,0.059884733129001715,,14,per_run_oof
qwen2p5_3b__math_test_00239_9b20bddf__temp0.10__seed7,0.07252189168427267,,14,per_run_oof
qwen2p5_3b__math_test_00239_9b20bddf__temp0.60__seed7,0.08624483907970777,,14,per_run_oof
qwen2p5_3b__math_test_00239_9b20bddf__temp1.00__seed7,0.06570052557562463,,14,per_run_oof
qwen2p5_3b__math_test_00240_52c92561__temp0.10__seed7,0.18243134308165412,,14,per_run_oof
qwen2p5_3b__math_test_00240_52c92561__temp0.60__seed7,0.12156695173216922,,14,per_run_oof
qwen2p5_3b__math_test_00240_52c92561__temp1.00__seed7,0.2036816634625939,,14,per_run_oof
qwen2p5_3b__math_test_00241_5a34024d__temp0.10__seed7,0.14178558873063452,0.45833333333333337,14,per_run_oof
qwen2p5_3b__math_test_00241_5a34024d__temp0.60__seed7,0.1881092318086328,0.29166666666666663,14,per_run_oof
qwen2p5_3b__math_test_00241_5a34024d__temp1.00__seed7,0.15316319864463024,0.9166666666666666,14,per_run_oof
qwen2p5_3b__math_test_00242_277ad5c0__temp0.10__seed7,0.08628031703921439,,14,per_run_oof
qwen2p5_3b__math_test_00242_277ad5c0__temp0.60__seed7,0.3397909679347844,,14,per_run_oof
qwen2p5_3b__math_test_00242_277ad5c0__temp1.00__seed7,0.09690279751757787,,14,per_run_oof
qwen2p5_3b__math_test_00243_869ecc6c__temp0.10__seed7,0.32964269424424486,,14,per_run_oof
qwen2p5_3b__math_test_00243_869ecc6c__temp0.60__seed7,0.2435935414227217,0.8367346938775511,14,per_run_oof
qwen2p5_3b__math_test_00243_869ecc6c__temp1.00__seed7,0.2102479485367836,0.5757575757575757,14,per_run_oof
qwen2p5_3b__math_test_00244_1b6efbf5__temp0.10__seed7,0.09811095990748857,1.0,14,per_run_oof
qwen2p5_3b__math_test_00244_1b6efbf5__temp0.60__seed7,0.10787613991340843,1.0,14,per_run_oof
qwen2p5_3b__math_test_00244_1b6efbf5__temp1.00__seed7,0.16346695345987167,0.9230769230769231,14,per_run_oof
qwen2p5_3b__math_test_00245_373bfa07__temp0.10__seed7,0.14074186725607712,,14,per_run_oof
qwen2p5_3b__math_test_00245_373bfa07__temp0.60__seed7,0.05827692206887886,,14,per_run_oof
qwen2p5_3b__math_test_00245_373bfa07__temp1.00__seed7,0.04226918083705661,,14,per_run_oof
qwen2p5_3b__math_test_00246_08e34813__temp0.10__seed7,0.2382026015159468,0.7291666666666666,14,per_run_oof
qwen2p5_3b__math_test_00246_08e34813__temp0.60__seed7,0.49618612554140207,,14,per_run_oof
qwen2p5_3b__math_test_00246_08e34813__temp1.00__seed7,0.428553959452281,,14,per_run_oof
qwen2p5_3b__math_test_00247_24a6a2d8__temp0.10__seed7,0.40631262356495546,,14,per_run_oof
qwen2p5_3b__math_test_00247_24a6a2d8__temp0.60__seed7,0.1129176309412701,,14,per_run_oof
qwen2p5_3b__math_test_00247_24a6a2d8__temp1.00__seed7,0.06573139568340149,,14,per_run_oof
qwen2p5_3b__math_test_00248_740b47e0__temp0.10__seed7,0.11315539383908887,1.0,14,per_run_oof
qwen2p5_3b__math_test_00248_740b47e0__temp0.60__seed7,0.1083090011039854,1.0,14,per_run_oof
qwen2p5_3b__math_test_00248_740b47e0__temp1.00__seed7,0.1307270830961608,1.0,14,per_run_oof
qwen2p5_3b__math_test_00249_89ab90f1__temp0.10__seed7,0.09597643954676645,0.0,14,per_run_oof
qwen2p5_3b__math_test_00249_89ab90f1__temp0.60__seed7,0.39537843007761353,,14,per_run_oof
qwen2p5_3b__math_test_00249_89ab90f1__temp1.00__seed7,0.33296682493809826,0.375,14,per_run_oof
qwen2p5_3b__math_test_00250_893f6d22__temp0.10__seed7,0.4096490372593666,,14,per_run_oof
qwen2p5_3b__math_test_00250_893f6d22__temp0.60__seed7,0.34579631805393873,,14,per_run_oof
qwen2p5_3b__math_test_00250_893f6d22__temp1.00__seed7,0.22753790982275152,,14,per_run_oof
qwen2p5_3b__math_test_00251_3dd2446e__temp0.10__seed7,0.2820802969475817,,14,per_run_oof
qwen2p5_3b__math_test_00251_3dd2446e__temp0.60__seed7,0.1226704960957524,1.0,14,per_run_oof
qwen2p5_3b__math_test_00251_3dd2446e__temp1.00__seed7,0.3715381633478797,,14,per_run_oof
qwen2p5_3b__math_test_00252_b3e21c72__temp0.10__seed7,0.3780399283481623,,14,per_run_oof
qwen2p5_3b__math_test_00252_b3e21c72__temp0.60__seed7,0.37072452821393587,,14,per_run_oof
qwen2p5_3b__math_test_00252_b3e21c72__temp1.00__seed7,0.3869713845616383,,14,per_run_oof
qwen2p5_3b__math_test_00253_d4df8de3__temp0.10__seed7,0.05527089440396481,,14,per_run_oof
qwen2p5_3b__math_test_00253_d4df8de3__temp0.60__seed7,0.049027310156543026,,14,per_run_oof
qwen2p5_3b__math_test_00253_d4df8de3__temp1.00__seed7,0.04396980957976489,,14,per_run_oof
qwen2p5_3b__math_test_00254_a92a5bc3__temp0.10__seed7,0.07896763607143295,,14,per_run_oof
qwen2p5_3b__math_test_00254_a92a5bc3__temp0.60__seed7,0.09992328654529796,,14,per_run_oof
qwen2p5_3b__math_test_00254_a92a5bc3__temp1.00__seed7,0.06852023701893006,,14,per_run_oof
qwen2p5_3b__math_test_00255_5f3fe168__temp0.10__seed7,0.11163848941001994,,14,per_run_oof
qwen2p5_3b__math_test_00255_5f3fe168__temp0.60__seed7,0.2567274952049821,0.0,14,per_run_oof
qwen2p5_3b__math_test_00255_5f3fe168__temp1.00__seed7,0.08255609388854193,1.0,14,per_run_oof
qwen2p5_3b__math_test_00256_d959374f__temp0.10__seed7,0.2722955169357499,,14,per_run_oof
qwen2p5_3b__math_test_00256_d959374f__temp0.60__seed7,0.34752721961218075,0.1818181818181818,14,per_run_oof
qwen2p5_3b__math_test_00256_d959374f__temp1.00__seed7,0.21967083195725276,,14,per_run_oof
qwen2p5_3b__math_test_00257_20ddae87__temp0.10__seed7,0.14941520008802645,1.0,14,per_run_oof
qwen2p5_3b__math_test_00257_20ddae87__temp0.60__seed7,0.2500096943008169,,14,per_run_oof
qwen2p5_3b__math_test_00257_20ddae87__temp1.00__seed7,0.31466147192228267,0.6060606060606061,14,per_run_oof
qwen2p5_3b__math_test_00258_44fb0c1c__temp0.10__seed7,0.0845395500716336,,14,per_run_oof
qwen2p5_3b__math_test_00258_44fb0c1c__temp0.60__seed7,0.1238965058948056,1.0,14,per_run_oof
qwen2p5_3b__math_test_00258_44fb0c1c__temp1.00__seed7,0.05563581253661338,,14,per_run_oof
qwen2p5_3b__math_test_00259_2ab6b817__temp0.10__seed7,0.33003393885224747,,14,per_run_oof
qwen2p5_3b__math_test_00259_2ab6b817__temp0.60__seed7,0.06542618852812877,,14,per_run_oof
qwen2p5_3b__math_test_00259_2ab6b817__temp1.00__seed7,0.21953158388309574,,14,per_run_oof
qwen2p5_3b__math_test_00260_efa62d11__temp0.10__seed7,0.2710930778982222,,14,per_run_oof
qwen2p5_3b__math_test_00260_efa62d11__temp0.60__seed7,0.2126380860295898,0.6458333333333334,14,per_run_oof
qwen2p5_3b__math_test_00260_efa62d11__temp1.00__seed7,0.1423142962442984,,14,per_run_oof
qwen2p5_3b__math_test_00261_4f02172b__temp0.10__seed7,0.40878025263263124,,14,per_run_oof
qwen2p5_3b__math_test_00261_4f02172b__temp0.60__seed7,0.32405094470330104,,14,per_run_oof
qwen2p5_3b__math_test_00261_4f02172b__temp1.00__seed7,0.15625852703062224,,14,per_run_oof
qwen2p5_3b__math_test_00262_5be48d75__temp0.10__seed7,0.06091707678950138,,14,per_run_oof
qwen2p5_3b__math_test_00262_5be48d75__temp0.60__seed7,0.23681090263968133,0.25,14,per_run_oof
qwen2p5_3b__math_test_00262_5be48d75__temp1.00__seed7,0.13826684703715528,0.3076923076923077,14,per_run_oof
qwen2p5_3b__math_test_00263_10d94c24__temp0.10__seed7,0.1639854214373437,,14,per_run_oof
qwen2p5_3b__math_test_00263_10d94c24__temp0.60__seed7,0.17225553490494444,,14,per_run_oof
qwen2p5_3b__math_test_00263_10d94c24__temp1.00__seed7,0.2034705364234786,,14,per_run_oof
qwen2p5_3b__math_test_00264_ca7f6fd1__temp0.10__seed7,0.40544265749751834,,14,per_run_oof
qwen2p5_3b__math_test_00264_ca7f6fd1__temp0.60__seed7,0.24652243275842917,,14,per_run_oof
qwen2p5_3b__math_test_00264_ca7f6fd1__temp1.00__seed7,0.3308286343796577,,14,per_run_oof
qwen2p5_3b__math_test_00265_3b8ec9e0__temp0.10__seed7,0.08406044505134609,,14,per_run_oof
qwen2p5_3b__math_test_00265_3b8ec9e0__temp0.60__seed7,0.16257543877135464,0.9166666666666666,14,per_run_oof
qwen2p5_3b__math_test_00265_3b8ec9e0__temp1.00__seed7,0.11593002841555598,1.0,14,per_run_oof
qwen2p5_3b__math_test_00266_dbf10789__temp0.10__seed7,0.08205870330220123,,14,per_run_oof
qwen2p5_3b__math_test_00266_dbf10789__temp0.60__seed7,0.2059740244275796,,14,per_run_oof
qwen2p5_3b__math_test_00266_dbf10789__temp1.00__seed7,0.2347843337390712,,14,per_run_oof
qwen2p5_3b__math_test_00267_a33fc5f4__temp0.10__seed7,0.10326951792053317,1.0,14,per_run_oof
qwen2p5_3b__math_test_00267_a33fc5f4__temp0.60__seed7,0.13385320581751875,1.0,14,per_run_oof
qwen2p5_3b__math_test_00267_a33fc5f4__temp1.00__seed7,0.11139342238900277,0.9696969696969697,14,per_run_oof
qwen2p5_3b__math_test_00268_64a42184__temp0.10__seed7,0.10320535720975056,,14,per_run_oof
qwen2p5_3b__math_test_00268_64a42184__temp0.60__seed7,0.06436963211987536,,14,per_run_oof
qwen2p5_3b__math_test_00268_64a42184__temp1.00__seed7,0.030135569458964045,,14,per_run_oof
qwen2p5_3b__math_test_00269_3a892d62__temp0.10__seed7,0.0951828461376406,,14,per_run_oof
qwen2p5_3b__math_test_00269_3a892d62__temp0.60__seed7,0.5805572768955133,,14,per_run_oof
qwen2p5_3b__math_test_00269_3a892d62__temp1.00__seed7,0.5165408025023543,,14,per_run_oof
qwen2p5_3b__math_test_00270_d6fa4f7c__temp0.10__seed7,0.2596454543507444,,14,per_run_oof
qwen2p5_3b__math_test_00270_d6fa4f7c__temp0.60__seed7,0.25269165469065696,,14,per_run_oof
qwen2p5_3b__math_test_00270_d6fa4f7c__temp1.00__seed7,0.24787759381020816,,14,per_run_oof
qwen2p5_3b__math_test_00271_0cd3b758__temp0.10__seed7,0.15450608279407255,,14,per_run_oof
qwen2p5_3b__math_test_00271_0cd3b758__temp0.60__seed7,0.2334081868458366,,14,per_run_oof
qwen2p5_3b__math_test_00271_0cd3b758__temp1.00__seed7,0.34813177392930017,,14,per_run_oof
qwen2p5_3b__math_test_00272_84359c4d__temp0.10__seed7,0.1960255989907817,,14,per_run_oof
qwen2p5_3b__math_test_00272_84359c4d__temp0.60__seed7,0.20287610470269038,,14,per_run_oof
qwen2p5_3b__math_test_00272_84359c4d__temp1.00__seed7,0.23443874367571574,0.7692307692307693,14,per_run_oof
qwen2p5_3b__math_test_00273_a9e9a1de__temp0.10__seed7,0.09158604361290054,,14,per_run_oof
qwen2p5_3b__math_test_00273_a9e9a1de__temp0.60__seed7,0.11329243309540972,1.0,14,per_run_oof
qwen2p5_3b__math_test_00273_a9e9a1de__temp1.00__seed7,0.09862780951271576,1.0,14,per_run_oof
qwen2p5_3b__math_test_00274_75abc690__temp0.10__seed7,0.13961871086844033,,14,per_run_oof
qwen2p5_3b__math_test_00274_75abc690__temp0.60__seed7,0.024099815512542554,,14,per_run_oof
qwen2p5_3b__math_test_00274_75abc690__temp1.00__seed7,0.1813463395396302,,14,per_run_oof
qwen2p5_3b__math_test_00275_4384cd3d__temp0.10__seed7,0.33439817577664105,,14,per_run_oof
qwen2p5_3b__math_test_00275_4384cd3d__temp0.60__seed7,0.4389644206232813,,14,per_run_oof
qwen2p5_3b__math_test_00275_4384cd3d__temp1.00__seed7,0.4173708155971862,,14,per_run_oof
qwen2p5_3b__math_test_00276_845d624e__temp0.10__seed7,0.2669063801275088,,14,per_run_oof
qwen2p5_3b__math_test_00276_845d624e__temp0.60__seed7,0.3211028740312903,,14,per_run_oof
qwen2p5_3b__math_test_00276_845d624e__temp1.00__seed7,0.30905730119650643,,14,per_run_oof
qwen2p5_3b__math_test_00277_c86dc9b8__temp0.10__seed7,0.24245957442765406,,14,per_run_oof
qwen2p5_3b__math_test_00277_c86dc9b8__temp0.60__seed7,0.39370314172841364,,14,per_run_oof
qwen2p5_3b__math_test_00277_c86dc9b8__temp1.00__seed7,0.41745777906326936,,14,per_run_oof
qwen2p5_3b__math_test_00278_f57d1ab7__temp0.10__seed7,0.2588350726189529,,14,per_run_oof
qwen2p5_3b__math_test_00278_f57d1ab7__temp0.60__seed7,0.35892100257928844,,14,per_run_oof
qwen2p5_3b__math_test_00278_f57d1ab7__temp1.00__seed7,0.1979518592430945,,14,per_run_oof
qwen2p5_3b__math_test_00279_c9a3fe90__temp0.10__seed7,0.17292125850510104,,14,per_run_oof
qwen2p5_3b__math_test_00279_c9a3fe90__temp0.60__seed7,0.2471957803019253,,14,per_run_oof
qwen2p5_3b__math_test_00279_c9a3fe90__temp1.00__seed7,0.35225932794401965,,14,per_run_oof
qwen2p5_3b__math_test_00280_fa6589e1__temp0.10__seed7,0.23100340781670933,,14,per_run_oof
qwen2p5_3b__math_test_00280_fa6589e1__temp0.60__seed7,0.29182431941097325,,14,per_run_oof
qwen2p5_3b__math_test_00280_fa6589e1__temp1.00__seed7,0.37311693853864014,0.07692307692307687,14,per_run_oof
qwen2p5_3b__math_test_00281_c1845e7d__temp0.10__seed7,0.14554600344620963,0.9583333333333333,14,per_run_oof
qwen2p5_3b__math_test_00281_c1845e7d__temp0.60__seed7,0.41045590715103275,,14,per_run_oof
qwen2p5_3b__math_test_00281_c1845e7d__temp1.00__seed7,0.2611065955324403,1.0,14,per_run_oof
qwen2p5_3b__math_test_00282_92f3a353__temp0.10__seed7,0.05550083440724234,,14,per_run_oof
qwen2p5_3b__math_test_00282_92f3a353__temp0.60__seed7,0.23286629104826934,,14,per_run_oof
qwen2p5_3b__math_test_00282_92f3a353__temp1.00__seed7,0.19393920047675908,,14,per_run_oof
qwen2p5_3b__math_test_00283_7135627a__temp0.10__seed7,0.3022717885850292,,14,per_run_oof
qwen2p5_3b__math_test_00283_7135627a__temp0.60__seed7,0.39172561311550375,,14,per_run_oof
qwen2p5_3b__math_test_00283_7135627a__temp1.00__seed7,0.24922525883294794,,14,per_run_oof
qwen2p5_3b__math_test_00284_d7b7add8__temp0.10__seed7,0.3650328013925736,,14,per_run_oof
qwen2p5_3b__math_test_00284_d7b7add8__temp0.60__seed7,0.24402002314855162,,14,per_run_oof
qwen2p5_3b__math_test_00284_d7b7add8__temp1.00__seed7,0.10177680835579207,,14,per_run_oof
qwen2p5_3b__math_test_00285_2a685be2__temp0.10__seed7,0.19786417475535284,,14,per_run_oof
qwen2p5_3b__math_test_00285_2a685be2__temp0.60__seed7,0.2999286397024061,,14,per_run_oof
qwen2p5_3b__math_test_00285_2a685be2__temp1.00__seed7,0.2805821061379698,,14,per_run_oof
qwen2p5_3b__math_test_00286_2378497f__temp0.10__seed7,0.17468353897698344,0.9583333333333333,14,per_run_oof
qwen2p5_3b__math_test_00286_2378497f__temp0.60__seed7,0.16820422505677315,,14,per_run_oof
qwen2p5_3b__math_test_00286_2378497f__temp1.00__seed7,0.039993658659276045,,14,per_run_oof
qwen2p5_3b__math_test_00287_ab35a62d__temp0.10__seed7,0.04676675628252758,,14,per_run_oof
qwen2p5_3b__math_test_00287_ab35a62d__temp0.60__seed7,0.06221515275665412,,14,per_run_oof
qwen2p5_3b__math_test_00287_ab35a62d__temp1.00__seed7,0.3320905200313576,,14,per_run_oof
qwen2p5_3b__math_test_00288_99b25b6b__temp0.10__seed7,0.3181493244678773,,14,per_run_oof
qwen2p5_3b__math_test_00288_99b25b6b__temp0.60__seed7,0.3940548481743734,,14,per_run_oof
qwen2p5_3b__math_test_00288_99b25b6b__temp1.00__seed7,0.22334458885780334,,14,per_run_oof
qwen2p5_3b__math_test_00289_65b47d19__temp0.10__seed7,0.12022446682412789,,14,per_run_oof
qwen2p5_3b__math_test_00289_65b47d19__temp0.60__seed7,0.20724170411504697,,14,per_run_oof
qwen2p5_3b__math_test_00289_65b47d19__temp1.00__seed7,0.03000007843337405,,14,per_run_oof
qwen2p5_3b__math_test_00290_1a809667__temp0.10__seed7,0.07154320256809214,,14,per_run_oof
qwen2p5_3b__math_test_00290_1a809667__temp0.60__seed7,0.05476232042366289,,14,per_run_oof
qwen2p5_3b__math_test_00290_1a809667__temp1.00__seed7,0.18558770614546524,,14,per_run_oof
qwen2p5_3b__math_test_00291_f0f80e1a__temp0.10__seed7,0.3538333835822761,,14,per_run_oof
qwen2p5_3b__math_test_00291_f0f80e1a__temp0.60__seed7,0.13561028892490046,,14,per_run_oof
qwen2p5_3b__math_test_00291_f0f80e1a__temp1.00__seed7,0.44995579814072045,,14,per_run_oof
qwen2p5_3b__math_test_00292_9f87e110__temp0.10__seed7,0.23865642108155452,,14,per_run_oof
qwen2p5_3b__math_test_00292_9f87e110__temp0.60__seed7,0.06920991338215854,,14,per_run_oof
qwen2p5_3b__math_test_00292_9f87e110__temp1.00__seed7,0.030251503497357925,,14,per_run_oof
qwen2p5_3b__math_test_00293_9a549464__temp0.10__seed7,0.27755805939546496,0.2,14,per_run_oof
qwen2p5_3b__math_test_00293_9a549464__temp0.60__seed7,0.11643144676505243,,14,per_run_oof
qwen2p5_3b__math_test_00293_9a549464__temp1.00__seed7,0.2225732911218619,0.29166666666666663,14,per_run_oof
qwen2p5_3b__math_test_00294_bbfa98b4__temp0.10__seed7,0.10614990143926438,0.9583333333333333,14,per_run_oof
qwen2p5_3b__math_test_00294_bbfa98b4__temp0.60__seed7,0.15784392129328415,0.9583333333333333,14,per_run_oof
qwen2p5_3b__math_test_00294_bbfa98b4__temp1.00__seed7,0.19491951083943768,0.875,14,per_run_oof
qwen2p5_3b__math_test_00295_5384a318__temp0.10__seed7,0.4380095305406833,,14,per_run_oof
qwen2p5_3b__math_test_00295_5384a318__temp0.60__seed7,0.43212646778425395,,14,per_run_oof
qwen2p5_3b__math_test_00295_5384a318__temp1.00__seed7,0.39022674949834074,,14,per_run_oof
qwen2p5_3b__math_test_00296_dd695c69__temp0.10__seed7,0.20299304893384265,,14,per_run_oof
qwen2p5_3b__math_test_00296_dd695c69__temp0.60__seed7,0.07014147664755632,,14,per_run_oof
qwen2p5_3b__math_test_00296_dd695c69__temp1.00__seed7,0.07950673462444366,,14,per_run_oof
qwen2p5_3b__math_test_00297_96f3b4cd__temp0.10__seed7,0.09095040381066155,,14,per_run_oof
qwen2p5_3b__math_test_00297_96f3b4cd__temp0.60__seed7,0.09619629753014956,,14,per_run_oof
qwen2p5_3b__math_test_00297_96f3b4cd__temp1.00__seed7,0.08574284259696718,,14,per_run_oof
qwen2p5_3b__math_test_00298_cd93bf6b__temp0.10__seed7,0.10263205240908509,,14,per_run_oof
qwen2p5_3b__math_test_00298_cd93bf6b__temp0.60__seed7,0.0892596173007653,,14,per_run_oof
qwen2p5_3b__math_test_00298_cd93bf6b__temp1.00__seed7,0.09677733507147604,,14,per_run_oof
qwen2p5_3b__math_test_00299_9edbd238__temp0.10__seed7,0.34319683230530945,,14,per_run_oof
qwen2p5_3b__math_test_00299_9edbd238__temp0.60__seed7,0.40413948164610985,,14,per_run_oof
qwen2p5_3b__math_test_00299_9edbd238__temp1.00__seed7,0.18601026794495282,0.725,14,per_run_oof
qwen2p5_3b__math_test_00300_7b4fb29f__temp0.10__seed7,0.3002369812807814,,14,per_run_oof
qwen2p5_3b__math_test_00300_7b4fb29f__temp0.60__seed7,0.47481960932831957,,14,per_run_oof
qwen2p5_3b__math_test_00300_7b4fb29f__temp1.00__seed7,0.397355309119297,,14,per_run_oof
qwen2p5_3b__math_test_00301_fe74163c__temp0.10__seed7,0.08031822824241057,,14,per_run_oof
qwen2p5_3b__math_test_00301_fe74163c__temp0.60__seed7,0.07052234062830474,,14,per_run_oof
qwen2p5_3b__math_test_00301_fe74163c__temp1.00__seed7,0.19355667339899932,,14,per_run_oof
qwen2p5_3b__math_test_00302_555caaf5__temp0.10__seed7,0.09644759835314774,,14,per_run_oof
qwen2p5_3b__math_test_00302_555caaf5__temp0.60__seed7,0.18421013368375774,,14,per_run_oof
qwen2p5_3b__math_test_00302_555caaf5__temp1.00__seed7,0.058844960231070095,,14,per_run_oof
qwen2p5_3b__math_test_00303_0a6043f3__temp0.10__seed7,0.15221066057764315,,14,per_run_oof
qwen2p5_3b__math_test_00303_0a6043f3__temp0.60__seed7,0.034696117126880435,,14,per_run_oof
qwen2p5_3b__math_test_00303_0a6043f3__temp1.00__seed7,0.05334587611258985,,14,per_run_oof
qwen2p5_3b__math_test_00304_782cacd3__temp0.10__seed7,0.24359569072528892,,14,per_run_oof
qwen2p5_3b__math_test_00304_782cacd3__temp0.60__seed7,0.17561869456006368,,14,per_run_oof
qwen2p5_3b__math_test_00304_782cacd3__temp1.00__seed7,0.3047085811956136,,14,per_run_oof
qwen2p5_3b__math_test_00305_c8d180e8__temp0.10__seed7,0.10508993930918144,,14,per_run_oof
qwen2p5_3b__math_test_00305_c8d180e8__temp0.60__seed7,0.2814654334934085,,14,per_run_oof
qwen2p5_3b__math_test_00305_c8d180e8__temp1.00__seed7,0.1498791276668378,,14,per_run_oof
qwen2p5_3b__math_test_00306_15a3ec97__temp0.10__seed7,0.058902073608308965,,14,per_run_oof
qwen2p5_3b__math_test_00306_15a3ec97__temp0.60__seed7,0.09121105780182868,,14,per_run_oof
qwen2p5_3b__math_test_00306_15a3ec97__temp1.00__seed7,0.18504592023422847,,14,per_run_oof
qwen2p5_3b__math_test_00307_ac0e3789__temp0.10__seed7,0.342184638743655,,14,per_run_oof
qwen2p5_3b__math_test_00307_ac0e3789__temp0.60__seed7,0.3557382019877281,,14,per_run_oof
qwen2p5_3b__math_test_00307_ac0e3789__temp1.00__seed7,0.138113182238263,,14,per_run_oof
qwen2p5_3b__math_test_00308_35ec1d7b__temp0.10__seed7,0.07642658486374465,,14,per_run_oof
qwen2p5_3b__math_test_00308_35ec1d7b__temp0.60__seed7,0.07593916194315249,,14,per_run_oof
qwen2p5_3b__math_test_00308_35ec1d7b__temp1.00__seed7,0.28537844839127074,,14,per_run_oof
qwen2p5_3b__math_test_00309_7be0b9c6__temp0.10__seed7,0.025583310002471042,,14,per_run_oof
qwen2p5_3b__math_test_00309_7be0b9c6__temp0.60__seed7,0.0650448083213312,,14,per_run_oof
qwen2p5_3b__math_test_00309_7be0b9c6__temp1.00__seed7,0.06701370059962099,,14,per_run_oof
qwen2p5_3b__math_test_00310_2974ae8d__temp0.10__seed7,0.39214263627174717,,14,per_run_oof
qwen2p5_3b__math_test_00310_2974ae8d__temp0.60__seed7,0.15692322881782012,0.9090909090909091,14,per_run_oof
qwen2p5_3b__math_test_00310_2974ae8d__temp1.00__seed7,0.1451831042662967,0.9555555555555555,14,per_run_oof
qwen2p5_3b__math_test_00311_db5088ff__temp0.10__seed7,0.28777863887159716,,14,per_run_oof
qwen2p5_3b__math_test_00311_db5088ff__temp0.60__seed7,0.32178082201582875,,14,per_run_oof
qwen2p5_3b__math_test_00311_db5088ff__temp1.00__seed7,0.19896338510167383,0.9333333333333332,14,per_run_oof
qwen2p5_3b__math_test_00312_74f8cf90__temp0.10__seed7,0.19810619391076276,,14,per_run_oof
qwen2p5_3b__math_test_00312_74f8cf90__temp0.60__seed7,0.35505210947906984,,14,per_run_oof
qwen2p5_3b__math_test_00312_74f8cf90__temp1.00__seed7,0.47507390301093244,,14,per_run_oof
qwen2p5_3b__math_test_00313_eb9feec2__temp0.10__seed7,0.3076762412513903,,14,per_run_oof
qwen2p5_3b__math_test_00313_eb9feec2__temp0.60__seed7,0.10835692146813523,,14,per_run_oof
qwen2p5_3b__math_test_00313_eb9feec2__temp1.00__seed7,0.0976090938449067,,14,per_run_oof
qwen2p5_3b__math_test_00314_1f87cb3d__temp0.10__seed7,0.33123962415094377,,14,per_run_oof
qwen2p5_3b__math_test_00314_1f87cb3d__temp0.60__seed7,0.3845365445828838,,14,per_run_oof
qwen2p5_3b__math_test_00314_1f87cb3d__temp1.00__seed7,0.2578642666719384,,14,per_run_oof
qwen2p5_3b__math_test_00315_df923cac__temp0.10__seed7,0.4313810847613084,,14,per_run_oof
qwen2p5_3b__math_test_00315_df923cac__temp0.60__seed7,0.45997126495553536,,14,per_run_oof
qwen2p5_3b__math_test_00315_df923cac__temp1.00__seed7,0.42758424951601076,,14,per_run_oof
qwen2p5_3b__math_test_00316_d871c684__temp0.10__seed7,0.3015444277400244,,14,per_run_oof
qwen2p5_3b__math_test_00316_d871c684__temp0.60__seed7,0.11748620689404331,1.0,14,per_run_oof
qwen2p5_3b__math_test_00316_d871c684__temp1.00__seed7,0.20506638018887097,,14,per_run_oof
qwen2p5_3b__math_test_00317_e0ee33c8__temp0.10__seed7,0.023902270565564637,,14,per_run_oof
qwen2p5_3b__math_test_00317_e0ee33c8__temp0.60__seed7,0.12532425557802232,,14,per_run_oof
qwen2p5_3b__math_test_00317_e0ee33c8__temp1.00__seed7,0.048440132782180303,,14,per_run_oof
qwen2p5_3b__math_test_00318_126e857a__temp0.10__seed7,0.4772888791520988,,14,per_run_oof
qwen2p5_3b__math_test_00318_126e857a__temp0.60__seed7,0.3953318028269246,,14,per_run_oof
qwen2p5_3b__math_test_00318_126e857a__temp1.00__seed7,0.4965001645153415,,14,per_run_oof
qwen2p5_3b__math_test_00319_dde9f260__temp0.10__seed7,0.11633395947409117,1.0,14,per_run_oof
qwen2p5_3b__math_test_00319_dde9f260__temp0.60__seed7,0.19442494751759556,,14,per_run_oof
qwen2p5_3b__math_test_00319_dde9f260__temp1.00__seed7,0.381005390061487,,14,per_run_oof
qwen2p5_3b__math_test_00320_e8f73851__temp0.10__seed7,0.30697334679609034,,14,per_run_oof
qwen2p5_3b__math_test_00320_e8f73851__temp0.60__seed7,0.16644275824681856,,14,per_run_oof
qwen2p5_3b__math_test_00320_e8f73851__temp1.00__seed7,0.3406106653216601,,14,per_run_oof
qwen2p5_3b__math_test_00321_bf799ecc__temp0.10__seed7,0.13196020825220975,1.0,14,per_run_oof
qwen2p5_3b__math_test_00321_bf799ecc__temp0.60__seed7,0.4624013313883214,,14,per_run_oof
qwen2p5_3b__math_test_00321_bf799ecc__temp1.00__seed7,0.08199373398588061,1.0,14,per_run_oof
qwen2p5_3b__math_test_00322_ee8eb9c1__temp0.10__seed7,0.12864649817464557,,14,per_run_oof
qwen2p5_3b__math_test_00322_ee8eb9c1__temp0.60__seed7,0.13692014437858369,0.8333333333333334,14,per_run_oof
qwen2p5_3b__math_test_00322_ee8eb9c1__temp1.00__seed7,0.12752912120403254,,14,per_run_oof
qwen2p5_3b__math_test_00323_372c2d59__temp0.10__seed7,0.10701488184629628,,14,per_run_oof
qwen2p5_3b__math_test_00323_372c2d59__temp0.60__seed7,0.39885300239044214,0.9583333333333333,14,per_run_oof
qwen2p5_3b__math_test_00323_372c2d59__temp1.00__seed7,0.0659674183110316,,14,per_run_oof
qwen2p5_3b__math_test_00324_5d4902ec__temp0.10__seed7,0.0793507927307681,,14,per_run_oof
qwen2p5_3b__math_test_00324_5d4902ec__temp0.60__seed7,0.28461608476937567,,14,per_run_oof
qwen2p5_3b__math_test_00324_5d4902ec__temp1.00__seed7,0.2818569602799464,,14,per_run_oof
qwen2p5_3b__math_test_00325_bf36a20b__temp0.10__seed7,0.3025583124056074,,14,per_run_oof
qwen2p5_3b__math_test_00325_bf36a20b__temp0.60__seed7,0.38501159068756874,,14,per_run_oof
qwen2p5_3b__math_test_00325_bf36a20b__temp1.00__seed7,0.3314960686315455,,14,per_run_oof
qwen2p5_3b__math_test_00326_2b3c488f__temp0.10__seed7,0.3971612485560461,,14,per_run_oof
qwen2p5_3b__math_test_00326_2b3c488f__temp0.60__seed7,0.10907126258433168,,14,per_run_oof
qwen2p5_3b__math_test_00326_2b3c488f__temp1.00__seed7,0.10755940041977854,,14,per_run_oof
qwen2p5_3b__math_test_00327_39c0048d__temp0.10__seed7,0.03433980782442172,,14,per_run_oof
qwen2p5_3b__math_test_00327_39c0048d__temp0.60__seed7,0.21906677602613897,,14,per_run_oof
qwen2p5_3b__math_test_00327_39c0048d__temp1.00__seed7,0.3854093180500831,,14,per_run_oof
qwen2p5_3b__math_test_00328_fd5fbe30__temp0.10__seed7,0.05640336347493522,,14,per_run_oof
qwen2p5_3b__math_test_00328_fd5fbe30__temp0.60__seed7,0.11069558248721793,,14,per_run_oof
qwen2p5_3b__math_test_00328_fd5fbe30__temp1.00__seed7,0.07039845213830864,,14,per_run_oof
qwen2p5_3b__math_test_00329_a0de4994__temp0.10__seed7,0.37271787308496906,1.0,14,per_run_oof
qwen2p5_3b__math_test_00329_a0de4994__temp0.60__seed7,0.1319620754829169,0.9393939393939394,14,per_run_oof
qwen2p5_3b__math_test_00329_a0de4994__temp1.00__seed7,0.10656695315581328,0.9230769230769231,14,per_run_oof
qwen2p5_3b__math_test_00330_45cea026__temp0.10__seed7,0.36200276625509714,,14,per_run_oof
qwen2p5_3b__math_test_00330_45cea026__temp0.60__seed7,0.3009121973159273,,14,per_run_oof
qwen2p5_3b__math_test_00330_45cea026__temp1.00__seed7,0.37040608073654335,,14,per_run_oof
qwen2p5_3b__math_test_00331_023902bd__temp0.10__seed7,0.12488154175658235,,14,per_run_oof
qwen2p5_3b__math_test_00331_023902bd__temp0.60__seed7,0.29847709470778916,,14,per_run_oof
qwen2p5_3b__math_test_00331_023902bd__temp1.00__seed7,0.4044453699074374,,14,per_run_oof
qwen2p5_3b__math_test_00332_5bacfa8c__temp0.10__seed7,0.2507658416023545,,14,per_run_oof
qwen2p5_3b__math_test_00332_5bacfa8c__temp0.60__seed7,0.2645176349119897,,14,per_run_oof
qwen2p5_3b__math_test_00332_5bacfa8c__temp1.00__seed7,0.057636509441012285,,14,per_run_oof
qwen2p5_3b__math_test_00333_a31e71a6__temp0.10__seed7,0.10753800481746668,,14,per_run_oof
qwen2p5_3b__math_test_00333_a31e71a6__temp0.60__seed7,0.15803859519330501,,14,per_run_oof
qwen2p5_3b__math_test_00333_a31e71a6__temp1.00__seed7,0.12250407715098728,,14,per_run_oof
qwen2p5_3b__math_test_00334_18dac264__temp0.10__seed7,0.23702909967151395,,14,per_run_oof
qwen2p5_3b__math_test_00334_18dac264__temp0.60__seed7,0.17706831856315114,,14,per_run_oof
qwen2p5_3b__math_test_00334_18dac264__temp1.00__seed7,0.09219228256234595,0.3846153846153846,14,per_run_oof
qwen2p5_3b__math_test_00335_fde40de4__temp0.10__seed7,0.39547649389126455,,14,per_run_oof
qwen2p5_3b__math_test_00335_fde40de4__temp0.60__seed7,0.14336709040879508,,14,per_run_oof
qwen2p5_3b__math_test_00335_fde40de4__temp1.00__seed7,0.31430439930777665,,14,per_run_oof
qwen2p5_3b__math_test_00336_0b4ea1e7__temp0.10__seed7,0.05599254621083592,,14,per_run_oof
qwen2p5_3b__math_test_00336_0b4ea1e7__temp0.60__seed7,0.06263010217153657,,14,per_run_oof
qwen2p5_3b__math_test_00336_0b4ea1e7__temp1.00__seed7,0.14770200589463897,,14,per_run_oof
qwen2p5_3b__math_test_00337_d02b019a__temp0.10__seed7,0.055607051850177336,,14,per_run_oof
qwen2p5_3b__math_test_00337_d02b019a__temp0.60__seed7,0.07163600829668719,,14,per_run_oof
qwen2p5_3b__math_test_00337_d02b019a__temp1.00__seed7,0.1323830610980756,,14,per_run_oof
qwen2p5_3b__math_test_00338_6b6d2c6b__temp0.10__seed7,0.204639358196355,,14,per_run_oof
qwen2p5_3b__math_test_00338_6b6d2c6b__temp0.60__seed7,0.16981217341550162,,14,per_run_oof
qwen2p5_3b__math_test_00338_6b6d2c6b__temp1.00__seed7,0.12379980375821399,0.6923076923076923,14,per_run_oof
qwen2p5_3b__math_test_00339_5722cb6d__temp0.10__seed7,0.05144259339466155,,14,per_run_oof
qwen2p5_3b__math_test_00339_5722cb6d__temp0.60__seed7,0.05734845147306505,,14,per_run_oof
qwen2p5_3b__math_test_00339_5722cb6d__temp1.00__seed7,0.042377036814029864,,14,per_run_oof
qwen2p5_3b__math_test_00340_c7e6fae6__temp0.10__seed7,0.2061446613779832,,14,per_run_oof
qwen2p5_3b__math_test_00340_c7e6fae6__temp0.60__seed7,0.23631333331655238,,14,per_run_oof
qwen2p5_3b__math_test_00340_c7e6fae6__temp1.00__seed7,0.3379025191039452,,14,per_run_oof
qwen2p5_3b__math_test_00341_0734d253__temp0.10__seed7,0.12055756279525763,,14,per_run_oof
qwen2p5_3b__math_test_00341_0734d253__temp0.60__seed7,0.11830505161862617,,14,per_run_oof
qwen2p5_3b__math_test_00341_0734d253__temp1.00__seed7,0.2161584562645655,,14,per_run_oof
qwen2p5_3b__math_test_00342_1bb3298f__temp0.10__seed7,0.18528631024621153,,14,per_run_oof
qwen2p5_3b__math_test_00342_1bb3298f__temp0.60__seed7,0.2718570879762248,,14,per_run_oof
qwen2p5_3b__math_test_00342_1bb3298f__temp1.00__seed7,0.23300648409066826,,14,per_run_oof
qwen2p5_3b__math_test_00343_e54f9ee1__temp0.10__seed7,0.28607272824569563,,14,per_run_oof
qwen2p5_3b__math_test_00343_e54f9ee1__temp0.60__seed7,0.12293726045945984,,14,per_run_oof
qwen2p5_3b__math_test_00343_e54f9ee1__temp1.00__seed7,0.18912804708739803,,14,per_run_oof
qwen2p5_3b__math_test_00344_64925ab7__temp0.10__seed7,0.29811927178076036,,14,per_run_oof
qwen2p5_3b__math_test_00344_64925ab7__temp0.60__seed7,0.24654613234047093,,14,per_run_oof
qwen2p5_3b__math_test_00344_64925ab7__temp1.00__seed7,0.17274861389420412,,14,per_run_oof
qwen2p5_3b__math_test_00345_6af61995__temp0.10__seed7,0.35261763766077053,,14,per_run_oof
qwen2p5_3b__math_test_00345_6af61995__temp0.60__seed7,0.39249736269689334,,14,per_run_oof
qwen2p5_3b__math_test_00345_6af61995__temp1.00__seed7,0.35123501291183257,,14,per_run_oof
qwen2p5_3b__math_test_00346_baa6122d__temp0.10__seed7,0.3107742667931265,,14,per_run_oof
qwen2p5_3b__math_test_00346_baa6122d__temp0.60__seed7,0.19702091508574185,0.8333333333333334,14,per_run_oof
qwen2p5_3b__math_test_00346_baa6122d__temp1.00__seed7,0.14305964501636897,0.875,14,per_run_oof
qwen2p5_3b__math_test_00347_a2f7bec0__temp0.10__seed7,0.34048796806819975,,14,per_run_oof
qwen2p5_3b__math_test_00347_a2f7bec0__temp0.60__seed7,0.3762294446399195,,14,per_run_oof
qwen2p5_3b__math_test_00347_a2f7bec0__temp1.00__seed7,0.2485433510356934,,14,per_run_oof
qwen2p5_3b__math_test_00348_86ddc3d0__temp0.10__seed7,0.19263826727653524,,14,per_run_oof
qwen2p5_3b__math_test_00348_86ddc3d0__temp0.60__seed7,0.20108125418361603,,14,per_run_oof
qwen2p5_3b__math_test_00348_86ddc3d0__temp1.00__seed7,0.1767142502996167,,14,per_run_oof
qwen2p5_3b__math_test_00349_b9d9a1ba__temp0.10__seed7,0.26158620963734697,1.0,14,per_run_oof
qwen2p5_3b__math_test_00349_b9d9a1ba__temp0.60__seed7,0.13248707640191934,0.9166666666666666,14,per_run_oof
qwen2p5_3b__math_test_00349_b9d9a1ba__temp1.00__seed7,0.21917856775070543,,14,per_run_oof
qwen2p5_3b__math_test_00350_02aacf73__temp0.10__seed7,0.15422234167437746,,14,per_run_oof
qwen2p5_3b__math_test_00350_02aacf73__temp0.60__seed7,0.339814565092531,,14,per_run_oof
qwen2p5_3b__math_test_00350_02aacf73__temp1.00__seed7,0.1321930242898833,,14,per_run_oof
qwen2p5_3b__math_test_00351_67aec9c5__temp0.10__seed7,0.36280664467777796,0.225,14,per_run_oof
qwen2p5_3b__math_test_00351_67aec9c5__temp0.60__seed7,0.3197475880394561,,14,per_run_oof
qwen2p5_3b__math_test_00351_67aec9c5__temp1.00__seed7,0.38777052182901783,,14,per_run_oof
qwen2p5_3b__math_test_00352_e74ba0fa__temp0.10__seed7,0.0502585464989135,,14,per_run_oof
qwen2p5_3b__math_test_00352_e74ba0fa__temp0.60__seed7,0.06858065858036393,,14,per_run_oof
qwen2p5_3b__math_test_00352_e74ba0fa__temp1.00__seed7,0.19147836967777215,,14,per_run_oof
qwen2p5_3b__math_test_00353_8c1deb6e__temp0.10__seed7,0.3045766516404368,,14,per_run_oof
qwen2p5_3b__math_test_00353_8c1deb6e__temp0.60__seed7,0.24510945526709652,,14,per_run_oof
qwen2p5_3b__math_test_00353_8c1deb6e__temp1.00__seed7,0.1578020374772011,,14,per_run_oof
qwen2p5_3b__math_test_00354_47b050a9__temp0.10__seed7,0.22255814583155278,,14,per_run_oof
qwen2p5_3b__math_test_00354_47b050a9__temp0.60__seed7,0.39033032877833646,,14,per_run_oof
qwen2p5_3b__math_test_00354_47b050a9__temp1.00__seed7,0.0652434456698519,,14,per_run_oof
qwen2p5_3b__math_test_00355_ec1c2c36__temp0.10__seed7,0.09760982313652881,1.0,14,per_run_oof
qwen2p5_3b__math_test_00355_ec1c2c36__temp0.60__seed7,0.11453574200257548,,14,per_run_oof
qwen2p5_3b__math_test_00355_ec1c2c36__temp1.00__seed7,0.09458230645999006,,14,per_run_oof
qwen2p5_3b__math_test_00356_f8a2ffc1__temp0.10__seed7,0.3139679786493551,,14,per_run_oof
qwen2p5_3b__math_test_00356_f8a2ffc1__temp0.60__seed7,0.43518012239339815,,14,per_run_oof
qwen2p5_3b__math_test_00356_f8a2ffc1__temp1.00__seed7,0.28346957333909784,,14,per_run_oof
qwen2p5_3b__math_test_00357_8a63afe5__temp0.10__seed7,0.18460629014532826,0.3846153846153846,14,per_run_oof
qwen2p5_3b__math_test_00357_8a63afe5__temp0.60__seed7,0.23252037821164584,0.07692307692307687,14,per_run_oof
qwen2p5_3b__math_test_00357_8a63afe5__temp1.00__seed7,0.26248926963921637,,14,per_run_oof
qwen2p5_3b__math_test_00358_76dfcccb__temp0.10__seed7,0.1758331940459162,,14,per_run_oof
qwen2p5_3b__math_test_00358_76dfcccb__temp0.60__seed7,0.3486820880728696,0.6666666666666667,14,per_run_oof
qwen2p5_3b__math_test_00358_76dfcccb__temp1.00__seed7,0.4505090860880471,0.65,14,per_run_oof
qwen2p5_3b__math_test_00359_f093fce4__temp0.10__seed7,0.2767273122843365,,14,per_run_oof
qwen2p5_3b__math_test_00359_f093fce4__temp0.60__seed7,0.377658429545991,,14,per_run_oof
qwen2p5_3b__math_test_00359_f093fce4__temp1.00__seed7,0.3272723699474335,,14,per_run_oof
qwen2p5_3b__math_test_00360_e7cc4a6f__temp0.10__seed7,0.3700207814233268,,14,per_run_oof
qwen2p5_3b__math_test_00360_e7cc4a6f__temp0.60__seed7,0.15820839006869333,,14,per_run_oof
qwen2p5_3b__math_test_00360_e7cc4a6f__temp1.00__seed7,0.39122467459484705,,14,per_run_oof
qwen2p5_3b__math_test_00361_e7fdc3ec__temp0.10__seed7,0.358713030016522,0.303030303030303,14,per_run_oof
qwen2p5_3b__math_test_00361_e7fdc3ec__temp0.60__seed7,0.1528239830417421,0.8666666666666667,14,per_run_oof
qwen2p5_3b__math_test_00361_e7fdc3ec__temp1.00__seed7,0.4000886840869447,,14,per_run_oof
qwen2p5_3b__math_test_00362_a3ec21a8__temp0.10__seed7,0.052113862700271775,,14,per_run_oof
qwen2p5_3b__math_test_00362_a3ec21a8__temp0.60__seed7,0.06348922244757285,,14,per_run_oof
qwen2p5_3b__math_test_00362_a3ec21a8__temp1.00__seed7,0.23976114693351924,,14,per_run_oof
qwen2p5_3b__math_test_00363_76d22eff__temp0.10__seed7,0.0905068076475314,,14,per_run_oof
qwen2p5_3b__math_test_00363_76d22eff__temp0.60__seed7,0.30808138056091383,,14,per_run_oof
qwen2p5_3b__math_test_00363_76d22eff__temp1.00__seed7,0.39238206461494257,0.303030303030303,14,per_run_oof
qwen2p5_3b__math_test_00364_48ea1907__temp0.10__seed7,0.28938652471512877,,14,per_run_oof
qwen2p5_3b__math_test_00364_48ea1907__temp0.60__seed7,0.26425512923309585,,14,per_run_oof
qwen2p5_3b__math_test_00364_48ea1907__temp1.00__seed7,0.19982296089655413,,14,per_run_oof
qwen2p5_3b__math_test_00365_ee443bc9__temp0.10__seed7,0.03617030055770414,,14,per_run_oof
qwen2p5_3b__math_test_00365_ee443bc9__temp0.60__seed7,0.020215082247055434,,14,per_run_oof
qwen2p5_3b__math_test_00365_ee443bc9__temp1.00__seed7,0.022749655969030332,,14,per_run_oof
qwen2p5_3b__math_test_00366_e4373bdd__temp0.10__seed7,0.09120765954992215,,14,per_run_oof
qwen2p5_3b__math_test_00366_e4373bdd__temp0.60__seed7,0.2317594987250697,,14,per_run_oof
qwen2p5_3b__math_test_00366_e4373bdd__temp1.00__seed7,0.07629260013519164,,14,per_run_oof
qwen2p5_3b__math_test_00367_f645536a__temp0.10__seed7,0.17811622219144999,,14,per_run_oof
qwen2p5_3b__math_test_00367_f645536a__temp0.60__seed7,0.3491839029133432,,14,per_run_oof
qwen2p5_3b__math_test_00367_f645536a__temp1.00__seed7,0.4358209515549758,,14,per_run_oof
qwen2p5_3b__math_test_00368_3ac511d2__temp0.10__seed7,0.1251328792897664,1.0,14,per_run_oof
qwen2p5_3b__math_test_00368_3ac511d2__temp0.60__seed7,0.4544389176048597,0.8484848484848485,14,per_run_oof
qwen2p5_3b__math_test_00368_3ac511d2__temp1.00__seed7,0.3182537015759964,1.0,14,per_run_oof
qwen2p5_3b__math_test_00369_598cca5b__temp0.10__seed7,0.05904265385013065,,14,per_run_oof
qwen2p5_3b__math_test_00369_598cca5b__temp0.60__seed7,0.12858314133021345,,14,per_run_oof
qwen2p5_3b__math_test_00369_598cca5b__temp1.00__seed7,0.23430557178727277,,14,per_run_oof
qwen2p5_3b__math_test_00370_ca991c57__temp0.10__seed7,0.31315843989242104,,14,per_run_oof
qwen2p5_3b__math_test_00370_ca991c57__temp0.60__seed7,0.3478116796176766,,14,per_run_oof
qwen2p5_3b__math_test_00370_ca991c57__temp1.00__seed7,0.44272319053133813,,14,per_run_oof
qwen2p5_3b__math_test_00371_2bd6f928__temp0.10__seed7,0.05657010395263294,,14,per_run_oof
qwen2p5_3b__math_test_00371_2bd6f928__temp0.60__seed7,0.2765593213959396,0.23076923076923073,14,per_run_oof
qwen2p5_3b__math_test_00371_2bd6f928__temp1.00__seed7,0.2558644583972112,0.07692307692307687,14,per_run_oof
qwen2p5_3b__math_test_00372_b7f23143__temp0.10__seed7,0.40503804689884937,,14,per_run_oof
qwen2p5_3b__math_test_00372_b7f23143__temp0.60__seed7,0.16389630146125783,0.9696969696969697,14,per_run_oof
qwen2p5_3b__math_test_00372_b7f23143__temp1.00__seed7,0.25496433637684335,,14,per_run_oof
qwen2p5_3b__math_test_00373_00badbcf__temp0.10__seed7,0.14720620595077244,0.696969696969697,14,per_run_oof
qwen2p5_3b__math_test_00373_00badbcf__temp0.60__seed7,0.09465253315653724,1.0,14,per_run_oof
qwen2p5_3b__math_test_00373_00badbcf__temp1.00__seed7,0.2905770274545309,0.875,14,per_run_oof
qwen2p5_3b__math_test_00374_6b1b63ff__temp0.10__seed7,0.22873507625630166,,14,per_run_oof
qwen2p5_3b__math_test_00374_6b1b63ff__temp0.60__seed7,0.4190127532515664,,14,per_run_oof
qwen2p5_3b__math_test_00374_6b1b63ff__temp1.00__seed7,0.4259731263778516,,14,per_run_oof
qwen2p5_3b__math_test_00375_150bb464__temp0.10__seed7,0.26725520794412283,,14,per_run_oof
qwen2p5_3b__math_test_00375_150bb464__temp0.60__seed7,0.28787437802073945,,14,per_run_oof
qwen2p5_3b__math_test_00375_150bb464__temp1.00__seed7,0.14278122063154194,1.0,14,per_run_oof
qwen2p5_3b__math_test_00376_61c1faed__temp0.10__seed7,0.35899888347063047,,14,per_run_oof
qwen2p5_3b__math_test_00376_61c1faed__temp0.60__seed7,0.33026792433736063,,14,per_run_oof
qwen2p5_3b__math_test_00376_61c1faed__temp1.00__seed7,0.33145826161375097,,14,per_run_oof
qwen2p5_3b__math_test_00377_5a155369__temp0.10__seed7,0.33736065746743377,,14,per_run_oof
qwen2p5_3b__math_test_00377_5a155369__temp0.60__seed7,0.4097819963352121,,14,per_run_oof
qwen2p5_3b__math_test_00377_5a155369__temp1.00__seed7,0.33325673784600907,,14,per_run_oof
qwen2p5_3b__math_test_00378_679ad820__temp0.10__seed7,0.10586341681559495,,14,per_run_oof
qwen2p5_3b__math_test_00378_679ad820__temp0.60__seed7,0.10292834573168204,,14,per_run_oof
qwen2p5_3b__math_test_00378_679ad820__temp1.00__seed7,0.03902574937188406,,14,per_run_oof
qwen2p5_3b__math_test_00379_47fb8717__temp0.10__seed7,0.44367591406793416,,14,per_run_oof
qwen2p5_3b__math_test_00379_47fb8717__temp0.60__seed7,0.23582909697272747,,14,per_run_oof
qwen2p5_3b__math_test_00379_47fb8717__temp1.00__seed7,0.26346500906344766,0.825,14,per_run_oof
qwen2p5_3b__math_test_00380_5f1641b4__temp0.10__seed7,0.26199129591644804,,14,per_run_oof
qwen2p5_3b__math_test_00380_5f1641b4__temp0.60__seed7,0.3428806944919061,,14,per_run_oof
qwen2p5_3b__math_test_00380_5f1641b4__temp1.00__seed7,0.320694824498791,,14,per_run_oof
qwen2p5_3b__math_test_00381_8df788ff__temp0.10__seed7,0.03717253937491209,,14,per_run_oof
qwen2p5_3b__math_test_00381_8df788ff__temp0.60__seed7,0.06469504541345987,,14,per_run_oof
qwen2p5_3b__math_test_00381_8df788ff__temp1.00__seed7,0.186949258155961,,14,per_run_oof
qwen2p5_3b__math_test_00382_38d763f6__temp0.10__seed7,0.3008016483189033,,14,per_run_oof
qwen2p5_3b__math_test_00382_38d763f6__temp0.60__seed7,0.23992403798728085,,14,per_run_oof
qwen2p5_3b__math_test_00382_38d763f6__temp1.00__seed7,0.13842807561104484,,14,per_run_oof
qwen2p5_3b__math_test_00383_08527b10__temp0.10__seed7,0.11240880973677077,,14,per_run_oof
qwen2p5_3b__math_test_00383_08527b10__temp0.60__seed7,0.5011911773582077,,14,per_run_oof
qwen2p5_3b__math_test_00383_08527b10__temp1.00__seed7,0.4161364306840857,,14,per_run_oof
qwen2p5_3b__math_test_00384_b0468733__temp0.10__seed7,0.20827148951828917,0.9166666666666666,14,per_run_oof
qwen2p5_3b__math_test_00384_b0468733__temp0.60__seed7,0.5081553106212154,,14,per_run_oof
qwen2p5_3b__math_test_00384_b0468733__temp1.00__seed7,0.1399975556053687,0.9,14,per_run_oof
qwen2p5_3b__math_test_00385_30dafe73__temp0.10__seed7,0.3542041178688204,,14,per_run_oof
qwen2p5_3b__math_test_00385_30dafe73__temp0.60__seed7,0.28353854530427663,,14,per_run_oof
qwen2p5_3b__math_test_00385_30dafe73__temp1.00__seed7,0.241636968178199,,14,per_run_oof
qwen2p5_3b__math_test_00386_07310b54__temp0.10__seed7,0.05971437948370599,,14,per_run_oof
qwen2p5_3b__math_test_00386_07310b54__temp0.60__seed7,0.06013925417302436,,14,per_run_oof
qwen2p5_3b__math_test_00386_07310b54__temp1.00__seed7,0.03083325633215443,,14,per_run_oof
qwen2p5_3b__math_test_00387_17210adf__temp0.10__seed7,0.14508125845558917,,14,per_run_oof
qwen2p5_3b__math_test_00387_17210adf__temp0.60__seed7,0.1280641325631168,,14,per_run_oof
qwen2p5_3b__math_test_00387_17210adf__temp1.00__seed7,0.0719092992811207,,14,per_run_oof
qwen2p5_3b__math_test_00388_11e6a957__temp0.10__seed7,0.3438727697199538,0.5416666666666667,14,per_run_oof
qwen2p5_3b__math_test_00388_11e6a957__temp0.60__seed7,0.35623325526379845,,14,per_run_oof
qwen2p5_3b__math_test_00388_11e6a957__temp1.00__seed7,0.12114350952142601,1.0,14,per_run_oof
qwen2p5_3b__math_test_00389_a5faa9e5__temp0.10__seed7,0.43624426693289137,0.7272727272727273,14,per_run_oof
qwen2p5_3b__math_test_00389_a5faa9e5__temp0.60__seed7,0.36641281869323655,0.8787878787878788,14,per_run_oof
qwen2p5_3b__math_test_00389_a5faa9e5__temp1.00__seed7,0.14928814992420603,1.0,14,per_run_oof
qwen2p5_3b__math_test_00390_ea31a6ca__temp0.10__seed7,0.06946173795258463,,14,per_run_oof
qwen2p5_3b__math_test_00390_ea31a6ca__temp0.60__seed7,0.02999136426714507,,14,per_run_oof
qwen2p5_3b__math_test_00390_ea31a6ca__temp1.00__seed7,0.04996280474914962,,14,per_run_oof
qwen2p5_3b__math_test_00391_da45406a__temp0.10__seed7,0.34540070082702357,,14,per_run_oof
qwen2p5_3b__math_test_00391_da45406a__temp0.60__seed7,0.3796640028680244,,14,per_run_oof
qwen2p5_3b__math_test_00391_da45406a__temp1.00__seed7,0.3745724481583639,,14,per_run_oof
qwen2p5_3b__math_test_00392_5ec89a77__temp0.10__seed7,0.26078193165185815,,14,per_run_oof
qwen2p5_3b__math_test_00392_5ec89a77__temp0.60__seed7,0.09509850648445002,1.0,14,per_run_oof
qwen2p5_3b__math_test_00392_5ec89a77__temp1.00__seed7,0.08406519835934771,,14,per_run_oof
qwen2p5_3b__math_test_00393_b3a1a15f__temp0.10__seed7,0.09617309618610824,,14,per_run_oof
qwen2p5_3b__math_test_00393_b3a1a15f__temp0.60__seed7,0.09077118410489549,,14,per_run_oof
qwen2p5_3b__math_test_00393_b3a1a15f__temp1.00__seed7,0.0484308226641031,,14,per_run_oof
qwen2p5_3b__math_test_00394_372e8efa__temp0.10__seed7,0.2581627991894444,,14,per_run_oof
qwen2p5_3b__math_test_00394_372e8efa__temp0.60__seed7,0.08741584394313422,,14,per_run_oof
qwen2p5_3b__math_test_00394_372e8efa__temp1.00__seed7,0.2536280643178289,,14,per_run_oof
qwen2p5_3b__math_test_00395_71129ef0__temp0.10__seed7,0.26100137025993436,,14,per_run_oof
qwen2p5_3b__math_test_00395_71129ef0__temp0.60__seed7,0.15201512593276884,,14,per_run_oof
qwen2p5_3b__math_test_00395_71129ef0__temp1.00__seed7,0.26368104425369415,,14,per_run_oof
qwen2p5_3b__math_test_00396_ba3bcd56__temp0.10__seed7,0.0868982085032758,,14,per_run_oof
qwen2p5_3b__math_test_00396_ba3bcd56__temp0.60__seed7,0.16112167071413425,,14,per_run_oof
qwen2p5_3b__math_test_00396_ba3bcd56__temp1.00__seed7,0.15437081828068852,,14,per_run_oof
qwen2p5_3b__math_test_00397_92c7504a__temp0.10__seed7,0.10459816383192784,,14,per_run_oof
qwen2p5_3b__math_test_00397_92c7504a__temp0.60__seed7,0.10454184674425382,,14,per_run_oof
qwen2p5_3b__math_test_00397_92c7504a__temp1.00__seed7,0.13848408797262976,,14,per_run_oof
qwen2p5_3b__math_test_00398_23079a25__temp0.10__seed7,0.09494511524655855,,14,per_run_oof
qwen2p5_3b__math_test_00398_23079a25__temp0.60__seed7,0.08298431309289155,,14,per_run_oof
qwen2p5_3b__math_test_00398_23079a25__temp1.00__seed7,0.28304270270580345,,14,per_run_oof
qwen2p5_3b__math_test_00399_efffa141__temp0.10__seed7,0.1128075630679892,0.9183673469387755,14,per_run_oof
qwen2p5_3b__math_test_00399_efffa141__temp0.60__seed7,0.24084024709472535,0.3846153846153846,14,per_run_oof
qwen2p5_3b__math_test_00399_efffa141__temp1.00__seed7,0.21309981906598927,0.0,14,per_run_oof
qwen2p5_3b__math_test_00400_8f10146b__temp0.10__seed7,0.12262565417701639,,14,per_run_oof
qwen2p5_3b__math_test_00400_8f10146b__temp0.60__seed7,0.34095509086939246,0.7575757575757577,14,per_run_oof
qwen2p5_3b__math_test_00400_8f10146b__temp1.00__seed7,0.3664919415869167,,14,per_run_oof
qwen2p5_3b__math_test_00401_62859aeb__temp0.10__seed7,0.13228742454547818,,14,per_run_oof
qwen2p5_3b__math_test_00401_62859aeb__temp0.60__seed7,0.117427846349741,,14,per_run_oof
qwen2p5_3b__math_test_00401_62859aeb__temp1.00__seed7,0.33095539193752543,,14,per_run_oof
qwen2p5_3b__math_test_00402_d12fb851__temp0.10__seed7,0.25333933595444796,,14,per_run_oof
qwen2p5_3b__math_test_00402_d12fb851__temp0.60__seed7,0.4295657511701966,,14,per_run_oof
qwen2p5_3b__math_test_00402_d12fb851__temp1.00__seed7,0.3202201494378743,,14,per_run_oof
qwen2p5_3b__math_test_00403_11b3b101__temp0.10__seed7,0.09882583427544152,,14,per_run_oof
qwen2p5_3b__math_test_00403_11b3b101__temp0.60__seed7,0.05842011749733075,,14,per_run_oof
qwen2p5_3b__math_test_00403_11b3b101__temp1.00__seed7,0.0691210657520382,,14,per_run_oof
qwen2p5_3b__math_test_00404_da55437b__temp0.10__seed7,0.09452680561992692,1.0,14,per_run_oof
qwen2p5_3b__math_test_00404_da55437b__temp0.60__seed7,0.27102354175953697,,14,per_run_oof
qwen2p5_3b__math_test_00404_da55437b__temp1.00__seed7,0.42594087227138805,,14,per_run_oof
qwen2p5_3b__math_test_00405_668162f1__temp0.10__seed7,0.20605186899920622,1.0,14,per_run_oof
qwen2p5_3b__math_test_00405_668162f1__temp0.60__seed7,0.11700757994944479,1.0,14,per_run_oof
qwen2p5_3b__math_test_00405_668162f1__temp1.00__seed7,0.35554202013057423,,14,per_run_oof
qwen2p5_3b__math_test_00406_895adc35__temp0.10__seed7,0.39315314707918836,,14,per_run_oof
qwen2p5_3b__math_test_00406_895adc35__temp0.60__seed7,0.38879748410000425,,14,per_run_oof
qwen2p5_3b__math_test_00406_895adc35__temp1.00__seed7,0.30157416347152843,,14,per_run_oof
qwen2p5_3b__math_test_00407_21645a77__temp0.10__seed7,0.4264490634478574,0.4545454545454546,14,per_run_oof
qwen2p5_3b__math_test_00407_21645a77__temp0.60__seed7,0.06610359103906933,,14,per_run_oof
qwen2p5_3b__math_test_00407_21645a77__temp1.00__seed7,0.11631542754993485,,14,per_run_oof
qwen2p5_3b__math_test_00408_72a21fce__temp0.10__seed7,0.14587297625765666,1.0,14,per_run_oof
qwen2p5_3b__math_test_00408_72a21fce__temp0.60__seed7,0.19843775106381667,0.8333333333333334,14,per_run_oof
qwen2p5_3b__math_test_00408_72a21fce__temp1.00__seed7,0.15153038737304825,0.8461538461538461,14,per_run_oof
qwen2p5_3b__math_test_00409_2cbb5151__temp0.10__seed7,0.015809420185392914,,14,per_run_oof
qwen2p5_3b__math_test_00409_2cbb5151__temp0.60__seed7,0.04304381528624094,,14,per_run_oof
qwen2p5_3b__math_test_00409_2cbb5151__temp1.00__seed7,0.27213428249285415,,14,per_run_oof
qwen2p5_3b__math_test_00410_6885282d__temp0.10__seed7,0.007737598408676054,,14,per_run_oof
qwen2p5_3b__math_test_00410_6885282d__temp0.60__seed7,0.0902889279458143,,14,per_run_oof
qwen2p5_3b__math_test_00410_6885282d__temp1.00__seed7,0.24797969817376822,,14,per_run_oof
qwen2p5_3b__math_test_00411_6f5d00d6__temp0.10__seed7,0.321656392842861,,14,per_run_oof
qwen2p5_3b__math_test_00411_6f5d00d6__temp0.60__seed7,0.3079692995562776,,14,per_run_oof
qwen2p5_3b__math_test_00411_6f5d00d6__temp1.00__seed7,0.42469784041167075,,14,per_run_oof
qwen2p5_3b__math_test_00412_403b3454__temp0.10__seed7,0.09200518912883325,,14,per_run_oof
qwen2p5_3b__math_test_00412_403b3454__temp0.60__seed7,0.04870693165320896,,14,per_run_oof
qwen2p5_3b__math_test_00412_403b3454__temp1.00__seed7,0.24069257923965554,,14,per_run_oof
qwen2p5_3b__math_test_00413_a79cadf3__temp0.10__seed7,0.2889549630359502,,14,per_run_oof
qwen2p5_3b__math_test_00413_a79cadf3__temp0.60__seed7,0.37242352676689183,,14,per_run_oof
qwen2p5_3b__math_test_00413_a79cadf3__temp1.00__seed7,0.1643139665503736,,14,per_run_oof
qwen2p5_3b__math_test_00414_f8b3d5f2__temp0.10__seed7,0.09834343893198792,,14,per_run_oof
qwen2p5_3b__math_test_00414_f8b3d5f2__temp0.60__seed7,0.08700210806406207,,14,per_run_oof
qwen2p5_3b__math_test_00414_f8b3d5f2__temp1.00__seed7,0.24019827568912788,,14,per_run_oof
qwen2p5_3b__math_test_00415_df5709ae__temp0.10__seed7,0.21904777128628047,,14,per_run_oof
qwen2p5_3b__math_test_00415_df5709ae__temp0.60__seed7,0.07709921356081197,,14,per_run_oof
qwen2p5_3b__math_test_00415_df5709ae__temp1.00__seed7,0.10799804150927918,,14,per_run_oof
qwen2p5_3b__math_test_00416_29223b4f__temp0.10__seed7,0.45683951522226945,0.7692307692307692,14,per_run_oof
qwen2p5_3b__math_test_00416_29223b4f__temp0.60__seed7,0.14083857983348697,1.0,14,per_run_oof
qwen2p5_3b__math_test_00416_29223b4f__temp1.00__seed7,0.3302045075537304,,14,per_run_oof
qwen2p5_3b__math_test_00417_f378f07d__temp0.10__seed7,0.11672108183251868,1.0,14,per_run_oof
qwen2p5_3b__math_test_00417_f378f07d__temp0.60__seed7,0.3319160893825323,1.0,14,per_run_oof
qwen2p5_3b__math_test_00417_f378f07d__temp1.00__seed7,0.1575581582837254,,14,per_run_oof
qwen2p5_3b__math_test_00418_452dc872__temp0.10__seed7,0.030093928935408104,,14,per_run_oof
qwen2p5_3b__math_test_00418_452dc872__temp0.60__seed7,0.17613916593248666,,14,per_run_oof
qwen2p5_3b__math_test_00418_452dc872__temp1.00__seed7,0.04126738102169624,,14,per_run_oof
qwen2p5_3b__math_test_00419_dadaee3f__temp0.10__seed7,0.04594257427058491,,14,per_run_oof
qwen2p5_3b__math_test_00419_dadaee3f__temp0.60__seed7,0.4421833110201135,0.925,14,per_run_oof
qwen2p5_3b__math_test_00419_dadaee3f__temp1.00__seed7,0.2915077848698481,,14,per_run_oof
qwen2p5_3b__math_test_00420_ecd5f88d__temp0.10__seed7,0.30769550784766225,0.4166666666666667,14,per_run_oof
qwen2p5_3b__math_test_00420_ecd5f88d__temp0.60__seed7,0.1358963237484702,0.9583333333333333,14,per_run_oof
qwen2p5_3b__math_test_00420_ecd5f88d__temp1.00__seed7,0.33055264771149717,,14,per_run_oof
qwen2p5_3b__math_test_00421_c2187615__temp0.10__seed7,0.16708602347512128,,14,per_run_oof
qwen2p5_3b__math_test_00421_c2187615__temp0.60__seed7,0.26949648018373173,,14,per_run_oof
qwen2p5_3b__math_test_00421_c2187615__temp1.00__seed7,0.32189996776944774,,14,per_run_oof
qwen2p5_3b__math_test_00422_fec8190b__temp0.10__seed7,0.14739227848990355,,14,per_run_oof
qwen2p5_3b__math_test_00422_fec8190b__temp0.60__seed7,0.032745687616697806,,14,per_run_oof
qwen2p5_3b__math_test_00422_fec8190b__temp1.00__seed7,0.16223242066083848,,14,per_run_oof
qwen2p5_3b__math_test_00423_19a18675__temp0.10__seed7,0.16384659922436615,,14,per_run_oof
qwen2p5_3b__math_test_00423_19a18675__temp0.60__seed7,0.12307428633080666,,14,per_run_oof
qwen2p5_3b__math_test_00423_19a18675__temp1.00__seed7,0.0750109724163758,,14,per_run_oof
qwen2p5_3b__math_test_00424_4db9759a__temp0.10__seed7,0.06671132443894348,,14,per_run_oof
qwen2p5_3b__math_test_00424_4db9759a__temp0.60__seed7,0.1960289207370572,,14,per_run_oof
qwen2p5_3b__math_test_00424_4db9759a__temp1.00__seed7,0.10594204225322966,,14,per_run_oof
qwen2p5_3b__math_test_00425_88cd35aa__temp0.10__seed7,0.07907638427753916,,14,per_run_oof
qwen2p5_3b__math_test_00425_88cd35aa__temp0.60__seed7,0.27253430473050716,0.9696969696969697,14,per_run_oof
qwen2p5_3b__math_test_00425_88cd35aa__temp1.00__seed7,0.22456607266744796,,14,per_run_oof
qwen2p5_3b__math_test_00426_206b8557__temp0.10__seed7,0.4909157344923884,,14,per_run_oof
qwen2p5_3b__math_test_00426_206b8557__temp0.60__seed7,0.4178969157918451,,14,per_run_oof
qwen2p5_3b__math_test_00426_206b8557__temp1.00__seed7,0.38726174894164656,,14,per_run_oof
qwen2p5_3b__math_test_00427_f158b2bb__temp0.10__seed7,0.04434973738737914,,14,per_run_oof
qwen2p5_3b__math_test_00427_f158b2bb__temp0.60__seed7,0.08791000446424099,,14,per_run_oof
qwen2p5_3b__math_test_00427_f158b2bb__temp1.00__seed7,0.11516899116507309,,14,per_run_oof
qwen2p5_3b__math_test_00428_ecc1932f__temp0.10__seed7,0.0886002741981604,,14,per_run_oof
qwen2p5_3b__math_test_00428_ecc1932f__temp0.60__seed7,0.20437026404592729,,14,per_run_oof
qwen2p5_3b__math_test_00428_ecc1932f__temp1.00__seed7,0.14592939892875068,,14,per_run_oof
qwen2p5_3b__math_test_00429_0ed0c936__temp0.10__seed7,0.3731391011727347,,14,per_run_oof
qwen2p5_3b__math_test_00429_0ed0c936__temp0.60__seed7,0.11540365338287381,,14,per_run_oof
qwen2p5_3b__math_test_00429_0ed0c936__temp1.00__seed7,0.2964063724261065,1.0,14,per_run_oof
qwen2p5_3b__math_test_00430_28f71d47__temp0.10__seed7,0.3626155862638494,,14,per_run_oof
qwen2p5_3b__math_test_00430_28f71d47__temp0.60__seed7,0.3327924885482259,,14,per_run_oof
qwen2p5_3b__math_test_00430_28f71d47__temp1.00__seed7,0.2810870380040417,0.5454545454545454,14,per_run_oof
qwen2p5_3b__math_test_00431_a332c76b__temp0.10__seed7,0.08884688706108072,,14,per_run_oof
qwen2p5_3b__math_test_00431_a332c76b__temp0.60__seed7,0.11506722486598453,,14,per_run_oof
qwen2p5_3b__math_test_00431_a332c76b__temp1.00__seed7,0.0818416634009377,,14,per_run_oof
qwen2p5_3b__math_test_00432_f6edb398__temp0.10__seed7,0.3244228712717043,,14,per_run_oof
qwen2p5_3b__math_test_00432_f6edb398__temp0.60__seed7,0.17219172496036547,1.0,14,per_run_oof
qwen2p5_3b__math_test_00432_f6edb398__temp1.00__seed7,0.38004285003723587,,14,per_run_oof
qwen2p5_3b__math_test_00433_25f606a1__temp0.10__seed7,0.17281673234982822,1.0,14,per_run_oof
qwen2p5_3b__math_test_00433_25f606a1__temp0.60__seed7,0.15534648648738578,0.9230769230769231,14,per_run_oof
qwen2p5_3b__math_test_00433_25f606a1__temp1.00__seed7,0.31005610983401866,0.6153846153846154,14,per_run_oof
qwen2p5_3b__math_test_00434_ad11ec3c__temp0.10__seed7,0.13053434055939173,,14,per_run_oof
qwen2p5_3b__math_test_00434_ad11ec3c__temp0.60__seed7,0.22123070493949168,,14,per_run_oof
qwen2p5_3b__math_test_00434_ad11ec3c__temp1.00__seed7,0.14061703009816712,,14,per_run_oof
qwen2p5_3b__math_test_00435_c222bfff__temp0.10__seed7,0.21724121173364147,1.0,14,per_run_oof
qwen2p5_3b__math_test_00435_c222bfff__temp0.60__seed7,0.18817667452430137,1.0,14,per_run_oof
qwen2p5_3b__math_test_00435_c222bfff__temp1.00__seed7,0.10851981705855994,0.9583333333333333,14,per_run_oof
qwen2p5_3b__math_test_00436_c183974b__temp0.10__seed7,0.07655748030710155,,14,per_run_oof
qwen2p5_3b__math_test_00436_c183974b__temp0.60__seed7,0.05588730856453328,,14,per_run_oof
qwen2p5_3b__math_test_00436_c183974b__temp1.00__seed7,0.05508139449009432,,14,per_run_oof
qwen2p5_3b__math_test_00437_07c4cf7f__temp0.10__seed7,0.4061218029053401,,14,per_run_oof
qwen2p5_3b__math_test_00437_07c4cf7f__temp0.60__seed7,0.2523666256779465,0.775,14,per_run_oof
qwen2p5_3b__math_test_00437_07c4cf7f__temp1.00__seed7,0.14169240051791285,0.9230769230769231,14,per_run_oof
qwen2p5_3b__math_test_00438_ea332f2c__temp0.10__seed7,0.07321976518808516,,14,per_run_oof
qwen2p5_3b__math_test_00438_ea332f2c__temp0.60__seed7,0.05140015704157448,,14,per_run_oof
qwen2p5_3b__math_test_00438_ea332f2c__temp1.00__seed7,0.11314812157188929,,14,per_run_oof
qwen2p5_3b__math_test_00439_fe7d8b6b__temp0.10__seed7,0.31153663548168137,,14,per_run_oof
qwen2p5_3b__math_test_00439_fe7d8b6b__temp0.60__seed7,0.3998274350647032,,14,per_run_oof
qwen2p5_3b__math_test_00439_fe7d8b6b__temp1.00__seed7,0.41810569812370574,,14,per_run_oof
qwen2p5_3b__math_test_00440_941bd991__temp0.10__seed7,0.1954476666339379,0.0,14,per_run_oof
qwen2p5_3b__math_test_00440_941bd991__temp0.60__seed7,0.031110261703511864,,14,per_run_oof
qwen2p5_3b__math_test_00440_941bd991__temp1.00__seed7,0.23652513684754645,,14,per_run_oof
qwen2p5_3b__math_test_00441_d2f5328b__temp0.10__seed7,0.04587186902841635,,14,per_run_oof
qwen2p5_3b__math_test_00441_d2f5328b__temp0.60__seed7,0.05297614048968801,,14,per_run_oof
qwen2p5_3b__math_test_00441_d2f5328b__temp1.00__seed7,0.1381087901567982,,14,per_run_oof
qwen2p5_3b__math_test_00442_2d9f4473__temp0.10__seed7,0.1781557740993566,,14,per_run_oof
qwen2p5_3b__math_test_00442_2d9f4473__temp0.60__seed7,0.10513347755070215,,14,per_run_oof
qwen2p5_3b__math_test_00442_2d9f4473__temp1.00__seed7,0.3191782665782444,,14,per_run_oof
qwen2p5_3b__math_test_00443_e86eb3e6__temp0.10__seed7,0.4623888099899431,,14,per_run_oof
qwen2p5_3b__math_test_00443_e86eb3e6__temp0.60__seed7,0.12091536962387836,,14,per_run_oof
qwen2p5_3b__math_test_00443_e86eb3e6__temp1.00__seed7,0.07502416266523645,,14,per_run_oof
qwen2p5_3b__math_test_00444_8230401f__temp0.10__seed7,0.4286231521102716,,14,per_run_oof
qwen2p5_3b__math_test_00444_8230401f__temp0.60__seed7,0.47757691600926766,,14,per_run_oof
qwen2p5_3b__math_test_00444_8230401f__temp1.00__seed7,0.2751331720013105,,14,per_run_oof
qwen2p5_3b__math_test_00445_295567c6__temp0.10__seed7,0.21040990326851158,,14,per_run_oof
qwen2p5_3b__math_test_00445_295567c6__temp0.60__seed7,0.09394517724637622,,14,per_run_oof
qwen2p5_3b__math_test_00445_295567c6__temp1.00__seed7,0.049280590712225424,,14,per_run_oof
qwen2p5_3b__math_test_00446_54f3a4b2__temp0.10__seed7,0.13991722008278176,,14,per_run_oof
qwen2p5_3b__math_test_00446_54f3a4b2__temp0.60__seed7,0.3145460829323144,,14,per_run_oof
qwen2p5_3b__math_test_00446_54f3a4b2__temp1.00__seed7,0.39361818180061353,,14,per_run_oof
qwen2p5_3b__math_test_00447_716decc2__temp0.10__seed7,0.2540789395665473,0.5208333333333333,14,per_run_oof
qwen2p5_3b__math_test_00447_716decc2__temp0.60__seed7,0.32584798187170894,1.0,14,per_run_oof
qwen2p5_3b__math_test_00447_716decc2__temp1.00__seed7,0.09325258583363404,1.0,14,per_run_oof
qwen2p5_3b__math_test_00448_7dbbd02d__temp0.10__seed7,0.17041255015574627,,14,per_run_oof
qwen2p5_3b__math_test_00448_7dbbd02d__temp0.60__seed7,0.32182529214697003,,14,per_run_oof
qwen2p5_3b__math_test_00448_7dbbd02d__temp1.00__seed7,0.3854275243276545,,14,per_run_oof
qwen2p5_3b__math_test_00449_2f12a8b9__temp0.10__seed7,0.2526368596583825,,14,per_run_oof
qwen2p5_3b__math_test_00449_2f12a8b9__temp0.60__seed7,0.2097860328913008,,14,per_run_oof
qwen2p5_3b__math_test_00449_2f12a8b9__temp1.00__seed7,0.08983792656904506,,14,per_run_oof
qwen2p5_3b__math_test_00450_2fb65375__temp0.10__seed7,0.32607540399770013,,14,per_run_oof
qwen2p5_3b__math_test_00450_2fb65375__temp0.60__seed7,0.4346287858692217,,14,per_run_oof
qwen2p5_3b__math_test_00450_2fb65375__temp1.00__seed7,0.3890061545813767,,14,per_run_oof
qwen2p5_3b__math_test_00451_daefed59__temp0.10__seed7,0.2427577959394056,,14,per_run_oof
qwen2p5_3b__math_test_00451_daefed59__temp0.60__seed7,0.425332009840962,,14,per_run_oof
qwen2p5_3b__math_test_00451_daefed59__temp1.00__seed7,0.4025879908309754,,14,per_run_oof
qwen2p5_3b__math_test_00452_0a6f0014__temp0.10__seed7,0.45003536863891147,,14,per_run_oof
qwen2p5_3b__math_test_00452_0a6f0014__temp0.60__seed7,0.4055812240658492,,14,per_run_oof
qwen2p5_3b__math_test_00452_0a6f0014__temp1.00__seed7,0.32891228304815473,0.4,14,per_run_oof
qwen2p5_3b__math_test_00453_e4690c39__temp0.10__seed7,0.31269533163051516,,14,per_run_oof
qwen2p5_3b__math_test_00453_e4690c39__temp0.60__seed7,0.32789759401968654,0.07692307692307687,14,per_run_oof
qwen2p5_3b__math_test_00453_e4690c39__temp1.00__seed7,0.2824384934902982,,14,per_run_oof
qwen2p5_3b__math_test_00454_393f3656__temp0.10__seed7,0.3306850074247417,,14,per_run_oof
qwen2p5_3b__math_test_00454_393f3656__temp0.60__seed7,0.08324971891663388,,14,per_run_oof
qwen2p5_3b__math_test_00454_393f3656__temp1.00__seed7,0.2262801240173435,0.7083333333333334,14,per_run_oof
qwen2p5_3b__math_test_00455_23844847__temp0.10__seed7,0.28555105107327344,,14,per_run_oof
qwen2p5_3b__math_test_00455_23844847__temp0.60__seed7,0.3166497619877023,,14,per_run_oof
qwen2p5_3b__math_test_00455_23844847__temp1.00__seed7,0.06370092317549296,,14,per_run_oof
qwen2p5_3b__math_test_00456_e4200fbf__temp0.10__seed7,0.13628618333745007,,14,per_run_oof
qwen2p5_3b__math_test_00456_e4200fbf__temp0.60__seed7,0.3121962101242209,,14,per_run_oof
qwen2p5_3b__math_test_00456_e4200fbf__temp1.00__seed7,0.2565945319411885,,14,per_run_oof
qwen2p5_3b__math_test_00457_5330f4b3__temp0.10__seed7,0.42192815482302126,,14,per_run_oof
qwen2p5_3b__math_test_00457_5330f4b3__temp0.60__seed7,0.33565939485108365,,14,per_run_oof
qwen2p5_3b__math_test_00457_5330f4b3__temp1.00__seed7,0.30213656907778536,,14,per_run_oof
qwen2p5_3b__math_test_00458_4085c1eb__temp0.10__seed7,0.14406540101966026,0.9,14,per_run_oof
qwen2p5_3b__math_test_00458_4085c1eb__temp0.60__seed7,0.11378900483496748,,14,per_run_oof
qwen2p5_3b__math_test_00458_4085c1eb__temp1.00__seed7,0.34954389362504795,1.0,14,per_run_oof
qwen2p5_3b__math_test_00459_3b21e715__temp0.10__seed7,0.06560497532125145,,14,per_run_oof
qwen2p5_3b__math_test_00459_3b21e715__temp0.60__seed7,0.05995963437629311,,14,per_run_oof
qwen2p5_3b__math_test_00459_3b21e715__temp1.00__seed7,0.21966146202326398,,14,per_run_oof
qwen2p5_3b__math_test_00460_7d063370__temp0.10__seed7,0.2962532322906992,,14,per_run_oof
qwen2p5_3b__math_test_00460_7d063370__temp0.60__seed7,0.275335368942996,,14,per_run_oof
qwen2p5_3b__math_test_00460_7d063370__temp1.00__seed7,0.1981682989713849,,14,per_run_oof
qwen2p5_3b__math_test_00461_5e43f1cd__temp0.10__seed7,0.17286503137775738,0.9166666666666666,14,per_run_oof
qwen2p5_3b__math_test_00461_5e43f1cd__temp0.60__seed7,0.20091373047895658,0.75,14,per_run_oof
qwen2p5_3b__math_test_00461_5e43f1cd__temp1.00__seed7,0.1811206054219924,0.875,14,per_run_oof
qwen2p5_3b__math_test_00462_dd3cfaa0__temp0.10__seed7,0.05370172774466123,,14,per_run_oof
qwen2p5_3b__math_test_00462_dd3cfaa0__temp0.60__seed7,0.0767940305147087,,14,per_run_oof
qwen2p5_3b__math_test_00462_dd3cfaa0__temp1.00__seed7,0.2379372241487365,,14,per_run_oof
qwen2p5_3b__math_test_00463_bc52d545__temp0.10__seed7,0.31215085262587067,,14,per_run_oof
qwen2p5_3b__math_test_00463_bc52d545__temp0.60__seed7,0.43230472613352816,,14,per_run_oof
qwen2p5_3b__math_test_00463_bc52d545__temp1.00__seed7,0.29259776863497977,,14,per_run_oof
qwen2p5_3b__math_test_00464_979fe366__temp0.10__seed7,0.07413288172764569,,14,per_run_oof
qwen2p5_3b__math_test_00464_979fe366__temp0.60__seed7,0.050606009575536036,,14,per_run_oof
qwen2p5_3b__math_test_00464_979fe366__temp1.00__seed7,0.15483683988932162,,14,per_run_oof
qwen2p5_3b__math_test_00465_240ca4d8__temp0.10__seed7,0.2892511711904859,,14,per_run_oof
qwen2p5_3b__math_test_00465_240ca4d8__temp0.60__seed7,0.13648414042917847,,14,per_run_oof
qwen2p5_3b__math_test_00465_240ca4d8__temp1.00__seed7,0.2807637761431009,,14,per_run_oof
qwen2p5_3b__math_test_00466_b3ac660a__temp0.10__seed7,0.08140677855584387,,14,per_run_oof
qwen2p5_3b__math_test_00466_b3ac660a__temp0.60__seed7,0.10456592813964226,,14,per_run_oof
qwen2p5_3b__math_test_00466_b3ac660a__temp1.00__seed7,0.11663498614207495,,14,per_run_oof
qwen2p5_3b__math_test_00467_eaadd0bc__temp0.10__seed7,0.26277548914173227,0.7878787878787878,14,per_run_oof
qwen2p5_3b__math_test_00467_eaadd0bc__temp0.60__seed7,0.2861262411019614,0.0,14,per_run_oof
qwen2p5_3b__math_test_00467_eaadd0bc__temp1.00__seed7,0.13769949181054938,1.0,14,per_run_oof
qwen2p5_3b__math_test_00468_67c8ff7f__temp0.10__seed7,0.3240241885441173,,14,per_run_oof
qwen2p5_3b__math_test_00468_67c8ff7f__temp0.60__seed7,0.5274258320907502,,14,per_run_oof
qwen2p5_3b__math_test_00468_67c8ff7f__temp1.00__seed7,0.27511720408352197,,14,per_run_oof
qwen2p5_3b__math_test_00469_bfdb0295__temp0.10__seed7,0.09687393531671887,,14,per_run_oof
qwen2p5_3b__math_test_00469_bfdb0295__temp0.60__seed7,0.08094795309327416,,14,per_run_oof
qwen2p5_3b__math_test_00469_bfdb0295__temp1.00__seed7,0.12068131684210323,,14,per_run_oof
qwen2p5_3b__math_test_00470_5db3c51e__temp0.10__seed7,0.06422847714448847,,14,per_run_oof
qwen2p5_3b__math_test_00470_5db3c51e__temp0.60__seed7,0.04015731892588187,,14,per_run_oof
qwen2p5_3b__math_test_00470_5db3c51e__temp1.00__seed7,0.020366828504807782,,14,per_run_oof
qwen2p5_3b__math_test_00471_3d41e63d__temp0.10__seed7,0.05627900239336542,,14,per_run_oof
qwen2p5_3b__math_test_00471_3d41e63d__temp0.60__seed7,0.24326154359543223,,14,per_run_oof
qwen2p5_3b__math_test_00471_3d41e63d__temp1.00__seed7,0.2548603880483931,,14,per_run_oof
qwen2p5_3b__math_test_00472_4acb3f94__temp0.10__seed7,0.07857053880404817,,14,per_run_oof
qwen2p5_3b__math_test_00472_4acb3f94__temp0.60__seed7,0.05679574958282724,,14,per_run_oof
qwen2p5_3b__math_test_00472_4acb3f94__temp1.00__seed7,0.07071100976259749,,14,per_run_oof
qwen2p5_3b__math_test_00473_e294330c__temp0.10__seed7,0.22246112680976554,,14,per_run_oof
qwen2p5_3b__math_test_00473_e294330c__temp0.60__seed7,0.24013021072047103,1.0,14,per_run_oof
qwen2p5_3b__math_test_00473_e294330c__temp1.00__seed7,0.15709018302465924,0.8958333333333334,14,per_run_oof
qwen2p5_3b__math_test_00474_e8b47eda__temp0.10__seed7,0.24398296307357561,1.0,14,per_run_oof
qwen2p5_3b__math_test_00474_e8b47eda__temp0.60__seed7,0.3220771931154897,,14,per_run_oof
qwen2p5_3b__math_test_00474_e8b47eda__temp1.00__seed7,0.26049366865026047,,14,per_run_oof
qwen2p5_3b__math_test_00475_f189eb4d__temp0.10__seed7,0.43253475466411234,0.15384615384615385,14,per_run_oof
qwen2p5_3b__math_test_00475_f189eb4d__temp0.60__seed7,0.08929392176711816,1.0,14,per_run_oof
qwen2p5_3b__math_test_00475_f189eb4d__temp1.00__seed7,0.24387293036755173,0.5918367346938775,14,per_run_oof
qwen2p5_3b__math_test_00476_1c3d9d93__temp0.10__seed7,0.2722597968924253,0.16666666666666663,14,per_run_oof
qwen2p5_3b__math_test_00476_1c3d9d93__temp0.60__seed7,0.31663714783966335,0.6666666666666667,14,per_run_oof
qwen2p5_3b__math_test_00476_1c3d9d93__temp1.00__seed7,0.2504906657238163,,14,per_run_oof
qwen2p5_3b__math_test_00477_9c19e671__temp0.10__seed7,0.34182105916646954,,14,per_run_oof
qwen2p5_3b__math_test_00477_9c19e671__temp0.60__seed7,0.3567619236994474,,14,per_run_oof
qwen2p5_3b__math_test_00477_9c19e671__temp1.00__seed7,0.33600072436415634,,14,per_run_oof
qwen2p5_3b__math_test_00478_bde3ec32__temp0.10__seed7,0.10739440889844229,,14,per_run_oof
qwen2p5_3b__math_test_00478_bde3ec32__temp0.60__seed7,0.16727099598632827,,14,per_run_oof
qwen2p5_3b__math_test_00478_bde3ec32__temp1.00__seed7,0.21541691395179643,,14,per_run_oof
qwen2p5_3b__math_test_00479_aea5556d__temp0.10__seed7,0.08652274642357252,,14,per_run_oof
qwen2p5_3b__math_test_00479_aea5556d__temp0.60__seed7,0.05373953160265883,,14,per_run_oof
qwen2p5_3b__math_test_00479_aea5556d__temp1.00__seed7,0.31326546867178795,0.7916666666666667,14,per_run_oof
qwen2p5_3b__math_test_00480_fb9447b2__temp0.10__seed7,0.0758348384072151,,14,per_run_oof
qwen2p5_3b__math_test_00480_fb9447b2__temp0.60__seed7,0.06698170313799033,,14,per_run_oof
qwen2p5_3b__math_test_00480_fb9447b2__temp1.00__seed7,0.03080154355911578,,14,per_run_oof
qwen2p5_3b__math_test_00481_47b01624__temp0.10__seed7,0.07933307247088296,,14,per_run_oof
qwen2p5_3b__math_test_00481_47b01624__temp0.60__seed7,0.09219398984301148,,14,per_run_oof
qwen2p5_3b__math_test_00481_47b01624__temp1.00__seed7,0.049896358858033556,,14,per_run_oof
qwen2p5_3b__math_test_00482_84ec0b89__temp0.10__seed7,0.14411738814767197,,14,per_run_oof
qwen2p5_3b__math_test_00482_84ec0b89__temp0.60__seed7,0.05780257270641056,,14,per_run_oof
qwen2p5_3b__math_test_00482_84ec0b89__temp1.00__seed7,0.02618792131548615,,14,per_run_oof
qwen2p5_3b__math_test_00483_053f5644__temp0.10__seed7,0.11217411654799068,1.0,14,per_run_oof
qwen2p5_3b__math_test_00483_053f5644__temp0.60__seed7,0.18557868647438927,0.7692307692307693,14,per_run_oof
qwen2p5_3b__math_test_00483_053f5644__temp1.00__seed7,0.10204754695328229,1.0,14,per_run_oof
qwen2p5_3b__math_test_00484_f2cd6be7__temp0.10__seed7,0.098595067366367,,14,per_run_oof
qwen2p5_3b__math_test_00484_f2cd6be7__temp0.60__seed7,0.06443739178249677,,14,per_run_oof
qwen2p5_3b__math_test_00484_f2cd6be7__temp1.00__seed7,0.17579056026659776,,14,per_run_oof
qwen2p5_3b__math_test_00485_25a9bc12__temp0.10__seed7,0.13845800506020015,1.0,14,per_run_oof
qwen2p5_3b__math_test_00485_25a9bc12__temp0.60__seed7,0.2488877743528757,,14,per_run_oof
qwen2p5_3b__math_test_00485_25a9bc12__temp1.00__seed7,0.30695651912349403,,14,per_run_oof
qwen2p5_3b__math_test_00486_11e9a1ba__temp0.10__seed7,0.2777570373274834,0.5833333333333333,14,per_run_oof
qwen2p5_3b__math_test_00486_11e9a1ba__temp0.60__seed7,0.16418425856555244,,14,per_run_oof
qwen2p5_3b__math_test_00486_11e9a1ba__temp1.00__seed7,0.23142978013413845,0.7111111111111111,14,per_run_oof
qwen2p5_3b__math_test_00487_f5dafb4d__temp0.10__seed7,0.19633786853558585,0.625,14,per_run_oof
qwen2p5_3b__math_test_00487_f5dafb4d__temp0.60__seed7,0.39466991582425076,1.0,14,per_run_oof
qwen2p5_3b__math_test_00487_f5dafb4d__temp1.00__seed7,0.32336191396059144,,14,per_run_oof
qwen2p5_3b__math_test_00488_9e69b5fd__temp0.10__seed7,0.15997165195385948,,14,per_run_oof
qwen2p5_3b__math_test_00488_9e69b5fd__temp0.60__seed7,0.07255616932636488,,14,per_run_oof
qwen2p5_3b__math_test_00488_9e69b5fd__temp1.00__seed7,0.1545312782080857,,14,per_run_oof
qwen2p5_3b__math_test_00489_873b5ba3__temp0.10__seed7,0.47393389382372764,,14,per_run_oof
qwen2p5_3b__math_test_00489_873b5ba3__temp0.60__seed7,0.3979466363323998,,14,per_run_oof
qwen2p5_3b__math_test_00489_873b5ba3__temp1.00__seed7,0.36524576013475285,,14,per_run_oof
qwen2p5_3b__math_test_00490_548caf2b__temp0.10__seed7,0.029844525621077384,,14,per_run_oof
qwen2p5_3b__math_test_00490_548caf2b__temp0.60__seed7,0.03406881389604483,,14,per_run_oof
qwen2p5_3b__math_test_00490_548caf2b__temp1.00__seed7,0.04394369997957602,,14,per_run_oof
qwen2p5_3b__math_test_00491_323b91c4__temp0.10__seed7,0.3608477405946317,,14,per_run_oof
qwen2p5_3b__math_test_00491_323b91c4__temp0.60__seed7,0.20932695386253736,,14,per_run_oof
qwen2p5_3b__math_test_00491_323b91c4__temp1.00__seed7,0.4804653558653463,,14,per_run_oof
qwen2p5_3b__math_test_00492_c9945122__temp0.10__seed7,0.21289298806536783,,14,per_run_oof
qwen2p5_3b__math_test_00492_c9945122__temp0.60__seed7,0.2982707714110884,,14,per_run_oof
qwen2p5_3b__math_test_00492_c9945122__temp1.00__seed7,0.11732866476910683,,14,per_run_oof
qwen2p5_3b__math_test_00493_3f0c6e0c__temp0.10__seed7,0.13264515184321965,,14,per_run_oof
qwen2p5_3b__math_test_00493_3f0c6e0c__temp0.60__seed7,0.07277428356733458,0.7692307692307692,14,per_run_oof
qwen2p5_3b__math_test_00493_3f0c6e0c__temp1.00__seed7,0.12364775269739763,0.46153846153846156,14,per_run_oof
qwen2p5_3b__math_test_00494_b8d8e1ef__temp0.10__seed7,0.2194552776365733,,14,per_run_oof
qwen2p5_3b__math_test_00494_b8d8e1ef__temp0.60__seed7,0.3446809210118146,,14,per_run_oof
qwen2p5_3b__math_test_00494_b8d8e1ef__temp1.00__seed7,0.38273601291286635,,14,per_run_oof
qwen2p5_3b__math_test_00495_63ae400e__temp0.10__seed7,0.1420393128523366,,14,per_run_oof
qwen2p5_3b__math_test_00495_63ae400e__temp0.60__seed7,0.05647854055541792,,14,per_run_oof
qwen2p5_3b__math_test_00495_63ae400e__temp1.00__seed7,0.23790951842118235,,14,per_run_oof
qwen2p5_3b__math_test_00496_401665a3__temp0.10__seed7,0.24197505573309225,,14,per_run_oof
qwen2p5_3b__math_test_00496_401665a3__temp0.60__seed7,0.05227328600479897,,14,per_run_oof
qwen2p5_3b__math_test_00496_401665a3__temp1.00__seed7,0.235771510329943,,14,per_run_oof
qwen2p5_3b__math_test_00497_8d507426__temp0.10__seed7,0.1993257805283025,,14,per_run_oof
qwen2p5_3b__math_test_00497_8d507426__temp0.60__seed7,0.20504044746095904,,14,per_run_oof
qwen2p5_3b__math_test_00497_8d507426__temp1.00__seed7,0.26079710023175556,,14,per_run_oof
qwen2p5_3b__math_test_00498_743e3572__temp0.10__seed7,0.37735592719692096,,14,per_run_oof
qwen2p5_3b__math_test_00498_743e3572__temp0.60__seed7,0.32972304828170607,,14,per_run_oof
qwen2p5_3b__math_test_00498_743e3572__temp1.00__seed7,0.46506272759158446,,14,per_run_oof
qwen2p5_3b__math_test_00499_c3a514a9__temp0.10__seed7,0.3157560825625935,,14,per_run_oof
qwen2p5_3b__math_test_00499_c3a514a9__temp0.60__seed7,0.22141622846618914,0.696969696969697,14,per_run_oof
qwen2p5_3b__math_test_00499_c3a514a9__temp1.00__seed7,0.45164281061701417,,14,per_run_oof
__pooled__,0.21382545180316628,0.7281088836705701,21000,pooled_oof
