phase,temperature,seed,step,requested_batch_size,realized_batch_size,prompt_tokens,generated_tokens,wall_clock_seconds,examples_per_second,tokens_per_second,tokenize_seconds,generation_seconds,forward_seconds,postprocess_seconds,hidden_state_write_seconds,gpu_memory_allocated_gb,gpu_memory_reserved_gb,gpu_max_memory_allocated_gb,gpu_max_memory_reserved_gb,split_count,oom_retry_count
generate,0.1,7,1,1,1,207,128,12.975319559000127,0.07706939281556004,9.864882280391685,0.005186168999898655,12.641217137999774,0.31505537500015635,0.00806349200047407,0.0,17.940186500549316,18.1328125,17.99939203262329,18.1328125,1,0
generate,0.1,7,2,1,1,246,128,11.270622809000088,0.08872624139292959,11.356958898294987,0.001899038999908953,10.950944058999994,0.3141147659998751,0.003431834000366507,0.0,17.96926212310791,18.30859375,18.028467655181885,18.30859375,1,0
hidden_state_write,0.1,7,0,1,1,0,0,0.0006047550004950608,,,0.0,0.0,0.0,0.0,0.0006047550004950608,17.545766830444336,18.30859375,18.028467655181885,18.30859375,0,0
generate,0.1,7,1,1,1,206,128,11.299094461000095,0.08850266748823064,11.328341438493522,0.001854271000411245,10.984544625000126,0.3095005850000234,0.002963599999930011,0.0,17.940186500549316,18.30859375,17.99939203262329,18.30859375,1,0
generate,0.1,7,2,1,1,246,128,11.25289023500045,0.0888660583295879,11.37485546618725,0.0013904399993407424,10.949162653999338,0.2992282070008514,0.0029043229997114395,0.0,17.96926212310791,18.30859375,18.028467655181885,18.30859375,1,0
hidden_state_write,0.1,7,0,1,1,0,0,0.00024536699947930174,,,0.0,0.0,0.0,0.0,0.00024536699947930174,17.545766830444336,18.30859375,18.028467655181885,18.30859375,0,0
