phase,temperature,seed,step,requested_batch_size,realized_batch_size,prompt_tokens,generated_tokens,wall_clock_seconds,examples_per_second,tokens_per_second,tokenize_seconds,generation_seconds,forward_seconds,postprocess_seconds,hidden_state_write_seconds,gpu_memory_allocated_gb,gpu_memory_reserved_gb,gpu_max_memory_allocated_gb,gpu_max_memory_reserved_gb,split_count,oom_retry_count
generate,0.1,7,1,1,1,208,128,13.544590581999728,0.07383021243395603,9.450267191546372,0.012226099000145041,13.410164650999832,0.10910882899952412,0.007668181999179069,0.0,15.294367790222168,15.470703125,15.356869220733643,15.470703125,1,0
generate,0.1,7,2,1,1,276,66,6.622177595000721,0.1510077290519858,9.966510117431064,0.0014232779994927114,6.512084977999621,0.10673427799974888,0.0017318209993391065,0.0,15.240532875061035,15.814453125,15.346000671386719,15.814453125,1,0
hidden_state_write,0.1,7,0,1,1,0,0,0.0006157080006232718,,,0.0,0.0,0.0,0.0,0.0006157080006232718,14.915609359741211,15.814453125,15.346000671386719,15.814453125,0,0
generate,0.1,7,1,1,1,206,81,8.285662797999976,0.12069040514675347,9.77592281688703,0.0011268990001553902,8.177541766000104,0.10450364499956777,0.002252177000627853,0.0,15.213968276977539,15.814453125,15.276467323303223,15.814453125,1,0
generate,0.1,7,2,1,1,223,92,9.047892397000396,0.11052297663614181,10.168113850525048,0.0011328270002195495,8.939755205000438,0.10389300200040452,0.002929981000306725,0.0,15.243033409118652,15.814453125,15.307973861694336,15.814453125,1,0
hidden_state_write,0.1,7,0,1,1,0,0,0.0002539730003263685,,,0.0,0.0,0.0,0.0,0.0002539730003263685,14.915609359741211,15.814453125,15.307973861694336,15.814453125,0,0
