repeat,task_id,step,latency_ms
0,gsm8k_test_00215_ffc8fac5,1,0.0489
0,gsm8k_test_00215_ffc8fac5,2,0.3337
0,gsm8k_test_00255_f62f9313,1,0.0239
0,gsm8k_test_00255_f62f9313,2,0.1288
0,gsm8k_test_01106_a7b8cc0f,1,0.0215
0,gsm8k_test_01106_a7b8cc0f,2,0.1177
0,gsm8k_test_00073_61963453,1,0.0178
0,gsm8k_test_00073_61963453,2,0.1112
0,gsm8k_test_00500_347dd970,1,0.0169
0,gsm8k_test_00500_347dd970,2,0.154
0,gsm8k_test_00339_e85f8fac,1,0.0168
0,gsm8k_test_00339_e85f8fac,2,0.0893
0,gsm8k_test_00508_b698b79e,1,0.017
0,gsm8k_test_00508_b698b79e,2,0.1828
0,gsm8k_test_00658_4cfceb7f,1,0.0386
0,gsm8k_test_00658_4cfceb7f,2,0.2319
0,gsm8k_test_00369_a962d6e4,1,0.0328
0,gsm8k_test_00369_a962d6e4,2,0.2036
0,gsm8k_test_01131_1821fbe3,1,0.0343
0,gsm8k_test_01131_1821fbe3,2,0.2072
0,gsm8k_test_01115_de408347,1,0.0398
0,gsm8k_test_01115_de408347,2,0.194
0,gsm8k_test_00857_9ac256be,1,0.0412
0,gsm8k_test_00857_9ac256be,2,0.2173
0,gsm8k_test_01088_a5a07975,1,0.0345
0,gsm8k_test_01088_a5a07975,2,0.2045
0,gsm8k_test_00244_41946f32,1,0.0373
0,gsm8k_test_00244_41946f32,2,0.3155
0,gsm8k_test_01017_8f65effa,1,0.035
0,gsm8k_test_01017_8f65effa,2,0.2393
0,gsm8k_test_00844_e5790a05,1,0.0331
0,gsm8k_test_00844_e5790a05,2,0.1725
0,gsm8k_test_00483_6ac6556f,1,0.0349
0,gsm8k_test_00483_6ac6556f,2,0.1817
0,gsm8k_test_00907_31c0f791,1,0.0339
0,gsm8k_test_00907_31c0f791,2,0.2196
0,gsm8k_test_00257_a7b9c6ad,1,0.0487
0,gsm8k_test_00257_a7b9c6ad,2,0.1678
0,gsm8k_test_01032_528db496,1,0.0324
0,gsm8k_test_01032_528db496,2,0.3374
0,gsm8k_test_01212_942edef3,1,0.0376
0,gsm8k_test_01212_942edef3,2,0.2401
0,gsm8k_test_00493_ff7f7a50,1,0.0296
0,gsm8k_test_00493_ff7f7a50,2,0.1264
0,gsm8k_test_00476_530143bc,1,0.0215
0,gsm8k_test_00476_530143bc,2,0.1229
0,gsm8k_test_01061_46437934,1,0.0252
0,gsm8k_test_01061_46437934,2,0.1123
0,gsm8k_test_00524_2ca46751,1,0.0402
0,gsm8k_test_00524_2ca46751,2,0.2265
0,gsm8k_test_00881_9c3e1462,1,0.0339
0,gsm8k_test_00881_9c3e1462,2,0.1833
0,gsm8k_test_00879_22a8d3e2,1,0.0333
0,gsm8k_test_00879_22a8d3e2,2,0.1879
0,gsm8k_test_00773_2a63721b,1,0.0338
0,gsm8k_test_00773_2a63721b,2,0.2214
0,gsm8k_test_00435_2db4b8f3,1,0.0398
0,gsm8k_test_00435_2db4b8f3,2,0.2539
0,gsm8k_test_00418_9dc873fd,1,0.0355
0,gsm8k_test_00418_9dc873fd,2,0.3961
0,gsm8k_test_00431_5a59e693,1,0.0888
0,gsm8k_test_00431_5a59e693,2,0.1745
0,gsm8k_test_00274_8ad9c225,1,0.033
0,gsm8k_test_00274_8ad9c225,2,0.2298
0,gsm8k_test_00510_fa7b7d0d,1,0.0354
0,gsm8k_test_00510_fa7b7d0d,2,0.2089
0,gsm8k_test_01031_1e5fbd2e,1,0.033
0,gsm8k_test_01031_1e5fbd2e,2,0.1693
0,gsm8k_test_00085_bebacd2d,1,0.0389
0,gsm8k_test_00085_bebacd2d,2,0.2125
0,gsm8k_test_00477_acf3bbda,1,0.0289
0,gsm8k_test_00477_acf3bbda,2,0.0971
0,gsm8k_test_00450_9d1539f5,1,0.0322
0,gsm8k_test_00450_9d1539f5,2,0.1221
0,gsm8k_test_00120_3ea258aa,1,0.0315
0,gsm8k_test_00120_3ea258aa,2,0.1005
0,gsm8k_test_01179_74219b79,1,0.0172
0,gsm8k_test_01179_74219b79,2,0.0762
0,gsm8k_test_00902_a6cf7cc1,1,0.0161
0,gsm8k_test_00902_a6cf7cc1,2,0.077
0,gsm8k_test_01051_51548cd5,1,0.0161
0,gsm8k_test_01051_51548cd5,2,0.0733
0,gsm8k_test_00249_3c77f17a,1,0.0155
0,gsm8k_test_00249_3c77f17a,2,0.0763
0,gsm8k_test_00347_22e2357c,1,0.018
0,gsm8k_test_00347_22e2357c,2,0.1957
0,gsm8k_test_01086_87c2dae5,1,0.0487
0,gsm8k_test_01086_87c2dae5,2,0.2853
0,gsm8k_test_00323_e8fd8c2c,1,0.0428
0,gsm8k_test_00323_e8fd8c2c,2,0.2938
0,gsm8k_test_00604_67b9756f,1,0.0403
0,gsm8k_test_00604_67b9756f,2,0.2785
0,gsm8k_test_00011_eb5fcd08,1,0.0659
0,gsm8k_test_00011_eb5fcd08,2,0.2523
0,gsm8k_test_01078_626c598e,1,0.046
0,gsm8k_test_01078_626c598e,2,0.2723
0,gsm8k_test_00848_2343423f,1,0.0415
0,gsm8k_test_00848_2343423f,2,0.3268
0,gsm8k_test_00241_c3ad555a,1,0.0381
0,gsm8k_test_00241_c3ad555a,2,0.1703
0,gsm8k_test_00757_56918e68,1,0.0352
0,gsm8k_test_00757_56918e68,2,0.1925
0,gsm8k_test_00743_f7828584,1,0.0811
0,gsm8k_test_00743_f7828584,2,0.2395
0,gsm8k_test_00904_017cd46a,1,0.0382
0,gsm8k_test_00904_017cd46a,2,0.3228
0,gsm8k_test_00331_796ada94,1,0.0376
0,gsm8k_test_00331_796ada94,2,0.2626
0,gsm8k_test_00663_5181789e,1,0.0371
0,gsm8k_test_00663_5181789e,2,0.2014
0,gsm8k_test_00761_3e0b56bd,1,0.0361
0,gsm8k_test_00761_3e0b56bd,2,0.2009
0,gsm8k_test_00281_03fb10d6,1,0.036
0,gsm8k_test_00281_03fb10d6,2,0.3612
0,gsm8k_test_00277_cc59173f,1,0.0381
0,gsm8k_test_00277_cc59173f,2,0.349
0,gsm8k_test_00146_7d6e6c59,1,0.035
0,gsm8k_test_00146_7d6e6c59,2,0.2432
0,gsm8k_test_00433_84c4dcad,1,0.0372
0,gsm8k_test_00433_84c4dcad,2,0.2121
0,gsm8k_test_00854_91656af4,1,0.04
0,gsm8k_test_00854_91656af4,2,0.2237
0,gsm8k_test_00020_ff69618a,1,0.0355
0,gsm8k_test_00020_ff69618a,2,0.2489
0,gsm8k_test_00910_1943aa9b,1,0.0349
0,gsm8k_test_00910_1943aa9b,2,0.24
0,gsm8k_test_00268_52b4e246,1,0.0349
0,gsm8k_test_00268_52b4e246,2,0.1926
0,gsm8k_test_00548_34620e87,1,0.0339
0,gsm8k_test_00548_34620e87,2,0.1781
0,gsm8k_test_00080_80005895,1,0.0372
0,gsm8k_test_00080_80005895,2,0.2603
0,gsm8k_test_00343_ed40523b,1,0.034
0,gsm8k_test_00343_ed40523b,2,0.2577
0,gsm8k_test_00577_edd373a6,1,0.0342
0,gsm8k_test_00577_edd373a6,2,0.1654
0,gsm8k_test_00559_4bf74031,1,0.0342
0,gsm8k_test_00559_4bf74031,2,0.1625
0,gsm8k_test_01021_381bd36c,1,0.0352
0,gsm8k_test_01021_381bd36c,2,0.2505
0,gsm8k_test_00301_1bab74b7,1,0.0348
0,gsm8k_test_00301_1bab74b7,2,0.199
0,gsm8k_test_00473_8db92231,1,0.0337
0,gsm8k_test_00473_8db92231,2,0.2604
0,gsm8k_test_00217_c9e36708,1,0.0441
0,gsm8k_test_00217_c9e36708,2,0.2983
0,gsm8k_test_00309_9807d6af,1,0.0401
0,gsm8k_test_00309_9807d6af,2,0.1873
0,gsm8k_test_00815_66561af1,1,0.0431
0,gsm8k_test_00815_66561af1,2,0.2689
0,gsm8k_test_00620_864f5666,1,0.0378
0,gsm8k_test_00620_864f5666,2,1.4831
0,gsm8k_test_00537_0a6cb6b4,1,0.0277
0,gsm8k_test_00537_0a6cb6b4,2,1.1753
0,gsm8k_test_01140_9022fd81,1,0.0418
0,gsm8k_test_01140_9022fd81,2,0.217
0,gsm8k_test_00460_6ef4718b,1,0.2569
0,gsm8k_test_00460_6ef4718b,2,0.2441
0,gsm8k_test_01307_36cb7728,1,0.1934
0,gsm8k_test_01307_36cb7728,2,0.3067
0,gsm8k_test_00049_2c2c57ad,1,0.0226
0,gsm8k_test_00049_2c2c57ad,2,0.1389
0,gsm8k_test_00870_ff9fb8f2,1,0.0187
0,gsm8k_test_00870_ff9fb8f2,2,0.3165
0,gsm8k_test_00816_52b20c27,1,0.0207
0,gsm8k_test_00816_52b20c27,2,0.0959
0,gsm8k_test_00936_a1f79cfc,1,0.0181
0,gsm8k_test_00936_a1f79cfc,2,0.2526
0,gsm8k_test_00828_2f7755e1,1,0.0194
0,gsm8k_test_00828_2f7755e1,2,0.2368
0,gsm8k_test_01244_b58f9541,1,0.0188
0,gsm8k_test_01244_b58f9541,2,1.6019
0,gsm8k_test_01151_92815c9d,1,0.026
0,gsm8k_test_01151_92815c9d,2,0.2175
0,gsm8k_test_01134_36c6bd38,1,0.0218
0,gsm8k_test_01134_36c6bd38,2,0.7212
0,gsm8k_test_00502_52aedfd3,1,0.0251
0,gsm8k_test_00502_52aedfd3,2,0.1405
0,gsm8k_test_00764_4e686855,1,0.0297
0,gsm8k_test_00764_4e686855,2,0.247
0,gsm8k_test_00865_a9462d35,1,0.8033
0,gsm8k_test_00865_a9462d35,2,0.2389
0,gsm8k_test_00488_74ec858e,1,0.0196
0,gsm8k_test_00488_74ec858e,2,0.0911
0,gsm8k_test_00457_2c6abaf1,1,0.1785
0,gsm8k_test_00457_2c6abaf1,2,0.2828
0,gsm8k_test_01239_e15c4625,1,0.021
0,gsm8k_test_01239_e15c4625,2,0.1043
0,gsm8k_test_00489_a289e9a6,1,0.0183
0,gsm8k_test_00489_a289e9a6,2,0.8147
0,gsm8k_test_00751_f1f9462a,1,0.0253
0,gsm8k_test_00751_f1f9462a,2,0.4361
0,gsm8k_test_00132_77a67df7,1,0.0256
0,gsm8k_test_00132_77a67df7,2,0.2737
0,gsm8k_test_00335_60add6c9,1,0.0354
0,gsm8k_test_00335_60add6c9,2,0.7179
0,gsm8k_test_00003_2bcc778b,1,0.1357
0,gsm8k_test_00003_2bcc778b,2,2.2879
0,gsm8k_test_00054_0deb5903,1,0.0281
0,gsm8k_test_00054_0deb5903,2,0.171
1,gsm8k_test_00215_ffc8fac5,1,0.0244
1,gsm8k_test_00215_ffc8fac5,2,0.4792
1,gsm8k_test_00255_f62f9313,1,0.0212
1,gsm8k_test_00255_f62f9313,2,0.0873
1,gsm8k_test_01106_a7b8cc0f,1,0.0183
1,gsm8k_test_01106_a7b8cc0f,2,0.1097
1,gsm8k_test_00073_61963453,1,0.0175
1,gsm8k_test_00073_61963453,2,0.2138
1,gsm8k_test_00500_347dd970,1,0.0195
1,gsm8k_test_00500_347dd970,2,0.3847
1,gsm8k_test_00339_e85f8fac,1,0.0206
1,gsm8k_test_00339_e85f8fac,2,0.1172
1,gsm8k_test_00508_b698b79e,1,0.2191
1,gsm8k_test_00508_b698b79e,2,0.0994
1,gsm8k_test_00658_4cfceb7f,1,0.0173
1,gsm8k_test_00658_4cfceb7f,2,1.1961
1,gsm8k_test_00369_a962d6e4,1,0.0243
1,gsm8k_test_00369_a962d6e4,2,0.6386
1,gsm8k_test_01131_1821fbe3,1,0.0209
1,gsm8k_test_01131_1821fbe3,2,0.1175
1,gsm8k_test_01115_de408347,1,0.0344
1,gsm8k_test_01115_de408347,2,0.1088
1,gsm8k_test_00857_9ac256be,1,0.0183
1,gsm8k_test_00857_9ac256be,2,0.1075
1,gsm8k_test_01088_a5a07975,1,0.0177
1,gsm8k_test_01088_a5a07975,2,0.5888
1,gsm8k_test_00244_41946f32,1,0.0193
1,gsm8k_test_00244_41946f32,2,0.1719
1,gsm8k_test_01017_8f65effa,1,0.0191
1,gsm8k_test_01017_8f65effa,2,0.1107
1,gsm8k_test_00844_e5790a05,1,0.0212
1,gsm8k_test_00844_e5790a05,2,0.0943
1,gsm8k_test_00483_6ac6556f,1,0.0174
1,gsm8k_test_00483_6ac6556f,2,0.1914
1,gsm8k_test_00907_31c0f791,1,0.0196
1,gsm8k_test_00907_31c0f791,2,0.1213
1,gsm8k_test_00257_a7b9c6ad,1,0.0175
1,gsm8k_test_00257_a7b9c6ad,2,0.185
1,gsm8k_test_01032_528db496,1,0.4024
1,gsm8k_test_01032_528db496,2,0.3961
1,gsm8k_test_01212_942edef3,1,0.0182
1,gsm8k_test_01212_942edef3,2,0.3093
1,gsm8k_test_00493_ff7f7a50,1,0.0246
1,gsm8k_test_00493_ff7f7a50,2,0.1004
1,gsm8k_test_00476_530143bc,1,0.0245
1,gsm8k_test_00476_530143bc,2,0.7409
1,gsm8k_test_01061_46437934,1,0.0225
1,gsm8k_test_01061_46437934,2,0.2575
1,gsm8k_test_00524_2ca46751,1,0.1406
1,gsm8k_test_00524_2ca46751,2,0.3931
1,gsm8k_test_00881_9c3e1462,1,0.0335
1,gsm8k_test_00881_9c3e1462,2,0.5197
1,gsm8k_test_00879_22a8d3e2,1,0.02
1,gsm8k_test_00879_22a8d3e2,2,0.104
1,gsm8k_test_00773_2a63721b,1,0.0179
1,gsm8k_test_00773_2a63721b,2,0.0937
1,gsm8k_test_00435_2db4b8f3,1,0.0169
1,gsm8k_test_00435_2db4b8f3,2,0.1495
1,gsm8k_test_00418_9dc873fd,1,0.0178
1,gsm8k_test_00418_9dc873fd,2,1.1691
1,gsm8k_test_00431_5a59e693,1,0.0243
1,gsm8k_test_00431_5a59e693,2,0.1987
1,gsm8k_test_00274_8ad9c225,1,0.0509
1,gsm8k_test_00274_8ad9c225,2,0.3577
1,gsm8k_test_00510_fa7b7d0d,1,0.0356
1,gsm8k_test_00510_fa7b7d0d,2,0.4354
1,gsm8k_test_01031_1e5fbd2e,1,0.0336
1,gsm8k_test_01031_1e5fbd2e,2,0.3277
1,gsm8k_test_00085_bebacd2d,1,0.0393
1,gsm8k_test_00085_bebacd2d,2,1.9801
1,gsm8k_test_00477_acf3bbda,1,0.052
1,gsm8k_test_00477_acf3bbda,2,0.785
1,gsm8k_test_00450_9d1539f5,1,0.0537
1,gsm8k_test_00450_9d1539f5,2,0.3539
1,gsm8k_test_00120_3ea258aa,1,0.0353
1,gsm8k_test_00120_3ea258aa,2,0.4362
1,gsm8k_test_01179_74219b79,1,0.7571
1,gsm8k_test_01179_74219b79,2,0.8753
1,gsm8k_test_00902_a6cf7cc1,1,0.0467
1,gsm8k_test_00902_a6cf7cc1,2,0.22
1,gsm8k_test_01051_51548cd5,1,0.0275
1,gsm8k_test_01051_51548cd5,2,0.5106
1,gsm8k_test_00249_3c77f17a,1,0.0558
1,gsm8k_test_00249_3c77f17a,2,0.1385
1,gsm8k_test_00347_22e2357c,1,0.0235
1,gsm8k_test_00347_22e2357c,2,0.2152
1,gsm8k_test_01086_87c2dae5,1,0.0197
1,gsm8k_test_01086_87c2dae5,2,0.2295
1,gsm8k_test_00323_e8fd8c2c,1,0.0203
1,gsm8k_test_00323_e8fd8c2c,2,0.1081
1,gsm8k_test_00604_67b9756f,1,0.018
1,gsm8k_test_00604_67b9756f,2,0.2557
1,gsm8k_test_00011_eb5fcd08,1,0.0194
1,gsm8k_test_00011_eb5fcd08,2,0.2126
1,gsm8k_test_01078_626c598e,1,0.2558
1,gsm8k_test_01078_626c598e,2,0.7781
1,gsm8k_test_00848_2343423f,1,0.096
1,gsm8k_test_00848_2343423f,2,0.6068
1,gsm8k_test_00241_c3ad555a,1,0.0201
1,gsm8k_test_00241_c3ad555a,2,0.0822
1,gsm8k_test_00757_56918e68,1,0.0176
1,gsm8k_test_00757_56918e68,2,0.0873
1,gsm8k_test_00743_f7828584,1,0.0193
1,gsm8k_test_00743_f7828584,2,0.0932
1,gsm8k_test_00904_017cd46a,1,0.0244
1,gsm8k_test_00904_017cd46a,2,0.2904
1,gsm8k_test_00331_796ada94,1,0.0195
1,gsm8k_test_00331_796ada94,2,0.1174
1,gsm8k_test_00663_5181789e,1,0.0174
1,gsm8k_test_00663_5181789e,2,0.0987
1,gsm8k_test_00761_3e0b56bd,1,0.0268
1,gsm8k_test_00761_3e0b56bd,2,0.9377
1,gsm8k_test_00281_03fb10d6,1,0.0332
1,gsm8k_test_00281_03fb10d6,2,0.5783
1,gsm8k_test_00277_cc59173f,1,0.0434
1,gsm8k_test_00277_cc59173f,2,0.3416
1,gsm8k_test_00146_7d6e6c59,1,0.0391
1,gsm8k_test_00146_7d6e6c59,2,0.1997
1,gsm8k_test_00433_84c4dcad,1,0.0369
1,gsm8k_test_00433_84c4dcad,2,0.1902
1,gsm8k_test_00854_91656af4,1,0.0373
1,gsm8k_test_00854_91656af4,2,0.1822
1,gsm8k_test_00020_ff69618a,1,0.0359
1,gsm8k_test_00020_ff69618a,2,0.2463
1,gsm8k_test_00910_1943aa9b,1,0.0366
1,gsm8k_test_00910_1943aa9b,2,0.2057
1,gsm8k_test_00268_52b4e246,1,0.0336
1,gsm8k_test_00268_52b4e246,2,0.1683
1,gsm8k_test_00548_34620e87,1,0.0324
1,gsm8k_test_00548_34620e87,2,0.1525
1,gsm8k_test_00080_80005895,1,0.0218
1,gsm8k_test_00080_80005895,2,0.1236
1,gsm8k_test_00343_ed40523b,1,0.0526
1,gsm8k_test_00343_ed40523b,2,0.1959
1,gsm8k_test_00577_edd373a6,1,0.0241
1,gsm8k_test_00577_edd373a6,2,0.164
1,gsm8k_test_00559_4bf74031,1,0.0253
1,gsm8k_test_00559_4bf74031,2,0.1306
1,gsm8k_test_01021_381bd36c,1,0.0197
1,gsm8k_test_01021_381bd36c,2,0.1134
1,gsm8k_test_00301_1bab74b7,1,0.0175
1,gsm8k_test_00301_1bab74b7,2,0.1527
1,gsm8k_test_00473_8db92231,1,0.0203
1,gsm8k_test_00473_8db92231,2,0.0871
1,gsm8k_test_00217_c9e36708,1,0.017
1,gsm8k_test_00217_c9e36708,2,0.119
1,gsm8k_test_00309_9807d6af,1,0.0172
1,gsm8k_test_00309_9807d6af,2,0.0763
1,gsm8k_test_00815_66561af1,1,0.017
1,gsm8k_test_00815_66561af1,2,0.1147
1,gsm8k_test_00620_864f5666,1,0.0172
1,gsm8k_test_00620_864f5666,2,0.0978
1,gsm8k_test_00537_0a6cb6b4,1,0.0169
1,gsm8k_test_00537_0a6cb6b4,2,0.0898
1,gsm8k_test_01140_9022fd81,1,0.0169
1,gsm8k_test_01140_9022fd81,2,0.0859
1,gsm8k_test_00460_6ef4718b,1,0.0188
1,gsm8k_test_00460_6ef4718b,2,0.0956
1,gsm8k_test_01307_36cb7728,1,0.0175
1,gsm8k_test_01307_36cb7728,2,0.0805
1,gsm8k_test_00049_2c2c57ad,1,0.0165
1,gsm8k_test_00049_2c2c57ad,2,0.1203
1,gsm8k_test_00870_ff9fb8f2,1,0.017
1,gsm8k_test_00870_ff9fb8f2,2,0.093
1,gsm8k_test_00816_52b20c27,1,0.0368
1,gsm8k_test_00816_52b20c27,2,0.0884
1,gsm8k_test_00936_a1f79cfc,1,0.0176
1,gsm8k_test_00936_a1f79cfc,2,0.1007
1,gsm8k_test_00828_2f7755e1,1,0.0173
1,gsm8k_test_00828_2f7755e1,2,0.0993
1,gsm8k_test_01244_b58f9541,1,0.0168
1,gsm8k_test_01244_b58f9541,2,0.1089
1,gsm8k_test_01151_92815c9d,1,0.0166
1,gsm8k_test_01151_92815c9d,2,0.0906
1,gsm8k_test_01134_36c6bd38,1,0.0165
1,gsm8k_test_01134_36c6bd38,2,0.0751
1,gsm8k_test_00502_52aedfd3,1,0.0166
1,gsm8k_test_00502_52aedfd3,2,0.0853
1,gsm8k_test_00764_4e686855,1,0.0168
1,gsm8k_test_00764_4e686855,2,0.0851
1,gsm8k_test_00865_a9462d35,1,0.0173
1,gsm8k_test_00865_a9462d35,2,0.1858
1,gsm8k_test_00488_74ec858e,1,0.0167
1,gsm8k_test_00488_74ec858e,2,0.0851
1,gsm8k_test_00457_2c6abaf1,1,0.017
1,gsm8k_test_00457_2c6abaf1,2,0.0881
1,gsm8k_test_01239_e15c4625,1,0.0165
1,gsm8k_test_01239_e15c4625,2,0.0889
1,gsm8k_test_00489_a289e9a6,1,0.0166
1,gsm8k_test_00489_a289e9a6,2,0.148
1,gsm8k_test_00751_f1f9462a,1,0.0173
1,gsm8k_test_00751_f1f9462a,2,0.084
1,gsm8k_test_00132_77a67df7,1,0.0171
1,gsm8k_test_00132_77a67df7,2,0.1548
1,gsm8k_test_00335_60add6c9,1,0.0171
1,gsm8k_test_00335_60add6c9,2,0.1028
1,gsm8k_test_00003_2bcc778b,1,0.0171
1,gsm8k_test_00003_2bcc778b,2,0.0871
1,gsm8k_test_00054_0deb5903,1,0.0173
1,gsm8k_test_00054_0deb5903,2,0.1016
2,gsm8k_test_00215_ffc8fac5,1,0.0186
2,gsm8k_test_00215_ffc8fac5,2,0.0988
2,gsm8k_test_00255_f62f9313,1,0.0176
2,gsm8k_test_00255_f62f9313,2,0.0758
2,gsm8k_test_01106_a7b8cc0f,1,0.0164
2,gsm8k_test_01106_a7b8cc0f,2,0.1064
2,gsm8k_test_00073_61963453,1,0.0172
2,gsm8k_test_00073_61963453,2,0.1095
2,gsm8k_test_00500_347dd970,1,0.0175
2,gsm8k_test_00500_347dd970,2,0.1545
2,gsm8k_test_00339_e85f8fac,1,0.0169
2,gsm8k_test_00339_e85f8fac,2,0.0852
2,gsm8k_test_00508_b698b79e,1,0.0166
2,gsm8k_test_00508_b698b79e,2,0.0859
2,gsm8k_test_00658_4cfceb7f,1,0.017
2,gsm8k_test_00658_4cfceb7f,2,0.1143
2,gsm8k_test_00369_a962d6e4,1,0.0189
2,gsm8k_test_00369_a962d6e4,2,0.0916
2,gsm8k_test_01131_1821fbe3,1,0.0175
2,gsm8k_test_01131_1821fbe3,2,0.1052
2,gsm8k_test_01115_de408347,1,0.0174
2,gsm8k_test_01115_de408347,2,0.0855
2,gsm8k_test_00857_9ac256be,1,0.0166
2,gsm8k_test_00857_9ac256be,2,0.1043
2,gsm8k_test_01088_a5a07975,1,0.0171
2,gsm8k_test_01088_a5a07975,2,0.1015
2,gsm8k_test_00244_41946f32,1,0.0166
2,gsm8k_test_00244_41946f32,2,0.1639
2,gsm8k_test_01017_8f65effa,1,0.017
2,gsm8k_test_01017_8f65effa,2,0.1069
2,gsm8k_test_00844_e5790a05,1,0.017
2,gsm8k_test_00844_e5790a05,2,0.0866
2,gsm8k_test_00483_6ac6556f,1,0.0167
2,gsm8k_test_00483_6ac6556f,2,0.0773
2,gsm8k_test_00907_31c0f791,1,0.0167
2,gsm8k_test_00907_31c0f791,2,0.1145
2,gsm8k_test_00257_a7b9c6ad,1,0.0173
2,gsm8k_test_00257_a7b9c6ad,2,0.0781
2,gsm8k_test_01032_528db496,1,0.0165
2,gsm8k_test_01032_528db496,2,0.1764
2,gsm8k_test_01212_942edef3,1,0.0171
2,gsm8k_test_01212_942edef3,2,0.1051
2,gsm8k_test_00493_ff7f7a50,1,0.0189
2,gsm8k_test_00493_ff7f7a50,2,0.0809
2,gsm8k_test_00476_530143bc,1,0.0169
2,gsm8k_test_00476_530143bc,2,0.1084
2,gsm8k_test_01061_46437934,1,0.0169
2,gsm8k_test_01061_46437934,2,0.0761
2,gsm8k_test_00524_2ca46751,1,0.0168
2,gsm8k_test_00524_2ca46751,2,0.1129
2,gsm8k_test_00881_9c3e1462,1,0.0169
2,gsm8k_test_00881_9c3e1462,2,0.0893
2,gsm8k_test_00879_22a8d3e2,1,0.0164
2,gsm8k_test_00879_22a8d3e2,2,0.0938
2,gsm8k_test_00773_2a63721b,1,0.0165
2,gsm8k_test_00773_2a63721b,2,0.0906
2,gsm8k_test_00435_2db4b8f3,1,0.0168
2,gsm8k_test_00435_2db4b8f3,2,0.1279
2,gsm8k_test_00418_9dc873fd,1,0.0171
2,gsm8k_test_00418_9dc873fd,2,0.1022
2,gsm8k_test_00431_5a59e693,1,0.0171
2,gsm8k_test_00431_5a59e693,2,0.0774
2,gsm8k_test_00274_8ad9c225,1,0.0167
2,gsm8k_test_00274_8ad9c225,2,0.1116
2,gsm8k_test_00510_fa7b7d0d,1,0.017
2,gsm8k_test_00510_fa7b7d0d,2,0.1028
2,gsm8k_test_01031_1e5fbd2e,1,0.0168
2,gsm8k_test_01031_1e5fbd2e,2,0.083
2,gsm8k_test_00085_bebacd2d,1,0.0179
2,gsm8k_test_00085_bebacd2d,2,0.1969
2,gsm8k_test_00477_acf3bbda,1,0.0211
2,gsm8k_test_00477_acf3bbda,2,0.0897
2,gsm8k_test_00450_9d1539f5,1,0.0216
2,gsm8k_test_00450_9d1539f5,2,0.1055
2,gsm8k_test_00120_3ea258aa,1,0.0181
2,gsm8k_test_00120_3ea258aa,2,0.095
2,gsm8k_test_01179_74219b79,1,0.0172
2,gsm8k_test_01179_74219b79,2,0.0784
2,gsm8k_test_00902_a6cf7cc1,1,0.0166
2,gsm8k_test_00902_a6cf7cc1,2,0.0793
2,gsm8k_test_01051_51548cd5,1,0.017
2,gsm8k_test_01051_51548cd5,2,0.0773
2,gsm8k_test_00249_3c77f17a,1,0.018
2,gsm8k_test_00249_3c77f17a,2,0.0826
2,gsm8k_test_00347_22e2357c,1,0.017
2,gsm8k_test_00347_22e2357c,2,0.1037
2,gsm8k_test_01086_87c2dae5,1,0.0176
2,gsm8k_test_01086_87c2dae5,2,0.0944
2,gsm8k_test_00323_e8fd8c2c,1,0.0166
2,gsm8k_test_00323_e8fd8c2c,2,0.0993
2,gsm8k_test_00604_67b9756f,1,0.0172
2,gsm8k_test_00604_67b9756f,2,0.2984
2,gsm8k_test_00011_eb5fcd08,1,0.1023
2,gsm8k_test_00011_eb5fcd08,2,0.188
2,gsm8k_test_01078_626c598e,1,0.0242
2,gsm8k_test_01078_626c598e,2,0.1027
2,gsm8k_test_00848_2343423f,1,0.0198
2,gsm8k_test_00848_2343423f,2,0.1232
2,gsm8k_test_00241_c3ad555a,1,0.0188
2,gsm8k_test_00241_c3ad555a,2,0.0798
2,gsm8k_test_00757_56918e68,1,0.0175
2,gsm8k_test_00757_56918e68,2,0.087
2,gsm8k_test_00743_f7828584,1,0.022
2,gsm8k_test_00743_f7828584,2,0.0949
2,gsm8k_test_00904_017cd46a,1,0.0179
2,gsm8k_test_00904_017cd46a,2,0.1356
2,gsm8k_test_00331_796ada94,1,0.0178
2,gsm8k_test_00331_796ada94,2,0.136
2,gsm8k_test_00663_5181789e,1,0.018
2,gsm8k_test_00663_5181789e,2,0.09
2,gsm8k_test_00761_3e0b56bd,1,0.0174
2,gsm8k_test_00761_3e0b56bd,2,0.1133
2,gsm8k_test_00281_03fb10d6,1,0.0176
2,gsm8k_test_00281_03fb10d6,2,0.1504
2,gsm8k_test_00277_cc59173f,1,0.0171
2,gsm8k_test_00277_cc59173f,2,0.1439
2,gsm8k_test_00146_7d6e6c59,1,0.0173
2,gsm8k_test_00146_7d6e6c59,2,0.0946
2,gsm8k_test_00433_84c4dcad,1,0.0183
2,gsm8k_test_00433_84c4dcad,2,0.0934
2,gsm8k_test_00854_91656af4,1,0.0177
2,gsm8k_test_00854_91656af4,2,0.0882
2,gsm8k_test_00020_ff69618a,1,0.0172
2,gsm8k_test_00020_ff69618a,2,0.1044
2,gsm8k_test_00910_1943aa9b,1,0.0171
2,gsm8k_test_00910_1943aa9b,2,0.101
2,gsm8k_test_00268_52b4e246,1,0.0168
2,gsm8k_test_00268_52b4e246,2,0.0871
2,gsm8k_test_00548_34620e87,1,0.0169
2,gsm8k_test_00548_34620e87,2,0.0789
2,gsm8k_test_00080_80005895,1,0.0171
2,gsm8k_test_00080_80005895,2,0.109
2,gsm8k_test_00343_ed40523b,1,0.0168
2,gsm8k_test_00343_ed40523b,2,0.0969
2,gsm8k_test_00577_edd373a6,1,0.0165
2,gsm8k_test_00577_edd373a6,2,0.0777
2,gsm8k_test_00559_4bf74031,1,0.0166
2,gsm8k_test_00559_4bf74031,2,0.0919
2,gsm8k_test_01021_381bd36c,1,0.0171
2,gsm8k_test_01021_381bd36c,2,0.134
2,gsm8k_test_00301_1bab74b7,1,0.0176
2,gsm8k_test_00301_1bab74b7,2,0.0907
2,gsm8k_test_00473_8db92231,1,0.0165
2,gsm8k_test_00473_8db92231,2,0.0758
2,gsm8k_test_00217_c9e36708,1,0.0172
2,gsm8k_test_00217_c9e36708,2,0.1154
2,gsm8k_test_00309_9807d6af,1,0.0166
2,gsm8k_test_00309_9807d6af,2,0.0746
2,gsm8k_test_00815_66561af1,1,0.0166
2,gsm8k_test_00815_66561af1,2,0.1481
2,gsm8k_test_00620_864f5666,1,0.0349
2,gsm8k_test_00620_864f5666,2,0.1267
2,gsm8k_test_00537_0a6cb6b4,1,0.018
2,gsm8k_test_00537_0a6cb6b4,2,0.0914
2,gsm8k_test_01140_9022fd81,1,0.0177
2,gsm8k_test_01140_9022fd81,2,0.0985
2,gsm8k_test_00460_6ef4718b,1,0.0189
2,gsm8k_test_00460_6ef4718b,2,0.0951
2,gsm8k_test_01307_36cb7728,1,0.0173
2,gsm8k_test_01307_36cb7728,2,0.0805
2,gsm8k_test_00049_2c2c57ad,1,0.0168
2,gsm8k_test_00049_2c2c57ad,2,0.1202
2,gsm8k_test_00870_ff9fb8f2,1,0.0167
2,gsm8k_test_00870_ff9fb8f2,2,0.112
2,gsm8k_test_00816_52b20c27,1,0.017
2,gsm8k_test_00816_52b20c27,2,0.0841
2,gsm8k_test_00936_a1f79cfc,1,0.0169
2,gsm8k_test_00936_a1f79cfc,2,0.0991
2,gsm8k_test_00828_2f7755e1,1,0.0166
2,gsm8k_test_00828_2f7755e1,2,0.098
2,gsm8k_test_01244_b58f9541,1,0.0164
2,gsm8k_test_01244_b58f9541,2,0.108
2,gsm8k_test_01151_92815c9d,1,0.0169
2,gsm8k_test_01151_92815c9d,2,0.0902
2,gsm8k_test_01134_36c6bd38,1,0.0168
2,gsm8k_test_01134_36c6bd38,2,0.074
2,gsm8k_test_00502_52aedfd3,1,0.0165
2,gsm8k_test_00502_52aedfd3,2,0.0836
2,gsm8k_test_00764_4e686855,1,0.0165
2,gsm8k_test_00764_4e686855,2,0.0831
2,gsm8k_test_00865_a9462d35,1,0.017
2,gsm8k_test_00865_a9462d35,2,0.187
2,gsm8k_test_00488_74ec858e,1,0.017
2,gsm8k_test_00488_74ec858e,2,0.0839
2,gsm8k_test_00457_2c6abaf1,1,0.0162
2,gsm8k_test_00457_2c6abaf1,2,0.0874
2,gsm8k_test_01239_e15c4625,1,0.0164
2,gsm8k_test_01239_e15c4625,2,0.0883
2,gsm8k_test_00489_a289e9a6,1,0.0168
2,gsm8k_test_00489_a289e9a6,2,0.1622
2,gsm8k_test_00751_f1f9462a,1,0.0176
2,gsm8k_test_00751_f1f9462a,2,0.08
2,gsm8k_test_00132_77a67df7,1,0.0168
2,gsm8k_test_00132_77a67df7,2,0.1551
2,gsm8k_test_00335_60add6c9,1,0.0173
2,gsm8k_test_00335_60add6c9,2,0.1014
2,gsm8k_test_00003_2bcc778b,1,0.0172
2,gsm8k_test_00003_2bcc778b,2,0.0862
2,gsm8k_test_00054_0deb5903,1,0.0171
2,gsm8k_test_00054_0deb5903,2,0.0999
3,gsm8k_test_00215_ffc8fac5,1,0.0183
3,gsm8k_test_00215_ffc8fac5,2,0.0945
3,gsm8k_test_00255_f62f9313,1,0.017
3,gsm8k_test_00255_f62f9313,2,0.0743
3,gsm8k_test_01106_a7b8cc0f,1,0.0162
3,gsm8k_test_01106_a7b8cc0f,2,0.1038
3,gsm8k_test_00073_61963453,1,0.0163
3,gsm8k_test_00073_61963453,2,0.1094
3,gsm8k_test_00500_347dd970,1,0.0167
3,gsm8k_test_00500_347dd970,2,0.1532
3,gsm8k_test_00339_e85f8fac,1,0.017
3,gsm8k_test_00339_e85f8fac,2,0.0859
3,gsm8k_test_00508_b698b79e,1,0.0169
3,gsm8k_test_00508_b698b79e,2,0.0847
3,gsm8k_test_00658_4cfceb7f,1,0.0166
3,gsm8k_test_00658_4cfceb7f,2,0.1316
3,gsm8k_test_00369_a962d6e4,1,0.0173
3,gsm8k_test_00369_a962d6e4,2,0.0891
3,gsm8k_test_01131_1821fbe3,1,0.017
3,gsm8k_test_01131_1821fbe3,2,0.1039
3,gsm8k_test_01115_de408347,1,0.0167
3,gsm8k_test_01115_de408347,2,0.0834
3,gsm8k_test_00857_9ac256be,1,0.0165
3,gsm8k_test_00857_9ac256be,2,0.1026
3,gsm8k_test_01088_a5a07975,1,0.0167
3,gsm8k_test_01088_a5a07975,2,0.0999
3,gsm8k_test_00244_41946f32,1,0.0168
3,gsm8k_test_00244_41946f32,2,0.1618
3,gsm8k_test_01017_8f65effa,1,0.0169
3,gsm8k_test_01017_8f65effa,2,0.1058
3,gsm8k_test_00844_e5790a05,1,0.017
3,gsm8k_test_00844_e5790a05,2,0.0848
3,gsm8k_test_00483_6ac6556f,1,0.0169
3,gsm8k_test_00483_6ac6556f,2,0.0744
3,gsm8k_test_00907_31c0f791,1,0.0168
3,gsm8k_test_00907_31c0f791,2,0.1132
3,gsm8k_test_00257_a7b9c6ad,1,0.0167
3,gsm8k_test_00257_a7b9c6ad,2,0.0749
3,gsm8k_test_01032_528db496,1,0.0166
3,gsm8k_test_01032_528db496,2,0.1756
3,gsm8k_test_01212_942edef3,1,0.0171
3,gsm8k_test_01212_942edef3,2,0.1016
3,gsm8k_test_00493_ff7f7a50,1,0.0187
3,gsm8k_test_00493_ff7f7a50,2,0.0779
3,gsm8k_test_00476_530143bc,1,0.0175
3,gsm8k_test_00476_530143bc,2,0.1044
3,gsm8k_test_01061_46437934,1,0.0171
3,gsm8k_test_01061_46437934,2,0.0754
3,gsm8k_test_00524_2ca46751,1,0.0167
3,gsm8k_test_00524_2ca46751,2,0.1121
3,gsm8k_test_00881_9c3e1462,1,0.0167
3,gsm8k_test_00881_9c3e1462,2,0.0885
3,gsm8k_test_00879_22a8d3e2,1,0.0166
3,gsm8k_test_00879_22a8d3e2,2,0.1549
3,gsm8k_test_00773_2a63721b,1,0.0175
3,gsm8k_test_00773_2a63721b,2,0.092
3,gsm8k_test_00435_2db4b8f3,1,0.0168
3,gsm8k_test_00435_2db4b8f3,2,0.1258
3,gsm8k_test_00418_9dc873fd,1,0.0172
3,gsm8k_test_00418_9dc873fd,2,0.1028
3,gsm8k_test_00431_5a59e693,1,0.0172
3,gsm8k_test_00431_5a59e693,2,0.0764
3,gsm8k_test_00274_8ad9c225,1,0.017
3,gsm8k_test_00274_8ad9c225,2,0.1116
3,gsm8k_test_00510_fa7b7d0d,1,0.0174
3,gsm8k_test_00510_fa7b7d0d,2,0.1029
3,gsm8k_test_01031_1e5fbd2e,1,0.0167
3,gsm8k_test_01031_1e5fbd2e,2,0.0974
3,gsm8k_test_00085_bebacd2d,1,0.0188
3,gsm8k_test_00085_bebacd2d,2,0.0973
3,gsm8k_test_00477_acf3bbda,1,0.0169
3,gsm8k_test_00477_acf3bbda,2,0.0768
3,gsm8k_test_00450_9d1539f5,1,0.0169
3,gsm8k_test_00450_9d1539f5,2,0.0782
3,gsm8k_test_00120_3ea258aa,1,0.017
3,gsm8k_test_00120_3ea258aa,2,0.1738
3,gsm8k_test_01179_74219b79,1,0.0204
3,gsm8k_test_01179_74219b79,2,0.0886
3,gsm8k_test_00902_a6cf7cc1,1,0.0173
3,gsm8k_test_00902_a6cf7cc1,2,0.0811
3,gsm8k_test_01051_51548cd5,1,0.0164
3,gsm8k_test_01051_51548cd5,2,0.078
3,gsm8k_test_00249_3c77f17a,1,0.0172
3,gsm8k_test_00249_3c77f17a,2,0.0812
3,gsm8k_test_00347_22e2357c,1,0.017
3,gsm8k_test_00347_22e2357c,2,0.1039
3,gsm8k_test_01086_87c2dae5,1,0.017
3,gsm8k_test_01086_87c2dae5,2,0.0931
3,gsm8k_test_00323_e8fd8c2c,1,0.0168
3,gsm8k_test_00323_e8fd8c2c,2,0.099
3,gsm8k_test_00604_67b9756f,1,0.0169
3,gsm8k_test_00604_67b9756f,2,0.0907
3,gsm8k_test_00011_eb5fcd08,1,0.0165
3,gsm8k_test_00011_eb5fcd08,2,0.0876
3,gsm8k_test_01078_626c598e,1,0.0169
3,gsm8k_test_01078_626c598e,2,0.1006
3,gsm8k_test_00848_2343423f,1,0.0173
3,gsm8k_test_00848_2343423f,2,0.2977
3,gsm8k_test_00241_c3ad555a,1,0.0502
3,gsm8k_test_00241_c3ad555a,2,0.1824
3,gsm8k_test_00757_56918e68,1,0.0371
3,gsm8k_test_00757_56918e68,2,0.1828
3,gsm8k_test_00743_f7828584,1,0.025
3,gsm8k_test_00743_f7828584,2,0.1133
3,gsm8k_test_00904_017cd46a,1,0.0201
3,gsm8k_test_00904_017cd46a,2,0.1427
3,gsm8k_test_00331_796ada94,1,0.019
3,gsm8k_test_00331_796ada94,2,0.1391
3,gsm8k_test_00663_5181789e,1,0.0182
3,gsm8k_test_00663_5181789e,2,0.0927
3,gsm8k_test_00761_3e0b56bd,1,0.0175
3,gsm8k_test_00761_3e0b56bd,2,0.0887
3,gsm8k_test_00281_03fb10d6,1,0.0172
3,gsm8k_test_00281_03fb10d6,2,0.1698
3,gsm8k_test_00277_cc59173f,1,0.0181
3,gsm8k_test_00277_cc59173f,2,0.1464
3,gsm8k_test_00146_7d6e6c59,1,0.0172
3,gsm8k_test_00146_7d6e6c59,2,0.0934
3,gsm8k_test_00433_84c4dcad,1,0.0184
3,gsm8k_test_00433_84c4dcad,2,0.0944
3,gsm8k_test_00854_91656af4,1,0.0175
3,gsm8k_test_00854_91656af4,2,0.0871
3,gsm8k_test_00020_ff69618a,1,0.0169
3,gsm8k_test_00020_ff69618a,2,0.1051
3,gsm8k_test_00910_1943aa9b,1,0.0171
3,gsm8k_test_00910_1943aa9b,2,0.1027
3,gsm8k_test_00268_52b4e246,1,0.0171
3,gsm8k_test_00268_52b4e246,2,0.0875
3,gsm8k_test_00548_34620e87,1,0.017
3,gsm8k_test_00548_34620e87,2,0.0812
3,gsm8k_test_00080_80005895,1,0.0168
3,gsm8k_test_00080_80005895,2,0.109
3,gsm8k_test_00343_ed40523b,1,0.0172
3,gsm8k_test_00343_ed40523b,2,0.098
3,gsm8k_test_00577_edd373a6,1,0.0302
3,gsm8k_test_00577_edd373a6,2,0.1011
3,gsm8k_test_00559_4bf74031,1,0.0173
3,gsm8k_test_00559_4bf74031,2,0.0752
3,gsm8k_test_01021_381bd36c,1,0.0168
3,gsm8k_test_01021_381bd36c,2,0.1042
3,gsm8k_test_00301_1bab74b7,1,0.0188
3,gsm8k_test_00301_1bab74b7,2,0.0912
3,gsm8k_test_00473_8db92231,1,0.017
3,gsm8k_test_00473_8db92231,2,0.0752
3,gsm8k_test_00217_c9e36708,1,0.0169
3,gsm8k_test_00217_c9e36708,2,0.116
3,gsm8k_test_00309_9807d6af,1,0.0167
3,gsm8k_test_00309_9807d6af,2,0.0745
3,gsm8k_test_00815_66561af1,1,0.0171
3,gsm8k_test_00815_66561af1,2,0.1125
3,gsm8k_test_00620_864f5666,1,0.017
3,gsm8k_test_00620_864f5666,2,0.0971
3,gsm8k_test_00537_0a6cb6b4,1,0.0169
3,gsm8k_test_00537_0a6cb6b4,2,0.0859
3,gsm8k_test_01140_9022fd81,1,0.0168
3,gsm8k_test_01140_9022fd81,2,0.0852
3,gsm8k_test_00460_6ef4718b,1,0.0184
3,gsm8k_test_00460_6ef4718b,2,0.094
3,gsm8k_test_01307_36cb7728,1,0.0169
3,gsm8k_test_01307_36cb7728,2,0.0795
3,gsm8k_test_00049_2c2c57ad,1,0.0164
3,gsm8k_test_00049_2c2c57ad,2,0.1203
3,gsm8k_test_00870_ff9fb8f2,1,0.017
3,gsm8k_test_00870_ff9fb8f2,2,0.0927
3,gsm8k_test_00816_52b20c27,1,0.0165
3,gsm8k_test_00816_52b20c27,2,0.0833
3,gsm8k_test_00936_a1f79cfc,1,0.017
3,gsm8k_test_00936_a1f79cfc,2,0.1125
3,gsm8k_test_00828_2f7755e1,1,0.0179
3,gsm8k_test_00828_2f7755e1,2,0.1005
3,gsm8k_test_01244_b58f9541,1,0.017
3,gsm8k_test_01244_b58f9541,2,0.1073
3,gsm8k_test_01151_92815c9d,1,0.0168
3,gsm8k_test_01151_92815c9d,2,0.0896
3,gsm8k_test_01134_36c6bd38,1,0.0164
3,gsm8k_test_01134_36c6bd38,2,0.073
3,gsm8k_test_00502_52aedfd3,1,0.0165
3,gsm8k_test_00502_52aedfd3,2,0.084
3,gsm8k_test_00764_4e686855,1,0.0166
3,gsm8k_test_00764_4e686855,2,0.0835
3,gsm8k_test_00865_a9462d35,1,0.017
3,gsm8k_test_00865_a9462d35,2,0.1826
3,gsm8k_test_00488_74ec858e,1,0.017
3,gsm8k_test_00488_74ec858e,2,0.0809
3,gsm8k_test_00457_2c6abaf1,1,0.0167
3,gsm8k_test_00457_2c6abaf1,2,0.0859
3,gsm8k_test_01239_e15c4625,1,0.0166
3,gsm8k_test_01239_e15c4625,2,0.0866
3,gsm8k_test_00489_a289e9a6,1,0.0168
3,gsm8k_test_00489_a289e9a6,2,0.1432
3,gsm8k_test_00751_f1f9462a,1,0.017
3,gsm8k_test_00751_f1f9462a,2,0.0772
3,gsm8k_test_00132_77a67df7,1,0.0168
3,gsm8k_test_00132_77a67df7,2,0.1526
3,gsm8k_test_00335_60add6c9,1,0.0179
3,gsm8k_test_00335_60add6c9,2,0.1039
3,gsm8k_test_00003_2bcc778b,1,0.0169
3,gsm8k_test_00003_2bcc778b,2,0.0853
3,gsm8k_test_00054_0deb5903,1,0.0166
3,gsm8k_test_00054_0deb5903,2,0.0998
4,gsm8k_test_00215_ffc8fac5,1,0.0183
4,gsm8k_test_00215_ffc8fac5,2,0.094
4,gsm8k_test_00255_f62f9313,1,0.017
4,gsm8k_test_00255_f62f9313,2,0.0741
4,gsm8k_test_01106_a7b8cc0f,1,0.0163
4,gsm8k_test_01106_a7b8cc0f,2,0.1043
4,gsm8k_test_00073_61963453,1,0.0164
4,gsm8k_test_00073_61963453,2,0.1081
4,gsm8k_test_00500_347dd970,1,0.0167
4,gsm8k_test_00500_347dd970,2,0.1522
4,gsm8k_test_00339_e85f8fac,1,0.0168
4,gsm8k_test_00339_e85f8fac,2,0.0834
4,gsm8k_test_00508_b698b79e,1,0.0166
4,gsm8k_test_00508_b698b79e,2,0.0831
4,gsm8k_test_00658_4cfceb7f,1,0.0165
4,gsm8k_test_00658_4cfceb7f,2,0.1123
4,gsm8k_test_00369_a962d6e4,1,0.0169
4,gsm8k_test_00369_a962d6e4,2,0.088
4,gsm8k_test_01131_1821fbe3,1,0.017
4,gsm8k_test_01131_1821fbe3,2,0.1041
4,gsm8k_test_01115_de408347,1,0.0164
4,gsm8k_test_01115_de408347,2,0.0986
4,gsm8k_test_00857_9ac256be,1,0.0168
4,gsm8k_test_00857_9ac256be,2,0.1016
4,gsm8k_test_01088_a5a07975,1,0.0168
4,gsm8k_test_01088_a5a07975,2,0.0996
4,gsm8k_test_00244_41946f32,1,0.017
4,gsm8k_test_00244_41946f32,2,0.1618
4,gsm8k_test_01017_8f65effa,1,0.0167
4,gsm8k_test_01017_8f65effa,2,0.1046
4,gsm8k_test_00844_e5790a05,1,0.0169
4,gsm8k_test_00844_e5790a05,2,0.0849
4,gsm8k_test_00483_6ac6556f,1,0.0165
4,gsm8k_test_00483_6ac6556f,2,0.0749
4,gsm8k_test_00907_31c0f791,1,0.0175
4,gsm8k_test_00907_31c0f791,2,0.1139
4,gsm8k_test_00257_a7b9c6ad,1,0.0174
4,gsm8k_test_00257_a7b9c6ad,2,0.0764
4,gsm8k_test_01032_528db496,1,0.0169
4,gsm8k_test_01032_528db496,2,0.176
4,gsm8k_test_01212_942edef3,1,0.0169
4,gsm8k_test_01212_942edef3,2,0.0883
4,gsm8k_test_00493_ff7f7a50,1,0.0183
4,gsm8k_test_00493_ff7f7a50,2,0.0769
4,gsm8k_test_00476_530143bc,1,0.017
4,gsm8k_test_00476_530143bc,2,0.1049
4,gsm8k_test_01061_46437934,1,0.0166
4,gsm8k_test_01061_46437934,2,0.0889
4,gsm8k_test_00524_2ca46751,1,0.0166
4,gsm8k_test_00524_2ca46751,2,0.1111
4,gsm8k_test_00881_9c3e1462,1,0.0165
4,gsm8k_test_00881_9c3e1462,2,0.0861
4,gsm8k_test_00879_22a8d3e2,1,0.0164
4,gsm8k_test_00879_22a8d3e2,2,0.0905
4,gsm8k_test_00773_2a63721b,1,0.0167
4,gsm8k_test_00773_2a63721b,2,0.0873
4,gsm8k_test_00435_2db4b8f3,1,0.0163
4,gsm8k_test_00435_2db4b8f3,2,0.1248
4,gsm8k_test_00418_9dc873fd,1,0.017
4,gsm8k_test_00418_9dc873fd,2,0.1011
4,gsm8k_test_00431_5a59e693,1,0.0171
4,gsm8k_test_00431_5a59e693,2,0.0765
4,gsm8k_test_00274_8ad9c225,1,0.0165
4,gsm8k_test_00274_8ad9c225,2,0.1099
4,gsm8k_test_00510_fa7b7d0d,1,0.0167
4,gsm8k_test_00510_fa7b7d0d,2,0.1018
4,gsm8k_test_01031_1e5fbd2e,1,0.0168
4,gsm8k_test_01031_1e5fbd2e,2,0.0824
4,gsm8k_test_00085_bebacd2d,1,0.0177
4,gsm8k_test_00085_bebacd2d,2,0.0936
4,gsm8k_test_00477_acf3bbda,1,0.0167
4,gsm8k_test_00477_acf3bbda,2,0.0887
4,gsm8k_test_00450_9d1539f5,1,0.0182
4,gsm8k_test_00450_9d1539f5,2,0.081
4,gsm8k_test_00120_3ea258aa,1,0.0323
4,gsm8k_test_00120_3ea258aa,2,0.0938
4,gsm8k_test_01179_74219b79,1,0.0168
4,gsm8k_test_01179_74219b79,2,0.0763
4,gsm8k_test_00902_a6cf7cc1,1,0.0163
4,gsm8k_test_00902_a6cf7cc1,2,0.0779
4,gsm8k_test_01051_51548cd5,1,0.0161
4,gsm8k_test_01051_51548cd5,2,0.0753
4,gsm8k_test_00249_3c77f17a,1,0.0164
4,gsm8k_test_00249_3c77f17a,2,0.079
4,gsm8k_test_00347_22e2357c,1,0.0166
4,gsm8k_test_00347_22e2357c,2,0.1019
4,gsm8k_test_01086_87c2dae5,1,0.0166
4,gsm8k_test_01086_87c2dae5,2,0.1503
4,gsm8k_test_00323_e8fd8c2c,1,0.0215
4,gsm8k_test_00323_e8fd8c2c,2,0.2021
4,gsm8k_test_00604_67b9756f,1,0.0407
4,gsm8k_test_00604_67b9756f,2,0.198
4,gsm8k_test_00011_eb5fcd08,1,0.0429
4,gsm8k_test_00011_eb5fcd08,2,0.2093
4,gsm8k_test_01078_626c598e,1,0.0698
4,gsm8k_test_01078_626c598e,2,0.1966
4,gsm8k_test_00848_2343423f,1,0.0459
4,gsm8k_test_00848_2343423f,2,0.2914
4,gsm8k_test_00241_c3ad555a,1,0.0272
4,gsm8k_test_00241_c3ad555a,2,0.1631
4,gsm8k_test_00757_56918e68,1,0.0261
4,gsm8k_test_00757_56918e68,2,0.1546
4,gsm8k_test_00743_f7828584,1,0.028
4,gsm8k_test_00743_f7828584,2,0.1443
4,gsm8k_test_00904_017cd46a,1,0.0253
4,gsm8k_test_00904_017cd46a,2,0.2355
4,gsm8k_test_00331_796ada94,1,0.0275
4,gsm8k_test_00331_796ada94,2,0.1811
4,gsm8k_test_00663_5181789e,1,0.0379
4,gsm8k_test_00663_5181789e,2,0.1119
4,gsm8k_test_00761_3e0b56bd,1,0.0202
4,gsm8k_test_00761_3e0b56bd,2,0.0929
4,gsm8k_test_00281_03fb10d6,1,0.0172
4,gsm8k_test_00281_03fb10d6,2,0.152
4,gsm8k_test_00277_cc59173f,1,0.0181
4,gsm8k_test_00277_cc59173f,2,0.1866
4,gsm8k_test_00146_7d6e6c59,1,0.0182
4,gsm8k_test_00146_7d6e6c59,2,0.096
4,gsm8k_test_00433_84c4dcad,1,0.0536
4,gsm8k_test_00433_84c4dcad,2,0.256
4,gsm8k_test_00854_91656af4,1,0.0471
4,gsm8k_test_00854_91656af4,2,0.1718
4,gsm8k_test_00020_ff69618a,1,0.0211
4,gsm8k_test_00020_ff69618a,2,0.1593
4,gsm8k_test_00910_1943aa9b,1,0.0187
4,gsm8k_test_00910_1943aa9b,2,0.2161
4,gsm8k_test_00268_52b4e246,1,0.0211
4,gsm8k_test_00268_52b4e246,2,0.096
4,gsm8k_test_00548_34620e87,1,0.0168
4,gsm8k_test_00548_34620e87,2,0.1044
4,gsm8k_test_00080_80005895,1,0.018
4,gsm8k_test_00080_80005895,2,0.1142
4,gsm8k_test_00343_ed40523b,1,0.0171
4,gsm8k_test_00343_ed40523b,2,0.0983
4,gsm8k_test_00577_edd373a6,1,0.0165
4,gsm8k_test_00577_edd373a6,2,0.0772
4,gsm8k_test_00559_4bf74031,1,0.0168
4,gsm8k_test_00559_4bf74031,2,0.0746
4,gsm8k_test_01021_381bd36c,1,0.0163
4,gsm8k_test_01021_381bd36c,2,0.1032
4,gsm8k_test_00301_1bab74b7,1,0.0168
4,gsm8k_test_00301_1bab74b7,2,0.0876
4,gsm8k_test_00473_8db92231,1,0.0167
4,gsm8k_test_00473_8db92231,2,0.0739
4,gsm8k_test_00217_c9e36708,1,0.0163
4,gsm8k_test_00217_c9e36708,2,0.1134
4,gsm8k_test_00309_9807d6af,1,0.0162
4,gsm8k_test_00309_9807d6af,2,0.0732
4,gsm8k_test_00815_66561af1,1,0.0165
4,gsm8k_test_00815_66561af1,2,0.1116
4,gsm8k_test_00620_864f5666,1,0.0167
4,gsm8k_test_00620_864f5666,2,0.0958
4,gsm8k_test_00537_0a6cb6b4,1,0.0167
4,gsm8k_test_00537_0a6cb6b4,2,0.1066
4,gsm8k_test_01140_9022fd81,1,0.0168
4,gsm8k_test_01140_9022fd81,2,0.0846
4,gsm8k_test_00460_6ef4718b,1,0.0184
4,gsm8k_test_00460_6ef4718b,2,0.0954
4,gsm8k_test_01307_36cb7728,1,0.017
4,gsm8k_test_01307_36cb7728,2,0.0788
4,gsm8k_test_00049_2c2c57ad,1,0.0166
4,gsm8k_test_00049_2c2c57ad,2,0.1193
4,gsm8k_test_00870_ff9fb8f2,1,0.017
4,gsm8k_test_00870_ff9fb8f2,2,0.0921
4,gsm8k_test_00816_52b20c27,1,0.0168
4,gsm8k_test_00816_52b20c27,2,0.0823
4,gsm8k_test_00936_a1f79cfc,1,0.0167
4,gsm8k_test_00936_a1f79cfc,2,0.0979
4,gsm8k_test_00828_2f7755e1,1,0.017
4,gsm8k_test_00828_2f7755e1,2,0.0971
4,gsm8k_test_01244_b58f9541,1,0.0164
4,gsm8k_test_01244_b58f9541,2,0.1062
4,gsm8k_test_01151_92815c9d,1,0.0166
4,gsm8k_test_01151_92815c9d,2,0.1179
4,gsm8k_test_01134_36c6bd38,1,0.017
4,gsm8k_test_01134_36c6bd38,2,0.0754
4,gsm8k_test_00502_52aedfd3,1,0.0163
4,gsm8k_test_00502_52aedfd3,2,0.0841
4,gsm8k_test_00764_4e686855,1,0.0163
4,gsm8k_test_00764_4e686855,2,0.0835
4,gsm8k_test_00865_a9462d35,1,0.0168
4,gsm8k_test_00865_a9462d35,2,0.1884
4,gsm8k_test_00488_74ec858e,1,0.0168
4,gsm8k_test_00488_74ec858e,2,0.0823
4,gsm8k_test_00457_2c6abaf1,1,0.0168
4,gsm8k_test_00457_2c6abaf1,2,0.0867
4,gsm8k_test_01239_e15c4625,1,0.0166
4,gsm8k_test_01239_e15c4625,2,0.0881
4,gsm8k_test_00489_a289e9a6,1,0.0165
4,gsm8k_test_00489_a289e9a6,2,0.1431
4,gsm8k_test_00751_f1f9462a,1,0.0171
4,gsm8k_test_00751_f1f9462a,2,0.0777
4,gsm8k_test_00132_77a67df7,1,0.0164
4,gsm8k_test_00132_77a67df7,2,0.1528
4,gsm8k_test_00335_60add6c9,1,0.0167
4,gsm8k_test_00335_60add6c9,2,0.1017
4,gsm8k_test_00003_2bcc778b,1,0.0169
4,gsm8k_test_00003_2bcc778b,2,0.0857
4,gsm8k_test_00054_0deb5903,1,0.0164
4,gsm8k_test_00054_0deb5903,2,0.1
5,gsm8k_test_00215_ffc8fac5,1,0.0181
5,gsm8k_test_00215_ffc8fac5,2,0.0954
5,gsm8k_test_00255_f62f9313,1,0.0178
5,gsm8k_test_00255_f62f9313,2,0.0737
5,gsm8k_test_01106_a7b8cc0f,1,0.0168
5,gsm8k_test_01106_a7b8cc0f,2,0.1074
5,gsm8k_test_00073_61963453,1,0.018
5,gsm8k_test_00073_61963453,2,0.1125
5,gsm8k_test_00500_347dd970,1,0.0171
5,gsm8k_test_00500_347dd970,2,0.1534
5,gsm8k_test_00339_e85f8fac,1,0.0169
5,gsm8k_test_00339_e85f8fac,2,0.085
5,gsm8k_test_00508_b698b79e,1,0.0168
5,gsm8k_test_00508_b698b79e,2,0.0882
5,gsm8k_test_00658_4cfceb7f,1,0.017
5,gsm8k_test_00658_4cfceb7f,2,0.1126
5,gsm8k_test_00369_a962d6e4,1,0.0168
5,gsm8k_test_00369_a962d6e4,2,0.0874
5,gsm8k_test_01131_1821fbe3,1,0.0166
5,gsm8k_test_01131_1821fbe3,2,0.1037
5,gsm8k_test_01115_de408347,1,0.0165
5,gsm8k_test_01115_de408347,2,0.0823
5,gsm8k_test_00857_9ac256be,1,0.0169
5,gsm8k_test_00857_9ac256be,2,0.1
5,gsm8k_test_01088_a5a07975,1,0.0166
5,gsm8k_test_01088_a5a07975,2,0.1004
5,gsm8k_test_00244_41946f32,1,0.0167
5,gsm8k_test_00244_41946f32,2,0.1638
5,gsm8k_test_01017_8f65effa,1,0.0165
5,gsm8k_test_01017_8f65effa,2,0.1062
5,gsm8k_test_00844_e5790a05,1,0.0168
5,gsm8k_test_00844_e5790a05,2,0.0981
5,gsm8k_test_00483_6ac6556f,1,0.0167
5,gsm8k_test_00483_6ac6556f,2,0.0762
5,gsm8k_test_00907_31c0f791,1,0.0165
5,gsm8k_test_00907_31c0f791,2,0.1142
5,gsm8k_test_00257_a7b9c6ad,1,0.0173
5,gsm8k_test_00257_a7b9c6ad,2,0.0756
5,gsm8k_test_01032_528db496,1,0.017
5,gsm8k_test_01032_528db496,2,0.175
5,gsm8k_test_01212_942edef3,1,0.0168
5,gsm8k_test_01212_942edef3,2,0.087
5,gsm8k_test_00493_ff7f7a50,1,0.0178
5,gsm8k_test_00493_ff7f7a50,2,0.0774
5,gsm8k_test_00476_530143bc,1,0.0171
5,gsm8k_test_00476_530143bc,2,0.134
5,gsm8k_test_01061_46437934,1,0.0177
5,gsm8k_test_01061_46437934,2,0.0778
5,gsm8k_test_00524_2ca46751,1,0.031
5,gsm8k_test_00524_2ca46751,2,0.1186
5,gsm8k_test_00881_9c3e1462,1,0.0172
5,gsm8k_test_00881_9c3e1462,2,0.0887
5,gsm8k_test_00879_22a8d3e2,1,0.0169
5,gsm8k_test_00879_22a8d3e2,2,0.091
5,gsm8k_test_00773_2a63721b,1,0.017
5,gsm8k_test_00773_2a63721b,2,0.088
5,gsm8k_test_00435_2db4b8f3,1,0.0168
5,gsm8k_test_00435_2db4b8f3,2,0.1409
5,gsm8k_test_00418_9dc873fd,1,0.0173
5,gsm8k_test_00418_9dc873fd,2,0.1043
5,gsm8k_test_00431_5a59e693,1,0.0168
5,gsm8k_test_00431_5a59e693,2,0.0767
5,gsm8k_test_00274_8ad9c225,1,0.0169
5,gsm8k_test_00274_8ad9c225,2,0.1115
5,gsm8k_test_00510_fa7b7d0d,1,0.0171
5,gsm8k_test_00510_fa7b7d0d,2,0.1019
5,gsm8k_test_01031_1e5fbd2e,1,0.0168
5,gsm8k_test_01031_1e5fbd2e,2,0.0821
5,gsm8k_test_00085_bebacd2d,1,0.0177
5,gsm8k_test_00085_bebacd2d,2,0.0942
5,gsm8k_test_00477_acf3bbda,1,0.0168
5,gsm8k_test_00477_acf3bbda,2,0.0756
5,gsm8k_test_00450_9d1539f5,1,0.0165
5,gsm8k_test_00450_9d1539f5,2,0.0764
5,gsm8k_test_00120_3ea258aa,1,0.0168
5,gsm8k_test_00120_3ea258aa,2,0.0909
5,gsm8k_test_01179_74219b79,1,0.0167
5,gsm8k_test_01179_74219b79,2,0.0756
5,gsm8k_test_00902_a6cf7cc1,1,0.0166
5,gsm8k_test_00902_a6cf7cc1,2,0.0771
5,gsm8k_test_01051_51548cd5,1,0.0165
5,gsm8k_test_01051_51548cd5,2,0.0754
5,gsm8k_test_00249_3c77f17a,1,0.017
5,gsm8k_test_00249_3c77f17a,2,0.0794
5,gsm8k_test_00347_22e2357c,1,0.0166
5,gsm8k_test_00347_22e2357c,2,0.2387
5,gsm8k_test_01086_87c2dae5,1,0.0229
5,gsm8k_test_01086_87c2dae5,2,0.1478
5,gsm8k_test_00323_e8fd8c2c,1,0.0213
5,gsm8k_test_00323_e8fd8c2c,2,0.174
5,gsm8k_test_00604_67b9756f,1,0.0223
5,gsm8k_test_00604_67b9756f,2,0.1401
5,gsm8k_test_00011_eb5fcd08,1,0.0278
5,gsm8k_test_00011_eb5fcd08,2,0.1537
5,gsm8k_test_01078_626c598e,1,0.0237
5,gsm8k_test_01078_626c598e,2,0.1756
5,gsm8k_test_00848_2343423f,1,0.0394
5,gsm8k_test_00848_2343423f,2,0.2808
5,gsm8k_test_00241_c3ad555a,1,0.0377
5,gsm8k_test_00241_c3ad555a,2,0.1833
5,gsm8k_test_00757_56918e68,1,0.0724
5,gsm8k_test_00757_56918e68,2,0.2269
5,gsm8k_test_00743_f7828584,1,0.0239
5,gsm8k_test_00743_f7828584,2,0.1081
5,gsm8k_test_00904_017cd46a,1,0.0185
5,gsm8k_test_00904_017cd46a,2,0.1376
5,gsm8k_test_00331_796ada94,1,0.0181
5,gsm8k_test_00331_796ada94,2,0.1148
5,gsm8k_test_00663_5181789e,1,0.0173
5,gsm8k_test_00663_5181789e,2,0.1133
5,gsm8k_test_00761_3e0b56bd,1,0.0178
5,gsm8k_test_00761_3e0b56bd,2,0.0903
5,gsm8k_test_00281_03fb10d6,1,0.0172
5,gsm8k_test_00281_03fb10d6,2,0.1501
5,gsm8k_test_00277_cc59173f,1,0.017
5,gsm8k_test_00277_cc59173f,2,0.1624
5,gsm8k_test_00146_7d6e6c59,1,0.0179
5,gsm8k_test_00146_7d6e6c59,2,0.094
5,gsm8k_test_00433_84c4dcad,1,0.0185
5,gsm8k_test_00433_84c4dcad,2,0.0933
5,gsm8k_test_00854_91656af4,1,0.018
5,gsm8k_test_00854_91656af4,2,0.159
5,gsm8k_test_00020_ff69618a,1,0.0228
5,gsm8k_test_00020_ff69618a,2,0.1964
5,gsm8k_test_00910_1943aa9b,1,0.0227
5,gsm8k_test_00910_1943aa9b,2,0.1605
5,gsm8k_test_00268_52b4e246,1,0.0181
5,gsm8k_test_00268_52b4e246,2,0.0905
5,gsm8k_test_00548_34620e87,1,0.017
5,gsm8k_test_00548_34620e87,2,0.0811
5,gsm8k_test_00080_80005895,1,0.0172
5,gsm8k_test_00080_80005895,2,0.1095
5,gsm8k_test_00343_ed40523b,1,0.0169
5,gsm8k_test_00343_ed40523b,2,0.0979
5,gsm8k_test_00577_edd373a6,1,0.0167
5,gsm8k_test_00577_edd373a6,2,0.0764
5,gsm8k_test_00559_4bf74031,1,0.0167
5,gsm8k_test_00559_4bf74031,2,0.0736
5,gsm8k_test_01021_381bd36c,1,0.0164
5,gsm8k_test_01021_381bd36c,2,0.1024
5,gsm8k_test_00301_1bab74b7,1,0.0168
5,gsm8k_test_00301_1bab74b7,2,0.0882
5,gsm8k_test_00473_8db92231,1,0.0167
5,gsm8k_test_00473_8db92231,2,0.0746
5,gsm8k_test_00217_c9e36708,1,0.0169
5,gsm8k_test_00217_c9e36708,2,0.1135
5,gsm8k_test_00309_9807d6af,1,0.0168
5,gsm8k_test_00309_9807d6af,2,0.0781
5,gsm8k_test_00815_66561af1,1,0.0167
5,gsm8k_test_00815_66561af1,2,0.1127
5,gsm8k_test_00620_864f5666,1,0.0168
5,gsm8k_test_00620_864f5666,2,0.0959
5,gsm8k_test_00537_0a6cb6b4,1,0.0169
5,gsm8k_test_00537_0a6cb6b4,2,0.0863
5,gsm8k_test_01140_9022fd81,1,0.0168
5,gsm8k_test_01140_9022fd81,2,0.0829
5,gsm8k_test_00460_6ef4718b,1,0.018
5,gsm8k_test_00460_6ef4718b,2,0.0938
5,gsm8k_test_01307_36cb7728,1,0.0174
5,gsm8k_test_01307_36cb7728,2,0.079
5,gsm8k_test_00049_2c2c57ad,1,0.0169
5,gsm8k_test_00049_2c2c57ad,2,0.1182
5,gsm8k_test_00870_ff9fb8f2,1,0.0168
5,gsm8k_test_00870_ff9fb8f2,2,0.0915
5,gsm8k_test_00816_52b20c27,1,0.0167
5,gsm8k_test_00816_52b20c27,2,0.0816
5,gsm8k_test_00936_a1f79cfc,1,0.0166
5,gsm8k_test_00936_a1f79cfc,2,0.0973
5,gsm8k_test_00828_2f7755e1,1,0.0165
5,gsm8k_test_00828_2f7755e1,2,0.0975
5,gsm8k_test_01244_b58f9541,1,0.0162
5,gsm8k_test_01244_b58f9541,2,0.1065
5,gsm8k_test_01151_92815c9d,1,0.0166
5,gsm8k_test_01151_92815c9d,2,0.0896
5,gsm8k_test_01134_36c6bd38,1,0.0304
5,gsm8k_test_01134_36c6bd38,2,0.0773
5,gsm8k_test_00502_52aedfd3,1,0.0169
5,gsm8k_test_00502_52aedfd3,2,0.0847
5,gsm8k_test_00764_4e686855,1,0.0167
5,gsm8k_test_00764_4e686855,2,0.0833
5,gsm8k_test_00865_a9462d35,1,0.017
5,gsm8k_test_00865_a9462d35,2,0.1844
5,gsm8k_test_00488_74ec858e,1,0.0167
5,gsm8k_test_00488_74ec858e,2,0.0822
5,gsm8k_test_00457_2c6abaf1,1,0.0164
5,gsm8k_test_00457_2c6abaf1,2,0.0855
5,gsm8k_test_01239_e15c4625,1,0.0164
5,gsm8k_test_01239_e15c4625,2,0.0884
5,gsm8k_test_00489_a289e9a6,1,0.0164
5,gsm8k_test_00489_a289e9a6,2,0.1442
5,gsm8k_test_00751_f1f9462a,1,0.017
5,gsm8k_test_00751_f1f9462a,2,0.0786
5,gsm8k_test_00132_77a67df7,1,0.0163
5,gsm8k_test_00132_77a67df7,2,0.1547
5,gsm8k_test_00335_60add6c9,1,0.0168
5,gsm8k_test_00335_60add6c9,2,0.1019
5,gsm8k_test_00003_2bcc778b,1,0.0166
5,gsm8k_test_00003_2bcc778b,2,0.0842
5,gsm8k_test_00054_0deb5903,1,0.0167
5,gsm8k_test_00054_0deb5903,2,0.0996
6,gsm8k_test_00215_ffc8fac5,1,0.0305
6,gsm8k_test_00215_ffc8fac5,2,0.098
6,gsm8k_test_00255_f62f9313,1,0.017
6,gsm8k_test_00255_f62f9313,2,0.0742
6,gsm8k_test_01106_a7b8cc0f,1,0.0163
6,gsm8k_test_01106_a7b8cc0f,2,0.1051
6,gsm8k_test_00073_61963453,1,0.0169
6,gsm8k_test_00073_61963453,2,0.1099
6,gsm8k_test_00500_347dd970,1,0.0169
6,gsm8k_test_00500_347dd970,2,0.1526
6,gsm8k_test_00339_e85f8fac,1,0.0166
6,gsm8k_test_00339_e85f8fac,2,0.0845
6,gsm8k_test_00508_b698b79e,1,0.0163
6,gsm8k_test_00508_b698b79e,2,0.084
6,gsm8k_test_00658_4cfceb7f,1,0.0164
6,gsm8k_test_00658_4cfceb7f,2,0.1114
6,gsm8k_test_00369_a962d6e4,1,0.0169
6,gsm8k_test_00369_a962d6e4,2,0.0879
6,gsm8k_test_01131_1821fbe3,1,0.0165
6,gsm8k_test_01131_1821fbe3,2,0.1049
6,gsm8k_test_01115_de408347,1,0.0166
6,gsm8k_test_01115_de408347,2,0.0842
6,gsm8k_test_00857_9ac256be,1,0.0302
6,gsm8k_test_00857_9ac256be,2,0.2266
6,gsm8k_test_01088_a5a07975,1,0.0218
6,gsm8k_test_01088_a5a07975,2,0.1339
6,gsm8k_test_00244_41946f32,1,0.0173
6,gsm8k_test_00244_41946f32,2,0.1659
6,gsm8k_test_01017_8f65effa,1,0.0173
6,gsm8k_test_01017_8f65effa,2,0.1072
6,gsm8k_test_00844_e5790a05,1,0.0169
6,gsm8k_test_00844_e5790a05,2,0.0854
6,gsm8k_test_00483_6ac6556f,1,0.017
6,gsm8k_test_00483_6ac6556f,2,0.075
6,gsm8k_test_00907_31c0f791,1,0.0164
6,gsm8k_test_00907_31c0f791,2,0.1145
6,gsm8k_test_00257_a7b9c6ad,1,0.0171
6,gsm8k_test_00257_a7b9c6ad,2,0.0764
6,gsm8k_test_01032_528db496,1,0.0162
6,gsm8k_test_01032_528db496,2,0.2073
6,gsm8k_test_01212_942edef3,1,0.0181
6,gsm8k_test_01212_942edef3,2,0.0918
6,gsm8k_test_00493_ff7f7a50,1,0.0185
6,gsm8k_test_00493_ff7f7a50,2,0.1175
6,gsm8k_test_00476_530143bc,1,0.0185
6,gsm8k_test_00476_530143bc,2,0.1113
6,gsm8k_test_01061_46437934,1,0.0171
6,gsm8k_test_01061_46437934,2,0.0761
6,gsm8k_test_00524_2ca46751,1,0.0169
6,gsm8k_test_00524_2ca46751,2,0.1311
6,gsm8k_test_00881_9c3e1462,1,0.0168
6,gsm8k_test_00881_9c3e1462,2,0.0897
6,gsm8k_test_00879_22a8d3e2,1,0.017
6,gsm8k_test_00879_22a8d3e2,2,0.0913
6,gsm8k_test_00773_2a63721b,1,0.0168
6,gsm8k_test_00773_2a63721b,2,0.0887
6,gsm8k_test_00435_2db4b8f3,1,0.0169
6,gsm8k_test_00435_2db4b8f3,2,0.1254
6,gsm8k_test_00418_9dc873fd,1,0.0171
6,gsm8k_test_00418_9dc873fd,2,0.1018
6,gsm8k_test_00431_5a59e693,1,0.0169
6,gsm8k_test_00431_5a59e693,2,0.0764
6,gsm8k_test_00274_8ad9c225,1,0.0169
6,gsm8k_test_00274_8ad9c225,2,0.1108
6,gsm8k_test_00510_fa7b7d0d,1,0.0171
6,gsm8k_test_00510_fa7b7d0d,2,0.1017
6,gsm8k_test_01031_1e5fbd2e,1,0.0165
6,gsm8k_test_01031_1e5fbd2e,2,0.0835
6,gsm8k_test_00085_bebacd2d,1,0.0188
6,gsm8k_test_00085_bebacd2d,2,0.0963
6,gsm8k_test_00477_acf3bbda,1,0.0173
6,gsm8k_test_00477_acf3bbda,2,0.2225
6,gsm8k_test_00450_9d1539f5,1,0.045
6,gsm8k_test_00450_9d1539f5,2,0.2237
6,gsm8k_test_00120_3ea258aa,1,0.0494
6,gsm8k_test_00120_3ea258aa,2,0.2352
6,gsm8k_test_01179_74219b79,1,0.0389
6,gsm8k_test_01179_74219b79,2,0.1891
6,gsm8k_test_00902_a6cf7cc1,1,0.0397
6,gsm8k_test_00902_a6cf7cc1,2,0.1987
6,gsm8k_test_01051_51548cd5,1,0.0386
6,gsm8k_test_01051_51548cd5,2,0.2003
6,gsm8k_test_00249_3c77f17a,1,0.0376
6,gsm8k_test_00249_3c77f17a,2,0.1993
6,gsm8k_test_00347_22e2357c,1,0.0388
6,gsm8k_test_00347_22e2357c,2,0.3019
6,gsm8k_test_01086_87c2dae5,1,0.0526
6,gsm8k_test_01086_87c2dae5,2,0.2288
6,gsm8k_test_00323_e8fd8c2c,1,0.0354
6,gsm8k_test_00323_e8fd8c2c,2,0.2396
6,gsm8k_test_00604_67b9756f,1,0.0394
6,gsm8k_test_00604_67b9756f,2,0.1989
6,gsm8k_test_00011_eb5fcd08,1,0.0225
6,gsm8k_test_00011_eb5fcd08,2,0.1038
6,gsm8k_test_01078_626c598e,1,0.0185
6,gsm8k_test_01078_626c598e,2,0.0835
6,gsm8k_test_00848_2343423f,1,0.0177
6,gsm8k_test_00848_2343423f,2,0.1163
6,gsm8k_test_00241_c3ad555a,1,0.0174
6,gsm8k_test_00241_c3ad555a,2,0.077
6,gsm8k_test_00757_56918e68,1,0.0174
6,gsm8k_test_00757_56918e68,2,0.1078
6,gsm8k_test_00743_f7828584,1,0.031
6,gsm8k_test_00743_f7828584,2,0.1596
6,gsm8k_test_00904_017cd46a,1,0.0245
6,gsm8k_test_00904_017cd46a,2,0.2322
6,gsm8k_test_00331_796ada94,1,0.0224
6,gsm8k_test_00331_796ada94,2,0.1773
6,gsm8k_test_00663_5181789e,1,0.0253
6,gsm8k_test_00663_5181789e,2,0.1559
6,gsm8k_test_00761_3e0b56bd,1,0.0334
6,gsm8k_test_00761_3e0b56bd,2,0.2123
6,gsm8k_test_00281_03fb10d6,1,0.0329
6,gsm8k_test_00281_03fb10d6,2,0.451
6,gsm8k_test_00277_cc59173f,1,0.039
6,gsm8k_test_00277_cc59173f,2,0.4061
6,gsm8k_test_00146_7d6e6c59,1,0.0248
6,gsm8k_test_00146_7d6e6c59,2,0.2707
6,gsm8k_test_00433_84c4dcad,1,0.0388
6,gsm8k_test_00433_84c4dcad,2,0.279
6,gsm8k_test_00854_91656af4,1,0.0378
6,gsm8k_test_00854_91656af4,2,0.2061
6,gsm8k_test_00020_ff69618a,1,0.0384
6,gsm8k_test_00020_ff69618a,2,0.2158
6,gsm8k_test_00910_1943aa9b,1,0.0235
6,gsm8k_test_00910_1943aa9b,2,0.1726
6,gsm8k_test_00268_52b4e246,1,0.019
6,gsm8k_test_00268_52b4e246,2,0.0929
6,gsm8k_test_00548_34620e87,1,0.0177
6,gsm8k_test_00548_34620e87,2,0.0836
6,gsm8k_test_00080_80005895,1,0.0172
6,gsm8k_test_00080_80005895,2,0.1112
6,gsm8k_test_00343_ed40523b,1,0.0171
6,gsm8k_test_00343_ed40523b,2,0.0972
6,gsm8k_test_00577_edd373a6,1,0.017
6,gsm8k_test_00577_edd373a6,2,0.0769
6,gsm8k_test_00559_4bf74031,1,0.0169
6,gsm8k_test_00559_4bf74031,2,0.0751
6,gsm8k_test_01021_381bd36c,1,0.0165
6,gsm8k_test_01021_381bd36c,2,0.1039
6,gsm8k_test_00301_1bab74b7,1,0.0173
6,gsm8k_test_00301_1bab74b7,2,0.0882
6,gsm8k_test_00473_8db92231,1,0.0169
6,gsm8k_test_00473_8db92231,2,0.075
6,gsm8k_test_00217_c9e36708,1,0.0162
6,gsm8k_test_00217_c9e36708,2,0.1271
6,gsm8k_test_00309_9807d6af,1,0.0168
6,gsm8k_test_00309_9807d6af,2,0.0754
6,gsm8k_test_00815_66561af1,1,0.0169
6,gsm8k_test_00815_66561af1,2,0.1123
6,gsm8k_test_00620_864f5666,1,0.0174
6,gsm8k_test_00620_864f5666,2,0.0966
6,gsm8k_test_00537_0a6cb6b4,1,0.0169
6,gsm8k_test_00537_0a6cb6b4,2,0.1073
6,gsm8k_test_01140_9022fd81,1,0.0173
6,gsm8k_test_01140_9022fd81,2,0.0853
6,gsm8k_test_00460_6ef4718b,1,0.0186
6,gsm8k_test_00460_6ef4718b,2,0.095
6,gsm8k_test_01307_36cb7728,1,0.0171
6,gsm8k_test_01307_36cb7728,2,0.0793
6,gsm8k_test_00049_2c2c57ad,1,0.0168
6,gsm8k_test_00049_2c2c57ad,2,0.1196
6,gsm8k_test_00870_ff9fb8f2,1,0.0168
6,gsm8k_test_00870_ff9fb8f2,2,0.0932
6,gsm8k_test_00816_52b20c27,1,0.0169
6,gsm8k_test_00816_52b20c27,2,0.0825
6,gsm8k_test_00936_a1f79cfc,1,0.0168
6,gsm8k_test_00936_a1f79cfc,2,0.0984
6,gsm8k_test_00828_2f7755e1,1,0.0167
6,gsm8k_test_00828_2f7755e1,2,0.0973
6,gsm8k_test_01244_b58f9541,1,0.0164
6,gsm8k_test_01244_b58f9541,2,0.1074
6,gsm8k_test_01151_92815c9d,1,0.0167
6,gsm8k_test_01151_92815c9d,2,0.0897
6,gsm8k_test_01134_36c6bd38,1,0.0162
6,gsm8k_test_01134_36c6bd38,2,0.0742
6,gsm8k_test_00502_52aedfd3,1,0.0165
6,gsm8k_test_00502_52aedfd3,2,0.0847
6,gsm8k_test_00764_4e686855,1,0.0161
6,gsm8k_test_00764_4e686855,2,0.0831
6,gsm8k_test_00865_a9462d35,1,0.0166
6,gsm8k_test_00865_a9462d35,2,0.1986
6,gsm8k_test_00488_74ec858e,1,0.017
6,gsm8k_test_00488_74ec858e,2,0.0824
6,gsm8k_test_00457_2c6abaf1,1,0.0167
6,gsm8k_test_00457_2c6abaf1,2,0.0855
6,gsm8k_test_01239_e15c4625,1,0.0166
6,gsm8k_test_01239_e15c4625,2,0.0876
6,gsm8k_test_00489_a289e9a6,1,0.0171
6,gsm8k_test_00489_a289e9a6,2,0.1466
6,gsm8k_test_00751_f1f9462a,1,0.0167
6,gsm8k_test_00751_f1f9462a,2,0.0783
6,gsm8k_test_00132_77a67df7,1,0.0164
6,gsm8k_test_00132_77a67df7,2,0.1525
6,gsm8k_test_00335_60add6c9,1,0.017
6,gsm8k_test_00335_60add6c9,2,0.1005
6,gsm8k_test_00003_2bcc778b,1,0.0169
6,gsm8k_test_00003_2bcc778b,2,0.0845
6,gsm8k_test_00054_0deb5903,1,0.0166
6,gsm8k_test_00054_0deb5903,2,0.0999
7,gsm8k_test_00215_ffc8fac5,1,0.0182
7,gsm8k_test_00215_ffc8fac5,2,0.094
7,gsm8k_test_00255_f62f9313,1,0.0167
7,gsm8k_test_00255_f62f9313,2,0.0749
7,gsm8k_test_01106_a7b8cc0f,1,0.0164
7,gsm8k_test_01106_a7b8cc0f,2,0.1046
7,gsm8k_test_00073_61963453,1,0.0162
7,gsm8k_test_00073_61963453,2,0.1258
7,gsm8k_test_00500_347dd970,1,0.0172
7,gsm8k_test_00500_347dd970,2,0.1554
7,gsm8k_test_00339_e85f8fac,1,0.0172
7,gsm8k_test_00339_e85f8fac,2,0.085
7,gsm8k_test_00508_b698b79e,1,0.0168
7,gsm8k_test_00508_b698b79e,2,0.0845
7,gsm8k_test_00658_4cfceb7f,1,0.0167
7,gsm8k_test_00658_4cfceb7f,2,0.1353
7,gsm8k_test_00369_a962d6e4,1,0.0502
7,gsm8k_test_00369_a962d6e4,2,0.2173
7,gsm8k_test_01131_1821fbe3,1,0.0347
7,gsm8k_test_01131_1821fbe3,2,0.2388
7,gsm8k_test_01115_de408347,1,0.0209
7,gsm8k_test_01115_de408347,2,0.0959
7,gsm8k_test_00857_9ac256be,1,0.0174
7,gsm8k_test_00857_9ac256be,2,0.1048
7,gsm8k_test_01088_a5a07975,1,0.017
7,gsm8k_test_01088_a5a07975,2,0.1011
7,gsm8k_test_00244_41946f32,1,0.0169
7,gsm8k_test_00244_41946f32,2,0.1867
7,gsm8k_test_01017_8f65effa,1,0.0176
7,gsm8k_test_01017_8f65effa,2,0.1068
7,gsm8k_test_00844_e5790a05,1,0.0172
7,gsm8k_test_00844_e5790a05,2,0.0852
7,gsm8k_test_00483_6ac6556f,1,0.0169
7,gsm8k_test_00483_6ac6556f,2,0.0755
7,gsm8k_test_00907_31c0f791,1,0.017
7,gsm8k_test_00907_31c0f791,2,0.2205
7,gsm8k_test_00257_a7b9c6ad,1,0.0205
7,gsm8k_test_00257_a7b9c6ad,2,0.0875
7,gsm8k_test_01032_528db496,1,0.017
7,gsm8k_test_01032_528db496,2,0.1799
7,gsm8k_test_01212_942edef3,1,0.0171
7,gsm8k_test_01212_942edef3,2,0.0892
7,gsm8k_test_00493_ff7f7a50,1,0.0188
7,gsm8k_test_00493_ff7f7a50,2,0.08
7,gsm8k_test_00476_530143bc,1,0.017
7,gsm8k_test_00476_530143bc,2,0.1074
7,gsm8k_test_01061_46437934,1,0.0169
7,gsm8k_test_01061_46437934,2,0.0757
7,gsm8k_test_00524_2ca46751,1,0.0167
7,gsm8k_test_00524_2ca46751,2,0.1126
7,gsm8k_test_00881_9c3e1462,1,0.0166
7,gsm8k_test_00881_9c3e1462,2,0.1079
7,gsm8k_test_00879_22a8d3e2,1,0.0286
7,gsm8k_test_00879_22a8d3e2,2,0.1222
7,gsm8k_test_00773_2a63721b,1,0.0183
7,gsm8k_test_00773_2a63721b,2,0.0922
7,gsm8k_test_00435_2db4b8f3,1,0.0175
7,gsm8k_test_00435_2db4b8f3,2,0.257
7,gsm8k_test_00418_9dc873fd,1,0.0207
7,gsm8k_test_00418_9dc873fd,2,0.1126
7,gsm8k_test_00431_5a59e693,1,0.0422
7,gsm8k_test_00431_5a59e693,2,0.1787
7,gsm8k_test_00274_8ad9c225,1,0.0365
7,gsm8k_test_00274_8ad9c225,2,0.2141
7,gsm8k_test_00510_fa7b7d0d,1,0.0198
7,gsm8k_test_00510_fa7b7d0d,2,0.1151
7,gsm8k_test_01031_1e5fbd2e,1,0.0204
7,gsm8k_test_01031_1e5fbd2e,2,0.0919
7,gsm8k_test_00085_bebacd2d,1,0.0345
7,gsm8k_test_00085_bebacd2d,2,0.1233
7,gsm8k_test_00477_acf3bbda,1,0.0181
7,gsm8k_test_00477_acf3bbda,2,0.0802
7,gsm8k_test_00450_9d1539f5,1,0.0182
7,gsm8k_test_00450_9d1539f5,2,0.0791
7,gsm8k_test_00120_3ea258aa,1,0.0167
7,gsm8k_test_00120_3ea258aa,2,0.0933
7,gsm8k_test_01179_74219b79,1,0.0171
7,gsm8k_test_01179_74219b79,2,0.077
7,gsm8k_test_00902_a6cf7cc1,1,0.0166
7,gsm8k_test_00902_a6cf7cc1,2,0.1146
7,gsm8k_test_01051_51548cd5,1,0.0325
7,gsm8k_test_01051_51548cd5,2,0.1188
7,gsm8k_test_00249_3c77f17a,1,0.0182
7,gsm8k_test_00249_3c77f17a,2,0.0844
7,gsm8k_test_00347_22e2357c,1,0.0169
7,gsm8k_test_00347_22e2357c,2,0.1044
7,gsm8k_test_01086_87c2dae5,1,0.0172
7,gsm8k_test_01086_87c2dae5,2,0.0941
7,gsm8k_test_00323_e8fd8c2c,1,0.0168
7,gsm8k_test_00323_e8fd8c2c,2,0.0996
7,gsm8k_test_00604_67b9756f,1,0.017
7,gsm8k_test_00604_67b9756f,2,0.0918
7,gsm8k_test_00011_eb5fcd08,1,0.0167
7,gsm8k_test_00011_eb5fcd08,2,0.0877
7,gsm8k_test_01078_626c598e,1,0.0167
7,gsm8k_test_01078_626c598e,2,0.0789
7,gsm8k_test_00848_2343423f,1,0.0162
7,gsm8k_test_00848_2343423f,2,0.1302
7,gsm8k_test_00241_c3ad555a,1,0.0165
7,gsm8k_test_00241_c3ad555a,2,0.0754
7,gsm8k_test_00757_56918e68,1,0.0162
7,gsm8k_test_00757_56918e68,2,0.0835
7,gsm8k_test_00743_f7828584,1,0.018
7,gsm8k_test_00743_f7828584,2,0.0907
7,gsm8k_test_00904_017cd46a,1,0.0169
7,gsm8k_test_00904_017cd46a,2,0.1313
7,gsm8k_test_00331_796ada94,1,0.0169
7,gsm8k_test_00331_796ada94,2,0.1119
7,gsm8k_test_00663_5181789e,1,0.0167
7,gsm8k_test_00663_5181789e,2,0.0878
7,gsm8k_test_00761_3e0b56bd,1,0.0284
7,gsm8k_test_00761_3e0b56bd,2,0.1375
7,gsm8k_test_00281_03fb10d6,1,0.0222
7,gsm8k_test_00281_03fb10d6,2,0.1761
7,gsm8k_test_00277_cc59173f,1,0.0182
7,gsm8k_test_00277_cc59173f,2,0.1649
7,gsm8k_test_00146_7d6e6c59,1,0.0176
7,gsm8k_test_00146_7d6e6c59,2,0.1137
7,gsm8k_test_00433_84c4dcad,1,0.0183
7,gsm8k_test_00433_84c4dcad,2,0.1439
7,gsm8k_test_00854_91656af4,1,0.0198
7,gsm8k_test_00854_91656af4,2,0.0927
7,gsm8k_test_00020_ff69618a,1,0.0172
7,gsm8k_test_00020_ff69618a,2,0.1052
7,gsm8k_test_00910_1943aa9b,1,0.017
7,gsm8k_test_00910_1943aa9b,2,0.1012
7,gsm8k_test_00268_52b4e246,1,0.0171
7,gsm8k_test_00268_52b4e246,2,0.0854
7,gsm8k_test_00548_34620e87,1,0.0166
7,gsm8k_test_00548_34620e87,2,0.0861
7,gsm8k_test_00080_80005895,1,0.0193
7,gsm8k_test_00080_80005895,2,0.115
7,gsm8k_test_00343_ed40523b,1,0.0173
7,gsm8k_test_00343_ed40523b,2,0.099
7,gsm8k_test_00577_edd373a6,1,0.0168
7,gsm8k_test_00577_edd373a6,2,0.0769
7,gsm8k_test_00559_4bf74031,1,0.0169
7,gsm8k_test_00559_4bf74031,2,0.0733
7,gsm8k_test_01021_381bd36c,1,0.0166
7,gsm8k_test_01021_381bd36c,2,0.1027
7,gsm8k_test_00301_1bab74b7,1,0.0172
7,gsm8k_test_00301_1bab74b7,2,0.0875
7,gsm8k_test_00473_8db92231,1,0.0169
7,gsm8k_test_00473_8db92231,2,0.0749
7,gsm8k_test_00217_c9e36708,1,0.0307
7,gsm8k_test_00217_c9e36708,2,0.1211
7,gsm8k_test_00309_9807d6af,1,0.0164
7,gsm8k_test_00309_9807d6af,2,0.0939
7,gsm8k_test_00815_66561af1,1,0.0284
7,gsm8k_test_00815_66561af1,2,0.133
7,gsm8k_test_00620_864f5666,1,0.0171
7,gsm8k_test_00620_864f5666,2,0.0984
7,gsm8k_test_00537_0a6cb6b4,1,0.0172
7,gsm8k_test_00537_0a6cb6b4,2,0.0876
7,gsm8k_test_01140_9022fd81,1,0.0173
7,gsm8k_test_01140_9022fd81,2,0.085
7,gsm8k_test_00460_6ef4718b,1,0.0181
7,gsm8k_test_00460_6ef4718b,2,0.0949
7,gsm8k_test_01307_36cb7728,1,0.0173
7,gsm8k_test_01307_36cb7728,2,0.0794
7,gsm8k_test_00049_2c2c57ad,1,0.0166
7,gsm8k_test_00049_2c2c57ad,2,0.119
7,gsm8k_test_00870_ff9fb8f2,1,0.0168
7,gsm8k_test_00870_ff9fb8f2,2,0.092
7,gsm8k_test_00816_52b20c27,1,0.0167
7,gsm8k_test_00816_52b20c27,2,0.0826
7,gsm8k_test_00936_a1f79cfc,1,0.0168
7,gsm8k_test_00936_a1f79cfc,2,0.0985
7,gsm8k_test_00828_2f7755e1,1,0.0166
7,gsm8k_test_00828_2f7755e1,2,0.0966
7,gsm8k_test_01244_b58f9541,1,0.0166
7,gsm8k_test_01244_b58f9541,2,0.1073
7,gsm8k_test_01151_92815c9d,1,0.0169
7,gsm8k_test_01151_92815c9d,2,0.1066
7,gsm8k_test_01134_36c6bd38,1,0.0175
7,gsm8k_test_01134_36c6bd38,2,0.0758
7,gsm8k_test_00502_52aedfd3,1,0.0169
7,gsm8k_test_00502_52aedfd3,2,0.0849
7,gsm8k_test_00764_4e686855,1,0.0164
7,gsm8k_test_00764_4e686855,2,0.0841
7,gsm8k_test_00865_a9462d35,1,0.0169
7,gsm8k_test_00865_a9462d35,2,0.2317
7,gsm8k_test_00488_74ec858e,1,0.0196
7,gsm8k_test_00488_74ec858e,2,0.0894
7,gsm8k_test_00457_2c6abaf1,1,0.0173
7,gsm8k_test_00457_2c6abaf1,2,0.1176
7,gsm8k_test_01239_e15c4625,1,0.0168
7,gsm8k_test_01239_e15c4625,2,0.0895
7,gsm8k_test_00489_a289e9a6,1,0.0169
7,gsm8k_test_00489_a289e9a6,2,0.1451
7,gsm8k_test_00751_f1f9462a,1,0.0173
7,gsm8k_test_00751_f1f9462a,2,0.0795
7,gsm8k_test_00132_77a67df7,1,0.0167
7,gsm8k_test_00132_77a67df7,2,0.1954
7,gsm8k_test_00335_60add6c9,1,0.0183
7,gsm8k_test_00335_60add6c9,2,0.1066
7,gsm8k_test_00003_2bcc778b,1,0.0405
7,gsm8k_test_00003_2bcc778b,2,0.2571
7,gsm8k_test_00054_0deb5903,1,0.043
7,gsm8k_test_00054_0deb5903,2,0.2525
8,gsm8k_test_00215_ffc8fac5,1,0.0392
8,gsm8k_test_00215_ffc8fac5,2,0.2331
8,gsm8k_test_00255_f62f9313,1,0.0407
8,gsm8k_test_00255_f62f9313,2,0.1824
8,gsm8k_test_01106_a7b8cc0f,1,0.038
8,gsm8k_test_01106_a7b8cc0f,2,0.2616
8,gsm8k_test_00073_61963453,1,0.0398
8,gsm8k_test_00073_61963453,2,0.3013
8,gsm8k_test_00500_347dd970,1,0.0404
8,gsm8k_test_00500_347dd970,2,0.3941
8,gsm8k_test_00339_e85f8fac,1,0.0391
8,gsm8k_test_00339_e85f8fac,2,0.2102
8,gsm8k_test_00508_b698b79e,1,0.0395
8,gsm8k_test_00508_b698b79e,2,0.209
8,gsm8k_test_00658_4cfceb7f,1,0.0391
8,gsm8k_test_00658_4cfceb7f,2,0.2843
8,gsm8k_test_00369_a962d6e4,1,0.0386
8,gsm8k_test_00369_a962d6e4,2,0.2197
8,gsm8k_test_01131_1821fbe3,1,0.0426
8,gsm8k_test_01131_1821fbe3,2,0.2675
8,gsm8k_test_01115_de408347,1,0.0403
8,gsm8k_test_01115_de408347,2,0.2094
8,gsm8k_test_00857_9ac256be,1,0.0388
8,gsm8k_test_00857_9ac256be,2,0.2501
8,gsm8k_test_01088_a5a07975,1,0.0378
8,gsm8k_test_01088_a5a07975,2,0.2497
8,gsm8k_test_00244_41946f32,1,0.0369
8,gsm8k_test_00244_41946f32,2,0.4109
8,gsm8k_test_01017_8f65effa,1,0.0597
8,gsm8k_test_01017_8f65effa,2,0.268
8,gsm8k_test_00844_e5790a05,1,0.0364
8,gsm8k_test_00844_e5790a05,2,0.1965
8,gsm8k_test_00483_6ac6556f,1,0.0344
8,gsm8k_test_00483_6ac6556f,2,0.1669
8,gsm8k_test_00907_31c0f791,1,0.0341
8,gsm8k_test_00907_31c0f791,2,0.2694
8,gsm8k_test_00257_a7b9c6ad,1,0.034
8,gsm8k_test_00257_a7b9c6ad,2,0.1801
8,gsm8k_test_01032_528db496,1,0.0355
8,gsm8k_test_01032_528db496,2,0.3241
8,gsm8k_test_01212_942edef3,1,0.0197
8,gsm8k_test_01212_942edef3,2,0.0977
8,gsm8k_test_00493_ff7f7a50,1,0.0307
8,gsm8k_test_00493_ff7f7a50,2,0.0888
8,gsm8k_test_00476_530143bc,1,0.0173
8,gsm8k_test_00476_530143bc,2,0.1101
8,gsm8k_test_01061_46437934,1,0.0174
8,gsm8k_test_01061_46437934,2,0.0764
8,gsm8k_test_00524_2ca46751,1,0.017
8,gsm8k_test_00524_2ca46751,2,0.115
8,gsm8k_test_00881_9c3e1462,1,0.0168
8,gsm8k_test_00881_9c3e1462,2,0.0895
8,gsm8k_test_00879_22a8d3e2,1,0.0171
8,gsm8k_test_00879_22a8d3e2,2,0.0939
8,gsm8k_test_00773_2a63721b,1,0.0173
8,gsm8k_test_00773_2a63721b,2,0.1929
8,gsm8k_test_00435_2db4b8f3,1,0.0201
8,gsm8k_test_00435_2db4b8f3,2,0.1369
8,gsm8k_test_00418_9dc873fd,1,0.0177
8,gsm8k_test_00418_9dc873fd,2,0.1054
8,gsm8k_test_00431_5a59e693,1,0.0171
8,gsm8k_test_00431_5a59e693,2,0.078
8,gsm8k_test_00274_8ad9c225,1,0.0168
8,gsm8k_test_00274_8ad9c225,2,0.1126
8,gsm8k_test_00510_fa7b7d0d,1,0.0169
8,gsm8k_test_00510_fa7b7d0d,2,0.1239
8,gsm8k_test_01031_1e5fbd2e,1,0.0175
8,gsm8k_test_01031_1e5fbd2e,2,0.0843
8,gsm8k_test_00085_bebacd2d,1,0.0181
8,gsm8k_test_00085_bebacd2d,2,0.0956
8,gsm8k_test_00477_acf3bbda,1,0.0167
8,gsm8k_test_00477_acf3bbda,2,0.0769
8,gsm8k_test_00450_9d1539f5,1,0.0168
8,gsm8k_test_00450_9d1539f5,2,0.0784
8,gsm8k_test_00120_3ea258aa,1,0.0169
8,gsm8k_test_00120_3ea258aa,2,0.092
8,gsm8k_test_01179_74219b79,1,0.017
8,gsm8k_test_01179_74219b79,2,0.0789
8,gsm8k_test_00902_a6cf7cc1,1,0.0169
8,gsm8k_test_00902_a6cf7cc1,2,0.0798
8,gsm8k_test_01051_51548cd5,1,0.0171
8,gsm8k_test_01051_51548cd5,2,0.0768
8,gsm8k_test_00249_3c77f17a,1,0.017
8,gsm8k_test_00249_3c77f17a,2,0.0807
8,gsm8k_test_00347_22e2357c,1,0.0169
8,gsm8k_test_00347_22e2357c,2,0.1032
8,gsm8k_test_01086_87c2dae5,1,0.0171
8,gsm8k_test_01086_87c2dae5,2,0.0933
8,gsm8k_test_00323_e8fd8c2c,1,0.0166
8,gsm8k_test_00323_e8fd8c2c,2,0.0993
8,gsm8k_test_00604_67b9756f,1,0.0169
8,gsm8k_test_00604_67b9756f,2,0.0905
8,gsm8k_test_00011_eb5fcd08,1,0.0168
8,gsm8k_test_00011_eb5fcd08,2,0.1069
8,gsm8k_test_01078_626c598e,1,0.037
8,gsm8k_test_01078_626c598e,2,0.088
8,gsm8k_test_00848_2343423f,1,0.0169
8,gsm8k_test_00848_2343423f,2,0.1128
8,gsm8k_test_00241_c3ad555a,1,0.0166
8,gsm8k_test_00241_c3ad555a,2,0.0747
8,gsm8k_test_00757_56918e68,1,0.0165
8,gsm8k_test_00757_56918e68,2,0.0831
8,gsm8k_test_00743_f7828584,1,0.0184
8,gsm8k_test_00743_f7828584,2,0.0911
8,gsm8k_test_00904_017cd46a,1,0.0169
8,gsm8k_test_00904_017cd46a,2,0.132
8,gsm8k_test_00331_796ada94,1,0.017
8,gsm8k_test_00331_796ada94,2,0.1166
8,gsm8k_test_00663_5181789e,1,0.0197
8,gsm8k_test_00663_5181789e,2,0.0944
8,gsm8k_test_00761_3e0b56bd,1,0.017
8,gsm8k_test_00761_3e0b56bd,2,0.088
8,gsm8k_test_00281_03fb10d6,1,0.0168
8,gsm8k_test_00281_03fb10d6,2,0.1482
8,gsm8k_test_00277_cc59173f,1,0.0171
8,gsm8k_test_00277_cc59173f,2,0.1426
8,gsm8k_test_00146_7d6e6c59,1,0.0257
8,gsm8k_test_00146_7d6e6c59,2,0.1033
8,gsm8k_test_00433_84c4dcad,1,0.0209
8,gsm8k_test_00433_84c4dcad,2,0.0993
8,gsm8k_test_00854_91656af4,1,0.018
8,gsm8k_test_00854_91656af4,2,0.1188
8,gsm8k_test_00020_ff69618a,1,0.0179
8,gsm8k_test_00020_ff69618a,2,0.1087
8,gsm8k_test_00910_1943aa9b,1,0.0172
8,gsm8k_test_00910_1943aa9b,2,0.1237
8,gsm8k_test_00268_52b4e246,1,0.0186
8,gsm8k_test_00268_52b4e246,2,0.1046
8,gsm8k_test_00548_34620e87,1,0.0302
8,gsm8k_test_00548_34620e87,2,0.0855
8,gsm8k_test_00080_80005895,1,0.0167
8,gsm8k_test_00080_80005895,2,0.1107
8,gsm8k_test_00343_ed40523b,1,0.0188
8,gsm8k_test_00343_ed40523b,2,0.1152
8,gsm8k_test_00577_edd373a6,1,0.0177
8,gsm8k_test_00577_edd373a6,2,0.0784
8,gsm8k_test_00559_4bf74031,1,0.0262
8,gsm8k_test_00559_4bf74031,2,0.0806
8,gsm8k_test_01021_381bd36c,1,0.0171
8,gsm8k_test_01021_381bd36c,2,0.1052
8,gsm8k_test_00301_1bab74b7,1,0.0344
8,gsm8k_test_00301_1bab74b7,2,0.0943
8,gsm8k_test_00473_8db92231,1,0.0225
8,gsm8k_test_00473_8db92231,2,0.1062
8,gsm8k_test_00217_c9e36708,1,0.0171
8,gsm8k_test_00217_c9e36708,2,0.1434
8,gsm8k_test_00309_9807d6af,1,0.0177
8,gsm8k_test_00309_9807d6af,2,0.0973
8,gsm8k_test_00815_66561af1,1,0.0173
8,gsm8k_test_00815_66561af1,2,0.1156
8,gsm8k_test_00620_864f5666,1,0.0189
8,gsm8k_test_00620_864f5666,2,0.1061
8,gsm8k_test_00537_0a6cb6b4,1,0.0186
8,gsm8k_test_00537_0a6cb6b4,2,0.0921
8,gsm8k_test_01140_9022fd81,1,0.0229
8,gsm8k_test_01140_9022fd81,2,0.112
8,gsm8k_test_00460_6ef4718b,1,0.0192
8,gsm8k_test_00460_6ef4718b,2,0.0981
8,gsm8k_test_01307_36cb7728,1,0.0174
8,gsm8k_test_01307_36cb7728,2,0.0799
8,gsm8k_test_00049_2c2c57ad,1,0.0169
8,gsm8k_test_00049_2c2c57ad,2,0.154
8,gsm8k_test_00870_ff9fb8f2,1,0.0273
8,gsm8k_test_00870_ff9fb8f2,2,0.0986
8,gsm8k_test_00816_52b20c27,1,0.0171
8,gsm8k_test_00816_52b20c27,2,0.0825
8,gsm8k_test_00936_a1f79cfc,1,0.0187
8,gsm8k_test_00936_a1f79cfc,2,0.1334
8,gsm8k_test_00828_2f7755e1,1,0.0173
8,gsm8k_test_00828_2f7755e1,2,0.0988
8,gsm8k_test_01244_b58f9541,1,0.0166
8,gsm8k_test_01244_b58f9541,2,0.1344
8,gsm8k_test_01151_92815c9d,1,0.0176
8,gsm8k_test_01151_92815c9d,2,0.1156
8,gsm8k_test_01134_36c6bd38,1,0.0176
8,gsm8k_test_01134_36c6bd38,2,0.0774
8,gsm8k_test_00502_52aedfd3,1,0.0168
8,gsm8k_test_00502_52aedfd3,2,0.2139
8,gsm8k_test_00764_4e686855,1,0.0423
8,gsm8k_test_00764_4e686855,2,0.1775
8,gsm8k_test_00865_a9462d35,1,0.0351
8,gsm8k_test_00865_a9462d35,2,0.3505
8,gsm8k_test_00488_74ec858e,1,0.0368
8,gsm8k_test_00488_74ec858e,2,0.2381
8,gsm8k_test_00457_2c6abaf1,1,0.0359
8,gsm8k_test_00457_2c6abaf1,2,0.1971
8,gsm8k_test_01239_e15c4625,1,0.0346
8,gsm8k_test_01239_e15c4625,2,0.1988
8,gsm8k_test_00489_a289e9a6,1,0.0343
8,gsm8k_test_00489_a289e9a6,2,0.3232
8,gsm8k_test_00751_f1f9462a,1,0.0356
8,gsm8k_test_00751_f1f9462a,2,0.1738
8,gsm8k_test_00132_77a67df7,1,0.0341
8,gsm8k_test_00132_77a67df7,2,0.3624
8,gsm8k_test_00335_60add6c9,1,0.036
8,gsm8k_test_00335_60add6c9,2,0.2706
8,gsm8k_test_00003_2bcc778b,1,0.0356
8,gsm8k_test_00003_2bcc778b,2,0.2022
8,gsm8k_test_00054_0deb5903,1,0.0355
8,gsm8k_test_00054_0deb5903,2,0.2322
9,gsm8k_test_00215_ffc8fac5,1,0.036
9,gsm8k_test_00215_ffc8fac5,2,0.2146
9,gsm8k_test_00255_f62f9313,1,0.0355
9,gsm8k_test_00255_f62f9313,2,0.1637
9,gsm8k_test_01106_a7b8cc0f,1,0.0342
9,gsm8k_test_01106_a7b8cc0f,2,0.2408
9,gsm8k_test_00073_61963453,1,0.0339
9,gsm8k_test_00073_61963453,2,0.2752
9,gsm8k_test_00500_347dd970,1,0.0342
9,gsm8k_test_00500_347dd970,2,0.3642
9,gsm8k_test_00339_e85f8fac,1,0.0441
9,gsm8k_test_00339_e85f8fac,2,0.2044
9,gsm8k_test_00508_b698b79e,1,0.0376
9,gsm8k_test_00508_b698b79e,2,0.2022
9,gsm8k_test_00658_4cfceb7f,1,0.038
9,gsm8k_test_00658_4cfceb7f,2,0.2797
9,gsm8k_test_00369_a962d6e4,1,0.0374
9,gsm8k_test_00369_a962d6e4,2,0.2409
9,gsm8k_test_01131_1821fbe3,1,0.0404
9,gsm8k_test_01131_1821fbe3,2,0.2665
9,gsm8k_test_01115_de408347,1,0.0375
9,gsm8k_test_01115_de408347,2,0.2065
9,gsm8k_test_00857_9ac256be,1,0.0384
9,gsm8k_test_00857_9ac256be,2,0.2526
9,gsm8k_test_01088_a5a07975,1,0.0375
9,gsm8k_test_01088_a5a07975,2,0.2507
9,gsm8k_test_00244_41946f32,1,0.0382
9,gsm8k_test_00244_41946f32,2,0.4184
9,gsm8k_test_01017_8f65effa,1,0.0387
9,gsm8k_test_01017_8f65effa,2,0.2677
9,gsm8k_test_00844_e5790a05,1,0.0367
9,gsm8k_test_00844_e5790a05,2,0.1613
9,gsm8k_test_00483_6ac6556f,1,0.0239
9,gsm8k_test_00483_6ac6556f,2,0.1165
9,gsm8k_test_00907_31c0f791,1,0.0224
9,gsm8k_test_00907_31c0f791,2,0.1837
9,gsm8k_test_00257_a7b9c6ad,1,0.0219
9,gsm8k_test_00257_a7b9c6ad,2,0.1134
9,gsm8k_test_01032_528db496,1,0.0215
9,gsm8k_test_01032_528db496,2,0.313
9,gsm8k_test_01212_942edef3,1,0.0225
9,gsm8k_test_01212_942edef3,2,0.1381
9,gsm8k_test_00493_ff7f7a50,1,0.0231
9,gsm8k_test_00493_ff7f7a50,2,0.1275
9,gsm8k_test_00476_530143bc,1,0.0177
9,gsm8k_test_00476_530143bc,2,0.1107
9,gsm8k_test_01061_46437934,1,0.0173
9,gsm8k_test_01061_46437934,2,0.0772
9,gsm8k_test_00524_2ca46751,1,0.017
9,gsm8k_test_00524_2ca46751,2,0.1134
9,gsm8k_test_00881_9c3e1462,1,0.0169
9,gsm8k_test_00881_9c3e1462,2,0.0893
9,gsm8k_test_00879_22a8d3e2,1,0.017
9,gsm8k_test_00879_22a8d3e2,2,0.0933
9,gsm8k_test_00773_2a63721b,1,0.017
9,gsm8k_test_00773_2a63721b,2,0.0899
9,gsm8k_test_00435_2db4b8f3,1,0.0167
9,gsm8k_test_00435_2db4b8f3,2,0.1263
9,gsm8k_test_00418_9dc873fd,1,0.017
9,gsm8k_test_00418_9dc873fd,2,0.1024
9,gsm8k_test_00431_5a59e693,1,0.017
9,gsm8k_test_00431_5a59e693,2,0.0769
9,gsm8k_test_00274_8ad9c225,1,0.017
9,gsm8k_test_00274_8ad9c225,2,0.1111
9,gsm8k_test_00510_fa7b7d0d,1,0.0171
9,gsm8k_test_00510_fa7b7d0d,2,0.103
9,gsm8k_test_01031_1e5fbd2e,1,0.0168
9,gsm8k_test_01031_1e5fbd2e,2,0.0839
9,gsm8k_test_00085_bebacd2d,1,0.0177
9,gsm8k_test_00085_bebacd2d,2,0.0951
9,gsm8k_test_00477_acf3bbda,1,0.0172
9,gsm8k_test_00477_acf3bbda,2,0.0803
9,gsm8k_test_00450_9d1539f5,1,0.0166
9,gsm8k_test_00450_9d1539f5,2,0.077
9,gsm8k_test_00120_3ea258aa,1,0.0173
9,gsm8k_test_00120_3ea258aa,2,0.0912
9,gsm8k_test_01179_74219b79,1,0.0168
9,gsm8k_test_01179_74219b79,2,0.0765
9,gsm8k_test_00902_a6cf7cc1,1,0.0166
9,gsm8k_test_00902_a6cf7cc1,2,0.0781
9,gsm8k_test_01051_51548cd5,1,0.0162
9,gsm8k_test_01051_51548cd5,2,0.0756
9,gsm8k_test_00249_3c77f17a,1,0.0169
9,gsm8k_test_00249_3c77f17a,2,0.1176
9,gsm8k_test_00347_22e2357c,1,0.0183
9,gsm8k_test_00347_22e2357c,2,0.1075
9,gsm8k_test_01086_87c2dae5,1,0.0172
9,gsm8k_test_01086_87c2dae5,2,0.0927
9,gsm8k_test_00323_e8fd8c2c,1,0.0167
9,gsm8k_test_00323_e8fd8c2c,2,0.0976
9,gsm8k_test_00604_67b9756f,1,0.0169
9,gsm8k_test_00604_67b9756f,2,0.09
9,gsm8k_test_00011_eb5fcd08,1,0.0165
9,gsm8k_test_00011_eb5fcd08,2,0.0878
9,gsm8k_test_01078_626c598e,1,0.0164
9,gsm8k_test_01078_626c598e,2,0.0799
9,gsm8k_test_00848_2343423f,1,0.0165
9,gsm8k_test_00848_2343423f,2,0.1118
9,gsm8k_test_00241_c3ad555a,1,0.0167
9,gsm8k_test_00241_c3ad555a,2,0.0923
9,gsm8k_test_00757_56918e68,1,0.017
9,gsm8k_test_00757_56918e68,2,0.0848
9,gsm8k_test_00743_f7828584,1,0.0178
9,gsm8k_test_00743_f7828584,2,0.0898
9,gsm8k_test_00904_017cd46a,1,0.017
9,gsm8k_test_00904_017cd46a,2,0.1319
9,gsm8k_test_00331_796ada94,1,0.017
9,gsm8k_test_00331_796ada94,2,0.1256
9,gsm8k_test_00663_5181789e,1,0.0176
9,gsm8k_test_00663_5181789e,2,0.0954
9,gsm8k_test_00761_3e0b56bd,1,0.0168
9,gsm8k_test_00761_3e0b56bd,2,0.0866
9,gsm8k_test_00281_03fb10d6,1,0.0167
9,gsm8k_test_00281_03fb10d6,2,0.152
9,gsm8k_test_00277_cc59173f,1,0.0174
9,gsm8k_test_00277_cc59173f,2,0.1429
9,gsm8k_test_00146_7d6e6c59,1,0.0168
9,gsm8k_test_00146_7d6e6c59,2,0.0935
9,gsm8k_test_00433_84c4dcad,1,0.0182
9,gsm8k_test_00433_84c4dcad,2,0.0921
9,gsm8k_test_00854_91656af4,1,0.0172
9,gsm8k_test_00854_91656af4,2,0.0857
9,gsm8k_test_00020_ff69618a,1,0.0166
9,gsm8k_test_00020_ff69618a,2,0.1044
9,gsm8k_test_00910_1943aa9b,1,0.0168
9,gsm8k_test_00910_1943aa9b,2,0.1201
9,gsm8k_test_00268_52b4e246,1,0.0171
9,gsm8k_test_00268_52b4e246,2,0.087
9,gsm8k_test_00548_34620e87,1,0.0165
9,gsm8k_test_00548_34620e87,2,0.0949
9,gsm8k_test_00080_80005895,1,0.0486
9,gsm8k_test_00080_80005895,2,0.131
9,gsm8k_test_00343_ed40523b,1,0.0178
9,gsm8k_test_00343_ed40523b,2,0.1068
9,gsm8k_test_00577_edd373a6,1,0.0172
9,gsm8k_test_00577_edd373a6,2,0.0789
9,gsm8k_test_00559_4bf74031,1,0.0168
9,gsm8k_test_00559_4bf74031,2,0.0763
9,gsm8k_test_01021_381bd36c,1,0.017
9,gsm8k_test_01021_381bd36c,2,0.1035
9,gsm8k_test_00301_1bab74b7,1,0.0171
9,gsm8k_test_00301_1bab74b7,2,0.0883
9,gsm8k_test_00473_8db92231,1,0.017
9,gsm8k_test_00473_8db92231,2,0.0755
9,gsm8k_test_00217_c9e36708,1,0.0169
9,gsm8k_test_00217_c9e36708,2,0.1145
9,gsm8k_test_00309_9807d6af,1,0.017
9,gsm8k_test_00309_9807d6af,2,0.0738
9,gsm8k_test_00815_66561af1,1,0.0168
9,gsm8k_test_00815_66561af1,2,0.3026
9,gsm8k_test_00620_864f5666,1,0.0245
9,gsm8k_test_00620_864f5666,2,0.1567
9,gsm8k_test_00537_0a6cb6b4,1,0.0297
9,gsm8k_test_00537_0a6cb6b4,2,0.1375
9,gsm8k_test_01140_9022fd81,1,0.0216
9,gsm8k_test_01140_9022fd81,2,0.1263
9,gsm8k_test_00460_6ef4718b,1,0.033
9,gsm8k_test_00460_6ef4718b,2,0.1494
9,gsm8k_test_01307_36cb7728,1,0.0219
9,gsm8k_test_01307_36cb7728,2,0.1182
9,gsm8k_test_00049_2c2c57ad,1,0.0214
9,gsm8k_test_00049_2c2c57ad,2,0.192
9,gsm8k_test_00870_ff9fb8f2,1,0.0215
9,gsm8k_test_00870_ff9fb8f2,2,0.1418
9,gsm8k_test_00816_52b20c27,1,0.0214
9,gsm8k_test_00816_52b20c27,2,0.1234
9,gsm8k_test_00936_a1f79cfc,1,0.0211
9,gsm8k_test_00936_a1f79cfc,2,0.1691
9,gsm8k_test_00828_2f7755e1,1,0.0182
9,gsm8k_test_00828_2f7755e1,2,0.1064
9,gsm8k_test_01244_b58f9541,1,0.0315
9,gsm8k_test_01244_b58f9541,2,0.1156
9,gsm8k_test_01151_92815c9d,1,0.0174
9,gsm8k_test_01151_92815c9d,2,0.1156
9,gsm8k_test_01134_36c6bd38,1,0.0193
9,gsm8k_test_01134_36c6bd38,2,0.0795
9,gsm8k_test_00502_52aedfd3,1,0.0168
9,gsm8k_test_00502_52aedfd3,2,0.1218
9,gsm8k_test_00764_4e686855,1,0.0193
9,gsm8k_test_00764_4e686855,2,0.0916
9,gsm8k_test_00865_a9462d35,1,0.0175
9,gsm8k_test_00865_a9462d35,2,0.1854
9,gsm8k_test_00488_74ec858e,1,0.0168
9,gsm8k_test_00488_74ec858e,2,0.083
9,gsm8k_test_00457_2c6abaf1,1,0.0168
9,gsm8k_test_00457_2c6abaf1,2,0.0871
9,gsm8k_test_01239_e15c4625,1,0.0167
9,gsm8k_test_01239_e15c4625,2,0.0883
9,gsm8k_test_00489_a289e9a6,1,0.0167
9,gsm8k_test_00489_a289e9a6,2,0.1454
9,gsm8k_test_00751_f1f9462a,1,0.0171
9,gsm8k_test_00751_f1f9462a,2,0.079
9,gsm8k_test_00132_77a67df7,1,0.0358
9,gsm8k_test_00132_77a67df7,2,0.1561
9,gsm8k_test_00335_60add6c9,1,0.017
9,gsm8k_test_00335_60add6c9,2,0.1028
9,gsm8k_test_00003_2bcc778b,1,0.0171
9,gsm8k_test_00003_2bcc778b,2,0.0859
9,gsm8k_test_00054_0deb5903,1,0.017
9,gsm8k_test_00054_0deb5903,2,0.0997
10,gsm8k_test_00215_ffc8fac5,1,0.0189
10,gsm8k_test_00215_ffc8fac5,2,0.0946
10,gsm8k_test_00255_f62f9313,1,0.0168
10,gsm8k_test_00255_f62f9313,2,0.0747
10,gsm8k_test_01106_a7b8cc0f,1,0.0167
10,gsm8k_test_01106_a7b8cc0f,2,0.1056
10,gsm8k_test_00073_61963453,1,0.0169
10,gsm8k_test_00073_61963453,2,0.1093
10,gsm8k_test_00500_347dd970,1,0.0168
10,gsm8k_test_00500_347dd970,2,0.1534
10,gsm8k_test_00339_e85f8fac,1,0.0172
10,gsm8k_test_00339_e85f8fac,2,0.0854
10,gsm8k_test_00508_b698b79e,1,0.0167
10,gsm8k_test_00508_b698b79e,2,0.0842
10,gsm8k_test_00658_4cfceb7f,1,0.0169
10,gsm8k_test_00658_4cfceb7f,2,0.1121
10,gsm8k_test_00369_a962d6e4,1,0.0166
10,gsm8k_test_00369_a962d6e4,2,0.0892
10,gsm8k_test_01131_1821fbe3,1,0.0178
10,gsm8k_test_01131_1821fbe3,2,0.1341
10,gsm8k_test_01115_de408347,1,0.0178
10,gsm8k_test_01115_de408347,2,0.0852
10,gsm8k_test_00857_9ac256be,1,0.0171
10,gsm8k_test_00857_9ac256be,2,0.1016
10,gsm8k_test_01088_a5a07975,1,0.0168
10,gsm8k_test_01088_a5a07975,2,0.1011
10,gsm8k_test_00244_41946f32,1,0.0167
10,gsm8k_test_00244_41946f32,2,0.1666
10,gsm8k_test_01017_8f65effa,1,0.0169
10,gsm8k_test_01017_8f65effa,2,0.1067
10,gsm8k_test_00844_e5790a05,1,0.0167
10,gsm8k_test_00844_e5790a05,2,0.0851
10,gsm8k_test_00483_6ac6556f,1,0.017
10,gsm8k_test_00483_6ac6556f,2,0.103
10,gsm8k_test_00907_31c0f791,1,0.018
10,gsm8k_test_00907_31c0f791,2,0.1192
10,gsm8k_test_00257_a7b9c6ad,1,0.0197
10,gsm8k_test_00257_a7b9c6ad,2,0.0908
10,gsm8k_test_01032_528db496,1,0.017
10,gsm8k_test_01032_528db496,2,0.1767
10,gsm8k_test_01212_942edef3,1,0.0174
10,gsm8k_test_01212_942edef3,2,0.0879
10,gsm8k_test_00493_ff7f7a50,1,0.0357
10,gsm8k_test_00493_ff7f7a50,2,0.0802
10,gsm8k_test_00476_530143bc,1,0.017
10,gsm8k_test_00476_530143bc,2,0.1058
10,gsm8k_test_01061_46437934,1,0.0168
10,gsm8k_test_01061_46437934,2,0.0757
10,gsm8k_test_00524_2ca46751,1,0.0169
10,gsm8k_test_00524_2ca46751,2,0.1126
10,gsm8k_test_00881_9c3e1462,1,0.0169
10,gsm8k_test_00881_9c3e1462,2,0.0883
10,gsm8k_test_00879_22a8d3e2,1,0.0169
10,gsm8k_test_00879_22a8d3e2,2,0.0913
10,gsm8k_test_00773_2a63721b,1,0.0167
10,gsm8k_test_00773_2a63721b,2,0.0883
10,gsm8k_test_00435_2db4b8f3,1,0.0168
10,gsm8k_test_00435_2db4b8f3,2,0.1243
10,gsm8k_test_00418_9dc873fd,1,0.0171
10,gsm8k_test_00418_9dc873fd,2,0.1018
10,gsm8k_test_00431_5a59e693,1,0.0168
10,gsm8k_test_00431_5a59e693,2,0.0755
10,gsm8k_test_00274_8ad9c225,1,0.0172
10,gsm8k_test_00274_8ad9c225,2,0.1098
10,gsm8k_test_00510_fa7b7d0d,1,0.0169
10,gsm8k_test_00510_fa7b7d0d,2,0.102
10,gsm8k_test_01031_1e5fbd2e,1,0.0166
10,gsm8k_test_01031_1e5fbd2e,2,0.0825
10,gsm8k_test_00085_bebacd2d,1,0.0177
10,gsm8k_test_00085_bebacd2d,2,0.1069
10,gsm8k_test_00477_acf3bbda,1,0.0173
10,gsm8k_test_00477_acf3bbda,2,0.0782
10,gsm8k_test_00450_9d1539f5,1,0.0167
10,gsm8k_test_00450_9d1539f5,2,0.0773
10,gsm8k_test_00120_3ea258aa,1,0.0165
10,gsm8k_test_00120_3ea258aa,2,0.0904
10,gsm8k_test_01179_74219b79,1,0.0169
10,gsm8k_test_01179_74219b79,2,0.0759
10,gsm8k_test_00902_a6cf7cc1,1,0.017
10,gsm8k_test_00902_a6cf7cc1,2,0.0772
10,gsm8k_test_01051_51548cd5,1,0.0166
10,gsm8k_test_01051_51548cd5,2,0.0752
10,gsm8k_test_00249_3c77f17a,1,0.0164
10,gsm8k_test_00249_3c77f17a,2,0.0784
10,gsm8k_test_00347_22e2357c,1,0.0167
10,gsm8k_test_00347_22e2357c,2,0.101
10,gsm8k_test_01086_87c2dae5,1,0.0168
10,gsm8k_test_01086_87c2dae5,2,0.0918
10,gsm8k_test_00323_e8fd8c2c,1,0.0173
10,gsm8k_test_00323_e8fd8c2c,2,0.0988
10,gsm8k_test_00604_67b9756f,1,0.0165
10,gsm8k_test_00604_67b9756f,2,0.0895
10,gsm8k_test_00011_eb5fcd08,1,0.0167
10,gsm8k_test_00011_eb5fcd08,2,0.0862
10,gsm8k_test_01078_626c598e,1,0.0169
10,gsm8k_test_01078_626c598e,2,0.0776
10,gsm8k_test_00848_2343423f,1,0.0168
10,gsm8k_test_00848_2343423f,2,0.1117
10,gsm8k_test_00241_c3ad555a,1,0.0172
10,gsm8k_test_00241_c3ad555a,2,0.0877
10,gsm8k_test_00757_56918e68,1,0.0166
10,gsm8k_test_00757_56918e68,2,0.0833
10,gsm8k_test_00743_f7828584,1,0.0177
10,gsm8k_test_00743_f7828584,2,0.0899
10,gsm8k_test_00904_017cd46a,1,0.0169
10,gsm8k_test_00904_017cd46a,2,0.1308
10,gsm8k_test_00331_796ada94,1,0.0167
10,gsm8k_test_00331_796ada94,2,0.1115
10,gsm8k_test_00663_5181789e,1,0.017
10,gsm8k_test_00663_5181789e,2,0.0872
10,gsm8k_test_00761_3e0b56bd,1,0.0167
10,gsm8k_test_00761_3e0b56bd,2,0.0856
10,gsm8k_test_00281_03fb10d6,1,0.0165
10,gsm8k_test_00281_03fb10d6,2,0.1467
10,gsm8k_test_00277_cc59173f,1,0.017
10,gsm8k_test_00277_cc59173f,2,0.1416
10,gsm8k_test_00146_7d6e6c59,1,0.0165
10,gsm8k_test_00146_7d6e6c59,2,0.0915
10,gsm8k_test_00433_84c4dcad,1,0.0173
10,gsm8k_test_00433_84c4dcad,2,0.092
10,gsm8k_test_00854_91656af4,1,0.0173
10,gsm8k_test_00854_91656af4,2,0.0842
10,gsm8k_test_00020_ff69618a,1,0.0165
10,gsm8k_test_00020_ff69618a,2,0.1037
10,gsm8k_test_00910_1943aa9b,1,0.0167
10,gsm8k_test_00910_1943aa9b,2,0.1148
10,gsm8k_test_00268_52b4e246,1,0.0169
10,gsm8k_test_00268_52b4e246,2,0.0858
10,gsm8k_test_00548_34620e87,1,0.0165
10,gsm8k_test_00548_34620e87,2,0.0789
10,gsm8k_test_00080_80005895,1,0.0161
10,gsm8k_test_00080_80005895,2,0.1073
10,gsm8k_test_00343_ed40523b,1,0.0168
10,gsm8k_test_00343_ed40523b,2,0.0955
10,gsm8k_test_00577_edd373a6,1,0.0165
10,gsm8k_test_00577_edd373a6,2,0.0762
10,gsm8k_test_00559_4bf74031,1,0.0165
10,gsm8k_test_00559_4bf74031,2,0.074
10,gsm8k_test_01021_381bd36c,1,0.0325
10,gsm8k_test_01021_381bd36c,2,0.1156
10,gsm8k_test_00301_1bab74b7,1,0.0173
10,gsm8k_test_00301_1bab74b7,2,0.0892
10,gsm8k_test_00473_8db92231,1,0.0329
10,gsm8k_test_00473_8db92231,2,0.0835
10,gsm8k_test_00217_c9e36708,1,0.0254
10,gsm8k_test_00217_c9e36708,2,0.1493
10,gsm8k_test_00309_9807d6af,1,0.0444
10,gsm8k_test_00309_9807d6af,2,0.229
10,gsm8k_test_00815_66561af1,1,0.0435
10,gsm8k_test_00815_66561af1,2,0.3164
10,gsm8k_test_00620_864f5666,1,0.0419
10,gsm8k_test_00620_864f5666,2,0.2608
10,gsm8k_test_00537_0a6cb6b4,1,0.0441
10,gsm8k_test_00537_0a6cb6b4,2,0.1614
10,gsm8k_test_01140_9022fd81,1,0.0231
10,gsm8k_test_01140_9022fd81,2,0.1293
10,gsm8k_test_00460_6ef4718b,1,0.0233
10,gsm8k_test_00460_6ef4718b,2,0.1454
10,gsm8k_test_01307_36cb7728,1,0.0223
10,gsm8k_test_01307_36cb7728,2,0.1237
10,gsm8k_test_00049_2c2c57ad,1,0.0214
10,gsm8k_test_00049_2c2c57ad,2,0.1916
10,gsm8k_test_00870_ff9fb8f2,1,0.0332
10,gsm8k_test_00870_ff9fb8f2,2,0.1537
10,gsm8k_test_00816_52b20c27,1,0.0186
10,gsm8k_test_00816_52b20c27,2,0.0878
10,gsm8k_test_00936_a1f79cfc,1,0.0171
10,gsm8k_test_00936_a1f79cfc,2,0.1244
10,gsm8k_test_00828_2f7755e1,1,0.018
10,gsm8k_test_00828_2f7755e1,2,0.1018
10,gsm8k_test_01244_b58f9541,1,0.0167
10,gsm8k_test_01244_b58f9541,2,0.1074
10,gsm8k_test_01151_92815c9d,1,0.017
10,gsm8k_test_01151_92815c9d,2,0.091
10,gsm8k_test_01134_36c6bd38,1,0.0169
10,gsm8k_test_01134_36c6bd38,2,0.0741
10,gsm8k_test_00502_52aedfd3,1,0.0168
10,gsm8k_test_00502_52aedfd3,2,0.177
10,gsm8k_test_00764_4e686855,1,0.0204
10,gsm8k_test_00764_4e686855,2,0.1099
10,gsm8k_test_00865_a9462d35,1,0.0177
10,gsm8k_test_00865_a9462d35,2,0.1886
10,gsm8k_test_00488_74ec858e,1,0.0169
10,gsm8k_test_00488_74ec858e,2,0.083
10,gsm8k_test_00457_2c6abaf1,1,0.0169
10,gsm8k_test_00457_2c6abaf1,2,0.0875
10,gsm8k_test_01239_e15c4625,1,0.0163
10,gsm8k_test_01239_e15c4625,2,0.1067
10,gsm8k_test_00489_a289e9a6,1,0.017
10,gsm8k_test_00489_a289e9a6,2,0.1483
10,gsm8k_test_00751_f1f9462a,1,0.031
10,gsm8k_test_00751_f1f9462a,2,0.0861
10,gsm8k_test_00132_77a67df7,1,0.0198
10,gsm8k_test_00132_77a67df7,2,0.1987
10,gsm8k_test_00335_60add6c9,1,0.0273
10,gsm8k_test_00335_60add6c9,2,0.1247
10,gsm8k_test_00003_2bcc778b,1,0.0176
10,gsm8k_test_00003_2bcc778b,2,0.0875
10,gsm8k_test_00054_0deb5903,1,0.0168
10,gsm8k_test_00054_0deb5903,2,0.1013
11,gsm8k_test_00215_ffc8fac5,1,0.0184
11,gsm8k_test_00215_ffc8fac5,2,0.0956
11,gsm8k_test_00255_f62f9313,1,0.0176
11,gsm8k_test_00255_f62f9313,2,0.0743
11,gsm8k_test_01106_a7b8cc0f,1,0.0167
11,gsm8k_test_01106_a7b8cc0f,2,0.11
11,gsm8k_test_00073_61963453,1,0.0165
11,gsm8k_test_00073_61963453,2,0.1102
11,gsm8k_test_00500_347dd970,1,0.0286
11,gsm8k_test_00500_347dd970,2,0.176
11,gsm8k_test_00339_e85f8fac,1,0.0177
11,gsm8k_test_00339_e85f8fac,2,0.133
11,gsm8k_test_00508_b698b79e,1,0.0183
11,gsm8k_test_00508_b698b79e,2,0.089
11,gsm8k_test_00658_4cfceb7f,1,0.0172
11,gsm8k_test_00658_4cfceb7f,2,0.1133
11,gsm8k_test_00369_a962d6e4,1,0.017
11,gsm8k_test_00369_a962d6e4,2,0.0926
11,gsm8k_test_01131_1821fbe3,1,0.0168
11,gsm8k_test_01131_1821fbe3,2,0.1048
11,gsm8k_test_01115_de408347,1,0.017
11,gsm8k_test_01115_de408347,2,0.0829
11,gsm8k_test_00857_9ac256be,1,0.0168
11,gsm8k_test_00857_9ac256be,2,0.1013
11,gsm8k_test_01088_a5a07975,1,0.0166
11,gsm8k_test_01088_a5a07975,2,0.1002
11,gsm8k_test_00244_41946f32,1,0.0168
11,gsm8k_test_00244_41946f32,2,0.1637
11,gsm8k_test_01017_8f65effa,1,0.0167
11,gsm8k_test_01017_8f65effa,2,0.1065
11,gsm8k_test_00844_e5790a05,1,0.0171
11,gsm8k_test_00844_e5790a05,2,0.0848
11,gsm8k_test_00483_6ac6556f,1,0.0166
11,gsm8k_test_00483_6ac6556f,2,0.0756
11,gsm8k_test_00907_31c0f791,1,0.0166
11,gsm8k_test_00907_31c0f791,2,0.1306
11,gsm8k_test_00257_a7b9c6ad,1,0.0174
11,gsm8k_test_00257_a7b9c6ad,2,0.078
11,gsm8k_test_01032_528db496,1,0.0167
11,gsm8k_test_01032_528db496,2,0.2005
11,gsm8k_test_01212_942edef3,1,0.0178
11,gsm8k_test_01212_942edef3,2,0.111
11,gsm8k_test_00493_ff7f7a50,1,0.0189
11,gsm8k_test_00493_ff7f7a50,2,0.0815
11,gsm8k_test_00476_530143bc,1,0.0177
11,gsm8k_test_00476_530143bc,2,0.1616
11,gsm8k_test_01061_46437934,1,0.0229
11,gsm8k_test_01061_46437934,2,0.1069
11,gsm8k_test_00524_2ca46751,1,0.0301
11,gsm8k_test_00524_2ca46751,2,0.27
11,gsm8k_test_00881_9c3e1462,1,0.0367
11,gsm8k_test_00881_9c3e1462,2,0.3032
11,gsm8k_test_00879_22a8d3e2,1,0.0662
11,gsm8k_test_00879_22a8d3e2,2,0.2588
11,gsm8k_test_00773_2a63721b,1,0.0538
11,gsm8k_test_00773_2a63721b,2,0.2572
11,gsm8k_test_00435_2db4b8f3,1,0.0266
11,gsm8k_test_00435_2db4b8f3,2,0.1578
11,gsm8k_test_00418_9dc873fd,1,0.0329
11,gsm8k_test_00418_9dc873fd,2,0.2473
11,gsm8k_test_00431_5a59e693,1,0.024
11,gsm8k_test_00431_5a59e693,2,0.0994
11,gsm8k_test_00274_8ad9c225,1,0.0192
11,gsm8k_test_00274_8ad9c225,2,0.1488
11,gsm8k_test_00510_fa7b7d0d,1,0.0307
11,gsm8k_test_00510_fa7b7d0d,2,0.1178
11,gsm8k_test_01031_1e5fbd2e,1,0.0478
11,gsm8k_test_01031_1e5fbd2e,2,0.1107
11,gsm8k_test_00085_bebacd2d,1,0.042
11,gsm8k_test_00085_bebacd2d,2,0.2059
11,gsm8k_test_00477_acf3bbda,1,0.0396
11,gsm8k_test_00477_acf3bbda,2,0.2105
11,gsm8k_test_00450_9d1539f5,1,0.0233
11,gsm8k_test_00450_9d1539f5,2,0.1312
11,gsm8k_test_00120_3ea258aa,1,0.0202
11,gsm8k_test_00120_3ea258aa,2,0.1074
11,gsm8k_test_01179_74219b79,1,0.0193
11,gsm8k_test_01179_74219b79,2,0.0842
11,gsm8k_test_00902_a6cf7cc1,1,0.0379
11,gsm8k_test_00902_a6cf7cc1,2,0.0896
11,gsm8k_test_01051_51548cd5,1,0.021
11,gsm8k_test_01051_51548cd5,2,0.1021
11,gsm8k_test_00249_3c77f17a,1,0.0181
11,gsm8k_test_00249_3c77f17a,2,0.0828
11,gsm8k_test_00347_22e2357c,1,0.0172
11,gsm8k_test_00347_22e2357c,2,0.1048
11,gsm8k_test_01086_87c2dae5,1,0.0329
11,gsm8k_test_01086_87c2dae5,2,0.1471
11,gsm8k_test_00323_e8fd8c2c,1,0.0185
11,gsm8k_test_00323_e8fd8c2c,2,0.1045
11,gsm8k_test_00604_67b9756f,1,0.0175
11,gsm8k_test_00604_67b9756f,2,0.0939
11,gsm8k_test_00011_eb5fcd08,1,0.0171
11,gsm8k_test_00011_eb5fcd08,2,0.0998
11,gsm8k_test_01078_626c598e,1,0.0343
11,gsm8k_test_01078_626c598e,2,0.1944
11,gsm8k_test_00848_2343423f,1,0.0208
11,gsm8k_test_00848_2343423f,2,0.1863
11,gsm8k_test_00241_c3ad555a,1,0.182
11,gsm8k_test_00241_c3ad555a,2,0.1473
11,gsm8k_test_00757_56918e68,1,0.0297
11,gsm8k_test_00757_56918e68,2,0.1563
11,gsm8k_test_00743_f7828584,1,0.0404
11,gsm8k_test_00743_f7828584,2,0.171
11,gsm8k_test_00904_017cd46a,1,0.0356
11,gsm8k_test_00904_017cd46a,2,0.1612
11,gsm8k_test_00331_796ada94,1,0.0192
11,gsm8k_test_00331_796ada94,2,0.1201
11,gsm8k_test_00663_5181789e,1,0.0179
11,gsm8k_test_00663_5181789e,2,0.1118
11,gsm8k_test_00761_3e0b56bd,1,0.036
11,gsm8k_test_00761_3e0b56bd,2,0.0989
11,gsm8k_test_00281_03fb10d6,1,0.0179
11,gsm8k_test_00281_03fb10d6,2,0.1726
11,gsm8k_test_00277_cc59173f,1,0.0178
11,gsm8k_test_00277_cc59173f,2,0.2411
11,gsm8k_test_00146_7d6e6c59,1,0.0217
11,gsm8k_test_00146_7d6e6c59,2,0.106
11,gsm8k_test_00433_84c4dcad,1,0.0195
11,gsm8k_test_00433_84c4dcad,2,0.1193
11,gsm8k_test_00854_91656af4,1,0.0185
11,gsm8k_test_00854_91656af4,2,0.1208
11,gsm8k_test_00020_ff69618a,1,0.0198
11,gsm8k_test_00020_ff69618a,2,0.1119
11,gsm8k_test_00910_1943aa9b,1,0.1325
11,gsm8k_test_00910_1943aa9b,2,0.114
11,gsm8k_test_00268_52b4e246,1,0.0173
11,gsm8k_test_00268_52b4e246,2,0.1773
11,gsm8k_test_00548_34620e87,1,0.0385
11,gsm8k_test_00548_34620e87,2,0.2126
11,gsm8k_test_00080_80005895,1,0.0518
11,gsm8k_test_00080_80005895,2,0.2771
11,gsm8k_test_00343_ed40523b,1,0.0239
11,gsm8k_test_00343_ed40523b,2,0.1647
11,gsm8k_test_00577_edd373a6,1,0.0196
11,gsm8k_test_00577_edd373a6,2,0.1507
11,gsm8k_test_00559_4bf74031,1,0.0304
11,gsm8k_test_00559_4bf74031,2,0.16
11,gsm8k_test_01021_381bd36c,1,0.0348
11,gsm8k_test_01021_381bd36c,2,0.1311
11,gsm8k_test_00301_1bab74b7,1,0.0186
11,gsm8k_test_00301_1bab74b7,2,0.0926
11,gsm8k_test_00473_8db92231,1,0.0175
11,gsm8k_test_00473_8db92231,2,0.0766
11,gsm8k_test_00217_c9e36708,1,0.017
11,gsm8k_test_00217_c9e36708,2,0.1458
11,gsm8k_test_00309_9807d6af,1,0.0246
11,gsm8k_test_00309_9807d6af,2,0.1044
11,gsm8k_test_00815_66561af1,1,0.0181
11,gsm8k_test_00815_66561af1,2,0.1162
11,gsm8k_test_00620_864f5666,1,0.0175
11,gsm8k_test_00620_864f5666,2,0.0991
11,gsm8k_test_00537_0a6cb6b4,1,0.0213
11,gsm8k_test_00537_0a6cb6b4,2,0.1026
11,gsm8k_test_01140_9022fd81,1,0.0175
11,gsm8k_test_01140_9022fd81,2,0.0866
11,gsm8k_test_00460_6ef4718b,1,0.0192
11,gsm8k_test_00460_6ef4718b,2,0.0967
11,gsm8k_test_01307_36cb7728,1,0.0172
11,gsm8k_test_01307_36cb7728,2,0.0818
11,gsm8k_test_00049_2c2c57ad,1,0.0166
11,gsm8k_test_00049_2c2c57ad,2,0.121
11,gsm8k_test_00870_ff9fb8f2,1,0.0169
11,gsm8k_test_00870_ff9fb8f2,2,0.0943
11,gsm8k_test_00816_52b20c27,1,0.0173
11,gsm8k_test_00816_52b20c27,2,0.0845
11,gsm8k_test_00936_a1f79cfc,1,0.017
11,gsm8k_test_00936_a1f79cfc,2,0.1008
11,gsm8k_test_00828_2f7755e1,1,0.0169
11,gsm8k_test_00828_2f7755e1,2,0.0982
11,gsm8k_test_01244_b58f9541,1,0.0166
11,gsm8k_test_01244_b58f9541,2,0.1089
11,gsm8k_test_01151_92815c9d,1,0.0171
11,gsm8k_test_01151_92815c9d,2,0.1151
11,gsm8k_test_01134_36c6bd38,1,0.0174
11,gsm8k_test_01134_36c6bd38,2,0.0774
11,gsm8k_test_00502_52aedfd3,1,0.0172
11,gsm8k_test_00502_52aedfd3,2,0.0864
11,gsm8k_test_00764_4e686855,1,0.017
11,gsm8k_test_00764_4e686855,2,0.0859
11,gsm8k_test_00865_a9462d35,1,0.0172
11,gsm8k_test_00865_a9462d35,2,0.1871
11,gsm8k_test_00488_74ec858e,1,0.0172
11,gsm8k_test_00488_74ec858e,2,0.0834
11,gsm8k_test_00457_2c6abaf1,1,0.0175
11,gsm8k_test_00457_2c6abaf1,2,0.088
11,gsm8k_test_01239_e15c4625,1,0.0171
11,gsm8k_test_01239_e15c4625,2,0.089
11,gsm8k_test_00489_a289e9a6,1,0.0171
11,gsm8k_test_00489_a289e9a6,2,0.1507
11,gsm8k_test_00751_f1f9462a,1,0.0171
11,gsm8k_test_00751_f1f9462a,2,0.0808
11,gsm8k_test_00132_77a67df7,1,0.0172
11,gsm8k_test_00132_77a67df7,2,0.1569
11,gsm8k_test_00335_60add6c9,1,0.0174
11,gsm8k_test_00335_60add6c9,2,0.6437
11,gsm8k_test_00003_2bcc778b,1,0.0223
11,gsm8k_test_00003_2bcc778b,2,0.1025
11,gsm8k_test_00054_0deb5903,1,0.0172
11,gsm8k_test_00054_0deb5903,2,0.1039
12,gsm8k_test_00215_ffc8fac5,1,0.0187
12,gsm8k_test_00215_ffc8fac5,2,0.0981
12,gsm8k_test_00255_f62f9313,1,0.0175
12,gsm8k_test_00255_f62f9313,2,0.0764
12,gsm8k_test_01106_a7b8cc0f,1,0.0172
12,gsm8k_test_01106_a7b8cc0f,2,0.1068
12,gsm8k_test_00073_61963453,1,0.0173
12,gsm8k_test_00073_61963453,2,0.1115
12,gsm8k_test_00500_347dd970,1,0.017
12,gsm8k_test_00500_347dd970,2,0.1555
12,gsm8k_test_00339_e85f8fac,1,0.017
12,gsm8k_test_00339_e85f8fac,2,0.0866
12,gsm8k_test_00508_b698b79e,1,0.0169
12,gsm8k_test_00508_b698b79e,2,0.086
12,gsm8k_test_00658_4cfceb7f,1,0.0168
12,gsm8k_test_00658_4cfceb7f,2,0.115
12,gsm8k_test_00369_a962d6e4,1,0.0172
12,gsm8k_test_00369_a962d6e4,2,0.1074
12,gsm8k_test_01131_1821fbe3,1,0.017
12,gsm8k_test_01131_1821fbe3,2,0.109
12,gsm8k_test_01115_de408347,1,0.0172
12,gsm8k_test_01115_de408347,2,0.085
12,gsm8k_test_00857_9ac256be,1,0.0169
12,gsm8k_test_00857_9ac256be,2,0.1029
12,gsm8k_test_01088_a5a07975,1,0.0168
12,gsm8k_test_01088_a5a07975,2,0.1016
12,gsm8k_test_00244_41946f32,1,0.0171
12,gsm8k_test_00244_41946f32,2,0.1633
12,gsm8k_test_01017_8f65effa,1,0.0172
12,gsm8k_test_01017_8f65effa,2,0.1059
12,gsm8k_test_00844_e5790a05,1,0.0171
12,gsm8k_test_00844_e5790a05,2,0.0857
12,gsm8k_test_00483_6ac6556f,1,0.0168
12,gsm8k_test_00483_6ac6556f,2,0.0766
12,gsm8k_test_00907_31c0f791,1,0.0166
12,gsm8k_test_00907_31c0f791,2,0.1149
12,gsm8k_test_00257_a7b9c6ad,1,0.0169
12,gsm8k_test_00257_a7b9c6ad,2,0.0773
12,gsm8k_test_01032_528db496,1,0.017
12,gsm8k_test_01032_528db496,2,0.1769
12,gsm8k_test_01212_942edef3,1,0.0169
12,gsm8k_test_01212_942edef3,2,0.0881
12,gsm8k_test_00493_ff7f7a50,1,0.0186
12,gsm8k_test_00493_ff7f7a50,2,0.0937
12,gsm8k_test_00476_530143bc,1,0.0173
12,gsm8k_test_00476_530143bc,2,0.108
12,gsm8k_test_01061_46437934,1,0.0173
12,gsm8k_test_01061_46437934,2,0.0762
12,gsm8k_test_00524_2ca46751,1,0.0168
12,gsm8k_test_00524_2ca46751,2,0.1137
12,gsm8k_test_00881_9c3e1462,1,0.0168
12,gsm8k_test_00881_9c3e1462,2,0.0879
12,gsm8k_test_00879_22a8d3e2,1,0.0167
12,gsm8k_test_00879_22a8d3e2,2,0.093
12,gsm8k_test_00773_2a63721b,1,0.0174
12,gsm8k_test_00773_2a63721b,2,0.0891
12,gsm8k_test_00435_2db4b8f3,1,0.0326
12,gsm8k_test_00435_2db4b8f3,2,0.3035
12,gsm8k_test_00418_9dc873fd,1,0.0386
12,gsm8k_test_00418_9dc873fd,2,0.1242
12,gsm8k_test_00431_5a59e693,1,0.0175
12,gsm8k_test_00431_5a59e693,2,0.0809
12,gsm8k_test_00274_8ad9c225,1,0.0173
12,gsm8k_test_00274_8ad9c225,2,0.1132
12,gsm8k_test_00510_fa7b7d0d,1,0.0172
12,gsm8k_test_00510_fa7b7d0d,2,0.1039
12,gsm8k_test_01031_1e5fbd2e,1,0.017
12,gsm8k_test_01031_1e5fbd2e,2,0.0848
12,gsm8k_test_00085_bebacd2d,1,0.0183
12,gsm8k_test_00085_bebacd2d,2,0.0961
12,gsm8k_test_00477_acf3bbda,1,0.0171
12,gsm8k_test_00477_acf3bbda,2,0.0774
12,gsm8k_test_00450_9d1539f5,1,0.0169
12,gsm8k_test_00450_9d1539f5,2,0.1444
12,gsm8k_test_00120_3ea258aa,1,0.0338
12,gsm8k_test_00120_3ea258aa,2,0.3755
12,gsm8k_test_01179_74219b79,1,0.1159
12,gsm8k_test_01179_74219b79,2,0.2739
12,gsm8k_test_00902_a6cf7cc1,1,0.056
12,gsm8k_test_00902_a6cf7cc1,2,0.1521
12,gsm8k_test_01051_51548cd5,1,0.0236
12,gsm8k_test_01051_51548cd5,2,0.0972
12,gsm8k_test_00249_3c77f17a,1,0.0194
12,gsm8k_test_00249_3c77f17a,2,0.0895
12,gsm8k_test_00347_22e2357c,1,0.0185
12,gsm8k_test_00347_22e2357c,2,0.1088
12,gsm8k_test_01086_87c2dae5,1,0.0177
12,gsm8k_test_01086_87c2dae5,2,0.0972
12,gsm8k_test_00323_e8fd8c2c,1,0.0273
12,gsm8k_test_00323_e8fd8c2c,2,0.141
12,gsm8k_test_00604_67b9756f,1,0.0182
12,gsm8k_test_00604_67b9756f,2,0.1184
12,gsm8k_test_00011_eb5fcd08,1,0.0362
12,gsm8k_test_00011_eb5fcd08,2,0.149
12,gsm8k_test_01078_626c598e,1,0.0723
12,gsm8k_test_01078_626c598e,2,0.2104
12,gsm8k_test_00848_2343423f,1,0.0337
12,gsm8k_test_00848_2343423f,2,0.2611
12,gsm8k_test_00241_c3ad555a,1,0.0357
12,gsm8k_test_00241_c3ad555a,2,0.1823
12,gsm8k_test_00757_56918e68,1,0.0395
12,gsm8k_test_00757_56918e68,2,0.5
12,gsm8k_test_00743_f7828584,1,0.0289
12,gsm8k_test_00743_f7828584,2,0.1737
12,gsm8k_test_00904_017cd46a,1,0.0251
12,gsm8k_test_00904_017cd46a,2,0.7139
12,gsm8k_test_00331_796ada94,1,0.0226
12,gsm8k_test_00331_796ada94,2,0.2683
12,gsm8k_test_00663_5181789e,1,0.0408
12,gsm8k_test_00663_5181789e,2,0.2261
12,gsm8k_test_00761_3e0b56bd,1,0.0379
12,gsm8k_test_00761_3e0b56bd,2,0.2427
12,gsm8k_test_00281_03fb10d6,1,0.0359
12,gsm8k_test_00281_03fb10d6,2,0.3351
12,gsm8k_test_00277_cc59173f,1,0.0251
12,gsm8k_test_00277_cc59173f,2,0.2438
12,gsm8k_test_00146_7d6e6c59,1,0.0226
12,gsm8k_test_00146_7d6e6c59,2,0.1456
12,gsm8k_test_00433_84c4dcad,1,0.0238
12,gsm8k_test_00433_84c4dcad,2,0.1411
12,gsm8k_test_00854_91656af4,1,0.0228
12,gsm8k_test_00854_91656af4,2,0.1305
12,gsm8k_test_00020_ff69618a,1,0.0217
12,gsm8k_test_00020_ff69618a,2,0.1657
12,gsm8k_test_00910_1943aa9b,1,0.0217
12,gsm8k_test_00910_1943aa9b,2,0.1784
12,gsm8k_test_00268_52b4e246,1,0.0188
12,gsm8k_test_00268_52b4e246,2,0.0933
12,gsm8k_test_00548_34620e87,1,0.0175
12,gsm8k_test_00548_34620e87,2,0.0823
12,gsm8k_test_00080_80005895,1,0.0214
12,gsm8k_test_00080_80005895,2,0.1177
12,gsm8k_test_00343_ed40523b,1,0.0171
12,gsm8k_test_00343_ed40523b,2,0.0994
12,gsm8k_test_00577_edd373a6,1,0.017
12,gsm8k_test_00577_edd373a6,2,0.209
12,gsm8k_test_00559_4bf74031,1,0.0195
12,gsm8k_test_00559_4bf74031,2,0.082
12,gsm8k_test_01021_381bd36c,1,0.017
12,gsm8k_test_01021_381bd36c,2,0.4782
12,gsm8k_test_00301_1bab74b7,1,0.0191
12,gsm8k_test_00301_1bab74b7,2,0.3714
12,gsm8k_test_00473_8db92231,1,0.0263
12,gsm8k_test_00473_8db92231,2,0.1201
12,gsm8k_test_00217_c9e36708,1,0.0217
12,gsm8k_test_00217_c9e36708,2,0.1846
12,gsm8k_test_00309_9807d6af,1,0.0216
12,gsm8k_test_00309_9807d6af,2,0.1097
12,gsm8k_test_00815_66561af1,1,0.022
12,gsm8k_test_00815_66561af1,2,0.1766
12,gsm8k_test_00620_864f5666,1,0.0215
12,gsm8k_test_00620_864f5666,2,0.1494
12,gsm8k_test_00537_0a6cb6b4,1,0.0306
12,gsm8k_test_00537_0a6cb6b4,2,0.2009
12,gsm8k_test_01140_9022fd81,1,0.0364
12,gsm8k_test_01140_9022fd81,2,0.1988
12,gsm8k_test_00460_6ef4718b,1,0.0392
12,gsm8k_test_00460_6ef4718b,2,0.2366
12,gsm8k_test_01307_36cb7728,1,0.0389
12,gsm8k_test_01307_36cb7728,2,0.1649
12,gsm8k_test_00049_2c2c57ad,1,0.0238
12,gsm8k_test_00049_2c2c57ad,2,0.1989
12,gsm8k_test_00870_ff9fb8f2,1,0.0223
12,gsm8k_test_00870_ff9fb8f2,2,0.1449
12,gsm8k_test_00816_52b20c27,1,0.0222
12,gsm8k_test_00816_52b20c27,2,0.1258
12,gsm8k_test_00936_a1f79cfc,1,0.0219
12,gsm8k_test_00936_a1f79cfc,2,0.1537
12,gsm8k_test_00828_2f7755e1,1,0.0215
12,gsm8k_test_00828_2f7755e1,2,0.1519
12,gsm8k_test_01244_b58f9541,1,0.0213
12,gsm8k_test_01244_b58f9541,2,0.1702
12,gsm8k_test_01151_92815c9d,1,0.0214
12,gsm8k_test_01151_92815c9d,2,0.1381
12,gsm8k_test_01134_36c6bd38,1,0.0214
12,gsm8k_test_01134_36c6bd38,2,0.2063
12,gsm8k_test_00502_52aedfd3,1,0.0462
12,gsm8k_test_00502_52aedfd3,2,0.2319
12,gsm8k_test_00764_4e686855,1,0.0383
12,gsm8k_test_00764_4e686855,2,0.1839
12,gsm8k_test_00865_a9462d35,1,0.0248
12,gsm8k_test_00865_a9462d35,2,0.3172
12,gsm8k_test_00488_74ec858e,1,0.0218
12,gsm8k_test_00488_74ec858e,2,0.1251
12,gsm8k_test_00457_2c6abaf1,1,0.022
12,gsm8k_test_00457_2c6abaf1,2,0.1312
12,gsm8k_test_01239_e15c4625,1,0.0217
12,gsm8k_test_01239_e15c4625,2,0.1349
12,gsm8k_test_00489_a289e9a6,1,0.0214
12,gsm8k_test_00489_a289e9a6,2,0.2694
12,gsm8k_test_00751_f1f9462a,1,0.0235
12,gsm8k_test_00751_f1f9462a,2,0.1222
12,gsm8k_test_00132_77a67df7,1,0.0221
12,gsm8k_test_00132_77a67df7,2,0.6381
12,gsm8k_test_00335_60add6c9,1,0.0448
12,gsm8k_test_00335_60add6c9,2,0.2291
12,gsm8k_test_00003_2bcc778b,1,0.0544
12,gsm8k_test_00003_2bcc778b,2,0.3866
12,gsm8k_test_00054_0deb5903,1,0.0307
12,gsm8k_test_00054_0deb5903,2,0.1568
13,gsm8k_test_00215_ffc8fac5,1,0.0277
13,gsm8k_test_00215_ffc8fac5,2,0.5095
13,gsm8k_test_00255_f62f9313,1,0.1277
13,gsm8k_test_00255_f62f9313,2,0.2151
13,gsm8k_test_01106_a7b8cc0f,1,0.1014
13,gsm8k_test_01106_a7b8cc0f,2,0.6591
13,gsm8k_test_00073_61963453,1,0.1852
13,gsm8k_test_00073_61963453,2,0.9408
13,gsm8k_test_00500_347dd970,1,0.0237
13,gsm8k_test_00500_347dd970,2,0.1797
13,gsm8k_test_00339_e85f8fac,1,0.0195
13,gsm8k_test_00339_e85f8fac,2,0.1147
13,gsm8k_test_00508_b698b79e,1,0.0183
13,gsm8k_test_00508_b698b79e,2,0.0912
13,gsm8k_test_00658_4cfceb7f,1,0.0183
13,gsm8k_test_00658_4cfceb7f,2,0.1172
13,gsm8k_test_00369_a962d6e4,1,0.0207
13,gsm8k_test_00369_a962d6e4,2,0.5382
13,gsm8k_test_01131_1821fbe3,1,0.0193
13,gsm8k_test_01131_1821fbe3,2,0.1143
13,gsm8k_test_01115_de408347,1,0.0173
13,gsm8k_test_01115_de408347,2,0.0875
13,gsm8k_test_00857_9ac256be,1,0.0173
13,gsm8k_test_00857_9ac256be,2,0.2267
13,gsm8k_test_01088_a5a07975,1,0.0191
13,gsm8k_test_01088_a5a07975,2,0.2254
13,gsm8k_test_00244_41946f32,1,0.0202
13,gsm8k_test_00244_41946f32,2,0.1732
13,gsm8k_test_01017_8f65effa,1,0.0176
13,gsm8k_test_01017_8f65effa,2,0.1245
13,gsm8k_test_00844_e5790a05,1,0.0212
13,gsm8k_test_00844_e5790a05,2,0.1017
13,gsm8k_test_00483_6ac6556f,1,0.2919
13,gsm8k_test_00483_6ac6556f,2,1.2832
13,gsm8k_test_00907_31c0f791,1,0.0202
13,gsm8k_test_00907_31c0f791,2,0.1255
13,gsm8k_test_00257_a7b9c6ad,1,0.0179
13,gsm8k_test_00257_a7b9c6ad,2,0.08
13,gsm8k_test_01032_528db496,1,0.0171
13,gsm8k_test_01032_528db496,2,0.1795
13,gsm8k_test_01212_942edef3,1,0.0168
13,gsm8k_test_01212_942edef3,2,0.0906
13,gsm8k_test_00493_ff7f7a50,1,0.257
13,gsm8k_test_00493_ff7f7a50,2,0.0935
13,gsm8k_test_00476_530143bc,1,0.0181
13,gsm8k_test_00476_530143bc,2,0.1092
13,gsm8k_test_01061_46437934,1,0.0173
13,gsm8k_test_01061_46437934,2,0.2027
13,gsm8k_test_00524_2ca46751,1,0.0191
13,gsm8k_test_00524_2ca46751,2,0.1212
13,gsm8k_test_00881_9c3e1462,1,0.1115
13,gsm8k_test_00881_9c3e1462,2,0.1011
13,gsm8k_test_00879_22a8d3e2,1,0.0179
13,gsm8k_test_00879_22a8d3e2,2,0.0973
13,gsm8k_test_00773_2a63721b,1,0.2396
13,gsm8k_test_00773_2a63721b,2,0.197
13,gsm8k_test_00435_2db4b8f3,1,0.1867
13,gsm8k_test_00435_2db4b8f3,2,1.62
13,gsm8k_test_00418_9dc873fd,1,0.1689
13,gsm8k_test_00418_9dc873fd,2,1.6183
13,gsm8k_test_00431_5a59e693,1,0.0283
13,gsm8k_test_00431_5a59e693,2,0.1263
13,gsm8k_test_00274_8ad9c225,1,0.038
13,gsm8k_test_00274_8ad9c225,2,0.2601
13,gsm8k_test_00510_fa7b7d0d,1,0.0417
13,gsm8k_test_00510_fa7b7d0d,2,0.2263
13,gsm8k_test_01031_1e5fbd2e,1,0.0318
13,gsm8k_test_01031_1e5fbd2e,2,0.2115
13,gsm8k_test_00085_bebacd2d,1,0.0278
13,gsm8k_test_00085_bebacd2d,2,0.1269
13,gsm8k_test_00477_acf3bbda,1,0.0199
13,gsm8k_test_00477_acf3bbda,2,0.0869
13,gsm8k_test_00450_9d1539f5,1,0.0182
13,gsm8k_test_00450_9d1539f5,2,0.2104
13,gsm8k_test_00120_3ea258aa,1,0.0429
13,gsm8k_test_00120_3ea258aa,2,0.1309
13,gsm8k_test_01179_74219b79,1,0.0211
13,gsm8k_test_01179_74219b79,2,0.0887
13,gsm8k_test_00902_a6cf7cc1,1,0.018
13,gsm8k_test_00902_a6cf7cc1,2,0.6512
13,gsm8k_test_01051_51548cd5,1,0.0206
13,gsm8k_test_01051_51548cd5,2,0.0896
13,gsm8k_test_00249_3c77f17a,1,0.0171
13,gsm8k_test_00249_3c77f17a,2,0.1927
13,gsm8k_test_00347_22e2357c,1,0.0189
13,gsm8k_test_00347_22e2357c,2,0.1112
13,gsm8k_test_01086_87c2dae5,1,0.0276
13,gsm8k_test_01086_87c2dae5,2,1.3725
13,gsm8k_test_00323_e8fd8c2c,1,0.032
13,gsm8k_test_00323_e8fd8c2c,2,0.6984
13,gsm8k_test_00604_67b9756f,1,0.0454
13,gsm8k_test_00604_67b9756f,2,0.2464
13,gsm8k_test_00011_eb5fcd08,1,0.04
13,gsm8k_test_00011_eb5fcd08,2,0.2259
13,gsm8k_test_01078_626c598e,1,0.0266
13,gsm8k_test_01078_626c598e,2,0.2579
13,gsm8k_test_00848_2343423f,1,0.0211
13,gsm8k_test_00848_2343423f,2,0.1347
13,gsm8k_test_00241_c3ad555a,1,0.0191
13,gsm8k_test_00241_c3ad555a,2,0.0826
13,gsm8k_test_00757_56918e68,1,0.1604
13,gsm8k_test_00757_56918e68,2,0.1019
13,gsm8k_test_00743_f7828584,1,0.0205
13,gsm8k_test_00743_f7828584,2,0.2521
13,gsm8k_test_00904_017cd46a,1,0.0201
13,gsm8k_test_00904_017cd46a,2,0.5202
13,gsm8k_test_00331_796ada94,1,0.0383
13,gsm8k_test_00331_796ada94,2,0.4041
13,gsm8k_test_00663_5181789e,1,0.0485
13,gsm8k_test_00663_5181789e,2,0.2644
13,gsm8k_test_00761_3e0b56bd,1,0.0454
13,gsm8k_test_00761_3e0b56bd,2,0.2402
13,gsm8k_test_00281_03fb10d6,1,0.043
13,gsm8k_test_00281_03fb10d6,2,0.4382
13,gsm8k_test_00277_cc59173f,1,0.0241
13,gsm8k_test_00277_cc59173f,2,0.1659
13,gsm8k_test_00146_7d6e6c59,1,0.0195
13,gsm8k_test_00146_7d6e6c59,2,0.1006
13,gsm8k_test_00433_84c4dcad,1,0.0196
13,gsm8k_test_00433_84c4dcad,2,0.0968
13,gsm8k_test_00854_91656af4,1,0.0187
13,gsm8k_test_00854_91656af4,2,0.0897
13,gsm8k_test_00020_ff69618a,1,0.0179
13,gsm8k_test_00020_ff69618a,2,0.1066
13,gsm8k_test_00910_1943aa9b,1,0.0177
13,gsm8k_test_00910_1943aa9b,2,0.1031
13,gsm8k_test_00268_52b4e246,1,0.0173
13,gsm8k_test_00268_52b4e246,2,0.0888
13,gsm8k_test_00548_34620e87,1,0.0173
13,gsm8k_test_00548_34620e87,2,0.8772
13,gsm8k_test_00080_80005895,1,0.0278
13,gsm8k_test_00080_80005895,2,0.234
13,gsm8k_test_00343_ed40523b,1,0.0292
13,gsm8k_test_00343_ed40523b,2,0.203
13,gsm8k_test_00577_edd373a6,1,0.0251
13,gsm8k_test_00577_edd373a6,2,0.1227
13,gsm8k_test_00559_4bf74031,1,0.0222
13,gsm8k_test_00559_4bf74031,2,0.1112
13,gsm8k_test_01021_381bd36c,1,0.0217
13,gsm8k_test_01021_381bd36c,2,0.1635
13,gsm8k_test_00301_1bab74b7,1,0.0221
13,gsm8k_test_00301_1bab74b7,2,0.1341
13,gsm8k_test_00473_8db92231,1,0.0217
13,gsm8k_test_00473_8db92231,2,0.1101
13,gsm8k_test_00217_c9e36708,1,0.0214
13,gsm8k_test_00217_c9e36708,2,0.1838
13,gsm8k_test_00309_9807d6af,1,0.0382
13,gsm8k_test_00309_9807d6af,2,0.0835
13,gsm8k_test_00815_66561af1,1,0.0172
13,gsm8k_test_00815_66561af1,2,0.1142
13,gsm8k_test_00620_864f5666,1,0.0175
13,gsm8k_test_00620_864f5666,2,0.0989
13,gsm8k_test_00537_0a6cb6b4,1,0.0171
13,gsm8k_test_00537_0a6cb6b4,2,0.0883
13,gsm8k_test_01140_9022fd81,1,0.0171
13,gsm8k_test_01140_9022fd81,2,0.086
13,gsm8k_test_00460_6ef4718b,1,0.0189
13,gsm8k_test_00460_6ef4718b,2,0.0977
13,gsm8k_test_01307_36cb7728,1,0.0175
13,gsm8k_test_01307_36cb7728,2,0.0857
13,gsm8k_test_00049_2c2c57ad,1,0.0168
13,gsm8k_test_00049_2c2c57ad,2,0.1205
13,gsm8k_test_00870_ff9fb8f2,1,0.0174
13,gsm8k_test_00870_ff9fb8f2,2,0.0941
13,gsm8k_test_00816_52b20c27,1,0.0173
13,gsm8k_test_00816_52b20c27,2,0.0836
13,gsm8k_test_00936_a1f79cfc,1,0.0171
13,gsm8k_test_00936_a1f79cfc,2,0.1011
13,gsm8k_test_00828_2f7755e1,1,0.0172
13,gsm8k_test_00828_2f7755e1,2,0.0983
13,gsm8k_test_01244_b58f9541,1,0.0169
13,gsm8k_test_01244_b58f9541,2,0.1076
13,gsm8k_test_01151_92815c9d,1,0.017
13,gsm8k_test_01151_92815c9d,2,0.105
13,gsm8k_test_01134_36c6bd38,1,0.0168
13,gsm8k_test_01134_36c6bd38,2,0.076
13,gsm8k_test_00502_52aedfd3,1,0.0166
13,gsm8k_test_00502_52aedfd3,2,0.0847
13,gsm8k_test_00764_4e686855,1,0.0172
13,gsm8k_test_00764_4e686855,2,0.0843
13,gsm8k_test_00865_a9462d35,1,0.0174
13,gsm8k_test_00865_a9462d35,2,0.2979
13,gsm8k_test_00488_74ec858e,1,0.0374
13,gsm8k_test_00488_74ec858e,2,0.1594
13,gsm8k_test_00457_2c6abaf1,1,0.0397
13,gsm8k_test_00457_2c6abaf1,2,0.1999
13,gsm8k_test_01239_e15c4625,1,0.0224
13,gsm8k_test_01239_e15c4625,2,0.1072
13,gsm8k_test_00489_a289e9a6,1,0.0188
13,gsm8k_test_00489_a289e9a6,2,0.1552
13,gsm8k_test_00751_f1f9462a,1,0.0182
13,gsm8k_test_00751_f1f9462a,2,0.0845
13,gsm8k_test_00132_77a67df7,1,0.0173
13,gsm8k_test_00132_77a67df7,2,0.1835
13,gsm8k_test_00335_60add6c9,1,0.0176
13,gsm8k_test_00335_60add6c9,2,0.1074
13,gsm8k_test_00003_2bcc778b,1,0.0173
13,gsm8k_test_00003_2bcc778b,2,0.0867
13,gsm8k_test_00054_0deb5903,1,0.0171
13,gsm8k_test_00054_0deb5903,2,0.1018
14,gsm8k_test_00215_ffc8fac5,1,0.0192
14,gsm8k_test_00215_ffc8fac5,2,0.098
14,gsm8k_test_00255_f62f9313,1,0.0179
14,gsm8k_test_00255_f62f9313,2,0.0763
14,gsm8k_test_01106_a7b8cc0f,1,0.017
14,gsm8k_test_01106_a7b8cc0f,2,0.1063
14,gsm8k_test_00073_61963453,1,0.0171
14,gsm8k_test_00073_61963453,2,0.1109
14,gsm8k_test_00500_347dd970,1,0.017
14,gsm8k_test_00500_347dd970,2,0.155
14,gsm8k_test_00339_e85f8fac,1,0.0172
14,gsm8k_test_00339_e85f8fac,2,0.0866
14,gsm8k_test_00508_b698b79e,1,0.0172
14,gsm8k_test_00508_b698b79e,2,0.0852
14,gsm8k_test_00658_4cfceb7f,1,0.0174
14,gsm8k_test_00658_4cfceb7f,2,0.1133
14,gsm8k_test_00369_a962d6e4,1,0.0176
14,gsm8k_test_00369_a962d6e4,2,0.0883
14,gsm8k_test_01131_1821fbe3,1,0.017
14,gsm8k_test_01131_1821fbe3,2,0.1109
14,gsm8k_test_01115_de408347,1,0.0169
14,gsm8k_test_01115_de408347,2,0.0849
14,gsm8k_test_00857_9ac256be,1,0.0171
14,gsm8k_test_00857_9ac256be,2,0.1124
14,gsm8k_test_01088_a5a07975,1,0.0178
14,gsm8k_test_01088_a5a07975,2,0.1039
14,gsm8k_test_00244_41946f32,1,0.0169
14,gsm8k_test_00244_41946f32,2,0.1656
14,gsm8k_test_01017_8f65effa,1,0.0171
14,gsm8k_test_01017_8f65effa,2,0.1072
14,gsm8k_test_00844_e5790a05,1,0.0169
14,gsm8k_test_00844_e5790a05,2,0.0866
14,gsm8k_test_00483_6ac6556f,1,0.017
14,gsm8k_test_00483_6ac6556f,2,0.0753
14,gsm8k_test_00907_31c0f791,1,0.0168
14,gsm8k_test_00907_31c0f791,2,0.1143
14,gsm8k_test_00257_a7b9c6ad,1,0.0171
14,gsm8k_test_00257_a7b9c6ad,2,0.0774
14,gsm8k_test_01032_528db496,1,0.0166
14,gsm8k_test_01032_528db496,2,0.1764
14,gsm8k_test_01212_942edef3,1,0.0179
14,gsm8k_test_01212_942edef3,2,0.0905
14,gsm8k_test_00493_ff7f7a50,1,0.0186
14,gsm8k_test_00493_ff7f7a50,2,0.0942
14,gsm8k_test_00476_530143bc,1,0.0172
14,gsm8k_test_00476_530143bc,2,0.1083
14,gsm8k_test_01061_46437934,1,0.017
14,gsm8k_test_01061_46437934,2,0.075
14,gsm8k_test_00524_2ca46751,1,0.0167
14,gsm8k_test_00524_2ca46751,2,0.1141
14,gsm8k_test_00881_9c3e1462,1,0.0171
14,gsm8k_test_00881_9c3e1462,2,0.0889
14,gsm8k_test_00879_22a8d3e2,1,0.0169
14,gsm8k_test_00879_22a8d3e2,2,0.0927
14,gsm8k_test_00773_2a63721b,1,0.0163
14,gsm8k_test_00773_2a63721b,2,0.0929
14,gsm8k_test_00435_2db4b8f3,1,0.0165
14,gsm8k_test_00435_2db4b8f3,2,0.1267
14,gsm8k_test_00418_9dc873fd,1,0.017
14,gsm8k_test_00418_9dc873fd,2,0.1021
14,gsm8k_test_00431_5a59e693,1,0.017
14,gsm8k_test_00431_5a59e693,2,0.0768
14,gsm8k_test_00274_8ad9c225,1,0.017
14,gsm8k_test_00274_8ad9c225,2,0.1112
14,gsm8k_test_00510_fa7b7d0d,1,0.017
14,gsm8k_test_00510_fa7b7d0d,2,0.1022
14,gsm8k_test_01031_1e5fbd2e,1,0.0169
14,gsm8k_test_01031_1e5fbd2e,2,0.0838
14,gsm8k_test_00085_bebacd2d,1,0.0179
14,gsm8k_test_00085_bebacd2d,2,0.199
14,gsm8k_test_00477_acf3bbda,1,0.0443
14,gsm8k_test_00477_acf3bbda,2,0.1999
14,gsm8k_test_00450_9d1539f5,1,0.0222
14,gsm8k_test_00450_9d1539f5,2,0.0952
14,gsm8k_test_00120_3ea258aa,1,0.0178
14,gsm8k_test_00120_3ea258aa,2,0.0946
14,gsm8k_test_01179_74219b79,1,0.0174
14,gsm8k_test_01179_74219b79,2,0.0787
14,gsm8k_test_00902_a6cf7cc1,1,0.0167
14,gsm8k_test_00902_a6cf7cc1,2,0.0794
14,gsm8k_test_01051_51548cd5,1,0.0166
14,gsm8k_test_01051_51548cd5,2,0.0771
14,gsm8k_test_00249_3c77f17a,1,0.0167
14,gsm8k_test_00249_3c77f17a,2,0.0819
14,gsm8k_test_00347_22e2357c,1,0.0171
14,gsm8k_test_00347_22e2357c,2,0.1039
14,gsm8k_test_01086_87c2dae5,1,0.0173
14,gsm8k_test_01086_87c2dae5,2,0.0946
14,gsm8k_test_00323_e8fd8c2c,1,0.0175
14,gsm8k_test_00323_e8fd8c2c,2,0.1008
14,gsm8k_test_00604_67b9756f,1,0.0171
14,gsm8k_test_00604_67b9756f,2,0.0912
14,gsm8k_test_00011_eb5fcd08,1,0.0169
14,gsm8k_test_00011_eb5fcd08,2,0.0873
14,gsm8k_test_01078_626c598e,1,0.0168
14,gsm8k_test_01078_626c598e,2,0.1006
14,gsm8k_test_00848_2343423f,1,0.0168
14,gsm8k_test_00848_2343423f,2,0.1127
14,gsm8k_test_00241_c3ad555a,1,0.0164
14,gsm8k_test_00241_c3ad555a,2,0.0747
14,gsm8k_test_00757_56918e68,1,0.0163
14,gsm8k_test_00757_56918e68,2,0.0832
14,gsm8k_test_00743_f7828584,1,0.0186
14,gsm8k_test_00743_f7828584,2,0.0913
14,gsm8k_test_00904_017cd46a,1,0.0182
14,gsm8k_test_00904_017cd46a,2,0.1327
14,gsm8k_test_00331_796ada94,1,0.0173
14,gsm8k_test_00331_796ada94,2,0.1117
14,gsm8k_test_00663_5181789e,1,0.017
14,gsm8k_test_00663_5181789e,2,0.0885
14,gsm8k_test_00761_3e0b56bd,1,0.0172
14,gsm8k_test_00761_3e0b56bd,2,0.0872
14,gsm8k_test_00281_03fb10d6,1,0.0169
14,gsm8k_test_00281_03fb10d6,2,0.1482
14,gsm8k_test_00277_cc59173f,1,0.0174
14,gsm8k_test_00277_cc59173f,2,0.1428
14,gsm8k_test_00146_7d6e6c59,1,0.017
14,gsm8k_test_00146_7d6e6c59,2,0.0937
14,gsm8k_test_00433_84c4dcad,1,0.0181
14,gsm8k_test_00433_84c4dcad,2,0.092
14,gsm8k_test_00854_91656af4,1,0.0173
14,gsm8k_test_00854_91656af4,2,0.1037
14,gsm8k_test_00020_ff69618a,1,0.0173
14,gsm8k_test_00020_ff69618a,2,0.1059
14,gsm8k_test_00910_1943aa9b,1,0.0172
14,gsm8k_test_00910_1943aa9b,2,0.1097
14,gsm8k_test_00268_52b4e246,1,0.0174
14,gsm8k_test_00268_52b4e246,2,0.088
14,gsm8k_test_00548_34620e87,1,0.0167
14,gsm8k_test_00548_34620e87,2,0.0803
14,gsm8k_test_00080_80005895,1,0.0165
14,gsm8k_test_00080_80005895,2,0.1087
14,gsm8k_test_00343_ed40523b,1,0.0168
14,gsm8k_test_00343_ed40523b,2,0.0987
14,gsm8k_test_00577_edd373a6,1,0.0174
14,gsm8k_test_00577_edd373a6,2,0.0767
14,gsm8k_test_00559_4bf74031,1,0.0176
14,gsm8k_test_00559_4bf74031,2,0.0754
14,gsm8k_test_01021_381bd36c,1,0.0165
14,gsm8k_test_01021_381bd36c,2,0.1042
14,gsm8k_test_00301_1bab74b7,1,0.0167
14,gsm8k_test_00301_1bab74b7,2,0.0885
14,gsm8k_test_00473_8db92231,1,0.0163
14,gsm8k_test_00473_8db92231,2,0.0759
14,gsm8k_test_00217_c9e36708,1,0.0166
14,gsm8k_test_00217_c9e36708,2,0.1145
14,gsm8k_test_00309_9807d6af,1,0.0173
14,gsm8k_test_00309_9807d6af,2,0.0755
14,gsm8k_test_00815_66561af1,1,0.0168
14,gsm8k_test_00815_66561af1,2,0.1373
14,gsm8k_test_00620_864f5666,1,0.0171
14,gsm8k_test_00620_864f5666,2,0.0993
14,gsm8k_test_00537_0a6cb6b4,1,0.0179
14,gsm8k_test_00537_0a6cb6b4,2,0.0892
14,gsm8k_test_01140_9022fd81,1,0.0357
14,gsm8k_test_01140_9022fd81,2,0.0987
14,gsm8k_test_00460_6ef4718b,1,0.0183
14,gsm8k_test_00460_6ef4718b,2,0.0965
14,gsm8k_test_01307_36cb7728,1,0.0173
14,gsm8k_test_01307_36cb7728,2,0.0812
14,gsm8k_test_00049_2c2c57ad,1,0.0167
14,gsm8k_test_00049_2c2c57ad,2,0.1202
14,gsm8k_test_00870_ff9fb8f2,1,0.0173
14,gsm8k_test_00870_ff9fb8f2,2,0.0942
14,gsm8k_test_00816_52b20c27,1,0.0169
14,gsm8k_test_00816_52b20c27,2,0.0837
14,gsm8k_test_00936_a1f79cfc,1,0.018
14,gsm8k_test_00936_a1f79cfc,2,0.1037
14,gsm8k_test_00828_2f7755e1,1,0.0172
14,gsm8k_test_00828_2f7755e1,2,0.0998
14,gsm8k_test_01244_b58f9541,1,0.0172
14,gsm8k_test_01244_b58f9541,2,0.1526
14,gsm8k_test_01151_92815c9d,1,0.0184
14,gsm8k_test_01151_92815c9d,2,0.116
14,gsm8k_test_01134_36c6bd38,1,0.0175
14,gsm8k_test_01134_36c6bd38,2,0.0774
14,gsm8k_test_00502_52aedfd3,1,0.0337
14,gsm8k_test_00502_52aedfd3,2,0.0933
14,gsm8k_test_00764_4e686855,1,0.0169
14,gsm8k_test_00764_4e686855,2,0.0847
14,gsm8k_test_00865_a9462d35,1,0.0171
14,gsm8k_test_00865_a9462d35,2,0.2447
14,gsm8k_test_00488_74ec858e,1,0.0187
14,gsm8k_test_00488_74ec858e,2,0.089
14,gsm8k_test_00457_2c6abaf1,1,0.017
14,gsm8k_test_00457_2c6abaf1,2,0.0889
14,gsm8k_test_01239_e15c4625,1,0.0168
14,gsm8k_test_01239_e15c4625,2,0.0893
14,gsm8k_test_00489_a289e9a6,1,0.0171
14,gsm8k_test_00489_a289e9a6,2,0.1535
14,gsm8k_test_00751_f1f9462a,1,0.0174
14,gsm8k_test_00751_f1f9462a,2,0.0797
14,gsm8k_test_00132_77a67df7,1,0.0169
14,gsm8k_test_00132_77a67df7,2,0.1557
14,gsm8k_test_00335_60add6c9,1,0.017
14,gsm8k_test_00335_60add6c9,2,0.1033
14,gsm8k_test_00003_2bcc778b,1,0.0174
14,gsm8k_test_00003_2bcc778b,2,0.1046
14,gsm8k_test_00054_0deb5903,1,0.0176
14,gsm8k_test_00054_0deb5903,2,0.1039
15,gsm8k_test_00215_ffc8fac5,1,0.0193
15,gsm8k_test_00215_ffc8fac5,2,0.0974
15,gsm8k_test_00255_f62f9313,1,0.0174
15,gsm8k_test_00255_f62f9313,2,0.0758
15,gsm8k_test_01106_a7b8cc0f,1,0.0166
15,gsm8k_test_01106_a7b8cc0f,2,0.1062
15,gsm8k_test_00073_61963453,1,0.0167
15,gsm8k_test_00073_61963453,2,0.1108
15,gsm8k_test_00500_347dd970,1,0.0169
15,gsm8k_test_00500_347dd970,2,0.1551
15,gsm8k_test_00339_e85f8fac,1,0.0169
15,gsm8k_test_00339_e85f8fac,2,0.0857
15,gsm8k_test_00508_b698b79e,1,0.0169
15,gsm8k_test_00508_b698b79e,2,0.0854
15,gsm8k_test_00658_4cfceb7f,1,0.0171
15,gsm8k_test_00658_4cfceb7f,2,0.1127
15,gsm8k_test_00369_a962d6e4,1,0.0172
15,gsm8k_test_00369_a962d6e4,2,0.0885
15,gsm8k_test_01131_1821fbe3,1,0.0169
15,gsm8k_test_01131_1821fbe3,2,0.1048
15,gsm8k_test_01115_de408347,1,0.017
15,gsm8k_test_01115_de408347,2,0.0843
15,gsm8k_test_00857_9ac256be,1,0.0167
15,gsm8k_test_00857_9ac256be,2,0.1038
15,gsm8k_test_01088_a5a07975,1,0.0181
15,gsm8k_test_01088_a5a07975,2,0.1036
15,gsm8k_test_00244_41946f32,1,0.0169
15,gsm8k_test_00244_41946f32,2,0.1634
15,gsm8k_test_01017_8f65effa,1,0.017
15,gsm8k_test_01017_8f65effa,2,0.106
15,gsm8k_test_00844_e5790a05,1,0.0168
15,gsm8k_test_00844_e5790a05,2,0.0846
15,gsm8k_test_00483_6ac6556f,1,0.0167
15,gsm8k_test_00483_6ac6556f,2,0.0754
15,gsm8k_test_00907_31c0f791,1,0.0165
15,gsm8k_test_00907_31c0f791,2,0.1127
15,gsm8k_test_00257_a7b9c6ad,1,0.0168
15,gsm8k_test_00257_a7b9c6ad,2,0.0768
15,gsm8k_test_01032_528db496,1,0.0165
15,gsm8k_test_01032_528db496,2,0.1762
15,gsm8k_test_01212_942edef3,1,0.0171
15,gsm8k_test_01212_942edef3,2,0.0893
15,gsm8k_test_00493_ff7f7a50,1,0.0183
15,gsm8k_test_00493_ff7f7a50,2,0.0778
15,gsm8k_test_00476_530143bc,1,0.0171
15,gsm8k_test_00476_530143bc,2,0.1068
15,gsm8k_test_01061_46437934,1,0.0168
15,gsm8k_test_01061_46437934,2,0.075
15,gsm8k_test_00524_2ca46751,1,0.0168
15,gsm8k_test_00524_2ca46751,2,0.1282
15,gsm8k_test_00881_9c3e1462,1,0.0173
15,gsm8k_test_00881_9c3e1462,2,0.0899
15,gsm8k_test_00879_22a8d3e2,1,0.0166
15,gsm8k_test_00879_22a8d3e2,2,0.0983
15,gsm8k_test_00773_2a63721b,1,0.0169
15,gsm8k_test_00773_2a63721b,2,0.0895
15,gsm8k_test_00435_2db4b8f3,1,0.0171
15,gsm8k_test_00435_2db4b8f3,2,0.126
15,gsm8k_test_00418_9dc873fd,1,0.0172
15,gsm8k_test_00418_9dc873fd,2,0.102
15,gsm8k_test_00431_5a59e693,1,0.0169
15,gsm8k_test_00431_5a59e693,2,0.0766
15,gsm8k_test_00274_8ad9c225,1,0.0166
15,gsm8k_test_00274_8ad9c225,2,0.2141
15,gsm8k_test_00510_fa7b7d0d,1,0.0951
15,gsm8k_test_00510_fa7b7d0d,2,0.2726
15,gsm8k_test_01031_1e5fbd2e,1,0.0385
15,gsm8k_test_01031_1e5fbd2e,2,0.2168
15,gsm8k_test_00085_bebacd2d,1,0.0312
15,gsm8k_test_00085_bebacd2d,2,0.2513
15,gsm8k_test_00477_acf3bbda,1,0.0411
15,gsm8k_test_00477_acf3bbda,2,0.1918
15,gsm8k_test_00450_9d1539f5,1,0.0382
15,gsm8k_test_00450_9d1539f5,2,0.1817
15,gsm8k_test_00120_3ea258aa,1,0.0377
15,gsm8k_test_00120_3ea258aa,2,0.1919
15,gsm8k_test_01179_74219b79,1,0.0362
15,gsm8k_test_01179_74219b79,2,0.1678
15,gsm8k_test_00902_a6cf7cc1,1,0.0439
15,gsm8k_test_00902_a6cf7cc1,2,0.1574
15,gsm8k_test_01051_51548cd5,1,0.0332
15,gsm8k_test_01051_51548cd5,2,0.1457
15,gsm8k_test_00249_3c77f17a,1,0.0317
15,gsm8k_test_00249_3c77f17a,2,0.1524
15,gsm8k_test_00347_22e2357c,1,0.0326
15,gsm8k_test_00347_22e2357c,2,0.1971
15,gsm8k_test_01086_87c2dae5,1,0.0357
15,gsm8k_test_01086_87c2dae5,2,0.1833
15,gsm8k_test_00323_e8fd8c2c,1,0.034
15,gsm8k_test_00323_e8fd8c2c,2,0.3389
15,gsm8k_test_00604_67b9756f,1,0.0358
15,gsm8k_test_00604_67b9756f,2,0.1814
15,gsm8k_test_00011_eb5fcd08,1,0.0341
15,gsm8k_test_00011_eb5fcd08,2,0.1707
15,gsm8k_test_01078_626c598e,1,0.0319
15,gsm8k_test_01078_626c598e,2,0.1484
15,gsm8k_test_00848_2343423f,1,0.0313
15,gsm8k_test_00848_2343423f,2,0.2156
15,gsm8k_test_00241_c3ad555a,1,0.0368
15,gsm8k_test_00241_c3ad555a,2,0.1273
15,gsm8k_test_00757_56918e68,1,0.0387
15,gsm8k_test_00757_56918e68,2,0.1933
15,gsm8k_test_00743_f7828584,1,0.0274
15,gsm8k_test_00743_f7828584,2,0.2187
15,gsm8k_test_00904_017cd46a,1,0.0343
15,gsm8k_test_00904_017cd46a,2,0.776
15,gsm8k_test_00331_796ada94,1,0.1559
15,gsm8k_test_00331_796ada94,2,1.632
15,gsm8k_test_00663_5181789e,1,0.19
15,gsm8k_test_00663_5181789e,2,0.7866
15,gsm8k_test_00761_3e0b56bd,1,0.0425
15,gsm8k_test_00761_3e0b56bd,2,0.2242
15,gsm8k_test_00281_03fb10d6,1,0.0387
15,gsm8k_test_00281_03fb10d6,2,1.3253
15,gsm8k_test_00277_cc59173f,1,0.0384
15,gsm8k_test_00277_cc59173f,2,0.5175
15,gsm8k_test_00146_7d6e6c59,1,0.1385
15,gsm8k_test_00146_7d6e6c59,2,0.2215
15,gsm8k_test_00433_84c4dcad,1,0.1381
15,gsm8k_test_00433_84c4dcad,2,0.3323
15,gsm8k_test_00854_91656af4,1,0.037
15,gsm8k_test_00854_91656af4,2,0.6636
15,gsm8k_test_00020_ff69618a,1,0.2942
15,gsm8k_test_00020_ff69618a,2,0.5129
15,gsm8k_test_00910_1943aa9b,1,0.0365
15,gsm8k_test_00910_1943aa9b,2,0.2379
15,gsm8k_test_00268_52b4e246,1,0.0337
15,gsm8k_test_00268_52b4e246,2,0.4974
15,gsm8k_test_00548_34620e87,1,0.0363
15,gsm8k_test_00548_34620e87,2,0.3124
15,gsm8k_test_00080_80005895,1,0.0358
15,gsm8k_test_00080_80005895,2,0.9152
15,gsm8k_test_00343_ed40523b,1,0.0398
15,gsm8k_test_00343_ed40523b,2,0.8064
15,gsm8k_test_00577_edd373a6,1,0.0403
15,gsm8k_test_00577_edd373a6,2,0.1906
15,gsm8k_test_00559_4bf74031,1,0.0384
15,gsm8k_test_00559_4bf74031,2,0.4756
15,gsm8k_test_01021_381bd36c,1,0.0384
15,gsm8k_test_01021_381bd36c,2,0.259
15,gsm8k_test_00301_1bab74b7,1,0.1675
15,gsm8k_test_00301_1bab74b7,2,0.3412
15,gsm8k_test_00473_8db92231,1,0.0387
15,gsm8k_test_00473_8db92231,2,1.2033
15,gsm8k_test_00217_c9e36708,1,0.0428
15,gsm8k_test_00217_c9e36708,2,0.6186
15,gsm8k_test_00309_9807d6af,1,0.1796
15,gsm8k_test_00309_9807d6af,2,1.7764
15,gsm8k_test_00815_66561af1,1,0.0434
15,gsm8k_test_00815_66561af1,2,0.3177
15,gsm8k_test_00620_864f5666,1,0.0413
15,gsm8k_test_00620_864f5666,2,1.1871
15,gsm8k_test_00537_0a6cb6b4,1,0.0404
15,gsm8k_test_00537_0a6cb6b4,2,0.3461
15,gsm8k_test_01140_9022fd81,1,0.0421
15,gsm8k_test_01140_9022fd81,2,0.6293
15,gsm8k_test_00460_6ef4718b,1,0.0446
15,gsm8k_test_00460_6ef4718b,2,0.2554
15,gsm8k_test_01307_36cb7728,1,0.0405
15,gsm8k_test_01307_36cb7728,2,0.3929
15,gsm8k_test_00049_2c2c57ad,1,0.0426
15,gsm8k_test_00049_2c2c57ad,2,0.6571
15,gsm8k_test_00870_ff9fb8f2,1,0.0436
15,gsm8k_test_00870_ff9fb8f2,2,0.2607
15,gsm8k_test_00816_52b20c27,1,0.0289
15,gsm8k_test_00816_52b20c27,2,0.1453
15,gsm8k_test_00936_a1f79cfc,1,0.0245
15,gsm8k_test_00936_a1f79cfc,2,0.18
15,gsm8k_test_00828_2f7755e1,1,0.0247
15,gsm8k_test_00828_2f7755e1,2,0.18
15,gsm8k_test_01244_b58f9541,1,0.0247
15,gsm8k_test_01244_b58f9541,2,0.1798
15,gsm8k_test_01151_92815c9d,1,0.0224
15,gsm8k_test_01151_92815c9d,2,0.1566
15,gsm8k_test_01134_36c6bd38,1,0.022
15,gsm8k_test_01134_36c6bd38,2,0.1114
15,gsm8k_test_00502_52aedfd3,1,0.027
15,gsm8k_test_00502_52aedfd3,2,0.1407
15,gsm8k_test_00764_4e686855,1,0.0219
15,gsm8k_test_00764_4e686855,2,0.1389
15,gsm8k_test_00865_a9462d35,1,0.023
15,gsm8k_test_00865_a9462d35,2,0.2412
15,gsm8k_test_00488_74ec858e,1,0.0193
15,gsm8k_test_00488_74ec858e,2,0.1544
15,gsm8k_test_00457_2c6abaf1,1,0.0211
15,gsm8k_test_00457_2c6abaf1,2,0.1215
15,gsm8k_test_01239_e15c4625,1,0.0378
15,gsm8k_test_01239_e15c4625,2,0.1187
15,gsm8k_test_00489_a289e9a6,1,0.0182
15,gsm8k_test_00489_a289e9a6,2,0.1529
15,gsm8k_test_00751_f1f9462a,1,0.0178
15,gsm8k_test_00751_f1f9462a,2,0.0814
15,gsm8k_test_00132_77a67df7,1,0.0171
15,gsm8k_test_00132_77a67df7,2,0.176
15,gsm8k_test_00335_60add6c9,1,0.0183
15,gsm8k_test_00335_60add6c9,2,0.1291
15,gsm8k_test_00003_2bcc778b,1,0.019
15,gsm8k_test_00003_2bcc778b,2,0.0929
15,gsm8k_test_00054_0deb5903,1,0.0171
15,gsm8k_test_00054_0deb5903,2,0.104
16,gsm8k_test_00215_ffc8fac5,1,0.0193
16,gsm8k_test_00215_ffc8fac5,2,0.1217
16,gsm8k_test_00255_f62f9313,1,0.0187
16,gsm8k_test_00255_f62f9313,2,0.0784
16,gsm8k_test_01106_a7b8cc0f,1,0.0173
16,gsm8k_test_01106_a7b8cc0f,2,0.1077
16,gsm8k_test_00073_61963453,1,0.017
16,gsm8k_test_00073_61963453,2,0.1117
16,gsm8k_test_00500_347dd970,1,0.0172
16,gsm8k_test_00500_347dd970,2,0.2132
16,gsm8k_test_00339_e85f8fac,1,0.0193
16,gsm8k_test_00339_e85f8fac,2,0.0917
16,gsm8k_test_00508_b698b79e,1,0.0179
16,gsm8k_test_00508_b698b79e,2,0.0867
16,gsm8k_test_00658_4cfceb7f,1,0.017
16,gsm8k_test_00658_4cfceb7f,2,0.1145
16,gsm8k_test_00369_a962d6e4,1,0.0169
16,gsm8k_test_00369_a962d6e4,2,0.0899
16,gsm8k_test_01131_1821fbe3,1,0.0169
16,gsm8k_test_01131_1821fbe3,2,0.1058
16,gsm8k_test_01115_de408347,1,0.0169
16,gsm8k_test_01115_de408347,2,0.1151
16,gsm8k_test_00857_9ac256be,1,0.0184
16,gsm8k_test_00857_9ac256be,2,0.1075
16,gsm8k_test_01088_a5a07975,1,0.0176
16,gsm8k_test_01088_a5a07975,2,0.1035
16,gsm8k_test_00244_41946f32,1,0.017
16,gsm8k_test_00244_41946f32,2,0.6507
16,gsm8k_test_01017_8f65effa,1,0.0213
16,gsm8k_test_01017_8f65effa,2,0.1192
16,gsm8k_test_00844_e5790a05,1,0.0176
16,gsm8k_test_00844_e5790a05,2,0.0902
16,gsm8k_test_00483_6ac6556f,1,0.0173
16,gsm8k_test_00483_6ac6556f,2,0.0771
16,gsm8k_test_00907_31c0f791,1,0.0173
16,gsm8k_test_00907_31c0f791,2,0.1157
16,gsm8k_test_00257_a7b9c6ad,1,0.0176
16,gsm8k_test_00257_a7b9c6ad,2,0.078
16,gsm8k_test_01032_528db496,1,0.0173
16,gsm8k_test_01032_528db496,2,0.1784
16,gsm8k_test_01212_942edef3,1,0.0175
16,gsm8k_test_01212_942edef3,2,0.2926
16,gsm8k_test_00493_ff7f7a50,1,0.0207
16,gsm8k_test_00493_ff7f7a50,2,0.0859
16,gsm8k_test_00476_530143bc,1,0.0178
16,gsm8k_test_00476_530143bc,2,0.1095
16,gsm8k_test_01061_46437934,1,0.0218
16,gsm8k_test_01061_46437934,2,0.0785
16,gsm8k_test_00524_2ca46751,1,0.0173
16,gsm8k_test_00524_2ca46751,2,0.5579
16,gsm8k_test_00881_9c3e1462,1,0.0208
16,gsm8k_test_00881_9c3e1462,2,0.1198
16,gsm8k_test_00879_22a8d3e2,1,0.018
16,gsm8k_test_00879_22a8d3e2,2,0.1063
16,gsm8k_test_00773_2a63721b,1,0.0174
16,gsm8k_test_00773_2a63721b,2,0.0909
16,gsm8k_test_00435_2db4b8f3,1,0.0171
16,gsm8k_test_00435_2db4b8f3,2,0.1324
16,gsm8k_test_00418_9dc873fd,1,0.0206
16,gsm8k_test_00418_9dc873fd,2,0.108
16,gsm8k_test_00431_5a59e693,1,0.0173
16,gsm8k_test_00431_5a59e693,2,0.0778
16,gsm8k_test_00274_8ad9c225,1,0.023
16,gsm8k_test_00274_8ad9c225,2,0.1169
16,gsm8k_test_00510_fa7b7d0d,1,0.0176
16,gsm8k_test_00510_fa7b7d0d,2,0.1057
16,gsm8k_test_01031_1e5fbd2e,1,0.017
16,gsm8k_test_01031_1e5fbd2e,2,0.1089
16,gsm8k_test_00085_bebacd2d,1,0.0326
16,gsm8k_test_00085_bebacd2d,2,0.2386
16,gsm8k_test_00477_acf3bbda,1,0.0243
16,gsm8k_test_00477_acf3bbda,2,0.1175
16,gsm8k_test_00450_9d1539f5,1,0.0214
16,gsm8k_test_00450_9d1539f5,2,0.1118
16,gsm8k_test_00120_3ea258aa,1,0.0214
16,gsm8k_test_00120_3ea258aa,2,0.1593
16,gsm8k_test_01179_74219b79,1,0.0222
16,gsm8k_test_01179_74219b79,2,0.1148
16,gsm8k_test_00902_a6cf7cc1,1,0.0213
16,gsm8k_test_00902_a6cf7cc1,2,0.2882
16,gsm8k_test_01051_51548cd5,1,0.0306
16,gsm8k_test_01051_51548cd5,2,0.0921
16,gsm8k_test_00249_3c77f17a,1,0.0176
16,gsm8k_test_00249_3c77f17a,2,0.083
16,gsm8k_test_00347_22e2357c,1,0.0168
16,gsm8k_test_00347_22e2357c,2,0.1044
16,gsm8k_test_01086_87c2dae5,1,0.0177
16,gsm8k_test_01086_87c2dae5,2,0.1237
16,gsm8k_test_00323_e8fd8c2c,1,0.0384
16,gsm8k_test_00323_e8fd8c2c,2,0.1078
16,gsm8k_test_00604_67b9756f,1,0.0174
16,gsm8k_test_00604_67b9756f,2,0.0939
16,gsm8k_test_00011_eb5fcd08,1,0.017
16,gsm8k_test_00011_eb5fcd08,2,0.0914
16,gsm8k_test_01078_626c598e,1,0.0168
16,gsm8k_test_01078_626c598e,2,0.0807
16,gsm8k_test_00848_2343423f,1,0.0164
16,gsm8k_test_00848_2343423f,2,0.1128
16,gsm8k_test_00241_c3ad555a,1,0.0195
16,gsm8k_test_00241_c3ad555a,2,0.075
16,gsm8k_test_00757_56918e68,1,0.0169
16,gsm8k_test_00757_56918e68,2,0.0834
16,gsm8k_test_00743_f7828584,1,0.0185
16,gsm8k_test_00743_f7828584,2,0.0903
16,gsm8k_test_00904_017cd46a,1,0.0175
16,gsm8k_test_00904_017cd46a,2,0.1315
16,gsm8k_test_00331_796ada94,1,0.0174
16,gsm8k_test_00331_796ada94,2,0.1192
16,gsm8k_test_00663_5181789e,1,0.0172
16,gsm8k_test_00663_5181789e,2,0.0875
16,gsm8k_test_00761_3e0b56bd,1,0.0166
16,gsm8k_test_00761_3e0b56bd,2,0.0864
16,gsm8k_test_00281_03fb10d6,1,0.0164
16,gsm8k_test_00281_03fb10d6,2,0.3882
16,gsm8k_test_00277_cc59173f,1,0.0488
16,gsm8k_test_00277_cc59173f,2,0.2546
16,gsm8k_test_00146_7d6e6c59,1,0.0252
16,gsm8k_test_00146_7d6e6c59,2,0.1286
16,gsm8k_test_00433_84c4dcad,1,0.0374
16,gsm8k_test_00433_84c4dcad,2,0.2823
16,gsm8k_test_00854_91656af4,1,0.047
16,gsm8k_test_00854_91656af4,2,0.2524
16,gsm8k_test_00020_ff69618a,1,0.0408
16,gsm8k_test_00020_ff69618a,2,0.2722
16,gsm8k_test_00910_1943aa9b,1,0.0433
16,gsm8k_test_00910_1943aa9b,2,0.1821
16,gsm8k_test_00268_52b4e246,1,0.024
16,gsm8k_test_00268_52b4e246,2,0.177
16,gsm8k_test_00548_34620e87,1,0.0544
16,gsm8k_test_00548_34620e87,2,0.2593
16,gsm8k_test_00080_80005895,1,0.0421
16,gsm8k_test_00080_80005895,2,0.2791
16,gsm8k_test_00343_ed40523b,1,0.033
16,gsm8k_test_00343_ed40523b,2,0.2215
16,gsm8k_test_00577_edd373a6,1,0.0412
16,gsm8k_test_00577_edd373a6,2,0.2201
16,gsm8k_test_00559_4bf74031,1,0.0395
16,gsm8k_test_00559_4bf74031,2,0.1321
16,gsm8k_test_01021_381bd36c,1,0.0448
16,gsm8k_test_01021_381bd36c,2,0.3478
16,gsm8k_test_00301_1bab74b7,1,0.0499
16,gsm8k_test_00301_1bab74b7,2,0.2597
16,gsm8k_test_00473_8db92231,1,0.0355
16,gsm8k_test_00473_8db92231,2,0.2034
16,gsm8k_test_00217_c9e36708,1,0.0298
16,gsm8k_test_00217_c9e36708,2,0.3313
16,gsm8k_test_00309_9807d6af,1,0.0464
16,gsm8k_test_00309_9807d6af,2,0.2656
16,gsm8k_test_00815_66561af1,1,0.0426
16,gsm8k_test_00815_66561af1,2,0.3971
16,gsm8k_test_00620_864f5666,1,0.0459
16,gsm8k_test_00620_864f5666,2,0.262
16,gsm8k_test_00537_0a6cb6b4,1,0.0382
16,gsm8k_test_00537_0a6cb6b4,2,0.2684
16,gsm8k_test_01140_9022fd81,1,0.0371
16,gsm8k_test_01140_9022fd81,2,0.1602
16,gsm8k_test_00460_6ef4718b,1,0.0214
16,gsm8k_test_00460_6ef4718b,2,0.1381
16,gsm8k_test_01307_36cb7728,1,0.0205
16,gsm8k_test_01307_36cb7728,2,0.0887
16,gsm8k_test_00049_2c2c57ad,1,0.018
16,gsm8k_test_00049_2c2c57ad,2,0.1228
16,gsm8k_test_00870_ff9fb8f2,1,0.0181
16,gsm8k_test_00870_ff9fb8f2,2,0.0962
16,gsm8k_test_00816_52b20c27,1,0.0237
16,gsm8k_test_00816_52b20c27,2,0.2712
16,gsm8k_test_00936_a1f79cfc,1,0.0372
16,gsm8k_test_00936_a1f79cfc,2,0.2147
16,gsm8k_test_00828_2f7755e1,1,0.0228
16,gsm8k_test_00828_2f7755e1,2,0.1554
16,gsm8k_test_01244_b58f9541,1,0.0216
16,gsm8k_test_01244_b58f9541,2,0.2604
16,gsm8k_test_01151_92815c9d,1,0.0222
16,gsm8k_test_01151_92815c9d,2,0.1064
16,gsm8k_test_01134_36c6bd38,1,0.0178
16,gsm8k_test_01134_36c6bd38,2,0.1598
16,gsm8k_test_00502_52aedfd3,1,0.0187
16,gsm8k_test_00502_52aedfd3,2,0.0921
16,gsm8k_test_00764_4e686855,1,0.0171
16,gsm8k_test_00764_4e686855,2,0.1119
16,gsm8k_test_00865_a9462d35,1,0.0324
16,gsm8k_test_00865_a9462d35,2,0.7189
16,gsm8k_test_00488_74ec858e,1,0.0424
16,gsm8k_test_00488_74ec858e,2,0.1849
16,gsm8k_test_00457_2c6abaf1,1,0.0313
16,gsm8k_test_00457_2c6abaf1,2,0.2194
16,gsm8k_test_01239_e15c4625,1,0.0333
16,gsm8k_test_01239_e15c4625,2,0.2524
16,gsm8k_test_00489_a289e9a6,1,0.0396
16,gsm8k_test_00489_a289e9a6,2,0.5405
16,gsm8k_test_00751_f1f9462a,1,0.0243
16,gsm8k_test_00751_f1f9462a,2,1.2809
16,gsm8k_test_00132_77a67df7,1,0.0213
16,gsm8k_test_00132_77a67df7,2,0.3192
16,gsm8k_test_00335_60add6c9,1,0.0384
16,gsm8k_test_00335_60add6c9,2,0.4255
16,gsm8k_test_00003_2bcc778b,1,0.0272
16,gsm8k_test_00003_2bcc778b,2,0.1943
16,gsm8k_test_00054_0deb5903,1,0.0244
16,gsm8k_test_00054_0deb5903,2,0.1641
17,gsm8k_test_00215_ffc8fac5,1,0.0333
17,gsm8k_test_00215_ffc8fac5,2,0.2434
17,gsm8k_test_00255_f62f9313,1,0.052
17,gsm8k_test_00255_f62f9313,2,0.1602
17,gsm8k_test_01106_a7b8cc0f,1,0.0238
17,gsm8k_test_01106_a7b8cc0f,2,0.2549
17,gsm8k_test_00073_61963453,1,0.0407
17,gsm8k_test_00073_61963453,2,0.2608
17,gsm8k_test_00500_347dd970,1,0.0544
17,gsm8k_test_00500_347dd970,2,0.4694
17,gsm8k_test_00339_e85f8fac,1,0.0442
17,gsm8k_test_00339_e85f8fac,2,0.2103
17,gsm8k_test_00508_b698b79e,1,0.0593
17,gsm8k_test_00508_b698b79e,2,0.2065
17,gsm8k_test_00658_4cfceb7f,1,0.0245
17,gsm8k_test_00658_4cfceb7f,2,0.337
17,gsm8k_test_00369_a962d6e4,1,0.0379
17,gsm8k_test_00369_a962d6e4,2,0.1728
17,gsm8k_test_01131_1821fbe3,1,0.0231
17,gsm8k_test_01131_1821fbe3,2,0.1683
17,gsm8k_test_01115_de408347,1,0.0218
17,gsm8k_test_01115_de408347,2,0.1705
17,gsm8k_test_00857_9ac256be,1,0.0195
17,gsm8k_test_00857_9ac256be,2,0.1663
17,gsm8k_test_01088_a5a07975,1,0.0408
17,gsm8k_test_01088_a5a07975,2,0.1635
17,gsm8k_test_00244_41946f32,1,0.0294
17,gsm8k_test_00244_41946f32,2,0.4602
17,gsm8k_test_01017_8f65effa,1,0.0386
17,gsm8k_test_01017_8f65effa,2,0.2684
17,gsm8k_test_00844_e5790a05,1,0.0403
17,gsm8k_test_00844_e5790a05,2,0.4519
17,gsm8k_test_00483_6ac6556f,1,0.0392
17,gsm8k_test_00483_6ac6556f,2,0.1974
17,gsm8k_test_00907_31c0f791,1,0.0367
17,gsm8k_test_00907_31c0f791,2,0.332
17,gsm8k_test_00257_a7b9c6ad,1,0.0368
17,gsm8k_test_00257_a7b9c6ad,2,0.2725
17,gsm8k_test_01032_528db496,1,0.0374
17,gsm8k_test_01032_528db496,2,0.4725
17,gsm8k_test_01212_942edef3,1,0.0366
17,gsm8k_test_01212_942edef3,2,0.2925
17,gsm8k_test_00493_ff7f7a50,1,0.0367
17,gsm8k_test_00493_ff7f7a50,2,0.1852
17,gsm8k_test_00476_530143bc,1,0.0366
17,gsm8k_test_00476_530143bc,2,0.2662
17,gsm8k_test_01061_46437934,1,0.0482
17,gsm8k_test_01061_46437934,2,0.2439
17,gsm8k_test_00524_2ca46751,1,0.0253
17,gsm8k_test_00524_2ca46751,2,0.2177
17,gsm8k_test_00881_9c3e1462,1,0.0248
17,gsm8k_test_00881_9c3e1462,2,0.1441
17,gsm8k_test_00879_22a8d3e2,1,0.4753
17,gsm8k_test_00879_22a8d3e2,2,0.1933
17,gsm8k_test_00773_2a63721b,1,0.024
17,gsm8k_test_00773_2a63721b,2,0.1438
17,gsm8k_test_00435_2db4b8f3,1,0.0222
17,gsm8k_test_00435_2db4b8f3,2,0.2171
17,gsm8k_test_00418_9dc873fd,1,0.035
17,gsm8k_test_00418_9dc873fd,2,0.3162
17,gsm8k_test_00431_5a59e693,1,0.0903
17,gsm8k_test_00431_5a59e693,2,0.2868
17,gsm8k_test_00274_8ad9c225,1,0.0479
17,gsm8k_test_00274_8ad9c225,2,0.3215
17,gsm8k_test_00510_fa7b7d0d,1,0.0257
17,gsm8k_test_00510_fa7b7d0d,2,0.3362
17,gsm8k_test_01031_1e5fbd2e,1,0.0471
17,gsm8k_test_01031_1e5fbd2e,2,0.1528
17,gsm8k_test_00085_bebacd2d,1,0.0349
17,gsm8k_test_00085_bebacd2d,2,0.2775
17,gsm8k_test_00477_acf3bbda,1,0.0386
17,gsm8k_test_00477_acf3bbda,2,0.3079
17,gsm8k_test_00450_9d1539f5,1,0.0619
17,gsm8k_test_00450_9d1539f5,2,0.313
17,gsm8k_test_00120_3ea258aa,1,0.0454
17,gsm8k_test_00120_3ea258aa,2,0.3606
17,gsm8k_test_01179_74219b79,1,0.0483
17,gsm8k_test_01179_74219b79,2,0.2001
17,gsm8k_test_00902_a6cf7cc1,1,0.0221
17,gsm8k_test_00902_a6cf7cc1,2,0.927
17,gsm8k_test_01051_51548cd5,1,0.0273
17,gsm8k_test_01051_51548cd5,2,0.156
17,gsm8k_test_00249_3c77f17a,1,0.0359
17,gsm8k_test_00249_3c77f17a,2,0.3399
17,gsm8k_test_00347_22e2357c,1,0.0226
17,gsm8k_test_00347_22e2357c,2,0.3141
17,gsm8k_test_01086_87c2dae5,1,0.0248
17,gsm8k_test_01086_87c2dae5,2,1.1031
17,gsm8k_test_00323_e8fd8c2c,1,0.0403
17,gsm8k_test_00323_e8fd8c2c,2,0.4274
17,gsm8k_test_00604_67b9756f,1,0.0789
17,gsm8k_test_00604_67b9756f,2,1.8728
17,gsm8k_test_00011_eb5fcd08,1,0.0266
17,gsm8k_test_00011_eb5fcd08,2,0.1107
17,gsm8k_test_01078_626c598e,1,0.0205
17,gsm8k_test_01078_626c598e,2,0.0873
17,gsm8k_test_00848_2343423f,1,0.0184
17,gsm8k_test_00848_2343423f,2,0.1181
17,gsm8k_test_00241_c3ad555a,1,0.0189
17,gsm8k_test_00241_c3ad555a,2,0.7256
17,gsm8k_test_00757_56918e68,1,0.0226
17,gsm8k_test_00757_56918e68,2,0.1027
17,gsm8k_test_00743_f7828584,1,0.0205
17,gsm8k_test_00743_f7828584,2,0.097
17,gsm8k_test_00904_017cd46a,1,0.0183
17,gsm8k_test_00904_017cd46a,2,0.3444
17,gsm8k_test_00331_796ada94,1,0.0345
17,gsm8k_test_00331_796ada94,2,0.2111
17,gsm8k_test_00663_5181789e,1,0.0344
17,gsm8k_test_00663_5181789e,2,0.4638
17,gsm8k_test_00761_3e0b56bd,1,0.0422
17,gsm8k_test_00761_3e0b56bd,2,0.2252
17,gsm8k_test_00281_03fb10d6,1,0.0383
17,gsm8k_test_00281_03fb10d6,2,3.3058
17,gsm8k_test_00277_cc59173f,1,0.0434
17,gsm8k_test_00277_cc59173f,2,0.3971
17,gsm8k_test_00146_7d6e6c59,1,0.071
17,gsm8k_test_00146_7d6e6c59,2,0.3574
17,gsm8k_test_00433_84c4dcad,1,0.0419
17,gsm8k_test_00433_84c4dcad,2,0.2183
17,gsm8k_test_00854_91656af4,1,0.0346
17,gsm8k_test_00854_91656af4,2,0.1983
17,gsm8k_test_00020_ff69618a,1,0.0378
17,gsm8k_test_00020_ff69618a,2,0.2691
17,gsm8k_test_00910_1943aa9b,1,0.0391
17,gsm8k_test_00910_1943aa9b,2,0.3452
17,gsm8k_test_00268_52b4e246,1,0.0538
17,gsm8k_test_00268_52b4e246,2,0.1577
17,gsm8k_test_00548_34620e87,1,0.0248
17,gsm8k_test_00548_34620e87,2,0.1032
17,gsm8k_test_00080_80005895,1,0.0228
17,gsm8k_test_00080_80005895,2,0.1297
17,gsm8k_test_00343_ed40523b,1,0.0225
17,gsm8k_test_00343_ed40523b,2,0.1104
17,gsm8k_test_00577_edd373a6,1,0.0199
17,gsm8k_test_00577_edd373a6,2,0.0844
17,gsm8k_test_00559_4bf74031,1,0.0187
17,gsm8k_test_00559_4bf74031,2,0.0772
17,gsm8k_test_01021_381bd36c,1,0.0175
17,gsm8k_test_01021_381bd36c,2,0.1066
17,gsm8k_test_00301_1bab74b7,1,0.018
17,gsm8k_test_00301_1bab74b7,2,0.1144
17,gsm8k_test_00473_8db92231,1,0.0181
17,gsm8k_test_00473_8db92231,2,0.0822
17,gsm8k_test_00217_c9e36708,1,0.022
17,gsm8k_test_00217_c9e36708,2,0.1195
17,gsm8k_test_00309_9807d6af,1,0.0169
17,gsm8k_test_00309_9807d6af,2,0.0989
17,gsm8k_test_00815_66561af1,1,0.0208
17,gsm8k_test_00815_66561af1,2,0.1151
17,gsm8k_test_00620_864f5666,1,0.0169
17,gsm8k_test_00620_864f5666,2,0.0982
17,gsm8k_test_00537_0a6cb6b4,1,0.0171
17,gsm8k_test_00537_0a6cb6b4,2,0.0878
17,gsm8k_test_01140_9022fd81,1,0.0173
17,gsm8k_test_01140_9022fd81,2,0.0848
17,gsm8k_test_00460_6ef4718b,1,0.0194
17,gsm8k_test_00460_6ef4718b,2,0.095
17,gsm8k_test_01307_36cb7728,1,0.0175
17,gsm8k_test_01307_36cb7728,2,0.0839
17,gsm8k_test_00049_2c2c57ad,1,0.0169
17,gsm8k_test_00049_2c2c57ad,2,0.1226
17,gsm8k_test_00870_ff9fb8f2,1,0.0171
17,gsm8k_test_00870_ff9fb8f2,2,0.1037
17,gsm8k_test_00816_52b20c27,1,0.017
17,gsm8k_test_00816_52b20c27,2,0.0952
17,gsm8k_test_00936_a1f79cfc,1,0.0169
17,gsm8k_test_00936_a1f79cfc,2,0.0986
17,gsm8k_test_00828_2f7755e1,1,0.0168
17,gsm8k_test_00828_2f7755e1,2,0.0992
17,gsm8k_test_01244_b58f9541,1,0.0167
17,gsm8k_test_01244_b58f9541,2,0.1081
17,gsm8k_test_01151_92815c9d,1,0.0466
17,gsm8k_test_01151_92815c9d,2,0.239
17,gsm8k_test_01134_36c6bd38,1,0.0459
17,gsm8k_test_01134_36c6bd38,2,0.2127
17,gsm8k_test_00502_52aedfd3,1,0.0456
17,gsm8k_test_00502_52aedfd3,2,0.2546
17,gsm8k_test_00764_4e686855,1,0.0403
17,gsm8k_test_00764_4e686855,2,0.2419
17,gsm8k_test_00865_a9462d35,1,0.0416
17,gsm8k_test_00865_a9462d35,2,0.5131
17,gsm8k_test_00488_74ec858e,1,0.0448
17,gsm8k_test_00488_74ec858e,2,0.2487
17,gsm8k_test_00457_2c6abaf1,1,0.0392
17,gsm8k_test_00457_2c6abaf1,2,0.2647
17,gsm8k_test_01239_e15c4625,1,0.0458
17,gsm8k_test_01239_e15c4625,2,0.1975
17,gsm8k_test_00489_a289e9a6,1,0.0447
17,gsm8k_test_00489_a289e9a6,2,0.2965
17,gsm8k_test_00751_f1f9462a,1,0.0348
17,gsm8k_test_00751_f1f9462a,2,0.1765
17,gsm8k_test_00132_77a67df7,1,0.0362
17,gsm8k_test_00132_77a67df7,2,0.3502
17,gsm8k_test_00335_60add6c9,1,0.039
17,gsm8k_test_00335_60add6c9,2,0.2533
17,gsm8k_test_00003_2bcc778b,1,0.0368
17,gsm8k_test_00003_2bcc778b,2,0.1623
17,gsm8k_test_00054_0deb5903,1,0.02
17,gsm8k_test_00054_0deb5903,2,0.1101
18,gsm8k_test_00215_ffc8fac5,1,0.0201
18,gsm8k_test_00215_ffc8fac5,2,0.1002
18,gsm8k_test_00255_f62f9313,1,0.0188
18,gsm8k_test_00255_f62f9313,2,0.0784
18,gsm8k_test_01106_a7b8cc0f,1,0.0179
18,gsm8k_test_01106_a7b8cc0f,2,0.1068
18,gsm8k_test_00073_61963453,1,0.0171
18,gsm8k_test_00073_61963453,2,0.1385
18,gsm8k_test_00500_347dd970,1,0.0182
18,gsm8k_test_00500_347dd970,2,0.1567
18,gsm8k_test_00339_e85f8fac,1,0.0175
18,gsm8k_test_00339_e85f8fac,2,0.1072
18,gsm8k_test_00508_b698b79e,1,0.0173
18,gsm8k_test_00508_b698b79e,2,0.0857
18,gsm8k_test_00658_4cfceb7f,1,0.0169
18,gsm8k_test_00658_4cfceb7f,2,0.139
18,gsm8k_test_00369_a962d6e4,1,0.0178
18,gsm8k_test_00369_a962d6e4,2,0.091
18,gsm8k_test_01131_1821fbe3,1,0.0418
18,gsm8k_test_01131_1821fbe3,2,0.2706
18,gsm8k_test_01115_de408347,1,0.0386
18,gsm8k_test_01115_de408347,2,0.1925
18,gsm8k_test_00857_9ac256be,1,0.0361
18,gsm8k_test_00857_9ac256be,2,0.2355
18,gsm8k_test_01088_a5a07975,1,0.0375
18,gsm8k_test_01088_a5a07975,2,0.2375
18,gsm8k_test_00244_41946f32,1,0.058
18,gsm8k_test_00244_41946f32,2,0.4439
18,gsm8k_test_01017_8f65effa,1,0.0394
18,gsm8k_test_01017_8f65effa,2,0.2573
18,gsm8k_test_00844_e5790a05,1,0.0346
18,gsm8k_test_00844_e5790a05,2,0.2034
18,gsm8k_test_00483_6ac6556f,1,0.0374
18,gsm8k_test_00483_6ac6556f,2,0.176
18,gsm8k_test_00907_31c0f791,1,0.0355
18,gsm8k_test_00907_31c0f791,2,0.2807
18,gsm8k_test_00257_a7b9c6ad,1,0.0402
18,gsm8k_test_00257_a7b9c6ad,2,0.2425
18,gsm8k_test_01032_528db496,1,0.0397
18,gsm8k_test_01032_528db496,2,0.3594
18,gsm8k_test_01212_942edef3,1,0.0243
18,gsm8k_test_01212_942edef3,2,0.1678
18,gsm8k_test_00493_ff7f7a50,1,0.025
18,gsm8k_test_00493_ff7f7a50,2,0.1199
18,gsm8k_test_00476_530143bc,1,0.0226
18,gsm8k_test_00476_530143bc,2,0.1696
18,gsm8k_test_01061_46437934,1,0.0215
18,gsm8k_test_01061_46437934,2,0.1105
18,gsm8k_test_00524_2ca46751,1,0.0212
18,gsm8k_test_00524_2ca46751,2,0.1784
18,gsm8k_test_00881_9c3e1462,1,0.0212
18,gsm8k_test_00881_9c3e1462,2,0.1495
18,gsm8k_test_00879_22a8d3e2,1,0.0194
18,gsm8k_test_00879_22a8d3e2,2,0.0997
18,gsm8k_test_00773_2a63721b,1,0.0171
18,gsm8k_test_00773_2a63721b,2,0.091
18,gsm8k_test_00435_2db4b8f3,1,0.0171
18,gsm8k_test_00435_2db4b8f3,2,0.1269
18,gsm8k_test_00418_9dc873fd,1,0.0175
18,gsm8k_test_00418_9dc873fd,2,0.1027
18,gsm8k_test_00431_5a59e693,1,0.0169
18,gsm8k_test_00431_5a59e693,2,0.0776
18,gsm8k_test_00274_8ad9c225,1,0.0166
18,gsm8k_test_00274_8ad9c225,2,0.1379
18,gsm8k_test_00510_fa7b7d0d,1,0.0185
18,gsm8k_test_00510_fa7b7d0d,2,0.1359
18,gsm8k_test_01031_1e5fbd2e,1,0.019
18,gsm8k_test_01031_1e5fbd2e,2,0.0894
18,gsm8k_test_00085_bebacd2d,1,0.0182
18,gsm8k_test_00085_bebacd2d,2,0.0958
18,gsm8k_test_00477_acf3bbda,1,0.0172
18,gsm8k_test_00477_acf3bbda,2,0.0765
18,gsm8k_test_00450_9d1539f5,1,0.0164
18,gsm8k_test_00450_9d1539f5,2,0.0774
18,gsm8k_test_00120_3ea258aa,1,0.0165
18,gsm8k_test_00120_3ea258aa,2,0.0907
18,gsm8k_test_01179_74219b79,1,0.0164
18,gsm8k_test_01179_74219b79,2,0.0767
18,gsm8k_test_00902_a6cf7cc1,1,0.0333
18,gsm8k_test_00902_a6cf7cc1,2,0.0805
18,gsm8k_test_01051_51548cd5,1,0.0163
18,gsm8k_test_01051_51548cd5,2,0.0762
18,gsm8k_test_00249_3c77f17a,1,0.0165
18,gsm8k_test_00249_3c77f17a,2,0.0795
18,gsm8k_test_00347_22e2357c,1,0.0164
18,gsm8k_test_00347_22e2357c,2,0.1022
18,gsm8k_test_01086_87c2dae5,1,0.0166
18,gsm8k_test_01086_87c2dae5,2,0.0922
18,gsm8k_test_00323_e8fd8c2c,1,0.0168
18,gsm8k_test_00323_e8fd8c2c,2,0.099
18,gsm8k_test_00604_67b9756f,1,0.0171
18,gsm8k_test_00604_67b9756f,2,0.0917
18,gsm8k_test_00011_eb5fcd08,1,0.0172
18,gsm8k_test_00011_eb5fcd08,2,0.1167
18,gsm8k_test_01078_626c598e,1,0.0245
18,gsm8k_test_01078_626c598e,2,0.0986
18,gsm8k_test_00848_2343423f,1,0.0172
18,gsm8k_test_00848_2343423f,2,0.138
18,gsm8k_test_00241_c3ad555a,1,0.0182
18,gsm8k_test_00241_c3ad555a,2,0.0767
18,gsm8k_test_00757_56918e68,1,0.0169
18,gsm8k_test_00757_56918e68,2,0.0844
18,gsm8k_test_00743_f7828584,1,0.0186
18,gsm8k_test_00743_f7828584,2,0.0908
18,gsm8k_test_00904_017cd46a,1,0.0168
18,gsm8k_test_00904_017cd46a,2,0.1496
18,gsm8k_test_00331_796ada94,1,0.0173
18,gsm8k_test_00331_796ada94,2,0.1134
18,gsm8k_test_00663_5181789e,1,0.017
18,gsm8k_test_00663_5181789e,2,0.0887
18,gsm8k_test_00761_3e0b56bd,1,0.0165
18,gsm8k_test_00761_3e0b56bd,2,0.0865
18,gsm8k_test_00281_03fb10d6,1,0.0165
18,gsm8k_test_00281_03fb10d6,2,0.1484
18,gsm8k_test_00277_cc59173f,1,0.0167
18,gsm8k_test_00277_cc59173f,2,0.1453
18,gsm8k_test_00146_7d6e6c59,1,0.017
18,gsm8k_test_00146_7d6e6c59,2,0.0984
18,gsm8k_test_00433_84c4dcad,1,0.0185
18,gsm8k_test_00433_84c4dcad,2,0.1221
18,gsm8k_test_00854_91656af4,1,0.0188
18,gsm8k_test_00854_91656af4,2,0.0895
18,gsm8k_test_00020_ff69618a,1,0.031
18,gsm8k_test_00020_ff69618a,2,0.1127
18,gsm8k_test_00910_1943aa9b,1,0.0172
18,gsm8k_test_00910_1943aa9b,2,0.1016
18,gsm8k_test_00268_52b4e246,1,0.0171
18,gsm8k_test_00268_52b4e246,2,0.0873
18,gsm8k_test_00548_34620e87,1,0.0164
18,gsm8k_test_00548_34620e87,2,0.0794
18,gsm8k_test_00080_80005895,1,0.0176
18,gsm8k_test_00080_80005895,2,0.1119
18,gsm8k_test_00343_ed40523b,1,0.017
18,gsm8k_test_00343_ed40523b,2,0.1252
18,gsm8k_test_00577_edd373a6,1,0.0176
18,gsm8k_test_00577_edd373a6,2,0.0788
18,gsm8k_test_00559_4bf74031,1,0.0168
18,gsm8k_test_00559_4bf74031,2,0.0879
18,gsm8k_test_01021_381bd36c,1,0.0165
18,gsm8k_test_01021_381bd36c,2,0.1585
18,gsm8k_test_00301_1bab74b7,1,0.0186
18,gsm8k_test_00301_1bab74b7,2,0.0945
18,gsm8k_test_00473_8db92231,1,0.0171
18,gsm8k_test_00473_8db92231,2,0.0759
18,gsm8k_test_00217_c9e36708,1,0.0168
18,gsm8k_test_00217_c9e36708,2,0.1146
18,gsm8k_test_00309_9807d6af,1,0.0167
18,gsm8k_test_00309_9807d6af,2,0.0735
18,gsm8k_test_00815_66561af1,1,0.0168
18,gsm8k_test_00815_66561af1,2,0.1122
18,gsm8k_test_00620_864f5666,1,0.0168
18,gsm8k_test_00620_864f5666,2,0.1214
18,gsm8k_test_00537_0a6cb6b4,1,0.0177
18,gsm8k_test_00537_0a6cb6b4,2,0.1053
18,gsm8k_test_01140_9022fd81,1,0.017
18,gsm8k_test_01140_9022fd81,2,0.1282
18,gsm8k_test_00460_6ef4718b,1,0.0346
18,gsm8k_test_00460_6ef4718b,2,0.1015
18,gsm8k_test_01307_36cb7728,1,0.0173
18,gsm8k_test_01307_36cb7728,2,0.0797
18,gsm8k_test_00049_2c2c57ad,1,0.0167
18,gsm8k_test_00049_2c2c57ad,2,0.1197
18,gsm8k_test_00870_ff9fb8f2,1,0.0225
18,gsm8k_test_00870_ff9fb8f2,2,0.2186
18,gsm8k_test_00816_52b20c27,1,0.0367
18,gsm8k_test_00816_52b20c27,2,0.1959
18,gsm8k_test_00936_a1f79cfc,1,0.0197
18,gsm8k_test_00936_a1f79cfc,2,0.1098
18,gsm8k_test_00828_2f7755e1,1,0.0173
18,gsm8k_test_00828_2f7755e1,2,0.1023
18,gsm8k_test_01244_b58f9541,1,0.0167
18,gsm8k_test_01244_b58f9541,2,0.1089
18,gsm8k_test_01151_92815c9d,1,0.0167
18,gsm8k_test_01151_92815c9d,2,0.0905
18,gsm8k_test_01134_36c6bd38,1,0.0165
18,gsm8k_test_01134_36c6bd38,2,0.0743
18,gsm8k_test_00502_52aedfd3,1,0.0164
18,gsm8k_test_00502_52aedfd3,2,0.0845
18,gsm8k_test_00764_4e686855,1,0.0182
18,gsm8k_test_00764_4e686855,2,0.0861
18,gsm8k_test_00865_a9462d35,1,0.0175
18,gsm8k_test_00865_a9462d35,2,0.193
18,gsm8k_test_00488_74ec858e,1,0.0171
18,gsm8k_test_00488_74ec858e,2,0.0828
18,gsm8k_test_00457_2c6abaf1,1,0.0168
18,gsm8k_test_00457_2c6abaf1,2,0.0852
18,gsm8k_test_01239_e15c4625,1,0.0163
18,gsm8k_test_01239_e15c4625,2,0.0876
18,gsm8k_test_00489_a289e9a6,1,0.0165
18,gsm8k_test_00489_a289e9a6,2,0.1456
18,gsm8k_test_00751_f1f9462a,1,0.0172
18,gsm8k_test_00751_f1f9462a,2,0.0853
18,gsm8k_test_00132_77a67df7,1,0.0168
18,gsm8k_test_00132_77a67df7,2,0.347
18,gsm8k_test_00335_60add6c9,1,0.0461
18,gsm8k_test_00335_60add6c9,2,0.3021
18,gsm8k_test_00003_2bcc778b,1,0.06
18,gsm8k_test_00003_2bcc778b,2,0.1292
18,gsm8k_test_00054_0deb5903,1,0.0485
18,gsm8k_test_00054_0deb5903,2,0.2513
19,gsm8k_test_00215_ffc8fac5,1,0.0231
19,gsm8k_test_00215_ffc8fac5,2,0.1325
19,gsm8k_test_00255_f62f9313,1,0.0198
19,gsm8k_test_00255_f62f9313,2,0.1678
19,gsm8k_test_01106_a7b8cc0f,1,0.0219
19,gsm8k_test_01106_a7b8cc0f,2,0.1232
19,gsm8k_test_00073_61963453,1,0.0177
19,gsm8k_test_00073_61963453,2,0.1242
19,gsm8k_test_00500_347dd970,1,0.0345
19,gsm8k_test_00500_347dd970,2,0.383
19,gsm8k_test_00339_e85f8fac,1,0.035
19,gsm8k_test_00339_e85f8fac,2,0.1967
19,gsm8k_test_00508_b698b79e,1,0.0348
19,gsm8k_test_00508_b698b79e,2,0.2033
19,gsm8k_test_00658_4cfceb7f,1,0.0378
19,gsm8k_test_00658_4cfceb7f,2,0.2734
19,gsm8k_test_00369_a962d6e4,1,0.0358
19,gsm8k_test_00369_a962d6e4,2,0.2135
19,gsm8k_test_01131_1821fbe3,1,0.0358
19,gsm8k_test_01131_1821fbe3,2,0.2554
19,gsm8k_test_01115_de408347,1,0.0352
19,gsm8k_test_01115_de408347,2,0.1876
19,gsm8k_test_00857_9ac256be,1,0.0352
19,gsm8k_test_00857_9ac256be,2,0.2606
19,gsm8k_test_01088_a5a07975,1,0.0368
19,gsm8k_test_01088_a5a07975,2,0.246
19,gsm8k_test_00244_41946f32,1,0.0356
19,gsm8k_test_00244_41946f32,2,0.4088
19,gsm8k_test_01017_8f65effa,1,0.0366
19,gsm8k_test_01017_8f65effa,2,0.2564
19,gsm8k_test_00844_e5790a05,1,0.0349
19,gsm8k_test_00844_e5790a05,2,0.1934
19,gsm8k_test_00483_6ac6556f,1,0.0348
19,gsm8k_test_00483_6ac6556f,2,0.189
19,gsm8k_test_00907_31c0f791,1,0.0362
19,gsm8k_test_00907_31c0f791,2,0.2798
19,gsm8k_test_00257_a7b9c6ad,1,0.0356
19,gsm8k_test_00257_a7b9c6ad,2,0.1684
19,gsm8k_test_01032_528db496,1,0.035
19,gsm8k_test_01032_528db496,2,0.4446
19,gsm8k_test_01212_942edef3,1,0.0358
19,gsm8k_test_01212_942edef3,2,0.2045
19,gsm8k_test_00493_ff7f7a50,1,0.0369
19,gsm8k_test_00493_ff7f7a50,2,0.1802
19,gsm8k_test_00476_530143bc,1,0.0352
19,gsm8k_test_00476_530143bc,2,0.284
19,gsm8k_test_01061_46437934,1,0.0358
19,gsm8k_test_01061_46437934,2,0.1688
19,gsm8k_test_00524_2ca46751,1,0.0348
19,gsm8k_test_00524_2ca46751,2,0.2706
19,gsm8k_test_00881_9c3e1462,1,0.0343
19,gsm8k_test_00881_9c3e1462,2,0.2007
19,gsm8k_test_00879_22a8d3e2,1,0.0356
19,gsm8k_test_00879_22a8d3e2,2,0.2118
19,gsm8k_test_00773_2a63721b,1,0.0353
19,gsm8k_test_00773_2a63721b,2,0.2032
19,gsm8k_test_00435_2db4b8f3,1,0.0358
19,gsm8k_test_00435_2db4b8f3,2,0.3331
19,gsm8k_test_00418_9dc873fd,1,0.0378
19,gsm8k_test_00418_9dc873fd,2,0.2436
19,gsm8k_test_00431_5a59e693,1,0.0348
19,gsm8k_test_00431_5a59e693,2,0.1674
19,gsm8k_test_00274_8ad9c225,1,0.0347
19,gsm8k_test_00274_8ad9c225,2,0.2617
19,gsm8k_test_00510_fa7b7d0d,1,0.0242
19,gsm8k_test_00510_fa7b7d0d,2,0.169
19,gsm8k_test_01031_1e5fbd2e,1,0.0222
19,gsm8k_test_01031_1e5fbd2e,2,0.1407
19,gsm8k_test_00085_bebacd2d,1,0.0249
19,gsm8k_test_00085_bebacd2d,2,0.1539
19,gsm8k_test_00477_acf3bbda,1,0.022
19,gsm8k_test_00477_acf3bbda,2,0.1066
19,gsm8k_test_00450_9d1539f5,1,0.0179
19,gsm8k_test_00450_9d1539f5,2,0.0813
19,gsm8k_test_00120_3ea258aa,1,0.0169
19,gsm8k_test_00120_3ea258aa,2,0.0929
19,gsm8k_test_01179_74219b79,1,0.0178
19,gsm8k_test_01179_74219b79,2,0.0779
19,gsm8k_test_00902_a6cf7cc1,1,0.0172
19,gsm8k_test_00902_a6cf7cc1,2,0.1139
19,gsm8k_test_01051_51548cd5,1,0.0173
19,gsm8k_test_01051_51548cd5,2,0.0794
19,gsm8k_test_00249_3c77f17a,1,0.0169
19,gsm8k_test_00249_3c77f17a,2,0.081
19,gsm8k_test_00347_22e2357c,1,0.0167
19,gsm8k_test_00347_22e2357c,2,0.1014
19,gsm8k_test_01086_87c2dae5,1,0.0168
19,gsm8k_test_01086_87c2dae5,2,0.0929
19,gsm8k_test_00323_e8fd8c2c,1,0.0173
19,gsm8k_test_00323_e8fd8c2c,2,0.1
19,gsm8k_test_00604_67b9756f,1,0.017
19,gsm8k_test_00604_67b9756f,2,0.091
19,gsm8k_test_00011_eb5fcd08,1,0.0168
19,gsm8k_test_00011_eb5fcd08,2,0.0874
19,gsm8k_test_01078_626c598e,1,0.0165
19,gsm8k_test_01078_626c598e,2,0.0781
19,gsm8k_test_00848_2343423f,1,0.0167
19,gsm8k_test_00848_2343423f,2,0.1161
19,gsm8k_test_00241_c3ad555a,1,0.0166
19,gsm8k_test_00241_c3ad555a,2,0.0908
19,gsm8k_test_00757_56918e68,1,0.0168
19,gsm8k_test_00757_56918e68,2,0.0833
19,gsm8k_test_00743_f7828584,1,0.018
19,gsm8k_test_00743_f7828584,2,0.0899
19,gsm8k_test_00904_017cd46a,1,0.017
19,gsm8k_test_00904_017cd46a,2,0.1311
19,gsm8k_test_00331_796ada94,1,0.017
19,gsm8k_test_00331_796ada94,2,0.1114
19,gsm8k_test_00663_5181789e,1,0.0168
19,gsm8k_test_00663_5181789e,2,0.0883
19,gsm8k_test_00761_3e0b56bd,1,0.0165
19,gsm8k_test_00761_3e0b56bd,2,0.0863
19,gsm8k_test_00281_03fb10d6,1,0.0166
19,gsm8k_test_00281_03fb10d6,2,0.1467
19,gsm8k_test_00277_cc59173f,1,0.0165
19,gsm8k_test_00277_cc59173f,2,0.141
19,gsm8k_test_00146_7d6e6c59,1,0.0168
19,gsm8k_test_00146_7d6e6c59,2,0.0914
19,gsm8k_test_00433_84c4dcad,1,0.018
19,gsm8k_test_00433_84c4dcad,2,0.0908
19,gsm8k_test_00854_91656af4,1,0.0173
19,gsm8k_test_00854_91656af4,2,0.0855
19,gsm8k_test_00020_ff69618a,1,0.0173
19,gsm8k_test_00020_ff69618a,2,0.1052
19,gsm8k_test_00910_1943aa9b,1,0.017
19,gsm8k_test_00910_1943aa9b,2,0.1696
19,gsm8k_test_00268_52b4e246,1,0.0208
19,gsm8k_test_00268_52b4e246,2,0.0997
19,gsm8k_test_00548_34620e87,1,0.0176
19,gsm8k_test_00548_34620e87,2,0.0826
19,gsm8k_test_00080_80005895,1,0.0304
19,gsm8k_test_00080_80005895,2,0.1226
19,gsm8k_test_00343_ed40523b,1,0.0169
19,gsm8k_test_00343_ed40523b,2,0.0985
19,gsm8k_test_00577_edd373a6,1,0.0216
19,gsm8k_test_00577_edd373a6,2,0.0969
19,gsm8k_test_00559_4bf74031,1,0.0176
19,gsm8k_test_00559_4bf74031,2,0.0747
19,gsm8k_test_01021_381bd36c,1,0.0169
19,gsm8k_test_01021_381bd36c,2,0.2489
19,gsm8k_test_00301_1bab74b7,1,0.0398
19,gsm8k_test_00301_1bab74b7,2,0.2214
19,gsm8k_test_00473_8db92231,1,0.0368
19,gsm8k_test_00473_8db92231,2,0.1975
19,gsm8k_test_00217_c9e36708,1,0.0426
19,gsm8k_test_00217_c9e36708,2,0.2374
19,gsm8k_test_00309_9807d6af,1,0.0454
19,gsm8k_test_00309_9807d6af,2,0.217
19,gsm8k_test_00815_66561af1,1,0.0419
19,gsm8k_test_00815_66561af1,2,0.2713
19,gsm8k_test_00620_864f5666,1,0.0357
19,gsm8k_test_00620_864f5666,2,0.2761
19,gsm8k_test_00537_0a6cb6b4,1,0.0461
19,gsm8k_test_00537_0a6cb6b4,2,0.2418
19,gsm8k_test_01140_9022fd81,1,0.0714
19,gsm8k_test_01140_9022fd81,2,0.1771
19,gsm8k_test_00460_6ef4718b,1,0.0344
19,gsm8k_test_00460_6ef4718b,2,0.1909
19,gsm8k_test_01307_36cb7728,1,0.0353
19,gsm8k_test_01307_36cb7728,2,0.1813
19,gsm8k_test_00049_2c2c57ad,1,0.0471
19,gsm8k_test_00049_2c2c57ad,2,0.3251
19,gsm8k_test_00870_ff9fb8f2,1,0.024
19,gsm8k_test_00870_ff9fb8f2,2,0.1148
19,gsm8k_test_00816_52b20c27,1,0.0186
19,gsm8k_test_00816_52b20c27,2,0.0894
19,gsm8k_test_00936_a1f79cfc,1,0.0177
19,gsm8k_test_00936_a1f79cfc,2,0.1467
19,gsm8k_test_00828_2f7755e1,1,0.0246
19,gsm8k_test_00828_2f7755e1,2,0.1377
19,gsm8k_test_01244_b58f9541,1,0.0177
19,gsm8k_test_01244_b58f9541,2,0.1134
19,gsm8k_test_01151_92815c9d,1,0.017
19,gsm8k_test_01151_92815c9d,2,0.1148
19,gsm8k_test_01134_36c6bd38,1,0.0243
19,gsm8k_test_01134_36c6bd38,2,0.1224
19,gsm8k_test_00502_52aedfd3,1,0.0189
19,gsm8k_test_00502_52aedfd3,2,0.0896
19,gsm8k_test_00764_4e686855,1,0.0171
19,gsm8k_test_00764_4e686855,2,0.1046
19,gsm8k_test_00865_a9462d35,1,0.0191
19,gsm8k_test_00865_a9462d35,2,0.2202
19,gsm8k_test_00488_74ec858e,1,0.0178
19,gsm8k_test_00488_74ec858e,2,0.0865
19,gsm8k_test_00457_2c6abaf1,1,0.0177
19,gsm8k_test_00457_2c6abaf1,2,0.0898
19,gsm8k_test_01239_e15c4625,1,0.0167
19,gsm8k_test_01239_e15c4625,2,0.0894
19,gsm8k_test_00489_a289e9a6,1,0.0167
19,gsm8k_test_00489_a289e9a6,2,0.1469
19,gsm8k_test_00751_f1f9462a,1,0.0171
19,gsm8k_test_00751_f1f9462a,2,0.0851
19,gsm8k_test_00132_77a67df7,1,0.0171
19,gsm8k_test_00132_77a67df7,2,0.1807
19,gsm8k_test_00335_60add6c9,1,0.0174
19,gsm8k_test_00335_60add6c9,2,0.1065
19,gsm8k_test_00003_2bcc778b,1,0.0174
19,gsm8k_test_00003_2bcc778b,2,0.0873
19,gsm8k_test_00054_0deb5903,1,0.017
19,gsm8k_test_00054_0deb5903,2,0.1018
