phase,temperature,seed,step,requested_batch_size,realized_batch_size,prompt_tokens,generated_tokens,wall_clock_seconds,examples_per_second,tokens_per_second,tokenize_seconds,generation_seconds,forward_seconds,postprocess_seconds,hidden_state_write_seconds,gpu_memory_allocated_gb,gpu_memory_reserved_gb,gpu_max_memory_allocated_gb,gpu_max_memory_reserved_gb,split_count,oom_retry_count
generate,0.1,7,1,6,6,1569,841,21.536778623999908,0.27859319653839915,39.04947971479895,0.0025365729998156894,20.400500962000024,1.115827402999912,0.01754247500002748,0.0,14.969443798065186,15.544921875,15.031718254089355,15.544921875,1,0
generate,0.1,7,2,6,6,2075,711,21.24249130399994,0.28245274596724,33.470650397117936,0.002394096999978501,19.897933722999824,1.3248144039998806,0.017120400000294467,0.0,15.182977199554443,16.08203125,15.26053237915039,16.08203125,1,0
hidden_state_write,0.1,7,0,6,6,0,0,0.029178751000017655,,,0.0,0.0,0.0,0.0,0.029178751000017655,13.50843095779419,16.08203125,15.26053237915039,16.08203125,0,0
generate,0.1,7,1,2,2,498,215,8.643766084000163,0.2313806251307578,24.873417201556464,0.0011526610001055815,8.376225711000188,0.2640030099996693,0.002180207000037626,0.0,13.858624935150146,16.140625,13.865949630737305,16.140625,1,0
generate,0.1,7,2,2,2,634,238,12.020053034999819,0.16638861693674967,19.80024541547321,0.0014893210000082036,11.670052848000068,0.3446284859996922,0.0036459140001170454,0.0,13.956928730010986,16.140625,13.977924823760986,16.140625,1,0
hidden_state_write,0.1,7,0,2,2,0,0,0.010099875999458163,,,0.0,0.0,0.0,0.0,0.010099875999458163,13.50843095779419,16.140625,13.977924823760986,16.140625,0,0
