run_id,model_alias,model_name,task_id,domain,difficulty,task_source,task_source_index,temperature,seed,prompt_mode,system_prompt_mode,is_baseline,ever_correct,correct_at_step_1,oracle_stop,first_correct_step,first_model_stop_step,revision_count,best_utility,final_correct,device
phi_4_mini_instruct__arc_test_00000_398537ec__temp0.60__seed7,phi_4_mini_instruct,microsoft/Phi-4-mini-instruct,arc_test_00000_398537ec,arc,arc_challenge,arc,0,0.6,7,structured_four_line,default,0,1,1,1,1,5,0,1.0,1,cuda
phi_4_mini_instruct__arc_test_00001_d4bf1bf9__temp0.60__seed7,phi_4_mini_instruct,microsoft/Phi-4-mini-instruct,arc_test_00001_d4bf1bf9,arc,arc_challenge,arc,1,0.6,7,structured_four_line,default,0,1,1,1,1,5,0,1.0,1,cuda
phi_4_mini_instruct__arc_test_00002_eef48f5d__temp0.60__seed7,phi_4_mini_instruct,microsoft/Phi-4-mini-instruct,arc_test_00002_eef48f5d,arc,arc_challenge,arc,2,0.6,7,structured_four_line,default,0,1,1,1,1,5,0,1.0,1,cuda
phi_4_mini_instruct__arc_test_00003_c16c54fb__temp0.60__seed7,phi_4_mini_instruct,microsoft/Phi-4-mini-instruct,arc_test_00003_c16c54fb,arc,arc_challenge,arc,3,0.6,7,structured_four_line,default,0,1,1,1,1,5,0,1.0,1,cuda
phi_4_mini_instruct__arc_test_00004_89613a4b__temp0.60__seed7,phi_4_mini_instruct,microsoft/Phi-4-mini-instruct,arc_test_00004_89613a4b,arc,arc_challenge,arc,4,0.6,7,structured_four_line,default,0,1,1,1,1,5,0,1.0,1,cuda
phi_4_mini_instruct__arc_test_00005_2943784f__temp0.60__seed7,phi_4_mini_instruct,microsoft/Phi-4-mini-instruct,arc_test_00005_2943784f,arc,arc_challenge,arc,5,0.6,7,structured_four_line,default,0,1,1,1,1,5,0,1.0,1,cuda
phi_4_mini_instruct__arc_test_00006_73fea8aa__temp0.60__seed7,phi_4_mini_instruct,microsoft/Phi-4-mini-instruct,arc_test_00006_73fea8aa,arc,arc_challenge,arc,6,0.6,7,structured_four_line,default,0,1,1,1,1,2,0,1.0,1,cuda
phi_4_mini_instruct__arc_test_00007_55ae159f__temp0.60__seed7,phi_4_mini_instruct,microsoft/Phi-4-mini-instruct,arc_test_00007_55ae159f,arc,arc_challenge,arc,7,0.6,7,structured_four_line,default,0,0,0,1,5,5,0,0.0,0,cuda
phi_4_mini_instruct__arc_test_00008_3926edfe__temp0.60__seed7,phi_4_mini_instruct,microsoft/Phi-4-mini-instruct,arc_test_00008_3926edfe,arc,arc_challenge,arc,8,0.6,7,structured_four_line,default,0,0,0,1,5,5,0,0.0,0,cuda
phi_4_mini_instruct__arc_test_00009_0cb3f159__temp0.60__seed7,phi_4_mini_instruct,microsoft/Phi-4-mini-instruct,arc_test_00009_0cb3f159,arc,arc_challenge,arc,9,0.6,7,structured_four_line,default,0,1,1,1,1,2,0,1.0,1,cuda
phi_4_mini_instruct__arc_test_00010_38aa3c95__temp0.60__seed7,phi_4_mini_instruct,microsoft/Phi-4-mini-instruct,arc_test_00010_38aa3c95,arc,arc_challenge,arc,10,0.6,7,structured_four_line,default,0,1,1,1,1,5,0,1.0,1,cuda
phi_4_mini_instruct__arc_test_00011_0a8e7a55__temp0.60__seed7,phi_4_mini_instruct,microsoft/Phi-4-mini-instruct,arc_test_00011_0a8e7a55,arc,arc_challenge,arc,11,0.6,7,structured_four_line,default,0,1,1,1,1,5,0,1.0,1,cuda
phi_4_mini_instruct__arc_test_00012_90d98cc0__temp0.60__seed7,phi_4_mini_instruct,microsoft/Phi-4-mini-instruct,arc_test_00012_90d98cc0,arc,arc_challenge,arc,12,0.6,7,structured_four_line,default,0,1,1,1,1,5,2,1.0,1,cuda
phi_4_mini_instruct__arc_test_00013_6647a8fe__temp0.60__seed7,phi_4_mini_instruct,microsoft/Phi-4-mini-instruct,arc_test_00013_6647a8fe,arc,arc_challenge,arc,13,0.6,7,structured_four_line,default,0,1,1,1,1,5,1,1.0,0,cuda
phi_4_mini_instruct__arc_test_00014_7f872561__temp0.60__seed7,phi_4_mini_instruct,microsoft/Phi-4-mini-instruct,arc_test_00014_7f872561,arc,arc_challenge,arc,14,0.6,7,structured_four_line,default,0,1,1,1,1,5,1,1.0,0,cuda
phi_4_mini_instruct__arc_test_00015_495befc7__temp0.60__seed7,phi_4_mini_instruct,microsoft/Phi-4-mini-instruct,arc_test_00015_495befc7,arc,arc_challenge,arc,15,0.6,7,structured_four_line,default,0,1,1,1,1,3,0,1.0,1,cuda
phi_4_mini_instruct__arc_test_00016_75d83e3f__temp0.60__seed7,phi_4_mini_instruct,microsoft/Phi-4-mini-instruct,arc_test_00016_75d83e3f,arc,arc_challenge,arc,16,0.6,7,structured_four_line,default,0,1,1,1,1,5,0,1.0,1,cuda
phi_4_mini_instruct__arc_test_00017_dac51f3a__temp0.60__seed7,phi_4_mini_instruct,microsoft/Phi-4-mini-instruct,arc_test_00017_dac51f3a,arc,arc_challenge,arc,17,0.6,7,structured_four_line,default,0,1,1,1,1,5,0,1.0,1,cuda
phi_4_mini_instruct__arc_test_00018_9925db26__temp0.60__seed7,phi_4_mini_instruct,microsoft/Phi-4-mini-instruct,arc_test_00018_9925db26,arc,arc_challenge,arc,18,0.6,7,structured_four_line,default,0,1,1,1,1,5,0,1.0,1,cuda
phi_4_mini_instruct__arc_test_00019_1a50b7f7__temp0.60__seed7,phi_4_mini_instruct,microsoft/Phi-4-mini-instruct,arc_test_00019_1a50b7f7,arc,arc_challenge,arc,19,0.6,7,structured_four_line,default,0,1,1,1,1,5,0,1.0,1,cuda
phi_4_mini_instruct__arc_test_00020_d3e511bf__temp0.60__seed7,phi_4_mini_instruct,microsoft/Phi-4-mini-instruct,arc_test_00020_d3e511bf,arc,arc_challenge,arc,20,0.6,7,structured_four_line,default,0,1,1,1,1,5,0,1.0,1,cuda
phi_4_mini_instruct__arc_test_00021_ce0d3229__temp0.60__seed7,phi_4_mini_instruct,microsoft/Phi-4-mini-instruct,arc_test_00021_ce0d3229,arc,arc_challenge,arc,21,0.6,7,structured_four_line,default,0,1,1,1,1,5,0,1.0,1,cuda
phi_4_mini_instruct__arc_test_00022_51e7e2c1__temp0.60__seed7,phi_4_mini_instruct,microsoft/Phi-4-mini-instruct,arc_test_00022_51e7e2c1,arc,arc_challenge,arc,22,0.6,7,structured_four_line,default,0,1,1,1,1,5,0,1.0,1,cuda
phi_4_mini_instruct__arc_test_00023_56ce0db0__temp0.60__seed7,phi_4_mini_instruct,microsoft/Phi-4-mini-instruct,arc_test_00023_56ce0db0,arc,arc_challenge,arc,23,0.6,7,structured_four_line,default,0,1,1,1,1,5,0,1.0,1,cuda
phi_4_mini_instruct__arc_test_00024_75e3f15b__temp0.60__seed7,phi_4_mini_instruct,microsoft/Phi-4-mini-instruct,arc_test_00024_75e3f15b,arc,arc_challenge,arc,24,0.6,7,structured_four_line,default,0,1,1,1,1,5,1,1.0,0,cuda
phi_4_mini_instruct__arc_test_00025_aa1dfcf3__temp0.60__seed7,phi_4_mini_instruct,microsoft/Phi-4-mini-instruct,arc_test_00025_aa1dfcf3,arc,arc_challenge,arc,25,0.6,7,structured_four_line,default,0,1,1,1,1,5,0,1.0,1,cuda
phi_4_mini_instruct__arc_test_00026_653ac6a4__temp0.60__seed7,phi_4_mini_instruct,microsoft/Phi-4-mini-instruct,arc_test_00026_653ac6a4,arc,arc_challenge,arc,26,0.6,7,structured_four_line,default,0,1,0,2,2,5,2,0.95,0,cuda
phi_4_mini_instruct__arc_test_00027_4de7cd96__temp0.60__seed7,phi_4_mini_instruct,microsoft/Phi-4-mini-instruct,arc_test_00027_4de7cd96,arc,arc_challenge,arc,27,0.6,7,structured_four_line,default,0,1,0,2,2,5,1,0.95,1,cuda
phi_4_mini_instruct__arc_test_00028_de472a7b__temp0.60__seed7,phi_4_mini_instruct,microsoft/Phi-4-mini-instruct,arc_test_00028_de472a7b,arc,arc_challenge,arc,28,0.6,7,structured_four_line,default,0,1,1,1,1,5,0,1.0,1,cuda
phi_4_mini_instruct__arc_test_00029_9ab7fc82__temp0.60__seed7,phi_4_mini_instruct,microsoft/Phi-4-mini-instruct,arc_test_00029_9ab7fc82,arc,arc_challenge,arc,29,0.6,7,structured_four_line,default,0,0,0,1,5,5,0,0.0,0,cuda
phi_4_mini_instruct__arc_test_00030_1a7be7be__temp0.60__seed7,phi_4_mini_instruct,microsoft/Phi-4-mini-instruct,arc_test_00030_1a7be7be,arc,arc_challenge,arc,30,0.6,7,structured_four_line,default,0,1,1,1,1,5,1,1.0,0,cuda
phi_4_mini_instruct__arc_test_00031_16af4104__temp0.60__seed7,phi_4_mini_instruct,microsoft/Phi-4-mini-instruct,arc_test_00031_16af4104,arc,arc_challenge,arc,31,0.6,7,structured_four_line,default,0,1,1,1,1,5,0,1.0,1,cuda
phi_4_mini_instruct__arc_test_00032_d2b2ae1f__temp0.60__seed7,phi_4_mini_instruct,microsoft/Phi-4-mini-instruct,arc_test_00032_d2b2ae1f,arc,arc_challenge,arc,32,0.6,7,structured_four_line,default,0,1,1,1,1,5,2,1.0,1,cuda
phi_4_mini_instruct__arc_test_00033_936f56a6__temp0.60__seed7,phi_4_mini_instruct,microsoft/Phi-4-mini-instruct,arc_test_00033_936f56a6,arc,arc_challenge,arc,33,0.6,7,structured_four_line,default,0,1,1,1,1,5,0,1.0,1,cuda
phi_4_mini_instruct__arc_test_00034_485f96ab__temp0.60__seed7,phi_4_mini_instruct,microsoft/Phi-4-mini-instruct,arc_test_00034_485f96ab,arc,arc_challenge,arc,34,0.6,7,structured_four_line,default,0,1,1,1,1,5,0,1.0,1,cuda
phi_4_mini_instruct__arc_test_00035_aad2d50d__temp0.60__seed7,phi_4_mini_instruct,microsoft/Phi-4-mini-instruct,arc_test_00035_aad2d50d,arc,arc_challenge,arc,35,0.6,7,structured_four_line,default,0,1,1,1,1,5,0,1.0,1,cuda
phi_4_mini_instruct__arc_test_00036_99d6267d__temp0.60__seed7,phi_4_mini_instruct,microsoft/Phi-4-mini-instruct,arc_test_00036_99d6267d,arc,arc_challenge,arc,36,0.6,7,structured_four_line,default,0,0,0,1,5,5,1,0.0,0,cuda
phi_4_mini_instruct__arc_test_00037_10f2fddf__temp0.60__seed7,phi_4_mini_instruct,microsoft/Phi-4-mini-instruct,arc_test_00037_10f2fddf,arc,arc_challenge,arc,37,0.6,7,structured_four_line,default,0,1,0,2,2,5,2,0.95,0,cuda
phi_4_mini_instruct__arc_test_00038_715b0bef__temp0.60__seed7,phi_4_mini_instruct,microsoft/Phi-4-mini-instruct,arc_test_00038_715b0bef,arc,arc_challenge,arc,38,0.6,7,structured_four_line,default,0,1,1,1,1,5,0,1.0,1,cuda
phi_4_mini_instruct__arc_test_00039_3e277a72__temp0.60__seed7,phi_4_mini_instruct,microsoft/Phi-4-mini-instruct,arc_test_00039_3e277a72,arc,arc_challenge,arc,39,0.6,7,structured_four_line,default,0,1,1,1,1,2,0,1.0,1,cuda
phi_4_mini_instruct__arc_test_00040_aeb16c3b__temp0.60__seed7,phi_4_mini_instruct,microsoft/Phi-4-mini-instruct,arc_test_00040_aeb16c3b,arc,arc_challenge,arc,40,0.6,7,structured_four_line,default,0,1,1,1,1,5,0,1.0,1,cuda
phi_4_mini_instruct__arc_test_00041_57e4090f__temp0.60__seed7,phi_4_mini_instruct,microsoft/Phi-4-mini-instruct,arc_test_00041_57e4090f,arc,arc_challenge,arc,41,0.6,7,structured_four_line,default,0,1,0,2,2,5,2,0.95,0,cuda
phi_4_mini_instruct__arc_test_00042_eaad77d4__temp0.60__seed7,phi_4_mini_instruct,microsoft/Phi-4-mini-instruct,arc_test_00042_eaad77d4,arc,arc_challenge,arc,42,0.6,7,structured_four_line,default,0,1,1,1,1,5,0,1.0,1,cuda
phi_4_mini_instruct__arc_test_00043_90dea090__temp0.60__seed7,phi_4_mini_instruct,microsoft/Phi-4-mini-instruct,arc_test_00043_90dea090,arc,arc_challenge,arc,43,0.6,7,structured_four_line,default,0,1,1,1,1,5,0,1.0,1,cuda
phi_4_mini_instruct__arc_test_00044_64e186ec__temp0.60__seed7,phi_4_mini_instruct,microsoft/Phi-4-mini-instruct,arc_test_00044_64e186ec,arc,arc_challenge,arc,44,0.6,7,structured_four_line,default,0,1,0,2,2,5,1,0.95,1,cuda
phi_4_mini_instruct__arc_test_00045_a364fb0e__temp0.60__seed7,phi_4_mini_instruct,microsoft/Phi-4-mini-instruct,arc_test_00045_a364fb0e,arc,arc_challenge,arc,45,0.6,7,structured_four_line,default,0,1,1,1,1,5,0,1.0,1,cuda
phi_4_mini_instruct__arc_test_00046_3eac725f__temp0.60__seed7,phi_4_mini_instruct,microsoft/Phi-4-mini-instruct,arc_test_00046_3eac725f,arc,arc_challenge,arc,46,0.6,7,structured_four_line,default,0,1,1,1,1,5,0,1.0,1,cuda
phi_4_mini_instruct__arc_test_00047_e5e078eb__temp0.60__seed7,phi_4_mini_instruct,microsoft/Phi-4-mini-instruct,arc_test_00047_e5e078eb,arc,arc_challenge,arc,47,0.6,7,structured_four_line,default,0,1,0,2,2,5,1,0.95,1,cuda
phi_4_mini_instruct__arc_test_00048_e95d73f4__temp0.60__seed7,phi_4_mini_instruct,microsoft/Phi-4-mini-instruct,arc_test_00048_e95d73f4,arc,arc_challenge,arc,48,0.6,7,structured_four_line,default,0,1,1,1,1,5,2,1.0,1,cuda
phi_4_mini_instruct__arc_test_00049_d116647f__temp0.60__seed7,phi_4_mini_instruct,microsoft/Phi-4-mini-instruct,arc_test_00049_d116647f,arc,arc_challenge,arc,49,0.6,7,structured_four_line,default,0,1,1,1,1,5,0,1.0,1,cuda
phi_4_mini_instruct__arc_test_00050_b8e70b73__temp0.60__seed7,phi_4_mini_instruct,microsoft/Phi-4-mini-instruct,arc_test_00050_b8e70b73,arc,arc_challenge,arc,50,0.6,7,structured_four_line,default,0,0,0,1,5,5,0,0.0,0,cuda
phi_4_mini_instruct__arc_test_00051_5eb63cf4__temp0.60__seed7,phi_4_mini_instruct,microsoft/Phi-4-mini-instruct,arc_test_00051_5eb63cf4,arc,arc_challenge,arc,51,0.6,7,structured_four_line,default,0,1,1,1,1,5,0,1.0,1,cuda
phi_4_mini_instruct__arc_test_00052_ec5a8597__temp0.60__seed7,phi_4_mini_instruct,microsoft/Phi-4-mini-instruct,arc_test_00052_ec5a8597,arc,arc_challenge,arc,52,0.6,7,structured_four_line,default,0,1,1,1,1,5,0,1.0,1,cuda
phi_4_mini_instruct__arc_test_00053_c9b0a942__temp0.60__seed7,phi_4_mini_instruct,microsoft/Phi-4-mini-instruct,arc_test_00053_c9b0a942,arc,arc_challenge,arc,53,0.6,7,structured_four_line,default,0,0,0,1,5,5,2,0.0,0,cuda
phi_4_mini_instruct__arc_test_00054_a5d562be__temp0.60__seed7,phi_4_mini_instruct,microsoft/Phi-4-mini-instruct,arc_test_00054_a5d562be,arc,arc_challenge,arc,54,0.6,7,structured_four_line,default,0,1,1,1,1,5,0,1.0,1,cuda
phi_4_mini_instruct__arc_test_00055_6b308877__temp0.60__seed7,phi_4_mini_instruct,microsoft/Phi-4-mini-instruct,arc_test_00055_6b308877,arc,arc_challenge,arc,55,0.6,7,structured_four_line,default,0,1,1,1,1,5,0,1.0,1,cuda
phi_4_mini_instruct__arc_test_00056_9af0a219__temp0.60__seed7,phi_4_mini_instruct,microsoft/Phi-4-mini-instruct,arc_test_00056_9af0a219,arc,arc_challenge,arc,56,0.6,7,structured_four_line,default,0,1,1,1,1,5,0,1.0,1,cuda
phi_4_mini_instruct__arc_test_00057_f156a7fc__temp0.60__seed7,phi_4_mini_instruct,microsoft/Phi-4-mini-instruct,arc_test_00057_f156a7fc,arc,arc_challenge,arc,57,0.6,7,structured_four_line,default,0,1,1,1,1,5,0,1.0,1,cuda
phi_4_mini_instruct__arc_test_00058_25585c43__temp0.60__seed7,phi_4_mini_instruct,microsoft/Phi-4-mini-instruct,arc_test_00058_25585c43,arc,arc_challenge,arc,58,0.6,7,structured_four_line,default,0,1,1,1,1,5,0,1.0,1,cuda
phi_4_mini_instruct__arc_test_00059_9f3bba93__temp0.60__seed7,phi_4_mini_instruct,microsoft/Phi-4-mini-instruct,arc_test_00059_9f3bba93,arc,arc_challenge,arc,59,0.6,7,structured_four_line,default,0,1,1,1,1,5,0,1.0,1,cuda
phi_4_mini_instruct__arc_test_00060_27a26900__temp0.60__seed7,phi_4_mini_instruct,microsoft/Phi-4-mini-instruct,arc_test_00060_27a26900,arc,arc_challenge,arc,60,0.6,7,structured_four_line,default,0,1,1,1,1,5,0,1.0,1,cuda
phi_4_mini_instruct__arc_test_00061_e952a7cb__temp0.60__seed7,phi_4_mini_instruct,microsoft/Phi-4-mini-instruct,arc_test_00061_e952a7cb,arc,arc_challenge,arc,61,0.6,7,structured_four_line,default,0,1,1,1,1,5,0,1.0,1,cuda
phi_4_mini_instruct__arc_test_00062_9c6ccfe2__temp0.60__seed7,phi_4_mini_instruct,microsoft/Phi-4-mini-instruct,arc_test_00062_9c6ccfe2,arc,arc_challenge,arc,62,0.6,7,structured_four_line,default,0,1,1,1,1,5,0,1.0,1,cuda
phi_4_mini_instruct__arc_test_00063_0bbf7904__temp0.60__seed7,phi_4_mini_instruct,microsoft/Phi-4-mini-instruct,arc_test_00063_0bbf7904,arc,arc_challenge,arc,63,0.6,7,structured_four_line,default,0,1,0,3,3,5,3,0.9,0,cuda
phi_4_mini_instruct__arc_test_00064_30e8911f__temp0.60__seed7,phi_4_mini_instruct,microsoft/Phi-4-mini-instruct,arc_test_00064_30e8911f,arc,arc_challenge,arc,64,0.6,7,structured_four_line,default,0,1,1,1,1,5,0,1.0,1,cuda
phi_4_mini_instruct__arc_test_00065_0c30043d__temp0.60__seed7,phi_4_mini_instruct,microsoft/Phi-4-mini-instruct,arc_test_00065_0c30043d,arc,arc_challenge,arc,65,0.6,7,structured_four_line,default,0,1,1,1,1,5,0,1.0,1,cuda
phi_4_mini_instruct__arc_test_00066_a4f22ec7__temp0.60__seed7,phi_4_mini_instruct,microsoft/Phi-4-mini-instruct,arc_test_00066_a4f22ec7,arc,arc_challenge,arc,66,0.6,7,structured_four_line,default,0,1,1,1,1,5,0,1.0,1,cuda
phi_4_mini_instruct__arc_test_00067_39a5e863__temp0.60__seed7,phi_4_mini_instruct,microsoft/Phi-4-mini-instruct,arc_test_00067_39a5e863,arc,arc_challenge,arc,67,0.6,7,structured_four_line,default,0,1,1,1,1,5,0,1.0,1,cuda
phi_4_mini_instruct__arc_test_00068_169f201a__temp0.60__seed7,phi_4_mini_instruct,microsoft/Phi-4-mini-instruct,arc_test_00068_169f201a,arc,arc_challenge,arc,68,0.6,7,structured_four_line,default,0,1,1,1,1,5,0,1.0,1,cuda
phi_4_mini_instruct__arc_test_00069_c44c4bd5__temp0.60__seed7,phi_4_mini_instruct,microsoft/Phi-4-mini-instruct,arc_test_00069_c44c4bd5,arc,arc_challenge,arc,69,0.6,7,structured_four_line,default,0,1,0,2,2,5,1,0.95,1,cuda
phi_4_mini_instruct__arc_test_00070_7f98502f__temp0.60__seed7,phi_4_mini_instruct,microsoft/Phi-4-mini-instruct,arc_test_00070_7f98502f,arc,arc_challenge,arc,70,0.6,7,structured_four_line,default,0,0,0,1,5,5,0,0.0,0,cuda
phi_4_mini_instruct__arc_test_00071_78c9064f__temp0.60__seed7,phi_4_mini_instruct,microsoft/Phi-4-mini-instruct,arc_test_00071_78c9064f,arc,arc_challenge,arc,71,0.6,7,structured_four_line,default,0,1,1,1,1,5,0,1.0,1,cuda
phi_4_mini_instruct__arc_test_00072_25b05898__temp0.60__seed7,phi_4_mini_instruct,microsoft/Phi-4-mini-instruct,arc_test_00072_25b05898,arc,arc_challenge,arc,72,0.6,7,structured_four_line,default,0,1,1,1,1,5,0,1.0,1,cuda
phi_4_mini_instruct__arc_test_00073_ed2fea3a__temp0.60__seed7,phi_4_mini_instruct,microsoft/Phi-4-mini-instruct,arc_test_00073_ed2fea3a,arc,arc_challenge,arc,73,0.6,7,structured_four_line,default,0,1,1,1,1,5,0,1.0,1,cuda
phi_4_mini_instruct__arc_test_00074_86e6443b__temp0.60__seed7,phi_4_mini_instruct,microsoft/Phi-4-mini-instruct,arc_test_00074_86e6443b,arc,arc_challenge,arc,74,0.6,7,structured_four_line,default,0,1,1,1,1,5,0,1.0,1,cuda
phi_4_mini_instruct__arc_test_00075_fc461c98__temp0.60__seed7,phi_4_mini_instruct,microsoft/Phi-4-mini-instruct,arc_test_00075_fc461c98,arc,arc_challenge,arc,75,0.6,7,structured_four_line,default,0,1,1,1,1,5,0,1.0,1,cuda
phi_4_mini_instruct__arc_test_00076_e201619a__temp0.60__seed7,phi_4_mini_instruct,microsoft/Phi-4-mini-instruct,arc_test_00076_e201619a,arc,arc_challenge,arc,76,0.6,7,structured_four_line,default,0,1,1,1,1,5,3,1.0,0,cuda
phi_4_mini_instruct__arc_test_00077_cbb70e60__temp0.60__seed7,phi_4_mini_instruct,microsoft/Phi-4-mini-instruct,arc_test_00077_cbb70e60,arc,arc_challenge,arc,77,0.6,7,structured_four_line,default,0,1,1,1,1,5,0,1.0,1,cuda
phi_4_mini_instruct__arc_test_00078_9d260e71__temp0.60__seed7,phi_4_mini_instruct,microsoft/Phi-4-mini-instruct,arc_test_00078_9d260e71,arc,arc_challenge,arc,78,0.6,7,structured_four_line,default,0,1,1,1,1,5,0,1.0,1,cuda
phi_4_mini_instruct__arc_test_00079_73a6dca6__temp0.60__seed7,phi_4_mini_instruct,microsoft/Phi-4-mini-instruct,arc_test_00079_73a6dca6,arc,arc_challenge,arc,79,0.6,7,structured_four_line,default,0,1,0,2,2,5,2,0.95,0,cuda
phi_4_mini_instruct__arc_test_00080_a44020c4__temp0.60__seed7,phi_4_mini_instruct,microsoft/Phi-4-mini-instruct,arc_test_00080_a44020c4,arc,arc_challenge,arc,80,0.6,7,structured_four_line,default,0,1,1,1,1,5,4,1.0,1,cuda
phi_4_mini_instruct__arc_test_00081_e1b4d5ef__temp0.60__seed7,phi_4_mini_instruct,microsoft/Phi-4-mini-instruct,arc_test_00081_e1b4d5ef,arc,arc_challenge,arc,81,0.6,7,structured_four_line,default,0,0,0,1,5,5,0,0.0,0,cuda
phi_4_mini_instruct__arc_test_00082_02dec4b3__temp0.60__seed7,phi_4_mini_instruct,microsoft/Phi-4-mini-instruct,arc_test_00082_02dec4b3,arc,arc_challenge,arc,82,0.6,7,structured_four_line,default,0,1,0,4,4,5,4,0.85,0,cuda
phi_4_mini_instruct__arc_test_00083_4aac759c__temp0.60__seed7,phi_4_mini_instruct,microsoft/Phi-4-mini-instruct,arc_test_00083_4aac759c,arc,arc_challenge,arc,83,0.6,7,structured_four_line,default,0,1,1,1,1,5,0,1.0,1,cuda
phi_4_mini_instruct__arc_test_00084_12ae98c6__temp0.60__seed7,phi_4_mini_instruct,microsoft/Phi-4-mini-instruct,arc_test_00084_12ae98c6,arc,arc_challenge,arc,84,0.6,7,structured_four_line,default,0,1,1,1,1,5,2,1.0,1,cuda
phi_4_mini_instruct__arc_test_00085_63d1eedd__temp0.60__seed7,phi_4_mini_instruct,microsoft/Phi-4-mini-instruct,arc_test_00085_63d1eedd,arc,arc_challenge,arc,85,0.6,7,structured_four_line,default,0,1,1,1,1,5,0,1.0,1,cuda
phi_4_mini_instruct__arc_test_00086_9f0f396a__temp0.60__seed7,phi_4_mini_instruct,microsoft/Phi-4-mini-instruct,arc_test_00086_9f0f396a,arc,arc_challenge,arc,86,0.6,7,structured_four_line,default,0,1,1,1,1,3,0,1.0,1,cuda
phi_4_mini_instruct__arc_test_00087_1238aced__temp0.60__seed7,phi_4_mini_instruct,microsoft/Phi-4-mini-instruct,arc_test_00087_1238aced,arc,arc_challenge,arc,87,0.6,7,structured_four_line,default,0,0,0,1,5,5,1,0.0,0,cuda
phi_4_mini_instruct__arc_test_00088_09b7c1fe__temp0.60__seed7,phi_4_mini_instruct,microsoft/Phi-4-mini-instruct,arc_test_00088_09b7c1fe,arc,arc_challenge,arc,88,0.6,7,structured_four_line,default,0,1,1,1,1,5,0,1.0,1,cuda
phi_4_mini_instruct__arc_test_00089_f6eda772__temp0.60__seed7,phi_4_mini_instruct,microsoft/Phi-4-mini-instruct,arc_test_00089_f6eda772,arc,arc_challenge,arc,89,0.6,7,structured_four_line,default,0,1,1,1,1,5,0,1.0,1,cuda
phi_4_mini_instruct__arc_test_00090_d52bf241__temp0.60__seed7,phi_4_mini_instruct,microsoft/Phi-4-mini-instruct,arc_test_00090_d52bf241,arc,arc_challenge,arc,90,0.6,7,structured_four_line,default,0,1,1,1,1,5,0,1.0,1,cuda
phi_4_mini_instruct__arc_test_00091_eec80c32__temp0.60__seed7,phi_4_mini_instruct,microsoft/Phi-4-mini-instruct,arc_test_00091_eec80c32,arc,arc_challenge,arc,91,0.6,7,structured_four_line,default,0,1,1,1,1,5,0,1.0,1,cuda
phi_4_mini_instruct__arc_test_00092_25cc90e9__temp0.60__seed7,phi_4_mini_instruct,microsoft/Phi-4-mini-instruct,arc_test_00092_25cc90e9,arc,arc_challenge,arc,92,0.6,7,structured_four_line,default,0,1,1,1,1,5,2,1.0,1,cuda
phi_4_mini_instruct__arc_test_00093_ffa047d0__temp0.60__seed7,phi_4_mini_instruct,microsoft/Phi-4-mini-instruct,arc_test_00093_ffa047d0,arc,arc_challenge,arc,93,0.6,7,structured_four_line,default,0,0,0,1,5,5,0,0.0,0,cuda
phi_4_mini_instruct__arc_test_00094_2b05164d__temp0.60__seed7,phi_4_mini_instruct,microsoft/Phi-4-mini-instruct,arc_test_00094_2b05164d,arc,arc_challenge,arc,94,0.6,7,structured_four_line,default,0,1,1,1,1,5,0,1.0,1,cuda
phi_4_mini_instruct__arc_test_00095_722bf474__temp0.60__seed7,phi_4_mini_instruct,microsoft/Phi-4-mini-instruct,arc_test_00095_722bf474,arc,arc_challenge,arc,95,0.6,7,structured_four_line,default,0,1,1,1,1,3,2,1.0,1,cuda
phi_4_mini_instruct__arc_test_00096_a416b353__temp0.60__seed7,phi_4_mini_instruct,microsoft/Phi-4-mini-instruct,arc_test_00096_a416b353,arc,arc_challenge,arc,96,0.6,7,structured_four_line,default,0,1,1,1,1,5,0,1.0,1,cuda
phi_4_mini_instruct__arc_test_00097_d48ca1a8__temp0.60__seed7,phi_4_mini_instruct,microsoft/Phi-4-mini-instruct,arc_test_00097_d48ca1a8,arc,arc_challenge,arc,97,0.6,7,structured_four_line,default,0,1,1,1,1,5,0,1.0,1,cuda
phi_4_mini_instruct__arc_test_00098_f974ffda__temp0.60__seed7,phi_4_mini_instruct,microsoft/Phi-4-mini-instruct,arc_test_00098_f974ffda,arc,arc_challenge,arc,98,0.6,7,structured_four_line,default,0,1,1,1,1,5,0,1.0,1,cuda
phi_4_mini_instruct__arc_test_00099_4d9d0c52__temp0.60__seed7,phi_4_mini_instruct,microsoft/Phi-4-mini-instruct,arc_test_00099_4d9d0c52,arc,arc_challenge,arc,99,0.6,7,structured_four_line,default,0,0,0,1,5,5,0,0.0,0,cuda
phi_4_mini_instruct__arc_test_00100_ce179d3c__temp0.60__seed7,phi_4_mini_instruct,microsoft/Phi-4-mini-instruct,arc_test_00100_ce179d3c,arc,arc_challenge,arc,100,0.6,7,structured_four_line,default,0,1,1,1,1,5,4,1.0,1,cuda
phi_4_mini_instruct__arc_test_00101_d427e017__temp0.60__seed7,phi_4_mini_instruct,microsoft/Phi-4-mini-instruct,arc_test_00101_d427e017,arc,arc_challenge,arc,101,0.6,7,structured_four_line,default,0,1,1,1,1,5,0,1.0,1,cuda
phi_4_mini_instruct__arc_test_00102_4c432e78__temp0.60__seed7,phi_4_mini_instruct,microsoft/Phi-4-mini-instruct,arc_test_00102_4c432e78,arc,arc_challenge,arc,102,0.6,7,structured_four_line,default,0,0,0,1,5,5,0,0.0,0,cuda
phi_4_mini_instruct__arc_test_00103_58df92c7__temp0.60__seed7,phi_4_mini_instruct,microsoft/Phi-4-mini-instruct,arc_test_00103_58df92c7,arc,arc_challenge,arc,103,0.6,7,structured_four_line,default,0,1,1,1,1,5,0,1.0,1,cuda
phi_4_mini_instruct__arc_test_00104_a0fbbd6b__temp0.60__seed7,phi_4_mini_instruct,microsoft/Phi-4-mini-instruct,arc_test_00104_a0fbbd6b,arc,arc_challenge,arc,104,0.6,7,structured_four_line,default,0,1,1,1,1,3,2,1.0,1,cuda
phi_4_mini_instruct__arc_test_00105_2d55a679__temp0.60__seed7,phi_4_mini_instruct,microsoft/Phi-4-mini-instruct,arc_test_00105_2d55a679,arc,arc_challenge,arc,105,0.6,7,structured_four_line,default,0,1,0,2,2,5,1,0.95,1,cuda
phi_4_mini_instruct__arc_test_00106_2a02de88__temp0.60__seed7,phi_4_mini_instruct,microsoft/Phi-4-mini-instruct,arc_test_00106_2a02de88,arc,arc_challenge,arc,106,0.6,7,structured_four_line,default,0,1,0,3,3,5,4,0.9,1,cuda
phi_4_mini_instruct__arc_test_00107_1ad2fb25__temp0.60__seed7,phi_4_mini_instruct,microsoft/Phi-4-mini-instruct,arc_test_00107_1ad2fb25,arc,arc_challenge,arc,107,0.6,7,structured_four_line,default,0,1,1,1,1,5,0,1.0,1,cuda
phi_4_mini_instruct__arc_test_00108_b35bbe2a__temp0.60__seed7,phi_4_mini_instruct,microsoft/Phi-4-mini-instruct,arc_test_00108_b35bbe2a,arc,arc_challenge,arc,108,0.6,7,structured_four_line,default,0,0,0,1,5,5,2,0.0,0,cuda
phi_4_mini_instruct__arc_test_00109_70bcbd08__temp0.60__seed7,phi_4_mini_instruct,microsoft/Phi-4-mini-instruct,arc_test_00109_70bcbd08,arc,arc_challenge,arc,109,0.6,7,structured_four_line,default,0,1,1,1,1,5,0,1.0,1,cuda
phi_4_mini_instruct__arc_test_00110_f0d7582a__temp0.60__seed7,phi_4_mini_instruct,microsoft/Phi-4-mini-instruct,arc_test_00110_f0d7582a,arc,arc_challenge,arc,110,0.6,7,structured_four_line,default,0,1,1,1,1,5,0,1.0,1,cuda
phi_4_mini_instruct__arc_test_00111_fc89f3f2__temp0.60__seed7,phi_4_mini_instruct,microsoft/Phi-4-mini-instruct,arc_test_00111_fc89f3f2,arc,arc_challenge,arc,111,0.6,7,structured_four_line,default,0,1,1,1,1,5,0,1.0,1,cuda
phi_4_mini_instruct__arc_test_00112_4bcd3ac1__temp0.60__seed7,phi_4_mini_instruct,microsoft/Phi-4-mini-instruct,arc_test_00112_4bcd3ac1,arc,arc_challenge,arc,112,0.6,7,structured_four_line,default,0,1,1,1,1,5,0,1.0,1,cuda
phi_4_mini_instruct__arc_test_00113_32901c5f__temp0.60__seed7,phi_4_mini_instruct,microsoft/Phi-4-mini-instruct,arc_test_00113_32901c5f,arc,arc_challenge,arc,113,0.6,7,structured_four_line,default,0,1,1,1,1,5,0,1.0,1,cuda
phi_4_mini_instruct__arc_test_00114_43d0cf66__temp0.60__seed7,phi_4_mini_instruct,microsoft/Phi-4-mini-instruct,arc_test_00114_43d0cf66,arc,arc_challenge,arc,114,0.6,7,structured_four_line,default,0,1,1,1,1,5,0,1.0,1,cuda
phi_4_mini_instruct__arc_test_00115_56efbf0d__temp0.60__seed7,phi_4_mini_instruct,microsoft/Phi-4-mini-instruct,arc_test_00115_56efbf0d,arc,arc_challenge,arc,115,0.6,7,structured_four_line,default,0,1,1,1,1,5,0,1.0,1,cuda
phi_4_mini_instruct__arc_test_00116_08d3d129__temp0.60__seed7,phi_4_mini_instruct,microsoft/Phi-4-mini-instruct,arc_test_00116_08d3d129,arc,arc_challenge,arc,116,0.6,7,structured_four_line,default,0,1,1,1,1,4,2,1.0,1,cuda
phi_4_mini_instruct__arc_test_00117_da3420e1__temp0.60__seed7,phi_4_mini_instruct,microsoft/Phi-4-mini-instruct,arc_test_00117_da3420e1,arc,arc_challenge,arc,117,0.6,7,structured_four_line,default,0,0,0,1,5,5,0,0.0,0,cuda
phi_4_mini_instruct__arc_test_00118_3edfe427__temp0.60__seed7,phi_4_mini_instruct,microsoft/Phi-4-mini-instruct,arc_test_00118_3edfe427,arc,arc_challenge,arc,118,0.6,7,structured_four_line,default,0,1,1,1,1,5,0,1.0,1,cuda
phi_4_mini_instruct__arc_test_00119_c47d514f__temp0.60__seed7,phi_4_mini_instruct,microsoft/Phi-4-mini-instruct,arc_test_00119_c47d514f,arc,arc_challenge,arc,119,0.6,7,structured_four_line,default,0,1,1,1,1,5,0,1.0,1,cuda
phi_4_mini_instruct__arc_test_00120_b6152894__temp0.60__seed7,phi_4_mini_instruct,microsoft/Phi-4-mini-instruct,arc_test_00120_b6152894,arc,arc_challenge,arc,120,0.6,7,structured_four_line,default,0,1,1,1,1,4,0,1.0,1,cuda
phi_4_mini_instruct__arc_test_00121_817d2f09__temp0.60__seed7,phi_4_mini_instruct,microsoft/Phi-4-mini-instruct,arc_test_00121_817d2f09,arc,arc_challenge,arc,121,0.6,7,structured_four_line,default,0,0,0,1,5,5,0,0.0,0,cuda
phi_4_mini_instruct__arc_test_00122_e254ba57__temp0.60__seed7,phi_4_mini_instruct,microsoft/Phi-4-mini-instruct,arc_test_00122_e254ba57,arc,arc_challenge,arc,122,0.6,7,structured_four_line,default,0,0,0,1,5,5,1,0.0,0,cuda
phi_4_mini_instruct__arc_test_00123_79966ff1__temp0.60__seed7,phi_4_mini_instruct,microsoft/Phi-4-mini-instruct,arc_test_00123_79966ff1,arc,arc_challenge,arc,123,0.6,7,structured_four_line,default,0,1,1,1,1,5,0,1.0,1,cuda
phi_4_mini_instruct__arc_test_00124_fa94e97d__temp0.60__seed7,phi_4_mini_instruct,microsoft/Phi-4-mini-instruct,arc_test_00124_fa94e97d,arc,arc_challenge,arc,124,0.6,7,structured_four_line,default,0,1,1,1,1,4,2,1.0,1,cuda
phi_4_mini_instruct__arc_test_00125_37e8898b__temp0.60__seed7,phi_4_mini_instruct,microsoft/Phi-4-mini-instruct,arc_test_00125_37e8898b,arc,arc_challenge,arc,125,0.6,7,structured_four_line,default,0,1,1,1,1,5,0,1.0,1,cuda
phi_4_mini_instruct__arc_test_00126_455c64d7__temp0.60__seed7,phi_4_mini_instruct,microsoft/Phi-4-mini-instruct,arc_test_00126_455c64d7,arc,arc_challenge,arc,126,0.6,7,structured_four_line,default,0,1,1,1,1,5,0,1.0,1,cuda
phi_4_mini_instruct__arc_test_00127_9cf81ecf__temp0.60__seed7,phi_4_mini_instruct,microsoft/Phi-4-mini-instruct,arc_test_00127_9cf81ecf,arc,arc_challenge,arc,127,0.6,7,structured_four_line,default,0,1,1,1,1,5,0,1.0,1,cuda
phi_4_mini_instruct__arc_test_00128_ddc460f2__temp0.60__seed7,phi_4_mini_instruct,microsoft/Phi-4-mini-instruct,arc_test_00128_ddc460f2,arc,arc_challenge,arc,128,0.6,7,structured_four_line,default,0,1,1,1,1,5,0,1.0,1,cuda
phi_4_mini_instruct__arc_test_00129_fde0c41b__temp0.60__seed7,phi_4_mini_instruct,microsoft/Phi-4-mini-instruct,arc_test_00129_fde0c41b,arc,arc_challenge,arc,129,0.6,7,structured_four_line,default,0,1,1,1,1,5,0,1.0,1,cuda
phi_4_mini_instruct__arc_test_00130_b78a68c2__temp0.60__seed7,phi_4_mini_instruct,microsoft/Phi-4-mini-instruct,arc_test_00130_b78a68c2,arc,arc_challenge,arc,130,0.6,7,structured_four_line,default,0,1,1,1,1,5,0,1.0,1,cuda
phi_4_mini_instruct__arc_test_00131_1e04f7f3__temp0.60__seed7,phi_4_mini_instruct,microsoft/Phi-4-mini-instruct,arc_test_00131_1e04f7f3,arc,arc_challenge,arc,131,0.6,7,structured_four_line,default,0,1,1,1,1,5,0,1.0,1,cuda
phi_4_mini_instruct__arc_test_00132_3856b48c__temp0.60__seed7,phi_4_mini_instruct,microsoft/Phi-4-mini-instruct,arc_test_00132_3856b48c,arc,arc_challenge,arc,132,0.6,7,structured_four_line,default,0,1,1,1,1,5,0,1.0,1,cuda
phi_4_mini_instruct__arc_test_00133_fa32a5b7__temp0.60__seed7,phi_4_mini_instruct,microsoft/Phi-4-mini-instruct,arc_test_00133_fa32a5b7,arc,arc_challenge,arc,133,0.6,7,structured_four_line,default,0,1,0,2,2,5,1,0.95,1,cuda
phi_4_mini_instruct__arc_test_00134_19415ae4__temp0.60__seed7,phi_4_mini_instruct,microsoft/Phi-4-mini-instruct,arc_test_00134_19415ae4,arc,arc_challenge,arc,134,0.6,7,structured_four_line,default,0,1,1,1,1,5,0,1.0,1,cuda
phi_4_mini_instruct__arc_test_00135_f4ce879e__temp0.60__seed7,phi_4_mini_instruct,microsoft/Phi-4-mini-instruct,arc_test_00135_f4ce879e,arc,arc_challenge,arc,135,0.6,7,structured_four_line,default,0,1,1,1,1,5,0,1.0,1,cuda
phi_4_mini_instruct__arc_test_00136_35b5670f__temp0.60__seed7,phi_4_mini_instruct,microsoft/Phi-4-mini-instruct,arc_test_00136_35b5670f,arc,arc_challenge,arc,136,0.6,7,structured_four_line,default,0,1,1,1,1,5,0,1.0,1,cuda
phi_4_mini_instruct__arc_test_00137_308a8747__temp0.60__seed7,phi_4_mini_instruct,microsoft/Phi-4-mini-instruct,arc_test_00137_308a8747,arc,arc_challenge,arc,137,0.6,7,structured_four_line,default,0,1,0,4,4,5,2,0.85,1,cuda
phi_4_mini_instruct__arc_test_00138_7b80c598__temp0.60__seed7,phi_4_mini_instruct,microsoft/Phi-4-mini-instruct,arc_test_00138_7b80c598,arc,arc_challenge,arc,138,0.6,7,structured_four_line,default,0,1,1,1,1,5,0,1.0,1,cuda
phi_4_mini_instruct__arc_test_00139_889893b5__temp0.60__seed7,phi_4_mini_instruct,microsoft/Phi-4-mini-instruct,arc_test_00139_889893b5,arc,arc_challenge,arc,139,0.6,7,structured_four_line,default,0,1,1,1,1,5,0,1.0,1,cuda
phi_4_mini_instruct__arc_test_00140_af156b8d__temp0.60__seed7,phi_4_mini_instruct,microsoft/Phi-4-mini-instruct,arc_test_00140_af156b8d,arc,arc_challenge,arc,140,0.6,7,structured_four_line,default,0,1,1,1,1,5,0,1.0,1,cuda
phi_4_mini_instruct__arc_test_00141_38c02509__temp0.60__seed7,phi_4_mini_instruct,microsoft/Phi-4-mini-instruct,arc_test_00141_38c02509,arc,arc_challenge,arc,141,0.6,7,structured_four_line,default,0,1,1,1,1,5,1,1.0,0,cuda
phi_4_mini_instruct__arc_test_00142_8f55df16__temp0.60__seed7,phi_4_mini_instruct,microsoft/Phi-4-mini-instruct,arc_test_00142_8f55df16,arc,arc_challenge,arc,142,0.6,7,structured_four_line,default,0,1,1,1,1,5,0,1.0,1,cuda
phi_4_mini_instruct__arc_test_00143_f01860a1__temp0.60__seed7,phi_4_mini_instruct,microsoft/Phi-4-mini-instruct,arc_test_00143_f01860a1,arc,arc_challenge,arc,143,0.6,7,structured_four_line,default,0,1,1,1,1,5,2,1.0,1,cuda
phi_4_mini_instruct__arc_test_00144_27670959__temp0.60__seed7,phi_4_mini_instruct,microsoft/Phi-4-mini-instruct,arc_test_00144_27670959,arc,arc_challenge,arc,144,0.6,7,structured_four_line,default,0,1,1,1,1,4,2,1.0,1,cuda
phi_4_mini_instruct__arc_test_00145_75096f81__temp0.60__seed7,phi_4_mini_instruct,microsoft/Phi-4-mini-instruct,arc_test_00145_75096f81,arc,arc_challenge,arc,145,0.6,7,structured_four_line,default,0,1,1,1,1,5,0,1.0,1,cuda
phi_4_mini_instruct__arc_test_00146_2b88c50d__temp0.60__seed7,phi_4_mini_instruct,microsoft/Phi-4-mini-instruct,arc_test_00146_2b88c50d,arc,arc_challenge,arc,146,0.6,7,structured_four_line,default,0,1,1,1,1,5,0,1.0,1,cuda
phi_4_mini_instruct__arc_test_00147_e6a31c8f__temp0.60__seed7,phi_4_mini_instruct,microsoft/Phi-4-mini-instruct,arc_test_00147_e6a31c8f,arc,arc_challenge,arc,147,0.6,7,structured_four_line,default,0,1,1,1,1,5,0,1.0,1,cuda
phi_4_mini_instruct__arc_test_00148_58c7396e__temp0.60__seed7,phi_4_mini_instruct,microsoft/Phi-4-mini-instruct,arc_test_00148_58c7396e,arc,arc_challenge,arc,148,0.6,7,structured_four_line,default,0,1,0,2,2,5,1,0.95,1,cuda
phi_4_mini_instruct__arc_test_00149_8c977ff0__temp0.60__seed7,phi_4_mini_instruct,microsoft/Phi-4-mini-instruct,arc_test_00149_8c977ff0,arc,arc_challenge,arc,149,0.6,7,structured_four_line,default,0,1,1,1,1,5,1,1.0,0,cuda
phi_4_mini_instruct__arc_test_00150_9a244739__temp0.60__seed7,phi_4_mini_instruct,microsoft/Phi-4-mini-instruct,arc_test_00150_9a244739,arc,arc_challenge,arc,150,0.6,7,structured_four_line,default,0,1,1,1,1,5,0,1.0,1,cuda
phi_4_mini_instruct__arc_test_00151_80fd0076__temp0.60__seed7,phi_4_mini_instruct,microsoft/Phi-4-mini-instruct,arc_test_00151_80fd0076,arc,arc_challenge,arc,151,0.6,7,structured_four_line,default,0,1,1,1,1,5,1,1.0,1,cuda
phi_4_mini_instruct__arc_test_00152_5e9217b5__temp0.60__seed7,phi_4_mini_instruct,microsoft/Phi-4-mini-instruct,arc_test_00152_5e9217b5,arc,arc_challenge,arc,152,0.6,7,structured_four_line,default,0,1,1,1,1,5,2,1.0,1,cuda
phi_4_mini_instruct__arc_test_00153_2d4afb75__temp0.60__seed7,phi_4_mini_instruct,microsoft/Phi-4-mini-instruct,arc_test_00153_2d4afb75,arc,arc_challenge,arc,153,0.6,7,structured_four_line,default,0,1,1,1,1,5,1,1.0,0,cuda
phi_4_mini_instruct__arc_test_00154_224d0261__temp0.60__seed7,phi_4_mini_instruct,microsoft/Phi-4-mini-instruct,arc_test_00154_224d0261,arc,arc_challenge,arc,154,0.6,7,structured_four_line,default,0,1,1,1,1,5,0,1.0,1,cuda
phi_4_mini_instruct__arc_test_00155_ca1b941c__temp0.60__seed7,phi_4_mini_instruct,microsoft/Phi-4-mini-instruct,arc_test_00155_ca1b941c,arc,arc_challenge,arc,155,0.6,7,structured_four_line,default,0,1,1,1,1,5,0,1.0,1,cuda
phi_4_mini_instruct__arc_test_00156_ee094300__temp0.60__seed7,phi_4_mini_instruct,microsoft/Phi-4-mini-instruct,arc_test_00156_ee094300,arc,arc_challenge,arc,156,0.6,7,structured_four_line,default,0,1,1,1,1,1,0,1.0,1,cuda
phi_4_mini_instruct__arc_test_00157_f89a1068__temp0.60__seed7,phi_4_mini_instruct,microsoft/Phi-4-mini-instruct,arc_test_00157_f89a1068,arc,arc_challenge,arc,157,0.6,7,structured_four_line,default,0,1,1,1,1,5,0,1.0,1,cuda
phi_4_mini_instruct__arc_test_00158_ec72f274__temp0.60__seed7,phi_4_mini_instruct,microsoft/Phi-4-mini-instruct,arc_test_00158_ec72f274,arc,arc_challenge,arc,158,0.6,7,structured_four_line,default,0,1,1,1,1,5,2,1.0,1,cuda
phi_4_mini_instruct__arc_test_00159_33a9d07e__temp0.60__seed7,phi_4_mini_instruct,microsoft/Phi-4-mini-instruct,arc_test_00159_33a9d07e,arc,arc_challenge,arc,159,0.6,7,structured_four_line,default,0,1,1,1,1,5,0,1.0,1,cuda
phi_4_mini_instruct__arc_test_00160_c1c6d9ce__temp0.60__seed7,phi_4_mini_instruct,microsoft/Phi-4-mini-instruct,arc_test_00160_c1c6d9ce,arc,arc_challenge,arc,160,0.6,7,structured_four_line,default,0,1,1,1,1,5,2,1.0,1,cuda
phi_4_mini_instruct__arc_test_00161_7109ff3c__temp0.60__seed7,phi_4_mini_instruct,microsoft/Phi-4-mini-instruct,arc_test_00161_7109ff3c,arc,arc_challenge,arc,161,0.6,7,structured_four_line,default,0,1,0,2,2,5,4,0.95,0,cuda
phi_4_mini_instruct__arc_test_00162_ac76e6c7__temp0.60__seed7,phi_4_mini_instruct,microsoft/Phi-4-mini-instruct,arc_test_00162_ac76e6c7,arc,arc_challenge,arc,162,0.6,7,structured_four_line,default,0,1,1,1,1,5,2,1.0,1,cuda
phi_4_mini_instruct__arc_test_00163_a8dc8e64__temp0.60__seed7,phi_4_mini_instruct,microsoft/Phi-4-mini-instruct,arc_test_00163_a8dc8e64,arc,arc_challenge,arc,163,0.6,7,structured_four_line,default,0,1,1,1,1,5,0,1.0,1,cuda
phi_4_mini_instruct__arc_test_00164_c6cd4e9d__temp0.60__seed7,phi_4_mini_instruct,microsoft/Phi-4-mini-instruct,arc_test_00164_c6cd4e9d,arc,arc_challenge,arc,164,0.6,7,structured_four_line,default,0,1,1,1,1,5,0,1.0,1,cuda
phi_4_mini_instruct__arc_test_00165_5ab82acf__temp0.60__seed7,phi_4_mini_instruct,microsoft/Phi-4-mini-instruct,arc_test_00165_5ab82acf,arc,arc_challenge,arc,165,0.6,7,structured_four_line,default,0,0,0,1,5,5,0,0.0,0,cuda
phi_4_mini_instruct__arc_test_00166_ef208ee6__temp0.60__seed7,phi_4_mini_instruct,microsoft/Phi-4-mini-instruct,arc_test_00166_ef208ee6,arc,arc_challenge,arc,166,0.6,7,structured_four_line,default,0,1,0,3,3,5,1,0.9,1,cuda
phi_4_mini_instruct__arc_test_00167_35cdcebc__temp0.60__seed7,phi_4_mini_instruct,microsoft/Phi-4-mini-instruct,arc_test_00167_35cdcebc,arc,arc_challenge,arc,167,0.6,7,structured_four_line,default,0,0,0,1,5,5,0,0.0,0,cuda
phi_4_mini_instruct__arc_test_00168_b255fa40__temp0.60__seed7,phi_4_mini_instruct,microsoft/Phi-4-mini-instruct,arc_test_00168_b255fa40,arc,arc_challenge,arc,168,0.6,7,structured_four_line,default,0,0,0,1,5,5,0,0.0,0,cuda
phi_4_mini_instruct__arc_test_00169_a1607bcb__temp0.60__seed7,phi_4_mini_instruct,microsoft/Phi-4-mini-instruct,arc_test_00169_a1607bcb,arc,arc_challenge,arc,169,0.6,7,structured_four_line,default,0,1,1,1,1,5,0,1.0,1,cuda
phi_4_mini_instruct__arc_test_00170_f44cfa7e__temp0.60__seed7,phi_4_mini_instruct,microsoft/Phi-4-mini-instruct,arc_test_00170_f44cfa7e,arc,arc_challenge,arc,170,0.6,7,structured_four_line,default,0,1,1,1,1,5,0,1.0,1,cuda
phi_4_mini_instruct__arc_test_00171_612c4710__temp0.60__seed7,phi_4_mini_instruct,microsoft/Phi-4-mini-instruct,arc_test_00171_612c4710,arc,arc_challenge,arc,171,0.6,7,structured_four_line,default,0,1,1,1,1,4,0,1.0,1,cuda
phi_4_mini_instruct__arc_test_00172_c90d6043__temp0.60__seed7,phi_4_mini_instruct,microsoft/Phi-4-mini-instruct,arc_test_00172_c90d6043,arc,arc_challenge,arc,172,0.6,7,structured_four_line,default,0,1,0,5,5,4,2,0.8,1,cuda
phi_4_mini_instruct__arc_test_00173_627098d1__temp0.60__seed7,phi_4_mini_instruct,microsoft/Phi-4-mini-instruct,arc_test_00173_627098d1,arc,arc_challenge,arc,173,0.6,7,structured_four_line,default,0,1,1,1,1,5,0,1.0,1,cuda
phi_4_mini_instruct__arc_test_00174_5f5df804__temp0.60__seed7,phi_4_mini_instruct,microsoft/Phi-4-mini-instruct,arc_test_00174_5f5df804,arc,arc_challenge,arc,174,0.6,7,structured_four_line,default,0,0,0,1,5,5,0,0.0,0,cuda
phi_4_mini_instruct__arc_test_00175_eb8d450c__temp0.60__seed7,phi_4_mini_instruct,microsoft/Phi-4-mini-instruct,arc_test_00175_eb8d450c,arc,arc_challenge,arc,175,0.6,7,structured_four_line,default,0,1,1,1,1,5,0,1.0,1,cuda
phi_4_mini_instruct__arc_test_00176_9044ff73__temp0.60__seed7,phi_4_mini_instruct,microsoft/Phi-4-mini-instruct,arc_test_00176_9044ff73,arc,arc_challenge,arc,176,0.6,7,structured_four_line,default,0,1,1,1,1,5,0,1.0,1,cuda
phi_4_mini_instruct__arc_test_00177_ecdb4f07__temp0.60__seed7,phi_4_mini_instruct,microsoft/Phi-4-mini-instruct,arc_test_00177_ecdb4f07,arc,arc_challenge,arc,177,0.6,7,structured_four_line,default,0,1,1,1,1,5,0,1.0,1,cuda
phi_4_mini_instruct__arc_test_00178_b35de25d__temp0.60__seed7,phi_4_mini_instruct,microsoft/Phi-4-mini-instruct,arc_test_00178_b35de25d,arc,arc_challenge,arc,178,0.6,7,structured_four_line,default,0,1,1,1,1,5,0,1.0,1,cuda
phi_4_mini_instruct__arc_test_00179_9aae52b3__temp0.60__seed7,phi_4_mini_instruct,microsoft/Phi-4-mini-instruct,arc_test_00179_9aae52b3,arc,arc_challenge,arc,179,0.6,7,structured_four_line,default,0,1,1,1,1,5,0,1.0,1,cuda
phi_4_mini_instruct__arc_test_00180_5b3b7513__temp0.60__seed7,phi_4_mini_instruct,microsoft/Phi-4-mini-instruct,arc_test_00180_5b3b7513,arc,arc_challenge,arc,180,0.6,7,structured_four_line,default,0,1,1,1,1,5,0,1.0,1,cuda
phi_4_mini_instruct__arc_test_00181_676f95f8__temp0.60__seed7,phi_4_mini_instruct,microsoft/Phi-4-mini-instruct,arc_test_00181_676f95f8,arc,arc_challenge,arc,181,0.6,7,structured_four_line,default,0,1,1,1,1,5,1,1.0,0,cuda
phi_4_mini_instruct__arc_test_00182_8e34a240__temp0.60__seed7,phi_4_mini_instruct,microsoft/Phi-4-mini-instruct,arc_test_00182_8e34a240,arc,arc_challenge,arc,182,0.6,7,structured_four_line,default,0,0,0,1,5,5,0,0.0,0,cuda
phi_4_mini_instruct__arc_test_00183_bde98ede__temp0.60__seed7,phi_4_mini_instruct,microsoft/Phi-4-mini-instruct,arc_test_00183_bde98ede,arc,arc_challenge,arc,183,0.6,7,structured_four_line,default,0,1,1,1,1,5,0,1.0,1,cuda
phi_4_mini_instruct__arc_test_00184_6aa6fe3b__temp0.60__seed7,phi_4_mini_instruct,microsoft/Phi-4-mini-instruct,arc_test_00184_6aa6fe3b,arc,arc_challenge,arc,184,0.6,7,structured_four_line,default,0,1,1,1,1,5,0,1.0,1,cuda
phi_4_mini_instruct__arc_test_00185_3532a91b__temp0.60__seed7,phi_4_mini_instruct,microsoft/Phi-4-mini-instruct,arc_test_00185_3532a91b,arc,arc_challenge,arc,185,0.6,7,structured_four_line,default,0,1,1,1,1,5,2,1.0,1,cuda
phi_4_mini_instruct__arc_test_00186_b155986b__temp0.60__seed7,phi_4_mini_instruct,microsoft/Phi-4-mini-instruct,arc_test_00186_b155986b,arc,arc_challenge,arc,186,0.6,7,structured_four_line,default,0,1,1,1,1,5,3,1.0,0,cuda
phi_4_mini_instruct__arc_test_00187_8b14d075__temp0.60__seed7,phi_4_mini_instruct,microsoft/Phi-4-mini-instruct,arc_test_00187_8b14d075,arc,arc_challenge,arc,187,0.6,7,structured_four_line,default,0,1,1,1,1,5,0,1.0,1,cuda
phi_4_mini_instruct__arc_test_00188_cba61eb1__temp0.60__seed7,phi_4_mini_instruct,microsoft/Phi-4-mini-instruct,arc_test_00188_cba61eb1,arc,arc_challenge,arc,188,0.6,7,structured_four_line,default,0,1,1,1,1,5,0,1.0,1,cuda
phi_4_mini_instruct__arc_test_00189_40e3fa22__temp0.60__seed7,phi_4_mini_instruct,microsoft/Phi-4-mini-instruct,arc_test_00189_40e3fa22,arc,arc_challenge,arc,189,0.6,7,structured_four_line,default,0,1,1,1,1,5,0,1.0,1,cuda
phi_4_mini_instruct__arc_test_00190_7dd0fb1b__temp0.60__seed7,phi_4_mini_instruct,microsoft/Phi-4-mini-instruct,arc_test_00190_7dd0fb1b,arc,arc_challenge,arc,190,0.6,7,structured_four_line,default,0,1,1,1,1,5,0,1.0,1,cuda
phi_4_mini_instruct__arc_test_00191_ff19377e__temp0.60__seed7,phi_4_mini_instruct,microsoft/Phi-4-mini-instruct,arc_test_00191_ff19377e,arc,arc_challenge,arc,191,0.6,7,structured_four_line,default,0,0,0,1,5,5,4,0.0,0,cuda
phi_4_mini_instruct__arc_test_00192_07e59469__temp0.60__seed7,phi_4_mini_instruct,microsoft/Phi-4-mini-instruct,arc_test_00192_07e59469,arc,arc_challenge,arc,192,0.6,7,structured_four_line,default,0,1,1,1,1,5,4,1.0,0,cuda
phi_4_mini_instruct__arc_test_00193_4793d226__temp0.60__seed7,phi_4_mini_instruct,microsoft/Phi-4-mini-instruct,arc_test_00193_4793d226,arc,arc_challenge,arc,193,0.6,7,structured_four_line,default,0,1,1,1,1,5,0,1.0,1,cuda
phi_4_mini_instruct__arc_test_00194_538d24a9__temp0.60__seed7,phi_4_mini_instruct,microsoft/Phi-4-mini-instruct,arc_test_00194_538d24a9,arc,arc_challenge,arc,194,0.6,7,structured_four_line,default,0,1,1,1,1,5,0,1.0,1,cuda
phi_4_mini_instruct__arc_test_00195_21dd34ee__temp0.60__seed7,phi_4_mini_instruct,microsoft/Phi-4-mini-instruct,arc_test_00195_21dd34ee,arc,arc_challenge,arc,195,0.6,7,structured_four_line,default,0,1,1,1,1,5,0,1.0,1,cuda
phi_4_mini_instruct__arc_test_00196_6dcd8a63__temp0.60__seed7,phi_4_mini_instruct,microsoft/Phi-4-mini-instruct,arc_test_00196_6dcd8a63,arc,arc_challenge,arc,196,0.6,7,structured_four_line,default,0,1,1,1,1,5,0,1.0,1,cuda
phi_4_mini_instruct__arc_test_00197_69e8335d__temp0.60__seed7,phi_4_mini_instruct,microsoft/Phi-4-mini-instruct,arc_test_00197_69e8335d,arc,arc_challenge,arc,197,0.6,7,structured_four_line,default,0,1,1,1,1,5,0,1.0,1,cuda
phi_4_mini_instruct__arc_test_00198_f407d662__temp0.60__seed7,phi_4_mini_instruct,microsoft/Phi-4-mini-instruct,arc_test_00198_f407d662,arc,arc_challenge,arc,198,0.6,7,structured_four_line,default,0,1,0,5,5,5,1,0.8,1,cuda
phi_4_mini_instruct__arc_test_00199_989978c5__temp0.60__seed7,phi_4_mini_instruct,microsoft/Phi-4-mini-instruct,arc_test_00199_989978c5,arc,arc_challenge,arc,199,0.6,7,structured_four_line,default,0,1,1,1,1,5,3,1.0,0,cuda
phi_4_mini_instruct__arc_test_00200_baff531a__temp0.60__seed7,phi_4_mini_instruct,microsoft/Phi-4-mini-instruct,arc_test_00200_baff531a,arc,arc_challenge,arc,200,0.6,7,structured_four_line,default,0,1,1,1,1,5,0,1.0,1,cuda
phi_4_mini_instruct__arc_test_00201_ee325462__temp0.60__seed7,phi_4_mini_instruct,microsoft/Phi-4-mini-instruct,arc_test_00201_ee325462,arc,arc_challenge,arc,201,0.6,7,structured_four_line,default,0,1,1,1,1,4,0,1.0,1,cuda
phi_4_mini_instruct__arc_test_00202_46459f16__temp0.60__seed7,phi_4_mini_instruct,microsoft/Phi-4-mini-instruct,arc_test_00202_46459f16,arc,arc_challenge,arc,202,0.6,7,structured_four_line,default,0,1,1,1,1,5,0,1.0,1,cuda
phi_4_mini_instruct__arc_test_00203_0b706945__temp0.60__seed7,phi_4_mini_instruct,microsoft/Phi-4-mini-instruct,arc_test_00203_0b706945,arc,arc_challenge,arc,203,0.6,7,structured_four_line,default,0,1,1,1,1,5,0,1.0,1,cuda
phi_4_mini_instruct__arc_test_00204_71e57156__temp0.60__seed7,phi_4_mini_instruct,microsoft/Phi-4-mini-instruct,arc_test_00204_71e57156,arc,arc_challenge,arc,204,0.6,7,structured_four_line,default,0,1,1,1,1,5,0,1.0,1,cuda
phi_4_mini_instruct__arc_test_00205_79bd34ae__temp0.60__seed7,phi_4_mini_instruct,microsoft/Phi-4-mini-instruct,arc_test_00205_79bd34ae,arc,arc_challenge,arc,205,0.6,7,structured_four_line,default,0,1,1,1,1,5,0,1.0,1,cuda
phi_4_mini_instruct__arc_test_00206_9aa565bd__temp0.60__seed7,phi_4_mini_instruct,microsoft/Phi-4-mini-instruct,arc_test_00206_9aa565bd,arc,arc_challenge,arc,206,0.6,7,structured_four_line,default,0,1,1,1,1,5,0,1.0,1,cuda
phi_4_mini_instruct__arc_test_00207_426a6b0b__temp0.60__seed7,phi_4_mini_instruct,microsoft/Phi-4-mini-instruct,arc_test_00207_426a6b0b,arc,arc_challenge,arc,207,0.6,7,structured_four_line,default,0,1,1,1,1,5,0,1.0,1,cuda
phi_4_mini_instruct__arc_test_00208_e7e8e33f__temp0.60__seed7,phi_4_mini_instruct,microsoft/Phi-4-mini-instruct,arc_test_00208_e7e8e33f,arc,arc_challenge,arc,208,0.6,7,structured_four_line,default,0,0,0,1,5,2,0,0.0,0,cuda
phi_4_mini_instruct__arc_test_00209_0c33d577__temp0.60__seed7,phi_4_mini_instruct,microsoft/Phi-4-mini-instruct,arc_test_00209_0c33d577,arc,arc_challenge,arc,209,0.6,7,structured_four_line,default,0,1,1,1,1,5,0,1.0,1,cuda
phi_4_mini_instruct__arc_test_00210_3822e3fd__temp0.60__seed7,phi_4_mini_instruct,microsoft/Phi-4-mini-instruct,arc_test_00210_3822e3fd,arc,arc_challenge,arc,210,0.6,7,structured_four_line,default,0,0,0,1,5,5,0,0.0,0,cuda
phi_4_mini_instruct__arc_test_00211_313873fb__temp0.60__seed7,phi_4_mini_instruct,microsoft/Phi-4-mini-instruct,arc_test_00211_313873fb,arc,arc_challenge,arc,211,0.6,7,structured_four_line,default,0,1,1,1,1,5,0,1.0,1,cuda
phi_4_mini_instruct__arc_test_00212_d175ae79__temp0.60__seed7,phi_4_mini_instruct,microsoft/Phi-4-mini-instruct,arc_test_00212_d175ae79,arc,arc_challenge,arc,212,0.6,7,structured_four_line,default,0,1,1,1,1,5,0,1.0,1,cuda
phi_4_mini_instruct__arc_test_00213_5e4158c2__temp0.60__seed7,phi_4_mini_instruct,microsoft/Phi-4-mini-instruct,arc_test_00213_5e4158c2,arc,arc_challenge,arc,213,0.6,7,structured_four_line,default,0,1,1,1,1,5,0,1.0,1,cuda
phi_4_mini_instruct__arc_test_00214_209b3efe__temp0.60__seed7,phi_4_mini_instruct,microsoft/Phi-4-mini-instruct,arc_test_00214_209b3efe,arc,arc_challenge,arc,214,0.6,7,structured_four_line,default,0,0,0,1,5,5,0,0.0,0,cuda
phi_4_mini_instruct__arc_test_00215_be1ebc8b__temp0.60__seed7,phi_4_mini_instruct,microsoft/Phi-4-mini-instruct,arc_test_00215_be1ebc8b,arc,arc_challenge,arc,215,0.6,7,structured_four_line,default,0,1,1,1,1,5,0,1.0,1,cuda
phi_4_mini_instruct__arc_test_00216_ab4703bf__temp0.60__seed7,phi_4_mini_instruct,microsoft/Phi-4-mini-instruct,arc_test_00216_ab4703bf,arc,arc_challenge,arc,216,0.6,7,structured_four_line,default,0,1,0,2,2,5,4,0.95,0,cuda
phi_4_mini_instruct__arc_test_00217_bf4df470__temp0.60__seed7,phi_4_mini_instruct,microsoft/Phi-4-mini-instruct,arc_test_00217_bf4df470,arc,arc_challenge,arc,217,0.6,7,structured_four_line,default,0,1,1,1,1,5,0,1.0,1,cuda
phi_4_mini_instruct__arc_test_00218_46fcf61c__temp0.60__seed7,phi_4_mini_instruct,microsoft/Phi-4-mini-instruct,arc_test_00218_46fcf61c,arc,arc_challenge,arc,218,0.6,7,structured_four_line,default,0,1,1,1,1,5,0,1.0,1,cuda
phi_4_mini_instruct__arc_test_00219_c870c797__temp0.60__seed7,phi_4_mini_instruct,microsoft/Phi-4-mini-instruct,arc_test_00219_c870c797,arc,arc_challenge,arc,219,0.6,7,structured_four_line,default,0,1,1,1,1,5,0,1.0,1,cuda
phi_4_mini_instruct__arc_test_00220_097cf44e__temp0.60__seed7,phi_4_mini_instruct,microsoft/Phi-4-mini-instruct,arc_test_00220_097cf44e,arc,arc_challenge,arc,220,0.6,7,structured_four_line,default,0,1,1,1,1,5,0,1.0,1,cuda
phi_4_mini_instruct__arc_test_00221_5bd5f5b6__temp0.60__seed7,phi_4_mini_instruct,microsoft/Phi-4-mini-instruct,arc_test_00221_5bd5f5b6,arc,arc_challenge,arc,221,0.6,7,structured_four_line,default,0,1,1,1,1,4,0,1.0,1,cuda
phi_4_mini_instruct__arc_test_00222_a684f4f8__temp0.60__seed7,phi_4_mini_instruct,microsoft/Phi-4-mini-instruct,arc_test_00222_a684f4f8,arc,arc_challenge,arc,222,0.6,7,structured_four_line,default,0,1,1,1,1,3,2,1.0,1,cuda
phi_4_mini_instruct__arc_test_00223_6e7d642d__temp0.60__seed7,phi_4_mini_instruct,microsoft/Phi-4-mini-instruct,arc_test_00223_6e7d642d,arc,arc_challenge,arc,223,0.6,7,structured_four_line,default,0,1,1,1,1,5,0,1.0,1,cuda
phi_4_mini_instruct__arc_test_00224_582d24d6__temp0.60__seed7,phi_4_mini_instruct,microsoft/Phi-4-mini-instruct,arc_test_00224_582d24d6,arc,arc_challenge,arc,224,0.6,7,structured_four_line,default,0,1,1,1,1,5,0,1.0,1,cuda
phi_4_mini_instruct__arc_test_00225_da3fac34__temp0.60__seed7,phi_4_mini_instruct,microsoft/Phi-4-mini-instruct,arc_test_00225_da3fac34,arc,arc_challenge,arc,225,0.6,7,structured_four_line,default,0,1,1,1,1,5,0,1.0,1,cuda
phi_4_mini_instruct__arc_test_00226_73745ecc__temp0.60__seed7,phi_4_mini_instruct,microsoft/Phi-4-mini-instruct,arc_test_00226_73745ecc,arc,arc_challenge,arc,226,0.6,7,structured_four_line,default,0,1,1,1,1,5,0,1.0,1,cuda
phi_4_mini_instruct__arc_test_00227_01644897__temp0.60__seed7,phi_4_mini_instruct,microsoft/Phi-4-mini-instruct,arc_test_00227_01644897,arc,arc_challenge,arc,227,0.6,7,structured_four_line,default,0,1,1,1,1,5,0,1.0,1,cuda
phi_4_mini_instruct__arc_test_00228_74062832__temp0.60__seed7,phi_4_mini_instruct,microsoft/Phi-4-mini-instruct,arc_test_00228_74062832,arc,arc_challenge,arc,228,0.6,7,structured_four_line,default,0,1,1,1,1,5,0,1.0,1,cuda
phi_4_mini_instruct__arc_test_00229_791d4ee9__temp0.60__seed7,phi_4_mini_instruct,microsoft/Phi-4-mini-instruct,arc_test_00229_791d4ee9,arc,arc_challenge,arc,229,0.6,7,structured_four_line,default,0,1,1,1,1,5,0,1.0,1,cuda
phi_4_mini_instruct__arc_test_00230_c727a8e3__temp0.60__seed7,phi_4_mini_instruct,microsoft/Phi-4-mini-instruct,arc_test_00230_c727a8e3,arc,arc_challenge,arc,230,0.6,7,structured_four_line,default,0,1,1,1,1,5,2,1.0,1,cuda
phi_4_mini_instruct__arc_test_00231_c3b445e1__temp0.60__seed7,phi_4_mini_instruct,microsoft/Phi-4-mini-instruct,arc_test_00231_c3b445e1,arc,arc_challenge,arc,231,0.6,7,structured_four_line,default,0,1,1,1,1,5,0,1.0,1,cuda
phi_4_mini_instruct__arc_test_00232_9c0acfca__temp0.60__seed7,phi_4_mini_instruct,microsoft/Phi-4-mini-instruct,arc_test_00232_9c0acfca,arc,arc_challenge,arc,232,0.6,7,structured_four_line,default,0,1,1,1,1,5,0,1.0,1,cuda
phi_4_mini_instruct__arc_test_00233_1a5e4054__temp0.60__seed7,phi_4_mini_instruct,microsoft/Phi-4-mini-instruct,arc_test_00233_1a5e4054,arc,arc_challenge,arc,233,0.6,7,structured_four_line,default,0,1,1,1,1,5,0,1.0,1,cuda
phi_4_mini_instruct__arc_test_00234_34339fc0__temp0.60__seed7,phi_4_mini_instruct,microsoft/Phi-4-mini-instruct,arc_test_00234_34339fc0,arc,arc_challenge,arc,234,0.6,7,structured_four_line,default,0,0,0,1,5,5,1,0.0,0,cuda
phi_4_mini_instruct__arc_test_00235_f711fc61__temp0.60__seed7,phi_4_mini_instruct,microsoft/Phi-4-mini-instruct,arc_test_00235_f711fc61,arc,arc_challenge,arc,235,0.6,7,structured_four_line,default,0,1,1,1,1,5,0,1.0,1,cuda
phi_4_mini_instruct__arc_test_00236_512aedd1__temp0.60__seed7,phi_4_mini_instruct,microsoft/Phi-4-mini-instruct,arc_test_00236_512aedd1,arc,arc_challenge,arc,236,0.6,7,structured_four_line,default,0,1,0,2,2,5,1,0.95,1,cuda
phi_4_mini_instruct__arc_test_00237_397f6822__temp0.60__seed7,phi_4_mini_instruct,microsoft/Phi-4-mini-instruct,arc_test_00237_397f6822,arc,arc_challenge,arc,237,0.6,7,structured_four_line,default,0,1,1,1,1,5,0,1.0,1,cuda
phi_4_mini_instruct__arc_test_00238_694f40e1__temp0.60__seed7,phi_4_mini_instruct,microsoft/Phi-4-mini-instruct,arc_test_00238_694f40e1,arc,arc_challenge,arc,238,0.6,7,structured_four_line,default,0,1,1,1,1,5,0,1.0,1,cuda
phi_4_mini_instruct__arc_test_00239_e856ec75__temp0.60__seed7,phi_4_mini_instruct,microsoft/Phi-4-mini-instruct,arc_test_00239_e856ec75,arc,arc_challenge,arc,239,0.6,7,structured_four_line,default,0,0,0,1,5,5,0,0.0,0,cuda
phi_4_mini_instruct__arc_test_00240_6adb9c73__temp0.60__seed7,phi_4_mini_instruct,microsoft/Phi-4-mini-instruct,arc_test_00240_6adb9c73,arc,arc_challenge,arc,240,0.6,7,structured_four_line,default,0,1,1,1,1,5,0,1.0,1,cuda
phi_4_mini_instruct__arc_test_00241_aea7337b__temp0.60__seed7,phi_4_mini_instruct,microsoft/Phi-4-mini-instruct,arc_test_00241_aea7337b,arc,arc_challenge,arc,241,0.6,7,structured_four_line,default,0,1,1,1,1,5,0,1.0,1,cuda
phi_4_mini_instruct__arc_test_00242_ee3950c7__temp0.60__seed7,phi_4_mini_instruct,microsoft/Phi-4-mini-instruct,arc_test_00242_ee3950c7,arc,arc_challenge,arc,242,0.6,7,structured_four_line,default,0,1,1,1,1,5,0,1.0,1,cuda
phi_4_mini_instruct__arc_test_00243_090c01fc__temp0.60__seed7,phi_4_mini_instruct,microsoft/Phi-4-mini-instruct,arc_test_00243_090c01fc,arc,arc_challenge,arc,243,0.6,7,structured_four_line,default,0,1,0,3,3,5,4,0.9,0,cuda
phi_4_mini_instruct__arc_test_00244_eac3cb67__temp0.60__seed7,phi_4_mini_instruct,microsoft/Phi-4-mini-instruct,arc_test_00244_eac3cb67,arc,arc_challenge,arc,244,0.6,7,structured_four_line,default,0,1,1,1,1,5,0,1.0,1,cuda
phi_4_mini_instruct__arc_test_00245_e7db20d6__temp0.60__seed7,phi_4_mini_instruct,microsoft/Phi-4-mini-instruct,arc_test_00245_e7db20d6,arc,arc_challenge,arc,245,0.6,7,structured_four_line,default,0,1,1,1,1,5,0,1.0,1,cuda
phi_4_mini_instruct__arc_test_00246_a4dca82a__temp0.60__seed7,phi_4_mini_instruct,microsoft/Phi-4-mini-instruct,arc_test_00246_a4dca82a,arc,arc_challenge,arc,246,0.6,7,structured_four_line,default,0,1,0,5,5,5,1,0.8,1,cuda
phi_4_mini_instruct__arc_test_00247_26a37da4__temp0.60__seed7,phi_4_mini_instruct,microsoft/Phi-4-mini-instruct,arc_test_00247_26a37da4,arc,arc_challenge,arc,247,0.6,7,structured_four_line,default,0,1,1,1,1,5,0,1.0,1,cuda
phi_4_mini_instruct__arc_test_00248_e837902f__temp0.60__seed7,phi_4_mini_instruct,microsoft/Phi-4-mini-instruct,arc_test_00248_e837902f,arc,arc_challenge,arc,248,0.6,7,structured_four_line,default,0,1,1,1,1,5,0,1.0,1,cuda
phi_4_mini_instruct__arc_test_00249_d6f66ee0__temp0.60__seed7,phi_4_mini_instruct,microsoft/Phi-4-mini-instruct,arc_test_00249_d6f66ee0,arc,arc_challenge,arc,249,0.6,7,structured_four_line,default,0,1,1,1,1,5,0,1.0,1,cuda
phi_4_mini_instruct__arc_test_00250_f494c296__temp0.60__seed7,phi_4_mini_instruct,microsoft/Phi-4-mini-instruct,arc_test_00250_f494c296,arc,arc_challenge,arc,250,0.6,7,structured_four_line,default,0,1,1,1,1,5,0,1.0,1,cuda
phi_4_mini_instruct__arc_test_00251_80eac29b__temp0.60__seed7,phi_4_mini_instruct,microsoft/Phi-4-mini-instruct,arc_test_00251_80eac29b,arc,arc_challenge,arc,251,0.6,7,structured_four_line,default,0,1,1,1,1,5,0,1.0,1,cuda
phi_4_mini_instruct__arc_test_00252_e5585101__temp0.60__seed7,phi_4_mini_instruct,microsoft/Phi-4-mini-instruct,arc_test_00252_e5585101,arc,arc_challenge,arc,252,0.6,7,structured_four_line,default,0,1,1,1,1,5,0,1.0,1,cuda
phi_4_mini_instruct__arc_test_00253_8b812a8a__temp0.60__seed7,phi_4_mini_instruct,microsoft/Phi-4-mini-instruct,arc_test_00253_8b812a8a,arc,arc_challenge,arc,253,0.6,7,structured_four_line,default,0,1,1,1,1,5,0,1.0,1,cuda
phi_4_mini_instruct__arc_test_00254_992b459f__temp0.60__seed7,phi_4_mini_instruct,microsoft/Phi-4-mini-instruct,arc_test_00254_992b459f,arc,arc_challenge,arc,254,0.6,7,structured_four_line,default,0,1,1,1,1,5,0,1.0,1,cuda
phi_4_mini_instruct__arc_test_00255_ab08e434__temp0.60__seed7,phi_4_mini_instruct,microsoft/Phi-4-mini-instruct,arc_test_00255_ab08e434,arc,arc_challenge,arc,255,0.6,7,structured_four_line,default,0,1,1,1,1,5,0,1.0,1,cuda
phi_4_mini_instruct__arc_test_00256_73563be9__temp0.60__seed7,phi_4_mini_instruct,microsoft/Phi-4-mini-instruct,arc_test_00256_73563be9,arc,arc_challenge,arc,256,0.6,7,structured_four_line,default,0,1,1,1,1,5,2,1.0,1,cuda
phi_4_mini_instruct__arc_test_00257_01acf152__temp0.60__seed7,phi_4_mini_instruct,microsoft/Phi-4-mini-instruct,arc_test_00257_01acf152,arc,arc_challenge,arc,257,0.6,7,structured_four_line,default,0,1,1,1,1,5,0,1.0,1,cuda
phi_4_mini_instruct__arc_test_00258_6a879ef1__temp0.60__seed7,phi_4_mini_instruct,microsoft/Phi-4-mini-instruct,arc_test_00258_6a879ef1,arc,arc_challenge,arc,258,0.6,7,structured_four_line,default,0,0,0,1,5,5,2,0.0,0,cuda
phi_4_mini_instruct__arc_test_00259_6493bd62__temp0.60__seed7,phi_4_mini_instruct,microsoft/Phi-4-mini-instruct,arc_test_00259_6493bd62,arc,arc_challenge,arc,259,0.6,7,structured_four_line,default,0,1,1,1,1,5,0,1.0,1,cuda
phi_4_mini_instruct__arc_test_00260_9c369e3f__temp0.60__seed7,phi_4_mini_instruct,microsoft/Phi-4-mini-instruct,arc_test_00260_9c369e3f,arc,arc_challenge,arc,260,0.6,7,structured_four_line,default,0,1,1,1,1,5,2,1.0,1,cuda
phi_4_mini_instruct__arc_test_00261_bd91b0d2__temp0.60__seed7,phi_4_mini_instruct,microsoft/Phi-4-mini-instruct,arc_test_00261_bd91b0d2,arc,arc_challenge,arc,261,0.6,7,structured_four_line,default,0,1,1,1,1,5,0,1.0,1,cuda
phi_4_mini_instruct__arc_test_00262_378e4c2d__temp0.60__seed7,phi_4_mini_instruct,microsoft/Phi-4-mini-instruct,arc_test_00262_378e4c2d,arc,arc_challenge,arc,262,0.6,7,structured_four_line,default,0,1,1,1,1,5,0,1.0,1,cuda
phi_4_mini_instruct__arc_test_00263_1ca9e9de__temp0.60__seed7,phi_4_mini_instruct,microsoft/Phi-4-mini-instruct,arc_test_00263_1ca9e9de,arc,arc_challenge,arc,263,0.6,7,structured_four_line,default,0,1,1,1,1,5,0,1.0,1,cuda
phi_4_mini_instruct__arc_test_00264_dda0b59d__temp0.60__seed7,phi_4_mini_instruct,microsoft/Phi-4-mini-instruct,arc_test_00264_dda0b59d,arc,arc_challenge,arc,264,0.6,7,structured_four_line,default,0,0,0,1,5,5,0,0.0,0,cuda
phi_4_mini_instruct__arc_test_00265_1d1eed16__temp0.60__seed7,phi_4_mini_instruct,microsoft/Phi-4-mini-instruct,arc_test_00265_1d1eed16,arc,arc_challenge,arc,265,0.6,7,structured_four_line,default,0,1,1,1,1,2,0,1.0,1,cuda
phi_4_mini_instruct__arc_test_00266_d59e88fe__temp0.60__seed7,phi_4_mini_instruct,microsoft/Phi-4-mini-instruct,arc_test_00266_d59e88fe,arc,arc_challenge,arc,266,0.6,7,structured_four_line,default,0,1,1,1,1,5,0,1.0,1,cuda
phi_4_mini_instruct__arc_test_00267_0f835ed5__temp0.60__seed7,phi_4_mini_instruct,microsoft/Phi-4-mini-instruct,arc_test_00267_0f835ed5,arc,arc_challenge,arc,267,0.6,7,structured_four_line,default,0,0,0,1,5,5,0,0.0,0,cuda
phi_4_mini_instruct__arc_test_00268_5b12089f__temp0.60__seed7,phi_4_mini_instruct,microsoft/Phi-4-mini-instruct,arc_test_00268_5b12089f,arc,arc_challenge,arc,268,0.6,7,structured_four_line,default,0,1,0,2,2,5,2,0.95,0,cuda
phi_4_mini_instruct__arc_test_00269_7ee8bce6__temp0.60__seed7,phi_4_mini_instruct,microsoft/Phi-4-mini-instruct,arc_test_00269_7ee8bce6,arc,arc_challenge,arc,269,0.6,7,structured_four_line,default,0,1,1,1,1,5,0,1.0,1,cuda
phi_4_mini_instruct__arc_test_00270_9797a61e__temp0.60__seed7,phi_4_mini_instruct,microsoft/Phi-4-mini-instruct,arc_test_00270_9797a61e,arc,arc_challenge,arc,270,0.6,7,structured_four_line,default,0,1,1,1,1,5,0,1.0,1,cuda
phi_4_mini_instruct__arc_test_00271_dc9048d3__temp0.60__seed7,phi_4_mini_instruct,microsoft/Phi-4-mini-instruct,arc_test_00271_dc9048d3,arc,arc_challenge,arc,271,0.6,7,structured_four_line,default,0,1,1,1,1,5,2,1.0,1,cuda
phi_4_mini_instruct__arc_test_00272_ee17c4c8__temp0.60__seed7,phi_4_mini_instruct,microsoft/Phi-4-mini-instruct,arc_test_00272_ee17c4c8,arc,arc_challenge,arc,272,0.6,7,structured_four_line,default,0,0,0,1,5,5,1,0.0,0,cuda
phi_4_mini_instruct__arc_test_00273_b997fd4e__temp0.60__seed7,phi_4_mini_instruct,microsoft/Phi-4-mini-instruct,arc_test_00273_b997fd4e,arc,arc_challenge,arc,273,0.6,7,structured_four_line,default,0,1,1,1,1,5,3,1.0,0,cuda
phi_4_mini_instruct__arc_test_00274_a74e5699__temp0.60__seed7,phi_4_mini_instruct,microsoft/Phi-4-mini-instruct,arc_test_00274_a74e5699,arc,arc_challenge,arc,274,0.6,7,structured_four_line,default,0,1,1,1,1,5,0,1.0,1,cuda
phi_4_mini_instruct__arc_test_00275_596151c2__temp0.60__seed7,phi_4_mini_instruct,microsoft/Phi-4-mini-instruct,arc_test_00275_596151c2,arc,arc_challenge,arc,275,0.6,7,structured_four_line,default,0,1,1,1,1,5,0,1.0,1,cuda
phi_4_mini_instruct__arc_test_00276_c2cefe09__temp0.60__seed7,phi_4_mini_instruct,microsoft/Phi-4-mini-instruct,arc_test_00276_c2cefe09,arc,arc_challenge,arc,276,0.6,7,structured_four_line,default,0,1,1,1,1,5,0,1.0,1,cuda
phi_4_mini_instruct__arc_test_00277_9faf8219__temp0.60__seed7,phi_4_mini_instruct,microsoft/Phi-4-mini-instruct,arc_test_00277_9faf8219,arc,arc_challenge,arc,277,0.6,7,structured_four_line,default,0,1,1,1,1,5,0,1.0,1,cuda
phi_4_mini_instruct__arc_test_00278_8fc1e732__temp0.60__seed7,phi_4_mini_instruct,microsoft/Phi-4-mini-instruct,arc_test_00278_8fc1e732,arc,arc_challenge,arc,278,0.6,7,structured_four_line,default,0,1,1,1,1,5,0,1.0,1,cuda
phi_4_mini_instruct__arc_test_00279_890033b7__temp0.60__seed7,phi_4_mini_instruct,microsoft/Phi-4-mini-instruct,arc_test_00279_890033b7,arc,arc_challenge,arc,279,0.6,7,structured_four_line,default,0,1,1,1,1,5,0,1.0,1,cuda
phi_4_mini_instruct__arc_test_00280_6086acb4__temp0.60__seed7,phi_4_mini_instruct,microsoft/Phi-4-mini-instruct,arc_test_00280_6086acb4,arc,arc_challenge,arc,280,0.6,7,structured_four_line,default,0,1,0,2,2,5,1,0.95,1,cuda
phi_4_mini_instruct__arc_test_00281_3edf5f7c__temp0.60__seed7,phi_4_mini_instruct,microsoft/Phi-4-mini-instruct,arc_test_00281_3edf5f7c,arc,arc_challenge,arc,281,0.6,7,structured_four_line,default,0,1,1,1,1,5,0,1.0,1,cuda
phi_4_mini_instruct__arc_test_00282_18a50a3d__temp0.60__seed7,phi_4_mini_instruct,microsoft/Phi-4-mini-instruct,arc_test_00282_18a50a3d,arc,arc_challenge,arc,282,0.6,7,structured_four_line,default,0,1,1,1,1,5,0,1.0,1,cuda
phi_4_mini_instruct__arc_test_00283_9f2902d5__temp0.60__seed7,phi_4_mini_instruct,microsoft/Phi-4-mini-instruct,arc_test_00283_9f2902d5,arc,arc_challenge,arc,283,0.6,7,structured_four_line,default,0,1,1,1,1,5,0,1.0,1,cuda
phi_4_mini_instruct__arc_test_00284_10cb5673__temp0.60__seed7,phi_4_mini_instruct,microsoft/Phi-4-mini-instruct,arc_test_00284_10cb5673,arc,arc_challenge,arc,284,0.6,7,structured_four_line,default,0,0,0,1,5,1,0,0.0,0,cuda
phi_4_mini_instruct__arc_test_00285_d40e9f15__temp0.60__seed7,phi_4_mini_instruct,microsoft/Phi-4-mini-instruct,arc_test_00285_d40e9f15,arc,arc_challenge,arc,285,0.6,7,structured_four_line,default,0,1,1,1,1,5,0,1.0,1,cuda
phi_4_mini_instruct__arc_test_00286_0773fa77__temp0.60__seed7,phi_4_mini_instruct,microsoft/Phi-4-mini-instruct,arc_test_00286_0773fa77,arc,arc_challenge,arc,286,0.6,7,structured_four_line,default,0,1,1,1,1,5,0,1.0,1,cuda
phi_4_mini_instruct__arc_test_00287_19839f07__temp0.60__seed7,phi_4_mini_instruct,microsoft/Phi-4-mini-instruct,arc_test_00287_19839f07,arc,arc_challenge,arc,287,0.6,7,structured_four_line,default,0,1,1,1,1,5,0,1.0,1,cuda
phi_4_mini_instruct__arc_test_00288_e90a5f0c__temp0.60__seed7,phi_4_mini_instruct,microsoft/Phi-4-mini-instruct,arc_test_00288_e90a5f0c,arc,arc_challenge,arc,288,0.6,7,structured_four_line,default,0,0,0,1,5,5,0,0.0,0,cuda
phi_4_mini_instruct__arc_test_00289_a783fa79__temp0.60__seed7,phi_4_mini_instruct,microsoft/Phi-4-mini-instruct,arc_test_00289_a783fa79,arc,arc_challenge,arc,289,0.6,7,structured_four_line,default,0,1,1,1,1,5,0,1.0,1,cuda
phi_4_mini_instruct__arc_test_00290_cda60f09__temp0.60__seed7,phi_4_mini_instruct,microsoft/Phi-4-mini-instruct,arc_test_00290_cda60f09,arc,arc_challenge,arc,290,0.6,7,structured_four_line,default,0,1,0,4,4,4,4,0.85,0,cuda
phi_4_mini_instruct__arc_test_00291_3092c86e__temp0.60__seed7,phi_4_mini_instruct,microsoft/Phi-4-mini-instruct,arc_test_00291_3092c86e,arc,arc_challenge,arc,291,0.6,7,structured_four_line,default,0,1,1,1,1,5,0,1.0,1,cuda
phi_4_mini_instruct__arc_test_00292_73ead151__temp0.60__seed7,phi_4_mini_instruct,microsoft/Phi-4-mini-instruct,arc_test_00292_73ead151,arc,arc_challenge,arc,292,0.6,7,structured_four_line,default,0,1,1,1,1,3,0,1.0,1,cuda
phi_4_mini_instruct__arc_test_00293_970b4fd6__temp0.60__seed7,phi_4_mini_instruct,microsoft/Phi-4-mini-instruct,arc_test_00293_970b4fd6,arc,arc_challenge,arc,293,0.6,7,structured_four_line,default,0,1,0,2,2,5,1,0.95,1,cuda
phi_4_mini_instruct__arc_test_00294_062a3bf2__temp0.60__seed7,phi_4_mini_instruct,microsoft/Phi-4-mini-instruct,arc_test_00294_062a3bf2,arc,arc_challenge,arc,294,0.6,7,structured_four_line,default,0,1,1,1,1,5,0,1.0,1,cuda
phi_4_mini_instruct__arc_test_00295_f0549092__temp0.60__seed7,phi_4_mini_instruct,microsoft/Phi-4-mini-instruct,arc_test_00295_f0549092,arc,arc_challenge,arc,295,0.6,7,structured_four_line,default,0,0,0,1,5,5,2,0.0,0,cuda
phi_4_mini_instruct__arc_test_00296_629ab988__temp0.60__seed7,phi_4_mini_instruct,microsoft/Phi-4-mini-instruct,arc_test_00296_629ab988,arc,arc_challenge,arc,296,0.6,7,structured_four_line,default,0,1,1,1,1,3,1,1.0,0,cuda
phi_4_mini_instruct__arc_test_00297_8696a932__temp0.60__seed7,phi_4_mini_instruct,microsoft/Phi-4-mini-instruct,arc_test_00297_8696a932,arc,arc_challenge,arc,297,0.6,7,structured_four_line,default,0,1,1,1,1,5,0,1.0,1,cuda
phi_4_mini_instruct__arc_test_00298_3258495d__temp0.60__seed7,phi_4_mini_instruct,microsoft/Phi-4-mini-instruct,arc_test_00298_3258495d,arc,arc_challenge,arc,298,0.6,7,structured_four_line,default,0,1,1,1,1,5,0,1.0,1,cuda
phi_4_mini_instruct__arc_test_00299_511f7585__temp0.60__seed7,phi_4_mini_instruct,microsoft/Phi-4-mini-instruct,arc_test_00299_511f7585,arc,arc_challenge,arc,299,0.6,7,structured_four_line,default,0,0,0,1,5,5,0,0.0,0,cuda
phi_4_mini_instruct__arc_test_00300_2adf3ed7__temp0.60__seed7,phi_4_mini_instruct,microsoft/Phi-4-mini-instruct,arc_test_00300_2adf3ed7,arc,arc_challenge,arc,300,0.6,7,structured_four_line,default,0,1,1,1,1,4,2,1.0,1,cuda
phi_4_mini_instruct__arc_test_00301_71f149ab__temp0.60__seed7,phi_4_mini_instruct,microsoft/Phi-4-mini-instruct,arc_test_00301_71f149ab,arc,arc_challenge,arc,301,0.6,7,structured_four_line,default,0,1,1,1,1,1,0,1.0,1,cuda
phi_4_mini_instruct__arc_test_00302_067ef958__temp0.60__seed7,phi_4_mini_instruct,microsoft/Phi-4-mini-instruct,arc_test_00302_067ef958,arc,arc_challenge,arc,302,0.6,7,structured_four_line,default,0,1,1,1,1,5,0,1.0,1,cuda
phi_4_mini_instruct__arc_test_00303_5f214f65__temp0.60__seed7,phi_4_mini_instruct,microsoft/Phi-4-mini-instruct,arc_test_00303_5f214f65,arc,arc_challenge,arc,303,0.6,7,structured_four_line,default,0,0,0,1,5,5,0,0.0,0,cuda
phi_4_mini_instruct__arc_test_00304_68a61690__temp0.60__seed7,phi_4_mini_instruct,microsoft/Phi-4-mini-instruct,arc_test_00304_68a61690,arc,arc_challenge,arc,304,0.6,7,structured_four_line,default,0,1,1,1,1,5,0,1.0,1,cuda
phi_4_mini_instruct__arc_test_00305_b8a94dee__temp0.60__seed7,phi_4_mini_instruct,microsoft/Phi-4-mini-instruct,arc_test_00305_b8a94dee,arc,arc_challenge,arc,305,0.6,7,structured_four_line,default,0,1,1,1,1,5,0,1.0,1,cuda
phi_4_mini_instruct__arc_test_00306_569880d5__temp0.60__seed7,phi_4_mini_instruct,microsoft/Phi-4-mini-instruct,arc_test_00306_569880d5,arc,arc_challenge,arc,306,0.6,7,structured_four_line,default,0,1,1,1,1,5,0,1.0,1,cuda
phi_4_mini_instruct__arc_test_00307_342fce9a__temp0.60__seed7,phi_4_mini_instruct,microsoft/Phi-4-mini-instruct,arc_test_00307_342fce9a,arc,arc_challenge,arc,307,0.6,7,structured_four_line,default,0,1,1,1,1,5,0,1.0,1,cuda
phi_4_mini_instruct__arc_test_00308_7c35de8f__temp0.60__seed7,phi_4_mini_instruct,microsoft/Phi-4-mini-instruct,arc_test_00308_7c35de8f,arc,arc_challenge,arc,308,0.6,7,structured_four_line,default,0,0,0,1,5,5,2,0.0,0,cuda
phi_4_mini_instruct__arc_test_00309_2326f22b__temp0.60__seed7,phi_4_mini_instruct,microsoft/Phi-4-mini-instruct,arc_test_00309_2326f22b,arc,arc_challenge,arc,309,0.6,7,structured_four_line,default,0,1,1,1,1,5,2,1.0,1,cuda
phi_4_mini_instruct__arc_test_00310_d803e449__temp0.60__seed7,phi_4_mini_instruct,microsoft/Phi-4-mini-instruct,arc_test_00310_d803e449,arc,arc_challenge,arc,310,0.6,7,structured_four_line,default,0,1,1,1,1,5,1,1.0,0,cuda
phi_4_mini_instruct__arc_test_00311_22e258f1__temp0.60__seed7,phi_4_mini_instruct,microsoft/Phi-4-mini-instruct,arc_test_00311_22e258f1,arc,arc_challenge,arc,311,0.6,7,structured_four_line,default,0,1,0,2,2,5,1,0.95,1,cuda
phi_4_mini_instruct__arc_test_00312_46de9ba7__temp0.60__seed7,phi_4_mini_instruct,microsoft/Phi-4-mini-instruct,arc_test_00312_46de9ba7,arc,arc_challenge,arc,312,0.6,7,structured_four_line,default,0,1,1,1,1,5,1,1.0,1,cuda
phi_4_mini_instruct__arc_test_00313_6a647b21__temp0.60__seed7,phi_4_mini_instruct,microsoft/Phi-4-mini-instruct,arc_test_00313_6a647b21,arc,arc_challenge,arc,313,0.6,7,structured_four_line,default,0,1,1,1,1,5,0,1.0,1,cuda
phi_4_mini_instruct__arc_test_00314_c9337b20__temp0.60__seed7,phi_4_mini_instruct,microsoft/Phi-4-mini-instruct,arc_test_00314_c9337b20,arc,arc_challenge,arc,314,0.6,7,structured_four_line,default,0,1,1,1,1,5,0,1.0,1,cuda
phi_4_mini_instruct__arc_test_00315_04264bf6__temp0.60__seed7,phi_4_mini_instruct,microsoft/Phi-4-mini-instruct,arc_test_00315_04264bf6,arc,arc_challenge,arc,315,0.6,7,structured_four_line,default,0,1,0,2,2,5,1,0.95,1,cuda
phi_4_mini_instruct__arc_test_00316_3de47e95__temp0.60__seed7,phi_4_mini_instruct,microsoft/Phi-4-mini-instruct,arc_test_00316_3de47e95,arc,arc_challenge,arc,316,0.6,7,structured_four_line,default,0,1,1,1,1,5,0,1.0,1,cuda
phi_4_mini_instruct__arc_test_00317_6f9be3d9__temp0.60__seed7,phi_4_mini_instruct,microsoft/Phi-4-mini-instruct,arc_test_00317_6f9be3d9,arc,arc_challenge,arc,317,0.6,7,structured_four_line,default,0,0,0,1,5,5,0,0.0,0,cuda
phi_4_mini_instruct__arc_test_00318_3f0be9a6__temp0.60__seed7,phi_4_mini_instruct,microsoft/Phi-4-mini-instruct,arc_test_00318_3f0be9a6,arc,arc_challenge,arc,318,0.6,7,structured_four_line,default,0,1,1,1,1,5,0,1.0,1,cuda
phi_4_mini_instruct__arc_test_00319_9b046cae__temp0.60__seed7,phi_4_mini_instruct,microsoft/Phi-4-mini-instruct,arc_test_00319_9b046cae,arc,arc_challenge,arc,319,0.6,7,structured_four_line,default,0,1,1,1,1,5,0,1.0,1,cuda
phi_4_mini_instruct__arc_test_00320_46d19bd1__temp0.60__seed7,phi_4_mini_instruct,microsoft/Phi-4-mini-instruct,arc_test_00320_46d19bd1,arc,arc_challenge,arc,320,0.6,7,structured_four_line,default,0,1,1,1,1,5,0,1.0,1,cuda
phi_4_mini_instruct__arc_test_00321_443c5c74__temp0.60__seed7,phi_4_mini_instruct,microsoft/Phi-4-mini-instruct,arc_test_00321_443c5c74,arc,arc_challenge,arc,321,0.6,7,structured_four_line,default,0,0,0,1,5,5,0,0.0,0,cuda
phi_4_mini_instruct__arc_test_00322_a862010b__temp0.60__seed7,phi_4_mini_instruct,microsoft/Phi-4-mini-instruct,arc_test_00322_a862010b,arc,arc_challenge,arc,322,0.6,7,structured_four_line,default,0,1,1,1,1,5,2,1.0,0,cuda
phi_4_mini_instruct__arc_test_00323_1d6a50b8__temp0.60__seed7,phi_4_mini_instruct,microsoft/Phi-4-mini-instruct,arc_test_00323_1d6a50b8,arc,arc_challenge,arc,323,0.6,7,structured_four_line,default,0,1,1,1,1,5,0,1.0,1,cuda
phi_4_mini_instruct__arc_test_00324_f52c20ae__temp0.60__seed7,phi_4_mini_instruct,microsoft/Phi-4-mini-instruct,arc_test_00324_f52c20ae,arc,arc_challenge,arc,324,0.6,7,structured_four_line,default,0,1,1,1,1,5,2,1.0,1,cuda
phi_4_mini_instruct__arc_test_00325_3a2e8dd5__temp0.60__seed7,phi_4_mini_instruct,microsoft/Phi-4-mini-instruct,arc_test_00325_3a2e8dd5,arc,arc_challenge,arc,325,0.6,7,structured_four_line,default,0,1,1,1,1,5,0,1.0,1,cuda
phi_4_mini_instruct__arc_test_00326_e67c5fe9__temp0.60__seed7,phi_4_mini_instruct,microsoft/Phi-4-mini-instruct,arc_test_00326_e67c5fe9,arc,arc_challenge,arc,326,0.6,7,structured_four_line,default,0,1,1,1,1,5,0,1.0,1,cuda
phi_4_mini_instruct__arc_test_00327_5805f8ad__temp0.60__seed7,phi_4_mini_instruct,microsoft/Phi-4-mini-instruct,arc_test_00327_5805f8ad,arc,arc_challenge,arc,327,0.6,7,structured_four_line,default,0,0,0,1,5,5,0,0.0,0,cuda
phi_4_mini_instruct__arc_test_00328_5d8bd275__temp0.60__seed7,phi_4_mini_instruct,microsoft/Phi-4-mini-instruct,arc_test_00328_5d8bd275,arc,arc_challenge,arc,328,0.6,7,structured_four_line,default,0,1,1,1,1,5,0,1.0,1,cuda
phi_4_mini_instruct__arc_test_00329_a05816f6__temp0.60__seed7,phi_4_mini_instruct,microsoft/Phi-4-mini-instruct,arc_test_00329_a05816f6,arc,arc_challenge,arc,329,0.6,7,structured_four_line,default,0,1,1,1,1,5,0,1.0,1,cuda
phi_4_mini_instruct__arc_test_00330_f3d05923__temp0.60__seed7,phi_4_mini_instruct,microsoft/Phi-4-mini-instruct,arc_test_00330_f3d05923,arc,arc_challenge,arc,330,0.6,7,structured_four_line,default,0,1,1,1,1,5,0,1.0,1,cuda
phi_4_mini_instruct__arc_test_00331_921d7c59__temp0.60__seed7,phi_4_mini_instruct,microsoft/Phi-4-mini-instruct,arc_test_00331_921d7c59,arc,arc_challenge,arc,331,0.6,7,structured_four_line,default,0,1,1,1,1,5,0,1.0,1,cuda
phi_4_mini_instruct__arc_test_00332_1ef5ad04__temp0.60__seed7,phi_4_mini_instruct,microsoft/Phi-4-mini-instruct,arc_test_00332_1ef5ad04,arc,arc_challenge,arc,332,0.6,7,structured_four_line,default,0,1,1,1,1,5,0,1.0,1,cuda
phi_4_mini_instruct__arc_test_00333_eb9e5ddb__temp0.60__seed7,phi_4_mini_instruct,microsoft/Phi-4-mini-instruct,arc_test_00333_eb9e5ddb,arc,arc_challenge,arc,333,0.6,7,structured_four_line,default,0,1,1,1,1,5,0,1.0,1,cuda
phi_4_mini_instruct__arc_test_00334_39cea5b1__temp0.60__seed7,phi_4_mini_instruct,microsoft/Phi-4-mini-instruct,arc_test_00334_39cea5b1,arc,arc_challenge,arc,334,0.6,7,structured_four_line,default,0,0,0,1,5,5,0,0.0,0,cuda
phi_4_mini_instruct__arc_test_00335_d093b0cc__temp0.60__seed7,phi_4_mini_instruct,microsoft/Phi-4-mini-instruct,arc_test_00335_d093b0cc,arc,arc_challenge,arc,335,0.6,7,structured_four_line,default,0,1,1,1,1,5,0,1.0,1,cuda
phi_4_mini_instruct__arc_test_00336_9c0a7cb1__temp0.60__seed7,phi_4_mini_instruct,microsoft/Phi-4-mini-instruct,arc_test_00336_9c0a7cb1,arc,arc_challenge,arc,336,0.6,7,structured_four_line,default,0,1,1,1,1,5,0,1.0,1,cuda
phi_4_mini_instruct__arc_test_00337_bfd04e06__temp0.60__seed7,phi_4_mini_instruct,microsoft/Phi-4-mini-instruct,arc_test_00337_bfd04e06,arc,arc_challenge,arc,337,0.6,7,structured_four_line,default,0,1,1,1,1,5,0,1.0,1,cuda
phi_4_mini_instruct__arc_test_00338_e8c12e79__temp0.60__seed7,phi_4_mini_instruct,microsoft/Phi-4-mini-instruct,arc_test_00338_e8c12e79,arc,arc_challenge,arc,338,0.6,7,structured_four_line,default,0,1,1,1,1,1,0,1.0,1,cuda
phi_4_mini_instruct__arc_test_00339_73c46b12__temp0.60__seed7,phi_4_mini_instruct,microsoft/Phi-4-mini-instruct,arc_test_00339_73c46b12,arc,arc_challenge,arc,339,0.6,7,structured_four_line,default,0,1,1,1,1,5,0,1.0,1,cuda
phi_4_mini_instruct__arc_test_00340_261864e1__temp0.60__seed7,phi_4_mini_instruct,microsoft/Phi-4-mini-instruct,arc_test_00340_261864e1,arc,arc_challenge,arc,340,0.6,7,structured_four_line,default,0,1,1,1,1,5,0,1.0,1,cuda
phi_4_mini_instruct__arc_test_00341_7ea29d45__temp0.60__seed7,phi_4_mini_instruct,microsoft/Phi-4-mini-instruct,arc_test_00341_7ea29d45,arc,arc_challenge,arc,341,0.6,7,structured_four_line,default,0,1,1,1,1,5,1,1.0,1,cuda
phi_4_mini_instruct__arc_test_00342_80337fed__temp0.60__seed7,phi_4_mini_instruct,microsoft/Phi-4-mini-instruct,arc_test_00342_80337fed,arc,arc_challenge,arc,342,0.6,7,structured_four_line,default,0,1,1,1,1,1,0,1.0,1,cuda
phi_4_mini_instruct__arc_test_00343_7abc93de__temp0.60__seed7,phi_4_mini_instruct,microsoft/Phi-4-mini-instruct,arc_test_00343_7abc93de,arc,arc_challenge,arc,343,0.6,7,structured_four_line,default,0,1,1,1,1,1,0,1.0,1,cuda
phi_4_mini_instruct__arc_test_00344_84bb146b__temp0.60__seed7,phi_4_mini_instruct,microsoft/Phi-4-mini-instruct,arc_test_00344_84bb146b,arc,arc_challenge,arc,344,0.6,7,structured_four_line,default,0,1,1,1,1,5,0,1.0,1,cuda
phi_4_mini_instruct__arc_test_00345_8d933cd2__temp0.60__seed7,phi_4_mini_instruct,microsoft/Phi-4-mini-instruct,arc_test_00345_8d933cd2,arc,arc_challenge,arc,345,0.6,7,structured_four_line,default,0,1,1,1,1,5,0,1.0,1,cuda
phi_4_mini_instruct__arc_test_00346_08326f7e__temp0.60__seed7,phi_4_mini_instruct,microsoft/Phi-4-mini-instruct,arc_test_00346_08326f7e,arc,arc_challenge,arc,346,0.6,7,structured_four_line,default,0,1,0,2,2,5,2,0.95,0,cuda
phi_4_mini_instruct__arc_test_00347_700060bd__temp0.60__seed7,phi_4_mini_instruct,microsoft/Phi-4-mini-instruct,arc_test_00347_700060bd,arc,arc_challenge,arc,347,0.6,7,structured_four_line,default,0,1,1,1,1,5,0,1.0,1,cuda
phi_4_mini_instruct__arc_test_00348_1581a6bc__temp0.60__seed7,phi_4_mini_instruct,microsoft/Phi-4-mini-instruct,arc_test_00348_1581a6bc,arc,arc_challenge,arc,348,0.6,7,structured_four_line,default,0,1,1,1,1,5,0,1.0,1,cuda
phi_4_mini_instruct__arc_test_00349_2d015f04__temp0.60__seed7,phi_4_mini_instruct,microsoft/Phi-4-mini-instruct,arc_test_00349_2d015f04,arc,arc_challenge,arc,349,0.6,7,structured_four_line,default,0,1,1,1,1,1,0,1.0,1,cuda
phi_4_mini_instruct__arc_test_00350_54e913b1__temp0.60__seed7,phi_4_mini_instruct,microsoft/Phi-4-mini-instruct,arc_test_00350_54e913b1,arc,arc_challenge,arc,350,0.6,7,structured_four_line,default,0,0,0,1,5,5,0,0.0,0,cuda
phi_4_mini_instruct__arc_test_00351_3ff214fc__temp0.60__seed7,phi_4_mini_instruct,microsoft/Phi-4-mini-instruct,arc_test_00351_3ff214fc,arc,arc_challenge,arc,351,0.6,7,structured_four_line,default,0,0,0,1,5,5,0,0.0,0,cuda
phi_4_mini_instruct__arc_test_00352_6fea005d__temp0.60__seed7,phi_4_mini_instruct,microsoft/Phi-4-mini-instruct,arc_test_00352_6fea005d,arc,arc_challenge,arc,352,0.6,7,structured_four_line,default,0,1,1,1,1,5,0,1.0,1,cuda
phi_4_mini_instruct__arc_test_00353_3038599a__temp0.60__seed7,phi_4_mini_instruct,microsoft/Phi-4-mini-instruct,arc_test_00353_3038599a,arc,arc_challenge,arc,353,0.6,7,structured_four_line,default,0,1,1,1,1,5,0,1.0,1,cuda
phi_4_mini_instruct__arc_test_00354_d732b729__temp0.60__seed7,phi_4_mini_instruct,microsoft/Phi-4-mini-instruct,arc_test_00354_d732b729,arc,arc_challenge,arc,354,0.6,7,structured_four_line,default,0,0,0,1,5,5,0,0.0,0,cuda
phi_4_mini_instruct__arc_test_00355_86e261d3__temp0.60__seed7,phi_4_mini_instruct,microsoft/Phi-4-mini-instruct,arc_test_00355_86e261d3,arc,arc_challenge,arc,355,0.6,7,structured_four_line,default,0,1,1,1,1,5,0,1.0,1,cuda
phi_4_mini_instruct__arc_test_00356_c3cf20a2__temp0.60__seed7,phi_4_mini_instruct,microsoft/Phi-4-mini-instruct,arc_test_00356_c3cf20a2,arc,arc_challenge,arc,356,0.6,7,structured_four_line,default,0,1,1,1,1,5,0,1.0,1,cuda
phi_4_mini_instruct__arc_test_00357_c9520544__temp0.60__seed7,phi_4_mini_instruct,microsoft/Phi-4-mini-instruct,arc_test_00357_c9520544,arc,arc_challenge,arc,357,0.6,7,structured_four_line,default,0,1,1,1,1,5,1,1.0,0,cuda
phi_4_mini_instruct__arc_test_00358_1fa0a666__temp0.60__seed7,phi_4_mini_instruct,microsoft/Phi-4-mini-instruct,arc_test_00358_1fa0a666,arc,arc_challenge,arc,358,0.6,7,structured_four_line,default,0,1,1,1,1,5,0,1.0,1,cuda
phi_4_mini_instruct__arc_test_00359_50cdd935__temp0.60__seed7,phi_4_mini_instruct,microsoft/Phi-4-mini-instruct,arc_test_00359_50cdd935,arc,arc_challenge,arc,359,0.6,7,structured_four_line,default,0,1,1,1,1,5,0,1.0,1,cuda
phi_4_mini_instruct__arc_test_00360_963eb34a__temp0.60__seed7,phi_4_mini_instruct,microsoft/Phi-4-mini-instruct,arc_test_00360_963eb34a,arc,arc_challenge,arc,360,0.6,7,structured_four_line,default,0,1,1,1,1,5,0,1.0,1,cuda
phi_4_mini_instruct__arc_test_00361_9680c5e6__temp0.60__seed7,phi_4_mini_instruct,microsoft/Phi-4-mini-instruct,arc_test_00361_9680c5e6,arc,arc_challenge,arc,361,0.6,7,structured_four_line,default,0,1,1,1,1,5,2,1.0,0,cuda
phi_4_mini_instruct__arc_test_00362_8989fa13__temp0.60__seed7,phi_4_mini_instruct,microsoft/Phi-4-mini-instruct,arc_test_00362_8989fa13,arc,arc_challenge,arc,362,0.6,7,structured_four_line,default,0,1,1,1,1,5,0,1.0,1,cuda
phi_4_mini_instruct__arc_test_00363_d09e73e1__temp0.60__seed7,phi_4_mini_instruct,microsoft/Phi-4-mini-instruct,arc_test_00363_d09e73e1,arc,arc_challenge,arc,363,0.6,7,structured_four_line,default,0,1,1,1,1,3,2,1.0,1,cuda
phi_4_mini_instruct__arc_test_00364_f961994a__temp0.60__seed7,phi_4_mini_instruct,microsoft/Phi-4-mini-instruct,arc_test_00364_f961994a,arc,arc_challenge,arc,364,0.6,7,structured_four_line,default,0,1,0,2,2,5,1,0.95,1,cuda
phi_4_mini_instruct__arc_test_00365_fc1a2043__temp0.60__seed7,phi_4_mini_instruct,microsoft/Phi-4-mini-instruct,arc_test_00365_fc1a2043,arc,arc_challenge,arc,365,0.6,7,structured_four_line,default,0,1,1,1,1,3,0,1.0,1,cuda
phi_4_mini_instruct__arc_test_00366_749ea83e__temp0.60__seed7,phi_4_mini_instruct,microsoft/Phi-4-mini-instruct,arc_test_00366_749ea83e,arc,arc_challenge,arc,366,0.6,7,structured_four_line,default,0,1,1,1,1,5,2,1.0,1,cuda
phi_4_mini_instruct__arc_test_00367_5cb0240d__temp0.60__seed7,phi_4_mini_instruct,microsoft/Phi-4-mini-instruct,arc_test_00367_5cb0240d,arc,arc_challenge,arc,367,0.6,7,structured_four_line,default,0,1,1,1,1,5,0,1.0,1,cuda
phi_4_mini_instruct__arc_test_00368_90e92ee8__temp0.60__seed7,phi_4_mini_instruct,microsoft/Phi-4-mini-instruct,arc_test_00368_90e92ee8,arc,arc_challenge,arc,368,0.6,7,structured_four_line,default,0,1,1,1,1,5,2,1.0,1,cuda
phi_4_mini_instruct__arc_test_00369_14f62ec1__temp0.60__seed7,phi_4_mini_instruct,microsoft/Phi-4-mini-instruct,arc_test_00369_14f62ec1,arc,arc_challenge,arc,369,0.6,7,structured_four_line,default,0,1,1,1,1,5,0,1.0,1,cuda
phi_4_mini_instruct__arc_test_00370_541784ff__temp0.60__seed7,phi_4_mini_instruct,microsoft/Phi-4-mini-instruct,arc_test_00370_541784ff,arc,arc_challenge,arc,370,0.6,7,structured_four_line,default,0,1,1,1,1,5,0,1.0,1,cuda
phi_4_mini_instruct__arc_test_00371_61d05f33__temp0.60__seed7,phi_4_mini_instruct,microsoft/Phi-4-mini-instruct,arc_test_00371_61d05f33,arc,arc_challenge,arc,371,0.6,7,structured_four_line,default,0,1,1,1,1,5,0,1.0,1,cuda
phi_4_mini_instruct__arc_test_00372_d190f034__temp0.60__seed7,phi_4_mini_instruct,microsoft/Phi-4-mini-instruct,arc_test_00372_d190f034,arc,arc_challenge,arc,372,0.6,7,structured_four_line,default,0,1,1,1,1,5,0,1.0,1,cuda
phi_4_mini_instruct__arc_test_00373_5814041d__temp0.60__seed7,phi_4_mini_instruct,microsoft/Phi-4-mini-instruct,arc_test_00373_5814041d,arc,arc_challenge,arc,373,0.6,7,structured_four_line,default,0,1,1,1,1,5,0,1.0,1,cuda
phi_4_mini_instruct__arc_test_00374_eeef776d__temp0.60__seed7,phi_4_mini_instruct,microsoft/Phi-4-mini-instruct,arc_test_00374_eeef776d,arc,arc_challenge,arc,374,0.6,7,structured_four_line,default,0,1,1,1,1,5,3,1.0,0,cuda
phi_4_mini_instruct__arc_test_00375_a3ec4d7e__temp0.60__seed7,phi_4_mini_instruct,microsoft/Phi-4-mini-instruct,arc_test_00375_a3ec4d7e,arc,arc_challenge,arc,375,0.6,7,structured_four_line,default,0,0,0,1,5,5,0,0.0,0,cuda
phi_4_mini_instruct__arc_test_00376_f1c08288__temp0.60__seed7,phi_4_mini_instruct,microsoft/Phi-4-mini-instruct,arc_test_00376_f1c08288,arc,arc_challenge,arc,376,0.6,7,structured_four_line,default,0,1,1,1,1,5,0,1.0,1,cuda
phi_4_mini_instruct__arc_test_00377_48873156__temp0.60__seed7,phi_4_mini_instruct,microsoft/Phi-4-mini-instruct,arc_test_00377_48873156,arc,arc_challenge,arc,377,0.6,7,structured_four_line,default,0,1,1,1,1,5,0,1.0,1,cuda
phi_4_mini_instruct__arc_test_00378_eb3c1b7c__temp0.60__seed7,phi_4_mini_instruct,microsoft/Phi-4-mini-instruct,arc_test_00378_eb3c1b7c,arc,arc_challenge,arc,378,0.6,7,structured_four_line,default,0,1,1,1,1,5,0,1.0,1,cuda
phi_4_mini_instruct__arc_test_00379_2cc6079d__temp0.60__seed7,phi_4_mini_instruct,microsoft/Phi-4-mini-instruct,arc_test_00379_2cc6079d,arc,arc_challenge,arc,379,0.6,7,structured_four_line,default,0,1,1,1,1,5,0,1.0,1,cuda
phi_4_mini_instruct__arc_test_00380_89cc3cdf__temp0.60__seed7,phi_4_mini_instruct,microsoft/Phi-4-mini-instruct,arc_test_00380_89cc3cdf,arc,arc_challenge,arc,380,0.6,7,structured_four_line,default,0,1,0,2,2,5,1,0.95,1,cuda
phi_4_mini_instruct__arc_test_00381_93afedf3__temp0.60__seed7,phi_4_mini_instruct,microsoft/Phi-4-mini-instruct,arc_test_00381_93afedf3,arc,arc_challenge,arc,381,0.6,7,structured_four_line,default,0,1,1,1,1,1,0,1.0,1,cuda
phi_4_mini_instruct__arc_test_00382_1003b882__temp0.60__seed7,phi_4_mini_instruct,microsoft/Phi-4-mini-instruct,arc_test_00382_1003b882,arc,arc_challenge,arc,382,0.6,7,structured_four_line,default,0,1,1,1,1,5,0,1.0,1,cuda
phi_4_mini_instruct__arc_test_00383_6a698269__temp0.60__seed7,phi_4_mini_instruct,microsoft/Phi-4-mini-instruct,arc_test_00383_6a698269,arc,arc_challenge,arc,383,0.6,7,structured_four_line,default,0,1,1,1,1,4,0,1.0,1,cuda
phi_4_mini_instruct__arc_test_00384_5fee9f1d__temp0.60__seed7,phi_4_mini_instruct,microsoft/Phi-4-mini-instruct,arc_test_00384_5fee9f1d,arc,arc_challenge,arc,384,0.6,7,structured_four_line,default,0,1,1,1,1,5,0,1.0,1,cuda
phi_4_mini_instruct__arc_test_00385_21b81e4d__temp0.60__seed7,phi_4_mini_instruct,microsoft/Phi-4-mini-instruct,arc_test_00385_21b81e4d,arc,arc_challenge,arc,385,0.6,7,structured_four_line,default,0,1,1,1,1,5,0,1.0,1,cuda
phi_4_mini_instruct__arc_test_00386_510d3831__temp0.60__seed7,phi_4_mini_instruct,microsoft/Phi-4-mini-instruct,arc_test_00386_510d3831,arc,arc_challenge,arc,386,0.6,7,structured_four_line,default,0,1,1,1,1,5,0,1.0,1,cuda
phi_4_mini_instruct__arc_test_00387_b2f54c38__temp0.60__seed7,phi_4_mini_instruct,microsoft/Phi-4-mini-instruct,arc_test_00387_b2f54c38,arc,arc_challenge,arc,387,0.6,7,structured_four_line,default,0,1,1,1,1,5,0,1.0,1,cuda
phi_4_mini_instruct__arc_test_00388_2ad5430d__temp0.60__seed7,phi_4_mini_instruct,microsoft/Phi-4-mini-instruct,arc_test_00388_2ad5430d,arc,arc_challenge,arc,388,0.6,7,structured_four_line,default,0,1,1,1,1,5,2,1.0,1,cuda
phi_4_mini_instruct__arc_test_00389_ea18f85c__temp0.60__seed7,phi_4_mini_instruct,microsoft/Phi-4-mini-instruct,arc_test_00389_ea18f85c,arc,arc_challenge,arc,389,0.6,7,structured_four_line,default,0,1,1,1,1,5,0,1.0,1,cuda
phi_4_mini_instruct__arc_test_00390_c123b71e__temp0.60__seed7,phi_4_mini_instruct,microsoft/Phi-4-mini-instruct,arc_test_00390_c123b71e,arc,arc_challenge,arc,390,0.6,7,structured_four_line,default,0,1,1,1,1,5,0,1.0,1,cuda
phi_4_mini_instruct__arc_test_00391_d0bb2364__temp0.60__seed7,phi_4_mini_instruct,microsoft/Phi-4-mini-instruct,arc_test_00391_d0bb2364,arc,arc_challenge,arc,391,0.6,7,structured_four_line,default,0,1,1,1,1,5,0,1.0,1,cuda
phi_4_mini_instruct__arc_test_00392_5c6cca71__temp0.60__seed7,phi_4_mini_instruct,microsoft/Phi-4-mini-instruct,arc_test_00392_5c6cca71,arc,arc_challenge,arc,392,0.6,7,structured_four_line,default,0,1,0,3,3,5,3,0.9,0,cuda
phi_4_mini_instruct__arc_test_00393_365cb767__temp0.60__seed7,phi_4_mini_instruct,microsoft/Phi-4-mini-instruct,arc_test_00393_365cb767,arc,arc_challenge,arc,393,0.6,7,structured_four_line,default,0,1,1,1,1,5,0,1.0,1,cuda
phi_4_mini_instruct__arc_test_00394_c1006e24__temp0.60__seed7,phi_4_mini_instruct,microsoft/Phi-4-mini-instruct,arc_test_00394_c1006e24,arc,arc_challenge,arc,394,0.6,7,structured_four_line,default,0,1,1,1,1,5,0,1.0,1,cuda
phi_4_mini_instruct__arc_test_00395_19220aa4__temp0.60__seed7,phi_4_mini_instruct,microsoft/Phi-4-mini-instruct,arc_test_00395_19220aa4,arc,arc_challenge,arc,395,0.6,7,structured_four_line,default,0,1,1,1,1,5,0,1.0,1,cuda
phi_4_mini_instruct__arc_test_00396_199e30ec__temp0.60__seed7,phi_4_mini_instruct,microsoft/Phi-4-mini-instruct,arc_test_00396_199e30ec,arc,arc_challenge,arc,396,0.6,7,structured_four_line,default,0,1,1,1,1,5,0,1.0,1,cuda
phi_4_mini_instruct__arc_test_00397_6ed7da59__temp0.60__seed7,phi_4_mini_instruct,microsoft/Phi-4-mini-instruct,arc_test_00397_6ed7da59,arc,arc_challenge,arc,397,0.6,7,structured_four_line,default,0,1,1,1,1,5,0,1.0,1,cuda
phi_4_mini_instruct__arc_test_00398_615e437d__temp0.60__seed7,phi_4_mini_instruct,microsoft/Phi-4-mini-instruct,arc_test_00398_615e437d,arc,arc_challenge,arc,398,0.6,7,structured_four_line,default,0,0,0,1,5,5,0,0.0,0,cuda
phi_4_mini_instruct__arc_test_00399_8bb72554__temp0.60__seed7,phi_4_mini_instruct,microsoft/Phi-4-mini-instruct,arc_test_00399_8bb72554,arc,arc_challenge,arc,399,0.6,7,structured_four_line,default,0,1,1,1,1,5,0,1.0,1,cuda
phi_4_mini_instruct__arc_test_00400_bfe816dd__temp0.60__seed7,phi_4_mini_instruct,microsoft/Phi-4-mini-instruct,arc_test_00400_bfe816dd,arc,arc_challenge,arc,400,0.6,7,structured_four_line,default,0,1,1,1,1,5,1,1.0,0,cuda
phi_4_mini_instruct__arc_test_00401_4e35eaf6__temp0.60__seed7,phi_4_mini_instruct,microsoft/Phi-4-mini-instruct,arc_test_00401_4e35eaf6,arc,arc_challenge,arc,401,0.6,7,structured_four_line,default,0,1,1,1,1,5,0,1.0,1,cuda
phi_4_mini_instruct__arc_test_00402_e0792da4__temp0.60__seed7,phi_4_mini_instruct,microsoft/Phi-4-mini-instruct,arc_test_00402_e0792da4,arc,arc_challenge,arc,402,0.6,7,structured_four_line,default,0,1,1,1,1,5,0,1.0,1,cuda
phi_4_mini_instruct__arc_test_00403_9558705a__temp0.60__seed7,phi_4_mini_instruct,microsoft/Phi-4-mini-instruct,arc_test_00403_9558705a,arc,arc_challenge,arc,403,0.6,7,structured_four_line,default,0,0,0,1,5,3,2,0.0,0,cuda
phi_4_mini_instruct__arc_test_00404_8769cf53__temp0.60__seed7,phi_4_mini_instruct,microsoft/Phi-4-mini-instruct,arc_test_00404_8769cf53,arc,arc_challenge,arc,404,0.6,7,structured_four_line,default,0,1,1,1,1,5,0,1.0,1,cuda
phi_4_mini_instruct__arc_test_00405_0f969551__temp0.60__seed7,phi_4_mini_instruct,microsoft/Phi-4-mini-instruct,arc_test_00405_0f969551,arc,arc_challenge,arc,405,0.6,7,structured_four_line,default,0,1,1,1,1,5,0,1.0,1,cuda
phi_4_mini_instruct__arc_test_00406_7424fa6b__temp0.60__seed7,phi_4_mini_instruct,microsoft/Phi-4-mini-instruct,arc_test_00406_7424fa6b,arc,arc_challenge,arc,406,0.6,7,structured_four_line,default,0,1,1,1,1,5,0,1.0,1,cuda
phi_4_mini_instruct__arc_test_00407_86df5880__temp0.60__seed7,phi_4_mini_instruct,microsoft/Phi-4-mini-instruct,arc_test_00407_86df5880,arc,arc_challenge,arc,407,0.6,7,structured_four_line,default,0,1,1,1,1,5,0,1.0,1,cuda
phi_4_mini_instruct__arc_test_00408_4c2fa905__temp0.60__seed7,phi_4_mini_instruct,microsoft/Phi-4-mini-instruct,arc_test_00408_4c2fa905,arc,arc_challenge,arc,408,0.6,7,structured_four_line,default,0,0,0,1,5,1,0,0.0,0,cuda
phi_4_mini_instruct__arc_test_00409_e083d145__temp0.60__seed7,phi_4_mini_instruct,microsoft/Phi-4-mini-instruct,arc_test_00409_e083d145,arc,arc_challenge,arc,409,0.6,7,structured_four_line,default,0,1,1,1,1,5,0,1.0,1,cuda
phi_4_mini_instruct__arc_test_00410_c7538370__temp0.60__seed7,phi_4_mini_instruct,microsoft/Phi-4-mini-instruct,arc_test_00410_c7538370,arc,arc_challenge,arc,410,0.6,7,structured_four_line,default,0,1,1,1,1,5,3,1.0,0,cuda
phi_4_mini_instruct__arc_test_00411_bfdfc9d1__temp0.60__seed7,phi_4_mini_instruct,microsoft/Phi-4-mini-instruct,arc_test_00411_bfdfc9d1,arc,arc_challenge,arc,411,0.6,7,structured_four_line,default,0,1,1,1,1,5,0,1.0,1,cuda
phi_4_mini_instruct__arc_test_00412_1998b3aa__temp0.60__seed7,phi_4_mini_instruct,microsoft/Phi-4-mini-instruct,arc_test_00412_1998b3aa,arc,arc_challenge,arc,412,0.6,7,structured_four_line,default,0,1,1,1,1,5,0,1.0,1,cuda
phi_4_mini_instruct__arc_test_00413_302e6269__temp0.60__seed7,phi_4_mini_instruct,microsoft/Phi-4-mini-instruct,arc_test_00413_302e6269,arc,arc_challenge,arc,413,0.6,7,structured_four_line,default,0,1,1,1,1,5,0,1.0,1,cuda
phi_4_mini_instruct__arc_test_00414_526ea1cc__temp0.60__seed7,phi_4_mini_instruct,microsoft/Phi-4-mini-instruct,arc_test_00414_526ea1cc,arc,arc_challenge,arc,414,0.6,7,structured_four_line,default,0,0,0,1,5,5,1,0.0,0,cuda
phi_4_mini_instruct__arc_test_00415_8541da3f__temp0.60__seed7,phi_4_mini_instruct,microsoft/Phi-4-mini-instruct,arc_test_00415_8541da3f,arc,arc_challenge,arc,415,0.6,7,structured_four_line,default,0,1,0,3,3,5,1,0.9,1,cuda
phi_4_mini_instruct__arc_test_00416_1c8c83d8__temp0.60__seed7,phi_4_mini_instruct,microsoft/Phi-4-mini-instruct,arc_test_00416_1c8c83d8,arc,arc_challenge,arc,416,0.6,7,structured_four_line,default,0,0,0,1,5,5,0,0.0,0,cuda
phi_4_mini_instruct__arc_test_00417_d4feaa19__temp0.60__seed7,phi_4_mini_instruct,microsoft/Phi-4-mini-instruct,arc_test_00417_d4feaa19,arc,arc_challenge,arc,417,0.6,7,structured_four_line,default,0,1,1,1,1,5,0,1.0,1,cuda
phi_4_mini_instruct__arc_test_00418_9c8ca325__temp0.60__seed7,phi_4_mini_instruct,microsoft/Phi-4-mini-instruct,arc_test_00418_9c8ca325,arc,arc_challenge,arc,418,0.6,7,structured_four_line,default,0,0,0,1,5,5,0,0.0,0,cuda
phi_4_mini_instruct__arc_test_00419_9e662f9b__temp0.60__seed7,phi_4_mini_instruct,microsoft/Phi-4-mini-instruct,arc_test_00419_9e662f9b,arc,arc_challenge,arc,419,0.6,7,structured_four_line,default,0,1,1,1,1,5,0,1.0,1,cuda
phi_4_mini_instruct__arc_test_00420_d643f074__temp0.60__seed7,phi_4_mini_instruct,microsoft/Phi-4-mini-instruct,arc_test_00420_d643f074,arc,arc_challenge,arc,420,0.6,7,structured_four_line,default,0,1,1,1,1,5,0,1.0,1,cuda
phi_4_mini_instruct__arc_test_00421_dde0e2e8__temp0.60__seed7,phi_4_mini_instruct,microsoft/Phi-4-mini-instruct,arc_test_00421_dde0e2e8,arc,arc_challenge,arc,421,0.6,7,structured_four_line,default,0,1,1,1,1,5,0,1.0,1,cuda
phi_4_mini_instruct__arc_test_00422_6dc84e52__temp0.60__seed7,phi_4_mini_instruct,microsoft/Phi-4-mini-instruct,arc_test_00422_6dc84e52,arc,arc_challenge,arc,422,0.6,7,structured_four_line,default,0,1,1,1,1,5,0,1.0,1,cuda
phi_4_mini_instruct__arc_test_00423_e5103000__temp0.60__seed7,phi_4_mini_instruct,microsoft/Phi-4-mini-instruct,arc_test_00423_e5103000,arc,arc_challenge,arc,423,0.6,7,structured_four_line,default,0,1,1,1,1,5,3,1.0,0,cuda
phi_4_mini_instruct__arc_test_00424_67b41086__temp0.60__seed7,phi_4_mini_instruct,microsoft/Phi-4-mini-instruct,arc_test_00424_67b41086,arc,arc_challenge,arc,424,0.6,7,structured_four_line,default,0,1,1,1,1,5,0,1.0,1,cuda
phi_4_mini_instruct__arc_test_00425_e3b3f101__temp0.60__seed7,phi_4_mini_instruct,microsoft/Phi-4-mini-instruct,arc_test_00425_e3b3f101,arc,arc_challenge,arc,425,0.6,7,structured_four_line,default,0,1,0,2,2,3,2,0.95,0,cuda
phi_4_mini_instruct__arc_test_00426_8ace8de5__temp0.60__seed7,phi_4_mini_instruct,microsoft/Phi-4-mini-instruct,arc_test_00426_8ace8de5,arc,arc_challenge,arc,426,0.6,7,structured_four_line,default,0,1,0,2,2,5,1,0.95,1,cuda
phi_4_mini_instruct__arc_test_00427_87d4709d__temp0.60__seed7,phi_4_mini_instruct,microsoft/Phi-4-mini-instruct,arc_test_00427_87d4709d,arc,arc_challenge,arc,427,0.6,7,structured_four_line,default,0,1,1,1,1,5,0,1.0,1,cuda
phi_4_mini_instruct__arc_test_00428_7287612b__temp0.60__seed7,phi_4_mini_instruct,microsoft/Phi-4-mini-instruct,arc_test_00428_7287612b,arc,arc_challenge,arc,428,0.6,7,structured_four_line,default,0,1,1,1,1,5,0,1.0,1,cuda
phi_4_mini_instruct__arc_test_00429_ecc4d8f9__temp0.60__seed7,phi_4_mini_instruct,microsoft/Phi-4-mini-instruct,arc_test_00429_ecc4d8f9,arc,arc_challenge,arc,429,0.6,7,structured_four_line,default,0,1,1,1,1,5,0,1.0,1,cuda
phi_4_mini_instruct__arc_test_00430_1f117cb5__temp0.60__seed7,phi_4_mini_instruct,microsoft/Phi-4-mini-instruct,arc_test_00430_1f117cb5,arc,arc_challenge,arc,430,0.6,7,structured_four_line,default,0,1,1,1,1,5,0,1.0,1,cuda
phi_4_mini_instruct__arc_test_00431_ed38e3fb__temp0.60__seed7,phi_4_mini_instruct,microsoft/Phi-4-mini-instruct,arc_test_00431_ed38e3fb,arc,arc_challenge,arc,431,0.6,7,structured_four_line,default,0,1,1,1,1,5,0,1.0,1,cuda
phi_4_mini_instruct__arc_test_00432_b2081734__temp0.60__seed7,phi_4_mini_instruct,microsoft/Phi-4-mini-instruct,arc_test_00432_b2081734,arc,arc_challenge,arc,432,0.6,7,structured_four_line,default,0,1,1,1,1,1,0,1.0,1,cuda
phi_4_mini_instruct__arc_test_00433_8f97d596__temp0.60__seed7,phi_4_mini_instruct,microsoft/Phi-4-mini-instruct,arc_test_00433_8f97d596,arc,arc_challenge,arc,433,0.6,7,structured_four_line,default,0,1,1,1,1,5,0,1.0,1,cuda
phi_4_mini_instruct__arc_test_00434_5dc9b930__temp0.60__seed7,phi_4_mini_instruct,microsoft/Phi-4-mini-instruct,arc_test_00434_5dc9b930,arc,arc_challenge,arc,434,0.6,7,structured_four_line,default,0,0,0,1,5,5,0,0.0,0,cuda
phi_4_mini_instruct__arc_test_00435_5a5808a0__temp0.60__seed7,phi_4_mini_instruct,microsoft/Phi-4-mini-instruct,arc_test_00435_5a5808a0,arc,arc_challenge,arc,435,0.6,7,structured_four_line,default,0,1,1,1,1,5,0,1.0,1,cuda
phi_4_mini_instruct__arc_test_00436_1db7d473__temp0.60__seed7,phi_4_mini_instruct,microsoft/Phi-4-mini-instruct,arc_test_00436_1db7d473,arc,arc_challenge,arc,436,0.6,7,structured_four_line,default,0,1,1,1,1,5,0,1.0,1,cuda
phi_4_mini_instruct__arc_test_00437_68fe5af1__temp0.60__seed7,phi_4_mini_instruct,microsoft/Phi-4-mini-instruct,arc_test_00437_68fe5af1,arc,arc_challenge,arc,437,0.6,7,structured_four_line,default,0,1,1,1,1,5,1,1.0,0,cuda
phi_4_mini_instruct__arc_test_00438_e1530cd1__temp0.60__seed7,phi_4_mini_instruct,microsoft/Phi-4-mini-instruct,arc_test_00438_e1530cd1,arc,arc_challenge,arc,438,0.6,7,structured_four_line,default,0,1,1,1,1,5,0,1.0,1,cuda
phi_4_mini_instruct__arc_test_00439_7f2749ab__temp0.60__seed7,phi_4_mini_instruct,microsoft/Phi-4-mini-instruct,arc_test_00439_7f2749ab,arc,arc_challenge,arc,439,0.6,7,structured_four_line,default,0,1,1,1,1,5,2,1.0,0,cuda
phi_4_mini_instruct__arc_test_00440_9fd46dcf__temp0.60__seed7,phi_4_mini_instruct,microsoft/Phi-4-mini-instruct,arc_test_00440_9fd46dcf,arc,arc_challenge,arc,440,0.6,7,structured_four_line,default,0,1,1,1,1,5,0,1.0,1,cuda
phi_4_mini_instruct__arc_test_00441_fd113834__temp0.60__seed7,phi_4_mini_instruct,microsoft/Phi-4-mini-instruct,arc_test_00441_fd113834,arc,arc_challenge,arc,441,0.6,7,structured_four_line,default,0,1,1,1,1,5,0,1.0,1,cuda
phi_4_mini_instruct__arc_test_00442_69416ff4__temp0.60__seed7,phi_4_mini_instruct,microsoft/Phi-4-mini-instruct,arc_test_00442_69416ff4,arc,arc_challenge,arc,442,0.6,7,structured_four_line,default,0,1,1,1,1,5,0,1.0,1,cuda
phi_4_mini_instruct__arc_test_00443_0f84df40__temp0.60__seed7,phi_4_mini_instruct,microsoft/Phi-4-mini-instruct,arc_test_00443_0f84df40,arc,arc_challenge,arc,443,0.6,7,structured_four_line,default,0,1,1,1,1,5,0,1.0,1,cuda
phi_4_mini_instruct__arc_test_00444_6650d6a2__temp0.60__seed7,phi_4_mini_instruct,microsoft/Phi-4-mini-instruct,arc_test_00444_6650d6a2,arc,arc_challenge,arc,444,0.6,7,structured_four_line,default,0,1,1,1,1,5,0,1.0,1,cuda
phi_4_mini_instruct__arc_test_00445_579013e4__temp0.60__seed7,phi_4_mini_instruct,microsoft/Phi-4-mini-instruct,arc_test_00445_579013e4,arc,arc_challenge,arc,445,0.6,7,structured_four_line,default,0,1,1,1,1,5,0,1.0,1,cuda
phi_4_mini_instruct__arc_test_00446_83c6cc68__temp0.60__seed7,phi_4_mini_instruct,microsoft/Phi-4-mini-instruct,arc_test_00446_83c6cc68,arc,arc_challenge,arc,446,0.6,7,structured_four_line,default,0,1,1,1,1,4,0,1.0,1,cuda
phi_4_mini_instruct__arc_test_00447_3639fb8d__temp0.60__seed7,phi_4_mini_instruct,microsoft/Phi-4-mini-instruct,arc_test_00447_3639fb8d,arc,arc_challenge,arc,447,0.6,7,structured_four_line,default,0,1,1,1,1,5,0,1.0,1,cuda
phi_4_mini_instruct__arc_test_00448_de7139db__temp0.60__seed7,phi_4_mini_instruct,microsoft/Phi-4-mini-instruct,arc_test_00448_de7139db,arc,arc_challenge,arc,448,0.6,7,structured_four_line,default,0,1,1,1,1,5,0,1.0,1,cuda
phi_4_mini_instruct__arc_test_00449_d9f61263__temp0.60__seed7,phi_4_mini_instruct,microsoft/Phi-4-mini-instruct,arc_test_00449_d9f61263,arc,arc_challenge,arc,449,0.6,7,structured_four_line,default,0,1,1,1,1,4,3,1.0,0,cuda
phi_4_mini_instruct__arc_test_00450_0952139a__temp0.60__seed7,phi_4_mini_instruct,microsoft/Phi-4-mini-instruct,arc_test_00450_0952139a,arc,arc_challenge,arc,450,0.6,7,structured_four_line,default,0,0,0,1,5,5,0,0.0,0,cuda
phi_4_mini_instruct__arc_test_00451_8e4556d1__temp0.60__seed7,phi_4_mini_instruct,microsoft/Phi-4-mini-instruct,arc_test_00451_8e4556d1,arc,arc_challenge,arc,451,0.6,7,structured_four_line,default,0,1,1,1,1,5,0,1.0,1,cuda
phi_4_mini_instruct__arc_test_00452_47a47cff__temp0.60__seed7,phi_4_mini_instruct,microsoft/Phi-4-mini-instruct,arc_test_00452_47a47cff,arc,arc_challenge,arc,452,0.6,7,structured_four_line,default,0,1,1,1,1,4,0,1.0,1,cuda
phi_4_mini_instruct__arc_test_00453_40ed6bb4__temp0.60__seed7,phi_4_mini_instruct,microsoft/Phi-4-mini-instruct,arc_test_00453_40ed6bb4,arc,arc_challenge,arc,453,0.6,7,structured_four_line,default,0,1,1,1,1,5,3,1.0,0,cuda
phi_4_mini_instruct__arc_test_00454_2e61fff0__temp0.60__seed7,phi_4_mini_instruct,microsoft/Phi-4-mini-instruct,arc_test_00454_2e61fff0,arc,arc_challenge,arc,454,0.6,7,structured_four_line,default,0,1,1,1,1,5,0,1.0,1,cuda
phi_4_mini_instruct__arc_test_00455_2cdb2af4__temp0.60__seed7,phi_4_mini_instruct,microsoft/Phi-4-mini-instruct,arc_test_00455_2cdb2af4,arc,arc_challenge,arc,455,0.6,7,structured_four_line,default,0,1,1,1,1,5,0,1.0,1,cuda
phi_4_mini_instruct__arc_test_00456_92cff282__temp0.60__seed7,phi_4_mini_instruct,microsoft/Phi-4-mini-instruct,arc_test_00456_92cff282,arc,arc_challenge,arc,456,0.6,7,structured_four_line,default,0,1,1,1,1,5,0,1.0,1,cuda
phi_4_mini_instruct__arc_test_00457_f210958e__temp0.60__seed7,phi_4_mini_instruct,microsoft/Phi-4-mini-instruct,arc_test_00457_f210958e,arc,arc_challenge,arc,457,0.6,7,structured_four_line,default,0,1,1,1,1,5,0,1.0,1,cuda
phi_4_mini_instruct__arc_test_00458_8bc2e6c0__temp0.60__seed7,phi_4_mini_instruct,microsoft/Phi-4-mini-instruct,arc_test_00458_8bc2e6c0,arc,arc_challenge,arc,458,0.6,7,structured_four_line,default,0,1,1,1,1,5,0,1.0,1,cuda
phi_4_mini_instruct__arc_test_00459_96b9cbbc__temp0.60__seed7,phi_4_mini_instruct,microsoft/Phi-4-mini-instruct,arc_test_00459_96b9cbbc,arc,arc_challenge,arc,459,0.6,7,structured_four_line,default,0,1,1,1,1,5,0,1.0,1,cuda
phi_4_mini_instruct__arc_test_00460_84e47e98__temp0.60__seed7,phi_4_mini_instruct,microsoft/Phi-4-mini-instruct,arc_test_00460_84e47e98,arc,arc_challenge,arc,460,0.6,7,structured_four_line,default,0,0,0,1,5,5,0,0.0,0,cuda
phi_4_mini_instruct__arc_test_00461_9ce2c221__temp0.60__seed7,phi_4_mini_instruct,microsoft/Phi-4-mini-instruct,arc_test_00461_9ce2c221,arc,arc_challenge,arc,461,0.6,7,structured_four_line,default,0,1,1,1,1,5,1,1.0,0,cuda
phi_4_mini_instruct__arc_test_00462_3543ccc3__temp0.60__seed7,phi_4_mini_instruct,microsoft/Phi-4-mini-instruct,arc_test_00462_3543ccc3,arc,arc_challenge,arc,462,0.6,7,structured_four_line,default,0,1,1,1,1,3,0,1.0,1,cuda
phi_4_mini_instruct__arc_test_00463_936f56a6__temp0.60__seed7,phi_4_mini_instruct,microsoft/Phi-4-mini-instruct,arc_test_00463_936f56a6,arc,arc_challenge,arc,463,0.6,7,structured_four_line,default,0,1,1,1,1,5,0,1.0,1,cuda
phi_4_mini_instruct__arc_test_00464_1c6f5ced__temp0.60__seed7,phi_4_mini_instruct,microsoft/Phi-4-mini-instruct,arc_test_00464_1c6f5ced,arc,arc_challenge,arc,464,0.6,7,structured_four_line,default,0,1,0,2,2,5,2,0.95,0,cuda
phi_4_mini_instruct__arc_test_00465_c79235f3__temp0.60__seed7,phi_4_mini_instruct,microsoft/Phi-4-mini-instruct,arc_test_00465_c79235f3,arc,arc_challenge,arc,465,0.6,7,structured_four_line,default,0,1,1,1,1,5,0,1.0,1,cuda
phi_4_mini_instruct__arc_test_00466_fdbf98ae__temp0.60__seed7,phi_4_mini_instruct,microsoft/Phi-4-mini-instruct,arc_test_00466_fdbf98ae,arc,arc_challenge,arc,466,0.6,7,structured_four_line,default,0,1,1,1,1,5,2,1.0,1,cuda
phi_4_mini_instruct__arc_test_00467_824e4f06__temp0.60__seed7,phi_4_mini_instruct,microsoft/Phi-4-mini-instruct,arc_test_00467_824e4f06,arc,arc_challenge,arc,467,0.6,7,structured_four_line,default,0,1,1,1,1,5,0,1.0,1,cuda
phi_4_mini_instruct__arc_test_00468_237145d7__temp0.60__seed7,phi_4_mini_instruct,microsoft/Phi-4-mini-instruct,arc_test_00468_237145d7,arc,arc_challenge,arc,468,0.6,7,structured_four_line,default,0,1,1,1,1,5,0,1.0,1,cuda
phi_4_mini_instruct__arc_test_00469_ea59a9ff__temp0.60__seed7,phi_4_mini_instruct,microsoft/Phi-4-mini-instruct,arc_test_00469_ea59a9ff,arc,arc_challenge,arc,469,0.6,7,structured_four_line,default,0,1,1,1,1,5,0,1.0,1,cuda
phi_4_mini_instruct__arc_test_00470_f33f9574__temp0.60__seed7,phi_4_mini_instruct,microsoft/Phi-4-mini-instruct,arc_test_00470_f33f9574,arc,arc_challenge,arc,470,0.6,7,structured_four_line,default,0,1,1,1,1,5,0,1.0,1,cuda
phi_4_mini_instruct__arc_test_00471_70514a76__temp0.60__seed7,phi_4_mini_instruct,microsoft/Phi-4-mini-instruct,arc_test_00471_70514a76,arc,arc_challenge,arc,471,0.6,7,structured_four_line,default,0,1,1,1,1,5,0,1.0,1,cuda
phi_4_mini_instruct__arc_test_00472_b2b2fb94__temp0.60__seed7,phi_4_mini_instruct,microsoft/Phi-4-mini-instruct,arc_test_00472_b2b2fb94,arc,arc_challenge,arc,472,0.6,7,structured_four_line,default,0,0,0,1,5,5,0,0.0,0,cuda
phi_4_mini_instruct__arc_test_00473_b5136afa__temp0.60__seed7,phi_4_mini_instruct,microsoft/Phi-4-mini-instruct,arc_test_00473_b5136afa,arc,arc_challenge,arc,473,0.6,7,structured_four_line,default,0,1,1,1,1,5,0,1.0,1,cuda
phi_4_mini_instruct__arc_test_00474_a7c577b2__temp0.60__seed7,phi_4_mini_instruct,microsoft/Phi-4-mini-instruct,arc_test_00474_a7c577b2,arc,arc_challenge,arc,474,0.6,7,structured_four_line,default,0,1,0,2,2,2,1,0.95,1,cuda
phi_4_mini_instruct__arc_test_00475_f8b88a76__temp0.60__seed7,phi_4_mini_instruct,microsoft/Phi-4-mini-instruct,arc_test_00475_f8b88a76,arc,arc_challenge,arc,475,0.6,7,structured_four_line,default,0,1,1,1,1,5,0,1.0,1,cuda
phi_4_mini_instruct__arc_test_00476_fb07057b__temp0.60__seed7,phi_4_mini_instruct,microsoft/Phi-4-mini-instruct,arc_test_00476_fb07057b,arc,arc_challenge,arc,476,0.6,7,structured_four_line,default,0,1,1,1,1,5,0,1.0,1,cuda
phi_4_mini_instruct__arc_test_00477_a81f16b5__temp0.60__seed7,phi_4_mini_instruct,microsoft/Phi-4-mini-instruct,arc_test_00477_a81f16b5,arc,arc_challenge,arc,477,0.6,7,structured_four_line,default,0,1,1,1,1,5,0,1.0,1,cuda
phi_4_mini_instruct__arc_test_00478_4c9725ae__temp0.60__seed7,phi_4_mini_instruct,microsoft/Phi-4-mini-instruct,arc_test_00478_4c9725ae,arc,arc_challenge,arc,478,0.6,7,structured_four_line,default,0,1,1,1,1,5,2,1.0,1,cuda
phi_4_mini_instruct__arc_test_00479_cb276647__temp0.60__seed7,phi_4_mini_instruct,microsoft/Phi-4-mini-instruct,arc_test_00479_cb276647,arc,arc_challenge,arc,479,0.6,7,structured_four_line,default,0,1,1,1,1,5,0,1.0,1,cuda
phi_4_mini_instruct__arc_test_00480_99c4d43c__temp0.60__seed7,phi_4_mini_instruct,microsoft/Phi-4-mini-instruct,arc_test_00480_99c4d43c,arc,arc_challenge,arc,480,0.6,7,structured_four_line,default,0,0,0,1,5,5,0,0.0,0,cuda
phi_4_mini_instruct__arc_test_00481_f0c655bc__temp0.60__seed7,phi_4_mini_instruct,microsoft/Phi-4-mini-instruct,arc_test_00481_f0c655bc,arc,arc_challenge,arc,481,0.6,7,structured_four_line,default,0,0,0,1,5,5,0,0.0,0,cuda
phi_4_mini_instruct__arc_test_00482_783ef923__temp0.60__seed7,phi_4_mini_instruct,microsoft/Phi-4-mini-instruct,arc_test_00482_783ef923,arc,arc_challenge,arc,482,0.6,7,structured_four_line,default,0,1,1,1,1,5,0,1.0,1,cuda
phi_4_mini_instruct__arc_test_00483_9384181a__temp0.60__seed7,phi_4_mini_instruct,microsoft/Phi-4-mini-instruct,arc_test_00483_9384181a,arc,arc_challenge,arc,483,0.6,7,structured_four_line,default,0,1,1,1,1,5,0,1.0,1,cuda
phi_4_mini_instruct__arc_test_00484_a5597afb__temp0.60__seed7,phi_4_mini_instruct,microsoft/Phi-4-mini-instruct,arc_test_00484_a5597afb,arc,arc_challenge,arc,484,0.6,7,structured_four_line,default,0,1,1,1,1,5,0,1.0,1,cuda
phi_4_mini_instruct__arc_test_00485_4b8d4e29__temp0.60__seed7,phi_4_mini_instruct,microsoft/Phi-4-mini-instruct,arc_test_00485_4b8d4e29,arc,arc_challenge,arc,485,0.6,7,structured_four_line,default,0,1,1,1,1,5,0,1.0,1,cuda
phi_4_mini_instruct__arc_test_00486_605c0abe__temp0.60__seed7,phi_4_mini_instruct,microsoft/Phi-4-mini-instruct,arc_test_00486_605c0abe,arc,arc_challenge,arc,486,0.6,7,structured_four_line,default,0,1,0,2,2,5,3,0.95,1,cuda
phi_4_mini_instruct__arc_test_00487_b2bdd1ce__temp0.60__seed7,phi_4_mini_instruct,microsoft/Phi-4-mini-instruct,arc_test_00487_b2bdd1ce,arc,arc_challenge,arc,487,0.6,7,structured_four_line,default,0,1,1,1,1,5,2,1.0,1,cuda
phi_4_mini_instruct__arc_test_00488_5463da3a__temp0.60__seed7,phi_4_mini_instruct,microsoft/Phi-4-mini-instruct,arc_test_00488_5463da3a,arc,arc_challenge,arc,488,0.6,7,structured_four_line,default,0,1,1,1,1,5,0,1.0,1,cuda
phi_4_mini_instruct__arc_test_00489_c703c0a9__temp0.60__seed7,phi_4_mini_instruct,microsoft/Phi-4-mini-instruct,arc_test_00489_c703c0a9,arc,arc_challenge,arc,489,0.6,7,structured_four_line,default,0,1,1,1,1,5,0,1.0,1,cuda
phi_4_mini_instruct__arc_test_00490_4f08600f__temp0.60__seed7,phi_4_mini_instruct,microsoft/Phi-4-mini-instruct,arc_test_00490_4f08600f,arc,arc_challenge,arc,490,0.6,7,structured_four_line,default,0,1,1,1,1,5,0,1.0,1,cuda
phi_4_mini_instruct__arc_test_00491_ded1fb77__temp0.60__seed7,phi_4_mini_instruct,microsoft/Phi-4-mini-instruct,arc_test_00491_ded1fb77,arc,arc_challenge,arc,491,0.6,7,structured_four_line,default,0,1,0,2,2,5,3,0.95,0,cuda
phi_4_mini_instruct__arc_test_00492_6cb78bde__temp0.60__seed7,phi_4_mini_instruct,microsoft/Phi-4-mini-instruct,arc_test_00492_6cb78bde,arc,arc_challenge,arc,492,0.6,7,structured_four_line,default,0,1,1,1,1,5,1,1.0,0,cuda
phi_4_mini_instruct__arc_test_00493_955ed165__temp0.60__seed7,phi_4_mini_instruct,microsoft/Phi-4-mini-instruct,arc_test_00493_955ed165,arc,arc_challenge,arc,493,0.6,7,structured_four_line,default,0,1,1,1,1,2,0,1.0,1,cuda
phi_4_mini_instruct__arc_test_00494_7d9bb2d6__temp0.60__seed7,phi_4_mini_instruct,microsoft/Phi-4-mini-instruct,arc_test_00494_7d9bb2d6,arc,arc_challenge,arc,494,0.6,7,structured_four_line,default,0,1,1,1,1,5,0,1.0,1,cuda
phi_4_mini_instruct__arc_test_00495_e38f696f__temp0.60__seed7,phi_4_mini_instruct,microsoft/Phi-4-mini-instruct,arc_test_00495_e38f696f,arc,arc_challenge,arc,495,0.6,7,structured_four_line,default,0,1,1,1,1,5,0,1.0,1,cuda
phi_4_mini_instruct__arc_test_00496_4f83df33__temp0.60__seed7,phi_4_mini_instruct,microsoft/Phi-4-mini-instruct,arc_test_00496_4f83df33,arc,arc_challenge,arc,496,0.6,7,structured_four_line,default,0,0,0,1,5,5,0,0.0,0,cuda
phi_4_mini_instruct__arc_test_00497_703134ee__temp0.60__seed7,phi_4_mini_instruct,microsoft/Phi-4-mini-instruct,arc_test_00497_703134ee,arc,arc_challenge,arc,497,0.6,7,structured_four_line,default,0,1,1,1,1,5,1,1.0,0,cuda
phi_4_mini_instruct__arc_test_00498_84afdcdc__temp0.60__seed7,phi_4_mini_instruct,microsoft/Phi-4-mini-instruct,arc_test_00498_84afdcdc,arc,arc_challenge,arc,498,0.6,7,structured_four_line,default,0,0,0,1,5,5,2,0.0,0,cuda
phi_4_mini_instruct__arc_test_00499_c2a68a4a__temp0.60__seed7,phi_4_mini_instruct,microsoft/Phi-4-mini-instruct,arc_test_00499_c2a68a4a,arc,arc_challenge,arc,499,0.6,7,structured_four_line,default,0,1,1,1,1,5,0,1.0,1,cuda
