run_id,brier,auc,n,scope
llama_3p1_8b_instruct__math_test_00000_5a6bb412__temp0.10__seed7,0.3284780965869683,,14,per_run_oof
llama_3p1_8b_instruct__math_test_00000_5a6bb412__temp0.60__seed7,0.24774361128797184,,14,per_run_oof
llama_3p1_8b_instruct__math_test_00000_5a6bb412__temp1.00__seed7,0.30275203776228027,,14,per_run_oof
llama_3p1_8b_instruct__math_test_00001_28176864__temp0.10__seed7,0.1984495711618138,,14,per_run_oof
llama_3p1_8b_instruct__math_test_00001_28176864__temp0.60__seed7,0.17783689199049343,,14,per_run_oof
llama_3p1_8b_instruct__math_test_00001_28176864__temp1.00__seed7,0.14699759051082512,,14,per_run_oof
llama_3p1_8b_instruct__math_test_00002_12859ab8__temp0.10__seed7,0.26261194838741664,,14,per_run_oof
llama_3p1_8b_instruct__math_test_00002_12859ab8__temp0.60__seed7,0.3462116436154896,,14,per_run_oof
llama_3p1_8b_instruct__math_test_00002_12859ab8__temp1.00__seed7,0.19614939258611996,,14,per_run_oof
llama_3p1_8b_instruct__math_test_00003_b88cddac__temp0.10__seed7,0.25542059006534473,,14,per_run_oof
llama_3p1_8b_instruct__math_test_00003_b88cddac__temp0.60__seed7,0.2566814305706947,,14,per_run_oof
llama_3p1_8b_instruct__math_test_00003_b88cddac__temp1.00__seed7,0.060226052830528454,,14,per_run_oof
llama_3p1_8b_instruct__math_test_00004_d6afb929__temp0.10__seed7,0.05328589422767689,,14,per_run_oof
llama_3p1_8b_instruct__math_test_00004_d6afb929__temp0.60__seed7,0.22393666249570132,,14,per_run_oof
llama_3p1_8b_instruct__math_test_00004_d6afb929__temp1.00__seed7,0.29631671370151436,,14,per_run_oof
llama_3p1_8b_instruct__math_test_00005_82ab404f__temp0.10__seed7,0.3074808407834781,,14,per_run_oof
llama_3p1_8b_instruct__math_test_00005_82ab404f__temp0.60__seed7,0.3089017122313689,,14,per_run_oof
llama_3p1_8b_instruct__math_test_00005_82ab404f__temp1.00__seed7,0.3229266043510158,,14,per_run_oof
llama_3p1_8b_instruct__math_test_00006_27e7448e__temp0.10__seed7,0.19793031441928322,1.0,14,per_run_oof
llama_3p1_8b_instruct__math_test_00006_27e7448e__temp0.60__seed7,0.27469246498422956,,14,per_run_oof
llama_3p1_8b_instruct__math_test_00006_27e7448e__temp1.00__seed7,0.2667826919500213,,14,per_run_oof
llama_3p1_8b_instruct__math_test_00007_8a27500a__temp0.10__seed7,0.34978500545793084,,14,per_run_oof
llama_3p1_8b_instruct__math_test_00007_8a27500a__temp0.60__seed7,0.22737697092327874,,14,per_run_oof
llama_3p1_8b_instruct__math_test_00007_8a27500a__temp1.00__seed7,0.1493006970074779,,14,per_run_oof
llama_3p1_8b_instruct__math_test_00008_e894d48c__temp0.10__seed7,0.4686872627770118,,14,per_run_oof
llama_3p1_8b_instruct__math_test_00008_e894d48c__temp0.60__seed7,0.3566731927601351,,14,per_run_oof
llama_3p1_8b_instruct__math_test_00008_e894d48c__temp1.00__seed7,0.20060477981962474,,14,per_run_oof
llama_3p1_8b_instruct__math_test_00009_99c62e67__temp0.10__seed7,0.3418253308302403,,14,per_run_oof
llama_3p1_8b_instruct__math_test_00009_99c62e67__temp0.60__seed7,0.293740112740214,,14,per_run_oof
llama_3p1_8b_instruct__math_test_00009_99c62e67__temp1.00__seed7,0.2929332102096783,,14,per_run_oof
llama_3p1_8b_instruct__math_test_00010_88e977e0__temp0.10__seed7,0.23195265226314962,,14,per_run_oof
llama_3p1_8b_instruct__math_test_00010_88e977e0__temp0.60__seed7,0.21393202459377925,,14,per_run_oof
llama_3p1_8b_instruct__math_test_00010_88e977e0__temp1.00__seed7,0.1797702295749852,,14,per_run_oof
llama_3p1_8b_instruct__math_test_00011_3e051151__temp0.10__seed7,0.09575339714122498,1.0,14,per_run_oof
llama_3p1_8b_instruct__math_test_00011_3e051151__temp0.60__seed7,0.22321252132605846,0.6458333333333333,14,per_run_oof
llama_3p1_8b_instruct__math_test_00011_3e051151__temp1.00__seed7,0.221196342225659,,14,per_run_oof
llama_3p1_8b_instruct__math_test_00012_2ce46331__temp0.10__seed7,0.09949388169943883,,14,per_run_oof
llama_3p1_8b_instruct__math_test_00012_2ce46331__temp0.60__seed7,0.03250977952986382,,14,per_run_oof
llama_3p1_8b_instruct__math_test_00012_2ce46331__temp1.00__seed7,0.10844639287251336,,14,per_run_oof
llama_3p1_8b_instruct__math_test_00013_3fae6c79__temp0.10__seed7,0.08159214414194157,1.0,14,per_run_oof
llama_3p1_8b_instruct__math_test_00013_3fae6c79__temp0.60__seed7,0.3721109749334587,,14,per_run_oof
llama_3p1_8b_instruct__math_test_00013_3fae6c79__temp1.00__seed7,0.24464322276080594,0.0,14,per_run_oof
llama_3p1_8b_instruct__math_test_00014_4bed628b__temp0.10__seed7,0.32109970968216456,0.3846153846153846,14,per_run_oof
llama_3p1_8b_instruct__math_test_00014_4bed628b__temp0.60__seed7,0.3015111314875597,,14,per_run_oof
llama_3p1_8b_instruct__math_test_00014_4bed628b__temp1.00__seed7,0.18343191775328058,0.8888888888888888,14,per_run_oof
llama_3p1_8b_instruct__math_test_00015_04ca2ad3__temp0.10__seed7,0.3473387247418317,,14,per_run_oof
llama_3p1_8b_instruct__math_test_00015_04ca2ad3__temp0.60__seed7,0.21241722464909626,,14,per_run_oof
llama_3p1_8b_instruct__math_test_00015_04ca2ad3__temp1.00__seed7,0.14465874992048125,,14,per_run_oof
llama_3p1_8b_instruct__math_test_00016_da610902__temp0.10__seed7,0.3399090352544701,,14,per_run_oof
llama_3p1_8b_instruct__math_test_00016_da610902__temp0.60__seed7,0.1426014762046866,0.8484848484848485,14,per_run_oof
llama_3p1_8b_instruct__math_test_00016_da610902__temp1.00__seed7,0.08369680491605604,1.0,14,per_run_oof
llama_3p1_8b_instruct__math_test_00017_c6ed297b__temp0.10__seed7,0.07596023178897482,1.0,14,per_run_oof
llama_3p1_8b_instruct__math_test_00017_c6ed297b__temp0.60__seed7,0.26145396853988856,,14,per_run_oof
llama_3p1_8b_instruct__math_test_00017_c6ed297b__temp1.00__seed7,0.10700020906352918,,14,per_run_oof
llama_3p1_8b_instruct__math_test_00018_407dceb0__temp0.10__seed7,0.27297215271076797,0.775,14,per_run_oof
llama_3p1_8b_instruct__math_test_00018_407dceb0__temp0.60__seed7,0.13107450477823943,1.0,14,per_run_oof
llama_3p1_8b_instruct__math_test_00018_407dceb0__temp1.00__seed7,0.330165009104667,,14,per_run_oof
llama_3p1_8b_instruct__math_test_00019_646b1b85__temp0.10__seed7,0.1334483779969716,0.925,14,per_run_oof
llama_3p1_8b_instruct__math_test_00019_646b1b85__temp0.60__seed7,0.3585406950097596,,14,per_run_oof
llama_3p1_8b_instruct__math_test_00019_646b1b85__temp1.00__seed7,0.42079278874224235,0.375,14,per_run_oof
llama_3p1_8b_instruct__math_test_00020_f9bb4c02__temp0.10__seed7,0.21713630788903182,,14,per_run_oof
llama_3p1_8b_instruct__math_test_00020_f9bb4c02__temp0.60__seed7,0.05868438552538454,,14,per_run_oof
llama_3p1_8b_instruct__math_test_00020_f9bb4c02__temp1.00__seed7,0.054456860552235135,,14,per_run_oof
llama_3p1_8b_instruct__math_test_00021_b40f659d__temp0.10__seed7,0.07583947929134263,1.0,14,per_run_oof
llama_3p1_8b_instruct__math_test_00021_b40f659d__temp0.60__seed7,0.14704210001799686,1.0,14,per_run_oof
llama_3p1_8b_instruct__math_test_00021_b40f659d__temp1.00__seed7,0.17210732691979724,0.9393939393939393,14,per_run_oof
llama_3p1_8b_instruct__math_test_00022_8fba220b__temp0.10__seed7,0.2644852774520849,,14,per_run_oof
llama_3p1_8b_instruct__math_test_00022_8fba220b__temp0.60__seed7,0.3865589690996149,,14,per_run_oof
llama_3p1_8b_instruct__math_test_00022_8fba220b__temp1.00__seed7,0.1847740086276833,,14,per_run_oof
llama_3p1_8b_instruct__math_test_00023_998c2d9c__temp0.10__seed7,0.043501461819773594,,14,per_run_oof
llama_3p1_8b_instruct__math_test_00023_998c2d9c__temp0.60__seed7,0.1258234437545108,,14,per_run_oof
llama_3p1_8b_instruct__math_test_00023_998c2d9c__temp1.00__seed7,0.06498260230758923,,14,per_run_oof
llama_3p1_8b_instruct__math_test_00024_f928c750__temp0.10__seed7,0.2867243733221337,,14,per_run_oof
llama_3p1_8b_instruct__math_test_00024_f928c750__temp0.60__seed7,0.195251161671329,,14,per_run_oof
llama_3p1_8b_instruct__math_test_00024_f928c750__temp1.00__seed7,0.28832594450854704,0.75,14,per_run_oof
llama_3p1_8b_instruct__math_test_00025_4388bd76__temp0.10__seed7,0.1816193915007329,,14,per_run_oof
llama_3p1_8b_instruct__math_test_00025_4388bd76__temp0.60__seed7,0.23394851662517807,,14,per_run_oof
llama_3p1_8b_instruct__math_test_00025_4388bd76__temp1.00__seed7,0.27486925796069156,,14,per_run_oof
llama_3p1_8b_instruct__math_test_00026_4945051e__temp0.10__seed7,0.40239373692011743,,14,per_run_oof
llama_3p1_8b_instruct__math_test_00026_4945051e__temp0.60__seed7,0.4133434100709443,,14,per_run_oof
llama_3p1_8b_instruct__math_test_00026_4945051e__temp1.00__seed7,0.32162106591499867,,14,per_run_oof
llama_3p1_8b_instruct__math_test_00027_9d852676__temp0.10__seed7,0.19621990633928363,,14,per_run_oof
llama_3p1_8b_instruct__math_test_00027_9d852676__temp0.60__seed7,0.10719610747290369,,14,per_run_oof
llama_3p1_8b_instruct__math_test_00027_9d852676__temp1.00__seed7,0.09682776877782472,,14,per_run_oof
llama_3p1_8b_instruct__math_test_00028_a585adcc__temp0.10__seed7,0.21105367940142777,0.65,14,per_run_oof
llama_3p1_8b_instruct__math_test_00028_a585adcc__temp0.60__seed7,0.21679845009738002,0.925,14,per_run_oof
llama_3p1_8b_instruct__math_test_00028_a585adcc__temp1.00__seed7,0.15689134254265724,,14,per_run_oof
llama_3p1_8b_instruct__math_test_00029_1b84e405__temp0.10__seed7,0.2522398084007435,,14,per_run_oof
llama_3p1_8b_instruct__math_test_00029_1b84e405__temp0.60__seed7,0.3601977572240192,,14,per_run_oof
llama_3p1_8b_instruct__math_test_00029_1b84e405__temp1.00__seed7,0.23950651941983775,0.6458333333333333,14,per_run_oof
llama_3p1_8b_instruct__math_test_00030_a477f137__temp0.10__seed7,0.2617337523017294,,14,per_run_oof
llama_3p1_8b_instruct__math_test_00030_a477f137__temp0.60__seed7,0.25795756399377895,,14,per_run_oof
llama_3p1_8b_instruct__math_test_00030_a477f137__temp1.00__seed7,0.16107902837411422,,14,per_run_oof
llama_3p1_8b_instruct__math_test_00031_1bbccbd2__temp0.10__seed7,0.30272364228080917,,14,per_run_oof
llama_3p1_8b_instruct__math_test_00031_1bbccbd2__temp0.60__seed7,0.20125110012439434,,14,per_run_oof
llama_3p1_8b_instruct__math_test_00031_1bbccbd2__temp1.00__seed7,0.2831082723610715,,14,per_run_oof
llama_3p1_8b_instruct__math_test_00032_f08fb3bb__temp0.10__seed7,0.2616165717344698,0.3076923076923077,14,per_run_oof
llama_3p1_8b_instruct__math_test_00032_f08fb3bb__temp0.60__seed7,0.2980357755117479,0.15384615384615385,14,per_run_oof
llama_3p1_8b_instruct__math_test_00032_f08fb3bb__temp1.00__seed7,0.26332343519513696,0.625,14,per_run_oof
llama_3p1_8b_instruct__math_test_00033_0f789c1f__temp0.10__seed7,0.3995713799020838,0.12121212121212122,14,per_run_oof
llama_3p1_8b_instruct__math_test_00033_0f789c1f__temp0.60__seed7,0.4586629783199839,0.0,14,per_run_oof
llama_3p1_8b_instruct__math_test_00033_0f789c1f__temp1.00__seed7,0.4165617793361263,0.041666666666666685,14,per_run_oof
llama_3p1_8b_instruct__math_test_00034_dae3e9e5__temp0.10__seed7,0.062442790412589835,,14,per_run_oof
llama_3p1_8b_instruct__math_test_00034_dae3e9e5__temp0.60__seed7,0.07285478030903056,,14,per_run_oof
llama_3p1_8b_instruct__math_test_00034_dae3e9e5__temp1.00__seed7,0.09155043056862189,,14,per_run_oof
llama_3p1_8b_instruct__math_test_00035_f144cd5e__temp0.10__seed7,0.15568336298194874,,14,per_run_oof
llama_3p1_8b_instruct__math_test_00035_f144cd5e__temp0.60__seed7,0.2818390479617752,,14,per_run_oof
llama_3p1_8b_instruct__math_test_00035_f144cd5e__temp1.00__seed7,0.15517733207561832,,14,per_run_oof
llama_3p1_8b_instruct__math_test_00036_ccf4238b__temp0.10__seed7,0.2662062911748101,,14,per_run_oof
llama_3p1_8b_instruct__math_test_00036_ccf4238b__temp0.60__seed7,0.1280824402266793,1.0,14,per_run_oof
llama_3p1_8b_instruct__math_test_00036_ccf4238b__temp1.00__seed7,0.05228365322126137,,14,per_run_oof
llama_3p1_8b_instruct__math_test_00037_2426e280__temp0.10__seed7,0.35365913780536234,,14,per_run_oof
llama_3p1_8b_instruct__math_test_00037_2426e280__temp0.60__seed7,0.36322517633569706,,14,per_run_oof
llama_3p1_8b_instruct__math_test_00037_2426e280__temp1.00__seed7,0.32053008155504303,,14,per_run_oof
llama_3p1_8b_instruct__math_test_00038_0e7cb690__temp0.10__seed7,0.25822212960570995,,14,per_run_oof
llama_3p1_8b_instruct__math_test_00038_0e7cb690__temp0.60__seed7,0.2023894828460482,,14,per_run_oof
llama_3p1_8b_instruct__math_test_00038_0e7cb690__temp1.00__seed7,0.08571181023079398,,14,per_run_oof
llama_3p1_8b_instruct__math_test_00039_8ba6a72a__temp0.10__seed7,0.2733187357752855,,14,per_run_oof
llama_3p1_8b_instruct__math_test_00039_8ba6a72a__temp0.60__seed7,0.15752232651987366,,14,per_run_oof
llama_3p1_8b_instruct__math_test_00039_8ba6a72a__temp1.00__seed7,0.09127866433070184,1.0,14,per_run_oof
llama_3p1_8b_instruct__math_test_00040_814d16a0__temp0.10__seed7,0.38800493750017784,,14,per_run_oof
llama_3p1_8b_instruct__math_test_00040_814d16a0__temp0.60__seed7,0.1835719010851013,1.0,14,per_run_oof
llama_3p1_8b_instruct__math_test_00040_814d16a0__temp1.00__seed7,0.29985922519085134,0.48484848484848486,14,per_run_oof
llama_3p1_8b_instruct__math_test_00041_7ad395c5__temp0.10__seed7,0.15442022166161437,,14,per_run_oof
llama_3p1_8b_instruct__math_test_00041_7ad395c5__temp0.60__seed7,0.3579874197228765,,14,per_run_oof
llama_3p1_8b_instruct__math_test_00041_7ad395c5__temp1.00__seed7,0.19712404519835344,,14,per_run_oof
llama_3p1_8b_instruct__math_test_00042_39c9185d__temp0.10__seed7,0.2606909641299357,,14,per_run_oof
llama_3p1_8b_instruct__math_test_00042_39c9185d__temp0.60__seed7,0.25807706505898353,,14,per_run_oof
llama_3p1_8b_instruct__math_test_00042_39c9185d__temp1.00__seed7,0.12099971333259066,,14,per_run_oof
llama_3p1_8b_instruct__math_test_00043_62275531__temp0.10__seed7,0.14129093511615837,0.9777777777777779,14,per_run_oof
llama_3p1_8b_instruct__math_test_00043_62275531__temp0.60__seed7,0.27959364824604943,,14,per_run_oof
llama_3p1_8b_instruct__math_test_00043_62275531__temp1.00__seed7,0.1128157770992861,1.0,14,per_run_oof
llama_3p1_8b_instruct__math_test_00044_810e3649__temp0.10__seed7,0.3578352049302918,,14,per_run_oof
llama_3p1_8b_instruct__math_test_00044_810e3649__temp0.60__seed7,0.23514326614485895,,14,per_run_oof
llama_3p1_8b_instruct__math_test_00044_810e3649__temp1.00__seed7,0.30946708389097016,,14,per_run_oof
llama_3p1_8b_instruct__math_test_00045_152ae8e8__temp0.10__seed7,0.19780375387703872,,14,per_run_oof
llama_3p1_8b_instruct__math_test_00045_152ae8e8__temp0.60__seed7,0.181563335430779,,14,per_run_oof
llama_3p1_8b_instruct__math_test_00045_152ae8e8__temp1.00__seed7,0.09531100688941674,,14,per_run_oof
llama_3p1_8b_instruct__math_test_00046_3e08e6df__temp0.10__seed7,0.18392373951858074,1.0,14,per_run_oof
llama_3p1_8b_instruct__math_test_00046_3e08e6df__temp0.60__seed7,0.11514889186039898,1.0,14,per_run_oof
llama_3p1_8b_instruct__math_test_00046_3e08e6df__temp1.00__seed7,0.1355188572673038,0.975,14,per_run_oof
llama_3p1_8b_instruct__math_test_00047_3a39ed4a__temp0.10__seed7,0.041536390883984385,,14,per_run_oof
llama_3p1_8b_instruct__math_test_00047_3a39ed4a__temp0.60__seed7,0.09910554885910951,,14,per_run_oof
llama_3p1_8b_instruct__math_test_00047_3a39ed4a__temp1.00__seed7,0.05237016681418756,,14,per_run_oof
llama_3p1_8b_instruct__math_test_00048_6a611c4a__temp0.10__seed7,0.3692718073395031,0.07692307692307687,14,per_run_oof
llama_3p1_8b_instruct__math_test_00048_6a611c4a__temp0.60__seed7,0.2916713268012273,0.23076923076923073,14,per_run_oof
llama_3p1_8b_instruct__math_test_00048_6a611c4a__temp1.00__seed7,0.30745514732828416,0.08333333333333331,14,per_run_oof
llama_3p1_8b_instruct__math_test_00049_e45e9b10__temp0.10__seed7,0.38754204933174635,,14,per_run_oof
llama_3p1_8b_instruct__math_test_00049_e45e9b10__temp0.60__seed7,0.13095317523038008,0.7916666666666666,14,per_run_oof
llama_3p1_8b_instruct__math_test_00049_e45e9b10__temp1.00__seed7,0.2134114295697652,,14,per_run_oof
llama_3p1_8b_instruct__math_test_00050_f4090aaa__temp0.10__seed7,0.24063368823040168,,14,per_run_oof
llama_3p1_8b_instruct__math_test_00050_f4090aaa__temp0.60__seed7,0.24184027585775006,,14,per_run_oof
llama_3p1_8b_instruct__math_test_00050_f4090aaa__temp1.00__seed7,0.2764984222351474,,14,per_run_oof
llama_3p1_8b_instruct__math_test_00051_1e5ff908__temp0.10__seed7,0.16780669513619023,,14,per_run_oof
llama_3p1_8b_instruct__math_test_00051_1e5ff908__temp0.60__seed7,0.1336025619264294,,14,per_run_oof
llama_3p1_8b_instruct__math_test_00051_1e5ff908__temp1.00__seed7,0.14545486404994798,,14,per_run_oof
llama_3p1_8b_instruct__math_test_00052_5850e1b9__temp0.10__seed7,0.16977531224429146,,14,per_run_oof
llama_3p1_8b_instruct__math_test_00052_5850e1b9__temp0.60__seed7,0.0627228910148359,1.0,14,per_run_oof
llama_3p1_8b_instruct__math_test_00052_5850e1b9__temp1.00__seed7,0.22268825724998056,0.4848484848484848,14,per_run_oof
llama_3p1_8b_instruct__math_test_00053_f8d21f23__temp0.10__seed7,0.1678819193686205,,14,per_run_oof
llama_3p1_8b_instruct__math_test_00053_f8d21f23__temp0.60__seed7,0.24663192510783588,,14,per_run_oof
llama_3p1_8b_instruct__math_test_00053_f8d21f23__temp1.00__seed7,0.14809255635402002,,14,per_run_oof
llama_3p1_8b_instruct__math_test_00054_ddf4c852__temp0.10__seed7,0.2897155315825586,,14,per_run_oof
llama_3p1_8b_instruct__math_test_00054_ddf4c852__temp0.60__seed7,0.11701648165601475,0.8775510204081632,14,per_run_oof
llama_3p1_8b_instruct__math_test_00054_ddf4c852__temp1.00__seed7,0.10859508215864373,0.9791666666666666,14,per_run_oof
llama_3p1_8b_instruct__math_test_00055_24952be5__temp0.10__seed7,0.10234960754886055,0.8333333333333334,14,per_run_oof
llama_3p1_8b_instruct__math_test_00055_24952be5__temp0.60__seed7,0.263603712549973,,14,per_run_oof
llama_3p1_8b_instruct__math_test_00055_24952be5__temp1.00__seed7,0.17494918372750742,,14,per_run_oof
llama_3p1_8b_instruct__math_test_00056_a8c223a1__temp0.10__seed7,0.2120290006426437,,14,per_run_oof
llama_3p1_8b_instruct__math_test_00056_a8c223a1__temp0.60__seed7,0.25680288736878376,,14,per_run_oof
llama_3p1_8b_instruct__math_test_00056_a8c223a1__temp1.00__seed7,0.15752181864205972,0.9555555555555555,14,per_run_oof
llama_3p1_8b_instruct__math_test_00057_8236aaa4__temp0.10__seed7,0.4722473573258527,,14,per_run_oof
llama_3p1_8b_instruct__math_test_00057_8236aaa4__temp0.60__seed7,0.14753566515166333,0.8666666666666667,14,per_run_oof
llama_3p1_8b_instruct__math_test_00057_8236aaa4__temp1.00__seed7,0.19828169460489956,0.8484848484848484,14,per_run_oof
llama_3p1_8b_instruct__math_test_00058_7afa45ab__temp0.10__seed7,0.15613797763084208,,14,per_run_oof
llama_3p1_8b_instruct__math_test_00058_7afa45ab__temp0.60__seed7,0.19088763486661636,0.7083333333333334,14,per_run_oof
llama_3p1_8b_instruct__math_test_00058_7afa45ab__temp1.00__seed7,0.09104770885217602,,14,per_run_oof
llama_3p1_8b_instruct__math_test_00059_43a9d185__temp0.10__seed7,0.2415554782433142,,14,per_run_oof
llama_3p1_8b_instruct__math_test_00059_43a9d185__temp0.60__seed7,0.09461513415096212,1.0,14,per_run_oof
llama_3p1_8b_instruct__math_test_00059_43a9d185__temp1.00__seed7,0.1316881783545654,,14,per_run_oof
llama_3p1_8b_instruct__math_test_00060_a67ac75a__temp0.10__seed7,0.2693342020239643,,14,per_run_oof
llama_3p1_8b_instruct__math_test_00060_a67ac75a__temp0.60__seed7,0.02726913279173527,,14,per_run_oof
llama_3p1_8b_instruct__math_test_00060_a67ac75a__temp1.00__seed7,0.1171314898604717,,14,per_run_oof
llama_3p1_8b_instruct__math_test_00061_4943c966__temp0.10__seed7,0.10291753733935385,0.9393939393939393,14,per_run_oof
llama_3p1_8b_instruct__math_test_00061_4943c966__temp0.60__seed7,0.20625936088446625,0.9500000000000001,14,per_run_oof
llama_3p1_8b_instruct__math_test_00061_4943c966__temp1.00__seed7,0.0987966451605212,1.0,14,per_run_oof
llama_3p1_8b_instruct__math_test_00062_ae97d603__temp0.10__seed7,0.1296577288282947,0.8888888888888888,14,per_run_oof
llama_3p1_8b_instruct__math_test_00062_ae97d603__temp0.60__seed7,0.15242444151752924,1.0,14,per_run_oof
llama_3p1_8b_instruct__math_test_00062_ae97d603__temp1.00__seed7,0.05236373635836743,,14,per_run_oof
llama_3p1_8b_instruct__math_test_00063_7eb01312__temp0.10__seed7,0.26926697573079095,,14,per_run_oof
llama_3p1_8b_instruct__math_test_00063_7eb01312__temp0.60__seed7,0.10112195191863325,,14,per_run_oof
llama_3p1_8b_instruct__math_test_00063_7eb01312__temp1.00__seed7,0.11942761471749515,,14,per_run_oof
llama_3p1_8b_instruct__math_test_00064_56e26e67__temp0.10__seed7,0.2448954183267014,,14,per_run_oof
llama_3p1_8b_instruct__math_test_00064_56e26e67__temp0.60__seed7,0.3137405603530826,,14,per_run_oof
llama_3p1_8b_instruct__math_test_00064_56e26e67__temp1.00__seed7,0.25190331372591507,,14,per_run_oof
llama_3p1_8b_instruct__math_test_00065_1d982f42__temp0.10__seed7,0.18400154599455515,,14,per_run_oof
llama_3p1_8b_instruct__math_test_00065_1d982f42__temp0.60__seed7,0.06397777366546714,,14,per_run_oof
llama_3p1_8b_instruct__math_test_00065_1d982f42__temp1.00__seed7,0.08684159292736673,,14,per_run_oof
llama_3p1_8b_instruct__math_test_00066_c503000c__temp0.10__seed7,0.26725526866853,,14,per_run_oof
llama_3p1_8b_instruct__math_test_00066_c503000c__temp0.60__seed7,0.2899056406628446,0.4848484848484848,14,per_run_oof
llama_3p1_8b_instruct__math_test_00066_c503000c__temp1.00__seed7,0.09842227875299484,0.6923076923076923,14,per_run_oof
llama_3p1_8b_instruct__math_test_00067_b2cca4da__temp0.10__seed7,0.288569712712175,,14,per_run_oof
llama_3p1_8b_instruct__math_test_00067_b2cca4da__temp0.60__seed7,0.2911748905662441,,14,per_run_oof
llama_3p1_8b_instruct__math_test_00067_b2cca4da__temp1.00__seed7,0.10354670649874277,1.0,14,per_run_oof
llama_3p1_8b_instruct__math_test_00068_ea595be8__temp0.10__seed7,0.12901059934818895,1.0,14,per_run_oof
llama_3p1_8b_instruct__math_test_00068_ea595be8__temp0.60__seed7,0.403331763632682,0.15384615384615385,14,per_run_oof
llama_3p1_8b_instruct__math_test_00068_ea595be8__temp1.00__seed7,0.12084452114756257,1.0,14,per_run_oof
llama_3p1_8b_instruct__math_test_00069_c6dad45a__temp0.10__seed7,0.2562855748633524,0.606060606060606,14,per_run_oof
llama_3p1_8b_instruct__math_test_00069_c6dad45a__temp0.60__seed7,0.4501927038940035,,14,per_run_oof
llama_3p1_8b_instruct__math_test_00069_c6dad45a__temp1.00__seed7,0.25461178945148893,,14,per_run_oof
llama_3p1_8b_instruct__math_test_00070_96016437__temp0.10__seed7,0.4621453741520205,0.15384615384615385,14,per_run_oof
llama_3p1_8b_instruct__math_test_00070_96016437__temp0.60__seed7,0.06220356585677183,1.0,14,per_run_oof
llama_3p1_8b_instruct__math_test_00070_96016437__temp1.00__seed7,0.24965813804757878,0.3846153846153846,14,per_run_oof
llama_3p1_8b_instruct__math_test_00071_98672352__temp0.10__seed7,0.31182453763576196,0.3333333333333333,14,per_run_oof
llama_3p1_8b_instruct__math_test_00071_98672352__temp0.60__seed7,0.22025795963226194,,14,per_run_oof
llama_3p1_8b_instruct__math_test_00071_98672352__temp1.00__seed7,0.3588104442081886,,14,per_run_oof
llama_3p1_8b_instruct__math_test_00072_76de8c53__temp0.10__seed7,0.13273254389050756,0.9777777777777779,14,per_run_oof
llama_3p1_8b_instruct__math_test_00072_76de8c53__temp0.60__seed7,0.11011945796608864,1.0,14,per_run_oof
llama_3p1_8b_instruct__math_test_00072_76de8c53__temp1.00__seed7,0.33460253200718354,,14,per_run_oof
llama_3p1_8b_instruct__math_test_00073_7f9e23c9__temp0.10__seed7,0.10225533503551229,1.0,14,per_run_oof
llama_3p1_8b_instruct__math_test_00073_7f9e23c9__temp0.60__seed7,0.1586168733044024,,14,per_run_oof
llama_3p1_8b_instruct__math_test_00073_7f9e23c9__temp1.00__seed7,0.14499432489243227,0.9166666666666667,14,per_run_oof
llama_3p1_8b_instruct__math_test_00074_5b6e5429__temp0.10__seed7,0.27568240485679113,,14,per_run_oof
llama_3p1_8b_instruct__math_test_00074_5b6e5429__temp0.60__seed7,0.05105102405648323,,14,per_run_oof
llama_3p1_8b_instruct__math_test_00074_5b6e5429__temp1.00__seed7,0.08671636611126245,,14,per_run_oof
llama_3p1_8b_instruct__math_test_00075_387f76f4__temp0.10__seed7,0.16159995589398796,0.9696969696969697,14,per_run_oof
llama_3p1_8b_instruct__math_test_00075_387f76f4__temp0.60__seed7,0.3901499037186965,0.45833333333333337,14,per_run_oof
llama_3p1_8b_instruct__math_test_00075_387f76f4__temp1.00__seed7,0.1872177702873554,0.9,14,per_run_oof
llama_3p1_8b_instruct__math_test_00076_b45bd200__temp0.10__seed7,0.2520717669759334,0.95,14,per_run_oof
llama_3p1_8b_instruct__math_test_00076_b45bd200__temp0.60__seed7,0.1036748357001068,0.9777777777777779,14,per_run_oof
llama_3p1_8b_instruct__math_test_00076_b45bd200__temp1.00__seed7,0.2632308658502709,,14,per_run_oof
llama_3p1_8b_instruct__math_test_00077_0fdb870e__temp0.10__seed7,0.16258763319932318,0.8958333333333334,14,per_run_oof
llama_3p1_8b_instruct__math_test_00077_0fdb870e__temp0.60__seed7,0.13413133508631606,0.9791666666666667,14,per_run_oof
llama_3p1_8b_instruct__math_test_00077_0fdb870e__temp1.00__seed7,0.2988433475130065,0.3469387755102041,14,per_run_oof
llama_3p1_8b_instruct__math_test_00078_7de927b7__temp0.10__seed7,0.15108971216767508,0.9230769230769231,14,per_run_oof
llama_3p1_8b_instruct__math_test_00078_7de927b7__temp0.60__seed7,0.15101127978129147,,14,per_run_oof
llama_3p1_8b_instruct__math_test_00078_7de927b7__temp1.00__seed7,0.3956233254618273,0.07692307692307687,14,per_run_oof
llama_3p1_8b_instruct__math_test_00079_3f967fbe__temp0.10__seed7,0.09758686662757805,1.0,14,per_run_oof
llama_3p1_8b_instruct__math_test_00079_3f967fbe__temp0.60__seed7,0.17338574520968128,0.7959183673469388,14,per_run_oof
llama_3p1_8b_instruct__math_test_00079_3f967fbe__temp1.00__seed7,0.15687282325052185,0.875,14,per_run_oof
llama_3p1_8b_instruct__math_test_00080_ea7d5602__temp0.10__seed7,0.13450995296238427,,14,per_run_oof
llama_3p1_8b_instruct__math_test_00080_ea7d5602__temp0.60__seed7,0.22093446887730725,,14,per_run_oof
llama_3p1_8b_instruct__math_test_00080_ea7d5602__temp1.00__seed7,0.20514762698701108,0.3076923076923077,14,per_run_oof
llama_3p1_8b_instruct__math_test_00081_df488277__temp0.10__seed7,0.21278336222009095,,14,per_run_oof
llama_3p1_8b_instruct__math_test_00081_df488277__temp0.60__seed7,0.10931005746620126,1.0,14,per_run_oof
llama_3p1_8b_instruct__math_test_00081_df488277__temp1.00__seed7,0.2516635477474313,0.7083333333333333,14,per_run_oof
llama_3p1_8b_instruct__math_test_00082_7fd2e8f8__temp0.10__seed7,0.5272067780453905,,14,per_run_oof
llama_3p1_8b_instruct__math_test_00082_7fd2e8f8__temp0.60__seed7,0.37994217469231156,,14,per_run_oof
llama_3p1_8b_instruct__math_test_00082_7fd2e8f8__temp1.00__seed7,0.3805619202366203,,14,per_run_oof
llama_3p1_8b_instruct__math_test_00083_5465f015__temp0.10__seed7,0.2972585711169803,,14,per_run_oof
llama_3p1_8b_instruct__math_test_00083_5465f015__temp0.60__seed7,0.3033616433867247,,14,per_run_oof
llama_3p1_8b_instruct__math_test_00083_5465f015__temp1.00__seed7,0.272944428933824,,14,per_run_oof
llama_3p1_8b_instruct__math_test_00084_c4267ccc__temp0.10__seed7,0.15991538279265222,,14,per_run_oof
llama_3p1_8b_instruct__math_test_00084_c4267ccc__temp0.60__seed7,0.15583006794832485,,14,per_run_oof
llama_3p1_8b_instruct__math_test_00084_c4267ccc__temp1.00__seed7,0.14899480371887103,,14,per_run_oof
llama_3p1_8b_instruct__math_test_00085_ab1a6003__temp0.10__seed7,0.24190306241066858,,14,per_run_oof
llama_3p1_8b_instruct__math_test_00085_ab1a6003__temp0.60__seed7,0.28414678801837134,,14,per_run_oof
llama_3p1_8b_instruct__math_test_00085_ab1a6003__temp1.00__seed7,0.1562012975976407,,14,per_run_oof
llama_3p1_8b_instruct__math_test_00086_3447bc00__temp0.10__seed7,0.026492451352909212,,14,per_run_oof
llama_3p1_8b_instruct__math_test_00086_3447bc00__temp0.60__seed7,0.05304380855092189,,14,per_run_oof
llama_3p1_8b_instruct__math_test_00086_3447bc00__temp1.00__seed7,0.2795373280369425,,14,per_run_oof
llama_3p1_8b_instruct__math_test_00087_649d31a4__temp0.10__seed7,0.36319861495461947,0.23076923076923073,14,per_run_oof
llama_3p1_8b_instruct__math_test_00087_649d31a4__temp0.60__seed7,0.42224535173865413,0.041666666666666685,14,per_run_oof
llama_3p1_8b_instruct__math_test_00087_649d31a4__temp1.00__seed7,0.2169224598363473,,14,per_run_oof
llama_3p1_8b_instruct__math_test_00088_207198c5__temp0.10__seed7,0.3790482697327559,,14,per_run_oof
llama_3p1_8b_instruct__math_test_00088_207198c5__temp0.60__seed7,0.2758127185025489,,14,per_run_oof
llama_3p1_8b_instruct__math_test_00088_207198c5__temp1.00__seed7,0.24102260653497407,,14,per_run_oof
llama_3p1_8b_instruct__math_test_00089_962971ae__temp0.10__seed7,0.45294536790096657,,14,per_run_oof
llama_3p1_8b_instruct__math_test_00089_962971ae__temp0.60__seed7,0.18995045760194995,1.0,14,per_run_oof
llama_3p1_8b_instruct__math_test_00089_962971ae__temp1.00__seed7,0.058647159360904186,,14,per_run_oof
llama_3p1_8b_instruct__math_test_00090_f27fcf39__temp0.10__seed7,0.3345447453983281,,14,per_run_oof
llama_3p1_8b_instruct__math_test_00090_f27fcf39__temp0.60__seed7,0.13917171771026743,0.9696969696969697,14,per_run_oof
llama_3p1_8b_instruct__math_test_00090_f27fcf39__temp1.00__seed7,0.20402802495523087,,14,per_run_oof
llama_3p1_8b_instruct__math_test_00091_6c78d89b__temp0.10__seed7,0.16690032072966643,1.0,14,per_run_oof
llama_3p1_8b_instruct__math_test_00091_6c78d89b__temp0.60__seed7,0.3461153474829361,,14,per_run_oof
llama_3p1_8b_instruct__math_test_00091_6c78d89b__temp1.00__seed7,0.12017570495498033,1.0,14,per_run_oof
llama_3p1_8b_instruct__math_test_00092_d2ef929c__temp0.10__seed7,0.26030612488312804,,14,per_run_oof
llama_3p1_8b_instruct__math_test_00092_d2ef929c__temp0.60__seed7,0.2775973477288776,,14,per_run_oof
llama_3p1_8b_instruct__math_test_00092_d2ef929c__temp1.00__seed7,0.05630920376138264,,14,per_run_oof
llama_3p1_8b_instruct__math_test_00093_c6ee4fae__temp0.10__seed7,0.4190257828362697,0.15384615384615385,14,per_run_oof
llama_3p1_8b_instruct__math_test_00093_c6ee4fae__temp0.60__seed7,0.2603512475602402,,14,per_run_oof
llama_3p1_8b_instruct__math_test_00093_c6ee4fae__temp1.00__seed7,0.4369525507050828,,14,per_run_oof
llama_3p1_8b_instruct__math_test_00094_82adbbe7__temp0.10__seed7,0.20668518959863746,,14,per_run_oof
llama_3p1_8b_instruct__math_test_00094_82adbbe7__temp0.60__seed7,0.13565841499539963,,14,per_run_oof
llama_3p1_8b_instruct__math_test_00094_82adbbe7__temp1.00__seed7,0.03962143467269095,,14,per_run_oof
llama_3p1_8b_instruct__math_test_00095_21ca381e__temp0.10__seed7,0.3135269685648199,,14,per_run_oof
llama_3p1_8b_instruct__math_test_00095_21ca381e__temp0.60__seed7,0.26557211138840364,,14,per_run_oof
llama_3p1_8b_instruct__math_test_00095_21ca381e__temp1.00__seed7,0.3092919119178537,,14,per_run_oof
llama_3p1_8b_instruct__math_test_00096_9055d1e9__temp0.10__seed7,0.2402600298477661,,14,per_run_oof
llama_3p1_8b_instruct__math_test_00096_9055d1e9__temp0.60__seed7,0.44972421642007976,,14,per_run_oof
llama_3p1_8b_instruct__math_test_00096_9055d1e9__temp1.00__seed7,0.24914922691697858,,14,per_run_oof
llama_3p1_8b_instruct__math_test_00097_30394417__temp0.10__seed7,0.2215129886342912,,14,per_run_oof
llama_3p1_8b_instruct__math_test_00097_30394417__temp0.60__seed7,0.36336470353655065,,14,per_run_oof
llama_3p1_8b_instruct__math_test_00097_30394417__temp1.00__seed7,0.23006980022068138,,14,per_run_oof
llama_3p1_8b_instruct__math_test_00098_9ceda233__temp0.10__seed7,0.29099214355123515,,14,per_run_oof
llama_3p1_8b_instruct__math_test_00098_9ceda233__temp0.60__seed7,0.24372223350853664,,14,per_run_oof
llama_3p1_8b_instruct__math_test_00098_9ceda233__temp1.00__seed7,0.2930506450138669,,14,per_run_oof
llama_3p1_8b_instruct__math_test_00099_491d2137__temp0.10__seed7,0.292365550288642,,14,per_run_oof
llama_3p1_8b_instruct__math_test_00099_491d2137__temp0.60__seed7,0.2627929565464194,,14,per_run_oof
llama_3p1_8b_instruct__math_test_00099_491d2137__temp1.00__seed7,0.2378313977713611,,14,per_run_oof
llama_3p1_8b_instruct__math_test_00100_941d341c__temp0.10__seed7,0.4735600348552312,,14,per_run_oof
llama_3p1_8b_instruct__math_test_00100_941d341c__temp0.60__seed7,0.36924194716875863,0.23076923076923073,14,per_run_oof
llama_3p1_8b_instruct__math_test_00100_941d341c__temp1.00__seed7,0.3990516708258278,,14,per_run_oof
llama_3p1_8b_instruct__math_test_00101_75e027f9__temp0.10__seed7,0.38663863551890715,,14,per_run_oof
llama_3p1_8b_instruct__math_test_00101_75e027f9__temp0.60__seed7,0.21541609039240142,,14,per_run_oof
llama_3p1_8b_instruct__math_test_00101_75e027f9__temp1.00__seed7,0.3059583892830509,,14,per_run_oof
llama_3p1_8b_instruct__math_test_00102_129dd488__temp0.10__seed7,0.3968939135443695,0.14999999999999997,14,per_run_oof
llama_3p1_8b_instruct__math_test_00102_129dd488__temp0.60__seed7,0.2695712847413617,,14,per_run_oof
llama_3p1_8b_instruct__math_test_00102_129dd488__temp1.00__seed7,0.11515766241077068,,14,per_run_oof
llama_3p1_8b_instruct__math_test_00103_7b0f3b51__temp0.10__seed7,0.31894856190526333,,14,per_run_oof
llama_3p1_8b_instruct__math_test_00103_7b0f3b51__temp0.60__seed7,0.29161175683690244,,14,per_run_oof
llama_3p1_8b_instruct__math_test_00103_7b0f3b51__temp1.00__seed7,0.24276728133101774,,14,per_run_oof
llama_3p1_8b_instruct__math_test_00104_d684f1e9__temp0.10__seed7,0.39139935272843035,0.23076923076923073,14,per_run_oof
llama_3p1_8b_instruct__math_test_00104_d684f1e9__temp0.60__seed7,0.2964806123486851,0.6499999999999999,14,per_run_oof
llama_3p1_8b_instruct__math_test_00104_d684f1e9__temp1.00__seed7,0.13846731979892882,0.9791666666666667,14,per_run_oof
llama_3p1_8b_instruct__math_test_00105_6b770d5f__temp0.10__seed7,0.15257290652967,,14,per_run_oof
llama_3p1_8b_instruct__math_test_00105_6b770d5f__temp0.60__seed7,0.027911450150023612,,14,per_run_oof
llama_3p1_8b_instruct__math_test_00105_6b770d5f__temp1.00__seed7,0.23987309106981886,,14,per_run_oof
llama_3p1_8b_instruct__math_test_00106_6e98540c__temp0.10__seed7,0.3383238228670645,,14,per_run_oof
llama_3p1_8b_instruct__math_test_00106_6e98540c__temp0.60__seed7,0.3265597286335769,,14,per_run_oof
llama_3p1_8b_instruct__math_test_00106_6e98540c__temp1.00__seed7,0.30940524839920286,,14,per_run_oof
llama_3p1_8b_instruct__math_test_00107_fd74cd11__temp0.10__seed7,0.12740095450973857,0.925,14,per_run_oof
llama_3p1_8b_instruct__math_test_00107_fd74cd11__temp0.60__seed7,0.2085736233730775,,14,per_run_oof
llama_3p1_8b_instruct__math_test_00107_fd74cd11__temp1.00__seed7,0.17547104564821994,0.825,14,per_run_oof
llama_3p1_8b_instruct__math_test_00108_611e7552__temp0.10__seed7,0.18815722120816364,0.8,14,per_run_oof
llama_3p1_8b_instruct__math_test_00108_611e7552__temp0.60__seed7,0.23436951688367316,,14,per_run_oof
llama_3p1_8b_instruct__math_test_00108_611e7552__temp1.00__seed7,0.3445078632687471,0.2,14,per_run_oof
llama_3p1_8b_instruct__math_test_00109_d90424d8__temp0.10__seed7,0.21672538975958372,,14,per_run_oof
llama_3p1_8b_instruct__math_test_00109_d90424d8__temp0.60__seed7,0.2659894359996346,,14,per_run_oof
llama_3p1_8b_instruct__math_test_00109_d90424d8__temp1.00__seed7,0.12071114451990048,,14,per_run_oof
llama_3p1_8b_instruct__math_test_00110_72b3623f__temp0.10__seed7,0.18906989853470066,,14,per_run_oof
llama_3p1_8b_instruct__math_test_00110_72b3623f__temp0.60__seed7,0.22757427590157295,0.75,14,per_run_oof
llama_3p1_8b_instruct__math_test_00110_72b3623f__temp1.00__seed7,0.15717357455312947,0.9375,14,per_run_oof
llama_3p1_8b_instruct__math_test_00111_d752e2e3__temp0.10__seed7,0.09191242935016312,,14,per_run_oof
llama_3p1_8b_instruct__math_test_00111_d752e2e3__temp0.60__seed7,0.21325596297346167,,14,per_run_oof
llama_3p1_8b_instruct__math_test_00111_d752e2e3__temp1.00__seed7,0.21669387223783762,,14,per_run_oof
llama_3p1_8b_instruct__math_test_00112_84e6f7fa__temp0.10__seed7,0.2772420229828608,,14,per_run_oof
llama_3p1_8b_instruct__math_test_00112_84e6f7fa__temp0.60__seed7,0.45087516563375696,,14,per_run_oof
llama_3p1_8b_instruct__math_test_00112_84e6f7fa__temp1.00__seed7,0.3040054257246513,,14,per_run_oof
llama_3p1_8b_instruct__math_test_00113_f30e88a0__temp0.10__seed7,0.2743285083893129,0.46153846153846156,14,per_run_oof
llama_3p1_8b_instruct__math_test_00113_f30e88a0__temp0.60__seed7,0.1942980692276202,0.5757575757575757,14,per_run_oof
llama_3p1_8b_instruct__math_test_00113_f30e88a0__temp1.00__seed7,0.15636900067702256,,14,per_run_oof
llama_3p1_8b_instruct__math_test_00114_deb9efc8__temp0.10__seed7,0.17788752931515978,,14,per_run_oof
llama_3p1_8b_instruct__math_test_00114_deb9efc8__temp0.60__seed7,0.2113693604338482,,14,per_run_oof
llama_3p1_8b_instruct__math_test_00114_deb9efc8__temp1.00__seed7,0.21288133632514777,,14,per_run_oof
llama_3p1_8b_instruct__math_test_00115_e20c9b7a__temp0.10__seed7,0.1628691364978545,,14,per_run_oof
llama_3p1_8b_instruct__math_test_00115_e20c9b7a__temp0.60__seed7,0.15078998330283638,,14,per_run_oof
llama_3p1_8b_instruct__math_test_00115_e20c9b7a__temp1.00__seed7,0.08123092543666811,,14,per_run_oof
llama_3p1_8b_instruct__math_test_00116_61f50e3d__temp0.10__seed7,0.22187347836110097,,14,per_run_oof
llama_3p1_8b_instruct__math_test_00116_61f50e3d__temp0.60__seed7,0.33224453803889015,,14,per_run_oof
llama_3p1_8b_instruct__math_test_00116_61f50e3d__temp1.00__seed7,0.24613950055201123,,14,per_run_oof
llama_3p1_8b_instruct__math_test_00117_e884ad93__temp0.10__seed7,0.19156242783913444,0.46153846153846156,14,per_run_oof
llama_3p1_8b_instruct__math_test_00117_e884ad93__temp0.60__seed7,0.20904383834696,0.6666666666666666,14,per_run_oof
llama_3p1_8b_instruct__math_test_00117_e884ad93__temp1.00__seed7,0.18282284173570115,,14,per_run_oof
llama_3p1_8b_instruct__math_test_00118_fc8ebbb3__temp0.10__seed7,0.11768450798200229,1.0,14,per_run_oof
llama_3p1_8b_instruct__math_test_00118_fc8ebbb3__temp0.60__seed7,0.363246329225919,,14,per_run_oof
llama_3p1_8b_instruct__math_test_00118_fc8ebbb3__temp1.00__seed7,0.13104919726340478,0.9555555555555556,14,per_run_oof
llama_3p1_8b_instruct__math_test_00119_a6218ea2__temp0.10__seed7,0.0585819505050713,,14,per_run_oof
llama_3p1_8b_instruct__math_test_00119_a6218ea2__temp0.60__seed7,0.019073650230915867,,14,per_run_oof
llama_3p1_8b_instruct__math_test_00119_a6218ea2__temp1.00__seed7,0.10891175051997949,,14,per_run_oof
llama_3p1_8b_instruct__math_test_00120_8eef5288__temp0.10__seed7,0.37005086297752543,,14,per_run_oof
llama_3p1_8b_instruct__math_test_00120_8eef5288__temp0.60__seed7,0.1588146119100324,,14,per_run_oof
llama_3p1_8b_instruct__math_test_00120_8eef5288__temp1.00__seed7,0.14916903114227803,,14,per_run_oof
llama_3p1_8b_instruct__math_test_00121_23cfdf25__temp0.10__seed7,0.16651649820859676,0.46153846153846156,14,per_run_oof
llama_3p1_8b_instruct__math_test_00121_23cfdf25__temp0.60__seed7,0.2630810843786604,,14,per_run_oof
llama_3p1_8b_instruct__math_test_00121_23cfdf25__temp1.00__seed7,0.1563147767726702,,14,per_run_oof
llama_3p1_8b_instruct__math_test_00122_fdf4300d__temp0.10__seed7,0.23011947405101615,,14,per_run_oof
llama_3p1_8b_instruct__math_test_00122_fdf4300d__temp0.60__seed7,0.1775377844770401,,14,per_run_oof
llama_3p1_8b_instruct__math_test_00122_fdf4300d__temp1.00__seed7,0.1834472261468767,,14,per_run_oof
llama_3p1_8b_instruct__math_test_00123_860f65d4__temp0.10__seed7,0.2005922736253632,,14,per_run_oof
llama_3p1_8b_instruct__math_test_00123_860f65d4__temp0.60__seed7,0.12299389826474072,,14,per_run_oof
llama_3p1_8b_instruct__math_test_00123_860f65d4__temp1.00__seed7,0.10954218847551603,,14,per_run_oof
llama_3p1_8b_instruct__math_test_00124_93bacf2d__temp0.10__seed7,0.32422165909913464,,14,per_run_oof
llama_3p1_8b_instruct__math_test_00124_93bacf2d__temp0.60__seed7,0.14546186570584907,0.8666666666666667,14,per_run_oof
llama_3p1_8b_instruct__math_test_00124_93bacf2d__temp1.00__seed7,0.10175141752504671,,14,per_run_oof
llama_3p1_8b_instruct__math_test_00125_e5ac5620__temp0.10__seed7,0.16663518508212513,,14,per_run_oof
llama_3p1_8b_instruct__math_test_00125_e5ac5620__temp0.60__seed7,0.15922023716635078,,14,per_run_oof
llama_3p1_8b_instruct__math_test_00125_e5ac5620__temp1.00__seed7,0.23646635019628967,,14,per_run_oof
llama_3p1_8b_instruct__math_test_00126_81f4f6da__temp0.10__seed7,0.07057835363428568,,14,per_run_oof
llama_3p1_8b_instruct__math_test_00126_81f4f6da__temp0.60__seed7,0.31462907866584555,,14,per_run_oof
llama_3p1_8b_instruct__math_test_00126_81f4f6da__temp1.00__seed7,0.17925023036786042,0.8125,14,per_run_oof
llama_3p1_8b_instruct__math_test_00127_831d47a3__temp0.10__seed7,0.10710441841487277,,14,per_run_oof
llama_3p1_8b_instruct__math_test_00127_831d47a3__temp0.60__seed7,0.13085753893122115,0.9696969696969697,14,per_run_oof
llama_3p1_8b_instruct__math_test_00127_831d47a3__temp1.00__seed7,0.1353398283614228,1.0,14,per_run_oof
llama_3p1_8b_instruct__math_test_00128_34115c3f__temp0.10__seed7,0.0863794874888633,0.6923076923076923,14,per_run_oof
llama_3p1_8b_instruct__math_test_00128_34115c3f__temp0.60__seed7,0.12376820473973661,0.8666666666666667,14,per_run_oof
llama_3p1_8b_instruct__math_test_00128_34115c3f__temp1.00__seed7,0.1824632338448855,0.3333333333333333,14,per_run_oof
llama_3p1_8b_instruct__math_test_00129_13560ab9__temp0.10__seed7,0.2558108882733437,,14,per_run_oof
llama_3p1_8b_instruct__math_test_00129_13560ab9__temp0.60__seed7,0.1900924940714637,,14,per_run_oof
llama_3p1_8b_instruct__math_test_00129_13560ab9__temp1.00__seed7,0.2305281985130458,0.23076923076923073,14,per_run_oof
llama_3p1_8b_instruct__math_test_00130_587c37e4__temp0.10__seed7,0.12469862918820238,,14,per_run_oof
llama_3p1_8b_instruct__math_test_00130_587c37e4__temp0.60__seed7,0.03425547629839586,,14,per_run_oof
llama_3p1_8b_instruct__math_test_00130_587c37e4__temp1.00__seed7,0.11135042897849193,,14,per_run_oof
llama_3p1_8b_instruct__math_test_00131_e4690c90__temp0.10__seed7,0.17740963294099324,,14,per_run_oof
llama_3p1_8b_instruct__math_test_00131_e4690c90__temp0.60__seed7,0.27163258873589335,0.3846153846153846,14,per_run_oof
llama_3p1_8b_instruct__math_test_00131_e4690c90__temp1.00__seed7,0.1224527714175779,,14,per_run_oof
llama_3p1_8b_instruct__math_test_00132_9804c9ed__temp0.10__seed7,0.1904628820459488,0.9183673469387755,14,per_run_oof
llama_3p1_8b_instruct__math_test_00132_9804c9ed__temp0.60__seed7,0.1348226069118377,0.8571428571428572,14,per_run_oof
llama_3p1_8b_instruct__math_test_00132_9804c9ed__temp1.00__seed7,0.3444322430754525,,14,per_run_oof
llama_3p1_8b_instruct__math_test_00133_efc15efb__temp0.10__seed7,0.1651930460555049,0.825,14,per_run_oof
llama_3p1_8b_instruct__math_test_00133_efc15efb__temp0.60__seed7,0.38102419767257834,,14,per_run_oof
llama_3p1_8b_instruct__math_test_00133_efc15efb__temp1.00__seed7,0.13379233723550263,0.975,14,per_run_oof
llama_3p1_8b_instruct__math_test_00134_729aab2d__temp0.10__seed7,0.1567648255675668,,14,per_run_oof
llama_3p1_8b_instruct__math_test_00134_729aab2d__temp0.60__seed7,0.14099666754475584,,14,per_run_oof
llama_3p1_8b_instruct__math_test_00134_729aab2d__temp1.00__seed7,0.1819323598104909,,14,per_run_oof
llama_3p1_8b_instruct__math_test_00135_cc85526c__temp0.10__seed7,0.08635313511774527,1.0,14,per_run_oof
llama_3p1_8b_instruct__math_test_00135_cc85526c__temp0.60__seed7,0.30534529728265886,,14,per_run_oof
llama_3p1_8b_instruct__math_test_00135_cc85526c__temp1.00__seed7,0.4006559067837769,,14,per_run_oof
llama_3p1_8b_instruct__math_test_00136_8e69a186__temp0.10__seed7,0.3716007003960681,0.1875,14,per_run_oof
llama_3p1_8b_instruct__math_test_00136_8e69a186__temp0.60__seed7,0.2702552708493931,,14,per_run_oof
llama_3p1_8b_instruct__math_test_00136_8e69a186__temp1.00__seed7,0.1077790698307601,1.0,14,per_run_oof
llama_3p1_8b_instruct__math_test_00137_66c4d3d6__temp0.10__seed7,0.18143381501247766,,14,per_run_oof
llama_3p1_8b_instruct__math_test_00137_66c4d3d6__temp0.60__seed7,0.22923972204853302,,14,per_run_oof
llama_3p1_8b_instruct__math_test_00137_66c4d3d6__temp1.00__seed7,0.21240714681010897,,14,per_run_oof
llama_3p1_8b_instruct__math_test_00138_3cca3484__temp0.10__seed7,0.06918043220263617,,14,per_run_oof
llama_3p1_8b_instruct__math_test_00138_3cca3484__temp0.60__seed7,0.14973202185210183,,14,per_run_oof
llama_3p1_8b_instruct__math_test_00138_3cca3484__temp1.00__seed7,0.1893894759759575,0.15384615384615385,14,per_run_oof
llama_3p1_8b_instruct__math_test_00139_55101384__temp0.10__seed7,0.17419701047106995,1.0,14,per_run_oof
llama_3p1_8b_instruct__math_test_00139_55101384__temp0.60__seed7,0.1498444511130708,0.8666666666666667,14,per_run_oof
llama_3p1_8b_instruct__math_test_00139_55101384__temp1.00__seed7,0.11285502061853835,1.0,14,per_run_oof
llama_3p1_8b_instruct__math_test_00140_9c2a8a8c__temp0.10__seed7,0.29164571810202994,,14,per_run_oof
llama_3p1_8b_instruct__math_test_00140_9c2a8a8c__temp0.60__seed7,0.08458128015458057,,14,per_run_oof
llama_3p1_8b_instruct__math_test_00140_9c2a8a8c__temp1.00__seed7,0.17106693268886758,,14,per_run_oof
llama_3p1_8b_instruct__math_test_00141_fa53302b__temp0.10__seed7,0.405647842004951,,14,per_run_oof
llama_3p1_8b_instruct__math_test_00141_fa53302b__temp0.60__seed7,0.37538205793521345,,14,per_run_oof
llama_3p1_8b_instruct__math_test_00141_fa53302b__temp1.00__seed7,0.19587745893302858,,14,per_run_oof
llama_3p1_8b_instruct__math_test_00142_a535d7ed__temp0.10__seed7,0.3900497952404482,0.0,14,per_run_oof
llama_3p1_8b_instruct__math_test_00142_a535d7ed__temp0.60__seed7,0.19442840275547515,0.7333333333333334,14,per_run_oof
llama_3p1_8b_instruct__math_test_00142_a535d7ed__temp1.00__seed7,0.15929536652095894,0.825,14,per_run_oof
llama_3p1_8b_instruct__math_test_00143_f0361309__temp0.10__seed7,0.21499114939756717,,14,per_run_oof
llama_3p1_8b_instruct__math_test_00143_f0361309__temp0.60__seed7,0.13483882933629024,,14,per_run_oof
llama_3p1_8b_instruct__math_test_00143_f0361309__temp1.00__seed7,0.4712054025611862,,14,per_run_oof
llama_3p1_8b_instruct__math_test_00144_3287fa74__temp0.10__seed7,0.15287581839964834,0.9393939393939393,14,per_run_oof
llama_3p1_8b_instruct__math_test_00144_3287fa74__temp0.60__seed7,0.18543545628447075,0.7575757575757576,14,per_run_oof
llama_3p1_8b_instruct__math_test_00144_3287fa74__temp1.00__seed7,0.18692971861532595,0.8333333333333333,14,per_run_oof
llama_3p1_8b_instruct__math_test_00145_bb1c005f__temp0.10__seed7,0.37522842890493546,,14,per_run_oof
llama_3p1_8b_instruct__math_test_00145_bb1c005f__temp0.60__seed7,0.09610366306164557,1.0,14,per_run_oof
llama_3p1_8b_instruct__math_test_00145_bb1c005f__temp1.00__seed7,0.3216901207496532,,14,per_run_oof
llama_3p1_8b_instruct__math_test_00146_faf5031d__temp0.10__seed7,0.19415619445076882,,14,per_run_oof
llama_3p1_8b_instruct__math_test_00146_faf5031d__temp0.60__seed7,0.1485930024503397,0.95,14,per_run_oof
llama_3p1_8b_instruct__math_test_00146_faf5031d__temp1.00__seed7,0.1734209647796565,0.8333333333333333,14,per_run_oof
llama_3p1_8b_instruct__math_test_00147_390c3a01__temp0.10__seed7,0.40450361446395533,0.3076923076923077,14,per_run_oof
llama_3p1_8b_instruct__math_test_00147_390c3a01__temp0.60__seed7,0.17964386236838317,0.8444444444444444,14,per_run_oof
llama_3p1_8b_instruct__math_test_00147_390c3a01__temp1.00__seed7,0.31610903243334504,0.3076923076923077,14,per_run_oof
llama_3p1_8b_instruct__math_test_00148_c9dddba4__temp0.10__seed7,0.34022121712242454,,14,per_run_oof
llama_3p1_8b_instruct__math_test_00148_c9dddba4__temp0.60__seed7,0.4205640827106793,,14,per_run_oof
llama_3p1_8b_instruct__math_test_00148_c9dddba4__temp1.00__seed7,0.31340936401652986,,14,per_run_oof
llama_3p1_8b_instruct__math_test_00149_805d659b__temp0.10__seed7,0.2362188696666206,0.475,14,per_run_oof
llama_3p1_8b_instruct__math_test_00149_805d659b__temp0.60__seed7,0.25136915219652656,,14,per_run_oof
llama_3p1_8b_instruct__math_test_00149_805d659b__temp1.00__seed7,0.18524688601285305,,14,per_run_oof
llama_3p1_8b_instruct__math_test_00150_f0a2fdf6__temp0.10__seed7,0.41261747215572603,,14,per_run_oof
llama_3p1_8b_instruct__math_test_00150_f0a2fdf6__temp0.60__seed7,0.31771908811235366,,14,per_run_oof
llama_3p1_8b_instruct__math_test_00150_f0a2fdf6__temp1.00__seed7,0.2562019537098921,,14,per_run_oof
llama_3p1_8b_instruct__math_test_00151_3228d9fb__temp0.10__seed7,0.08574142186753088,,14,per_run_oof
llama_3p1_8b_instruct__math_test_00151_3228d9fb__temp0.60__seed7,0.10227620685147634,,14,per_run_oof
llama_3p1_8b_instruct__math_test_00151_3228d9fb__temp1.00__seed7,0.09266045250093656,,14,per_run_oof
llama_3p1_8b_instruct__math_test_00152_df146136__temp0.10__seed7,0.09579920410693708,,14,per_run_oof
llama_3p1_8b_instruct__math_test_00152_df146136__temp0.60__seed7,0.20589798675985044,,14,per_run_oof
llama_3p1_8b_instruct__math_test_00152_df146136__temp1.00__seed7,0.0977394132428202,,14,per_run_oof
llama_3p1_8b_instruct__math_test_00153_e0a74423__temp0.10__seed7,0.24650382135867802,,14,per_run_oof
llama_3p1_8b_instruct__math_test_00153_e0a74423__temp0.60__seed7,0.3103867882980028,0.20833333333333337,14,per_run_oof
llama_3p1_8b_instruct__math_test_00153_e0a74423__temp1.00__seed7,0.053523541202746994,,14,per_run_oof
llama_3p1_8b_instruct__math_test_00154_7dc5f86e__temp0.10__seed7,0.14494772792088467,1.0,14,per_run_oof
llama_3p1_8b_instruct__math_test_00154_7dc5f86e__temp0.60__seed7,0.08762789463977427,1.0,14,per_run_oof
llama_3p1_8b_instruct__math_test_00154_7dc5f86e__temp1.00__seed7,0.2584393773370448,0.0,14,per_run_oof
llama_3p1_8b_instruct__math_test_00155_ee27b543__temp0.10__seed7,0.29807297741626043,,14,per_run_oof
llama_3p1_8b_instruct__math_test_00155_ee27b543__temp0.60__seed7,0.12377016219840802,1.0,14,per_run_oof
llama_3p1_8b_instruct__math_test_00155_ee27b543__temp1.00__seed7,0.1503085319600367,,14,per_run_oof
llama_3p1_8b_instruct__math_test_00156_95b47adc__temp0.10__seed7,0.26498630460493,,14,per_run_oof
llama_3p1_8b_instruct__math_test_00156_95b47adc__temp0.60__seed7,0.10563601711796046,1.0,14,per_run_oof
llama_3p1_8b_instruct__math_test_00156_95b47adc__temp1.00__seed7,0.1870404009127745,0.5384615384615384,14,per_run_oof
llama_3p1_8b_instruct__math_test_00157_37701db8__temp0.10__seed7,0.09575728407817412,0.9230769230769231,14,per_run_oof
llama_3p1_8b_instruct__math_test_00157_37701db8__temp0.60__seed7,0.26947772108470597,0.3846153846153846,14,per_run_oof
llama_3p1_8b_instruct__math_test_00157_37701db8__temp1.00__seed7,0.18139639560901588,0.5384615384615384,14,per_run_oof
llama_3p1_8b_instruct__math_test_00158_15e70720__temp0.10__seed7,0.20195468251079787,,14,per_run_oof
llama_3p1_8b_instruct__math_test_00158_15e70720__temp0.60__seed7,0.35421548219740295,0.2121212121212121,14,per_run_oof
llama_3p1_8b_instruct__math_test_00158_15e70720__temp1.00__seed7,0.30584975061820635,0.49999999999999994,14,per_run_oof
llama_3p1_8b_instruct__math_test_00159_7acc030c__temp0.10__seed7,0.19710280014276174,1.0,14,per_run_oof
llama_3p1_8b_instruct__math_test_00159_7acc030c__temp0.60__seed7,0.1330866419281583,1.0,14,per_run_oof
llama_3p1_8b_instruct__math_test_00159_7acc030c__temp1.00__seed7,0.15582084733130971,0.9777777777777779,14,per_run_oof
llama_3p1_8b_instruct__math_test_00160_e84fb95f__temp0.10__seed7,0.057390633890706325,,14,per_run_oof
llama_3p1_8b_instruct__math_test_00160_e84fb95f__temp0.60__seed7,0.17145122634648144,,14,per_run_oof
llama_3p1_8b_instruct__math_test_00160_e84fb95f__temp1.00__seed7,0.2658668040185571,,14,per_run_oof
llama_3p1_8b_instruct__math_test_00161_643e7dc4__temp0.10__seed7,0.3511606723973886,,14,per_run_oof
llama_3p1_8b_instruct__math_test_00161_643e7dc4__temp0.60__seed7,0.2760789607585434,,14,per_run_oof
llama_3p1_8b_instruct__math_test_00161_643e7dc4__temp1.00__seed7,0.12188743435565953,1.0,14,per_run_oof
llama_3p1_8b_instruct__math_test_00162_45ed500c__temp0.10__seed7,0.20057187280466113,,14,per_run_oof
llama_3p1_8b_instruct__math_test_00162_45ed500c__temp0.60__seed7,0.1494459296098599,0.9791666666666666,14,per_run_oof
llama_3p1_8b_instruct__math_test_00162_45ed500c__temp1.00__seed7,0.2305009670202125,,14,per_run_oof
llama_3p1_8b_instruct__math_test_00163_6f88c8c4__temp0.10__seed7,0.36155681271527446,0.15384615384615385,14,per_run_oof
llama_3p1_8b_instruct__math_test_00163_6f88c8c4__temp0.60__seed7,0.08784186707723085,1.0,14,per_run_oof
llama_3p1_8b_instruct__math_test_00163_6f88c8c4__temp1.00__seed7,0.1426647197035955,0.8461538461538461,14,per_run_oof
llama_3p1_8b_instruct__math_test_00164_a06c5428__temp0.10__seed7,0.2121689570258125,,14,per_run_oof
llama_3p1_8b_instruct__math_test_00164_a06c5428__temp0.60__seed7,0.13483427707094692,,14,per_run_oof
llama_3p1_8b_instruct__math_test_00164_a06c5428__temp1.00__seed7,0.16865136033425912,,14,per_run_oof
llama_3p1_8b_instruct__math_test_00165_2bb09b99__temp0.10__seed7,0.20473692665045043,0.606060606060606,14,per_run_oof
llama_3p1_8b_instruct__math_test_00165_2bb09b99__temp0.60__seed7,0.21402932789689796,,14,per_run_oof
llama_3p1_8b_instruct__math_test_00165_2bb09b99__temp1.00__seed7,0.2481437236771547,,14,per_run_oof
llama_3p1_8b_instruct__math_test_00166_e1652a94__temp0.10__seed7,0.4679364583444848,,14,per_run_oof
llama_3p1_8b_instruct__math_test_00166_e1652a94__temp0.60__seed7,0.313485161067247,,14,per_run_oof
llama_3p1_8b_instruct__math_test_00166_e1652a94__temp1.00__seed7,0.1647668210971305,0.95,14,per_run_oof
llama_3p1_8b_instruct__math_test_00167_87ffe725__temp0.10__seed7,0.30372280546569214,1.0,14,per_run_oof
llama_3p1_8b_instruct__math_test_00167_87ffe725__temp0.60__seed7,0.2984201052494626,,14,per_run_oof
llama_3p1_8b_instruct__math_test_00167_87ffe725__temp1.00__seed7,0.19517368802831556,0.9183673469387754,14,per_run_oof
llama_3p1_8b_instruct__math_test_00168_0f3086b8__temp0.10__seed7,0.4092656983184571,,14,per_run_oof
llama_3p1_8b_instruct__math_test_00168_0f3086b8__temp0.60__seed7,0.2571513146480259,,14,per_run_oof
llama_3p1_8b_instruct__math_test_00168_0f3086b8__temp1.00__seed7,0.17824358035000204,0.8,14,per_run_oof
llama_3p1_8b_instruct__math_test_00169_1a29884e__temp0.10__seed7,0.12967412516121954,,14,per_run_oof
llama_3p1_8b_instruct__math_test_00169_1a29884e__temp0.60__seed7,0.06144500251487993,,14,per_run_oof
llama_3p1_8b_instruct__math_test_00169_1a29884e__temp1.00__seed7,0.05073120355327142,,14,per_run_oof
llama_3p1_8b_instruct__math_test_00170_7682a602__temp0.10__seed7,0.2845773443648205,0.3333333333333333,14,per_run_oof
llama_3p1_8b_instruct__math_test_00170_7682a602__temp0.60__seed7,0.23613530884772108,,14,per_run_oof
llama_3p1_8b_instruct__math_test_00170_7682a602__temp1.00__seed7,0.1276531460295299,0.7916666666666666,14,per_run_oof
llama_3p1_8b_instruct__math_test_00171_dae831e4__temp0.10__seed7,0.14140822706521153,0.95,14,per_run_oof
llama_3p1_8b_instruct__math_test_00171_dae831e4__temp0.60__seed7,0.15338081617499236,,14,per_run_oof
llama_3p1_8b_instruct__math_test_00171_dae831e4__temp1.00__seed7,0.11810256444624993,1.0,14,per_run_oof
llama_3p1_8b_instruct__math_test_00172_6af9182b__temp0.10__seed7,0.2973986639455416,,14,per_run_oof
llama_3p1_8b_instruct__math_test_00172_6af9182b__temp0.60__seed7,0.3900341592226289,,14,per_run_oof
llama_3p1_8b_instruct__math_test_00172_6af9182b__temp1.00__seed7,0.27484126850088003,0.07692307692307687,14,per_run_oof
llama_3p1_8b_instruct__math_test_00173_f7741471__temp0.10__seed7,0.47051245543215775,,14,per_run_oof
llama_3p1_8b_instruct__math_test_00173_f7741471__temp0.60__seed7,0.11141784570272815,,14,per_run_oof
llama_3p1_8b_instruct__math_test_00173_f7741471__temp1.00__seed7,0.2252682484312653,,14,per_run_oof
llama_3p1_8b_instruct__math_test_00174_660b0932__temp0.10__seed7,0.3685825993182462,,14,per_run_oof
llama_3p1_8b_instruct__math_test_00174_660b0932__temp0.60__seed7,0.34111967482481065,,14,per_run_oof
llama_3p1_8b_instruct__math_test_00174_660b0932__temp1.00__seed7,0.24675630371248167,,14,per_run_oof
llama_3p1_8b_instruct__math_test_00175_ad581760__temp0.10__seed7,0.11062341733968117,,14,per_run_oof
llama_3p1_8b_instruct__math_test_00175_ad581760__temp0.60__seed7,0.2250782624895089,,14,per_run_oof
llama_3p1_8b_instruct__math_test_00175_ad581760__temp1.00__seed7,0.08348443579150723,,14,per_run_oof
llama_3p1_8b_instruct__math_test_00176_3ab8fbcf__temp0.10__seed7,0.3547930260982333,,14,per_run_oof
llama_3p1_8b_instruct__math_test_00176_3ab8fbcf__temp0.60__seed7,0.31062906610000046,,14,per_run_oof
llama_3p1_8b_instruct__math_test_00176_3ab8fbcf__temp1.00__seed7,0.2130292227307575,0.7083333333333334,14,per_run_oof
llama_3p1_8b_instruct__math_test_00177_88f25299__temp0.10__seed7,0.33219517339853327,,14,per_run_oof
llama_3p1_8b_instruct__math_test_00177_88f25299__temp0.60__seed7,0.3158534577457353,,14,per_run_oof
llama_3p1_8b_instruct__math_test_00177_88f25299__temp1.00__seed7,0.29507006554455756,,14,per_run_oof
llama_3p1_8b_instruct__math_test_00178_af59f7e2__temp0.10__seed7,0.09384597855489075,1.0,14,per_run_oof
llama_3p1_8b_instruct__math_test_00178_af59f7e2__temp0.60__seed7,0.14731715166337725,0.875,14,per_run_oof
llama_3p1_8b_instruct__math_test_00178_af59f7e2__temp1.00__seed7,0.21343597752924173,0.7755102040816326,14,per_run_oof
llama_3p1_8b_instruct__math_test_00179_50c278d5__temp0.10__seed7,0.3082283840206155,0.4444444444444445,14,per_run_oof
llama_3p1_8b_instruct__math_test_00179_50c278d5__temp0.60__seed7,0.1153378076324708,1.0,14,per_run_oof
llama_3p1_8b_instruct__math_test_00179_50c278d5__temp1.00__seed7,0.16054722562583082,0.8958333333333334,14,per_run_oof
llama_3p1_8b_instruct__math_test_00180_409f8858__temp0.10__seed7,0.35733729419198046,0.2727272727272727,14,per_run_oof
llama_3p1_8b_instruct__math_test_00180_409f8858__temp0.60__seed7,0.3344418663754373,0.47500000000000003,14,per_run_oof
llama_3p1_8b_instruct__math_test_00180_409f8858__temp1.00__seed7,0.21670159802641487,0.7692307692307693,14,per_run_oof
llama_3p1_8b_instruct__math_test_00181_40a8a07f__temp0.10__seed7,0.1288943831092095,,14,per_run_oof
llama_3p1_8b_instruct__math_test_00181_40a8a07f__temp0.60__seed7,0.3740309102201834,,14,per_run_oof
llama_3p1_8b_instruct__math_test_00181_40a8a07f__temp1.00__seed7,0.11862383978923587,1.0,14,per_run_oof
llama_3p1_8b_instruct__math_test_00182_5eec73ff__temp0.10__seed7,0.25863280343074196,,14,per_run_oof
llama_3p1_8b_instruct__math_test_00182_5eec73ff__temp0.60__seed7,0.42009064488850706,,14,per_run_oof
llama_3p1_8b_instruct__math_test_00182_5eec73ff__temp1.00__seed7,0.2613223168228245,,14,per_run_oof
llama_3p1_8b_instruct__math_test_00183_8feeefff__temp0.10__seed7,0.33514995375894757,0.07692307692307687,14,per_run_oof
llama_3p1_8b_instruct__math_test_00183_8feeefff__temp0.60__seed7,0.3093429020623923,,14,per_run_oof
llama_3p1_8b_instruct__math_test_00183_8feeefff__temp1.00__seed7,0.2961611644790332,0.4897959183673469,14,per_run_oof
llama_3p1_8b_instruct__math_test_00184_78e3c175__temp0.10__seed7,0.2488165005555239,,14,per_run_oof
llama_3p1_8b_instruct__math_test_00184_78e3c175__temp0.60__seed7,0.13966446073419217,0.9791666666666667,14,per_run_oof
llama_3p1_8b_instruct__math_test_00184_78e3c175__temp1.00__seed7,0.35886274012760816,,14,per_run_oof
llama_3p1_8b_instruct__math_test_00185_b9d67ef5__temp0.10__seed7,0.3244201623808746,,14,per_run_oof
llama_3p1_8b_instruct__math_test_00185_b9d67ef5__temp0.60__seed7,0.2922964238231783,,14,per_run_oof
llama_3p1_8b_instruct__math_test_00185_b9d67ef5__temp1.00__seed7,0.22426110528432322,,14,per_run_oof
llama_3p1_8b_instruct__math_test_00186_ac02199f__temp0.10__seed7,0.29267108480752935,,14,per_run_oof
llama_3p1_8b_instruct__math_test_00186_ac02199f__temp0.60__seed7,0.26851291111015146,,14,per_run_oof
llama_3p1_8b_instruct__math_test_00186_ac02199f__temp1.00__seed7,0.048530682953128366,,14,per_run_oof
llama_3p1_8b_instruct__math_test_00187_b2db12b1__temp0.10__seed7,0.3708575038782014,,14,per_run_oof
llama_3p1_8b_instruct__math_test_00187_b2db12b1__temp0.60__seed7,0.2748171329863191,,14,per_run_oof
llama_3p1_8b_instruct__math_test_00187_b2db12b1__temp1.00__seed7,0.30310706758524153,,14,per_run_oof
llama_3p1_8b_instruct__math_test_00188_c57b9f68__temp0.10__seed7,0.13668051739844558,0.9393939393939393,14,per_run_oof
llama_3p1_8b_instruct__math_test_00188_c57b9f68__temp0.60__seed7,0.11845643885494361,1.0,14,per_run_oof
llama_3p1_8b_instruct__math_test_00188_c57b9f68__temp1.00__seed7,0.16097187193888882,1.0,14,per_run_oof
llama_3p1_8b_instruct__math_test_00189_d2f49b7f__temp0.10__seed7,0.24099249382252472,,14,per_run_oof
llama_3p1_8b_instruct__math_test_00189_d2f49b7f__temp0.60__seed7,0.21111425240765383,,14,per_run_oof
llama_3p1_8b_instruct__math_test_00189_d2f49b7f__temp1.00__seed7,0.10252393702110603,,14,per_run_oof
llama_3p1_8b_instruct__math_test_00190_ad0c55dc__temp0.10__seed7,0.1250421361849798,0.7692307692307692,14,per_run_oof
llama_3p1_8b_instruct__math_test_00190_ad0c55dc__temp0.60__seed7,0.1413581299755076,,14,per_run_oof
llama_3p1_8b_instruct__math_test_00190_ad0c55dc__temp1.00__seed7,0.18054480263936007,,14,per_run_oof
llama_3p1_8b_instruct__math_test_00191_b20822d9__temp0.10__seed7,0.22080998245506955,,14,per_run_oof
llama_3p1_8b_instruct__math_test_00191_b20822d9__temp0.60__seed7,0.20730551435504624,,14,per_run_oof
llama_3p1_8b_instruct__math_test_00191_b20822d9__temp1.00__seed7,0.23368535951728275,,14,per_run_oof
llama_3p1_8b_instruct__math_test_00192_a6795966__temp0.10__seed7,0.2684318720695455,,14,per_run_oof
llama_3p1_8b_instruct__math_test_00192_a6795966__temp0.60__seed7,0.14551929733358285,1.0,14,per_run_oof
llama_3p1_8b_instruct__math_test_00192_a6795966__temp1.00__seed7,0.1765191504005235,0.8979591836734694,14,per_run_oof
llama_3p1_8b_instruct__math_test_00193_027d8061__temp0.10__seed7,0.13011530208695662,0.975,14,per_run_oof
llama_3p1_8b_instruct__math_test_00193_027d8061__temp0.60__seed7,0.30516886939160165,0.3111111111111111,14,per_run_oof
llama_3p1_8b_instruct__math_test_00193_027d8061__temp1.00__seed7,0.3262916988545165,0.8333333333333334,14,per_run_oof
llama_3p1_8b_instruct__math_test_00194_f51f6dd0__temp0.10__seed7,0.2825715022413365,,14,per_run_oof
llama_3p1_8b_instruct__math_test_00194_f51f6dd0__temp0.60__seed7,0.20071112819320933,,14,per_run_oof
llama_3p1_8b_instruct__math_test_00194_f51f6dd0__temp1.00__seed7,0.330617979237997,,14,per_run_oof
llama_3p1_8b_instruct__math_test_00195_7cc2d650__temp0.10__seed7,0.10120744106077696,,14,per_run_oof
llama_3p1_8b_instruct__math_test_00195_7cc2d650__temp0.60__seed7,0.1778326540005273,,14,per_run_oof
llama_3p1_8b_instruct__math_test_00195_7cc2d650__temp1.00__seed7,0.18097071620310287,,14,per_run_oof
llama_3p1_8b_instruct__math_test_00196_4e15c27d__temp0.10__seed7,0.19469884877226323,0.7575757575757576,14,per_run_oof
llama_3p1_8b_instruct__math_test_00196_4e15c27d__temp0.60__seed7,0.18369690921412904,0.6060606060606061,14,per_run_oof
llama_3p1_8b_instruct__math_test_00196_4e15c27d__temp1.00__seed7,0.10115996133095596,1.0,14,per_run_oof
llama_3p1_8b_instruct__math_test_00197_ed195676__temp0.10__seed7,0.1801001767892454,0.6923076923076923,14,per_run_oof
llama_3p1_8b_instruct__math_test_00197_ed195676__temp0.60__seed7,0.09977592454395033,,14,per_run_oof
llama_3p1_8b_instruct__math_test_00197_ed195676__temp1.00__seed7,0.24699448616397665,,14,per_run_oof
llama_3p1_8b_instruct__math_test_00198_85b6e7ea__temp0.10__seed7,0.19391547770590004,,14,per_run_oof
llama_3p1_8b_instruct__math_test_00198_85b6e7ea__temp0.60__seed7,0.16686581987152888,,14,per_run_oof
llama_3p1_8b_instruct__math_test_00198_85b6e7ea__temp1.00__seed7,0.11653662606291004,,14,per_run_oof
llama_3p1_8b_instruct__math_test_00199_c19f27fd__temp0.10__seed7,0.27567566807744787,,14,per_run_oof
llama_3p1_8b_instruct__math_test_00199_c19f27fd__temp0.60__seed7,0.23354626914591226,,14,per_run_oof
llama_3p1_8b_instruct__math_test_00199_c19f27fd__temp1.00__seed7,0.21302936193734198,,14,per_run_oof
llama_3p1_8b_instruct__math_test_00200_bd1fc1ea__temp0.10__seed7,0.22383969657509867,0.6363636363636364,14,per_run_oof
llama_3p1_8b_instruct__math_test_00200_bd1fc1ea__temp0.60__seed7,0.14612323507005293,0.9387755102040816,14,per_run_oof
llama_3p1_8b_instruct__math_test_00200_bd1fc1ea__temp1.00__seed7,0.28534519320839674,,14,per_run_oof
llama_3p1_8b_instruct__math_test_00201_464f6898__temp0.10__seed7,0.23099609228963663,,14,per_run_oof
llama_3p1_8b_instruct__math_test_00201_464f6898__temp0.60__seed7,0.18264271279518587,,14,per_run_oof
llama_3p1_8b_instruct__math_test_00201_464f6898__temp1.00__seed7,0.07043440755115539,,14,per_run_oof
llama_3p1_8b_instruct__math_test_00202_8904dc37__temp0.10__seed7,0.21261723507136004,0.3846153846153846,14,per_run_oof
llama_3p1_8b_instruct__math_test_00202_8904dc37__temp0.60__seed7,0.11835990288890005,,14,per_run_oof
llama_3p1_8b_instruct__math_test_00202_8904dc37__temp1.00__seed7,0.14390235980322297,0.6153846153846154,14,per_run_oof
llama_3p1_8b_instruct__math_test_00203_d026abb8__temp0.10__seed7,0.10266622617486822,,14,per_run_oof
llama_3p1_8b_instruct__math_test_00203_d026abb8__temp0.60__seed7,0.3708624220475131,,14,per_run_oof
llama_3p1_8b_instruct__math_test_00203_d026abb8__temp1.00__seed7,0.22966519535218327,0.75,14,per_run_oof
llama_3p1_8b_instruct__math_test_00204_75f78286__temp0.10__seed7,0.18415436681920186,,14,per_run_oof
llama_3p1_8b_instruct__math_test_00204_75f78286__temp0.60__seed7,0.07149170350493657,1.0,14,per_run_oof
llama_3p1_8b_instruct__math_test_00204_75f78286__temp1.00__seed7,0.07989341114920005,1.0,14,per_run_oof
llama_3p1_8b_instruct__math_test_00205_35364df7__temp0.10__seed7,0.2823161510776138,,14,per_run_oof
llama_3p1_8b_instruct__math_test_00205_35364df7__temp0.60__seed7,0.22852149384779538,,14,per_run_oof
llama_3p1_8b_instruct__math_test_00205_35364df7__temp1.00__seed7,0.19980252800879494,,14,per_run_oof
llama_3p1_8b_instruct__math_test_00206_a6788c30__temp0.10__seed7,0.04137693350717885,,14,per_run_oof
llama_3p1_8b_instruct__math_test_00206_a6788c30__temp0.60__seed7,0.058667396053040125,,14,per_run_oof
llama_3p1_8b_instruct__math_test_00206_a6788c30__temp1.00__seed7,0.23034712437280483,,14,per_run_oof
llama_3p1_8b_instruct__math_test_00207_627fc1ba__temp0.10__seed7,0.14309786552376538,,14,per_run_oof
llama_3p1_8b_instruct__math_test_00207_627fc1ba__temp0.60__seed7,0.10541159554247383,,14,per_run_oof
llama_3p1_8b_instruct__math_test_00207_627fc1ba__temp1.00__seed7,0.06221542302012585,,14,per_run_oof
llama_3p1_8b_instruct__math_test_00208_43f47031__temp0.10__seed7,0.40798830206309133,0.3541666666666667,14,per_run_oof
llama_3p1_8b_instruct__math_test_00208_43f47031__temp0.60__seed7,0.5003315809454155,0.0,14,per_run_oof
llama_3p1_8b_instruct__math_test_00208_43f47031__temp1.00__seed7,0.17839129928998024,0.825,14,per_run_oof
llama_3p1_8b_instruct__math_test_00209_877944fa__temp0.10__seed7,0.11435772956051682,,14,per_run_oof
llama_3p1_8b_instruct__math_test_00209_877944fa__temp0.60__seed7,0.01991468320254228,,14,per_run_oof
llama_3p1_8b_instruct__math_test_00209_877944fa__temp1.00__seed7,0.08151696404146942,,14,per_run_oof
llama_3p1_8b_instruct__math_test_00210_51592ad6__temp0.10__seed7,0.38109363096526566,,14,per_run_oof
llama_3p1_8b_instruct__math_test_00210_51592ad6__temp0.60__seed7,0.38805039565456995,,14,per_run_oof
llama_3p1_8b_instruct__math_test_00210_51592ad6__temp1.00__seed7,0.23197264477819088,0.15384615384615385,14,per_run_oof
llama_3p1_8b_instruct__math_test_00211_4c873421__temp0.10__seed7,0.06701949756215544,1.0,14,per_run_oof
llama_3p1_8b_instruct__math_test_00211_4c873421__temp0.60__seed7,0.07760406555000918,1.0,14,per_run_oof
llama_3p1_8b_instruct__math_test_00211_4c873421__temp1.00__seed7,0.09422277098335284,1.0,14,per_run_oof
llama_3p1_8b_instruct__math_test_00212_a1acafa6__temp0.10__seed7,0.33088999367399685,0.125,14,per_run_oof
llama_3p1_8b_instruct__math_test_00212_a1acafa6__temp0.60__seed7,0.2631629722072271,,14,per_run_oof
llama_3p1_8b_instruct__math_test_00212_a1acafa6__temp1.00__seed7,0.24761869344908918,,14,per_run_oof
llama_3p1_8b_instruct__math_test_00213_4bf84a38__temp0.10__seed7,0.28184124625861023,0.5555555555555556,14,per_run_oof
llama_3p1_8b_instruct__math_test_00213_4bf84a38__temp0.60__seed7,0.07962258187743634,1.0,14,per_run_oof
llama_3p1_8b_instruct__math_test_00213_4bf84a38__temp1.00__seed7,0.2935472854470422,0.15384615384615385,14,per_run_oof
llama_3p1_8b_instruct__math_test_00214_dd220dbb__temp0.10__seed7,0.20024579938965423,0.9583333333333333,14,per_run_oof
llama_3p1_8b_instruct__math_test_00214_dd220dbb__temp0.60__seed7,0.23828016985829398,,14,per_run_oof
llama_3p1_8b_instruct__math_test_00214_dd220dbb__temp1.00__seed7,0.308768654771623,,14,per_run_oof
llama_3p1_8b_instruct__math_test_00215_d650ba63__temp0.10__seed7,0.3734151573763876,,14,per_run_oof
llama_3p1_8b_instruct__math_test_00215_d650ba63__temp0.60__seed7,0.24998876870425885,0.7291666666666665,14,per_run_oof
llama_3p1_8b_instruct__math_test_00215_d650ba63__temp1.00__seed7,0.08987168097783574,1.0,14,per_run_oof
llama_3p1_8b_instruct__math_test_00216_bb0c5189__temp0.10__seed7,0.015897836884051292,,14,per_run_oof
llama_3p1_8b_instruct__math_test_00216_bb0c5189__temp0.60__seed7,0.0740454202951925,,14,per_run_oof
llama_3p1_8b_instruct__math_test_00216_bb0c5189__temp1.00__seed7,0.1654016288040954,0.7,14,per_run_oof
llama_3p1_8b_instruct__math_test_00217_f16ba217__temp0.10__seed7,0.14265113495173923,,14,per_run_oof
llama_3p1_8b_instruct__math_test_00217_f16ba217__temp0.60__seed7,0.21861730283831965,,14,per_run_oof
llama_3p1_8b_instruct__math_test_00217_f16ba217__temp1.00__seed7,0.11711729885877294,,14,per_run_oof
llama_3p1_8b_instruct__math_test_00218_9ebeec12__temp0.10__seed7,0.1052812509159677,0.6923076923076923,14,per_run_oof
llama_3p1_8b_instruct__math_test_00218_9ebeec12__temp0.60__seed7,0.12022903223474887,1.0,14,per_run_oof
llama_3p1_8b_instruct__math_test_00218_9ebeec12__temp1.00__seed7,0.11355603912047574,1.0,14,per_run_oof
llama_3p1_8b_instruct__math_test_00219_9ce0114c__temp0.10__seed7,0.44237749679401145,,14,per_run_oof
llama_3p1_8b_instruct__math_test_00219_9ce0114c__temp0.60__seed7,0.4182679347524409,0.0,14,per_run_oof
llama_3p1_8b_instruct__math_test_00219_9ce0114c__temp1.00__seed7,0.27770675170109743,0.15384615384615385,14,per_run_oof
llama_3p1_8b_instruct__math_test_00220_c9d4415d__temp0.10__seed7,0.12311796136560801,,14,per_run_oof
llama_3p1_8b_instruct__math_test_00220_c9d4415d__temp0.60__seed7,0.18338219557137683,,14,per_run_oof
llama_3p1_8b_instruct__math_test_00220_c9d4415d__temp1.00__seed7,0.2139347036199975,0.3846153846153846,14,per_run_oof
llama_3p1_8b_instruct__math_test_00221_6ddce785__temp0.10__seed7,0.4085669461418632,,14,per_run_oof
llama_3p1_8b_instruct__math_test_00221_6ddce785__temp0.60__seed7,0.4703638452629822,,14,per_run_oof
llama_3p1_8b_instruct__math_test_00221_6ddce785__temp1.00__seed7,0.3623095111626949,,14,per_run_oof
llama_3p1_8b_instruct__math_test_00222_67d6eb88__temp0.10__seed7,0.25652567205621396,0.5454545454545454,14,per_run_oof
llama_3p1_8b_instruct__math_test_00222_67d6eb88__temp0.60__seed7,0.23521150374876518,,14,per_run_oof
llama_3p1_8b_instruct__math_test_00222_67d6eb88__temp1.00__seed7,0.142409834949774,0.979591836734694,14,per_run_oof
llama_3p1_8b_instruct__math_test_00223_e0d9f4b1__temp0.10__seed7,0.25325723220397267,,14,per_run_oof
llama_3p1_8b_instruct__math_test_00223_e0d9f4b1__temp0.60__seed7,0.22859590932010007,,14,per_run_oof
llama_3p1_8b_instruct__math_test_00223_e0d9f4b1__temp1.00__seed7,0.3498050988270462,,14,per_run_oof
llama_3p1_8b_instruct__math_test_00224_a4838f9f__temp0.10__seed7,0.22873814672557216,,14,per_run_oof
llama_3p1_8b_instruct__math_test_00224_a4838f9f__temp0.60__seed7,0.22673005661246035,,14,per_run_oof
llama_3p1_8b_instruct__math_test_00224_a4838f9f__temp1.00__seed7,0.15159577746972877,,14,per_run_oof
llama_3p1_8b_instruct__math_test_00225_aa62338d__temp0.10__seed7,0.42154957320101744,,14,per_run_oof
llama_3p1_8b_instruct__math_test_00225_aa62338d__temp0.60__seed7,0.0979956789302717,1.0,14,per_run_oof
llama_3p1_8b_instruct__math_test_00225_aa62338d__temp1.00__seed7,0.1950289252730964,0.7083333333333334,14,per_run_oof
llama_3p1_8b_instruct__math_test_00226_4db0af17__temp0.10__seed7,0.2693577763622853,,14,per_run_oof
llama_3p1_8b_instruct__math_test_00226_4db0af17__temp0.60__seed7,0.1812391314469984,,14,per_run_oof
llama_3p1_8b_instruct__math_test_00226_4db0af17__temp1.00__seed7,0.20751796883635576,,14,per_run_oof
llama_3p1_8b_instruct__math_test_00227_bd91686d__temp0.10__seed7,0.1236258155726425,,14,per_run_oof
llama_3p1_8b_instruct__math_test_00227_bd91686d__temp0.60__seed7,0.11101557024308548,1.0,14,per_run_oof
llama_3p1_8b_instruct__math_test_00227_bd91686d__temp1.00__seed7,0.14236056737607,1.0,14,per_run_oof
llama_3p1_8b_instruct__math_test_00228_f8913fbd__temp0.10__seed7,0.2815136375021063,,14,per_run_oof
llama_3p1_8b_instruct__math_test_00228_f8913fbd__temp0.60__seed7,0.07759124337074706,,14,per_run_oof
llama_3p1_8b_instruct__math_test_00228_f8913fbd__temp1.00__seed7,0.1246875941787274,0.0,14,per_run_oof
llama_3p1_8b_instruct__math_test_00229_3671f9fa__temp0.10__seed7,0.07673354074262988,,14,per_run_oof
llama_3p1_8b_instruct__math_test_00229_3671f9fa__temp0.60__seed7,0.06132239552926565,,14,per_run_oof
llama_3p1_8b_instruct__math_test_00229_3671f9fa__temp1.00__seed7,0.0979544803786457,,14,per_run_oof
llama_3p1_8b_instruct__math_test_00230_5de9111d__temp0.10__seed7,0.44702465032347677,,14,per_run_oof
llama_3p1_8b_instruct__math_test_00230_5de9111d__temp0.60__seed7,0.3338571677870544,,14,per_run_oof
llama_3p1_8b_instruct__math_test_00230_5de9111d__temp1.00__seed7,0.3259472116946577,,14,per_run_oof
llama_3p1_8b_instruct__math_test_00231_f1b686d3__temp0.10__seed7,0.19089977204951042,,14,per_run_oof
llama_3p1_8b_instruct__math_test_00231_f1b686d3__temp0.60__seed7,0.20371447924466504,,14,per_run_oof
llama_3p1_8b_instruct__math_test_00231_f1b686d3__temp1.00__seed7,0.2665104148201357,0.625,14,per_run_oof
llama_3p1_8b_instruct__math_test_00232_99f94cd0__temp0.10__seed7,0.2270231977716403,0.6122448979591837,14,per_run_oof
llama_3p1_8b_instruct__math_test_00232_99f94cd0__temp0.60__seed7,0.3182959341986877,0.3333333333333333,14,per_run_oof
llama_3p1_8b_instruct__math_test_00232_99f94cd0__temp1.00__seed7,0.1853915199662916,0.3076923076923077,14,per_run_oof
llama_3p1_8b_instruct__math_test_00233_05e64b69__temp0.10__seed7,0.154275757148273,,14,per_run_oof
llama_3p1_8b_instruct__math_test_00233_05e64b69__temp0.60__seed7,0.041599822328662425,,14,per_run_oof
llama_3p1_8b_instruct__math_test_00233_05e64b69__temp1.00__seed7,0.0936367788108959,,14,per_run_oof
llama_3p1_8b_instruct__math_test_00234_03dfd5f4__temp0.10__seed7,0.14791450206511794,,14,per_run_oof
llama_3p1_8b_instruct__math_test_00234_03dfd5f4__temp0.60__seed7,0.37472817400588576,,14,per_run_oof
llama_3p1_8b_instruct__math_test_00234_03dfd5f4__temp1.00__seed7,0.31695751540358297,,14,per_run_oof
llama_3p1_8b_instruct__math_test_00235_13c2c9be__temp0.10__seed7,0.24983007861770554,0.07692307692307687,14,per_run_oof
llama_3p1_8b_instruct__math_test_00235_13c2c9be__temp0.60__seed7,0.11146568182184433,,14,per_run_oof
llama_3p1_8b_instruct__math_test_00235_13c2c9be__temp1.00__seed7,0.16061256131816837,0.6923076923076923,14,per_run_oof
llama_3p1_8b_instruct__math_test_00236_d5de6a08__temp0.10__seed7,0.375138749768514,,14,per_run_oof
llama_3p1_8b_instruct__math_test_00236_d5de6a08__temp0.60__seed7,0.2207355476752814,0.07692307692307687,14,per_run_oof
llama_3p1_8b_instruct__math_test_00236_d5de6a08__temp1.00__seed7,0.206084890233021,,14,per_run_oof
llama_3p1_8b_instruct__math_test_00237_4bcd0b41__temp0.10__seed7,0.2911154109319391,,14,per_run_oof
llama_3p1_8b_instruct__math_test_00237_4bcd0b41__temp0.60__seed7,0.3777432096072853,,14,per_run_oof
llama_3p1_8b_instruct__math_test_00237_4bcd0b41__temp1.00__seed7,0.17100672932676847,,14,per_run_oof
llama_3p1_8b_instruct__math_test_00238_c8c67f45__temp0.10__seed7,0.19111640308717615,,14,per_run_oof
llama_3p1_8b_instruct__math_test_00238_c8c67f45__temp0.60__seed7,0.20931392150980582,,14,per_run_oof
llama_3p1_8b_instruct__math_test_00238_c8c67f45__temp1.00__seed7,0.12864573093275924,,14,per_run_oof
llama_3p1_8b_instruct__math_test_00239_9b20bddf__temp0.10__seed7,0.1234170202382837,0.9583333333333333,14,per_run_oof
llama_3p1_8b_instruct__math_test_00239_9b20bddf__temp0.60__seed7,0.14000337613526667,,14,per_run_oof
llama_3p1_8b_instruct__math_test_00239_9b20bddf__temp1.00__seed7,0.36492973706158954,0.375,14,per_run_oof
llama_3p1_8b_instruct__math_test_00240_52c92561__temp0.10__seed7,0.22200099981365812,,14,per_run_oof
llama_3p1_8b_instruct__math_test_00240_52c92561__temp0.60__seed7,0.15170995498174564,,14,per_run_oof
llama_3p1_8b_instruct__math_test_00240_52c92561__temp1.00__seed7,0.15049715456542992,,14,per_run_oof
llama_3p1_8b_instruct__math_test_00241_5a34024d__temp0.10__seed7,0.07224515681877021,,14,per_run_oof
llama_3p1_8b_instruct__math_test_00241_5a34024d__temp0.60__seed7,0.1781284327004103,0.875,14,per_run_oof
llama_3p1_8b_instruct__math_test_00241_5a34024d__temp1.00__seed7,0.25373775561798795,0.325,14,per_run_oof
llama_3p1_8b_instruct__math_test_00242_277ad5c0__temp0.10__seed7,0.2583334991971481,,14,per_run_oof
llama_3p1_8b_instruct__math_test_00242_277ad5c0__temp0.60__seed7,0.33040179049802804,,14,per_run_oof
llama_3p1_8b_instruct__math_test_00242_277ad5c0__temp1.00__seed7,0.34044538188205076,,14,per_run_oof
llama_3p1_8b_instruct__math_test_00243_869ecc6c__temp0.10__seed7,0.21476909161209715,,14,per_run_oof
llama_3p1_8b_instruct__math_test_00243_869ecc6c__temp0.60__seed7,0.23532873959146494,,14,per_run_oof
llama_3p1_8b_instruct__math_test_00243_869ecc6c__temp1.00__seed7,0.20086626882587735,0.6153846153846154,14,per_run_oof
llama_3p1_8b_instruct__math_test_00244_1b6efbf5__temp0.10__seed7,0.3673765214824705,0.15384615384615385,14,per_run_oof
llama_3p1_8b_instruct__math_test_00244_1b6efbf5__temp0.60__seed7,0.3624348522403685,,14,per_run_oof
llama_3p1_8b_instruct__math_test_00244_1b6efbf5__temp1.00__seed7,0.29983285808076215,,14,per_run_oof
llama_3p1_8b_instruct__math_test_00245_373bfa07__temp0.10__seed7,0.15030766128854878,,14,per_run_oof
llama_3p1_8b_instruct__math_test_00245_373bfa07__temp0.60__seed7,0.024054522978584042,,14,per_run_oof
llama_3p1_8b_instruct__math_test_00245_373bfa07__temp1.00__seed7,0.2619150386894593,,14,per_run_oof
llama_3p1_8b_instruct__math_test_00246_08e34813__temp0.10__seed7,0.4193008915779858,0.23076923076923073,14,per_run_oof
llama_3p1_8b_instruct__math_test_00246_08e34813__temp0.60__seed7,0.37757109700098057,,14,per_run_oof
llama_3p1_8b_instruct__math_test_00246_08e34813__temp1.00__seed7,0.3243844167932392,0.20833333333333337,14,per_run_oof
llama_3p1_8b_instruct__math_test_00247_24a6a2d8__temp0.10__seed7,0.050038157743685474,,14,per_run_oof
llama_3p1_8b_instruct__math_test_00247_24a6a2d8__temp0.60__seed7,0.05707276693663787,,14,per_run_oof
llama_3p1_8b_instruct__math_test_00247_24a6a2d8__temp1.00__seed7,0.077484106131457,,14,per_run_oof
llama_3p1_8b_instruct__math_test_00248_740b47e0__temp0.10__seed7,0.25404949554237516,0.7083333333333333,14,per_run_oof
llama_3p1_8b_instruct__math_test_00248_740b47e0__temp0.60__seed7,0.15020533405101263,0.95,14,per_run_oof
llama_3p1_8b_instruct__math_test_00248_740b47e0__temp1.00__seed7,0.25021575185525946,0.625,14,per_run_oof
llama_3p1_8b_instruct__math_test_00249_89ab90f1__temp0.10__seed7,0.3720808420084306,0.22499999999999998,14,per_run_oof
llama_3p1_8b_instruct__math_test_00249_89ab90f1__temp0.60__seed7,0.36077786574060305,0.125,14,per_run_oof
llama_3p1_8b_instruct__math_test_00249_89ab90f1__temp1.00__seed7,0.3957615068692795,0.07692307692307687,14,per_run_oof
llama_3p1_8b_instruct__math_test_00250_893f6d22__temp0.10__seed7,0.12959714821123985,0.9393939393939394,14,per_run_oof
llama_3p1_8b_instruct__math_test_00250_893f6d22__temp0.60__seed7,0.16055797970690275,0.7555555555555555,14,per_run_oof
llama_3p1_8b_instruct__math_test_00250_893f6d22__temp1.00__seed7,0.42813855199496637,,14,per_run_oof
llama_3p1_8b_instruct__math_test_00251_3dd2446e__temp0.10__seed7,0.16225129459065432,1.0,14,per_run_oof
llama_3p1_8b_instruct__math_test_00251_3dd2446e__temp0.60__seed7,0.11837811563317412,1.0,14,per_run_oof
llama_3p1_8b_instruct__math_test_00251_3dd2446e__temp1.00__seed7,0.17883653158587035,1.0,14,per_run_oof
llama_3p1_8b_instruct__math_test_00252_b3e21c72__temp0.10__seed7,0.3406507363243828,0.15384615384615385,14,per_run_oof
llama_3p1_8b_instruct__math_test_00252_b3e21c72__temp0.60__seed7,0.24838130561285982,0.5833333333333333,14,per_run_oof
llama_3p1_8b_instruct__math_test_00252_b3e21c72__temp1.00__seed7,0.29920741512129917,0.15384615384615385,14,per_run_oof
llama_3p1_8b_instruct__math_test_00253_d4df8de3__temp0.10__seed7,0.17287797066829041,,14,per_run_oof
llama_3p1_8b_instruct__math_test_00253_d4df8de3__temp0.60__seed7,0.14729753136573684,,14,per_run_oof
llama_3p1_8b_instruct__math_test_00253_d4df8de3__temp1.00__seed7,0.1565801728893848,,14,per_run_oof
llama_3p1_8b_instruct__math_test_00254_a92a5bc3__temp0.10__seed7,0.17159954828963928,,14,per_run_oof
llama_3p1_8b_instruct__math_test_00254_a92a5bc3__temp0.60__seed7,0.19345780111447813,0.3076923076923077,14,per_run_oof
llama_3p1_8b_instruct__math_test_00254_a92a5bc3__temp1.00__seed7,0.20653253326593113,0.3846153846153846,14,per_run_oof
llama_3p1_8b_instruct__math_test_00255_5f3fe168__temp0.10__seed7,0.06825573416095361,1.0,14,per_run_oof
llama_3p1_8b_instruct__math_test_00255_5f3fe168__temp0.60__seed7,0.080593257049471,1.0,14,per_run_oof
llama_3p1_8b_instruct__math_test_00255_5f3fe168__temp1.00__seed7,0.09270890219374718,1.0,14,per_run_oof
llama_3p1_8b_instruct__math_test_00256_d959374f__temp0.10__seed7,0.2830362068302306,0.6749999999999999,14,per_run_oof
llama_3p1_8b_instruct__math_test_00256_d959374f__temp0.60__seed7,0.10591661659328913,,14,per_run_oof
llama_3p1_8b_instruct__math_test_00256_d959374f__temp1.00__seed7,0.29150077618451264,0.4666666666666667,14,per_run_oof
llama_3p1_8b_instruct__math_test_00257_20ddae87__temp0.10__seed7,0.1629753240039923,,14,per_run_oof
llama_3p1_8b_instruct__math_test_00257_20ddae87__temp0.60__seed7,0.35980515006992847,,14,per_run_oof
llama_3p1_8b_instruct__math_test_00257_20ddae87__temp1.00__seed7,0.2633469456227107,,14,per_run_oof
llama_3p1_8b_instruct__math_test_00258_44fb0c1c__temp0.10__seed7,0.3047097381733928,,14,per_run_oof
llama_3p1_8b_instruct__math_test_00258_44fb0c1c__temp0.60__seed7,0.25877193766858925,,14,per_run_oof
llama_3p1_8b_instruct__math_test_00258_44fb0c1c__temp1.00__seed7,0.1680434068588068,,14,per_run_oof
llama_3p1_8b_instruct__math_test_00259_2ab6b817__temp0.10__seed7,0.14465774308403148,,14,per_run_oof
llama_3p1_8b_instruct__math_test_00259_2ab6b817__temp0.60__seed7,0.09413270122828306,,14,per_run_oof
llama_3p1_8b_instruct__math_test_00259_2ab6b817__temp1.00__seed7,0.11392474145056926,,14,per_run_oof
llama_3p1_8b_instruct__math_test_00260_efa62d11__temp0.10__seed7,0.44200546928061996,0.3076923076923077,14,per_run_oof
llama_3p1_8b_instruct__math_test_00260_efa62d11__temp0.60__seed7,0.437167773448243,0.125,14,per_run_oof
llama_3p1_8b_instruct__math_test_00260_efa62d11__temp1.00__seed7,0.337808463534703,0.3076923076923077,14,per_run_oof
llama_3p1_8b_instruct__math_test_00261_4f02172b__temp0.10__seed7,0.2880275681475087,,14,per_run_oof
llama_3p1_8b_instruct__math_test_00261_4f02172b__temp0.60__seed7,0.044881216102732636,,14,per_run_oof
llama_3p1_8b_instruct__math_test_00261_4f02172b__temp1.00__seed7,0.3523561862388952,,14,per_run_oof
llama_3p1_8b_instruct__math_test_00262_5be48d75__temp0.10__seed7,0.44854592821422656,,14,per_run_oof
llama_3p1_8b_instruct__math_test_00262_5be48d75__temp0.60__seed7,0.35824055812623484,,14,per_run_oof
llama_3p1_8b_instruct__math_test_00262_5be48d75__temp1.00__seed7,0.23634021766924665,,14,per_run_oof
llama_3p1_8b_instruct__math_test_00263_10d94c24__temp0.10__seed7,0.28551972788146274,0.725,14,per_run_oof
llama_3p1_8b_instruct__math_test_00263_10d94c24__temp0.60__seed7,0.1759238224420405,,14,per_run_oof
llama_3p1_8b_instruct__math_test_00263_10d94c24__temp1.00__seed7,0.07526805448303207,,14,per_run_oof
llama_3p1_8b_instruct__math_test_00264_ca7f6fd1__temp0.10__seed7,0.23681841599135173,,14,per_run_oof
llama_3p1_8b_instruct__math_test_00264_ca7f6fd1__temp0.60__seed7,0.24702514814676935,,14,per_run_oof
llama_3p1_8b_instruct__math_test_00264_ca7f6fd1__temp1.00__seed7,0.2254848922062373,0.4583333333333333,14,per_run_oof
llama_3p1_8b_instruct__math_test_00265_3b8ec9e0__temp0.10__seed7,0.2840815630740057,0.5208333333333334,14,per_run_oof
llama_3p1_8b_instruct__math_test_00265_3b8ec9e0__temp0.60__seed7,0.2258437074858119,,14,per_run_oof
llama_3p1_8b_instruct__math_test_00265_3b8ec9e0__temp1.00__seed7,0.27393902659121594,,14,per_run_oof
llama_3p1_8b_instruct__math_test_00266_dbf10789__temp0.10__seed7,0.16333695807369766,0.8787878787878788,14,per_run_oof
llama_3p1_8b_instruct__math_test_00266_dbf10789__temp0.60__seed7,0.11547731485811998,,14,per_run_oof
llama_3p1_8b_instruct__math_test_00266_dbf10789__temp1.00__seed7,0.13176900763610713,,14,per_run_oof
llama_3p1_8b_instruct__math_test_00267_a33fc5f4__temp0.10__seed7,0.3846176283838917,0.07692307692307687,14,per_run_oof
llama_3p1_8b_instruct__math_test_00267_a33fc5f4__temp0.60__seed7,0.09973290453188975,1.0,14,per_run_oof
llama_3p1_8b_instruct__math_test_00267_a33fc5f4__temp1.00__seed7,0.11323365473529952,1.0,14,per_run_oof
llama_3p1_8b_instruct__math_test_00268_64a42184__temp0.10__seed7,0.10137231351016703,1.0,14,per_run_oof
llama_3p1_8b_instruct__math_test_00268_64a42184__temp0.60__seed7,0.297104360375588,,14,per_run_oof
llama_3p1_8b_instruct__math_test_00268_64a42184__temp1.00__seed7,0.13491963049273295,0.6923076923076923,14,per_run_oof
llama_3p1_8b_instruct__math_test_00269_3a892d62__temp0.10__seed7,0.2655130023612283,,14,per_run_oof
llama_3p1_8b_instruct__math_test_00269_3a892d62__temp0.60__seed7,0.40776500396040094,,14,per_run_oof
llama_3p1_8b_instruct__math_test_00269_3a892d62__temp1.00__seed7,0.3516050824956224,0.35,14,per_run_oof
llama_3p1_8b_instruct__math_test_00270_d6fa4f7c__temp0.10__seed7,0.11038648392486723,0.9777777777777779,14,per_run_oof
llama_3p1_8b_instruct__math_test_00270_d6fa4f7c__temp0.60__seed7,0.2905865414868707,,14,per_run_oof
llama_3p1_8b_instruct__math_test_00270_d6fa4f7c__temp1.00__seed7,0.23417998813473906,,14,per_run_oof
llama_3p1_8b_instruct__math_test_00271_0cd3b758__temp0.10__seed7,0.21229701979880913,,14,per_run_oof
llama_3p1_8b_instruct__math_test_00271_0cd3b758__temp0.60__seed7,0.26456741830990355,,14,per_run_oof
llama_3p1_8b_instruct__math_test_00271_0cd3b758__temp1.00__seed7,0.17708950420339334,,14,per_run_oof
llama_3p1_8b_instruct__math_test_00272_84359c4d__temp0.10__seed7,0.41441170691981016,0.06060606060606062,14,per_run_oof
llama_3p1_8b_instruct__math_test_00272_84359c4d__temp0.60__seed7,0.1255482567966544,,14,per_run_oof
llama_3p1_8b_instruct__math_test_00272_84359c4d__temp1.00__seed7,0.14120160603741153,,14,per_run_oof
llama_3p1_8b_instruct__math_test_00273_a9e9a1de__temp0.10__seed7,0.11485373828449726,1.0,14,per_run_oof
llama_3p1_8b_instruct__math_test_00273_a9e9a1de__temp0.60__seed7,0.10582812309949295,1.0,14,per_run_oof
llama_3p1_8b_instruct__math_test_00273_a9e9a1de__temp1.00__seed7,0.3079648664469344,,14,per_run_oof
llama_3p1_8b_instruct__math_test_00274_75abc690__temp0.10__seed7,0.37627482371071264,,14,per_run_oof
llama_3p1_8b_instruct__math_test_00274_75abc690__temp0.60__seed7,0.17827910479210737,,14,per_run_oof
llama_3p1_8b_instruct__math_test_00274_75abc690__temp1.00__seed7,0.20730993763232716,,14,per_run_oof
llama_3p1_8b_instruct__math_test_00275_4384cd3d__temp0.10__seed7,0.32427967895521675,,14,per_run_oof
llama_3p1_8b_instruct__math_test_00275_4384cd3d__temp0.60__seed7,0.15083978840118223,0.9583333333333333,14,per_run_oof
llama_3p1_8b_instruct__math_test_00275_4384cd3d__temp1.00__seed7,0.2212150840727369,0.5384615384615384,14,per_run_oof
llama_3p1_8b_instruct__math_test_00276_845d624e__temp0.10__seed7,0.19876278252011192,0.6923076923076923,14,per_run_oof
llama_3p1_8b_instruct__math_test_00276_845d624e__temp0.60__seed7,0.1917603576267517,,14,per_run_oof
llama_3p1_8b_instruct__math_test_00276_845d624e__temp1.00__seed7,0.1719415383465512,,14,per_run_oof
llama_3p1_8b_instruct__math_test_00277_c86dc9b8__temp0.10__seed7,0.12881882359573832,1.0,14,per_run_oof
llama_3p1_8b_instruct__math_test_00277_c86dc9b8__temp0.60__seed7,0.2668408469111557,,14,per_run_oof
llama_3p1_8b_instruct__math_test_00277_c86dc9b8__temp1.00__seed7,0.1242258727685747,0.9696969696969697,14,per_run_oof
llama_3p1_8b_instruct__math_test_00278_f57d1ab7__temp0.10__seed7,0.22740335033154366,,14,per_run_oof
llama_3p1_8b_instruct__math_test_00278_f57d1ab7__temp0.60__seed7,0.2203986553725636,,14,per_run_oof
llama_3p1_8b_instruct__math_test_00278_f57d1ab7__temp1.00__seed7,0.035108036610984945,,14,per_run_oof
llama_3p1_8b_instruct__math_test_00279_c9a3fe90__temp0.10__seed7,0.18164055006507765,,14,per_run_oof
llama_3p1_8b_instruct__math_test_00279_c9a3fe90__temp0.60__seed7,0.3039387165941419,,14,per_run_oof
llama_3p1_8b_instruct__math_test_00279_c9a3fe90__temp1.00__seed7,0.19405640860542847,,14,per_run_oof
llama_3p1_8b_instruct__math_test_00280_fa6589e1__temp0.10__seed7,0.2485405940944449,,14,per_run_oof
llama_3p1_8b_instruct__math_test_00280_fa6589e1__temp0.60__seed7,0.18169991064348867,,14,per_run_oof
llama_3p1_8b_instruct__math_test_00280_fa6589e1__temp1.00__seed7,0.15310943184604028,0.23076923076923073,14,per_run_oof
llama_3p1_8b_instruct__math_test_00281_c1845e7d__temp0.10__seed7,0.276388239537743,0.23076923076923073,14,per_run_oof
llama_3p1_8b_instruct__math_test_00281_c1845e7d__temp0.60__seed7,0.39488704554056625,,14,per_run_oof
llama_3p1_8b_instruct__math_test_00281_c1845e7d__temp1.00__seed7,0.19794000323515873,0.8222222222222222,14,per_run_oof
llama_3p1_8b_instruct__math_test_00282_92f3a353__temp0.10__seed7,0.21832367165330946,,14,per_run_oof
llama_3p1_8b_instruct__math_test_00282_92f3a353__temp0.60__seed7,0.16191526990168384,,14,per_run_oof
llama_3p1_8b_instruct__math_test_00282_92f3a353__temp1.00__seed7,0.17149075091153185,,14,per_run_oof
llama_3p1_8b_instruct__math_test_00283_7135627a__temp0.10__seed7,0.2825793937701806,0.46153846153846156,14,per_run_oof
llama_3p1_8b_instruct__math_test_00283_7135627a__temp0.60__seed7,0.17958273438725533,,14,per_run_oof
llama_3p1_8b_instruct__math_test_00283_7135627a__temp1.00__seed7,0.27132040172082095,,14,per_run_oof
llama_3p1_8b_instruct__math_test_00284_d7b7add8__temp0.10__seed7,0.0414912250919463,,14,per_run_oof
llama_3p1_8b_instruct__math_test_00284_d7b7add8__temp0.60__seed7,0.024940565400110755,,14,per_run_oof
llama_3p1_8b_instruct__math_test_00284_d7b7add8__temp1.00__seed7,0.10541926084540973,,14,per_run_oof
llama_3p1_8b_instruct__math_test_00285_2a685be2__temp0.10__seed7,0.3088687539342797,,14,per_run_oof
llama_3p1_8b_instruct__math_test_00285_2a685be2__temp0.60__seed7,0.268358346593185,,14,per_run_oof
llama_3p1_8b_instruct__math_test_00285_2a685be2__temp1.00__seed7,0.2972772323134783,,14,per_run_oof
llama_3p1_8b_instruct__math_test_00286_2378497f__temp0.10__seed7,0.4388987200104658,,14,per_run_oof
llama_3p1_8b_instruct__math_test_00286_2378497f__temp0.60__seed7,0.3233458394317544,,14,per_run_oof
llama_3p1_8b_instruct__math_test_00286_2378497f__temp1.00__seed7,0.283145677972223,,14,per_run_oof
llama_3p1_8b_instruct__math_test_00287_ab35a62d__temp0.10__seed7,0.012494868505376488,,14,per_run_oof
llama_3p1_8b_instruct__math_test_00287_ab35a62d__temp0.60__seed7,0.06801288418855124,0.8461538461538461,14,per_run_oof
llama_3p1_8b_instruct__math_test_00287_ab35a62d__temp1.00__seed7,0.07556775310902845,,14,per_run_oof
llama_3p1_8b_instruct__math_test_00288_99b25b6b__temp0.10__seed7,0.13213395721279703,,14,per_run_oof
llama_3p1_8b_instruct__math_test_00288_99b25b6b__temp0.60__seed7,0.10020896637296484,,14,per_run_oof
llama_3p1_8b_instruct__math_test_00288_99b25b6b__temp1.00__seed7,0.07186463721771819,,14,per_run_oof
llama_3p1_8b_instruct__math_test_00289_65b47d19__temp0.10__seed7,0.059453327832720906,,14,per_run_oof
llama_3p1_8b_instruct__math_test_00289_65b47d19__temp0.60__seed7,0.1599641659583863,,14,per_run_oof
llama_3p1_8b_instruct__math_test_00289_65b47d19__temp1.00__seed7,0.02824085616954095,,14,per_run_oof
llama_3p1_8b_instruct__math_test_00290_1a809667__temp0.10__seed7,0.24448310083516245,,14,per_run_oof
llama_3p1_8b_instruct__math_test_00290_1a809667__temp0.60__seed7,0.3150972659837819,,14,per_run_oof
llama_3p1_8b_instruct__math_test_00290_1a809667__temp1.00__seed7,0.10615149938247169,,14,per_run_oof
llama_3p1_8b_instruct__math_test_00291_f0f80e1a__temp0.10__seed7,0.3092862054479932,0.5833333333333334,14,per_run_oof
llama_3p1_8b_instruct__math_test_00291_f0f80e1a__temp0.60__seed7,0.1695901314249558,0.8333333333333334,14,per_run_oof
llama_3p1_8b_instruct__math_test_00291_f0f80e1a__temp1.00__seed7,0.18495617491671776,,14,per_run_oof
llama_3p1_8b_instruct__math_test_00292_9f87e110__temp0.10__seed7,0.07692414678170033,,14,per_run_oof
llama_3p1_8b_instruct__math_test_00292_9f87e110__temp0.60__seed7,0.08896575957024831,,14,per_run_oof
llama_3p1_8b_instruct__math_test_00292_9f87e110__temp1.00__seed7,0.06065900896234566,,14,per_run_oof
llama_3p1_8b_instruct__math_test_00293_9a549464__temp0.10__seed7,0.2650028735733359,,14,per_run_oof
llama_3p1_8b_instruct__math_test_00293_9a549464__temp0.60__seed7,0.17039958205036734,,14,per_run_oof
llama_3p1_8b_instruct__math_test_00293_9a549464__temp1.00__seed7,0.13573878629729946,1.0,14,per_run_oof
llama_3p1_8b_instruct__math_test_00294_bbfa98b4__temp0.10__seed7,0.09489592677918136,1.0,14,per_run_oof
llama_3p1_8b_instruct__math_test_00294_bbfa98b4__temp0.60__seed7,0.17261789940333608,0.75,14,per_run_oof
llama_3p1_8b_instruct__math_test_00294_bbfa98b4__temp1.00__seed7,0.16937779039137799,0.9555555555555555,14,per_run_oof
llama_3p1_8b_instruct__math_test_00295_5384a318__temp0.10__seed7,0.3750299509613323,0.23076923076923073,14,per_run_oof
llama_3p1_8b_instruct__math_test_00295_5384a318__temp0.60__seed7,0.3347702998039422,,14,per_run_oof
llama_3p1_8b_instruct__math_test_00295_5384a318__temp1.00__seed7,0.22221507230483586,,14,per_run_oof
llama_3p1_8b_instruct__math_test_00296_dd695c69__temp0.10__seed7,0.18200720682543997,,14,per_run_oof
llama_3p1_8b_instruct__math_test_00296_dd695c69__temp0.60__seed7,0.13555710806805668,,14,per_run_oof
llama_3p1_8b_instruct__math_test_00296_dd695c69__temp1.00__seed7,0.05143955971951729,,14,per_run_oof
llama_3p1_8b_instruct__math_test_00297_96f3b4cd__temp0.10__seed7,0.20858173604249913,,14,per_run_oof
llama_3p1_8b_instruct__math_test_00297_96f3b4cd__temp0.60__seed7,0.30164799131983183,,14,per_run_oof
llama_3p1_8b_instruct__math_test_00297_96f3b4cd__temp1.00__seed7,0.4359649923951068,,14,per_run_oof
llama_3p1_8b_instruct__math_test_00298_cd93bf6b__temp0.10__seed7,0.13878077354830107,0.9583333333333333,14,per_run_oof
llama_3p1_8b_instruct__math_test_00298_cd93bf6b__temp0.60__seed7,0.12563180088759932,1.0,14,per_run_oof
llama_3p1_8b_instruct__math_test_00298_cd93bf6b__temp1.00__seed7,0.1454856201686328,0.7575757575757577,14,per_run_oof
llama_3p1_8b_instruct__math_test_00299_9edbd238__temp0.10__seed7,0.15492679639973087,0.9777777777777779,14,per_run_oof
llama_3p1_8b_instruct__math_test_00299_9edbd238__temp0.60__seed7,0.12050021632347223,0.975,14,per_run_oof
llama_3p1_8b_instruct__math_test_00299_9edbd238__temp1.00__seed7,0.33438047049587516,0.23076923076923073,14,per_run_oof
llama_3p1_8b_instruct__math_test_00300_7b4fb29f__temp0.10__seed7,0.34957997233714017,,14,per_run_oof
llama_3p1_8b_instruct__math_test_00300_7b4fb29f__temp0.60__seed7,0.30363813165767384,,14,per_run_oof
llama_3p1_8b_instruct__math_test_00300_7b4fb29f__temp1.00__seed7,0.18058631916431658,,14,per_run_oof
llama_3p1_8b_instruct__math_test_00301_fe74163c__temp0.10__seed7,0.23111465282821025,,14,per_run_oof
llama_3p1_8b_instruct__math_test_00301_fe74163c__temp0.60__seed7,0.1957263037183147,,14,per_run_oof
llama_3p1_8b_instruct__math_test_00301_fe74163c__temp1.00__seed7,0.06380035700438962,,14,per_run_oof
llama_3p1_8b_instruct__math_test_00302_555caaf5__temp0.10__seed7,0.13721256048666056,,14,per_run_oof
llama_3p1_8b_instruct__math_test_00302_555caaf5__temp0.60__seed7,0.18019706999952081,,14,per_run_oof
llama_3p1_8b_instruct__math_test_00302_555caaf5__temp1.00__seed7,0.22766531328617515,,14,per_run_oof
llama_3p1_8b_instruct__math_test_00303_0a6043f3__temp0.10__seed7,0.04489518481844734,,14,per_run_oof
llama_3p1_8b_instruct__math_test_00303_0a6043f3__temp0.60__seed7,0.20878390191924215,,14,per_run_oof
llama_3p1_8b_instruct__math_test_00303_0a6043f3__temp1.00__seed7,0.046974632548684815,,14,per_run_oof
llama_3p1_8b_instruct__math_test_00304_782cacd3__temp0.10__seed7,0.17074062189699304,,14,per_run_oof
llama_3p1_8b_instruct__math_test_00304_782cacd3__temp0.60__seed7,0.251681464018963,,14,per_run_oof
llama_3p1_8b_instruct__math_test_00304_782cacd3__temp1.00__seed7,0.1989457755418778,,14,per_run_oof
llama_3p1_8b_instruct__math_test_00305_c8d180e8__temp0.10__seed7,0.16021063926684162,,14,per_run_oof
llama_3p1_8b_instruct__math_test_00305_c8d180e8__temp0.60__seed7,0.22839969035608745,,14,per_run_oof
llama_3p1_8b_instruct__math_test_00305_c8d180e8__temp1.00__seed7,0.20939737008966958,,14,per_run_oof
llama_3p1_8b_instruct__math_test_00306_15a3ec97__temp0.10__seed7,0.2545944858787294,,14,per_run_oof
llama_3p1_8b_instruct__math_test_00306_15a3ec97__temp0.60__seed7,0.1737244013723043,,14,per_run_oof
llama_3p1_8b_instruct__math_test_00306_15a3ec97__temp1.00__seed7,0.17640123497882196,,14,per_run_oof
llama_3p1_8b_instruct__math_test_00307_ac0e3789__temp0.10__seed7,0.33501675428860905,,14,per_run_oof
llama_3p1_8b_instruct__math_test_00307_ac0e3789__temp0.60__seed7,0.28304266682921503,,14,per_run_oof
llama_3p1_8b_instruct__math_test_00307_ac0e3789__temp1.00__seed7,0.19808088414959696,,14,per_run_oof
llama_3p1_8b_instruct__math_test_00308_35ec1d7b__temp0.10__seed7,0.19699147451178992,,14,per_run_oof
llama_3p1_8b_instruct__math_test_00308_35ec1d7b__temp0.60__seed7,0.22118639200230011,,14,per_run_oof
llama_3p1_8b_instruct__math_test_00308_35ec1d7b__temp1.00__seed7,0.14427625482073997,,14,per_run_oof
llama_3p1_8b_instruct__math_test_00309_7be0b9c6__temp0.10__seed7,0.11692137064882076,,14,per_run_oof
llama_3p1_8b_instruct__math_test_00309_7be0b9c6__temp0.60__seed7,0.20514127748648248,,14,per_run_oof
llama_3p1_8b_instruct__math_test_00309_7be0b9c6__temp1.00__seed7,0.19627587839137586,,14,per_run_oof
llama_3p1_8b_instruct__math_test_00310_2974ae8d__temp0.10__seed7,0.18367192183881453,,14,per_run_oof
llama_3p1_8b_instruct__math_test_00310_2974ae8d__temp0.60__seed7,0.33903060702849563,,14,per_run_oof
llama_3p1_8b_instruct__math_test_00310_2974ae8d__temp1.00__seed7,0.12648471816366866,0.979591836734694,14,per_run_oof
llama_3p1_8b_instruct__math_test_00311_db5088ff__temp0.10__seed7,0.31314587543779104,0.23076923076923073,14,per_run_oof
llama_3p1_8b_instruct__math_test_00311_db5088ff__temp0.60__seed7,0.23100403409022482,,14,per_run_oof
llama_3p1_8b_instruct__math_test_00311_db5088ff__temp1.00__seed7,0.2937848888689949,,14,per_run_oof
llama_3p1_8b_instruct__math_test_00312_74f8cf90__temp0.10__seed7,0.3961176624420938,0.07692307692307687,14,per_run_oof
llama_3p1_8b_instruct__math_test_00312_74f8cf90__temp0.60__seed7,0.14060477539764638,0.8181818181818181,14,per_run_oof
llama_3p1_8b_instruct__math_test_00312_74f8cf90__temp1.00__seed7,0.3636883735948642,0.625,14,per_run_oof
llama_3p1_8b_instruct__math_test_00313_eb9feec2__temp0.10__seed7,0.36885434204364637,,14,per_run_oof
llama_3p1_8b_instruct__math_test_00313_eb9feec2__temp0.60__seed7,0.3185738952374248,,14,per_run_oof
llama_3p1_8b_instruct__math_test_00313_eb9feec2__temp1.00__seed7,0.25669448624767127,,14,per_run_oof
llama_3p1_8b_instruct__math_test_00314_1f87cb3d__temp0.10__seed7,0.24433033604107893,,14,per_run_oof
llama_3p1_8b_instruct__math_test_00314_1f87cb3d__temp0.60__seed7,0.15902038306977312,,14,per_run_oof
llama_3p1_8b_instruct__math_test_00314_1f87cb3d__temp1.00__seed7,0.26805969720474554,,14,per_run_oof
llama_3p1_8b_instruct__math_test_00315_df923cac__temp0.10__seed7,0.12334400273150761,,14,per_run_oof
llama_3p1_8b_instruct__math_test_00315_df923cac__temp0.60__seed7,0.10504431686029539,,14,per_run_oof
llama_3p1_8b_instruct__math_test_00315_df923cac__temp1.00__seed7,0.16965681943866434,,14,per_run_oof
llama_3p1_8b_instruct__math_test_00316_d871c684__temp0.10__seed7,0.28376687024139724,,14,per_run_oof
llama_3p1_8b_instruct__math_test_00316_d871c684__temp0.60__seed7,0.1799136353314484,0.3076923076923077,14,per_run_oof
llama_3p1_8b_instruct__math_test_00316_d871c684__temp1.00__seed7,0.1274675313980317,,14,per_run_oof
llama_3p1_8b_instruct__math_test_00317_e0ee33c8__temp0.10__seed7,0.03668840315843113,,14,per_run_oof
llama_3p1_8b_instruct__math_test_00317_e0ee33c8__temp0.60__seed7,0.2432998039317738,,14,per_run_oof
llama_3p1_8b_instruct__math_test_00317_e0ee33c8__temp1.00__seed7,0.16726179005677874,,14,per_run_oof
llama_3p1_8b_instruct__math_test_00318_126e857a__temp0.10__seed7,0.37877811519644655,,14,per_run_oof
llama_3p1_8b_instruct__math_test_00318_126e857a__temp0.60__seed7,0.42741865155183595,,14,per_run_oof
llama_3p1_8b_instruct__math_test_00318_126e857a__temp1.00__seed7,0.21774161839599443,,14,per_run_oof
llama_3p1_8b_instruct__math_test_00319_dde9f260__temp0.10__seed7,0.16304219488310873,0.9333333333333333,14,per_run_oof
llama_3p1_8b_instruct__math_test_00319_dde9f260__temp0.60__seed7,0.24714357489509467,,14,per_run_oof
llama_3p1_8b_instruct__math_test_00319_dde9f260__temp1.00__seed7,0.20415151039768828,,14,per_run_oof
llama_3p1_8b_instruct__math_test_00320_e8f73851__temp0.10__seed7,0.24282630673095798,,14,per_run_oof
llama_3p1_8b_instruct__math_test_00320_e8f73851__temp0.60__seed7,0.21754892609532053,,14,per_run_oof
llama_3p1_8b_instruct__math_test_00320_e8f73851__temp1.00__seed7,0.19829406846105999,0.6888888888888889,14,per_run_oof
llama_3p1_8b_instruct__math_test_00321_bf799ecc__temp0.10__seed7,0.372753060585387,,14,per_run_oof
llama_3p1_8b_instruct__math_test_00321_bf799ecc__temp0.60__seed7,0.4373071888246955,,14,per_run_oof
llama_3p1_8b_instruct__math_test_00321_bf799ecc__temp1.00__seed7,0.17020744563171944,1.0,14,per_run_oof
llama_3p1_8b_instruct__math_test_00322_ee8eb9c1__temp0.10__seed7,0.17320828794545937,0.7333333333333333,14,per_run_oof
llama_3p1_8b_instruct__math_test_00322_ee8eb9c1__temp0.60__seed7,0.1994069603724948,,14,per_run_oof
llama_3p1_8b_instruct__math_test_00322_ee8eb9c1__temp1.00__seed7,0.23017462496923774,,14,per_run_oof
llama_3p1_8b_instruct__math_test_00323_372c2d59__temp0.10__seed7,0.2093751453302699,0.8125,14,per_run_oof
llama_3p1_8b_instruct__math_test_00323_372c2d59__temp0.60__seed7,0.12556319586602385,1.0,14,per_run_oof
llama_3p1_8b_instruct__math_test_00323_372c2d59__temp1.00__seed7,0.26314580727306647,,14,per_run_oof
llama_3p1_8b_instruct__math_test_00324_5d4902ec__temp0.10__seed7,0.05072923208926997,,14,per_run_oof
llama_3p1_8b_instruct__math_test_00324_5d4902ec__temp0.60__seed7,0.08839592485168771,,14,per_run_oof
llama_3p1_8b_instruct__math_test_00324_5d4902ec__temp1.00__seed7,0.09241982848591468,,14,per_run_oof
llama_3p1_8b_instruct__math_test_00325_bf36a20b__temp0.10__seed7,0.3158998382495736,,14,per_run_oof
llama_3p1_8b_instruct__math_test_00325_bf36a20b__temp0.60__seed7,0.23024052078103985,,14,per_run_oof
llama_3p1_8b_instruct__math_test_00325_bf36a20b__temp1.00__seed7,0.24233346590491742,,14,per_run_oof
llama_3p1_8b_instruct__math_test_00326_2b3c488f__temp0.10__seed7,0.2368314653109545,,14,per_run_oof
llama_3p1_8b_instruct__math_test_00326_2b3c488f__temp0.60__seed7,0.11482113319305325,,14,per_run_oof
llama_3p1_8b_instruct__math_test_00326_2b3c488f__temp1.00__seed7,0.07506130500714576,,14,per_run_oof
llama_3p1_8b_instruct__math_test_00327_39c0048d__temp0.10__seed7,0.22436371066759256,,14,per_run_oof
llama_3p1_8b_instruct__math_test_00327_39c0048d__temp0.60__seed7,0.2710017991392558,,14,per_run_oof
llama_3p1_8b_instruct__math_test_00327_39c0048d__temp1.00__seed7,0.18985112253418804,,14,per_run_oof
llama_3p1_8b_instruct__math_test_00328_fd5fbe30__temp0.10__seed7,0.24791507282262962,0.7111111111111111,14,per_run_oof
llama_3p1_8b_instruct__math_test_00328_fd5fbe30__temp0.60__seed7,0.1315112354170304,1.0,14,per_run_oof
llama_3p1_8b_instruct__math_test_00328_fd5fbe30__temp1.00__seed7,0.11046786382157607,1.0,14,per_run_oof
llama_3p1_8b_instruct__math_test_00329_a0de4994__temp0.10__seed7,0.045801937392260614,,14,per_run_oof
llama_3p1_8b_instruct__math_test_00329_a0de4994__temp0.60__seed7,0.2953390746888868,,14,per_run_oof
llama_3p1_8b_instruct__math_test_00329_a0de4994__temp1.00__seed7,0.08924664596196127,1.0,14,per_run_oof
llama_3p1_8b_instruct__math_test_00330_45cea026__temp0.10__seed7,0.36831966128521054,,14,per_run_oof
llama_3p1_8b_instruct__math_test_00330_45cea026__temp0.60__seed7,0.20287831248409768,0.46153846153846156,14,per_run_oof
llama_3p1_8b_instruct__math_test_00330_45cea026__temp1.00__seed7,0.2886353795030959,0.2424242424242424,14,per_run_oof
llama_3p1_8b_instruct__math_test_00331_023902bd__temp0.10__seed7,0.3049208621756803,,14,per_run_oof
llama_3p1_8b_instruct__math_test_00331_023902bd__temp0.60__seed7,0.3325677703220249,,14,per_run_oof
llama_3p1_8b_instruct__math_test_00331_023902bd__temp1.00__seed7,0.29949676529689223,,14,per_run_oof
llama_3p1_8b_instruct__math_test_00332_5bacfa8c__temp0.10__seed7,0.23340700179142315,,14,per_run_oof
llama_3p1_8b_instruct__math_test_00332_5bacfa8c__temp0.60__seed7,0.25119650115623865,,14,per_run_oof
llama_3p1_8b_instruct__math_test_00332_5bacfa8c__temp1.00__seed7,0.13614637530287568,1.0,14,per_run_oof
llama_3p1_8b_instruct__math_test_00333_a31e71a6__temp0.10__seed7,0.3159401403660325,,14,per_run_oof
llama_3p1_8b_instruct__math_test_00333_a31e71a6__temp0.60__seed7,0.2984434286435932,,14,per_run_oof
llama_3p1_8b_instruct__math_test_00333_a31e71a6__temp1.00__seed7,0.07322566974359655,1.0,14,per_run_oof
llama_3p1_8b_instruct__math_test_00334_18dac264__temp0.10__seed7,0.2980817173830315,,14,per_run_oof
llama_3p1_8b_instruct__math_test_00334_18dac264__temp0.60__seed7,0.19944374294345504,,14,per_run_oof
llama_3p1_8b_instruct__math_test_00334_18dac264__temp1.00__seed7,0.1758982819057633,,14,per_run_oof
llama_3p1_8b_instruct__math_test_00335_fde40de4__temp0.10__seed7,0.17175814955827165,,14,per_run_oof
llama_3p1_8b_instruct__math_test_00335_fde40de4__temp0.60__seed7,0.15621401827473913,,14,per_run_oof
llama_3p1_8b_instruct__math_test_00335_fde40de4__temp1.00__seed7,0.1291944693022797,,14,per_run_oof
llama_3p1_8b_instruct__math_test_00336_0b4ea1e7__temp0.10__seed7,0.03191187397098381,,14,per_run_oof
llama_3p1_8b_instruct__math_test_00336_0b4ea1e7__temp0.60__seed7,0.10468289717343492,,14,per_run_oof
llama_3p1_8b_instruct__math_test_00336_0b4ea1e7__temp1.00__seed7,0.03891361966876874,,14,per_run_oof
llama_3p1_8b_instruct__math_test_00337_d02b019a__temp0.10__seed7,0.3279123489497309,,14,per_run_oof
llama_3p1_8b_instruct__math_test_00337_d02b019a__temp0.60__seed7,0.2838001235574342,,14,per_run_oof
llama_3p1_8b_instruct__math_test_00337_d02b019a__temp1.00__seed7,0.1023337749032529,,14,per_run_oof
llama_3p1_8b_instruct__math_test_00338_6b6d2c6b__temp0.10__seed7,0.21420516417188007,0.8484848484848484,14,per_run_oof
llama_3p1_8b_instruct__math_test_00338_6b6d2c6b__temp0.60__seed7,0.3632455551573342,0.2727272727272727,14,per_run_oof
llama_3p1_8b_instruct__math_test_00338_6b6d2c6b__temp1.00__seed7,0.2921591204442812,0.6363636363636364,14,per_run_oof
llama_3p1_8b_instruct__math_test_00339_5722cb6d__temp0.10__seed7,0.24849601820385644,,14,per_run_oof
llama_3p1_8b_instruct__math_test_00339_5722cb6d__temp0.60__seed7,0.1275055540119205,,14,per_run_oof
llama_3p1_8b_instruct__math_test_00339_5722cb6d__temp1.00__seed7,0.19120398006891465,,14,per_run_oof
llama_3p1_8b_instruct__math_test_00340_c7e6fae6__temp0.10__seed7,0.10874362210318056,,14,per_run_oof
llama_3p1_8b_instruct__math_test_00340_c7e6fae6__temp0.60__seed7,0.026748138927857563,,14,per_run_oof
llama_3p1_8b_instruct__math_test_00340_c7e6fae6__temp1.00__seed7,0.017710067938031284,,14,per_run_oof
llama_3p1_8b_instruct__math_test_00341_0734d253__temp0.10__seed7,0.17621291266815892,,14,per_run_oof
llama_3p1_8b_instruct__math_test_00341_0734d253__temp0.60__seed7,0.16340770663304832,,14,per_run_oof
llama_3p1_8b_instruct__math_test_00341_0734d253__temp1.00__seed7,0.028132959905453704,,14,per_run_oof
llama_3p1_8b_instruct__math_test_00342_1bb3298f__temp0.10__seed7,0.2636445305842635,,14,per_run_oof
llama_3p1_8b_instruct__math_test_00342_1bb3298f__temp0.60__seed7,0.24317674739285783,,14,per_run_oof
llama_3p1_8b_instruct__math_test_00342_1bb3298f__temp1.00__seed7,0.27730019981492204,,14,per_run_oof
llama_3p1_8b_instruct__math_test_00343_e54f9ee1__temp0.10__seed7,0.10963067601086209,,14,per_run_oof
llama_3p1_8b_instruct__math_test_00343_e54f9ee1__temp0.60__seed7,0.2289617954382746,,14,per_run_oof
llama_3p1_8b_instruct__math_test_00343_e54f9ee1__temp1.00__seed7,0.13698476901680953,,14,per_run_oof
llama_3p1_8b_instruct__math_test_00344_64925ab7__temp0.10__seed7,0.06138432058663706,,14,per_run_oof
llama_3p1_8b_instruct__math_test_00344_64925ab7__temp0.60__seed7,0.181904080480538,,14,per_run_oof
llama_3p1_8b_instruct__math_test_00344_64925ab7__temp1.00__seed7,0.06658849474179872,,14,per_run_oof
llama_3p1_8b_instruct__math_test_00345_6af61995__temp0.10__seed7,0.1988573328559755,,14,per_run_oof
llama_3p1_8b_instruct__math_test_00345_6af61995__temp0.60__seed7,0.36087053325736734,,14,per_run_oof
llama_3p1_8b_instruct__math_test_00345_6af61995__temp1.00__seed7,0.20874353435734389,,14,per_run_oof
llama_3p1_8b_instruct__math_test_00346_baa6122d__temp0.10__seed7,0.3889597983780318,0.375,14,per_run_oof
llama_3p1_8b_instruct__math_test_00346_baa6122d__temp0.60__seed7,0.14291945258075447,0.9166666666666667,14,per_run_oof
llama_3p1_8b_instruct__math_test_00346_baa6122d__temp1.00__seed7,0.09376411591940667,1.0,14,per_run_oof
llama_3p1_8b_instruct__math_test_00347_a2f7bec0__temp0.10__seed7,0.26147623916867374,,14,per_run_oof
llama_3p1_8b_instruct__math_test_00347_a2f7bec0__temp0.60__seed7,0.08915010428447372,1.0,14,per_run_oof
llama_3p1_8b_instruct__math_test_00347_a2f7bec0__temp1.00__seed7,0.18232812464509496,,14,per_run_oof
llama_3p1_8b_instruct__math_test_00348_86ddc3d0__temp0.10__seed7,0.18793777832929348,,14,per_run_oof
llama_3p1_8b_instruct__math_test_00348_86ddc3d0__temp0.60__seed7,0.210802103449196,,14,per_run_oof
llama_3p1_8b_instruct__math_test_00348_86ddc3d0__temp1.00__seed7,0.12713826116058133,,14,per_run_oof
llama_3p1_8b_instruct__math_test_00349_b9d9a1ba__temp0.10__seed7,0.42269704665142466,,14,per_run_oof
llama_3p1_8b_instruct__math_test_00349_b9d9a1ba__temp0.60__seed7,0.1486057364594041,0.875,14,per_run_oof
llama_3p1_8b_instruct__math_test_00349_b9d9a1ba__temp1.00__seed7,0.3268694763016628,,14,per_run_oof
llama_3p1_8b_instruct__math_test_00350_02aacf73__temp0.10__seed7,0.12527987017519873,1.0,14,per_run_oof
llama_3p1_8b_instruct__math_test_00350_02aacf73__temp0.60__seed7,0.15769285919318657,1.0,14,per_run_oof
llama_3p1_8b_instruct__math_test_00350_02aacf73__temp1.00__seed7,0.13530004062461584,,14,per_run_oof
llama_3p1_8b_instruct__math_test_00351_67aec9c5__temp0.10__seed7,0.3094998938333417,0.15384615384615385,14,per_run_oof
llama_3p1_8b_instruct__math_test_00351_67aec9c5__temp0.60__seed7,0.2976327375200349,0.30303030303030304,14,per_run_oof
llama_3p1_8b_instruct__math_test_00351_67aec9c5__temp1.00__seed7,0.29581551054821376,,14,per_run_oof
llama_3p1_8b_instruct__math_test_00352_e74ba0fa__temp0.10__seed7,0.16916975872241874,0.9,14,per_run_oof
llama_3p1_8b_instruct__math_test_00352_e74ba0fa__temp0.60__seed7,0.16496333055830867,,14,per_run_oof
llama_3p1_8b_instruct__math_test_00352_e74ba0fa__temp1.00__seed7,0.12561711772392614,,14,per_run_oof
llama_3p1_8b_instruct__math_test_00353_8c1deb6e__temp0.10__seed7,0.1723226405739584,,14,per_run_oof
llama_3p1_8b_instruct__math_test_00353_8c1deb6e__temp0.60__seed7,0.11532086505512207,,14,per_run_oof
llama_3p1_8b_instruct__math_test_00353_8c1deb6e__temp1.00__seed7,0.09333494400294108,,14,per_run_oof
llama_3p1_8b_instruct__math_test_00354_47b050a9__temp0.10__seed7,0.1928857074629062,,14,per_run_oof
llama_3p1_8b_instruct__math_test_00354_47b050a9__temp0.60__seed7,0.2051672043405817,,14,per_run_oof
llama_3p1_8b_instruct__math_test_00354_47b050a9__temp1.00__seed7,0.24099382735658312,,14,per_run_oof
llama_3p1_8b_instruct__math_test_00355_ec1c2c36__temp0.10__seed7,0.42989996504766204,,14,per_run_oof
llama_3p1_8b_instruct__math_test_00355_ec1c2c36__temp0.60__seed7,0.10432706023145681,,14,per_run_oof
llama_3p1_8b_instruct__math_test_00355_ec1c2c36__temp1.00__seed7,0.12803113859250229,0.9166666666666667,14,per_run_oof
llama_3p1_8b_instruct__math_test_00356_f8a2ffc1__temp0.10__seed7,0.3031429906539486,,14,per_run_oof
llama_3p1_8b_instruct__math_test_00356_f8a2ffc1__temp0.60__seed7,0.12891259729436577,,14,per_run_oof
llama_3p1_8b_instruct__math_test_00356_f8a2ffc1__temp1.00__seed7,0.07434121508959868,1.0,14,per_run_oof
llama_3p1_8b_instruct__math_test_00357_8a63afe5__temp0.10__seed7,0.19082145841831893,0.7959183673469388,14,per_run_oof
llama_3p1_8b_instruct__math_test_00357_8a63afe5__temp0.60__seed7,0.29131137253473743,0.15384615384615385,14,per_run_oof
llama_3p1_8b_instruct__math_test_00357_8a63afe5__temp1.00__seed7,0.21539632437030387,,14,per_run_oof
llama_3p1_8b_instruct__math_test_00358_76dfcccb__temp0.10__seed7,0.09192907196646093,1.0,14,per_run_oof
llama_3p1_8b_instruct__math_test_00358_76dfcccb__temp0.60__seed7,0.16274562565291828,,14,per_run_oof
llama_3p1_8b_instruct__math_test_00358_76dfcccb__temp1.00__seed7,0.15042898982524497,0.6666666666666666,14,per_run_oof
llama_3p1_8b_instruct__math_test_00359_f093fce4__temp0.10__seed7,0.2076121350946452,,14,per_run_oof
llama_3p1_8b_instruct__math_test_00359_f093fce4__temp0.60__seed7,0.332838800110706,,14,per_run_oof
llama_3p1_8b_instruct__math_test_00359_f093fce4__temp1.00__seed7,0.279577279703897,,14,per_run_oof
llama_3p1_8b_instruct__math_test_00360_e7cc4a6f__temp0.10__seed7,0.36744424951760885,,14,per_run_oof
llama_3p1_8b_instruct__math_test_00360_e7cc4a6f__temp0.60__seed7,0.3502323444270325,,14,per_run_oof
llama_3p1_8b_instruct__math_test_00360_e7cc4a6f__temp1.00__seed7,0.20375364022391637,,14,per_run_oof
llama_3p1_8b_instruct__math_test_00361_e7fdc3ec__temp0.10__seed7,0.09888225786196529,0.9777777777777777,14,per_run_oof
llama_3p1_8b_instruct__math_test_00361_e7fdc3ec__temp0.60__seed7,0.14951218487895987,0.9387755102040816,14,per_run_oof
llama_3p1_8b_instruct__math_test_00361_e7fdc3ec__temp1.00__seed7,0.3236852963582764,,14,per_run_oof
llama_3p1_8b_instruct__math_test_00362_a3ec21a8__temp0.10__seed7,0.3145240189820583,,14,per_run_oof
llama_3p1_8b_instruct__math_test_00362_a3ec21a8__temp0.60__seed7,0.29109842829661214,,14,per_run_oof
llama_3p1_8b_instruct__math_test_00362_a3ec21a8__temp1.00__seed7,0.2656351669030487,,14,per_run_oof
llama_3p1_8b_instruct__math_test_00363_76d22eff__temp0.10__seed7,0.1775284424903904,,14,per_run_oof
llama_3p1_8b_instruct__math_test_00363_76d22eff__temp0.60__seed7,0.20777790462512166,,14,per_run_oof
llama_3p1_8b_instruct__math_test_00363_76d22eff__temp1.00__seed7,0.07369371496385911,,14,per_run_oof
llama_3p1_8b_instruct__math_test_00364_48ea1907__temp0.10__seed7,0.32938720222141277,,14,per_run_oof
llama_3p1_8b_instruct__math_test_00364_48ea1907__temp0.60__seed7,0.23934914988749703,,14,per_run_oof
llama_3p1_8b_instruct__math_test_00364_48ea1907__temp1.00__seed7,0.26903184097259514,,14,per_run_oof
llama_3p1_8b_instruct__math_test_00365_ee443bc9__temp0.10__seed7,0.051777476917505234,,14,per_run_oof
llama_3p1_8b_instruct__math_test_00365_ee443bc9__temp0.60__seed7,0.19147483447698704,,14,per_run_oof
llama_3p1_8b_instruct__math_test_00365_ee443bc9__temp1.00__seed7,0.036140686453641,,14,per_run_oof
llama_3p1_8b_instruct__math_test_00366_e4373bdd__temp0.10__seed7,0.18370682560339602,,14,per_run_oof
llama_3p1_8b_instruct__math_test_00366_e4373bdd__temp0.60__seed7,0.2028262051957517,,14,per_run_oof
llama_3p1_8b_instruct__math_test_00366_e4373bdd__temp1.00__seed7,0.1821859319153398,,14,per_run_oof
llama_3p1_8b_instruct__math_test_00367_f645536a__temp0.10__seed7,0.09657987220575946,,14,per_run_oof
llama_3p1_8b_instruct__math_test_00367_f645536a__temp0.60__seed7,0.11795906001834325,,14,per_run_oof
llama_3p1_8b_instruct__math_test_00367_f645536a__temp1.00__seed7,0.21431765186834065,,14,per_run_oof
llama_3p1_8b_instruct__math_test_00368_3ac511d2__temp0.10__seed7,0.28667806856158784,,14,per_run_oof
llama_3p1_8b_instruct__math_test_00368_3ac511d2__temp0.60__seed7,0.1912388814216601,,14,per_run_oof
llama_3p1_8b_instruct__math_test_00368_3ac511d2__temp1.00__seed7,0.1748316165816825,0.9333333333333333,14,per_run_oof
llama_3p1_8b_instruct__math_test_00369_598cca5b__temp0.10__seed7,0.2143947852373113,,14,per_run_oof
llama_3p1_8b_instruct__math_test_00369_598cca5b__temp0.60__seed7,0.16198286836486053,,14,per_run_oof
llama_3p1_8b_instruct__math_test_00369_598cca5b__temp1.00__seed7,0.15076831209982294,,14,per_run_oof
llama_3p1_8b_instruct__math_test_00370_ca991c57__temp0.10__seed7,0.2765924760078874,,14,per_run_oof
llama_3p1_8b_instruct__math_test_00370_ca991c57__temp0.60__seed7,0.21186214106095264,,14,per_run_oof
llama_3p1_8b_instruct__math_test_00370_ca991c57__temp1.00__seed7,0.14245635493140513,0.7575757575757576,14,per_run_oof
llama_3p1_8b_instruct__math_test_00371_2bd6f928__temp0.10__seed7,0.14942845756554582,0.9,14,per_run_oof
llama_3p1_8b_instruct__math_test_00371_2bd6f928__temp0.60__seed7,0.14200631203841038,,14,per_run_oof
llama_3p1_8b_instruct__math_test_00371_2bd6f928__temp1.00__seed7,0.27401299625717285,0.2916666666666667,14,per_run_oof
llama_3p1_8b_instruct__math_test_00372_b7f23143__temp0.10__seed7,0.4277520195074797,,14,per_run_oof
llama_3p1_8b_instruct__math_test_00372_b7f23143__temp0.60__seed7,0.422616726888995,,14,per_run_oof
llama_3p1_8b_instruct__math_test_00372_b7f23143__temp1.00__seed7,0.3546254544953076,,14,per_run_oof
llama_3p1_8b_instruct__math_test_00373_00badbcf__temp0.10__seed7,0.12728707598770753,1.0,14,per_run_oof
llama_3p1_8b_instruct__math_test_00373_00badbcf__temp0.60__seed7,0.2831863435360494,,14,per_run_oof
llama_3p1_8b_instruct__math_test_00373_00badbcf__temp1.00__seed7,0.12278750269420428,,14,per_run_oof
llama_3p1_8b_instruct__math_test_00374_6b1b63ff__temp0.10__seed7,0.24002934622651748,,14,per_run_oof
llama_3p1_8b_instruct__math_test_00374_6b1b63ff__temp0.60__seed7,0.30961981549886336,,14,per_run_oof
llama_3p1_8b_instruct__math_test_00374_6b1b63ff__temp1.00__seed7,0.17310955760411503,,14,per_run_oof
llama_3p1_8b_instruct__math_test_00375_150bb464__temp0.10__seed7,0.38791457293463055,0.07692307692307687,14,per_run_oof
llama_3p1_8b_instruct__math_test_00375_150bb464__temp0.60__seed7,0.29265983048526145,0.33333333333333337,14,per_run_oof
llama_3p1_8b_instruct__math_test_00375_150bb464__temp1.00__seed7,0.20297184194396992,,14,per_run_oof
llama_3p1_8b_instruct__math_test_00376_61c1faed__temp0.10__seed7,0.20412511102791314,0.7555555555555555,14,per_run_oof
llama_3p1_8b_instruct__math_test_00376_61c1faed__temp0.60__seed7,0.26121220203073936,,14,per_run_oof
llama_3p1_8b_instruct__math_test_00376_61c1faed__temp1.00__seed7,0.18541462601328043,,14,per_run_oof
llama_3p1_8b_instruct__math_test_00377_5a155369__temp0.10__seed7,0.1395668349878209,,14,per_run_oof
llama_3p1_8b_instruct__math_test_00377_5a155369__temp0.60__seed7,0.29435958935377815,,14,per_run_oof
llama_3p1_8b_instruct__math_test_00377_5a155369__temp1.00__seed7,0.2521122000013562,,14,per_run_oof
llama_3p1_8b_instruct__math_test_00378_679ad820__temp0.10__seed7,0.1875108508550082,0.9555555555555556,14,per_run_oof
llama_3p1_8b_instruct__math_test_00378_679ad820__temp0.60__seed7,0.14637419428022733,0.8958333333333334,14,per_run_oof
llama_3p1_8b_instruct__math_test_00378_679ad820__temp1.00__seed7,0.1334326418761951,0.875,14,per_run_oof
llama_3p1_8b_instruct__math_test_00379_47fb8717__temp0.10__seed7,0.09092730176453176,1.0,14,per_run_oof
llama_3p1_8b_instruct__math_test_00379_47fb8717__temp0.60__seed7,0.3157572096982833,,14,per_run_oof
llama_3p1_8b_instruct__math_test_00379_47fb8717__temp1.00__seed7,0.13316769171514073,1.0,14,per_run_oof
llama_3p1_8b_instruct__math_test_00380_5f1641b4__temp0.10__seed7,0.24969175590565532,,14,per_run_oof
llama_3p1_8b_instruct__math_test_00380_5f1641b4__temp0.60__seed7,0.05013095385239002,,14,per_run_oof
llama_3p1_8b_instruct__math_test_00380_5f1641b4__temp1.00__seed7,0.0851503605348501,,14,per_run_oof
llama_3p1_8b_instruct__math_test_00381_8df788ff__temp0.10__seed7,0.22036159577298428,1.0,14,per_run_oof
llama_3p1_8b_instruct__math_test_00381_8df788ff__temp0.60__seed7,0.22679393060641512,0.5384615384615384,14,per_run_oof
llama_3p1_8b_instruct__math_test_00381_8df788ff__temp1.00__seed7,0.17579606621739535,0.15384615384615385,14,per_run_oof
llama_3p1_8b_instruct__math_test_00382_38d763f6__temp0.10__seed7,0.3530816412386329,,14,per_run_oof
llama_3p1_8b_instruct__math_test_00382_38d763f6__temp0.60__seed7,0.2674298435475846,,14,per_run_oof
llama_3p1_8b_instruct__math_test_00382_38d763f6__temp1.00__seed7,0.18148286939514707,,14,per_run_oof
llama_3p1_8b_instruct__math_test_00383_08527b10__temp0.10__seed7,0.309976962262088,,14,per_run_oof
llama_3p1_8b_instruct__math_test_00383_08527b10__temp0.60__seed7,0.3937071424399984,,14,per_run_oof
llama_3p1_8b_instruct__math_test_00383_08527b10__temp1.00__seed7,0.3487609457358576,,14,per_run_oof
llama_3p1_8b_instruct__math_test_00384_b0468733__temp0.10__seed7,0.28920274267829316,,14,per_run_oof
llama_3p1_8b_instruct__math_test_00384_b0468733__temp0.60__seed7,0.1766017617516301,0.875,14,per_run_oof
llama_3p1_8b_instruct__math_test_00384_b0468733__temp1.00__seed7,0.25023676035831965,0.4848484848484848,14,per_run_oof
llama_3p1_8b_instruct__math_test_00385_30dafe73__temp0.10__seed7,0.19181019438038632,,14,per_run_oof
llama_3p1_8b_instruct__math_test_00385_30dafe73__temp0.60__seed7,0.28209019114102235,,14,per_run_oof
llama_3p1_8b_instruct__math_test_00385_30dafe73__temp1.00__seed7,0.1917166658014012,0.75,14,per_run_oof
llama_3p1_8b_instruct__math_test_00386_07310b54__temp0.10__seed7,0.060635117874418366,,14,per_run_oof
llama_3p1_8b_instruct__math_test_00386_07310b54__temp0.60__seed7,0.21717718179428536,,14,per_run_oof
llama_3p1_8b_instruct__math_test_00386_07310b54__temp1.00__seed7,0.10944265587413964,,14,per_run_oof
llama_3p1_8b_instruct__math_test_00387_17210adf__temp0.10__seed7,0.2342555838073872,,14,per_run_oof
llama_3p1_8b_instruct__math_test_00387_17210adf__temp0.60__seed7,0.12189454177945129,,14,per_run_oof
llama_3p1_8b_instruct__math_test_00387_17210adf__temp1.00__seed7,0.14467673200011597,,14,per_run_oof
llama_3p1_8b_instruct__math_test_00388_11e6a957__temp0.10__seed7,0.3550983563706831,,14,per_run_oof
llama_3p1_8b_instruct__math_test_00388_11e6a957__temp0.60__seed7,0.10351613230498322,1.0,14,per_run_oof
llama_3p1_8b_instruct__math_test_00388_11e6a957__temp1.00__seed7,0.21794932835970232,,14,per_run_oof
llama_3p1_8b_instruct__math_test_00389_a5faa9e5__temp0.10__seed7,0.26302889341819585,,14,per_run_oof
llama_3p1_8b_instruct__math_test_00389_a5faa9e5__temp0.60__seed7,0.2816337408232846,,14,per_run_oof
llama_3p1_8b_instruct__math_test_00389_a5faa9e5__temp1.00__seed7,0.18522816356565278,0.7749999999999999,14,per_run_oof
llama_3p1_8b_instruct__math_test_00390_ea31a6ca__temp0.10__seed7,0.16678510557983306,,14,per_run_oof
llama_3p1_8b_instruct__math_test_00390_ea31a6ca__temp0.60__seed7,0.18796606278704492,,14,per_run_oof
llama_3p1_8b_instruct__math_test_00390_ea31a6ca__temp1.00__seed7,0.23556017204233587,,14,per_run_oof
llama_3p1_8b_instruct__math_test_00391_da45406a__temp0.10__seed7,0.21810145102247067,,14,per_run_oof
llama_3p1_8b_instruct__math_test_00391_da45406a__temp0.60__seed7,0.27477878839225534,,14,per_run_oof
llama_3p1_8b_instruct__math_test_00391_da45406a__temp1.00__seed7,0.12621253676596875,0.8333333333333334,14,per_run_oof
llama_3p1_8b_instruct__math_test_00392_5ec89a77__temp0.10__seed7,0.2240664204397174,0.7500000000000001,14,per_run_oof
llama_3p1_8b_instruct__math_test_00392_5ec89a77__temp0.60__seed7,0.15363590180866568,0.9333333333333333,14,per_run_oof
llama_3p1_8b_instruct__math_test_00392_5ec89a77__temp1.00__seed7,0.2556922168766175,0.8181818181818182,14,per_run_oof
llama_3p1_8b_instruct__math_test_00393_b3a1a15f__temp0.10__seed7,0.1459342614328851,1.0,14,per_run_oof
llama_3p1_8b_instruct__math_test_00393_b3a1a15f__temp0.60__seed7,0.19668201721873485,,14,per_run_oof
llama_3p1_8b_instruct__math_test_00393_b3a1a15f__temp1.00__seed7,0.08854261026849243,,14,per_run_oof
llama_3p1_8b_instruct__math_test_00394_372e8efa__temp0.10__seed7,0.28505902147723655,,14,per_run_oof
llama_3p1_8b_instruct__math_test_00394_372e8efa__temp0.60__seed7,0.23069776846282355,,14,per_run_oof
llama_3p1_8b_instruct__math_test_00394_372e8efa__temp1.00__seed7,0.20997281043033356,,14,per_run_oof
llama_3p1_8b_instruct__math_test_00395_71129ef0__temp0.10__seed7,0.11396896085253871,,14,per_run_oof
llama_3p1_8b_instruct__math_test_00395_71129ef0__temp0.60__seed7,0.19066406903390792,,14,per_run_oof
llama_3p1_8b_instruct__math_test_00395_71129ef0__temp1.00__seed7,0.08660933889815028,,14,per_run_oof
llama_3p1_8b_instruct__math_test_00396_ba3bcd56__temp0.10__seed7,0.24359534021479132,,14,per_run_oof
llama_3p1_8b_instruct__math_test_00396_ba3bcd56__temp0.60__seed7,0.20328239993878938,0.20833333333333331,14,per_run_oof
llama_3p1_8b_instruct__math_test_00396_ba3bcd56__temp1.00__seed7,0.2328509536028994,0.46153846153846156,14,per_run_oof
llama_3p1_8b_instruct__math_test_00397_92c7504a__temp0.10__seed7,0.10608191949689519,1.0,14,per_run_oof
llama_3p1_8b_instruct__math_test_00397_92c7504a__temp0.60__seed7,0.2092150134100365,0.7916666666666667,14,per_run_oof
llama_3p1_8b_instruct__math_test_00397_92c7504a__temp1.00__seed7,0.08368963554689925,,14,per_run_oof
llama_3p1_8b_instruct__math_test_00398_23079a25__temp0.10__seed7,0.3803364344208769,0.1515151515151515,14,per_run_oof
llama_3p1_8b_instruct__math_test_00398_23079a25__temp0.60__seed7,0.09472693660257447,,14,per_run_oof
llama_3p1_8b_instruct__math_test_00398_23079a25__temp1.00__seed7,0.018997900907564175,,14,per_run_oof
llama_3p1_8b_instruct__math_test_00399_efffa141__temp0.10__seed7,0.12363602450532517,0.975,14,per_run_oof
llama_3p1_8b_instruct__math_test_00399_efffa141__temp0.60__seed7,0.1432303648802225,0.9375,14,per_run_oof
llama_3p1_8b_instruct__math_test_00399_efffa141__temp1.00__seed7,0.2533463949430975,0.673469387755102,14,per_run_oof
llama_3p1_8b_instruct__math_test_00400_8f10146b__temp0.10__seed7,0.3453650352429306,0.15384615384615385,14,per_run_oof
llama_3p1_8b_instruct__math_test_00400_8f10146b__temp0.60__seed7,0.16919789433330604,0.9111111111111111,14,per_run_oof
llama_3p1_8b_instruct__math_test_00400_8f10146b__temp1.00__seed7,0.14583274923067696,0.9791666666666667,14,per_run_oof
llama_3p1_8b_instruct__math_test_00401_62859aeb__temp0.10__seed7,0.16291065824415488,,14,per_run_oof
llama_3p1_8b_instruct__math_test_00401_62859aeb__temp0.60__seed7,0.3255165058603984,,14,per_run_oof
llama_3p1_8b_instruct__math_test_00401_62859aeb__temp1.00__seed7,0.1234458979118674,,14,per_run_oof
llama_3p1_8b_instruct__math_test_00402_d12fb851__temp0.10__seed7,0.34094803114898387,,14,per_run_oof
llama_3p1_8b_instruct__math_test_00402_d12fb851__temp0.60__seed7,0.22589136685530906,,14,per_run_oof
llama_3p1_8b_instruct__math_test_00402_d12fb851__temp1.00__seed7,0.19292502202300343,,14,per_run_oof
llama_3p1_8b_instruct__math_test_00403_11b3b101__temp0.10__seed7,0.2210857443874767,0.3846153846153846,14,per_run_oof
llama_3p1_8b_instruct__math_test_00403_11b3b101__temp0.60__seed7,0.2986218221876835,,14,per_run_oof
llama_3p1_8b_instruct__math_test_00403_11b3b101__temp1.00__seed7,0.2878711473388868,,14,per_run_oof
llama_3p1_8b_instruct__math_test_00404_da55437b__temp0.10__seed7,0.0462334559022332,,14,per_run_oof
llama_3p1_8b_instruct__math_test_00404_da55437b__temp0.60__seed7,0.19640866784294997,0.7000000000000001,14,per_run_oof
llama_3p1_8b_instruct__math_test_00404_da55437b__temp1.00__seed7,0.05124819252423702,,14,per_run_oof
llama_3p1_8b_instruct__math_test_00405_668162f1__temp0.10__seed7,0.39745735236960295,0.07692307692307687,14,per_run_oof
llama_3p1_8b_instruct__math_test_00405_668162f1__temp0.60__seed7,0.32963237445098914,,14,per_run_oof
llama_3p1_8b_instruct__math_test_00405_668162f1__temp1.00__seed7,0.40264153001303793,0.0,14,per_run_oof
llama_3p1_8b_instruct__math_test_00406_895adc35__temp0.10__seed7,0.12185331423657716,,14,per_run_oof
llama_3p1_8b_instruct__math_test_00406_895adc35__temp0.60__seed7,0.1681235185258613,,14,per_run_oof
llama_3p1_8b_instruct__math_test_00406_895adc35__temp1.00__seed7,0.1203595641347357,,14,per_run_oof
llama_3p1_8b_instruct__math_test_00407_21645a77__temp0.10__seed7,0.17772180702723195,0.9583333333333333,14,per_run_oof
llama_3p1_8b_instruct__math_test_00407_21645a77__temp0.60__seed7,0.15449975116394968,0.9,14,per_run_oof
llama_3p1_8b_instruct__math_test_00407_21645a77__temp1.00__seed7,0.16176482506665066,0.9583333333333333,14,per_run_oof
llama_3p1_8b_instruct__math_test_00408_72a21fce__temp0.10__seed7,0.17789073488242832,0.8571428571428572,14,per_run_oof
llama_3p1_8b_instruct__math_test_00408_72a21fce__temp0.60__seed7,0.1973683483907652,0.07692307692307687,14,per_run_oof
llama_3p1_8b_instruct__math_test_00408_72a21fce__temp1.00__seed7,0.1532045278152945,0.3846153846153846,14,per_run_oof
llama_3p1_8b_instruct__math_test_00409_2cbb5151__temp0.10__seed7,0.21897052625403698,,14,per_run_oof
llama_3p1_8b_instruct__math_test_00409_2cbb5151__temp0.60__seed7,0.1581870538338657,,14,per_run_oof
llama_3p1_8b_instruct__math_test_00409_2cbb5151__temp1.00__seed7,0.12057416017224665,,14,per_run_oof
llama_3p1_8b_instruct__math_test_00410_6885282d__temp0.10__seed7,0.17387985605257894,,14,per_run_oof
llama_3p1_8b_instruct__math_test_00410_6885282d__temp0.60__seed7,0.15560390145098266,,14,per_run_oof
llama_3p1_8b_instruct__math_test_00410_6885282d__temp1.00__seed7,0.18482377137839098,,14,per_run_oof
llama_3p1_8b_instruct__math_test_00411_6f5d00d6__temp0.10__seed7,0.09642543388546887,,14,per_run_oof
llama_3p1_8b_instruct__math_test_00411_6f5d00d6__temp0.60__seed7,0.18002281090249442,,14,per_run_oof
llama_3p1_8b_instruct__math_test_00411_6f5d00d6__temp1.00__seed7,0.17373856433510407,,14,per_run_oof
llama_3p1_8b_instruct__math_test_00412_403b3454__temp0.10__seed7,0.08200833998699883,,14,per_run_oof
llama_3p1_8b_instruct__math_test_00412_403b3454__temp0.60__seed7,0.05337596682920041,,14,per_run_oof
llama_3p1_8b_instruct__math_test_00412_403b3454__temp1.00__seed7,0.3180003924031333,,14,per_run_oof
llama_3p1_8b_instruct__math_test_00413_a79cadf3__temp0.10__seed7,0.10980383545071062,0.9696969696969697,14,per_run_oof
llama_3p1_8b_instruct__math_test_00413_a79cadf3__temp0.60__seed7,0.13986652911885916,1.0,14,per_run_oof
llama_3p1_8b_instruct__math_test_00413_a79cadf3__temp1.00__seed7,0.1422584171037782,0.9696969696969697,14,per_run_oof
llama_3p1_8b_instruct__math_test_00414_f8b3d5f2__temp0.10__seed7,0.043272764775683904,,14,per_run_oof
llama_3p1_8b_instruct__math_test_00414_f8b3d5f2__temp0.60__seed7,0.13726255064522738,0.4583333333333333,14,per_run_oof
llama_3p1_8b_instruct__math_test_00414_f8b3d5f2__temp1.00__seed7,0.16516081192950569,,14,per_run_oof
llama_3p1_8b_instruct__math_test_00415_df5709ae__temp0.10__seed7,0.24263513864157824,,14,per_run_oof
llama_3p1_8b_instruct__math_test_00415_df5709ae__temp0.60__seed7,0.08898343545212709,,14,per_run_oof
llama_3p1_8b_instruct__math_test_00415_df5709ae__temp1.00__seed7,0.1446899703958849,,14,per_run_oof
llama_3p1_8b_instruct__math_test_00416_29223b4f__temp0.10__seed7,0.23923010169373635,,14,per_run_oof
llama_3p1_8b_instruct__math_test_00416_29223b4f__temp0.60__seed7,0.13038882812403793,0.975,14,per_run_oof
llama_3p1_8b_instruct__math_test_00416_29223b4f__temp1.00__seed7,0.10868005350526153,1.0,14,per_run_oof
llama_3p1_8b_instruct__math_test_00417_f378f07d__temp0.10__seed7,0.37522834522709003,0.08333333333333337,14,per_run_oof
llama_3p1_8b_instruct__math_test_00417_f378f07d__temp0.60__seed7,0.09387625901312616,1.0,14,per_run_oof
llama_3p1_8b_instruct__math_test_00417_f378f07d__temp1.00__seed7,0.1400643268376351,0.975,14,per_run_oof
llama_3p1_8b_instruct__math_test_00418_452dc872__temp0.10__seed7,0.1702012614735236,0.5757575757575757,14,per_run_oof
llama_3p1_8b_instruct__math_test_00418_452dc872__temp0.60__seed7,0.2703906709619908,0.2916666666666667,14,per_run_oof
llama_3p1_8b_instruct__math_test_00418_452dc872__temp1.00__seed7,0.0795893075946527,,14,per_run_oof
llama_3p1_8b_instruct__math_test_00419_dadaee3f__temp0.10__seed7,0.1213788726516352,,14,per_run_oof
llama_3p1_8b_instruct__math_test_00419_dadaee3f__temp0.60__seed7,0.14290381437568647,0.975,14,per_run_oof
llama_3p1_8b_instruct__math_test_00419_dadaee3f__temp1.00__seed7,0.24662713359010424,0.7291666666666666,14,per_run_oof
llama_3p1_8b_instruct__math_test_00420_ecd5f88d__temp0.10__seed7,0.16725350572817899,,14,per_run_oof
llama_3p1_8b_instruct__math_test_00420_ecd5f88d__temp0.60__seed7,0.1486585875864981,0.6153846153846154,14,per_run_oof
llama_3p1_8b_instruct__math_test_00420_ecd5f88d__temp1.00__seed7,0.2911396634725281,,14,per_run_oof
llama_3p1_8b_instruct__math_test_00421_c2187615__temp0.10__seed7,0.19883537169327023,0.9333333333333333,14,per_run_oof
llama_3p1_8b_instruct__math_test_00421_c2187615__temp0.60__seed7,0.1393917587267683,0.9166666666666666,14,per_run_oof
llama_3p1_8b_instruct__math_test_00421_c2187615__temp1.00__seed7,0.14822477032918827,0.875,14,per_run_oof
llama_3p1_8b_instruct__math_test_00422_fec8190b__temp0.10__seed7,0.23342506343730332,,14,per_run_oof
llama_3p1_8b_instruct__math_test_00422_fec8190b__temp0.60__seed7,0.08490074683715927,,14,per_run_oof
llama_3p1_8b_instruct__math_test_00422_fec8190b__temp1.00__seed7,0.10226514871817242,,14,per_run_oof
llama_3p1_8b_instruct__math_test_00423_19a18675__temp0.10__seed7,0.026390189620964476,,14,per_run_oof
llama_3p1_8b_instruct__math_test_00423_19a18675__temp0.60__seed7,0.1265622999543766,,14,per_run_oof
llama_3p1_8b_instruct__math_test_00423_19a18675__temp1.00__seed7,0.14847394503488762,,14,per_run_oof
llama_3p1_8b_instruct__math_test_00424_4db9759a__temp0.10__seed7,0.047666325748006166,,14,per_run_oof
llama_3p1_8b_instruct__math_test_00424_4db9759a__temp0.60__seed7,0.14632086836092387,0.9183673469387754,14,per_run_oof
llama_3p1_8b_instruct__math_test_00424_4db9759a__temp1.00__seed7,0.32720810385627486,,14,per_run_oof
llama_3p1_8b_instruct__math_test_00425_88cd35aa__temp0.10__seed7,0.37057018697904465,,14,per_run_oof
llama_3p1_8b_instruct__math_test_00425_88cd35aa__temp0.60__seed7,0.19604847845695453,,14,per_run_oof
llama_3p1_8b_instruct__math_test_00425_88cd35aa__temp1.00__seed7,0.22317465054351163,0.20833333333333337,14,per_run_oof
llama_3p1_8b_instruct__math_test_00426_206b8557__temp0.10__seed7,0.4550290350628376,0.15384615384615385,14,per_run_oof
llama_3p1_8b_instruct__math_test_00426_206b8557__temp0.60__seed7,0.4405767106455027,0.07692307692307687,14,per_run_oof
llama_3p1_8b_instruct__math_test_00426_206b8557__temp1.00__seed7,0.3071361721244954,,14,per_run_oof
llama_3p1_8b_instruct__math_test_00427_f158b2bb__temp0.10__seed7,0.2273794792276244,,14,per_run_oof
llama_3p1_8b_instruct__math_test_00427_f158b2bb__temp0.60__seed7,0.30885649062152704,,14,per_run_oof
llama_3p1_8b_instruct__math_test_00427_f158b2bb__temp1.00__seed7,0.11356612161582648,,14,per_run_oof
llama_3p1_8b_instruct__math_test_00428_ecc1932f__temp0.10__seed7,0.09070163237691,,14,per_run_oof
llama_3p1_8b_instruct__math_test_00428_ecc1932f__temp0.60__seed7,0.23618379263506473,,14,per_run_oof
llama_3p1_8b_instruct__math_test_00428_ecc1932f__temp1.00__seed7,0.14224953854596914,,14,per_run_oof
llama_3p1_8b_instruct__math_test_00429_0ed0c936__temp0.10__seed7,0.0897080117711679,1.0,14,per_run_oof
llama_3p1_8b_instruct__math_test_00429_0ed0c936__temp0.60__seed7,0.115700568957677,1.0,14,per_run_oof
llama_3p1_8b_instruct__math_test_00429_0ed0c936__temp1.00__seed7,0.13087368845050174,0.9393939393939393,14,per_run_oof
llama_3p1_8b_instruct__math_test_00430_28f71d47__temp0.10__seed7,0.12134432382848634,1.0,14,per_run_oof
llama_3p1_8b_instruct__math_test_00430_28f71d47__temp0.60__seed7,0.2447025300437767,0.5384615384615384,14,per_run_oof
llama_3p1_8b_instruct__math_test_00430_28f71d47__temp1.00__seed7,0.23028587594510783,0.6969696969696969,14,per_run_oof
llama_3p1_8b_instruct__math_test_00431_a332c76b__temp0.10__seed7,0.18490536723516668,,14,per_run_oof
llama_3p1_8b_instruct__math_test_00431_a332c76b__temp0.60__seed7,0.1816572110253379,,14,per_run_oof
llama_3p1_8b_instruct__math_test_00431_a332c76b__temp1.00__seed7,0.08506576080800544,,14,per_run_oof
llama_3p1_8b_instruct__math_test_00432_f6edb398__temp0.10__seed7,0.2337183046418543,0.9166666666666667,14,per_run_oof
llama_3p1_8b_instruct__math_test_00432_f6edb398__temp0.60__seed7,0.15006839323886872,1.0,14,per_run_oof
llama_3p1_8b_instruct__math_test_00432_f6edb398__temp1.00__seed7,0.30797143297658486,,14,per_run_oof
llama_3p1_8b_instruct__math_test_00433_25f606a1__temp0.10__seed7,0.46585267848353556,,14,per_run_oof
llama_3p1_8b_instruct__math_test_00433_25f606a1__temp0.60__seed7,0.46940316819326633,,14,per_run_oof
llama_3p1_8b_instruct__math_test_00433_25f606a1__temp1.00__seed7,0.3071790518451869,,14,per_run_oof
llama_3p1_8b_instruct__math_test_00434_ad11ec3c__temp0.10__seed7,0.3765676394200443,,14,per_run_oof
llama_3p1_8b_instruct__math_test_00434_ad11ec3c__temp0.60__seed7,0.417481921729484,,14,per_run_oof
llama_3p1_8b_instruct__math_test_00434_ad11ec3c__temp1.00__seed7,0.2822778401758939,,14,per_run_oof
llama_3p1_8b_instruct__math_test_00435_c222bfff__temp0.10__seed7,0.2130350980921409,1.0,14,per_run_oof
llama_3p1_8b_instruct__math_test_00435_c222bfff__temp0.60__seed7,0.11987854528044795,1.0,14,per_run_oof
llama_3p1_8b_instruct__math_test_00435_c222bfff__temp1.00__seed7,0.17972375320224404,0.8222222222222222,14,per_run_oof
llama_3p1_8b_instruct__math_test_00436_c183974b__temp0.10__seed7,0.048809076337913586,,14,per_run_oof
llama_3p1_8b_instruct__math_test_00436_c183974b__temp0.60__seed7,0.1436575771070016,,14,per_run_oof
llama_3p1_8b_instruct__math_test_00436_c183974b__temp1.00__seed7,0.14772255417017646,,14,per_run_oof
llama_3p1_8b_instruct__math_test_00437_07c4cf7f__temp0.10__seed7,0.058404078861141996,1.0,14,per_run_oof
llama_3p1_8b_instruct__math_test_00437_07c4cf7f__temp0.60__seed7,0.08438957148058271,1.0,14,per_run_oof
llama_3p1_8b_instruct__math_test_00437_07c4cf7f__temp1.00__seed7,0.09875547800724507,1.0,14,per_run_oof
llama_3p1_8b_instruct__math_test_00438_ea332f2c__temp0.10__seed7,0.11637232904791243,,14,per_run_oof
llama_3p1_8b_instruct__math_test_00438_ea332f2c__temp0.60__seed7,0.21713837374120384,0.5384615384615384,14,per_run_oof
llama_3p1_8b_instruct__math_test_00438_ea332f2c__temp1.00__seed7,0.2188972086953477,,14,per_run_oof
llama_3p1_8b_instruct__math_test_00439_fe7d8b6b__temp0.10__seed7,0.2258269595115958,,14,per_run_oof
llama_3p1_8b_instruct__math_test_00439_fe7d8b6b__temp0.60__seed7,0.11275312055924255,1.0,14,per_run_oof
llama_3p1_8b_instruct__math_test_00439_fe7d8b6b__temp1.00__seed7,0.2565971116842089,,14,per_run_oof
llama_3p1_8b_instruct__math_test_00440_941bd991__temp0.10__seed7,0.05163116970721227,1.0,14,per_run_oof
llama_3p1_8b_instruct__math_test_00440_941bd991__temp0.60__seed7,0.14795274341723483,,14,per_run_oof
llama_3p1_8b_instruct__math_test_00440_941bd991__temp1.00__seed7,0.1976741137757126,0.606060606060606,14,per_run_oof
llama_3p1_8b_instruct__math_test_00441_d2f5328b__temp0.10__seed7,0.2642276204274651,,14,per_run_oof
llama_3p1_8b_instruct__math_test_00441_d2f5328b__temp0.60__seed7,0.23352045251382902,,14,per_run_oof
llama_3p1_8b_instruct__math_test_00441_d2f5328b__temp1.00__seed7,0.30484983683183975,,14,per_run_oof
llama_3p1_8b_instruct__math_test_00442_2d9f4473__temp0.10__seed7,0.1390917997839169,,14,per_run_oof
llama_3p1_8b_instruct__math_test_00442_2d9f4473__temp0.60__seed7,0.18417193954832717,,14,per_run_oof
llama_3p1_8b_instruct__math_test_00442_2d9f4473__temp1.00__seed7,0.12900913690594124,,14,per_run_oof
llama_3p1_8b_instruct__math_test_00443_e86eb3e6__temp0.10__seed7,0.01638714387900238,,14,per_run_oof
llama_3p1_8b_instruct__math_test_00443_e86eb3e6__temp0.60__seed7,0.24794483439746,,14,per_run_oof
llama_3p1_8b_instruct__math_test_00443_e86eb3e6__temp1.00__seed7,0.07399235083294162,,14,per_run_oof
llama_3p1_8b_instruct__math_test_00444_8230401f__temp0.10__seed7,0.34429867139120773,,14,per_run_oof
llama_3p1_8b_instruct__math_test_00444_8230401f__temp0.60__seed7,0.3695725511155243,,14,per_run_oof
llama_3p1_8b_instruct__math_test_00444_8230401f__temp1.00__seed7,0.2504207881856165,,14,per_run_oof
llama_3p1_8b_instruct__math_test_00445_295567c6__temp0.10__seed7,0.15593949468659157,,14,per_run_oof
llama_3p1_8b_instruct__math_test_00445_295567c6__temp0.60__seed7,0.1363827603838752,,14,per_run_oof
llama_3p1_8b_instruct__math_test_00445_295567c6__temp1.00__seed7,0.23988903740902365,,14,per_run_oof
llama_3p1_8b_instruct__math_test_00446_54f3a4b2__temp0.10__seed7,0.11471490495922619,0.9230769230769231,14,per_run_oof
llama_3p1_8b_instruct__math_test_00446_54f3a4b2__temp0.60__seed7,0.17498321154372212,,14,per_run_oof
llama_3p1_8b_instruct__math_test_00446_54f3a4b2__temp1.00__seed7,0.34136805671114406,,14,per_run_oof
llama_3p1_8b_instruct__math_test_00447_716decc2__temp0.10__seed7,0.3833523733575585,,14,per_run_oof
llama_3p1_8b_instruct__math_test_00447_716decc2__temp0.60__seed7,0.11878664311014679,1.0,14,per_run_oof
llama_3p1_8b_instruct__math_test_00447_716decc2__temp1.00__seed7,0.3693370712561069,,14,per_run_oof
llama_3p1_8b_instruct__math_test_00448_7dbbd02d__temp0.10__seed7,0.37054759616855293,,14,per_run_oof
llama_3p1_8b_instruct__math_test_00448_7dbbd02d__temp0.60__seed7,0.37609082874582933,,14,per_run_oof
llama_3p1_8b_instruct__math_test_00448_7dbbd02d__temp1.00__seed7,0.1660848408874556,,14,per_run_oof
llama_3p1_8b_instruct__math_test_00449_2f12a8b9__temp0.10__seed7,0.1775448841212528,,14,per_run_oof
llama_3p1_8b_instruct__math_test_00449_2f12a8b9__temp0.60__seed7,0.09806565248548525,,14,per_run_oof
llama_3p1_8b_instruct__math_test_00449_2f12a8b9__temp1.00__seed7,0.16296637641163286,,14,per_run_oof
llama_3p1_8b_instruct__math_test_00450_2fb65375__temp0.10__seed7,0.15259956505625327,0.8484848484848484,14,per_run_oof
llama_3p1_8b_instruct__math_test_00450_2fb65375__temp0.60__seed7,0.31214612276416354,,14,per_run_oof
llama_3p1_8b_instruct__math_test_00450_2fb65375__temp1.00__seed7,0.2769078507345608,,14,per_run_oof
llama_3p1_8b_instruct__math_test_00451_daefed59__temp0.10__seed7,0.4585872308331507,0.020408163265306128,14,per_run_oof
llama_3p1_8b_instruct__math_test_00451_daefed59__temp0.60__seed7,0.17670233554813639,0.7916666666666667,14,per_run_oof
llama_3p1_8b_instruct__math_test_00451_daefed59__temp1.00__seed7,0.1451911860750326,0.9375,14,per_run_oof
llama_3p1_8b_instruct__math_test_00452_0a6f0014__temp0.10__seed7,0.26639021825922865,,14,per_run_oof
llama_3p1_8b_instruct__math_test_00452_0a6f0014__temp0.60__seed7,0.31006436754397476,,14,per_run_oof
llama_3p1_8b_instruct__math_test_00452_0a6f0014__temp1.00__seed7,0.10430068261166563,1.0,14,per_run_oof
llama_3p1_8b_instruct__math_test_00453_e4690c39__temp0.10__seed7,0.22562906821568338,0.0,14,per_run_oof
llama_3p1_8b_instruct__math_test_00453_e4690c39__temp0.60__seed7,0.2775856421199266,0.6666666666666666,14,per_run_oof
llama_3p1_8b_instruct__math_test_00453_e4690c39__temp1.00__seed7,0.08287056667938107,,14,per_run_oof
llama_3p1_8b_instruct__math_test_00454_393f3656__temp0.10__seed7,0.14505036925104942,0.9500000000000001,14,per_run_oof
llama_3p1_8b_instruct__math_test_00454_393f3656__temp0.60__seed7,0.36605385277531566,,14,per_run_oof
llama_3p1_8b_instruct__math_test_00454_393f3656__temp1.00__seed7,0.2567046574227006,,14,per_run_oof
llama_3p1_8b_instruct__math_test_00455_23844847__temp0.10__seed7,0.19221836551614438,,14,per_run_oof
llama_3p1_8b_instruct__math_test_00455_23844847__temp0.60__seed7,0.32848814977693463,,14,per_run_oof
llama_3p1_8b_instruct__math_test_00455_23844847__temp1.00__seed7,0.3573261708358228,,14,per_run_oof
llama_3p1_8b_instruct__math_test_00456_e4200fbf__temp0.10__seed7,0.14373802744404204,,14,per_run_oof
llama_3p1_8b_instruct__math_test_00456_e4200fbf__temp0.60__seed7,0.14159108539521642,,14,per_run_oof
llama_3p1_8b_instruct__math_test_00456_e4200fbf__temp1.00__seed7,0.14219136429878088,,14,per_run_oof
llama_3p1_8b_instruct__math_test_00457_5330f4b3__temp0.10__seed7,0.2574241902883725,,14,per_run_oof
llama_3p1_8b_instruct__math_test_00457_5330f4b3__temp0.60__seed7,0.1420251076903119,0.888888888888889,14,per_run_oof
llama_3p1_8b_instruct__math_test_00457_5330f4b3__temp1.00__seed7,0.21257843904658655,,14,per_run_oof
llama_3p1_8b_instruct__math_test_00458_4085c1eb__temp0.10__seed7,0.25512407628744405,,14,per_run_oof
llama_3p1_8b_instruct__math_test_00458_4085c1eb__temp0.60__seed7,0.27669151415795395,,14,per_run_oof
llama_3p1_8b_instruct__math_test_00458_4085c1eb__temp1.00__seed7,0.2809153514112878,,14,per_run_oof
llama_3p1_8b_instruct__math_test_00459_3b21e715__temp0.10__seed7,0.09354171260607833,,14,per_run_oof
llama_3p1_8b_instruct__math_test_00459_3b21e715__temp0.60__seed7,0.23596343235184566,0.5384615384615384,14,per_run_oof
llama_3p1_8b_instruct__math_test_00459_3b21e715__temp1.00__seed7,0.1304341891357844,,14,per_run_oof
llama_3p1_8b_instruct__math_test_00460_7d063370__temp0.10__seed7,0.15689031118368413,,14,per_run_oof
llama_3p1_8b_instruct__math_test_00460_7d063370__temp0.60__seed7,0.1638815414895322,,14,per_run_oof
llama_3p1_8b_instruct__math_test_00460_7d063370__temp1.00__seed7,0.06613187737870686,,14,per_run_oof
llama_3p1_8b_instruct__math_test_00461_5e43f1cd__temp0.10__seed7,0.3883999660709464,,14,per_run_oof
llama_3p1_8b_instruct__math_test_00461_5e43f1cd__temp0.60__seed7,0.1853202923897707,0.5833333333333334,14,per_run_oof
llama_3p1_8b_instruct__math_test_00461_5e43f1cd__temp1.00__seed7,0.166992775372421,0.7777777777777778,14,per_run_oof
llama_3p1_8b_instruct__math_test_00462_dd3cfaa0__temp0.10__seed7,0.09124199876738345,,14,per_run_oof
llama_3p1_8b_instruct__math_test_00462_dd3cfaa0__temp0.60__seed7,0.13216025109644222,0.6153846153846154,14,per_run_oof
llama_3p1_8b_instruct__math_test_00462_dd3cfaa0__temp1.00__seed7,0.28877481009177025,0.3846153846153846,14,per_run_oof
llama_3p1_8b_instruct__math_test_00463_bc52d545__temp0.10__seed7,0.2453778233942095,0.5416666666666667,14,per_run_oof
llama_3p1_8b_instruct__math_test_00463_bc52d545__temp0.60__seed7,0.034379765864107105,,14,per_run_oof
llama_3p1_8b_instruct__math_test_00463_bc52d545__temp1.00__seed7,0.02290592171825074,,14,per_run_oof
llama_3p1_8b_instruct__math_test_00464_979fe366__temp0.10__seed7,0.308261886340167,,14,per_run_oof
llama_3p1_8b_instruct__math_test_00464_979fe366__temp0.60__seed7,0.2171272378810272,,14,per_run_oof
llama_3p1_8b_instruct__math_test_00464_979fe366__temp1.00__seed7,0.10870697098552122,,14,per_run_oof
llama_3p1_8b_instruct__math_test_00465_240ca4d8__temp0.10__seed7,0.25343214617041343,0.07692307692307687,14,per_run_oof
llama_3p1_8b_instruct__math_test_00465_240ca4d8__temp0.60__seed7,0.09439451410084984,0.9777777777777777,14,per_run_oof
llama_3p1_8b_instruct__math_test_00465_240ca4d8__temp1.00__seed7,0.2231837233121905,,14,per_run_oof
llama_3p1_8b_instruct__math_test_00466_b3ac660a__temp0.10__seed7,0.4012224329556789,0.07692307692307687,14,per_run_oof
llama_3p1_8b_instruct__math_test_00466_b3ac660a__temp0.60__seed7,0.2007295142928411,,14,per_run_oof
llama_3p1_8b_instruct__math_test_00466_b3ac660a__temp1.00__seed7,0.3118201420629994,,14,per_run_oof
llama_3p1_8b_instruct__math_test_00467_eaadd0bc__temp0.10__seed7,0.3852006106235953,,14,per_run_oof
llama_3p1_8b_instruct__math_test_00467_eaadd0bc__temp0.60__seed7,0.1414049670161216,0.75,14,per_run_oof
llama_3p1_8b_instruct__math_test_00467_eaadd0bc__temp1.00__seed7,0.16611568738299984,0.9777777777777779,14,per_run_oof
llama_3p1_8b_instruct__math_test_00468_67c8ff7f__temp0.10__seed7,0.3762617526059972,0.25,14,per_run_oof
llama_3p1_8b_instruct__math_test_00468_67c8ff7f__temp0.60__seed7,0.29313295499735037,0.2916666666666667,14,per_run_oof
llama_3p1_8b_instruct__math_test_00468_67c8ff7f__temp1.00__seed7,0.26739695131048663,,14,per_run_oof
llama_3p1_8b_instruct__math_test_00469_bfdb0295__temp0.10__seed7,0.2798479817745115,,14,per_run_oof
llama_3p1_8b_instruct__math_test_00469_bfdb0295__temp0.60__seed7,0.2365789474243972,,14,per_run_oof
llama_3p1_8b_instruct__math_test_00469_bfdb0295__temp1.00__seed7,0.11506242292860915,,14,per_run_oof
llama_3p1_8b_instruct__math_test_00470_5db3c51e__temp0.10__seed7,0.3059212614957623,0.4,14,per_run_oof
llama_3p1_8b_instruct__math_test_00470_5db3c51e__temp0.60__seed7,0.33745001070269304,0.25,14,per_run_oof
llama_3p1_8b_instruct__math_test_00470_5db3c51e__temp1.00__seed7,0.18849518603106913,0.07692307692307687,14,per_run_oof
llama_3p1_8b_instruct__math_test_00471_3d41e63d__temp0.10__seed7,0.1871018052109361,,14,per_run_oof
llama_3p1_8b_instruct__math_test_00471_3d41e63d__temp0.60__seed7,0.17690088203722382,,14,per_run_oof
llama_3p1_8b_instruct__math_test_00471_3d41e63d__temp1.00__seed7,0.09766762587418927,,14,per_run_oof
llama_3p1_8b_instruct__math_test_00472_4acb3f94__temp0.10__seed7,0.21957952032103328,,14,per_run_oof
llama_3p1_8b_instruct__math_test_00472_4acb3f94__temp0.60__seed7,0.10509379738888755,,14,per_run_oof
llama_3p1_8b_instruct__math_test_00472_4acb3f94__temp1.00__seed7,0.03792898696085982,,14,per_run_oof
llama_3p1_8b_instruct__math_test_00473_e294330c__temp0.10__seed7,0.3738611910552917,,14,per_run_oof
llama_3p1_8b_instruct__math_test_00473_e294330c__temp0.60__seed7,0.2915171668116426,,14,per_run_oof
llama_3p1_8b_instruct__math_test_00473_e294330c__temp1.00__seed7,0.04831001708072483,,14,per_run_oof
llama_3p1_8b_instruct__math_test_00474_e8b47eda__temp0.10__seed7,0.1184974501490667,1.0,14,per_run_oof
llama_3p1_8b_instruct__math_test_00474_e8b47eda__temp0.60__seed7,0.16074834211711114,0.7500000000000001,14,per_run_oof
llama_3p1_8b_instruct__math_test_00474_e8b47eda__temp1.00__seed7,0.15221832088461404,,14,per_run_oof
llama_3p1_8b_instruct__math_test_00475_f189eb4d__temp0.10__seed7,0.120666823091454,1.0,14,per_run_oof
llama_3p1_8b_instruct__math_test_00475_f189eb4d__temp0.60__seed7,0.1341634639534867,,14,per_run_oof
llama_3p1_8b_instruct__math_test_00475_f189eb4d__temp1.00__seed7,0.08694191788927609,1.0,14,per_run_oof
llama_3p1_8b_instruct__math_test_00476_1c3d9d93__temp0.10__seed7,0.39491833040866825,0.07692307692307687,14,per_run_oof
llama_3p1_8b_instruct__math_test_00476_1c3d9d93__temp0.60__seed7,0.34286351906938306,0.3076923076923077,14,per_run_oof
llama_3p1_8b_instruct__math_test_00476_1c3d9d93__temp1.00__seed7,0.22286834640401795,0.7291666666666667,14,per_run_oof
llama_3p1_8b_instruct__math_test_00477_9c19e671__temp0.10__seed7,0.33880238871208646,,14,per_run_oof
llama_3p1_8b_instruct__math_test_00477_9c19e671__temp0.60__seed7,0.32114021447906144,,14,per_run_oof
llama_3p1_8b_instruct__math_test_00477_9c19e671__temp1.00__seed7,0.11255072762958715,1.0,14,per_run_oof
llama_3p1_8b_instruct__math_test_00478_bde3ec32__temp0.10__seed7,0.221544910248968,,14,per_run_oof
llama_3p1_8b_instruct__math_test_00478_bde3ec32__temp0.60__seed7,0.2444202555712611,,14,per_run_oof
llama_3p1_8b_instruct__math_test_00478_bde3ec32__temp1.00__seed7,0.11261502026638463,,14,per_run_oof
llama_3p1_8b_instruct__math_test_00479_aea5556d__temp0.10__seed7,0.20863431283069198,,14,per_run_oof
llama_3p1_8b_instruct__math_test_00479_aea5556d__temp0.60__seed7,0.2025123296526215,0.7916666666666667,14,per_run_oof
llama_3p1_8b_instruct__math_test_00479_aea5556d__temp1.00__seed7,0.06610632933134017,,14,per_run_oof
llama_3p1_8b_instruct__math_test_00480_fb9447b2__temp0.10__seed7,0.21463061161467575,,14,per_run_oof
llama_3p1_8b_instruct__math_test_00480_fb9447b2__temp0.60__seed7,0.15539620934045173,,14,per_run_oof
llama_3p1_8b_instruct__math_test_00480_fb9447b2__temp1.00__seed7,0.20355770233813072,,14,per_run_oof
llama_3p1_8b_instruct__math_test_00481_47b01624__temp0.10__seed7,0.12793930871699058,0.9555555555555555,14,per_run_oof
llama_3p1_8b_instruct__math_test_00481_47b01624__temp0.60__seed7,0.15588696978857738,0.825,14,per_run_oof
llama_3p1_8b_instruct__math_test_00481_47b01624__temp1.00__seed7,0.07390443850411736,,14,per_run_oof
llama_3p1_8b_instruct__math_test_00482_84ec0b89__temp0.10__seed7,0.11865220587995005,,14,per_run_oof
llama_3p1_8b_instruct__math_test_00482_84ec0b89__temp0.60__seed7,0.11107623488040518,,14,per_run_oof
llama_3p1_8b_instruct__math_test_00482_84ec0b89__temp1.00__seed7,0.1254815032261794,,14,per_run_oof
llama_3p1_8b_instruct__math_test_00483_053f5644__temp0.10__seed7,0.23042056310677758,,14,per_run_oof
llama_3p1_8b_instruct__math_test_00483_053f5644__temp0.60__seed7,0.19252308671703475,0.8125,14,per_run_oof
llama_3p1_8b_instruct__math_test_00483_053f5644__temp1.00__seed7,0.20772101781376587,0.7142857142857142,14,per_run_oof
llama_3p1_8b_instruct__math_test_00484_f2cd6be7__temp0.10__seed7,0.354478614210691,,14,per_run_oof
llama_3p1_8b_instruct__math_test_00484_f2cd6be7__temp0.60__seed7,0.3817925486896471,,14,per_run_oof
llama_3p1_8b_instruct__math_test_00484_f2cd6be7__temp1.00__seed7,0.24879785267487212,,14,per_run_oof
llama_3p1_8b_instruct__math_test_00485_25a9bc12__temp0.10__seed7,0.10074690373579889,,14,per_run_oof
llama_3p1_8b_instruct__math_test_00485_25a9bc12__temp0.60__seed7,0.22214504541626204,0.673469387755102,14,per_run_oof
llama_3p1_8b_instruct__math_test_00485_25a9bc12__temp1.00__seed7,0.12422851077256038,,14,per_run_oof
llama_3p1_8b_instruct__math_test_00486_11e9a1ba__temp0.10__seed7,0.28969030755842307,,14,per_run_oof
llama_3p1_8b_instruct__math_test_00486_11e9a1ba__temp0.60__seed7,0.18482662310304612,,14,per_run_oof
llama_3p1_8b_instruct__math_test_00486_11e9a1ba__temp1.00__seed7,0.1553124770449578,,14,per_run_oof
llama_3p1_8b_instruct__math_test_00487_f5dafb4d__temp0.10__seed7,0.22326595755029746,0.7916666666666666,14,per_run_oof
llama_3p1_8b_instruct__math_test_00487_f5dafb4d__temp0.60__seed7,0.15445480569920303,1.0,14,per_run_oof
llama_3p1_8b_instruct__math_test_00487_f5dafb4d__temp1.00__seed7,0.13151672226220953,0.875,14,per_run_oof
llama_3p1_8b_instruct__math_test_00488_9e69b5fd__temp0.10__seed7,0.2624203993645856,,14,per_run_oof
llama_3p1_8b_instruct__math_test_00488_9e69b5fd__temp0.60__seed7,0.17159081892234043,,14,per_run_oof
llama_3p1_8b_instruct__math_test_00488_9e69b5fd__temp1.00__seed7,0.13952600065553397,,14,per_run_oof
llama_3p1_8b_instruct__math_test_00489_873b5ba3__temp0.10__seed7,0.22599811694227231,,14,per_run_oof
llama_3p1_8b_instruct__math_test_00489_873b5ba3__temp0.60__seed7,0.09013064697844046,1.0,14,per_run_oof
llama_3p1_8b_instruct__math_test_00489_873b5ba3__temp1.00__seed7,0.2643554937215899,0.41666666666666663,14,per_run_oof
llama_3p1_8b_instruct__math_test_00490_548caf2b__temp0.10__seed7,0.2209599417665459,,14,per_run_oof
llama_3p1_8b_instruct__math_test_00490_548caf2b__temp0.60__seed7,0.0682255547929563,,14,per_run_oof
llama_3p1_8b_instruct__math_test_00490_548caf2b__temp1.00__seed7,0.10153502191312683,,14,per_run_oof
llama_3p1_8b_instruct__math_test_00491_323b91c4__temp0.10__seed7,0.15053347785673496,,14,per_run_oof
llama_3p1_8b_instruct__math_test_00491_323b91c4__temp0.60__seed7,0.12611681849771036,,14,per_run_oof
llama_3p1_8b_instruct__math_test_00491_323b91c4__temp1.00__seed7,0.22685893547199815,,14,per_run_oof
llama_3p1_8b_instruct__math_test_00492_c9945122__temp0.10__seed7,0.22608914221370718,,14,per_run_oof
llama_3p1_8b_instruct__math_test_00492_c9945122__temp0.60__seed7,0.2691320630821303,,14,per_run_oof
llama_3p1_8b_instruct__math_test_00492_c9945122__temp1.00__seed7,0.14116500458381712,,14,per_run_oof
llama_3p1_8b_instruct__math_test_00493_3f0c6e0c__temp0.10__seed7,0.14664898786521907,,14,per_run_oof
llama_3p1_8b_instruct__math_test_00493_3f0c6e0c__temp0.60__seed7,0.13289244746621004,1.0,14,per_run_oof
llama_3p1_8b_instruct__math_test_00493_3f0c6e0c__temp1.00__seed7,0.13884178639154268,0.9387755102040817,14,per_run_oof
llama_3p1_8b_instruct__math_test_00494_b8d8e1ef__temp0.10__seed7,0.14172626046584771,1.0,14,per_run_oof
llama_3p1_8b_instruct__math_test_00494_b8d8e1ef__temp0.60__seed7,0.25569745474535616,,14,per_run_oof
llama_3p1_8b_instruct__math_test_00494_b8d8e1ef__temp1.00__seed7,0.22939949568615242,,14,per_run_oof
llama_3p1_8b_instruct__math_test_00495_63ae400e__temp0.10__seed7,0.13344568751115773,0.9591836734693878,14,per_run_oof
llama_3p1_8b_instruct__math_test_00495_63ae400e__temp0.60__seed7,0.2464612980962327,,14,per_run_oof
llama_3p1_8b_instruct__math_test_00495_63ae400e__temp1.00__seed7,0.20969585277330674,,14,per_run_oof
llama_3p1_8b_instruct__math_test_00496_401665a3__temp0.10__seed7,0.2635609703640188,,14,per_run_oof
llama_3p1_8b_instruct__math_test_00496_401665a3__temp0.60__seed7,0.22865145252208177,,14,per_run_oof
llama_3p1_8b_instruct__math_test_00496_401665a3__temp1.00__seed7,0.2828620801821503,,14,per_run_oof
llama_3p1_8b_instruct__math_test_00497_8d507426__temp0.10__seed7,0.22698676303548626,,14,per_run_oof
llama_3p1_8b_instruct__math_test_00497_8d507426__temp0.60__seed7,0.3334524240481969,0.15384615384615385,14,per_run_oof
llama_3p1_8b_instruct__math_test_00497_8d507426__temp1.00__seed7,0.27286707041657765,,14,per_run_oof
llama_3p1_8b_instruct__math_test_00498_743e3572__temp0.10__seed7,0.18894537829196242,0.7959183673469388,14,per_run_oof
llama_3p1_8b_instruct__math_test_00498_743e3572__temp0.60__seed7,0.2510906245897181,,14,per_run_oof
llama_3p1_8b_instruct__math_test_00498_743e3572__temp1.00__seed7,0.11681741601224739,,14,per_run_oof
llama_3p1_8b_instruct__math_test_00499_c3a514a9__temp0.10__seed7,0.21791552572037265,0.6888888888888889,14,per_run_oof
llama_3p1_8b_instruct__math_test_00499_c3a514a9__temp0.60__seed7,0.18130886246705888,0.7333333333333333,14,per_run_oof
llama_3p1_8b_instruct__math_test_00499_c3a514a9__temp1.00__seed7,0.17936520791013058,0.675,14,per_run_oof
__pooled__,0.21087413582487585,0.7496393515428994,21000,pooled_oof
